host=pax106 source_commit=bfe62cd11073ff3099ef09518be41b6637a99c47
NVIDIA A100 80GB PCIe, GPU-9732c808-acc9-5c43-f0ce-4a81a2bf1719, 81920 MiB
10.235.106.26:/projects/paralab  4.6T  4.2T  384G  92% /cluster/tufts/paralab
jax_backend=gpu
jax_backend=gpu
DATA 16s fit=(112, 51, 16129) ref=(32, 6, 129, 129)
POD-LSPG zero 8 0.5494900288613139
POD-LSPG zero 16 0.40846123974038806
POD-LSPG zero 32 0.2335467296730199
POD-LSPG zero 64 0.1226660504275968
POD-LSPG zero 128 0.035727056240022106
POD-LSPG ic 8 1.0034797063438154
POD-LSPG ic 16 0.6679418460218656
POD-LSPG ic 32 0.45934475360142923
POD-LSPG ic 64 0.336698558777912
POD-LSPG ic 128 0.10732955675370867
ARM kim_K16_base: n=16129 K=16 M1=32258 M2=161380 nnz=5133340 micro=240 weights+adam~8.4GB
kim_K16_base ep=0 lr=1.0e-03 train=1.3541e-02 val=5.3264e-03 best=5.3264e-03 t=0s
kim_K16_base ep=5 lr=1.0e-03 train=5.1740e-04 val=4.7575e-04 best=4.7575e-04 t=7s
kim_K16_base ep=10 lr=1.0e-03 train=2.6309e-04 val=2.6093e-04 best=2.6093e-04 t=14s
kim_K16_base ep=25 lr=1.0e-03 train=1.4295e-04 val=1.4333e-04 best=1.4333e-04 t=34s
kim_K16_base ep=40 lr=1.0e-04 train=4.7501e-05 val=4.9728e-05 best=4.9728e-05 t=55s
kim_K16_base ep=45 lr=1.0e-04 train=4.1661e-05 val=4.5209e-05 best=4.5209e-05 t=62s
kim_K16_base ep=50 lr=1.0e-04 train=3.9778e-05 val=4.3355e-05 best=4.3355e-05 t=69s
kim_K16_base ep=55 lr=1.0e-04 train=3.8318e-05 val=4.1927e-05 best=4.1927e-05 t=75s
kim_K16_base ep=60 lr=1.0e-04 train=3.7094e-05 val=4.0591e-05 best=4.0591e-05 t=82s
kim_K16_base ep=65 lr=1.0e-04 train=3.6032e-05 val=3.9363e-05 best=3.9363e-05 t=89s
kim_K16_base ep=70 lr=1.0e-04 train=3.5026e-05 val=3.8404e-05 best=3.8404e-05 t=96s
kim_K16_base ep=75 lr=1.0e-04 train=3.3990e-05 val=3.7108e-05 best=3.7108e-05 t=103s
kim_K16_base ep=80 lr=1.0e-04 train=3.2995e-05 val=3.6277e-05 best=3.6277e-05 t=110s
kim_K16_base ep=90 lr=1.0e-04 train=3.1176e-05 val=3.4312e-05 best=3.4312e-05 t=124s
kim_K16_base ep=95 lr=1.0e-04 train=3.0238e-05 val=3.3398e-05 best=3.3398e-05 t=131s
kim_K16_base ep=100 lr=1.0e-04 train=2.9395e-05 val=3.2334e-05 best=3.2334e-05 t=138s
kim_K16_base ep=105 lr=1.0e-04 train=2.8627e-05 val=3.1438e-05 best=3.1438e-05 t=145s
kim_K16_base ep=110 lr=1.0e-04 train=2.7796e-05 val=3.0459e-05 best=3.0459e-05 t=151s
kim_K16_base ep=115 lr=1.0e-04 train=2.6995e-05 val=2.9937e-05 best=2.9937e-05 t=158s
kim_K16_base ep=120 lr=1.0e-04 train=2.6229e-05 val=2.8866e-05 best=2.8866e-05 t=165s
kim_K16_base ep=125 lr=1.0e-04 train=2.5496e-05 val=2.8004e-05 best=2.8004e-05 t=172s
kim_K16_base ep=130 lr=1.0e-04 train=2.4766e-05 val=2.7293e-05 best=2.7293e-05 t=179s
kim_K16_base ep=135 lr=1.0e-04 train=2.4100e-05 val=2.6653e-05 best=2.6653e-05 t=186s
kim_K16_base ep=140 lr=1.0e-04 train=2.3356e-05 val=2.5632e-05 best=2.5632e-05 t=193s
kim_K16_base ep=145 lr=1.0e-04 train=2.2609e-05 val=2.4887e-05 best=2.4887e-05 t=200s
kim_K16_base ep=150 lr=1.0e-04 train=2.2043e-05 val=2.4677e-05 best=2.4677e-05 t=207s
kim_K16_base ep=155 lr=1.0e-04 train=2.1497e-05 val=2.3909e-05 best=2.3909e-05 t=214s
kim_K16_base ep=160 lr=1.0e-04 train=2.0819e-05 val=2.3090e-05 best=2.3090e-05 t=221s
kim_K16_base ep=170 lr=1.0e-04 train=1.9664e-05 val=2.2049e-05 best=2.2049e-05 t=234s
kim_K16_base ep=175 lr=1.0e-04 train=1.9223e-05 val=2.1359e-05 best=2.1359e-05 t=241s
kim_K16_base ep=185 lr=1.0e-04 train=1.8266e-05 val=2.0253e-05 best=2.0253e-05 t=255s
kim_K16_base ep=190 lr=1.0e-04 train=1.7775e-05 val=1.9644e-05 best=1.9644e-05 t=262s
kim_K16_base ep=195 lr=1.0e-04 train=1.7356e-05 val=1.9281e-05 best=1.9281e-05 t=269s
kim_K16_base ep=200 lr=1.0e-04 train=1.6964e-05 val=1.9309e-05 best=1.8720e-05 t=276s
kim_K16_base ep=205 lr=1.0e-04 train=1.6600e-05 val=1.8383e-05 best=1.8383e-05 t=283s
kim_K16_base ep=210 lr=1.0e-04 train=1.6096e-05 val=1.7990e-05 best=1.7990e-05 t=290s
kim_K16_base ep=215 lr=1.0e-04 train=1.5645e-05 val=1.7527e-05 best=1.7527e-05 t=297s
kim_K16_base ep=220 lr=1.0e-04 train=1.5462e-05 val=1.7258e-05 best=1.7258e-05 t=304s
kim_K16_base ep=225 lr=1.0e-04 train=1.5214e-05 val=1.6952e-05 best=1.6952e-05 t=311s
kim_K16_base ep=230 lr=1.0e-04 train=1.4764e-05 val=1.6532e-05 best=1.6532e-05 t=318s
kim_K16_base ep=235 lr=1.0e-04 train=1.4502e-05 val=1.6340e-05 best=1.6340e-05 t=324s
kim_K16_base ep=245 lr=1.0e-04 train=1.3977e-05 val=1.5785e-05 best=1.5785e-05 t=338s
kim_K16_base ep=250 lr=1.0e-04 train=1.4639e-05 val=1.5997e-05 best=1.5405e-05 t=345s
kim_K16_base ep=255 lr=1.0e-04 train=1.3344e-05 val=1.5054e-05 best=1.5054e-05 t=352s
kim_K16_base ep=260 lr=1.0e-04 train=1.3289e-05 val=1.5032e-05 best=1.5032e-05 t=359s
kim_K16_base ep=265 lr=1.0e-04 train=1.3190e-05 val=1.4545e-05 best=1.4545e-05 t=366s
kim_K16_base ep=275 lr=1.0e-04 train=1.2397e-05 val=1.4102e-05 best=1.4102e-05 t=380s
kim_K16_base ep=290 lr=1.0e-04 train=1.1908e-05 val=1.3329e-05 best=1.3329e-05 t=401s
kim_K16_base ep=300 lr=1.0e-04 train=1.1775e-05 val=1.2934e-05 best=1.2934e-05 t=414s
kim_K16_base ep=305 lr=1.0e-04 train=1.1589e-05 val=1.2695e-05 best=1.2695e-05 t=421s
kim_K16_base ep=320 lr=1.0e-04 train=1.0686e-05 val=1.1743e-05 best=1.1743e-05 t=442s
kim_K16_base ep=325 lr=1.0e-04 train=1.0887e-05 val=1.1689e-05 best=1.1689e-05 t=449s
kim_K16_base ep=335 lr=1.0e-05 train=8.1612e-06 val=9.4890e-06 best=9.4890e-06 t=463s
kim_K16_base ep=340 lr=1.0e-05 train=8.1218e-06 val=9.4669e-06 best=9.4669e-06 t=470s
kim_K16_base ep=350 lr=1.0e-05 train=8.0895e-06 val=9.4385e-06 best=9.4370e-06 t=484s
kim_K16_base ep=360 lr=1.0e-05 train=8.0594e-06 val=9.4141e-06 best=9.4141e-06 t=498s
kim_K16_base ep=370 lr=1.0e-05 train=8.0210e-06 val=9.3638e-06 best=9.3638e-06 t=511s
kim_K16_base ep=375 lr=1.0e-05 train=8.0133e-06 val=9.3353e-06 best=9.3353e-06 t=518s
kim_K16_base ep=390 lr=1.0e-05 train=7.9643e-06 val=9.2838e-06 best=9.2838e-06 t=539s
kim_K16_base ep=395 lr=1.0e-05 train=7.9525e-06 val=9.2749e-06 best=9.2749e-06 t=546s
kim_K16_base ep=400 lr=1.0e-05 train=7.9343e-06 val=9.2518e-06 best=9.2518e-06 t=553s
kim_K16_base ep=410 lr=1.0e-05 train=7.9030e-06 val=9.2054e-06 best=9.2054e-06 t=567s
kim_K16_base ep=425 lr=1.0e-05 train=7.8439e-06 val=9.1559e-06 best=9.1538e-06 t=588s
kim_K16_base ep=440 lr=1.0e-05 train=7.7812e-06 val=9.0619e-06 best=9.0619e-06 t=608s
kim_K16_base ep=450 lr=1.0e-05 train=7.7675e-06 val=9.0595e-06 best=9.0483e-06 t=622s
kim_K16_base ep=460 lr=1.0e-05 train=7.7044e-06 val=8.9824e-06 best=8.9824e-06 t=636s
kim_K16_base ep=470 lr=1.0e-05 train=7.6596e-06 val=8.9300e-06 best=8.9300e-06 t=650s
kim_K16_base ep=475 lr=1.0e-05 train=7.6448e-06 val=8.9401e-06 best=8.8982e-06 t=657s
kim_K16_base ep=500 lr=1.0e-05 train=7.5298e-06 val=8.7785e-06 best=8.7785e-06 t=691s
kim_K16_base ep=505 lr=1.0e-05 train=7.5000e-06 val=8.7189e-06 best=8.7189e-06 t=698s
kim_K16_base ep=520 lr=1.0e-05 train=7.4624e-06 val=8.6761e-06 best=8.6761e-06 t=719s
kim_K16_base ep=525 lr=1.0e-05 train=7.4368e-06 val=8.6745e-06 best=8.6745e-06 t=726s
kim_K16_base ep=530 lr=1.0e-05 train=7.3999e-06 val=8.6316e-06 best=8.6316e-06 t=733s
kim_K16_base ep=550 lr=1.0e-05 train=7.3026e-06 val=8.5576e-06 best=8.5493e-06 t=761s
kim_K16_base ep=555 lr=1.0e-05 train=7.2827e-06 val=8.5103e-06 best=8.5103e-06 t=768s
kim_K16_base ep=570 lr=1.0e-05 train=7.2280e-06 val=8.4253e-06 best=8.4253e-06 t=788s
kim_K16_base ep=575 lr=1.0e-05 train=7.1791e-06 val=8.4338e-06 best=8.4094e-06 t=795s
kim_K16_base ep=585 lr=1.0e-05 train=7.1526e-06 val=8.3565e-06 best=8.3565e-06 t=809s
kim_K16_base ep=600 lr=1.0e-05 train=7.0832e-06 val=8.3058e-06 best=8.2965e-06 t=830s
kim_K16_base ep=610 lr=1.0e-05 train=7.0563e-06 val=8.2215e-06 best=8.2215e-06 t=844s
kim_K16_base ep=615 lr=1.0e-05 train=7.0071e-06 val=8.1953e-06 best=8.1953e-06 t=851s
kim_K16_base ep=625 lr=1.0e-05 train=6.9913e-06 val=8.1929e-06 best=8.1729e-06 t=865s
kim_K16_base ep=630 lr=1.0e-05 train=6.9647e-06 val=8.1264e-06 best=8.1264e-06 t=872s
kim_K16_base ep=635 lr=1.0e-05 train=6.9389e-06 val=8.1103e-06 best=8.1103e-06 t=879s
kim_K16_base ep=640 lr=1.0e-05 train=6.9149e-06 val=8.0943e-06 best=8.0943e-06 t=885s
kim_K16_base ep=645 lr=1.0e-05 train=6.8991e-06 val=8.0644e-06 best=8.0644e-06 t=892s
kim_K16_base ep=650 lr=1.0e-05 train=6.8849e-06 val=8.0561e-06 best=8.0561e-06 t=899s
kim_K16_base ep=655 lr=1.0e-05 train=6.8697e-06 val=8.0271e-06 best=8.0271e-06 t=906s
kim_K16_base ep=670 lr=1.0e-05 train=6.8084e-06 val=7.9506e-06 best=7.9506e-06 t=927s
kim_K16_base ep=675 lr=1.0e-05 train=6.7711e-06 val=7.9136e-06 best=7.9136e-06 t=934s
kim_K16_base ep=690 lr=1.0e-05 train=6.7360e-06 val=7.8727e-06 best=7.8727e-06 t=955s
kim_K16_base ep=700 lr=1.0e-05 train=6.6838e-06 val=7.8187e-06 best=7.8187e-06 t=969s
kim_K16_base ep=720 lr=1.0e-05 train=6.6164e-06 val=7.7371e-06 best=7.7371e-06 t=996s
kim_K16_base ep=725 lr=1.0e-05 train=6.5910e-06 val=7.7300e-06 best=7.7229e-06 t=1003s
kim_K16_base ep=730 lr=1.0e-05 train=6.5753e-06 val=7.6839e-06 best=7.6839e-06 t=1010s
kim_K16_base ep=745 lr=1.0e-05 train=6.5206e-06 val=7.6425e-06 best=7.6425e-06 t=1031s
kim_K16_base ep=750 lr=1.0e-05 train=6.5078e-06 val=7.6603e-06 best=7.6298e-06 t=1038s
kim_K16_base ep=760 lr=1.0e-05 train=6.4722e-06 val=7.5797e-06 best=7.5797e-06 t=1052s
kim_K16_base ep=775 lr=1.0e-05 train=6.4165e-06 val=7.5217e-06 best=7.5217e-06 t=1072s
kim_K16_base ep=795 lr=1.0e-05 train=6.3423e-06 val=7.4560e-06 best=7.4560e-06 t=1100s
kim_K16_base ep=800 lr=1.0e-05 train=6.3200e-06 val=7.4227e-06 best=7.4227e-06 t=1107s
kim_K16_base ep=805 lr=1.0e-05 train=6.3070e-06 val=7.4165e-06 best=7.4165e-06 t=1114s
kim_K16_base ep=825 lr=1.0e-05 train=6.2400e-06 val=7.3782e-06 best=7.3337e-06 t=1142s
kim_K16_base ep=830 lr=1.0e-05 train=6.2224e-06 val=7.3251e-06 best=7.3251e-06 t=1149s
kim_K16_base ep=850 lr=1.0e-05 train=6.1657e-06 val=7.2633e-06 best=7.2625e-06 t=1176s
TRAINED kim_K16_base {'stop_reason': 'wall_budget', 'epochs': 869, 'best_val': 7.184258720371872e-06, 'seconds': 1201.3004883709364}
NM-LSPG kim_K16_base worst_evolved 0.8438901146943955 autoencode 0.4076190104539973 tune 0.8351572350999729
ARM kim_K16_refzero: n=16129 K=16 M1=32258 M2=161380 nnz=5133340 micro=240 weights+adam~8.4GB
kim_K16_refzero ep=0 lr=1.0e-03 train=3.2636e-02 val=7.7272e-03 best=7.7272e-03 t=0s
kim_K16_refzero ep=5 lr=1.0e-03 train=6.7236e-04 val=6.2767e-04 best=6.2767e-04 t=7s
kim_K16_refzero ep=15 lr=1.0e-03 train=2.0477e-04 val=2.1830e-04 best=2.1830e-04 t=21s
kim_K16_refzero ep=20 lr=1.0e-03 train=1.5435e-04 val=1.7092e-04 best=1.7092e-04 t=28s
kim_K16_refzero ep=25 lr=1.0e-03 train=1.2913e-04 val=1.4876e-04 best=1.4876e-04 t=34s
kim_K16_refzero ep=30 lr=1.0e-03 train=9.4968e-05 val=1.1062e-04 best=1.1062e-04 t=41s
kim_K16_refzero ep=50 lr=1.0e-03 train=6.4590e-05 val=6.8666e-05 best=6.8666e-05 t=69s
kim_K16_refzero ep=55 lr=1.0e-03 train=5.6674e-05 val=6.2296e-05 best=6.2296e-05 t=76s
kim_K16_refzero ep=65 lr=1.0e-04 train=3.3831e-05 val=4.3997e-05 best=4.3997e-05 t=90s
kim_K16_refzero ep=75 lr=1.0e-04 train=3.2173e-05 val=4.2358e-05 best=4.2358e-05 t=104s
kim_K16_refzero ep=80 lr=1.0e-04 train=3.1560e-05 val=4.1585e-05 best=4.1585e-05 t=110s
kim_K16_refzero ep=90 lr=1.0e-04 train=3.0442e-05 val=4.0265e-05 best=4.0265e-05 t=124s
kim_K16_refzero ep=95 lr=1.0e-04 train=2.9871e-05 val=3.9607e-05 best=3.9607e-05 t=131s
kim_K16_refzero ep=100 lr=1.0e-04 train=2.9328e-05 val=3.8973e-05 best=3.8973e-05 t=138s
kim_K16_refzero ep=105 lr=1.0e-04 train=2.8859e-05 val=3.8246e-05 best=3.8246e-05 t=145s
kim_K16_refzero ep=110 lr=1.0e-04 train=2.8317e-05 val=3.7573e-05 best=3.7573e-05 t=152s
kim_K16_refzero ep=115 lr=1.0e-04 train=2.7822e-05 val=3.7026e-05 best=3.7026e-05 t=159s
kim_K16_refzero ep=120 lr=1.0e-04 train=2.7361e-05 val=3.6347e-05 best=3.6347e-05 t=166s
kim_K16_refzero ep=125 lr=1.0e-04 train=2.6827e-05 val=3.5773e-05 best=3.5773e-05 t=173s
kim_K16_refzero ep=130 lr=1.0e-04 train=2.6276e-05 val=3.4990e-05 best=3.4990e-05 t=180s
kim_K16_refzero ep=135 lr=1.0e-04 train=2.5764e-05 val=3.4356e-05 best=3.4356e-05 t=187s
kim_K16_refzero ep=140 lr=1.0e-04 train=2.5273e-05 val=3.3910e-05 best=3.3910e-05 t=193s
kim_K16_refzero ep=145 lr=1.0e-04 train=2.4767e-05 val=3.3089e-05 best=3.3089e-05 t=200s
kim_K16_refzero ep=150 lr=1.0e-04 train=2.4249e-05 val=3.2550e-05 best=3.2550e-05 t=207s
kim_K16_refzero ep=155 lr=1.0e-04 train=2.3763e-05 val=3.1984e-05 best=3.1984e-05 t=214s
kim_K16_refzero ep=160 lr=1.0e-04 train=2.3221e-05 val=3.1254e-05 best=3.1254e-05 t=221s
kim_K16_refzero ep=165 lr=1.0e-04 train=2.2761e-05 val=3.0756e-05 best=3.0756e-05 t=228s
kim_K16_refzero ep=170 lr=1.0e-04 train=2.2234e-05 val=3.0168e-05 best=3.0168e-05 t=235s
kim_K16_refzero ep=175 lr=1.0e-04 train=2.1743e-05 val=2.9340e-05 best=2.9340e-05 t=242s
kim_K16_refzero ep=180 lr=1.0e-04 train=2.1305e-05 val=2.8768e-05 best=2.8768e-05 t=249s
kim_K16_refzero ep=190 lr=1.0e-04 train=2.0394e-05 val=2.7532e-05 best=2.7532e-05 t=263s
kim_K16_refzero ep=195 lr=1.0e-04 train=1.9910e-05 val=2.7098e-05 best=2.7098e-05 t=270s
kim_K16_refzero ep=200 lr=1.0e-04 train=1.9555e-05 val=2.6671e-05 best=2.6634e-05 t=277s
kim_K16_refzero ep=205 lr=1.0e-04 train=1.9170e-05 val=2.6021e-05 best=2.6021e-05 t=283s
kim_K16_refzero ep=210 lr=1.0e-04 train=1.8621e-05 val=2.5320e-05 best=2.5320e-05 t=290s
kim_K16_refzero ep=220 lr=1.0e-04 train=1.7916e-05 val=2.4202e-05 best=2.4202e-05 t=304s
kim_K16_refzero ep=225 lr=1.0e-04 train=1.7372e-05 val=2.3683e-05 best=2.3683e-05 t=311s
kim_K16_refzero ep=240 lr=1.0e-04 train=1.6226e-05 val=2.2139e-05 best=2.2139e-05 t=332s
kim_K16_refzero ep=245 lr=1.0e-04 train=1.5837e-05 val=2.1876e-05 best=2.1876e-05 t=339s
kim_K16_refzero ep=250 lr=1.0e-04 train=1.5511e-05 val=2.1190e-05 best=2.1190e-05 t=346s
kim_K16_refzero ep=255 lr=1.0e-04 train=1.5129e-05 val=2.0660e-05 best=2.0660e-05 t=353s
kim_K16_refzero ep=260 lr=1.0e-04 train=1.4778e-05 val=2.0324e-05 best=2.0324e-05 t=360s
kim_K16_refzero ep=265 lr=1.0e-04 train=1.4590e-05 val=1.9727e-05 best=1.9727e-05 t=367s
kim_K16_refzero ep=275 lr=1.0e-04 train=1.3969e-05 val=1.9256e-05 best=1.9211e-05 t=380s
kim_K16_refzero ep=285 lr=1.0e-04 train=1.3161e-05 val=1.8246e-05 best=1.8246e-05 t=394s
kim_K16_refzero ep=290 lr=1.0e-04 train=1.3031e-05 val=1.7968e-05 best=1.7968e-05 t=401s
kim_K16_refzero ep=295 lr=1.0e-04 train=1.3008e-05 val=1.7659e-05 best=1.7659e-05 t=408s
kim_K16_refzero ep=300 lr=1.0e-04 train=1.3124e-05 val=1.7373e-05 best=1.7337e-05 t=415s
kim_K16_refzero ep=305 lr=1.0e-04 train=1.2502e-05 val=1.7051e-05 best=1.7051e-05 t=422s
kim_K16_refzero ep=320 lr=1.0e-04 train=1.1433e-05 val=1.5684e-05 best=1.5684e-05 t=443s
kim_K16_refzero ep=325 lr=1.0e-04 train=1.1323e-05 val=1.5655e-05 best=1.5608e-05 t=450s
kim_K16_refzero ep=335 lr=1.0e-04 train=1.0684e-05 val=1.4998e-05 best=1.4998e-05 t=463s
kim_K16_refzero ep=340 lr=1.0e-04 train=1.0500e-05 val=1.4608e-05 best=1.4608e-05 t=470s
kim_K16_refzero ep=350 lr=1.0e-04 train=1.0724e-05 val=1.5661e-05 best=1.4514e-05 t=484s
kim_K16_refzero ep=355 lr=1.0e-05 train=9.0085e-06 val=1.2729e-05 best=1.2729e-05 t=491s
kim_K16_refzero ep=360 lr=1.0e-05 train=8.3987e-06 val=1.2522e-05 best=1.2522e-05 t=498s
kim_K16_refzero ep=370 lr=1.0e-05 train=8.3524e-06 val=1.2474e-05 best=1.2474e-05 t=512s
kim_K16_refzero ep=375 lr=1.0e-05 train=8.3317e-06 val=1.2440e-05 best=1.2440e-05 t=519s
kim_K16_refzero ep=380 lr=1.0e-05 train=8.3198e-06 val=1.2396e-05 best=1.2396e-05 t=526s
kim_K16_refzero ep=385 lr=1.0e-05 train=8.3047e-06 val=1.2392e-05 best=1.2392e-05 t=533s
kim_K16_refzero ep=390 lr=1.0e-05 train=8.2827e-06 val=1.2365e-05 best=1.2365e-05 t=540s
kim_K16_refzero ep=400 lr=1.0e-05 train=8.2370e-06 val=1.2297e-05 best=1.2297e-05 t=553s
kim_K16_refzero ep=405 lr=1.0e-05 train=8.2136e-06 val=1.2254e-05 best=1.2254e-05 t=560s
kim_K16_refzero ep=425 lr=1.0e-05 train=8.1175e-06 val=1.2101e-05 best=1.2101e-05 t=588s
kim_K16_refzero ep=435 lr=1.0e-05 train=8.0650e-06 val=1.2049e-05 best=1.2049e-05 t=602s
kim_K16_refzero ep=450 lr=1.0e-05 train=7.9979e-06 val=1.1938e-05 best=1.1938e-05 t=623s
kim_K16_refzero ep=470 lr=1.0e-05 train=7.8783e-06 val=1.1787e-05 best=1.1787e-05 t=650s
kim_K16_refzero ep=475 lr=1.0e-05 train=7.8544e-06 val=1.1727e-05 best=1.1727e-05 t=657s
kim_K16_refzero ep=495 lr=1.0e-05 train=7.7196e-06 val=1.1592e-05 best=1.1592e-05 t=685s
kim_K16_refzero ep=500 lr=1.0e-05 train=7.7093e-06 val=1.1548e-05 best=1.1548e-05 t=692s
kim_K16_refzero ep=505 lr=1.0e-05 train=7.6554e-06 val=1.1478e-05 best=1.1478e-05 t=699s
kim_K16_refzero ep=515 lr=1.0e-05 train=7.5914e-06 val=1.1403e-05 best=1.1403e-05 t=713s
kim_K16_refzero ep=525 lr=1.0e-05 train=7.5325e-06 val=1.1315e-05 best=1.1315e-05 t=726s
kim_K16_refzero ep=535 lr=1.0e-05 train=7.4652e-06 val=1.1230e-05 best=1.1230e-05 t=740s
kim_K16_refzero ep=545 lr=1.0e-05 train=7.4013e-06 val=1.1149e-05 best=1.1149e-05 t=754s
kim_K16_refzero ep=550 lr=1.0e-05 train=7.3693e-06 val=1.1097e-05 best=1.1097e-05 t=761s
kim_K16_refzero ep=570 lr=1.0e-05 train=7.2416e-06 val=1.0958e-05 best=1.0958e-05 t=789s
kim_K16_refzero ep=575 lr=1.0e-05 train=7.2050e-06 val=1.0917e-05 best=1.0869e-05 t=796s
kim_K16_refzero ep=585 lr=1.0e-05 train=7.1404e-06 val=1.0801e-05 best=1.0801e-05 t=809s
kim_K16_refzero ep=590 lr=1.0e-05 train=7.0979e-06 val=1.0733e-05 best=1.0733e-05 t=816s
kim_K16_refzero ep=595 lr=1.0e-05 train=7.0702e-06 val=1.0689e-05 best=1.0689e-05 t=823s
kim_K16_refzero ep=600 lr=1.0e-05 train=7.0334e-06 val=1.0673e-05 best=1.0673e-05 t=830s
kim_K16_refzero ep=605 lr=1.0e-05 train=7.0052e-06 val=1.0646e-05 best=1.0646e-05 t=837s
kim_K16_refzero ep=610 lr=1.0e-05 train=6.9719e-06 val=1.0611e-05 best=1.0611e-05 t=844s
kim_K16_refzero ep=615 lr=1.0e-05 train=6.9392e-06 val=1.0537e-05 best=1.0537e-05 t=851s
kim_K16_refzero ep=625 lr=1.0e-05 train=6.8750e-06 val=1.0469e-05 best=1.0458e-05 t=865s
kim_K16_refzero ep=635 lr=1.0e-05 train=6.8032e-06 val=1.0348e-05 best=1.0348e-05 t=879s
kim_K16_refzero ep=645 lr=1.0e-05 train=6.7398e-06 val=1.0257e-05 best=1.0257e-05 t=892s
kim_K16_refzero ep=650 lr=1.0e-05 train=6.7109e-06 val=1.0242e-05 best=1.0237e-05 t=899s
kim_K16_refzero ep=655 lr=1.0e-05 train=6.6716e-06 val=1.0176e-05 best=1.0176e-05 t=906s
kim_K16_refzero ep=660 lr=1.0e-05 train=6.6504e-06 val=1.0145e-05 best=1.0145e-05 t=913s
kim_K16_refzero ep=675 lr=1.0e-05 train=6.5596e-06 val=1.0056e-05 best=1.0047e-05 t=934s
kim_K16_refzero ep=680 lr=1.0e-05 train=6.5410e-06 val=9.9904e-06 best=9.9904e-06 t=941s
kim_K16_refzero ep=685 lr=1.0e-05 train=6.4872e-06 val=9.9560e-06 best=9.9560e-06 t=948s
kim_K16_refzero ep=690 lr=1.0e-05 train=6.4524e-06 val=9.9254e-06 best=9.9254e-06 t=955s
kim_K16_refzero ep=700 lr=1.0e-05 train=6.4101e-06 val=9.8345e-06 best=9.8345e-06 t=969s
kim_K16_refzero ep=705 lr=1.0e-05 train=6.3751e-06 val=9.7978e-06 best=9.7978e-06 t=976s
kim_K16_refzero ep=710 lr=1.0e-05 train=6.3570e-06 val=9.7419e-06 best=9.7419e-06 t=982s
kim_K16_refzero ep=725 lr=1.0e-05 train=6.2762e-06 val=9.6598e-06 best=9.6231e-06 t=1003s
kim_K16_refzero ep=740 lr=1.0e-05 train=6.1811e-06 val=9.5223e-06 best=9.5223e-06 t=1024s
kim_K16_refzero ep=750 lr=1.0e-05 train=6.1771e-06 val=9.4733e-06 best=9.4667e-06 t=1038s
kim_K16_refzero ep=770 lr=1.0e-05 train=6.0415e-06 val=9.3323e-06 best=9.3323e-06 t=1065s
kim_K16_refzero ep=775 lr=1.0e-05 train=5.9977e-06 val=9.2992e-06 best=9.2992e-06 t=1072s
kim_K16_refzero ep=780 lr=1.0e-05 train=5.9721e-06 val=9.2332e-06 best=9.2332e-06 t=1079s
kim_K16_refzero ep=785 lr=1.0e-05 train=5.9562e-06 val=9.2220e-06 best=9.2220e-06 t=1086s
kim_K16_refzero ep=790 lr=1.0e-05 train=5.9264e-06 val=9.1960e-06 best=9.1960e-06 t=1093s
kim_K16_refzero ep=795 lr=1.0e-05 train=5.8987e-06 val=9.1513e-06 best=9.1513e-06 t=1100s
kim_K16_refzero ep=800 lr=1.0e-05 train=5.8645e-06 val=9.1006e-06 best=9.1006e-06 t=1107s
kim_K16_refzero ep=820 lr=1.0e-05 train=5.7787e-06 val=8.9867e-06 best=8.9867e-06 t=1135s
kim_K16_refzero ep=825 lr=1.0e-05 train=5.7516e-06 val=8.9770e-06 best=8.9649e-06 t=1142s
kim_K16_refzero ep=830 lr=1.0e-05 train=5.7348e-06 val=8.9423e-06 best=8.9423e-06 t=1149s
kim_K16_refzero ep=835 lr=1.0e-05 train=5.7033e-06 val=8.8888e-06 best=8.8888e-06 t=1155s
kim_K16_refzero ep=845 lr=1.0e-05 train=5.6636e-06 val=8.8796e-06 best=8.8796e-06 t=1169s
kim_K16_refzero ep=850 lr=1.0e-05 train=5.6306e-06 val=8.8002e-06 best=8.8002e-06 t=1176s
kim_K16_refzero ep=855 lr=1.0e-05 train=5.6157e-06 val=8.7805e-06 best=8.7805e-06 t=1183s
kim_K16_refzero ep=865 lr=1.0e-05 train=5.5685e-06 val=8.7150e-06 best=8.7150e-06 t=1197s
TRAINED kim_K16_refzero {'stop_reason': 'wall_budget', 'epochs': 869, 'best_val': 8.708032510185149e-06, 'seconds': 1201.1320526762865}
NM-LSPG kim_K16_refzero worst_evolved 0.4303673472537599 autoencode 0.3006238557344639 tune 0.43619711823610996
ARM kim_K16_global: n=16129 K=16 M1=32258 M2=161380 nnz=5133340 micro=240 weights+adam~8.4GB
kim_K16_global ep=0 lr=1.0e-03 train=4.8571e-03 val=2.2538e-03 best=2.2538e-03 t=0s
kim_K16_global ep=5 lr=1.0e-03 train=2.1648e-04 val=1.9009e-04 best=1.9009e-04 t=7s
kim_K16_global ep=15 lr=1.0e-03 train=7.8044e-05 val=8.5411e-05 best=8.5411e-05 t=21s
kim_K16_global ep=25 lr=1.0e-03 train=7.2876e-05 val=6.8317e-05 best=6.3651e-05 t=34s
kim_K16_global ep=45 lr=1.0e-04 train=2.1380e-05 val=2.2518e-05 best=2.2518e-05 t=62s
kim_K16_global ep=50 lr=1.0e-04 train=2.0009e-05 val=2.1485e-05 best=2.1485e-05 t=69s
kim_K16_global ep=55 lr=1.0e-04 train=1.9335e-05 val=2.0842e-05 best=2.0842e-05 t=76s
kim_K16_global ep=65 lr=1.0e-04 train=1.8322e-05 val=1.9712e-05 best=1.9712e-05 t=90s
kim_K16_global ep=75 lr=1.0e-04 train=1.7409e-05 val=1.8756e-05 best=1.8756e-05 t=103s
kim_K16_global ep=80 lr=1.0e-04 train=1.6979e-05 val=1.8403e-05 best=1.8403e-05 t=110s
kim_K16_global ep=90 lr=1.0e-04 train=1.6193e-05 val=1.7540e-05 best=1.7540e-05 t=124s
kim_K16_global ep=95 lr=1.0e-04 train=1.5770e-05 val=1.7145e-05 best=1.7145e-05 t=131s
kim_K16_global ep=100 lr=1.0e-04 train=1.5407e-05 val=1.6678e-05 best=1.6678e-05 t=138s
kim_K16_global ep=105 lr=1.0e-04 train=1.5078e-05 val=1.6304e-05 best=1.6304e-05 t=145s
kim_K16_global ep=110 lr=1.0e-04 train=1.4696e-05 val=1.5846e-05 best=1.5846e-05 t=152s
kim_K16_global ep=115 lr=1.0e-04 train=1.4341e-05 val=1.5627e-05 best=1.5627e-05 t=159s
kim_K16_global ep=125 lr=1.0e-04 train=1.3682e-05 val=1.4838e-05 best=1.4838e-05 t=173s
kim_K16_global ep=130 lr=1.0e-04 train=1.3350e-05 val=1.4520e-05 best=1.4520e-05 t=180s
kim_K16_global ep=135 lr=1.0e-04 train=1.3091e-05 val=1.4198e-05 best=1.4198e-05 t=186s
kim_K16_global ep=140 lr=1.0e-04 train=1.2734e-05 val=1.3737e-05 best=1.3737e-05 t=193s
kim_K16_global ep=145 lr=1.0e-04 train=1.2407e-05 val=1.3434e-05 best=1.3434e-05 t=200s
kim_K16_global ep=150 lr=1.0e-04 train=1.2162e-05 val=1.3341e-05 best=1.3341e-05 t=207s
kim_K16_global ep=155 lr=1.0e-04 train=1.1879e-05 val=1.2920e-05 best=1.2920e-05 t=214s
kim_K16_global ep=160 lr=1.0e-04 train=1.1615e-05 val=1.2597e-05 best=1.2597e-05 t=221s
kim_K16_global ep=170 lr=1.0e-04 train=1.1021e-05 val=1.2047e-05 best=1.2047e-05 t=235s
kim_K16_global ep=175 lr=1.0e-04 train=1.0879e-05 val=1.1866e-05 best=1.1850e-05 t=242s
kim_K16_global ep=190 lr=1.0e-04 train=1.0130e-05 val=1.1022e-05 best=1.1022e-05 t=263s
kim_K16_global ep=195 lr=1.0e-04 train=9.9148e-06 val=1.0902e-05 best=1.0902e-05 t=270s
kim_K16_global ep=200 lr=1.0e-04 train=9.7250e-06 val=1.0859e-05 best=1.0619e-05 t=276s
kim_K16_global ep=205 lr=1.0e-04 train=9.5459e-06 val=1.0372e-05 best=1.0372e-05 t=283s
kim_K16_global ep=210 lr=1.0e-04 train=9.2990e-06 val=1.0127e-05 best=1.0127e-05 t=290s
kim_K16_global ep=215 lr=1.0e-04 train=9.0346e-06 val=9.9441e-06 best=9.9441e-06 t=297s
kim_K16_global ep=220 lr=1.0e-04 train=8.9268e-06 val=9.8167e-06 best=9.8167e-06 t=304s
kim_K16_global ep=225 lr=1.0e-04 train=8.8075e-06 val=9.7419e-06 best=9.6849e-06 t=311s
kim_K16_global ep=230 lr=1.0e-04 train=8.6041e-06 val=9.4395e-06 best=9.4395e-06 t=318s
kim_K16_global ep=235 lr=1.0e-04 train=8.4425e-06 val=9.3175e-06 best=9.3175e-06 t=325s
kim_K16_global ep=245 lr=1.0e-04 train=8.1167e-06 val=8.9166e-06 best=8.9166e-06 t=339s
kim_K16_global ep=250 lr=1.0e-04 train=7.9930e-06 val=8.9210e-06 best=8.7469e-06 t=346s
kim_K16_global ep=255 lr=1.0e-04 train=7.8447e-06 val=8.6163e-06 best=8.6163e-06 t=353s
kim_K16_global ep=270 lr=1.0e-04 train=7.4689e-06 val=8.2204e-06 best=8.2204e-06 t=373s
kim_K16_global ep=275 lr=1.0e-04 train=7.3385e-06 val=8.1910e-06 best=8.1409e-06 t=380s
kim_K16_global ep=280 lr=1.0e-04 train=7.1979e-06 val=7.8379e-06 best=7.8379e-06 t=387s
kim_K16_global ep=290 lr=1.0e-04 train=6.9707e-06 val=7.7199e-06 best=7.7199e-06 t=401s
kim_K16_global ep=300 lr=1.0e-04 train=6.7552e-06 val=7.4992e-06 best=7.4992e-06 t=415s
kim_K16_global ep=315 lr=1.0e-04 train=6.4645e-06 val=7.1404e-06 best=7.1404e-06 t=436s
kim_K16_global ep=325 lr=1.0e-04 train=6.4619e-06 val=6.8846e-06 best=6.8846e-06 t=449s
kim_K16_global ep=335 lr=1.0e-04 train=6.0085e-06 val=6.7360e-06 best=6.7360e-06 t=463s
kim_K16_global ep=340 lr=1.0e-04 train=5.9125e-06 val=6.5848e-06 best=6.5848e-06 t=470s
kim_K16_global ep=350 lr=1.0e-04 train=5.7538e-06 val=6.6886e-06 best=6.3877e-06 t=484s
kim_K16_global ep=375 lr=1.0e-04 train=5.5068e-06 val=6.1687e-06 best=6.0631e-06 t=519s
kim_K16_global ep=390 lr=1.0e-05 train=4.6918e-06 val=5.0525e-06 best=5.0525e-06 t=539s
kim_K16_global ep=395 lr=1.0e-05 train=4.3262e-06 val=4.9552e-06 best=4.9552e-06 t=546s
kim_K16_global ep=400 lr=1.0e-05 train=4.3123e-06 val=4.9487e-06 best=4.9487e-06 t=553s
kim_K16_global ep=410 lr=1.0e-05 train=4.3068e-06 val=4.9328e-06 best=4.9328e-06 t=567s
kim_K16_global ep=415 lr=1.0e-05 train=4.2970e-06 val=4.9294e-06 best=4.9294e-06 t=574s
kim_K16_global ep=425 lr=1.0e-05 train=4.2828e-06 val=4.9237e-06 best=4.9130e-06 t=588s
kim_K16_global ep=450 lr=1.0e-05 train=4.2610e-06 val=4.8877e-06 best=4.8762e-06 t=622s
kim_K16_global ep=460 lr=1.0e-05 train=4.2416e-06 val=4.8649e-06 best=4.8649e-06 t=636s
kim_K16_global ep=475 lr=1.0e-05 train=4.2182e-06 val=4.8451e-06 best=4.8367e-06 t=657s
kim_K16_global ep=500 lr=1.0e-05 train=4.1826e-06 val=4.8012e-06 best=4.8012e-06 t=692s
kim_K16_global ep=505 lr=1.0e-05 train=4.1702e-06 val=4.7739e-06 best=4.7739e-06 t=699s
kim_K16_global ep=525 lr=1.0e-05 train=4.1499e-06 val=4.7603e-06 best=4.7603e-06 t=726s
kim_K16_global ep=530 lr=1.0e-05 train=4.1284e-06 val=4.7448e-06 best=4.7448e-06 t=733s
kim_K16_global ep=535 lr=1.0e-05 train=4.1281e-06 val=4.7410e-06 best=4.7410e-06 t=740s
kim_K16_global ep=550 lr=1.0e-05 train=4.0934e-06 val=4.7210e-06 best=4.7106e-06 t=761s
kim_K16_global ep=570 lr=1.0e-05 train=4.0709e-06 val=4.6682e-06 best=4.6682e-06 t=789s
kim_K16_global ep=575 lr=1.0e-05 train=4.0559e-06 val=4.6838e-06 best=4.6556e-06 t=796s
kim_K16_global ep=585 lr=1.0e-05 train=4.0363e-06 val=4.6418e-06 best=4.6418e-06 t=809s
kim_K16_global ep=595 lr=1.0e-05 train=4.0247e-06 val=4.6231e-06 best=4.6231e-06 t=823s
kim_K16_global ep=600 lr=1.0e-05 train=4.0178e-06 val=4.6223e-06 best=4.6223e-06 t=830s
kim_K16_global ep=605 lr=1.0e-05 train=4.0033e-06 val=4.6049e-06 best=4.6049e-06 t=837s
kim_K16_global ep=620 lr=1.0e-05 train=3.9791e-06 val=4.5796e-06 best=4.5796e-06 t=858s
kim_K16_global ep=625 lr=1.0e-05 train=3.9782e-06 val=4.5840e-06 best=4.5796e-06 t=865s
kim_K16_global ep=630 lr=1.0e-05 train=3.9678e-06 val=4.5549e-06 best=4.5549e-06 t=872s
kim_K16_global ep=635 lr=1.0e-05 train=3.9579e-06 val=4.5466e-06 best=4.5466e-06 t=879s
kim_K16_global ep=645 lr=1.0e-05 train=3.9422e-06 val=4.5322e-06 best=4.5322e-06 t=892s
kim_K16_global ep=650 lr=1.0e-05 train=3.9347e-06 val=4.5259e-06 best=4.5259e-06 t=899s
kim_K16_global ep=670 lr=1.0e-05 train=3.9005e-06 val=4.4955e-06 best=4.4955e-06 t=927s
kim_K16_global ep=675 lr=1.0e-05 train=3.8883e-06 val=4.4841e-06 best=4.4780e-06 t=934s
kim_K16_global ep=690 lr=1.0e-05 train=3.8674e-06 val=4.4571e-06 best=4.4571e-06 t=955s
kim_K16_global ep=700 lr=1.0e-05 train=3.8497e-06 val=4.4383e-06 best=4.4337e-06 t=969s
kim_K16_global ep=710 lr=1.0e-05 train=3.8341e-06 val=4.4271e-06 best=4.4271e-06 t=982s
kim_K16_global ep=720 lr=1.0e-05 train=3.8189e-06 val=4.4023e-06 best=4.4023e-06 t=996s
kim_K16_global ep=725 lr=1.0e-05 train=3.8119e-06 val=4.3978e-06 best=4.3978e-06 t=1003s
kim_K16_global ep=730 lr=1.0e-05 train=3.8047e-06 val=4.3821e-06 best=4.3821e-06 t=1010s
kim_K16_global ep=750 lr=1.0e-05 train=3.7762e-06 val=4.3694e-06 best=4.3525e-06 t=1038s
kim_K16_global ep=760 lr=1.0e-05 train=3.7601e-06 val=4.3399e-06 best=4.3399e-06 t=1052s
kim_K16_global ep=775 lr=1.0e-05 train=3.7372e-06 val=4.3244e-06 best=4.3204e-06 t=1072s
kim_K16_global ep=780 lr=1.0e-05 train=3.7368e-06 val=4.3082e-06 best=4.3082e-06 t=1079s
kim_K16_global ep=800 lr=1.0e-05 train=3.6974e-06 val=4.2720e-06 best=4.2720e-06 t=1107s
kim_K16_global ep=810 lr=1.0e-05 train=3.6847e-06 val=4.2601e-06 best=4.2601e-06 t=1121s
kim_K16_global ep=825 lr=1.0e-05 train=3.6618e-06 val=4.2527e-06 best=4.2389e-06 t=1142s
kim_K16_global ep=830 lr=1.0e-05 train=3.6546e-06 val=4.2287e-06 best=4.2287e-06 t=1148s
kim_K16_global ep=850 lr=1.0e-05 train=3.6304e-06 val=4.2089e-06 best=4.2058e-06 t=1176s
kim_K16_global ep=860 lr=1.0e-05 train=3.6118e-06 val=4.1891e-06 best=4.1891e-06 t=1190s
TRAINED kim_K16_global {'stop_reason': 'wall_budget', 'epochs': 869, 'best_val': 4.169374733464792e-06, 'seconds': 1201.0228557800874}
NM-LSPG kim_K16_global worst_evolved 0.8463059853835243 autoencode 0.40302113590142336 tune 0.8373086308665512
ARM kim_K16_refzero_global: n=16129 K=16 M1=32258 M2=161380 nnz=5133340 micro=240 weights+adam~8.4GB
kim_K16_refzero_global ep=0 lr=1.0e-03 train=2.2763e-02 val=1.6844e-02 best=1.6844e-02 t=0s
kim_K16_refzero_global ep=5 lr=1.0e-03 train=5.7412e-04 val=5.2199e-04 best=5.2199e-04 t=7s
kim_K16_refzero_global ep=10 lr=1.0e-03 train=2.7157e-04 val=2.6581e-04 best=2.6581e-04 t=14s
kim_K16_refzero_global ep=15 lr=1.0e-03 train=1.6848e-04 val=1.7203e-04 best=1.7203e-04 t=21s
kim_K16_refzero_global ep=20 lr=1.0e-03 train=1.1893e-04 val=1.2444e-04 best=1.2444e-04 t=28s
kim_K16_refzero_global ep=25 lr=1.0e-03 train=9.1977e-05 val=9.8915e-05 best=9.8915e-05 t=34s
kim_K16_refzero_global ep=30 lr=1.0e-03 train=7.3197e-05 val=7.9449e-05 best=7.9449e-05 t=41s
kim_K16_refzero_global ep=35 lr=1.0e-03 train=5.9954e-05 val=6.8504e-05 best=6.8504e-05 t=48s
kim_K16_refzero_global ep=50 lr=1.0e-03 train=5.2349e-05 val=5.3078e-05 best=4.6903e-05 t=69s
kim_K16_refzero_global ep=55 lr=1.0e-03 train=3.5212e-05 val=3.9966e-05 best=3.9966e-05 t=76s
kim_K16_refzero_global ep=60 lr=1.0e-03 train=3.8942e-05 val=3.8322e-05 best=3.8322e-05 t=83s
kim_K16_refzero_global ep=75 lr=1.0e-03 train=2.5768e-05 val=2.8866e-05 best=2.8866e-05 t=103s
kim_K16_refzero_global ep=90 lr=1.0e-03 train=2.3769e-05 val=2.4294e-05 best=2.4294e-05 t=124s
kim_K16_refzero_global ep=100 lr=1.0e-03 train=1.6323e-05 val=1.9592e-05 best=1.9592e-05 t=138s
kim_K16_refzero_global ep=125 lr=1.0e-04 train=1.0567e-05 val=1.3201e-05 best=1.3201e-05 t=173s
kim_K16_refzero_global ep=130 lr=1.0e-04 train=1.0430e-05 val=1.3039e-05 best=1.3039e-05 t=180s
kim_K16_refzero_global ep=135 lr=1.0e-04 train=1.0328e-05 val=1.2911e-05 best=1.2911e-05 t=186s
kim_K16_refzero_global ep=140 lr=1.0e-04 train=1.0234e-05 val=1.2804e-05 best=1.2804e-05 t=193s
kim_K16_refzero_global ep=145 lr=1.0e-04 train=1.0129e-05 val=1.2648e-05 best=1.2648e-05 t=200s
kim_K16_refzero_global ep=150 lr=1.0e-04 train=1.0020e-05 val=1.2548e-05 best=1.2548e-05 t=207s
kim_K16_refzero_global ep=160 lr=1.0e-04 train=9.8375e-06 val=1.2333e-05 best=1.2333e-05 t=221s
kim_K16_refzero_global ep=165 lr=1.0e-04 train=9.7346e-06 val=1.2184e-05 best=1.2184e-05 t=228s
kim_K16_refzero_global ep=170 lr=1.0e-04 train=9.6183e-06 val=1.2119e-05 best=1.2119e-05 t=235s
kim_K16_refzero_global ep=175 lr=1.0e-04 train=9.5275e-06 val=1.1963e-05 best=1.1963e-05 t=242s
kim_K16_refzero_global ep=190 lr=1.0e-04 train=9.2164e-06 val=1.1563e-05 best=1.1563e-05 t=263s
kim_K16_refzero_global ep=195 lr=1.0e-04 train=9.1386e-06 val=1.1435e-05 best=1.1435e-05 t=269s
kim_K16_refzero_global ep=200 lr=1.0e-04 train=9.0441e-06 val=1.1376e-05 best=1.1362e-05 t=276s
kim_K16_refzero_global ep=205 lr=1.0e-04 train=8.9264e-06 val=1.1169e-05 best=1.1169e-05 t=283s
kim_K16_refzero_global ep=210 lr=1.0e-04 train=8.8047e-06 val=1.1046e-05 best=1.1046e-05 t=290s
kim_K16_refzero_global ep=215 lr=1.0e-04 train=8.6800e-06 val=1.0918e-05 best=1.0918e-05 t=297s
kim_K16_refzero_global ep=220 lr=1.0e-04 train=8.6114e-06 val=1.0730e-05 best=1.0730e-05 t=304s
kim_K16_refzero_global ep=225 lr=1.0e-04 train=8.4641e-06 val=1.0594e-05 best=1.0594e-05 t=311s
kim_K16_refzero_global ep=250 lr=1.0e-04 train=7.9691e-06 val=9.9537e-06 best=9.9537e-06 t=346s
kim_K16_refzero_global ep=255 lr=1.0e-04 train=7.8353e-06 val=9.7866e-06 best=9.7866e-06 t=352s
kim_K16_refzero_global ep=260 lr=1.0e-04 train=7.7136e-06 val=9.6164e-06 best=9.6164e-06 t=359s
kim_K16_refzero_global ep=265 lr=1.0e-04 train=7.6203e-06 val=9.5617e-06 best=9.5617e-06 t=366s
kim_K16_refzero_global ep=275 lr=1.0e-04 train=7.3933e-06 val=9.3537e-06 best=9.3340e-06 t=380s
kim_K16_refzero_global ep=285 lr=1.0e-04 train=7.1587e-06 val=8.9687e-06 best=8.9687e-06 t=394s
kim_K16_refzero_global ep=290 lr=1.0e-04 train=7.0983e-06 val=8.8840e-06 best=8.8840e-06 t=401s
kim_K16_refzero_global ep=300 lr=1.0e-04 train=6.9278e-06 val=8.6082e-06 best=8.6082e-06 t=415s
kim_K16_refzero_global ep=305 lr=1.0e-04 train=6.7373e-06 val=8.4743e-06 best=8.4743e-06 t=422s
kim_K16_refzero_global ep=310 lr=1.0e-04 train=6.6122e-06 val=8.3546e-06 best=8.3546e-06 t=429s
kim_K16_refzero_global ep=315 lr=1.0e-04 train=6.4929e-06 val=8.2113e-06 best=8.2113e-06 t=436s
kim_K16_refzero_global ep=325 lr=1.0e-04 train=6.3685e-06 val=8.0517e-06 best=8.0396e-06 t=449s
kim_K16_refzero_global ep=340 lr=1.0e-04 train=6.0950e-06 val=7.4858e-06 best=7.4858e-06 t=470s
kim_K16_refzero_global ep=350 lr=1.0e-04 train=5.8963e-06 val=7.3789e-06 best=7.3789e-06 t=484s
kim_K16_refzero_global ep=360 lr=1.0e-04 train=5.7254e-06 val=7.3096e-06 best=7.3096e-06 t=498s
kim_K16_refzero_global ep=365 lr=1.0e-04 train=5.9592e-06 val=7.2640e-06 best=7.2640e-06 t=505s
kim_K16_refzero_global ep=375 lr=1.0e-04 train=5.4074e-06 val=6.7910e-06 best=6.7910e-06 t=519s
kim_K16_refzero_global ep=400 lr=1.0e-04 train=5.1943e-06 val=6.4339e-06 best=6.4122e-06 t=553s
kim_K16_refzero_global ep=405 lr=1.0e-05 train=4.2551e-06 val=5.5993e-06 best=5.5993e-06 t=560s
kim_K16_refzero_global ep=425 lr=1.0e-05 train=4.1738e-06 val=5.5333e-06 best=5.5314e-06 t=588s
kim_K16_refzero_global ep=430 lr=1.0e-05 train=4.1668e-06 val=5.5312e-06 best=5.5312e-06 t=595s
kim_K16_refzero_global ep=440 lr=1.0e-05 train=4.1532e-06 val=5.5036e-06 best=5.5036e-06 t=608s
kim_K16_refzero_global ep=450 lr=1.0e-05 train=4.1386e-06 val=5.4728e-06 best=5.4728e-06 t=622s
kim_K16_refzero_global ep=470 lr=1.0e-05 train=4.0974e-06 val=5.4388e-06 best=5.4388e-06 t=650s
kim_K16_refzero_global ep=475 lr=1.0e-05 train=4.0895e-06 val=5.4075e-06 best=5.4075e-06 t=657s
kim_K16_refzero_global ep=490 lr=1.0e-05 train=4.0667e-06 val=5.3786e-06 best=5.3786e-06 t=678s
kim_K16_refzero_global ep=500 lr=1.0e-05 train=4.0400e-06 val=5.3692e-06 best=5.3654e-06 t=692s
kim_K16_refzero_global ep=505 lr=1.0e-05 train=4.0246e-06 val=5.3421e-06 best=5.3421e-06 t=698s
kim_K16_refzero_global ep=510 lr=1.0e-05 train=4.0166e-06 val=5.3314e-06 best=5.3314e-06 t=705s
kim_K16_refzero_global ep=515 lr=1.0e-05 train=4.0003e-06 val=5.3081e-06 best=5.3081e-06 t=712s
kim_K16_refzero_global ep=525 lr=1.0e-05 train=3.9797e-06 val=5.2798e-06 best=5.2798e-06 t=726s
kim_K16_refzero_global ep=545 lr=1.0e-05 train=3.9275e-06 val=5.2246e-06 best=5.2246e-06 t=754s
kim_K16_refzero_global ep=550 lr=1.0e-05 train=3.9170e-06 val=5.1981e-06 best=5.1972e-06 t=761s
kim_K16_refzero_global ep=555 lr=1.0e-05 train=3.9138e-06 val=5.1843e-06 best=5.1843e-06 t=768s
kim_K16_refzero_global ep=570 lr=1.0e-05 train=3.8714e-06 val=5.1362e-06 best=5.1362e-06 t=788s
kim_K16_refzero_global ep=575 lr=1.0e-05 train=3.8566e-06 val=5.1300e-06 best=5.1151e-06 t=795s
kim_K16_refzero_global ep=590 lr=1.0e-05 train=3.8154e-06 val=5.0810e-06 best=5.0810e-06 t=816s
kim_K16_refzero_global ep=595 lr=1.0e-05 train=3.8042e-06 val=5.0550e-06 best=5.0550e-06 t=823s
kim_K16_refzero_global ep=600 lr=1.0e-05 train=3.7871e-06 val=5.0541e-06 best=5.0541e-06 t=830s
kim_K16_refzero_global ep=610 lr=1.0e-05 train=3.7629e-06 val=5.0152e-06 best=5.0152e-06 t=844s
kim_K16_refzero_global ep=620 lr=1.0e-05 train=3.7321e-06 val=4.9752e-06 best=4.9752e-06 t=858s
kim_K16_refzero_global ep=625 lr=1.0e-05 train=3.7274e-06 val=4.9795e-06 best=4.9645e-06 t=865s
kim_K16_refzero_global ep=630 lr=1.0e-05 train=3.7009e-06 val=4.9438e-06 best=4.9438e-06 t=871s
kim_K16_refzero_global ep=645 lr=1.0e-05 train=3.6701e-06 val=4.8964e-06 best=4.8964e-06 t=892s
kim_K16_refzero_global ep=650 lr=1.0e-05 train=3.6510e-06 val=4.8769e-06 best=4.8769e-06 t=899s
kim_K16_refzero_global ep=655 lr=1.0e-05 train=3.6403e-06 val=4.8652e-06 best=4.8652e-06 t=906s
kim_K16_refzero_global ep=675 lr=1.0e-05 train=3.5832e-06 val=4.7981e-06 best=4.7981e-06 t=934s
kim_K16_refzero_global ep=680 lr=1.0e-05 train=3.5792e-06 val=4.7902e-06 best=4.7902e-06 t=941s
kim_K16_refzero_global ep=700 lr=1.0e-05 train=3.5288e-06 val=4.7166e-06 best=4.7166e-06 t=968s
kim_K16_refzero_global ep=705 lr=1.0e-05 train=3.5063e-06 val=4.7052e-06 best=4.7052e-06 t=975s
kim_K16_refzero_global ep=710 lr=1.0e-05 train=3.5008e-06 val=4.7025e-06 best=4.7025e-06 t=982s
kim_K16_refzero_global ep=720 lr=1.0e-05 train=3.4760e-06 val=4.6562e-06 best=4.6562e-06 t=996s
kim_K16_refzero_global ep=725 lr=1.0e-05 train=3.4649e-06 val=4.6539e-06 best=4.6305e-06 t=1003s
kim_K16_refzero_global ep=735 lr=1.0e-05 train=3.4372e-06 val=4.6060e-06 best=4.6060e-06 t=1017s
kim_K16_refzero_global ep=750 lr=1.0e-05 train=3.4276e-06 val=4.5809e-06 best=4.5689e-06 t=1038s
kim_K16_refzero_global ep=770 lr=1.0e-05 train=3.3671e-06 val=4.5207e-06 best=4.5207e-06 t=1065s
kim_K16_refzero_global ep=775 lr=1.0e-05 train=3.3486e-06 val=4.5073e-06 best=4.4970e-06 t=1072s
kim_K16_refzero_global ep=780 lr=1.0e-05 train=3.3279e-06 val=4.4801e-06 best=4.4801e-06 t=1079s
kim_K16_refzero_global ep=785 lr=1.0e-05 train=3.3142e-06 val=4.4714e-06 best=4.4714e-06 t=1086s
kim_K16_refzero_global ep=790 lr=1.0e-05 train=3.3128e-06 val=4.4628e-06 best=4.4628e-06 t=1093s
kim_K16_refzero_global ep=800 lr=1.0e-05 train=3.2793e-06 val=4.4357e-06 best=4.4357e-06 t=1107s
kim_K16_refzero_global ep=810 lr=1.0e-05 train=3.2677e-06 val=4.4155e-06 best=4.4155e-06 t=1121s
kim_K16_refzero_global ep=815 lr=1.0e-05 train=3.2578e-06 val=4.3885e-06 best=4.3885e-06 t=1127s
kim_K16_refzero_global ep=825 lr=1.0e-05 train=3.2314e-06 val=4.3739e-06 best=4.3588e-06 t=1141s
kim_K16_refzero_global ep=850 lr=1.0e-05 train=3.1828e-06 val=4.3030e-06 best=4.3030e-06 t=1176s
kim_K16_refzero_global ep=865 lr=1.0e-05 train=3.1422e-06 val=4.2544e-06 best=4.2544e-06 t=1197s
TRAINED kim_K16_refzero_global {'stop_reason': 'wall_budget', 'epochs': 869, 'best_val': 4.2536630644463e-06, 'seconds': 1200.826142651029}
NM-LSPG kim_K16_refzero_global worst_evolved 0.43417041028419584 autoencode 0.2973080497425627 tune 0.35946618661571644
ARM kim_K16_b50: n=16129 K=16 M1=32258 M2=80690 nnz=2566670 micro=240 weights+adam~8.4GB
kim_K16_b50 ep=0 lr=1.0e-03 train=1.0013e-02 val=4.1956e-03 best=4.1956e-03 t=0s
kim_K16_b50 ep=5 lr=1.0e-03 train=5.9986e-04 val=5.4979e-04 best=5.4979e-04 t=5s
kim_K16_b50 ep=10 lr=1.0e-03 train=2.7324e-04 val=2.7134e-04 best=2.7134e-04 t=10s
kim_K16_b50 ep=25 lr=1.0e-03 train=1.8687e-04 val=1.7106e-04 best=1.7106e-04 t=25s
kim_K16_b50 ep=30 lr=1.0e-03 train=1.0632e-04 val=1.1153e-04 best=1.1153e-04 t=31s
kim_K16_b50 ep=45 lr=1.0e-04 train=4.4648e-05 val=4.7509e-05 best=4.7509e-05 t=46s
kim_K16_b50 ep=50 lr=1.0e-04 train=4.1519e-05 val=4.5642e-05 best=4.5642e-05 t=51s
kim_K16_b50 ep=55 lr=1.0e-04 train=4.0571e-05 val=4.4662e-05 best=4.4662e-05 t=56s
kim_K16_b50 ep=65 lr=1.0e-04 train=3.8946e-05 val=4.2808e-05 best=4.2808e-05 t=66s
kim_K16_b50 ep=75 lr=1.0e-04 train=3.7405e-05 val=4.1131e-05 best=4.1131e-05 t=76s
kim_K16_b50 ep=80 lr=1.0e-04 train=3.6638e-05 val=4.0437e-05 best=4.0437e-05 t=82s
kim_K16_b50 ep=90 lr=1.0e-04 train=3.5160e-05 val=3.8810e-05 best=3.8810e-05 t=92s
kim_K16_b50 ep=95 lr=1.0e-04 train=3.4415e-05 val=3.8041e-05 best=3.8041e-05 t=97s
kim_K16_b50 ep=100 lr=1.0e-04 train=3.3704e-05 val=3.7123e-05 best=3.7123e-05 t=102s
kim_K16_b50 ep=105 lr=1.0e-04 train=3.3075e-05 val=3.6400e-05 best=3.6400e-05 t=107s
kim_K16_b50 ep=110 lr=1.0e-04 train=3.2340e-05 val=3.5521e-05 best=3.5521e-05 t=112s
kim_K16_b50 ep=115 lr=1.0e-04 train=3.1717e-05 val=3.5085e-05 best=3.5085e-05 t=117s
kim_K16_b50 ep=125 lr=1.0e-04 train=3.0313e-05 val=3.3380e-05 best=3.3380e-05 t=128s
kim_K16_b50 ep=130 lr=1.0e-04 train=2.9662e-05 val=3.2705e-05 best=3.2705e-05 t=133s
kim_K16_b50 ep=135 lr=1.0e-04 train=2.9129e-05 val=3.1949e-05 best=3.1949e-05 t=138s
kim_K16_b50 ep=140 lr=1.0e-04 train=2.8401e-05 val=3.1246e-05 best=3.1246e-05 t=143s
kim_K16_b50 ep=145 lr=1.0e-04 train=2.7721e-05 val=3.0472e-05 best=3.0472e-05 t=148s
kim_K16_b50 ep=150 lr=1.0e-04 train=2.7213e-05 val=3.0179e-05 best=3.0179e-05 t=153s
kim_K16_b50 ep=155 lr=1.0e-04 train=2.6678e-05 val=2.9470e-05 best=2.9470e-05 t=158s
kim_K16_b50 ep=160 lr=1.0e-04 train=2.6112e-05 val=2.8707e-05 best=2.8707e-05 t=163s
kim_K16_b50 ep=170 lr=1.0e-04 train=2.4884e-05 val=2.7523e-05 best=2.7523e-05 t=174s
kim_K16_b50 ep=175 lr=1.0e-04 train=2.4482e-05 val=2.7052e-05 best=2.7052e-05 t=179s
kim_K16_b50 ep=185 lr=1.0e-04 train=2.3470e-05 val=2.5820e-05 best=2.5820e-05 t=189s
kim_K16_b50 ep=190 lr=1.0e-04 train=2.3038e-05 val=2.5495e-05 best=2.5495e-05 t=194s
kim_K16_b50 ep=195 lr=1.0e-04 train=2.2562e-05 val=2.4990e-05 best=2.4990e-05 t=199s
kim_K16_b50 ep=200 lr=1.0e-04 train=2.2076e-05 val=2.4699e-05 best=2.4312e-05 t=204s
kim_K16_b50 ep=205 lr=1.0e-04 train=2.1676e-05 val=2.3938e-05 best=2.3938e-05 t=209s
kim_K16_b50 ep=210 lr=1.0e-04 train=2.1241e-05 val=2.3317e-05 best=2.3317e-05 t=215s
kim_K16_b50 ep=215 lr=1.0e-04 train=2.0695e-05 val=2.2973e-05 best=2.2973e-05 t=220s
kim_K16_b50 ep=220 lr=1.0e-04 train=2.0491e-05 val=2.2695e-05 best=2.2695e-05 t=225s
kim_K16_b50 ep=225 lr=1.0e-04 train=2.0092e-05 val=2.2250e-05 best=2.2250e-05 t=230s
kim_K16_b50 ep=230 lr=1.0e-04 train=1.9775e-05 val=2.1798e-05 best=2.1798e-05 t=235s
kim_K16_b50 ep=235 lr=1.0e-04 train=1.9351e-05 val=2.1480e-05 best=2.1480e-05 t=240s
kim_K16_b50 ep=245 lr=1.0e-04 train=1.8710e-05 val=2.0724e-05 best=2.0724e-05 t=250s
kim_K16_b50 ep=250 lr=1.0e-04 train=1.8569e-05 val=2.0935e-05 best=2.0393e-05 t=256s
kim_K16_b50 ep=255 lr=1.0e-04 train=1.8177e-05 val=2.0103e-05 best=2.0103e-05 t=261s
kim_K16_b50 ep=265 lr=1.0e-04 train=1.7500e-05 val=1.9448e-05 best=1.9448e-05 t=271s
kim_K16_b50 ep=275 lr=1.0e-04 train=1.6977e-05 val=1.8903e-05 best=1.8903e-05 t=281s
kim_K16_b50 ep=280 lr=1.0e-04 train=1.6805e-05 val=1.8428e-05 best=1.8428e-05 t=286s
kim_K16_b50 ep=290 lr=1.0e-04 train=1.6238e-05 val=1.7984e-05 best=1.7984e-05 t=296s
kim_K16_b50 ep=300 lr=1.0e-04 train=1.6069e-05 val=1.7824e-05 best=1.7708e-05 t=307s
kim_K16_b50 ep=305 lr=1.0e-04 train=1.5465e-05 val=1.7078e-05 best=1.7078e-05 t=312s
kim_K16_b50 ep=325 lr=1.0e-05 train=1.3188e-05 val=1.4994e-05 best=1.4994e-05 t=332s
kim_K16_b50 ep=330 lr=1.0e-05 train=1.3174e-05 val=1.4981e-05 best=1.4981e-05 t=337s
kim_K16_b50 ep=335 lr=1.0e-05 train=1.3160e-05 val=1.4953e-05 best=1.4953e-05 t=343s
kim_K16_b50 ep=340 lr=1.0e-05 train=1.3137e-05 val=1.4914e-05 best=1.4914e-05 t=348s
kim_K16_b50 ep=350 lr=1.0e-05 train=1.3094e-05 val=1.4877e-05 best=1.4877e-05 t=358s
kim_K16_b50 ep=360 lr=1.0e-05 train=1.3051e-05 val=1.4838e-05 best=1.4838e-05 t=368s
kim_K16_b50 ep=365 lr=1.0e-05 train=1.3037e-05 val=1.4815e-05 best=1.4815e-05 t=373s
kim_K16_b50 ep=370 lr=1.0e-05 train=1.3004e-05 val=1.4783e-05 best=1.4783e-05 t=378s
kim_K16_b50 ep=375 lr=1.0e-05 train=1.2993e-05 val=1.4741e-05 best=1.4741e-05 t=383s
kim_K16_b50 ep=390 lr=1.0e-05 train=1.2930e-05 val=1.4667e-05 best=1.4667e-05 t=399s
kim_K16_b50 ep=395 lr=1.0e-05 train=1.2899e-05 val=1.4645e-05 best=1.4645e-05 t=404s
kim_K16_b50 ep=400 lr=1.0e-05 train=1.2864e-05 val=1.4607e-05 best=1.4607e-05 t=409s
kim_K16_b50 ep=405 lr=1.0e-05 train=1.2852e-05 val=1.4605e-05 best=1.4605e-05 t=414s
kim_K16_b50 ep=410 lr=1.0e-05 train=1.2830e-05 val=1.4556e-05 best=1.4556e-05 t=419s
kim_K16_b50 ep=415 lr=1.0e-05 train=1.2800e-05 val=1.4536e-05 best=1.4536e-05 t=424s
kim_K16_b50 ep=420 lr=1.0e-05 train=1.2790e-05 val=1.4510e-05 best=1.4510e-05 t=430s
kim_K16_b50 ep=425 lr=1.0e-05 train=1.2744e-05 val=1.4488e-05 best=1.4488e-05 t=435s
kim_K16_b50 ep=440 lr=1.0e-05 train=1.2681e-05 val=1.4397e-05 best=1.4397e-05 t=450s
kim_K16_b50 ep=450 lr=1.0e-05 train=1.2636e-05 val=1.4346e-05 best=1.4340e-05 t=460s
kim_K16_b50 ep=460 lr=1.0e-05 train=1.2579e-05 val=1.4276e-05 best=1.4276e-05 t=470s
kim_K16_b50 ep=470 lr=1.0e-05 train=1.2525e-05 val=1.4216e-05 best=1.4216e-05 t=481s
kim_K16_b50 ep=475 lr=1.0e-05 train=1.2490e-05 val=1.4170e-05 best=1.4170e-05 t=486s
kim_K16_b50 ep=500 lr=1.0e-05 train=1.2359e-05 val=1.4039e-05 best=1.4039e-05 t=511s
kim_K16_b50 ep=505 lr=1.0e-05 train=1.2326e-05 val=1.3987e-05 best=1.3987e-05 t=517s
kim_K16_b50 ep=510 lr=1.0e-05 train=1.2307e-05 val=1.3983e-05 best=1.3983e-05 t=522s
kim_K16_b50 ep=520 lr=1.0e-05 train=1.2272e-05 val=1.3923e-05 best=1.3923e-05 t=532s
kim_K16_b50 ep=525 lr=1.0e-05 train=1.2236e-05 val=1.3896e-05 best=1.3896e-05 t=537s
kim_K16_b50 ep=550 lr=1.0e-05 train=1.2090e-05 val=1.3772e-05 best=1.3751e-05 t=563s
kim_K16_b50 ep=555 lr=1.0e-05 train=1.2075e-05 val=1.3727e-05 best=1.3727e-05 t=568s
kim_K16_b50 ep=570 lr=1.0e-05 train=1.2014e-05 val=1.3641e-05 best=1.3641e-05 t=583s
kim_K16_b50 ep=575 lr=1.0e-05 train=1.1963e-05 val=1.3660e-05 best=1.3596e-05 t=588s
kim_K16_b50 ep=585 lr=1.0e-05 train=1.1914e-05 val=1.3554e-05 best=1.3554e-05 t=598s
kim_K16_b50 ep=600 lr=1.0e-05 train=1.1850e-05 val=1.3462e-05 best=1.3462e-05 t=614s
kim_K16_b50 ep=610 lr=1.0e-05 train=1.1815e-05 val=1.3414e-05 best=1.3414e-05 t=624s
kim_K16_b50 ep=625 lr=1.0e-05 train=1.1748e-05 val=1.3371e-05 best=1.3353e-05 t=639s
kim_K16_b50 ep=630 lr=1.0e-05 train=1.1709e-05 val=1.3306e-05 best=1.3306e-05 t=644s
kim_K16_b50 ep=635 lr=1.0e-05 train=1.1689e-05 val=1.3277e-05 best=1.3277e-05 t=650s
kim_K16_b50 ep=650 lr=1.0e-05 train=1.1609e-05 val=1.3216e-05 best=1.3207e-05 t=665s
kim_K16_b50 ep=655 lr=1.0e-05 train=1.1584e-05 val=1.3181e-05 best=1.3181e-05 t=670s
kim_K16_b50 ep=660 lr=1.0e-05 train=1.1562e-05 val=1.3158e-05 best=1.3158e-05 t=675s
kim_K16_b50 ep=670 lr=1.0e-05 train=1.1522e-05 val=1.3109e-05 best=1.3109e-05 t=685s
kim_K16_b50 ep=675 lr=1.0e-05 train=1.1493e-05 val=1.3081e-05 best=1.3081e-05 t=691s
kim_K16_b50 ep=685 lr=1.0e-05 train=1.1443e-05 val=1.3035e-05 best=1.3035e-05 t=701s
kim_K16_b50 ep=690 lr=1.0e-05 train=1.1428e-05 val=1.2987e-05 best=1.2987e-05 t=706s
kim_K16_b50 ep=700 lr=1.0e-05 train=1.1378e-05 val=1.2963e-05 best=1.2956e-05 t=716s
kim_K16_b50 ep=710 lr=1.0e-05 train=1.1333e-05 val=1.2915e-05 best=1.2915e-05 t=726s
kim_K16_b50 ep=720 lr=1.0e-05 train=1.1291e-05 val=1.2855e-05 best=1.2855e-05 t=737s
kim_K16_b50 ep=725 lr=1.0e-05 train=1.1266e-05 val=1.2837e-05 best=1.2831e-05 t=742s
kim_K16_b50 ep=730 lr=1.0e-05 train=1.1251e-05 val=1.2795e-05 best=1.2795e-05 t=747s
kim_K16_b50 ep=735 lr=1.0e-05 train=1.1212e-05 val=1.2778e-05 best=1.2778e-05 t=752s
kim_K16_b50 ep=740 lr=1.0e-05 train=1.1198e-05 val=1.2752e-05 best=1.2752e-05 t=757s
kim_K16_b50 ep=750 lr=1.0e-05 train=1.1171e-05 val=1.2728e-05 best=1.2699e-05 t=767s
kim_K16_b50 ep=760 lr=1.0e-05 train=1.1117e-05 val=1.2653e-05 best=1.2653e-05 t=778s
kim_K16_b50 ep=775 lr=1.0e-05 train=1.1051e-05 val=1.2599e-05 best=1.2599e-05 t=793s
kim_K16_b50 ep=780 lr=1.0e-05 train=1.1051e-05 val=1.2566e-05 best=1.2566e-05 t=798s
kim_K16_b50 ep=800 lr=1.0e-05 train=1.0943e-05 val=1.2474e-05 best=1.2474e-05 t=818s
kim_K16_b50 ep=805 lr=1.0e-05 train=1.0935e-05 val=1.2454e-05 best=1.2454e-05 t=824s
kim_K16_b50 ep=810 lr=1.0e-05 train=1.0902e-05 val=1.2414e-05 best=1.2414e-05 t=829s
kim_K16_b50 ep=825 lr=1.0e-05 train=1.0844e-05 val=1.2386e-05 best=1.2369e-05 t=844s
kim_K16_b50 ep=850 lr=1.0e-05 train=1.0748e-05 val=1.2264e-05 best=1.2264e-05 t=870s
kim_K16_b50 ep=865 lr=1.0e-05 train=1.0678e-05 val=1.2181e-05 best=1.2181e-05 t=885s
kim_K16_b50 ep=875 lr=1.0e-05 train=1.0642e-05 val=1.2139e-05 best=1.2139e-05 t=895s
kim_K16_b50 ep=880 lr=1.0e-05 train=1.0631e-05 val=1.2119e-05 best=1.2119e-05 t=900s
kim_K16_b50 ep=885 lr=1.0e-05 train=1.0616e-05 val=1.2095e-05 best=1.2095e-05 t=906s
kim_K16_b50 ep=900 lr=1.0e-05 train=1.0543e-05 val=1.2046e-05 best=1.2045e-05 t=921s
kim_K16_b50 ep=925 lr=1.0e-05 train=1.0474e-05 val=1.1937e-05 best=1.1936e-05 t=946s
kim_K16_b50 ep=930 lr=1.0e-05 train=1.0449e-05 val=1.1892e-05 best=1.1892e-05 t=952s
kim_K16_b50 ep=940 lr=1.0e-05 train=1.0414e-05 val=1.1875e-05 best=1.1875e-05 t=962s
kim_K16_b50 ep=950 lr=1.0e-05 train=1.0373e-05 val=1.1843e-05 best=1.1824e-05 t=972s
kim_K16_b50 ep=960 lr=1.0e-05 train=1.0338e-05 val=1.1790e-05 best=1.1790e-05 t=982s
kim_K16_b50 ep=965 lr=1.0e-05 train=1.0310e-05 val=1.1759e-05 best=1.1759e-05 t=987s
kim_K16_b50 ep=970 lr=1.0e-05 train=1.0293e-05 val=1.1736e-05 best=1.1736e-05 t=993s
kim_K16_b50 ep=975 lr=1.0e-05 train=1.0290e-05 val=1.1729e-05 best=1.1729e-05 t=998s
kim_K16_b50 ep=980 lr=1.0e-05 train=1.0269e-05 val=1.1698e-05 best=1.1698e-05 t=1003s
kim_K16_b50 ep=990 lr=1.0e-05 train=1.0228e-05 val=1.1655e-05 best=1.1655e-05 t=1013s
kim_K16_b50 ep=1000 lr=1.0e-05 train=1.0187e-05 val=1.1636e-05 best=1.1629e-05 t=1023s
kim_K16_b50 ep=1015 lr=1.0e-05 train=1.0153e-05 val=1.1596e-05 best=1.1596e-05 t=1039s
kim_K16_b50 ep=1025 lr=1.0e-05 train=1.0110e-05 val=1.1549e-05 best=1.1549e-05 t=1049s
kim_K16_b50 ep=1040 lr=1.0e-05 train=1.0052e-05 val=1.1490e-05 best=1.1490e-05 t=1064s
kim_K16_b50 ep=1050 lr=1.0e-05 train=1.0029e-05 val=1.1464e-05 best=1.1455e-05 t=1074s
kim_K16_b50 ep=1055 lr=1.0e-05 train=1.0010e-05 val=1.1417e-05 best=1.1417e-05 t=1080s
kim_K16_b50 ep=1070 lr=1.0e-05 train=9.9533e-06 val=1.1359e-05 best=1.1359e-05 t=1095s
kim_K16_b50 ep=1075 lr=1.0e-05 train=9.9507e-06 val=1.1364e-05 best=1.1340e-05 t=1100s
kim_K16_b50 ep=1095 lr=1.0e-05 train=9.8836e-06 val=1.1289e-05 best=1.1289e-05 t=1121s
kim_K16_b50 ep=1100 lr=1.0e-05 train=9.8551e-06 val=1.1265e-05 best=1.1259e-05 t=1126s
kim_K16_b50 ep=1105 lr=1.0e-05 train=9.8451e-06 val=1.1245e-05 best=1.1245e-05 t=1131s
kim_K16_b50 ep=1120 lr=1.0e-05 train=9.7913e-06 val=1.1198e-05 best=1.1198e-05 t=1146s
kim_K16_b50 ep=1125 lr=1.0e-05 train=9.7801e-06 val=1.1172e-05 best=1.1172e-05 t=1151s
kim_K16_b50 ep=1135 lr=1.0e-05 train=9.7487e-06 val=1.1141e-05 best=1.1141e-05 t=1161s
kim_K16_b50 ep=1150 lr=1.0e-05 train=9.6991e-06 val=1.1100e-05 best=1.1086e-05 t=1177s
TRAINED kim_K16_b50 {'stop_reason': 'wall_budget', 'epochs': 1174, 'best_val': 1.0996747732860968e-05, 'seconds': 1200.3502091858536}
NM-LSPG kim_K16_b50 worst_evolved 0.8530470972473145 autoencode 0.3826286224655834 tune 0.8455852151491272
ARM kim_K16_b200: n=16129 K=16 M1=32258 M2=322760 nnz=10266680 micro=120 weights+adam~8.5GB
kim_K16_b200 ep=0 lr=1.0e-03 train=4.5011e-02 val=1.2478e-02 best=1.2478e-02 t=0s
kim_K16_b200 ep=5 lr=1.0e-03 train=1.1698e-03 val=1.0036e-03 best=1.0036e-03 t=7s
kim_K16_b200 ep=10 lr=1.0e-03 train=5.0843e-04 val=4.6828e-04 best=4.6828e-04 t=13s
kim_K16_b200 ep=15 lr=1.0e-03 train=2.6466e-04 val=2.5798e-04 best=2.5798e-04 t=20s
kim_K16_b200 ep=20 lr=1.0e-03 train=1.7725e-04 val=1.8351e-04 best=1.8351e-04 t=27s
kim_K16_b200 ep=25 lr=1.0e-03 train=1.4677e-04 val=1.5066e-04 best=1.5066e-04 t=33s
kim_K16_b200 ep=30 lr=1.0e-03 train=1.1696e-04 val=1.1964e-04 best=1.1964e-04 t=40s
kim_K16_b200 ep=45 lr=1.0e-03 train=8.4874e-05 val=8.5439e-05 best=8.5439e-05 t=60s
kim_K16_b200 ep=50 lr=1.0e-03 train=9.4240e-05 val=9.3102e-05 best=7.9224e-05 t=67s
kim_K16_b200 ep=55 lr=1.0e-03 train=7.1320e-05 val=7.2577e-05 best=7.2577e-05 t=73s
kim_K16_b200 ep=60 lr=1.0e-03 train=5.6497e-05 val=5.6111e-05 best=5.6111e-05 t=80s
kim_K16_b200 ep=75 lr=1.0e-04 train=3.4029e-05 val=3.7189e-05 best=3.7189e-05 t=100s
kim_K16_b200 ep=80 lr=1.0e-04 train=3.2443e-05 val=3.5706e-05 best=3.5706e-05 t=107s
kim_K16_b200 ep=85 lr=1.0e-04 train=3.1417e-05 val=3.4589e-05 best=3.4589e-05 t=114s
kim_K16_b200 ep=90 lr=1.0e-04 train=3.0485e-05 val=3.3583e-05 best=3.3583e-05 t=120s
kim_K16_b200 ep=95 lr=1.0e-04 train=2.9637e-05 val=3.2785e-05 best=3.2785e-05 t=127s
kim_K16_b200 ep=100 lr=1.0e-04 train=2.8938e-05 val=3.1963e-05 best=3.1963e-05 t=134s
kim_K16_b200 ep=105 lr=1.0e-04 train=2.8307e-05 val=3.1229e-05 best=3.1229e-05 t=140s
kim_K16_b200 ep=110 lr=1.0e-04 train=2.7608e-05 val=3.0493e-05 best=3.0493e-05 t=147s
kim_K16_b200 ep=115 lr=1.0e-04 train=2.7041e-05 val=2.9994e-05 best=2.9994e-05 t=154s
kim_K16_b200 ep=120 lr=1.0e-04 train=2.6450e-05 val=2.9317e-05 best=2.9317e-05 t=161s
kim_K16_b200 ep=125 lr=1.0e-04 train=2.5878e-05 val=2.8654e-05 best=2.8654e-05 t=167s
kim_K16_b200 ep=130 lr=1.0e-04 train=2.5302e-05 val=2.8075e-05 best=2.8075e-05 t=174s
kim_K16_b200 ep=135 lr=1.0e-04 train=2.4815e-05 val=2.7526e-05 best=2.7526e-05 t=181s
kim_K16_b200 ep=140 lr=1.0e-04 train=2.4271e-05 val=2.6904e-05 best=2.6904e-05 t=187s
kim_K16_b200 ep=145 lr=1.0e-04 train=2.3707e-05 val=2.6307e-05 best=2.6307e-05 t=194s
kim_K16_b200 ep=150 lr=1.0e-04 train=2.3230e-05 val=2.5974e-05 best=2.5974e-05 t=201s
kim_K16_b200 ep=155 lr=1.0e-04 train=2.2792e-05 val=2.5371e-05 best=2.5371e-05 t=208s
kim_K16_b200 ep=160 lr=1.0e-04 train=2.2274e-05 val=2.4760e-05 best=2.4760e-05 t=214s
kim_K16_b200 ep=165 lr=1.0e-04 train=2.1805e-05 val=2.4328e-05 best=2.4328e-05 t=221s
kim_K16_b200 ep=170 lr=1.0e-04 train=2.1296e-05 val=2.3789e-05 best=2.3789e-05 t=228s
kim_K16_b200 ep=175 lr=1.0e-04 train=2.0947e-05 val=2.3339e-05 best=2.3339e-05 t=234s
kim_K16_b200 ep=185 lr=1.0e-04 train=2.0012e-05 val=2.2326e-05 best=2.2326e-05 t=248s
kim_K16_b200 ep=190 lr=1.0e-04 train=1.9584e-05 val=2.1783e-05 best=2.1783e-05 t=255s
kim_K16_b200 ep=195 lr=1.0e-04 train=1.9151e-05 val=2.1327e-05 best=2.1327e-05 t=261s
kim_K16_b200 ep=200 lr=1.0e-04 train=1.8758e-05 val=2.1145e-05 best=2.0989e-05 t=268s
kim_K16_b200 ep=205 lr=1.0e-04 train=1.8343e-05 val=2.0510e-05 best=2.0510e-05 t=275s
kim_K16_b200 ep=210 lr=1.0e-04 train=1.7951e-05 val=1.9994e-05 best=1.9994e-05 t=281s
kim_K16_b200 ep=215 lr=1.0e-04 train=1.7479e-05 val=1.9669e-05 best=1.9669e-05 t=288s
kim_K16_b200 ep=220 lr=1.0e-04 train=1.7222e-05 val=1.9180e-05 best=1.9180e-05 t=295s
kim_K16_b200 ep=225 lr=1.0e-04 train=1.6890e-05 val=1.9080e-05 best=1.9035e-05 t=302s
kim_K16_b200 ep=230 lr=1.0e-04 train=1.6577e-05 val=1.8393e-05 best=1.8393e-05 t=308s
kim_K16_b200 ep=235 lr=1.0e-04 train=1.6266e-05 val=1.8293e-05 best=1.8293e-05 t=315s
kim_K16_b200 ep=245 lr=1.0e-04 train=1.5520e-05 val=1.7380e-05 best=1.7380e-05 t=328s
kim_K16_b200 ep=250 lr=1.0e-04 train=1.5458e-05 val=1.7545e-05 best=1.7297e-05 t=335s
kim_K16_b200 ep=255 lr=1.0e-04 train=1.4956e-05 val=1.6881e-05 best=1.6881e-05 t=342s
kim_K16_b200 ep=260 lr=1.0e-04 train=1.4694e-05 val=1.6699e-05 best=1.6699e-05 t=349s
kim_K16_b200 ep=265 lr=1.0e-04 train=1.4676e-05 val=1.6417e-05 best=1.6417e-05 t=355s
kim_K16_b200 ep=275 lr=1.0e-04 train=1.4038e-05 val=1.5836e-05 best=1.5836e-05 t=369s
kim_K16_b200 ep=295 lr=1.0e-04 train=1.3282e-05 val=1.4990e-05 best=1.4990e-05 t=396s
kim_K16_b200 ep=300 lr=1.0e-04 train=1.4467e-05 val=1.5252e-05 best=1.4990e-05 t=402s
kim_K16_b200 ep=305 lr=1.0e-04 train=1.3330e-05 val=1.4896e-05 best=1.4896e-05 t=409s
kim_K16_b200 ep=320 lr=1.0e-05 train=9.5874e-06 val=1.1190e-05 best=1.1190e-05 t=429s
kim_K16_b200 ep=325 lr=1.0e-05 train=9.5018e-06 val=1.1126e-05 best=1.1126e-05 t=436s
kim_K16_b200 ep=335 lr=1.0e-05 train=9.4542e-06 val=1.1053e-05 best=1.1053e-05 t=449s
kim_K16_b200 ep=340 lr=1.0e-05 train=9.4297e-06 val=1.1040e-05 best=1.1040e-05 t=456s
kim_K16_b200 ep=350 lr=1.0e-05 train=9.3719e-06 val=1.0987e-05 best=1.0984e-05 t=470s
kim_K16_b200 ep=360 lr=1.0e-05 train=9.3223e-06 val=1.0921e-05 best=1.0921e-05 t=483s
kim_K16_b200 ep=370 lr=1.0e-05 train=9.2534e-06 val=1.0844e-05 best=1.0844e-05 t=496s
kim_K16_b200 ep=375 lr=1.0e-05 train=9.2338e-06 val=1.0803e-05 best=1.0803e-05 t=503s
kim_K16_b200 ep=380 lr=1.0e-05 train=9.2164e-06 val=1.0768e-05 best=1.0768e-05 t=510s
kim_K16_b200 ep=385 lr=1.0e-05 train=9.1701e-06 val=1.0746e-05 best=1.0746e-05 t=517s
kim_K16_b200 ep=390 lr=1.0e-05 train=9.1364e-06 val=1.0710e-05 best=1.0710e-05 t=523s
kim_K16_b200 ep=400 lr=1.0e-05 train=9.0782e-06 val=1.0640e-05 best=1.0640e-05 t=537s
kim_K16_b200 ep=410 lr=1.0e-05 train=9.0114e-06 val=1.0553e-05 best=1.0553e-05 t=550s
kim_K16_b200 ep=420 lr=1.0e-05 train=8.9658e-06 val=1.0478e-05 best=1.0478e-05 t=564s
kim_K16_b200 ep=425 lr=1.0e-05 train=8.9068e-06 val=1.0431e-05 best=1.0431e-05 t=570s
kim_K16_b200 ep=430 lr=1.0e-05 train=8.8783e-06 val=1.0396e-05 best=1.0396e-05 t=577s
kim_K16_b200 ep=440 lr=1.0e-05 train=8.7986e-06 val=1.0282e-05 best=1.0282e-05 t=591s
kim_K16_b200 ep=450 lr=1.0e-05 train=8.7471e-06 val=1.0292e-05 best=1.0264e-05 t=604s
kim_K16_b200 ep=460 lr=1.0e-05 train=8.6370e-06 val=1.0148e-05 best=1.0148e-05 t=617s
kim_K16_b200 ep=465 lr=1.0e-05 train=8.6154e-06 val=1.0087e-05 best=1.0087e-05 t=624s
kim_K16_b200 ep=470 lr=1.0e-05 train=8.5632e-06 val=1.0042e-05 best=1.0042e-05 t=631s
kim_K16_b200 ep=475 lr=1.0e-05 train=8.5378e-06 val=1.0045e-05 best=1.0019e-05 t=638s
kim_K16_b200 ep=500 lr=1.0e-05 train=8.3183e-06 val=9.7724e-06 best=9.7542e-06 t=671s
kim_K16_b200 ep=505 lr=1.0e-05 train=8.2513e-06 val=9.6701e-06 best=9.6701e-06 t=678s
kim_K16_b200 ep=520 lr=1.0e-05 train=8.1786e-06 val=9.5445e-06 best=9.5445e-06 t=698s
kim_K16_b200 ep=525 lr=1.0e-05 train=8.1201e-06 val=9.5387e-06 best=9.5387e-06 t=705s
kim_K16_b200 ep=535 lr=1.0e-05 train=8.0208e-06 val=9.4286e-06 best=9.4286e-06 t=718s
kim_K16_b200 ep=550 lr=1.0e-05 train=7.8877e-06 val=9.2860e-06 best=9.2860e-06 t=738s
kim_K16_b200 ep=555 lr=1.0e-05 train=7.8531e-06 val=9.2495e-06 best=9.2495e-06 t=745s
kim_K16_b200 ep=570 lr=1.0e-05 train=7.7569e-06 val=9.1171e-06 best=9.1171e-06 t=765s
kim_K16_b200 ep=575 lr=1.0e-05 train=7.6764e-06 val=9.1154e-06 best=9.0479e-06 t=772s
kim_K16_b200 ep=580 lr=1.0e-05 train=7.6784e-06 val=9.0343e-06 best=9.0343e-06 t=779s
kim_K16_b200 ep=585 lr=1.0e-05 train=7.5997e-06 val=8.9512e-06 best=8.9512e-06 t=786s
kim_K16_b200 ep=600 lr=1.0e-05 train=7.5021e-06 val=8.8596e-06 best=8.8596e-06 t=806s
kim_K16_b200 ep=610 lr=1.0e-05 train=7.4408e-06 val=8.7358e-06 best=8.7358e-06 t=819s
kim_K16_b200 ep=615 lr=1.0e-05 train=7.3613e-06 val=8.7109e-06 best=8.7109e-06 t=826s
kim_K16_b200 ep=625 lr=1.0e-05 train=7.3066e-06 val=8.6280e-06 best=8.6280e-06 t=839s
kim_K16_b200 ep=635 lr=1.0e-05 train=7.2470e-06 val=8.5247e-06 best=8.5247e-06 t=853s
kim_K16_b200 ep=640 lr=1.0e-05 train=7.2023e-06 val=8.5154e-06 best=8.5154e-06 t=859s
kim_K16_b200 ep=645 lr=1.0e-05 train=7.1745e-06 val=8.4876e-06 best=8.4876e-06 t=866s
kim_K16_b200 ep=650 lr=1.0e-05 train=7.1402e-06 val=8.4822e-06 best=8.4541e-06 t=873s
kim_K16_b200 ep=660 lr=1.0e-05 train=7.0498e-06 val=8.3476e-06 best=8.3476e-06 t=886s
kim_K16_b200 ep=670 lr=1.0e-05 train=7.0079e-06 val=8.2865e-06 best=8.2865e-06 t=900s
kim_K16_b200 ep=675 lr=1.0e-05 train=6.9486e-06 val=8.2406e-06 best=8.2406e-06 t=906s
kim_K16_b200 ep=685 lr=1.0e-05 train=6.8794e-06 val=8.1796e-06 best=8.1796e-06 t=920s
kim_K16_b200 ep=700 lr=1.0e-05 train=6.8065e-06 val=8.0412e-06 best=8.0412e-06 t=940s
kim_K16_b200 ep=725 lr=1.0e-05 train=6.6302e-06 val=7.8837e-06 best=7.8772e-06 t=974s
kim_K16_b200 ep=735 lr=1.0e-05 train=6.5497e-06 val=7.7881e-06 best=7.7881e-06 t=987s
kim_K16_b200 ep=740 lr=1.0e-05 train=6.5445e-06 val=7.7876e-06 best=7.7876e-06 t=994s
kim_K16_b200 ep=750 lr=1.0e-05 train=6.4962e-06 val=7.7584e-06 best=7.6919e-06 t=1007s
kim_K16_b200 ep=770 lr=1.0e-05 train=6.3883e-06 val=7.5796e-06 best=7.5796e-06 t=1034s
kim_K16_b200 ep=775 lr=1.0e-05 train=6.3505e-06 val=7.5658e-06 best=7.5556e-06 t=1041s
kim_K16_b200 ep=790 lr=1.0e-05 train=6.2465e-06 val=7.4446e-06 best=7.4446e-06 t=1061s
kim_K16_b200 ep=800 lr=1.0e-05 train=6.2096e-06 val=7.3722e-06 best=7.3722e-06 t=1075s
kim_K16_b200 ep=825 lr=1.0e-05 train=6.0661e-06 val=7.2635e-06 best=7.2568e-06 t=1108s
kim_K16_b200 ep=830 lr=1.0e-05 train=6.0373e-06 val=7.2013e-06 best=7.2013e-06 t=1115s
kim_K16_b200 ep=845 lr=1.0e-05 train=5.9818e-06 val=7.1264e-06 best=7.1264e-06 t=1135s
kim_K16_b200 ep=850 lr=1.0e-05 train=5.9644e-06 val=7.1195e-06 best=7.0897e-06 t=1142s
kim_K16_b200 ep=875 lr=1.0e-05 train=5.8191e-06 val=6.9639e-06 best=6.9639e-06 t=1175s
TRAINED kim_K16_b200 {'stop_reason': 'wall_budget', 'epochs': 895, 'best_val': 6.884200956847053e-06, 'seconds': 1200.8868696982972}
NM-LSPG kim_K16_b200 worst_evolved 0.6845027258614964 autoencode 0.404520576209204 tune 0.6978230250123227
ARM kim_K16_M1_4096: n=16129 K=16 M1=4096 M2=161380 nnz=5133340 micro=240 weights+adam~1.1GB
kim_K16_M1_4096 ep=0 lr=1.0e-03 train=9.2192e-03 val=3.5639e-03 best=3.5639e-03 t=0s
kim_K16_M1_4096 ep=5 lr=1.0e-03 train=4.3608e-04 val=3.8211e-04 best=3.8211e-04 t=3s
kim_K16_M1_4096 ep=15 lr=1.0e-03 train=1.4246e-04 val=1.4397e-04 best=1.4397e-04 t=9s
kim_K16_M1_4096 ep=25 lr=1.0e-03 train=1.7931e-04 val=1.4734e-04 best=1.4301e-04 t=14s
kim_K16_M1_4096 ep=40 lr=1.0e-03 train=8.3277e-05 val=8.3578e-05 best=8.3578e-05 t=23s
kim_K16_M1_4096 ep=50 lr=1.0e-03 train=4.3287e-05 val=4.2923e-05 best=4.2923e-05 t=29s
kim_K16_M1_4096 ep=65 lr=1.0e-04 train=2.3307e-05 val=2.5697e-05 best=2.5697e-05 t=37s
kim_K16_M1_4096 ep=70 lr=1.0e-04 train=2.2389e-05 val=2.4985e-05 best=2.4985e-05 t=40s
kim_K16_M1_4096 ep=75 lr=1.0e-04 train=2.1960e-05 val=2.4443e-05 best=2.4443e-05 t=43s
kim_K16_M1_4096 ep=80 lr=1.0e-04 train=2.1576e-05 val=2.4157e-05 best=2.4157e-05 t=46s
kim_K16_M1_4096 ep=90 lr=1.0e-04 train=2.0849e-05 val=2.3362e-05 best=2.3362e-05 t=52s
kim_K16_M1_4096 ep=100 lr=1.0e-04 train=2.0183e-05 val=2.2604e-05 best=2.2604e-05 t=58s
kim_K16_M1_4096 ep=105 lr=1.0e-04 train=1.9899e-05 val=2.2283e-05 best=2.2283e-05 t=60s
kim_K16_M1_4096 ep=110 lr=1.0e-04 train=1.9531e-05 val=2.1819e-05 best=2.1819e-05 t=63s
kim_K16_M1_4096 ep=115 lr=1.0e-04 train=1.9227e-05 val=2.1669e-05 best=2.1669e-05 t=66s
kim_K16_M1_4096 ep=125 lr=1.0e-04 train=1.8572e-05 val=2.0821e-05 best=2.0821e-05 t=72s
kim_K16_M1_4096 ep=130 lr=1.0e-04 train=1.8272e-05 val=2.0474e-05 best=2.0474e-05 t=75s
kim_K16_M1_4096 ep=135 lr=1.0e-04 train=1.8014e-05 val=2.0241e-05 best=2.0241e-05 t=78s
kim_K16_M1_4096 ep=140 lr=1.0e-04 train=1.7631e-05 val=1.9710e-05 best=1.9710e-05 t=81s
kim_K16_M1_4096 ep=150 lr=1.0e-04 train=1.7022e-05 val=1.9268e-05 best=1.9268e-05 t=86s
kim_K16_M1_4096 ep=155 lr=1.0e-04 train=1.6764e-05 val=1.8824e-05 best=1.8824e-05 t=89s
kim_K16_M1_4096 ep=160 lr=1.0e-04 train=1.6403e-05 val=1.8410e-05 best=1.8410e-05 t=92s
kim_K16_M1_4096 ep=170 lr=1.0e-04 train=1.5792e-05 val=1.7804e-05 best=1.7804e-05 t=98s
kim_K16_M1_4096 ep=175 lr=1.0e-04 train=1.5571e-05 val=1.7459e-05 best=1.7459e-05 t=101s
kim_K16_M1_4096 ep=185 lr=1.0e-04 train=1.5014e-05 val=1.6800e-05 best=1.6800e-05 t=107s
kim_K16_M1_4096 ep=190 lr=1.0e-04 train=1.4735e-05 val=1.6568e-05 best=1.6568e-05 t=110s
kim_K16_M1_4096 ep=195 lr=1.0e-04 train=1.4526e-05 val=1.6302e-05 best=1.6302e-05 t=112s
kim_K16_M1_4096 ep=200 lr=1.0e-04 train=1.4232e-05 val=1.6205e-05 best=1.6001e-05 t=115s
kim_K16_M1_4096 ep=205 lr=1.0e-04 train=1.4016e-05 val=1.5674e-05 best=1.5674e-05 t=118s
kim_K16_M1_4096 ep=210 lr=1.0e-04 train=1.3721e-05 val=1.5302e-05 best=1.5302e-05 t=121s
kim_K16_M1_4096 ep=220 lr=1.0e-04 train=1.3246e-05 val=1.4840e-05 best=1.4840e-05 t=127s
kim_K16_M1_4096 ep=225 lr=1.0e-04 train=1.3037e-05 val=1.4651e-05 best=1.4651e-05 t=130s
kim_K16_M1_4096 ep=230 lr=1.0e-04 train=1.2847e-05 val=1.4415e-05 best=1.4415e-05 t=133s
kim_K16_M1_4096 ep=245 lr=1.0e-04 train=1.2186e-05 val=1.3795e-05 best=1.3795e-05 t=141s
kim_K16_M1_4096 ep=250 lr=1.0e-04 train=1.2003e-05 val=1.3587e-05 best=1.3460e-05 t=144s
kim_K16_M1_4096 ep=255 lr=1.0e-04 train=1.1724e-05 val=1.3249e-05 best=1.3249e-05 t=147s
kim_K16_M1_4096 ep=260 lr=1.0e-04 train=1.1593e-05 val=1.3195e-05 best=1.3195e-05 t=150s
kim_K16_M1_4096 ep=265 lr=1.0e-04 train=1.1381e-05 val=1.2864e-05 best=1.2864e-05 t=153s
kim_K16_M1_4096 ep=275 lr=1.0e-04 train=1.1024e-05 val=1.2533e-05 best=1.2533e-05 t=159s
kim_K16_M1_4096 ep=280 lr=1.0e-04 train=1.0869e-05 val=1.2128e-05 best=1.2128e-05 t=162s
kim_K16_M1_4096 ep=290 lr=1.0e-04 train=1.0457e-05 val=1.1817e-05 best=1.1817e-05 t=167s
kim_K16_M1_4096 ep=300 lr=1.0e-04 train=1.0312e-05 val=1.1588e-05 best=1.1588e-05 t=173s
kim_K16_M1_4096 ep=305 lr=1.0e-04 train=1.0305e-05 val=1.1365e-05 best=1.1365e-05 t=176s
kim_K16_M1_4096 ep=315 lr=1.0e-04 train=9.6503e-06 val=1.1107e-05 best=1.1107e-05 t=182s
kim_K16_M1_4096 ep=325 lr=1.0e-04 train=9.5918e-06 val=1.0566e-05 best=1.0566e-05 t=188s
kim_K16_M1_4096 ep=340 lr=1.0e-04 train=9.1162e-06 val=1.0314e-05 best=1.0314e-05 t=196s
kim_K16_M1_4096 ep=350 lr=1.0e-04 train=8.8556e-06 val=1.0330e-05 best=1.0130e-05 t=202s
kim_K16_M1_4096 ep=375 lr=1.0e-04 train=8.2075e-06 val=9.3759e-06 best=9.3708e-06 t=217s
kim_K16_M1_4096 ep=380 lr=1.0e-04 train=8.1524e-06 val=9.1911e-06 best=9.1911e-06 t=219s
kim_K16_M1_4096 ep=400 lr=1.0e-04 train=7.8894e-06 val=9.1079e-06 best=9.0548e-06 t=231s
kim_K16_M1_4096 ep=410 lr=1.0e-04 train=7.7205e-06 val=8.7691e-06 best=8.7691e-06 t=237s
kim_K16_M1_4096 ep=425 lr=1.0e-04 train=7.5825e-06 val=8.4019e-06 best=8.4019e-06 t=245s
kim_K16_M1_4096 ep=435 lr=1.0e-04 train=7.0798e-06 val=8.0800e-06 best=8.0800e-06 t=251s
kim_K16_M1_4096 ep=445 lr=1.0e-05 train=5.9488e-06 val=6.9779e-06 best=6.9779e-06 t=257s
kim_K16_M1_4096 ep=450 lr=1.0e-05 train=5.8858e-06 val=6.9490e-06 best=6.9407e-06 t=260s
kim_K16_M1_4096 ep=460 lr=1.0e-05 train=5.8659e-06 val=6.9257e-06 best=6.9257e-06 t=266s
kim_K16_M1_4096 ep=470 lr=1.0e-05 train=5.8559e-06 val=6.9114e-06 best=6.9114e-06 t=271s
kim_K16_M1_4096 ep=475 lr=1.0e-05 train=5.8511e-06 val=6.9087e-06 best=6.9039e-06 t=274s
kim_K16_M1_4096 ep=500 lr=1.0e-05 train=5.8168e-06 val=6.8692e-06 best=6.8686e-06 t=289s
kim_K16_M1_4096 ep=505 lr=1.0e-05 train=5.8032e-06 val=6.8376e-06 best=6.8376e-06 t=292s
kim_K16_M1_4096 ep=520 lr=1.0e-05 train=5.7905e-06 val=6.8233e-06 best=6.8233e-06 t=300s
kim_K16_M1_4096 ep=525 lr=1.0e-05 train=5.7843e-06 val=6.8323e-06 best=6.8231e-06 t=303s
kim_K16_M1_4096 ep=550 lr=1.0e-05 train=5.7277e-06 val=6.7828e-06 best=6.7707e-06 t=318s
kim_K16_M1_4096 ep=570 lr=1.0e-05 train=5.7021e-06 val=6.7300e-06 best=6.7300e-06 t=329s
kim_K16_M1_4096 ep=575 lr=1.0e-05 train=5.6856e-06 val=6.7454e-06 best=6.7130e-06 t=332s
kim_K16_M1_4096 ep=585 lr=1.0e-05 train=5.6659e-06 val=6.6872e-06 best=6.6872e-06 t=338s
kim_K16_M1_4096 ep=595 lr=1.0e-05 train=5.6483e-06 val=6.6669e-06 best=6.6669e-06 t=344s
kim_K16_M1_4096 ep=600 lr=1.0e-05 train=5.6432e-06 val=6.6699e-06 best=6.6669e-06 t=347s
kim_K16_M1_4096 ep=625 lr=1.0e-05 train=5.5992e-06 val=6.6210e-06 best=6.6086e-06 t=361s
kim_K16_M1_4096 ep=630 lr=1.0e-05 train=5.5861e-06 val=6.5812e-06 best=6.5812e-06 t=364s
kim_K16_M1_4096 ep=635 lr=1.0e-05 train=5.5736e-06 val=6.5800e-06 best=6.5800e-06 t=367s
kim_K16_M1_4096 ep=640 lr=1.0e-05 train=5.5614e-06 val=6.5795e-06 best=6.5795e-06 t=370s
kim_K16_M1_4096 ep=650 lr=1.0e-05 train=5.5489e-06 val=6.5510e-06 best=6.5510e-06 t=376s
kim_K16_M1_4096 ep=670 lr=1.0e-05 train=5.5074e-06 val=6.5111e-06 best=6.5111e-06 t=387s
kim_K16_M1_4096 ep=675 lr=1.0e-05 train=5.4900e-06 val=6.4975e-06 best=6.4975e-06 t=390s
kim_K16_M1_4096 ep=685 lr=1.0e-05 train=5.4714e-06 val=6.4791e-06 best=6.4791e-06 t=396s
kim_K16_M1_4096 ep=690 lr=1.0e-05 train=5.4688e-06 val=6.4568e-06 best=6.4568e-06 t=399s
kim_K16_M1_4096 ep=700 lr=1.0e-05 train=5.4421e-06 val=6.4309e-06 best=6.4309e-06 t=405s
kim_K16_M1_4096 ep=710 lr=1.0e-05 train=5.4222e-06 val=6.4266e-06 best=6.4266e-06 t=410s
kim_K16_M1_4096 ep=720 lr=1.0e-05 train=5.4054e-06 val=6.3957e-06 best=6.3957e-06 t=416s
kim_K16_M1_4096 ep=725 lr=1.0e-05 train=5.3967e-06 val=6.3850e-06 best=6.3850e-06 t=419s
kim_K16_M1_4096 ep=730 lr=1.0e-05 train=5.3870e-06 val=6.3750e-06 best=6.3750e-06 t=422s
kim_K16_M1_4096 ep=745 lr=1.0e-05 train=5.3551e-06 val=6.3440e-06 best=6.3440e-06 t=431s
kim_K16_M1_4096 ep=750 lr=1.0e-05 train=5.3546e-06 val=6.3501e-06 best=6.3287e-06 t=433s
kim_K16_M1_4096 ep=760 lr=1.0e-05 train=5.3347e-06 val=6.3059e-06 best=6.3059e-06 t=439s
kim_K16_M1_4096 ep=775 lr=1.0e-05 train=5.3012e-06 val=6.2877e-06 best=6.2873e-06 t=448s
kim_K16_M1_4096 ep=780 lr=1.0e-05 train=5.2993e-06 val=6.2710e-06 best=6.2710e-06 t=451s
kim_K16_M1_4096 ep=800 lr=1.0e-05 train=5.2510e-06 val=6.2238e-06 best=6.2238e-06 t=462s
kim_K16_M1_4096 ep=810 lr=1.0e-05 train=5.2357e-06 val=6.2109e-06 best=6.2109e-06 t=468s
kim_K16_M1_4096 ep=825 lr=1.0e-05 train=5.2068e-06 val=6.1980e-06 best=6.1852e-06 t=477s
kim_K16_M1_4096 ep=850 lr=1.0e-05 train=5.1644e-06 val=6.1497e-06 best=6.1337e-06 t=491s
kim_K16_M1_4096 ep=860 lr=1.0e-05 train=5.1468e-06 val=6.1132e-06 best=6.1132e-06 t=497s
kim_K16_M1_4096 ep=875 lr=1.0e-05 train=5.1196e-06 val=6.0811e-06 best=6.0811e-06 t=506s
kim_K16_M1_4096 ep=880 lr=1.0e-05 train=5.1114e-06 val=6.0713e-06 best=6.0713e-06 t=509s
kim_K16_M1_4096 ep=900 lr=1.0e-05 train=5.0752e-06 val=6.0454e-06 best=6.0411e-06 t=520s
kim_K16_M1_4096 ep=905 lr=1.0e-05 train=5.0744e-06 val=6.0166e-06 best=6.0166e-06 t=523s
kim_K16_M1_4096 ep=925 lr=1.0e-05 train=5.0425e-06 val=5.9975e-06 best=5.9819e-06 t=535s
kim_K16_M1_4096 ep=930 lr=1.0e-05 train=5.0302e-06 val=5.9619e-06 best=5.9619e-06 t=538s
kim_K16_M1_4096 ep=950 lr=1.0e-05 train=4.9994e-06 val=5.9540e-06 best=5.9357e-06 t=549s
kim_K16_M1_4096 ep=960 lr=1.0e-05 train=4.9770e-06 val=5.9273e-06 best=5.9273e-06 t=555s
kim_K16_M1_4096 ep=965 lr=1.0e-05 train=4.9688e-06 val=5.9145e-06 best=5.9145e-06 t=558s
kim_K16_M1_4096 ep=970 lr=1.0e-05 train=4.9583e-06 val=5.8923e-06 best=5.8923e-06 t=561s
kim_K16_M1_4096 ep=975 lr=1.0e-05 train=4.9657e-06 val=5.8935e-06 best=5.8923e-06 t=564s
kim_K16_M1_4096 ep=980 lr=1.0e-05 train=4.9531e-06 val=5.8797e-06 best=5.8797e-06 t=566s
kim_K16_M1_4096 ep=990 lr=1.0e-05 train=4.9332e-06 val=5.8601e-06 best=5.8601e-06 t=572s
kim_K16_M1_4096 ep=1000 lr=1.0e-05 train=4.9154e-06 val=5.8524e-06 best=5.8504e-06 t=578s
kim_K16_M1_4096 ep=1015 lr=1.0e-05 train=4.9000e-06 val=5.8358e-06 best=5.8358e-06 t=587s
kim_K16_M1_4096 ep=1025 lr=1.0e-05 train=4.8770e-06 val=5.8288e-06 best=5.8121e-06 t=592s
kim_K16_M1_4096 ep=1030 lr=1.0e-05 train=4.8648e-06 val=5.7994e-06 best=5.7994e-06 t=595s
kim_K16_M1_4096 ep=1050 lr=1.0e-05 train=4.8348e-06 val=5.7777e-06 best=5.7688e-06 t=607s
kim_K16_M1_4096 ep=1055 lr=1.0e-05 train=4.8296e-06 val=5.7417e-06 best=5.7417e-06 t=610s
kim_K16_M1_4096 ep=1070 lr=1.0e-05 train=4.8053e-06 val=5.7232e-06 best=5.7232e-06 t=619s
kim_K16_M1_4096 ep=1075 lr=1.0e-05 train=4.8064e-06 val=5.7307e-06 best=5.7158e-06 t=621s
kim_K16_M1_4096 ep=1100 lr=1.0e-05 train=4.7607e-06 val=5.6841e-06 best=5.6788e-06 t=636s
kim_K16_M1_4096 ep=1120 lr=1.0e-05 train=4.7304e-06 val=5.6427e-06 best=5.6427e-06 t=647s
kim_K16_M1_4096 ep=1125 lr=1.0e-05 train=4.7294e-06 val=5.6418e-06 best=5.6418e-06 t=650s
kim_K16_M1_4096 ep=1150 lr=1.0e-05 train=4.6911e-06 val=5.6022e-06 best=5.5983e-06 t=665s
kim_K16_M1_4096 ep=1175 lr=1.0e-05 train=4.6536e-06 val=5.5616e-06 best=5.5537e-06 t=679s
kim_K16_M1_4096 ep=1195 lr=1.0e-05 train=4.6355e-06 val=5.5323e-06 best=5.5323e-06 t=691s
kim_K16_M1_4096 ep=1200 lr=1.0e-05 train=4.6195e-06 val=5.5285e-06 best=5.5285e-06 t=694s
kim_K16_M1_4096 ep=1210 lr=1.0e-05 train=4.6059e-06 val=5.5036e-06 best=5.5036e-06 t=699s
kim_K16_M1_4096 ep=1225 lr=1.0e-05 train=4.5820e-06 val=5.5072e-06 best=5.4904e-06 t=708s
kim_K16_M1_4096 ep=1230 lr=1.0e-05 train=4.5771e-06 val=5.4710e-06 best=5.4710e-06 t=711s
kim_K16_M1_4096 ep=1240 lr=1.0e-05 train=4.5683e-06 val=5.4636e-06 best=5.4636e-06 t=717s
kim_K16_M1_4096 ep=1250 lr=1.0e-05 train=4.5581e-06 val=5.4560e-06 best=5.4415e-06 t=723s
kim_K16_M1_4096 ep=1255 lr=1.0e-05 train=4.5419e-06 val=5.4398e-06 best=5.4398e-06 t=725s
kim_K16_M1_4096 ep=1265 lr=1.0e-05 train=4.5325e-06 val=5.4281e-06 best=5.4281e-06 t=731s
kim_K16_M1_4096 ep=1275 lr=1.0e-05 train=4.5167e-06 val=5.4111e-06 best=5.4043e-06 t=737s
kim_K16_M1_4096 ep=1300 lr=1.0e-05 train=4.4900e-06 val=5.3736e-06 best=5.3639e-06 t=752s
kim_K16_M1_4096 ep=1310 lr=1.0e-05 train=4.4732e-06 val=5.3517e-06 best=5.3517e-06 t=757s
kim_K16_M1_4096 ep=1325 lr=1.0e-05 train=4.4529e-06 val=5.3585e-06 best=5.3341e-06 t=766s
kim_K16_M1_4096 ep=1340 lr=1.0e-05 train=4.4323e-06 val=5.3070e-06 best=5.3070e-06 t=775s
kim_K16_M1_4096 ep=1350 lr=1.0e-05 train=4.4228e-06 val=5.3055e-06 best=5.2975e-06 t=780s
kim_K16_M1_4096 ep=1375 lr=1.0e-05 train=4.3848e-06 val=5.2643e-06 best=5.2643e-06 t=795s
kim_K16_M1_4096 ep=1380 lr=1.0e-05 train=4.3824e-06 val=5.2595e-06 best=5.2595e-06 t=798s
kim_K16_M1_4096 ep=1385 lr=1.0e-05 train=4.3772e-06 val=5.2450e-06 best=5.2450e-06 t=801s
kim_K16_M1_4096 ep=1395 lr=1.0e-05 train=4.3635e-06 val=5.2382e-06 best=5.2382e-06 t=806s
kim_K16_M1_4096 ep=1400 lr=1.0e-05 train=4.3573e-06 val=5.2305e-06 best=5.2305e-06 t=809s
kim_K16_M1_4096 ep=1405 lr=1.0e-05 train=4.3648e-06 val=5.2259e-06 best=5.2259e-06 t=812s
kim_K16_M1_4096 ep=1420 lr=1.0e-05 train=4.3340e-06 val=5.2043e-06 best=5.2043e-06 t=821s
kim_K16_M1_4096 ep=1425 lr=1.0e-05 train=4.3291e-06 val=5.1962e-06 best=5.1962e-06 t=824s
kim_K16_M1_4096 ep=1430 lr=1.0e-05 train=4.3287e-06 val=5.1917e-06 best=5.1917e-06 t=827s
kim_K16_M1_4096 ep=1435 lr=1.0e-05 train=4.3167e-06 val=5.1796e-06 best=5.1796e-06 t=830s
kim_K16_M1_4096 ep=1445 lr=1.0e-05 train=4.3027e-06 val=5.1679e-06 best=5.1679e-06 t=835s
kim_K16_M1_4096 ep=1450 lr=1.0e-05 train=4.2972e-06 val=5.1600e-06 best=5.1600e-06 t=838s
kim_K16_M1_4096 ep=1465 lr=1.0e-05 train=4.2817e-06 val=5.1371e-06 best=5.1371e-06 t=847s
kim_K16_M1_4096 ep=1470 lr=1.0e-05 train=4.2752e-06 val=5.1341e-06 best=5.1341e-06 t=850s
kim_K16_M1_4096 ep=1475 lr=1.0e-05 train=4.2701e-06 val=5.1289e-06 best=5.1289e-06 t=853s
kim_K16_M1_4096 ep=1500 lr=1.0e-05 train=4.2430e-06 val=5.0928e-06 best=5.0928e-06 t=867s
kim_K16_M1_4096 ep=1525 lr=1.0e-05 train=4.2091e-06 val=5.0646e-06 best=5.0644e-06 t=882s
kim_K16_M1_4096 ep=1530 lr=1.0e-05 train=4.2043e-06 val=5.0513e-06 best=5.0513e-06 t=885s
kim_K16_M1_4096 ep=1550 lr=1.0e-05 train=4.1874e-06 val=5.0343e-06 best=5.0231e-06 t=896s
kim_K16_M1_4096 ep=1560 lr=1.0e-05 train=4.1703e-06 val=5.0136e-06 best=5.0136e-06 t=902s
kim_K16_M1_4096 ep=1570 lr=1.0e-05 train=4.1586e-06 val=5.0038e-06 best=5.0038e-06 t=908s
kim_K16_M1_4096 ep=1575 lr=1.0e-05 train=4.1543e-06 val=5.0120e-06 best=5.0036e-06 t=911s
kim_K16_M1_4096 ep=1590 lr=1.0e-05 train=4.1340e-06 val=4.9702e-06 best=4.9702e-06 t=919s
kim_K16_M1_4096 ep=1600 lr=1.0e-05 train=4.1233e-06 val=4.9879e-06 best=4.9642e-06 t=925s
kim_K16_M1_4096 ep=1610 lr=1.0e-05 train=4.1104e-06 val=4.9557e-06 best=4.9557e-06 t=931s
kim_K16_M1_4096 ep=1625 lr=1.0e-05 train=4.1007e-06 val=4.9518e-06 best=4.9365e-06 t=939s
kim_K16_M1_4096 ep=1645 lr=1.0e-05 train=4.0777e-06 val=4.9092e-06 best=4.9092e-06 t=951s
kim_K16_M1_4096 ep=1650 lr=1.0e-05 train=4.0737e-06 val=4.9123e-06 best=4.9091e-06 t=954s
kim_K16_M1_4096 ep=1655 lr=1.0e-05 train=4.0669e-06 val=4.8999e-06 best=4.8999e-06 t=957s
kim_K16_M1_4096 ep=1665 lr=1.0e-05 train=4.0599e-06 val=4.8877e-06 best=4.8877e-06 t=963s
kim_K16_M1_4096 ep=1670 lr=1.0e-05 train=4.0523e-06 val=4.8869e-06 best=4.8869e-06 t=965s
kim_K16_M1_4096 ep=1675 lr=1.0e-05 train=4.0504e-06 val=4.8980e-06 best=4.8819e-06 t=968s
kim_K16_M1_4096 ep=1685 lr=1.0e-05 train=4.0354e-06 val=4.8658e-06 best=4.8658e-06 t=974s
kim_K16_M1_4096 ep=1700 lr=1.0e-05 train=4.0167e-06 val=4.8591e-06 best=4.8574e-06 t=983s
kim_K16_M1_4096 ep=1705 lr=1.0e-05 train=4.0185e-06 val=4.8436e-06 best=4.8436e-06 t=986s
kim_K16_M1_4096 ep=1725 lr=1.0e-05 train=3.9963e-06 val=4.8193e-06 best=4.8172e-06 t=997s
kim_K16_M1_4096 ep=1750 lr=1.0e-05 train=3.9673e-06 val=4.7830e-06 best=4.7830e-06 t=1012s
kim_K16_M1_4096 ep=1770 lr=1.0e-05 train=3.9453e-06 val=4.7652e-06 best=4.7652e-06 t=1023s
kim_K16_M1_4096 ep=1775 lr=1.0e-05 train=3.9489e-06 val=4.7800e-06 best=4.7616e-06 t=1026s
kim_K16_M1_4096 ep=1785 lr=1.0e-05 train=3.9283e-06 val=4.7451e-06 best=4.7451e-06 t=1032s
kim_K16_M1_4096 ep=1795 lr=1.0e-05 train=3.9220e-06 val=4.7338e-06 best=4.7338e-06 t=1038s
kim_K16_M1_4096 ep=1800 lr=1.0e-05 train=3.9202e-06 val=4.7339e-06 best=4.7338e-06 t=1041s
kim_K16_M1_4096 ep=1825 lr=1.0e-05 train=3.8945e-06 val=4.7146e-06 best=4.7000e-06 t=1055s
kim_K16_M1_4096 ep=1850 lr=1.0e-05 train=3.8686e-06 val=4.6844e-06 best=4.6750e-06 t=1070s
kim_K16_M1_4096 ep=1870 lr=1.0e-05 train=3.8471e-06 val=4.6444e-06 best=4.6444e-06 t=1081s
kim_K16_M1_4096 ep=1875 lr=1.0e-05 train=3.8413e-06 val=4.6640e-06 best=4.6444e-06 t=1084s
kim_K16_M1_4096 ep=1890 lr=1.0e-05 train=3.8295e-06 val=4.6340e-06 best=4.6340e-06 t=1093s
kim_K16_M1_4096 ep=1895 lr=1.0e-05 train=3.8243e-06 val=4.6325e-06 best=4.6325e-06 t=1096s
kim_K16_M1_4096 ep=1900 lr=1.0e-05 train=3.8219e-06 val=4.6304e-06 best=4.6303e-06 t=1099s
kim_K16_M1_4096 ep=1925 lr=1.0e-05 train=3.7933e-06 val=4.6037e-06 best=4.5980e-06 t=1113s
kim_K16_M1_4096 ep=1930 lr=1.0e-05 train=3.7971e-06 val=4.5838e-06 best=4.5838e-06 t=1116s
kim_K16_M1_4096 ep=1940 lr=1.0e-05 train=3.7838e-06 val=4.5735e-06 best=4.5735e-06 t=1122s
kim_K16_M1_4096 ep=1950 lr=1.0e-05 train=3.7842e-06 val=4.5675e-06 best=4.5675e-06 t=1127s
kim_K16_M1_4096 ep=1955 lr=1.0e-05 train=3.7681e-06 val=4.5668e-06 best=4.5668e-06 t=1130s
kim_K16_M1_4096 ep=1965 lr=1.0e-05 train=3.7625e-06 val=4.5560e-06 best=4.5560e-06 t=1136s
kim_K16_M1_4096 ep=1975 lr=1.0e-05 train=3.7521e-06 val=4.5546e-06 best=4.5489e-06 t=1142s
kim_K16_M1_4096 ep=1980 lr=1.0e-05 train=3.7465e-06 val=4.5424e-06 best=4.5424e-06 t=1145s
kim_K16_M1_4096 ep=2000 lr=1.0e-05 train=3.7308e-06 val=4.5382e-06 best=4.5174e-06 t=1156s
kim_K16_M1_4096 ep=2005 lr=1.0e-05 train=3.7333e-06 val=4.5105e-06 best=4.5105e-06 t=1159s
kim_K16_M1_4096 ep=2010 lr=1.0e-05 train=3.7234e-06 val=4.5038e-06 best=4.5038e-06 t=1162s
kim_K16_M1_4096 ep=2020 lr=1.0e-05 train=3.7141e-06 val=4.4972e-06 best=4.4972e-06 t=1168s
kim_K16_M1_4096 ep=2025 lr=1.0e-05 train=3.7131e-06 val=4.4992e-06 best=4.4940e-06 t=1171s
kim_K16_M1_4096 ep=2030 lr=1.0e-05 train=3.6981e-06 val=4.4864e-06 best=4.4864e-06 t=1174s
kim_K16_M1_4096 ep=2040 lr=1.0e-05 train=3.6940e-06 val=4.4788e-06 best=4.4788e-06 t=1179s
kim_K16_M1_4096 ep=2050 lr=1.0e-05 train=3.6841e-06 val=4.4859e-06 best=4.4691e-06 t=1185s
kim_K16_M1_4096 ep=2060 lr=1.0e-05 train=3.6806e-06 val=4.4614e-06 best=4.4614e-06 t=1191s
kim_K16_M1_4096 ep=2070 lr=1.0e-05 train=3.6651e-06 val=4.4526e-06 best=4.4526e-06 t=1197s
kim_K16_M1_4096 ep=2075 lr=1.0e-05 train=3.6625e-06 val=4.4578e-06 best=4.4503e-06 t=1200s
TRAINED kim_K16_M1_4096 {'stop_reason': 'wall_budget', 'epochs': 2077, 'best_val': 4.450308551895432e-06, 'seconds': 1200.3060828330927}
NM-LSPG kim_K16_M1_4096 worst_evolved 0.6791844517760907 autoencode 0.34812485097918616 tune 0.695367691873286
ARM kim_K16_M1_1024: n=16129 K=16 M1=1024 M2=161380 nnz=5133340 micro=240 weights+adam~0.3GB
kim_K16_M1_1024 ep=0 lr=1.0e-03 train=8.4384e-03 val=3.2657e-03 best=3.2657e-03 t=0s
kim_K16_M1_1024 ep=5 lr=1.0e-03 train=3.9446e-04 val=3.7230e-04 best=3.7230e-04 t=2s
kim_K16_M1_1024 ep=10 lr=1.0e-03 train=1.7710e-04 val=1.8444e-04 best=1.8444e-04 t=5s
kim_K16_M1_1024 ep=25 lr=1.0e-03 train=9.5390e-05 val=9.2120e-05 best=9.2120e-05 t=12s
kim_K16_M1_1024 ep=50 lr=1.0e-03 train=8.9335e-05 val=8.0899e-05 best=6.6752e-05 t=24s
kim_K16_M1_1024 ep=60 lr=1.0e-04 train=2.6933e-05 val=3.0274e-05 best=3.0274e-05 t=29s
kim_K16_M1_1024 ep=65 lr=1.0e-04 train=2.6260e-05 val=2.9513e-05 best=2.9513e-05 t=31s
kim_K16_M1_1024 ep=75 lr=1.0e-04 train=2.5244e-05 val=2.8454e-05 best=2.8454e-05 t=36s
kim_K16_M1_1024 ep=80 lr=1.0e-04 train=2.4803e-05 val=2.8082e-05 best=2.8082e-05 t=38s
kim_K16_M1_1024 ep=90 lr=1.0e-04 train=2.3909e-05 val=2.7087e-05 best=2.7087e-05 t=43s
kim_K16_M1_1024 ep=100 lr=1.0e-04 train=2.3080e-05 val=2.6071e-05 best=2.6071e-05 t=48s
kim_K16_M1_1024 ep=105 lr=1.0e-04 train=2.2762e-05 val=2.5676e-05 best=2.5676e-05 t=50s
kim_K16_M1_1024 ep=110 lr=1.0e-04 train=2.2265e-05 val=2.5111e-05 best=2.5111e-05 t=53s
kim_K16_M1_1024 ep=115 lr=1.0e-04 train=2.1920e-05 val=2.4907e-05 best=2.4907e-05 t=55s
kim_K16_M1_1024 ep=120 lr=1.0e-04 train=2.1495e-05 val=2.4347e-05 best=2.4347e-05 t=57s
kim_K16_M1_1024 ep=125 lr=1.0e-04 train=2.1131e-05 val=2.3896e-05 best=2.3896e-05 t=60s
kim_K16_M1_1024 ep=130 lr=1.0e-04 train=2.0719e-05 val=2.3475e-05 best=2.3475e-05 t=62s
kim_K16_M1_1024 ep=135 lr=1.0e-04 train=2.0416e-05 val=2.3176e-05 best=2.3176e-05 t=65s
kim_K16_M1_1024 ep=140 lr=1.0e-04 train=1.9989e-05 val=2.2559e-05 best=2.2559e-05 t=67s
kim_K16_M1_1024 ep=145 lr=1.0e-04 train=1.9530e-05 val=2.2053e-05 best=2.2053e-05 t=69s
kim_K16_M1_1024 ep=150 lr=1.0e-04 train=1.9229e-05 val=2.2045e-05 best=2.2045e-05 t=72s
kim_K16_M1_1024 ep=155 lr=1.0e-04 train=1.8908e-05 val=2.1476e-05 best=2.1476e-05 t=74s
kim_K16_M1_1024 ep=160 lr=1.0e-04 train=1.8501e-05 val=2.0929e-05 best=2.0929e-05 t=77s
kim_K16_M1_1024 ep=170 lr=1.0e-04 train=1.7770e-05 val=2.0240e-05 best=2.0240e-05 t=81s
kim_K16_M1_1024 ep=175 lr=1.0e-04 train=1.7505e-05 val=1.9752e-05 best=1.9752e-05 t=84s
kim_K16_M1_1024 ep=185 lr=1.0e-04 train=1.6856e-05 val=1.9181e-05 best=1.9181e-05 t=89s
kim_K16_M1_1024 ep=190 lr=1.0e-04 train=1.6517e-05 val=1.8757e-05 best=1.8757e-05 t=91s
kim_K16_M1_1024 ep=195 lr=1.0e-04 train=1.6232e-05 val=1.8445e-05 best=1.8445e-05 t=93s
kim_K16_M1_1024 ep=200 lr=1.0e-04 train=1.5924e-05 val=1.8457e-05 best=1.8106e-05 t=96s
kim_K16_M1_1024 ep=205 lr=1.0e-04 train=1.5680e-05 val=1.7795e-05 best=1.7795e-05 t=98s
kim_K16_M1_1024 ep=210 lr=1.0e-04 train=1.5353e-05 val=1.7398e-05 best=1.7398e-05 t=101s
kim_K16_M1_1024 ep=215 lr=1.0e-04 train=1.4966e-05 val=1.7186e-05 best=1.7186e-05 t=103s
kim_K16_M1_1024 ep=220 lr=1.0e-04 train=1.4780e-05 val=1.6796e-05 best=1.6796e-05 t=105s
kim_K16_M1_1024 ep=225 lr=1.0e-04 train=1.4575e-05 val=1.6755e-05 best=1.6705e-05 t=108s
kim_K16_M1_1024 ep=230 lr=1.0e-04 train=1.4303e-05 val=1.6328e-05 best=1.6328e-05 t=110s
kim_K16_M1_1024 ep=245 lr=1.0e-04 train=1.3588e-05 val=1.5576e-05 best=1.5576e-05 t=117s
kim_K16_M1_1024 ep=250 lr=1.0e-04 train=1.3388e-05 val=1.5394e-05 best=1.5193e-05 t=120s
kim_K16_M1_1024 ep=255 lr=1.0e-04 train=1.3041e-05 val=1.4944e-05 best=1.4944e-05 t=122s
kim_K16_M1_1024 ep=270 lr=1.0e-04 train=1.2473e-05 val=1.4146e-05 best=1.4146e-05 t=129s
kim_K16_M1_1024 ep=275 lr=1.0e-04 train=1.2266e-05 val=1.4087e-05 best=1.4087e-05 t=132s
kim_K16_M1_1024 ep=280 lr=1.0e-04 train=1.2130e-05 val=1.3772e-05 best=1.3772e-05 t=134s
kim_K16_M1_1024 ep=290 lr=1.0e-04 train=1.1727e-05 val=1.3361e-05 best=1.3361e-05 t=139s
kim_K16_M1_1024 ep=300 lr=1.0e-04 train=1.1569e-05 val=1.3206e-05 best=1.3099e-05 t=144s
kim_K16_M1_1024 ep=305 lr=1.0e-04 train=1.1285e-05 val=1.2720e-05 best=1.2720e-05 t=146s
kim_K16_M1_1024 ep=315 lr=1.0e-04 train=1.0650e-05 val=1.2442e-05 best=1.2442e-05 t=151s
kim_K16_M1_1024 ep=325 lr=1.0e-04 train=1.0506e-05 val=1.1876e-05 best=1.1876e-05 t=156s
kim_K16_M1_1024 ep=340 lr=1.0e-04 train=1.0074e-05 val=1.1623e-05 best=1.1623e-05 t=163s
kim_K16_M1_1024 ep=350 lr=1.0e-04 train=9.7327e-06 val=1.1234e-05 best=1.1234e-05 t=168s
kim_K16_M1_1024 ep=355 lr=1.0e-04 train=9.6212e-06 val=1.1131e-05 best=1.1131e-05 t=170s
kim_K16_M1_1024 ep=370 lr=1.0e-04 train=9.3574e-06 val=1.0777e-05 best=1.0777e-05 t=177s
kim_K16_M1_1024 ep=375 lr=1.0e-04 train=9.1746e-06 val=1.0605e-05 best=1.0592e-05 t=180s
kim_K16_M1_1024 ep=380 lr=1.0e-04 train=9.0521e-06 val=1.0352e-05 best=1.0352e-05 t=182s
kim_K16_M1_1024 ep=400 lr=1.0e-04 train=8.6694e-06 val=1.0197e-05 best=1.0187e-05 t=192s
kim_K16_M1_1024 ep=405 lr=1.0e-04 train=8.7696e-06 val=9.8969e-06 best=9.8969e-06 t=194s
kim_K16_M1_1024 ep=420 lr=1.0e-04 train=8.4079e-06 val=9.7077e-06 best=9.7077e-06 t=201s
kim_K16_M1_1024 ep=425 lr=1.0e-04 train=8.1500e-06 val=9.2871e-06 best=9.2871e-06 t=204s
kim_K16_M1_1024 ep=435 lr=1.0e-04 train=7.8826e-06 val=9.0797e-06 best=9.0797e-06 t=209s
kim_K16_M1_1024 ep=450 lr=1.0e-04 train=7.8653e-06 val=9.0205e-06 best=8.9665e-06 t=216s
kim_K16_M1_1024 ep=475 lr=1.0e-04 train=7.5031e-06 val=8.7314e-06 best=8.4937e-06 t=228s
kim_K16_M1_1024 ep=495 lr=1.0e-05 train=6.0917e-06 val=7.3107e-06 best=7.3107e-06 t=237s
kim_K16_M1_1024 ep=500 lr=1.0e-05 train=6.0892e-06 val=7.3029e-06 best=7.3003e-06 t=240s
kim_K16_M1_1024 ep=505 lr=1.0e-05 train=6.0776e-06 val=7.2745e-06 best=7.2745e-06 t=242s
kim_K16_M1_1024 ep=520 lr=1.0e-05 train=6.0670e-06 val=7.2666e-06 best=7.2666e-06 t=249s
kim_K16_M1_1024 ep=525 lr=1.0e-05 train=6.0664e-06 val=7.2645e-06 best=7.2644e-06 t=252s
kim_K16_M1_1024 ep=550 lr=1.0e-05 train=6.0182e-06 val=7.2304e-06 best=7.2156e-06 t=264s
kim_K16_M1_1024 ep=565 lr=1.0e-05 train=6.0008e-06 val=7.1878e-06 best=7.1878e-06 t=271s
kim_K16_M1_1024 ep=570 lr=1.0e-05 train=5.9980e-06 val=7.1732e-06 best=7.1732e-06 t=273s
kim_K16_M1_1024 ep=575 lr=1.0e-05 train=5.9821e-06 val=7.1951e-06 best=7.1655e-06 t=276s
kim_K16_M1_1024 ep=585 lr=1.0e-05 train=5.9630e-06 val=7.1497e-06 best=7.1497e-06 t=281s
kim_K16_M1_1024 ep=600 lr=1.0e-05 train=5.9457e-06 val=7.1172e-06 best=7.1172e-06 t=288s
kim_K16_M1_1024 ep=625 lr=1.0e-05 train=5.9041e-06 val=7.0706e-06 best=7.0672e-06 t=300s
kim_K16_M1_1024 ep=630 lr=1.0e-05 train=5.8938e-06 val=7.0452e-06 best=7.0452e-06 t=302s
kim_K16_M1_1024 ep=635 lr=1.0e-05 train=5.8818e-06 val=7.0357e-06 best=7.0357e-06 t=305s
kim_K16_M1_1024 ep=650 lr=1.0e-05 train=5.8573e-06 val=7.0133e-06 best=7.0133e-06 t=312s
kim_K16_M1_1024 ep=670 lr=1.0e-05 train=5.8213e-06 val=6.9720e-06 best=6.9720e-06 t=321s
kim_K16_M1_1024 ep=675 lr=1.0e-05 train=5.8040e-06 val=6.9522e-06 best=6.9522e-06 t=324s
kim_K16_M1_1024 ep=685 lr=1.0e-05 train=5.7888e-06 val=6.9402e-06 best=6.9402e-06 t=329s
kim_K16_M1_1024 ep=690 lr=1.0e-05 train=5.7822e-06 val=6.9228e-06 best=6.9228e-06 t=331s
kim_K16_M1_1024 ep=700 lr=1.0e-05 train=5.7565e-06 val=6.9015e-06 best=6.8986e-06 t=336s
kim_K16_M1_1024 ep=710 lr=1.0e-05 train=5.7372e-06 val=6.8911e-06 best=6.8911e-06 t=341s
kim_K16_M1_1024 ep=720 lr=1.0e-05 train=5.7221e-06 val=6.8599e-06 best=6.8599e-06 t=345s
kim_K16_M1_1024 ep=725 lr=1.0e-05 train=5.7153e-06 val=6.8559e-06 best=6.8559e-06 t=348s
kim_K16_M1_1024 ep=730 lr=1.0e-05 train=5.7089e-06 val=6.8347e-06 best=6.8347e-06 t=350s
kim_K16_M1_1024 ep=750 lr=1.0e-05 train=5.6740e-06 val=6.8142e-06 best=6.7927e-06 t=360s
kim_K16_M1_1024 ep=760 lr=1.0e-05 train=5.6536e-06 val=6.7772e-06 best=6.7772e-06 t=365s
kim_K16_M1_1024 ep=775 lr=1.0e-05 train=5.6249e-06 val=6.7496e-06 best=6.7494e-06 t=372s
kim_K16_M1_1024 ep=780 lr=1.0e-05 train=5.6217e-06 val=6.7342e-06 best=6.7342e-06 t=374s
kim_K16_M1_1024 ep=795 lr=1.0e-05 train=5.5911e-06 val=6.7034e-06 best=6.7034e-06 t=381s
kim_K16_M1_1024 ep=800 lr=1.0e-05 train=5.5723e-06 val=6.6930e-06 best=6.6930e-06 t=384s
kim_K16_M1_1024 ep=810 lr=1.0e-05 train=5.5616e-06 val=6.6732e-06 best=6.6732e-06 t=389s
kim_K16_M1_1024 ep=825 lr=1.0e-05 train=5.5355e-06 val=6.6656e-06 best=6.6422e-06 t=396s
kim_K16_M1_1024 ep=830 lr=1.0e-05 train=5.5226e-06 val=6.6386e-06 best=6.6386e-06 t=398s
kim_K16_M1_1024 ep=835 lr=1.0e-05 train=5.5183e-06 val=6.6190e-06 best=6.6190e-06 t=401s
kim_K16_M1_1024 ep=850 lr=1.0e-05 train=5.4906e-06 val=6.6206e-06 best=6.5979e-06 t=408s
kim_K16_M1_1024 ep=860 lr=1.0e-05 train=5.4735e-06 val=6.5746e-06 best=6.5746e-06 t=413s
kim_K16_M1_1024 ep=875 lr=1.0e-05 train=5.4468e-06 val=6.5500e-06 best=6.5500e-06 t=420s
kim_K16_M1_1024 ep=880 lr=1.0e-05 train=5.4376e-06 val=6.5374e-06 best=6.5374e-06 t=422s
kim_K16_M1_1024 ep=885 lr=1.0e-05 train=5.4318e-06 val=6.5305e-06 best=6.5305e-06 t=425s
kim_K16_M1_1024 ep=895 lr=1.0e-05 train=5.4180e-06 val=6.5102e-06 best=6.5102e-06 t=429s
kim_K16_M1_1024 ep=900 lr=1.0e-05 train=5.4018e-06 val=6.5069e-06 best=6.5017e-06 t=432s
kim_K16_M1_1024 ep=925 lr=1.0e-05 train=5.3702e-06 val=6.4516e-06 best=6.4438e-06 t=444s
kim_K16_M1_1024 ep=930 lr=1.0e-05 train=5.3628e-06 val=6.4249e-06 best=6.4249e-06 t=446s
kim_K16_M1_1024 ep=950 lr=1.0e-05 train=5.3287e-06 val=6.4204e-06 best=6.4010e-06 t=456s
kim_K16_M1_1024 ep=960 lr=1.0e-05 train=5.3084e-06 val=6.3871e-06 best=6.3871e-06 t=461s
kim_K16_M1_1024 ep=965 lr=1.0e-05 train=5.2980e-06 val=6.3736e-06 best=6.3736e-06 t=463s
kim_K16_M1_1024 ep=970 lr=1.0e-05 train=5.2902e-06 val=6.3584e-06 best=6.3584e-06 t=465s
kim_K16_M1_1024 ep=975 lr=1.0e-05 train=5.2964e-06 val=6.3606e-06 best=6.3584e-06 t=468s
kim_K16_M1_1024 ep=980 lr=1.0e-05 train=5.2852e-06 val=6.3449e-06 best=6.3449e-06 t=470s
kim_K16_M1_1024 ep=990 lr=1.0e-05 train=5.2643e-06 val=6.3213e-06 best=6.3213e-06 t=475s
kim_K16_M1_1024 ep=1000 lr=1.0e-05 train=5.2447e-06 val=6.3089e-06 best=6.3089e-06 t=480s
kim_K16_M1_1024 ep=1025 lr=1.0e-05 train=5.2080e-06 val=6.2865e-06 best=6.2738e-06 t=492s
kim_K16_M1_1024 ep=1050 lr=1.0e-05 train=5.1695e-06 val=6.2338e-06 best=6.2291e-06 t=504s
kim_K16_M1_1024 ep=1055 lr=1.0e-05 train=5.1638e-06 val=6.2086e-06 best=6.2086e-06 t=506s
kim_K16_M1_1024 ep=1070 lr=1.0e-05 train=5.1388e-06 val=6.1794e-06 best=6.1794e-06 t=513s
kim_K16_M1_1024 ep=1075 lr=1.0e-05 train=5.1409e-06 val=6.1848e-06 best=6.1754e-06 t=516s
kim_K16_M1_1024 ep=1100 lr=1.0e-05 train=5.0968e-06 val=6.1457e-06 best=6.1393e-06 t=528s
kim_K16_M1_1024 ep=1105 lr=1.0e-05 train=5.0922e-06 val=6.1369e-06 best=6.1369e-06 t=530s
kim_K16_M1_1024 ep=1120 lr=1.0e-05 train=5.0648e-06 val=6.1067e-06 best=6.1067e-06 t=537s
kim_K16_M1_1024 ep=1125 lr=1.0e-05 train=5.0654e-06 val=6.1062e-06 best=6.1062e-06 t=540s
kim_K16_M1_1024 ep=1135 lr=1.0e-05 train=5.0454e-06 val=6.0750e-06 best=6.0750e-06 t=545s
kim_K16_M1_1024 ep=1150 lr=1.0e-05 train=5.0268e-06 val=6.0645e-06 best=6.0589e-06 t=552s
kim_K16_M1_1024 ep=1175 lr=1.0e-05 train=4.9896e-06 val=6.0251e-06 best=6.0102e-06 t=564s
kim_K16_M1_1024 ep=1195 lr=1.0e-05 train=4.9674e-06 val=5.9856e-06 best=5.9856e-06 t=573s
kim_K16_M1_1024 ep=1200 lr=1.0e-05 train=4.9568e-06 val=5.9908e-06 best=5.9844e-06 t=576s
kim_K16_M1_1024 ep=1210 lr=1.0e-05 train=4.9436e-06 val=5.9556e-06 best=5.9556e-06 t=581s
kim_K16_M1_1024 ep=1225 lr=1.0e-05 train=4.9170e-06 val=5.9597e-06 best=5.9404e-06 t=588s
kim_K16_M1_1024 ep=1230 lr=1.0e-05 train=4.9120e-06 val=5.9285e-06 best=5.9285e-06 t=590s
kim_K16_M1_1024 ep=1240 lr=1.0e-05 train=4.9036e-06 val=5.9186e-06 best=5.9186e-06 t=595s
kim_K16_M1_1024 ep=1250 lr=1.0e-05 train=4.8939e-06 val=5.9165e-06 best=5.8931e-06 t=600s
kim_K16_M1_1024 ep=1275 lr=1.0e-05 train=4.8552e-06 val=5.8703e-06 best=5.8632e-06 t=612s
kim_K16_M1_1024 ep=1295 lr=1.0e-05 train=4.8265e-06 val=5.8338e-06 best=5.8338e-06 t=621s
kim_K16_M1_1024 ep=1300 lr=1.0e-05 train=4.8232e-06 val=5.8264e-06 best=5.8196e-06 t=624s
kim_K16_M1_1024 ep=1305 lr=1.0e-05 train=4.8161e-06 val=5.8155e-06 best=5.8155e-06 t=626s
kim_K16_M1_1024 ep=1310 lr=1.0e-05 train=4.8083e-06 val=5.8065e-06 best=5.8065e-06 t=629s
kim_K16_M1_1024 ep=1325 lr=1.0e-05 train=4.7913e-06 val=5.8056e-06 best=5.7828e-06 t=636s
kim_K16_M1_1024 ep=1350 lr=1.0e-05 train=4.7583e-06 val=5.7572e-06 best=5.7512e-06 t=648s
kim_K16_M1_1024 ep=1375 lr=1.0e-05 train=4.7211e-06 val=5.7083e-06 best=5.7083e-06 t=660s
kim_K16_M1_1024 ep=1385 lr=1.0e-05 train=4.7125e-06 val=5.6897e-06 best=5.6897e-06 t=665s
kim_K16_M1_1024 ep=1400 lr=1.0e-05 train=4.6927e-06 val=5.6792e-06 best=5.6790e-06 t=672s
kim_K16_M1_1024 ep=1405 lr=1.0e-05 train=4.7027e-06 val=5.6707e-06 best=5.6707e-06 t=674s
kim_K16_M1_1024 ep=1425 lr=1.0e-05 train=4.6654e-06 val=5.6470e-06 best=5.6457e-06 t=684s
kim_K16_M1_1024 ep=1430 lr=1.0e-05 train=4.6635e-06 val=5.6408e-06 best=5.6408e-06 t=686s
kim_K16_M1_1024 ep=1435 lr=1.0e-05 train=4.6519e-06 val=5.6218e-06 best=5.6218e-06 t=689s
kim_K16_M1_1024 ep=1450 lr=1.0e-05 train=4.6328e-06 val=5.6040e-06 best=5.6040e-06 t=696s
kim_K16_M1_1024 ep=1465 lr=1.0e-05 train=4.6155e-06 val=5.5789e-06 best=5.5789e-06 t=703s
kim_K16_M1_1024 ep=1470 lr=1.0e-05 train=4.6092e-06 val=5.5757e-06 best=5.5757e-06 t=705s
kim_K16_M1_1024 ep=1475 lr=1.0e-05 train=4.6054e-06 val=5.5713e-06 best=5.5713e-06 t=708s
kim_K16_M1_1024 ep=1480 lr=1.0e-05 train=4.5917e-06 val=5.5661e-06 best=5.5661e-06 t=710s
kim_K16_M1_1024 ep=1490 lr=1.0e-05 train=4.5863e-06 val=5.5524e-06 best=5.5524e-06 t=715s
kim_K16_M1_1024 ep=1500 lr=1.0e-05 train=4.5755e-06 val=5.5389e-06 best=5.5347e-06 t=720s
kim_K16_M1_1024 ep=1525 lr=1.0e-05 train=4.5445e-06 val=5.5105e-06 best=5.5017e-06 t=732s
kim_K16_M1_1024 ep=1550 lr=1.0e-05 train=4.5243e-06 val=5.4730e-06 best=5.4684e-06 t=744s
kim_K16_M1_1024 ep=1555 lr=1.0e-05 train=4.5111e-06 val=5.4602e-06 best=5.4602e-06 t=746s
kim_K16_M1_1024 ep=1560 lr=1.0e-05 train=4.5023e-06 val=5.4510e-06 best=5.4510e-06 t=749s
kim_K16_M1_1024 ep=1570 lr=1.0e-05 train=4.4930e-06 val=5.4412e-06 best=5.4412e-06 t=753s
kim_K16_M1_1024 ep=1575 lr=1.0e-05 train=4.4881e-06 val=5.4433e-06 best=5.4400e-06 t=756s
kim_K16_M1_1024 ep=1590 lr=1.0e-05 train=4.4663e-06 val=5.4073e-06 best=5.4073e-06 t=763s
kim_K16_M1_1024 ep=1600 lr=1.0e-05 train=4.4576e-06 val=5.4203e-06 best=5.4000e-06 t=768s
kim_K16_M1_1024 ep=1610 lr=1.0e-05 train=4.4445e-06 val=5.3936e-06 best=5.3936e-06 t=773s
kim_K16_M1_1024 ep=1625 lr=1.0e-05 train=4.4329e-06 val=5.3912e-06 best=5.3706e-06 t=780s
kim_K16_M1_1024 ep=1650 lr=1.0e-05 train=4.4063e-06 val=5.3449e-06 best=5.3368e-06 t=792s
kim_K16_M1_1024 ep=1655 lr=1.0e-05 train=4.3988e-06 val=5.3307e-06 best=5.3307e-06 t=794s
kim_K16_M1_1024 ep=1660 lr=1.0e-05 train=4.3925e-06 val=5.3303e-06 best=5.3303e-06 t=797s
kim_K16_M1_1024 ep=1675 lr=1.0e-05 train=4.3802e-06 val=5.3275e-06 best=5.3141e-06 t=804s
kim_K16_M1_1024 ep=1685 lr=1.0e-05 train=4.3677e-06 val=5.2986e-06 best=5.2986e-06 t=809s
kim_K16_M1_1024 ep=1700 lr=1.0e-05 train=4.3466e-06 val=5.2867e-06 best=5.2851e-06 t=816s
kim_K16_M1_1024 ep=1705 lr=1.0e-05 train=4.3509e-06 val=5.2691e-06 best=5.2691e-06 t=818s
kim_K16_M1_1024 ep=1725 lr=1.0e-05 train=4.3269e-06 val=5.2464e-06 best=5.2464e-06 t=828s
kim_K16_M1_1024 ep=1750 lr=1.0e-05 train=4.2957e-06 val=5.2081e-06 best=5.2081e-06 t=840s
kim_K16_M1_1024 ep=1770 lr=1.0e-05 train=4.2760e-06 val=5.1946e-06 best=5.1946e-06 t=850s
kim_K16_M1_1024 ep=1775 lr=1.0e-05 train=4.2769e-06 val=5.2040e-06 best=5.1825e-06 t=852s
kim_K16_M1_1024 ep=1785 lr=1.0e-05 train=4.2577e-06 val=5.1721e-06 best=5.1721e-06 t=857s
kim_K16_M1_1024 ep=1800 lr=1.0e-05 train=4.2493e-06 val=5.1664e-06 best=5.1589e-06 t=864s
kim_K16_M1_1024 ep=1825 lr=1.0e-05 train=4.2237e-06 val=5.1408e-06 best=5.1243e-06 t=876s
kim_K16_M1_1024 ep=1835 lr=1.0e-05 train=4.2150e-06 val=5.1190e-06 best=5.1190e-06 t=881s
kim_K16_M1_1024 ep=1850 lr=1.0e-05 train=4.1958e-06 val=5.1054e-06 best=5.0979e-06 t=888s
kim_K16_M1_1024 ep=1870 lr=1.0e-05 train=4.1754e-06 val=5.0751e-06 best=5.0751e-06 t=898s
kim_K16_M1_1024 ep=1875 lr=1.0e-05 train=4.1684e-06 val=5.0822e-06 best=5.0740e-06 t=900s
kim_K16_M1_1024 ep=1900 lr=1.0e-05 train=4.1473e-06 val=5.0516e-06 best=5.0429e-06 t=912s
kim_K16_M1_1024 ep=1925 lr=1.0e-05 train=4.1166e-06 val=5.0245e-06 best=5.0125e-06 t=924s
kim_K16_M1_1024 ep=1930 lr=1.0e-05 train=4.1213e-06 val=5.0030e-06 best=5.0030e-06 t=926s
kim_K16_M1_1024 ep=1940 lr=1.0e-05 train=4.1070e-06 val=4.9953e-06 best=4.9953e-06 t=931s
kim_K16_M1_1024 ep=1950 lr=1.0e-05 train=4.1057e-06 val=4.9858e-06 best=4.9858e-06 t=936s
kim_K16_M1_1024 ep=1975 lr=1.0e-05 train=4.0763e-06 val=4.9726e-06 best=4.9645e-06 t=948s
kim_K16_M1_1024 ep=1980 lr=1.0e-05 train=4.0704e-06 val=4.9558e-06 best=4.9558e-06 t=950s
kim_K16_M1_1024 ep=1985 lr=1.0e-05 train=4.0677e-06 val=4.9520e-06 best=4.9520e-06 t=953s
kim_K16_M1_1024 ep=2000 lr=1.0e-05 train=4.0548e-06 val=4.9483e-06 best=4.9372e-06 t=960s
kim_K16_M1_1024 ep=2010 lr=1.0e-05 train=4.0461e-06 val=4.9187e-06 best=4.9187e-06 t=965s
kim_K16_M1_1024 ep=2020 lr=1.0e-05 train=4.0390e-06 val=4.9138e-06 best=4.9138e-06 t=970s
kim_K16_M1_1024 ep=2025 lr=1.0e-05 train=4.0388e-06 val=4.9096e-06 best=4.9096e-06 t=972s
kim_K16_M1_1024 ep=2030 lr=1.0e-05 train=4.0228e-06 val=4.8961e-06 best=4.8961e-06 t=974s
kim_K16_M1_1024 ep=2040 lr=1.0e-05 train=4.0182e-06 val=4.8869e-06 best=4.8869e-06 t=979s
kim_K16_M1_1024 ep=2050 lr=1.0e-05 train=4.0047e-06 val=4.8906e-06 best=4.8810e-06 t=984s
kim_K16_M1_1024 ep=2060 lr=1.0e-05 train=4.0016e-06 val=4.8720e-06 best=4.8720e-06 t=989s
kim_K16_M1_1024 ep=2070 lr=1.0e-05 train=3.9866e-06 val=4.8618e-06 best=4.8618e-06 t=994s
kim_K16_M1_1024 ep=2075 lr=1.0e-05 train=3.9844e-06 val=4.8713e-06 best=4.8539e-06 t=996s
kim_K16_M1_1024 ep=2080 lr=1.0e-05 train=3.9820e-06 val=4.8537e-06 best=4.8537e-06 t=998s
kim_K16_M1_1024 ep=2085 lr=1.0e-05 train=3.9774e-06 val=4.8442e-06 best=4.8442e-06 t=1001s
kim_K16_M1_1024 ep=2100 lr=1.0e-05 train=3.9603e-06 val=4.8280e-06 best=4.8280e-06 t=1008s
kim_K16_M1_1024 ep=2120 lr=1.0e-05 train=3.9478e-06 val=4.8050e-06 best=4.8050e-06 t=1018s
kim_K16_M1_1024 ep=2125 lr=1.0e-05 train=3.9454e-06 val=4.8159e-06 best=4.7985e-06 t=1020s
kim_K16_M1_1024 ep=2140 lr=1.0e-05 train=3.9307e-06 val=4.7968e-06 best=4.7968e-06 t=1027s
kim_K16_M1_1024 ep=2150 lr=1.0e-05 train=3.9210e-06 val=4.7869e-06 best=4.7869e-06 t=1032s
kim_K16_M1_1024 ep=2165 lr=1.0e-05 train=3.9099e-06 val=4.7718e-06 best=4.7718e-06 t=1039s
kim_K16_M1_1024 ep=2175 lr=1.0e-05 train=3.9043e-06 val=4.7666e-06 best=4.7532e-06 t=1044s
kim_K16_M1_1024 ep=2200 lr=1.0e-05 train=3.8747e-06 val=4.7327e-06 best=4.7327e-06 t=1056s
kim_K16_M1_1024 ep=2220 lr=1.0e-05 train=3.8600e-06 val=4.7048e-06 best=4.7048e-06 t=1066s
kim_K16_M1_1024 ep=2225 lr=1.0e-05 train=3.8569e-06 val=4.7162e-06 best=4.7048e-06 t=1068s
kim_K16_M1_1024 ep=2235 lr=1.0e-05 train=3.8469e-06 val=4.7024e-06 best=4.7024e-06 t=1073s
kim_K16_M1_1024 ep=2240 lr=1.0e-06 train=3.7701e-06 val=4.6458e-06 best=4.6458e-06 t=1075s
kim_K16_M1_1024 ep=2250 lr=1.0e-06 train=3.7658e-06 val=4.6397e-06 best=4.6397e-06 t=1080s
kim_K16_M1_1024 ep=2275 lr=1.0e-06 train=3.7642e-06 val=4.6392e-06 best=4.6383e-06 t=1092s
kim_K16_M1_1024 ep=2300 lr=1.0e-08 train=3.7555e-06 val=4.6375e-06 best=4.6370e-06 t=1104s
kim_K16_M1_1024 ep=2325 lr=1.0e-08 train=3.7555e-06 val=4.6375e-06 best=4.6370e-06 t=1116s
kim_K16_M1_1024 ep=2350 lr=1.0e-08 train=3.7555e-06 val=4.6376e-06 best=4.6370e-06 t=1128s
kim_K16_M1_1024 ep=2375 lr=1.0e-08 train=3.7555e-06 val=4.6375e-06 best=4.6370e-06 t=1140s
kim_K16_M1_1024 ep=2400 lr=1.0e-08 train=3.7555e-06 val=4.6375e-06 best=4.6370e-06 t=1152s
kim_K16_M1_1024 ep=2425 lr=1.0e-08 train=3.7554e-06 val=4.6375e-06 best=4.6370e-06 t=1164s
kim_K16_M1_1024 ep=2450 lr=1.0e-08 train=3.7554e-06 val=4.6373e-06 best=4.6370e-06 t=1176s
kim_K16_M1_1024 ep=2475 lr=1.0e-08 train=3.7554e-06 val=4.6374e-06 best=4.6370e-06 t=1188s
TRAINED kim_K16_M1_1024 {'stop_reason': 'early_stop', 'epochs': 2480, 'best_val': 4.636974608729361e-06, 'seconds': 1189.9570464440621}
NM-LSPG kim_K16_M1_1024 worst_evolved 0.667368279519001 autoencode 0.3851741042295978 tune 0.6896647436180947
ARM kim_K16_pat50: n=16129 K=16 M1=32258 M2=161380 nnz=5133340 micro=240 weights+adam~8.4GB
kim_K16_pat50 ep=0 lr=1.0e-03 train=1.3541e-02 val=5.3264e-03 best=5.3264e-03 t=0s
kim_K16_pat50 ep=5 lr=1.0e-03 train=5.1740e-04 val=4.7575e-04 best=4.7575e-04 t=7s
kim_K16_pat50 ep=10 lr=1.0e-03 train=2.6309e-04 val=2.6093e-04 best=2.6093e-04 t=14s
kim_K16_pat50 ep=25 lr=1.0e-03 train=1.4295e-04 val=1.4333e-04 best=1.4333e-04 t=34s
kim_K16_pat50 ep=45 lr=1.0e-03 train=9.9426e-05 val=9.1483e-05 best=9.1483e-05 t=62s
kim_K16_pat50 ep=50 lr=1.0e-03 train=6.2201e-05 val=7.2914e-05 best=7.2035e-05 t=69s
kim_K16_pat50 ep=55 lr=1.0e-03 train=4.8623e-05 val=4.9936e-05 best=4.9936e-05 t=76s
kim_K16_pat50 ep=75 lr=1.0e-03 train=2.5841e-04 val=2.5762e-04 best=4.9936e-05 t=104s
kim_K16_pat50 ep=85 lr=1.0e-03 train=2.8935e-05 val=3.2848e-05 best=3.2848e-05 t=117s
kim_K16_pat50 ep=100 lr=1.0e-03 train=1.4516e-04 val=1.9350e-04 best=2.9124e-05 t=138s
kim_K16_pat50 ep=125 lr=1.0e-03 train=8.7854e-05 val=7.9165e-05 best=2.9124e-05 t=173s
kim_K16_pat50 ep=150 lr=1.0e-03 train=1.3443e-04 val=1.2347e-04 best=2.5576e-05 t=207s
kim_K16_pat50 ep=175 lr=1.0e-03 train=7.2756e-03 val=7.1128e-03 best=2.5576e-05 t=242s
kim_K16_pat50 ep=200 lr=1.0e-04 train=4.8534e-03 val=4.8218e-03 best=2.5576e-05 t=276s
kim_K16_pat50 ep=225 lr=1.0e-04 train=4.4474e-03 val=4.4132e-03 best=2.5576e-05 t=311s
kim_K16_pat50 ep=250 lr=1.0e-05 train=4.2428e-03 val=4.2154e-03 best=2.5576e-05 t=346s
kim_K16_pat50 ep=275 lr=1.0e-05 train=4.1886e-03 val=4.1614e-03 best=2.5576e-05 t=380s
kim_K16_pat50 ep=300 lr=1.0e-06 train=4.1545e-03 val=4.1285e-03 best=2.5576e-05 t=415s
kim_K16_pat50 ep=325 lr=1.0e-06 train=4.1457e-03 val=4.1194e-03 best=2.5576e-05 t=450s
TRAINED kim_K16_pat50 {'stop_reason': 'early_stop', 'epochs': 334, 'best_val': 2.5575531253707595e-05, 'seconds': 460.66395077575}
NM-LSPG kim_K16_pat50 worst_evolved 0.638080994782042 autoencode 0.4324741572099256 tune 0.6977274609042906
ARM kim_K16_lr3e4_pat50: n=16129 K=16 M1=32258 M2=161380 nnz=5133340 micro=240 weights+adam~8.4GB
kim_K16_lr3e4_pat50 ep=0 lr=3.0e-04 train=9.5563e-03 val=3.8752e-03 best=3.8752e-03 t=0s
kim_K16_lr3e4_pat50 ep=5 lr=3.0e-04 train=5.1133e-04 val=4.8566e-04 best=4.8566e-04 t=7s
kim_K16_lr3e4_pat50 ep=10 lr=3.0e-04 train=2.4375e-04 val=2.4000e-04 best=2.4000e-04 t=14s
kim_K16_lr3e4_pat50 ep=15 lr=3.0e-04 train=1.4571e-04 val=1.4879e-04 best=1.4879e-04 t=21s
kim_K16_lr3e4_pat50 ep=20 lr=3.0e-04 train=1.2435e-04 val=1.3333e-04 best=1.3333e-04 t=28s
kim_K16_lr3e4_pat50 ep=25 lr=3.0e-04 train=9.9853e-05 val=9.8721e-05 best=9.8721e-05 t=34s
kim_K16_lr3e4_pat50 ep=40 lr=3.0e-04 train=8.2984e-05 val=7.9325e-05 best=7.9325e-05 t=55s
kim_K16_lr3e4_pat50 ep=45 lr=3.0e-04 train=4.9828e-05 val=5.2634e-05 best=5.2634e-05 t=62s
kim_K16_lr3e4_pat50 ep=50 lr=3.0e-04 train=5.0346e-05 val=5.0666e-05 best=5.0666e-05 t=69s
kim_K16_lr3e4_pat50 ep=75 lr=3.0e-04 train=6.1435e-05 val=7.2146e-05 best=4.1664e-05 t=104s
kim_K16_lr3e4_pat50 ep=90 lr=3.0e-04 train=3.0345e-05 val=3.4244e-05 best=3.4244e-05 t=124s
kim_K16_lr3e4_pat50 ep=100 lr=3.0e-04 train=2.5276e-05 val=2.6844e-05 best=2.6844e-05 t=138s
kim_K16_lr3e4_pat50 ep=125 lr=3.0e-04 train=3.7021e-05 val=3.8618e-05 best=2.5148e-05 t=173s
kim_K16_lr3e4_pat50 ep=145 lr=3.0e-04 train=2.0342e-05 val=2.2285e-05 best=2.2285e-05 t=200s
kim_K16_lr3e4_pat50 ep=150 lr=3.0e-04 train=4.0807e-05 val=4.3584e-05 best=2.1784e-05 t=207s
kim_K16_lr3e4_pat50 ep=175 lr=3.0e-04 train=2.0575e-05 val=2.2015e-05 best=2.1784e-05 t=242s
kim_K16_lr3e4_pat50 ep=180 lr=3.0e-04 train=1.8357e-05 val=1.8615e-05 best=1.8615e-05 t=249s
kim_K16_lr3e4_pat50 ep=185 lr=3.0e-04 train=1.7390e-05 val=1.7528e-05 best=1.7528e-05 t=256s
kim_K16_lr3e4_pat50 ep=200 lr=3.0e-04 train=7.1192e-05 val=5.6813e-05 best=1.6154e-05 t=276s
kim_K16_lr3e4_pat50 ep=220 lr=3.0e-04 train=1.4276e-05 val=1.5342e-05 best=1.5342e-05 t=304s
kim_K16_lr3e4_pat50 ep=225 lr=3.0e-04 train=2.3211e-05 val=2.2323e-05 best=1.5342e-05 t=311s
kim_K16_lr3e4_pat50 ep=250 lr=3.0e-04 train=4.6163e-05 val=5.3171e-05 best=1.5342e-05 t=346s
kim_K16_lr3e4_pat50 ep=265 lr=3.0e-04 train=1.3447e-05 val=1.4650e-05 best=1.4650e-05 t=366s
kim_K16_lr3e4_pat50 ep=275 lr=3.0e-04 train=1.9633e-05 val=2.2058e-05 best=1.4384e-05 t=380s
kim_K16_lr3e4_pat50 ep=300 lr=3.0e-04 train=3.7114e-05 val=2.9554e-05 best=1.4384e-05 t=415s
kim_K16_lr3e4_pat50 ep=305 lr=3.0e-04 train=1.2068e-05 val=1.3864e-05 best=1.3864e-05 t=422s
kim_K16_lr3e4_pat50 ep=325 lr=3.0e-04 train=3.1308e-05 val=2.4042e-05 best=1.1590e-05 t=449s
kim_K16_lr3e4_pat50 ep=350 lr=3.0e-04 train=2.5728e-05 val=3.9409e-05 best=1.1590e-05 t=484s
kim_K16_lr3e4_pat50 ep=365 lr=3.0e-05 train=6.1883e-06 val=7.3809e-06 best=7.3809e-06 t=505s
kim_K16_lr3e4_pat50 ep=370 lr=3.0e-05 train=6.1131e-06 val=7.3035e-06 best=7.3035e-06 t=512s
kim_K16_lr3e4_pat50 ep=375 lr=3.0e-05 train=6.0773e-06 val=7.2471e-06 best=7.2471e-06 t=518s
kim_K16_lr3e4_pat50 ep=385 lr=3.0e-05 train=6.0023e-06 val=7.1886e-06 best=7.1886e-06 t=532s
kim_K16_lr3e4_pat50 ep=390 lr=3.0e-05 train=5.9722e-06 val=7.1568e-06 best=7.1568e-06 t=539s
kim_K16_lr3e4_pat50 ep=395 lr=3.0e-05 train=5.9443e-06 val=7.1088e-06 best=7.1088e-06 t=546s
kim_K16_lr3e4_pat50 ep=400 lr=3.0e-05 train=5.9112e-06 val=7.0811e-06 best=7.0811e-06 t=553s
kim_K16_lr3e4_pat50 ep=410 lr=3.0e-05 train=5.8628e-06 val=7.0292e-06 best=7.0292e-06 t=567s
kim_K16_lr3e4_pat50 ep=415 lr=3.0e-05 train=5.8345e-06 val=7.0087e-06 best=7.0087e-06 t=574s
kim_K16_lr3e4_pat50 ep=420 lr=3.0e-05 train=5.8107e-06 val=6.9579e-06 best=6.9579e-06 t=581s
kim_K16_lr3e4_pat50 ep=425 lr=3.0e-05 train=5.7810e-06 val=6.9441e-06 best=6.9410e-06 t=588s
kim_K16_lr3e4_pat50 ep=435 lr=3.0e-05 train=5.7332e-06 val=6.8899e-06 best=6.8899e-06 t=602s
kim_K16_lr3e4_pat50 ep=440 lr=3.0e-05 train=5.7056e-06 val=6.8433e-06 best=6.8433e-06 t=608s
kim_K16_lr3e4_pat50 ep=450 lr=3.0e-05 train=5.6770e-06 val=6.8305e-06 best=6.8073e-06 t=622s
kim_K16_lr3e4_pat50 ep=455 lr=3.0e-05 train=5.6431e-06 val=6.7863e-06 best=6.7863e-06 t=629s
kim_K16_lr3e4_pat50 ep=460 lr=3.0e-05 train=5.6116e-06 val=6.7537e-06 best=6.7537e-06 t=636s
kim_K16_lr3e4_pat50 ep=475 lr=3.0e-05 train=5.5438e-06 val=6.6929e-06 best=6.6539e-06 t=657s
kim_K16_lr3e4_pat50 ep=500 lr=3.0e-05 train=5.4321e-06 val=6.5402e-06 best=6.5249e-06 t=691s
kim_K16_lr3e4_pat50 ep=520 lr=3.0e-05 train=5.3555e-06 val=6.3994e-06 best=6.3994e-06 t=719s
kim_K16_lr3e4_pat50 ep=525 lr=3.0e-05 train=5.3280e-06 val=6.4163e-06 best=6.3994e-06 t=726s
kim_K16_lr3e4_pat50 ep=535 lr=3.0e-05 train=5.2626e-06 val=6.3166e-06 best=6.3166e-06 t=740s
kim_K16_lr3e4_pat50 ep=550 lr=3.0e-05 train=5.1949e-06 val=6.2738e-06 best=6.2738e-06 t=761s
kim_K16_lr3e4_pat50 ep=555 lr=3.0e-05 train=5.1818e-06 val=6.2263e-06 best=6.2263e-06 t=768s
kim_K16_lr3e4_pat50 ep=570 lr=3.0e-05 train=5.1241e-06 val=6.1482e-06 best=6.1482e-06 t=788s
kim_K16_lr3e4_pat50 ep=575 lr=3.0e-05 train=5.0670e-06 val=6.1513e-06 best=6.1190e-06 t=795s
kim_K16_lr3e4_pat50 ep=580 lr=3.0e-05 train=5.0756e-06 val=6.0902e-06 best=6.0902e-06 t=802s
kim_K16_lr3e4_pat50 ep=585 lr=3.0e-05 train=5.0280e-06 val=6.0800e-06 best=6.0800e-06 t=809s
kim_K16_lr3e4_pat50 ep=600 lr=3.0e-05 train=4.9571e-06 val=5.9956e-06 best=5.9819e-06 t=830s
kim_K16_lr3e4_pat50 ep=610 lr=3.0e-05 train=4.9399e-06 val=5.9061e-06 best=5.9061e-06 t=844s
kim_K16_lr3e4_pat50 ep=625 lr=3.0e-05 train=4.8486e-06 val=5.8719e-06 best=5.8328e-06 t=864s
kim_K16_lr3e4_pat50 ep=635 lr=3.0e-05 train=4.7852e-06 val=5.7743e-06 best=5.7743e-06 t=878s
kim_K16_lr3e4_pat50 ep=640 lr=3.0e-05 train=4.7780e-06 val=5.7733e-06 best=5.7733e-06 t=885s
kim_K16_lr3e4_pat50 ep=650 lr=3.0e-05 train=4.7264e-06 val=5.7625e-06 best=5.7115e-06 t=899s
kim_K16_lr3e4_pat50 ep=660 lr=3.0e-05 train=4.6565e-06 val=5.6521e-06 best=5.6521e-06 t=913s
kim_K16_lr3e4_pat50 ep=675 lr=3.0e-05 train=4.6134e-06 val=5.5944e-06 best=5.5944e-06 t=934s
kim_K16_lr3e4_pat50 ep=690 lr=3.0e-05 train=4.5744e-06 val=5.5095e-06 best=5.5095e-06 t=954s
kim_K16_lr3e4_pat50 ep=700 lr=3.0e-05 train=4.5232e-06 val=5.5044e-06 best=5.4509e-06 t=968s
kim_K16_lr3e4_pat50 ep=725 lr=3.0e-05 train=4.4014e-06 val=5.3418e-06 best=5.3418e-06 t=1003s
kim_K16_lr3e4_pat50 ep=735 lr=3.0e-05 train=4.3563e-06 val=5.2956e-06 best=5.2956e-06 t=1017s
kim_K16_lr3e4_pat50 ep=750 lr=3.0e-05 train=4.3260e-06 val=5.2670e-06 best=5.2488e-06 t=1037s
kim_K16_lr3e4_pat50 ep=760 lr=3.0e-05 train=4.2771e-06 val=5.2012e-06 best=5.2012e-06 t=1051s
kim_K16_lr3e4_pat50 ep=765 lr=3.0e-05 train=4.2240e-06 val=5.1644e-06 best=5.1644e-06 t=1058s
kim_K16_lr3e4_pat50 ep=775 lr=3.0e-05 train=4.2312e-06 val=5.1643e-06 best=5.1503e-06 t=1072s
kim_K16_lr3e4_pat50 ep=800 lr=3.0e-05 train=4.1294e-06 val=5.0668e-06 best=5.0668e-06 t=1107s
kim_K16_lr3e4_pat50 ep=825 lr=3.0e-05 train=4.0509e-06 val=4.9803e-06 best=4.9361e-06 t=1141s
kim_K16_lr3e4_pat50 ep=830 lr=3.0e-05 train=4.0288e-06 val=4.9123e-06 best=4.9123e-06 t=1148s
kim_K16_lr3e4_pat50 ep=850 lr=3.0e-05 train=4.0072e-06 val=4.8914e-06 best=4.8408e-06 t=1176s
kim_K16_lr3e4_pat50 ep=865 lr=3.0e-05 train=3.9171e-06 val=4.8083e-06 best=4.8083e-06 t=1196s
TRAINED kim_K16_lr3e4_pat50 {'stop_reason': 'wall_budget', 'epochs': 869, 'best_val': 4.79576010548044e-06, 'seconds': 1200.5954000148922}
NM-LSPG kim_K16_lr3e4_pat50 worst_evolved 0.7064489113976018 autoencode 0.3825874036907562 tune 0.700243132674221
ARM kim_K16_f64: n=16129 K=16 M1=32258 M2=161380 nnz=5133340 micro=120 weights+adam~16.8GB
kim_K16_f64 ep=0 lr=1.0e-03 train=1.3285e-02 val=5.9720e-03 best=5.9720e-03 t=0s
kim_K16_f64 ep=5 lr=1.0e-03 train=5.4129e-04 val=4.8606e-04 best=4.8606e-04 t=13s
kim_K16_f64 ep=10 lr=1.0e-03 train=2.2086e-04 val=2.2714e-04 best=2.2714e-04 t=26s
kim_K16_f64 ep=25 lr=1.0e-04 train=1.2873e-04 val=8.8563e-05 best=8.8563e-05 t=66s
kim_K16_f64 ep=30 lr=1.0e-04 train=6.4510e-05 val=6.9821e-05 best=6.9821e-05 t=79s
kim_K16_f64 ep=35 lr=1.0e-04 train=6.0991e-05 val=6.6348e-05 best=6.6348e-05 t=92s
kim_K16_f64 ep=40 lr=1.0e-04 train=5.8168e-05 val=6.3219e-05 best=6.3219e-05 t=106s
kim_K16_f64 ep=45 lr=1.0e-04 train=5.5688e-05 val=6.0661e-05 best=6.0661e-05 t=119s
kim_K16_f64 ep=50 lr=1.0e-04 train=5.3453e-05 val=5.8320e-05 best=5.8320e-05 t=132s
kim_K16_f64 ep=55 lr=1.0e-04 train=5.1265e-05 val=5.6123e-05 best=5.6123e-05 t=145s
kim_K16_f64 ep=60 lr=1.0e-04 train=4.9188e-05 val=5.3836e-05 best=5.3836e-05 t=159s
kim_K16_f64 ep=65 lr=1.0e-04 train=4.7286e-05 val=5.1705e-05 best=5.1705e-05 t=172s
kim_K16_f64 ep=75 lr=1.0e-04 train=4.3622e-05 val=4.7644e-05 best=4.7644e-05 t=198s
kim_K16_f64 ep=80 lr=1.0e-04 train=4.1924e-05 val=4.6004e-05 best=4.6004e-05 t=212s
kim_K16_f64 ep=90 lr=1.0e-04 train=3.8682e-05 val=4.2628e-05 best=4.2628e-05 t=238s
kim_K16_f64 ep=95 lr=1.0e-04 train=3.7140e-05 val=4.0958e-05 best=4.0958e-05 t=251s
kim_K16_f64 ep=100 lr=1.0e-04 train=3.5751e-05 val=3.9230e-05 best=3.9230e-05 t=265s
kim_K16_f64 ep=105 lr=1.0e-04 train=3.4457e-05 val=3.7737e-05 best=3.7737e-05 t=278s
kim_K16_f64 ep=110 lr=1.0e-04 train=3.3100e-05 val=3.6197e-05 best=3.6197e-05 t=291s
kim_K16_f64 ep=115 lr=1.0e-04 train=3.1864e-05 val=3.5311e-05 best=3.5311e-05 t=304s
kim_K16_f64 ep=120 lr=1.0e-04 train=3.0714e-05 val=3.3704e-05 best=3.3704e-05 t=318s
kim_K16_f64 ep=125 lr=1.0e-04 train=2.9566e-05 val=3.2352e-05 best=3.2352e-05 t=331s
kim_K16_f64 ep=130 lr=1.0e-04 train=2.8516e-05 val=3.1314e-05 best=3.1314e-05 t=344s
kim_K16_f64 ep=135 lr=1.0e-04 train=2.7519e-05 val=3.0355e-05 best=3.0355e-05 t=357s
kim_K16_f64 ep=140 lr=1.0e-04 train=2.6490e-05 val=2.9039e-05 best=2.9039e-05 t=371s
kim_K16_f64 ep=145 lr=1.0e-04 train=2.5403e-05 val=2.7965e-05 best=2.7965e-05 t=384s
kim_K16_f64 ep=150 lr=1.0e-04 train=2.4718e-05 val=2.7585e-05 best=2.7585e-05 t=397s
kim_K16_f64 ep=155 lr=1.0e-04 train=2.3869e-05 val=2.6693e-05 best=2.6693e-05 t=410s
kim_K16_f64 ep=160 lr=1.0e-04 train=2.3003e-05 val=2.5616e-05 best=2.5616e-05 t=424s
kim_K16_f64 ep=170 lr=1.0e-04 train=2.1475e-05 val=2.4060e-05 best=2.4060e-05 t=450s
kim_K16_f64 ep=175 lr=1.0e-04 train=2.0991e-05 val=2.3466e-05 best=2.3466e-05 t=463s
kim_K16_f64 ep=180 lr=1.0e-04 train=2.0402e-05 val=2.2576e-05 best=2.2576e-05 t=477s
kim_K16_f64 ep=185 lr=1.0e-04 train=1.9652e-05 val=2.1882e-05 best=2.1882e-05 t=490s
kim_K16_f64 ep=190 lr=1.0e-04 train=1.9145e-05 val=2.1191e-05 best=2.1191e-05 t=503s
kim_K16_f64 ep=195 lr=1.0e-04 train=1.8653e-05 val=2.0876e-05 best=2.0876e-05 t=516s
kim_K16_f64 ep=200 lr=1.0e-04 train=1.8134e-05 val=2.0559e-05 best=2.0326e-05 t=530s
kim_K16_f64 ep=205 lr=1.0e-04 train=1.7800e-05 val=1.9799e-05 best=1.9799e-05 t=543s
kim_K16_f64 ep=210 lr=1.0e-04 train=1.7029e-05 val=1.9270e-05 best=1.9270e-05 t=556s
kim_K16_f64 ep=215 lr=1.0e-04 train=1.6912e-05 val=1.8877e-05 best=1.8877e-05 t=569s
kim_K16_f64 ep=220 lr=1.0e-04 train=1.6490e-05 val=1.8387e-05 best=1.8387e-05 t=583s
kim_K16_f64 ep=225 lr=1.0e-04 train=1.6307e-05 val=1.8350e-05 best=1.8350e-05 t=596s
kim_K16_f64 ep=245 lr=1.0e-04 train=1.4552e-05 val=1.6650e-05 best=1.6650e-05 t=649s
kim_K16_f64 ep=250 lr=1.0e-04 train=1.7335e-05 val=1.9218e-05 best=1.6360e-05 t=662s
kim_K16_f64 ep=255 lr=1.0e-04 train=1.4616e-05 val=1.6257e-05 best=1.6257e-05 t=675s
kim_K16_f64 ep=260 lr=1.0e-04 train=1.3642e-05 val=1.5596e-05 best=1.5596e-05 t=689s
kim_K16_f64 ep=275 lr=1.0e-04 train=1.3181e-05 val=1.5380e-05 best=1.5230e-05 t=728s
kim_K16_f64 ep=290 lr=1.0e-04 train=1.2730e-05 val=1.4377e-05 best=1.4377e-05 t=768s
kim_K16_f64 ep=300 lr=1.0e-04 train=1.2447e-05 val=1.3838e-05 best=1.3838e-05 t=795s
kim_K16_f64 ep=305 lr=1.0e-04 train=1.1677e-05 val=1.3364e-05 best=1.3364e-05 t=808s
kim_K16_f64 ep=325 lr=1.0e-05 train=8.7995e-06 val=1.0442e-05 best=1.0442e-05 t=861s
kim_K16_f64 ep=335 lr=1.0e-05 train=8.7660e-06 val=1.0395e-05 best=1.0395e-05 t=887s
kim_K16_f64 ep=350 lr=1.0e-05 train=8.7155e-06 val=1.0342e-05 best=1.0338e-05 t=927s
kim_K16_f64 ep=360 lr=1.0e-05 train=8.6732e-06 val=1.0298e-05 best=1.0298e-05 t=954s
kim_K16_f64 ep=370 lr=1.0e-05 train=8.6266e-06 val=1.0245e-05 best=1.0245e-05 t=980s
kim_K16_f64 ep=375 lr=1.0e-05 train=8.6119e-06 val=1.0208e-05 best=1.0208e-05 t=993s
kim_K16_f64 ep=390 lr=1.0e-05 train=8.5505e-06 val=1.0154e-05 best=1.0154e-05 t=1033s
kim_K16_f64 ep=395 lr=1.0e-05 train=8.5346e-06 val=1.0124e-05 best=1.0124e-05 t=1046s
kim_K16_f64 ep=400 lr=1.0e-05 train=8.5158e-06 val=1.0106e-05 best=1.0106e-05 t=1060s
kim_K16_f64 ep=405 lr=1.0e-05 train=8.4983e-06 val=1.0087e-05 best=1.0087e-05 t=1073s
kim_K16_f64 ep=410 lr=1.0e-05 train=8.4752e-06 val=1.0054e-05 best=1.0054e-05 t=1086s
kim_K16_f64 ep=420 lr=1.0e-05 train=8.4399e-06 val=9.9989e-06 best=9.9989e-06 t=1113s
kim_K16_f64 ep=425 lr=1.0e-05 train=8.3960e-06 val=9.9836e-06 best=9.9755e-06 t=1126s
kim_K16_f64 ep=440 lr=1.0e-05 train=8.3270e-06 val=9.8780e-06 best=9.8780e-06 t=1166s
kim_K16_f64 ep=450 lr=1.0e-05 train=8.3017e-06 val=9.8550e-06 best=9.8451e-06 t=1192s
TRAINED kim_K16_f64 {'stop_reason': 'wall_budget', 'epochs': 454, 'best_val': 9.825372766441058e-06, 'seconds': 1200.1402031192556}
NM-LSPG kim_K16_f64 worst_evolved 0.84565689937519 autoencode 0.38782505183272925 tune 0.8439256195631842
SELECTED kim_K16_refzero_global 0.35946618661571644
ARM kim_final_K8: n=16129 K=8 M1=32258 M2=161380 nnz=5133340 micro=240 weights+adam~8.4GB
kim_final_K8 ep=0 lr=1.0e-03 train=1.1925e-02 val=3.9700e-03 best=3.9700e-03 t=0s
kim_final_K8 ep=5 lr=1.0e-03 train=4.9839e-04 val=4.5127e-04 best=4.5127e-04 t=7s
kim_final_K8 ep=10 lr=1.0e-03 train=2.5951e-04 val=2.5467e-04 best=2.5467e-04 t=14s
kim_final_K8 ep=15 lr=1.0e-03 train=1.8915e-04 val=1.8888e-04 best=1.8888e-04 t=21s
kim_final_K8 ep=25 lr=1.0e-03 train=1.2585e-04 val=1.3320e-04 best=1.3320e-04 t=34s
kim_final_K8 ep=50 lr=1.0e-03 train=5.4472e-05 val=6.1619e-05 best=6.1619e-05 t=69s
kim_final_K8 ep=65 lr=1.0e-03 train=4.5191e-05 val=5.2899e-05 best=5.2899e-05 t=89s
kim_final_K8 ep=75 lr=1.0e-03 train=3.7780e-05 val=4.4538e-05 best=4.4538e-05 t=103s
kim_final_K8 ep=100 lr=1.0e-03 train=5.2154e-05 val=4.7117e-05 best=3.7753e-05 t=138s
kim_final_K8 ep=105 lr=1.0e-04 train=1.9893e-05 val=2.3788e-05 best=2.3788e-05 t=145s
kim_final_K8 ep=110 lr=1.0e-04 train=1.8703e-05 val=2.3042e-05 best=2.3042e-05 t=151s
kim_final_K8 ep=115 lr=1.0e-04 train=1.8420e-05 val=2.2804e-05 best=2.2804e-05 t=158s
kim_final_K8 ep=125 lr=1.0e-04 train=1.7999e-05 val=2.2162e-05 best=2.2162e-05 t=172s
kim_final_K8 ep=130 lr=1.0e-04 train=1.7802e-05 val=2.1819e-05 best=2.1819e-05 t=179s
kim_final_K8 ep=135 lr=1.0e-04 train=1.7594e-05 val=2.1655e-05 best=2.1655e-05 t=186s
kim_final_K8 ep=140 lr=1.0e-04 train=1.7450e-05 val=2.1457e-05 best=2.1457e-05 t=193s
kim_final_K8 ep=145 lr=1.0e-04 train=1.7236e-05 val=2.1120e-05 best=2.1120e-05 t=200s
kim_final_K8 ep=150 lr=1.0e-04 train=1.7011e-05 val=2.0984e-05 best=2.0959e-05 t=207s
kim_final_K8 ep=155 lr=1.0e-04 train=1.6853e-05 val=2.0748e-05 best=2.0748e-05 t=214s
kim_final_K8 ep=160 lr=1.0e-04 train=1.6685e-05 val=2.0446e-05 best=2.0446e-05 t=221s
kim_final_K8 ep=165 lr=1.0e-04 train=1.6470e-05 val=2.0250e-05 best=2.0250e-05 t=227s
kim_final_K8 ep=170 lr=1.0e-04 train=1.6255e-05 val=2.0037e-05 best=2.0037e-05 t=234s
kim_final_K8 ep=175 lr=1.0e-04 train=1.6102e-05 val=1.9815e-05 best=1.9746e-05 t=241s
kim_final_K8 ep=180 lr=1.0e-04 train=1.5962e-05 val=1.9531e-05 best=1.9531e-05 t=248s
kim_final_K8 ep=190 lr=1.0e-04 train=1.5513e-05 val=1.8943e-05 best=1.8943e-05 t=262s
kim_final_K8 ep=195 lr=1.0e-04 train=1.5355e-05 val=1.8797e-05 best=1.8797e-05 t=269s
kim_final_K8 ep=200 lr=1.0e-04 train=1.5272e-05 val=1.8779e-05 best=1.8601e-05 t=276s
kim_final_K8 ep=220 lr=1.0e-04 train=1.4554e-05 val=1.7582e-05 best=1.7582e-05 t=303s
kim_final_K8 ep=225 lr=1.0e-04 train=1.4217e-05 val=1.7356e-05 best=1.7356e-05 t=310s
kim_final_K8 ep=245 lr=1.0e-04 train=1.3624e-05 val=1.6474e-05 best=1.6474e-05 t=338s
kim_final_K8 ep=250 lr=1.0e-04 train=1.3503e-05 val=1.6358e-05 best=1.6297e-05 t=345s
kim_final_K8 ep=260 lr=1.0e-04 train=1.3108e-05 val=1.5896e-05 best=1.5896e-05 t=359s
kim_final_K8 ep=275 lr=1.0e-04 train=1.2446e-05 val=1.5324e-05 best=1.5257e-05 t=379s
kim_final_K8 ep=285 lr=1.0e-04 train=1.2142e-05 val=1.4723e-05 best=1.4723e-05 t=393s
kim_final_K8 ep=300 lr=1.0e-04 train=1.1838e-05 val=1.4173e-05 best=1.4173e-05 t=414s
kim_final_K8 ep=305 lr=1.0e-04 train=1.1675e-05 val=1.3997e-05 best=1.3997e-05 t=421s
kim_final_K8 ep=315 lr=1.0e-04 train=1.1165e-05 val=1.3660e-05 best=1.3660e-05 t=435s
kim_final_K8 ep=325 lr=1.0e-04 train=1.0973e-05 val=1.3662e-05 best=1.3253e-05 t=448s
kim_final_K8 ep=340 lr=1.0e-04 train=1.0659e-05 val=1.2689e-05 best=1.2689e-05 t=469s
kim_final_K8 ep=350 lr=1.0e-04 train=1.0794e-05 val=1.3042e-05 best=1.2314e-05 t=483s
kim_final_K8 ep=355 lr=1.0e-05 train=8.8878e-06 val=1.0637e-05 best=1.0637e-05 t=490s
kim_final_K8 ep=370 lr=1.0e-05 train=8.2865e-06 val=1.0480e-05 best=1.0480e-05 t=511s
kim_final_K8 ep=375 lr=1.0e-05 train=8.2677e-06 val=1.0475e-05 best=1.0462e-05 t=518s
kim_final_K8 ep=400 lr=1.0e-05 train=8.2087e-06 val=1.0392e-05 best=1.0338e-05 t=552s
kim_final_K8 ep=425 lr=1.0e-05 train=8.1195e-06 val=1.0235e-05 best=1.0235e-05 t=587s
kim_final_K8 ep=450 lr=1.0e-05 train=8.0409e-06 val=1.0136e-05 best=1.0136e-05 t=621s
kim_final_K8 ep=470 lr=1.0e-05 train=7.9481e-06 val=1.0036e-05 best=1.0036e-05 t=649s
kim_final_K8 ep=475 lr=1.0e-05 train=7.9248e-06 val=1.0025e-05 best=1.0016e-05 t=656s
kim_final_K8 ep=485 lr=1.0e-05 train=7.8821e-06 val=9.9629e-06 best=9.9629e-06 t=670s
kim_final_K8 ep=500 lr=1.0e-05 train=7.8210e-06 val=9.9247e-06 best=9.8984e-06 t=690s
kim_final_K8 ep=505 lr=1.0e-05 train=7.7899e-06 val=9.8914e-06 best=9.8914e-06 t=697s
kim_final_K8 ep=510 lr=1.0e-05 train=7.7692e-06 val=9.8443e-06 best=9.8443e-06 t=704s
kim_final_K8 ep=525 lr=1.0e-05 train=7.7022e-06 val=9.7440e-06 best=9.7440e-06 t=725s
kim_final_K8 ep=550 lr=1.0e-05 train=7.5729e-06 val=9.6204e-06 best=9.6177e-06 t=759s
kim_final_K8 ep=560 lr=1.0e-05 train=7.5403e-06 val=9.5748e-06 best=9.5748e-06 t=773s
kim_final_K8 ep=570 lr=1.0e-05 train=7.5069e-06 val=9.5218e-06 best=9.5218e-06 t=787s
kim_final_K8 ep=575 lr=1.0e-05 train=7.4954e-06 val=9.5167e-06 best=9.4915e-06 t=794s
kim_final_K8 ep=600 lr=1.0e-05 train=7.3755e-06 val=9.4100e-06 best=9.3898e-06 t=828s
kim_final_K8 ep=620 lr=1.0e-05 train=7.2868e-06 val=9.2646e-06 best=9.2646e-06 t=856s
kim_final_K8 ep=625 lr=1.0e-05 train=7.2743e-06 val=9.3054e-06 best=9.2449e-06 t=863s
kim_final_K8 ep=645 lr=1.0e-05 train=7.1778e-06 val=9.1483e-06 best=9.1483e-06 t=891s
kim_final_K8 ep=650 lr=1.0e-05 train=7.1525e-06 val=9.1151e-06 best=9.1022e-06 t=897s
kim_final_K8 ep=655 lr=1.0e-05 train=7.1419e-06 val=9.1004e-06 best=9.1004e-06 t=904s
kim_final_K8 ep=670 lr=1.0e-05 train=7.0560e-06 val=9.0277e-06 best=9.0277e-06 t=925s
kim_final_K8 ep=675 lr=1.0e-05 train=7.0535e-06 val=9.0284e-06 best=9.0170e-06 t=932s
kim_final_K8 ep=690 lr=1.0e-05 train=6.9892e-06 val=8.9464e-06 best=8.9464e-06 t=953s
kim_final_K8 ep=700 lr=1.0e-05 train=6.9674e-06 val=8.8920e-06 best=8.8920e-06 t=967s
kim_final_K8 ep=705 lr=1.0e-05 train=6.9243e-06 val=8.8740e-06 best=8.8740e-06 t=973s
kim_final_K8 ep=725 lr=1.0e-05 train=6.8709e-06 val=8.8050e-06 best=8.7656e-06 t=1001s
kim_final_K8 ep=735 lr=1.0e-05 train=6.8204e-06 val=8.7270e-06 best=8.7270e-06 t=1015s
kim_final_K8 ep=750 lr=1.0e-05 train=6.8150e-06 val=8.7007e-06 best=8.6764e-06 t=1036s
kim_final_K8 ep=770 lr=1.0e-05 train=6.6996e-06 val=8.5944e-06 best=8.5944e-06 t=1063s
kim_final_K8 ep=775 lr=1.0e-05 train=6.6741e-06 val=8.5686e-06 best=8.5573e-06 t=1070s
kim_final_K8 ep=785 lr=1.0e-05 train=6.6328e-06 val=8.5284e-06 best=8.5284e-06 t=1084s
kim_final_K8 ep=790 lr=1.0e-05 train=6.6155e-06 val=8.5213e-06 best=8.5213e-06 t=1091s
kim_final_K8 ep=800 lr=1.0e-05 train=6.5696e-06 val=8.4587e-06 best=8.4587e-06 t=1105s
kim_final_K8 ep=825 lr=1.0e-05 train=6.4860e-06 val=8.3888e-06 best=8.3583e-06 t=1139s
kim_final_K8 ep=835 lr=1.0e-05 train=6.4550e-06 val=8.3204e-06 best=8.3204e-06 t=1153s
kim_final_K8 ep=845 lr=1.0e-05 train=6.4310e-06 val=8.2994e-06 best=8.2994e-06 t=1167s
kim_final_K8 ep=850 lr=1.0e-05 train=6.4123e-06 val=8.2659e-06 best=8.2659e-06 t=1174s
TRAINED kim_final_K8 {'stop_reason': 'wall_budget', 'epochs': 870, 'best_val': 8.200088814191986e-06, 'seconds': 1200.1068548760377}
NM-LSPG kim_final_K8 worst_evolved 0.5056524559457949 autoencode 0.34658144291632653 tune 0.4439991066244922
NM-LSPG-HR (tune) kim_final_K8_hr_gappy32x48 1.0953279546043657
NM-LSPG-HR (tune) kim_final_K8_hr_gappy64x96 0.4489168358597004
NM-LSPG-HR (tune) kim_final_K8_hr_gappy128x192 0.44153924790948024
NM-LSPG-HR (tune) kim_final_K8_hr_colloc0x64 0.7807604780740459
NM-LSPG-HR (tune) kim_final_K8_hr_colloc0x256 0.42604107318108014
NM-LSPG-HR (tune) kim_final_K8_hr_colloc0x1024 0.4422379262678379
NM-LSPG-HR (validation) kim_final_K8 0.5415522166938688
ARM kim_final_K16: n=16129 K=16 M1=32258 M2=161380 nnz=5133340 micro=240 weights+adam~8.4GB
NM-LSPG kim_final_K16 worst_evolved 0.43417041028419584 autoencode 0.2973080497425627 tune 0.35946618661571644
NM-LSPG-HR (tune) kim_final_K16_hr_gappy32x48 0.8364982508339347
NM-LSPG-HR (tune) kim_final_K16_hr_gappy64x96 0.6111425473859601
NM-LSPG-HR (tune) kim_final_K16_hr_gappy128x192 0.4980589133214567
NM-LSPG-HR (tune) kim_final_K16_hr_colloc0x64 0.4641070551666246
NM-LSPG-HR (tune) kim_final_K16_hr_colloc0x256 0.46609312084274646
NM-LSPG-HR (tune) kim_final_K16_hr_colloc0x1024 0.34462382077998843
NM-LSPG-HR (validation) kim_final_K16 0.44754359981103037
ARM kim_final_K32: n=16129 K=32 M1=32258 M2=161380 nnz=5133340 micro=240 weights+adam~8.4GB
kim_final_K32 ep=0 lr=1.0e-03 train=2.5612e-02 val=5.9864e-03 best=5.9864e-03 t=0s
kim_final_K32 ep=5 lr=1.0e-03 train=4.5514e-04 val=4.1262e-04 best=4.1262e-04 t=7s
kim_final_K32 ep=10 lr=1.0e-03 train=1.9440e-04 val=1.9474e-04 best=1.9474e-04 t=14s
kim_final_K32 ep=15 lr=1.0e-03 train=1.2119e-04 val=1.2495e-04 best=1.2495e-04 t=21s
kim_final_K32 ep=25 lr=1.0e-03 train=6.1420e-05 val=6.8073e-05 best=6.8073e-05 t=34s
kim_final_K32 ep=40 lr=1.0e-03 train=3.4112e-05 val=3.9098e-05 best=3.9098e-05 t=55s
kim_final_K32 ep=50 lr=1.0e-03 train=2.5424e-05 val=2.9532e-05 best=2.9532e-05 t=69s
kim_final_K32 ep=60 lr=1.0e-03 train=2.0291e-05 val=2.4021e-05 best=2.4021e-05 t=83s
kim_final_K32 ep=75 lr=1.0e-03 train=1.9467e-05 val=2.1947e-05 best=2.1226e-05 t=104s
kim_final_K32 ep=100 lr=1.0e-03 train=2.1021e-05 val=1.9150e-05 best=1.4412e-05 t=138s
kim_final_K32 ep=105 lr=1.0e-04 train=8.3797e-06 val=1.0595e-05 best=1.0595e-05 t=145s
kim_final_K32 ep=110 lr=1.0e-04 train=8.0675e-06 val=1.0373e-05 best=1.0373e-05 t=152s
kim_final_K32 ep=115 lr=1.0e-04 train=7.9740e-06 val=1.0291e-05 best=1.0291e-05 t=159s
kim_final_K32 ep=120 lr=1.0e-04 train=7.8822e-06 val=1.0170e-05 best=1.0170e-05 t=166s
kim_final_K32 ep=125 lr=1.0e-04 train=7.8028e-06 val=1.0069e-05 best=1.0069e-05 t=173s
kim_final_K32 ep=130 lr=1.0e-04 train=7.7067e-06 val=9.9574e-06 best=9.9574e-06 t=180s
kim_final_K32 ep=135 lr=1.0e-04 train=7.6234e-06 val=9.8543e-06 best=9.8543e-06 t=187s
kim_final_K32 ep=140 lr=1.0e-04 train=7.5472e-06 val=9.7736e-06 best=9.7736e-06 t=194s
kim_final_K32 ep=145 lr=1.0e-04 train=7.4505e-06 val=9.6402e-06 best=9.6402e-06 t=201s
kim_final_K32 ep=150 lr=1.0e-04 train=7.3621e-06 val=9.5559e-06 best=9.5559e-06 t=208s
kim_final_K32 ep=160 lr=1.0e-04 train=7.1892e-06 val=9.3500e-06 best=9.3500e-06 t=222s
kim_final_K32 ep=165 lr=1.0e-04 train=7.1076e-06 val=9.2428e-06 best=9.2428e-06 t=229s
kim_final_K32 ep=170 lr=1.0e-04 train=7.0077e-06 val=9.1612e-06 best=9.1612e-06 t=236s
kim_final_K32 ep=175 lr=1.0e-04 train=6.9291e-06 val=9.0213e-06 best=9.0213e-06 t=243s
kim_final_K32 ep=180 lr=1.0e-04 train=6.8469e-06 val=8.9260e-06 best=8.9260e-06 t=250s
kim_final_K32 ep=190 lr=1.0e-04 train=6.6508e-06 val=8.6632e-06 best=8.6632e-06 t=264s
kim_final_K32 ep=195 lr=1.0e-04 train=6.5810e-06 val=8.5557e-06 best=8.5557e-06 t=271s
kim_final_K32 ep=200 lr=1.0e-04 train=6.4836e-06 val=8.4970e-06 best=8.4847e-06 t=278s
kim_final_K32 ep=205 lr=1.0e-04 train=6.3867e-06 val=8.3350e-06 best=8.3350e-06 t=285s
kim_final_K32 ep=210 lr=1.0e-04 train=6.2821e-06 val=8.2031e-06 best=8.2031e-06 t=291s
kim_final_K32 ep=220 lr=1.0e-04 train=6.1063e-06 val=7.9694e-06 best=7.9694e-06 t=305s
kim_final_K32 ep=225 lr=1.0e-04 train=5.9854e-06 val=7.8203e-06 best=7.8203e-06 t=312s
kim_final_K32 ep=250 lr=1.0e-04 train=5.5342e-06 val=7.2625e-06 best=7.2625e-06 t=347s
kim_final_K32 ep=255 lr=1.0e-04 train=5.4369e-06 val=7.1284e-06 best=7.1284e-06 t=354s
kim_final_K32 ep=260 lr=1.0e-04 train=5.3430e-06 val=6.9988e-06 best=6.9988e-06 t=361s
kim_final_K32 ep=265 lr=1.0e-04 train=5.2590e-06 val=6.8996e-06 best=6.8996e-06 t=368s
kim_final_K32 ep=275 lr=1.0e-04 train=5.0662e-06 val=6.6844e-06 best=6.6844e-06 t=382s
kim_final_K32 ep=280 lr=1.0e-04 train=4.9593e-06 val=6.5751e-06 best=6.5751e-06 t=389s
kim_final_K32 ep=285 lr=1.0e-04 train=4.8975e-06 val=6.4399e-06 best=6.4399e-06 t=396s
kim_final_K32 ep=290 lr=1.0e-04 train=4.8095e-06 val=6.3263e-06 best=6.3263e-06 t=403s
kim_final_K32 ep=295 lr=1.0e-04 train=4.6752e-06 val=6.1763e-06 best=6.1763e-06 t=410s
kim_final_K32 ep=300 lr=1.0e-04 train=4.6776e-06 val=6.1601e-06 best=6.1328e-06 t=417s
kim_final_K32 ep=305 lr=1.0e-04 train=4.5522e-06 val=5.9984e-06 best=5.9984e-06 t=424s
kim_final_K32 ep=310 lr=1.0e-04 train=4.5456e-06 val=5.9502e-06 best=5.9502e-06 t=431s
kim_final_K32 ep=315 lr=1.0e-04 train=4.4032e-06 val=5.8367e-06 best=5.8367e-06 t=438s
kim_final_K32 ep=325 lr=1.0e-04 train=4.3140e-06 val=5.6334e-06 best=5.6334e-06 t=452s
kim_final_K32 ep=350 lr=1.0e-04 train=4.0915e-06 val=5.5880e-06 best=5.2663e-06 t=486s
kim_final_K32 ep=375 lr=1.0e-04 train=3.5609e-06 val=4.7490e-06 best=4.7490e-06 t=521s
kim_final_K32 ep=385 lr=1.0e-04 train=3.6138e-06 val=4.6184e-06 best=4.6184e-06 t=535s
kim_final_K32 ep=395 lr=1.0e-04 train=3.4637e-06 val=4.5149e-06 best=4.5149e-06 t=549s
kim_final_K32 ep=400 lr=1.0e-04 train=5.5484e-06 val=5.3794e-06 best=4.5149e-06 t=556s
kim_final_K32 ep=405 lr=1.0e-04 train=3.2503e-06 val=4.2034e-06 best=4.2034e-06 t=563s
kim_final_K32 ep=420 lr=1.0e-05 train=2.6133e-06 val=3.7090e-06 best=3.7090e-06 t=584s
kim_final_K32 ep=425 lr=1.0e-05 train=2.5989e-06 val=3.6890e-06 best=3.6890e-06 t=591s
kim_final_K32 ep=440 lr=1.0e-05 train=2.5852e-06 val=3.6701e-06 best=3.6701e-06 t=612s
kim_final_K32 ep=450 lr=1.0e-05 train=2.5763e-06 val=3.6479e-06 best=3.6479e-06 t=625s
kim_final_K32 ep=470 lr=1.0e-05 train=2.5521e-06 val=3.6263e-06 best=3.6263e-06 t=653s
kim_final_K32 ep=475 lr=1.0e-05 train=2.5475e-06 val=3.6093e-06 best=3.6093e-06 t=660s
kim_final_K32 ep=490 lr=1.0e-05 train=2.5332e-06 val=3.5892e-06 best=3.5892e-06 t=681s
kim_final_K32 ep=495 lr=1.0e-05 train=2.5207e-06 val=3.5799e-06 best=3.5799e-06 t=688s
kim_final_K32 ep=500 lr=1.0e-05 train=2.5188e-06 val=3.5783e-06 best=3.5783e-06 t=695s
kim_final_K32 ep=505 lr=1.0e-05 train=2.5093e-06 val=3.5712e-06 best=3.5712e-06 t=702s
kim_final_K32 ep=510 lr=1.0e-05 train=2.5062e-06 val=3.5629e-06 best=3.5629e-06 t=709s
kim_final_K32 ep=515 lr=1.0e-05 train=2.4962e-06 val=3.5398e-06 best=3.5398e-06 t=716s
kim_final_K32 ep=525 lr=1.0e-05 train=2.4813e-06 val=3.5250e-06 best=3.5250e-06 t=730s
kim_final_K32 ep=535 lr=1.0e-05 train=2.4679e-06 val=3.5103e-06 best=3.5103e-06 t=744s
kim_final_K32 ep=545 lr=1.0e-05 train=2.4518e-06 val=3.4901e-06 best=3.4901e-06 t=758s
kim_final_K32 ep=550 lr=1.0e-05 train=2.4419e-06 val=3.4685e-06 best=3.4685e-06 t=765s
kim_final_K32 ep=555 lr=1.0e-05 train=2.4378e-06 val=3.4628e-06 best=3.4628e-06 t=771s
kim_final_K32 ep=560 lr=1.0e-05 train=2.4303e-06 val=3.4603e-06 best=3.4603e-06 t=778s
kim_final_K32 ep=570 lr=1.0e-05 train=2.4151e-06 val=3.4364e-06 best=3.4364e-06 t=792s
kim_final_K32 ep=575 lr=1.0e-05 train=2.4098e-06 val=3.4294e-06 best=3.4232e-06 t=799s
kim_final_K32 ep=590 lr=1.0e-05 train=2.3817e-06 val=3.3949e-06 best=3.3949e-06 t=820s
kim_final_K32 ep=595 lr=1.0e-05 train=2.3773e-06 val=3.3777e-06 best=3.3777e-06 t=827s
kim_final_K32 ep=600 lr=1.0e-05 train=2.3653e-06 val=3.3731e-06 best=3.3731e-06 t=834s
kim_final_K32 ep=620 lr=1.0e-05 train=2.3349e-06 val=3.3264e-06 best=3.3264e-06 t=862s
kim_final_K32 ep=625 lr=1.0e-05 train=2.3258e-06 val=3.3281e-06 best=3.3189e-06 t=869s
kim_final_K32 ep=630 lr=1.0e-05 train=2.3106e-06 val=3.3059e-06 best=3.3059e-06 t=876s
kim_final_K32 ep=650 lr=1.0e-05 train=2.2763e-06 val=3.2546e-06 best=3.2546e-06 t=904s
kim_final_K32 ep=660 lr=1.0e-05 train=2.2630e-06 val=3.2379e-06 best=3.2379e-06 t=918s
kim_final_K32 ep=670 lr=1.0e-05 train=2.2395e-06 val=3.2081e-06 best=3.2081e-06 t=932s
kim_final_K32 ep=675 lr=1.0e-05 train=2.2321e-06 val=3.2031e-06 best=3.2023e-06 t=938s
kim_final_K32 ep=680 lr=1.0e-05 train=2.2288e-06 val=3.1926e-06 best=3.1926e-06 t=945s
kim_final_K32 ep=700 lr=1.0e-05 train=2.1949e-06 val=3.1497e-06 best=3.1497e-06 t=973s
kim_final_K32 ep=705 lr=1.0e-05 train=2.1857e-06 val=3.1328e-06 best=3.1328e-06 t=980s
kim_final_K32 ep=725 lr=1.0e-05 train=2.1534e-06 val=3.1005e-06 best=3.0849e-06 t=1008s
kim_final_K32 ep=750 lr=1.0e-05 train=2.1269e-06 val=3.0442e-06 best=3.0385e-06 t=1043s
kim_final_K32 ep=760 lr=1.0e-05 train=2.0962e-06 val=3.0193e-06 best=3.0193e-06 t=1057s
kim_final_K32 ep=770 lr=1.0e-05 train=2.0896e-06 val=2.9984e-06 best=2.9984e-06 t=1071s
kim_final_K32 ep=775 lr=1.0e-05 train=2.0751e-06 val=2.9939e-06 best=2.9868e-06 t=1078s
kim_final_K32 ep=785 lr=1.0e-05 train=2.0591e-06 val=2.9686e-06 best=2.9686e-06 t=1092s
kim_final_K32 ep=800 lr=1.0e-05 train=2.0337e-06 val=2.9363e-06 best=2.9363e-06 t=1112s
kim_final_K32 ep=810 lr=1.0e-05 train=2.0254e-06 val=2.9286e-06 best=2.9286e-06 t=1126s
kim_final_K32 ep=825 lr=1.0e-05 train=2.0046e-06 val=2.8881e-06 best=2.8881e-06 t=1147s
kim_final_K32 ep=850 lr=1.0e-05 train=1.9657e-06 val=2.8548e-06 best=2.8489e-06 t=1182s
TRAINED kim_final_K32 {'stop_reason': 'wall_budget', 'epochs': 864, 'best_val': 2.828565584422904e-06, 'seconds': 1200.0816046870314}
NM-LSPG kim_final_K32 worst_evolved 0.4084267713648828 autoencode 0.2128183796139738 tune 0.35109113893535543
NM-LSPG-HR (tune) kim_final_K32_hr_gappy32x48 9912.168215826701
NM-LSPG-HR (tune) kim_final_K32_hr_gappy64x96 0.7163077010077467
NM-LSPG-HR (tune) kim_final_K32_hr_gappy128x192 0.3400220241227154
NM-LSPG-HR (tune) kim_final_K32_hr_colloc0x64 0.9297950568238555
NM-LSPG-HR (tune) kim_final_K32_hr_colloc0x256 0.40755144490050027
NM-LSPG-HR (tune) kim_final_K32_hr_colloc0x1024 0.34968976223337206
NM-LSPG-HR (validation) kim_final_K32 0.5815388415141212
OURS ours_q0 0.03412544284355082
OURS ours_q256 0.005134417193265697
DONE
ALL-DONE
