audit banks 64
audit case 64 0
audit case 64 1
audit case 64 2
audit case 64 3
audit case 64 4
audit case 64 5
audit case 64 6
audit case 64 7
audit case 64 8
audit case 64 9
audit case 64 10
audit case 64 11
audit case 64 12
audit case 64 13
audit case 64 14
audit case 64 15
audit case 64 16
audit case 64 17
audit case 64 18
audit case 64 19
audit case 64 20
audit case 64 21
audit case 64 22
audit case 64 23
audit case 64 24
audit case 64 25
audit case 64 26
audit case 64 27
audit case 64 28
audit case 64 29
audit case 64 30
audit case 64 31
audit case 64 32
audit case 64 33
audit case 64 34
audit case 64 35
audit case 64 36
audit case 64 37
audit case 64 38
audit case 64 39
audit case 64 40
audit case 64 41
audit banks 256
audit case 256 0
audit case 256 1
audit case 256 2
audit case 256 3
audit case 256 4
audit case 256 5
audit case 256 6
audit case 256 7
audit case 256 8
audit case 256 9
audit case 256 10
audit case 256 11
audit case 256 12
audit case 256 13
audit case 256 14
audit case 256 15
audit case 256 16
audit case 256 17
audit case 256 18
audit case 256 19
audit case 256 20
audit case 256 21
audit case 256 22
audit case 256 23
audit case 256 24
audit case 256 25
audit case 256 26
audit case 256 27
audit case 256 28
audit case 256 29
audit case 256 30
audit case 256 31
audit case 256 32
audit case 256 33
audit case 256 34
audit case 256 35
audit case 256 36
audit case 256 37
audit case 256 38
audit case 256 39
audit case 256 40
audit case 256 41
audit banks 1024
audit case 1024 0
audit case 1024 1
audit case 1024 2
audit case 1024 3
audit case 1024 4
audit case 1024 5
audit case 1024 6
audit case 1024 7
audit case 1024 8
audit case 1024 9
audit case 1024 10
audit case 1024 11
audit case 1024 12
audit case 1024 13
audit case 1024 14
audit case 1024 15
audit case 1024 16
audit case 1024 17
audit case 1024 18
audit case 1024 19
audit case 1024 20
audit case 1024 21
audit case 1024 22
audit case 1024 23
audit case 1024 24
audit case 1024 25
audit case 1024 26
audit case 1024 27
audit case 1024 28
audit case 1024 29
audit case 1024 30
audit case 1024 31
audit case 1024 32
audit case 1024 33
audit case 1024 34
audit case 1024 35
audit case 1024 36
audit case 1024 37
audit case 1024 38
audit case 1024 39
audit case 1024 40
audit case 1024 41
{
  "passed": true,
  "source_commit": "f3e3c21a440a31eb97b06fdb9ab9951662e17935",
  "job_id": "3564896",
  "archive_sha256": "d937404a353abc1da24c963bd46c308cb47825f7edb341c801ac471d6bb9ca6b",
  "result_sha256": "e1bb9f840794ec79bf6d33e209f1d612ea08f431cf7d573f9727156f80be3d34",
  "audit_script_sha256": "d4022536169493b96732c00707e4c73476288c7a658efad2b326ca494031b63c",
  "timed_invocations": 3402,
  "distinct_full_fields": 2184,
  "online_start_records": 1890,
  "head_oracle_candidates": 420,
  "training_checkpoints": 8,
  "optimizer_blocks_verified": 762,
  "maximum_metric_disagreement": 3.0531133177191805e-16,
  "maximum_reference_disagreement": 4.1162344561390437e-16,
  "maximum_cpu_bank_operator_relative": 1.1427104635946156e-15,
  "maximum_cpu_cache_prediction_relative": 1.7742707412725522e-16,
  "maximum_decoder_field_relative": 3.9375518492011576e-15,
  "maximum_initial_scaled_residual_difference": 1.0244546079937989e-14,
  "maximum_stationarity_absolute_difference": 2.4314463398068613e-14,
  "maximum_true_cg_residual_absolute_difference": 1.6792123247455493e-15,
  "maximum_bank_projection_field_relative": 7.900346961293709e-14,
  "maximum_head_oracle_decoder_relative": 3.365234628937918e-15,
  "maximum_previous_baseline_field_relative_difference": 2.929497789649568e-15,
  "maximum_training_reconstruction_metric_difference": 6.938893903907228e-16,
  "function_preserving_widening_verified": true,
  "training_representation": [
    {
      "model": "original_relative",
      "training_cases": 512,
      "rank": 64,
      "worst_bank_projection_error": 0.06076401836698846,
      "worst_checkpoint_reconstruction_error": 0.06563123595005682,
      "worst_field_error_inside_bank": 0.02820843261672269,
      "per_snapshot_bank_error": [
        0.018249718411031922,
        0.02096609561974446,
        0.010429861146824728,
        0.04576468957827461,
        0.0433355240033346,
        0.011750560106224769,
        0.012995707544437123,
        0.036433797104333726,
        0.006384567522793606,
        0.013891863565789352,
        0.0199218019273588,
        0.031015635934888198,
        0.011221737040290114,
        0.014289977755578942,
        0.04837908252358002,
        0.003255789350144257,
        0.026022651132131792,
        0.004159628250940345,
        0.02042534630688734,
        0.003484104492062149,
        0.021196027196551448,
        0.00455191458564793,
        0.007073873602856654,
        0.025225587170787246,
        0.024576444081932425,
        0.028762084988477387,
        0.03333017198877391,
        0.022206322089310428,
        0.00588901050804574,
        0.0394152191451591,
        0.02786506979235213,
        0.026752588876362452,
        0.015791817219414844,
        0.04941042633150805,
        0.003618209768895023,
        0.021571104927801853,
        0.011811674048357696,
        0.009367503911942889,
        0.054128758984704484,
        0.007250948707851108,
        0.030280853124941033,
        0.01211666110231499,
        0.004391393192211569,
        0.019336530237145506,
        0.004327228441835413,
        0.03289176132451427,
        0.015521306546853212,
        0.03627303687938007,
        0.022324404608714488,
        0.015742315839398863,
        0.00833178911379276,
        0.025235946394996964,
        0.011601417483617947,
        0.009603480638454873,
        0.008031029893115734,
        0.023321938203131026,
        0.04891762169221043,
        0.01879384683647774,
        0.010727836241024745,
        0.01434563087136697,
        0.00578914614125651,
        0.01090596781647584,
        0.03703776188117084,
        0.011224523804828378,
        0.03322079993165648,
        0.020512249521016077,
        0.005971415680366367,
        0.03964603926971989,
        0.04580700068562264,
        0.02422633908642631,
        0.006788799191890262,
        0.027174952469224318,
        0.006576738940433451,
        0.019399167269355335,
        0.016140343065140804,
        0.003207130092065443,
        0.02667006167081161,
        0.025496249553920564,
        0.008454615805273404,
        0.050156506293611146,
        0.02529755906579234,
        0.028915541759125855,
        0.0032177077015891737,
        0.003970607382603799,
        0.01339229573559143,
        0.03311223153521384,
        0.025161704391441952,
        0.04586349100789605,
        0.01965994652064504,
        0.0210660684971454,
        0.015223276641408498,
        0.02248639835615682,
        0.036444887427676605,
        0.026823587894426813,
        0.06076401836698846,
        0.023178666504191887,
        0.04392957625732593,
        0.05410660896827374,
        0.030665579163125886,
        0.04310406156308302,
        0.004201972599849358,
        0.03371086212120526,
        0.01638408003629639,
        0.058806403062139856,
        0.003597942929390027,
        0.02376475691654979,
        0.004083784315686127,
        0.017195214019557245,
        0.010460024051465816,
        0.02169658806250831,
        0.01155386144166073,
        0.025452970753535403,
        0.00790080057544774,
        0.023567314610884283,
        0.007160280862494914,
        0.010302118762566773,
        0.016992686897659533,
        0.039869953728115325,
        0.006385860438620579,
        0.05698971995171982,
        0.004680062258185337,
        0.044904489933032934,
        0.029381027397404776,
        0.010804262620189624,
        0.03006783031158152,
        0.025552253789571537,
        0.006147187786601131,
        0.011470500873338358,
        0.005541801665622242,
        0.010103925224899403,
        0.032444519327244556,
        0.0037185269137129783,
        0.0207629223560655,
        0.008236744774205529,
        0.03025278765249255,
        0.002522852622881749,
        0.007393603369019637,
        0.01710415041206416,
        0.011877919715055403,
        0.03392252588633649,
        0.027020097680194435,
        0.014689877842158328,
        0.04184277314855903,
        0.040137197622375595,
        0.011775086961232148,
        0.007435327885933518,
        0.01536709074237704,
        0.004876806498565099,
        0.008524894026089426,
        0.01776662003681165,
        0.03076698160549538,
        0.00785022613593813,
        0.039692574332995834,
        0.041331886958475304,
        0.021760349821788785,
        0.026117724090583046,
        0.05837770433766956,
        0.01234582596992202,
        0.04358979367488169,
        0.010671830615491446,
        0.0226146286570363,
        0.0065024122194144,
        0.017962532814484983,
        0.036573057217477334,
        0.02241078960566038,
        0.019630824805769533,
        0.03714313157535167,
        0.0356237289688109,
        0.05818084327790847,
        0.04842473285261455,
        0.03707114368705674,
        0.058212020486653644,
        0.0299705226695041,
        0.0283614193908828,
        0.028303187728750234,
        0.04412783642435143,
        0.03780292083224249,
        0.01715255677408391,
        0.03982069219884523,
        0.044807708437979266,
        0.012345488598808997,
        0.012091723607921474,
        0.023750914006158398,
        0.008021474005385998,
        0.0029278817406160453,
        0.01321203850257085,
        0.02127855011684508,
        0.008761192281993707,
        0.02896595335439644,
        0.027928669639813778,
        0.02636891097931004,
        0.007000213576581244,
        0.048604495157185734,
        0.03840146479745821,
        0.020989713877365257,
        0.019923436542880514,
        0.01741948861631041,
        0.04374009096328378,
        0.014567310287223982,
        0.044551137528468614,
        0.03485005975082741,
        0.02726699965723533,
        0.016900954374074968,
        0.03151202661806835,
        0.014638444481768235,
        0.021973269162272827,
        0.011645915826923961,
        0.018431096235936452,
        0.018789713908488288,
        0.0036333560650904763,
        0.029048813660326973,
        0.028304011307859485,
        0.010745702532967506,
        0.003705287177602817,
        0.014846418980283323,
        0.0075995124587155604,
        0.03925200758001283,
        0.005379053305217114,
        0.00913750469242473,
        0.002987461482437212,
        0.03592754261809951,
        0.003862355390966447,
        0.024115034222792337,
        0.01984718500471557,
        0.004633814185417252,
        0.023216866341437017,
        0.004751044000784569,
        0.04925924045311754,
        0.03286839693867467,
        0.02476145681583382,
        0.005866647192971141,
        0.0036685902123645424,
        0.003376582148954745,
        0.0038109295922941046,
        0.01976001181468491,
        0.022799124019623657,
        0.04289274560350009,
        0.02002955253965077,
        0.0037625099391217346,
        0.02419455652543099,
        0.0027330621677260905,
        0.020857555284745033,
        0.0050486418808015675,
        0.006111535826001407,
        0.03490743958056947,
        0.004363993482269392,
        0.0029214318953522324,
        0.009363549977593037,
        0.012265827344950733,
        0.019429278821363725,
        0.019259566544384724,
        0.01579847681636908,
        0.021512681401292734,
        0.023447833923031337,
        0.008077160194617676,
        0.005461212976975833,
        0.028205876195609523,
        0.012497031211927979,
        0.012617686570885146,
        0.003349426790459645,
        0.02185163664551829,
        0.003422657782618313,
        0.02277067773382348,
        0.007254879352761332,
        0.0037516427256609514,
        0.0026651185874841544,
        0.008042282390872717,
        0.02160097127973443,
        0.020999957801818434,
        0.04319892172213439,
        0.012547956324669058,
        0.004814117809079301,
        0.023635284519741076,
        0.004145701770103543,
        0.025957919903371103,
        0.016682277809431656,
        0.004464925664550984,
        0.02175564416557847,
        0.028381550318139517,
        0.05913492757216543,
        0.005985698815661806,
        0.04769951058919837,
        0.05142897123952046,
        0.011862271404306355,
        0.0051331229057919965,
        0.03558550253422163,
        0.006744155193240358,
        0.027104558785959687,
        0.005487497882726905,
        0.05049719037600016,
        0.030418763326725797,
        0.011922813369686664,
        0.009254501656699426,
        0.03814941662437377,
        0.03623349908606699,
        0.01565346069063753,
        0.017106004551453842,
        0.022810207281233338,
        0.0067697346166383805,
        0.04128146845539249,
        0.026627213470077144,
        0.03437165198666966,
        0.016702989244758326,
        0.02287159436459381,
        0.0045613233783664995,
        0.029406172427586613,
        0.032224299051193145,
        0.036635627315534415,
        0.058793384455196246,
        0.007282073115534446,
        0.0036424696659822704,
        0.044504006576955746,
        0.03533445269028255,
        0.004754394331377356,
        0.009003243569248517,
        0.004572911289831991,
        0.021105126684668914,
        0.02582672119153499,
        0.03440941892482724,
        0.004397715335286932,
        0.03314382308852802,
        0.01803033777209695,
        0.010811008630236329,
        0.008982969516753874,
        0.017768292255314677,
        0.035118334635871364,
        0.012995673686037362,
        0.00461550407485576,
        0.007475843591368933,
        0.008301326744082693,
        0.025595463301461337,
        0.03737526378292728,
        0.03434112545007804,
        0.018971833344388112,
        0.018332276713375017,
        0.04255173457185913,
        0.02040177260493271,
        0.007991387378551262,
        0.003973118987237808,
        0.009382363168340738,
        0.023908482027544677,
        0.002574340799363732,
        0.021110139522176167,
        0.015686392932505896,
        0.005496155012514458,
        0.020928752815170898,
        0.006413936746358724,
        0.016137809854514285,
        0.053363179627235795,
        0.027994758864980113,
        0.059559073459265435,
        0.05387226261157762,
        0.03847693843090284,
        0.014051629761462495,
        0.00527600963461968,
        0.04295028656777514,
        0.024973764279219463,
        0.013018547234653535,
        0.004026879906188086,
        0.02486981445355041,
        0.01317373772967827,
        0.003143313409708959,
        0.006182344206943439,
        0.010240931583867203,
        0.01112754801322081,
        0.01945533666032399,
        0.020258460625148987,
        0.0057262483739334395,
        0.019097136126126495,
        0.022407870534622638,
        0.041822198307943766,
        0.038926102061435965,
        0.0034193946449349445,
        0.009700508465123582,
        0.03835946945180503,
        0.034269363882765816,
        0.010915989290350817,
        0.026884351994180343,
        0.007144262498668709,
        0.03680637943887807,
        0.01736935774361241,
        0.03551928909015014,
        0.030385858678982643,
        0.0062201350297800585,
        0.024759115312493012,
        0.004550908299879312,
        0.027589466160561574,
        0.002895279251975717,
        0.04352144376451931,
        0.022101477829616942,
        0.004748064599737372,
        0.049974872423884854,
        0.004511719251564797,
        0.03317216372474743,
        0.011264374263753428,
        0.0035896484637384855,
        0.03471257757064248,
        0.018890245539463127,
        0.015094791228387543,
        0.004804921267019581,
        0.022297634255744915,
        0.02176131611014508,
        0.007842760738004443,
        0.046130577161166864,
        0.013253920736979428,
        0.04201240447789821,
        0.023544396402881643,
        0.0052941796790035795,
        0.005014436587313445,
        0.00896986391512683,
        0.06014117981822034,
        0.0291848920914025,
        0.025002227309949207,
        0.003086934174425575,
        0.015341225348735152,
        0.009152698589094878,
        0.004038863378614032,
        0.03505688330522146,
        0.003014412901723094,
        0.008795907564407382,
        0.006809393804309612,
        0.015835640908597483,
        0.011456126751991806,
        0.026537829984615787,
        0.03922666540841569,
        0.011217958193479424,
        0.020842175128644315,
        0.025913779813246173,
        0.04069570082952517,
        0.004400844141296862,
        0.011662397698487412,
        0.02372776540197557,
        0.013385514828126924,
        0.01112345415444452,
        0.01073073488900494,
        0.04528206920685334,
        0.03767151633651994,
        0.04260506513022874,
        0.009276283594945135,
        0.010693937291592273,
        0.023839958701415063,
        0.0064301845250655095,
        0.024649094875871688,
        0.020437059249236115,
        0.007604383372016493,
        0.005442225010305357,
        0.009447635891608271,
        0.03161911801045823,
        0.008318118935088084,
        0.002829585807067684,
        0.008204520124315036,
        0.01485008382882037,
        0.0051770535764406565,
        0.01046140112457816,
        0.008941908128882379,
        0.04095386401588351,
        0.00891567917188431,
        0.002695426713227893,
        0.002941369532143596,
        0.007116407085109531,
        0.030343741835537657,
        0.013898204527842678,
        0.025447390385950067,
        0.036547895440907134,
        0.059404354828683496,
        0.024933035042032602,
        0.006680673412951491,
        0.01742457472729103,
        0.035396468519516236,
        0.03758764448830651,
        0.012154312570502207,
        0.027482655006427093,
        0.0058227906266679706,
        0.03263830284903608,
        0.01951481606596881,
        0.04138350960047171,
        0.02327319855885994,
        0.005979589453612319,
        0.013874049779976463,
        0.024849897892966554,
        0.005932222750586603,
        0.011734131066956532,
        0.03775438618006711,
        0.029503803403905186,
        0.0484466125577531,
        0.016082693144380846,
        0.01955120581620178,
        0.022971286752846168,
        0.015371105837239546,
        0.04089473957159593,
        0.028173062618964715,
        0.003370656682251917,
        0.03128470373883143,
        0.03186443374752231,
        0.005008967358647607,
        0.005883417410797792,
        0.01074966860339003,
        0.032409514073444376,
        0.01666113327841365,
        0.01724193143565018,
        0.03179273346484654,
        0.023422481611849306,
        0.030751296470366993,
        0.011226010741087795,
        0.03166529893730337,
        0.006585865815828996,
        0.002645800892160256,
        0.020901509808932583,
        0.010137963140852708,
        0.04061201191602721,
        0.04043351201842748,
        0.003206628636238624
      ],
      "per_snapshot_checkpoint_error": [
        0.020553144062711647,
        0.02230723890887215,
        0.012447753719825289,
        0.05036402186304425,
        0.04624501088817311,
        0.014551266731954702,
        0.013859951177929358,
        0.037828537527517116,
        0.008383128218092192,
        0.014745623562174872,
        0.021109806724298498,
        0.03288322383091409,
        0.011660476872254584,
        0.015743641895129928,
        0.0493958002603606,
        0.004485056749652346,
        0.028683986959659222,
        0.005673406801698836,
        0.02168786895470954,
        0.0052668316529616,
        0.021724366831997195,
        0.006284504393209673,
        0.008230415768987358,
        0.026333997522982294,
        0.026035235746582383,
        0.029900128208011165,
        0.03443915948250367,
        0.023032476542022052,
        0.00807504460431431,
        0.04117560284034637,
        0.029453889341938846,
        0.029292998376964367,
        0.01658751234743599,
        0.05232610199495049,
        0.005996338557106556,
        0.023063792833088917,
        0.013610581485369515,
        0.01138823014310316,
        0.055937124996109276,
        0.009579627833584172,
        0.03198272878995858,
        0.013379103165977572,
        0.005568510855759395,
        0.020255980536718655,
        0.005880904467048355,
        0.034706560501812075,
        0.019597245109491655,
        0.038127110003534394,
        0.02561714067666897,
        0.018481798093924445,
        0.00997627595989856,
        0.026198075923996658,
        0.017381432110546054,
        0.012933888544882038,
        0.009067399502748687,
        0.027174793070864175,
        0.05235129963696853,
        0.019602124590153855,
        0.012370064028736173,
        0.014891623527488686,
        0.0079908175752897,
        0.012714645528720564,
        0.04050657985028301,
        0.012700253817558028,
        0.03459256705908306,
        0.021426242685574852,
        0.008925770880744631,
        0.04117098012433446,
        0.04862938414556312,
        0.025402930621474352,
        0.009183734213904409,
        0.029393154244722712,
        0.008364692967876758,
        0.02068535866332553,
        0.018433617335763576,
        0.004440723688318631,
        0.028415483551107238,
        0.02827029500782873,
        0.01200057850684613,
        0.05481598557307579,
        0.026992901094752508,
        0.031153089693939862,
        0.004600484710983487,
        0.00523244538507071,
        0.016403098817413846,
        0.03657673597176966,
        0.02775858679134399,
        0.04992694532946931,
        0.02290214260196302,
        0.022239292948236216,
        0.017530365746275093,
        0.024451709460635712,
        0.03806350637135185,
        0.028459054808124908,
        0.06563123595005682,
        0.024644011532965915,
        0.0476138199128954,
        0.05764247566120294,
        0.03468410549291435,
        0.04710351235247859,
        0.00645555656298733,
        0.03571997324912751,
        0.018361828475134945,
        0.06169604736287716,
        0.005120409718444908,
        0.025719142478604923,
        0.005834615017191119,
        0.018583605997109724,
        0.01685106075008872,
        0.023232152704389025,
        0.013276527496102883,
        0.0283275246727278,
        0.0104521277392308,
        0.02761033567162259,
        0.010722282075972459,
        0.011893101910325193,
        0.020114036354405222,
        0.042508823965148185,
        0.008402869553776043,
        0.06356872763408875,
        0.00730148471032865,
        0.04697702314401835,
        0.03250945686789391,
        0.012375990855565,
        0.033961135431464604,
        0.026527096461194933,
        0.008696138302898863,
        0.012361510787652526,
        0.009013796765107548,
        0.011834711472464583,
        0.03370438666042096,
        0.004735246127807322,
        0.022361092398779855,
        0.009802759915773255,
        0.031811520516704994,
        0.004069402687656472,
        0.0108065452628511,
        0.018440111755347027,
        0.013601056893144031,
        0.035233525385964574,
        0.02961764500992566,
        0.016317646727501942,
        0.04680146531410274,
        0.04401947607359127,
        0.014538902254516073,
        0.009806566136413399,
        0.016774853979212443,
        0.0060603076342566715,
        0.009599544001011052,
        0.0197789398169974,
        0.03383127929691091,
        0.009434853014922777,
        0.048695134540039875,
        0.043180128130675316,
        0.023191603958406467,
        0.027208553811414838,
        0.0648116820810175,
        0.014528998989889807,
        0.04554400813435689,
        0.012793194750402114,
        0.025550162840195796,
        0.008486912782600862,
        0.01891916827704025,
        0.04287345741377574,
        0.024751653608022013,
        0.022866037880096543,
        0.03986181181158103,
        0.04068214663964584,
        0.061061929603819856,
        0.05100709327054054,
        0.03989879310064757,
        0.06048299324886879,
        0.032495598786269383,
        0.029628079075884026,
        0.030321187698554023,
        0.04596323796394652,
        0.04164779048104567,
        0.01784533188418907,
        0.04105110723320364,
        0.04697816276962176,
        0.014094507258952707,
        0.014128837729108907,
        0.027154464206648358,
        0.00988728339713094,
        0.005183488407777396,
        0.015954969320546217,
        0.02375941224377708,
        0.015392687750081933,
        0.03109261452311163,
        0.029092571935217824,
        0.029182780984647768,
        0.009281092687946753,
        0.055981038984184,
        0.04071335766937775,
        0.02151993152965314,
        0.020864515123859163,
        0.019529726940913893,
        0.04646411695014536,
        0.017724608023312816,
        0.04731510905982742,
        0.036428200717871985,
        0.02848153240897251,
        0.018555658242397497,
        0.033824677898998894,
        0.016313450917093963,
        0.023475959415895732,
        0.012759570630325933,
        0.020910576476101783,
        0.02016064506442516,
        0.005875491768163046,
        0.03460181596434131,
        0.0305090183343025,
        0.013086006758016721,
        0.00626779057721078,
        0.017188189017901333,
        0.010068301394593577,
        0.04274793929173697,
        0.007130640732987029,
        0.010626696770017775,
        0.004646509994195926,
        0.03802869914423144,
        0.005807602255382932,
        0.025761372361715208,
        0.02101773183016763,
        0.0065410580209853955,
        0.024751782556547267,
        0.006565197773705677,
        0.05195482874537827,
        0.03638051273290776,
        0.026451444614662683,
        0.007205217725483011,
        0.005022379774172494,
        0.004923211083101224,
        0.006635208860960425,
        0.022475292858078835,
        0.02402433979933717,
        0.045150867357755184,
        0.021738345081494276,
        0.0055817347452053676,
        0.025197965262212924,
        0.0044395061696906,
        0.023953098505109932,
        0.006842244300392891,
        0.009898681592664094,
        0.03617848796403871,
        0.0061616365410354255,
        0.0051484720045069385,
        0.010584474035438435,
        0.013665786674334894,
        0.021784789355243275,
        0.021623796973223017,
        0.01720915097526517,
        0.022129299005267812,
        0.025631188540142888,
        0.009829093186732795,
        0.008330129516148362,
        0.029505583604923304,
        0.013222873264841358,
        0.014076502462899492,
        0.005554138312117801,
        0.024609685843179213,
        0.005843619784757392,
        0.02439205186192881,
        0.009161956756646753,
        0.005608205135004292,
        0.0037341580021415196,
        0.009164017069917905,
        0.0253416536620311,
        0.02404801138115898,
        0.046219340496265506,
        0.01403318312281548,
        0.0069832992444037725,
        0.025834995921900285,
        0.005984867696288424,
        0.028620584601096042,
        0.018158955835832172,
        0.006098531751197323,
        0.023315100214288415,
        0.030578264095593423,
        0.06506881275062068,
        0.00805370497460022,
        0.05079117738469709,
        0.05288254601335126,
        0.013180904409877923,
        0.006482219808329061,
        0.038711760591665034,
        0.008529644185180835,
        0.028744169404018208,
        0.007203751143166643,
        0.052955991194545075,
        0.034164185787367844,
        0.013617494309029168,
        0.01142588174759697,
        0.04192511766594457,
        0.041074469403512906,
        0.0170734643239431,
        0.01956431481570769,
        0.026889185405454614,
        0.009930545008174372,
        0.04319079909176734,
        0.03006148014694307,
        0.03627332773873634,
        0.019037947123613234,
        0.02398506287526631,
        0.0076629801824801575,
        0.03163095767990141,
        0.03414705818490924,
        0.04356385454614903,
        0.0623804599670155,
        0.008488686205415675,
        0.005131115421029606,
        0.0473212383953838,
        0.03667957687320739,
        0.0066510100845770664,
        0.009856281538592216,
        0.006782844751287376,
        0.02192800953812117,
        0.02870845408955042,
        0.03791252710039879,
        0.006944944978748923,
        0.035676072008690635,
        0.02048821731891966,
        0.013125903574391322,
        0.010940948952759821,
        0.01890918626169566,
        0.03748170540164429,
        0.016346226527868647,
        0.0064182474967332355,
        0.010143032595572489,
        0.00971288179141508,
        0.02845671678401065,
        0.03926384881743799,
        0.03960483001184671,
        0.021017423374807113,
        0.020915905276108274,
        0.04503955485596264,
        0.023978249252067037,
        0.010002862456587741,
        0.005124004557062943,
        0.010946952431969728,
        0.025700708453468786,
        0.004276810213529422,
        0.024304332758024714,
        0.01689092694174176,
        0.006858150911299321,
        0.022042224226298705,
        0.008190492833676042,
        0.017018017317167587,
        0.05573164621724163,
        0.028715372606962802,
        0.06294505642992469,
        0.05750611485050477,
        0.040097435812354636,
        0.01599072057179226,
        0.009968878815775859,
        0.04518797624526914,
        0.02708390840403389,
        0.015862722393828504,
        0.005984721052612651,
        0.025834725491936286,
        0.015849778080569223,
        0.004473866459749081,
        0.007774537874523191,
        0.011842587861734609,
        0.013019328933104231,
        0.022061928617838823,
        0.02147468482971707,
        0.009120829451601418,
        0.0212916272196405,
        0.02435359544133923,
        0.04410772395860796,
        0.04068162014340419,
        0.00643776069672221,
        0.010796457370450301,
        0.041423736590216836,
        0.03765105822155799,
        0.012936173143716763,
        0.02856952230392774,
        0.008196284187313838,
        0.039035280802068945,
        0.02047631584364178,
        0.0368806869009288,
        0.03516562275011076,
        0.007862290871910264,
        0.027145631581563728,
        0.00648298938587738,
        0.029079622314552373,
        0.005885572089081483,
        0.04822680961646601,
        0.02369656790880121,
        0.005999040843910678,
        0.05452070954916475,
        0.006988492942612694,
        0.03615022535097092,
        0.012906153161757163,
        0.008108505546877448,
        0.036842841170752906,
        0.02442069070670347,
        0.016401101598231712,
        0.0065613948261657035,
        0.023875020664673424,
        0.024108573378358367,
        0.009722275120378548,
        0.04871926616107986,
        0.015844164880367995,
        0.04991725308168182,
        0.02722977424986126,
        0.008391804715221007,
        0.007338439408945293,
        0.010353655381199778,
        0.06220692936618762,
        0.03274717360723609,
        0.026675687407830082,
        0.005562546896694137,
        0.01788411243167947,
        0.010656724489735495,
        0.00795903008359545,
        0.03801691244967493,
        0.006513093896449282,
        0.010879599937575963,
        0.008972143025589324,
        0.01724819995342259,
        0.012494699985349593,
        0.029798380256516342,
        0.04231545053758989,
        0.012792865964882449,
        0.023001557493947396,
        0.027565601977511896,
        0.04228190366972125,
        0.005914540716867584,
        0.01314416646215768,
        0.025301385865266587,
        0.014622883396752129,
        0.011960928540939464,
        0.011719795018902556,
        0.047822626828883975,
        0.04110658140800404,
        0.04669492711985275,
        0.011196089320451935,
        0.012384887808409389,
        0.02542591112820403,
        0.008541743163950628,
        0.025658933907207224,
        0.02219065898625071,
        0.010206722873209794,
        0.006485362738524343,
        0.011032513096296818,
        0.033926640360246486,
        0.010271132540648332,
        0.004148635723918101,
        0.010697651566318044,
        0.018026636980732116,
        0.006876710820063533,
        0.014401661469155213,
        0.009722225187927125,
        0.04298519682317152,
        0.01013931722127489,
        0.006825976678695784,
        0.004930859954939305,
        0.008824087737257692,
        0.032104091621741736,
        0.016168961695734074,
        0.027532386524143172,
        0.03838690088213228,
        0.062433367484360215,
        0.02793466682302538,
        0.008671552507056519,
        0.020101021840536547,
        0.03776461100875265,
        0.03944322028265398,
        0.015150004212625518,
        0.03046896529009059,
        0.007257964560313698,
        0.034476491866441805,
        0.021962229051776243,
        0.04318455598583584,
        0.025310374479149418,
        0.009773420729374866,
        0.01548419624698118,
        0.026963626624880336,
        0.007255632415778376,
        0.013994194147571208,
        0.03962409707806479,
        0.030949636428270123,
        0.05035297958821314,
        0.017406056502888855,
        0.021690443270063996,
        0.02467592679503529,
        0.017771163739017607,
        0.04362127720069473,
        0.03013138313734105,
        0.005092858172799432,
        0.03249748183031843,
        0.03324313774661331,
        0.006103912119443934,
        0.007871312084027695,
        0.012456264731095743,
        0.033677296505308596,
        0.019314228354621297,
        0.018484294597590552,
        0.03466284015081581,
        0.025731878927660427,
        0.03203272753324083,
        0.014165591840383625,
        0.036834463849473226,
        0.007170922835300013,
        0.004188962417636111,
        0.021762637675810007,
        0.01166648094413067,
        0.042166529401557774,
        0.044978944763304635,
        0.005137069814927327
      ],
      "per_snapshot_inside_bank_error": [
        0.00945407366063019,
        0.007618119334929828,
        0.006794451348518161,
        0.02102683728061265,
        0.01614414418306713,
        0.008582756008094989,
        0.004817658360038146,
        0.010177262894856067,
        0.005432691438675925,
        0.004944647703007881,
        0.0069818155163482555,
        0.010924135529572497,
        0.003168491547560907,
        0.006607480296387519,
        0.009970429155160464,
        0.0030847317152532566,
        0.012066181498604282,
        0.0038581132113432843,
        0.007291699941740444,
        0.003949750821131705,
        0.004761989640290199,
        0.004333020779229811,
        0.004207143446711032,
        0.007559707496289225,
        0.00859254890400804,
        0.008170687484606705,
        0.008669218018949217,
        0.006113447057479104,
        0.005525024940920404,
        0.011910951641452634,
        0.009543033209337767,
        0.01193225638029811,
        0.005075832422857774,
        0.017222970699753794,
        0.004781697832330621,
        0.00816247340218676,
        0.0067625649383378774,
        0.006476237816203024,
        0.014108132534326684,
        0.006260432274699003,
        0.010293924172918426,
        0.005673352206369524,
        0.0034240296409505737,
        0.006033518533317232,
        0.0039824780429677156,
        0.011075982071000724,
        0.011964157260756237,
        0.011744927107851532,
        0.012564189401416043,
        0.009682786416997997,
        0.005487018515672639,
        0.007034642255888572,
        0.012943001760964312,
        0.008663638526522976,
        0.0042095477902416795,
        0.01394835391340588,
        0.01864738216633759,
        0.005570871523821924,
        0.006158897113996034,
        0.003995413143460575,
        0.0055080806527077674,
        0.00653621273422209,
        0.016400829430277056,
        0.005941928338951788,
        0.009644902676440604,
        0.006191243429935989,
        0.00663412244293271,
        0.01110140417344452,
        0.01632592081826054,
        0.007641556034534599,
        0.006184915492052301,
        0.011201762126980735,
        0.005168616193550569,
        0.007180276616258546,
        0.008904357013334797,
        0.0030715376358694565,
        0.009805483971653385,
        0.012212732639089072,
        0.008516651694427713,
        0.02211599309926188,
        0.00941542430397265,
        0.011593379242261975,
        0.003287980645187336,
        0.0034077502433365017,
        0.009471434196799506,
        0.015538266863036514,
        0.011722959215584932,
        0.019729167810641574,
        0.011747111924470059,
        0.007127896527801677,
        0.008692845995260786,
        0.009604581433647685,
        0.010981834895222321,
        0.009508571556328362,
        0.02480308860259786,
        0.008371184117220817,
        0.018364862551879354,
        0.019877873787372047,
        0.016205228428925973,
        0.018994229458076266,
        0.004900779204171926,
        0.01181076898273239,
        0.008289672268220902,
        0.01866036492396465,
        0.0036432680880766066,
        0.009834155710180674,
        0.004167185868399454,
        0.007048051268076479,
        0.013211591321484983,
        0.008306081249655109,
        0.0065402192732110535,
        0.012433621109864722,
        0.0068428301560248175,
        0.01438444708465623,
        0.007981084568334641,
        0.0059424087751811915,
        0.010762111803193876,
        0.014744046412633794,
        0.005461593466767458,
        0.028163006814640835,
        0.005604346191543863,
        0.013799546634863758,
        0.013914740921713362,
        0.006035980358732272,
        0.01578873966307064,
        0.00712524897353543,
        0.006151008348182159,
        0.004608097076667735,
        0.007108935674316503,
        0.006162068701834343,
        0.009129011215855565,
        0.0029317423970919533,
        0.008301777430331753,
        0.005315085840406418,
        0.00983573468724818,
        0.0031930006071913607,
        0.007881373594727698,
        0.006890991237200425,
        0.0066259921410486864,
        0.009521740839481012,
        0.01212927109461758,
        0.0071044411255228685,
        0.020965674107583307,
        0.01807538770858985,
        0.008528013005489214,
        0.006394109681301176,
        0.006726681807507277,
        0.003597789181898088,
        0.004413323789536873,
        0.00869216156959636,
        0.014069410142315913,
        0.005233583956318203,
        0.02820843261672269,
        0.012497943264127767,
        0.008021076598372024,
        0.007626918698716724,
        0.028153112979464996,
        0.007659790647832225,
        0.013197975766139718,
        0.007055342885783487,
        0.011890727137768937,
        0.005454019060132097,
        0.005939894206424581,
        0.02237285936973571,
        0.010507181619365579,
        0.011725459725707715,
        0.014468995047273133,
        0.019646551594779942,
        0.018535067370077308,
        0.01602400736590365,
        0.01475276233869018,
        0.016418073675194798,
        0.012559128608105466,
        0.008570470224048034,
        0.010876763665818339,
        0.012858977277997551,
        0.017477918311523413,
        0.004923988847335385,
        0.00997526329862079,
        0.014114426723962884,
        0.006800297503002911,
        0.007308507081827713,
        0.013162788846677428,
        0.0057805127589252705,
        0.004277389459299889,
        0.008944444344181275,
        0.010570381974869994,
        0.012656079407520178,
        0.011301514241628955,
        0.008146603829570203,
        0.012502609318184013,
        0.006093906084319508,
        0.0277755247702692,
        0.013524237284381645,
        0.004747564047730132,
        0.006195536108809397,
        0.008830155759265516,
        0.015675414076841664,
        0.010097286792788615,
        0.015934732199282126,
        0.010605995611225204,
        0.008228512505652518,
        0.007659647123339977,
        0.01229231521696283,
        0.0072003211024664,
        0.00826414622445014,
        0.005213375799084325,
        0.009876583422649273,
        0.007307411350874698,
        0.004617372328719222,
        0.018800321618465628,
        0.01138785070183872,
        0.007468162420825823,
        0.00505529876973304,
        0.008661275031829152,
        0.006604400302995112,
        0.016931220116360328,
        0.0046810066014231,
        0.0054251905254859255,
        0.0035588100563414007,
        0.012465698537471225,
        0.004337102118996202,
        0.009061646119359248,
        0.006916234428750583,
        0.004616622805571539,
        0.008580667631976343,
        0.004530938391821161,
        0.016517610600311802,
        0.015595197638727933,
        0.00930318109896633,
        0.004183014843963432,
        0.003430123095423841,
        0.0035828341240044708,
        0.0054316491299737715,
        0.010708908541019583,
        0.00757422251665712,
        0.01410011339497048,
        0.008448234841876479,
        0.00412301852091923,
        0.007039949424066482,
        0.0034985120005604194,
        0.011777661717815819,
        0.0046181730398151405,
        0.007786721204746467,
        0.009505453870961961,
        0.004349865026702928,
        0.004239339531343338,
        0.004935080792042603,
        0.0060252141017799535,
        0.009852927064280327,
        0.00983146439049573,
        0.0068237092238839486,
        0.005187524784617485,
        0.010351662199777047,
        0.005600942426410112,
        0.006290167770093014,
        0.00866071659304627,
        0.004320716175144379,
        0.006240345117613299,
        0.004430552173881488,
        0.011320009417496859,
        0.004736381096564161,
        0.008744622895092749,
        0.005595371050032554,
        0.004168589892911485,
        0.002615545621778372,
        0.004393279276714076,
        0.013251318806006537,
        0.011717876245728016,
        0.01643412905981434,
        0.0062832332944648,
        0.005058728897380824,
        0.01043169880486837,
        0.004316456669009554,
        0.012055051107260652,
        0.007172815635205427,
        0.004154097775738534,
        0.008383665364447892,
        0.011380590346672381,
        0.027147941612764785,
        0.005388281127232058,
        0.017449939532122084,
        0.012313593711780086,
        0.005746543151575131,
        0.003958563233993765,
        0.01524048613047812,
        0.005222183514132604,
        0.009569230258769611,
        0.00466705448004868,
        0.015949005220600204,
        0.015552827015897426,
        0.006578956802416526,
        0.006701117279694271,
        0.017387855029394834,
        0.01934542790325664,
        0.006817063328708588,
        0.009494578584316418,
        0.014238073449595738,
        0.007265426166417558,
        0.012699822374814745,
        0.013952924118047608,
        0.011590679227251818,
        0.009135293151890697,
        0.007223116526261976,
        0.00615756399195744,
        0.011653090015388992,
        0.011296731091021415,
        0.023572022274622472,
        0.020848494669877538,
        0.004362247658492674,
        0.0036139673762123027,
        0.01608393614358828,
        0.00984214471930354,
        0.00465098588332761,
        0.004010971328840303,
        0.005009537429283648,
        0.005950733562176112,
        0.012536179988598668,
        0.015917022346978515,
        0.0053751614475876005,
        0.013201102417814824,
        0.009730054919237277,
        0.007443885883137551,
        0.0062458484329966655,
        0.006468780055715631,
        0.013098885915168836,
        0.009915219974687034,
        0.004459935320642253,
        0.006855134778560814,
        0.005042623025963777,
        0.012436116295248264,
        0.01203077225764128,
        0.019728904254653283,
        0.009044425071205568,
        0.010069891956887223,
        0.01476182192513228,
        0.012598575783431655,
        0.006016226815151181,
        0.0032356990302023184,
        0.005639772063228362,
        0.009429257772951971,
        0.00341524158022253,
        0.012044193628759421,
        0.006264222993978325,
        0.004102013408140923,
        0.006917149300391436,
        0.005093681210304377,
        0.005402222367411165,
        0.016074434676067156,
        0.006392659857080394,
        0.020366563226038595,
        0.0201179662567731,
        0.011284040398297585,
        0.007632486190745557,
        0.008458266204076638,
        0.014043720336470788,
        0.010480896534365729,
        0.009063299048512255,
        0.004427315699012632,
        0.006994667275123079,
        0.008812950665523086,
        0.0031835611990366406,
        0.00471402792410784,
        0.0059472857302684794,
        0.00675874256661922,
        0.010402815473325912,
        0.007124385000473273,
        0.007099268233080398,
        0.009414498469930864,
        0.00953860309605183,
        0.014014101523101084,
        0.011821708666470369,
        0.005454585506750395,
        0.0047395809171293145,
        0.01563576210076457,
        0.015595284039533728,
        0.006941595884028766,
        0.009666913805741525,
        0.004017286127390828,
        0.013001676041868818,
        0.010843658151333754,
        0.00992799923522773,
        0.017700864830397487,
        0.00480890195011569,
        0.011129758438738199,
        0.00461718366793962,
        0.009189439097803528,
        0.0051241893865131396,
        0.02077761050830056,
        0.008547046765016442,
        0.0036666570065427887,
        0.02179495115756898,
        0.005336986322261565,
        0.014368240906406426,
        0.006299417582667771,
        0.007270645508517265,
        0.012346331598311056,
        0.015476716643114799,
        0.006414313011298503,
        0.004468180130945597,
        0.008534173559028078,
        0.010376339985468384,
        0.005745758220004364,
        0.015669612185748943,
        0.008681655709261526,
        0.02695718874820132,
        0.01367925450170371,
        0.0065110711795242325,
        0.005357995769928681,
        0.005171046421833079,
        0.0158978159267977,
        0.014853264047866776,
        0.009299512257204375,
        0.004627392935626395,
        0.009191750772746083,
        0.005458377541660972,
        0.006858115082183139,
        0.014707160335371793,
        0.005773535048987773,
        0.00640294501929416,
        0.005842217600317625,
        0.006836145013617024,
        0.004987453013933343,
        0.01355311940549371,
        0.015870289069056687,
        0.006149376680997482,
        0.009730127597019881,
        0.009398852492363254,
        0.011472546009032684,
        0.003951501326774115,
        0.006062803964109863,
        0.008783693740785992,
        0.0058869951266332255,
        0.004396882899899792,
        0.004712210100047037,
        0.015379786902309081,
        0.016450163888550622,
        0.01911085147180331,
        0.006269208780834282,
        0.006247011383884267,
        0.008839305731456167,
        0.005622642017104178,
        0.007127623099933439,
        0.008645921320905137,
        0.006808123481687378,
        0.0035273384849553104,
        0.005697238039572859,
        0.01229830485775261,
        0.006025368125624702,
        0.00303391208346758,
        0.006864808705569042,
        0.010219327331684137,
        0.0045262863331258524,
        0.009897824992533695,
        0.003816273263196942,
        0.013057877625989483,
        0.004828707758569558,
        0.0062712544559853575,
        0.0039574897562219165,
        0.005217401134072829,
        0.010484752275348697,
        0.008262882863769095,
        0.010510120373234396,
        0.011739058657966034,
        0.019210622135293672,
        0.012597197073405229,
        0.005528510254319989,
        0.010021740098744228,
        0.013162669219778253,
        0.011955609900237103,
        0.009044076159625315,
        0.013155284856150131,
        0.004332800350438182,
        0.01110719039863058,
        0.010075289516142453,
        0.012341434634654749,
        0.009948531806988297,
        0.007730734940458291,
        0.0068753964334983,
        0.0104651677232184,
        0.00417767100072716,
        0.007625459851274663,
        0.012028108472168862,
        0.009349095129787576,
        0.013724003974422631,
        0.0066571603710174135,
        0.009392852622307147,
        0.009012288727756933,
        0.0089187087618867,
        0.015180121870103546,
        0.010685447694745113,
        0.0038178368088016114,
        0.008795091658727786,
        0.009474390175101929,
        0.0034882644913907202,
        0.005229049004788712,
        0.00629310384217759,
        0.00915334351096261,
        0.009769649677106876,
        0.006662202874339186,
        0.013810669286976484,
        0.010654433269318265,
        0.008969581852597119,
        0.008639483493202855,
        0.018817188161076675,
        0.0028369888554103002,
        0.0032476366446097015,
        0.006061294112289899,
        0.005773082449998089,
        0.01134375113905891,
        0.01970371989945275,
        0.004013355089285261
      ],
      "scope": "independent training-only field decomposition of saved codes; no extra fit or training"
    },
    {
      "model": "r128_initial",
      "training_cases": 512,
      "rank": 128,
      "worst_bank_projection_error": 0.040330473178149376,
      "worst_checkpoint_reconstruction_error": 0.06563123595005682,
      "worst_field_error_inside_bank": 0.052679648540291064,
      "per_snapshot_bank_error": [
        0.010406436037061989,
        0.009452425371173356,
        0.005808322280869827,
        0.027002290046434233,
        0.02789218954407421,
        0.006516280727393377,
        0.007001828960241724,
        0.022353276043017567,
        0.003367943989833107,
        0.006756938706357377,
        0.01123348693741861,
        0.01580805847990191,
        0.005865644423404552,
        0.007070866075499954,
        0.02647593427567295,
        0.0020127484089880743,
        0.013091081737830374,
        0.00229800614963409,
        0.010859869211674322,
        0.0024088541254030874,
        0.00859758242075228,
        0.0025932980978672446,
        0.004265383586700276,
        0.0133394553732324,
        0.013086530524502845,
        0.018245807414307546,
        0.018610154889855908,
        0.012077081882184383,
        0.0038040284418458096,
        0.02700081112760921,
        0.016490137636090505,
        0.015440067410415407,
        0.009709798854629359,
        0.02890470072620121,
        0.00199394315302574,
        0.011105672366640257,
        0.0064466975235178995,
        0.0056553148177873455,
        0.030657475381423573,
        0.003954784500105386,
        0.01772330752678067,
        0.006142689214403069,
        0.0032489406345495575,
        0.01202757379869274,
        0.0028685237576573427,
        0.023841826444294726,
        0.008427652743070762,
        0.02019941857220296,
        0.014064597326529961,
        0.008323840553054353,
        0.005318647813374536,
        0.012634805261591466,
        0.006397148021415964,
        0.00589780109496793,
        0.004567744229577081,
        0.012098994012513463,
        0.03400040298733662,
        0.012335120376520039,
        0.005013836081227369,
        0.005998549913101146,
        0.0032036003020910796,
        0.005359029524181386,
        0.022328557141659596,
        0.0060433381410947475,
        0.015532778966384829,
        0.011977265219979678,
        0.0034272451215190403,
        0.02179921783114229,
        0.02710580353292027,
        0.012010933118992786,
        0.004513447294993112,
        0.016002685042363456,
        0.0034508288590619903,
        0.010589597329838836,
        0.007951041964423288,
        0.0022596403820106413,
        0.015332099604156081,
        0.015853841373216517,
        0.00565613669579396,
        0.02742266550058159,
        0.013326392283189468,
        0.013051002765018393,
        0.0019710037676214185,
        0.0029098657272341897,
        0.008275331369821746,
        0.019247673568882608,
        0.014421493861042451,
        0.030501691744194138,
        0.00968213641179383,
        0.009265650559730026,
        0.008289632111187148,
        0.01067549216873001,
        0.016079344788021623,
        0.014281700021776589,
        0.03953838089885791,
        0.011653794296701585,
        0.02647192346984352,
        0.040330473178149376,
        0.01939735363109288,
        0.032044202134446975,
        0.0027725458533053716,
        0.021678783558544995,
        0.009373629615669607,
        0.03336727450440717,
        0.0023673243207127247,
        0.013011964458663946,
        0.0025909890216532674,
        0.008746439440368228,
        0.005793015338907113,
        0.012784736669132888,
        0.006603941512749793,
        0.012751127581037653,
        0.004430807921760494,
        0.008162470013019167,
        0.004131846937803066,
        0.0049015015976255375,
        0.008610855232472828,
        0.02147072295438675,
        0.00400335913512485,
        0.035709885358528995,
        0.0028711972165687406,
        0.02352153374525881,
        0.016597020749662218,
        0.004569492273361231,
        0.018977873213846887,
        0.011882363802780417,
        0.003763417469222849,
        0.005388583169871174,
        0.0038435653180854457,
        0.005047304641481376,
        0.017583641337029037,
        0.0025340914374617006,
        0.01154835326741711,
        0.004044407998802005,
        0.018627269174299927,
        0.0018513576578098904,
        0.004573201944705817,
        0.008306190053190502,
        0.008582068715315664,
        0.024301783382423354,
        0.015532535379156522,
        0.006719659374920858,
        0.026474392392408858,
        0.023062391734199002,
        0.006213509634608337,
        0.004700649387599858,
        0.00678876361467036,
        0.003504070801588718,
        0.004798099872247467,
        0.009770061926387207,
        0.014754678705068273,
        0.004649366995298115,
        0.022246947044132943,
        0.02381015643992921,
        0.012315211111485048,
        0.014154981894150633,
        0.03867787493462565,
        0.005856332048344095,
        0.018950038379796637,
        0.0038927091933371053,
        0.01275284270530348,
        0.003196036430651979,
        0.00916899658502379,
        0.022684984076451045,
        0.01146720206785337,
        0.009803641329664955,
        0.019939364447207876,
        0.023897742458286082,
        0.04008501747421061,
        0.026208001714561585,
        0.02281906315407403,
        0.03719959003375865,
        0.01900464584180632,
        0.013164434152474792,
        0.016672531021206482,
        0.02638205935953872,
        0.023796722100753627,
        0.009017449255174857,
        0.02451005781709878,
        0.027402336439063424,
        0.006087514915864135,
        0.005843726573743165,
        0.01211320061512266,
        0.004868449391761382,
        0.0020995769430812404,
        0.007006651142986893,
        0.012042444486755116,
        0.005863523044848116,
        0.01619354354812885,
        0.01663908970336659,
        0.013162000552851005,
        0.0043251238129436735,
        0.029155849682190302,
        0.021175955381188136,
        0.012425000671894055,
        0.009715534900794727,
        0.008342670563814469,
        0.026599263230010033,
        0.008323526692258838,
        0.028407992956788253,
        0.019689729896282912,
        0.015967206347184102,
        0.008739730154610355,
        0.01656865106660119,
        0.006661593397300091,
        0.011088168558928723,
        0.007272754600166226,
        0.008790961551338149,
        0.007761200729243069,
        0.0025544347665840475,
        0.019079977683560186,
        0.015369008168391542,
        0.003914525632116668,
        0.0024881802462035398,
        0.009714200042085206,
        0.003935299392053462,
        0.028546569164266542,
        0.003355794446684109,
        0.00513321559649665,
        0.002289126681770014,
        0.02284474062369214,
        0.002481028709621579,
        0.01379860217598958,
        0.01062304621928134,
        0.0029743986333917965,
        0.012235983768849856,
        0.0028690813804709936,
        0.030519565555773624,
        0.020194356646876004,
        0.012273238917664553,
        0.0029989537532075436,
        0.002258180958733947,
        0.002301986630043462,
        0.002492838666938849,
        0.010858057556838248,
        0.009622412146819933,
        0.020662817300768254,
        0.01148279222016613,
        0.0020605775238611325,
        0.014056930096576511,
        0.0019536478564956957,
        0.01241342880706899,
        0.003078538544093079,
        0.0035697909283819267,
        0.02216451694935813,
        0.002606986395131758,
        0.0021025030039879457,
        0.0046789692785163504,
        0.005513617116957091,
        0.011971062423086983,
        0.010435037586661687,
        0.007461240838871366,
        0.012884342454533954,
        0.014065685871050185,
        0.004609694052797966,
        0.0038790165040670176,
        0.019068319905198913,
        0.006703304679843465,
        0.006340318383172068,
        0.002374489133564057,
        0.012550924494905516,
        0.0023206775454654854,
        0.01573179467347812,
        0.004175630767678893,
        0.002452017618108666,
        0.0020672629709396185,
        0.0032537628549158767,
        0.010047134458059243,
        0.00972191152580272,
        0.028333090154032715,
        0.005963426639769628,
        0.0031456560608135436,
        0.013663166771568612,
        0.0028147702976799843,
        0.014099952408128563,
        0.010960972822203532,
        0.0027810870255638577,
        0.010231557162585295,
        0.015593847084801314,
        0.03995851990771156,
        0.0031908306335016205,
        0.02723494825622786,
        0.02979980189732073,
        0.005510923219508871,
        0.002869803609106865,
        0.02467807365953291,
        0.003664228374974268,
        0.01495334686910803,
        0.0034104551275124344,
        0.033996810941850135,
        0.017703283045093474,
        0.005023360575943226,
        0.004567709427057197,
        0.023816799184784004,
        0.027283791753378705,
        0.008411453622209126,
        0.008713625955326038,
        0.015577787984450715,
        0.004241541192813928,
        0.022345437145175364,
        0.016481389074288536,
        0.020986735106165784,
        0.006201427344758944,
        0.010016755221308555,
        0.0028349022910215656,
        0.017307280576342666,
        0.01989177807423627,
        0.025005151682744992,
        0.036408735196008485,
        0.0038427709569253837,
        0.0021385064069124075,
        0.02865141164316724,
        0.020643820369625563,
        0.0029594864001080486,
        0.004009661480529734,
        0.0035130890014211796,
        0.011175848967387617,
        0.012398575071718593,
        0.01718682183177555,
        0.0031574536194533915,
        0.016754281335506264,
        0.00925109245671392,
        0.006349016173795426,
        0.0041459198326529,
        0.00865613960455275,
        0.02164314948637113,
        0.006794127894439675,
        0.0025773591882480764,
        0.0046387149343212605,
        0.004964264034770618,
        0.01517533917263763,
        0.02160280434062545,
        0.0140897512283153,
        0.008100900484325999,
        0.011007185463273936,
        0.02267222235827427,
        0.010755374155415658,
        0.0033766609380575497,
        0.002419600855208308,
        0.0045313513709398035,
        0.014559335797632536,
        0.001880977902620629,
        0.01208612728018713,
        0.009679687340191053,
        0.0028550973205026613,
        0.012448684798451628,
        0.0034033043449241697,
        0.007755867812427224,
        0.03007167107126398,
        0.01443575052204162,
        0.034451919520366546,
        0.0344834318539798,
        0.024879143217095768,
        0.007826048290166044,
        0.003128990314203316,
        0.028590891908744403,
        0.012831045971148628,
        0.009781004208519588,
        0.0026615093839949446,
        0.010419070780307505,
        0.007008011961657776,
        0.001914806310110429,
        0.0036988102562631594,
        0.005399426768083793,
        0.006740146313088821,
        0.010274560058618274,
        0.010625275727305913,
        0.0034626708751140946,
        0.009822199877210346,
        0.011621870586358845,
        0.02130188622710251,
        0.019363458179883712,
        0.0023351802608041513,
        0.005932374927969929,
        0.023391658864360006,
        0.025228372097521785,
        0.0070142743205886945,
        0.01555055289951966,
        0.00375474900968476,
        0.02346060190725626,
        0.009428204594592744,
        0.017426289840661066,
        0.017864374938568992,
        0.003485681066363161,
        0.015025379748075952,
        0.0029973449321023388,
        0.016767396726318138,
        0.0021939052170597603,
        0.0262761941363663,
        0.012749560618296416,
        0.0028099117802038547,
        0.03427451696446281,
        0.003133913444266607,
        0.02470911608787732,
        0.006868346883180418,
        0.0021910747898804283,
        0.021215476544815298,
        0.011753570537872115,
        0.00761846178941003,
        0.0033533260487055077,
        0.012919660898417533,
        0.01591664639446125,
        0.003811518453871913,
        0.02787357488717968,
        0.006776067415652818,
        0.02614111144458081,
        0.013096150336924264,
        0.003795586499080073,
        0.0029078512831214568,
        0.005082725899553785,
        0.038217753720101465,
        0.016574621600011274,
        0.016326372896566597,
        0.0022226766839578216,
        0.009742433256325756,
        0.005181235188163023,
        0.0025416863392902327,
        0.02236765956861488,
        0.0020997951703247294,
        0.005462341930417169,
        0.004509086497081621,
        0.007523095374481507,
        0.006117590103357674,
        0.014389490886336618,
        0.02478474230824393,
        0.006941405107524321,
        0.010157372004858722,
        0.014090278512369268,
        0.02347876081341706,
        0.0027000207155798077,
        0.006347940955448658,
        0.01221824042211899,
        0.00840153579415322,
        0.006033672011075853,
        0.0066687205389006484,
        0.02695901281179888,
        0.017927981001290394,
        0.02504649736871263,
        0.004879793389581656,
        0.005914805641015446,
        0.01302278330388496,
        0.0038992504011999838,
        0.013752595764137098,
        0.00968536515698503,
        0.0037462769848878455,
        0.0032707171485119885,
        0.005704646415605213,
        0.01712758611709281,
        0.00399471435020982,
        0.0020156908047457797,
        0.00435675686959036,
        0.008337998498190892,
        0.002940761538312017,
        0.005597722078511101,
        0.0040708565441538724,
        0.02490259989143166,
        0.004613162435241643,
        0.002008384089623592,
        0.0021434502157038826,
        0.004053643309300534,
        0.015045699853581814,
        0.006654061018686195,
        0.013444751821232228,
        0.019125875604049165,
        0.039492515306407884,
        0.011628701401069731,
        0.004285037141518182,
        0.008123058263482794,
        0.021470362754051155,
        0.0238806450622438,
        0.0065085724260566975,
        0.01638656134723867,
        0.0041152385152519845,
        0.016517950564796016,
        0.009633783154182986,
        0.020785890755956226,
        0.011588985726025925,
        0.003498229605426323,
        0.006697948859116472,
        0.015524173931975478,
        0.0036311223036046376,
        0.006485389605020539,
        0.025411419899970547,
        0.019951660116586254,
        0.031389099752190425,
        0.009384748032533285,
        0.010873743879121534,
        0.011206550207564883,
        0.008130568081406156,
        0.0239937229368462,
        0.016880432201904338,
        0.002328365703709969,
        0.020237640676931717,
        0.014030653463487888,
        0.003462308956478874,
        0.003725379075270004,
        0.006353032335049015,
        0.01756486283971265,
        0.009676070797748418,
        0.007828643148151604,
        0.020709983060962202,
        0.011566169922378754,
        0.017278673527603195,
        0.006789487749471604,
        0.01707160936342001,
        0.0038729057532664326,
        0.00197060139692917,
        0.009913347148001097,
        0.006075116261043156,
        0.0225778194621627,
        0.02344895193897558,
        0.002259094493293689
      ],
      "per_snapshot_checkpoint_error": [
        0.020553144062711647,
        0.02230723890887215,
        0.012447753719825289,
        0.05036402186304425,
        0.04624501088817311,
        0.014551266731954702,
        0.013859951177929358,
        0.037828537527517116,
        0.008383128218092192,
        0.014745623562174872,
        0.021109806724298498,
        0.03288322383091409,
        0.011660476872254584,
        0.015743641895129928,
        0.0493958002603606,
        0.004485056749652346,
        0.028683986959659222,
        0.005673406801698836,
        0.02168786895470954,
        0.0052668316529616,
        0.021724366831997195,
        0.006284504393209673,
        0.008230415768987358,
        0.026333997522982294,
        0.026035235746582383,
        0.029900128208011165,
        0.03443915948250367,
        0.023032476542022052,
        0.00807504460431431,
        0.04117560284034637,
        0.029453889341938846,
        0.029292998376964367,
        0.01658751234743599,
        0.05232610199495049,
        0.005996338557106556,
        0.023063792833088917,
        0.013610581485369515,
        0.01138823014310316,
        0.055937124996109276,
        0.009579627833584172,
        0.03198272878995858,
        0.013379103165977572,
        0.005568510855759395,
        0.020255980536718655,
        0.005880904467048355,
        0.034706560501812075,
        0.019597245109491655,
        0.038127110003534394,
        0.02561714067666897,
        0.018481798093924445,
        0.00997627595989856,
        0.026198075923996658,
        0.017381432110546054,
        0.012933888544882038,
        0.009067399502748687,
        0.027174793070864175,
        0.05235129963696853,
        0.019602124590153855,
        0.012370064028736173,
        0.014891623527488686,
        0.0079908175752897,
        0.012714645528720564,
        0.04050657985028301,
        0.012700253817558028,
        0.03459256705908306,
        0.021426242685574852,
        0.008925770880744631,
        0.04117098012433446,
        0.04862938414556312,
        0.025402930621474352,
        0.009183734213904409,
        0.029393154244722712,
        0.008364692967876758,
        0.02068535866332553,
        0.018433617335763576,
        0.004440723688318631,
        0.028415483551107238,
        0.02827029500782873,
        0.01200057850684613,
        0.05481598557307579,
        0.026992901094752508,
        0.031153089693939862,
        0.004600484710983487,
        0.00523244538507071,
        0.016403098817413846,
        0.03657673597176966,
        0.02775858679134399,
        0.04992694532946931,
        0.02290214260196302,
        0.022239292948236216,
        0.017530365746275093,
        0.024451709460635712,
        0.03806350637135185,
        0.028459054808124908,
        0.06563123595005682,
        0.024644011532965915,
        0.0476138199128954,
        0.05764247566120294,
        0.03468410549291435,
        0.04710351235247859,
        0.00645555656298733,
        0.03571997324912751,
        0.018361828475134945,
        0.06169604736287716,
        0.005120409718444908,
        0.025719142478604923,
        0.005834615017191119,
        0.018583605997109724,
        0.01685106075008872,
        0.023232152704389025,
        0.013276527496102883,
        0.0283275246727278,
        0.0104521277392308,
        0.02761033567162259,
        0.010722282075972459,
        0.011893101910325193,
        0.020114036354405222,
        0.042508823965148185,
        0.008402869553776043,
        0.06356872763408875,
        0.00730148471032865,
        0.04697702314401835,
        0.03250945686789391,
        0.012375990855565,
        0.033961135431464604,
        0.026527096461194933,
        0.008696138302898863,
        0.012361510787652526,
        0.009013796765107548,
        0.011834711472464583,
        0.03370438666042096,
        0.004735246127807322,
        0.022361092398779855,
        0.009802759915773255,
        0.031811520516704994,
        0.004069402687656472,
        0.0108065452628511,
        0.018440111755347027,
        0.013601056893144031,
        0.035233525385964574,
        0.02961764500992566,
        0.016317646727501942,
        0.04680146531410274,
        0.04401947607359127,
        0.014538902254516073,
        0.009806566136413399,
        0.016774853979212443,
        0.0060603076342566715,
        0.009599544001011052,
        0.0197789398169974,
        0.03383127929691091,
        0.009434853014922777,
        0.048695134540039875,
        0.043180128130675316,
        0.023191603958406467,
        0.027208553811414838,
        0.0648116820810175,
        0.014528998989889807,
        0.04554400813435689,
        0.012793194750402114,
        0.025550162840195796,
        0.008486912782600862,
        0.01891916827704025,
        0.04287345741377574,
        0.024751653608022013,
        0.022866037880096543,
        0.03986181181158103,
        0.04068214663964584,
        0.061061929603819856,
        0.05100709327054054,
        0.03989879310064757,
        0.06048299324886879,
        0.032495598786269383,
        0.029628079075884026,
        0.030321187698554023,
        0.04596323796394652,
        0.04164779048104567,
        0.01784533188418907,
        0.04105110723320364,
        0.04697816276962176,
        0.014094507258952707,
        0.014128837729108907,
        0.027154464206648358,
        0.00988728339713094,
        0.005183488407777396,
        0.015954969320546217,
        0.02375941224377708,
        0.015392687750081933,
        0.03109261452311163,
        0.029092571935217824,
        0.029182780984647768,
        0.009281092687946753,
        0.055981038984184,
        0.04071335766937775,
        0.02151993152965314,
        0.020864515123859163,
        0.019529726940913893,
        0.04646411695014536,
        0.017724608023312816,
        0.04731510905982742,
        0.036428200717871985,
        0.02848153240897251,
        0.018555658242397497,
        0.033824677898998894,
        0.016313450917093963,
        0.023475959415895732,
        0.012759570630325933,
        0.020910576476101783,
        0.02016064506442516,
        0.005875491768163046,
        0.03460181596434131,
        0.0305090183343025,
        0.013086006758016721,
        0.00626779057721078,
        0.017188189017901333,
        0.010068301394593577,
        0.04274793929173697,
        0.007130640732987029,
        0.010626696770017775,
        0.004646509994195926,
        0.03802869914423144,
        0.005807602255382932,
        0.025761372361715208,
        0.02101773183016763,
        0.0065410580209853955,
        0.024751782556547267,
        0.006565197773705677,
        0.05195482874537827,
        0.03638051273290776,
        0.026451444614662683,
        0.007205217725483011,
        0.005022379774172494,
        0.004923211083101224,
        0.006635208860960425,
        0.022475292858078835,
        0.02402433979933717,
        0.045150867357755184,
        0.021738345081494276,
        0.0055817347452053676,
        0.025197965262212924,
        0.0044395061696906,
        0.023953098505109932,
        0.006842244300392891,
        0.009898681592664094,
        0.03617848796403871,
        0.0061616365410354255,
        0.0051484720045069385,
        0.010584474035438435,
        0.013665786674334894,
        0.021784789355243275,
        0.021623796973223017,
        0.01720915097526517,
        0.022129299005267812,
        0.025631188540142888,
        0.009829093186732795,
        0.008330129516148362,
        0.029505583604923304,
        0.013222873264841358,
        0.014076502462899492,
        0.005554138312117801,
        0.024609685843179213,
        0.005843619784757392,
        0.02439205186192881,
        0.009161956756646753,
        0.005608205135004292,
        0.0037341580021415196,
        0.009164017069917905,
        0.0253416536620311,
        0.02404801138115898,
        0.046219340496265506,
        0.01403318312281548,
        0.0069832992444037725,
        0.025834995921900285,
        0.005984867696288424,
        0.028620584601096042,
        0.018158955835832172,
        0.006098531751197323,
        0.023315100214288415,
        0.030578264095593423,
        0.06506881275062068,
        0.00805370497460022,
        0.05079117738469709,
        0.05288254601335126,
        0.013180904409877923,
        0.006482219808329061,
        0.038711760591665034,
        0.008529644185180835,
        0.028744169404018208,
        0.007203751143166643,
        0.052955991194545075,
        0.034164185787367844,
        0.013617494309029168,
        0.01142588174759697,
        0.04192511766594457,
        0.041074469403512906,
        0.0170734643239431,
        0.01956431481570769,
        0.026889185405454614,
        0.009930545008174372,
        0.04319079909176734,
        0.03006148014694307,
        0.03627332773873634,
        0.019037947123613234,
        0.02398506287526631,
        0.0076629801824801575,
        0.03163095767990141,
        0.03414705818490924,
        0.04356385454614903,
        0.0623804599670155,
        0.008488686205415675,
        0.005131115421029606,
        0.0473212383953838,
        0.03667957687320739,
        0.0066510100845770664,
        0.009856281538592216,
        0.006782844751287376,
        0.02192800953812117,
        0.02870845408955042,
        0.03791252710039879,
        0.006944944978748923,
        0.035676072008690635,
        0.02048821731891966,
        0.013125903574391322,
        0.010940948952759821,
        0.01890918626169566,
        0.03748170540164429,
        0.016346226527868647,
        0.0064182474967332355,
        0.010143032595572489,
        0.00971288179141508,
        0.02845671678401065,
        0.03926384881743799,
        0.03960483001184671,
        0.021017423374807113,
        0.020915905276108274,
        0.04503955485596264,
        0.023978249252067037,
        0.010002862456587741,
        0.005124004557062943,
        0.010946952431969728,
        0.025700708453468786,
        0.004276810213529422,
        0.024304332758024714,
        0.01689092694174176,
        0.006858150911299321,
        0.022042224226298705,
        0.008190492833676042,
        0.017018017317167587,
        0.05573164621724163,
        0.028715372606962802,
        0.06294505642992469,
        0.05750611485050477,
        0.040097435812354636,
        0.01599072057179226,
        0.009968878815775859,
        0.04518797624526914,
        0.02708390840403389,
        0.015862722393828504,
        0.005984721052612651,
        0.025834725491936286,
        0.015849778080569223,
        0.004473866459749081,
        0.007774537874523191,
        0.011842587861734609,
        0.013019328933104231,
        0.022061928617838823,
        0.02147468482971707,
        0.009120829451601418,
        0.0212916272196405,
        0.02435359544133923,
        0.04410772395860796,
        0.04068162014340419,
        0.00643776069672221,
        0.010796457370450301,
        0.041423736590216836,
        0.03765105822155799,
        0.012936173143716763,
        0.02856952230392774,
        0.008196284187313838,
        0.039035280802068945,
        0.02047631584364178,
        0.0368806869009288,
        0.03516562275011076,
        0.007862290871910264,
        0.027145631581563728,
        0.00648298938587738,
        0.029079622314552373,
        0.005885572089081483,
        0.04822680961646601,
        0.02369656790880121,
        0.005999040843910678,
        0.05452070954916475,
        0.006988492942612694,
        0.03615022535097092,
        0.012906153161757163,
        0.008108505546877448,
        0.036842841170752906,
        0.02442069070670347,
        0.016401101598231712,
        0.0065613948261657035,
        0.023875020664673424,
        0.024108573378358367,
        0.009722275120378548,
        0.04871926616107986,
        0.015844164880367995,
        0.04991725308168182,
        0.02722977424986126,
        0.008391804715221007,
        0.007338439408945293,
        0.010353655381199778,
        0.06220692936618762,
        0.03274717360723609,
        0.026675687407830082,
        0.005562546896694137,
        0.01788411243167947,
        0.010656724489735495,
        0.00795903008359545,
        0.03801691244967493,
        0.006513093896449282,
        0.010879599937575963,
        0.008972143025589324,
        0.01724819995342259,
        0.012494699985349593,
        0.029798380256516342,
        0.04231545053758989,
        0.012792865964882449,
        0.023001557493947396,
        0.027565601977511896,
        0.04228190366972125,
        0.005914540716867584,
        0.01314416646215768,
        0.025301385865266587,
        0.014622883396752129,
        0.011960928540939464,
        0.011719795018902556,
        0.047822626828883975,
        0.04110658140800404,
        0.04669492711985275,
        0.011196089320451935,
        0.012384887808409389,
        0.02542591112820403,
        0.008541743163950628,
        0.025658933907207224,
        0.02219065898625071,
        0.010206722873209794,
        0.006485362738524343,
        0.011032513096296818,
        0.033926640360246486,
        0.010271132540648332,
        0.004148635723918101,
        0.010697651566318044,
        0.018026636980732116,
        0.006876710820063533,
        0.014401661469155213,
        0.009722225187927125,
        0.04298519682317152,
        0.01013931722127489,
        0.006825976678695784,
        0.004930859954939305,
        0.008824087737257692,
        0.032104091621741736,
        0.016168961695734074,
        0.027532386524143172,
        0.03838690088213228,
        0.062433367484360215,
        0.02793466682302538,
        0.008671552507056519,
        0.020101021840536547,
        0.03776461100875265,
        0.03944322028265398,
        0.015150004212625518,
        0.03046896529009059,
        0.007257964560313698,
        0.034476491866441805,
        0.021962229051776243,
        0.04318455598583584,
        0.025310374479149418,
        0.009773420729374866,
        0.01548419624698118,
        0.026963626624880336,
        0.007255632415778376,
        0.013994194147571208,
        0.03962409707806479,
        0.030949636428270123,
        0.05035297958821314,
        0.017406056502888855,
        0.021690443270063996,
        0.02467592679503529,
        0.017771163739017607,
        0.04362127720069473,
        0.03013138313734105,
        0.005092858172799432,
        0.03249748183031843,
        0.03324313774661331,
        0.006103912119443934,
        0.007871312084027695,
        0.012456264731095743,
        0.033677296505308596,
        0.019314228354621297,
        0.018484294597590552,
        0.03466284015081581,
        0.025731878927660427,
        0.03203272753324083,
        0.014165591840383625,
        0.036834463849473226,
        0.007170922835300013,
        0.004188962417636111,
        0.021762637675810007,
        0.01166648094413067,
        0.042166529401557774,
        0.044978944763304635,
        0.005137069814927327
      ],
      "per_snapshot_inside_bank_error": [
        0.017723933532630857,
        0.020205557709202134,
        0.011009539724755773,
        0.04251365698771911,
        0.03688667502614849,
        0.01301066673872993,
        0.011961297499272631,
        0.030517688339968145,
        0.007676834764557631,
        0.013106379879886599,
        0.017872680581381282,
        0.028834210525173,
        0.01007774460812374,
        0.014066453464339693,
        0.04170095907280415,
        0.004008064107486061,
        0.025522434970733972,
        0.005187168059144269,
        0.01877303652854226,
        0.004683688446424116,
        0.01995068146128225,
        0.00572449128253942,
        0.007038909474393292,
        0.02270546973497749,
        0.022507248148349375,
        0.023687722107782014,
        0.028977885375522053,
        0.019612217336900228,
        0.007122900601250434,
        0.031086757111624144,
        0.024405060092324505,
        0.024893454406222232,
        0.01344861970906233,
        0.04361810662918216,
        0.005655109795038864,
        0.020213920479028473,
        0.011986993760328385,
        0.009884796411863944,
        0.04678761755066997,
        0.008725190484322206,
        0.02662290951724107,
        0.011885611921189724,
        0.004522465909642984,
        0.016298534167860767,
        0.005133868794808131,
        0.02522127383115434,
        0.0176925601630659,
        0.032336666596397265,
        0.02141086169426196,
        0.016501228415845805,
        0.008440264656119273,
        0.022949964664921683,
        0.016161394723402285,
        0.011510925902620775,
        0.007832844080895037,
        0.02433277054364034,
        0.03980742607075183,
        0.015234437756106214,
        0.011308400940257432,
        0.013630034857787004,
        0.007320526663157557,
        0.011530091650978585,
        0.0337967239113349,
        0.011170251167399359,
        0.030909197228633934,
        0.017765950395951663,
        0.008241563971272245,
        0.03492626098437609,
        0.040374402995109075,
        0.022384065085915953,
        0.007998110253488495,
        0.024655051974980254,
        0.007619702660360954,
        0.017769200641061116,
        0.01663066985305593,
        0.0038228330096907225,
        0.0239241808046061,
        0.023406522457267213,
        0.010584044698387772,
        0.04746356172044894,
        0.02347389993643236,
        0.02828756483520885,
        0.004156874273298988,
        0.004348697064318876,
        0.014162645993368882,
        0.031102808177627405,
        0.02371834006562204,
        0.039526531224912426,
        0.020754863773681236,
        0.0202171677181163,
        0.015446544036105616,
        0.021998180890762907,
        0.034500509974054946,
        0.024616068838460865,
        0.05238487919456204,
        0.021714427989867075,
        0.039576673868636086,
        0.04118383097259101,
        0.02875291021712305,
        0.03452404937875635,
        0.005829854203086727,
        0.028389202742242416,
        0.01578897757229765,
        0.05189438555710937,
        0.004540305192969642,
        0.022184748607123012,
        0.005227763220394011,
        0.016396652370889116,
        0.015824007763091105,
        0.019398026383655096,
        0.011517557850992365,
        0.0252954027344121,
        0.009466515485523826,
        0.026376215027676692,
        0.009894198997356364,
        0.010836104241739974,
        0.018177668459726355,
        0.036687984009971523,
        0.0073879179998825656,
        0.05259075223551832,
        0.006713263403050037,
        0.040664212198741626,
        0.02795359883951861,
        0.0115015168573854,
        0.02816378966107781,
        0.023717003965929476,
        0.007839611618919206,
        0.011125202037474686,
        0.00815325320153091,
        0.010704443539603793,
        0.028754151656515375,
        0.00400011705797437,
        0.019148211145632033,
        0.008929550151352376,
        0.025787548946980564,
        0.0036238809386035845,
        0.009791181976196156,
        0.01646344217804912,
        0.010551627607916274,
        0.025511264875681533,
        0.02521795472732127,
        0.014869827591757515,
        0.03859382985659658,
        0.037494537752742384,
        0.013144275437885572,
        0.008606546039074391,
        0.015339765793780142,
        0.004944574444710394,
        0.008314414149131984,
        0.017197451853078822,
        0.030444291996625537,
        0.008209740431720723,
        0.043316157205921774,
        0.036022214197459254,
        0.019651617476511434,
        0.023236649674273715,
        0.052005539365651623,
        0.013296435108244497,
        0.04141440235409176,
        0.012186576510974073,
        0.022139914726446216,
        0.007862126920459836,
        0.01654884980652094,
        0.036380281033301605,
        0.02193507768544549,
        0.02065779041943487,
        0.034516456746649465,
        0.03292316753605397,
        0.046062464339569176,
        0.04375916144122461,
        0.03272925369846772,
        0.047690491438681905,
        0.02635881971761456,
        0.02654280963221475,
        0.025325898459834576,
        0.03763782921583217,
        0.0341797376995872,
        0.015399398656674926,
        0.03293099559494761,
        0.03815835078838514,
        0.012712092550866763,
        0.012863705349036074,
        0.024302989470596798,
        0.008605612906414008,
        0.004739232926713381,
        0.014334151031018596,
        0.020481435519835164,
        0.014232144380733967,
        0.02654279234062737,
        0.02386458538607247,
        0.02604604475625175,
        0.008211698087787097,
        0.047789257737050624,
        0.03477292634232284,
        0.01757062353317012,
        0.01846446243314945,
        0.01765814492664282,
        0.038097156843751756,
        0.0156486623384665,
        0.03783788421027835,
        0.03064846397705751,
        0.023584868238550646,
        0.01636855429270553,
        0.02948878832377213,
        0.014891334870772389,
        0.020692346133427405,
        0.010483972681957787,
        0.01897290709316302,
        0.018606863589926362,
        0.005291149831654593,
        0.028865898905542337,
        0.026355147270366756,
        0.012486795503505328,
        0.005752752191966444,
        0.01417985046668179,
        0.009267368108976713,
        0.03181948620955052,
        0.0062916357884526255,
        0.009304664522796604,
        0.004043507655609326,
        0.03040229899923193,
        0.005250975195024482,
        0.0217542382984953,
        0.018135488422092578,
        0.005825666726098772,
        0.021515841627392604,
        0.005905098969543578,
        0.04204593141135561,
        0.030261025533316586,
        0.02343174190435896,
        0.006551445554817422,
        0.004486080399817683,
        0.004351880619211868,
        0.006149126117521277,
        0.019678449510792187,
        0.02201313442630895,
        0.04014534598621208,
        0.018458091171912078,
        0.005187464027247915,
        0.020912679637379108,
        0.003986536727979648,
        0.020485548888114505,
        0.006110557053067443,
        0.009232577646604932,
        0.02859400601115049,
        0.005582955023947526,
        0.0046996005255142016,
        0.00949412118616413,
        0.01250414937994692,
        0.018200843708874474,
        0.018939339642768085,
        0.015507571132638027,
        0.01799165345316658,
        0.02142695281549132,
        0.008681117071729657,
        0.007371857887736431,
        0.022516186174841284,
        0.01139781048040566,
        0.012567747785025995,
        0.005020981352755753,
        0.021168630839597448,
        0.005363053973136978,
        0.018640891351717873,
        0.008155094070743664,
        0.0050437658982919915,
        0.0031097202115205553,
        0.008566926878508794,
        0.023264876950201407,
        0.021995256026534814,
        0.036516618658265484,
        0.012703061492040379,
        0.00623468654255828,
        0.02192635145337472,
        0.005281638904106873,
        0.02490640891411296,
        0.014477732966131777,
        0.005427489703039727,
        0.020950158377230976,
        0.02630327295595914,
        0.05135432873244821,
        0.0073946442569070205,
        0.04287191730730451,
        0.04368678838887854,
        0.011973552786496465,
        0.005812348999212871,
        0.029826047149447376,
        0.00770248403710275,
        0.024548415267365703,
        0.006345299548161526,
        0.04060238723499931,
        0.02921960574578468,
        0.012657092864497009,
        0.010473146819368206,
        0.0345032689450575,
        0.0307035298351571,
        0.014857679225988924,
        0.0175167102196385,
        0.02191713515221404,
        0.008979145419751233,
        0.03696114940009885,
        0.025140731946524046,
        0.02958565961450594,
        0.017999603594778677,
        0.02179329841870812,
        0.007119311362585872,
        0.026475942340159788,
        0.02775497699024286,
        0.03567284418491108,
        0.05065299386140326,
        0.007569075562221924,
        0.004664240110835034,
        0.03766160132185734,
        0.030318707758480785,
        0.005956288726440428,
        0.009003826996313836,
        0.0058021710236910665,
        0.01886631925315784,
        0.025893062244601014,
        0.03379308903402108,
        0.006185688918693742,
        0.03149724068708219,
        0.018280709430014204,
        0.011488226071465647,
        0.010125004332251497,
        0.016811560671930292,
        0.030601508461614173,
        0.01486737864771034,
        0.005878020121101633,
        0.009020168179859556,
        0.008348422323234827,
        0.02407267768904829,
        0.03278671481834191,
        0.037013801082724014,
        0.019393491090026447,
        0.017785301844394568,
        0.03891698645784686,
        0.021430780759721994,
        0.009415700623682173,
        0.0045167415691266906,
        0.00996507011018437,
        0.02117904993482894,
        0.0038409670308924134,
        0.021086159398522757,
        0.013842220412470059,
        0.006235595658204133,
        0.01819037920526202,
        0.007449945798079264,
        0.015147918268975814,
        0.0469223932580755,
        0.024823008093744096,
        0.052679648540291064,
        0.04602006272020255,
        0.03144570863423398,
        0.01394475215144139,
        0.009465091888473482,
        0.034993057840170275,
        0.023851674023522295,
        0.01248831127160876,
        0.005360340835851012,
        0.023640558481530106,
        0.014216301683228101,
        0.004043389406726622,
        0.006838292319765076,
        0.010540070105981464,
        0.011138821910171657,
        0.019523373426241216,
        0.018661875689608594,
        0.008437976078173984,
        0.01889067969217268,
        0.021401629260277034,
        0.038622803574783884,
        0.03577779625421505,
        0.005999307954907124,
        0.009020555385670242,
        0.03418707721740888,
        0.02794872853122542,
        0.010869431050416064,
        0.023966599867187362,
        0.007285666363036546,
        0.031198610633257632,
        0.018176591227484752,
        0.03250399188828373,
        0.030290017026362588,
        0.007047385703799731,
        0.02260803568176809,
        0.005748484559899174,
        0.023758763456444197,
        0.0054613861531970925,
        0.04043991577007607,
        0.01997438446352759,
        0.0053002723358691805,
        0.04240006198812845,
        0.0062464085787588735,
        0.02638746624975166,
        0.010926783631382123,
        0.007806859385751275,
        0.030121396058445184,
        0.021406160660046858,
        0.01452429597601268,
        0.005639778938567288,
        0.020077324871817067,
        0.018107558584562786,
        0.008943990194098245,
        0.03995786178317013,
        0.014322097302239455,
        0.04252498615711332,
        0.023873656026069525,
        0.007484377696669683,
        0.0067377365542153865,
        0.009020203832655461,
        0.0490826380888347,
        0.028242862781221376,
        0.02109601494885989,
        0.005099179967064492,
        0.014997548856896253,
        0.009312388457053835,
        0.007542280187333458,
        0.03074042025784293,
        0.0061653266212460985,
        0.009408959317422375,
        0.007756770554391006,
        0.015521064319810738,
        0.010894614222229045,
        0.02609379270907122,
        0.03429743289100745,
        0.01074589757668865,
        0.020637331249516732,
        0.02369232921910534,
        0.035164003876150665,
        0.005262288478117141,
        0.011509681038632145,
        0.022155692895741475,
        0.011968413225426806,
        0.010327565716286687,
        0.009637518438848136,
        0.039499560314362456,
        0.03699106016688673,
        0.03940925257204748,
        0.010076707425867493,
        0.010881200313196122,
        0.021837675510900528,
        0.007599817273305922,
        0.021662109754192155,
        0.019965446351632856,
        0.009494345715372051,
        0.005600208851879506,
        0.009443164432163796,
        0.02928587919006488,
        0.009462474355462889,
        0.0036260403954496674,
        0.00977028242240848,
        0.015982409764464967,
        0.006216194436917463,
        0.013269263755156096,
        0.008828917804673696,
        0.0350369471354749,
        0.00902909109820678,
        0.006523829470996735,
        0.004440608186726569,
        0.007837888766484542,
        0.028360176564561725,
        0.014736308705972352,
        0.024026463663641667,
        0.03328295422153936,
        0.04835562645866876,
        0.02539919121228457,
        0.007538851343437399,
        0.01838659847502499,
        0.031067496967922194,
        0.03139239426480715,
        0.013680683923596268,
        0.025687320861894663,
        0.005978533392175397,
        0.030261953019522433,
        0.019736507468669947,
        0.03785303978777984,
        0.02250134365136326,
        0.009125905017097927,
        0.013960580736333515,
        0.02204625103040716,
        0.006281652057314135,
        0.01240069318671371,
        0.030402776319265374,
        0.023660330801455978,
        0.03937190584868921,
        0.014659376089984936,
        0.018767978668549564,
        0.021984417109381545,
        0.015802155653979418,
        0.03642961822816306,
        0.024958991535039065,
        0.004529450023792862,
        0.02542684064415544,
        0.030137136072092553,
        0.005026943390548646,
        0.0069339097679232044,
        0.010714360046263208,
        0.028733880582485757,
        0.01671565346767567,
        0.01674459594106153,
        0.02779584661304036,
        0.022985937145881954,
        0.02697300640168518,
        0.012432491636358263,
        0.03263951410209625,
        0.00603512513011478,
        0.0036965032491245793,
        0.019373640518286793,
        0.00995990662780395,
        0.0356126139184759,
        0.03838296659957413,
        0.004613672978637261
      ],
      "scope": "independent training-only field decomposition of saved codes; no extra fit or training"
    },
    {
      "model": "r128_bank",
      "training_cases": 512,
      "rank": 128,
      "worst_bank_projection_error": 0.01896563810716445,
      "worst_checkpoint_reconstruction_error": 0.2457646016954462,
      "worst_field_error_inside_bank": 0.2452302912493199,
      "per_snapshot_bank_error": [
        0.008325024435355993,
        0.00803478292322725,
        0.004679586923987049,
        0.014113555835806955,
        0.012407249559486622,
        0.0035107276514510883,
        0.004832625269317191,
        0.011086262605139162,
        0.002218861193002511,
        0.0036121060263741536,
        0.003815465460654867,
        0.008756585216622788,
        0.003370227250372724,
        0.003434028752888427,
        0.01284204497972035,
        0.0013998432111425757,
        0.00800655650599436,
        0.001487006575345177,
        0.005197081688351458,
        0.0017898166270306761,
        0.006222249025012997,
        0.0015989212651731555,
        0.002874186632222802,
        0.006591465249988452,
        0.00638957091468597,
        0.008834148753045694,
        0.007924270896101917,
        0.008740918521711452,
        0.0025762918896850865,
        0.012837229144001188,
        0.008480418460350405,
        0.007651555346325699,
        0.010171012890913041,
        0.015854402203127817,
        0.0013771213862661378,
        0.008637903685281889,
        0.0052423297791299095,
        0.002420576731700111,
        0.01461209279341968,
        0.0028041660361644385,
        0.009589378834412524,
        0.0045911287468573215,
        0.00218432214679751,
        0.00675796664130691,
        0.0016215676906872905,
        0.01361941282225108,
        0.006558236606093711,
        0.01207892417850474,
        0.0049152510610210405,
        0.0050069529590252605,
        0.002701418645056647,
        0.010263957455596667,
        0.00395327985102845,
        0.004758727444116136,
        0.003457652675480167,
        0.005963493812071785,
        0.013149323455526815,
        0.007057028583710799,
        0.003418394693634654,
        0.0037357770964734104,
        0.002340490861842817,
        0.004306039793198404,
        0.015194092068177371,
        0.0033754188599358437,
        0.010697262245558895,
        0.005650348156462128,
        0.0026665863342667964,
        0.011506669885730512,
        0.01048668502918532,
        0.004499223542647009,
        0.003439453719551019,
        0.0075185656879364895,
        0.002549296679030214,
        0.00500566650208254,
        0.005852071968856995,
        0.0016354849484913347,
        0.008247062825842958,
        0.010234881826926893,
        0.0038227210234515565,
        0.013263897600396172,
        0.005590626560689557,
        0.010236128092561372,
        0.0012045022954729502,
        0.00186751724920832,
        0.00820388164051526,
        0.007990138010019148,
        0.009821088061214475,
        0.015523137907149948,
        0.007179563879601875,
        0.005038018997871353,
        0.00431521990642687,
        0.006565103390956249,
        0.012289914575131395,
        0.004463250745104287,
        0.014531839579198132,
        0.005497042660404548,
        0.015355558402121975,
        0.017157776468502292,
        0.00745512117285573,
        0.01441771917272173,
        0.001878551884381387,
        0.014595436210549073,
        0.003413561667707314,
        0.010723306579730394,
        0.0017248524131553168,
        0.008829665441750161,
        0.0018554081893234215,
        0.00398647387204024,
        0.004999407127465518,
        0.005137187758205876,
        0.0037124902068988628,
        0.0064403751074396665,
        0.00356979741008325,
        0.004707608472917745,
        0.0024388834980702415,
        0.003172054970757193,
        0.004998543852144404,
        0.01623476955409605,
        0.002312550838295745,
        0.016955636840459403,
        0.0022286980768822795,
        0.01573201151748716,
        0.008152767602933446,
        0.0027608748155784194,
        0.013188634674956647,
        0.00845408524305652,
        0.002445888624432275,
        0.0039767488319224584,
        0.002610349591510612,
        0.0032381690296654697,
        0.006552343697312592,
        0.0014745289683849776,
        0.005460430661451338,
        0.003137421819576491,
        0.01039366449831979,
        0.0012623786275015867,
        0.0025415035995746513,
        0.006181421812883209,
        0.0072164555681669545,
        0.013107512381477072,
        0.012684063427659879,
        0.006935854247915008,
        0.014735092968157028,
        0.012949529011113141,
        0.004822264263544374,
        0.003166496861589401,
        0.0050516070473122805,
        0.0019832369049870187,
        0.0026732330786896196,
        0.00429609458200206,
        0.008568661989136589,
        0.003070810280638934,
        0.011735385823180311,
        0.013093134385073115,
        0.006115918219112829,
        0.009962655530249427,
        0.014592416366994819,
        0.005019078562768763,
        0.010218348412999225,
        0.0030161903882741474,
        0.01008039402064534,
        0.002348691656820025,
        0.005930954052037853,
        0.011699445882541548,
        0.00558358782155843,
        0.006658472161246579,
        0.010487804295559235,
        0.013684749575898872,
        0.014379682533400408,
        0.009891315449378883,
        0.01018230968367529,
        0.014017692321665236,
        0.01170816311802446,
        0.006609961338817343,
        0.009707845679396972,
        0.0165966575980965,
        0.010035942960982038,
        0.004178876588487811,
        0.013084010387808317,
        0.012289712934097669,
        0.004156228889431966,
        0.0034926521235857633,
        0.008747299871800137,
        0.00402319531542166,
        0.0013573403064510868,
        0.004909856971497924,
        0.008229545997089896,
        0.0034968210772517963,
        0.010819229402389576,
        0.012130652415724311,
        0.00901361540737647,
        0.00334515127865815,
        0.014081771023856871,
        0.010763896519625466,
        0.006397981439241222,
        0.00451888989653802,
        0.007200381466125512,
        0.011186672797159656,
        0.007729519576903971,
        0.01498414854437836,
        0.01168410216094951,
        0.011823131138973642,
        0.004835780712638144,
        0.008572314485299923,
        0.0035579353862606957,
        0.006222407548758607,
        0.005574545647441285,
        0.008135163081915758,
        0.005299179248733485,
        0.0016761086111897075,
        0.012689442087799829,
        0.010234217251715241,
        0.0030747398331308013,
        0.0015618955311987837,
        0.010542232256291025,
        0.00275187087214148,
        0.01675985263762722,
        0.002135841538759652,
        0.0031173740022370925,
        0.0013380513340091951,
        0.013960055918001717,
        0.001974457394982071,
        0.006797212979041231,
        0.008241963550032367,
        0.0027091702588875996,
        0.007748312462920646,
        0.0014554633331354783,
        0.015546757345776346,
        0.007933947463462395,
        0.008929174278138495,
        0.00202713849971098,
        0.0014144041748997277,
        0.0016341250273801764,
        0.0016727435708868148,
        0.008178002970199643,
        0.005911665395043832,
        0.007969715450814078,
        0.0059493383050234615,
        0.001399533425678958,
        0.009234677738531177,
        0.001459071711874957,
        0.00642331705844407,
        0.001993859546369881,
        0.005196192930278264,
        0.00963360860455249,
        0.0019391121911155225,
        0.0014370187492030078,
        0.002514601316750715,
        0.003294952471945054,
        0.0058190502857041505,
        0.008301601516180642,
        0.005199141930133452,
        0.007970369112205427,
        0.00695190906116024,
        0.0026579268696031257,
        0.003276027946138981,
        0.01101451697670504,
        0.005193024180316333,
        0.0033546601279122565,
        0.0016920146957754704,
        0.005680297886406179,
        0.0016040395097601842,
        0.00931570714840559,
        0.0029860607491279437,
        0.0018577702740575047,
        0.0013893440785508132,
        0.0022189799663447332,
        0.007932389146815221,
        0.009193143578677248,
        0.011965650647857332,
        0.005606145871232894,
        0.0022929024654847648,
        0.009673647355564328,
        0.002087754986405028,
        0.006388931625602887,
        0.00547382842899155,
        0.0017961390311478777,
        0.00791638613336347,
        0.007233520544416199,
        0.016197027514178425,
        0.002504786557047285,
        0.012736147474302054,
        0.009326779239558327,
        0.003214093251009888,
        0.0017749369071531614,
        0.013297571288011373,
        0.0029246533146618406,
        0.0076553691322932965,
        0.0030485331392314514,
        0.01896563810716445,
        0.012450626951702402,
        0.0032182058284741994,
        0.0030601947457130733,
        0.011057951794154598,
        0.013876102983082145,
        0.005327638047819681,
        0.007700308421136641,
        0.011081327064591107,
        0.0028714265454668226,
        0.013193714969054355,
        0.007941781805012099,
        0.013878430939609561,
        0.004176081579477565,
        0.005534634351078101,
        0.0019080256776761685,
        0.007766375611954327,
        0.00978249030591487,
        0.012972925954350198,
        0.01547844570559055,
        0.0030850339197363106,
        0.0014192377291184595,
        0.012529123878429757,
        0.012560744497204254,
        0.0024393706542248936,
        0.0026620669298910897,
        0.0029336696983274604,
        0.007082448966058184,
        0.009078855021216513,
        0.010124275154542596,
        0.002149950000189268,
        0.012398685430957766,
        0.008195370252797035,
        0.00435346170167284,
        0.0023857912436893443,
        0.0065025747787789395,
        0.014310295085792707,
        0.004498158093020142,
        0.001942827617857129,
        0.003006183045047827,
        0.00280498440034053,
        0.010734993510327346,
        0.010830130045703757,
        0.009741634246426462,
        0.007204762502135385,
        0.009269259618618677,
        0.015641525612010036,
        0.0068521497137536925,
        0.0022113113276332045,
        0.001907147345521871,
        0.003615208973023705,
        0.007931242753649472,
        0.001265933072706338,
        0.004549341970669504,
        0.006341908448043569,
        0.002361746339049683,
        0.00874000546308221,
        0.0026388459051249974,
        0.0029431511148676134,
        0.013340447689003257,
        0.006020052782349116,
        0.0104039587214165,
        0.013487331519376866,
        0.015274254342913435,
        0.006693158399456158,
        0.002201551451560032,
        0.015843683789987295,
        0.007629934739249174,
        0.005214240468828766,
        0.0015719695843265833,
        0.006582223839805643,
        0.003501292510655803,
        0.0013424595339371188,
        0.0024443813025759624,
        0.003500385145887606,
        0.0057122289433664975,
        0.007985210298068654,
        0.0088452405373072,
        0.002851281436224522,
        0.005768624975793857,
        0.006899884405363174,
        0.01120143798719192,
        0.012185966535014369,
        0.0016096664920197997,
        0.0023152779586171385,
        0.013840009074959516,
        0.0168595649907906,
        0.0064981644495167735,
        0.011505412954387555,
        0.0021560534556972857,
        0.011666748629083117,
        0.006710000067773278,
        0.009879968211483158,
        0.011767221662815464,
        0.0021259369910352163,
        0.009528234568281653,
        0.0020120571533604617,
        0.008779401257334112,
        0.0014656396352311027,
        0.010766529818055124,
        0.005361664960173313,
        0.0016400231893957163,
        0.013332574212394858,
        0.0021747815266292348,
        0.012618889134521378,
        0.003438674114772362,
        0.0016727756106796146,
        0.010898309958923234,
        0.007730610532911377,
        0.004610770689928236,
        0.0028186472591054043,
        0.009987237777126524,
        0.010491555231366379,
        0.002354536948472426,
        0.014376858562461903,
        0.007772020974986468,
        0.012919081119703524,
        0.007579339506354537,
        0.002320733566753421,
        0.0019018101588408585,
        0.002829333681879942,
        0.016498632920171556,
        0.009173195025132547,
        0.01054844400353276,
        0.001741255326068582,
        0.006651178452173231,
        0.003030323388700494,
        0.0018266985697321773,
        0.010311010284458756,
        0.001551183524525146,
        0.0054716097472399,
        0.0032638773940849007,
        0.005150937119765436,
        0.0030834142529255182,
        0.010580926730720657,
        0.014403274677734893,
        0.002811921472886098,
        0.0073749534764555764,
        0.009373187343428267,
        0.011053635637498983,
        0.001960768475902592,
        0.005418451509970875,
        0.007084718813355783,
        0.004310596295373382,
        0.003048216724780378,
        0.0035641140838949077,
        0.014874327905050973,
        0.009601856271559192,
        0.012036661800322953,
        0.003679390258606851,
        0.004564467814195822,
        0.005940292768567044,
        0.0032091103553277983,
        0.008954718657467699,
        0.005453565998861738,
        0.002528204324617123,
        0.001988441646043501,
        0.00396694212628126,
        0.012249140259345847,
        0.0032756007720875203,
        0.0014912908139888847,
        0.0025948201854344164,
        0.003438141530987253,
        0.0022376597156284752,
        0.004322066968140957,
        0.0028172168869567494,
        0.012389361527268392,
        0.0029747336795285973,
        0.001423051318412996,
        0.001565262678042614,
        0.002331678694881078,
        0.008161103537159608,
        0.004604794038365178,
        0.007809241283927728,
        0.011721401484671504,
        0.015191151198712272,
        0.00601240387378027,
        0.0034395150065040015,
        0.004646981505744124,
        0.010720194179585722,
        0.011638365638186102,
        0.00528434714169354,
        0.009483702991348666,
        0.0031331792430168487,
        0.010092659163661793,
        0.007171990476199764,
        0.011533482418666545,
        0.007107140080738537,
        0.0028650913875911586,
        0.004386036481148774,
        0.008021136849993423,
        0.002558526489227182,
        0.006473202909083248,
        0.013174101996693634,
        0.01187829763559212,
        0.013246905288947017,
        0.004535853783344556,
        0.005984688700515722,
        0.006736503300593203,
        0.00670128827493381,
        0.010043121508768519,
        0.005776447471199769,
        0.0016698860669731028,
        0.011608085368839643,
        0.009090970117086955,
        0.0019577038311722793,
        0.003663514152656565,
        0.002860661057881505,
        0.008792731491718393,
        0.004342758877596226,
        0.005227624396786062,
        0.010407242327051877,
        0.00459018525939168,
        0.010139935651559488,
        0.006113783048374077,
        0.00994651066321321,
        0.002016668054300704,
        0.0014395592901041,
        0.005173568326496457,
        0.0030687653523710145,
        0.011992853314598685,
        0.015635526448928957,
        0.001905234933722163
      ],
      "per_snapshot_checkpoint_error": [
        0.10621117227860685,
        0.1261977162315853,
        0.1411868298394884,
        0.18965985403177585,
        0.1350019709203608,
        0.17194252529948797,
        0.14802886060966922,
        0.10794077090559186,
        0.08252055931859427,
        0.1224921280463975,
        0.13415373478102796,
        0.14504237705049544,
        0.1548085890223605,
        0.13686908425060573,
        0.1584585874573765,
        0.08810815235326164,
        0.15696583142763454,
        0.08762247323833974,
        0.08596784829088333,
        0.07530943868618979,
        0.12174170794323722,
        0.10155741922164933,
        0.09218314061167443,
        0.13532726525050198,
        0.15286973425725253,
        0.08586826571108823,
        0.20334232615476563,
        0.17974765280174335,
        0.07533644527044847,
        0.0919854836602109,
        0.17105833041356192,
        0.09010920772367777,
        0.14661122702338317,
        0.17720132032940641,
        0.08850152429613263,
        0.11659838908810863,
        0.14022666363264855,
        0.14324213892892912,
        0.20655999997707877,
        0.09680342138354145,
        0.10187337695381585,
        0.11564869468655933,
        0.13627299185946132,
        0.08389877531888838,
        0.061189267975016004,
        0.18651603107452017,
        0.15122050215727162,
        0.08363335869446505,
        0.14904865812184556,
        0.16217652147651937,
        0.10840906889846293,
        0.11316044811367912,
        0.13701858287517843,
        0.12747462255350547,
        0.10098368410325412,
        0.11145903188315905,
        0.16295877922816576,
        0.1693314144051598,
        0.11793483694378075,
        0.11536925587138372,
        0.07475348719827156,
        0.11834212931605377,
        0.1441118185411859,
        0.08741208504619177,
        0.16972129090597535,
        0.14220892373858968,
        0.08143660468421152,
        0.19915005516573542,
        0.15429236536126414,
        0.12484337135278716,
        0.07611566022082657,
        0.16339761695069735,
        0.10168956844684542,
        0.16122863612937186,
        0.0956386405364117,
        0.0754910284225263,
        0.0918314619629565,
        0.20990203469789245,
        0.11743389182933131,
        0.15610664429383192,
        0.15756383549009556,
        0.16047718298852223,
        0.10399530302142876,
        0.13899672608655383,
        0.1811362342865462,
        0.1658908128835137,
        0.1016875048568325,
        0.2123020247279201,
        0.11955709001824065,
        0.1505629121356221,
        0.15632570972952312,
        0.17537319839380447,
        0.15999923001243851,
        0.17690745343827802,
        0.14962238266598557,
        0.15405629033325605,
        0.12978356746352698,
        0.22140378425742463,
        0.150993051113,
        0.15056295107475232,
        0.07146949916674729,
        0.14396851708055083,
        0.1303139537470703,
        0.18554347057123713,
        0.08898956190648895,
        0.14644183154745383,
        0.06705116207653763,
        0.1491319343722541,
        0.11228057280953739,
        0.16506822251275452,
        0.08225433971637026,
        0.1358136098722968,
        0.10844217414402794,
        0.14002438060885233,
        0.16144090696438257,
        0.1278463040107298,
        0.17907327446403717,
        0.15503757493321413,
        0.13261659879388113,
        0.16423356311408746,
        0.06613133295705051,
        0.11636947870359146,
        0.09655821188922889,
        0.10775006691246025,
        0.12790036286753284,
        0.1715319208027327,
        0.14167781311091723,
        0.11109252029430021,
        0.11989485651395991,
        0.12407842360415647,
        0.12229396601372051,
        0.12112025176687469,
        0.13790933879401443,
        0.07719942271716071,
        0.1281297094678139,
        0.07021686284909785,
        0.1313602633802664,
        0.10220482003878306,
        0.09673619065566322,
        0.08886436175427587,
        0.12017352963794092,
        0.10329729115700294,
        0.19758194605018164,
        0.1406826817039443,
        0.14502701271650978,
        0.15434060851247675,
        0.11808291782811492,
        0.13776335701500889,
        0.12654807905407955,
        0.1608559212098395,
        0.16226990740422093,
        0.13103992952294966,
        0.16536704890361492,
        0.1403027010347152,
        0.09975022676670088,
        0.15614008608527927,
        0.2079435842964334,
        0.11671921211893015,
        0.16113756934713566,
        0.12053609968224337,
        0.1944507047924133,
        0.08935680149244217,
        0.1391875510416868,
        0.15918731817813458,
        0.14798865337867728,
        0.09563493466240851,
        0.10803742258499581,
        0.15639810113301783,
        0.15475284652185098,
        0.18853002697558555,
        0.11731409065622415,
        0.23393192715660788,
        0.12505469830519225,
        0.12043095845191658,
        0.1434073733663401,
        0.17564084863507268,
        0.10065813757557188,
        0.10227395189649638,
        0.17627272489592266,
        0.12038788876380084,
        0.15673202240936715,
        0.10219186375509301,
        0.11599495662537615,
        0.08423575808777398,
        0.1227285360424609,
        0.13290462660988533,
        0.19222459324475152,
        0.11993227966941919,
        0.1445697925310369,
        0.10379203032790957,
        0.15511491654296514,
        0.11632194219912101,
        0.10846553787036108,
        0.13349156846872864,
        0.16898245143741852,
        0.0820131625400971,
        0.15842354243319162,
        0.13334177660211663,
        0.19325812195155698,
        0.18356891795930305,
        0.10341541153525538,
        0.1827342147204912,
        0.16047707796979963,
        0.15210214531358127,
        0.1221560481992452,
        0.15345204079201677,
        0.09395623691636633,
        0.13370931459094829,
        0.12788127340403269,
        0.13260787504775232,
        0.137385921631612,
        0.11030199488137765,
        0.11327590881200202,
        0.12872752275399874,
        0.11860869799984936,
        0.09711269039220338,
        0.15066165991530908,
        0.07587452440553717,
        0.14279553444809392,
        0.12495113022737486,
        0.15260325564157365,
        0.10795573236745619,
        0.14335848711102933,
        0.14027691668420203,
        0.1099623840331425,
        0.07343292544724762,
        0.11494336424939486,
        0.12526043104138831,
        0.10132352352115391,
        0.1621702469669482,
        0.13104194712632758,
        0.0949135688476497,
        0.07021087107785663,
        0.10343435926069731,
        0.11929101345006025,
        0.11114827719006835,
        0.14958436330001815,
        0.15632365573665197,
        0.0920314403380186,
        0.17636298077868282,
        0.09348577251449422,
        0.11895086088471322,
        0.14071788196942245,
        0.09160044613109039,
        0.13841463559089168,
        0.10749883516243564,
        0.12416641069125049,
        0.11350619445667977,
        0.10774191888361628,
        0.15361193868002332,
        0.1549283628287521,
        0.15457408844599693,
        0.09701281209061982,
        0.17791764949909578,
        0.09391493087637198,
        0.12154123610484925,
        0.1438023740871644,
        0.13051940144755958,
        0.16012346906940114,
        0.09915914900236865,
        0.15666563264054573,
        0.06172636678819822,
        0.17050934631858683,
        0.0777352581042446,
        0.07416597783367619,
        0.06326970334836651,
        0.11944211739183296,
        0.13874891181564314,
        0.15484060054697601,
        0.19524328319493944,
        0.09929214692649996,
        0.13357152427893926,
        0.14560799844443276,
        0.0862910171255554,
        0.15889032792435,
        0.1965004674999078,
        0.11137221032958361,
        0.1074944418767921,
        0.12752784942261583,
        0.2457646016954462,
        0.07751728482385646,
        0.1575654510085102,
        0.19986192060896596,
        0.12081295192634643,
        0.1435034745744865,
        0.09555757046737837,
        0.08559135217450227,
        0.17390598224173284,
        0.09116146498650764,
        0.14417677806372065,
        0.0942859998104718,
        0.1001179527096694,
        0.09301469062344905,
        0.1149285440687183,
        0.12694035270937915,
        0.09220446084283976,
        0.1174488954110803,
        0.18546638924510156,
        0.07491580637850814,
        0.18733324616304411,
        0.14233197275169499,
        0.10829314600559047,
        0.11545127843441795,
        0.14646635746879097,
        0.07693246688804313,
        0.14946673254193346,
        0.11062664648062802,
        0.1690315492697959,
        0.23417110441333602,
        0.07764729491472047,
        0.08331193748643147,
        0.1586034019075082,
        0.17112884950159396,
        0.09551714761104799,
        0.09358455884060299,
        0.11614412700291055,
        0.161614750786203,
        0.11373015824766125,
        0.14386801526625675,
        0.12097707137259608,
        0.16900821739360247,
        0.09902739395025599,
        0.15847101263479532,
        0.10334560945736766,
        0.1136234210427424,
        0.10759646488947165,
        0.1084469090406169,
        0.12293921995640571,
        0.0785262774018584,
        0.07615171058962876,
        0.18929186198078235,
        0.1530325225486572,
        0.13075268865631648,
        0.12161683201812852,
        0.11976052867239996,
        0.1821775053389597,
        0.1453064733764888,
        0.12098207782827118,
        0.09597927227422738,
        0.07998629665753035,
        0.16347270762206997,
        0.1093191330720673,
        0.09309790986513321,
        0.15307452086159917,
        0.11665297485764048,
        0.14303847046107165,
        0.09607137632462129,
        0.07907173985022653,
        0.17163944677472767,
        0.19069501357275404,
        0.18137311901397216,
        0.13835925540630625,
        0.13759872923929867,
        0.08970749066900213,
        0.10359867369927038,
        0.10553752088849526,
        0.11637608562082889,
        0.17312292896992285,
        0.05622753368690266,
        0.16852588174938637,
        0.1637385697972137,
        0.11149957444469649,
        0.07947904044274975,
        0.0781502168642729,
        0.11315523851008043,
        0.15792454683988708,
        0.14735239331907543,
        0.11748812887901315,
        0.11541484261870093,
        0.12114034285093905,
        0.10411455527516444,
        0.09477470139864894,
        0.061746052399641094,
        0.14804931270328853,
        0.10284393446482264,
        0.16809754335769392,
        0.11019573687972194,
        0.1211682113801834,
        0.08731951039742382,
        0.10653953946751281,
        0.14412620177556873,
        0.17640841197943827,
        0.12980229550589403,
        0.10248129152710381,
        0.16914396986716523,
        0.12721306338048174,
        0.11689595338658244,
        0.06559069445355495,
        0.16360434020881914,
        0.07638652798262853,
        0.14377769038763497,
        0.14888382196020578,
        0.07664326061320834,
        0.14362820356394831,
        0.13000168769154508,
        0.09940708251796433,
        0.12154336721858415,
        0.131463369128092,
        0.08250808728935313,
        0.09466720757197677,
        0.10043467886646308,
        0.13098241400514227,
        0.0944450446276916,
        0.17443917167109158,
        0.10473988706940593,
        0.1481220283893431,
        0.12473153562255491,
        0.15431845657645593,
        0.10201901593726542,
        0.08507528099151418,
        0.188221024472097,
        0.17250512990117164,
        0.20003549830018452,
        0.07266207865624894,
        0.1954683966974042,
        0.1427398120436206,
        0.11344211325724836,
        0.15234508687257825,
        0.07938970754337299,
        0.11081771230093852,
        0.14151799492646513,
        0.11555797648813153,
        0.16735196023263713,
        0.11667857862237638,
        0.1544288614408754,
        0.09402578063487745,
        0.13096808718761754,
        0.17747648014078665,
        0.1362323101614733,
        0.07884747872664077,
        0.10543170526024345,
        0.13923210849344178,
        0.15266333134804905,
        0.13264656166596286,
        0.15320028972031008,
        0.14839736036393528,
        0.09969761338309568,
        0.15728159258386323,
        0.13638182415773306,
        0.10594978391784636,
        0.17338768042412606,
        0.12321079720887482,
        0.0928152014330642,
        0.07450911651495495,
        0.08530365538292926,
        0.12389899564061557,
        0.1419562886448998,
        0.1242806853051163,
        0.10886630697662247,
        0.098131968100825,
        0.164760026458884,
        0.15902398022322278,
        0.10153045418009386,
        0.08260690771327706,
        0.08937486279198278,
        0.09668631822880822,
        0.10496503759607802,
        0.06594696928163038,
        0.09960778930870368,
        0.14245217645890065,
        0.14843505110768296,
        0.1304052998406866,
        0.11716567256973505,
        0.1357756138944395,
        0.1657448966698592,
        0.15826698272442166,
        0.13079854373425634,
        0.11947835716218694,
        0.11859225983820115,
        0.1358228516937166,
        0.09003965861326353,
        0.1513706618182233,
        0.1417480014995943,
        0.11684341235826666,
        0.14855589937198418,
        0.16857872643342645,
        0.14765581483062046,
        0.10531897694971272,
        0.10990782839361989,
        0.12572438817056394,
        0.10087581636874385,
        0.11564499871401299,
        0.15920083854141834,
        0.09274168926752453,
        0.16478258249593575,
        0.1450725354883718,
        0.10534964383454141,
        0.104996978537559,
        0.10604103267603161,
        0.12625288905287574,
        0.10407723389670136,
        0.08350369031614138,
        0.10902696650441207,
        0.12392844485024158,
        0.13574900688395397,
        0.10240429235883174,
        0.09140668245995327,
        0.1835316804632795,
        0.1367731320776789,
        0.1505557446671836,
        0.15307681084205824,
        0.1412930315676842,
        0.16606579401213564,
        0.09910774433650767,
        0.18200399493415134,
        0.12592290277111184,
        0.09438576880421984,
        0.106777632476287,
        0.14814044655273792,
        0.17100831016606963,
        0.14604564367711867,
        0.07923839888427625
      ],
      "per_snapshot_inside_bank_error": [
        0.10588440435185265,
        0.12594167636427722,
        0.14110925691231424,
        0.1891339942290229,
        0.13443062266742112,
        0.17190668049183663,
        0.14794995541196773,
        0.10736994367672621,
        0.08249072290421404,
        0.12243885871482661,
        0.13409946599079708,
        0.14477780684829464,
        0.15477189926913398,
        0.13682599778596077,
        0.1579373477671633,
        0.08809703144879391,
        0.1567614981067893,
        0.08760985462748151,
        0.08581061287328587,
        0.07528816714245729,
        0.12158259361441173,
        0.10154483172347871,
        0.0921383224518164,
        0.13516664272681303,
        0.1527361418767975,
        0.08541262712292083,
        0.2031878626709683,
        0.1795349966751131,
        0.07529238146111744,
        0.09108531578749307,
        0.17084798771601808,
        0.08978375697959527,
        0.14625799939174228,
        0.17649063957407587,
        0.08849080935004744,
        0.11627798999753033,
        0.14012863794396493,
        0.1432216854153748,
        0.20604252069591672,
        0.09676279783264388,
        0.10142104685687472,
        0.1155575273166348,
        0.13625548446608607,
        0.08362615850847327,
        0.06116777773912371,
        0.18601812127362344,
        0.15107822412682737,
        0.0827564999091128,
        0.14896758974666244,
        0.16209921202859087,
        0.1083754056819896,
        0.11269400247856301,
        0.13696154070227742,
        0.12738576807583846,
        0.10092447222077292,
        0.11129938243262828,
        0.16242739615039084,
        0.16918429670634522,
        0.11788528467401978,
        0.11530875582453515,
        0.07471683846916825,
        0.11826376280313841,
        0.14330860340353416,
        0.08734688981092946,
        0.16938383974641869,
        0.14209662753421975,
        0.0813929351959643,
        0.19881735593417463,
        0.15393558213055383,
        0.12476227137337316,
        0.07603791086664195,
        0.16322454593339508,
        0.10165760875285207,
        0.16115091191491074,
        0.09545943021684286,
        0.07547331025782512,
        0.09146039230727432,
        0.20965235835617038,
        0.11737165651962124,
        0.1555421274546776,
        0.1574646218965035,
        0.16015039163737416,
        0.10398832734850094,
        0.13898417982671404,
        0.18095035699754497,
        0.16569827848753832,
        0.10121212809393054,
        0.21173375237096706,
        0.11934132409240486,
        0.15047859939318994,
        0.15626613964515249,
        0.17525027284526196,
        0.15952652320009103,
        0.1768511421359863,
        0.14891501950136216,
        0.15395818624949495,
        0.12887195664580747,
        0.22073795865270915,
        0.150808894474799,
        0.14987104994025627,
        0.07144480634702133,
        0.14322676828092104,
        0.1302692371127364,
        0.18523333978422094,
        0.08897284424172165,
        0.1461753981871081,
        0.06702548616955427,
        0.1490786432581067,
        0.1121692157359214,
        0.16498826438706837,
        0.08217051672369918,
        0.13566082041260072,
        0.10838340131004676,
        0.1399452235246293,
        0.16142248383904043,
        0.1278069462762742,
        0.17900349769384555,
        0.1541852194560081,
        0.13259643428191245,
        0.1633559598927551,
        0.06609376750918634,
        0.11530116819598697,
        0.09621341207782719,
        0.10771469022325769,
        0.12721856286351102,
        0.17132346102322968,
        0.14165669894759253,
        0.11102132017800594,
        0.11986643689337369,
        0.12403616192638262,
        0.12211830704459228,
        0.12111127590935744,
        0.1378011952908745,
        0.07713564320201728,
        0.12770745548558537,
        0.07020551423193085,
        0.1313356751030972,
        0.10201772034078806,
        0.09646664372518356,
        0.0878923654771234,
        0.11950226675927184,
        0.10306417557146769,
        0.19703172952648176,
        0.1400854261863226,
        0.14494681847093863,
        0.15430812270787028,
        0.11797481404537531,
        0.13774908096761843,
        0.12651984088349372,
        0.16079854153445727,
        0.162043515392287,
        0.13100394365666987,
        0.16495011846819532,
        0.13969043542637802,
        0.0995625596514341,
        0.15582192393082564,
        0.20743094184479846,
        0.11661124872002943,
        0.16081325073144162,
        0.12049835651223378,
        0.19418924339585547,
        0.08932592916091553,
        0.13906113097848294,
        0.1587568116169764,
        0.14788328193502212,
        0.09540285884794568,
        0.10752716233523049,
        0.15579824667517478,
        0.15408331589388316,
        0.18827037193912347,
        0.11687136704942966,
        0.2335115646925857,
        0.12450540745126047,
        0.12024942480006545,
        0.14307841370415694,
        0.174854964658771,
        0.10015657995891568,
        0.10218854254262091,
        0.1757864676657602,
        0.11975895255471616,
        0.15667690515819174,
        0.10213216143254339,
        0.11566466490452346,
        0.08413962704977927,
        0.12272102992730344,
        0.13281390393641954,
        0.19204835021627223,
        0.11988129107186603,
        0.14416438252080688,
        0.10308071027868687,
        0.15485280776085056,
        0.11627383282535474,
        0.10754755520391153,
        0.13305689528903064,
        0.16886128842130346,
        0.0818885734637706,
        0.15825982845884656,
        0.1328716965314211,
        0.19310348579803815,
        0.18295634160408145,
        0.10275324374295308,
        0.1823513279348007,
        0.16040420124991872,
        0.15186038994207446,
        0.12210422272568427,
        0.15332583105117,
        0.09379071860428916,
        0.1334616047034195,
        0.1277714318098015,
        0.13259728196536982,
        0.1367986459072889,
        0.10982618481972392,
        0.11323417104453741,
        0.12871804689603897,
        0.11813925926750127,
        0.09707369284165,
        0.14972656113061994,
        0.07584445684878866,
        0.1427615026456606,
        0.12494396569553068,
        0.15196338529782016,
        0.10793767492858658,
        0.143197254591283,
        0.14003457926978785,
        0.10992900572078632,
        0.07302299770427106,
        0.11493414902218993,
        0.12429189000375666,
        0.10101241951556673,
        0.1619242379881147,
        0.13102626689394084,
        0.0949030295208091,
        0.07019185175578639,
        0.10342083254652834,
        0.11901036155462205,
        0.11099095339070347,
        0.1493719029118424,
        0.15621040527635688,
        0.09202079828430465,
        0.17612104279786536,
        0.09347438564853673,
        0.11877730550564405,
        0.140703755564909,
        0.09145294588172717,
        0.138078980771925,
        0.10748134445191303,
        0.12415809486724062,
        0.11347833696461804,
        0.10769152414619906,
        0.1535016819412989,
        0.1547057885829228,
        0.15448662641828,
        0.09668484331034059,
        0.17778177905423395,
        0.09387731177590018,
        0.12149707698043945,
        0.14337992610151062,
        0.13041605213351565,
        0.16008832437828083,
        0.09914471199788331,
        0.1565626221886441,
        0.06170552174742799,
        0.17025467624214297,
        0.0776778848433455,
        0.07414270670561048,
        0.06325444715450208,
        0.11942150365387871,
        0.13852197563003715,
        0.15456745352398743,
        0.19487627571696037,
        0.09913375595499302,
        0.133551842729642,
        0.1452863027192657,
        0.08626575749206424,
        0.15876182746677758,
        0.1964242116695706,
        0.11135772590295565,
        0.10720254598184935,
        0.12732253751355604,
        0.2452302912493199,
        0.07747680614717234,
        0.1570498707386544,
        0.19964417972613466,
        0.12077019068351058,
        0.14349249741336975,
        0.09462781764084088,
        0.0855413699332008,
        0.1737374052497338,
        0.09111047768607772,
        0.14292392348387106,
        0.09346032125329887,
        0.10006621610724158,
        0.09296433660223823,
        0.1143953318272799,
        0.12617966124532307,
        0.09205041483964206,
        0.11719619568698574,
        0.18513504727658425,
        0.07486075710902282,
        0.18686805773940884,
        0.14211023386495014,
        0.10740016120305697,
        0.11537572550057074,
        0.14636174941826682,
        0.07690880248380663,
        0.14926482354063167,
        0.11019327472656637,
        0.1685329873963266,
        0.23365899054113157,
        0.07758598438692166,
        0.08329984809116588,
        0.15810774854975812,
        0.17066725177788253,
        0.09548599352031709,
        0.09354668916135442,
        0.11610707049688804,
        0.16145948900058393,
        0.11336720551615358,
        0.14351134055971673,
        0.12095796589264758,
        0.16855281114875345,
        0.09868769254065456,
        0.15841120293940555,
        0.10331806712408191,
        0.1134371999420944,
        0.10664058660411074,
        0.10835358164008255,
        0.1229238675942829,
        0.07846871418656791,
        0.07610003343127007,
        0.18898721895007817,
        0.15264881670290936,
        0.1303892869566533,
        0.12140323400722698,
        0.11940127743879199,
        0.18150478265890274,
        0.1451448216417401,
        0.12096186695755877,
        0.0959603225051518,
        0.07990455504580336,
        0.1632801933048631,
        0.10931180297243197,
        0.09298668888013151,
        0.15294309116218618,
        0.11662906454811034,
        0.14277120275583646,
        0.09603512816254273,
        0.07901694694467103,
        0.17112022716380298,
        0.19059996633265855,
        0.18107447623499998,
        0.13770031025772567,
        0.13674833616003457,
        0.08945745085105485,
        0.10357527872737794,
        0.10434148743070738,
        0.11612569655464416,
        0.17304438803803543,
        0.05620555538501266,
        0.1683972896121872,
        0.16370113069246606,
        0.11149149251735826,
        0.07944144302407824,
        0.07807178555511161,
        0.11301096602884056,
        0.15772253773978945,
        0.14708667355235377,
        0.11745352536924145,
        0.11527058975553196,
        0.12094368218818081,
        0.10351023334513533,
        0.09398801117595042,
        0.061725067523038746,
        0.14803120779041984,
        0.10190843441545834,
        0.1672499301979319,
        0.11000397395208932,
        0.12062073172478194,
        0.08729288819567137,
        0.10589882174214928,
        0.14396992025191385,
        0.1761315248479025,
        0.12926781661704356,
        0.10245923826075122,
        0.16887538390315004,
        0.12719715059960296,
        0.11656580129575216,
        0.06557431737623537,
        0.16324969210029147,
        0.07619812468883824,
        0.14376833649013562,
        0.14828565306984096,
        0.07661239927541497,
        0.1430727943950828,
        0.12995620155645676,
        0.09939300718103707,
        0.12105377711938951,
        0.13123587574782064,
        0.0823791555054579,
        0.0946252366818941,
        0.09993687908171188,
        0.13056155654495574,
        0.09441569048884267,
        0.17384570903870916,
        0.1044511351459441,
        0.1475575570318101,
        0.12450104253141055,
        0.15430100529760543,
        0.10200128788857397,
        0.08502822064880385,
        0.18749653107482062,
        0.17226105867331418,
        0.19975717986922886,
        0.07264121216318148,
        0.19535520451897648,
        0.1427076419902173,
        0.11342740512153886,
        0.15199575178644698,
        0.07937455192626625,
        0.11068254987299259,
        0.1414803519657885,
        0.11544311922682868,
        0.1673235522879281,
        0.11619782570623767,
        0.15375571184343953,
        0.09398372476992183,
        0.13076027654759495,
        0.17722879100808658,
        0.13578313397151087,
        0.0788230948931338,
        0.10529237796401476,
        0.13905174143053808,
        0.15260246229292151,
        0.13261153304521014,
        0.15315882560657068,
        0.147650028555218,
        0.09923415979603767,
        0.15682033713272328,
        0.13633218272996178,
        0.10585141636185841,
        0.17328589280343215,
        0.12316899837042519,
        0.0923822203176882,
        0.07430926632483456,
        0.08526618206875773,
        0.12388303847005673,
        0.1419008500890704,
        0.12367557278143579,
        0.10881701720921273,
        0.09812063603059985,
        0.16473959216574932,
        0.15898680910329904,
        0.1015057929628314,
        0.0824937630313515,
        0.08933045050875761,
        0.0958892478518265,
        0.10492287680521321,
        0.0659316136794593,
        0.09959549007719089,
        0.14243309254643602,
        0.14821052859495581,
        0.1303239736134669,
        0.11690513495688615,
        0.13526871802322613,
        0.16504726504053366,
        0.15815273889614095,
        0.1307533126904332,
        0.1193879532995703,
        0.11810673786995979,
        0.13532329986918448,
        0.08988445804742395,
        0.15107328233959444,
        0.14171336957732716,
        0.11640670617507437,
        0.14838267348591747,
        0.16818372629126263,
        0.14748467111251676,
        0.10527999884629022,
        0.10982027784606734,
        0.12546825552503835,
        0.10084336502846607,
        0.11546368854173117,
        0.15865481407405027,
        0.09197786132257241,
        0.16424925873286472,
        0.14500160889962915,
        0.10517951776473711,
        0.10478065196064454,
        0.10582907609185407,
        0.12585280173503435,
        0.10391680937269558,
        0.08348699166299725,
        0.10840724966174504,
        0.12359455370415641,
        0.13573488964039127,
        0.1023387402578631,
        0.09136190790831071,
        0.1833209360836614,
        0.13670417003028568,
        0.15046496002543686,
        0.15272262217733593,
        0.14121845123379262,
        0.16575593396878224,
        0.0989189903118101,
        0.18173200350410815,
        0.125906753163846,
        0.09437479018156233,
        0.10665222448693741,
        0.1481086580320566,
        0.17058726099925864,
        0.14520626828662994,
        0.07921549051537204
      ],
      "scope": "independent training-only field decomposition of saved codes; no extra fit or training"
    },
    {
      "model": "r128_head",
      "training_cases": 512,
      "rank": 128,
      "worst_bank_projection_error": 0.01896563810716445,
      "worst_checkpoint_reconstruction_error": 0.05616718248041219,
      "worst_field_error_inside_bank": 0.05452379550503014,
      "per_snapshot_bank_error": [
        0.008325024435355993,
        0.00803478292322725,
        0.004679586923987049,
        0.014113555835806955,
        0.012407249559486622,
        0.0035107276514510883,
        0.004832625269317191,
        0.011086262605139162,
        0.002218861193002511,
        0.0036121060263741536,
        0.003815465460654867,
        0.008756585216622788,
        0.003370227250372724,
        0.003434028752888427,
        0.01284204497972035,
        0.0013998432111425757,
        0.00800655650599436,
        0.001487006575345177,
        0.005197081688351458,
        0.0017898166270306761,
        0.006222249025012997,
        0.0015989212651731555,
        0.002874186632222802,
        0.006591465249988452,
        0.00638957091468597,
        0.008834148753045694,
        0.007924270896101917,
        0.008740918521711452,
        0.0025762918896850865,
        0.012837229144001188,
        0.008480418460350405,
        0.007651555346325699,
        0.010171012890913041,
        0.015854402203127817,
        0.0013771213862661378,
        0.008637903685281889,
        0.0052423297791299095,
        0.002420576731700111,
        0.01461209279341968,
        0.0028041660361644385,
        0.009589378834412524,
        0.0045911287468573215,
        0.00218432214679751,
        0.00675796664130691,
        0.0016215676906872905,
        0.01361941282225108,
        0.006558236606093711,
        0.01207892417850474,
        0.0049152510610210405,
        0.0050069529590252605,
        0.002701418645056647,
        0.010263957455596667,
        0.00395327985102845,
        0.004758727444116136,
        0.003457652675480167,
        0.005963493812071785,
        0.013149323455526815,
        0.007057028583710799,
        0.003418394693634654,
        0.0037357770964734104,
        0.002340490861842817,
        0.004306039793198404,
        0.015194092068177371,
        0.0033754188599358437,
        0.010697262245558895,
        0.005650348156462128,
        0.0026665863342667964,
        0.011506669885730512,
        0.01048668502918532,
        0.004499223542647009,
        0.003439453719551019,
        0.0075185656879364895,
        0.002549296679030214,
        0.00500566650208254,
        0.005852071968856995,
        0.0016354849484913347,
        0.008247062825842958,
        0.010234881826926893,
        0.0038227210234515565,
        0.013263897600396172,
        0.005590626560689557,
        0.010236128092561372,
        0.0012045022954729502,
        0.00186751724920832,
        0.00820388164051526,
        0.007990138010019148,
        0.009821088061214475,
        0.015523137907149948,
        0.007179563879601875,
        0.005038018997871353,
        0.00431521990642687,
        0.006565103390956249,
        0.012289914575131395,
        0.004463250745104287,
        0.014531839579198132,
        0.005497042660404548,
        0.015355558402121975,
        0.017157776468502292,
        0.00745512117285573,
        0.01441771917272173,
        0.001878551884381387,
        0.014595436210549073,
        0.003413561667707314,
        0.010723306579730394,
        0.0017248524131553168,
        0.008829665441750161,
        0.0018554081893234215,
        0.00398647387204024,
        0.004999407127465518,
        0.005137187758205876,
        0.0037124902068988628,
        0.0064403751074396665,
        0.00356979741008325,
        0.004707608472917745,
        0.0024388834980702415,
        0.003172054970757193,
        0.004998543852144404,
        0.01623476955409605,
        0.002312550838295745,
        0.016955636840459403,
        0.0022286980768822795,
        0.01573201151748716,
        0.008152767602933446,
        0.0027608748155784194,
        0.013188634674956647,
        0.00845408524305652,
        0.002445888624432275,
        0.0039767488319224584,
        0.002610349591510612,
        0.0032381690296654697,
        0.006552343697312592,
        0.0014745289683849776,
        0.005460430661451338,
        0.003137421819576491,
        0.01039366449831979,
        0.0012623786275015867,
        0.0025415035995746513,
        0.006181421812883209,
        0.0072164555681669545,
        0.013107512381477072,
        0.012684063427659879,
        0.006935854247915008,
        0.014735092968157028,
        0.012949529011113141,
        0.004822264263544374,
        0.003166496861589401,
        0.0050516070473122805,
        0.0019832369049870187,
        0.0026732330786896196,
        0.00429609458200206,
        0.008568661989136589,
        0.003070810280638934,
        0.011735385823180311,
        0.013093134385073115,
        0.006115918219112829,
        0.009962655530249427,
        0.014592416366994819,
        0.005019078562768763,
        0.010218348412999225,
        0.0030161903882741474,
        0.01008039402064534,
        0.002348691656820025,
        0.005930954052037853,
        0.011699445882541548,
        0.00558358782155843,
        0.006658472161246579,
        0.010487804295559235,
        0.013684749575898872,
        0.014379682533400408,
        0.009891315449378883,
        0.01018230968367529,
        0.014017692321665236,
        0.01170816311802446,
        0.006609961338817343,
        0.009707845679396972,
        0.0165966575980965,
        0.010035942960982038,
        0.004178876588487811,
        0.013084010387808317,
        0.012289712934097669,
        0.004156228889431966,
        0.0034926521235857633,
        0.008747299871800137,
        0.00402319531542166,
        0.0013573403064510868,
        0.004909856971497924,
        0.008229545997089896,
        0.0034968210772517963,
        0.010819229402389576,
        0.012130652415724311,
        0.00901361540737647,
        0.00334515127865815,
        0.014081771023856871,
        0.010763896519625466,
        0.006397981439241222,
        0.00451888989653802,
        0.007200381466125512,
        0.011186672797159656,
        0.007729519576903971,
        0.01498414854437836,
        0.01168410216094951,
        0.011823131138973642,
        0.004835780712638144,
        0.008572314485299923,
        0.0035579353862606957,
        0.006222407548758607,
        0.005574545647441285,
        0.008135163081915758,
        0.005299179248733485,
        0.0016761086111897075,
        0.012689442087799829,
        0.010234217251715241,
        0.0030747398331308013,
        0.0015618955311987837,
        0.010542232256291025,
        0.00275187087214148,
        0.01675985263762722,
        0.002135841538759652,
        0.0031173740022370925,
        0.0013380513340091951,
        0.013960055918001717,
        0.001974457394982071,
        0.006797212979041231,
        0.008241963550032367,
        0.0027091702588875996,
        0.007748312462920646,
        0.0014554633331354783,
        0.015546757345776346,
        0.007933947463462395,
        0.008929174278138495,
        0.00202713849971098,
        0.0014144041748997277,
        0.0016341250273801764,
        0.0016727435708868148,
        0.008178002970199643,
        0.005911665395043832,
        0.007969715450814078,
        0.0059493383050234615,
        0.001399533425678958,
        0.009234677738531177,
        0.001459071711874957,
        0.00642331705844407,
        0.001993859546369881,
        0.005196192930278264,
        0.00963360860455249,
        0.0019391121911155225,
        0.0014370187492030078,
        0.002514601316750715,
        0.003294952471945054,
        0.0058190502857041505,
        0.008301601516180642,
        0.005199141930133452,
        0.007970369112205427,
        0.00695190906116024,
        0.0026579268696031257,
        0.003276027946138981,
        0.01101451697670504,
        0.005193024180316333,
        0.0033546601279122565,
        0.0016920146957754704,
        0.005680297886406179,
        0.0016040395097601842,
        0.00931570714840559,
        0.0029860607491279437,
        0.0018577702740575047,
        0.0013893440785508132,
        0.0022189799663447332,
        0.007932389146815221,
        0.009193143578677248,
        0.011965650647857332,
        0.005606145871232894,
        0.0022929024654847648,
        0.009673647355564328,
        0.002087754986405028,
        0.006388931625602887,
        0.00547382842899155,
        0.0017961390311478777,
        0.00791638613336347,
        0.007233520544416199,
        0.016197027514178425,
        0.002504786557047285,
        0.012736147474302054,
        0.009326779239558327,
        0.003214093251009888,
        0.0017749369071531614,
        0.013297571288011373,
        0.0029246533146618406,
        0.0076553691322932965,
        0.0030485331392314514,
        0.01896563810716445,
        0.012450626951702402,
        0.0032182058284741994,
        0.0030601947457130733,
        0.011057951794154598,
        0.013876102983082145,
        0.005327638047819681,
        0.007700308421136641,
        0.011081327064591107,
        0.0028714265454668226,
        0.013193714969054355,
        0.007941781805012099,
        0.013878430939609561,
        0.004176081579477565,
        0.005534634351078101,
        0.0019080256776761685,
        0.007766375611954327,
        0.00978249030591487,
        0.012972925954350198,
        0.01547844570559055,
        0.0030850339197363106,
        0.0014192377291184595,
        0.012529123878429757,
        0.012560744497204254,
        0.0024393706542248936,
        0.0026620669298910897,
        0.0029336696983274604,
        0.007082448966058184,
        0.009078855021216513,
        0.010124275154542596,
        0.002149950000189268,
        0.012398685430957766,
        0.008195370252797035,
        0.00435346170167284,
        0.0023857912436893443,
        0.0065025747787789395,
        0.014310295085792707,
        0.004498158093020142,
        0.001942827617857129,
        0.003006183045047827,
        0.00280498440034053,
        0.010734993510327346,
        0.010830130045703757,
        0.009741634246426462,
        0.007204762502135385,
        0.009269259618618677,
        0.015641525612010036,
        0.0068521497137536925,
        0.0022113113276332045,
        0.001907147345521871,
        0.003615208973023705,
        0.007931242753649472,
        0.001265933072706338,
        0.004549341970669504,
        0.006341908448043569,
        0.002361746339049683,
        0.00874000546308221,
        0.0026388459051249974,
        0.0029431511148676134,
        0.013340447689003257,
        0.006020052782349116,
        0.0104039587214165,
        0.013487331519376866,
        0.015274254342913435,
        0.006693158399456158,
        0.002201551451560032,
        0.015843683789987295,
        0.007629934739249174,
        0.005214240468828766,
        0.0015719695843265833,
        0.006582223839805643,
        0.003501292510655803,
        0.0013424595339371188,
        0.0024443813025759624,
        0.003500385145887606,
        0.0057122289433664975,
        0.007985210298068654,
        0.0088452405373072,
        0.002851281436224522,
        0.005768624975793857,
        0.006899884405363174,
        0.01120143798719192,
        0.012185966535014369,
        0.0016096664920197997,
        0.0023152779586171385,
        0.013840009074959516,
        0.0168595649907906,
        0.0064981644495167735,
        0.011505412954387555,
        0.0021560534556972857,
        0.011666748629083117,
        0.006710000067773278,
        0.009879968211483158,
        0.011767221662815464,
        0.0021259369910352163,
        0.009528234568281653,
        0.0020120571533604617,
        0.008779401257334112,
        0.0014656396352311027,
        0.010766529818055124,
        0.005361664960173313,
        0.0016400231893957163,
        0.013332574212394858,
        0.0021747815266292348,
        0.012618889134521378,
        0.003438674114772362,
        0.0016727756106796146,
        0.010898309958923234,
        0.007730610532911377,
        0.004610770689928236,
        0.0028186472591054043,
        0.009987237777126524,
        0.010491555231366379,
        0.002354536948472426,
        0.014376858562461903,
        0.007772020974986468,
        0.012919081119703524,
        0.007579339506354537,
        0.002320733566753421,
        0.0019018101588408585,
        0.002829333681879942,
        0.016498632920171556,
        0.009173195025132547,
        0.01054844400353276,
        0.001741255326068582,
        0.006651178452173231,
        0.003030323388700494,
        0.0018266985697321773,
        0.010311010284458756,
        0.001551183524525146,
        0.0054716097472399,
        0.0032638773940849007,
        0.005150937119765436,
        0.0030834142529255182,
        0.010580926730720657,
        0.014403274677734893,
        0.002811921472886098,
        0.0073749534764555764,
        0.009373187343428267,
        0.011053635637498983,
        0.001960768475902592,
        0.005418451509970875,
        0.007084718813355783,
        0.004310596295373382,
        0.003048216724780378,
        0.0035641140838949077,
        0.014874327905050973,
        0.009601856271559192,
        0.012036661800322953,
        0.003679390258606851,
        0.004564467814195822,
        0.005940292768567044,
        0.0032091103553277983,
        0.008954718657467699,
        0.005453565998861738,
        0.002528204324617123,
        0.001988441646043501,
        0.00396694212628126,
        0.012249140259345847,
        0.0032756007720875203,
        0.0014912908139888847,
        0.0025948201854344164,
        0.003438141530987253,
        0.0022376597156284752,
        0.004322066968140957,
        0.0028172168869567494,
        0.012389361527268392,
        0.0029747336795285973,
        0.001423051318412996,
        0.001565262678042614,
        0.002331678694881078,
        0.008161103537159608,
        0.004604794038365178,
        0.007809241283927728,
        0.011721401484671504,
        0.015191151198712272,
        0.00601240387378027,
        0.0034395150065040015,
        0.004646981505744124,
        0.010720194179585722,
        0.011638365638186102,
        0.00528434714169354,
        0.009483702991348666,
        0.0031331792430168487,
        0.010092659163661793,
        0.007171990476199764,
        0.011533482418666545,
        0.007107140080738537,
        0.0028650913875911586,
        0.004386036481148774,
        0.008021136849993423,
        0.002558526489227182,
        0.006473202909083248,
        0.013174101996693634,
        0.01187829763559212,
        0.013246905288947017,
        0.004535853783344556,
        0.005984688700515722,
        0.006736503300593203,
        0.00670128827493381,
        0.010043121508768519,
        0.005776447471199769,
        0.0016698860669731028,
        0.011608085368839643,
        0.009090970117086955,
        0.0019577038311722793,
        0.003663514152656565,
        0.002860661057881505,
        0.008792731491718393,
        0.004342758877596226,
        0.005227624396786062,
        0.010407242327051877,
        0.00459018525939168,
        0.010139935651559488,
        0.006113783048374077,
        0.00994651066321321,
        0.002016668054300704,
        0.0014395592901041,
        0.005173568326496457,
        0.0030687653523710145,
        0.011992853314598685,
        0.015635526448928957,
        0.001905234933722163
      ],
      "per_snapshot_checkpoint_error": [
        0.0224326542372739,
        0.022902964129476826,
        0.01260086216082597,
        0.0341565520303563,
        0.041870278006464284,
        0.015901736064497914,
        0.013594729596126651,
        0.03392592718571184,
        0.007685270084638946,
        0.011699481606422,
        0.020198704674394267,
        0.03079121194074307,
        0.009012830247647536,
        0.013472255690381017,
        0.04270279601535157,
        0.0050360955592747714,
        0.022865635889052226,
        0.008144876883936355,
        0.019411686301386455,
        0.00623025306161129,
        0.01639121701682896,
        0.007523576001432776,
        0.006996465795421878,
        0.026008878421382386,
        0.02226635680300267,
        0.027239498049937187,
        0.0282289580519126,
        0.020946662624314237,
        0.009418960225679807,
        0.03972756103358818,
        0.029850537909149495,
        0.02504225223511957,
        0.02002306401324733,
        0.04708824094807539,
        0.007785524817681559,
        0.024417909579078398,
        0.015997700150294593,
        0.010309852758139573,
        0.04273909251595159,
        0.010558707122879004,
        0.03085329334880918,
        0.014750586802576331,
        0.005628038224740044,
        0.01909894804872265,
        0.007684346274542633,
        0.034689921143873544,
        0.01938298978499094,
        0.03741655917839944,
        0.021438075008570607,
        0.015026192625421025,
        0.009372414349944819,
        0.027380391918929207,
        0.016625177790347716,
        0.012865161275814796,
        0.010023262614814411,
        0.020698667869664532,
        0.04911048158071714,
        0.0215102506033706,
        0.012628328350476692,
        0.011054880164766683,
        0.009890007162745811,
        0.01397686688614384,
        0.034935505242900934,
        0.011792006151590628,
        0.03597061493341665,
        0.021705142903828977,
        0.009231806127271508,
        0.03364479404760476,
        0.04430233985485601,
        0.02318354415048818,
        0.0094567312230948,
        0.026244882870477722,
        0.009694801668659561,
        0.019161250302647957,
        0.020794173890320528,
        0.005486542204380841,
        0.02784283957088214,
        0.028311806067861097,
        0.01149079368960563,
        0.05168319181143318,
        0.021448263270762217,
        0.030889252144660012,
        0.005005555267195758,
        0.006781344604690456,
        0.018927020289765777,
        0.030252987979457843,
        0.027949426784391378,
        0.037785912065186805,
        0.02200919575928762,
        0.019944163035385626,
        0.015970284797285798,
        0.025042419036737665,
        0.03627533892660576,
        0.02872964250646097,
        0.050219209412748315,
        0.022290175392346664,
        0.03734112564927998,
        0.04019743040121699,
        0.02630736105453489,
        0.042483479308738435,
        0.008662807798904631,
        0.034425085464993586,
        0.016625322432680924,
        0.04323109944965475,
        0.006632323091038285,
        0.028240430868610254,
        0.007456557125786062,
        0.01609955633436947,
        0.01703907590502236,
        0.019724484572012216,
        0.012494760541100668,
        0.025884615930632973,
        0.011298476993057272,
        0.022366409473884234,
        0.010607817026975172,
        0.012634358459661361,
        0.018511667116778874,
        0.033321413301934485,
        0.007765063138675325,
        0.050834311003404235,
        0.010428001753436658,
        0.04548282612458644,
        0.03047942588634624,
        0.013459867133222066,
        0.030986784910570886,
        0.026267271232136746,
        0.01031772914449076,
        0.012621007880458687,
        0.012686047962938452,
        0.01294431549084894,
        0.03151400805464057,
        0.005089031481508403,
        0.02045002984151084,
        0.010052801969720667,
        0.02595279067763862,
        0.0049127243449984094,
        0.01113633616599248,
        0.017614294195208918,
        0.014217616157674808,
        0.03245702490676657,
        0.027726408471209444,
        0.0170850634127562,
        0.042532597129305384,
        0.03974021145114293,
        0.01678926669423938,
        0.010208748082879313,
        0.015157959541488792,
        0.00691958161184609,
        0.011061296720362901,
        0.017852853739823833,
        0.03182957866725506,
        0.010567121925955714,
        0.04388075381691529,
        0.03971116560198293,
        0.02019986683245641,
        0.025342485982068893,
        0.052780944390188544,
        0.014929974584875915,
        0.02842146545308605,
        0.010945459354970011,
        0.024371563067946054,
        0.009472464287250884,
        0.021407332847534453,
        0.03896003867845393,
        0.022946197700258752,
        0.02319010618934413,
        0.03659043026967699,
        0.03520509401118554,
        0.04917471457903005,
        0.04381404319598277,
        0.0357392128194482,
        0.04981222404587238,
        0.026522292990716265,
        0.029382772756036842,
        0.028762897653039254,
        0.03834474590776578,
        0.036349442912011844,
        0.01483516574204485,
        0.03669196012509993,
        0.04274408830621799,
        0.014675891920342925,
        0.014470038871296984,
        0.025992588461141657,
        0.011351585527971012,
        0.007177646895014113,
        0.013594830671187698,
        0.024386831842228018,
        0.017745466309013233,
        0.03209090838880635,
        0.028461254751888876,
        0.025676561943017123,
        0.01098624332272157,
        0.04608715284987929,
        0.035478169205102446,
        0.020829569277691726,
        0.021194129303099902,
        0.02067107363374951,
        0.03706693563598005,
        0.01907042067578792,
        0.035405565330339325,
        0.03314088073216107,
        0.028540508404290874,
        0.018301798678201617,
        0.029337820084917855,
        0.016354404467706432,
        0.020093561819664138,
        0.01180004173910844,
        0.01815906458205967,
        0.021224485375801336,
        0.007605124818702278,
        0.03197109307802499,
        0.026587121433499557,
        0.010625093752959875,
        0.006711760126097367,
        0.017612856975499816,
        0.010254111657769505,
        0.04044268742945571,
        0.008712709890309957,
        0.01003864259068285,
        0.005565295940172193,
        0.034266870280229365,
        0.00730337368125866,
        0.02494587131400937,
        0.022013441257486846,
        0.007381734052757531,
        0.023820847946177018,
        0.008120753809462132,
        0.04624434393860232,
        0.03162436070878428,
        0.027586673316745757,
        0.00769299918848371,
        0.005853703166865263,
        0.007008283456939273,
        0.00800960044813723,
        0.02052308786402963,
        0.0229553087892229,
        0.04156154027382817,
        0.01900680413286359,
        0.007398137544664255,
        0.028263183332874482,
        0.005824575475595188,
        0.020930817300475378,
        0.0073935619799728475,
        0.011043196568061303,
        0.032008548698458074,
        0.00777411259989911,
        0.007102401840310651,
        0.00827800491795915,
        0.010804418441335145,
        0.02057541540375526,
        0.02117832269880923,
        0.01781420937081972,
        0.020152582915677196,
        0.025294857583843904,
        0.011213247161913863,
        0.009148628729299871,
        0.02657968520325527,
        0.01639525622196943,
        0.01289218608083771,
        0.007470028047801198,
        0.022201464437681104,
        0.007277894337660204,
        0.026489354923716655,
        0.00970757685872625,
        0.0070328867030908584,
        0.005230528915876411,
        0.00851816338743256,
        0.023368209988704293,
        0.025054226348724198,
        0.03592829957122467,
        0.015162885580067375,
        0.008493489311067389,
        0.02595471413001,
        0.006404518125990744,
        0.02473413560157127,
        0.01703091920314688,
        0.006971301187960748,
        0.024216168766133382,
        0.024912827840413525,
        0.045752303246605786,
        0.009675953205279154,
        0.04552633665879791,
        0.03779614263780695,
        0.014910492176368301,
        0.00866157477220537,
        0.03549251408542599,
        0.009252442800731986,
        0.028050084530784305,
        0.006395315204097448,
        0.040211728051375545,
        0.029912126795425896,
        0.010930825910665399,
        0.011980787954041313,
        0.041463154843433964,
        0.038244546453687564,
        0.01605045474729203,
        0.019425575054911496,
        0.023565678554113317,
        0.011101541399600729,
        0.04201176820915896,
        0.027287891083956066,
        0.03590336599561733,
        0.013969299064507905,
        0.021268564852767013,
        0.007687055578694013,
        0.02688123730195447,
        0.032201149921966106,
        0.039424632641468824,
        0.04857028858454042,
        0.009592654322879165,
        0.005420917588965399,
        0.04322579162655292,
        0.031980839226184964,
        0.008408619641792094,
        0.009223688753488446,
        0.008162850207833909,
        0.02022044945254857,
        0.027411457280765446,
        0.039439150259390564,
        0.008041166712985133,
        0.032776739463591324,
        0.02167430299979533,
        0.013178796293520433,
        0.009105996234230663,
        0.01887273302286452,
        0.03422543102256653,
        0.016684376583478152,
        0.0070854325619842135,
        0.010132108852286728,
        0.009032951451897938,
        0.027867399035762533,
        0.03490572615750051,
        0.03884390836898625,
        0.019643193910504713,
        0.021698371076945645,
        0.03908485100799891,
        0.024710617711015525,
        0.010635916782147967,
        0.00608858425958338,
        0.011156491298346925,
        0.019862342303151936,
        0.00620147444308456,
        0.02156425609742556,
        0.015401405936403444,
        0.007302026510045492,
        0.022279170907351417,
        0.010241124410343814,
        0.016676699911357205,
        0.04448633555533767,
        0.028380612726874817,
        0.04518312006140173,
        0.05616718248041219,
        0.03863751649428339,
        0.016230675422958047,
        0.011073010266501003,
        0.04342704057283142,
        0.025807460118616954,
        0.014785608077127437,
        0.007859393424530799,
        0.02525305580341332,
        0.013240559544918158,
        0.004929117461346727,
        0.009511138988896793,
        0.012119072915493636,
        0.012933439300487537,
        0.022607106493072442,
        0.02173495762149892,
        0.009071242740569056,
        0.015103373565945035,
        0.023385229678873264,
        0.035812523406480605,
        0.03696280277050865,
        0.007136102739900297,
        0.009598560672234349,
        0.03811953421287291,
        0.036647483428564075,
        0.01326246407754352,
        0.030882213279217096,
        0.008755639813024844,
        0.03492212426104062,
        0.019287332893436964,
        0.03212963497905824,
        0.03152073424504796,
        0.008947156670348667,
        0.02748854961587583,
        0.007064869093308132,
        0.026168769523957122,
        0.008906657105669905,
        0.046280110047405926,
        0.021616226183570574,
        0.008263006679208458,
        0.05080927899609567,
        0.008373343659789196,
        0.03142001434743927,
        0.011444305149022857,
        0.011742921485799808,
        0.031529640425251665,
        0.020096413369445197,
        0.015289869269346189,
        0.007735916073497602,
        0.025810089132406233,
        0.020847250473532704,
        0.007405940370598253,
        0.04018179359786174,
        0.016769965155386462,
        0.04897195835666742,
        0.02408597074679088,
        0.009185546049932651,
        0.007612131865626142,
        0.009379391718366145,
        0.04988676038681236,
        0.029968632006842445,
        0.02219774126518549,
        0.007495049897140555,
        0.0162970330086867,
        0.011208258524228373,
        0.009981316572070216,
        0.03384400560956883,
        0.008422871986439883,
        0.012429074828762092,
        0.01110892099802065,
        0.01753024302684399,
        0.012494636338700831,
        0.02960138374493235,
        0.03927540363181369,
        0.01255637473435594,
        0.021861029084757733,
        0.02611822622930482,
        0.039393878425412365,
        0.0058757939482159465,
        0.015459167752289596,
        0.023698557989715947,
        0.012291442931226377,
        0.011945776426390069,
        0.010317674926594071,
        0.04417191782339213,
        0.03238815036532741,
        0.04484856732418099,
        0.010322517283807058,
        0.012926343263858331,
        0.023801469992426088,
        0.009053939570980694,
        0.023899042893912384,
        0.021207496937708237,
        0.009076175956640406,
        0.006104707183128001,
        0.011157007950296016,
        0.03370320216545314,
        0.01096796760100393,
        0.00535951104478219,
        0.011462458890490272,
        0.016952987247621808,
        0.008275901316919703,
        0.016518292240040273,
        0.009376355192300808,
        0.041735020799151354,
        0.0077442949341254,
        0.009182880242343002,
        0.006969853340802594,
        0.009879410049473196,
        0.030548820660425906,
        0.013179808967855769,
        0.02594219945061699,
        0.033288911672324874,
        0.056038762540977234,
        0.026400743967851553,
        0.010767909909773657,
        0.019835575931990364,
        0.03745875146368646,
        0.03623627643557916,
        0.016166294222602403,
        0.02993670149876336,
        0.008424459015457988,
        0.034242426841659436,
        0.02202245041304801,
        0.04099243016181518,
        0.024012146935979077,
        0.01012321157495157,
        0.016474201076738554,
        0.02281545596574996,
        0.0084123584740751,
        0.0145742585243487,
        0.044858540118373036,
        0.028938283926883482,
        0.04744777072949508,
        0.018746325640118192,
        0.020509272789170023,
        0.022188679221091457,
        0.01800773660835105,
        0.038193485553378766,
        0.027043045340348317,
        0.006135257020315323,
        0.032258702059834624,
        0.02996259458513017,
        0.006081575493282748,
        0.009294399167220715,
        0.011590767274911503,
        0.031374230402008645,
        0.01764650930933942,
        0.018376104714025916,
        0.02929628239983407,
        0.02458127092734224,
        0.03055839547532657,
        0.015702940577402066,
        0.028960230122061805,
        0.007460333079238425,
        0.00529151092819877,
        0.01698346748934404,
        0.010787915663520439,
        0.03998040686337046,
        0.039611158281965236,
        0.007401854956451547
      ],
      "per_snapshot_inside_bank_error": [
        0.02083069716259656,
        0.02144733151915916,
        0.011699709116768039,
        0.031104301764739817,
        0.039989752921307554,
        0.015509352056816892,
        0.01270678581696248,
        0.03206342646786389,
        0.007357990981241672,
        0.011127918040372073,
        0.019835067275962202,
        0.029519839906811517,
        0.00835898781873472,
        0.013027245292514426,
        0.040726044102853465,
        0.0048376334572149135,
        0.021418038134409803,
        0.008007985445751072,
        0.01870304539341218,
        0.0059676301538652155,
        0.015164287400452028,
        0.007351710456561268,
        0.006378838830826504,
        0.025159776282718514,
        0.021329885813215745,
        0.025767189792866296,
        0.027093910818887578,
        0.019035730048875054,
        0.00905977548463984,
        0.037596338300183975,
        0.028620571556188728,
        0.023844666023860886,
        0.01724742268431666,
        0.044338926084936475,
        0.007662762776846475,
        0.02283902204858698,
        0.015114376883801177,
        0.010021670129298318,
        0.04016362500177943,
        0.010179535792380595,
        0.029325236981784034,
        0.014017893845015355,
        0.005186863312074551,
        0.01786336204197826,
        0.007511304539931552,
        0.03190457997443733,
        0.01823978688536562,
        0.035413253047984754,
        0.020866992286389312,
        0.014167458730568632,
        0.00897465810218929,
        0.025383794810545278,
        0.01614831616547445,
        0.011952693745149689,
        0.009407998268562822,
        0.019820988702182955,
        0.04731738257503145,
        0.020319675897722732,
        0.012156860394278773,
        0.010404534825873597,
        0.009609076136902742,
        0.013297023322998876,
        0.03145837079062595,
        0.011298582061442073,
        0.03434317572878019,
        0.02095678396573297,
        0.008838300837459049,
        0.031615956646076096,
        0.04304331253184197,
        0.0227427726298032,
        0.008809081878205172,
        0.025144881126807482,
        0.009353623139560934,
        0.01849585942936027,
        0.019953719489163073,
        0.005237111259435919,
        0.02659341403649557,
        0.0263970747775775,
        0.010836288275693945,
        0.04995219050515802,
        0.02070683201242624,
        0.02914391153790203,
        0.004858472779912592,
        0.006519126779828242,
        0.017056624023458512,
        0.02917877612693973,
        0.026167091677714676,
        0.03445007024831204,
        0.02080525319407001,
        0.019297357429428768,
        0.015376243808732846,
        0.024166550616039843,
        0.03413001924957108,
        0.028380834225501108,
        0.048070725316827906,
        0.021601723102828378,
        0.03403772158817826,
        0.0363516728297006,
        0.025228920189966458,
        0.03996217446576874,
        0.008456670844868567,
        0.03117787278016102,
        0.01627110760616384,
        0.04188005080731219,
        0.006404107567550057,
        0.026824595874523773,
        0.007222029120759794,
        0.0155981966980506,
        0.0162891385920484,
        0.019043754712988917,
        0.011930484375880398,
        0.02507059852400516,
        0.010719707496644085,
        0.021865376631084392,
        0.010323644189946931,
        0.012229680329007427,
        0.017824039351410265,
        0.029098949155660803,
        0.00741271300995202,
        0.04792320476058838,
        0.010187056760997223,
        0.04267541781743928,
        0.02936882331272113,
        0.013173670464099837,
        0.028039984923400277,
        0.02486961963291302,
        0.010023630257344235,
        0.011978117909187723,
        0.012414583679208708,
        0.012532739718910115,
        0.03082530609321242,
        0.004870729487579571,
        0.019707547222071194,
        0.009550675984895785,
        0.023780645118534796,
        0.004747763756840399,
        0.010842450952406527,
        0.01649404087440619,
        0.012250035846463794,
        0.029692618358236632,
        0.024654984519878652,
        0.015613882210058452,
        0.03989860716595964,
        0.03757118715946957,
        0.016081829606821436,
        0.009705247809573773,
        0.014291431128510399,
        0.0066292820924815105,
        0.010733410923043555,
        0.0173282416302992,
        0.03065452837430229,
        0.010111092424576893,
        0.042282399117384815,
        0.03749061889916634,
        0.019251757436299064,
        0.023302083394772855,
        0.05072365794471489,
        0.014061045177574668,
        0.02652103041383423,
        0.010521676483953647,
        0.022189158225660782,
        0.009176667541892723,
        0.02056933843558765,
        0.037161910336635115,
        0.02225649424186802,
        0.022213639358532884,
        0.035055178624250984,
        0.03243649600960849,
        0.04702528345653739,
        0.04268292703014078,
        0.03425801953498689,
        0.04779918374168448,
        0.023798128957696,
        0.028629630558780195,
        0.027075117980615054,
        0.03456689883837811,
        0.0349365403109341,
        0.014234434764054721,
        0.0342798572049775,
        0.04093922374846931,
        0.014075068919058189,
        0.014042200898735837,
        0.024476507100954573,
        0.010614725312169417,
        0.007048137501637508,
        0.01267725228500636,
        0.022956309371998107,
        0.01739752329724008,
        0.030212094868731474,
        0.025746655977442957,
        0.024042474300734955,
        0.01046458337770482,
        0.043883133236356335,
        0.033805902174926114,
        0.019822633271018356,
        0.020706780315140366,
        0.01937647521904256,
        0.03533859178251414,
        0.017433745204682143,
        0.032078487320335566,
        0.031012896227147507,
        0.025976416035435487,
        0.017651375576897665,
        0.028057496533014606,
        0.015962695301249413,
        0.01910583342588897,
        0.010400260855829279,
        0.0162348621221755,
        0.02055231078875067,
        0.007418125331344643,
        0.029344997054082517,
        0.024538456010196438,
        0.010170476499050854,
        0.0065274961769342926,
        0.014109361073196387,
        0.009877955891431372,
        0.03680649815021357,
        0.008446863000784004,
        0.00954234375788506,
        0.005402049382341234,
        0.03129433235536959,
        0.007031414162421545,
        0.024001966405539962,
        0.02041229121967355,
        0.006866614459396932,
        0.022525462278315943,
        0.007989259597721924,
        0.043552700058013566,
        0.03061294934968399,
        0.02610161664333231,
        0.007421114876957541,
        0.005680255416422278,
        0.006815106191960505,
        0.007832983357882038,
        0.018823320719099652,
        0.022181037258559737,
        0.040790259444701944,
        0.018051702885806122,
        0.007264554034500546,
        0.026711949744882918,
        0.005638864177342029,
        0.01992084613746567,
        0.007119640641285886,
        0.009744319856827726,
        0.030524429151678727,
        0.007528390971926023,
        0.006955507818677739,
        0.007886833689101822,
        0.010289739844285965,
        0.019735409111785236,
        0.019483448478168474,
        0.017038631949124593,
        0.018509452028313698,
        0.024320789061876746,
        0.0108936833380639,
        0.008541958119932887,
        0.024190082291592634,
        0.015551106920302399,
        0.012448080870927105,
        0.007275878318403656,
        0.021462507754204965,
        0.007098929725055374,
        0.0247972483271789,
        0.00923690909723566,
        0.006783080788796527,
        0.005042633812921087,
        0.008224064409035066,
        0.021980683349242514,
        0.02330665932893282,
        0.03387721822483502,
        0.014088443050410982,
        0.00817813908911984,
        0.02408459533417001,
        0.0060546784838573335,
        0.023894748725196643,
        0.016127287782949775,
        0.006735942757628668,
        0.022885664952046827,
        0.02383957154689639,
        0.042789362604207154,
        0.009346128328585434,
        0.043708556108421566,
        0.03662730658011851,
        0.0145599581563737,
        0.00847776365028715,
        0.03290734194590043,
        0.008778046523564035,
        0.026985228656294092,
        0.005621966049236478,
        0.03545825212931194,
        0.02719774288309928,
        0.010446344161229264,
        0.01158337118968444,
        0.03996141778877139,
        0.03563844973411673,
        0.01514045476286275,
        0.017834186733164253,
        0.020797725745940514,
        0.010723764779266532,
        0.03988627023645418,
        0.02610664860857149,
        0.03311254814220342,
        0.013330478573374986,
        0.020535814410347172,
        0.007446493233949732,
        0.025734885442488947,
        0.030679259112821145,
        0.03722908609001457,
        0.046037926231799614,
        0.00908303818511894,
        0.00523183636733806,
        0.04137015973598765,
        0.029410912520475185,
        0.008047009077392558,
        0.00883118530447694,
        0.007617460575326226,
        0.018939521976709263,
        0.02586430709991978,
        0.03811752386734871,
        0.00774842416899761,
        0.030341180752375154,
        0.020065176723530403,
        0.012438972745294354,
        0.00878789892746601,
        0.01771712654463779,
        0.031090120347756725,
        0.016066580088790253,
        0.006813866408854651,
        0.009675871707203132,
        0.008586400552396293,
        0.025716761914200015,
        0.03318309813407362,
        0.037602523580034505,
        0.018274202152036987,
        0.019618871871631062,
        0.035818546241386,
        0.023741581075409857,
        0.010403500757392091,
        0.005782183609028287,
        0.010554504354608963,
        0.01821010791154906,
        0.006070889450785547,
        0.021078914314291913,
        0.014035081120339736,
        0.006909540171631724,
        0.020493261351582547,
        0.009895308053675991,
        0.016414937753415786,
        0.0424389739107706,
        0.027734782192232545,
        0.04396898886040143,
        0.05452379550503014,
        0.035490207594687455,
        0.01478636044891385,
        0.01085194579640769,
        0.04043371782160577,
        0.024653784570503635,
        0.013835674994146273,
        0.00770058287582895,
        0.02438013857083264,
        0.012769235208787914,
        0.0047427841346085456,
        0.009191668233445425,
        0.011602552829506996,
        0.011603632734534545,
        0.02114988606316205,
        0.019853717602643883,
        0.00861148297506116,
        0.013958325793630644,
        0.022344139328384992,
        0.034015652569939256,
        0.034896289319339274,
        0.006952189302578088,
        0.00931514116655811,
        0.03551834789811354,
        0.032539101247087115,
        0.011561436424388134,
        0.02865897014500109,
        0.008486027458805535,
        0.03291567619432038,
        0.018082508377787028,
        0.030572858420952483,
        0.029241907969301623,
        0.008690915049286397,
        0.025784357777464028,
        0.0067722966058192885,
        0.024652111714023758,
        0.008785239965852945,
        0.04501033683140944,
        0.020940720696149207,
        0.008098617370816323,
        0.049028821084889165,
        0.00808598845883199,
        0.02877465792331766,
        0.010915477116294349,
        0.011623167674002394,
        0.02958623101013204,
        0.01855002671437579,
        0.014578096443589459,
        0.007204139443745945,
        0.02379949122577815,
        0.018014858343417477,
        0.007021688438768495,
        0.037521760014905065,
        0.014860263163122195,
        0.04723716808096869,
        0.022862362070938325,
        0.008887544764870513,
        0.007370730605537733,
        0.00894247504459113,
        0.047079549420705614,
        0.028530183970532415,
        0.01953125818733787,
        0.007289979619317494,
        0.014878007597913452,
        0.010790838674812665,
        0.009812739314137616,
        0.03223507069349022,
        0.00827880439273664,
        0.01115990088992177,
        0.010618626563574296,
        0.01675640973981106,
        0.01210819944422948,
        0.027645721353111156,
        0.036539061413774776,
        0.012237468860017347,
        0.02057947166145767,
        0.024378373620693863,
        0.03781130514263667,
        0.0055389837972138695,
        0.014478475431740903,
        0.022614782999790473,
        0.011510791845477363,
        0.01155032247290377,
        0.009682536170231947,
        0.041592219146969416,
        0.030932129577954662,
        0.04320315687234257,
        0.009644503636754172,
        0.012093634017460015,
        0.02304827315926444,
        0.008466134447449909,
        0.022158006792368845,
        0.020494305166532566,
        0.008716946305265661,
        0.005771789117077513,
        0.010427952654749809,
        0.0313984776559673,
        0.0104674138581873,
        0.005147854926787919,
        0.011164894626526556,
        0.01660069153472012,
        0.0079676484362983,
        0.015942826463656922,
        0.008943116107041888,
        0.03985367840052205,
        0.007150179267864449,
        0.009071946565670265,
        0.006791819221756712,
        0.009600313400585923,
        0.02943852633537599,
        0.012349220068223251,
        0.024738905855049273,
        0.03115702790002583,
        0.05394044709104566,
        0.02570700841627828,
        0.010203804209462052,
        0.01928355868191936,
        0.035891997687091885,
        0.03431641262118752,
        0.015278244145772222,
        0.028394814213126045,
        0.007820146899787736,
        0.032721277893941615,
        0.020821884516163718,
        0.03933647307359424,
        0.022936254278931624,
        0.009709308107789371,
        0.015879609097923218,
        0.021358988612730546,
        0.008013845350408628,
        0.01305781971204944,
        0.04288043444430567,
        0.026388071583827596,
        0.04556106284388456,
        0.018189303325346785,
        0.019616670754705277,
        0.021141357781788585,
        0.01671440436306305,
        0.03684939686177053,
        0.02641891284463849,
        0.005903631020707303,
        0.030097777536803438,
        0.02855015475620235,
        0.005757860382981744,
        0.008541927179092442,
        0.011232208346228257,
        0.030116942179326027,
        0.017103793033583573,
        0.017616843293478335,
        0.027385424400524584,
        0.02414889396406933,
        0.02882702272189572,
        0.01446388604818339,
        0.02719856346113452,
        0.007182591427329143,
        0.0050919305723391385,
        0.016176290017574445,
        0.01034223397411395,
        0.03813927637403677,
        0.03639469979411488,
        0.00715244969529119
      ],
      "scope": "independent training-only field decomposition of saved codes; no extra fit or training"
    },
    {
      "model": "r128_joint",
      "training_cases": 512,
      "rank": 128,
      "worst_bank_projection_error": 0.020001583237706774,
      "worst_checkpoint_reconstruction_error": 0.04994142516208569,
      "worst_field_error_inside_bank": 0.04629344588967894,
      "per_snapshot_bank_error": [
        0.008592642265568507,
        0.00875248557575078,
        0.005066622279342956,
        0.014007056796425917,
        0.014495235329487217,
        0.003967267778477527,
        0.005511781836541813,
        0.0127347881007176,
        0.0026212336359833174,
        0.004096915291120422,
        0.004864601776227759,
        0.010120470822006691,
        0.003815299825875838,
        0.00399461022592752,
        0.014573747567938495,
        0.0016505608431570751,
        0.008572128765557954,
        0.0018626282851830693,
        0.00577843454854085,
        0.0021338303937870396,
        0.006550125196861735,
        0.001845933258232671,
        0.0031089306597450786,
        0.007734357945439052,
        0.008219312862476869,
        0.011603370096661859,
        0.008608777102247432,
        0.009598369540832118,
        0.002770709681396791,
        0.016220775115362147,
        0.009884115659491943,
        0.008709924436043147,
        0.01030564814983938,
        0.018330528200455373,
        0.0017288876043562006,
        0.009602412934724762,
        0.005568499012894271,
        0.00285127791443614,
        0.016283086108297845,
        0.003381887571377615,
        0.010301400219549018,
        0.00493541501782793,
        0.0025298950360182313,
        0.007543429252649897,
        0.001954063866050675,
        0.015326270225013055,
        0.0074119429274851255,
        0.01442199283087256,
        0.005884529450173775,
        0.005831878152863472,
        0.003195650410359074,
        0.010321042940653204,
        0.004668362469105925,
        0.004979332085419736,
        0.0038242092830018067,
        0.007149560962881125,
        0.017368520177961016,
        0.007986257902798976,
        0.004008051157246196,
        0.004010062975510181,
        0.002854144380534247,
        0.00430703536667128,
        0.01625666173561733,
        0.003714626824697766,
        0.011201528953214353,
        0.006491901005897959,
        0.00265148503999843,
        0.012171470126658212,
        0.012376015258449571,
        0.005792538566503955,
        0.0033223989284027053,
        0.007745757716502383,
        0.0029754092888537305,
        0.00579997448111963,
        0.006260075039546421,
        0.0019494467153686043,
        0.008143618402050658,
        0.011476209033545315,
        0.0042653348656133145,
        0.015143024627199419,
        0.0059347667933406685,
        0.009817371991419238,
        0.00142973493676837,
        0.0022185820897051138,
        0.008513731297001711,
        0.009916268228169019,
        0.010033688645520433,
        0.017023591909876273,
        0.00857477349278516,
        0.005726814498223841,
        0.0047358471353443525,
        0.007266555756679549,
        0.014119582903141182,
        0.005630005793543011,
        0.018182323325554396,
        0.006298712659409887,
        0.01682962982432381,
        0.019294299284733436,
        0.009038442667638754,
        0.01814097935651139,
        0.00222953591806523,
        0.015077642489520596,
        0.0041867820974025895,
        0.01302528882480161,
        0.002064941876358606,
        0.009985789111812303,
        0.0021021653086563084,
        0.0045681407475375016,
        0.006356972369632665,
        0.00678540933238639,
        0.004148870838750704,
        0.008206678751932438,
        0.00397684853587989,
        0.005895638281035425,
        0.003068086342772415,
        0.0037134723015985645,
        0.0056283790489762035,
        0.017928401630148076,
        0.0028421649869419716,
        0.018560270450150313,
        0.0024111651991611293,
        0.016946801817200704,
        0.009764420531711745,
        0.003225415318487324,
        0.013435638009019556,
        0.009127838932917333,
        0.0026228038050031452,
        0.004912413937005296,
        0.002983482458553341,
        0.0035123857694286547,
        0.0076799121539134416,
        0.0017094153043672783,
        0.005838928116771083,
        0.003331877211989295,
        0.01167742319647713,
        0.0015056840315556504,
        0.0030663654726977856,
        0.006197689360631066,
        0.00771741955202046,
        0.01637911850856173,
        0.013388904300851682,
        0.007062287472484698,
        0.01680320437690073,
        0.015596299196603462,
        0.00518302909033571,
        0.0034496003441654424,
        0.005355193840665709,
        0.0022384484012133985,
        0.0031018907338659267,
        0.0049709054715577706,
        0.010400939365603826,
        0.003152114077048296,
        0.01233720839687061,
        0.016030335952360163,
        0.007085356860451728,
        0.010432492139328843,
        0.017297295378947173,
        0.005572157054430471,
        0.011223286257063883,
        0.0035389233682884616,
        0.01090130240675764,
        0.0027571895209624908,
        0.006644616232640835,
        0.012562900248849974,
        0.006466605144429504,
        0.008105316920361138,
        0.012544385622658867,
        0.014845256332728382,
        0.0168807802010216,
        0.012037170966950478,
        0.0132693327507538,
        0.016135577930538207,
        0.012982847266327601,
        0.008095508437391609,
        0.01107186752796948,
        0.01726953582314976,
        0.010575330290049487,
        0.005496333578421214,
        0.013378264981086681,
        0.01653375305477557,
        0.004530275737899395,
        0.004156459604879852,
        0.00907779475757642,
        0.0038997795880443458,
        0.001607456911308454,
        0.005756696270773067,
        0.008125460615082482,
        0.003966268946455997,
        0.012056252871610612,
        0.012740446663029977,
        0.00988546839095081,
        0.0037449168747805796,
        0.01717802819700347,
        0.012137237696664345,
        0.00726883658461076,
        0.005659833415365585,
        0.00822603574789491,
        0.014160785519425666,
        0.00794294432776255,
        0.01540675268025829,
        0.013470517041830953,
        0.012585519772716927,
        0.006213430330257136,
        0.01002432394351154,
        0.004388542497038604,
        0.007742617573114527,
        0.0062476058950641225,
        0.00826059621368919,
        0.005980004228299333,
        0.002056296439531001,
        0.014355601117577714,
        0.010777186846844358,
        0.0035828159822290143,
        0.0018505096250891419,
        0.01104288668293758,
        0.0034774312576331076,
        0.019200624041369435,
        0.0025487549083264213,
        0.00335882849574684,
        0.0015600271461007338,
        0.015231645871131516,
        0.002143780321606921,
        0.008226927930602299,
        0.009236788903377846,
        0.0029569816250662982,
        0.010081981646214357,
        0.0016744156012302328,
        0.017800206715846312,
        0.008395424700452427,
        0.008601347947429984,
        0.002452472419622698,
        0.0016983007881510002,
        0.0018993922908943075,
        0.0018434924421117489,
        0.008612036706080644,
        0.006523438238115371,
        0.010106041999792297,
        0.007230230561776479,
        0.001723986757641451,
        0.009156684541607998,
        0.0017144009334719506,
        0.007348687520257754,
        0.0023028842849267795,
        0.005174276883971863,
        0.010876146883793276,
        0.002405560498480781,
        0.001674379934355119,
        0.0029211140869262117,
        0.0035866511657541293,
        0.006675041446352627,
        0.008862016671440926,
        0.005701749387229988,
        0.009346014543020895,
        0.00862533687586049,
        0.003040749571085606,
        0.0033331230689798786,
        0.01189966405378191,
        0.006220062445193268,
        0.004124118833137089,
        0.0018245153118299343,
        0.007042900024461673,
        0.0018685426730714176,
        0.010425117114982176,
        0.0031461066753438786,
        0.002182386996775668,
        0.0016257277461203044,
        0.0027539788083177407,
        0.009001465751214145,
        0.009036067055602497,
        0.01499355110884195,
        0.006228745663802153,
        0.002495181321170975,
        0.011372330050772868,
        0.0022900599087669793,
        0.008426826816963627,
        0.00638676429458212,
        0.0019272728019132958,
        0.009845703080028172,
        0.008186735563353288,
        0.018388191267880404,
        0.0028273474624108956,
        0.013983453109040133,
        0.011011806219379578,
        0.003575667253564813,
        0.002104759052123094,
        0.014538839683153157,
        0.0035459537878003884,
        0.008273040347130932,
        0.003197090856572111,
        0.020001583237706774,
        0.013939671171063145,
        0.0034803969514692144,
        0.0034768428115997713,
        0.013197066248407911,
        0.015799783380871554,
        0.005631331319408929,
        0.008810820073308042,
        0.01112263612838087,
        0.003117630729206706,
        0.014216699816567842,
        0.008684608351526703,
        0.015086843191634981,
        0.004646373275832792,
        0.006662698026404353,
        0.0022782615799000813,
        0.007882031863495054,
        0.011342148275300992,
        0.014012477044900452,
        0.01798144324249751,
        0.003604168647582348,
        0.0016879401586694148,
        0.015662962450651522,
        0.013052704371642992,
        0.0025303159649824646,
        0.0028298101746082726,
        0.003389327956554575,
        0.00737576442650853,
        0.01022244803925395,
        0.011761917670946961,
        0.002523170961912033,
        0.012995551998393827,
        0.008261858229807212,
        0.004868404682785354,
        0.0026176219144395923,
        0.0071247051928086435,
        0.014426406081104353,
        0.004633274329460483,
        0.0022460791287668733,
        0.003642494503119825,
        0.003183372831064898,
        0.012171409565096939,
        0.01264141934254585,
        0.011261743126042136,
        0.007620290380912303,
        0.010568088724062664,
        0.01745711364717932,
        0.0075617121545314345,
        0.0028679666177703223,
        0.002266007812003232,
        0.0037921193263523523,
        0.00871579401692145,
        0.0015049058020123037,
        0.005538539344489013,
        0.007353077106589531,
        0.0027881375906234082,
        0.009805807283565015,
        0.0031869037656247264,
        0.003932391391179817,
        0.014775082246286774,
        0.0073717930516791295,
        0.013879983729356938,
        0.018736670325315914,
        0.016996274922757015,
        0.006284373279709304,
        0.002566249372917622,
        0.01784132387735118,
        0.008447678165392925,
        0.0063259708627498796,
        0.0018775969036032474,
        0.007756996985534001,
        0.004375299706879247,
        0.0015754449895788458,
        0.002895270072608962,
        0.004173219364848044,
        0.005790117342946672,
        0.008592351127014328,
        0.009122464467849586,
        0.003199893298310351,
        0.006273913241479687,
        0.007684542396950755,
        0.012021879947328711,
        0.014218258455774204,
        0.0018628856903381745,
        0.0030412865221883774,
        0.015344146642884008,
        0.017788355155526816,
        0.006530064865809686,
        0.013377125416659762,
        0.002599341151054109,
        0.013349269101615963,
        0.008081097258242144,
        0.011693472395389827,
        0.012976225098617155,
        0.0024796313641882958,
        0.009765961539111398,
        0.0021937881174028126,
        0.010136235289093113,
        0.0017367894520719598,
        0.01270988239610306,
        0.006168544660112414,
        0.0019730572307652045,
        0.015865906284026232,
        0.0023465735145345086,
        0.014802616143758676,
        0.004293495687431281,
        0.0019389247958055847,
        0.01255686950962531,
        0.008135045281072017,
        0.0051519648093653414,
        0.0032110554973138485,
        0.010909503696410352,
        0.011251914910011864,
        0.0025439257211825714,
        0.01622062909666906,
        0.007552402443475302,
        0.014109402218619324,
        0.00911193451342071,
        0.002720492345554618,
        0.002430082347887403,
        0.00324705927212774,
        0.016872829176134772,
        0.011144222664223937,
        0.01153274590605941,
        0.001933505130669169,
        0.0073953323859794915,
        0.0034027686252338786,
        0.002050456007569894,
        0.012202586702866199,
        0.0017197328415936848,
        0.005155455758366526,
        0.0038754748331622534,
        0.00641432740577814,
        0.0038648737129591123,
        0.011343111451628569,
        0.015687457871585597,
        0.0036983026730637017,
        0.008261931037542435,
        0.009942895413834947,
        0.012808172754879383,
        0.0021420061750388603,
        0.0058045411217302004,
        0.008335661127674044,
        0.005070620469486001,
        0.003890374893398784,
        0.0040631560276351295,
        0.015693527626213257,
        0.010762493864422597,
        0.013294392139904295,
        0.004141328723080426,
        0.0049364258107093256,
        0.006897284343395845,
        0.003591927860052987,
        0.0100733322940666,
        0.006092712515900473,
        0.0029602930079181138,
        0.0021141743511273294,
        0.004175299361043518,
        0.012599148470897732,
        0.0038440785561520982,
        0.0017104168784114763,
        0.0034280037858342976,
        0.004315967063439785,
        0.002522293830202262,
        0.005294794920228119,
        0.002932443365539903,
        0.015003334212615689,
        0.003427467175690251,
        0.001666101543381625,
        0.001850726512979906,
        0.0026970281838059103,
        0.00847955529604543,
        0.0053060979875927325,
        0.0087237439952397,
        0.012716145858550774,
        0.017680440233972312,
        0.007431737920868951,
        0.003912075425718741,
        0.005082843732293799,
        0.012716110951958966,
        0.012828833514250503,
        0.0059317050382771816,
        0.010624948764212593,
        0.0035748113782312235,
        0.010991064731287952,
        0.007578969198192366,
        0.013900012886566952,
        0.007279476904736511,
        0.0031428112746825928,
        0.005292877574143636,
        0.008524622673305744,
        0.0028799745686347534,
        0.006739956988454979,
        0.014816272429227529,
        0.013580117963092015,
        0.017458841049852594,
        0.005356282274234611,
        0.007053789666895209,
        0.007263670718887094,
        0.0069407133484831445,
        0.010854341943135552,
        0.00846790927243477,
        0.002027437357473536,
        0.012642792672970138,
        0.010604275284534956,
        0.002300079472305695,
        0.003488884986238818,
        0.0035483887379616354,
        0.010636916119765936,
        0.00561857182046062,
        0.005699573711886687,
        0.010578976294038062,
        0.005622975821427903,
        0.011339088177249127,
        0.005877052443377526,
        0.010742442002763851,
        0.0022665803165144403,
        0.001739724409144059,
        0.006377241046935356,
        0.0034372882030179216,
        0.014472204554620604,
        0.01573764729909945,
        0.0020782906213262413
      ],
      "per_snapshot_checkpoint_error": [
        0.020875553507943893,
        0.021096739891407344,
        0.01262599184619306,
        0.026265200324749126,
        0.03543011818573821,
        0.013969048158419864,
        0.012857200300348957,
        0.03127057830223153,
        0.007334187625533717,
        0.011547246315867128,
        0.014508619382862025,
        0.022485627522581892,
        0.008916365776411118,
        0.01198020351993449,
        0.036931722728676876,
        0.006137382181503907,
        0.020768357984055855,
        0.007810880487172538,
        0.016573871358581908,
        0.006402211381143379,
        0.015002552595560758,
        0.007879260701394365,
        0.006440696430588005,
        0.024316339515574516,
        0.021557669033185782,
        0.024263085914511068,
        0.022687000179886424,
        0.01889469778266306,
        0.009079750264296544,
        0.03769787856940828,
        0.0256153505398937,
        0.018931851865290845,
        0.01800050687607018,
        0.03915241218085003,
        0.007711707361585179,
        0.02211074327674581,
        0.013117081328914114,
        0.010494256578364988,
        0.03147505738982311,
        0.009545762515550575,
        0.028842001604406132,
        0.01272538438322139,
        0.006148774497905621,
        0.016323774267037936,
        0.007592112359150713,
        0.0325822650909969,
        0.018790400080065828,
        0.03659230867986797,
        0.019112320851994505,
        0.013026373594410032,
        0.009483530717551118,
        0.025175473369596666,
        0.01757523992488707,
        0.012728368903742623,
        0.009256089727315809,
        0.01841961628994361,
        0.04497813040207826,
        0.01696436392082206,
        0.011170137642117007,
        0.009548272924885129,
        0.009970891169916705,
        0.012305602341660928,
        0.03091421138442692,
        0.011304715282405915,
        0.031554262998196296,
        0.021649018967278243,
        0.008922057150236588,
        0.026911479350858396,
        0.03712163065525484,
        0.01578153817518582,
        0.009593370432680135,
        0.021290497900955784,
        0.008779312514187756,
        0.01583220616832899,
        0.01991073525727358,
        0.00535976813995324,
        0.025073510604726415,
        0.027427576886004397,
        0.010593831170347708,
        0.04330772933259537,
        0.014853149617074356,
        0.027094825390733296,
        0.005304074217058886,
        0.006855795183141673,
        0.018041639218601174,
        0.024925044474097203,
        0.022878052802913006,
        0.03140252130327849,
        0.022322856670438488,
        0.016686152022693277,
        0.013341387397262467,
        0.02195521595446109,
        0.03415853167605276,
        0.023166002889221868,
        0.038704165911468975,
        0.020006740884498588,
        0.02787916607508387,
        0.037179401996255426,
        0.023067706641687138,
        0.03779397875309414,
        0.008468321074172865,
        0.03149401492810128,
        0.012217698550624649,
        0.033583970760853135,
        0.006613861463518302,
        0.025789865587970837,
        0.007694589646597746,
        0.014106974120175012,
        0.018448107544995,
        0.015622649864759678,
        0.012501122864531465,
        0.02564466732762953,
        0.010856554338311288,
        0.022599287325274456,
        0.009828030086465198,
        0.011751881779804702,
        0.016939379206248335,
        0.0290999651858296,
        0.00756609038684972,
        0.04186016700778817,
        0.010869208362495438,
        0.0385355141862112,
        0.02865493191847265,
        0.010429606602398146,
        0.025789614833531867,
        0.02423170647595457,
        0.009695985354399996,
        0.01112931396054434,
        0.013032171941593498,
        0.01064264119836031,
        0.023635891551398766,
        0.005251384056977797,
        0.01577013254137731,
        0.008306210197693358,
        0.023419173908714817,
        0.0049860156966642704,
        0.011944082317182058,
        0.01571767406318885,
        0.01378672990360067,
        0.030163210866313704,
        0.024932865308470366,
        0.016871736850672586,
        0.0359826445244015,
        0.035652122283329084,
        0.014846217777930985,
        0.009140203611685006,
        0.014218936504057181,
        0.007411995207202218,
        0.010173078786612957,
        0.014444170012647138,
        0.032113186022378434,
        0.009808991103349539,
        0.038102063429982416,
        0.03770320446749338,
        0.018393448251684257,
        0.021174686917892347,
        0.04700736046499934,
        0.013613976920548996,
        0.020896129631068,
        0.010311142679116824,
        0.020555658368152183,
        0.008781385244492585,
        0.019918897883738518,
        0.037789127394844996,
        0.019634002051295847,
        0.021070552870348716,
        0.030948314223414916,
        0.03251274154157596,
        0.037864309930912096,
        0.0314274163754008,
        0.030613909320052504,
        0.038187350890387266,
        0.024193756567527567,
        0.026937266589858698,
        0.025198367832949015,
        0.03324783927967571,
        0.027748639152667256,
        0.014483679547157898,
        0.03313224360405693,
        0.03915415886745242,
        0.013550982104026334,
        0.01297654403481341,
        0.02315109004399515,
        0.011183694233869371,
        0.007088937980499415,
        0.01277950237136661,
        0.018857282439160128,
        0.01646209922099476,
        0.030802512870957675,
        0.022856301233182965,
        0.023838788393681323,
        0.011482275284297312,
        0.04092613553933746,
        0.029619290638102893,
        0.01747509952556935,
        0.016804918087904974,
        0.019649730645114525,
        0.032345005947636285,
        0.016899138931155997,
        0.030206361069389672,
        0.029120292084663553,
        0.02494458023525671,
        0.015939727908392647,
        0.027207292193715305,
        0.01499012524411803,
        0.019261703364707398,
        0.010469856356720321,
        0.01614003635682042,
        0.018006249588258433,
        0.00755455676618162,
        0.03004684066690436,
        0.023585668837549943,
        0.009906736371484565,
        0.007150404027336323,
        0.017133838191002365,
        0.010163652831620958,
        0.035644439612426394,
        0.008494334983257456,
        0.010694682222278401,
        0.006142825276642614,
        0.030024941191467966,
        0.00777030013303249,
        0.02206489052947261,
        0.01939797673741086,
        0.008325231335943628,
        0.02313899463856504,
        0.007891364081686869,
        0.04038133381134421,
        0.023057681018918766,
        0.023203161831377658,
        0.0075825116512511104,
        0.005790175066857016,
        0.006913747673335319,
        0.007883440672669124,
        0.018355547133562362,
        0.02043298173516642,
        0.03311645255783959,
        0.018247528278760857,
        0.00765216964997983,
        0.025825392631080787,
        0.00614060355442157,
        0.0189939876151144,
        0.0071198680500241225,
        0.011440132291418211,
        0.024217042727173635,
        0.006825961915112278,
        0.006770790325304161,
        0.008613083751445393,
        0.010299248121748662,
        0.017410395947288004,
        0.019467943264332734,
        0.014944246750349326,
        0.020622599914400946,
        0.021568854819083837,
        0.010509239178345705,
        0.009089114585186759,
        0.024038556085165787,
        0.013596292005027039,
        0.009575499850982617,
        0.007336537085128685,
        0.021519319626716677,
        0.006923480369744331,
        0.02198927754209966,
        0.009286494485080255,
        0.0072368373179234015,
        0.005196585503535359,
        0.007627913681980973,
        0.02216692069330687,
        0.021474010396289607,
        0.03253213853834507,
        0.015847460951912744,
        0.007996390049290359,
        0.026690266537400417,
        0.006865443721532622,
        0.023666107086252754,
        0.015986251945856136,
        0.007489611696287368,
        0.022550939083109237,
        0.021328572727582006,
        0.03462451497673456,
        0.009044720791420626,
        0.03842181254903341,
        0.021843348032527604,
        0.013777602090778307,
        0.009902321831583051,
        0.030199381217706982,
        0.008977406594454507,
        0.022201303365600885,
        0.006692363973355808,
        0.035840774704172816,
        0.02816677569181723,
        0.009873410247128385,
        0.009187797073281278,
        0.03685353166397502,
        0.03340799226780965,
        0.015412129192510405,
        0.018851417615137568,
        0.021969831512577958,
        0.01071700384198797,
        0.03325258106519282,
        0.024710059851264635,
        0.032310430880226504,
        0.013142684968457071,
        0.018576976181987826,
        0.007834496761675903,
        0.021641008182547255,
        0.02831584114454426,
        0.033651500576129256,
        0.03762969449050111,
        0.009189062313213411,
        0.006632654389183477,
        0.03690827824215713,
        0.02885419195712063,
        0.008111077378985677,
        0.007731065380985429,
        0.009696817050219943,
        0.017452122868959846,
        0.02476422408019651,
        0.03662544907676743,
        0.009149337175039518,
        0.030323272382117804,
        0.01973861018870333,
        0.013040642449306538,
        0.00946276301590235,
        0.019066790148362763,
        0.029682513297170247,
        0.012946320035802107,
        0.006624502272312308,
        0.009764542883782515,
        0.008518373613711907,
        0.02555087650365693,
        0.031773578329506044,
        0.035885718291585544,
        0.01820911130846462,
        0.019387473123959532,
        0.03213864327847212,
        0.026363306724354035,
        0.009955540626235975,
        0.006048252702128784,
        0.01002759057565913,
        0.014866100343833474,
        0.0069348636227792295,
        0.018432720130959264,
        0.014769682965941755,
        0.0074048477937655195,
        0.019128826525985042,
        0.009823903248787264,
        0.012446164377050126,
        0.0374405370275337,
        0.02451360573559802,
        0.036458704136240146,
        0.04994142516208569,
        0.03461199316172778,
        0.014952925321733682,
        0.01199176211193129,
        0.039656861904107436,
        0.021885707740594156,
        0.015740647895475083,
        0.007768894908601417,
        0.02320254255363405,
        0.011023032022092616,
        0.004885260108723127,
        0.009111643484424135,
        0.010821913670131968,
        0.01304477395218202,
        0.022856669636890682,
        0.02023000521178073,
        0.008655967570837603,
        0.015431222840032377,
        0.020894850003407482,
        0.026383374061789568,
        0.03231736270606061,
        0.007982768390440782,
        0.008680140893996312,
        0.033580384753509274,
        0.034739145076644905,
        0.013571398414629962,
        0.029170608666385173,
        0.008417618817079572,
        0.0285462505057602,
        0.01957844360899821,
        0.027233867625348296,
        0.02926303344797917,
        0.008823253192024889,
        0.02357886045875875,
        0.007017697901935679,
        0.0221948516440904,
        0.008046618060121526,
        0.04095873327817019,
        0.017738375597956713,
        0.00922125736637294,
        0.04274632808915052,
        0.008778967179103066,
        0.027033161064532102,
        0.009876101731200102,
        0.011291874193832895,
        0.02959390609816268,
        0.01890031999429227,
        0.013050008104400017,
        0.007020629096371524,
        0.023135403376161406,
        0.01927250855886544,
        0.007501929050749719,
        0.030212788953319705,
        0.014416978117613147,
        0.0394137713537522,
        0.020522648313817855,
        0.010656163733572735,
        0.007496978918108489,
        0.008488305440916317,
        0.0376080458010068,
        0.026535912680635064,
        0.020895636032923694,
        0.007834062465969176,
        0.014562460264663138,
        0.011193866302134016,
        0.009773909729998599,
        0.029342573924526102,
        0.009485961036320708,
        0.011318577751121897,
        0.010117761033291693,
        0.015423861065938559,
        0.010048934969011858,
        0.02731559905689218,
        0.03400427821479302,
        0.01030838813405684,
        0.01804137699794824,
        0.022098725268774218,
        0.028868256010243752,
        0.006141265247858413,
        0.01477117018926421,
        0.021482359392840548,
        0.010739233062419636,
        0.010616162223645172,
        0.009038819722337199,
        0.038042854898796594,
        0.02608752786372589,
        0.041041808397361344,
        0.010085061865314382,
        0.013021592096963436,
        0.0188426268017294,
        0.009396262451228182,
        0.02143462736904539,
        0.018297705893987642,
        0.008337893359421278,
        0.006456757906971535,
        0.009802931605535893,
        0.027494320721367024,
        0.010151800928327494,
        0.005716567667939486,
        0.010389712298635476,
        0.01555948164487755,
        0.008292953544863018,
        0.016317171337477166,
        0.008296428509540928,
        0.035489317950968075,
        0.0076662641639619715,
        0.008337452934807903,
        0.007647558169276935,
        0.010422992832905698,
        0.02522311401573569,
        0.01370786808669749,
        0.02339005397862002,
        0.029769690763135643,
        0.04606690909647177,
        0.02596721198171037,
        0.010881906799168926,
        0.01762693410757928,
        0.0345482920060325,
        0.028618162747572052,
        0.014191988572135411,
        0.026844541303764215,
        0.007501735666155709,
        0.030422732131803777,
        0.01914902598439562,
        0.03729858973530593,
        0.01890783275323693,
        0.010245667991529565,
        0.0152275904112536,
        0.020167957449086237,
        0.008078149823777995,
        0.013579807805588175,
        0.038517732142548125,
        0.025092724024432113,
        0.04255192903526304,
        0.017994850126345743,
        0.019185209816228593,
        0.019648252251096315,
        0.01592109775873813,
        0.029707497241314187,
        0.021865891231777207,
        0.006006539193641693,
        0.03023799739822722,
        0.027335477567115508,
        0.006247265556124533,
        0.008728727396555516,
        0.009047283451483602,
        0.030825095743347804,
        0.014159843986207286,
        0.01625463144329325,
        0.02531774184780614,
        0.019715062672097546,
        0.02510307761740236,
        0.01382724087658855,
        0.02308582156016438,
        0.006720848589276187,
        0.0055203123298552086,
        0.016769851748439767,
        0.010051099065411831,
        0.035736653311458096,
        0.03366153735436433,
        0.007452228448005917
      ],
      "per_snapshot_inside_bank_error": [
        0.01902512110760387,
        0.019195479423342685,
        0.011564817714888515,
        0.02221853073452203,
        0.03232926580357437,
        0.013393845333813116,
        0.011615845236127291,
        0.02856001119372706,
        0.006849776810387443,
        0.010796026240089018,
        0.013668785094348414,
        0.020079330552217212,
        0.008058850159757732,
        0.011294616661134012,
        0.0339346139735503,
        0.005911269655909656,
        0.018916746596087566,
        0.007585543477967065,
        0.015533927577372415,
        0.006036147647249234,
        0.013497127260569335,
        0.0076599790865698935,
        0.005640666686118415,
        0.02305350460577555,
        0.019929274703638852,
        0.021308663507945278,
        0.020990210431674736,
        0.016275162255897747,
        0.008646677554032372,
        0.03402964153926251,
        0.02363155604084121,
        0.016809290031638304,
        0.014758450596426512,
        0.03459628759666973,
        0.007515409375558362,
        0.019916792765934745,
        0.011876432180277998,
        0.010099486887322817,
        0.02693585611192665,
        0.008926612933125983,
        0.026939603004967266,
        0.011729325909980222,
        0.005604200115344279,
        0.014476266142603061,
        0.0073363345399023415,
        0.028752555355131017,
        0.017266795800282144,
        0.033630390680290966,
        0.018183869816395557,
        0.011647987218025983,
        0.008928895414635984,
        0.022962589836524615,
        0.016943891237681728,
        0.011713992783541901,
        0.008429153006080981,
        0.01697545411194653,
        0.04148935672306956,
        0.014966941168724828,
        0.010426288930618446,
        0.008665385783710776,
        0.009553665818804197,
        0.011527241445434102,
        0.026294665138288913,
        0.010676990922984698,
        0.029499106130010794,
        0.020652729688232358,
        0.008518963016397731,
        0.024001729850315883,
        0.03499785291739736,
        0.014680035562981843,
        0.008999690084617915,
        0.01983150368146214,
        0.008259737755254501,
        0.014731566385650768,
        0.01890102745843424,
        0.004992671831594419,
        0.02371418169296824,
        0.024911214343264272,
        0.009697225239727813,
        0.04057398458477271,
        0.013615968443553953,
        0.02525368824818313,
        0.0051077452276569926,
        0.0064868961071091824,
        0.015906512034277707,
        0.022867563631981638,
        0.02056040836699578,
        0.026387793820038356,
        0.020610269029694133,
        0.015672627891561906,
        0.012472544631889857,
        0.02071783470930517,
        0.031103740368406227,
        0.022471464674740455,
        0.03416746372482918,
        0.018989362802728716,
        0.02222636859719414,
        0.03178109418994722,
        0.02122323358611369,
        0.03315553796842933,
        0.008169555153454642,
        0.027650274379283638,
        0.011477935944358848,
        0.030955208658581784,
        0.006283245857506537,
        0.023778166095391236,
        0.007401865362502289,
        0.013346865135228387,
        0.017318243972280455,
        0.014072150119609984,
        0.011792580024637333,
        0.02429607758893131,
        0.010101952673784194,
        0.021816719204992768,
        0.009336863583332387,
        0.011149746581504263,
        0.015976980852905977,
        0.022921177735984653,
        0.007011977034259374,
        0.03752052695175261,
        0.01059839482231602,
        0.03460912830113188,
        0.026939955733671663,
        0.009918336045126435,
        0.022013356503552926,
        0.02244678496247374,
        0.009334507603146523,
        0.00998648179009421,
        0.012686068655606486,
        0.010046340521988655,
        0.02235339613431606,
        0.004965373483543359,
        0.01464936854679367,
        0.00760866099208603,
        0.020300135321150117,
        0.004753237646541651,
        0.011543764775300475,
        0.014444165761502462,
        0.011424331791966183,
        0.025328714271517925,
        0.02103295067537982,
        0.015322519375557305,
        0.031818281374668016,
        0.03205977658492767,
        0.01391209516063227,
        0.008464253040203446,
        0.013171941931063389,
        0.007065905582916731,
        0.009688643138943206,
        0.013561863667914224,
        0.03038218518837831,
        0.00928872883180817,
        0.03604941783988458,
        0.03412564953773162,
        0.016973999432880756,
        0.01842635270023895,
        0.0437092153951525,
        0.01242141028039898,
        0.017626289432276978,
        0.009684817228140463,
        0.01742689578739154,
        0.008337303686305707,
        0.018777954308809273,
        0.03563974868880629,
        0.018538528918345367,
        0.019449216844970082,
        0.028291987251185723,
        0.028925710483321012,
        0.03389314423816365,
        0.029030828702350454,
        0.027588697907044657,
        0.034610936030004875,
        0.020415276968681888,
        0.025692004096084815,
        0.022635624375918914,
        0.028410947700140066,
        0.025654421920622186,
        0.013400272027816431,
        0.03031117932932338,
        0.03549201553224897,
        0.012771284889244389,
        0.012292865355174664,
        0.021297103384368715,
        0.010481733438766495,
        0.006904283016335137,
        0.011409475400115129,
        0.017016873707676166,
        0.01597715310705431,
        0.028345044820237877,
        0.018976077700317562,
        0.021692518221041738,
        0.010854411237159231,
        0.03714651958726651,
        0.027018324133800002,
        0.015891605272431678,
        0.015823133623006122,
        0.017845006312688934,
        0.029080432651964635,
        0.014916116519408697,
        0.02598184406280074,
        0.025817369767694397,
        0.02153687013388229,
        0.014678835421266639,
        0.025293273374352776,
        0.01433333700106262,
        0.017637037439050766,
        0.008401506573842393,
        0.013865905083833107,
        0.016984244865880235,
        0.007269317222836862,
        0.026395631278969992,
        0.020979418919092576,
        0.00923617102329637,
        0.006906800408409089,
        0.013100498649412207,
        0.009550251867367318,
        0.030031019158628262,
        0.00810293621010763,
        0.010153546127913965,
        0.005941432292199266,
        0.025874583235436895,
        0.007468719441115436,
        0.020473813784986073,
        0.017057644393630934,
        0.007782399145893122,
        0.02082706697950863,
        0.007711676825703632,
        0.03624644480850986,
        0.021474950478854195,
        0.021550023954983042,
        0.007174946827144354,
        0.005535512780024841,
        0.006647722603707289,
        0.007664866108117654,
        0.016209840663792753,
        0.019363664326339132,
        0.03153676180450483,
        0.01675398622142595,
        0.007455438954987784,
        0.024147588549479612,
        0.005896426159283717,
        0.01751480394559777,
        0.0067371540742357655,
        0.010203111563299899,
        0.021637342429510775,
        0.00638803841211934,
        0.0065604918614888446,
        0.008102610949599758,
        0.009654555675355437,
        0.016079978505297115,
        0.017333939986580702,
        0.013813781700191617,
        0.018383243440456633,
        0.019769144189484715,
        0.01005971918860656,
        0.008455902941122776,
        0.02088660274115424,
        0.01209007772778399,
        0.008641865611448264,
        0.007106048147765861,
        0.0203341750863474,
        0.0066665679857889565,
        0.01936092094819857,
        0.008737333266436772,
        0.006899927634576557,
        0.0049357380594039265,
        0.007113414641583134,
        0.020256998478379643,
        0.019480313515613894,
        0.028870979599324664,
        0.014572053598517438,
        0.0075971260352102445,
        0.024146230286605088,
        0.006472244055023719,
        0.022114999760680206,
        0.014655015971394916,
        0.00723739614144271,
        0.020288099575613963,
        0.019694805797760014,
        0.029338225223587793,
        0.008591453923612418,
        0.03578685119845468,
        0.01886456935784543,
        0.01330552227699473,
        0.009676051208460618,
        0.026469317456254218,
        0.008247426319582331,
        0.02060229779772598,
        0.005879315062717233,
        0.02974050771894053,
        0.024475555571136214,
        0.009239646474205795,
        0.008504538736652507,
        0.034409595152264466,
        0.029435706080941294,
        0.01434649203874158,
        0.016665695177102906,
        0.01894625193136363,
        0.010253514031076905,
        0.03006026603047318,
        0.023133625648256544,
        0.02857185864057345,
        0.012293957197002693,
        0.017341063954529737,
        0.007495923137430198,
        0.020154572901947734,
        0.025944990503450803,
        0.030595326082448696,
        0.0330554323276113,
        0.008452741245057927,
        0.006414278000453824,
        0.03341994329842542,
        0.025733077975338605,
        0.007706301146804998,
        0.007194549763588746,
        0.009085192177843779,
        0.015816911574574932,
        0.022555893916644885,
        0.03468545534913373,
        0.008794542571363449,
        0.027397380827684066,
        0.017926361336650272,
        0.012097809361007855,
        0.009093510840603586,
        0.01768561739033356,
        0.02594090212810194,
        0.012088836646153078,
        0.006232107099784854,
        0.00905972027846167,
        0.007901191457066529,
        0.02246561994033983,
        0.029150553971874424,
        0.034072832565932645,
        0.016537923362823684,
        0.016253910755648707,
        0.02698409855619318,
        0.02525558256572955,
        0.009533496558975098,
        0.005607724078870898,
        0.009282909229748655,
        0.01204308407707602,
        0.006769607964543912,
        0.017580948590898562,
        0.012809207312670795,
        0.0068598877268208095,
        0.01642431574765939,
        0.00929261639314676,
        0.011808611503776658,
        0.03440190049293183,
        0.023378912150986825,
        0.033713249012319785,
        0.04629344588967894,
        0.030151562304092164,
        0.013568221259937504,
        0.011713954187427518,
        0.035416858392366,
        0.020189624486865686,
        0.01441353838628682,
        0.007538591245615624,
        0.021867486794774002,
        0.010117508954039112,
        0.004624255552485438,
        0.008639413069989402,
        0.009984891367293209,
        0.011689339956491757,
        0.02118015224213594,
        0.01805640476123354,
        0.008042789159664745,
        0.014098249926041272,
        0.0194304545704511,
        0.0234852470588735,
        0.029021596419905683,
        0.007762360986204762,
        0.008129909115702489,
        0.029869707129387617,
        0.02983927984246645,
        0.011897105016639072,
        0.02592251773177793,
        0.00800623083167659,
        0.025232626347454518,
        0.017832871929488927,
        0.024595655087296414,
        0.026228661970591746,
        0.008467657597488876,
        0.02146132930995221,
        0.006665986614056066,
        0.01974507973312151,
        0.007856947537348426,
        0.038936829881611006,
        0.01663126650710597,
        0.009007698517435648,
        0.039692840448773574,
        0.008459542391444943,
        0.022620219991005157,
        0.008894002484091324,
        0.011124162595250016,
        0.026797841447868752,
        0.017059986347050575,
        0.011989994584150872,
        0.006243264811137595,
        0.020401706263832677,
        0.01564685262311224,
        0.007057434477739649,
        0.025489288103949282,
        0.012280491658542203,
        0.036801768182508264,
        0.018388902719732446,
        0.010303045516471794,
        0.007092206474789716,
        0.007842699493259882,
        0.03361060464442139,
        0.02408237868244095,
        0.017424792024201864,
        0.007591712101389451,
        0.012544891703828123,
        0.010664136555444863,
        0.009556408403327152,
        0.026684893147159352,
        0.009328771394783922,
        0.010076282957108591,
        0.009346110589133953,
        0.014026827656774671,
        0.009275982168714373,
        0.02484905982995779,
        0.03016943158954564,
        0.009622131949873361,
        0.016038446917111045,
        0.019735564073375254,
        0.025871353187534276,
        0.0057556014794849075,
        0.013582885228343453,
        0.01979920500039707,
        0.009466780594446911,
        0.009877645648005562,
        0.00807409592883341,
        0.03465504291580337,
        0.023764002942663943,
        0.03882897338529788,
        0.009195535288095384,
        0.012049629079563544,
        0.01753488105108209,
        0.008682614946001914,
        0.018920127561492407,
        0.017253547321680253,
        0.00779468607323942,
        0.006100818755074991,
        0.008869292153745083,
        0.024437658024812188,
        0.009395856647614552,
        0.005454687892462431,
        0.009807900473226827,
        0.0149489095710886,
        0.00790007040040655,
        0.015434222598152228,
        0.007760895690693472,
        0.03216195969043958,
        0.0068574102248015936,
        0.00816928559222153,
        0.007420239708164934,
        0.010068009662816188,
        0.02375505467541824,
        0.012639263096730118,
        0.021702325124932524,
        0.02691717151999418,
        0.04253894858638994,
        0.02488102428716714,
        0.010154386315739934,
        0.01687819616031356,
        0.03212296690518419,
        0.02558163930849944,
        0.012892921118602223,
        0.024652380444236215,
        0.006595207473229423,
        0.028367924253214653,
        0.01758534679907991,
        0.03461176733418768,
        0.017450368346192208,
        0.00975174086429605,
        0.014278128614003656,
        0.018277782030266,
        0.007547334036560295,
        0.01178915433059091,
        0.035554096257787195,
        0.021100360069790706,
        0.03880535444778264,
        0.01717919879588002,
        0.01784142166498837,
        0.018256311352797795,
        0.014328567690368922,
        0.027653546848897672,
        0.020159655550473193,
        0.005654026074070982,
        0.027468095676320352,
        0.025194794690810166,
        0.0058084388048612445,
        0.00800114763744403,
        0.008322396002101561,
        0.028931687525058446,
        0.012997416374497528,
        0.015222611565039287,
        0.02300159370222713,
        0.018896185834087555,
        0.02239619577459298,
        0.012516103420673365,
        0.02043416494317802,
        0.006327117782115725,
        0.005239008226695182,
        0.015509955650933731,
        0.00944508561274679,
        0.032675123339209716,
        0.029756101131506,
        0.0071565646042340775
      ],
      "scope": "independent training-only field decomposition of saved codes; no extra fit or training"
    },
    {
      "model": "r64_bank",
      "training_cases": 512,
      "rank": 64,
      "worst_bank_projection_error": 0.05782994815661887,
      "worst_checkpoint_reconstruction_error": 0.24582421304706187,
      "worst_field_error_inside_bank": 0.24305031228593335,
      "per_snapshot_bank_error": [
        0.017033386310907804,
        0.026326398526357084,
        0.012498405683823034,
        0.03617296484826625,
        0.037752809680323636,
        0.007734823421356588,
        0.013603770729853774,
        0.032369657992892084,
        0.005290267759602141,
        0.012776375467080861,
        0.016013614621568684,
        0.03528836846842447,
        0.011184284611609563,
        0.017243285435833512,
        0.045280170254680535,
        0.004418212129137055,
        0.02705978033435954,
        0.003929905079247079,
        0.0210064521151811,
        0.003278105696845545,
        0.02509603524540358,
        0.005237183634707746,
        0.007176352798532919,
        0.02801568183210687,
        0.026535037573448165,
        0.027190108526774007,
        0.024562597037959974,
        0.019988936059179098,
        0.0055746644495151595,
        0.038036999675093545,
        0.02719697841095632,
        0.02559383243722971,
        0.018675631256674093,
        0.037693561783519534,
        0.0033454986255909273,
        0.026087056170496472,
        0.013568005055634201,
        0.009954430419778214,
        0.04004010868566161,
        0.008550077457732995,
        0.03004550938787256,
        0.016223516993335328,
        0.004055765461117434,
        0.01992418068912041,
        0.0038887349645577263,
        0.03257937306924092,
        0.016721274121734627,
        0.035299939563262085,
        0.021509011315853168,
        0.010757474980826581,
        0.00682249849196007,
        0.02637608720992294,
        0.009305186841218036,
        0.011868155841866613,
        0.010396375892305097,
        0.0237716344221485,
        0.04496359128630499,
        0.018374420520391604,
        0.010565589874879903,
        0.017154933815500248,
        0.004998418477786915,
        0.015038345868310815,
        0.03270217054484797,
        0.011485095653170047,
        0.03480790844077711,
        0.026814290810129728,
        0.00622725182689145,
        0.03300105070292513,
        0.03917276884569484,
        0.02422994518289274,
        0.006997772191967499,
        0.028144478661037583,
        0.006841639395150234,
        0.020771554279632433,
        0.019913525870523446,
        0.0030246931891892673,
        0.026719883245349785,
        0.028850075493901596,
        0.006894341579519773,
        0.048790682372173384,
        0.013833990956038409,
        0.030789592368470446,
        0.0031637778649078524,
        0.0033793157165178385,
        0.014850266184262375,
        0.021280871404250893,
        0.023658707706164357,
        0.04064272843607197,
        0.021128291756787775,
        0.019347120726951047,
        0.01509599801543809,
        0.022115834712277436,
        0.04055526200008068,
        0.024307875107238648,
        0.040639826330899964,
        0.02583254215301843,
        0.044568840311337066,
        0.04587404353929623,
        0.017759978549648378,
        0.03885514273601821,
        0.004154907275251181,
        0.03256555770976904,
        0.01066576338056896,
        0.03735715753465125,
        0.0037965433627717114,
        0.02634732718425518,
        0.003963777284920668,
        0.019087925879879016,
        0.011876847590097496,
        0.014874431142088198,
        0.012018180255454442,
        0.02706668075450452,
        0.006579587713135017,
        0.035444735418963244,
        0.005953424525413287,
        0.0112932127191117,
        0.012608671938930468,
        0.041936640779672206,
        0.004944624579072925,
        0.051236587048667334,
        0.00429869230152307,
        0.04513642681478975,
        0.02568239894923675,
        0.010131913999764156,
        0.025380714336087525,
        0.028038342401011888,
        0.00559305717024234,
        0.012372965476584804,
        0.00694914518550357,
        0.012079633980940311,
        0.03127068644902077,
        0.0037635055709489516,
        0.01600491347305673,
        0.008355358583567429,
        0.02839188197148536,
        0.002281243040178648,
        0.006180107252429738,
        0.018821206198901694,
        0.011109717368113977,
        0.03224419901265186,
        0.02736772558282098,
        0.024418520971240663,
        0.033576948761027556,
        0.03508014733347101,
        0.014063978990328857,
        0.0073218429177521836,
        0.01878757637027004,
        0.004232544082399651,
        0.011815529583786627,
        0.015156237082875376,
        0.03353144583527424,
        0.008135884116486839,
        0.04255816987072452,
        0.038217363043389754,
        0.022295780476229207,
        0.0253362089653766,
        0.04859588128394189,
        0.011067260826201682,
        0.037147183547058565,
        0.017289978541466914,
        0.022602666500612746,
        0.006933884373799178,
        0.020329788450283232,
        0.03456662079090155,
        0.015982623403213235,
        0.01988829813348936,
        0.03498778111727836,
        0.031605905842507956,
        0.041390934478432354,
        0.040807449598174915,
        0.034100643017305116,
        0.046904758438736545,
        0.028238017754491775,
        0.030725301489258026,
        0.027226992200330064,
        0.03808438092228517,
        0.028118996497070115,
        0.01694962361970873,
        0.041781643361917864,
        0.039177628777555866,
        0.012716567437380788,
        0.012169988378388483,
        0.022016575962547764,
        0.008660310602524526,
        0.002313458076287307,
        0.009978786064876628,
        0.02140054262081482,
        0.005684903706334126,
        0.03037039875017386,
        0.028011219954843555,
        0.02811996531679265,
        0.005919522337334423,
        0.04327471867109764,
        0.03572365081227841,
        0.02215986415847889,
        0.02123394600244586,
        0.02212204375611751,
        0.032297488282847606,
        0.01425041667608806,
        0.04048630938414579,
        0.035563302917137024,
        0.033544158142693674,
        0.017198074160140634,
        0.03104017229022961,
        0.01443295582778753,
        0.023939402081871865,
        0.011475729977054807,
        0.014674286655404824,
        0.019598252463868707,
        0.0028006783560391717,
        0.02581032808831491,
        0.0321646433093399,
        0.017926482530500738,
        0.0028739866218192352,
        0.014330034105888468,
        0.009946906199939713,
        0.032434773657460794,
        0.00542531936384331,
        0.008230969161016875,
        0.002396262416264453,
        0.03326497774489939,
        0.004375139768220795,
        0.025359106066424702,
        0.02451014946356037,
        0.004451935732644058,
        0.02107765678902988,
        0.005026140615234415,
        0.04912728436517487,
        0.02354350094298455,
        0.03176746442458363,
        0.004719417088579327,
        0.003706371280633255,
        0.0030282004278270364,
        0.003325337742795501,
        0.019138179869275934,
        0.02124300251381519,
        0.04980291081807512,
        0.02054573423765311,
        0.003472188604369835,
        0.0264732561743613,
        0.0028360013171909075,
        0.017469203047431908,
        0.004524583749976634,
        0.009123856036273758,
        0.027602125334972236,
        0.0037285026694730623,
        0.0026223520613329384,
        0.008640366775392568,
        0.014357318335154369,
        0.019296086646617278,
        0.021117095540653576,
        0.015331956894877562,
        0.02354970837116898,
        0.021816776946823168,
        0.00624883097536261,
        0.00479402994719298,
        0.025678915258762383,
        0.014385644093297878,
        0.008263428009905786,
        0.0030307292025903544,
        0.021435747554092166,
        0.0030970829689536848,
        0.022813758487713446,
        0.007273904484608447,
        0.003668543574098572,
        0.002282689139910274,
        0.008266639019002018,
        0.022683394621908316,
        0.02517357332907961,
        0.039225261431877746,
        0.017202039764315266,
        0.00467316609148896,
        0.03001353553109176,
        0.004256954306948715,
        0.025863391620207506,
        0.014739642333622878,
        0.003972957183682659,
        0.02509679722969103,
        0.021123185054921473,
        0.03682511938768896,
        0.005520015472181068,
        0.040499008378778685,
        0.03144860869734192,
        0.013026474759109952,
        0.005080562625409038,
        0.032184618867529914,
        0.007111494983384537,
        0.023487164000506256,
        0.0071879358240363464,
        0.04084000997235161,
        0.029606269881137865,
        0.014053124993398069,
        0.011336821067986745,
        0.03748475666216213,
        0.03410622250171385,
        0.016552309049350646,
        0.018576276734778133,
        0.02397050767012856,
        0.006309569327030765,
        0.03512806459246944,
        0.02577834846991766,
        0.02934216545830239,
        0.024090166699858247,
        0.020606976414139836,
        0.004118051748665501,
        0.02333543860368209,
        0.02973135357379807,
        0.02863501766825223,
        0.04371851695482635,
        0.0074197916984534915,
        0.004995707345545613,
        0.039692302499650986,
        0.03536502207790437,
        0.0040680622374675976,
        0.009155554853370634,
        0.004539195703857789,
        0.01983218432393749,
        0.026849497012144258,
        0.04201794606603808,
        0.004154589581218112,
        0.031337861749364544,
        0.02282514074932925,
        0.010863977269275278,
        0.010319959623959454,
        0.024265368679079934,
        0.03714987447434023,
        0.014194158522715546,
        0.00394776406002875,
        0.006574657207823473,
        0.008706595737923307,
        0.024228762004784656,
        0.03685673924819959,
        0.03474675074758424,
        0.02475787620384039,
        0.02038212784792848,
        0.029094235986957394,
        0.01969381672333412,
        0.008198854110854093,
        0.004538178411669821,
        0.010708044688684538,
        0.02189784193395528,
        0.002220610746189898,
        0.01783425076673492,
        0.016252214371056787,
        0.004645497703915591,
        0.025498172155295925,
        0.007611671571154549,
        0.016085811674278805,
        0.04999922430364612,
        0.028987570891551333,
        0.04068190171288627,
        0.05752616961869495,
        0.03664137928195433,
        0.01575801662776603,
        0.005662663104263332,
        0.04145657828007685,
        0.02369615543908451,
        0.013382701650899458,
        0.0034248561221928587,
        0.027259279891419207,
        0.008915850531383806,
        0.002885316538907989,
        0.006703498271778706,
        0.009387946814532104,
        0.012805437259926923,
        0.023796534972101557,
        0.021839284742532022,
        0.00576636445327579,
        0.014820048378729932,
        0.02992526256307156,
        0.038875986418420744,
        0.03693026537426549,
        0.00337520270878873,
        0.0095063879019412,
        0.03209715638000852,
        0.032474481889552036,
        0.012193289096365321,
        0.03234909776917986,
        0.00808960287635768,
        0.03692415243059936,
        0.021770426051790536,
        0.0388666045314633,
        0.02911444329085484,
        0.007299211923239822,
        0.025099220442136447,
        0.004422178657950076,
        0.024585550856652715,
        0.002478899686245758,
        0.03686249317818577,
        0.019480161846182294,
        0.004743312041651074,
        0.04598174310633424,
        0.004174219437891824,
        0.026742974368634702,
        0.009532194102834794,
        0.003593542674799157,
        0.03039763561131245,
        0.019044982177069802,
        0.015484637489641753,
        0.005193509004969184,
        0.026317652892724787,
        0.018205293041530294,
        0.009057977234859797,
        0.04092368501151078,
        0.015719848535547584,
        0.03398877494304299,
        0.020039201548344293,
        0.004916073632932896,
        0.005308287574879429,
        0.00913732744162836,
        0.05782994815661887,
        0.023405480270518184,
        0.02127836871357765,
        0.0025528596409741546,
        0.013021113242397835,
        0.008321620003925615,
        0.0036841263970480384,
        0.028124049252734436,
        0.0025598801752646752,
        0.008470961621975354,
        0.006435054660237578,
        0.01642367378037863,
        0.010088068433428132,
        0.02757669684125942,
        0.04005809413295031,
        0.008691501573857537,
        0.021003961887238885,
        0.023364125632073084,
        0.03911356851490908,
        0.005992926442293955,
        0.014947881675034825,
        0.021964252167693456,
        0.013490607941183947,
        0.009972157910095394,
        0.010606893239027606,
        0.045312612144451224,
        0.03550740815710984,
        0.04224113127794609,
        0.009591271826496937,
        0.012351641944949166,
        0.017547945096543095,
        0.006478550605379264,
        0.02283289733817747,
        0.019619817599912617,
        0.006446678786891399,
        0.005487750651432564,
        0.009148083650767705,
        0.029185526575015264,
        0.01103509857227874,
        0.0031287081727920545,
        0.006328423949992138,
        0.01258588395884508,
        0.005036285402543879,
        0.012822926265694597,
        0.00961917638041392,
        0.03928682651230921,
        0.008062322733249498,
        0.002449524763462797,
        0.0025367519061980366,
        0.006367734626773665,
        0.030285092648914626,
        0.01795049939938584,
        0.02767297228858167,
        0.03300814048327919,
        0.045792557839772575,
        0.02325348377464558,
        0.0065809292578018356,
        0.022975247724329795,
        0.03541335115325413,
        0.03219911276365203,
        0.013502022947733885,
        0.026771580316134955,
        0.006239870606762954,
        0.03556935196205605,
        0.02076894610766824,
        0.03959925368956093,
        0.02026657149170827,
        0.00534545121988509,
        0.017153044272755456,
        0.020614057664629485,
        0.007947789340544017,
        0.01721534803505855,
        0.03587351106557901,
        0.027629429079402752,
        0.04407161671092374,
        0.021073219534033807,
        0.016650276749820146,
        0.02646524527069805,
        0.015972687884387046,
        0.039504501206492404,
        0.026425896322382438,
        0.0033929243638178837,
        0.028428849960512443,
        0.02841576847242319,
        0.004600571517226846,
        0.005792190235979565,
        0.0096521834867391,
        0.035535420226247845,
        0.01466648162617494,
        0.017903577164401923,
        0.030837713303103982,
        0.02269900247377277,
        0.030641810313242212,
        0.01173694989970237,
        0.022570182533011796,
        0.006995024652835847,
        0.0022564375135980925,
        0.01944279962745436,
        0.010893034028149697,
        0.04112544478403958,
        0.03861544117305851,
        0.002564965796768488
      ],
      "per_snapshot_checkpoint_error": [
        0.08113086634345325,
        0.1337989405796534,
        0.1184570929731042,
        0.18385866399416156,
        0.13093000188497228,
        0.1639902753799311,
        0.1370022374203838,
        0.09286593964761232,
        0.06541978706426323,
        0.10718695176361669,
        0.130330605696636,
        0.13549151684018013,
        0.14321903441707942,
        0.11351536948531815,
        0.13650806168407242,
        0.08237897442027028,
        0.13670187611680656,
        0.0821930530033347,
        0.07556197258973495,
        0.07335661439553826,
        0.1030509749041296,
        0.08720541497603815,
        0.07035152867698893,
        0.12775411988272276,
        0.14674427014928637,
        0.07901750985387972,
        0.17133906083602218,
        0.16528015729861664,
        0.06268305063281891,
        0.07889422268055858,
        0.1629611793168179,
        0.08275311985128343,
        0.13176686355936224,
        0.17433885721506678,
        0.08308234011300478,
        0.1209819933200691,
        0.12902817431235303,
        0.14106926365679043,
        0.19839031105025723,
        0.09529869143633303,
        0.0875187130481759,
        0.09982971884634297,
        0.1265101410588373,
        0.07648149076030111,
        0.052015951549844765,
        0.16775481120255725,
        0.13648977116256875,
        0.07688616123065145,
        0.13384802150474648,
        0.14636617087851175,
        0.09778969551140092,
        0.111400004701212,
        0.11688509901015301,
        0.1028505110439546,
        0.0888878692375487,
        0.10628017387943876,
        0.17161277614272566,
        0.15546180448280367,
        0.0967712816463486,
        0.09584423676893723,
        0.07574193234510365,
        0.11656616106580137,
        0.14661083836928748,
        0.06760694371029574,
        0.14108921679309086,
        0.1355644785581544,
        0.07059143308968725,
        0.19086975609381354,
        0.13528516679582045,
        0.11527531940414866,
        0.059740823411506175,
        0.14642270672611404,
        0.09223050121641019,
        0.1571065428898478,
        0.09525253704745541,
        0.07260253958715046,
        0.07801169594997907,
        0.1847748936959676,
        0.1078425630663048,
        0.12997152648667984,
        0.16268869442389614,
        0.16209115295084528,
        0.09681687612323825,
        0.1285479141606741,
        0.1776322416943525,
        0.17810097967328756,
        0.09834148404357275,
        0.20390984880642224,
        0.11537650451544712,
        0.13777558989276095,
        0.1485200081042065,
        0.159940642887456,
        0.139127610322895,
        0.157072757879405,
        0.19456687103807024,
        0.15635063489194378,
        0.13692905258465773,
        0.21996582340642187,
        0.13211643663325032,
        0.15451275035644002,
        0.06195195757488718,
        0.12013329507504107,
        0.12420287872109298,
        0.17574437739601242,
        0.07983631128511802,
        0.13507879247430513,
        0.05447239004700939,
        0.15012366459540508,
        0.10071225366995104,
        0.16851400306282857,
        0.06611148415830188,
        0.11046305964410877,
        0.08704660047368161,
        0.13332069315699946,
        0.15076912071356782,
        0.11867111532308275,
        0.17273814405337085,
        0.14996515374147884,
        0.12590789829478252,
        0.15748275170869658,
        0.05377578673741258,
        0.11802681816825834,
        0.109252678946895,
        0.10313360124170898,
        0.12152043642998082,
        0.1552391940740731,
        0.13106687048505744,
        0.11166009521386652,
        0.11088711502099423,
        0.10602011407347389,
        0.09376334658200335,
        0.11273192179593258,
        0.13236003668901264,
        0.07027235284937196,
        0.11997114807259095,
        0.06567151074721586,
        0.11115867550467773,
        0.09194763722983376,
        0.1091301787809161,
        0.08324683034265695,
        0.09397321732381991,
        0.0858829651633056,
        0.18683879938828482,
        0.14640048016000767,
        0.1281512559643851,
        0.14979692199348146,
        0.099959473079373,
        0.1293753692698235,
        0.11435287612119895,
        0.15233300112825374,
        0.13576489500128575,
        0.1176925314265525,
        0.15575185311867437,
        0.13704291407682903,
        0.08968757443008028,
        0.14229522684766494,
        0.1974847669138721,
        0.10574222622540239,
        0.1596026064033163,
        0.10931974851200509,
        0.20971750903126007,
        0.08544123679564739,
        0.1287428490265205,
        0.14302916697629037,
        0.13654565796504042,
        0.08779834643640537,
        0.09804308259446083,
        0.13883698348717063,
        0.13765650553158087,
        0.17036798087185825,
        0.10237038843496844,
        0.20245106437201577,
        0.1106650140330421,
        0.100839566157705,
        0.12858895795668862,
        0.16958565626112715,
        0.09276959601557844,
        0.08862250021197171,
        0.1593978172649377,
        0.11564660711081638,
        0.1498620866654719,
        0.09201418161039925,
        0.09634801256647313,
        0.0661607631260686,
        0.1146933114076832,
        0.12649599303047687,
        0.20322415658461676,
        0.10983931702351542,
        0.13252419468289417,
        0.08639259019224305,
        0.14571814398373376,
        0.09078159055730821,
        0.09919986352981738,
        0.13054687846359844,
        0.1622886866300902,
        0.0757926637206974,
        0.13166648289248975,
        0.12799669514411602,
        0.18851515457721474,
        0.16484546343101375,
        0.09535149442825099,
        0.1658123634499492,
        0.14995512717769702,
        0.14228461250526256,
        0.11626552658383787,
        0.1453478211331345,
        0.09360616808005334,
        0.12618947987180743,
        0.11748842157454333,
        0.12244779135261984,
        0.13088774260937747,
        0.10726022853989829,
        0.10389417208762981,
        0.11961675550538545,
        0.09470739787945824,
        0.09319833103115734,
        0.13161059833807398,
        0.06845121427867447,
        0.13144990891000585,
        0.11775998073017133,
        0.13569763938190776,
        0.09792541552524166,
        0.12474422956987473,
        0.12435806952511444,
        0.09052536128865113,
        0.06470608835330387,
        0.10671529961988212,
        0.12231087753682872,
        0.09385522100004126,
        0.14465603379600503,
        0.12139686210998206,
        0.08712973176932597,
        0.06416314258013545,
        0.09519273384084533,
        0.11785300579637306,
        0.10772625035845285,
        0.13704220826847874,
        0.14937008687087053,
        0.08499826378369484,
        0.17001548745973785,
        0.08665690615361159,
        0.12198062903426148,
        0.13171222150535764,
        0.07470536753627548,
        0.13630285717778295,
        0.10239851975416953,
        0.11603352881636335,
        0.09751066496037926,
        0.09483943687198244,
        0.1374961561614974,
        0.1322300136799065,
        0.12963786001817684,
        0.08970516893998084,
        0.15720440994721788,
        0.07218511521424144,
        0.10397676197225555,
        0.1268424132300234,
        0.11768792938159665,
        0.15084162202769047,
        0.08512145375427081,
        0.1484125761699299,
        0.057092979123662235,
        0.156161272814461,
        0.06560316533069377,
        0.07201109782243918,
        0.05845571628266792,
        0.10988966854355528,
        0.12842829049615487,
        0.14416017820361032,
        0.16377429361821802,
        0.08062300827510173,
        0.12117748286446771,
        0.13688694847783014,
        0.06762459027861785,
        0.15076763053594017,
        0.17134928694358365,
        0.09727065554563952,
        0.09978206463376214,
        0.1358826166835218,
        0.24582421304706187,
        0.07038060134561276,
        0.14894450998835793,
        0.19488493661390302,
        0.11025556866493715,
        0.13505212346670753,
        0.08113968612657929,
        0.08391923526365301,
        0.1638540376174377,
        0.06958321929694426,
        0.15286430157492448,
        0.10012501477878341,
        0.08479005035357591,
        0.08992138702500908,
        0.09244488585293545,
        0.10327449851499906,
        0.0716839888946142,
        0.10405686070771701,
        0.16515683272372078,
        0.06238993405792166,
        0.16390531461833782,
        0.11992182292096101,
        0.0984450313510607,
        0.10774648776912402,
        0.1354209072933455,
        0.062220972554502096,
        0.14635875936965212,
        0.09732093551705254,
        0.1459316964163922,
        0.23054767946063068,
        0.07725886509371854,
        0.07724238720327872,
        0.13825400285587042,
        0.15387995503952334,
        0.07664816034431877,
        0.08736708020927013,
        0.10476478189794905,
        0.14737513903824492,
        0.09950220600704257,
        0.14076219736529555,
        0.10218383474462349,
        0.15526346843046673,
        0.09914245052871741,
        0.1558382215326928,
        0.08454347446095434,
        0.09395823915964373,
        0.10649219194880688,
        0.09759645954767976,
        0.11481150810422279,
        0.06644176842807092,
        0.0635545379734216,
        0.19006597118279095,
        0.14036149695903014,
        0.1208639326906346,
        0.1051914941975149,
        0.1017045721617774,
        0.18077724256700747,
        0.11847157202356828,
        0.11206205159249702,
        0.09249926705845984,
        0.07422772393149066,
        0.13358076898846774,
        0.10268242263095718,
        0.07584785465434987,
        0.14385306390472083,
        0.10993958862719234,
        0.12680282686798297,
        0.09406975791820345,
        0.07145596479081592,
        0.15400334589975123,
        0.17513253088671793,
        0.17037654484745357,
        0.12888584317910023,
        0.1358464705781028,
        0.07788786209842168,
        0.08687402544296433,
        0.09459666128307975,
        0.10046716894691786,
        0.16182627228810878,
        0.04695558097109043,
        0.15273572465566745,
        0.1481879634260986,
        0.10408061321029184,
        0.06953084722174684,
        0.06598510300212765,
        0.09830225430278372,
        0.12790348383045447,
        0.13863919325033017,
        0.10611801442191704,
        0.11356481091127726,
        0.10036514651438685,
        0.11009895769777572,
        0.1037401685917079,
        0.053221322469407105,
        0.13988891556062774,
        0.09144619536851842,
        0.16763275227749394,
        0.09631352353184544,
        0.12905748240309847,
        0.0830158048316943,
        0.10212238572318456,
        0.11612243001943634,
        0.1617971974107039,
        0.1492303213580899,
        0.09630231455504216,
        0.16448517792745876,
        0.1228460496836366,
        0.09365787773776542,
        0.06084264047977893,
        0.14901178349514296,
        0.06373194566818774,
        0.1347440997932512,
        0.138080012590122,
        0.0640033694241293,
        0.1427739977047934,
        0.12391395395967837,
        0.08623726816940902,
        0.11153656037171909,
        0.10336302199112779,
        0.07338848033835484,
        0.08736343684061852,
        0.09106023090937562,
        0.1440987353809673,
        0.08068208585890353,
        0.14061178652956888,
        0.09741352569709524,
        0.1641222843999948,
        0.12000061853279831,
        0.14281489041895815,
        0.08507345132191316,
        0.06465785688883977,
        0.17447355082754532,
        0.1734279966275004,
        0.17063941819174927,
        0.0551852684513448,
        0.17814039091027395,
        0.131327467172376,
        0.1070442986177502,
        0.13656731803128452,
        0.07114150793603351,
        0.09680581705751076,
        0.13220575874496476,
        0.1171196515677963,
        0.15470983468289135,
        0.11003721849674891,
        0.1646534558219693,
        0.07209450791756347,
        0.11742919967008748,
        0.1600618896452993,
        0.12551821145723677,
        0.06051076009785453,
        0.09614239984001577,
        0.13009953631125534,
        0.1442926804784733,
        0.12285185204809061,
        0.14501131323533356,
        0.1526647208295706,
        0.10947146992173666,
        0.12640108899632954,
        0.12569475467455418,
        0.08360844287058351,
        0.16284282485272003,
        0.11235263563422938,
        0.08763790181639622,
        0.06408899309581617,
        0.06984713843923526,
        0.12000641168586941,
        0.1317018000388719,
        0.09943828181279221,
        0.11004325099361631,
        0.08926143805477295,
        0.15435048339401664,
        0.1441767072969029,
        0.09132202143700681,
        0.08175341291793943,
        0.0830208047848787,
        0.0890240951273457,
        0.09100620455355993,
        0.06275030290928521,
        0.0899771652119616,
        0.13308309578857472,
        0.1364041602842242,
        0.1184596096167721,
        0.10286309024650743,
        0.13411625820725276,
        0.17872456973331066,
        0.1450314492719465,
        0.11933107454604826,
        0.0971426855107233,
        0.1098602465272612,
        0.13472431833383108,
        0.07875571533955024,
        0.1338995686699528,
        0.1319366356306628,
        0.0986235248210022,
        0.1323044932861401,
        0.15473945181878598,
        0.1334772083456682,
        0.08445856128132845,
        0.11331674307799182,
        0.11780501019693676,
        0.08997968804226573,
        0.09158747577226037,
        0.14869391745060945,
        0.08391748902719463,
        0.15696589746886724,
        0.13851102387570738,
        0.08646263346273951,
        0.10354320887102006,
        0.08043391983826155,
        0.10045335797473012,
        0.09183360358769109,
        0.07845550174871377,
        0.09707164300657611,
        0.12279653651867296,
        0.12682348006594507,
        0.08691096738858181,
        0.07032467720391274,
        0.1673554713199423,
        0.10906459067317695,
        0.14506920125132122,
        0.1377468793585109,
        0.1276409969858295,
        0.14751168207488022,
        0.09231789439248814,
        0.17020279260686963,
        0.116234526893157,
        0.08491990983753657,
        0.09860116988727426,
        0.14677585761226758,
        0.15966061334180168,
        0.139440345600128,
        0.0607752717890765
      ],
      "per_snapshot_inside_bank_error": [
        0.07932264004950071,
        0.1311833725777358,
        0.11779589437243232,
        0.18026515176207547,
        0.1253690183212747,
        0.16380776210493223,
        0.13632516451528964,
        0.08704187491120105,
        0.06520553355786038,
        0.10642277415243442,
        0.12934307452663976,
        0.13081545087064267,
        0.1427816640787153,
        0.11219807581579405,
        0.1287794901622524,
        0.08226040863086867,
        0.13399690750950538,
        0.0820990487647518,
        0.07258333604336782,
        0.07328333302065347,
        0.09994844893070132,
        0.0870480115150218,
        0.06998455220761354,
        0.12464444118568326,
        0.14432523203730674,
        0.07419208085645145,
        0.16956931501578024,
        0.16406697666464604,
        0.06243466947867868,
        0.06911935349875965,
        0.16067566813192982,
        0.07869583588917452,
        0.13043667862007344,
        0.17021525353248293,
        0.08301495574653504,
        0.11813597338683339,
        0.12831281699498784,
        0.14071761248573986,
        0.19430775901918643,
        0.09491436542981352,
        0.0821997110653816,
        0.0985026408849369,
        0.1264451128247008,
        0.07384067613981678,
        0.05187038611781509,
        0.16456081286874116,
        0.13546164262903426,
        0.06830370455265054,
        0.13210849818595916,
        0.1459703144809745,
        0.09755141240668792,
        0.10823244925125088,
        0.11651411875160579,
        0.10216346949333599,
        0.08827779259755793,
        0.10358757047418123,
        0.16561769348125638,
        0.15437212612252668,
        0.0961927713608084,
        0.0942964790838232,
        0.07557682269116092,
        0.1155920328533217,
        0.14291712972558962,
        0.0666242554606401,
        0.1367281119787232,
        0.13288612288382146,
        0.07031622686364983,
        0.18799519792753971,
        0.12948965416563102,
        0.11270008438400793,
        0.059329564015203166,
        0.1436923705904388,
        0.09197639547741022,
        0.1557273526122109,
        0.09314771763913948,
        0.07253950637835235,
        0.07329305931905733,
        0.1825087244061289,
        0.10762196087646254,
        0.12046604090338243,
        0.16209945091696054,
        0.1591400102636598,
        0.09676516941484668,
        0.12850348812521833,
        0.17701040332030604,
        0.17682500805276533,
        0.09545319813168417,
        0.19981840522216587,
        0.11342545164839787,
        0.13641041782017616,
        0.14775081607622834,
        0.15840422690771844,
        0.13308554646641435,
        0.1551804706643625,
        0.1902752527822243,
        0.1542018183972758,
        0.129472714944248,
        0.21512911378104993,
        0.1309172868286831,
        0.14954754396403575,
        0.06181247279388429,
        0.11563517214342092,
        0.12374407692538761,
        0.17172806691756387,
        0.0797459896051761,
        0.13248433313627012,
        0.05432798309406557,
        0.1489052240761147,
        0.10000949220250127,
        0.1678562495901129,
        0.06500993524808962,
        0.10709566909484092,
        0.08679757876548118,
        0.12852267486689847,
        0.1506515333382392,
        0.11813253979537264,
        0.17227735719745507,
        0.14398217076020947,
        0.12581076877907282,
        0.14891483886217421,
        0.0536036984146104,
        0.10905518227629647,
        0.10619115896008273,
        0.10263471159303376,
        0.11884037954299427,
        0.1526861445324079,
        0.13094747897625683,
        0.11097245869351989,
        0.1106691540532862,
        0.10532970630851929,
        0.08839518839430066,
        0.11266908279391333,
        0.13138882013716668,
        0.06977386013348151,
        0.11656319062196602,
        0.06563187681312584,
        0.11098674431797118,
        0.09000072327135786,
        0.1085632078595476,
        0.07674859211823766,
        0.08989979516446793,
        0.08233844508380422,
        0.18379696806192172,
        0.14213544193529906,
        0.12737719144418647,
        0.14961787478442853,
        0.09817801807144595,
        0.12930611642259515,
        0.11374081737812919,
        0.1515771477176828,
        0.13155891780835768,
        0.11741098476391869,
        0.14982470399488754,
        0.1316062060112626,
        0.08687208516034933,
        0.14002145585192005,
        0.1914123127838526,
        0.10516146701577055,
        0.1552194534369099,
        0.10794380045543908,
        0.20849593056301777,
        0.08515941634758116,
        0.12712757716967701,
        0.13878937759435903,
        0.13560705165387554,
        0.0855161109634933,
        0.09158766956918211,
        0.13519162215052904,
        0.1312863437611402,
        0.16540858793800967,
        0.09652379278775074,
        0.1969425731048669,
        0.10700168075423121,
        0.09604464561477834,
        0.12567342998466383,
        0.1652539704191202,
        0.08840542958942842,
        0.0869865380560184,
        0.15382444027788295,
        0.1088083229335493,
        0.14932157892394507,
        0.09120581670212391,
        0.09379877349088649,
        0.06559150552999649,
        0.11466997686137838,
        0.12610178460845775,
        0.2020942220724371,
        0.10969210287911356,
        0.12899729088668907,
        0.08172546235272227,
        0.14297917693372886,
        0.09058839020212552,
        0.08926315952436227,
        0.12556396078983786,
        0.16076864815192474,
        0.07275745605121123,
        0.12979475296532875,
        0.12385485948655828,
        0.18797576740055894,
        0.15979638783851444,
        0.0884712324731872,
        0.16238389491373834,
        0.1489656551425918,
        0.1388575480842348,
        0.1153662102085799,
        0.14336280597181447,
        0.09290006633003511,
        0.125333356060836,
        0.11584229669874506,
        0.12241575800476315,
        0.12831768439834076,
        0.10232395783595427,
        0.10233591851279633,
        0.11958222442542522,
        0.09361699277172966,
        0.09266600220168553,
        0.12755130361033215,
        0.0682358750660187,
        0.13119195744831016,
        0.11773559779439148,
        0.13155717612298326,
        0.09782762982818184,
        0.12213942258948758,
        0.12191875175413801,
        0.090415824415161,
        0.06117687679400959,
        0.10659687182782196,
        0.11201098470566338,
        0.09085431234847509,
        0.1411247544466376,
        0.12130509153573903,
        0.08705086426983243,
        0.06409164429102829,
        0.0951346346237287,
        0.11628869698526674,
        0.10561098361671528,
        0.1276723811994903,
        0.14795031482375134,
        0.08492731452564747,
        0.16794175384251206,
        0.08661048712855007,
        0.12072324053172905,
        0.13163448421962173,
        0.07414612053074222,
        0.1334788056277834,
        0.10233061670726303,
        0.11600389251764032,
        0.0971271014856411,
        0.09374639297817161,
        0.13613542521810082,
        0.1305329260903745,
        0.1287280305445012,
        0.08655881566994432,
        0.15568318711571105,
        0.07191413609252814,
        0.10386618461800022,
        0.12421590520198819,
        0.1168054021274215,
        0.15061510778627002,
        0.08506748244623812,
        0.14685639751877502,
        0.057008914586214925,
        0.15448584255748743,
        0.06519866267765877,
        0.07191759171188816,
        0.058411129901845785,
        0.10957829133519995,
        0.12640921409530054,
        0.14194522952724453,
        0.15900754106565868,
        0.07876648583803926,
        0.12108733985041427,
        0.13355607192672303,
        0.06749047007081434,
        0.14853270142066877,
        0.17071415020422717,
        0.09718948524143482,
        0.09657438165159568,
        0.13423075865797848,
        0.24305031228593335,
        0.07016379746676309,
        0.14333282030298458,
        0.1923307659476415,
        0.10948333835328068,
        0.13495652609739223,
        0.07448354833835215,
        0.08361737072126604,
        0.1621619522907578,
        0.06921096724014317,
        0.14730780115610878,
        0.09564772536854614,
        0.08361735655282262,
        0.08920388070355417,
        0.08450414154549324,
        0.09748019096302658,
        0.06974679439929808,
        0.10238531243795743,
        0.1634080602582608,
        0.062070066913603415,
        0.16009675586383254,
        0.11711840317751017,
        0.09397053540301305,
        0.10501890065581067,
        0.13384384429334042,
        0.06208454779913772,
        0.14448648292971047,
        0.09266828532234803,
        0.1430947091338633,
        0.22636458154921735,
        0.07690174852837198,
        0.07708066741394302,
        0.13243372088689206,
        0.14976099551083072,
        0.07654012904222524,
        0.0868860317865879,
        0.10466639971111509,
        0.1460346399710815,
        0.09581123895693446,
        0.13434466277265328,
        0.10209934117577917,
        0.1520680211288233,
        0.0964792125103252,
        0.1554590791442086,
        0.08391124779962389,
        0.09077082454648704,
        0.09980217318576932,
        0.096558763352033,
        0.11474361660716627,
        0.06611567495268439,
        0.06295533724531593,
        0.18851535877315945,
        0.13543607569835317,
        0.11576162377027849,
        0.10223648085385728,
        0.09964130099010593,
        0.1784206738650706,
        0.11682322954191625,
        0.11176172063094052,
        0.09238787443737478,
        0.0734512952846628,
        0.1317736937411481,
        0.10265840835156374,
        0.07372134395991842,
        0.142932045122194,
        0.10984139701678595,
        0.12421272124243377,
        0.0937613023090138,
        0.06962184690861024,
        0.14566093545406095,
        0.1727168900501468,
        0.16544833002233483,
        0.11533559893193755,
        0.1308115931133144,
        0.07627715237357646,
        0.08668927582597762,
        0.08502870364302621,
        0.09763270073912368,
        0.161271961912752,
        0.04683051296830847,
        0.15028350956074032,
        0.1479195055213367,
        0.10404061223724456,
        0.06920694926301953,
        0.06531385972983768,
        0.09746462936671557,
        0.12567030715045172,
        0.13690825960122713,
        0.10596122888038903,
        0.11259366076012567,
        0.09580000676088476,
        0.10300698115240235,
        0.09694420085194526,
        0.05311418993138465,
        0.13956553043565686,
        0.08562814490396553,
        0.16445713016507618,
        0.09553857082943938,
        0.12493746290743268,
        0.08262071276112778,
        0.09521338473700404,
        0.1140634354345967,
        0.1570596069718536,
        0.14636269334944058,
        0.09602529507352695,
        0.16255892129017344,
        0.12276642968984511,
        0.09037338519396713,
        0.06079212084552705,
        0.14438029026529753,
        0.06068182753592197,
        0.13466058599296665,
        0.13019895997200337,
        0.06386710569397909,
        0.14024702400595496,
        0.12354677357789305,
        0.08616236343303824,
        0.10731443541665775,
        0.10159332147839965,
        0.0717362882242138,
        0.08720893051069968,
        0.0871742324284353,
        0.1429440899221302,
        0.08017201523571828,
        0.13452481747289494,
        0.09613678458716038,
        0.1605642781397654,
        0.11831559005287094,
        0.14273025308397166,
        0.08490768047028671,
        0.06400896581481495,
        0.16461080473217674,
        0.17184136145740547,
        0.16930753694300715,
        0.055126189435698136,
        0.17766386656716066,
        0.13106355051814278,
        0.10698088183996544,
        0.13364007710222178,
        0.07109543701884816,
        0.09643448047960472,
        0.13204905420657725,
        0.11596238926012914,
        0.15438058110685438,
        0.10652565534098597,
        0.1597063230074279,
        0.07156867940843435,
        0.1155354946334532,
        0.15834748545610908,
        0.11926839550129413,
        0.06021326199665118,
        0.09497326929418942,
        0.12823205907696256,
        0.14366064574907095,
        0.12244645204440212,
        0.14462287088165515,
        0.14578506153449763,
        0.10355301392422195,
        0.11913405108455494,
        0.1253282843473356,
        0.0826910434116501,
        0.16189458060386813,
        0.11216569491609923,
        0.08461123231536433,
        0.061011980736423665,
        0.06954899769779821,
        0.11988087186247051,
        0.1313837002789827,
        0.0950588077372074,
        0.10948855505825314,
        0.08920658893139885,
        0.15422069502591335,
        0.14362631531843773,
        0.09118304353708126,
        0.08074152020934251,
        0.08246166062414353,
        0.07988638667404112,
        0.0906483768160761,
        0.06270247478082688,
        0.08994139841778664,
        0.13293066741874857,
        0.13299965453372795,
        0.1170916678584377,
        0.09907079256661129,
        0.12999089728650462,
        0.17275854095484863,
        0.14315514929705983,
        0.1191494721869062,
        0.0943866481036432,
        0.10399600149586004,
        0.1308199491199606,
        0.07758967763151962,
        0.1311959487841608,
        0.13178899740247338,
        0.09198598180765488,
        0.1306641872177647,
        0.1495867542812805,
        0.13192964499203502,
        0.08428923255652375,
        0.11201096970377722,
        0.11598741765424259,
        0.08962799174801249,
        0.0899549749061506,
        0.14430167112904976,
        0.07923862450456585,
        0.15065186878592768,
        0.13689858711311523,
        0.08484430015897615,
        0.10010388052453054,
        0.07883202840404299,
        0.0923594689938477,
        0.08794931922112804,
        0.07838210139377383,
        0.09281543172295666,
        0.11946352365095977,
        0.12674000882812045,
        0.08671774204099963,
        0.0696591385086899,
        0.1635392542787939,
        0.10807395271487348,
        0.14396018573346817,
        0.1342506544164449,
        0.12560644648357902,
        0.14429406020099309,
        0.09156875903993932,
        0.16869966648337986,
        0.1160238547548833,
        0.08488992623723128,
        0.09666523804235823,
        0.14637108385018613,
        0.1542731643676087,
        0.1339867817513847,
        0.06072112162581918
      ],
      "scope": "independent training-only field decomposition of saved codes; no extra fit or training"
    },
    {
      "model": "r64_head",
      "training_cases": 512,
      "rank": 64,
      "worst_bank_projection_error": 0.05782994815661887,
      "worst_checkpoint_reconstruction_error": 0.06033403503062374,
      "worst_field_error_inside_bank": 0.033619271640750195,
      "per_snapshot_bank_error": [
        0.017033386310907804,
        0.026326398526357084,
        0.012498405683823034,
        0.03617296484826625,
        0.037752809680323636,
        0.007734823421356588,
        0.013603770729853774,
        0.032369657992892084,
        0.005290267759602141,
        0.012776375467080861,
        0.016013614621568684,
        0.03528836846842447,
        0.011184284611609563,
        0.017243285435833512,
        0.045280170254680535,
        0.004418212129137055,
        0.02705978033435954,
        0.003929905079247079,
        0.0210064521151811,
        0.003278105696845545,
        0.02509603524540358,
        0.005237183634707746,
        0.007176352798532919,
        0.02801568183210687,
        0.026535037573448165,
        0.027190108526774007,
        0.024562597037959974,
        0.019988936059179098,
        0.0055746644495151595,
        0.038036999675093545,
        0.02719697841095632,
        0.02559383243722971,
        0.018675631256674093,
        0.037693561783519534,
        0.0033454986255909273,
        0.026087056170496472,
        0.013568005055634201,
        0.009954430419778214,
        0.04004010868566161,
        0.008550077457732995,
        0.03004550938787256,
        0.016223516993335328,
        0.004055765461117434,
        0.01992418068912041,
        0.0038887349645577263,
        0.03257937306924092,
        0.016721274121734627,
        0.035299939563262085,
        0.021509011315853168,
        0.010757474980826581,
        0.00682249849196007,
        0.02637608720992294,
        0.009305186841218036,
        0.011868155841866613,
        0.010396375892305097,
        0.0237716344221485,
        0.04496359128630499,
        0.018374420520391604,
        0.010565589874879903,
        0.017154933815500248,
        0.004998418477786915,
        0.015038345868310815,
        0.03270217054484797,
        0.011485095653170047,
        0.03480790844077711,
        0.026814290810129728,
        0.00622725182689145,
        0.03300105070292513,
        0.03917276884569484,
        0.02422994518289274,
        0.006997772191967499,
        0.028144478661037583,
        0.006841639395150234,
        0.020771554279632433,
        0.019913525870523446,
        0.0030246931891892673,
        0.026719883245349785,
        0.028850075493901596,
        0.006894341579519773,
        0.048790682372173384,
        0.013833990956038409,
        0.030789592368470446,
        0.0031637778649078524,
        0.0033793157165178385,
        0.014850266184262375,
        0.021280871404250893,
        0.023658707706164357,
        0.04064272843607197,
        0.021128291756787775,
        0.019347120726951047,
        0.01509599801543809,
        0.022115834712277436,
        0.04055526200008068,
        0.024307875107238648,
        0.040639826330899964,
        0.02583254215301843,
        0.044568840311337066,
        0.04587404353929623,
        0.017759978549648378,
        0.03885514273601821,
        0.004154907275251181,
        0.03256555770976904,
        0.01066576338056896,
        0.03735715753465125,
        0.0037965433627717114,
        0.02634732718425518,
        0.003963777284920668,
        0.019087925879879016,
        0.011876847590097496,
        0.014874431142088198,
        0.012018180255454442,
        0.02706668075450452,
        0.006579587713135017,
        0.035444735418963244,
        0.005953424525413287,
        0.0112932127191117,
        0.012608671938930468,
        0.041936640779672206,
        0.004944624579072925,
        0.051236587048667334,
        0.00429869230152307,
        0.04513642681478975,
        0.02568239894923675,
        0.010131913999764156,
        0.025380714336087525,
        0.028038342401011888,
        0.00559305717024234,
        0.012372965476584804,
        0.00694914518550357,
        0.012079633980940311,
        0.03127068644902077,
        0.0037635055709489516,
        0.01600491347305673,
        0.008355358583567429,
        0.02839188197148536,
        0.002281243040178648,
        0.006180107252429738,
        0.018821206198901694,
        0.011109717368113977,
        0.03224419901265186,
        0.02736772558282098,
        0.024418520971240663,
        0.033576948761027556,
        0.03508014733347101,
        0.014063978990328857,
        0.0073218429177521836,
        0.01878757637027004,
        0.004232544082399651,
        0.011815529583786627,
        0.015156237082875376,
        0.03353144583527424,
        0.008135884116486839,
        0.04255816987072452,
        0.038217363043389754,
        0.022295780476229207,
        0.0253362089653766,
        0.04859588128394189,
        0.011067260826201682,
        0.037147183547058565,
        0.017289978541466914,
        0.022602666500612746,
        0.006933884373799178,
        0.020329788450283232,
        0.03456662079090155,
        0.015982623403213235,
        0.01988829813348936,
        0.03498778111727836,
        0.031605905842507956,
        0.041390934478432354,
        0.040807449598174915,
        0.034100643017305116,
        0.046904758438736545,
        0.028238017754491775,
        0.030725301489258026,
        0.027226992200330064,
        0.03808438092228517,
        0.028118996497070115,
        0.01694962361970873,
        0.041781643361917864,
        0.039177628777555866,
        0.012716567437380788,
        0.012169988378388483,
        0.022016575962547764,
        0.008660310602524526,
        0.002313458076287307,
        0.009978786064876628,
        0.02140054262081482,
        0.005684903706334126,
        0.03037039875017386,
        0.028011219954843555,
        0.02811996531679265,
        0.005919522337334423,
        0.04327471867109764,
        0.03572365081227841,
        0.02215986415847889,
        0.02123394600244586,
        0.02212204375611751,
        0.032297488282847606,
        0.01425041667608806,
        0.04048630938414579,
        0.035563302917137024,
        0.033544158142693674,
        0.017198074160140634,
        0.03104017229022961,
        0.01443295582778753,
        0.023939402081871865,
        0.011475729977054807,
        0.014674286655404824,
        0.019598252463868707,
        0.0028006783560391717,
        0.02581032808831491,
        0.0321646433093399,
        0.017926482530500738,
        0.0028739866218192352,
        0.014330034105888468,
        0.009946906199939713,
        0.032434773657460794,
        0.00542531936384331,
        0.008230969161016875,
        0.002396262416264453,
        0.03326497774489939,
        0.004375139768220795,
        0.025359106066424702,
        0.02451014946356037,
        0.004451935732644058,
        0.02107765678902988,
        0.005026140615234415,
        0.04912728436517487,
        0.02354350094298455,
        0.03176746442458363,
        0.004719417088579327,
        0.003706371280633255,
        0.0030282004278270364,
        0.003325337742795501,
        0.019138179869275934,
        0.02124300251381519,
        0.04980291081807512,
        0.02054573423765311,
        0.003472188604369835,
        0.0264732561743613,
        0.0028360013171909075,
        0.017469203047431908,
        0.004524583749976634,
        0.009123856036273758,
        0.027602125334972236,
        0.0037285026694730623,
        0.0026223520613329384,
        0.008640366775392568,
        0.014357318335154369,
        0.019296086646617278,
        0.021117095540653576,
        0.015331956894877562,
        0.02354970837116898,
        0.021816776946823168,
        0.00624883097536261,
        0.00479402994719298,
        0.025678915258762383,
        0.014385644093297878,
        0.008263428009905786,
        0.0030307292025903544,
        0.021435747554092166,
        0.0030970829689536848,
        0.022813758487713446,
        0.007273904484608447,
        0.003668543574098572,
        0.002282689139910274,
        0.008266639019002018,
        0.022683394621908316,
        0.02517357332907961,
        0.039225261431877746,
        0.017202039764315266,
        0.00467316609148896,
        0.03001353553109176,
        0.004256954306948715,
        0.025863391620207506,
        0.014739642333622878,
        0.003972957183682659,
        0.02509679722969103,
        0.021123185054921473,
        0.03682511938768896,
        0.005520015472181068,
        0.040499008378778685,
        0.03144860869734192,
        0.013026474759109952,
        0.005080562625409038,
        0.032184618867529914,
        0.007111494983384537,
        0.023487164000506256,
        0.0071879358240363464,
        0.04084000997235161,
        0.029606269881137865,
        0.014053124993398069,
        0.011336821067986745,
        0.03748475666216213,
        0.03410622250171385,
        0.016552309049350646,
        0.018576276734778133,
        0.02397050767012856,
        0.006309569327030765,
        0.03512806459246944,
        0.02577834846991766,
        0.02934216545830239,
        0.024090166699858247,
        0.020606976414139836,
        0.004118051748665501,
        0.02333543860368209,
        0.02973135357379807,
        0.02863501766825223,
        0.04371851695482635,
        0.0074197916984534915,
        0.004995707345545613,
        0.039692302499650986,
        0.03536502207790437,
        0.0040680622374675976,
        0.009155554853370634,
        0.004539195703857789,
        0.01983218432393749,
        0.026849497012144258,
        0.04201794606603808,
        0.004154589581218112,
        0.031337861749364544,
        0.02282514074932925,
        0.010863977269275278,
        0.010319959623959454,
        0.024265368679079934,
        0.03714987447434023,
        0.014194158522715546,
        0.00394776406002875,
        0.006574657207823473,
        0.008706595737923307,
        0.024228762004784656,
        0.03685673924819959,
        0.03474675074758424,
        0.02475787620384039,
        0.02038212784792848,
        0.029094235986957394,
        0.01969381672333412,
        0.008198854110854093,
        0.004538178411669821,
        0.010708044688684538,
        0.02189784193395528,
        0.002220610746189898,
        0.01783425076673492,
        0.016252214371056787,
        0.004645497703915591,
        0.025498172155295925,
        0.007611671571154549,
        0.016085811674278805,
        0.04999922430364612,
        0.028987570891551333,
        0.04068190171288627,
        0.05752616961869495,
        0.03664137928195433,
        0.01575801662776603,
        0.005662663104263332,
        0.04145657828007685,
        0.02369615543908451,
        0.013382701650899458,
        0.0034248561221928587,
        0.027259279891419207,
        0.008915850531383806,
        0.002885316538907989,
        0.006703498271778706,
        0.009387946814532104,
        0.012805437259926923,
        0.023796534972101557,
        0.021839284742532022,
        0.00576636445327579,
        0.014820048378729932,
        0.02992526256307156,
        0.038875986418420744,
        0.03693026537426549,
        0.00337520270878873,
        0.0095063879019412,
        0.03209715638000852,
        0.032474481889552036,
        0.012193289096365321,
        0.03234909776917986,
        0.00808960287635768,
        0.03692415243059936,
        0.021770426051790536,
        0.0388666045314633,
        0.02911444329085484,
        0.007299211923239822,
        0.025099220442136447,
        0.004422178657950076,
        0.024585550856652715,
        0.002478899686245758,
        0.03686249317818577,
        0.019480161846182294,
        0.004743312041651074,
        0.04598174310633424,
        0.004174219437891824,
        0.026742974368634702,
        0.009532194102834794,
        0.003593542674799157,
        0.03039763561131245,
        0.019044982177069802,
        0.015484637489641753,
        0.005193509004969184,
        0.026317652892724787,
        0.018205293041530294,
        0.009057977234859797,
        0.04092368501151078,
        0.015719848535547584,
        0.03398877494304299,
        0.020039201548344293,
        0.004916073632932896,
        0.005308287574879429,
        0.00913732744162836,
        0.05782994815661887,
        0.023405480270518184,
        0.02127836871357765,
        0.0025528596409741546,
        0.013021113242397835,
        0.008321620003925615,
        0.0036841263970480384,
        0.028124049252734436,
        0.0025598801752646752,
        0.008470961621975354,
        0.006435054660237578,
        0.01642367378037863,
        0.010088068433428132,
        0.02757669684125942,
        0.04005809413295031,
        0.008691501573857537,
        0.021003961887238885,
        0.023364125632073084,
        0.03911356851490908,
        0.005992926442293955,
        0.014947881675034825,
        0.021964252167693456,
        0.013490607941183947,
        0.009972157910095394,
        0.010606893239027606,
        0.045312612144451224,
        0.03550740815710984,
        0.04224113127794609,
        0.009591271826496937,
        0.012351641944949166,
        0.017547945096543095,
        0.006478550605379264,
        0.02283289733817747,
        0.019619817599912617,
        0.006446678786891399,
        0.005487750651432564,
        0.009148083650767705,
        0.029185526575015264,
        0.01103509857227874,
        0.0031287081727920545,
        0.006328423949992138,
        0.01258588395884508,
        0.005036285402543879,
        0.012822926265694597,
        0.00961917638041392,
        0.03928682651230921,
        0.008062322733249498,
        0.002449524763462797,
        0.0025367519061980366,
        0.006367734626773665,
        0.030285092648914626,
        0.01795049939938584,
        0.02767297228858167,
        0.03300814048327919,
        0.045792557839772575,
        0.02325348377464558,
        0.0065809292578018356,
        0.022975247724329795,
        0.03541335115325413,
        0.03219911276365203,
        0.013502022947733885,
        0.026771580316134955,
        0.006239870606762954,
        0.03556935196205605,
        0.02076894610766824,
        0.03959925368956093,
        0.02026657149170827,
        0.00534545121988509,
        0.017153044272755456,
        0.020614057664629485,
        0.007947789340544017,
        0.01721534803505855,
        0.03587351106557901,
        0.027629429079402752,
        0.04407161671092374,
        0.021073219534033807,
        0.016650276749820146,
        0.02646524527069805,
        0.015972687884387046,
        0.039504501206492404,
        0.026425896322382438,
        0.0033929243638178837,
        0.028428849960512443,
        0.02841576847242319,
        0.004600571517226846,
        0.005792190235979565,
        0.0096521834867391,
        0.035535420226247845,
        0.01466648162617494,
        0.017903577164401923,
        0.030837713303103982,
        0.02269900247377277,
        0.030641810313242212,
        0.01173694989970237,
        0.022570182533011796,
        0.006995024652835847,
        0.0022564375135980925,
        0.01944279962745436,
        0.010893034028149697,
        0.04112544478403958,
        0.03861544117305851,
        0.002564965796768488
      ],
      "per_snapshot_checkpoint_error": [
        0.021019527448979242,
        0.02774315496166338,
        0.015896854665781765,
        0.04061947760749167,
        0.04230859882733318,
        0.014161189065000577,
        0.015305720476604683,
        0.035744091654882355,
        0.007839088651341072,
        0.014416884530584848,
        0.019588455216399212,
        0.03932741784117989,
        0.011939465544038618,
        0.018916015528228212,
        0.04724191335634892,
        0.006326276228787281,
        0.029951614207146066,
        0.008121519696205226,
        0.02279660704373253,
        0.005414845766019562,
        0.02638076562904997,
        0.00830858814757165,
        0.008473841395215754,
        0.0303081844800478,
        0.028496079684966844,
        0.029177122081304782,
        0.027900802666725375,
        0.021646147177253747,
        0.009495271732242412,
        0.04107384290649192,
        0.03067844679235261,
        0.028563413740951223,
        0.019851494287703407,
        0.04643429099603693,
        0.00834924169247886,
        0.027804525004789055,
        0.015872159868982317,
        0.01292117355250187,
        0.04618161160233335,
        0.012110230238962554,
        0.03305938194990707,
        0.01768061845067248,
        0.006009357506267879,
        0.021127835927110136,
        0.0066436884253818634,
        0.03638668958123952,
        0.022803624626336828,
        0.03812608466678335,
        0.025442105524140092,
        0.015397227469494108,
        0.009240478220388754,
        0.02804126891370812,
        0.01649829241045702,
        0.016725132249541023,
        0.011610819612678878,
        0.026549454750719344,
        0.048940213173749025,
        0.020212816675916984,
        0.01371628722320914,
        0.01930303046993787,
        0.008772874168599447,
        0.017917955668228663,
        0.037353508083311844,
        0.0135827890720137,
        0.038577216424176775,
        0.028376618151565395,
        0.010450710908137635,
        0.03532144530290482,
        0.044795923026440934,
        0.026665148701359616,
        0.009935888743281692,
        0.030696693257125693,
        0.009506063666958345,
        0.02220265854702012,
        0.02323863290705242,
        0.004858884620507955,
        0.029453994756790204,
        0.03117767901599894,
        0.010909618566428553,
        0.05478692831002879,
        0.020127058195908366,
        0.03403963026241089,
        0.005288020959619397,
        0.005824953164582288,
        0.019930539428960826,
        0.02799823400842517,
        0.027762688301829822,
        0.04442457309086679,
        0.024370593626656605,
        0.021786645060875277,
        0.017514241286508733,
        0.0256555517456634,
        0.04327405383775221,
        0.02865963136044923,
        0.04733187090790176,
        0.02732942531995456,
        0.04755867634130817,
        0.04950415339407013,
        0.025251582500553524,
        0.04438747725873909,
        0.007130902590642891,
        0.036060547524078175,
        0.015812541260333983,
        0.04673508401341496,
        0.006406420323156644,
        0.029870412472992134,
        0.006812745439874638,
        0.02051609813793809,
        0.01778501591259688,
        0.01979598947346046,
        0.013596191418545376,
        0.03044038283204572,
        0.010830416063697364,
        0.03739702738087161,
        0.010526723663071492,
        0.01432690204109093,
        0.017483398263916306,
        0.044041855158982866,
        0.007871269723243634,
        0.05839840081104739,
        0.010045027932924028,
        0.04816177784518062,
        0.03159148234534573,
        0.012733691389123574,
        0.0321576948603655,
        0.03025776229057348,
        0.009098133096169761,
        0.01381324994158733,
        0.012778223834512265,
        0.014145104026588069,
        0.033419140937175226,
        0.005371661409039978,
        0.019860508490815845,
        0.011476670660729599,
        0.03015698242653864,
        0.00470167510679171,
        0.011693447708585368,
        0.02012975105868473,
        0.013219761317739602,
        0.033833619681146274,
        0.030739017123771053,
        0.025913314983136586,
        0.04005935877065589,
        0.04010650474386786,
        0.016529844307038945,
        0.010435841919751698,
        0.02044440057751336,
        0.006805275278885466,
        0.013457457751752912,
        0.01831056208394889,
        0.03650191873485996,
        0.011029248769454405,
        0.05064462276626984,
        0.0410969621079889,
        0.024267182358161228,
        0.02727662763325659,
        0.05666183276015928,
        0.013642468694513217,
        0.03983667228326311,
        0.018593065493283725,
        0.02638643662690321,
        0.010404079620904578,
        0.023029209269022712,
        0.04083912193656971,
        0.022009020161060346,
        0.025498842588077213,
        0.04042241593559843,
        0.03634250091520213,
        0.05029005313433366,
        0.0457431498853995,
        0.03836877376571652,
        0.05120051672967851,
        0.030541338510632843,
        0.032684188742705116,
        0.030429853664469205,
        0.041214498103169225,
        0.03468488254035947,
        0.018435528753488264,
        0.04302836555301594,
        0.04354492994062687,
        0.015526506503611153,
        0.015089558690503227,
        0.025440814326007328,
        0.011172627566469653,
        0.0065258859257214625,
        0.013856333043290705,
        0.0255294271721488,
        0.015342621005746009,
        0.03337620510959601,
        0.029915192527394108,
        0.030362318359173655,
        0.01018600176246505,
        0.0521027427496024,
        0.03890555979964613,
        0.023062548039625222,
        0.02437807631532653,
        0.023660956341159785,
        0.03900402832075849,
        0.018204975468790477,
        0.042862770942443486,
        0.03945390477092103,
        0.035135391456873645,
        0.019885781091997547,
        0.03371692044557225,
        0.018306333603198454,
        0.026041002022919535,
        0.01363312973764823,
        0.0180771318855199,
        0.022793795815700624,
        0.0063886511665449276,
        0.03142232675320282,
        0.03542623104331759,
        0.019224485586758724,
        0.0067465956098381715,
        0.01663895940057821,
        0.013160965392879104,
        0.03730240236221852,
        0.008570417134194137,
        0.010689599835774853,
        0.004979762199659894,
        0.03560445123659314,
        0.007178112011801697,
        0.027558160796407334,
        0.025382618932676133,
        0.006891056807539614,
        0.024219723608958712,
        0.008413436796677097,
        0.05260200162461281,
        0.029695109142426256,
        0.035247295393697614,
        0.006882350943380225,
        0.006140947590821287,
        0.006425054143063975,
        0.008235558177406774,
        0.021917203096549136,
        0.02348227234882188,
        0.0515966294657103,
        0.022682700789357718,
        0.007280053827042893,
        0.027738520258055108,
        0.005353210483388703,
        0.02250950926603325,
        0.007724852577133966,
        0.013077192664264362,
        0.031746336737620826,
        0.0075704095168746734,
        0.006646411002381957,
        0.010802992888555882,
        0.016910290493250667,
        0.021798170397985043,
        0.024195009637741197,
        0.01804513688972042,
        0.0246622871508726,
        0.025443127892953877,
        0.009721407521454664,
        0.009330683652415841,
        0.027425866409445717,
        0.016535282025289578,
        0.011988706801227057,
        0.006441976555317531,
        0.025788596616395713,
        0.007196995090201489,
        0.025456868614054072,
        0.010692481602064168,
        0.0067165475471035315,
        0.004933077423971947,
        0.009623003093041612,
        0.02612571168108255,
        0.02903154264537054,
        0.04334895381189629,
        0.018886859487373377,
        0.007637506657083338,
        0.03279640877567501,
        0.006906436157275278,
        0.02938870564902116,
        0.017089549840270862,
        0.006615362943265961,
        0.027791888287769816,
        0.025814452130231366,
        0.04541866720271103,
        0.009063779798369006,
        0.0476315224818819,
        0.03869763627860538,
        0.015897479159927102,
        0.007662091736818455,
        0.03883815390095537,
        0.009527861330569754,
        0.027204332692708784,
        0.008452890221940668,
        0.04297255127049626,
        0.033545481982285276,
        0.01702876475146178,
        0.01363626739755369,
        0.042478194384191995,
        0.038819609500199824,
        0.01859264306016781,
        0.02043379355300545,
        0.02719018320657421,
        0.011062062341804511,
        0.041081526078591606,
        0.029107198887590256,
        0.034293064161261884,
        0.025465689762617868,
        0.022371779965816727,
        0.007426538491656466,
        0.027833309570911506,
        0.03290090814204642,
        0.03857243684201601,
        0.048315386261918704,
        0.009584629624776493,
        0.007506121025541549,
        0.04390610342549257,
        0.0371892783695373,
        0.007549148536622699,
        0.010086968728919883,
        0.007892229848168859,
        0.02121066509306056,
        0.029846739613483685,
        0.046729050672889016,
        0.00741149946978722,
        0.033845929450509966,
        0.026214233999289772,
        0.013316069057381587,
        0.01398218204444787,
        0.02635053005282863,
        0.039975818782876045,
        0.018856274473014155,
        0.006812559476450776,
        0.010111360552005675,
        0.01079509016800506,
        0.028305801763481346,
        0.03859849914775879,
        0.04002639223282129,
        0.026413530128237626,
        0.022644016492275054,
        0.035296407448411414,
        0.02516173688601416,
        0.011404972356355719,
        0.006197914415109347,
        0.013420353243489494,
        0.02414050954036612,
        0.0054332126077771764,
        0.022853329310975754,
        0.018234536583618986,
        0.007263340968550866,
        0.02728374311043333,
        0.010793347083938604,
        0.018863179116362937,
        0.05342570025358291,
        0.030614503848575045,
        0.04915134542454839,
        0.06033403503062374,
        0.03985529977749422,
        0.01780591811153143,
        0.01054772179742892,
        0.04457731109123571,
        0.02608801528090411,
        0.017071341259656925,
        0.0068915695860911385,
        0.02927454161105656,
        0.013424229656534253,
        0.0048291039636687546,
        0.009043750601484213,
        0.011420607114039399,
        0.015226697977433574,
        0.027454716982482745,
        0.024698814095145395,
        0.009357399669787938,
        0.018823938497953083,
        0.03301145663580739,
        0.04260258859866261,
        0.0403897759793111,
        0.007304675458070115,
        0.011854650557117681,
        0.037120787361594854,
        0.03710690964422206,
        0.014542757964010666,
        0.03482769528340567,
        0.010144885472624016,
        0.04020873824536266,
        0.02388969813358903,
        0.0399807692669915,
        0.035124018270733186,
        0.00978090474564685,
        0.028555801046731437,
        0.007454841688631208,
        0.026609963360024316,
        0.00790497368350982,
        0.04677274821517957,
        0.023410256095485242,
        0.007550705303020947,
        0.0514663435239426,
        0.008104580398768832,
        0.03103258905823887,
        0.012034653280173413,
        0.01065716244716679,
        0.03322064526098436,
        0.024439374153703147,
        0.017579107112150955,
        0.007703427912813771,
        0.02807425272423182,
        0.022509620689079354,
        0.011767079746532334,
        0.04476709170238258,
        0.020728085824952044,
        0.047806822188714626,
        0.0257089593929128,
        0.009279583289571729,
        0.008418463870093427,
        0.010644148809288566,
        0.059525212990074204,
        0.03207060850423275,
        0.02354939486076216,
        0.006230799854133975,
        0.016604288889523953,
        0.010908506347507488,
        0.010729865328196236,
        0.035071041943923464,
        0.007993585966835666,
        0.012119023926906038,
        0.00971732858249734,
        0.018322677930691377,
        0.011658679621688735,
        0.030919697191359317,
        0.04465533917525831,
        0.010994974856590045,
        0.02354535916296395,
        0.02601407421472901,
        0.04228630903797326,
        0.00779429696404092,
        0.01720278806264549,
        0.02466790698202981,
        0.015206223449495366,
        0.011833831216650267,
        0.01233650511091318,
        0.04908021763547059,
        0.03859218507383297,
        0.04608750337975751,
        0.011781489513045683,
        0.014308124186806355,
        0.022153765658387586,
        0.008856532213024496,
        0.02489804522203225,
        0.022355666380799083,
        0.00978758080673977,
        0.007151512454368556,
        0.011347208693032353,
        0.034499955256209316,
        0.013090295998755332,
        0.005024795227797321,
        0.010788918865766956,
        0.019710444839779764,
        0.007236790973550929,
        0.016744560596050485,
        0.01077925861873602,
        0.04413746412295238,
        0.009904831631053157,
        0.009104632575832038,
        0.005859816309004247,
        0.009812810174400291,
        0.033284148527972617,
        0.019463440319021655,
        0.03090326278897311,
        0.036850679690560745,
        0.05559598154730569,
        0.026071250306704152,
        0.00943638757922521,
        0.026368570897158904,
        0.038873377757741766,
        0.035713451663794325,
        0.016039209717203965,
        0.030028722565649302,
        0.008471168874371592,
        0.03808561834389051,
        0.02332025034112633,
        0.042776064453390564,
        0.025067905479816303,
        0.009138121434972144,
        0.019715518610231866,
        0.024419748055733638,
        0.009405436224554007,
        0.01898110687285855,
        0.039770712521687575,
        0.030169239604208295,
        0.04723329614387297,
        0.02300400421486385,
        0.019975127914106553,
        0.028931580942300843,
        0.019182224226529102,
        0.042746044668680705,
        0.029321950707638513,
        0.006185668520785436,
        0.030679442558656466,
        0.03198648108746813,
        0.006526028072377923,
        0.009069872812593957,
        0.011615222872019222,
        0.03763000774035332,
        0.018474406066545393,
        0.01928217452221683,
        0.03391237268354576,
        0.026742437033086007,
        0.03256029853556226,
        0.01572716250200691,
        0.02911713816323539,
        0.008476641821093986,
        0.004480203815261697,
        0.021298047965045752,
        0.012923564512815166,
        0.04334367192473794,
        0.04342637107012837,
        0.006237681054244627
      ],
      "per_snapshot_inside_bank_error": [
        0.012316017414804611,
        0.008752336137185946,
        0.009823433393043778,
        0.01847859776042574,
        0.019098243269303077,
        0.01186219972750103,
        0.0070144494607581,
        0.015160650700277611,
        0.005784840353484142,
        0.006679130893491383,
        0.011281477053859531,
        0.017360208664974626,
        0.00417882940592206,
        0.007777194278307745,
        0.013472362794844945,
        0.004527822048718925,
        0.012840073281329934,
        0.007107385471743982,
        0.008855182789697748,
        0.004309823396624131,
        0.00813226967926701,
        0.006450158492806007,
        0.004506212212297686,
        0.011563201025614284,
        0.010388375156282822,
        0.010583121054283303,
        0.013233805809303296,
        0.00830651087047865,
        0.0076865663039118876,
        0.015499910542455086,
        0.014194768857053851,
        0.012681653902853893,
        0.006730722295523612,
        0.027117130754868445,
        0.007649671612925384,
        0.009620660637362789,
        0.00823618222945665,
        0.00823808478905552,
        0.02301153942328013,
        0.008576354231691292,
        0.013790942699217597,
        0.007028638926934574,
        0.0044343143959968585,
        0.007029400744741132,
        0.00538668137808235,
        0.016204185542528952,
        0.015504976228446248,
        0.014405297596675208,
        0.013589082592875067,
        0.011015958686570773,
        0.0062321707348789385,
        0.009519179890380943,
        0.013623771515662117,
        0.011784605452784772,
        0.005169767923617643,
        0.011822983737628101,
        0.019324076281419394,
        0.008422507258176726,
        0.008746704852994959,
        0.008849589318672132,
        0.007209655601968639,
        0.009741729254791814,
        0.01805138797394043,
        0.007251533411103427,
        0.016631630618079877,
        0.00928580993072457,
        0.008392776249248161,
        0.01259107425079614,
        0.021729447778362457,
        0.011132830354390272,
        0.007053585575308364,
        0.012254603127823687,
        0.006599789150192139,
        0.007842230509481922,
        0.011978545270304449,
        0.003802629467444967,
        0.012392967622321163,
        0.011820355866928853,
        0.00845504769057321,
        0.02492141302787472,
        0.0146191369734923,
        0.014515420427430478,
        0.004237177750684194,
        0.004744502572206357,
        0.013292704622683659,
        0.018194109482639498,
        0.014526954650539726,
        0.017936312875768873,
        0.012145827314583774,
        0.010017326119546189,
        0.008880286693566618,
        0.01300373755324356,
        0.015096836081029977,
        0.01518228169570479,
        0.024263357546649773,
        0.008920608400299797,
        0.0165965709904137,
        0.018607346200315053,
        0.017950642904873644,
        0.021459869998644705,
        0.005795387587668517,
        0.015487011938653724,
        0.011673814827188189,
        0.02808221605700312,
        0.005160279047837292,
        0.014073375272211424,
        0.0055409358473167344,
        0.007520729247204138,
        0.013238099649606797,
        0.01306263746081296,
        0.006357654004200915,
        0.013928808272613934,
        0.008602728499607356,
        0.011925115848718349,
        0.008681511821041129,
        0.008816091456870737,
        0.012111589771418909,
        0.01345374170859393,
        0.006124342807851289,
        0.02802115923533635,
        0.009078757110422673,
        0.016800589858741864,
        0.018396633958105868,
        0.0077130548484256834,
        0.01974681438921982,
        0.011374688313816316,
        0.007175913692765563,
        0.006141302733459973,
        0.010723450263590067,
        0.007359783339848405,
        0.011789111501118728,
        0.003832854303362648,
        0.01175935977142189,
        0.007867779381430167,
        0.01016585594978627,
        0.0041111651634860545,
        0.009926882373730725,
        0.007139262910346095,
        0.007164933307340058,
        0.010248192560688412,
        0.013996241286820402,
        0.008673853064949338,
        0.021848128913375058,
        0.01944003564379093,
        0.008685634563722807,
        0.007436223023942262,
        0.008062288081252087,
        0.0053289156694353275,
        0.006441772255744344,
        0.010274490805768428,
        0.014423321792236012,
        0.0074465910362802035,
        0.027453232822243958,
        0.015112691901683918,
        0.009580934847917928,
        0.010104005656476416,
        0.029137666584290605,
        0.007977010084335786,
        0.014389135245915398,
        0.006838035278729677,
        0.01361482665800992,
        0.007756682296504449,
        0.010818695906770471,
        0.02174816331665784,
        0.01513118361533629,
        0.01595764928443359,
        0.02024418144949164,
        0.017940013618890843,
        0.028563612993741216,
        0.02066852241285135,
        0.01758718130034077,
        0.020528919825209057,
        0.011635622515279189,
        0.011145045633059123,
        0.01358921961571656,
        0.015754833660258708,
        0.02030672580295238,
        0.007251136433063751,
        0.010282729216578322,
        0.019007217758055202,
        0.008908496888770073,
        0.008921107798027704,
        0.012747761233084957,
        0.007058797844310239,
        0.006102056935557919,
        0.009613625438824516,
        0.013920072818514193,
        0.014250539960845948,
        0.013842324489523465,
        0.010501918900488162,
        0.01145154691411566,
        0.00828938400622989,
        0.029017141933150463,
        0.015409846072113815,
        0.006389173855654883,
        0.01197539736297288,
        0.008393809327754102,
        0.02186747529702165,
        0.011329022745900653,
        0.014073943488433022,
        0.0170839716487958,
        0.010453955582730741,
        0.009983513150246768,
        0.013165805274494609,
        0.01126106727023362,
        0.010248844535857116,
        0.007360016843545548,
        0.010556893878479984,
        0.011638970231524584,
        0.0057420435799295,
        0.017921762819504895,
        0.01484767883264771,
        0.0069442112697660485,
        0.006103831028156969,
        0.008456068380646133,
        0.008618008303672162,
        0.018424295910078433,
        0.006634603202482818,
        0.006820461224828343,
        0.004365313046914275,
        0.012693234555868222,
        0.005690645311606118,
        0.010787398481212419,
        0.006597720603009818,
        0.00525993651645579,
        0.011930104608854637,
        0.006747134891757478,
        0.018801077251556976,
        0.018097045900596402,
        0.015270888533526485,
        0.005009376892575772,
        0.004896330181198034,
        0.005666685354791786,
        0.007534357795445561,
        0.010681472879084816,
        0.010007595058868347,
        0.013486372613444314,
        0.009611332880264742,
        0.006398678771459475,
        0.008282041634354115,
        0.004540259795248962,
        0.014195244002314035,
        0.006261109264970598,
        0.009368469405812272,
        0.015682875158940006,
        0.006588578609754829,
        0.006107212856860879,
        0.0064844982332391155,
        0.008934502492537796,
        0.010140082486145256,
        0.011809604874732186,
        0.009516200036903654,
        0.007323909007148395,
        0.01309125664822796,
        0.007447004474252993,
        0.008004931872719286,
        0.009631794196413425,
        0.008152839730844002,
        0.008685899394472191,
        0.00568451778428274,
        0.014337379197064161,
        0.006496523332660428,
        0.011295334581033623,
        0.0078370578892384,
        0.005626170900127594,
        0.004373166262725143,
        0.004925938271862711,
        0.012962114768425492,
        0.014461039873239406,
        0.018452930991762848,
        0.007797646391232557,
        0.0060409458380579865,
        0.013220896849497966,
        0.0054384924770629305,
        0.013956396154616295,
        0.008648448278158005,
        0.0052894837260134215,
        0.011939004288953487,
        0.014839036084582747,
        0.026585069353926342,
        0.007188986953681563,
        0.025071742146840027,
        0.022549768614172194,
        0.009112672439552945,
        0.005735462770580808,
        0.021738272856557224,
        0.0063408816923092816,
        0.013726938641551034,
        0.004448025594993254,
        0.0133691341587124,
        0.015772385524994468,
        0.009617094513446237,
        0.007577880746622869,
        0.019982242519789715,
        0.01853989396980447,
        0.008468024627833281,
        0.008512453326731824,
        0.012834361099929283,
        0.009086174011175552,
        0.021300489734588188,
        0.013516870097963849,
        0.01774969227299534,
        0.008256223316925316,
        0.008709136691199836,
        0.0061802203652756675,
        0.015170709503644766,
        0.014089583785235863,
        0.025843154742991356,
        0.020568612615073565,
        0.006067274198163772,
        0.005602210364466737,
        0.018768778337607653,
        0.011504679007963297,
        0.006359285593530359,
        0.004233527307710323,
        0.006456236855816741,
        0.007521753693876567,
        0.01303581128085064,
        0.020447405341043754,
        0.0061375654621592555,
        0.012786139423086722,
        0.012891819652121625,
        0.007700109936463598,
        0.009433973080517405,
        0.010273379041646982,
        0.014763228437645647,
        0.01241309594072594,
        0.005552128019644774,
        0.007682024135100812,
        0.006381940331257824,
        0.014635077901706131,
        0.011464070326448634,
        0.019868955374173825,
        0.009204463032172525,
        0.009865107566221614,
        0.019984038908576664,
        0.015660989304278665,
        0.007927937040502342,
        0.004221265189593544,
        0.008089725590227014,
        0.010161137707167317,
        0.004958698131083885,
        0.014290351996543629,
        0.008268243613764317,
        0.005583500076864369,
        0.009708030431298083,
        0.007652371996135813,
        0.00985221747403226,
        0.018825063522319725,
        0.009847262548632595,
        0.02758328533852222,
        0.018191635222751978,
        0.01567973994267439,
        0.008290695492756465,
        0.008898802261179417,
        0.016385627282245446,
        0.010912229776880254,
        0.010598772991562646,
        0.005980308679509318,
        0.01067382060645346,
        0.010035813428586487,
        0.003872362788043664,
        0.006070628951114205,
        0.006503592965489449,
        0.008238513693504123,
        0.013692567615672892,
        0.011535903070031443,
        0.007369529806720699,
        0.011606327008439167,
        0.013936819212037568,
        0.01742521837170666,
        0.016355106329378092,
        0.0064781394105342515,
        0.0070824662998984,
        0.018647396779765766,
        0.01795357260685507,
        0.007925623648158815,
        0.01290365189680039,
        0.006121848295693331,
        0.015916959463602137,
        0.00983698258804635,
        0.00937277778330673,
        0.019648049555780246,
        0.0065105762374040805,
        0.013618476662885175,
        0.006001583167775371,
        0.01018041448550989,
        0.007506241754867312,
        0.028789695592152265,
        0.012983196251414655,
        0.005874873738949338,
        0.02311847349258926,
        0.006946950087947518,
        0.015742773122168607,
        0.007346438263530857,
        0.010033023595591677,
        0.013401306682485542,
        0.015315732528997332,
        0.008321719093724412,
        0.0056894873075895285,
        0.009774702667707726,
        0.013238214714916732,
        0.007511139339275576,
        0.018147851238319627,
        0.013510732918166223,
        0.033619271640750195,
        0.016105309508707834,
        0.007870380299812763,
        0.006533958750592865,
        0.005459592576259198,
        0.014104895523061226,
        0.021925041006532926,
        0.010089847530915968,
        0.005683816893229519,
        0.010303058742694828,
        0.007053095153468172,
        0.010077560352178574,
        0.020952704757672854,
        0.007572610520651315,
        0.008666807378726132,
        0.007281246205147466,
        0.008123020750161134,
        0.005844286594927654,
        0.01398404325403157,
        0.019734447326769787,
        0.0067340383492135855,
        0.010640372322075332,
        0.011438954965298809,
        0.016070491283233748,
        0.0049835627638178115,
        0.008514502366988703,
        0.01122841313757418,
        0.007016603806204778,
        0.00637146983672435,
        0.006299458243964913,
        0.01885828581265247,
        0.015118886028321846,
        0.018432167429211485,
        0.006841856465627697,
        0.0072221436574500105,
        0.013522535107569966,
        0.006038753587776251,
        0.009928315820047792,
        0.010716276250440237,
        0.007364582178718977,
        0.004585708579128207,
        0.006713546800446513,
        0.018397063657538466,
        0.007041480585439512,
        0.0039318891452835925,
        0.008737952883900672,
        0.015168953845156454,
        0.005196823350758773,
        0.010768141508141793,
        0.004864551585920511,
        0.020116187556210207,
        0.005753663336035528,
        0.008768931678037209,
        0.005282266269478735,
        0.007466136835191378,
        0.013807523546197515,
        0.007523634784116413,
        0.013755662678319827,
        0.01638399388099286,
        0.03152704887393423,
        0.01178921477016668,
        0.006762897356101422,
        0.012939842470608911,
        0.016032281758764307,
        0.015448875913016922,
        0.008657460636429002,
        0.013601715564643714,
        0.005729285898694338,
        0.013613799089007755,
        0.010605892397604975,
        0.016176859934808694,
        0.01475350687519689,
        0.007411573019010631,
        0.009719812047940552,
        0.013091398768078112,
        0.00502940107492807,
        0.007994636336362257,
        0.017169763490231804,
        0.012116008709240178,
        0.0169904933742441,
        0.009225162783815242,
        0.011035126611839011,
        0.011688762491500108,
        0.01062219224194306,
        0.016328463468529005,
        0.012706250306832345,
        0.005172094286693437,
        0.011533806207517676,
        0.014686016290355819,
        0.004628583381159486,
        0.006979478856394223,
        0.006461327750934748,
        0.012379474620638242,
        0.011233788150961458,
        0.007159900769112228,
        0.01410972924131658,
        0.01413906733714171,
        0.01101147135728106,
        0.010468411886069865,
        0.018395504756419927,
        0.0047878060392353315,
        0.0038704929884334793,
        0.00869392832774978,
        0.006954159142446213,
        0.013688377816024352,
        0.019866992911121185,
        0.005685913769649532
      ],
      "scope": "independent training-only field decomposition of saved codes; no extra fit or training"
    },
    {
      "model": "r64_joint",
      "training_cases": 512,
      "rank": 64,
      "worst_bank_projection_error": 0.05715064791512719,
      "worst_checkpoint_reconstruction_error": 0.05901963574880505,
      "worst_field_error_inside_bank": 0.020337232073460925,
      "per_snapshot_bank_error": [
        0.017635790885163493,
        0.02506150885373725,
        0.012060077737713015,
        0.03652989950784395,
        0.03861048637473698,
        0.00819539418277006,
        0.013478668806915903,
        0.03292559941911983,
        0.005340628479191097,
        0.013118865031320499,
        0.016932540057450256,
        0.030986761915139712,
        0.010529291241170918,
        0.016312452021455485,
        0.04683717867024449,
        0.004019361845365697,
        0.027146756368376473,
        0.004059346474855244,
        0.021136921546445094,
        0.003386975629099673,
        0.02498138209941084,
        0.004818659200056762,
        0.007295455149104124,
        0.028391556345334985,
        0.026658636914592606,
        0.027930354079876447,
        0.025537898412491523,
        0.020315725466240903,
        0.0056524899804748585,
        0.03774369668728004,
        0.027841654129533665,
        0.02575421449639372,
        0.016679258190089138,
        0.0406319533243805,
        0.0034700665578471564,
        0.0251479505285125,
        0.01346081986845649,
        0.009993227068392384,
        0.04022150641755565,
        0.008420356166991196,
        0.029985915767232765,
        0.01556106292181658,
        0.004091630712795695,
        0.019871732659363754,
        0.0039555784234782225,
        0.033612242490430884,
        0.017092454600195633,
        0.03599225893301246,
        0.02014503765048429,
        0.012381713246350252,
        0.007163312257057878,
        0.02656008581436249,
        0.009946868094818673,
        0.011800511514603677,
        0.00988607896736378,
        0.022749230208905687,
        0.04478491661724107,
        0.0191863652539634,
        0.01030672161967631,
        0.017085710536185968,
        0.005092898063661063,
        0.014100189258571243,
        0.03203103883899633,
        0.011359252610003603,
        0.035643387513427174,
        0.025712650431125066,
        0.006209986138179345,
        0.03390843859056656,
        0.0407598455317439,
        0.02220895727714067,
        0.007130087136310105,
        0.027037713808054763,
        0.006631181413055197,
        0.021039731981053956,
        0.01955486376738816,
        0.0031300026515041434,
        0.027492461543463815,
        0.029078574321123745,
        0.0074764641515531515,
        0.049070792227112844,
        0.016820615172870052,
        0.030752095477655724,
        0.003147891447952494,
        0.0034552037786257186,
        0.014712155145667169,
        0.02452232549324408,
        0.025095947865381683,
        0.04124638696513404,
        0.020633989741318616,
        0.021015336232323104,
        0.015595038113472128,
        0.022161154529975344,
        0.04011690101562921,
        0.025802234454917194,
        0.04386094855803589,
        0.02561369700968014,
        0.04278403120315928,
        0.04647891034768271,
        0.02006195532255979,
        0.038769958057022255,
        0.004290835562307838,
        0.03190605291726954,
        0.011959188792598281,
        0.044157662861183895,
        0.0036959835849344025,
        0.025674096571250395,
        0.00407543169889184,
        0.01895779161149902,
        0.010051820735205172,
        0.016794289085857388,
        0.011720341736280752,
        0.026471469783964634,
        0.007324222721645372,
        0.03217221600986964,
        0.006139534542962635,
        0.01139169405253896,
        0.013121577307590799,
        0.04165718902625811,
        0.005257280361553314,
        0.052071610273585575,
        0.0044193109279830195,
        0.04401707554751288,
        0.027770837292973104,
        0.010309637668028249,
        0.026491532284896115,
        0.02688555378223893,
        0.005761646107469965,
        0.012302838502346881,
        0.006468581415824552,
        0.012099294861886345,
        0.03017907378093136,
        0.0037617095676745443,
        0.01727926871549308,
        0.008636398885401842,
        0.02853288430080709,
        0.0023462975313034594,
        0.005978780188145483,
        0.0182623079045036,
        0.011681464183354497,
        0.03272965113415952,
        0.02563090135458223,
        0.022560827830101902,
        0.03530722238409059,
        0.035343688203904836,
        0.013963172005139449,
        0.007476448453041401,
        0.01778980052533691,
        0.004449398466790019,
        0.011055050406508806,
        0.015798181199084767,
        0.032407857285413864,
        0.007907556602324596,
        0.042690209724323955,
        0.03879808467647638,
        0.022417220777466947,
        0.025276636230728858,
        0.05123421867366566,
        0.011365872863003938,
        0.0351653363188129,
        0.015340244026526392,
        0.02194747411768774,
        0.006482824766570341,
        0.0202876835010027,
        0.035170021589923314,
        0.017845790730699137,
        0.020519417246508638,
        0.03603865366534821,
        0.031833886523043364,
        0.04462727357127482,
        0.03937042711808743,
        0.0351690160620909,
        0.047150790619043814,
        0.02887495475372925,
        0.02994040968872063,
        0.028195316841925534,
        0.039791309758736515,
        0.030958022603871403,
        0.016872413355954106,
        0.04045322307843796,
        0.040752892524719884,
        0.012934126565730697,
        0.012271211171172951,
        0.02257776379305482,
        0.008938295347162893,
        0.0025840082285278894,
        0.01103519300075684,
        0.02134385022786183,
        0.006733959042109405,
        0.02944098405399213,
        0.028207848169625533,
        0.026834143314841144,
        0.0059239364356727785,
        0.04322353188222505,
        0.03550854183740877,
        0.021961191644332974,
        0.02188618316752233,
        0.020989497495539085,
        0.034787240480884815,
        0.014539373799714933,
        0.04116266875818473,
        0.035950104121783365,
        0.032821292884101,
        0.01745802836818249,
        0.031455918875352845,
        0.014919165856366632,
        0.02411605147581628,
        0.011533437744967446,
        0.015180224134183542,
        0.019876397279124415,
        0.0031491049646353965,
        0.026507024598893213,
        0.032347402617106266,
        0.01595364092563828,
        0.0032561515033317162,
        0.013806263966742246,
        0.009682503007759047,
        0.03344179443582318,
        0.0056053193524940835,
        0.008400444829195887,
        0.0026091087544153806,
        0.03261694857317481,
        0.004205205374513611,
        0.026107305672770087,
        0.02346472759720676,
        0.004373001307493297,
        0.022223974171420094,
        0.004958182248297858,
        0.04802893517221734,
        0.026519014283737326,
        0.031206954412818712,
        0.005258299590057364,
        0.0036507766301416547,
        0.003084567026500872,
        0.0033624145855157953,
        0.0193195371281047,
        0.02127365354074269,
        0.04992093101420344,
        0.020150603554466764,
        0.003541469016931078,
        0.02637194776421472,
        0.0027326801928598083,
        0.018658898127515765,
        0.0046100567823338665,
        0.008503426456186463,
        0.02932404051723986,
        0.0038731919205150286,
        0.0027861501203905142,
        0.00878816772363814,
        0.014313054036589739,
        0.01867444875942254,
        0.020815961604870262,
        0.015903480378856586,
        0.022839594980483532,
        0.02215223033872356,
        0.006603402810810444,
        0.004878010930019112,
        0.02598572900410341,
        0.013387450634290136,
        0.008723395748639583,
        0.0030440735333029487,
        0.020519223420494784,
        0.0030718311835379424,
        0.02348544981021014,
        0.007417535515428016,
        0.003777961917799476,
        0.002334396492891037,
        0.00832958726238093,
        0.022905142881527545,
        0.02519285717999124,
        0.03913330355568436,
        0.016455292924664223,
        0.004798266787912346,
        0.028773165736760708,
        0.004305697476192461,
        0.025201154060836898,
        0.014860367540563274,
        0.003969293141871577,
        0.024673531217311043,
        0.022782145545496017,
        0.039517854804373226,
        0.00577503881451279,
        0.04394147451118846,
        0.032274440922250326,
        0.012894224941920737,
        0.005169337726682974,
        0.033661750187163775,
        0.0071091726463313925,
        0.025272017789869906,
        0.0065962640327093475,
        0.04058131753082528,
        0.02917599376108164,
        0.013958197453582438,
        0.011379418287713172,
        0.03637636592264427,
        0.03433782280095593,
        0.01631265290565298,
        0.018593457975066542,
        0.02369064499406182,
        0.006531448412758277,
        0.037229987666532106,
        0.02645987299224693,
        0.030597729930518458,
        0.022317595293428524,
        0.021868876392231604,
        0.003975201931421192,
        0.02470073542420731,
        0.02921020214344242,
        0.029454642920069513,
        0.045079535048771366,
        0.007778209084763316,
        0.004550595154317538,
        0.03965182494805782,
        0.036874936737399146,
        0.004243820119611069,
        0.008942351142306591,
        0.00427780569227156,
        0.019790399916670087,
        0.026714532758934057,
        0.04043142680513829,
        0.004058441547329067,
        0.03160817852385138,
        0.022914907173366555,
        0.011207205785764503,
        0.01017969735544977,
        0.023175155782901476,
        0.03819393389327334,
        0.01425330518388699,
        0.004469626896141926,
        0.006626648008387998,
        0.00862812747571631,
        0.025215428700861155,
        0.037134890056212844,
        0.034770528647831346,
        0.023169199412093403,
        0.020755561963762555,
        0.03029323756989872,
        0.019710506698572803,
        0.008178815291334839,
        0.004341531232597268,
        0.010467611625844166,
        0.02116579755144414,
        0.0022373272188082353,
        0.018337926876021548,
        0.01668604588862055,
        0.00517682108470217,
        0.023505795339145912,
        0.00717298417479946,
        0.016911368142723007,
        0.05213036209037673,
        0.029284774385995863,
        0.046572639461802234,
        0.05715064791512719,
        0.03737538220452065,
        0.016046446807125584,
        0.005282922892827457,
        0.04226814671318685,
        0.023504292759590505,
        0.013695044849929922,
        0.0034539744357840393,
        0.02617860785144792,
        0.010519357249032506,
        0.002965772161416103,
        0.006813003198194022,
        0.009845678629598347,
        0.012842704437168048,
        0.02389111618840813,
        0.02178646282579095,
        0.005582768599118016,
        0.016362307793289687,
        0.027153644661529856,
        0.039476731049045796,
        0.03695848898821278,
        0.0032898875425483418,
        0.00920887271176145,
        0.03378187348971179,
        0.03258473008227593,
        0.012093910105560022,
        0.03119002205329388,
        0.007903443292806235,
        0.03743709597577768,
        0.020696146098443464,
        0.03813103629205241,
        0.027990246382569233,
        0.007012330047470434,
        0.025230545414102593,
        0.004452338334397731,
        0.02522009128407489,
        0.0025661147146393316,
        0.040454605371825,
        0.020999216051688436,
        0.004650453357669464,
        0.04669912593210178,
        0.004208146930055401,
        0.028044716406524943,
        0.009734069381591187,
        0.0034397384936380583,
        0.03146583019856632,
        0.01787911905427128,
        0.01580878165203884,
        0.005116542880669384,
        0.02580259580168622,
        0.01890070200867534,
        0.009089769752284723,
        0.04109132793226261,
        0.015558541779296522,
        0.034367559648126614,
        0.020743970778833772,
        0.004952594391684884,
        0.005035621350575346,
        0.00906243251330893,
        0.05664403117656223,
        0.025949710118789708,
        0.021628261872319095,
        0.0026260877524221737,
        0.013204853641788054,
        0.008749420881655296,
        0.0037458520423301303,
        0.03032011144115459,
        0.0025546113670051503,
        0.00867522852575089,
        0.006927639004194888,
        0.016551414917599015,
        0.010804574956402774,
        0.026738856061649868,
        0.0389983103415468,
        0.008952531767123387,
        0.020648356636643807,
        0.023756055783598618,
        0.03692144616369387,
        0.005613172709817488,
        0.013763341840925437,
        0.02239178232324327,
        0.013654810398099643,
        0.009432879701399343,
        0.010605840299089826,
        0.046551553045017104,
        0.03587189198982681,
        0.043805125606189835,
        0.009360905776137397,
        0.012173583644397013,
        0.018903173236355368,
        0.00627851062366904,
        0.023990801299077068,
        0.020418245319838345,
        0.006501180716133973,
        0.005495916944809063,
        0.00944578366235266,
        0.02985432366321762,
        0.010320968793081978,
        0.0029514154355859763,
        0.00660725724480684,
        0.01434532098769028,
        0.004911011363525076,
        0.012541274139031498,
        0.009232093248776744,
        0.04051017812988417,
        0.00831394426289428,
        0.0025055686402213964,
        0.0025390266925401266,
        0.0067523830322413795,
        0.031204218676494273,
        0.016709778120062652,
        0.027710374413662812,
        0.03445950059576532,
        0.0478366056811965,
        0.024010675738945244,
        0.006496507743679332,
        0.0208233372443738,
        0.03484486258499815,
        0.033315758837574705,
        0.013634848801889036,
        0.02822810051151193,
        0.006017106835348974,
        0.03491625825161701,
        0.020829859529423646,
        0.04020382261650001,
        0.02130705483239692,
        0.005542060215898953,
        0.016539199615327793,
        0.0211293285599545,
        0.007445425295509514,
        0.015911054851522888,
        0.03615020153487716,
        0.027928102590365586,
        0.04476754554215295,
        0.019898269211951168,
        0.016351010321208444,
        0.026669083244580945,
        0.016030132142333994,
        0.038225883296901984,
        0.026887746617086733,
        0.003359147332504996,
        0.02884539156325164,
        0.029623825830597045,
        0.004698518632781714,
        0.005899511190860555,
        0.00981317028603198,
        0.03514432543696578,
        0.015050291708460728,
        0.018120425455226328,
        0.029410743329847926,
        0.023897970819376484,
        0.02925042444918639,
        0.011826735192732144,
        0.02305245384104147,
        0.006963908491863864,
        0.0022186703991067085,
        0.019964277022726976,
        0.010865123149274035,
        0.0418161367636374,
        0.03958485931695796,
        0.002576093343781184
      ],
      "per_snapshot_checkpoint_error": [
        0.02046725412764921,
        0.026148674766424813,
        0.014718691558255712,
        0.039274165238824134,
        0.04075557062666827,
        0.012870267733147507,
        0.01454029724722884,
        0.03454229941104654,
        0.007524550505853339,
        0.0143924077254712,
        0.018363266463971916,
        0.03322319542700133,
        0.011272590204387829,
        0.017729550817985884,
        0.04742173305580914,
        0.005744826349811756,
        0.02918943852393586,
        0.007472677939373057,
        0.022573056802343467,
        0.005574928637962849,
        0.02566342205336573,
        0.007421997933106131,
        0.008309274871119827,
        0.029291979512699514,
        0.028710015071453255,
        0.029113994164177842,
        0.02691990571336622,
        0.021490494090712707,
        0.009106705744799397,
        0.03929176400648945,
        0.029384147357380215,
        0.02721175846933878,
        0.01754461190208316,
        0.043923831315353074,
        0.007740665902886555,
        0.0260563943316441,
        0.015197563794832288,
        0.012545213386640743,
        0.04201123955558606,
        0.010774923319783393,
        0.03158579014332094,
        0.01658494105660706,
        0.005930655079245316,
        0.02057276483057609,
        0.006457770443438593,
        0.03565848135242666,
        0.02255353125105263,
        0.037811227643174704,
        0.02253639213663038,
        0.01500659590236434,
        0.009455060954447014,
        0.02748995071917599,
        0.016194490284824933,
        0.015019926643070164,
        0.010744872530606922,
        0.025187818931661596,
        0.04637976977359978,
        0.020427391561780944,
        0.012382395864763154,
        0.018079073219600336,
        0.008398295945506501,
        0.016051785216390085,
        0.0346226368700696,
        0.012780371055356093,
        0.036871265200229965,
        0.02650713859306655,
        0.00979501772794973,
        0.03512621293232005,
        0.043237990501932715,
        0.023702712399441855,
        0.009783246888333744,
        0.02879457478465185,
        0.008600682970565128,
        0.022032722147340297,
        0.022026594950794245,
        0.004764625731338346,
        0.029049651282054702,
        0.030696173778988308,
        0.010749996812945974,
        0.05109106038991966,
        0.018757143341778873,
        0.03278407288405229,
        0.005238591674322863,
        0.005689263225466369,
        0.018753150481440304,
        0.02726014940709718,
        0.02688926328508987,
        0.043234545258401265,
        0.022997938493195657,
        0.022259693728457045,
        0.01739476079478589,
        0.024574900367614564,
        0.04192308442241743,
        0.02778374899705702,
        0.04626764156439838,
        0.02687964450098901,
        0.04501343630828003,
        0.0491199854487382,
        0.024757670294269136,
        0.04178233167462296,
        0.0068845333067925245,
        0.03372769638040984,
        0.01455561651286236,
        0.04714644115685714,
        0.00630373522916502,
        0.027532738880305517,
        0.0070849145750768675,
        0.020133694792013754,
        0.01659836234101996,
        0.019312794201736882,
        0.01306028121007448,
        0.028669026743958683,
        0.010964501808624875,
        0.03404781773360421,
        0.010126108877905363,
        0.013354484974461161,
        0.01641741372638545,
        0.042889951157281614,
        0.007566724481647937,
        0.055628124139283724,
        0.009208757044391933,
        0.045413964310158705,
        0.031076154063758427,
        0.011850677559466387,
        0.029606505062571637,
        0.027816235786255996,
        0.00902084983470368,
        0.013204477124983004,
        0.012055943014625503,
        0.013666836370535914,
        0.031080968790592252,
        0.005352276897734599,
        0.018993027745221703,
        0.010759004303506382,
        0.029548366975333935,
        0.0045461367062697815,
        0.011782604429078988,
        0.019209238057317172,
        0.013245723277696462,
        0.033917949116329414,
        0.02766960967696953,
        0.023947320326337077,
        0.037717769011460574,
        0.03798304841305228,
        0.016148344350133258,
        0.009974613002659161,
        0.01933243322364189,
        0.0068672981924563295,
        0.012387596827193075,
        0.017768370668791757,
        0.03413459851654296,
        0.010887963587471109,
        0.04728696453269729,
        0.040166168962844896,
        0.0237014801207772,
        0.026190648851158623,
        0.055077599058381464,
        0.013417401088727507,
        0.036440481673112146,
        0.016871460369993402,
        0.024671161545713933,
        0.008693370461039964,
        0.02167381938126384,
        0.03947767990855813,
        0.021335924998511304,
        0.023240214018332185,
        0.0384568769167028,
        0.03468393488827529,
        0.046595920422954434,
        0.040352779357818905,
        0.03691699124680377,
        0.04837654192359864,
        0.03018295321859577,
        0.030715401119656552,
        0.030624470100924492,
        0.04086374429066361,
        0.03342651556508692,
        0.017902438381111566,
        0.041680264644746653,
        0.042462694432970065,
        0.015532155394858234,
        0.014586199126301899,
        0.025091339888325136,
        0.011379635494023668,
        0.006037509453266222,
        0.013083128622431434,
        0.025104037129508528,
        0.014833739749891986,
        0.03163261715981756,
        0.029153261677896607,
        0.028742445888569314,
        0.009355386318392693,
        0.04663127662102445,
        0.03791384485897196,
        0.022743449200366483,
        0.023302963975433473,
        0.022504548053956946,
        0.03761917910194956,
        0.01723602624504871,
        0.042515633214895446,
        0.037586644160122015,
        0.033995926736568684,
        0.01891278597587553,
        0.03339379705838551,
        0.017371561707697,
        0.025818582290248443,
        0.013447587130751974,
        0.017343158125508396,
        0.021473578481036225,
        0.006368107268173433,
        0.03057250257263808,
        0.03371003200341421,
        0.017536173486165898,
        0.006659929568461694,
        0.015708375730964338,
        0.012019424157027307,
        0.03552306816816224,
        0.008141169439381675,
        0.010855616929672988,
        0.004966721458123074,
        0.03395674332164215,
        0.006895125902050629,
        0.02710241908654869,
        0.024570266907182222,
        0.006464298331822183,
        0.02368933954706438,
        0.008306710591628753,
        0.05021908977371919,
        0.028811401379387806,
        0.03332434344314839,
        0.007004861816731245,
        0.005725052510506955,
        0.006096534331160396,
        0.00734349159734204,
        0.02154013210007021,
        0.02223257800815669,
        0.05112452201367568,
        0.022236317033851795,
        0.007004232973531355,
        0.0271700494545525,
        0.005148125314615153,
        0.02161721164843751,
        0.0072569829282428016,
        0.012955398785681771,
        0.03068679392615656,
        0.007092658279703859,
        0.0062498910119771515,
        0.010443997998444775,
        0.01632039987966084,
        0.02021476848364991,
        0.022882458039073846,
        0.017379460368188635,
        0.023727877733377856,
        0.023913190402414297,
        0.009034864103994006,
        0.009175092253346414,
        0.027602347358784928,
        0.014586592578522408,
        0.010358369338351872,
        0.006018532765840651,
        0.025508476216939066,
        0.006383356880753476,
        0.02538814312744592,
        0.009982410342439579,
        0.006458549913684179,
        0.004563789964530527,
        0.009629820189650898,
        0.025065098828188793,
        0.027603458390602548,
        0.04096936954710472,
        0.01822814490708168,
        0.007735324258408125,
        0.03059559577158814,
        0.006504969654999085,
        0.02879355193579911,
        0.016150056706992773,
        0.00603482274142175,
        0.02574846887799983,
        0.02528609118834141,
        0.04191654494937553,
        0.008273090485329154,
        0.047622904527593574,
        0.03378007643069012,
        0.014855194385339738,
        0.007508856857093662,
        0.037076904395187744,
        0.008863863448929346,
        0.027172571113361035,
        0.007866986061000971,
        0.04164989123642763,
        0.03211362602520696,
        0.015827864314658498,
        0.012635022365259319,
        0.04033819167850453,
        0.03756429643812832,
        0.01768751516097978,
        0.020138083155964485,
        0.02688482218173522,
        0.010956040522869337,
        0.03983056549064679,
        0.02863320026296348,
        0.032670665661599645,
        0.023705002256699942,
        0.022823275973882097,
        0.00747656450068205,
        0.026489315322044262,
        0.03150482789155965,
        0.03455033218233313,
        0.046339133162994664,
        0.008985807501227908,
        0.006624456136452759,
        0.041218522603448146,
        0.037688794688344435,
        0.007293698132656184,
        0.009619591730982438,
        0.007826486827693246,
        0.020589633487891876,
        0.02884035598852431,
        0.04269750438468409,
        0.006858639486833878,
        0.03317734236339726,
        0.025245884661413566,
        0.013615487096031253,
        0.012814043549974601,
        0.02466961795778517,
        0.03957547462839878,
        0.018549186113642493,
        0.006614041960539775,
        0.010226153211529587,
        0.010517605685182507,
        0.02707826884505387,
        0.038202269544062875,
        0.0381014643109381,
        0.02454171681298251,
        0.022830620406274666,
        0.03311371034652488,
        0.023357015197192476,
        0.011070910620993737,
        0.005859764865455753,
        0.012467937334152173,
        0.022064643949139588,
        0.005331897058391737,
        0.02121494540049251,
        0.018345699074821198,
        0.007338058043743845,
        0.024618304045553444,
        0.009804053090898348,
        0.018166027053252664,
        0.05369137453620121,
        0.029894435291492365,
        0.04953586926730629,
        0.05901963574880505,
        0.03912265124578782,
        0.017202910392918234,
        0.010625374525883313,
        0.04400684154997836,
        0.024802774286330737,
        0.016157892741265303,
        0.006498458249682827,
        0.02701344401440501,
        0.01313530906337931,
        0.004587606949998264,
        0.008560901853322722,
        0.0114184571388025,
        0.014891712352875319,
        0.025796820786846104,
        0.023386248600475838,
        0.009023339690761212,
        0.019208758669543594,
        0.028806382693600887,
        0.041510256388931376,
        0.038728430808914825,
        0.0068157453149792985,
        0.01140825750553363,
        0.03595250265059479,
        0.03603834663271195,
        0.014174227553236433,
        0.03250643093371297,
        0.009756540327071312,
        0.0388267070939785,
        0.022565233514149182,
        0.03900778149360749,
        0.0321089784276814,
        0.009344092042887298,
        0.0277179089844571,
        0.007036296331839596,
        0.026383919101637447,
        0.0068984864471760415,
        0.044431239726824716,
        0.02257507296321359,
        0.006995713373732443,
        0.04905457654005016,
        0.00810790829181255,
        0.030330566309609428,
        0.01128439052355366,
        0.009000816968000296,
        0.03286757206153514,
        0.021774425895787073,
        0.01691404166945551,
        0.00686574388255684,
        0.026953017466212644,
        0.021319949352739162,
        0.011200677823593979,
        0.04239824881260574,
        0.019492887791114234,
        0.03935783366066569,
        0.023813406943338788,
        0.00865489742125197,
        0.007665647334329988,
        0.010194839816129536,
        0.0574373135808016,
        0.031025897094848372,
        0.023217764028083367,
        0.006110231284931326,
        0.015808718863393606,
        0.011504306612842638,
        0.00958729238827082,
        0.03307607241281239,
        0.008370510682346486,
        0.011797983412525666,
        0.009473271475644043,
        0.017730508204865002,
        0.011866752657860873,
        0.028432439730768297,
        0.04146891119048093,
        0.010671218514103496,
        0.022195796098384967,
        0.02534476837147027,
        0.03860059537896516,
        0.00713757929087786,
        0.015426109911702804,
        0.023780760962541614,
        0.015057353205792745,
        0.010374069438510193,
        0.011786040373231364,
        0.04812057253530333,
        0.03774796745065673,
        0.046165214186802535,
        0.01149056172466933,
        0.013665038335321482,
        0.020557086592247233,
        0.008415351015960682,
        0.02495223149184903,
        0.022216132850722544,
        0.009359376283389106,
        0.007382496252015395,
        0.010983021044339469,
        0.03227526179896943,
        0.012140153612610605,
        0.004625804379440074,
        0.009841775358485183,
        0.018769012052840272,
        0.007162833768103952,
        0.015298957947467402,
        0.0102665395586787,
        0.04250784571866828,
        0.009926662217672261,
        0.008176209885815688,
        0.005978739504650572,
        0.009542140033973846,
        0.03302515603203354,
        0.01838524608727418,
        0.029766434251981236,
        0.035818613175326156,
        0.0518230148246708,
        0.027266327048614446,
        0.009479023529844206,
        0.023442271221377285,
        0.03649996857194388,
        0.03477525156457054,
        0.015774150691589613,
        0.03012586322362215,
        0.008082262267056483,
        0.03607623529390434,
        0.022472764259358506,
        0.04220568337839544,
        0.02378919642693381,
        0.008587143323172293,
        0.01814468471198215,
        0.02284979004571971,
        0.008592468146063579,
        0.017415081150297357,
        0.03749139755965297,
        0.029319674963696366,
        0.04618950951550569,
        0.020891107970326457,
        0.018603820175245,
        0.027828703162904065,
        0.018459181374920933,
        0.03975760982649044,
        0.02805919969768332,
        0.005909583393745635,
        0.030056647578095844,
        0.03081659468379058,
        0.006350562706282151,
        0.008837087517398302,
        0.011389601118845528,
        0.03639187171716133,
        0.016852625262817732,
        0.019275813674742803,
        0.03066416872558517,
        0.026565280060814517,
        0.03028871788344545,
        0.015840170506602174,
        0.026858631080395382,
        0.008137167601517283,
        0.004430711528622477,
        0.021207561162921832,
        0.012635452072861762,
        0.043091964392820786,
        0.042560651763116575,
        0.005819579444158839
      ],
      "per_snapshot_inside_bank_error": [
        0.010386884584925258,
        0.007461498912035784,
        0.008437677769824284,
        0.014423123696109803,
        0.013047868753616274,
        0.009923674002702656,
        0.005453964725889123,
        0.010443914567538473,
        0.005300617677440124,
        0.005919187480237409,
        0.007106239682819469,
        0.01198337600157689,
        0.004025582675174094,
        0.006945565582100335,
        0.007422901065487546,
        0.004104602312710687,
        0.010727392041807848,
        0.006273963801511216,
        0.007922969199817068,
        0.0044281175917384105,
        0.005877225526761256,
        0.0056450488777990224,
        0.003977484513009892,
        0.007206912796896939,
        0.010657487661686196,
        0.008217054044151748,
        0.008514521025271492,
        0.007008040742125338,
        0.0071401293085625326,
        0.010920443174169516,
        0.009395233432526073,
        0.00878636640866828,
        0.005442035742538127,
        0.016683744377835444,
        0.00691928802003655,
        0.006820283702429301,
        0.007054946758620093,
        0.0075840485016842995,
        0.012131556804440601,
        0.006722839769637926,
        0.00992506899614968,
        0.005737036743336739,
        0.004293160581562872,
        0.005324743551474043,
        0.0051045272490077495,
        0.011905647698711429,
        0.014714270883481071,
        0.011586467657701544,
        0.01010279310866782,
        0.008478861814065194,
        0.006171315512935053,
        0.007089374589935617,
        0.012779723419916704,
        0.009292261530806966,
        0.004209243203954684,
        0.01081197241193221,
        0.012057955375555356,
        0.0070115415109535855,
        0.006862595486126266,
        0.00591027782370117,
        0.006677856250434591,
        0.007671015024466543,
        0.01314304130448548,
        0.005857069613271653,
        0.009436054473844087,
        0.006441118241330625,
        0.007574856068234556,
        0.009168894552587292,
        0.014427709966366819,
        0.0082813520485966,
        0.0066987892269213135,
        0.009904017824228353,
        0.005477150776390978,
        0.006539917689643732,
        0.010137957790661999,
        0.0035923170463237936,
        0.009383325524042401,
        0.009833188705640306,
        0.0077243067824167375,
        0.014225111668100851,
        0.00830044164790364,
        0.011362396692599624,
        0.004187316821329903,
        0.0045198764249495295,
        0.011628978628811895,
        0.011906775302350014,
        0.00965535502987469,
        0.012959994831139713,
        0.010155965847321893,
        0.00733822920922464,
        0.007705354589321108,
        0.010621156150661554,
        0.012172890387715924,
        0.01030443620315789,
        0.01472792746862144,
        0.00815192087767364,
        0.013990572621829171,
        0.015889740821559212,
        0.014507246018295521,
        0.015577342277324978,
        0.005383821043605554,
        0.010934408551426395,
        0.008297214923846621,
        0.01651931367808643,
        0.005106543173156534,
        0.009944469593758928,
        0.005795418104313458,
        0.006779955987537028,
        0.013208577982170866,
        0.00953603030507418,
        0.005762337622095742,
        0.01100792359723057,
        0.008159415508176539,
        0.011144613471763879,
        0.00805258943464538,
        0.0069693310687940066,
        0.009866898318328186,
        0.010209138685736578,
        0.005442088071797084,
        0.01957129527577002,
        0.008079040612872786,
        0.01117699488274521,
        0.0139466106076589,
        0.005843794124745775,
        0.013219071798669785,
        0.0071351223632763775,
        0.006941121369962466,
        0.004795662720560168,
        0.010173653052799998,
        0.006355271845022363,
        0.007433042895535517,
        0.0038074150178945944,
        0.007884286625214964,
        0.0064162908206454195,
        0.007679876586623088,
        0.003893872988002145,
        0.01015302686857426,
        0.005956755555148102,
        0.006244403869250928,
        0.008899281369533241,
        0.01042421198112935,
        0.008030143114085597,
        0.013267635310117173,
        0.013911709847945774,
        0.008111649203791463,
        0.006602698166797575,
        0.007567428335656398,
        0.005230930868195507,
        0.00558913371307517,
        0.008132187099696105,
        0.010719216485071308,
        0.007484537371349643,
        0.020337232073460925,
        0.010393736315145462,
        0.007695997175798667,
        0.006858698717985929,
        0.020213776365014802,
        0.007130468851191818,
        0.009555512867094086,
        0.007023039813562161,
        0.011268300309635904,
        0.005792035308837852,
        0.0076265552338386,
        0.017932004693477593,
        0.011693991993249882,
        0.010911510595768475,
        0.0134218785635809,
        0.0137687693049204,
        0.013400979578258367,
        0.008849648040469263,
        0.01122517491805711,
        0.010820940462121873,
        0.00878906439651168,
        0.00685621860889534,
        0.011953337489833057,
        0.009300390590562478,
        0.012606854456254559,
        0.0059848949477261494,
        0.010038984182787232,
        0.011928208976054077,
        0.008599780299035737,
        0.007885086007432667,
        0.01094622855126271,
        0.007042938325992177,
        0.005456594347500935,
        0.007027999003068505,
        0.013215624754446731,
        0.013217171807414722,
        0.011569396108361284,
        0.00736409995174348,
        0.010298395419476832,
        0.007240872203849318,
        0.017498635687755098,
        0.013289209478790878,
        0.005913589695821853,
        0.008001444644438431,
        0.008117615290072315,
        0.014319585749233374,
        0.009256738639076445,
        0.010640195880127575,
        0.010970224831450312,
        0.008859219384020603,
        0.007273975451224018,
        0.011210301052329378,
        0.00889885646105997,
        0.009220371613666654,
        0.006915013624146113,
        0.008387247999334433,
        0.008126709296119652,
        0.005534973179760855,
        0.015233369964247312,
        0.009487454958946404,
        0.00728002209836668,
        0.00580965913322124,
        0.007492672646378197,
        0.007121495107859628,
        0.011980599191695172,
        0.00590415402892552,
        0.006875823266739691,
        0.004226212672146684,
        0.009444314839455436,
        0.005464339755477448,
        0.007276655196686568,
        0.007287288568394774,
        0.004760673532963689,
        0.008202425263552299,
        0.006664673258738293,
        0.014668959197019096,
        0.01126227023575288,
        0.011689219913799292,
        0.004627998972850136,
        0.004409995039098517,
        0.005258628824136659,
        0.006528478918962961,
        0.009525375375504056,
        0.006459039395855894,
        0.011028027829215444,
        0.009402498158504411,
        0.00604295265161172,
        0.006536968600533346,
        0.004362986731418404,
        0.01091555587775222,
        0.005604567573369509,
        0.009774154500532147,
        0.0090432278092324,
        0.005941732560416095,
        0.005594506695700766,
        0.005643155345436035,
        0.007841679436045301,
        0.007739627147302879,
        0.009502769510755396,
        0.007008919640626724,
        0.006431569237565599,
        0.009006629016577433,
        0.006166347435542385,
        0.007770928337337274,
        0.00930760269029142,
        0.005791791481592688,
        0.005585533274659193,
        0.005191950787261183,
        0.015154003732676202,
        0.005595632068578727,
        0.009643207903585818,
        0.006680470277024568,
        0.005238308003087143,
        0.0039215777251417035,
        0.004832329968388896,
        0.010179077013348468,
        0.011281438836881139,
        0.012127398480543693,
        0.007841466796273722,
        0.006067279226699109,
        0.010401702461776234,
        0.004876022913806782,
        0.013927328066844862,
        0.006324065796499564,
        0.004545744985618132,
        0.007362099349350239,
        0.010970882003237164,
        0.013976261737442349,
        0.005923930525361896,
        0.018359952435310592,
        0.009972663978067224,
        0.007376704099621893,
        0.0054461801997193054,
        0.015542953833389323,
        0.0052941231120856224,
        0.009983673559324826,
        0.0042870468267524895,
        0.009373905667787778,
        0.013418135658137277,
        0.007462574127608024,
        0.0054911410111070915,
        0.01743357995804812,
        0.015231227533647152,
        0.006837071577040925,
        0.0077347083801507935,
        0.0127101142209209,
        0.00879630635950297,
        0.014156340122170364,
        0.010942361652455709,
        0.011452131586350243,
        0.00799074917069021,
        0.006531016117058585,
        0.006332202329149335,
        0.00956856811304592,
        0.011803316110993004,
        0.018059608643621362,
        0.010730833242779712,
        0.0044993554963826945,
        0.004814094187413491,
        0.01125608208479065,
        0.007790011917384373,
        0.005931949362789318,
        0.003545546660033358,
        0.006553951062010222,
        0.005680939913780393,
        0.01086737654710874,
        0.013725035780676926,
        0.0055290132770025174,
        0.010082613584900257,
        0.010595363211017863,
        0.007731754479917234,
        0.007782896238039837,
        0.008455897623630785,
        0.010365404276693777,
        0.011870787539735002,
        0.004875242195528907,
        0.007788565059021094,
        0.006014602697749263,
        0.009869893569679591,
        0.008967348483817182,
        0.015579856231301675,
        0.00809222236046928,
        0.009510198510221453,
        0.013373016505157913,
        0.012531802927248616,
        0.00746137000880263,
        0.0039354733939911376,
        0.0067733719976712965,
        0.006233580561249166,
        0.00483978234606333,
        0.010667443284853445,
        0.007624994894866794,
        0.005200732574391496,
        0.007316999354482638,
        0.006683393975909992,
        0.006634015860758931,
        0.012852589152106582,
        0.006006600582571218,
        0.016875769541820646,
        0.014735021099502874,
        0.011561256227830292,
        0.0062009411263826185,
        0.009218964666584291,
        0.012247688624283916,
        0.007919964278336775,
        0.008574569633319326,
        0.005504545414457139,
        0.006663831366376489,
        0.00786635031369198,
        0.0035000475731397757,
        0.0051838236817645,
        0.005783059376605102,
        0.007538437473397487,
        0.009730905917777552,
        0.008500980010780354,
        0.007088960004370776,
        0.010062370163257648,
        0.009617029972167077,
        0.012833124761963537,
        0.011574171444602748,
        0.0059691728200855,
        0.00673386981542855,
        0.012303148798829228,
        0.015394732653889222,
        0.0073922976867520735,
        0.009156996033814415,
        0.005720634866093528,
        0.010294514493749149,
        0.008992179948153,
        0.008223812275776286,
        0.01573316888336166,
        0.006175701046139865,
        0.011476151644935432,
        0.005448499740801296,
        0.007749721464974028,
        0.006403449893079748,
        0.01837280511714187,
        0.008286545993894442,
        0.005226211742319648,
        0.015018092978182651,
        0.00693034460063192,
        0.011551499224741572,
        0.005708359025362423,
        0.008317626174986865,
        0.00949625311031656,
        0.012428303381166567,
        0.006013919543379125,
        0.004578146787854023,
        0.007790455726641967,
        0.009864263985854141,
        0.0065445603029080325,
        0.010445777670373734,
        0.011743272633250708,
        0.01918097792848656,
        0.01169470079035571,
        0.00709782066298138,
        0.005779677038377679,
        0.004669804687378401,
        0.00951308170089912,
        0.017006435114123822,
        0.008442917436890528,
        0.005517117859166303,
        0.00869180259789496,
        0.007469719196726817,
        0.00882523471728468,
        0.013218071283420122,
        0.007971161135420906,
        0.007995800311928055,
        0.00646147740681717,
        0.006357797215094705,
        0.004907237374972002,
        0.009666292234261372,
        0.014099729991329557,
        0.005807502004682549,
        0.008142403370445911,
        0.008832162668906778,
        0.01126111791928501,
        0.004408778772327853,
        0.006966727235780562,
        0.008008287978465397,
        0.006345867833160953,
        0.004317649505687028,
        0.005140709992757998,
        0.012187797595232211,
        0.011752293892089283,
        0.01457182114697012,
        0.006663816609024691,
        0.006207828441466082,
        0.008078604505574528,
        0.005603430830331136,
        0.0068596872706432055,
        0.008755102335201622,
        0.0067329468815841885,
        0.004929112277761785,
        0.005603920258572138,
        0.012264252231744918,
        0.006392255698109257,
        0.003561911436775458,
        0.007294154776794477,
        0.012103205327507095,
        0.005214226210744777,
        0.008762109178048157,
        0.004491134462004617,
        0.012877981811105334,
        0.005423739814671171,
        0.007782835851156652,
        0.005412824541682291,
        0.00674223700368543,
        0.010814696839472091,
        0.007668154202147082,
        0.010870867395573507,
        0.009773222011910792,
        0.019931984909179724,
        0.012920527902575422,
        0.006902700501662707,
        0.010767019365808194,
        0.010866612038049717,
        0.009968868263535683,
        0.0079318804952295,
        0.010523401374098096,
        0.005396053065480513,
        0.009074671491989995,
        0.008434576779019796,
        0.01284415651019433,
        0.01057994711747045,
        0.006559313913516607,
        0.007462202046418991,
        0.008698527446583285,
        0.004289073444242281,
        0.00707978707188799,
        0.0099382000364109,
        0.008925493021610548,
        0.011372671428220009,
        0.006363746899158847,
        0.0088739273486201,
        0.007949636383045364,
        0.009152936169969634,
        0.010929290246263886,
        0.008022952669049767,
        0.004862026849592539,
        0.008446623538227914,
        0.008490668469766146,
        0.004272419612330317,
        0.006579504806523661,
        0.00578141008610757,
        0.009446942185647523,
        0.007582855513538465,
        0.0065732164231057655,
        0.008677523864384433,
        0.011601771219332821,
        0.00786251235708963,
        0.010537520408484168,
        0.013782976290316731,
        0.004209213120302759,
        0.003835193125514777,
        0.007154599460409096,
        0.006450096746305133,
        0.010408078660199842,
        0.015634832629674186,
        0.005218356828638914
      ],
      "scope": "independent training-only field decomposition of saved codes; no extra fit or training"
    }
  ],
  "all_training_freezes_verified": true,
  "all_optimizer_time_blocks_and_matching_verified": true,
  "every_phase_independently_time_matched": true,
  "all_fields_hashed_and_independently_scored": true,
  "all_source_checkpoint_hashes_match_git": true,
  "all_timing_components_sum": true,
  "all_expected_invocations_present": true,
  "all_rank_checks_pass": true,
  "all_head_oracle_selection_gates_verified": true,
  "remote_deleted": true,
  "invalid_online_invocations": 0,
  "head_cases_without_stationary_fit": 0,
  "limitation": "All42 development sources were opened before capacity selection; no fresh independent or sealed final confirmation. Nonlinear head fits are best-found stationary diagnostics, not global minima. Reference refinement is empirical."
}
