host=pax106 job_id=4314113
NVIDIA A100 80GB PCIe, GPU-9732c808-acc9-5c43-f0ce-4a81a2bf1719, 81920 MiB, 575.57.08
10.235.106.26:/projects/paralab  4.6T  4.2T  370G  93% /cluster/tufts/paralab
jax_backend=gpu
torch_cuda True NVIDIA A100 80GB PCIe
DATA DONE {"train": {"cases": 128, "median_seconds": 0.09366055252030492, "host_bytes": 405805056}, "validation": {"cases": 32, "median_seconds": 0.08512773900292814, "host_bytes": 101451264}, "mesh": 256, "n_train": 128, "seconds": 18.970196882728487, "solver": "iterative_paths.make_fom(L, dt, \"fft\") = fft_tight at the target mesh", "storage": "host memory only"}
torch_backend=cuda NVIDIA A100 80GB PCIe
{"epoch": 0, "train_mean_squared_relative_error": 0.2453354973936255, "wall_seconds": 4.156650350429118, "best_so_far": 0.35167021139123644}
{"epoch": 1, "train_mean_squared_relative_error": 0.05744148939279682, "wall_seconds": 7.649948362261057, "best_so_far": 0.21960309955130336}
{"epoch": 2, "train_mean_squared_relative_error": 0.0282600992793272, "wall_seconds": 11.18055298505351, "best_so_far": 0.1919631644162143}
{"epoch": 3, "train_mean_squared_relative_error": 0.021346068112223778, "wall_seconds": 14.65781374135986, "best_so_far": 0.17246581678997439}
{"epoch": 4, "train_mean_squared_relative_error": 0.01899600507992413, "wall_seconds": 18.100533386226743, "best_so_far": 0.17246581678997439}
{"epoch": 5, "train_mean_squared_relative_error": 0.019045130905711954, "wall_seconds": 21.097378549166024, "best_so_far": 0.15941669104066136}
{"epoch": 6, "train_mean_squared_relative_error": 0.014728538989709675, "wall_seconds": 24.64668504614383, "best_so_far": 0.1547740136132318}
{"epoch": 7, "train_mean_squared_relative_error": 0.014562258223296242, "wall_seconds": 28.24271055497229, "best_so_far": 0.14267083983476517}
{"epoch": 8, "train_mean_squared_relative_error": 0.011704453962510524, "wall_seconds": 31.834092846140265, "best_so_far": 0.1169210590219143}
{"epoch": 9, "train_mean_squared_relative_error": 0.01009527018773665, "wall_seconds": 35.4785655522719, "best_so_far": 0.1169210590219143}
{"epoch": 10, "train_mean_squared_relative_error": 0.012100153975181417, "wall_seconds": 38.48413672996685, "best_so_far": 0.1169210590219143}
{"epoch": 11, "train_mean_squared_relative_error": 0.012170014700931606, "wall_seconds": 41.539484976325184, "best_so_far": 0.1169210590219143}
{"epoch": 12, "train_mean_squared_relative_error": 0.011174649630780388, "wall_seconds": 44.562659258022904, "best_so_far": 0.10553355052561372}
{"epoch": 13, "train_mean_squared_relative_error": 0.012071908346544178, "wall_seconds": 48.04581182822585, "best_so_far": 0.10553355052561372}
{"epoch": 14, "train_mean_squared_relative_error": 0.009010438627726368, "wall_seconds": 51.050603934098035, "best_so_far": 0.10553355052561372}
{"epoch": 15, "train_mean_squared_relative_error": 0.007970379989662853, "wall_seconds": 54.1180268060416, "best_so_far": 0.09792788355953161}
{"epoch": 16, "train_mean_squared_relative_error": 0.0071643339707656946, "wall_seconds": 57.76394170708954, "best_so_far": 0.09792788355953161}
{"epoch": 17, "train_mean_squared_relative_error": 0.006425788719518146, "wall_seconds": 60.73103334615007, "best_so_far": 0.09447409378499966}
{"epoch": 18, "train_mean_squared_relative_error": 0.008042567068930927, "wall_seconds": 64.21627013804391, "best_so_far": 0.09447409378499966}
{"epoch": 19, "train_mean_squared_relative_error": 0.007120539541872171, "wall_seconds": 67.26762985717505, "best_so_far": 0.09447409378499966}
{"epoch": 20, "train_mean_squared_relative_error": 0.006835337332516318, "wall_seconds": 70.42524852324277, "best_so_far": 0.09447409378499966}
{"epoch": 21, "train_mean_squared_relative_error": 0.0062447107587038165, "wall_seconds": 73.53534611221403, "best_so_far": 0.09010579650579546}
{"epoch": 22, "train_mean_squared_relative_error": 0.0053083924253881426, "wall_seconds": 77.06520642200485, "best_so_far": 0.08578118455615187}
{"epoch": 23, "train_mean_squared_relative_error": 0.005203473157441821, "wall_seconds": 80.70810753013939, "best_so_far": 0.08402529872652613}
{"epoch": 24, "train_mean_squared_relative_error": 0.004967626357094266, "wall_seconds": 84.34301168518141, "best_so_far": 0.08402529872652613}
{"epoch": 25, "train_mean_squared_relative_error": 0.005173247674858372, "wall_seconds": 87.36630129022524, "best_so_far": 0.08402529872652613}
{"epoch": 26, "train_mean_squared_relative_error": 0.004504528930365462, "wall_seconds": 90.4304751851596, "best_so_far": 0.08124038711899348}
{"epoch": 27, "train_mean_squared_relative_error": 0.004853173830583314, "wall_seconds": 94.02289760718122, "best_so_far": 0.08124038711899348}
{"epoch": 28, "train_mean_squared_relative_error": 0.006980164093695876, "wall_seconds": 97.06905603222549, "best_so_far": 0.08124038711899348}
{"epoch": 29, "train_mean_squared_relative_error": 0.00833407244218708, "wall_seconds": 100.16347519308329, "best_so_far": 0.08124038711899348}
{"epoch": 30, "train_mean_squared_relative_error": 0.008255630222025145, "wall_seconds": 103.21990636922419, "best_so_far": 0.08124038711899348}
{"epoch": 31, "train_mean_squared_relative_error": 0.006058890654450915, "wall_seconds": 106.3026966303587, "best_so_far": 0.08124038711899348}
{"epoch": 32, "train_mean_squared_relative_error": 0.008621848288053598, "wall_seconds": 109.36968447640538, "best_so_far": 0.08124038711899348}
{"epoch": 33, "train_mean_squared_relative_error": 0.006001623553014442, "wall_seconds": 112.45343248033896, "best_so_far": 0.08124038711899348}
{"epoch": 34, "train_mean_squared_relative_error": 0.004671353265536823, "wall_seconds": 115.61047063721344, "best_so_far": 0.07785072431046754}
{"epoch": 35, "train_mean_squared_relative_error": 0.0035139519891562994, "wall_seconds": 119.3522865800187, "best_so_far": 0.07396566473464625}
{"epoch": 36, "train_mean_squared_relative_error": 0.003686316715494886, "wall_seconds": 123.0072439960204, "best_so_far": 0.07396566473464625}
{"epoch": 37, "train_mean_squared_relative_error": 0.003750589295414396, "wall_seconds": 126.10953866736963, "best_so_far": 0.07396566473464625}
{"epoch": 38, "train_mean_squared_relative_error": 0.003550839003019689, "wall_seconds": 129.21299690799788, "best_so_far": 0.07396566473464625}
{"epoch": 39, "train_mean_squared_relative_error": 0.0034271351519736914, "wall_seconds": 132.38221702212468, "best_so_far": 0.06602433883922355}
{"epoch": 40, "train_mean_squared_relative_error": 0.002757347197565721, "wall_seconds": 136.05164600117132, "best_so_far": 0.06599870653306973}
{"epoch": 41, "train_mean_squared_relative_error": 0.003278929892593067, "wall_seconds": 139.7038615993224, "best_so_far": 0.06599870653306973}
{"epoch": 42, "train_mean_squared_relative_error": 0.00311127763614126, "wall_seconds": 142.8124578623101, "best_so_far": 0.06599870653306973}
{"epoch": 43, "train_mean_squared_relative_error": 0.002920055373112578, "wall_seconds": 145.87509659305215, "best_so_far": 0.06599870653306973}
{"epoch": 44, "train_mean_squared_relative_error": 0.0028897248086601473, "wall_seconds": 148.92743375804275, "best_so_far": 0.06599870653306973}
{"epoch": 45, "train_mean_squared_relative_error": 0.002856041929699277, "wall_seconds": 152.03512020921335, "best_so_far": 0.06599870653306973}
{"epoch": 46, "train_mean_squared_relative_error": 0.0031299174135324373, "wall_seconds": 155.1695897160098, "best_so_far": 0.06505073622863279}
{"epoch": 47, "train_mean_squared_relative_error": 0.0027101743815188812, "wall_seconds": 158.8160929051228, "best_so_far": 0.06505073622863279}
{"epoch": 48, "train_mean_squared_relative_error": 0.0029248908697132227, "wall_seconds": 162.13659193040803, "best_so_far": 0.06505073622863279}
{"epoch": 49, "train_mean_squared_relative_error": 0.002582829283591642, "wall_seconds": 165.3956970591098, "best_so_far": 0.06250654825127525}
{"epoch": 50, "train_mean_squared_relative_error": 0.0021232494670656464, "wall_seconds": 169.08973891939968, "best_so_far": 0.06250654825127525}
{"epoch": 51, "train_mean_squared_relative_error": 0.0025304034354312237, "wall_seconds": 172.1774465981871, "best_so_far": 0.06250654825127525}
{"epoch": 52, "train_mean_squared_relative_error": 0.002489192214584415, "wall_seconds": 175.2760100150481, "best_so_far": 0.06250654825127525}
{"epoch": 53, "train_mean_squared_relative_error": 0.004389294634527652, "wall_seconds": 178.35857736505568, "best_so_far": 0.06250654825127525}
{"epoch": 54, "train_mean_squared_relative_error": 0.004026522482503903, "wall_seconds": 181.436704964377, "best_so_far": 0.06250654825127525}
{"epoch": 55, "train_mean_squared_relative_error": 0.0029379136277139133, "wall_seconds": 184.59893186530098, "best_so_far": 0.06250654825127525}
{"epoch": 56, "train_mean_squared_relative_error": 0.002374197494922527, "wall_seconds": 187.78887575818226, "best_so_far": 0.06250654825127525}
{"epoch": 57, "train_mean_squared_relative_error": 0.002814647260937832, "wall_seconds": 191.13068929640576, "best_so_far": 0.06250654825127525}
{"epoch": 58, "train_mean_squared_relative_error": 0.003162153858019216, "wall_seconds": 194.35212631104514, "best_so_far": 0.06250654825127525}
{"epoch": 59, "train_mean_squared_relative_error": 0.0030027425002067416, "wall_seconds": 197.498147231061, "best_so_far": 0.06250654825127525}
{"epoch": 60, "train_mean_squared_relative_error": 0.002870279655929912, "wall_seconds": 200.58892940124497, "best_so_far": 0.06250654825127525}
{"epoch": 61, "train_mean_squared_relative_error": 0.0022890927297219625, "wall_seconds": 203.66812326107174, "best_so_far": 0.05843659190107274}
{"epoch": 62, "train_mean_squared_relative_error": 0.002140956561597871, "wall_seconds": 207.44739481434226, "best_so_far": 0.05232300748811865}
{"epoch": 63, "train_mean_squared_relative_error": 0.0022156587654056006, "wall_seconds": 211.05509419599548, "best_so_far": 0.05232300748811865}
{"epoch": 64, "train_mean_squared_relative_error": 0.002992038635555347, "wall_seconds": 214.15264561539516, "best_so_far": 0.05232300748811865}
{"epoch": 65, "train_mean_squared_relative_error": 0.0033648965696148054, "wall_seconds": 217.2559186303988, "best_so_far": 0.05232300748811865}
{"epoch": 66, "train_mean_squared_relative_error": 0.003762416837811004, "wall_seconds": 220.34759470215067, "best_so_far": 0.05232300748811865}
{"epoch": 67, "train_mean_squared_relative_error": 0.0037836412856120123, "wall_seconds": 223.44568213215098, "best_so_far": 0.05232300748811865}
{"epoch": 68, "train_mean_squared_relative_error": 0.002607531288748129, "wall_seconds": 226.5292961942032, "best_so_far": 0.05232300748811865}
{"epoch": 69, "train_mean_squared_relative_error": 0.0019457373734615554, "wall_seconds": 229.70764413429424, "best_so_far": 0.05232300748811865}
{"epoch": 70, "train_mean_squared_relative_error": 0.0018839252530962814, "wall_seconds": 232.85494359536096, "best_so_far": 0.05232300748811865}
{"epoch": 71, "train_mean_squared_relative_error": 0.0025196880450530294, "wall_seconds": 235.9548081853427, "best_so_far": 0.05232300748811865}
{"epoch": 72, "train_mean_squared_relative_error": 0.003483800628582954, "wall_seconds": 239.02418570034206, "best_so_far": 0.05232300748811865}
{"epoch": 73, "train_mean_squared_relative_error": 0.0019828095118234945, "wall_seconds": 242.16743892338127, "best_so_far": 0.05232300748811865}
{"epoch": 74, "train_mean_squared_relative_error": 0.0018000366567179212, "wall_seconds": 245.3171304310672, "best_so_far": 0.05232300748811865}
{"epoch": 75, "train_mean_squared_relative_error": 0.0020282837941980013, "wall_seconds": 248.39905982511118, "best_so_far": 0.05232300748811865}
{"epoch": 76, "train_mean_squared_relative_error": 0.0017720830395362439, "wall_seconds": 251.48317966004834, "best_so_far": 0.05232300748811865}
{"epoch": 77, "train_mean_squared_relative_error": 0.0020126277898889376, "wall_seconds": 254.59608015837148, "best_so_far": 0.05232300748811865}
{"epoch": 78, "train_mean_squared_relative_error": 0.0018386305494423859, "wall_seconds": 257.7907507093623, "best_so_far": 0.05232300748811865}
{"epoch": 79, "train_mean_squared_relative_error": 0.0018124826996127775, "wall_seconds": 260.94349200930446, "best_so_far": 0.05232300748811865}
{"epoch": 80, "train_mean_squared_relative_error": 0.002016691403186344, "wall_seconds": 264.0337960412726, "best_so_far": 0.05232300748811865}
{"epoch": 81, "train_mean_squared_relative_error": 0.002750741311165164, "wall_seconds": 267.097420908045, "best_so_far": 0.05232300748811865}
{"epoch": 82, "train_mean_squared_relative_error": 0.0027993945512165995, "wall_seconds": 270.1947578303516, "best_so_far": 0.05232300748811865}
{"epoch": 83, "train_mean_squared_relative_error": 0.0021098564268444125, "wall_seconds": 273.2777329403907, "best_so_far": 0.05232300748811865}
{"epoch": 84, "train_mean_squared_relative_error": 0.001353962268621463, "wall_seconds": 276.379077419173, "best_so_far": 0.04788606372157014}
{"epoch": 85, "train_mean_squared_relative_error": 0.0012473166598277715, "wall_seconds": 279.9718854762614, "best_so_far": 0.04783097752952715}
{"epoch": 86, "train_mean_squared_relative_error": 0.0011203967026865666, "wall_seconds": 283.5911449431442, "best_so_far": 0.045274162346373936}
{"epoch": 87, "train_mean_squared_relative_error": 0.0010411606120694702, "wall_seconds": 287.27276527602226, "best_so_far": 0.04351348449570236}
{"epoch": 88, "train_mean_squared_relative_error": 0.0010401742198664766, "wall_seconds": 290.9625982232392, "best_so_far": 0.04351348449570236}
{"epoch": 89, "train_mean_squared_relative_error": 0.0010353162811846197, "wall_seconds": 294.14889397798106, "best_so_far": 0.04351348449570236}
{"epoch": 90, "train_mean_squared_relative_error": 0.000982112579242711, "wall_seconds": 297.2373899980448, "best_so_far": 0.042430558376847095}
{"epoch": 91, "train_mean_squared_relative_error": 0.0010177809308807876, "wall_seconds": 300.87565652420744, "best_so_far": 0.042430558376847095}
{"epoch": 92, "train_mean_squared_relative_error": 0.0009316594870483105, "wall_seconds": 304.0276952502318, "best_so_far": 0.04167721611193338}
{"epoch": 93, "train_mean_squared_relative_error": 0.0008764399175206168, "wall_seconds": 307.7592138592154, "best_so_far": 0.04167721611193338}
{"epoch": 94, "train_mean_squared_relative_error": 0.0010646803840794938, "wall_seconds": 310.8397113182582, "best_so_far": 0.04167721611193338}
{"epoch": 95, "train_mean_squared_relative_error": 0.0013203829822130127, "wall_seconds": 313.9996853512712, "best_so_far": 0.04167721611193338}
{"epoch": 96, "train_mean_squared_relative_error": 0.0014093449980907328, "wall_seconds": 317.1253679981455, "best_so_far": 0.04167721611193338}
{"epoch": 97, "train_mean_squared_relative_error": 0.001110458264788142, "wall_seconds": 320.52527873497456, "best_so_far": 0.04167721611193338}
{"epoch": 98, "train_mean_squared_relative_error": 0.0015057324890347585, "wall_seconds": 323.6559386663139, "best_so_far": 0.04167721611193338}
{"epoch": 99, "train_mean_squared_relative_error": 0.001422331720824281, "wall_seconds": 326.7784265000373, "best_so_far": 0.04167721611193338}
{"epoch": 100, "train_mean_squared_relative_error": 0.000992899068577089, "wall_seconds": 329.927269754, "best_so_far": 0.04167721611193338}
{"epoch": 101, "train_mean_squared_relative_error": 0.0008727587983764694, "wall_seconds": 333.00645288219675, "best_so_far": 0.041182528739856304}
{"epoch": 102, "train_mean_squared_relative_error": 0.0008704184242145132, "wall_seconds": 336.72820564638823, "best_so_far": 0.041182528739856304}
{"epoch": 103, "train_mean_squared_relative_error": 0.0009182081569382235, "wall_seconds": 339.83559506433085, "best_so_far": 0.041182528739856304}
{"epoch": 104, "train_mean_squared_relative_error": 0.0008882722622234557, "wall_seconds": 342.92148905806243, "best_so_far": 0.04080833058922183}
{"epoch": 105, "train_mean_squared_relative_error": 0.0008172645400171765, "wall_seconds": 346.5804558172822, "best_so_far": 0.04080833058922183}
{"epoch": 106, "train_mean_squared_relative_error": 0.0009937932074851736, "wall_seconds": 349.6942992550321, "best_so_far": 0.04080833058922183}
{"epoch": 107, "train_mean_squared_relative_error": 0.0009634910193223077, "wall_seconds": 352.79310078406706, "best_so_far": 0.04080833058922183}
{"epoch": 108, "train_mean_squared_relative_error": 0.0009793975944440358, "wall_seconds": 355.9500796813518, "best_so_far": 0.04080833058922183}
{"epoch": 109, "train_mean_squared_relative_error": 0.0009657318080522506, "wall_seconds": 359.05459781736135, "best_so_far": 0.0406493422483158}
{"epoch": 110, "train_mean_squared_relative_error": 0.0007728663727348251, "wall_seconds": 362.7214592122473, "best_so_far": 0.0406493422483158}
{"epoch": 111, "train_mean_squared_relative_error": 0.0007438101492177603, "wall_seconds": 365.8812282602303, "best_so_far": 0.04026744243169121}
{"epoch": 112, "train_mean_squared_relative_error": 0.0007447835138065391, "wall_seconds": 369.55970974313095, "best_so_far": 0.03775099964805761}
{"epoch": 113, "train_mean_squared_relative_error": 0.0008134196749628781, "wall_seconds": 373.118322446011, "best_so_far": 0.03775099964805761}
{"epoch": 114, "train_mean_squared_relative_error": 0.000994059127191455, "wall_seconds": 376.1485147792846, "best_so_far": 0.03775099964805761}
{"epoch": 115, "train_mean_squared_relative_error": 0.0014299906858309874, "wall_seconds": 379.23441126942635, "best_so_far": 0.03775099964805761}
{"epoch": 116, "train_mean_squared_relative_error": 0.0009615225494183624, "wall_seconds": 382.2977904933505, "best_so_far": 0.03775099964805761}
{"epoch": 117, "train_mean_squared_relative_error": 0.0010197446463878468, "wall_seconds": 385.38484446005896, "best_so_far": 0.03775099964805761}
{"epoch": 118, "train_mean_squared_relative_error": 0.0010551773472197406, "wall_seconds": 388.51450464641675, "best_so_far": 0.03775099964805761}
{"epoch": 119, "train_mean_squared_relative_error": 0.0008617379660173227, "wall_seconds": 391.62522026337683, "best_so_far": 0.03775099964805761}
{"epoch": 120, "train_mean_squared_relative_error": 0.0007262608659037269, "wall_seconds": 394.7206688253209, "best_so_far": 0.03775099964805761}
{"epoch": 121, "train_mean_squared_relative_error": 0.0009625150440097325, "wall_seconds": 397.7927979421802, "best_so_far": 0.03775099964805761}
{"epoch": 122, "train_mean_squared_relative_error": 0.0008504453900376192, "wall_seconds": 400.8845222601667, "best_so_far": 0.03775099964805761}
{"epoch": 123, "train_mean_squared_relative_error": 0.00081061194592558, "wall_seconds": 403.93010539514944, "best_so_far": 0.03775099964805761}
{"epoch": 124, "train_mean_squared_relative_error": 0.0007467055140580523, "wall_seconds": 407.04452412901446, "best_so_far": 0.03775099964805761}
{"epoch": 125, "train_mean_squared_relative_error": 0.0007009514355812192, "wall_seconds": 410.1697913100943, "best_so_far": 0.03775099964805761}
{"epoch": 126, "train_mean_squared_relative_error": 0.0008329823499570258, "wall_seconds": 413.36049314029515, "best_so_far": 0.03775099964805761}
{"epoch": 127, "train_mean_squared_relative_error": 0.0007398711799092119, "wall_seconds": 416.4394364710897, "best_so_far": 0.03775099964805761}
{"epoch": 128, "train_mean_squared_relative_error": 0.0008063451220049069, "wall_seconds": 419.5044022691436, "best_so_far": 0.03775099964805761}
{"epoch": 129, "train_mean_squared_relative_error": 0.0010159652691245293, "wall_seconds": 422.5773505461402, "best_so_far": 0.03775099964805761}
{"epoch": 130, "train_mean_squared_relative_error": 0.0013800096796047897, "wall_seconds": 425.6584216901101, "best_so_far": 0.03775099964805761}
{"epoch": 131, "train_mean_squared_relative_error": 0.0009721524539866331, "wall_seconds": 428.79137701401487, "best_so_far": 0.03775099964805761}
{"epoch": 132, "train_mean_squared_relative_error": 0.0009801694098118036, "wall_seconds": 431.8779843193479, "best_so_far": 0.03775099964805761}
{"epoch": 133, "train_mean_squared_relative_error": 0.0006783157273220505, "wall_seconds": 435.01499208807945, "best_so_far": 0.036681228509006014}
{"epoch": 134, "train_mean_squared_relative_error": 0.0007309130882853363, "wall_seconds": 438.65113734127954, "best_so_far": 0.036681228509006014}
{"epoch": 135, "train_mean_squared_relative_error": 0.0007861087351810127, "wall_seconds": 441.7406937861815, "best_so_far": 0.036681228509006014}
{"epoch": 136, "train_mean_squared_relative_error": 0.0010219744353602276, "wall_seconds": 444.8205696302466, "best_so_far": 0.036681228509006014}
{"epoch": 137, "train_mean_squared_relative_error": 0.0008800841563283629, "wall_seconds": 447.9016591873951, "best_so_far": 0.036681228509006014}
{"epoch": 138, "train_mean_squared_relative_error": 0.0012688809067722849, "wall_seconds": 450.9558919663541, "best_so_far": 0.036681228509006014}
{"epoch": 139, "train_mean_squared_relative_error": 0.0010848948310611263, "wall_seconds": 454.0300740771927, "best_so_far": 0.036681228509006014}
{"epoch": 140, "train_mean_squared_relative_error": 0.001157382276759004, "wall_seconds": 457.1252037952654, "best_so_far": 0.036681228509006014}
{"epoch": 141, "train_mean_squared_relative_error": 0.0007810942056677378, "wall_seconds": 460.19646670110524, "best_so_far": 0.036681228509006014}
{"epoch": 142, "train_mean_squared_relative_error": 0.0009339997170868799, "wall_seconds": 463.2690081279725, "best_so_far": 0.036681228509006014}
{"epoch": 143, "train_mean_squared_relative_error": 0.0010043444613561958, "wall_seconds": 466.36878955503926, "best_so_far": 0.036681228509006014}
{"epoch": 144, "train_mean_squared_relative_error": 0.001029739481538038, "wall_seconds": 469.44484847038984, "best_so_far": 0.036681228509006014}
{"epoch": 145, "train_mean_squared_relative_error": 0.0009559641757312628, "wall_seconds": 472.572657618206, "best_so_far": 0.036681228509006014}
{"epoch": 146, "train_mean_squared_relative_error": 0.0007828046641010658, "wall_seconds": 475.66274972399697, "best_so_far": 0.036681228509006014}
{"epoch": 147, "train_mean_squared_relative_error": 0.0007566914288936871, "wall_seconds": 478.74819828011096, "best_so_far": 0.036681228509006014}
{"epoch": 148, "train_mean_squared_relative_error": 0.0006970088262587035, "wall_seconds": 481.8544621723704, "best_so_far": 0.036681228509006014}
{"epoch": 149, "train_mean_squared_relative_error": 0.0006864564158590567, "wall_seconds": 484.894981557969, "best_so_far": 0.03537320947972604}
{"epoch": 150, "train_mean_squared_relative_error": 0.0005869249648582265, "wall_seconds": 488.46925741340965, "best_so_far": 0.03537320947972604}
{"epoch": 151, "train_mean_squared_relative_error": 0.0006479295705661703, "wall_seconds": 491.54197250818834, "best_so_far": 0.03537320947972604}
{"epoch": 152, "train_mean_squared_relative_error": 0.0006639633721537279, "wall_seconds": 494.683928550221, "best_so_far": 0.03537320947972604}
{"epoch": 153, "train_mean_squared_relative_error": 0.0005978232224123257, "wall_seconds": 497.8758515692316, "best_so_far": 0.03410235382139411}
{"epoch": 154, "train_mean_squared_relative_error": 0.0005907270646966035, "wall_seconds": 501.47132093738765, "best_so_far": 0.03410235382139411}
{"epoch": 155, "train_mean_squared_relative_error": 0.0006003547938142864, "wall_seconds": 504.59367719618604, "best_so_far": 0.03410235382139411}
{"epoch": 156, "train_mean_squared_relative_error": 0.0007301511922340505, "wall_seconds": 507.6637469632551, "best_so_far": 0.03410235382139411}
{"epoch": 157, "train_mean_squared_relative_error": 0.0007765514307131325, "wall_seconds": 510.73178097140044, "best_so_far": 0.03410235382139411}
{"epoch": 158, "train_mean_squared_relative_error": 0.0009504166215011824, "wall_seconds": 513.8817032813095, "best_so_far": 0.03410235382139411}
{"epoch": 159, "train_mean_squared_relative_error": 0.0010624210982580296, "wall_seconds": 517.0494406530634, "best_so_far": 0.03410235382139411}
{"epoch": 160, "train_mean_squared_relative_error": 0.0011514352766589396, "wall_seconds": 520.1342607783154, "best_so_far": 0.03410235382139411}
{"epoch": 161, "train_mean_squared_relative_error": 0.0008524432867280421, "wall_seconds": 523.2981591853313, "best_so_far": 0.03410235382139411}
{"epoch": 162, "train_mean_squared_relative_error": 0.0009642203893783189, "wall_seconds": 526.4244952602312, "best_so_far": 0.03410235382139411}
{"epoch": 163, "train_mean_squared_relative_error": 0.0006676887994706745, "wall_seconds": 529.4714207570069, "best_so_far": 0.03410235382139411}
{"epoch": 164, "train_mean_squared_relative_error": 0.0007432285312192205, "wall_seconds": 532.579001404345, "best_so_far": 0.03410235382139411}
{"epoch": 165, "train_mean_squared_relative_error": 0.0006769614288512285, "wall_seconds": 535.6441672639921, "best_so_far": 0.03410235382139411}
{"epoch": 166, "train_mean_squared_relative_error": 0.0007832174444249248, "wall_seconds": 538.7068737060763, "best_so_far": 0.03410235382139411}
{"epoch": 167, "train_mean_squared_relative_error": 0.0008969213896185082, "wall_seconds": 541.8247754392214, "best_so_far": 0.03410235382139411}
{"epoch": 168, "train_mean_squared_relative_error": 0.0007988836845470187, "wall_seconds": 545.0080201691017, "best_so_far": 0.03410235382139411}
{"epoch": 169, "train_mean_squared_relative_error": 0.0006274317951503371, "wall_seconds": 548.2191110462882, "best_so_far": 0.03410235382139411}
{"epoch": 170, "train_mean_squared_relative_error": 0.0004808369972418462, "wall_seconds": 551.2643737914041, "best_so_far": 0.032628852340762494}
{"epoch": 171, "train_mean_squared_relative_error": 0.0004774062883514963, "wall_seconds": 554.8554175710306, "best_so_far": 0.032628852340762494}
{"epoch": 172, "train_mean_squared_relative_error": 0.0006917513523638271, "wall_seconds": 557.9255133760162, "best_so_far": 0.0320588691389305}
{"epoch": 173, "train_mean_squared_relative_error": 0.000509536950130256, "wall_seconds": 561.5195275512524, "best_so_far": 0.0320588691389305}
{"epoch": 174, "train_mean_squared_relative_error": 0.0004770912285105573, "wall_seconds": 564.5962948650122, "best_so_far": 0.0320588691389305}
{"epoch": 175, "train_mean_squared_relative_error": 0.0005451588656810972, "wall_seconds": 567.6835662671365, "best_so_far": 0.0320588691389305}
{"epoch": 176, "train_mean_squared_relative_error": 0.0005324836473260568, "wall_seconds": 570.7678687041625, "best_so_far": 0.0320588691389305}
{"epoch": 177, "train_mean_squared_relative_error": 0.0005850331733741401, "wall_seconds": 573.8083378993906, "best_so_far": 0.0320588691389305}
{"epoch": 178, "train_mean_squared_relative_error": 0.0006000848157614332, "wall_seconds": 576.9126369161531, "best_so_far": 0.0320588691389305}
{"epoch": 179, "train_mean_squared_relative_error": 0.0007618056828137083, "wall_seconds": 579.9762367210351, "best_so_far": 0.0320588691389305}
{"epoch": 180, "train_mean_squared_relative_error": 0.0010832354303488127, "wall_seconds": 583.1933476971462, "best_so_far": 0.0320588691389305}
{"epoch": 181, "train_mean_squared_relative_error": 0.0016673792370308655, "wall_seconds": 586.3624245431274, "best_so_far": 0.0320588691389305}
{"epoch": 182, "train_mean_squared_relative_error": 0.0015210887985715993, "wall_seconds": 589.420129770413, "best_so_far": 0.0320588691389305}
{"epoch": 183, "train_mean_squared_relative_error": 0.0012617217731261594, "wall_seconds": 592.4840503381565, "best_so_far": 0.0320588691389305}
{"epoch": 184, "train_mean_squared_relative_error": 0.0009903285363771052, "wall_seconds": 595.5345858023502, "best_so_far": 0.0320588691389305}
{"epoch": 185, "train_mean_squared_relative_error": 0.000929686457344465, "wall_seconds": 598.5991999111138, "best_so_far": 0.0320588691389305}
{"epoch": 186, "train_mean_squared_relative_error": 0.0012793224405461179, "wall_seconds": 601.7199900140986, "best_so_far": 0.0320588691389305}
{"epoch": 187, "train_mean_squared_relative_error": 0.000854209219241286, "wall_seconds": 604.7814592211507, "best_so_far": 0.0320588691389305}
{"epoch": 188, "train_mean_squared_relative_error": 0.0006059103481264694, "wall_seconds": 607.8868472813629, "best_so_far": 0.0320588691389305}
{"epoch": 189, "train_mean_squared_relative_error": 0.0006681801188226609, "wall_seconds": 610.9710658723488, "best_so_far": 0.0320588691389305}
{"epoch": 190, "train_mean_squared_relative_error": 0.000720358002085658, "wall_seconds": 614.0718002603389, "best_so_far": 0.0320588691389305}
{"epoch": 191, "train_mean_squared_relative_error": 0.0005700214742450292, "wall_seconds": 617.2698564813472, "best_so_far": 0.0320588691389305}
{"epoch": 192, "train_mean_squared_relative_error": 0.0005532269479794573, "wall_seconds": 620.4347643740475, "best_so_far": 0.0320588691389305}
{"epoch": 193, "train_mean_squared_relative_error": 0.0005437331309729567, "wall_seconds": 623.5744854742661, "best_so_far": 0.0320588691389305}
{"epoch": 194, "train_mean_squared_relative_error": 0.00045397718097903075, "wall_seconds": 626.7798603703268, "best_so_far": 0.030145256794734558}
{"epoch": 195, "train_mean_squared_relative_error": 0.0003622931731616139, "wall_seconds": 630.5564040713944, "best_so_far": 0.02979183790441678}
{"epoch": 196, "train_mean_squared_relative_error": 0.00036993938664439723, "wall_seconds": 634.1661165943369, "best_so_far": 0.02979183790441678}
{"epoch": 197, "train_mean_squared_relative_error": 0.0003462836674469044, "wall_seconds": 637.2655594102107, "best_so_far": 0.028660212880227916}
{"epoch": 198, "train_mean_squared_relative_error": 0.0003244458681159145, "wall_seconds": 640.8631567331031, "best_so_far": 0.02806973757081673}
{"epoch": 199, "train_mean_squared_relative_error": 0.00032128083393909477, "wall_seconds": 644.4493724959902, "best_so_far": 0.02806973757081673}
{"epoch": 200, "train_mean_squared_relative_error": 0.0004133779459788299, "wall_seconds": 647.5270555932075, "best_so_far": 0.02806973757081673}
{"epoch": 201, "train_mean_squared_relative_error": 0.0003888198335361162, "wall_seconds": 650.5816733441316, "best_so_far": 0.02806973757081673}
{"epoch": 202, "train_mean_squared_relative_error": 0.0003449285432178688, "wall_seconds": 653.7040342330001, "best_so_far": 0.02806973757081673}
{"epoch": 203, "train_mean_squared_relative_error": 0.0003332865785724917, "wall_seconds": 656.8342287903652, "best_so_far": 0.02806973757081673}
{"epoch": 204, "train_mean_squared_relative_error": 0.000324708804725358, "wall_seconds": 659.9154631979764, "best_so_far": 0.02713129741153492}
{"epoch": 205, "train_mean_squared_relative_error": 0.0003003256835939491, "wall_seconds": 663.5946250660345, "best_so_far": 0.02713129741153492}
{"epoch": 206, "train_mean_squared_relative_error": 0.00029770647708553, "wall_seconds": 666.7235110909678, "best_so_far": 0.02713129741153492}
{"epoch": 207, "train_mean_squared_relative_error": 0.00030870068322147985, "wall_seconds": 669.7650738749653, "best_so_far": 0.027102313777393035}
{"epoch": 208, "train_mean_squared_relative_error": 0.0002945784401072566, "wall_seconds": 673.3915149234235, "best_so_far": 0.026460991889950106}
{"epoch": 209, "train_mean_squared_relative_error": 0.0003093926382289627, "wall_seconds": 678.8760574082844, "best_so_far": 0.026460991889950106}
{"epoch": 210, "train_mean_squared_relative_error": 0.000319118242209575, "wall_seconds": 681.965305023361, "best_so_far": 0.026460991889950106}
{"epoch": 211, "train_mean_squared_relative_error": 0.000306651124095192, "wall_seconds": 685.0529807903804, "best_so_far": 0.026460991889950106}
{"epoch": 212, "train_mean_squared_relative_error": 0.0002957474528715465, "wall_seconds": 688.1093107042834, "best_so_far": 0.026460991889950106}
{"epoch": 213, "train_mean_squared_relative_error": 0.0003361659436990055, "wall_seconds": 691.2810857524164, "best_so_far": 0.026460991889950106}
{"epoch": 214, "train_mean_squared_relative_error": 0.00032052817260006135, "wall_seconds": 694.3032920141704, "best_so_far": 0.026460991889950106}
{"epoch": 215, "train_mean_squared_relative_error": 0.000338371551698655, "wall_seconds": 697.3454262623563, "best_so_far": 0.026460991889950106}
{"epoch": 216, "train_mean_squared_relative_error": 0.00035521239436602794, "wall_seconds": 700.422126387246, "best_so_far": 0.026460991889950106}
{"epoch": 217, "train_mean_squared_relative_error": 0.0003451267988149024, "wall_seconds": 703.517564847134, "best_so_far": 0.026460991889950106}
{"epoch": 218, "train_mean_squared_relative_error": 0.00033862208785778296, "wall_seconds": 706.6909058601595, "best_so_far": 0.026460991889950106}
{"epoch": 219, "train_mean_squared_relative_error": 0.00029712375460211093, "wall_seconds": 709.778885956388, "best_so_far": 0.026312337730892945}
{"epoch": 220, "train_mean_squared_relative_error": 0.00030320233420969033, "wall_seconds": 713.4041080041789, "best_so_far": 0.0261511706018362}
{"epoch": 221, "train_mean_squared_relative_error": 0.00028859769667985565, "wall_seconds": 716.9777884744108, "best_so_far": 0.0261511706018362}
{"epoch": 222, "train_mean_squared_relative_error": 0.0002750634298337186, "wall_seconds": 720.0264320881106, "best_so_far": 0.026045030798793917}
{"epoch": 223, "train_mean_squared_relative_error": 0.0002690782789061047, "wall_seconds": 723.6634792489931, "best_so_far": 0.026045030798793917}
{"epoch": 224, "train_mean_squared_relative_error": 0.0002602445544939059, "wall_seconds": 726.7912773219869, "best_so_far": 0.025926237440307778}
{"epoch": 225, "train_mean_squared_relative_error": 0.00026511291297469966, "wall_seconds": 730.3475970569998, "best_so_far": 0.02554690828157692}
{"epoch": 226, "train_mean_squared_relative_error": 0.0002653818544979026, "wall_seconds": 733.8867642721161, "best_so_far": 0.02554690828157692}
{"epoch": 227, "train_mean_squared_relative_error": 0.00027268519547916453, "wall_seconds": 736.9469764069654, "best_so_far": 0.025507836704431484}
{"epoch": 228, "train_mean_squared_relative_error": 0.0002557218575921268, "wall_seconds": 740.465443930123, "best_so_far": 0.025507836704431484}
{"epoch": 229, "train_mean_squared_relative_error": 0.00027447235249565533, "wall_seconds": 743.5816378761083, "best_so_far": 0.025507836704431484}
{"epoch": 230, "train_mean_squared_relative_error": 0.0003460395022011235, "wall_seconds": 746.6846562642604, "best_so_far": 0.025507836704431484}
{"epoch": 231, "train_mean_squared_relative_error": 0.000384463355578127, "wall_seconds": 749.9441143241711, "best_so_far": 0.025507836704431484}
{"epoch": 232, "train_mean_squared_relative_error": 0.0004147259949178763, "wall_seconds": 753.1338842040859, "best_so_far": 0.025507836704431484}
{"epoch": 233, "train_mean_squared_relative_error": 0.0003723881133424067, "wall_seconds": 756.3937554871663, "best_so_far": 0.025507836704431484}
{"epoch": 234, "train_mean_squared_relative_error": 0.00032378447687920467, "wall_seconds": 759.551334834192, "best_so_far": 0.025507836704431484}
{"epoch": 235, "train_mean_squared_relative_error": 0.0003309833063715821, "wall_seconds": 762.7708247522824, "best_so_far": 0.025507836704431484}
{"epoch": 236, "train_mean_squared_relative_error": 0.00032878655757760834, "wall_seconds": 765.8405318320729, "best_so_far": 0.025507836704431484}
{"epoch": 237, "train_mean_squared_relative_error": 0.0002819773602749183, "wall_seconds": 768.9350864794105, "best_so_far": 0.02512118915501948}
{"epoch": 238, "train_mean_squared_relative_error": 0.0002767874225370328, "wall_seconds": 772.5050167911686, "best_so_far": 0.024617994776634653}
{"epoch": 239, "train_mean_squared_relative_error": 0.0002661610447248083, "wall_seconds": 776.1132492893375, "best_so_far": 0.024617994776634653}
{"epoch": 240, "train_mean_squared_relative_error": 0.0002516199061095177, "wall_seconds": 779.2124490733258, "best_so_far": 0.024617994776634653}
{"epoch": 241, "train_mean_squared_relative_error": 0.00026948029999207383, "wall_seconds": 782.3279631594196, "best_so_far": 0.024617994776634653}
{"epoch": 242, "train_mean_squared_relative_error": 0.0002469163753347415, "wall_seconds": 785.3668049802072, "best_so_far": 0.024617994776634653}
{"epoch": 243, "train_mean_squared_relative_error": 0.0002480171773774369, "wall_seconds": 788.4616127391346, "best_so_far": 0.024617994776634653}
{"epoch": 244, "train_mean_squared_relative_error": 0.0002403010022829985, "wall_seconds": 791.6134080481716, "best_so_far": 0.024617994776634653}
{"epoch": 245, "train_mean_squared_relative_error": 0.00030235873312093773, "wall_seconds": 794.9171455283649, "best_so_far": 0.024617994776634653}
{"epoch": 246, "train_mean_squared_relative_error": 0.00030579167765650716, "wall_seconds": 798.1047492213547, "best_so_far": 0.024617994776634653}
{"epoch": 247, "train_mean_squared_relative_error": 0.0002992399537260352, "wall_seconds": 801.3572146142833, "best_so_far": 0.024617994776634653}
{"epoch": 248, "train_mean_squared_relative_error": 0.00036725623233207014, "wall_seconds": 804.4611664111726, "best_so_far": 0.024617994776634653}
{"epoch": 249, "train_mean_squared_relative_error": 0.0003143222921946613, "wall_seconds": 807.642131970264, "best_so_far": 0.024617994776634653}
{"epoch": 250, "train_mean_squared_relative_error": 0.000287687218268196, "wall_seconds": 810.7310053091496, "best_so_far": 0.024617994776634653}
{"epoch": 251, "train_mean_squared_relative_error": 0.00030127357586417, "wall_seconds": 813.8271787320264, "best_so_far": 0.024617994776634653}
{"epoch": 252, "train_mean_squared_relative_error": 0.0002749994880528342, "wall_seconds": 816.9447073810734, "best_so_far": 0.024617994776634653}
{"epoch": 253, "train_mean_squared_relative_error": 0.00026323882249632864, "wall_seconds": 820.0545694520697, "best_so_far": 0.024617994776634653}
{"epoch": 254, "train_mean_squared_relative_error": 0.0002877858201586116, "wall_seconds": 823.2302747829817, "best_so_far": 0.024617994776634653}
{"epoch": 255, "train_mean_squared_relative_error": 0.00027864709171868346, "wall_seconds": 826.3900977512822, "best_so_far": 0.024617994776634653}
{"epoch": 256, "train_mean_squared_relative_error": 0.000272089387692711, "wall_seconds": 829.6754447040148, "best_so_far": 0.024617994776634653}
{"epoch": 257, "train_mean_squared_relative_error": 0.00032000723544517586, "wall_seconds": 832.8862467412837, "best_so_far": 0.024617994776634653}
{"epoch": 258, "train_mean_squared_relative_error": 0.00026149528786703814, "wall_seconds": 836.0869555422105, "best_so_far": 0.024617994776634653}
{"epoch": 259, "train_mean_squared_relative_error": 0.00024712483277813263, "wall_seconds": 839.2172788442113, "best_so_far": 0.024617994776634653}
{"epoch": 260, "train_mean_squared_relative_error": 0.000220008209347778, "wall_seconds": 842.3205856201239, "best_so_far": 0.023956481836640793}
{"epoch": 261, "train_mean_squared_relative_error": 0.0002056122538554018, "wall_seconds": 845.9871625113301, "best_so_far": 0.02358731149416038}
{"epoch": 262, "train_mean_squared_relative_error": 0.0002196672685006036, "wall_seconds": 849.6001959461719, "best_so_far": 0.02358731149416038}
{"epoch": 263, "train_mean_squared_relative_error": 0.00020399681532988145, "wall_seconds": 852.9195451601408, "best_so_far": 0.02358731149416038}
{"epoch": 264, "train_mean_squared_relative_error": 0.0001956230393755502, "wall_seconds": 856.0137190041132, "best_so_far": 0.023257249775783362}
{"epoch": 265, "train_mean_squared_relative_error": 0.0001954338327836256, "wall_seconds": 859.569886079058, "best_so_far": 0.02299323878081213}
{"epoch": 266, "train_mean_squared_relative_error": 0.00020513078434702603, "wall_seconds": 863.1529981461354, "best_so_far": 0.02299323878081213}
{"epoch": 267, "train_mean_squared_relative_error": 0.0002105218752542091, "wall_seconds": 866.2432259060442, "best_so_far": 0.02299323878081213}
{"epoch": 268, "train_mean_squared_relative_error": 0.0001911432692781703, "wall_seconds": 869.3548516393639, "best_so_far": 0.02299323878081213}
{"epoch": 269, "train_mean_squared_relative_error": 0.00018872382651276707, "wall_seconds": 872.5205449322239, "best_so_far": 0.02266203739599274}
{"epoch": 270, "train_mean_squared_relative_error": 0.00019310222710115104, "wall_seconds": 876.2042018850334, "best_so_far": 0.02266203739599274}
{"epoch": 271, "train_mean_squared_relative_error": 0.0002007068429045973, "wall_seconds": 879.3276079082862, "best_so_far": 0.02266203739599274}
{"epoch": 272, "train_mean_squared_relative_error": 0.0001952913440961458, "wall_seconds": 882.5413527712226, "best_so_far": 0.02266203739599274}
{"epoch": 273, "train_mean_squared_relative_error": 0.00019126432705259601, "wall_seconds": 885.6785348923877, "best_so_far": 0.02266203739599274}
{"epoch": 274, "train_mean_squared_relative_error": 0.00018705871513843223, "wall_seconds": 888.9050466883928, "best_so_far": 0.02266203739599274}
{"epoch": 275, "train_mean_squared_relative_error": 0.00018376464368291908, "wall_seconds": 891.9871842311695, "best_so_far": 0.02266203739599274}
{"epoch": 276, "train_mean_squared_relative_error": 0.00018517424009771433, "wall_seconds": 895.0850443253294, "best_so_far": 0.02266203739599274}
{"epoch": 277, "train_mean_squared_relative_error": 0.00017962567468866552, "wall_seconds": 898.171846840065, "best_so_far": 0.022247682974541896}
{"epoch": 278, "train_mean_squared_relative_error": 0.00018448079043463693, "wall_seconds": 901.8086641114205, "best_so_far": 0.022247682974541896}
{"epoch": 279, "train_mean_squared_relative_error": 0.00018959547430646374, "wall_seconds": 904.8836378250271, "best_so_far": 0.022247682974541896}
{"epoch": 280, "train_mean_squared_relative_error": 0.00019659448153945682, "wall_seconds": 908.0479225711897, "best_so_far": 0.022247682974541896}
{"epoch": 281, "train_mean_squared_relative_error": 0.00020825946183642736, "wall_seconds": 911.1264620753936, "best_so_far": 0.022247682974541896}
{"epoch": 282, "train_mean_squared_relative_error": 0.0001979761640274278, "wall_seconds": 914.2267232863232, "best_so_far": 0.02209598444780188}
{"epoch": 283, "train_mean_squared_relative_error": 0.00018070372238720596, "wall_seconds": 917.9054930233397, "best_so_far": 0.022034758224708892}
{"epoch": 284, "train_mean_squared_relative_error": 0.00018666467663332715, "wall_seconds": 921.5300592100248, "best_so_far": 0.022034758224708892}
{"epoch": 285, "train_mean_squared_relative_error": 0.00019066739076078915, "wall_seconds": 924.5900002801791, "best_so_far": 0.022034758224708892}
{"epoch": 286, "train_mean_squared_relative_error": 0.00018405619575594554, "wall_seconds": 927.6856265710667, "best_so_far": 0.02198716275247184}
{"epoch": 287, "train_mean_squared_relative_error": 0.00018230353775726952, "wall_seconds": 931.3873245320283, "best_so_far": 0.02198716275247184}
{"epoch": 288, "train_mean_squared_relative_error": 0.0001826998166426584, "wall_seconds": 934.4727625930682, "best_so_far": 0.02198716275247184}
{"epoch": 289, "train_mean_squared_relative_error": 0.00018510057522184056, "wall_seconds": 937.5769699662924, "best_so_far": 0.02198716275247184}
{"epoch": 290, "train_mean_squared_relative_error": 0.0001847036152406723, "wall_seconds": 940.6722763911821, "best_so_far": 0.02198716275247184}
{"epoch": 291, "train_mean_squared_relative_error": 0.0001834091557553044, "wall_seconds": 943.8209806950763, "best_so_far": 0.02198716275247184}
{"epoch": 292, "train_mean_squared_relative_error": 0.00018398703088410613, "wall_seconds": 946.9014124670066, "best_so_far": 0.02198716275247184}
{"epoch": 293, "train_mean_squared_relative_error": 0.0001906638107215307, "wall_seconds": 950.0243360293098, "best_so_far": 0.021986041749552578}
{"epoch": 294, "train_mean_squared_relative_error": 0.0001822282104810404, "wall_seconds": 953.6628533182666, "best_so_far": 0.021986041749552578}
{"epoch": 295, "train_mean_squared_relative_error": 0.00017357607382758653, "wall_seconds": 956.7343134693801, "best_so_far": 0.021805408097861318}
{"epoch": 296, "train_mean_squared_relative_error": 0.00018872579405407935, "wall_seconds": 960.4356008791365, "best_so_far": 0.021805408097861318}
{"epoch": 297, "train_mean_squared_relative_error": 0.00019404973726806017, "wall_seconds": 963.5358156482689, "best_so_far": 0.021805408097861318}
{"epoch": 298, "train_mean_squared_relative_error": 0.00018541116438457978, "wall_seconds": 966.6096627013758, "best_so_far": 0.021805408097861318}
{"epoch": 299, "train_mean_squared_relative_error": 0.00018709268308045676, "wall_seconds": 969.6866657990031, "best_so_far": 0.021805408097861318}
{"epoch": 300, "train_mean_squared_relative_error": 0.00017842397887632866, "wall_seconds": 972.8966261832975, "best_so_far": 0.021805408097861318}
{"epoch": 301, "train_mean_squared_relative_error": 0.00018017613094755406, "wall_seconds": 976.0052905431949, "best_so_far": 0.021805408097861318}
{"epoch": 302, "train_mean_squared_relative_error": 0.00017706595183985486, "wall_seconds": 979.0976234320551, "best_so_far": 0.021805408097861318}
{"epoch": 303, "train_mean_squared_relative_error": 0.0001882207155049235, "wall_seconds": 982.1611160603352, "best_so_far": 0.021805408097861318}
{"epoch": 304, "train_mean_squared_relative_error": 0.00017718083504772474, "wall_seconds": 985.2458435320295, "best_so_far": 0.021805408097861318}
{"epoch": 305, "train_mean_squared_relative_error": 0.00018562050397537868, "wall_seconds": 988.4087827461772, "best_so_far": 0.021805408097861318}
{"epoch": 306, "train_mean_squared_relative_error": 0.00017617733938665972, "wall_seconds": 991.4782622852363, "best_so_far": 0.021620309301997234}
{"epoch": 307, "train_mean_squared_relative_error": 0.0001738227277549347, "wall_seconds": 995.1287204171531, "best_so_far": 0.021620309301997234}
{"epoch": 308, "train_mean_squared_relative_error": 0.00017325971262299698, "wall_seconds": 998.1912309671752, "best_so_far": 0.021620309301997234}
{"epoch": 309, "train_mean_squared_relative_error": 0.00016796527929830118, "wall_seconds": 1001.3457694072276, "best_so_far": 0.021524018063713873}
{"epoch": 310, "train_mean_squared_relative_error": 0.0001827901673118234, "wall_seconds": 1004.954197992105, "best_so_far": 0.021524018063713873}
{"epoch": 311, "train_mean_squared_relative_error": 0.00020364743243242648, "wall_seconds": 1008.023397423327, "best_so_far": 0.021524018063713873}
{"epoch": 312, "train_mean_squared_relative_error": 0.00018431032364672913, "wall_seconds": 1011.1867153230123, "best_so_far": 0.021524018063713873}
{"epoch": 313, "train_mean_squared_relative_error": 0.0001757146258082824, "wall_seconds": 1014.26401395211, "best_so_far": 0.021524018063713873}
{"epoch": 314, "train_mean_squared_relative_error": 0.0001703606046929957, "wall_seconds": 1017.3698172019795, "best_so_far": 0.021524018063713873}
{"epoch": 315, "train_mean_squared_relative_error": 0.00018348122133398612, "wall_seconds": 1020.4543863502331, "best_so_far": 0.021524018063713873}
{"epoch": 316, "train_mean_squared_relative_error": 0.0001846550313486209, "wall_seconds": 1023.5397264291532, "best_so_far": 0.021524018063713873}
{"epoch": 317, "train_mean_squared_relative_error": 0.0001861122660866397, "wall_seconds": 1026.677855130285, "best_so_far": 0.021524018063713873}
{"epoch": 318, "train_mean_squared_relative_error": 0.00017123371991903182, "wall_seconds": 1029.7871949411929, "best_so_far": 0.021524018063713873}
{"epoch": 319, "train_mean_squared_relative_error": 0.00016694579859711714, "wall_seconds": 1032.9056148063391, "best_so_far": 0.021524018063713873}
{"epoch": 320, "train_mean_squared_relative_error": 0.00018195743448565422, "wall_seconds": 1035.99188213842, "best_so_far": 0.021524018063713873}
{"epoch": 321, "train_mean_squared_relative_error": 0.0001731571730648827, "wall_seconds": 1039.0655545871705, "best_so_far": 0.021524018063713873}
{"epoch": 322, "train_mean_squared_relative_error": 0.00018596390990099925, "wall_seconds": 1042.16980539402, "best_so_far": 0.021524018063713873}
{"epoch": 323, "train_mean_squared_relative_error": 0.00017602236749551906, "wall_seconds": 1045.2698361873627, "best_so_far": 0.021524018063713873}
{"epoch": 324, "train_mean_squared_relative_error": 0.0001761576727533372, "wall_seconds": 1048.3455872922204, "best_so_far": 0.021524018063713873}
{"epoch": 325, "train_mean_squared_relative_error": 0.0001764703461948387, "wall_seconds": 1051.4119118512608, "best_so_far": 0.021524018063713873}
{"epoch": 326, "train_mean_squared_relative_error": 0.00019780663465514807, "wall_seconds": 1054.482553201262, "best_so_far": 0.021524018063713873}
{"epoch": 327, "train_mean_squared_relative_error": 0.00017964646100116603, "wall_seconds": 1057.6012572310865, "best_so_far": 0.021524018063713873}
{"epoch": 328, "train_mean_squared_relative_error": 0.00016621468172723066, "wall_seconds": 1060.713818890974, "best_so_far": 0.021524018063713873}
{"epoch": 329, "train_mean_squared_relative_error": 0.00018897051245031108, "wall_seconds": 1063.8143932763487, "best_so_far": 0.021164345628440568}
{"epoch": 330, "train_mean_squared_relative_error": 0.00017988458537327264, "wall_seconds": 1067.5220053121448, "best_so_far": 0.021164345628440568}
{"epoch": 331, "train_mean_squared_relative_error": 0.00018117806366187882, "wall_seconds": 1070.6103008911014, "best_so_far": 0.020859397054660236}
{"epoch": 332, "train_mean_squared_relative_error": 0.00016796592825125907, "wall_seconds": 1074.2179896263406, "best_so_far": 0.020859397054660236}
{"epoch": 333, "train_mean_squared_relative_error": 0.00016278875983781005, "wall_seconds": 1077.33151659742, "best_so_far": 0.020859397054660236}
{"epoch": 334, "train_mean_squared_relative_error": 0.00016449139944998563, "wall_seconds": 1080.457586841192, "best_so_far": 0.020859397054660236}
{"epoch": 335, "train_mean_squared_relative_error": 0.0001612887438908935, "wall_seconds": 1083.5961728440598, "best_so_far": 0.020859397054660236}
{"epoch": 336, "train_mean_squared_relative_error": 0.00018466838066891086, "wall_seconds": 1086.6845138464123, "best_so_far": 0.020859397054660236}
{"epoch": 337, "train_mean_squared_relative_error": 0.00019564361945465577, "wall_seconds": 1089.852926996071, "best_so_far": 0.020859397054660236}
{"epoch": 338, "train_mean_squared_relative_error": 0.0001856986963039016, "wall_seconds": 1092.9664140492678, "best_so_far": 0.020859397054660236}
{"epoch": 339, "train_mean_squared_relative_error": 0.00018860192716386106, "wall_seconds": 1096.0750241880305, "best_so_far": 0.020859397054660236}
{"epoch": 340, "train_mean_squared_relative_error": 0.000182889809939084, "wall_seconds": 1099.2781259980984, "best_so_far": 0.020859397054660236}
{"epoch": 341, "train_mean_squared_relative_error": 0.00020623084253960688, "wall_seconds": 1102.5465410142206, "best_so_far": 0.020859397054660236}
{"epoch": 342, "train_mean_squared_relative_error": 0.00019696729013000575, "wall_seconds": 1105.7535098553635, "best_so_far": 0.020859397054660236}
{"epoch": 343, "train_mean_squared_relative_error": 0.00020179210474285567, "wall_seconds": 1109.0120320613496, "best_so_far": 0.020859397054660236}
{"epoch": 344, "train_mean_squared_relative_error": 0.00019958868087832977, "wall_seconds": 1112.2084864401259, "best_so_far": 0.020859397054660236}
{"epoch": 345, "train_mean_squared_relative_error": 0.00017728470629577994, "wall_seconds": 1115.5390178440139, "best_so_far": 0.020859397054660236}
{"epoch": 346, "train_mean_squared_relative_error": 0.00016070931479729441, "wall_seconds": 1118.6841257391497, "best_so_far": 0.020859397054660236}
{"epoch": 347, "train_mean_squared_relative_error": 0.00017446339474091593, "wall_seconds": 1121.956002085004, "best_so_far": 0.020859397054660236}
{"epoch": 348, "train_mean_squared_relative_error": 0.00015815884923779875, "wall_seconds": 1125.1581956883892, "best_so_far": 0.020859397054660236}
{"epoch": 349, "train_mean_squared_relative_error": 0.00016322641352339818, "wall_seconds": 1128.3307078960352, "best_so_far": 0.020859397054660236}
{"epoch": 350, "train_mean_squared_relative_error": 0.0001510706952872858, "wall_seconds": 1131.432894217316, "best_so_far": 0.020859397054660236}
{"epoch": 351, "train_mean_squared_relative_error": 0.00014942191715843823, "wall_seconds": 1134.54191993922, "best_so_far": 0.020750997096192204}
{"epoch": 352, "train_mean_squared_relative_error": 0.00017912092892533786, "wall_seconds": 1138.286734202411, "best_so_far": 0.020750997096192204}
{"epoch": 353, "train_mean_squared_relative_error": 0.00018405408416739065, "wall_seconds": 1141.4590409551747, "best_so_far": 0.020750997096192204}
{"epoch": 354, "train_mean_squared_relative_error": 0.00019417223711534976, "wall_seconds": 1144.5463076601736, "best_so_far": 0.020750997096192204}
{"epoch": 355, "train_mean_squared_relative_error": 0.00016186856450537006, "wall_seconds": 1147.7339740991592, "best_so_far": 0.020750997096192204}
{"epoch": 356, "train_mean_squared_relative_error": 0.00017240720013093729, "wall_seconds": 1150.8479898180813, "best_so_far": 0.020750997096192204}
{"epoch": 357, "train_mean_squared_relative_error": 0.0001550178254342645, "wall_seconds": 1153.9358946802095, "best_so_far": 0.020750997096192204}
{"epoch": 358, "train_mean_squared_relative_error": 0.00016947252558303623, "wall_seconds": 1157.008741199039, "best_so_far": 0.020750997096192204}
{"epoch": 359, "train_mean_squared_relative_error": 0.00016196256024643215, "wall_seconds": 1160.1321388701908, "best_so_far": 0.020750997096192204}
{"epoch": 360, "train_mean_squared_relative_error": 0.00018940974222647812, "wall_seconds": 1163.2016040203162, "best_so_far": 0.020750997096192204}
{"epoch": 361, "train_mean_squared_relative_error": 0.00022369599508941358, "wall_seconds": 1166.313933876343, "best_so_far": 0.020750997096192204}
{"epoch": 362, "train_mean_squared_relative_error": 0.00024069245771873954, "wall_seconds": 1169.4386731120758, "best_so_far": 0.020750997096192204}
{"epoch": 363, "train_mean_squared_relative_error": 0.0002057752091487218, "wall_seconds": 1172.5771365361288, "best_so_far": 0.020750997096192204}
{"epoch": 364, "train_mean_squared_relative_error": 0.00017070891375827466, "wall_seconds": 1175.7177255782299, "best_so_far": 0.020750997096192204}
{"epoch": 365, "train_mean_squared_relative_error": 0.00018292106908154987, "wall_seconds": 1178.9222254860215, "best_so_far": 0.020750997096192204}
{"epoch": 366, "train_mean_squared_relative_error": 0.00020388806196357733, "wall_seconds": 1182.0513044432737, "best_so_far": 0.020750997096192204}
{"epoch": 367, "train_mean_squared_relative_error": 0.00023285733196356747, "wall_seconds": 1185.1409802273847, "best_so_far": 0.020750997096192204}
{"epoch": 368, "train_mean_squared_relative_error": 0.00022999219584706544, "wall_seconds": 1188.2491095233709, "best_so_far": 0.020750997096192204}
{"epoch": 369, "train_mean_squared_relative_error": 0.00019956077750386985, "wall_seconds": 1191.3250839631073, "best_so_far": 0.020750997096192204}
{"epoch": 370, "train_mean_squared_relative_error": 0.0002558020598126481, "wall_seconds": 1194.4668450611643, "best_so_far": 0.020750997096192204}
{"epoch": 371, "train_mean_squared_relative_error": 0.000232181502005115, "wall_seconds": 1197.5491069341078, "best_so_far": 0.020750997096192204}
{"epoch": 372, "train_mean_squared_relative_error": 0.0002026830928497649, "wall_seconds": 1200.6209667581134, "best_so_far": 0.020750997096192204}
{"epoch": 373, "train_mean_squared_relative_error": 0.0001562183155438667, "wall_seconds": 1203.789914994035, "best_so_far": 0.020750997096192204}
{"epoch": 374, "train_mean_squared_relative_error": 0.00013662680770328115, "wall_seconds": 1206.969215370249, "best_so_far": 0.020436328857035755}
{"epoch": 375, "train_mean_squared_relative_error": 0.00012609206632877354, "wall_seconds": 1210.6397834033705, "best_so_far": 0.019945828627558074}
{"epoch": 376, "train_mean_squared_relative_error": 0.0001260318860821906, "wall_seconds": 1214.349631226156, "best_so_far": 0.019850004199575187}
{"epoch": 377, "train_mean_squared_relative_error": 0.00012367973532265118, "wall_seconds": 1218.2390146120451, "best_so_far": 0.019542692948484826}
{"epoch": 378, "train_mean_squared_relative_error": 0.00012152300523067072, "wall_seconds": 1221.9756749523804, "best_so_far": 0.019542692948484826}
{"epoch": 379, "train_mean_squared_relative_error": 0.00012282326148545567, "wall_seconds": 1225.117068815045, "best_so_far": 0.019542692948484826}
{"epoch": 380, "train_mean_squared_relative_error": 0.00012511800123524876, "wall_seconds": 1228.2110096924007, "best_so_far": 0.019542692948484826}
{"epoch": 381, "train_mean_squared_relative_error": 0.00012383712478652068, "wall_seconds": 1231.309713080991, "best_so_far": 0.019542692948484826}
{"epoch": 382, "train_mean_squared_relative_error": 0.0001230930239859266, "wall_seconds": 1234.5946886753663, "best_so_far": 0.019542692948484826}
{"epoch": 383, "train_mean_squared_relative_error": 0.00012395696946636574, "wall_seconds": 1237.8761602994055, "best_so_far": 0.019542692948484826}
{"epoch": 384, "train_mean_squared_relative_error": 0.00012398596779094757, "wall_seconds": 1241.083350457251, "best_so_far": 0.019542692948484826}
{"epoch": 385, "train_mean_squared_relative_error": 0.00012052706599301565, "wall_seconds": 1244.4122836203314, "best_so_far": 0.019542692948484826}
{"epoch": 386, "train_mean_squared_relative_error": 0.00012556419671441458, "wall_seconds": 1247.531701347325, "best_so_far": 0.019542692948484826}
{"epoch": 387, "train_mean_squared_relative_error": 0.00012562490836961514, "wall_seconds": 1250.6236840239726, "best_so_far": 0.019542692948484826}
{"epoch": 388, "train_mean_squared_relative_error": 0.00012951416858588395, "wall_seconds": 1253.7343826070428, "best_so_far": 0.019542692948484826}
{"epoch": 389, "train_mean_squared_relative_error": 0.0001273644425505317, "wall_seconds": 1256.8529795072973, "best_so_far": 0.019542692948484826}
{"epoch": 390, "train_mean_squared_relative_error": 0.00012766170020687398, "wall_seconds": 1259.983699799981, "best_so_far": 0.019542692948484826}
{"epoch": 391, "train_mean_squared_relative_error": 0.0001227796115759176, "wall_seconds": 1263.1206464772113, "best_so_far": 0.019542692948484826}
{"epoch": 392, "train_mean_squared_relative_error": 0.00012129719176768723, "wall_seconds": 1266.2413698211312, "best_so_far": 0.019542692948484826}
{"epoch": 393, "train_mean_squared_relative_error": 0.00011969674642252981, "wall_seconds": 1269.3576027401723, "best_so_far": 0.019542692948484826}
{"epoch": 394, "train_mean_squared_relative_error": 0.0001195623482444077, "wall_seconds": 1272.5994084780104, "best_so_far": 0.019499082063785894}
{"epoch": 395, "train_mean_squared_relative_error": 0.0001246558057902043, "wall_seconds": 1276.2547507472336, "best_so_far": 0.019499082063785894}
{"epoch": 396, "train_mean_squared_relative_error": 0.00012638625865605817, "wall_seconds": 1279.4140160121024, "best_so_far": 0.019499082063785894}
{"epoch": 397, "train_mean_squared_relative_error": 0.00013216500913415836, "wall_seconds": 1282.5334450202063, "best_so_far": 0.019499082063785894}
{"epoch": 398, "train_mean_squared_relative_error": 0.00012655033866071385, "wall_seconds": 1285.6513343653642, "best_so_far": 0.019499082063785894}
{"epoch": 399, "train_mean_squared_relative_error": 0.00012208546012269122, "wall_seconds": 1288.7792725954205, "best_so_far": 0.019499082063785894}
{"epoch": 400, "train_mean_squared_relative_error": 0.00012195626975203378, "wall_seconds": 1291.938666078262, "best_so_far": 0.019499082063785894}
{"epoch": 401, "train_mean_squared_relative_error": 0.00011908939489022055, "wall_seconds": 1295.1010414771736, "best_so_far": 0.01943081292989081}
{"epoch": 402, "train_mean_squared_relative_error": 0.0001188499866990892, "wall_seconds": 1298.7170553971082, "best_so_far": 0.01943081292989081}
{"epoch": 403, "train_mean_squared_relative_error": 0.0001221907133855853, "wall_seconds": 1301.8544179261662, "best_so_far": 0.01943081292989081}
{"epoch": 404, "train_mean_squared_relative_error": 0.0001199755179949986, "wall_seconds": 1304.9687364683487, "best_so_far": 0.01943081292989081}
{"epoch": 405, "train_mean_squared_relative_error": 0.00011681722417837491, "wall_seconds": 1308.0752743873745, "best_so_far": 0.018994266364533826}
{"epoch": 406, "train_mean_squared_relative_error": 0.0001154765165170176, "wall_seconds": 1311.8751642010175, "best_so_far": 0.018994266364533826}
{"epoch": 407, "train_mean_squared_relative_error": 0.00011859006152703833, "wall_seconds": 1314.9944830872118, "best_so_far": 0.018994266364533826}
{"epoch": 408, "train_mean_squared_relative_error": 0.00011940193187170041, "wall_seconds": 1318.1178242349997, "best_so_far": 0.018994266364533826}
{"epoch": 409, "train_mean_squared_relative_error": 0.00011863027468785147, "wall_seconds": 1321.2353176129982, "best_so_far": 0.018994266364533826}
{"epoch": 410, "train_mean_squared_relative_error": 0.0001182008427281728, "wall_seconds": 1324.3948137541302, "best_so_far": 0.018994266364533826}
{"epoch": 411, "train_mean_squared_relative_error": 0.00011833564942621976, "wall_seconds": 1327.5132729993202, "best_so_far": 0.018994266364533826}
{"epoch": 412, "train_mean_squared_relative_error": 0.00011935830196866061, "wall_seconds": 1330.634508905001, "best_so_far": 0.018994266364533826}
{"epoch": 413, "train_mean_squared_relative_error": 0.00012072499480486245, "wall_seconds": 1333.8695218130015, "best_so_far": 0.018994266364533826}
{"epoch": 414, "train_mean_squared_relative_error": 0.00011687733874801433, "wall_seconds": 1337.09780191537, "best_so_far": 0.018994266364533826}
{"epoch": 415, "train_mean_squared_relative_error": 0.00012071904835622773, "wall_seconds": 1340.3641227572225, "best_so_far": 0.018994266364533826}
{"epoch": 416, "train_mean_squared_relative_error": 0.0001256764359083063, "wall_seconds": 1343.5307799819857, "best_so_far": 0.018994266364533826}
{"epoch": 417, "train_mean_squared_relative_error": 0.00012246726420547826, "wall_seconds": 1346.6443051011302, "best_so_far": 0.018994266364533826}
{"epoch": 418, "train_mean_squared_relative_error": 0.0001191435613738272, "wall_seconds": 1349.6930593051948, "best_so_far": 0.018994266364533826}
{"epoch": 419, "train_mean_squared_relative_error": 0.000116504553370371, "wall_seconds": 1352.7880338993855, "best_so_far": 0.018994266364533826}
{"epoch": 420, "train_mean_squared_relative_error": 0.00011650849703843625, "wall_seconds": 1355.8719265894033, "best_so_far": 0.018994266364533826}
{"epoch": 421, "train_mean_squared_relative_error": 0.000114101127380262, "wall_seconds": 1358.9815812529996, "best_so_far": 0.018994266364533826}
{"epoch": 422, "train_mean_squared_relative_error": 0.00011808426958264655, "wall_seconds": 1362.089352863375, "best_so_far": 0.018994266364533826}
{"epoch": 423, "train_mean_squared_relative_error": 0.0001123259214696902, "wall_seconds": 1365.1369850849733, "best_so_far": 0.018994266364533826}
{"epoch": 424, "train_mean_squared_relative_error": 0.00011144663814305851, "wall_seconds": 1368.2750450442545, "best_so_far": 0.018994266364533826}
{"epoch": 425, "train_mean_squared_relative_error": 0.0001116255939900847, "wall_seconds": 1371.3584729023278, "best_so_far": 0.018994266364533826}
{"epoch": 426, "train_mean_squared_relative_error": 0.00011574199027889742, "wall_seconds": 1374.4713712031953, "best_so_far": 0.018994266364533826}
{"epoch": 427, "train_mean_squared_relative_error": 0.00011051981066416597, "wall_seconds": 1377.5565260751173, "best_so_far": 0.018994266364533826}
{"epoch": 428, "train_mean_squared_relative_error": 0.00010854936086179267, "wall_seconds": 1380.612421064172, "best_so_far": 0.018994266364533826}
{"epoch": 429, "train_mean_squared_relative_error": 0.00011267076935222241, "wall_seconds": 1383.7254007821903, "best_so_far": 0.018994266364533826}
{"epoch": 430, "train_mean_squared_relative_error": 0.00010954903854771583, "wall_seconds": 1386.9400591100566, "best_so_far": 0.018994266364533826}
{"epoch": 431, "train_mean_squared_relative_error": 0.00010803464582064971, "wall_seconds": 1389.9601870672777, "best_so_far": 0.018924430240593808}
{"epoch": 432, "train_mean_squared_relative_error": 0.00010637308352888503, "wall_seconds": 1393.5463802521117, "best_so_far": 0.018924430240593808}
{"epoch": 433, "train_mean_squared_relative_error": 0.00010647698383651992, "wall_seconds": 1396.6079602329992, "best_so_far": 0.018924430240593808}
{"epoch": 434, "train_mean_squared_relative_error": 0.00010634272107607234, "wall_seconds": 1399.7006372241303, "best_so_far": 0.018924430240593808}
{"epoch": 435, "train_mean_squared_relative_error": 0.00010538237565136913, "wall_seconds": 1402.8203518614173, "best_so_far": 0.018924430240593808}
{"epoch": 436, "train_mean_squared_relative_error": 0.00010558104624821974, "wall_seconds": 1405.9449443314224, "best_so_far": 0.018924430240593808}
{"epoch": 437, "train_mean_squared_relative_error": 0.00010990615910937987, "wall_seconds": 1409.1764684109949, "best_so_far": 0.018924430240593808}
{"epoch": 438, "train_mean_squared_relative_error": 0.00010703322710677051, "wall_seconds": 1412.3723008614033, "best_so_far": 0.018924430240593808}
{"epoch": 439, "train_mean_squared_relative_error": 0.00010545330120911521, "wall_seconds": 1415.4425895940512, "best_so_far": 0.018924430240593808}
{"epoch": 440, "train_mean_squared_relative_error": 0.00010519222733416051, "wall_seconds": 1418.5551592721604, "best_so_far": 0.018924430240593808}
{"epoch": 441, "train_mean_squared_relative_error": 0.00010596720339903227, "wall_seconds": 1421.6296216524206, "best_so_far": 0.018924430240593808}
{"epoch": 442, "train_mean_squared_relative_error": 0.00010495515211359542, "wall_seconds": 1424.7547460952774, "best_so_far": 0.018924430240593808}
{"epoch": 443, "train_mean_squared_relative_error": 0.0001049254166585414, "wall_seconds": 1427.850268590264, "best_so_far": 0.018924430240593808}
{"epoch": 444, "train_mean_squared_relative_error": 0.00010556224481716157, "wall_seconds": 1431.0686779273674, "best_so_far": 0.018924430240593808}
{"epoch": 445, "train_mean_squared_relative_error": 0.00010454995453845908, "wall_seconds": 1434.1614241241477, "best_so_far": 0.018924430240593808}
{"epoch": 446, "train_mean_squared_relative_error": 0.00010320209784516163, "wall_seconds": 1437.2466929201037, "best_so_far": 0.018924430240593808}
{"epoch": 447, "train_mean_squared_relative_error": 0.00010571511411390727, "wall_seconds": 1440.33272980107, "best_so_far": 0.018866528251103444}
{"epoch": 448, "train_mean_squared_relative_error": 0.00010389529301325685, "wall_seconds": 1443.998592727352, "best_so_far": 0.018866528251103444}
{"epoch": 449, "train_mean_squared_relative_error": 0.00010386428779312893, "wall_seconds": 1447.1132218809798, "best_so_far": 0.01875393087382196}
{"epoch": 450, "train_mean_squared_relative_error": 0.00010415812297690214, "wall_seconds": 1450.7361430823803, "best_so_far": 0.01875393087382196}
{"epoch": 451, "train_mean_squared_relative_error": 0.00010643837774230724, "wall_seconds": 1453.919316597283, "best_so_far": 0.01875393087382196}
{"epoch": 452, "train_mean_squared_relative_error": 0.00010732097733056465, "wall_seconds": 1457.033957622014, "best_so_far": 0.01875393087382196}
{"epoch": 453, "train_mean_squared_relative_error": 0.00010783824295258351, "wall_seconds": 1460.1863910243846, "best_so_far": 0.01875393087382196}
{"epoch": 454, "train_mean_squared_relative_error": 0.00010745997844731929, "wall_seconds": 1463.3113107420504, "best_so_far": 0.01875393087382196}
{"epoch": 455, "train_mean_squared_relative_error": 0.00010536077313578899, "wall_seconds": 1466.431975073181, "best_so_far": 0.01875393087382196}
{"epoch": 456, "train_mean_squared_relative_error": 0.0001052316935782337, "wall_seconds": 1469.7255504149944, "best_so_far": 0.018617457336161873}
{"epoch": 457, "train_mean_squared_relative_error": 0.00010465889715276477, "wall_seconds": 1473.5219826381654, "best_so_far": 0.018617457336161873}
{"epoch": 458, "train_mean_squared_relative_error": 0.00010348071715663259, "wall_seconds": 1476.7562796291895, "best_so_far": 0.018617457336161873}
{"epoch": 459, "train_mean_squared_relative_error": 0.00010373613058691342, "wall_seconds": 1479.926893165335, "best_so_far": 0.018617457336161873}
{"epoch": 460, "train_mean_squared_relative_error": 0.00010603160640894957, "wall_seconds": 1483.12476238003, "best_so_far": 0.018617457336161873}
{"epoch": 461, "train_mean_squared_relative_error": 0.00010678116233052106, "wall_seconds": 1486.3550685280934, "best_so_far": 0.018617457336161873}
{"epoch": 462, "train_mean_squared_relative_error": 0.00010800935803682293, "wall_seconds": 1489.6191933322698, "best_so_far": 0.018617457336161873}
{"epoch": 463, "train_mean_squared_relative_error": 0.00011056501589632856, "wall_seconds": 1492.7561882049777, "best_so_far": 0.018617457336161873}
{"epoch": 464, "train_mean_squared_relative_error": 0.00011073809727858964, "wall_seconds": 1495.8577349171974, "best_so_far": 0.018617457336161873}
{"epoch": 465, "train_mean_squared_relative_error": 0.00010611170361328011, "wall_seconds": 1498.9884964162484, "best_so_far": 0.018617457336161873}
{"epoch": 466, "train_mean_squared_relative_error": 0.00010388463754783761, "wall_seconds": 1502.0879106973298, "best_so_far": 0.018617457336161873}
{"epoch": 467, "train_mean_squared_relative_error": 0.00010282614195190914, "wall_seconds": 1505.2504532961175, "best_so_far": 0.018617457336161873}
{"epoch": 468, "train_mean_squared_relative_error": 0.00010254016716721965, "wall_seconds": 1508.406359618064, "best_so_far": 0.018617457336161873}
{"epoch": 469, "train_mean_squared_relative_error": 0.00010190741472134351, "wall_seconds": 1511.57475381298, "best_so_far": 0.018617457336161873}
{"epoch": 470, "train_mean_squared_relative_error": 0.0001019401542796418, "wall_seconds": 1514.6842364850454, "best_so_far": 0.018548643169381325}
{"epoch": 471, "train_mean_squared_relative_error": 0.00010080323677949868, "wall_seconds": 1518.304094498977, "best_so_far": 0.018548643169381325}
{"epoch": 472, "train_mean_squared_relative_error": 0.00010154866812255852, "wall_seconds": 1521.5275964722969, "best_so_far": 0.018548643169381325}
{"epoch": 473, "train_mean_squared_relative_error": 0.00010064175339114598, "wall_seconds": 1524.671822205186, "best_so_far": 0.018548643169381325}
{"epoch": 474, "train_mean_squared_relative_error": 0.00010101859581194744, "wall_seconds": 1527.818997205235, "best_so_far": 0.018548643169381325}
{"epoch": 475, "train_mean_squared_relative_error": 0.00010201252636205245, "wall_seconds": 1530.9935231632553, "best_so_far": 0.018548643169381325}
{"epoch": 476, "train_mean_squared_relative_error": 0.00010208488462975453, "wall_seconds": 1534.2961180591956, "best_so_far": 0.018548643169381325}
{"epoch": 477, "train_mean_squared_relative_error": 0.0001001524579083837, "wall_seconds": 1537.637632157188, "best_so_far": 0.018548643169381325}
{"epoch": 478, "train_mean_squared_relative_error": 0.00010137118457003359, "wall_seconds": 1540.961159828119, "best_so_far": 0.018548643169381325}
{"epoch": 479, "train_mean_squared_relative_error": 0.0001010871798421586, "wall_seconds": 1544.22608348215, "best_so_far": 0.018548643169381325}
{"epoch": 480, "train_mean_squared_relative_error": 0.00010189976371480779, "wall_seconds": 1547.3884898801334, "best_so_far": 0.018548643169381325}
{"epoch": 481, "train_mean_squared_relative_error": 9.932555406560147e-05, "wall_seconds": 1550.534719826188, "best_so_far": 0.018548643169381325}
{"epoch": 482, "train_mean_squared_relative_error": 0.0001005742351084389, "wall_seconds": 1553.7020328221843, "best_so_far": 0.018548643169381325}
{"epoch": 483, "train_mean_squared_relative_error": 0.0001011735634959549, "wall_seconds": 1556.8926764763892, "best_so_far": 0.018548643169381325}
{"epoch": 484, "train_mean_squared_relative_error": 0.00010228610661120235, "wall_seconds": 1560.0846409429796, "best_so_far": 0.018548643169381325}
{"epoch": 485, "train_mean_squared_relative_error": 0.00010970617061066515, "wall_seconds": 1563.22791573219, "best_so_far": 0.018548643169381325}
{"epoch": 486, "train_mean_squared_relative_error": 0.00010363645672473915, "wall_seconds": 1566.3852135883644, "best_so_far": 0.01841911984193763}
{"epoch": 487, "train_mean_squared_relative_error": 0.00010079279030292675, "wall_seconds": 1570.0578090613708, "best_so_far": 0.01841911984193763}
{"epoch": 488, "train_mean_squared_relative_error": 0.00010222690434047481, "wall_seconds": 1573.2185534513555, "best_so_far": 0.01841911984193763}
{"epoch": 489, "train_mean_squared_relative_error": 0.00010156201048091822, "wall_seconds": 1576.3422005921602, "best_so_far": 0.01841911984193763}
{"epoch": 490, "train_mean_squared_relative_error": 0.00010172588907165447, "wall_seconds": 1579.6376060671173, "best_so_far": 0.01841911984193763}
{"epoch": 491, "train_mean_squared_relative_error": 0.00010120349818894263, "wall_seconds": 1582.763056857977, "best_so_far": 0.01841911984193763}
{"epoch": 492, "train_mean_squared_relative_error": 0.00010344235491929838, "wall_seconds": 1585.916837154422, "best_so_far": 0.01841911984193763}
{"epoch": 493, "train_mean_squared_relative_error": 0.0001041827781486647, "wall_seconds": 1589.149833238218, "best_so_far": 0.01841911984193763}
{"epoch": 494, "train_mean_squared_relative_error": 9.91159596956406e-05, "wall_seconds": 1592.4264702210203, "best_so_far": 0.018365433993913084}
{"epoch": 495, "train_mean_squared_relative_error": 9.909278391868878e-05, "wall_seconds": 1596.3493955563754, "best_so_far": 0.018365433993913084}
{"epoch": 496, "train_mean_squared_relative_error": 0.00010103592425547818, "wall_seconds": 1599.474812522065, "best_so_far": 0.018365433993913084}
{"epoch": 497, "train_mean_squared_relative_error": 0.00010198259073099505, "wall_seconds": 1602.628879220225, "best_so_far": 0.018365433993913084}
{"epoch": 498, "train_mean_squared_relative_error": 0.00010218874335735013, "wall_seconds": 1605.8521202253178, "best_so_far": 0.018365433993913084}
{"epoch": 499, "train_mean_squared_relative_error": 0.00010015994472978682, "wall_seconds": 1609.0181098352186, "best_so_far": 0.018365433993913084}
{"epoch": 500, "train_mean_squared_relative_error": 0.00010302353230130437, "wall_seconds": 1612.1627184413373, "best_so_far": 0.018365433993913084}
{"epoch": 501, "train_mean_squared_relative_error": 0.00010293117210372901, "wall_seconds": 1615.2631639200263, "best_so_far": 0.018365433993913084}
{"epoch": 502, "train_mean_squared_relative_error": 0.00010121609333471299, "wall_seconds": 1618.3805848043412, "best_so_far": 0.018365433993913084}
{"epoch": 503, "train_mean_squared_relative_error": 9.976674645585239e-05, "wall_seconds": 1621.5316823623143, "best_so_far": 0.018365433993913084}
{"epoch": 504, "train_mean_squared_relative_error": 9.858367239931314e-05, "wall_seconds": 1624.642208035104, "best_so_far": 0.018365433993913084}
{"epoch": 505, "train_mean_squared_relative_error": 9.909676982400245e-05, "wall_seconds": 1627.7688679113053, "best_so_far": 0.018365433993913084}
{"epoch": 506, "train_mean_squared_relative_error": 9.927756307800626e-05, "wall_seconds": 1630.9130490371026, "best_so_far": 0.018365433993913084}
{"epoch": 507, "train_mean_squared_relative_error": 9.894957093374077e-05, "wall_seconds": 1634.059286055155, "best_so_far": 0.018365433993913084}
{"epoch": 508, "train_mean_squared_relative_error": 9.88626794145159e-05, "wall_seconds": 1637.2057100562379, "best_so_far": 0.018365433993913084}
{"epoch": 509, "train_mean_squared_relative_error": 0.00011031462008345876, "wall_seconds": 1640.3360644960776, "best_so_far": 0.018365433993913084}
{"epoch": 510, "train_mean_squared_relative_error": 9.951730330836152e-05, "wall_seconds": 1643.465098686982, "best_so_far": 0.018365433993913084}
{"epoch": 511, "train_mean_squared_relative_error": 0.00010095463380043776, "wall_seconds": 1646.6054683923721, "best_so_far": 0.018365433993913084}
{"epoch": 512, "train_mean_squared_relative_error": 9.96135920774371e-05, "wall_seconds": 1649.743396465201, "best_so_far": 0.018365433993913084}
{"epoch": 513, "train_mean_squared_relative_error": 9.618711020548801e-05, "wall_seconds": 1652.9099642671645, "best_so_far": 0.018365433993913084}
{"epoch": 514, "train_mean_squared_relative_error": 9.666822208685762e-05, "wall_seconds": 1656.231826695148, "best_so_far": 0.018365433993913084}
{"epoch": 515, "train_mean_squared_relative_error": 9.610949817992171e-05, "wall_seconds": 1659.498395335395, "best_so_far": 0.018365433993913084}
{"epoch": 516, "train_mean_squared_relative_error": 9.38646323082351e-05, "wall_seconds": 1662.6995559432544, "best_so_far": 0.01835422501374836}
{"epoch": 517, "train_mean_squared_relative_error": 9.305626773025717e-05, "wall_seconds": 1666.393942418974, "best_so_far": 0.018307720154472396}
{"epoch": 518, "train_mean_squared_relative_error": 9.386451376485921e-05, "wall_seconds": 1670.1846799822524, "best_so_far": 0.018307720154472396}
{"epoch": 519, "train_mean_squared_relative_error": 9.345868731194407e-05, "wall_seconds": 1673.3302729972638, "best_so_far": 0.018307720154472396}
{"epoch": 520, "train_mean_squared_relative_error": 9.234598458745747e-05, "wall_seconds": 1676.474907277152, "best_so_far": 0.018307720154472396}
{"epoch": 521, "train_mean_squared_relative_error": 9.265180410323729e-05, "wall_seconds": 1679.6288357190788, "best_so_far": 0.018236202813356743}
{"epoch": 522, "train_mean_squared_relative_error": 9.163976229412367e-05, "wall_seconds": 1683.3848228841089, "best_so_far": 0.018236202813356743}
{"epoch": 523, "train_mean_squared_relative_error": 9.181837365057385e-05, "wall_seconds": 1686.5671830363572, "best_so_far": 0.018236202813356743}
{"epoch": 524, "train_mean_squared_relative_error": 9.298831442653441e-05, "wall_seconds": 1689.7224012413062, "best_so_far": 0.018236202813356743}
{"epoch": 525, "train_mean_squared_relative_error": 9.326537483544676e-05, "wall_seconds": 1692.8589661940932, "best_so_far": 0.018236202813356743}
{"epoch": 526, "train_mean_squared_relative_error": 9.206787358962147e-05, "wall_seconds": 1695.9756149654277, "best_so_far": 0.018236202813356743}
{"epoch": 527, "train_mean_squared_relative_error": 9.156364122558678e-05, "wall_seconds": 1699.1450728671625, "best_so_far": 0.018236202813356743}
{"epoch": 528, "train_mean_squared_relative_error": 9.371986840693808e-05, "wall_seconds": 1702.2885963483714, "best_so_far": 0.018236202813356743}
{"epoch": 529, "train_mean_squared_relative_error": 9.222663159471557e-05, "wall_seconds": 1705.460699070245, "best_so_far": 0.018236202813356743}
{"epoch": 530, "train_mean_squared_relative_error": 9.297873497027236e-05, "wall_seconds": 1708.6185242380016, "best_so_far": 0.018236202813356743}
{"epoch": 531, "train_mean_squared_relative_error": 9.276760443374348e-05, "wall_seconds": 1711.7616786453873, "best_so_far": 0.018236202813356743}
{"epoch": 532, "train_mean_squared_relative_error": 9.322678068931223e-05, "wall_seconds": 1714.9108447632752, "best_so_far": 0.018236202813356743}
{"epoch": 533, "train_mean_squared_relative_error": 9.19394724724213e-05, "wall_seconds": 1718.0398656921461, "best_so_far": 0.018236202813356743}
{"epoch": 534, "train_mean_squared_relative_error": 9.150608837357043e-05, "wall_seconds": 1721.216097726021, "best_so_far": 0.018236202813356743}
{"epoch": 535, "train_mean_squared_relative_error": 9.096947034947317e-05, "wall_seconds": 1724.4021654613316, "best_so_far": 0.018236202813356743}
{"epoch": 536, "train_mean_squared_relative_error": 9.13899595670679e-05, "wall_seconds": 1727.6411943980493, "best_so_far": 0.018236202813356743}
{"epoch": 537, "train_mean_squared_relative_error": 9.171570021892485e-05, "wall_seconds": 1730.738465709146, "best_so_far": 0.018236202813356743}
{"epoch": 538, "train_mean_squared_relative_error": 9.162792832209036e-05, "wall_seconds": 1733.8554568062536, "best_so_far": 0.018236202813356743}
{"epoch": 539, "train_mean_squared_relative_error": 9.097529155631669e-05, "wall_seconds": 1737.0058597680181, "best_so_far": 0.018236202813356743}
{"epoch": 540, "train_mean_squared_relative_error": 9.134381005637533e-05, "wall_seconds": 1740.243627013173, "best_so_far": 0.01813063680778357}
{"epoch": 541, "train_mean_squared_relative_error": 9.276357952821569e-05, "wall_seconds": 1744.0214181062765, "best_so_far": 0.01813063680778357}
{"epoch": 542, "train_mean_squared_relative_error": 9.141404300382204e-05, "wall_seconds": 1747.2579679670744, "best_so_far": 0.01813063680778357}
{"epoch": 543, "train_mean_squared_relative_error": 9.10120532535208e-05, "wall_seconds": 1750.4756692731753, "best_so_far": 0.01813063680778357}
{"epoch": 544, "train_mean_squared_relative_error": 9.068135788424174e-05, "wall_seconds": 1753.6638988610357, "best_so_far": 0.01813063680778357}
{"epoch": 545, "train_mean_squared_relative_error": 9.16057829315476e-05, "wall_seconds": 1756.8441616352648, "best_so_far": 0.01813063680778357}
{"epoch": 546, "train_mean_squared_relative_error": 9.132883607849568e-05, "wall_seconds": 1759.9716102913953, "best_so_far": 0.01813063680778357}
{"epoch": 547, "train_mean_squared_relative_error": 9.185315329333572e-05, "wall_seconds": 1763.1207300690003, "best_so_far": 0.01813063680778357}
{"epoch": 548, "train_mean_squared_relative_error": 9.119534703085509e-05, "wall_seconds": 1766.2585382703692, "best_so_far": 0.01813063680778357}
{"epoch": 549, "train_mean_squared_relative_error": 9.144395738579182e-05, "wall_seconds": 1769.4190091681667, "best_so_far": 0.01813063680778357}
{"epoch": 550, "train_mean_squared_relative_error": 9.059782153668116e-05, "wall_seconds": 1772.5764977573417, "best_so_far": 0.018126769860142063}
{"epoch": 551, "train_mean_squared_relative_error": 9.10757766478156e-05, "wall_seconds": 1776.2495881640352, "best_so_far": 0.018126769860142063}
{"epoch": 552, "train_mean_squared_relative_error": 8.971514880453241e-05, "wall_seconds": 1779.387140547391, "best_so_far": 0.018126769860142063}
{"epoch": 553, "train_mean_squared_relative_error": 9.056402306469159e-05, "wall_seconds": 1782.5431517800316, "best_so_far": 0.018066012407352557}
{"epoch": 554, "train_mean_squared_relative_error": 9.080574190808935e-05, "wall_seconds": 1786.1935767242685, "best_so_far": 0.018066012407352557}
{"epoch": 555, "train_mean_squared_relative_error": 8.99824517150394e-05, "wall_seconds": 1789.3824250004254, "best_so_far": 0.018066012407352557}
{"epoch": 556, "train_mean_squared_relative_error": 9.00518923987749e-05, "wall_seconds": 1792.5665447073989, "best_so_far": 0.018066012407352557}
{"epoch": 557, "train_mean_squared_relative_error": 8.958337638442193e-05, "wall_seconds": 1795.7301852190867, "best_so_far": 0.018066012407352557}
{"epoch": 558, "train_mean_squared_relative_error": 9.055856764895335e-05, "wall_seconds": 1798.8538233120926, "best_so_far": 0.018066012407352557}
{"epoch": 559, "train_mean_squared_relative_error": 9.116639925410589e-05, "wall_seconds": 1802.0485305180773, "best_so_far": 0.018066012407352557}
{"epoch": 560, "train_mean_squared_relative_error": 9.150186666566191e-05, "wall_seconds": 1805.2938315812498, "best_so_far": 0.018066012407352557}
{"epoch": 561, "train_mean_squared_relative_error": 9.093503231098376e-05, "wall_seconds": 1808.422935759183, "best_so_far": 0.018066012407352557}
{"epoch": 562, "train_mean_squared_relative_error": 9.14912334038419e-05, "wall_seconds": 1811.5430596922524, "best_so_far": 0.018066012407352557}
{"epoch": 563, "train_mean_squared_relative_error": 9.070498955264511e-05, "wall_seconds": 1814.7069603390992, "best_so_far": 0.018066012407352557}
{"epoch": 564, "train_mean_squared_relative_error": 9.055958522001295e-05, "wall_seconds": 1818.0443682051264, "best_so_far": 0.018066012407352557}
{"epoch": 565, "train_mean_squared_relative_error": 9.139292860443171e-05, "wall_seconds": 1821.3318128651008, "best_so_far": 0.018066012407352557}
{"epoch": 566, "train_mean_squared_relative_error": 9.08252849249071e-05, "wall_seconds": 1824.5138043384068, "best_so_far": 0.01797157160138968}
{"epoch": 567, "train_mean_squared_relative_error": 8.914991891035221e-05, "wall_seconds": 1828.3434947803617, "best_so_far": 0.01797157160138968}
{"epoch": 568, "train_mean_squared_relative_error": 9.005189815424036e-05, "wall_seconds": 1831.4979322780855, "best_so_far": 0.01797157160138968}
{"epoch": 569, "train_mean_squared_relative_error": 9.056818046193408e-05, "wall_seconds": 1834.6932993400842, "best_so_far": 0.01797157160138968}
{"epoch": 570, "train_mean_squared_relative_error": 8.929045484507223e-05, "wall_seconds": 1837.8337052511051, "best_so_far": 0.01797157160138968}
{"epoch": 571, "train_mean_squared_relative_error": 8.951026709781052e-05, "wall_seconds": 1840.9811593042687, "best_so_far": 0.01797157160138968}
{"epoch": 572, "train_mean_squared_relative_error": 9.030629697112449e-05, "wall_seconds": 1844.1406944501214, "best_so_far": 0.01797157160138968}
{"epoch": 573, "train_mean_squared_relative_error": 9.02841131100826e-05, "wall_seconds": 1847.3434068132192, "best_so_far": 0.01797157160138968}
{"epoch": 574, "train_mean_squared_relative_error": 9.014055353678898e-05, "wall_seconds": 1850.499737595208, "best_so_far": 0.01797157160138968}
{"epoch": 575, "train_mean_squared_relative_error": 8.893713460272178e-05, "wall_seconds": 1853.6059594140388, "best_so_far": 0.01797157160138968}
{"epoch": 576, "train_mean_squared_relative_error": 9.003854108971624e-05, "wall_seconds": 1856.7614245400764, "best_so_far": 0.01797157160138968}
{"epoch": 577, "train_mean_squared_relative_error": 9.314398107033035e-05, "wall_seconds": 1859.901070326101, "best_so_far": 0.01797157160138968}
{"epoch": 578, "train_mean_squared_relative_error": 8.999485110056533e-05, "wall_seconds": 1863.2073177159764, "best_so_far": 0.01797157160138968}
{"epoch": 579, "train_mean_squared_relative_error": 9.001538233711188e-05, "wall_seconds": 1866.3244547452778, "best_so_far": 0.01797157160138968}
{"epoch": 580, "train_mean_squared_relative_error": 8.918314975040117e-05, "wall_seconds": 1869.433755652979, "best_so_far": 0.01797157160138968}
{"epoch": 581, "train_mean_squared_relative_error": 8.862323377980168e-05, "wall_seconds": 1872.547424028162, "best_so_far": 0.01797157160138968}
{"epoch": 582, "train_mean_squared_relative_error": 8.893643414607691e-05, "wall_seconds": 1875.671795424074, "best_so_far": 0.01797157160138968}
{"epoch": 583, "train_mean_squared_relative_error": 9.0922490679415e-05, "wall_seconds": 1878.8377838111483, "best_so_far": 0.01797157160138968}
{"epoch": 584, "train_mean_squared_relative_error": 8.816643175361255e-05, "wall_seconds": 1882.0042299269699, "best_so_far": 0.01797157160138968}
{"epoch": 585, "train_mean_squared_relative_error": 8.930378431749277e-05, "wall_seconds": 1885.1689219893888, "best_so_far": 0.01797157160138968}
{"epoch": 586, "train_mean_squared_relative_error": 8.993037564035812e-05, "wall_seconds": 1888.3219724553637, "best_so_far": 0.01797157160138968}
{"epoch": 587, "train_mean_squared_relative_error": 8.845166539524423e-05, "wall_seconds": 1891.68045119429, "best_so_far": 0.01797157160138968}
{"epoch": 588, "train_mean_squared_relative_error": 8.784014473030452e-05, "wall_seconds": 1894.93917023018, "best_so_far": 0.01797157160138968}
{"epoch": 589, "train_mean_squared_relative_error": 8.631434757413106e-05, "wall_seconds": 1898.2542686802335, "best_so_far": 0.01797157160138968}
{"epoch": 590, "train_mean_squared_relative_error": 8.621973717934581e-05, "wall_seconds": 1901.596750007011, "best_so_far": 0.01797157160138968}
{"epoch": 591, "train_mean_squared_relative_error": 8.672761868232293e-05, "wall_seconds": 1904.9102029954083, "best_so_far": 0.01797157160138968}
{"epoch": 592, "train_mean_squared_relative_error": 8.698423077908641e-05, "wall_seconds": 1908.2209201101214, "best_so_far": 0.01797157160138968}
{"epoch": 593, "train_mean_squared_relative_error": 8.758237123899473e-05, "wall_seconds": 1911.4725682260469, "best_so_far": 0.01797157160138968}
{"epoch": 594, "train_mean_squared_relative_error": 8.704079838183916e-05, "wall_seconds": 1914.7394770053215, "best_so_far": 0.01797157160138968}
{"epoch": 595, "train_mean_squared_relative_error": 8.649906607857866e-05, "wall_seconds": 1918.068665544968, "best_so_far": 0.01797157160138968}
{"epoch": 596, "train_mean_squared_relative_error": 8.650731214449576e-05, "wall_seconds": 1921.3666108231992, "best_so_far": 0.01797157160138968}
{"epoch": 597, "train_mean_squared_relative_error": 8.716257497280814e-05, "wall_seconds": 1924.664702901151, "best_so_far": 0.017945595349532883}
{"epoch": 598, "train_mean_squared_relative_error": 8.610746395815729e-05, "wall_seconds": 1928.4668596773408, "best_so_far": 0.017945595349532883}
{"epoch": 599, "train_mean_squared_relative_error": 8.569486177013303e-05, "wall_seconds": 1931.6018434180878, "best_so_far": 0.017945595349532883}
{"epoch": 600, "train_mean_squared_relative_error": 8.577949797058331e-05, "wall_seconds": 1934.8424426889978, "best_so_far": 0.017945595349532883}
{"epoch": 601, "train_mean_squared_relative_error": 8.509257222731014e-05, "wall_seconds": 1938.0269947242923, "best_so_far": 0.017945595349532883}
{"epoch": 602, "train_mean_squared_relative_error": 8.579035102883122e-05, "wall_seconds": 1941.1704542553052, "best_so_far": 0.017945595349532883}
{"epoch": 603, "train_mean_squared_relative_error": 8.533131557491617e-05, "wall_seconds": 1944.4464440783486, "best_so_far": 0.017945595349532883}
{"epoch": 604, "train_mean_squared_relative_error": 8.774124877838221e-05, "wall_seconds": 1947.6905207163654, "best_so_far": 0.017945595349532883}
{"epoch": 605, "train_mean_squared_relative_error": 8.828208693828096e-05, "wall_seconds": 1950.976168439258, "best_so_far": 0.017945595349532883}
{"epoch": 606, "train_mean_squared_relative_error": 8.770440613661457e-05, "wall_seconds": 1954.3111877981573, "best_so_far": 0.017945595349532883}
{"epoch": 607, "train_mean_squared_relative_error": 8.613032379783792e-05, "wall_seconds": 1957.558978404384, "best_so_far": 0.017945595349532883}
{"epoch": 608, "train_mean_squared_relative_error": 8.595679865548403e-05, "wall_seconds": 1960.7594809881411, "best_so_far": 0.017945595349532883}
{"epoch": 609, "train_mean_squared_relative_error": 8.706024177958936e-05, "wall_seconds": 1963.8909001871943, "best_so_far": 0.017945595349532883}
{"epoch": 610, "train_mean_squared_relative_error": 8.720206706086062e-05, "wall_seconds": 1967.0464097512886, "best_so_far": 0.017945595349532883}
{"epoch": 611, "train_mean_squared_relative_error": 8.583636304269698e-05, "wall_seconds": 1970.2120103081688, "best_so_far": 0.017945595349532883}
{"epoch": 612, "train_mean_squared_relative_error": 8.596547577038836e-05, "wall_seconds": 1973.4098957390524, "best_so_far": 0.01785403488179999}
{"epoch": 613, "train_mean_squared_relative_error": 8.627145745895162e-05, "wall_seconds": 1977.1175274443813, "best_so_far": 0.01785403488179999}
{"epoch": 614, "train_mean_squared_relative_error": 8.643308680744185e-05, "wall_seconds": 1980.2401280379854, "best_so_far": 0.01785403488179999}
{"epoch": 615, "train_mean_squared_relative_error": 8.530290412158229e-05, "wall_seconds": 1983.3617227650248, "best_so_far": 0.01785403488179999}
{"epoch": 616, "train_mean_squared_relative_error": 8.54604430099241e-05, "wall_seconds": 1986.517237666063, "best_so_far": 0.01785403488179999}
{"epoch": 617, "train_mean_squared_relative_error": 8.476832631343985e-05, "wall_seconds": 1989.6119030890986, "best_so_far": 0.01785403488179999}
{"epoch": 618, "train_mean_squared_relative_error": 8.550572088252486e-05, "wall_seconds": 1992.733297592029, "best_so_far": 0.01785403488179999}
{"epoch": 619, "train_mean_squared_relative_error": 8.511859421595717e-05, "wall_seconds": 1995.9931861860678, "best_so_far": 0.01785403488179999}
{"epoch": 620, "train_mean_squared_relative_error": 8.606945069924365e-05, "wall_seconds": 1999.4283187179826, "best_so_far": 0.01785403488179999}
{"epoch": 621, "train_mean_squared_relative_error": 8.572692016743902e-05, "wall_seconds": 2002.5932806632482, "best_so_far": 0.01785403488179999}
{"epoch": 622, "train_mean_squared_relative_error": 8.641116662098109e-05, "wall_seconds": 2005.9560838160105, "best_so_far": 0.01785403488179999}
{"epoch": 623, "train_mean_squared_relative_error": 8.621325245617619e-05, "wall_seconds": 2009.128771782387, "best_so_far": 0.01785403488179999}
{"epoch": 624, "train_mean_squared_relative_error": 8.480002332754338e-05, "wall_seconds": 2012.286701735109, "best_so_far": 0.01785403488179999}
{"epoch": 625, "train_mean_squared_relative_error": 8.428104529619614e-05, "wall_seconds": 2015.4838431621902, "best_so_far": 0.01785403488179999}
{"epoch": 626, "train_mean_squared_relative_error": 8.578197944739295e-05, "wall_seconds": 2018.729478886351, "best_so_far": 0.01785403488179999}
{"epoch": 627, "train_mean_squared_relative_error": 8.508981688742343e-05, "wall_seconds": 2021.8858669330366, "best_so_far": 0.01785403488179999}
{"epoch": 628, "train_mean_squared_relative_error": 8.498002756398656e-05, "wall_seconds": 2025.0052953963168, "best_so_far": 0.01785403488179999}
{"epoch": 629, "train_mean_squared_relative_error": 8.74102372581683e-05, "wall_seconds": 2028.1018747473136, "best_so_far": 0.017813487419217365}
{"epoch": 630, "train_mean_squared_relative_error": 8.592089206908458e-05, "wall_seconds": 2031.7131959903054, "best_so_far": 0.017813487419217365}
{"epoch": 631, "train_mean_squared_relative_error": 8.472882265406547e-05, "wall_seconds": 2034.85045510903, "best_so_far": 0.017762251894066335}
{"epoch": 632, "train_mean_squared_relative_error": 8.467091181732069e-05, "wall_seconds": 2038.5238325339742, "best_so_far": 0.017762251894066335}
{"epoch": 633, "train_mean_squared_relative_error": 8.415877756322907e-05, "wall_seconds": 2041.6299312151968, "best_so_far": 0.017762251894066335}
{"epoch": 634, "train_mean_squared_relative_error": 8.3533087700918e-05, "wall_seconds": 2044.7835365952924, "best_so_far": 0.017762251894066335}
{"epoch": 635, "train_mean_squared_relative_error": 8.447911791754792e-05, "wall_seconds": 2047.9073093021289, "best_so_far": 0.017762251894066335}
{"epoch": 636, "train_mean_squared_relative_error": 8.491248434380726e-05, "wall_seconds": 2051.0231454111636, "best_so_far": 0.017762251894066335}
{"epoch": 637, "train_mean_squared_relative_error": 8.456470737009095e-05, "wall_seconds": 2054.1863604062237, "best_so_far": 0.017762251894066335}
{"epoch": 638, "train_mean_squared_relative_error": 8.480466312973401e-05, "wall_seconds": 2057.3148201704025, "best_so_far": 0.017762251894066335}
{"epoch": 639, "train_mean_squared_relative_error": 8.477616732323443e-05, "wall_seconds": 2060.4688915470615, "best_so_far": 0.017762251894066335}
{"epoch": 640, "train_mean_squared_relative_error": 8.407404461834553e-05, "wall_seconds": 2063.780270051211, "best_so_far": 0.017762251894066335}
{"epoch": 641, "train_mean_squared_relative_error": 8.502379190284853e-05, "wall_seconds": 2067.092011262197, "best_so_far": 0.017762251894066335}
{"epoch": 642, "train_mean_squared_relative_error": 8.445250426535737e-05, "wall_seconds": 2070.268224145286, "best_so_far": 0.017762251894066335}
{"epoch": 643, "train_mean_squared_relative_error": 8.51561900467458e-05, "wall_seconds": 2073.400919320062, "best_so_far": 0.017762251894066335}
{"epoch": 644, "train_mean_squared_relative_error": 8.438931170319428e-05, "wall_seconds": 2076.5512513653375, "best_so_far": 0.017762251894066335}
{"epoch": 645, "train_mean_squared_relative_error": 8.342879748909524e-05, "wall_seconds": 2079.6599360932596, "best_so_far": 0.017762251894066335}
{"epoch": 646, "train_mean_squared_relative_error": 8.354179467743798e-05, "wall_seconds": 2082.827770133037, "best_so_far": 0.017762251894066335}
{"epoch": 647, "train_mean_squared_relative_error": 8.39676322747757e-05, "wall_seconds": 2085.949414055329, "best_so_far": 0.017762251894066335}
{"epoch": 648, "train_mean_squared_relative_error": 8.406520093169743e-05, "wall_seconds": 2089.1038222452626, "best_so_far": 0.017762251894066335}
{"epoch": 649, "train_mean_squared_relative_error": 8.339132941264178e-05, "wall_seconds": 2092.253380603157, "best_so_far": 0.017762251894066335}
{"epoch": 650, "train_mean_squared_relative_error": 8.306420860244542e-05, "wall_seconds": 2095.5168303679675, "best_so_far": 0.017762251894066335}
{"epoch": 651, "train_mean_squared_relative_error": 8.276499779203734e-05, "wall_seconds": 2098.8660579794087, "best_so_far": 0.017762251894066335}
{"epoch": 652, "train_mean_squared_relative_error": 8.286042282386681e-05, "wall_seconds": 2102.213341469411, "best_so_far": 0.017762251894066335}
{"epoch": 653, "train_mean_squared_relative_error": 8.39691018842743e-05, "wall_seconds": 2105.56213510409, "best_so_far": 0.017762251894066335}
{"epoch": 654, "train_mean_squared_relative_error": 8.435206796439055e-05, "wall_seconds": 2108.7819084711373, "best_so_far": 0.017762251894066335}
{"epoch": 655, "train_mean_squared_relative_error": 8.372979616095335e-05, "wall_seconds": 2111.9399676299654, "best_so_far": 0.017762251894066335}
{"epoch": 656, "train_mean_squared_relative_error": 8.338090569750182e-05, "wall_seconds": 2115.0571485352702, "best_so_far": 0.017762251894066335}
{"epoch": 657, "train_mean_squared_relative_error": 8.473380250641342e-05, "wall_seconds": 2118.1191675742157, "best_so_far": 0.017762251894066335}
{"epoch": 658, "train_mean_squared_relative_error": 8.302911565471452e-05, "wall_seconds": 2121.2543002692983, "best_so_far": 0.017647518470318202}
{"epoch": 659, "train_mean_squared_relative_error": 8.312992762732021e-05, "wall_seconds": 2125.053990381304, "best_so_far": 0.017647518470318202}
{"epoch": 660, "train_mean_squared_relative_error": 8.26368297639914e-05, "wall_seconds": 2128.2005018270575, "best_so_far": 0.017647518470318202}
{"epoch": 661, "train_mean_squared_relative_error": 8.272963309441642e-05, "wall_seconds": 2131.346336663235, "best_so_far": 0.017647518470318202}
{"epoch": 662, "train_mean_squared_relative_error": 8.388479916872206e-05, "wall_seconds": 2134.515761311166, "best_so_far": 0.017647518470318202}
{"epoch": 663, "train_mean_squared_relative_error": 8.355594083565741e-05, "wall_seconds": 2137.6700482810847, "best_so_far": 0.017647518470318202}
{"epoch": 664, "train_mean_squared_relative_error": 8.254764549460962e-05, "wall_seconds": 2140.7952348249964, "best_so_far": 0.017647518470318202}
{"epoch": 665, "train_mean_squared_relative_error": 8.305813951196505e-05, "wall_seconds": 2143.9296004213393, "best_so_far": 0.017647518470318202}
{"epoch": 666, "train_mean_squared_relative_error": 8.266856307414044e-05, "wall_seconds": 2147.144193854183, "best_so_far": 0.017647518470318202}
{"epoch": 667, "train_mean_squared_relative_error": 8.28959323880377e-05, "wall_seconds": 2150.3749849703163, "best_so_far": 0.017647518470318202}
{"epoch": 668, "train_mean_squared_relative_error": 8.293967999235141e-05, "wall_seconds": 2153.5047726053745, "best_so_far": 0.017647518470318202}
{"epoch": 669, "train_mean_squared_relative_error": 8.325228452569553e-05, "wall_seconds": 2156.668646289967, "best_so_far": 0.017636970413690473}
{"epoch": 670, "train_mean_squared_relative_error": 8.226853146247072e-05, "wall_seconds": 2160.462106329389, "best_so_far": 0.017636970413690473}
{"epoch": 671, "train_mean_squared_relative_error": 8.270313912336559e-05, "wall_seconds": 2163.5893780821934, "best_so_far": 0.017636970413690473}
{"epoch": 672, "train_mean_squared_relative_error": 8.29126490828423e-05, "wall_seconds": 2166.7703780760057, "best_so_far": 0.017636970413690473}
{"epoch": 673, "train_mean_squared_relative_error": 8.24079871980766e-05, "wall_seconds": 2169.926764036063, "best_so_far": 0.017636970413690473}
{"epoch": 674, "train_mean_squared_relative_error": 8.244873211356242e-05, "wall_seconds": 2173.049149768427, "best_so_far": 0.017636970413690473}
{"epoch": 675, "train_mean_squared_relative_error": 8.237652879511883e-05, "wall_seconds": 2176.2018886660226, "best_so_far": 0.017636970413690473}
{"epoch": 676, "train_mean_squared_relative_error": 8.314223973366952e-05, "wall_seconds": 2179.384312981274, "best_so_far": 0.017636970413690473}
{"epoch": 677, "train_mean_squared_relative_error": 8.249305814805631e-05, "wall_seconds": 2182.503580651246, "best_so_far": 0.017636970413690473}
{"epoch": 678, "train_mean_squared_relative_error": 8.194040925290415e-05, "wall_seconds": 2185.650943445973, "best_so_far": 0.01761808795463011}
{"epoch": 679, "train_mean_squared_relative_error": 8.184404638561562e-05, "wall_seconds": 2189.383579583373, "best_so_far": 0.01761808795463011}
{"epoch": 680, "train_mean_squared_relative_error": 8.214836957151513e-05, "wall_seconds": 2192.533729206305, "best_so_far": 0.01761808795463011}
{"epoch": 681, "train_mean_squared_relative_error": 8.235597382918346e-05, "wall_seconds": 2195.736109124031, "best_so_far": 0.01761808795463011}
{"epoch": 682, "train_mean_squared_relative_error": 8.160493263190027e-05, "wall_seconds": 2199.0274025532417, "best_so_far": 0.01761808795463011}
{"epoch": 683, "train_mean_squared_relative_error": 8.182951235914494e-05, "wall_seconds": 2202.319362848997, "best_so_far": 0.01761808795463011}
{"epoch": 684, "train_mean_squared_relative_error": 8.276664532080131e-05, "wall_seconds": 2205.694184715394, "best_so_far": 0.01761808795463011}
{"epoch": 685, "train_mean_squared_relative_error": 8.397344645008849e-05, "wall_seconds": 2208.9943359363824, "best_so_far": 0.01761808795463011}
{"epoch": 686, "train_mean_squared_relative_error": 8.241886104143272e-05, "wall_seconds": 2212.3792026871815, "best_so_far": 0.01761808795463011}
{"epoch": 687, "train_mean_squared_relative_error": 8.20993314338768e-05, "wall_seconds": 2215.513106158003, "best_so_far": 0.01761808795463011}
{"epoch": 688, "train_mean_squared_relative_error": 8.289558795843343e-05, "wall_seconds": 2218.6572388871573, "best_so_far": 0.01761808795463011}
{"epoch": 689, "train_mean_squared_relative_error": 8.410353106347372e-05, "wall_seconds": 2221.8164273332804, "best_so_far": 0.01761808795463011}
{"epoch": 690, "train_mean_squared_relative_error": 8.14888620999771e-05, "wall_seconds": 2224.9439818882383, "best_so_far": 0.01761808795463011}
{"epoch": 691, "train_mean_squared_relative_error": 8.113169738617426e-05, "wall_seconds": 2228.0676772631705, "best_so_far": 0.01761808795463011}
{"epoch": 692, "train_mean_squared_relative_error": 8.062078899049618e-05, "wall_seconds": 2231.2079524351284, "best_so_far": 0.01761808795463011}
{"epoch": 693, "train_mean_squared_relative_error": 8.048872884132252e-05, "wall_seconds": 2234.347834308166, "best_so_far": 0.01761808795463011}
{"epoch": 694, "train_mean_squared_relative_error": 8.007857182797675e-05, "wall_seconds": 2237.555837599095, "best_so_far": 0.01761808795463011}
{"epoch": 695, "train_mean_squared_relative_error": 8.115691566188111e-05, "wall_seconds": 2240.7452096394263, "best_so_far": 0.017550000043111656}
{"epoch": 696, "train_mean_squared_relative_error": 8.022027619117375e-05, "wall_seconds": 2244.53062741505, "best_so_far": 0.017550000043111656}
{"epoch": 697, "train_mean_squared_relative_error": 8.088919631709895e-05, "wall_seconds": 2247.8446806850843, "best_so_far": 0.017550000043111656}
{"epoch": 698, "train_mean_squared_relative_error": 8.174505043134685e-05, "wall_seconds": 2251.216389345005, "best_so_far": 0.017550000043111656}
{"epoch": 699, "train_mean_squared_relative_error": 8.055714447400717e-05, "wall_seconds": 2254.355679688975, "best_so_far": 0.017550000043111656}
{"epoch": 700, "train_mean_squared_relative_error": 8.106987387112219e-05, "wall_seconds": 2257.561205830425, "best_so_far": 0.017550000043111656}
{"epoch": 701, "train_mean_squared_relative_error": 8.039078366596234e-05, "wall_seconds": 2260.7382959881797, "best_so_far": 0.017550000043111656}
{"epoch": 702, "train_mean_squared_relative_error": 8.109001948302313e-05, "wall_seconds": 2263.9303670050576, "best_so_far": 0.017550000043111656}
{"epoch": 703, "train_mean_squared_relative_error": 8.11353480153685e-05, "wall_seconds": 2267.131735682022, "best_so_far": 0.017550000043111656}
{"epoch": 704, "train_mean_squared_relative_error": 8.050249821109426e-05, "wall_seconds": 2270.3380406680517, "best_so_far": 0.017550000043111656}
{"epoch": 705, "train_mean_squared_relative_error": 8.045067877430929e-05, "wall_seconds": 2273.499799593352, "best_so_far": 0.017550000043111656}
{"epoch": 706, "train_mean_squared_relative_error": 8.104911680142434e-05, "wall_seconds": 2276.6323878173716, "best_so_far": 0.017550000043111656}
{"epoch": 707, "train_mean_squared_relative_error": 7.995489262894286e-05, "wall_seconds": 2279.7650814773515, "best_so_far": 0.017550000043111656}
{"epoch": 708, "train_mean_squared_relative_error": 7.990643461037247e-05, "wall_seconds": 2282.9344786680304, "best_so_far": 0.017550000043111656}
{"epoch": 709, "train_mean_squared_relative_error": 8.057064724951541e-05, "wall_seconds": 2286.1430362933315, "best_so_far": 0.017550000043111656}
{"epoch": 710, "train_mean_squared_relative_error": 8.085229509626588e-05, "wall_seconds": 2289.474115449004, "best_so_far": 0.017550000043111656}
{"epoch": 711, "train_mean_squared_relative_error": 8.091660443229199e-05, "wall_seconds": 2292.8310130992904, "best_so_far": 0.017550000043111656}
{"epoch": 712, "train_mean_squared_relative_error": 8.04979886422464e-05, "wall_seconds": 2296.175944793038, "best_so_far": 0.017550000043111656}
{"epoch": 713, "train_mean_squared_relative_error": 7.957781317478485e-05, "wall_seconds": 2299.5038684890606, "best_so_far": 0.017550000043111656}
{"epoch": 714, "train_mean_squared_relative_error": 8.054601062014354e-05, "wall_seconds": 2302.6213887371123, "best_so_far": 0.017550000043111656}
{"epoch": 715, "train_mean_squared_relative_error": 7.920884654144989e-05, "wall_seconds": 2305.7747366060503, "best_so_far": 0.017550000043111656}
{"epoch": 716, "train_mean_squared_relative_error": 7.933595266523904e-05, "wall_seconds": 2308.9066378981806, "best_so_far": 0.017550000043111656}
{"epoch": 717, "train_mean_squared_relative_error": 7.993005211228302e-05, "wall_seconds": 2312.049335319083, "best_so_far": 0.017550000043111656}
{"epoch": 718, "train_mean_squared_relative_error": 8.020554197351821e-05, "wall_seconds": 2315.2116193613037, "best_so_far": 0.017550000043111656}
{"epoch": 719, "train_mean_squared_relative_error": 8.04581953096232e-05, "wall_seconds": 2318.356425151229, "best_so_far": 0.017550000043111656}
{"epoch": 720, "train_mean_squared_relative_error": 8.082767012276684e-05, "wall_seconds": 2321.5066918842494, "best_so_far": 0.017550000043111656}
{"epoch": 721, "train_mean_squared_relative_error": 8.082592133062639e-05, "wall_seconds": 2324.662191471085, "best_so_far": 0.017550000043111656}
{"epoch": 722, "train_mean_squared_relative_error": 8.048047578227156e-05, "wall_seconds": 2327.804190693423, "best_so_far": 0.017550000043111656}
{"epoch": 723, "train_mean_squared_relative_error": 7.914361409156827e-05, "wall_seconds": 2331.159898229409, "best_so_far": 0.017550000043111656}
{"epoch": 724, "train_mean_squared_relative_error": 7.94510738323314e-05, "wall_seconds": 2334.3248404599726, "best_so_far": 0.017550000043111656}
{"epoch": 725, "train_mean_squared_relative_error": 7.921162293627019e-05, "wall_seconds": 2337.5138444071636, "best_so_far": 0.017550000043111656}
{"epoch": 726, "train_mean_squared_relative_error": 7.885750155758947e-05, "wall_seconds": 2340.7820004103705, "best_so_far": 0.017550000043111656}
{"epoch": 727, "train_mean_squared_relative_error": 7.949790152168334e-05, "wall_seconds": 2343.993261993397, "best_so_far": 0.017488640406873802}
{"epoch": 728, "train_mean_squared_relative_error": 7.936185160090197e-05, "wall_seconds": 2347.8230785243213, "best_so_far": 0.017488640406873802}
{"epoch": 729, "train_mean_squared_relative_error": 7.919830278355677e-05, "wall_seconds": 2351.031959105283, "best_so_far": 0.017488640406873802}
{"epoch": 730, "train_mean_squared_relative_error": 7.923280350299079e-05, "wall_seconds": 2354.2065711333416, "best_so_far": 0.017488640406873802}
{"epoch": 731, "train_mean_squared_relative_error": 8.031874592611748e-05, "wall_seconds": 2357.383838706184, "best_so_far": 0.017488640406873802}
{"epoch": 732, "train_mean_squared_relative_error": 7.992357166354858e-05, "wall_seconds": 2360.5211553000845, "best_so_far": 0.017488640406873802}
{"epoch": 733, "train_mean_squared_relative_error": 7.922468562361647e-05, "wall_seconds": 2363.6771455733106, "best_so_far": 0.017488640406873802}
{"epoch": 734, "train_mean_squared_relative_error": 8.017806598712945e-05, "wall_seconds": 2366.8252772623673, "best_so_far": 0.017488640406873802}
{"epoch": 735, "train_mean_squared_relative_error": 8.034851360195342e-05, "wall_seconds": 2369.9869613382034, "best_so_far": 0.017488640406873802}
{"epoch": 736, "train_mean_squared_relative_error": 8.060972465530352e-05, "wall_seconds": 2373.1731868144125, "best_so_far": 0.017488640406873802}
{"epoch": 737, "train_mean_squared_relative_error": 7.887148411133296e-05, "wall_seconds": 2376.3403736152686, "best_so_far": 0.017488640406873802}
{"epoch": 738, "train_mean_squared_relative_error": 7.902426658136913e-05, "wall_seconds": 2379.5032517691143, "best_so_far": 0.017488640406873802}
{"epoch": 739, "train_mean_squared_relative_error": 7.938808336585208e-05, "wall_seconds": 2382.6415329142474, "best_so_far": 0.017337565423709365}
{"epoch": 740, "train_mean_squared_relative_error": 7.895757368099752e-05, "wall_seconds": 2386.3009060821496, "best_so_far": 0.017337565423709365}
{"epoch": 741, "train_mean_squared_relative_error": 7.779968933841779e-05, "wall_seconds": 2389.4725631140172, "best_so_far": 0.017337565423709365}
{"epoch": 742, "train_mean_squared_relative_error": 7.904324244618902e-05, "wall_seconds": 2392.6372678983025, "best_so_far": 0.017337565423709365}
{"epoch": 743, "train_mean_squared_relative_error": 7.827561397053146e-05, "wall_seconds": 2395.8020768570714, "best_so_far": 0.017337565423709365}
{"epoch": 744, "train_mean_squared_relative_error": 7.889307525426939e-05, "wall_seconds": 2398.912147198338, "best_so_far": 0.017337565423709365}
{"epoch": 745, "train_mean_squared_relative_error": 7.80736018359103e-05, "wall_seconds": 2402.0454148850404, "best_so_far": 0.017337565423709365}
{"epoch": 746, "train_mean_squared_relative_error": 7.768329229477752e-05, "wall_seconds": 2405.210004813969, "best_so_far": 0.017337565423709365}
{"epoch": 747, "train_mean_squared_relative_error": 7.802087009845732e-05, "wall_seconds": 2408.5622418001294, "best_so_far": 0.017337565423709365}
{"epoch": 748, "train_mean_squared_relative_error": 7.757186133782046e-05, "wall_seconds": 2411.7247674954124, "best_so_far": 0.017337565423709365}
{"epoch": 749, "train_mean_squared_relative_error": 7.938514543627602e-05, "wall_seconds": 2414.904242368415, "best_so_far": 0.017337565423709365}
{"epoch": 750, "train_mean_squared_relative_error": 7.955892583670967e-05, "wall_seconds": 2418.036999134347, "best_so_far": 0.017337565423709365}
{"epoch": 751, "train_mean_squared_relative_error": 8.007323412363624e-05, "wall_seconds": 2421.271339789033, "best_so_far": 0.017337565423709365}
{"epoch": 752, "train_mean_squared_relative_error": 7.77638601039966e-05, "wall_seconds": 2424.4101897543296, "best_so_far": 0.017337565423709365}
{"epoch": 753, "train_mean_squared_relative_error": 7.835126185595204e-05, "wall_seconds": 2427.616980876308, "best_so_far": 0.017337565423709365}
{"epoch": 754, "train_mean_squared_relative_error": 7.881742726374602e-05, "wall_seconds": 2430.753204375971, "best_so_far": 0.017337565423709365}
{"epoch": 755, "train_mean_squared_relative_error": 7.756140890940713e-05, "wall_seconds": 2433.9251009132713, "best_so_far": 0.017337565423709365}
{"epoch": 756, "train_mean_squared_relative_error": 7.805297782158735e-05, "wall_seconds": 2437.138756898232, "best_so_far": 0.017337565423709365}
{"epoch": 757, "train_mean_squared_relative_error": 7.824914814085038e-05, "wall_seconds": 2440.313033168204, "best_so_far": 0.017337565423709365}
{"epoch": 758, "train_mean_squared_relative_error": 7.732493237808248e-05, "wall_seconds": 2443.4900637082756, "best_so_far": 0.017337565423709365}
{"epoch": 759, "train_mean_squared_relative_error": 7.733847835241504e-05, "wall_seconds": 2446.614726526197, "best_so_far": 0.017337565423709365}
{"epoch": 760, "train_mean_squared_relative_error": 7.808968280857565e-05, "wall_seconds": 2449.7943430542946, "best_so_far": 0.017337565423709365}
{"epoch": 761, "train_mean_squared_relative_error": 7.760552310968176e-05, "wall_seconds": 2452.998717842158, "best_so_far": 0.017337565423709365}
{"epoch": 762, "train_mean_squared_relative_error": 7.799479584356538e-05, "wall_seconds": 2456.1580450842157, "best_so_far": 0.017337565423709365}
{"epoch": 763, "train_mean_squared_relative_error": 7.830004365942936e-05, "wall_seconds": 2459.3671497320756, "best_so_far": 0.017337565423709365}
{"epoch": 764, "train_mean_squared_relative_error": 7.814094706243463e-05, "wall_seconds": 2462.675962745212, "best_so_far": 0.017337565423709365}
{"epoch": 765, "train_mean_squared_relative_error": 7.726618879945422e-05, "wall_seconds": 2466.064946365077, "best_so_far": 0.017337565423709365}
{"epoch": 766, "train_mean_squared_relative_error": 7.750958881715837e-05, "wall_seconds": 2469.3048638310283, "best_so_far": 0.017337565423709365}
{"epoch": 767, "train_mean_squared_relative_error": 7.69816002981848e-05, "wall_seconds": 2472.5882164579816, "best_so_far": 0.017337565423709365}
{"epoch": 768, "train_mean_squared_relative_error": 7.704061913978597e-05, "wall_seconds": 2475.8674244321883, "best_so_far": 0.017337565423709365}
{"epoch": 769, "train_mean_squared_relative_error": 7.653338032974709e-05, "wall_seconds": 2479.1304707522504, "best_so_far": 0.017337565423709365}
{"epoch": 770, "train_mean_squared_relative_error": 7.670160769006446e-05, "wall_seconds": 2482.3998064883053, "best_so_far": 0.017337565423709365}
{"epoch": 771, "train_mean_squared_relative_error": 7.715679083343502e-05, "wall_seconds": 2485.80636787042, "best_so_far": 0.017337565423709365}
{"epoch": 772, "train_mean_squared_relative_error": 7.645638324511217e-05, "wall_seconds": 2489.2801382890902, "best_so_far": 0.0172816880738781}
{"epoch": 773, "train_mean_squared_relative_error": 7.626875141059085e-05, "wall_seconds": 2492.9400415392593, "best_so_far": 0.0172816880738781}
{"epoch": 774, "train_mean_squared_relative_error": 7.625743603056212e-05, "wall_seconds": 2496.0740020521916, "best_so_far": 0.0172816880738781}
{"epoch": 775, "train_mean_squared_relative_error": 7.626106140642437e-05, "wall_seconds": 2499.3009491190314, "best_so_far": 0.0172816880738781}
{"epoch": 776, "train_mean_squared_relative_error": 7.896033196674943e-05, "wall_seconds": 2502.4556967350654, "best_so_far": 0.0172816880738781}
{"epoch": 777, "train_mean_squared_relative_error": 7.874786551544085e-05, "wall_seconds": 2505.66699729627, "best_so_far": 0.0172816880738781}
{"epoch": 778, "train_mean_squared_relative_error": 7.770611449750782e-05, "wall_seconds": 2509.0168935223483, "best_so_far": 0.0172816880738781}
{"epoch": 779, "train_mean_squared_relative_error": 7.625420687764234e-05, "wall_seconds": 2512.2387243174016, "best_so_far": 0.0172816880738781}
{"epoch": 780, "train_mean_squared_relative_error": 7.678092023508699e-05, "wall_seconds": 2515.4470877600834, "best_so_far": 0.0172816880738781}
{"epoch": 781, "train_mean_squared_relative_error": 7.692497166967221e-05, "wall_seconds": 2518.679564963095, "best_so_far": 0.0172816880738781}
{"epoch": 782, "train_mean_squared_relative_error": 7.688910542969196e-05, "wall_seconds": 2521.856228804216, "best_so_far": 0.0172816880738781}
{"epoch": 783, "train_mean_squared_relative_error": 7.622101468359995e-05, "wall_seconds": 2525.004291878082, "best_so_far": 0.0172816880738781}
{"epoch": 784, "train_mean_squared_relative_error": 7.654339232473539e-05, "wall_seconds": 2528.1551699610427, "best_so_far": 0.0172816880738781}
{"epoch": 785, "train_mean_squared_relative_error": 7.690571722977738e-05, "wall_seconds": 2531.3435272900388, "best_so_far": 0.0172816880738781}
{"epoch": 786, "train_mean_squared_relative_error": 7.57363860964034e-05, "wall_seconds": 2534.5962391230278, "best_so_far": 0.017249155169838003}
{"epoch": 787, "train_mean_squared_relative_error": 7.652820989317525e-05, "wall_seconds": 2538.27774241101, "best_so_far": 0.017249155169838003}
{"epoch": 788, "train_mean_squared_relative_error": 7.586836904900536e-05, "wall_seconds": 2541.4712013150565, "best_so_far": 0.017249155169838003}
{"epoch": 789, "train_mean_squared_relative_error": 7.605432533575878e-05, "wall_seconds": 2544.6378580490127, "best_so_far": 0.017249155169838003}
{"epoch": 790, "train_mean_squared_relative_error": 7.562265564431547e-05, "wall_seconds": 2547.7935511451215, "best_so_far": 0.017249155169838003}
{"epoch": 791, "train_mean_squared_relative_error": 7.584466893025704e-05, "wall_seconds": 2551.0081788362004, "best_so_far": 0.017249155169838003}
{"epoch": 792, "train_mean_squared_relative_error": 7.641733686101607e-05, "wall_seconds": 2554.1926659913734, "best_so_far": 0.017249155169838003}
{"epoch": 793, "train_mean_squared_relative_error": 7.521732181300204e-05, "wall_seconds": 2557.311197624076, "best_so_far": 0.017249155169838003}
{"epoch": 794, "train_mean_squared_relative_error": 7.639247439050799e-05, "wall_seconds": 2560.500770439394, "best_so_far": 0.017249155169838003}
{"epoch": 795, "train_mean_squared_relative_error": 7.569820398581658e-05, "wall_seconds": 2563.666301881429, "best_so_far": 0.017249155169838003}
{"epoch": 796, "train_mean_squared_relative_error": 7.57127765922313e-05, "wall_seconds": 2566.921364663169, "best_so_far": 0.017249155169838003}
{"epoch": 797, "train_mean_squared_relative_error": 7.576605800591197e-05, "wall_seconds": 2570.171366219409, "best_so_far": 0.017249155169838003}
{"epoch": 798, "train_mean_squared_relative_error": 7.576891691552129e-05, "wall_seconds": 2573.323926695157, "best_so_far": 0.017249155169838003}
{"epoch": 799, "train_mean_squared_relative_error": 7.575521847754024e-05, "wall_seconds": 2576.4673310332, "best_so_far": 0.017249155169838003}
{"epoch": 800, "train_mean_squared_relative_error": 7.529502939881527e-05, "wall_seconds": 2579.650614986196, "best_so_far": 0.01722915785446766}
{"epoch": 801, "train_mean_squared_relative_error": 7.659923896379259e-05, "wall_seconds": 2583.321033485234, "best_so_far": 0.01722915785446766}
{"epoch": 802, "train_mean_squared_relative_error": 7.744999358268039e-05, "wall_seconds": 2586.5556489201263, "best_so_far": 0.01722915785446766}
{"epoch": 803, "train_mean_squared_relative_error": 7.627416571571679e-05, "wall_seconds": 2589.7250199480914, "best_so_far": 0.01722915785446766}
{"epoch": 804, "train_mean_squared_relative_error": 7.552086008047607e-05, "wall_seconds": 2592.9616448520683, "best_so_far": 0.01722915785446766}
{"epoch": 805, "train_mean_squared_relative_error": 7.508712927450463e-05, "wall_seconds": 2596.147169564385, "best_so_far": 0.01720168214574744}
{"epoch": 806, "train_mean_squared_relative_error": 7.579441909635636e-05, "wall_seconds": 2599.8384102410637, "best_so_far": 0.01720168214574744}
{"epoch": 807, "train_mean_squared_relative_error": 7.506539128859105e-05, "wall_seconds": 2603.0637362762354, "best_so_far": 0.01720168214574744}
{"epoch": 808, "train_mean_squared_relative_error": 7.540527936055455e-05, "wall_seconds": 2606.211586807389, "best_so_far": 0.017170567804010994}
{"epoch": 809, "train_mean_squared_relative_error": 7.539255538388747e-05, "wall_seconds": 2609.982786467299, "best_so_far": 0.017170567804010994}
{"epoch": 810, "train_mean_squared_relative_error": 7.579566107623595e-05, "wall_seconds": 2613.1790385330096, "best_so_far": 0.017170567804010994}
{"epoch": 811, "train_mean_squared_relative_error": 7.616996626299726e-05, "wall_seconds": 2616.3877716274, "best_so_far": 0.017170567804010994}
{"epoch": 812, "train_mean_squared_relative_error": 7.564455257029912e-05, "wall_seconds": 2619.6007805252448, "best_so_far": 0.017170567804010994}
{"epoch": 813, "train_mean_squared_relative_error": 7.612978439916493e-05, "wall_seconds": 2622.8858858803287, "best_so_far": 0.017170567804010994}
{"epoch": 814, "train_mean_squared_relative_error": 7.612125312736001e-05, "wall_seconds": 2626.173496425152, "best_so_far": 0.017170567804010994}
{"epoch": 815, "train_mean_squared_relative_error": 7.545342063329616e-05, "wall_seconds": 2629.3273470443673, "best_so_far": 0.017170567804010994}
{"epoch": 816, "train_mean_squared_relative_error": 7.443152518483344e-05, "wall_seconds": 2632.5182264391333, "best_so_far": 0.017170567804010994}
{"epoch": 817, "train_mean_squared_relative_error": 7.454235593320399e-05, "wall_seconds": 2635.664585389197, "best_so_far": 0.017170567804010994}
{"epoch": 818, "train_mean_squared_relative_error": 7.524582330639597e-05, "wall_seconds": 2638.8318562679924, "best_so_far": 0.017170567804010994}
{"epoch": 819, "train_mean_squared_relative_error": 7.626103040649333e-05, "wall_seconds": 2641.9702099361457, "best_so_far": 0.017170567804010994}
{"epoch": 820, "train_mean_squared_relative_error": 7.459950973693118e-05, "wall_seconds": 2645.222814097069, "best_so_far": 0.017170567804010994}
{"epoch": 821, "train_mean_squared_relative_error": 7.575902947936784e-05, "wall_seconds": 2648.375860451255, "best_so_far": 0.017170567804010994}
{"epoch": 822, "train_mean_squared_relative_error": 7.454159626357045e-05, "wall_seconds": 2651.551213585306, "best_so_far": 0.017134136526853475}
{"epoch": 823, "train_mean_squared_relative_error": 7.391676121215393e-05, "wall_seconds": 2655.300899767317, "best_so_far": 0.017134136526853475}
{"epoch": 824, "train_mean_squared_relative_error": 7.369941755566173e-05, "wall_seconds": 2658.4529151753522, "best_so_far": 0.017134136526853475}
{"epoch": 825, "train_mean_squared_relative_error": 7.34549094455884e-05, "wall_seconds": 2662.0170089839958, "best_so_far": 0.017134136526853475}
{"epoch": 826, "train_mean_squared_relative_error": 7.417538636128776e-05, "wall_seconds": 2665.137887708377, "best_so_far": 0.017134136526853475}
{"epoch": 827, "train_mean_squared_relative_error": 7.3817461221746e-05, "wall_seconds": 2668.439948852174, "best_so_far": 0.017134136526853475}
{"epoch": 828, "train_mean_squared_relative_error": 7.39498758919344e-05, "wall_seconds": 2671.84558853833, "best_so_far": 0.017134136526853475}
{"epoch": 829, "train_mean_squared_relative_error": 7.424773655340049e-05, "wall_seconds": 2675.008180071134, "best_so_far": 0.017134136526853475}
{"epoch": 830, "train_mean_squared_relative_error": 7.363536522198702e-05, "wall_seconds": 2678.1652560969815, "best_so_far": 0.017134136526853475}
{"epoch": 831, "train_mean_squared_relative_error": 7.384847277395009e-05, "wall_seconds": 2681.2676291633397, "best_so_far": 0.017134136526853475}
{"epoch": 832, "train_mean_squared_relative_error": 7.451989807523501e-05, "wall_seconds": 2684.416974114254, "best_so_far": 0.017134136526853475}
{"epoch": 833, "train_mean_squared_relative_error": 7.334001451505544e-05, "wall_seconds": 2687.5850684680045, "best_so_far": 0.017128420216092198}
{"epoch": 834, "train_mean_squared_relative_error": 7.417128300062328e-05, "wall_seconds": 2691.368747503031, "best_so_far": 0.017128420216092198}
{"epoch": 835, "train_mean_squared_relative_error": 7.428346999167104e-05, "wall_seconds": 2694.6810441180132, "best_so_far": 0.017128420216092198}
{"epoch": 836, "train_mean_squared_relative_error": 7.492511395238329e-05, "wall_seconds": 2697.8553551151417, "best_so_far": 0.017128420216092198}
{"epoch": 837, "train_mean_squared_relative_error": 7.411493367694305e-05, "wall_seconds": 2701.036387543194, "best_so_far": 0.017128420216092198}
{"epoch": 838, "train_mean_squared_relative_error": 7.40933884177717e-05, "wall_seconds": 2704.2327733673155, "best_so_far": 0.017128420216092198}
{"epoch": 839, "train_mean_squared_relative_error": 7.34381673602865e-05, "wall_seconds": 2707.422455927357, "best_so_far": 0.017128420216092198}
{"epoch": 840, "train_mean_squared_relative_error": 7.251674964607672e-05, "wall_seconds": 2710.631823450327, "best_so_far": 0.017128420216092198}
{"epoch": 841, "train_mean_squared_relative_error": 7.344503214592225e-05, "wall_seconds": 2713.8409292330034, "best_so_far": 0.017128420216092198}
{"epoch": 842, "train_mean_squared_relative_error": 7.30007449249903e-05, "wall_seconds": 2717.0492022819817, "best_so_far": 0.017128420216092198}
{"epoch": 843, "train_mean_squared_relative_error": 7.273205159340055e-05, "wall_seconds": 2720.21795088239, "best_so_far": 0.017128420216092198}
{"epoch": 844, "train_mean_squared_relative_error": 7.273580022009491e-05, "wall_seconds": 2723.438255224377, "best_so_far": 0.017102492950736285}
{"epoch": 845, "train_mean_squared_relative_error": 7.382144598148667e-05, "wall_seconds": 2727.1443035402335, "best_so_far": 0.017102492950736285}
{"epoch": 846, "train_mean_squared_relative_error": 7.219786990781439e-05, "wall_seconds": 2730.302683087997, "best_so_far": 0.017102492950736285}
{"epoch": 847, "train_mean_squared_relative_error": 7.235221682521439e-05, "wall_seconds": 2733.4629110251553, "best_so_far": 0.017102492950736285}
{"epoch": 848, "train_mean_squared_relative_error": 7.280804458297488e-05, "wall_seconds": 2736.621430047322, "best_so_far": 0.017102492950736285}
{"epoch": 849, "train_mean_squared_relative_error": 7.306798515575601e-05, "wall_seconds": 2739.8015692541376, "best_so_far": 0.017102492950736285}
{"epoch": 850, "train_mean_squared_relative_error": 7.289940036019363e-05, "wall_seconds": 2742.989401337225, "best_so_far": 0.017102492950736285}
{"epoch": 851, "train_mean_squared_relative_error": 7.265670720267731e-05, "wall_seconds": 2746.151200181339, "best_so_far": 0.017102492950736285}
{"epoch": 852, "train_mean_squared_relative_error": 7.210504017208768e-05, "wall_seconds": 2749.321146019269, "best_so_far": 0.017102492950736285}
{"epoch": 853, "train_mean_squared_relative_error": 7.237106644624886e-05, "wall_seconds": 2752.636288860347, "best_so_far": 0.017102492950736285}
{"epoch": 854, "train_mean_squared_relative_error": 7.30628972752433e-05, "wall_seconds": 2755.9104742342606, "best_so_far": 0.017102492950736285}
{"epoch": 855, "train_mean_squared_relative_error": 7.362027687423556e-05, "wall_seconds": 2759.3290876010433, "best_so_far": 0.017102492950736285}
{"epoch": 856, "train_mean_squared_relative_error": 7.372818347139824e-05, "wall_seconds": 2762.581711909268, "best_so_far": 0.017102492950736285}
{"epoch": 857, "train_mean_squared_relative_error": 7.327603907019415e-05, "wall_seconds": 2765.8638187823817, "best_so_far": 0.017102492950736285}
{"epoch": 858, "train_mean_squared_relative_error": 7.310434829596378e-05, "wall_seconds": 2769.212657781318, "best_so_far": 0.017102492950736285}
{"epoch": 859, "train_mean_squared_relative_error": 7.314817565379668e-05, "wall_seconds": 2772.543046827428, "best_so_far": 0.017102492950736285}
{"epoch": 860, "train_mean_squared_relative_error": 7.523673783703634e-05, "wall_seconds": 2775.885693221353, "best_so_far": 0.017102492950736285}
{"epoch": 861, "train_mean_squared_relative_error": 7.499699165090952e-05, "wall_seconds": 2779.1947829071432, "best_so_far": 0.017102492950736285}
{"epoch": 862, "train_mean_squared_relative_error": 7.268316477399674e-05, "wall_seconds": 2782.4787618652917, "best_so_far": 0.017102492950736285}
{"epoch": 863, "train_mean_squared_relative_error": 7.32224022785079e-05, "wall_seconds": 2785.865660089068, "best_so_far": 0.017102492950736285}
{"epoch": 864, "train_mean_squared_relative_error": 7.320866969444136e-05, "wall_seconds": 2789.026480802335, "best_so_far": 0.017102492950736285}
{"epoch": 865, "train_mean_squared_relative_error": 7.201191835888751e-05, "wall_seconds": 2792.2021598080173, "best_so_far": 0.017102492950736285}
{"epoch": 866, "train_mean_squared_relative_error": 7.175215802301564e-05, "wall_seconds": 2795.3523918553255, "best_so_far": 0.01708809558457941}
{"epoch": 867, "train_mean_squared_relative_error": 7.153938341623098e-05, "wall_seconds": 2799.005268623121, "best_so_far": 0.01708809558457941}
{"epoch": 868, "train_mean_squared_relative_error": 7.17985553598679e-05, "wall_seconds": 2802.2430633744225, "best_so_far": 0.01708809558457941}
{"epoch": 869, "train_mean_squared_relative_error": 7.260170873903714e-05, "wall_seconds": 2805.397728785407, "best_so_far": 0.01708809558457941}
{"epoch": 870, "train_mean_squared_relative_error": 7.324814462313286e-05, "wall_seconds": 2808.59485658817, "best_so_far": 0.01708809558457941}
{"epoch": 871, "train_mean_squared_relative_error": 7.347523129424379e-05, "wall_seconds": 2811.7908311551437, "best_so_far": 0.01708809558457941}
{"epoch": 872, "train_mean_squared_relative_error": 7.292630534037626e-05, "wall_seconds": 2814.978900039103, "best_so_far": 0.01708809558457941}
{"epoch": 873, "train_mean_squared_relative_error": 7.143121509518876e-05, "wall_seconds": 2818.1329758251086, "best_so_far": 0.01708809558457941}
{"epoch": 874, "train_mean_squared_relative_error": 7.080292733501117e-05, "wall_seconds": 2821.295399107039, "best_so_far": 0.01708809558457941}
{"epoch": 875, "train_mean_squared_relative_error": 7.155943348833987e-05, "wall_seconds": 2824.4572115251794, "best_so_far": 0.01708809558457941}
{"epoch": 876, "train_mean_squared_relative_error": 7.146200022543218e-05, "wall_seconds": 2827.763031097129, "best_so_far": 0.01708809558457941}
{"epoch": 877, "train_mean_squared_relative_error": 7.173517832983234e-05, "wall_seconds": 2830.9522849610075, "best_so_far": 0.01708809558457941}
{"epoch": 878, "train_mean_squared_relative_error": 7.098809306659693e-05, "wall_seconds": 2834.130368967075, "best_so_far": 0.01708809558457941}
{"epoch": 879, "train_mean_squared_relative_error": 7.085123276035158e-05, "wall_seconds": 2837.336505940184, "best_so_far": 0.01708809558457941}
{"epoch": 880, "train_mean_squared_relative_error": 7.042748446546425e-05, "wall_seconds": 2840.604270566255, "best_so_far": 0.017065187835953562}
{"epoch": 881, "train_mean_squared_relative_error": 7.060856262621162e-05, "wall_seconds": 2844.273322773166, "best_so_far": 0.017065187835953562}
{"epoch": 882, "train_mean_squared_relative_error": 7.122071039626104e-05, "wall_seconds": 2847.419227931183, "best_so_far": 0.017065187835953562}
{"epoch": 883, "train_mean_squared_relative_error": 7.01778297094726e-05, "wall_seconds": 2850.5805520913564, "best_so_far": 0.016995732685587406}
{"epoch": 884, "train_mean_squared_relative_error": 7.217995505751219e-05, "wall_seconds": 2854.291131358128, "best_so_far": 0.016995732685587406}
{"epoch": 885, "train_mean_squared_relative_error": 7.084776500436394e-05, "wall_seconds": 2857.4879955090582, "best_so_far": 0.016995732685587406}
{"epoch": 886, "train_mean_squared_relative_error": 7.07406451601484e-05, "wall_seconds": 2860.6636139191687, "best_so_far": 0.016995732685587406}
{"epoch": 887, "train_mean_squared_relative_error": 7.008778363810792e-05, "wall_seconds": 2863.8693578653038, "best_so_far": 0.016995732685587406}
{"epoch": 888, "train_mean_squared_relative_error": 7.032247886380025e-05, "wall_seconds": 2867.04677271517, "best_so_far": 0.016941553545626598}
{"epoch": 889, "train_mean_squared_relative_error": 7.049806170033171e-05, "wall_seconds": 2870.7232171981595, "best_so_far": 0.016941553545626598}
{"epoch": 890, "train_mean_squared_relative_error": 7.057719434348541e-05, "wall_seconds": 2873.870530914981, "best_so_far": 0.016941553545626598}
{"epoch": 891, "train_mean_squared_relative_error": 6.991231574660202e-05, "wall_seconds": 2877.033308320213, "best_so_far": 0.016941553545626598}
{"epoch": 892, "train_mean_squared_relative_error": 7.02305850794966e-05, "wall_seconds": 2880.214567406103, "best_so_far": 0.016941553545626598}
{"epoch": 893, "train_mean_squared_relative_error": 7.037455341414005e-05, "wall_seconds": 2883.3845723033883, "best_so_far": 0.016941553545626598}
{"epoch": 894, "train_mean_squared_relative_error": 7.031282747575513e-05, "wall_seconds": 2886.51373737026, "best_so_far": 0.016941553545626598}
{"epoch": 895, "train_mean_squared_relative_error": 6.980838991332235e-05, "wall_seconds": 2889.719130281359, "best_so_far": 0.016941553545626598}
{"epoch": 896, "train_mean_squared_relative_error": 7.142471763924063e-05, "wall_seconds": 2892.8744445620105, "best_so_far": 0.016941553545626598}
{"epoch": 897, "train_mean_squared_relative_error": 7.159986619044583e-05, "wall_seconds": 2896.1132030449808, "best_so_far": 0.016941553545626598}
{"epoch": 898, "train_mean_squared_relative_error": 7.433325372198749e-05, "wall_seconds": 2899.271271761041, "best_so_far": 0.016941553545626598}
{"epoch": 899, "train_mean_squared_relative_error": 7.213312642419565e-05, "wall_seconds": 2902.5680609392, "best_so_far": 0.016941553545626598}
{"epoch": 900, "train_mean_squared_relative_error": 7.08006288154662e-05, "wall_seconds": 2905.8135815430433, "best_so_far": 0.016941553545626598}
{"epoch": 901, "train_mean_squared_relative_error": 7.040784761960846e-05, "wall_seconds": 2909.002565370407, "best_so_far": 0.016941553545626598}
{"epoch": 902, "train_mean_squared_relative_error": 6.984653408708544e-05, "wall_seconds": 2912.164684726391, "best_so_far": 0.016941553545626598}
{"epoch": 903, "train_mean_squared_relative_error": 6.944804060249493e-05, "wall_seconds": 2915.3281089351512, "best_so_far": 0.016941553545626598}
{"epoch": 904, "train_mean_squared_relative_error": 7.092488468704621e-05, "wall_seconds": 2918.485589838121, "best_so_far": 0.016941553545626598}
{"epoch": 905, "train_mean_squared_relative_error": 7.027414979285195e-05, "wall_seconds": 2921.6407637400553, "best_so_far": 0.016941553545626598}
{"epoch": 906, "train_mean_squared_relative_error": 6.96317177608479e-05, "wall_seconds": 2924.7837415430695, "best_so_far": 0.016941553545626598}
{"epoch": 907, "train_mean_squared_relative_error": 7.009772416255386e-05, "wall_seconds": 2927.979333315976, "best_so_far": 0.016941553545626598}
{"epoch": 908, "train_mean_squared_relative_error": 7.127568330632264e-05, "wall_seconds": 2931.12467194302, "best_so_far": 0.016941553545626598}
{"epoch": 909, "train_mean_squared_relative_error": 7.388676602010006e-05, "wall_seconds": 2934.254205627367, "best_so_far": 0.016941553545626598}
{"epoch": 910, "train_mean_squared_relative_error": 7.21429557571502e-05, "wall_seconds": 2937.3931799461134, "best_so_far": 0.016941553545626598}
{"epoch": 911, "train_mean_squared_relative_error": 7.08344219552948e-05, "wall_seconds": 2940.58708681399, "best_so_far": 0.016941553545626598}
{"epoch": 912, "train_mean_squared_relative_error": 7.09493991386923e-05, "wall_seconds": 2943.9103329824284, "best_so_far": 0.016941553545626598}
{"epoch": 913, "train_mean_squared_relative_error": 6.953795883004974e-05, "wall_seconds": 2947.0994205623865, "best_so_far": 0.01688994403445897}
{"epoch": 914, "train_mean_squared_relative_error": 6.952350475118103e-05, "wall_seconds": 2950.78800791502, "best_so_far": 0.01688994403445897}
{"epoch": 915, "train_mean_squared_relative_error": 6.930393647316319e-05, "wall_seconds": 2953.9586866949685, "best_so_far": 0.01688994403445897}
{"epoch": 916, "train_mean_squared_relative_error": 6.8579399197432e-05, "wall_seconds": 2957.28125198232, "best_so_far": 0.01688994403445897}
{"epoch": 917, "train_mean_squared_relative_error": 6.978880108781725e-05, "wall_seconds": 2960.452688165009, "best_so_far": 0.01688994403445897}
{"epoch": 918, "train_mean_squared_relative_error": 6.906563339793682e-05, "wall_seconds": 2963.6300955452025, "best_so_far": 0.01688994403445897}
{"epoch": 919, "train_mean_squared_relative_error": 6.975180575543139e-05, "wall_seconds": 2966.9821312902495, "best_so_far": 0.01688994403445897}
{"epoch": 920, "train_mean_squared_relative_error": 6.97091282262035e-05, "wall_seconds": 2970.1371527453884, "best_so_far": 0.01688994403445897}
{"epoch": 921, "train_mean_squared_relative_error": 6.890407287067816e-05, "wall_seconds": 2973.280192731414, "best_so_far": 0.016889008957905755}
{"epoch": 922, "train_mean_squared_relative_error": 6.931393782460421e-05, "wall_seconds": 2976.9213830600493, "best_so_far": 0.016889008957905755}
{"epoch": 923, "train_mean_squared_relative_error": 6.871391216734383e-05, "wall_seconds": 2980.0999036850408, "best_so_far": 0.016889008957905755}
{"epoch": 924, "train_mean_squared_relative_error": 6.960417786778843e-05, "wall_seconds": 2983.3021777202375, "best_so_far": 0.016889008957905755}
{"epoch": 925, "train_mean_squared_relative_error": 6.921597271585899e-05, "wall_seconds": 2986.56547261402, "best_so_far": 0.016889008957905755}
{"epoch": 926, "train_mean_squared_relative_error": 6.879504052533646e-05, "wall_seconds": 2989.752344323322, "best_so_far": 0.016889008957905755}
{"epoch": 927, "train_mean_squared_relative_error": 6.924098074416773e-05, "wall_seconds": 2992.9334832620807, "best_so_far": 0.016889008957905755}
{"epoch": 928, "train_mean_squared_relative_error": 6.936541327483461e-05, "wall_seconds": 2996.18778427504, "best_so_far": 0.016889008957905755}
{"epoch": 929, "train_mean_squared_relative_error": 6.809467587376362e-05, "wall_seconds": 2999.48058766732, "best_so_far": 0.016889008957905755}
{"epoch": 930, "train_mean_squared_relative_error": 6.85379933654112e-05, "wall_seconds": 3002.7778109810315, "best_so_far": 0.016889008957905755}
{"epoch": 931, "train_mean_squared_relative_error": 6.895908565499034e-05, "wall_seconds": 3006.141871175263, "best_so_far": 0.016828160392701276}
{"epoch": 932, "train_mean_squared_relative_error": 6.8138785258272e-05, "wall_seconds": 3009.787304826081, "best_so_far": 0.016828160392701276}
{"epoch": 933, "train_mean_squared_relative_error": 6.810139752682296e-05, "wall_seconds": 3013.0575873111375, "best_so_far": 0.016828160392701276}
{"epoch": 934, "train_mean_squared_relative_error": 6.867104179522105e-05, "wall_seconds": 3016.2599701173604, "best_so_far": 0.016828160392701276}
{"epoch": 935, "train_mean_squared_relative_error": 6.871510774240245e-05, "wall_seconds": 3019.4543994613923, "best_so_far": 0.016828160392701276}
{"epoch": 936, "train_mean_squared_relative_error": 6.831936547538609e-05, "wall_seconds": 3022.660219357349, "best_so_far": 0.016828160392701276}
{"epoch": 937, "train_mean_squared_relative_error": 6.857745955027136e-05, "wall_seconds": 3025.881910022348, "best_so_far": 0.016828160392701276}
{"epoch": 938, "train_mean_squared_relative_error": 6.879589772151061e-05, "wall_seconds": 3029.076831009239, "best_so_far": 0.016828160392701276}
{"epoch": 939, "train_mean_squared_relative_error": 6.871120417861848e-05, "wall_seconds": 3032.2750232373364, "best_so_far": 0.016828160392701276}
{"epoch": 940, "train_mean_squared_relative_error": 6.974740073559027e-05, "wall_seconds": 3035.483022591099, "best_so_far": 0.016828160392701276}
{"epoch": 941, "train_mean_squared_relative_error": 7.171763875112002e-05, "wall_seconds": 3038.750355631113, "best_so_far": 0.016828160392701276}
{"epoch": 942, "train_mean_squared_relative_error": 7.147140717510973e-05, "wall_seconds": 3041.966956284363, "best_so_far": 0.016828160392701276}
{"epoch": 943, "train_mean_squared_relative_error": 6.97785090162309e-05, "wall_seconds": 3045.158825200051, "best_so_far": 0.016828160392701276}
{"epoch": 944, "train_mean_squared_relative_error": 6.862375984620544e-05, "wall_seconds": 3048.3619615412317, "best_so_far": 0.016828160392701276}
{"epoch": 945, "train_mean_squared_relative_error": 6.837861865736758e-05, "wall_seconds": 3051.5654300013557, "best_so_far": 0.016828160392701276}
{"epoch": 946, "train_mean_squared_relative_error": 6.831092811341959e-05, "wall_seconds": 3054.697994421236, "best_so_far": 0.016828160392701276}
{"epoch": 947, "train_mean_squared_relative_error": 6.8034181190791e-05, "wall_seconds": 3057.9578145993873, "best_so_far": 0.016828160392701276}
{"epoch": 948, "train_mean_squared_relative_error": 6.836191690483928e-05, "wall_seconds": 3061.1423309603706, "best_so_far": 0.016828160392701276}
{"epoch": 949, "train_mean_squared_relative_error": 6.793471378804252e-05, "wall_seconds": 3064.3020013100468, "best_so_far": 0.016828160392701276}
{"epoch": 950, "train_mean_squared_relative_error": 6.809549440876444e-05, "wall_seconds": 3067.4459846201353, "best_so_far": 0.016828160392701276}
{"epoch": 951, "train_mean_squared_relative_error": 6.787276922663534e-05, "wall_seconds": 3070.66491526505, "best_so_far": 0.016828160392701276}
{"epoch": 952, "train_mean_squared_relative_error": 6.757518304051355e-05, "wall_seconds": 3073.857947221026, "best_so_far": 0.016751342253802832}
{"epoch": 953, "train_mean_squared_relative_error": 6.743567926956042e-05, "wall_seconds": 3077.5474261692725, "best_so_far": 0.016751342253802832}
{"epoch": 954, "train_mean_squared_relative_error": 6.755968668720908e-05, "wall_seconds": 3080.8426422080956, "best_so_far": 0.016751342253802832}
{"epoch": 955, "train_mean_squared_relative_error": 6.804862779380438e-05, "wall_seconds": 3084.055124805309, "best_so_far": 0.016751342253802832}
{"epoch": 956, "train_mean_squared_relative_error": 6.779317406079976e-05, "wall_seconds": 3087.238258901052, "best_so_far": 0.016751342253802832}
{"epoch": 957, "train_mean_squared_relative_error": 6.859712808756961e-05, "wall_seconds": 3090.526862347033, "best_so_far": 0.016751342253802832}
{"epoch": 958, "train_mean_squared_relative_error": 6.777692172239331e-05, "wall_seconds": 3093.7056046882644, "best_so_far": 0.016751342253802832}
{"epoch": 959, "train_mean_squared_relative_error": 6.746884620662652e-05, "wall_seconds": 3096.9165900973603, "best_so_far": 0.016751342253802832}
{"epoch": 960, "train_mean_squared_relative_error": 6.838968504120867e-05, "wall_seconds": 3100.24812940415, "best_so_far": 0.016751342253802832}
{"epoch": 961, "train_mean_squared_relative_error": 6.732717940389894e-05, "wall_seconds": 3103.695958028082, "best_so_far": 0.016751342253802832}
{"epoch": 962, "train_mean_squared_relative_error": 6.737006302155573e-05, "wall_seconds": 3107.1312696742825, "best_so_far": 0.016751342253802832}
{"epoch": 963, "train_mean_squared_relative_error": 6.770142385494601e-05, "wall_seconds": 3110.4150891844183, "best_so_far": 0.016751342253802832}
{"epoch": 964, "train_mean_squared_relative_error": 6.701263813466806e-05, "wall_seconds": 3113.80161573831, "best_so_far": 0.016751342253802832}
{"epoch": 965, "train_mean_squared_relative_error": 6.747184492576044e-05, "wall_seconds": 3117.11104733916, "best_so_far": 0.016751342253802832}
{"epoch": 966, "train_mean_squared_relative_error": 6.782121536951836e-05, "wall_seconds": 3120.420343774371, "best_so_far": 0.016751342253802832}
{"epoch": 967, "train_mean_squared_relative_error": 6.713471608515543e-05, "wall_seconds": 3123.7737391809933, "best_so_far": 0.016751342253802832}
{"epoch": 968, "train_mean_squared_relative_error": 6.744726755672967e-05, "wall_seconds": 3127.0970531590283, "best_so_far": 0.016631804706914412}
{"epoch": 969, "train_mean_squared_relative_error": 6.755271258691585e-05, "wall_seconds": 3131.042286093347, "best_so_far": 0.016631804706914412}
{"epoch": 970, "train_mean_squared_relative_error": 6.787607545680348e-05, "wall_seconds": 3134.2535883532837, "best_so_far": 0.016631804706914412}
{"epoch": 971, "train_mean_squared_relative_error": 7.070062603789466e-05, "wall_seconds": 3137.4468716103584, "best_so_far": 0.016631804706914412}
{"epoch": 972, "train_mean_squared_relative_error": 7.127881800640331e-05, "wall_seconds": 3140.7656588633545, "best_so_far": 0.016631804706914412}
{"epoch": 973, "train_mean_squared_relative_error": 6.834849741360072e-05, "wall_seconds": 3144.0713404864073, "best_so_far": 0.016631804706914412}
{"epoch": 974, "train_mean_squared_relative_error": 6.735894073834028e-05, "wall_seconds": 3147.339422677178, "best_so_far": 0.016631804706914412}
{"epoch": 975, "train_mean_squared_relative_error": 6.649520997556995e-05, "wall_seconds": 3150.5280647673644, "best_so_far": 0.016631804706914412}
{"epoch": 976, "train_mean_squared_relative_error": 6.69304486648979e-05, "wall_seconds": 3153.765324352309, "best_so_far": 0.016631804706914412}
{"epoch": 977, "train_mean_squared_relative_error": 6.622758404624198e-05, "wall_seconds": 3156.9451782680117, "best_so_far": 0.016631804706914412}
{"epoch": 978, "train_mean_squared_relative_error": 6.682904099744423e-05, "wall_seconds": 3160.167196657043, "best_so_far": 0.016631804706914412}
{"epoch": 979, "train_mean_squared_relative_error": 6.860911080154556e-05, "wall_seconds": 3163.3358283210546, "best_so_far": 0.016631804706914412}
{"epoch": 980, "train_mean_squared_relative_error": 6.657575684099427e-05, "wall_seconds": 3166.5278118019924, "best_so_far": 0.016631804706914412}
{"epoch": 981, "train_mean_squared_relative_error": 6.805722698563575e-05, "wall_seconds": 3169.7225551111624, "best_so_far": 0.016631804706914412}
{"epoch": 982, "train_mean_squared_relative_error": 6.745927311800692e-05, "wall_seconds": 3172.9046096280217, "best_so_far": 0.016631804706914412}
{"epoch": 983, "train_mean_squared_relative_error": 6.738998448084655e-05, "wall_seconds": 3176.1260255761445, "best_so_far": 0.016631804706914412}
{"epoch": 984, "train_mean_squared_relative_error": 6.719017514600095e-05, "wall_seconds": 3179.3265117323026, "best_so_far": 0.016631804706914412}
{"epoch": 985, "train_mean_squared_relative_error": 6.670911143557203e-05, "wall_seconds": 3182.505249915179, "best_so_far": 0.016631804706914412}
{"epoch": 986, "train_mean_squared_relative_error": 6.63851797697199e-05, "wall_seconds": 3185.6734830089845, "best_so_far": 0.016594179178455855}
{"epoch": 987, "train_mean_squared_relative_error": 6.597542086021337e-05, "wall_seconds": 3189.461838105228, "best_so_far": 0.016594179178455855}
{"epoch": 988, "train_mean_squared_relative_error": 6.60054708328067e-05, "wall_seconds": 3192.673857100308, "best_so_far": 0.016594179178455855}
{"epoch": 989, "train_mean_squared_relative_error": 6.660042416846795e-05, "wall_seconds": 3195.873668040149, "best_so_far": 0.016594179178455855}
{"epoch": 990, "train_mean_squared_relative_error": 6.640342321951923e-05, "wall_seconds": 3199.0983183393255, "best_so_far": 0.016594179178455855}
{"epoch": 991, "train_mean_squared_relative_error": 6.667799520465049e-05, "wall_seconds": 3202.2833775272593, "best_so_far": 0.016594179178455855}
{"epoch": 992, "train_mean_squared_relative_error": 6.715633413107206e-05, "wall_seconds": 3205.5050414251164, "best_so_far": 0.016594179178455855}
{"epoch": 993, "train_mean_squared_relative_error": 6.670502526486811e-05, "wall_seconds": 3208.680047405418, "best_so_far": 0.016594179178455855}
{"epoch": 994, "train_mean_squared_relative_error": 6.672899712736756e-05, "wall_seconds": 3211.9233124572784, "best_so_far": 0.016594179178455855}
{"epoch": 995, "train_mean_squared_relative_error": 6.598540258195165e-05, "wall_seconds": 3215.123764131218, "best_so_far": 0.016594179178455855}
{"epoch": 996, "train_mean_squared_relative_error": 6.654061657833076e-05, "wall_seconds": 3218.351364662405, "best_so_far": 0.016594179178455855}
{"epoch": 997, "train_mean_squared_relative_error": 6.638757873232691e-05, "wall_seconds": 3221.6450880202465, "best_so_far": 0.016594179178455855}
{"epoch": 998, "train_mean_squared_relative_error": 6.577231946113359e-05, "wall_seconds": 3225.0033714203164, "best_so_far": 0.016594179178455855}
{"epoch": 999, "train_mean_squared_relative_error": 6.704647205576468e-05, "wall_seconds": 3228.35941610625, "best_so_far": 0.016594179178455855}
{"epoch": 1000, "train_mean_squared_relative_error": 6.715801247599829e-05, "wall_seconds": 3231.7266444494016, "best_so_far": 0.016594179178455855}
{"epoch": 1001, "train_mean_squared_relative_error": 6.700689637997571e-05, "wall_seconds": 3235.075632336084, "best_so_far": 0.016594179178455855}
{"epoch": 1002, "train_mean_squared_relative_error": 6.763143793980439e-05, "wall_seconds": 3238.348257299047, "best_so_far": 0.016594179178455855}
{"epoch": 1003, "train_mean_squared_relative_error": 6.591892145802185e-05, "wall_seconds": 3241.7413957812823, "best_so_far": 0.016594179178455855}
{"epoch": 1004, "train_mean_squared_relative_error": 6.531763173786559e-05, "wall_seconds": 3245.009150276426, "best_so_far": 0.016594179178455855}
{"epoch": 1005, "train_mean_squared_relative_error": 6.56716021303006e-05, "wall_seconds": 3248.2045986223966, "best_so_far": 0.016594179178455855}
{"epoch": 1006, "train_mean_squared_relative_error": 6.548000184051396e-05, "wall_seconds": 3251.4262557411566, "best_so_far": 0.01658307238212037}
{"epoch": 1007, "train_mean_squared_relative_error": 6.631092892583868e-05, "wall_seconds": 3255.220604270231, "best_so_far": 0.01658307238212037}
{"epoch": 1008, "train_mean_squared_relative_error": 6.533487041094817e-05, "wall_seconds": 3258.39096767921, "best_so_far": 0.01658307238212037}
{"epoch": 1009, "train_mean_squared_relative_error": 6.583378069363751e-05, "wall_seconds": 3261.7360857380554, "best_so_far": 0.01658307238212037}
{"epoch": 1010, "train_mean_squared_relative_error": 6.650498191604337e-05, "wall_seconds": 3264.9072470273823, "best_so_far": 0.01658307238212037}
{"epoch": 1011, "train_mean_squared_relative_error": 6.749552987809322e-05, "wall_seconds": 3268.1269070203416, "best_so_far": 0.01658307238212037}
{"epoch": 1012, "train_mean_squared_relative_error": 6.722707884593252e-05, "wall_seconds": 3271.388165401295, "best_so_far": 0.01658307238212037}
{"epoch": 1013, "train_mean_squared_relative_error": 6.560434779517385e-05, "wall_seconds": 3274.5857898569666, "best_so_far": 0.01658307238212037}
{"epoch": 1014, "train_mean_squared_relative_error": 6.6044611890442e-05, "wall_seconds": 3277.7882031393237, "best_so_far": 0.01658307238212037}
{"epoch": 1015, "train_mean_squared_relative_error": 6.692373253953594e-05, "wall_seconds": 3280.94357256731, "best_so_far": 0.01658307238212037}
{"epoch": 1016, "train_mean_squared_relative_error": 6.726284938584009e-05, "wall_seconds": 3284.144132502377, "best_so_far": 0.01658307238212037}
{"epoch": 1017, "train_mean_squared_relative_error": 6.712496950409635e-05, "wall_seconds": 3287.3603948061354, "best_so_far": 0.01658307238212037}
{"epoch": 1018, "train_mean_squared_relative_error": 6.56619737984214e-05, "wall_seconds": 3290.5929157533683, "best_so_far": 0.01658307238212037}
{"epoch": 1019, "train_mean_squared_relative_error": 6.535402506313489e-05, "wall_seconds": 3293.795922111254, "best_so_far": 0.01658307238212037}
{"epoch": 1020, "train_mean_squared_relative_error": 6.515486894010092e-05, "wall_seconds": 3296.985693338327, "best_so_far": 0.01658307238212037}
{"epoch": 1021, "train_mean_squared_relative_error": 6.53014201014526e-05, "wall_seconds": 3300.2148143723607, "best_so_far": 0.01658307238212037}
{"epoch": 1022, "train_mean_squared_relative_error": 6.658598613302872e-05, "wall_seconds": 3303.4309997381642, "best_so_far": 0.01658307238212037}
{"epoch": 1023, "train_mean_squared_relative_error": 6.568014325245361e-05, "wall_seconds": 3306.731978046242, "best_so_far": 0.01658307238212037}
{"epoch": 1024, "train_mean_squared_relative_error": 6.595172898773071e-05, "wall_seconds": 3310.0178988124244, "best_so_far": 0.01658307238212037}
{"epoch": 1025, "train_mean_squared_relative_error": 6.469613574750517e-05, "wall_seconds": 3313.2589171472937, "best_so_far": 0.01658307238212037}
{"epoch": 1026, "train_mean_squared_relative_error": 6.471010017062984e-05, "wall_seconds": 3316.542241526302, "best_so_far": 0.01652402756177165}
{"epoch": 1027, "train_mean_squared_relative_error": 6.437831392490313e-05, "wall_seconds": 3320.2462782412767, "best_so_far": 0.01652402756177165}
{"epoch": 1028, "train_mean_squared_relative_error": 6.47722259825862e-05, "wall_seconds": 3323.4557665390894, "best_so_far": 0.01652402756177165}
{"epoch": 1029, "train_mean_squared_relative_error": 6.475433218644217e-05, "wall_seconds": 3326.679644588381, "best_so_far": 0.01652402756177165}
{"epoch": 1030, "train_mean_squared_relative_error": 6.418188188087157e-05, "wall_seconds": 3329.8533906852826, "best_so_far": 0.01652402756177165}
{"epoch": 1031, "train_mean_squared_relative_error": 6.429722155684896e-05, "wall_seconds": 3333.0211573261768, "best_so_far": 0.01652402756177165}
{"epoch": 1032, "train_mean_squared_relative_error": 6.465237181481497e-05, "wall_seconds": 3336.196325607132, "best_so_far": 0.01652402756177165}
{"epoch": 1033, "train_mean_squared_relative_error": 6.464639975794211e-05, "wall_seconds": 3339.364754257258, "best_so_far": 0.01652402756177165}
{"epoch": 1034, "train_mean_squared_relative_error": 6.44625830822836e-05, "wall_seconds": 3342.5976224374026, "best_so_far": 0.01652402756177165}
{"epoch": 1035, "train_mean_squared_relative_error": 6.464869040032371e-05, "wall_seconds": 3345.8111935802735, "best_so_far": 0.01652402756177165}
{"epoch": 1036, "train_mean_squared_relative_error": 6.595349691199457e-05, "wall_seconds": 3349.0012987842783, "best_so_far": 0.01652402756177165}
{"epoch": 1037, "train_mean_squared_relative_error": 6.564270756629653e-05, "wall_seconds": 3352.1758381272666, "best_so_far": 0.01652402756177165}
{"epoch": 1038, "train_mean_squared_relative_error": 6.60827922988293e-05, "wall_seconds": 3355.405471851118, "best_so_far": 0.01652402756177165}
{"epoch": 1039, "train_mean_squared_relative_error": 6.54326207812076e-05, "wall_seconds": 3358.8373983013444, "best_so_far": 0.01652402756177165}
{"epoch": 1040, "train_mean_squared_relative_error": 6.485783238537011e-05, "wall_seconds": 3362.0782386232167, "best_so_far": 0.01652402756177165}
{"epoch": 1041, "train_mean_squared_relative_error": 6.453163992747238e-05, "wall_seconds": 3365.459650966339, "best_so_far": 0.01652402756177165}
{"epoch": 1042, "train_mean_squared_relative_error": 6.465867162475972e-05, "wall_seconds": 3368.842956504319, "best_so_far": 0.01652402756177165}
{"epoch": 1043, "train_mean_squared_relative_error": 6.402773293916605e-05, "wall_seconds": 3372.1651094420813, "best_so_far": 0.01652402756177165}
{"epoch": 1044, "train_mean_squared_relative_error": 6.422013025541102e-05, "wall_seconds": 3375.45200584922, "best_so_far": 0.01652402756177165}
{"epoch": 1045, "train_mean_squared_relative_error": 6.386312831453251e-05, "wall_seconds": 3378.730613652151, "best_so_far": 0.01652402756177165}
{"epoch": 1046, "train_mean_squared_relative_error": 6.341668954718754e-05, "wall_seconds": 3382.0060809450224, "best_so_far": 0.01652402756177165}
{"epoch": 1047, "train_mean_squared_relative_error": 6.333140980225771e-05, "wall_seconds": 3385.304061513394, "best_so_far": 0.01652402756177165}
{"epoch": 1048, "train_mean_squared_relative_error": 6.394838261094197e-05, "wall_seconds": 3388.5235919300467, "best_so_far": 0.01652402756177165}
{"epoch": 1049, "train_mean_squared_relative_error": 6.294135203498107e-05, "wall_seconds": 3391.770515848417, "best_so_far": 0.01652402756177165}
{"epoch": 1050, "train_mean_squared_relative_error": 6.305942507523943e-05, "wall_seconds": 3394.9931408623233, "best_so_far": 0.016519836066107615}
{"epoch": 1051, "train_mean_squared_relative_error": 6.320092015858583e-05, "wall_seconds": 3398.828160738107, "best_so_far": 0.016519836066107615}
{"epoch": 1052, "train_mean_squared_relative_error": 6.363601327733633e-05, "wall_seconds": 3402.020602008328, "best_so_far": 0.016519836066107615}
{"epoch": 1053, "train_mean_squared_relative_error": 6.326301403661522e-05, "wall_seconds": 3405.2723871930502, "best_so_far": 0.016519836066107615}
{"epoch": 1054, "train_mean_squared_relative_error": 6.313363095177338e-05, "wall_seconds": 3408.5849561411887, "best_so_far": 0.016519836066107615}
{"epoch": 1055, "train_mean_squared_relative_error": 6.293830899152194e-05, "wall_seconds": 3411.804304125253, "best_so_far": 0.016519836066107615}
{"epoch": 1056, "train_mean_squared_relative_error": 6.299320891173791e-05, "wall_seconds": 3415.062979117036, "best_so_far": 0.016519836066107615}
{"epoch": 1057, "train_mean_squared_relative_error": 6.431301485933653e-05, "wall_seconds": 3418.2700585462153, "best_so_far": 0.016519836066107615}
{"epoch": 1058, "train_mean_squared_relative_error": 6.501872366744611e-05, "wall_seconds": 3421.480932726059, "best_so_far": 0.016519836066107615}
{"epoch": 1059, "train_mean_squared_relative_error": 6.400390882485347e-05, "wall_seconds": 3424.738826320041, "best_so_far": 0.016519836066107615}
{"epoch": 1060, "train_mean_squared_relative_error": 6.295203063867073e-05, "wall_seconds": 3428.008738468401, "best_so_far": 0.016519836066107615}
{"epoch": 1061, "train_mean_squared_relative_error": 6.285502183614728e-05, "wall_seconds": 3431.2780387131497, "best_so_far": 0.016282188713645285}
{"epoch": 1062, "train_mean_squared_relative_error": 6.283453668275768e-05, "wall_seconds": 3435.047897571232, "best_so_far": 0.016282188713645285}
{"epoch": 1063, "train_mean_squared_relative_error": 6.266066270685119e-05, "wall_seconds": 3438.3237830721773, "best_so_far": 0.016282188713645285}
{"epoch": 1064, "train_mean_squared_relative_error": 6.284218543606609e-05, "wall_seconds": 3441.5768733122386, "best_so_far": 0.016282188713645285}
{"epoch": 1065, "train_mean_squared_relative_error": 6.30244383827847e-05, "wall_seconds": 3444.7977792541496, "best_so_far": 0.016282188713645285}
{"epoch": 1066, "train_mean_squared_relative_error": 6.297802737400292e-05, "wall_seconds": 3448.0121045392007, "best_so_far": 0.016282188713645285}
{"epoch": 1067, "train_mean_squared_relative_error": 6.262079758288063e-05, "wall_seconds": 3451.2134394450113, "best_so_far": 0.016282188713645285}
{"epoch": 1068, "train_mean_squared_relative_error": 6.26916408266894e-05, "wall_seconds": 3454.3994402531534, "best_so_far": 0.016282188713645285}
{"epoch": 1069, "train_mean_squared_relative_error": 6.340164359313029e-05, "wall_seconds": 3457.599983955268, "best_so_far": 0.016282188713645285}
{"epoch": 1070, "train_mean_squared_relative_error": 6.316855397773729e-05, "wall_seconds": 3460.9758259891532, "best_so_far": 0.016282188713645285}
{"epoch": 1071, "train_mean_squared_relative_error": 6.347291068477034e-05, "wall_seconds": 3464.3552796114236, "best_so_far": 0.016282188713645285}
{"epoch": 1072, "train_mean_squared_relative_error": 6.348431593302505e-05, "wall_seconds": 3467.619431928266, "best_so_far": 0.016282188713645285}
{"epoch": 1073, "train_mean_squared_relative_error": 6.27078456328024e-05, "wall_seconds": 3471.0086808940396, "best_so_far": 0.016282188713645285}
{"epoch": 1074, "train_mean_squared_relative_error": 6.286808254580687e-05, "wall_seconds": 3474.344757069368, "best_so_far": 0.016282188713645285}
{"epoch": 1075, "train_mean_squared_relative_error": 6.356837808034379e-05, "wall_seconds": 3477.728911477141, "best_so_far": 0.016282188713645285}
{"epoch": 1076, "train_mean_squared_relative_error": 6.423221463441818e-05, "wall_seconds": 3481.1132081323303, "best_so_far": 0.016282188713645285}
{"epoch": 1077, "train_mean_squared_relative_error": 6.334504491030965e-05, "wall_seconds": 3484.4036742751487, "best_so_far": 0.016282188713645285}
{"epoch": 1078, "train_mean_squared_relative_error": 6.307799468174751e-05, "wall_seconds": 3487.70156070916, "best_so_far": 0.016282188713645285}
{"epoch": 1079, "train_mean_squared_relative_error": 6.464194019263813e-05, "wall_seconds": 3491.0567698404193, "best_so_far": 0.016282188713645285}
{"epoch": 1080, "train_mean_squared_relative_error": 6.370321479520152e-05, "wall_seconds": 3494.4380506812595, "best_so_far": 0.016282188713645285}
{"epoch": 1081, "train_mean_squared_relative_error": 6.200700389286339e-05, "wall_seconds": 3497.6910627810284, "best_so_far": 0.016282188713645285}
{"epoch": 1082, "train_mean_squared_relative_error": 6.278638997690487e-05, "wall_seconds": 3501.104600201361, "best_so_far": 0.016282188713645285}
{"epoch": 1083, "train_mean_squared_relative_error": 6.292052914425524e-05, "wall_seconds": 3504.3464444903657, "best_so_far": 0.016282188713645285}
{"epoch": 1084, "train_mean_squared_relative_error": 6.18812677135829e-05, "wall_seconds": 3507.5330366971903, "best_so_far": 0.016282188713645285}
{"epoch": 1085, "train_mean_squared_relative_error": 6.23895708675821e-05, "wall_seconds": 3510.786489770282, "best_so_far": 0.016282188713645285}
{"epoch": 1086, "train_mean_squared_relative_error": 6.22758104283896e-05, "wall_seconds": 3513.994815422222, "best_so_far": 0.016282188713645285}
{"epoch": 1087, "train_mean_squared_relative_error": 6.305963708871867e-05, "wall_seconds": 3517.198045418132, "best_so_far": 0.016282188713645285}
{"epoch": 1088, "train_mean_squared_relative_error": 6.312216670472409e-05, "wall_seconds": 3520.414006642066, "best_so_far": 0.016282188713645285}
{"epoch": 1089, "train_mean_squared_relative_error": 6.312653958976278e-05, "wall_seconds": 3523.6011545914225, "best_so_far": 0.016282188713645285}
{"epoch": 1090, "train_mean_squared_relative_error": 6.208303266782279e-05, "wall_seconds": 3526.795856896322, "best_so_far": 0.016282188713645285}
{"epoch": 1091, "train_mean_squared_relative_error": 6.195208016373134e-05, "wall_seconds": 3529.9987318860367, "best_so_far": 0.016282188713645285}
{"epoch": 1092, "train_mean_squared_relative_error": 6.221009129452228e-05, "wall_seconds": 3533.194775879383, "best_so_far": 0.016282188713645285}
{"epoch": 1093, "train_mean_squared_relative_error": 6.194719776502831e-05, "wall_seconds": 3536.448727206327, "best_so_far": 0.016282188713645285}
{"epoch": 1094, "train_mean_squared_relative_error": 6.24949177643839e-05, "wall_seconds": 3539.6676302179694, "best_so_far": 0.016282188713645285}
{"epoch": 1095, "train_mean_squared_relative_error": 6.259134599346594e-05, "wall_seconds": 3542.9071212811396, "best_so_far": 0.016282188713645285}
{"epoch": 1096, "train_mean_squared_relative_error": 6.20025930146319e-05, "wall_seconds": 3546.192992965225, "best_so_far": 0.016282188713645285}
{"epoch": 1097, "train_mean_squared_relative_error": 6.142829262248024e-05, "wall_seconds": 3549.625686677173, "best_so_far": 0.016282188713645285}
{"epoch": 1098, "train_mean_squared_relative_error": 6.170206323978861e-05, "wall_seconds": 3552.9516524584033, "best_so_far": 0.016282188713645285}
{"epoch": 1099, "train_mean_squared_relative_error": 6.212958528144476e-05, "wall_seconds": 3556.1930087059736, "best_so_far": 0.016282188713645285}
{"epoch": 1100, "train_mean_squared_relative_error": 6.2141787170708e-05, "wall_seconds": 3559.4701883783564, "best_so_far": 0.016282188713645285}
{"epoch": 1101, "train_mean_squared_relative_error": 6.212231867697477e-05, "wall_seconds": 3562.6899961391464, "best_so_far": 0.016282188713645285}
{"epoch": 1102, "train_mean_squared_relative_error": 6.136708726907475e-05, "wall_seconds": 3565.958244526293, "best_so_far": 0.016282188713645285}
{"epoch": 1103, "train_mean_squared_relative_error": 6.16545670264124e-05, "wall_seconds": 3569.2671740753576, "best_so_far": 0.016282188713645285}
{"epoch": 1104, "train_mean_squared_relative_error": 6.213709853561984e-05, "wall_seconds": 3572.52940237429, "best_so_far": 0.016282188713645285}
{"epoch": 1105, "train_mean_squared_relative_error": 6.178239489725972e-05, "wall_seconds": 3575.736181715969, "best_so_far": 0.016282188713645285}
{"epoch": 1106, "train_mean_squared_relative_error": 6.161164356088994e-05, "wall_seconds": 3579.013748822268, "best_so_far": 0.016282188713645285}
{"epoch": 1107, "train_mean_squared_relative_error": 6.144111902538382e-05, "wall_seconds": 3582.2124662501737, "best_so_far": 0.016282188713645285}
{"epoch": 1108, "train_mean_squared_relative_error": 6.102141580871567e-05, "wall_seconds": 3585.4514291691594, "best_so_far": 0.016282188713645285}
{"epoch": 1109, "train_mean_squared_relative_error": 6.115974823644684e-05, "wall_seconds": 3588.647197389975, "best_so_far": 0.016282188713645285}
{"epoch": 1110, "train_mean_squared_relative_error": 6.116710910103175e-05, "wall_seconds": 3591.857637033332, "best_so_far": 0.016282188713645285}
{"epoch": 1111, "train_mean_squared_relative_error": 6.086383266583361e-05, "wall_seconds": 3595.101785163395, "best_so_far": 0.016282188713645285}
{"epoch": 1112, "train_mean_squared_relative_error": 6.07095779603885e-05, "wall_seconds": 3598.3268928769976, "best_so_far": 0.016282188713645285}
{"epoch": 1113, "train_mean_squared_relative_error": 6.085154928479448e-05, "wall_seconds": 3601.538285286166, "best_so_far": 0.016282188713645285}
{"epoch": 1114, "train_mean_squared_relative_error": 6.059219340780262e-05, "wall_seconds": 3604.7516988692805, "best_so_far": 0.016282188713645285}
{"epoch": 1115, "train_mean_squared_relative_error": 6.230875987905975e-05, "wall_seconds": 3608.002260675188, "best_so_far": 0.016282188713645285}
{"epoch": 1116, "train_mean_squared_relative_error": 6.328054829125936e-05, "wall_seconds": 3611.3897306760773, "best_so_far": 0.016282188713645285}
{"epoch": 1117, "train_mean_squared_relative_error": 6.262540205592923e-05, "wall_seconds": 3614.735184630379, "best_so_far": 0.016282188713645285}
{"epoch": 1118, "train_mean_squared_relative_error": 6.174291183758231e-05, "wall_seconds": 3618.0244117313996, "best_so_far": 0.016282188713645285}
{"epoch": 1119, "train_mean_squared_relative_error": 6.165851826104989e-05, "wall_seconds": 3621.413456019014, "best_so_far": 0.016282188713645285}
{"epoch": 1120, "train_mean_squared_relative_error": 6.187864787749957e-05, "wall_seconds": 3624.851492373273, "best_so_far": 0.016282188713645285}
{"epoch": 1121, "train_mean_squared_relative_error": 6.072909375904505e-05, "wall_seconds": 3628.1332080094144, "best_so_far": 0.016282188713645285}
{"epoch": 1122, "train_mean_squared_relative_error": 6.113704570640965e-05, "wall_seconds": 3631.405802169349, "best_so_far": 0.016282188713645285}
{"epoch": 1123, "train_mean_squared_relative_error": 6.103522666047582e-05, "wall_seconds": 3634.7383225332014, "best_so_far": 0.016282188713645285}
{"epoch": 1124, "train_mean_squared_relative_error": 6.097612371575655e-05, "wall_seconds": 3638.062827507034, "best_so_far": 0.016282188713645285}
{"epoch": 1125, "train_mean_squared_relative_error": 6.0995221001871474e-05, "wall_seconds": 3641.324019410182, "best_so_far": 0.016282188713645285}
{"epoch": 1126, "train_mean_squared_relative_error": 6.11068772839056e-05, "wall_seconds": 3644.750400741119, "best_so_far": 0.016282188713645285}
{"epoch": 1127, "train_mean_squared_relative_error": 6.108925902279564e-05, "wall_seconds": 3648.2148765050806, "best_so_far": 0.016282188713645285}
{"epoch": 1128, "train_mean_squared_relative_error": 6.0568672908882776e-05, "wall_seconds": 3651.4825206752867, "best_so_far": 0.016282188713645285}
{"epoch": 1129, "train_mean_squared_relative_error": 6.137264289713598e-05, "wall_seconds": 3654.8864234830253, "best_so_far": 0.016282188713645285}
{"epoch": 1130, "train_mean_squared_relative_error": 6.0914883500752355e-05, "wall_seconds": 3658.0892257243395, "best_so_far": 0.01626765819315924}
{"epoch": 1131, "train_mean_squared_relative_error": 6.058748705097753e-05, "wall_seconds": 3661.874640397262, "best_so_far": 0.01626765819315924}
{"epoch": 1132, "train_mean_squared_relative_error": 6.097499940506813e-05, "wall_seconds": 3665.1520234653726, "best_so_far": 0.01626765819315924}
{"epoch": 1133, "train_mean_squared_relative_error": 6.094552400386116e-05, "wall_seconds": 3668.4770034202375, "best_so_far": 0.01626765819315924}
{"epoch": 1134, "train_mean_squared_relative_error": 6.075077910735012e-05, "wall_seconds": 3671.721435843967, "best_so_far": 0.01626765819315924}
{"epoch": 1135, "train_mean_squared_relative_error": 6.13887864941574e-05, "wall_seconds": 3674.938433057163, "best_so_far": 0.01626765819315924}
{"epoch": 1136, "train_mean_squared_relative_error": 6.086582974824863e-05, "wall_seconds": 3678.151770626195, "best_so_far": 0.01626765819315924}
{"epoch": 1137, "train_mean_squared_relative_error": 6.050189354682515e-05, "wall_seconds": 3681.5555077539757, "best_so_far": 0.01626765819315924}
{"epoch": 1138, "train_mean_squared_relative_error": 6.041993800105296e-05, "wall_seconds": 3684.8094469839707, "best_so_far": 0.01626765819315924}
{"epoch": 1139, "train_mean_squared_relative_error": 6.0705644498739536e-05, "wall_seconds": 3688.0322799989954, "best_so_far": 0.01626765819315924}
{"epoch": 1140, "train_mean_squared_relative_error": 6.072009201780855e-05, "wall_seconds": 3691.2481761230156, "best_so_far": 0.016239155422066612}
{"epoch": 1141, "train_mean_squared_relative_error": 6.122613838524196e-05, "wall_seconds": 3694.9728873539716, "best_so_far": 0.016239155422066612}
{"epoch": 1142, "train_mean_squared_relative_error": 6.03020749504314e-05, "wall_seconds": 3698.196644613985, "best_so_far": 0.016239155422066612}
{"epoch": 1143, "train_mean_squared_relative_error": 6.058635984507226e-05, "wall_seconds": 3701.4127120841295, "best_so_far": 0.016239155422066612}
{"epoch": 1144, "train_mean_squared_relative_error": 6.0505107917238796e-05, "wall_seconds": 3704.715262148995, "best_so_far": 0.016239155422066612}
{"epoch": 1145, "train_mean_squared_relative_error": 6.0755491971896087e-05, "wall_seconds": 3707.940077356063, "best_so_far": 0.016239155422066612}
{"epoch": 1146, "train_mean_squared_relative_error": 5.9649276425206934e-05, "wall_seconds": 3711.164867789019, "best_so_far": 0.016198301052802885}
{"epoch": 1147, "train_mean_squared_relative_error": 5.948677594389271e-05, "wall_seconds": 3714.881184832193, "best_so_far": 0.016198301052802885}
{"epoch": 1148, "train_mean_squared_relative_error": 6.080896139945241e-05, "wall_seconds": 3718.1091048941016, "best_so_far": 0.016198301052802885}
{"epoch": 1149, "train_mean_squared_relative_error": 6.059716977220544e-05, "wall_seconds": 3721.380070483312, "best_so_far": 0.016198301052802885}
{"epoch": 1150, "train_mean_squared_relative_error": 5.980607401307668e-05, "wall_seconds": 3724.6490146489814, "best_so_far": 0.016198301052802885}
{"epoch": 1151, "train_mean_squared_relative_error": 5.986449784989988e-05, "wall_seconds": 3727.85765766399, "best_so_far": 0.016198301052802885}
{"epoch": 1152, "train_mean_squared_relative_error": 6.036771892180974e-05, "wall_seconds": 3731.054563323036, "best_so_far": 0.016198301052802885}
{"epoch": 1153, "train_mean_squared_relative_error": 6.127233857911321e-05, "wall_seconds": 3734.344411804341, "best_so_far": 0.016198301052802885}
{"epoch": 1154, "train_mean_squared_relative_error": 5.969056414297751e-05, "wall_seconds": 3737.526311135385, "best_so_far": 0.016198301052802885}
{"epoch": 1155, "train_mean_squared_relative_error": 6.045673034370777e-05, "wall_seconds": 3740.905835540034, "best_so_far": 0.016198301052802885}
{"epoch": 1156, "train_mean_squared_relative_error": 6.0252643629605794e-05, "wall_seconds": 3744.2458035913296, "best_so_far": 0.016198301052802885}
{"epoch": 1157, "train_mean_squared_relative_error": 6.0481368815896307e-05, "wall_seconds": 3747.720222595148, "best_so_far": 0.016198301052802885}
{"epoch": 1158, "train_mean_squared_relative_error": 5.949063053505175e-05, "wall_seconds": 3751.0325321382843, "best_so_far": 0.016198301052802885}
{"epoch": 1159, "train_mean_squared_relative_error": 6.0141627270909096e-05, "wall_seconds": 3754.411948940251, "best_so_far": 0.016198301052802885}
{"epoch": 1160, "train_mean_squared_relative_error": 6.045313478113275e-05, "wall_seconds": 3757.697691570036, "best_so_far": 0.016198301052802885}
{"epoch": 1161, "train_mean_squared_relative_error": 5.991558565238675e-05, "wall_seconds": 3761.1851407443173, "best_so_far": 0.016198301052802885}
{"epoch": 1162, "train_mean_squared_relative_error": 5.9720601675085335e-05, "wall_seconds": 3764.441476820968, "best_so_far": 0.016198301052802885}
{"epoch": 1163, "train_mean_squared_relative_error": 5.944858217722896e-05, "wall_seconds": 3767.7725620213896, "best_so_far": 0.016198301052802885}
{"epoch": 1164, "train_mean_squared_relative_error": 5.906746927401941e-05, "wall_seconds": 3771.0518237072974, "best_so_far": 0.016198301052802885}
{"epoch": 1165, "train_mean_squared_relative_error": 5.951999370410481e-05, "wall_seconds": 3774.279063066002, "best_so_far": 0.016198301052802885}
{"epoch": 1166, "train_mean_squared_relative_error": 5.9839730625678814e-05, "wall_seconds": 3777.4682995839976, "best_so_far": 0.016198301052802885}
{"epoch": 1167, "train_mean_squared_relative_error": 5.96184922951985e-05, "wall_seconds": 3780.699053726159, "best_so_far": 0.016198301052802885}
{"epoch": 1168, "train_mean_squared_relative_error": 5.9347050346543374e-05, "wall_seconds": 3783.9143365211785, "best_so_far": 0.016198301052802885}
{"epoch": 1169, "train_mean_squared_relative_error": 5.9423825995993246e-05, "wall_seconds": 3787.097874007188, "best_so_far": 0.016126967429028888}
{"epoch": 1170, "train_mean_squared_relative_error": 5.983503569038746e-05, "wall_seconds": 3790.8492880431004, "best_so_far": 0.016126967429028888}
{"epoch": 1171, "train_mean_squared_relative_error": 5.978118405646114e-05, "wall_seconds": 3794.071595737245, "best_so_far": 0.016088116119260882}
{"epoch": 1172, "train_mean_squared_relative_error": 6.0421624662133586e-05, "wall_seconds": 3797.793919679243, "best_so_far": 0.016088116119260882}
{"epoch": 1173, "train_mean_squared_relative_error": 5.968803753724466e-05, "wall_seconds": 3801.0073368302546, "best_so_far": 0.016088116119260882}
{"epoch": 1174, "train_mean_squared_relative_error": 5.974832246502847e-05, "wall_seconds": 3804.260036277119, "best_so_far": 0.016088116119260882}
{"epoch": 1175, "train_mean_squared_relative_error": 5.982935856106749e-05, "wall_seconds": 3807.4558776360936, "best_so_far": 0.016088116119260882}
{"epoch": 1176, "train_mean_squared_relative_error": 5.898651845221985e-05, "wall_seconds": 3810.653839502018, "best_so_far": 0.016088116119260882}
{"epoch": 1177, "train_mean_squared_relative_error": 5.882683925415e-05, "wall_seconds": 3813.9866230799817, "best_so_far": 0.016088116119260882}
{"epoch": 1178, "train_mean_squared_relative_error": 5.896949303898988e-05, "wall_seconds": 3817.1965633393265, "best_so_far": 0.016088116119260882}
{"epoch": 1179, "train_mean_squared_relative_error": 5.907561756974468e-05, "wall_seconds": 3820.4049014402553, "best_so_far": 0.016088116119260882}
{"epoch": 1180, "train_mean_squared_relative_error": 5.9983664505857896e-05, "wall_seconds": 3823.6491810143925, "best_so_far": 0.016088116119260882}
{"epoch": 1181, "train_mean_squared_relative_error": 5.8472026871261196e-05, "wall_seconds": 3826.885219243355, "best_so_far": 0.016088116119260882}
{"epoch": 1182, "train_mean_squared_relative_error": 5.9325939845335975e-05, "wall_seconds": 3830.1246973993257, "best_so_far": 0.016088116119260882}
{"epoch": 1183, "train_mean_squared_relative_error": 5.912151311401569e-05, "wall_seconds": 3833.387280703988, "best_so_far": 0.016088116119260882}
{"epoch": 1184, "train_mean_squared_relative_error": 5.875225553377779e-05, "wall_seconds": 3836.599471701309, "best_so_far": 0.016088116119260882}
{"epoch": 1185, "train_mean_squared_relative_error": 5.87696647547112e-05, "wall_seconds": 3839.8296767561696, "best_so_far": 0.016088116119260882}
{"epoch": 1186, "train_mean_squared_relative_error": 5.980189481183586e-05, "wall_seconds": 3843.0847178050317, "best_so_far": 0.016088116119260882}
{"epoch": 1187, "train_mean_squared_relative_error": 5.952290792672584e-05, "wall_seconds": 3846.3992111789994, "best_so_far": 0.016088116119260882}
{"epoch": 1188, "train_mean_squared_relative_error": 5.8908843413693756e-05, "wall_seconds": 3849.618550342042, "best_so_far": 0.016088116119260882}
{"epoch": 1189, "train_mean_squared_relative_error": 5.7700613455797275e-05, "wall_seconds": 3853.067854115274, "best_so_far": 0.016088116119260882}
{"epoch": 1190, "train_mean_squared_relative_error": 5.8707945970338885e-05, "wall_seconds": 3856.3795105041936, "best_so_far": 0.016088116119260882}
{"epoch": 1191, "train_mean_squared_relative_error": 5.868415633498955e-05, "wall_seconds": 3859.6784199350514, "best_so_far": 0.016088116119260882}
{"epoch": 1192, "train_mean_squared_relative_error": 5.9840597725852886e-05, "wall_seconds": 3863.0343740279786, "best_so_far": 0.016088116119260882}
{"epoch": 1193, "train_mean_squared_relative_error": 6.102397467539203e-05, "wall_seconds": 3866.427788168192, "best_so_far": 0.016088116119260882}
{"epoch": 1194, "train_mean_squared_relative_error": 5.907711575906514e-05, "wall_seconds": 3869.733057786245, "best_so_far": 0.016088116119260882}
{"epoch": 1195, "train_mean_squared_relative_error": 5.826675522537903e-05, "wall_seconds": 3872.94121143315, "best_so_far": 0.016088116119260882}
{"epoch": 1196, "train_mean_squared_relative_error": 5.7512384474471514e-05, "wall_seconds": 3876.1694891131483, "best_so_far": 0.016088116119260882}
{"epoch": 1197, "train_mean_squared_relative_error": 5.811251672592711e-05, "wall_seconds": 3879.370472494047, "best_so_far": 0.016088116119260882}
{"epoch": 1198, "train_mean_squared_relative_error": 5.811275773395381e-05, "wall_seconds": 3882.609826707281, "best_so_far": 0.016088116119260882}
{"epoch": 1199, "train_mean_squared_relative_error": 5.941830620321597e-05, "wall_seconds": 3885.8565358091146, "best_so_far": 0.016088116119260882}
{"epoch": 1200, "train_mean_squared_relative_error": 5.916230451075972e-05, "wall_seconds": 3889.1248298133723, "best_so_far": 0.016088116119260882}
{"epoch": 1201, "train_mean_squared_relative_error": 5.8272988420440195e-05, "wall_seconds": 3892.3690145029686, "best_so_far": 0.016088116119260882}
{"epoch": 1202, "train_mean_squared_relative_error": 5.8697224362472906e-05, "wall_seconds": 3895.6305550080724, "best_so_far": 0.016088116119260882}
{"epoch": 1203, "train_mean_squared_relative_error": 5.8223245178333136e-05, "wall_seconds": 3898.883317910135, "best_so_far": 0.016088116119260882}
{"epoch": 1204, "train_mean_squared_relative_error": 5.8342582930475156e-05, "wall_seconds": 3902.1139725870453, "best_so_far": 0.016086077272675553}
{"epoch": 1205, "train_mean_squared_relative_error": 5.918505029365506e-05, "wall_seconds": 3905.882391896099, "best_so_far": 0.016086077272675553}
{"epoch": 1206, "train_mean_squared_relative_error": 5.8394329914140315e-05, "wall_seconds": 3909.0860994942486, "best_so_far": 0.016086077272675553}
{"epoch": 1207, "train_mean_squared_relative_error": 5.9443713457531904e-05, "wall_seconds": 3912.380532543175, "best_so_far": 0.016086077272675553}
{"epoch": 1208, "train_mean_squared_relative_error": 5.8862755475650076e-05, "wall_seconds": 3915.6599259171635, "best_so_far": 0.016086077272675553}
{"epoch": 1209, "train_mean_squared_relative_error": 5.823390644683747e-05, "wall_seconds": 3918.878766191192, "best_so_far": 0.016086077272675553}
{"epoch": 1210, "train_mean_squared_relative_error": 5.770091200320179e-05, "wall_seconds": 3922.1157793342136, "best_so_far": 0.016086077272675553}
{"epoch": 1211, "train_mean_squared_relative_error": 5.840031733260319e-05, "wall_seconds": 3925.4243811899796, "best_so_far": 0.016086077272675553}
{"epoch": 1212, "train_mean_squared_relative_error": 5.751074325453014e-05, "wall_seconds": 3928.6769594233483, "best_so_far": 0.016086077272675553}
{"epoch": 1213, "train_mean_squared_relative_error": 5.823756340898352e-05, "wall_seconds": 3932.006327094976, "best_so_far": 0.016086077272675553}
{"epoch": 1214, "train_mean_squared_relative_error": 5.855809595229754e-05, "wall_seconds": 3935.280798761174, "best_so_far": 0.016086077272675553}
{"epoch": 1215, "train_mean_squared_relative_error": 5.784558541731892e-05, "wall_seconds": 3938.5114890551195, "best_so_far": 0.016086077272675553}
{"epoch": 1216, "train_mean_squared_relative_error": 5.7917580739374776e-05, "wall_seconds": 3941.719320677221, "best_so_far": 0.016086077272675553}
{"epoch": 1217, "train_mean_squared_relative_error": 5.9579865668127235e-05, "wall_seconds": 3944.936357039027, "best_so_far": 0.016054960174387845}
{"epoch": 1218, "train_mean_squared_relative_error": 5.8060413677394325e-05, "wall_seconds": 3948.733766428195, "best_so_far": 0.016054960174387845}
{"epoch": 1219, "train_mean_squared_relative_error": 5.78534432763058e-05, "wall_seconds": 3951.938779478427, "best_so_far": 0.016054960174387845}
{"epoch": 1220, "train_mean_squared_relative_error": 5.905265679093037e-05, "wall_seconds": 3955.2406628271565, "best_so_far": 0.016054960174387845}
{"epoch": 1221, "train_mean_squared_relative_error": 5.7736408311671004e-05, "wall_seconds": 3958.470653332304, "best_so_far": 0.01605479989127008}
{"epoch": 1222, "train_mean_squared_relative_error": 5.759180572255773e-05, "wall_seconds": 3962.2830414180644, "best_so_far": 0.01605479989127008}
{"epoch": 1223, "train_mean_squared_relative_error": 5.840526862370337e-05, "wall_seconds": 3965.682404835243, "best_so_far": 0.01605479989127008}
{"epoch": 1224, "train_mean_squared_relative_error": 5.817465563141173e-05, "wall_seconds": 3968.897020803299, "best_so_far": 0.01605479989127008}
{"epoch": 1225, "train_mean_squared_relative_error": 5.7724278808207016e-05, "wall_seconds": 3972.145542885177, "best_so_far": 0.01605479989127008}
{"epoch": 1226, "train_mean_squared_relative_error": 5.748948323408404e-05, "wall_seconds": 3975.4573792503215, "best_so_far": 0.01605479989127008}
{"epoch": 1227, "train_mean_squared_relative_error": 5.7436890022538325e-05, "wall_seconds": 3978.694570933003, "best_so_far": 0.01605479989127008}
{"epoch": 1228, "train_mean_squared_relative_error": 5.7375226107919096e-05, "wall_seconds": 3981.9162478842773, "best_so_far": 0.01605479989127008}
{"epoch": 1229, "train_mean_squared_relative_error": 5.667760911785692e-05, "wall_seconds": 3985.1189838619903, "best_so_far": 0.01604901274476959}
{"epoch": 1230, "train_mean_squared_relative_error": 5.6964533208012735e-05, "wall_seconds": 3988.940505620092, "best_so_far": 0.01604901274476959}
{"epoch": 1231, "train_mean_squared_relative_error": 5.70473792855733e-05, "wall_seconds": 3992.1572573133744, "best_so_far": 0.01604901274476959}
{"epoch": 1232, "train_mean_squared_relative_error": 5.7061887261195404e-05, "wall_seconds": 3995.421910812147, "best_so_far": 0.01604901274476959}
{"epoch": 1233, "train_mean_squared_relative_error": 5.768908392320653e-05, "wall_seconds": 3998.6721665509976, "best_so_far": 0.01604901274476959}
{"epoch": 1234, "train_mean_squared_relative_error": 5.810602131224417e-05, "wall_seconds": 4001.9076784644276, "best_so_far": 0.01604901274476959}
{"epoch": 1235, "train_mean_squared_relative_error": 5.7936880308019895e-05, "wall_seconds": 4005.1059559443966, "best_so_far": 0.01604901274476959}
{"epoch": 1236, "train_mean_squared_relative_error": 5.814509679562495e-05, "wall_seconds": 4008.370498802047, "best_so_far": 0.01604901274476959}
{"epoch": 1237, "train_mean_squared_relative_error": 5.753654404664633e-05, "wall_seconds": 4011.7048699040897, "best_so_far": 0.01604901274476959}
{"epoch": 1238, "train_mean_squared_relative_error": 5.649316163666249e-05, "wall_seconds": 4014.963713269215, "best_so_far": 0.01604901274476959}
{"epoch": 1239, "train_mean_squared_relative_error": 5.670500472598888e-05, "wall_seconds": 4018.2122355210595, "best_so_far": 0.01604901274476959}
{"epoch": 1240, "train_mean_squared_relative_error": 5.752019498707467e-05, "wall_seconds": 4021.691753849387, "best_so_far": 0.01604901274476959}
{"epoch": 1241, "train_mean_squared_relative_error": 5.804948350531067e-05, "wall_seconds": 4024.8770631523803, "best_so_far": 0.01604901274476959}
{"epoch": 1242, "train_mean_squared_relative_error": 5.739372652490812e-05, "wall_seconds": 4028.1808121372014, "best_so_far": 0.01604901274476959}
{"epoch": 1243, "train_mean_squared_relative_error": 5.693262549644769e-05, "wall_seconds": 4031.504554206971, "best_so_far": 0.01604901274476959}
{"epoch": 1244, "train_mean_squared_relative_error": 5.669707271024396e-05, "wall_seconds": 4034.8586379373446, "best_so_far": 0.01604901274476959}
{"epoch": 1245, "train_mean_squared_relative_error": 5.649977228924582e-05, "wall_seconds": 4038.1125027732924, "best_so_far": 0.01604901274476959}
{"epoch": 1246, "train_mean_squared_relative_error": 5.847743806096218e-05, "wall_seconds": 4041.367805361282, "best_so_far": 0.01604901274476959}
{"epoch": 1247, "train_mean_squared_relative_error": 5.672612541953037e-05, "wall_seconds": 4044.5780799062923, "best_so_far": 0.01604901274476959}
{"epoch": 1248, "train_mean_squared_relative_error": 5.645001891517593e-05, "wall_seconds": 4047.762342505157, "best_so_far": 0.01604901274476959}
{"epoch": 1249, "train_mean_squared_relative_error": 5.6166242274131174e-05, "wall_seconds": 4050.9405935020186, "best_so_far": 0.016031018089888403}
{"epoch": 1250, "train_mean_squared_relative_error": 5.586920641790056e-05, "wall_seconds": 4054.6079677841626, "best_so_far": 0.016031018089888403}
{"epoch": 1251, "train_mean_squared_relative_error": 5.7232037603681864e-05, "wall_seconds": 4057.8216616632417, "best_so_far": 0.016031018089888403}
{"epoch": 1252, "train_mean_squared_relative_error": 5.704256823672664e-05, "wall_seconds": 4061.048000479117, "best_so_far": 0.016031018089888403}
{"epoch": 1253, "train_mean_squared_relative_error": 5.594808613852257e-05, "wall_seconds": 4064.260887430981, "best_so_far": 0.016031018089888403}
{"epoch": 1254, "train_mean_squared_relative_error": 5.674057674272359e-05, "wall_seconds": 4067.4918404864147, "best_so_far": 0.016031018089888403}
{"epoch": 1255, "train_mean_squared_relative_error": 5.7244386790928845e-05, "wall_seconds": 4070.6733439550735, "best_so_far": 0.016031018089888403}
{"epoch": 1256, "train_mean_squared_relative_error": 5.655926235572472e-05, "wall_seconds": 4073.8826032141224, "best_so_far": 0.016031018089888403}
{"epoch": 1257, "train_mean_squared_relative_error": 5.701907272369755e-05, "wall_seconds": 4077.0545806502923, "best_so_far": 0.016031018089888403}
{"epoch": 1258, "train_mean_squared_relative_error": 5.6751620890783556e-05, "wall_seconds": 4080.3053232883103, "best_so_far": 0.016031018089888403}
{"epoch": 1259, "train_mean_squared_relative_error": 5.5506360123391204e-05, "wall_seconds": 4083.4980151290074, "best_so_far": 0.016031018089888403}
{"epoch": 1260, "train_mean_squared_relative_error": 5.576693194446392e-05, "wall_seconds": 4086.707365852315, "best_so_far": 0.016031018089888403}
{"epoch": 1261, "train_mean_squared_relative_error": 5.673706921980652e-05, "wall_seconds": 4089.985777297057, "best_so_far": 0.016031018089888403}
{"epoch": 1262, "train_mean_squared_relative_error": 5.743674591176959e-05, "wall_seconds": 4093.355933056213, "best_so_far": 0.016031018089888403}
{"epoch": 1263, "train_mean_squared_relative_error": 5.607108600075531e-05, "wall_seconds": 4096.584032710176, "best_so_far": 0.016031018089888403}
{"epoch": 1264, "train_mean_squared_relative_error": 5.677717023385729e-05, "wall_seconds": 4099.835272917058, "best_so_far": 0.016031018089888403}
{"epoch": 1265, "train_mean_squared_relative_error": 5.6135015398832536e-05, "wall_seconds": 4103.103760911152, "best_so_far": 0.016031018089888403}
{"epoch": 1266, "train_mean_squared_relative_error": 5.5710670336325755e-05, "wall_seconds": 4106.322972739115, "best_so_far": 0.016031018089888403}
{"epoch": 1267, "train_mean_squared_relative_error": 5.579707112739291e-05, "wall_seconds": 4109.474184939172, "best_so_far": 0.016031018089888403}
{"epoch": 1268, "train_mean_squared_relative_error": 5.62804462477303e-05, "wall_seconds": 4112.636915476993, "best_so_far": 0.015998397635174248}
{"epoch": 1269, "train_mean_squared_relative_error": 5.738764762991218e-05, "wall_seconds": 4116.345284669194, "best_so_far": 0.015998397635174248}
{"epoch": 1270, "train_mean_squared_relative_error": 5.6029037644261536e-05, "wall_seconds": 4119.54696653923, "best_so_far": 0.015998397635174248}
{"epoch": 1271, "train_mean_squared_relative_error": 5.607710487673461e-05, "wall_seconds": 4122.766814620234, "best_so_far": 0.015998397635174248}
{"epoch": 1272, "train_mean_squared_relative_error": 5.572752581422832e-05, "wall_seconds": 4126.032875449397, "best_so_far": 0.01595665125121177}
{"epoch": 1273, "train_mean_squared_relative_error": 5.544521359693748e-05, "wall_seconds": 4129.731607776135, "best_so_far": 0.01592879252305054}
{"epoch": 1274, "train_mean_squared_relative_error": 5.554697218048191e-05, "wall_seconds": 4133.501250073314, "best_so_far": 0.01592879252305054}
{"epoch": 1275, "train_mean_squared_relative_error": 5.580579663258282e-05, "wall_seconds": 4136.7462050542235, "best_so_far": 0.01592879252305054}
{"epoch": 1276, "train_mean_squared_relative_error": 5.619294354343941e-05, "wall_seconds": 4139.988433793187, "best_so_far": 0.01592879252305054}
{"epoch": 1277, "train_mean_squared_relative_error": 5.5326011426741936e-05, "wall_seconds": 4143.21934459731, "best_so_far": 0.01592879252305054}
{"epoch": 1278, "train_mean_squared_relative_error": 5.616720476522787e-05, "wall_seconds": 4146.448591107968, "best_so_far": 0.01592879252305054}
{"epoch": 1279, "train_mean_squared_relative_error": 5.556195631584874e-05, "wall_seconds": 4149.666117599234, "best_so_far": 0.01592879252305054}
{"epoch": 1280, "train_mean_squared_relative_error": 5.556260979028732e-05, "wall_seconds": 4152.891950743273, "best_so_far": 0.01592879252305054}
{"epoch": 1281, "train_mean_squared_relative_error": 5.559677405906794e-05, "wall_seconds": 4156.110475894064, "best_so_far": 0.01592879252305054}
{"epoch": 1282, "train_mean_squared_relative_error": 5.6128408704008044e-05, "wall_seconds": 4159.569613448344, "best_so_far": 0.01592879252305054}
{"epoch": 1283, "train_mean_squared_relative_error": 5.7653263516886106e-05, "wall_seconds": 4162.872484461404, "best_so_far": 0.015827839184980087}
{"epoch": 1284, "train_mean_squared_relative_error": 5.65990006149486e-05, "wall_seconds": 4166.676804651041, "best_so_far": 0.015827839184980087}
{"epoch": 1285, "train_mean_squared_relative_error": 5.520778452026914e-05, "wall_seconds": 4169.903179148212, "best_so_far": 0.015827839184980087}
{"epoch": 1286, "train_mean_squared_relative_error": 5.58343621545556e-05, "wall_seconds": 4173.1193208410405, "best_so_far": 0.015827839184980087}
{"epoch": 1287, "train_mean_squared_relative_error": 5.514582896496614e-05, "wall_seconds": 4176.340644140262, "best_so_far": 0.015827839184980087}
{"epoch": 1288, "train_mean_squared_relative_error": 5.488911271440286e-05, "wall_seconds": 4179.597945572343, "best_so_far": 0.015827839184980087}
{"epoch": 1289, "train_mean_squared_relative_error": 5.5332060515152044e-05, "wall_seconds": 4182.844510442112, "best_so_far": 0.015827839184980087}
{"epoch": 1290, "train_mean_squared_relative_error": 5.510792497177765e-05, "wall_seconds": 4186.161153384019, "best_so_far": 0.015827839184980087}
{"epoch": 1291, "train_mean_squared_relative_error": 5.4939347200427334e-05, "wall_seconds": 4189.502149492037, "best_so_far": 0.015827839184980087}
{"epoch": 1292, "train_mean_squared_relative_error": 5.5558856694225284e-05, "wall_seconds": 4192.77291827742, "best_so_far": 0.015827839184980087}
{"epoch": 1293, "train_mean_squared_relative_error": 5.5511136899408236e-05, "wall_seconds": 4196.013157484122, "best_so_far": 0.015827839184980087}
{"epoch": 1294, "train_mean_squared_relative_error": 5.659399426381135e-05, "wall_seconds": 4199.281720790081, "best_so_far": 0.015827839184980087}
{"epoch": 1295, "train_mean_squared_relative_error": 5.7147649687175606e-05, "wall_seconds": 4202.523101061117, "best_so_far": 0.015827839184980087}
{"epoch": 1296, "train_mean_squared_relative_error": 5.722819512157157e-05, "wall_seconds": 4205.775312841404, "best_so_far": 0.015827839184980087}
{"epoch": 1297, "train_mean_squared_relative_error": 5.640778174603862e-05, "wall_seconds": 4209.042281865142, "best_so_far": 0.015827839184980087}
{"epoch": 1298, "train_mean_squared_relative_error": 5.4456076698732104e-05, "wall_seconds": 4212.260641324334, "best_so_far": 0.015827839184980087}
{"epoch": 1299, "train_mean_squared_relative_error": 5.504967765571036e-05, "wall_seconds": 4215.483656760305, "best_so_far": 0.015827839184980087}
{"epoch": 1300, "train_mean_squared_relative_error": 5.524208114681874e-05, "wall_seconds": 4218.728981884196, "best_so_far": 0.015827839184980087}
{"epoch": 1301, "train_mean_squared_relative_error": 5.4448196728162736e-05, "wall_seconds": 4221.953253425192, "best_so_far": 0.015827839184980087}
{"epoch": 1302, "train_mean_squared_relative_error": 5.496443003651825e-05, "wall_seconds": 4225.2023061933, "best_so_far": 0.015827839184980087}
{"epoch": 1303, "train_mean_squared_relative_error": 5.4810092851698686e-05, "wall_seconds": 4228.512882934418, "best_so_far": 0.015827839184980087}
{"epoch": 1304, "train_mean_squared_relative_error": 5.5746609023340085e-05, "wall_seconds": 4231.753426006995, "best_so_far": 0.015827839184980087}
{"epoch": 1305, "train_mean_squared_relative_error": 5.660181610040822e-05, "wall_seconds": 4235.002663840074, "best_so_far": 0.015827839184980087}
{"epoch": 1306, "train_mean_squared_relative_error": 5.512415268112265e-05, "wall_seconds": 4238.291895905044, "best_so_far": 0.015827839184980087}
{"epoch": 1307, "train_mean_squared_relative_error": 5.620766746947485e-05, "wall_seconds": 4241.50708011305, "best_so_far": 0.015791965676326}
{"epoch": 1308, "train_mean_squared_relative_error": 5.624165851262006e-05, "wall_seconds": 4245.287858814001, "best_so_far": 0.015791965676326}
{"epoch": 1309, "train_mean_squared_relative_error": 5.454615428540174e-05, "wall_seconds": 4248.493312448263, "best_so_far": 0.015791965676326}
{"epoch": 1310, "train_mean_squared_relative_error": 5.488499119569455e-05, "wall_seconds": 4251.766644369345, "best_so_far": 0.015791965676326}
{"epoch": 1311, "train_mean_squared_relative_error": 5.474489763716452e-05, "wall_seconds": 4255.078607235104, "best_so_far": 0.015791965676326}
{"epoch": 1312, "train_mean_squared_relative_error": 5.482480634819489e-05, "wall_seconds": 4258.278414094355, "best_so_far": 0.015791965676326}
{"epoch": 1313, "train_mean_squared_relative_error": 5.51124400594362e-05, "wall_seconds": 4261.639586593024, "best_so_far": 0.015791965676326}
{"epoch": 1314, "train_mean_squared_relative_error": 5.4221125177490655e-05, "wall_seconds": 4264.961927975994, "best_so_far": 0.015791965676326}
{"epoch": 1315, "train_mean_squared_relative_error": 5.4133492095002596e-05, "wall_seconds": 4268.311099176295, "best_so_far": 0.015791965676326}
{"epoch": 1316, "train_mean_squared_relative_error": 5.3954184494529556e-05, "wall_seconds": 4271.6743991724215, "best_so_far": 0.015791965676326}
{"epoch": 1317, "train_mean_squared_relative_error": 5.4464808652899476e-05, "wall_seconds": 4275.048973434139, "best_so_far": 0.015791965676326}
{"epoch": 1318, "train_mean_squared_relative_error": 5.5305238915952045e-05, "wall_seconds": 4278.397375282366, "best_so_far": 0.015791965676326}
{"epoch": 1319, "train_mean_squared_relative_error": 5.4756379697178425e-05, "wall_seconds": 4281.749200270977, "best_so_far": 0.015791965676326}
{"epoch": 1320, "train_mean_squared_relative_error": 5.451287347574433e-05, "wall_seconds": 4285.065359651111, "best_so_far": 0.015791965676326}
{"epoch": 1321, "train_mean_squared_relative_error": 5.497096259992553e-05, "wall_seconds": 4288.400932900142, "best_so_far": 0.015791965676326}
{"epoch": 1322, "train_mean_squared_relative_error": 5.482482794186723e-05, "wall_seconds": 4291.8160451781005, "best_so_far": 0.015791965676326}
{"epoch": 1323, "train_mean_squared_relative_error": 5.516213410495657e-05, "wall_seconds": 4295.195241287351, "best_so_far": 0.015791965676326}
{"epoch": 1324, "train_mean_squared_relative_error": 5.4462446192795786e-05, "wall_seconds": 4298.563505019061, "best_so_far": 0.015791965676326}
{"epoch": 1325, "train_mean_squared_relative_error": 5.426108947087913e-05, "wall_seconds": 4301.9707679473795, "best_so_far": 0.015791965676326}
{"epoch": 1326, "train_mean_squared_relative_error": 5.418485811458388e-05, "wall_seconds": 4305.19058452826, "best_so_far": 0.015791965676326}
{"epoch": 1327, "train_mean_squared_relative_error": 5.46839291976504e-05, "wall_seconds": 4308.433084113989, "best_so_far": 0.015791965676326}
{"epoch": 1328, "train_mean_squared_relative_error": 5.4793936089225776e-05, "wall_seconds": 4311.705080148298, "best_so_far": 0.015791965676326}
{"epoch": 1329, "train_mean_squared_relative_error": 5.499408477620928e-05, "wall_seconds": 4314.9772546230815, "best_so_far": 0.015791965676326}
{"epoch": 1330, "train_mean_squared_relative_error": 5.50716848389313e-05, "wall_seconds": 4318.219684545416, "best_so_far": 0.015791965676326}
{"epoch": 1331, "train_mean_squared_relative_error": 5.424145341003581e-05, "wall_seconds": 4321.45000629127, "best_so_far": 0.015791965676326}
{"epoch": 1332, "train_mean_squared_relative_error": 5.4728113152111685e-05, "wall_seconds": 4324.723186775111, "best_so_far": 0.015791965676326}
{"epoch": 1333, "train_mean_squared_relative_error": 5.380092285002553e-05, "wall_seconds": 4328.0198551584035, "best_so_far": 0.015791965676326}
{"epoch": 1334, "train_mean_squared_relative_error": 5.387822783282384e-05, "wall_seconds": 4331.292413198389, "best_so_far": 0.015791965676326}
{"epoch": 1335, "train_mean_squared_relative_error": 5.3434635375656375e-05, "wall_seconds": 4334.53600149136, "best_so_far": 0.015791965676326}
{"epoch": 1336, "train_mean_squared_relative_error": 5.416486437832544e-05, "wall_seconds": 4337.749995439313, "best_so_far": 0.015791965676326}
{"epoch": 1337, "train_mean_squared_relative_error": 5.394162780262364e-05, "wall_seconds": 4340.967577436008, "best_so_far": 0.015791965676326}
{"epoch": 1338, "train_mean_squared_relative_error": 5.448691223662917e-05, "wall_seconds": 4344.210540196393, "best_so_far": 0.015791965676326}
{"epoch": 1339, "train_mean_squared_relative_error": 5.415215997338565e-05, "wall_seconds": 4347.437021763995, "best_so_far": 0.015791965676326}
{"epoch": 1340, "train_mean_squared_relative_error": 5.40027064708496e-05, "wall_seconds": 4350.7646980560385, "best_so_far": 0.015791965676326}
{"epoch": 1341, "train_mean_squared_relative_error": 5.346877973576114e-05, "wall_seconds": 4353.979781176429, "best_so_far": 0.015791965676326}
{"epoch": 1342, "train_mean_squared_relative_error": 5.435886550136174e-05, "wall_seconds": 4357.208424281329, "best_so_far": 0.015791965676326}
{"epoch": 1343, "train_mean_squared_relative_error": 5.5632190371095805e-05, "wall_seconds": 4360.565805564169, "best_so_far": 0.015791965676326}
{"epoch": 1344, "train_mean_squared_relative_error": 5.474154438517461e-05, "wall_seconds": 4363.889102185145, "best_so_far": 0.015791965676326}
{"epoch": 1345, "train_mean_squared_relative_error": 5.441581816912128e-05, "wall_seconds": 4367.259062063415, "best_so_far": 0.015791965676326}
{"epoch": 1346, "train_mean_squared_relative_error": 5.34928119349622e-05, "wall_seconds": 4370.658763622399, "best_so_far": 0.015791965676326}
{"epoch": 1347, "train_mean_squared_relative_error": 5.361423649725896e-05, "wall_seconds": 4373.99979737401, "best_so_far": 0.015791965676326}
{"epoch": 1348, "train_mean_squared_relative_error": 5.322708788505906e-05, "wall_seconds": 4377.356097625103, "best_so_far": 0.015791965676326}
{"epoch": 1349, "train_mean_squared_relative_error": 5.3364489782129715e-05, "wall_seconds": 4380.771620362997, "best_so_far": 0.015791965676326}
{"epoch": 1350, "train_mean_squared_relative_error": 5.371818744406808e-05, "wall_seconds": 4384.089364047162, "best_so_far": 0.015791965676326}
{"epoch": 1351, "train_mean_squared_relative_error": 5.322842872858426e-05, "wall_seconds": 4387.434639078099, "best_so_far": 0.015791965676326}
{"epoch": 1352, "train_mean_squared_relative_error": 5.3622582890101884e-05, "wall_seconds": 4390.882106586359, "best_so_far": 0.015791965676326}
{"epoch": 1353, "train_mean_squared_relative_error": 5.4612568521337854e-05, "wall_seconds": 4394.187877357006, "best_so_far": 0.015791965676326}
{"epoch": 1354, "train_mean_squared_relative_error": 5.339307521792311e-05, "wall_seconds": 4397.634752119426, "best_so_far": 0.015725454088523605}
{"epoch": 1355, "train_mean_squared_relative_error": 5.372444898508765e-05, "wall_seconds": 4401.400531247258, "best_so_far": 0.015725454088523605}
{"epoch": 1356, "train_mean_squared_relative_error": 5.3608883433360014e-05, "wall_seconds": 4404.636920435354, "best_so_far": 0.015725454088523605}
{"epoch": 1357, "train_mean_squared_relative_error": 5.275706207825546e-05, "wall_seconds": 4407.9288224494085, "best_so_far": 0.015725454088523605}
{"epoch": 1358, "train_mean_squared_relative_error": 5.313994041416755e-05, "wall_seconds": 4411.236024626065, "best_so_far": 0.015725454088523605}
{"epoch": 1359, "train_mean_squared_relative_error": 5.32140489498228e-05, "wall_seconds": 4414.576171937399, "best_so_far": 0.015725454088523605}
{"epoch": 1360, "train_mean_squared_relative_error": 5.3371841156605796e-05, "wall_seconds": 4417.941790394019, "best_so_far": 0.015725454088523605}
{"epoch": 1361, "train_mean_squared_relative_error": 5.309886997801653e-05, "wall_seconds": 4421.301461641211, "best_so_far": 0.015725454088523605}
{"epoch": 1362, "train_mean_squared_relative_error": 5.272859010523544e-05, "wall_seconds": 4424.736848310102, "best_so_far": 0.015725454088523605}
{"epoch": 1363, "train_mean_squared_relative_error": 5.288416918005267e-05, "wall_seconds": 4428.141270063352, "best_so_far": 0.015725454088523605}
{"epoch": 1364, "train_mean_squared_relative_error": 5.290118781196621e-05, "wall_seconds": 4431.63798364019, "best_so_far": 0.015725454088523605}
{"epoch": 1365, "train_mean_squared_relative_error": 5.3916255215039074e-05, "wall_seconds": 4434.911438633222, "best_so_far": 0.015725454088523605}
{"epoch": 1366, "train_mean_squared_relative_error": 5.360139543830051e-05, "wall_seconds": 4438.128587507177, "best_so_far": 0.015725454088523605}
{"epoch": 1367, "train_mean_squared_relative_error": 5.3358243407077e-05, "wall_seconds": 4441.394034164026, "best_so_far": 0.015725454088523605}
{"epoch": 1368, "train_mean_squared_relative_error": 5.399495326457801e-05, "wall_seconds": 4444.647594253067, "best_so_far": 0.015725454088523605}
{"epoch": 1369, "train_mean_squared_relative_error": 5.2531214196530964e-05, "wall_seconds": 4447.8889064202085, "best_so_far": 0.015725454088523605}
{"epoch": 1370, "train_mean_squared_relative_error": 5.264111779808658e-05, "wall_seconds": 4451.162878528237, "best_so_far": 0.015725454088523605}
{"epoch": 1371, "train_mean_squared_relative_error": 5.245580783338305e-05, "wall_seconds": 4454.568141136318, "best_so_far": 0.015725454088523605}
{"epoch": 1372, "train_mean_squared_relative_error": 5.326326723894644e-05, "wall_seconds": 4457.854606044013, "best_so_far": 0.015725454088523605}
{"epoch": 1373, "train_mean_squared_relative_error": 5.219907173137259e-05, "wall_seconds": 4461.091708963271, "best_so_far": 0.015725454088523605}
{"epoch": 1374, "train_mean_squared_relative_error": 5.301042142893949e-05, "wall_seconds": 4464.363637417089, "best_so_far": 0.015725454088523605}
{"epoch": 1375, "train_mean_squared_relative_error": 5.2284559851815795e-05, "wall_seconds": 4467.594679322094, "best_so_far": 0.015725454088523605}
{"epoch": 1376, "train_mean_squared_relative_error": 5.248018724651312e-05, "wall_seconds": 4470.848095932975, "best_so_far": 0.015725454088523605}
{"epoch": 1377, "train_mean_squared_relative_error": 5.284682973902387e-05, "wall_seconds": 4474.094051934313, "best_so_far": 0.015725454088523605}
{"epoch": 1378, "train_mean_squared_relative_error": 5.227825520384015e-05, "wall_seconds": 4477.3212015340105, "best_so_far": 0.015725454088523605}
{"epoch": 1379, "train_mean_squared_relative_error": 5.320510392007407e-05, "wall_seconds": 4480.574647594243, "best_so_far": 0.015725454088523605}
{"epoch": 1380, "train_mean_squared_relative_error": 5.275586610571125e-05, "wall_seconds": 4483.864059254993, "best_so_far": 0.015725454088523605}
{"epoch": 1381, "train_mean_squared_relative_error": 5.2572514625173426e-05, "wall_seconds": 4487.21894416213, "best_so_far": 0.015725454088523605}
{"epoch": 1382, "train_mean_squared_relative_error": 5.285430122237984e-05, "wall_seconds": 4490.557779327966, "best_so_far": 0.015725454088523605}
{"epoch": 1383, "train_mean_squared_relative_error": 5.216731876057309e-05, "wall_seconds": 4493.968155561015, "best_so_far": 0.015725454088523605}
{"epoch": 1384, "train_mean_squared_relative_error": 5.3113814599086974e-05, "wall_seconds": 4497.339222277049, "best_so_far": 0.015725454088523605}
{"epoch": 1385, "train_mean_squared_relative_error": 5.2759862770830284e-05, "wall_seconds": 4500.756719584111, "best_so_far": 0.015725454088523605}
{"epoch": 1386, "train_mean_squared_relative_error": 5.207623599831339e-05, "wall_seconds": 4504.150239417329, "best_so_far": 0.015725454088523605}
{"epoch": 1387, "train_mean_squared_relative_error": 5.208149119542809e-05, "wall_seconds": 4507.4483768399805, "best_so_far": 0.015725454088523605}
{"epoch": 1388, "train_mean_squared_relative_error": 5.290243342121545e-05, "wall_seconds": 4510.870363024063, "best_so_far": 0.015725454088523605}
{"epoch": 1389, "train_mean_squared_relative_error": 5.356088617470623e-05, "wall_seconds": 4514.218272684142, "best_so_far": 0.015725454088523605}
{"epoch": 1390, "train_mean_squared_relative_error": 5.269820987666091e-05, "wall_seconds": 4517.589446078055, "best_so_far": 0.015725454088523605}
{"epoch": 1391, "train_mean_squared_relative_error": 5.310564096537199e-05, "wall_seconds": 4521.01386975497, "best_so_far": 0.015725454088523605}
{"epoch": 1392, "train_mean_squared_relative_error": 5.220950036403469e-05, "wall_seconds": 4524.324262306094, "best_so_far": 0.015725454088523605}
{"epoch": 1393, "train_mean_squared_relative_error": 5.3102241673699615e-05, "wall_seconds": 4527.728075399995, "best_so_far": 0.015725454088523605}
{"epoch": 1394, "train_mean_squared_relative_error": 5.266318991160815e-05, "wall_seconds": 4531.091319550294, "best_so_far": 0.015725454088523605}
{"epoch": 1395, "train_mean_squared_relative_error": 5.224202617892099e-05, "wall_seconds": 4534.403930301312, "best_so_far": 0.015725454088523605}
{"epoch": 1396, "train_mean_squared_relative_error": 5.2243649990640875e-05, "wall_seconds": 4537.770857349038, "best_so_far": 0.015725454088523605}
{"epoch": 1397, "train_mean_squared_relative_error": 5.203734857117321e-05, "wall_seconds": 4541.2870828751475, "best_so_far": 0.015670232565449093}
{"epoch": 1398, "train_mean_squared_relative_error": 5.1965489069166256e-05, "wall_seconds": 4545.193112254143, "best_so_far": 0.015670232565449093}
{"epoch": 1399, "train_mean_squared_relative_error": 5.200474896242215e-05, "wall_seconds": 4548.423105698079, "best_so_far": 0.015670232565449093}
{"epoch": 1400, "train_mean_squared_relative_error": 5.3117649877820605e-05, "wall_seconds": 4551.837478367146, "best_so_far": 0.015670232565449093}
{"epoch": 1401, "train_mean_squared_relative_error": 5.2630846741577864e-05, "wall_seconds": 4555.193364704028, "best_so_far": 0.015670232565449093}
{"epoch": 1402, "train_mean_squared_relative_error": 5.2013855392091284e-05, "wall_seconds": 4558.483825627249, "best_so_far": 0.015670232565449093}
{"epoch": 1403, "train_mean_squared_relative_error": 5.2457992865224006e-05, "wall_seconds": 4561.745918785222, "best_so_far": 0.01552706208299853}
{"epoch": 1404, "train_mean_squared_relative_error": 5.172788403634234e-05, "wall_seconds": 4565.507122829091, "best_so_far": 0.01552706208299853}
{"epoch": 1405, "train_mean_squared_relative_error": 5.156486590691093e-05, "wall_seconds": 4568.785791790113, "best_so_far": 0.01552706208299853}
{"epoch": 1406, "train_mean_squared_relative_error": 5.2122787923271794e-05, "wall_seconds": 4572.041235522367, "best_so_far": 0.01552706208299853}
{"epoch": 1407, "train_mean_squared_relative_error": 5.3457868296536966e-05, "wall_seconds": 4575.3242335380055, "best_so_far": 0.01552706208299853}
{"epoch": 1408, "train_mean_squared_relative_error": 5.307211073486289e-05, "wall_seconds": 4578.568572442979, "best_so_far": 0.01552706208299853}
{"epoch": 1409, "train_mean_squared_relative_error": 5.326796338060402e-05, "wall_seconds": 4581.792105885223, "best_so_far": 0.01552706208299853}
{"epoch": 1410, "train_mean_squared_relative_error": 5.232376245658861e-05, "wall_seconds": 4585.058708513156, "best_so_far": 0.01552706208299853}
{"epoch": 1411, "train_mean_squared_relative_error": 5.1446637744833046e-05, "wall_seconds": 4588.3400717182085, "best_so_far": 0.01552706208299853}
{"epoch": 1412, "train_mean_squared_relative_error": 5.2315954912665545e-05, "wall_seconds": 4591.565871796105, "best_so_far": 0.01552706208299853}
{"epoch": 1413, "train_mean_squared_relative_error": 5.277433676045922e-05, "wall_seconds": 4594.811650807969, "best_so_far": 0.01552706208299853}
{"epoch": 1414, "train_mean_squared_relative_error": 5.422312491495611e-05, "wall_seconds": 4598.034967909101, "best_so_far": 0.01552706208299853}
{"epoch": 1415, "train_mean_squared_relative_error": 5.305461339878099e-05, "wall_seconds": 4601.33805455314, "best_so_far": 0.01552706208299853}
{"epoch": 1416, "train_mean_squared_relative_error": 5.280205655145386e-05, "wall_seconds": 4604.575075812172, "best_so_far": 0.01552706208299853}
{"epoch": 1417, "train_mean_squared_relative_error": 5.288659488194231e-05, "wall_seconds": 4607.840429336298, "best_so_far": 0.01552706208299853}
{"epoch": 1418, "train_mean_squared_relative_error": 5.2376799885955324e-05, "wall_seconds": 4611.0655769221485, "best_so_far": 0.01552706208299853}
{"epoch": 1419, "train_mean_squared_relative_error": 5.1587167395282544e-05, "wall_seconds": 4614.281015792396, "best_so_far": 0.01552706208299853}
{"epoch": 1420, "train_mean_squared_relative_error": 5.1205010154748416e-05, "wall_seconds": 4617.667450385168, "best_so_far": 0.01552706208299853}
{"epoch": 1421, "train_mean_squared_relative_error": 5.142467702068193e-05, "wall_seconds": 4620.976280984003, "best_so_far": 0.01552706208299853}
{"epoch": 1422, "train_mean_squared_relative_error": 5.1177542520337534e-05, "wall_seconds": 4624.38159925025, "best_so_far": 0.01552706208299853}
{"epoch": 1423, "train_mean_squared_relative_error": 5.155679905594461e-05, "wall_seconds": 4627.754676550161, "best_so_far": 0.01552706208299853}
{"epoch": 1424, "train_mean_squared_relative_error": 5.1321509913269126e-05, "wall_seconds": 4631.002069693059, "best_so_far": 0.01552706208299853}
{"epoch": 1425, "train_mean_squared_relative_error": 5.2040468955564136e-05, "wall_seconds": 4634.227145045996, "best_so_far": 0.01552706208299853}
{"epoch": 1426, "train_mean_squared_relative_error": 5.211753031137987e-05, "wall_seconds": 4637.446284538135, "best_so_far": 0.01552706208299853}
{"epoch": 1427, "train_mean_squared_relative_error": 5.225492953139923e-05, "wall_seconds": 4640.675791161135, "best_so_far": 0.01552706208299853}
{"epoch": 1428, "train_mean_squared_relative_error": 5.1625876106952144e-05, "wall_seconds": 4643.989683167078, "best_so_far": 0.01552706208299853}
{"epoch": 1429, "train_mean_squared_relative_error": 5.132145824647516e-05, "wall_seconds": 4647.22101020813, "best_so_far": 0.01552706208299853}
{"epoch": 1430, "train_mean_squared_relative_error": 5.092469072562573e-05, "wall_seconds": 4650.5294724400155, "best_so_far": 0.01552706208299853}
{"epoch": 1431, "train_mean_squared_relative_error": 5.159666300699428e-05, "wall_seconds": 4653.815246212296, "best_so_far": 0.01552706208299853}
{"epoch": 1432, "train_mean_squared_relative_error": 5.1226893047884646e-05, "wall_seconds": 4657.054326915182, "best_so_far": 0.01552706208299853}
{"epoch": 1433, "train_mean_squared_relative_error": 5.1877723580405017e-05, "wall_seconds": 4660.298973034136, "best_so_far": 0.01552706208299853}
{"epoch": 1434, "train_mean_squared_relative_error": 5.091988364402928e-05, "wall_seconds": 4663.5383962532505, "best_so_far": 0.01552706208299853}
{"epoch": 1435, "train_mean_squared_relative_error": 5.07905899122076e-05, "wall_seconds": 4666.787536797114, "best_so_far": 0.01552706208299853}
{"epoch": 1436, "train_mean_squared_relative_error": 5.152059661881317e-05, "wall_seconds": 4670.00347668631, "best_so_far": 0.01552706208299853}
{"epoch": 1437, "train_mean_squared_relative_error": 5.087874781441168e-05, "wall_seconds": 4673.235434271395, "best_so_far": 0.01552706208299853}
{"epoch": 1438, "train_mean_squared_relative_error": 5.0793229790278466e-05, "wall_seconds": 4676.448496248107, "best_so_far": 0.01552706208299853}
{"epoch": 1439, "train_mean_squared_relative_error": 5.064979081380329e-05, "wall_seconds": 4679.725256317295, "best_so_far": 0.01552706208299853}
{"epoch": 1440, "train_mean_squared_relative_error": 5.045372547979102e-05, "wall_seconds": 4682.95472357003, "best_so_far": 0.01552706208299853}
{"epoch": 1441, "train_mean_squared_relative_error": 5.0093478027344904e-05, "wall_seconds": 4686.202022604179, "best_so_far": 0.01552706208299853}
{"epoch": 1442, "train_mean_squared_relative_error": 5.0969938380644415e-05, "wall_seconds": 4689.426591717172, "best_so_far": 0.01552706208299853}
{"epoch": 1443, "train_mean_squared_relative_error": 5.138355268657438e-05, "wall_seconds": 4692.813243240118, "best_so_far": 0.01552706208299853}
{"epoch": 1444, "train_mean_squared_relative_error": 5.127545743147376e-05, "wall_seconds": 4696.068735633045, "best_so_far": 0.01552706208299853}
{"epoch": 1445, "train_mean_squared_relative_error": 5.253256268374777e-05, "wall_seconds": 4699.332401918247, "best_so_far": 0.01552706208299853}
{"epoch": 1446, "train_mean_squared_relative_error": 5.314175635616473e-05, "wall_seconds": 4702.558483402245, "best_so_far": 0.01552706208299853}
{"epoch": 1447, "train_mean_squared_relative_error": 5.090033380667843e-05, "wall_seconds": 4705.836149953306, "best_so_far": 0.01552706208299853}
{"epoch": 1448, "train_mean_squared_relative_error": 5.087900031961132e-05, "wall_seconds": 4709.046963929199, "best_so_far": 0.015479072196488041}
{"epoch": 1449, "train_mean_squared_relative_error": 5.145042145783788e-05, "wall_seconds": 4712.698315256275, "best_so_far": 0.015479072196488041}
{"epoch": 1450, "train_mean_squared_relative_error": 5.135960931862361e-05, "wall_seconds": 4715.901407123078, "best_so_far": 0.015479072196488041}
{"epoch": 1451, "train_mean_squared_relative_error": 5.0662048124404314e-05, "wall_seconds": 4719.128048514016, "best_so_far": 0.015479072196488041}
{"epoch": 1452, "train_mean_squared_relative_error": 5.042900614536497e-05, "wall_seconds": 4722.376588765066, "best_so_far": 0.015479072196488041}
{"epoch": 1453, "train_mean_squared_relative_error": 5.143881237887764e-05, "wall_seconds": 4725.5950754042715, "best_so_far": 0.015479072196488041}
{"epoch": 1454, "train_mean_squared_relative_error": 5.151757072551804e-05, "wall_seconds": 4728.938777627423, "best_so_far": 0.015479072196488041}
{"epoch": 1455, "train_mean_squared_relative_error": 5.1244803074334374e-05, "wall_seconds": 4732.183916309383, "best_so_far": 0.015479072196488041}
{"epoch": 1456, "train_mean_squared_relative_error": 5.115983484136015e-05, "wall_seconds": 4735.49747116724, "best_so_far": 0.015479072196488041}
{"epoch": 1457, "train_mean_squared_relative_error": 5.166020385676238e-05, "wall_seconds": 4738.750746147241, "best_so_far": 0.015479072196488041}
{"epoch": 1458, "train_mean_squared_relative_error": 5.354607355879981e-05, "wall_seconds": 4741.935171592981, "best_so_far": 0.015479072196488041}
{"epoch": 1459, "train_mean_squared_relative_error": 5.2314024027791984e-05, "wall_seconds": 4745.160493940115, "best_so_far": 0.015479072196488041}
{"epoch": 1460, "train_mean_squared_relative_error": 5.060092064563522e-05, "wall_seconds": 4748.416219142266, "best_so_far": 0.015479072196488041}
{"epoch": 1461, "train_mean_squared_relative_error": 5.0810962438329014e-05, "wall_seconds": 4751.695699112024, "best_so_far": 0.015479072196488041}
{"epoch": 1462, "train_mean_squared_relative_error": 4.9905447455265044e-05, "wall_seconds": 4754.917783805169, "best_so_far": 0.015479072196488041}
{"epoch": 1463, "train_mean_squared_relative_error": 4.9961986332310184e-05, "wall_seconds": 4758.179598418996, "best_so_far": 0.015479072196488041}
{"epoch": 1464, "train_mean_squared_relative_error": 5.046579230326488e-05, "wall_seconds": 4761.450904988218, "best_so_far": 0.015479072196488041}
{"epoch": 1465, "train_mean_squared_relative_error": 5.041991864331404e-05, "wall_seconds": 4764.635457830038, "best_so_far": 0.015479072196488041}
{"epoch": 1466, "train_mean_squared_relative_error": 5.021762264848265e-05, "wall_seconds": 4767.820969066117, "best_so_far": 0.015479072196488041}
{"epoch": 1467, "train_mean_squared_relative_error": 4.969968676588376e-05, "wall_seconds": 4771.031574812252, "best_so_far": 0.015479072196488041}
{"epoch": 1468, "train_mean_squared_relative_error": 5.01874660169658e-05, "wall_seconds": 4774.292437938973, "best_so_far": 0.015479072196488041}
{"epoch": 1469, "train_mean_squared_relative_error": 4.976754907800542e-05, "wall_seconds": 4777.588888647966, "best_so_far": 0.015469448916417643}
{"epoch": 1470, "train_mean_squared_relative_error": 5.0013542487421965e-05, "wall_seconds": 4781.492303885985, "best_so_far": 0.015469448916417643}
{"epoch": 1471, "train_mean_squared_relative_error": 5.046041095639788e-05, "wall_seconds": 4784.735761987045, "best_so_far": 0.015469448916417643}
{"epoch": 1472, "train_mean_squared_relative_error": 5.098040381482343e-05, "wall_seconds": 4788.013838520274, "best_so_far": 0.015469448916417643}
{"epoch": 1473, "train_mean_squared_relative_error": 5.0664135350742056e-05, "wall_seconds": 4791.306401064154, "best_so_far": 0.015469448916417643}
{"epoch": 1474, "train_mean_squared_relative_error": 5.0709312896435004e-05, "wall_seconds": 4794.554611200001, "best_so_far": 0.015469448916417643}
{"epoch": 1475, "train_mean_squared_relative_error": 5.034617882442389e-05, "wall_seconds": 4797.827554741409, "best_so_far": 0.015469448916417643}
{"epoch": 1476, "train_mean_squared_relative_error": 5.075619395477424e-05, "wall_seconds": 4801.071504676249, "best_so_far": 0.015469448916417643}
{"epoch": 1477, "train_mean_squared_relative_error": 5.050514218735777e-05, "wall_seconds": 4804.431988869328, "best_so_far": 0.015469448916417643}
{"epoch": 1478, "train_mean_squared_relative_error": 5.068359975063873e-05, "wall_seconds": 4807.7104682233185, "best_so_far": 0.015469448916417643}
{"epoch": 1479, "train_mean_squared_relative_error": 5.014041303888323e-05, "wall_seconds": 4810.952240153216, "best_so_far": 0.015469448916417643}
{"epoch": 1480, "train_mean_squared_relative_error": 5.029080455205753e-05, "wall_seconds": 4814.2192607834, "best_so_far": 0.015469448916417643}
{"epoch": 1481, "train_mean_squared_relative_error": 4.978907256222391e-05, "wall_seconds": 4817.507232296281, "best_so_far": 0.015469448916417643}
{"epoch": 1482, "train_mean_squared_relative_error": 4.9681970779868846e-05, "wall_seconds": 4820.741541563999, "best_so_far": 0.015469448916417643}
{"epoch": 1483, "train_mean_squared_relative_error": 5.0512234309854024e-05, "wall_seconds": 4823.969455038197, "best_so_far": 0.015469448916417643}
{"epoch": 1484, "train_mean_squared_relative_error": 5.0194521703453374e-05, "wall_seconds": 4827.219702498987, "best_so_far": 0.015469448916417643}
{"epoch": 1485, "train_mean_squared_relative_error": 5.01023041259201e-05, "wall_seconds": 4830.572989140172, "best_so_far": 0.015469448916417643}
{"epoch": 1486, "train_mean_squared_relative_error": 4.978050525525569e-05, "wall_seconds": 4833.832032999024, "best_so_far": 0.015469448916417643}
{"epoch": 1487, "train_mean_squared_relative_error": 5.077514055899901e-05, "wall_seconds": 4837.089937556069, "best_so_far": 0.015469448916417643}
{"epoch": 1488, "train_mean_squared_relative_error": 4.9752969360259685e-05, "wall_seconds": 4840.368414792232, "best_so_far": 0.015469448916417643}
{"epoch": 1489, "train_mean_squared_relative_error": 4.956755820986115e-05, "wall_seconds": 4843.660255437251, "best_so_far": 0.015469448916417643}
{"epoch": 1490, "train_mean_squared_relative_error": 4.906558861174106e-05, "wall_seconds": 4846.904033957981, "best_so_far": 0.015469448916417643}
{"epoch": 1491, "train_mean_squared_relative_error": 4.905533422451756e-05, "wall_seconds": 4850.158006160986, "best_so_far": 0.015469448916417643}
{"epoch": 1492, "train_mean_squared_relative_error": 4.938665413725924e-05, "wall_seconds": 4853.573151195422, "best_so_far": 0.015469448916417643}
{"epoch": 1493, "train_mean_squared_relative_error": 5.032529187914408e-05, "wall_seconds": 4856.849217459094, "best_so_far": 0.015469448916417643}
{"epoch": 1494, "train_mean_squared_relative_error": 5.102809721641006e-05, "wall_seconds": 4860.102106258273, "best_so_far": 0.015469448916417643}
{"epoch": 1495, "train_mean_squared_relative_error": 4.961096700366872e-05, "wall_seconds": 4863.359512573108, "best_so_far": 0.015469448916417643}
{"epoch": 1496, "train_mean_squared_relative_error": 4.954795215041073e-05, "wall_seconds": 4866.5925574190915, "best_so_far": 0.015469448916417643}
{"epoch": 1497, "train_mean_squared_relative_error": 4.899437416416172e-05, "wall_seconds": 4869.839702653233, "best_so_far": 0.015469448916417643}
{"epoch": 1498, "train_mean_squared_relative_error": 4.911764196855153e-05, "wall_seconds": 4873.101473814342, "best_so_far": 0.015469448916417643}
{"epoch": 1499, "train_mean_squared_relative_error": 4.934704460469596e-05, "wall_seconds": 4876.37953730626, "best_so_far": 0.015469448916417643}
{"epoch": 1500, "train_mean_squared_relative_error": 4.9678684221239245e-05, "wall_seconds": 4879.659382809419, "best_so_far": 0.015469448916417643}
{"epoch": 1501, "train_mean_squared_relative_error": 4.940581619128573e-05, "wall_seconds": 4883.011425989214, "best_so_far": 0.015469448916417643}
{"epoch": 1502, "train_mean_squared_relative_error": 5.0322616403826754e-05, "wall_seconds": 4886.334213800263, "best_so_far": 0.015469448916417643}
{"epoch": 1503, "train_mean_squared_relative_error": 5.070659097313399e-05, "wall_seconds": 4889.657279801089, "best_so_far": 0.015469448916417643}
{"epoch": 1504, "train_mean_squared_relative_error": 5.000901738145925e-05, "wall_seconds": 4892.928239203058, "best_so_far": 0.015469448916417643}
{"epoch": 1505, "train_mean_squared_relative_error": 4.9201555955526115e-05, "wall_seconds": 4896.234911299311, "best_so_far": 0.015469448916417643}
{"epoch": 1506, "train_mean_squared_relative_error": 4.890608565469272e-05, "wall_seconds": 4899.481652189046, "best_so_far": 0.015469448916417643}
{"epoch": 1507, "train_mean_squared_relative_error": 4.8948880828389745e-05, "wall_seconds": 4902.747678286396, "best_so_far": 0.015469448916417643}
{"epoch": 1508, "train_mean_squared_relative_error": 4.8819923813566695e-05, "wall_seconds": 4906.015080575366, "best_so_far": 0.015469448916417643}
{"epoch": 1509, "train_mean_squared_relative_error": 4.937516620529004e-05, "wall_seconds": 4909.399249203969, "best_so_far": 0.015469448916417643}
{"epoch": 1510, "train_mean_squared_relative_error": 4.896870255025698e-05, "wall_seconds": 4912.620415837038, "best_so_far": 0.015469448916417643}
{"epoch": 1511, "train_mean_squared_relative_error": 4.8941144639198464e-05, "wall_seconds": 4915.877397791017, "best_so_far": 0.015469448916417643}
{"epoch": 1512, "train_mean_squared_relative_error": 4.897203581801939e-05, "wall_seconds": 4919.188365423121, "best_so_far": 0.015469448916417643}
{"epoch": 1513, "train_mean_squared_relative_error": 4.8327574538732616e-05, "wall_seconds": 4922.446637648158, "best_so_far": 0.015469448916417643}
{"epoch": 1514, "train_mean_squared_relative_error": 4.8441562553545636e-05, "wall_seconds": 4925.691372197121, "best_so_far": 0.015469448916417643}
{"epoch": 1515, "train_mean_squared_relative_error": 4.975515160261987e-05, "wall_seconds": 4929.005050745327, "best_so_far": 0.015469448916417643}
{"epoch": 1516, "train_mean_squared_relative_error": 5.0225751292352706e-05, "wall_seconds": 4932.2835802393965, "best_so_far": 0.015469448916417643}
{"epoch": 1517, "train_mean_squared_relative_error": 4.908402755080514e-05, "wall_seconds": 4935.570693365298, "best_so_far": 0.015461936712069094}
{"epoch": 1518, "train_mean_squared_relative_error": 4.9103521655154214e-05, "wall_seconds": 4939.3998623103835, "best_so_far": 0.015461936712069094}
{"epoch": 1519, "train_mean_squared_relative_error": 4.8575272817403876e-05, "wall_seconds": 4942.660615109373, "best_so_far": 0.015461936712069094}
{"epoch": 1520, "train_mean_squared_relative_error": 4.8915304824606144e-05, "wall_seconds": 4945.909327746369, "best_so_far": 0.015461936712069094}
{"epoch": 1521, "train_mean_squared_relative_error": 4.865730052867996e-05, "wall_seconds": 4949.250054804143, "best_so_far": 0.015461936712069094}
{"epoch": 1522, "train_mean_squared_relative_error": 4.885194332052325e-05, "wall_seconds": 4952.544528505299, "best_so_far": 0.015461936712069094}
{"epoch": 1523, "train_mean_squared_relative_error": 4.897438904145553e-05, "wall_seconds": 4955.86853636615, "best_so_far": 0.015461936712069094}
{"epoch": 1524, "train_mean_squared_relative_error": 4.852113288613146e-05, "wall_seconds": 4959.193701816257, "best_so_far": 0.015461936712069094}
{"epoch": 1525, "train_mean_squared_relative_error": 4.819229034005761e-05, "wall_seconds": 4962.456489452161, "best_so_far": 0.0154225221490222}
{"epoch": 1526, "train_mean_squared_relative_error": 4.7889062623357836e-05, "wall_seconds": 4966.211377213243, "best_so_far": 0.0154225221490222}
{"epoch": 1527, "train_mean_squared_relative_error": 4.843298866249109e-05, "wall_seconds": 4969.468465575017, "best_so_far": 0.0154225221490222}
{"epoch": 1528, "train_mean_squared_relative_error": 4.813811367149271e-05, "wall_seconds": 4972.708382413257, "best_so_far": 0.0154225221490222}
{"epoch": 1529, "train_mean_squared_relative_error": 4.859096588688738e-05, "wall_seconds": 4976.008758143056, "best_so_far": 0.0154225221490222}
{"epoch": 1530, "train_mean_squared_relative_error": 4.859659480497141e-05, "wall_seconds": 4979.258582297247, "best_so_far": 0.0154225221490222}
{"epoch": 1531, "train_mean_squared_relative_error": 4.832385060379929e-05, "wall_seconds": 4982.5231689023785, "best_so_far": 0.0154225221490222}
{"epoch": 1532, "train_mean_squared_relative_error": 4.802635354307301e-05, "wall_seconds": 4985.819768546149, "best_so_far": 0.015333279111297013}
{"epoch": 1533, "train_mean_squared_relative_error": 4.8890119453203955e-05, "wall_seconds": 4989.694539785385, "best_so_far": 0.015333279111297013}
{"epoch": 1534, "train_mean_squared_relative_error": 4.93228256740436e-05, "wall_seconds": 4993.130727472249, "best_so_far": 0.015333279111297013}
{"epoch": 1535, "train_mean_squared_relative_error": 4.820188858753762e-05, "wall_seconds": 4996.56820012629, "best_so_far": 0.015333279111297013}
{"epoch": 1536, "train_mean_squared_relative_error": 4.866889993621019e-05, "wall_seconds": 5000.363193275407, "best_so_far": 0.015333279111297013}
{"epoch": 1537, "train_mean_squared_relative_error": 4.8358888083683476e-05, "wall_seconds": 5005.543553749099, "best_so_far": 0.015333279111297013}
{"epoch": 1538, "train_mean_squared_relative_error": 4.802571468416692e-05, "wall_seconds": 5009.762494455092, "best_so_far": 0.015333279111297013}
{"epoch": 1539, "train_mean_squared_relative_error": 4.7790714504433756e-05, "wall_seconds": 5013.287768132985, "best_so_far": 0.015333279111297013}
{"epoch": 1540, "train_mean_squared_relative_error": 4.799441115729219e-05, "wall_seconds": 5016.74310998898, "best_so_far": 0.015333279111297013}
{"epoch": 1541, "train_mean_squared_relative_error": 4.785358809609361e-05, "wall_seconds": 5020.2321843821555, "best_so_far": 0.015333279111297013}
{"epoch": 1542, "train_mean_squared_relative_error": 4.85920983219331e-05, "wall_seconds": 5023.566715017427, "best_so_far": 0.015333279111297013}
{"epoch": 1543, "train_mean_squared_relative_error": 4.8453364737172057e-05, "wall_seconds": 5026.975592110306, "best_so_far": 0.015333279111297013}
{"epoch": 1544, "train_mean_squared_relative_error": 4.863923422683181e-05, "wall_seconds": 5030.375954582356, "best_so_far": 0.015333279111297013}
{"epoch": 1545, "train_mean_squared_relative_error": 4.841995541429554e-05, "wall_seconds": 5033.815638632048, "best_so_far": 0.015333279111297013}
{"epoch": 1546, "train_mean_squared_relative_error": 4.8468561598503315e-05, "wall_seconds": 5037.173984077293, "best_so_far": 0.015333279111297013}
{"epoch": 1547, "train_mean_squared_relative_error": 4.8369355236295536e-05, "wall_seconds": 5040.655485824216, "best_so_far": 0.01530763090375063}
{"epoch": 1548, "train_mean_squared_relative_error": 4.8491546368254086e-05, "wall_seconds": 5044.5373070193455, "best_so_far": 0.01530763090375063}
{"epoch": 1549, "train_mean_squared_relative_error": 4.871016325114415e-05, "wall_seconds": 5047.864527941216, "best_so_far": 0.01530763090375063}
{"epoch": 1550, "train_mean_squared_relative_error": 4.8848150440020586e-05, "wall_seconds": 5051.219101549126, "best_so_far": 0.01530763090375063}
{"epoch": 1551, "train_mean_squared_relative_error": 4.793876809309042e-05, "wall_seconds": 5054.500531871337, "best_so_far": 0.01530763090375063}
{"epoch": 1552, "train_mean_squared_relative_error": 4.746496798031421e-05, "wall_seconds": 5057.763398811221, "best_so_far": 0.01530763090375063}
{"epoch": 1553, "train_mean_squared_relative_error": 4.901033933641553e-05, "wall_seconds": 5061.048192881979, "best_so_far": 0.01530763090375063}
{"epoch": 1554, "train_mean_squared_relative_error": 4.87971892969876e-05, "wall_seconds": 5064.292975896038, "best_so_far": 0.01530763090375063}
{"epoch": 1555, "train_mean_squared_relative_error": 4.8299591887750935e-05, "wall_seconds": 5067.660557741299, "best_so_far": 0.01530763090375063}
{"epoch": 1556, "train_mean_squared_relative_error": 4.9191183605010736e-05, "wall_seconds": 5070.926287170034, "best_so_far": 0.01530763090375063}
{"epoch": 1557, "train_mean_squared_relative_error": 4.8557956990725003e-05, "wall_seconds": 5074.19372126041, "best_so_far": 0.01530763090375063}
{"epoch": 1558, "train_mean_squared_relative_error": 4.760557124414478e-05, "wall_seconds": 5077.482930350117, "best_so_far": 0.01530763090375063}
{"epoch": 1559, "train_mean_squared_relative_error": 4.806906749752351e-05, "wall_seconds": 5080.711772263981, "best_so_far": 0.01530763090375063}
{"epoch": 1560, "train_mean_squared_relative_error": 4.878462849501754e-05, "wall_seconds": 5084.002317974344, "best_so_far": 0.01530763090375063}
{"epoch": 1561, "train_mean_squared_relative_error": 4.8045003544063756e-05, "wall_seconds": 5087.29800067842, "best_so_far": 0.01530763090375063}
{"epoch": 1562, "train_mean_squared_relative_error": 4.758634400760565e-05, "wall_seconds": 5090.8228758582845, "best_so_far": 0.01530763090375063}
{"epoch": 1563, "train_mean_squared_relative_error": 4.885797991891826e-05, "wall_seconds": 5094.077627527062, "best_so_far": 0.01530763090375063}
{"epoch": 1564, "train_mean_squared_relative_error": 4.735374673150198e-05, "wall_seconds": 5097.3457778734155, "best_so_far": 0.01530763090375063}
{"epoch": 1565, "train_mean_squared_relative_error": 4.764256697094201e-05, "wall_seconds": 5100.623627090361, "best_so_far": 0.01530763090375063}
{"epoch": 1566, "train_mean_squared_relative_error": 4.9197970561638535e-05, "wall_seconds": 5103.878821455408, "best_so_far": 0.01530763090375063}
{"epoch": 1567, "train_mean_squared_relative_error": 4.9168712468585235e-05, "wall_seconds": 5107.195330776274, "best_so_far": 0.01530763090375063}
{"epoch": 1568, "train_mean_squared_relative_error": 4.811050238374246e-05, "wall_seconds": 5110.603167508263, "best_so_far": 0.01530763090375063}
{"epoch": 1569, "train_mean_squared_relative_error": 4.813093738741866e-05, "wall_seconds": 5113.917853275314, "best_so_far": 0.01530763090375063}
{"epoch": 1570, "train_mean_squared_relative_error": 4.909423140969195e-05, "wall_seconds": 5117.184202507138, "best_so_far": 0.01530763090375063}
{"epoch": 1571, "train_mean_squared_relative_error": 4.8714338956670425e-05, "wall_seconds": 5120.455747426022, "best_so_far": 0.01530763090375063}
{"epoch": 1572, "train_mean_squared_relative_error": 4.86511912153002e-05, "wall_seconds": 5123.784978945274, "best_so_far": 0.01530763090375063}
{"epoch": 1573, "train_mean_squared_relative_error": 4.808726850890243e-05, "wall_seconds": 5127.045591824222, "best_so_far": 0.01530763090375063}
{"epoch": 1574, "train_mean_squared_relative_error": 4.778205214099794e-05, "wall_seconds": 5130.307762537152, "best_so_far": 0.01530763090375063}
{"epoch": 1575, "train_mean_squared_relative_error": 4.769254669167079e-05, "wall_seconds": 5133.563292514067, "best_so_far": 0.01530763090375063}
{"epoch": 1576, "train_mean_squared_relative_error": 4.734708314389612e-05, "wall_seconds": 5136.819988648407, "best_so_far": 0.01530763090375063}
{"epoch": 1577, "train_mean_squared_relative_error": 4.830467713817903e-05, "wall_seconds": 5140.086421192158, "best_so_far": 0.015277775618947751}
{"epoch": 1578, "train_mean_squared_relative_error": 4.834771323274231e-05, "wall_seconds": 5143.901828213129, "best_so_far": 0.015277775618947751}
{"epoch": 1579, "train_mean_squared_relative_error": 4.665642711337729e-05, "wall_seconds": 5147.184891206212, "best_so_far": 0.015277775618947751}
{"epoch": 1580, "train_mean_squared_relative_error": 4.7020256249897746e-05, "wall_seconds": 5150.5004852120765, "best_so_far": 0.015277775618947751}
{"epoch": 1581, "train_mean_squared_relative_error": 4.7468439531740296e-05, "wall_seconds": 5153.789503830019, "best_so_far": 0.015277775618947751}
{"epoch": 1582, "train_mean_squared_relative_error": 4.744830322494923e-05, "wall_seconds": 5157.038457536139, "best_so_far": 0.015277775618947751}
{"epoch": 1583, "train_mean_squared_relative_error": 4.7124887339923434e-05, "wall_seconds": 5160.35087004723, "best_so_far": 0.015277775618947751}
{"epoch": 1584, "train_mean_squared_relative_error": 4.7417282996391305e-05, "wall_seconds": 5163.62401376199, "best_so_far": 0.015277775618947751}
{"epoch": 1585, "train_mean_squared_relative_error": 4.855795976703499e-05, "wall_seconds": 5166.878192828037, "best_so_far": 0.015277775618947751}
{"epoch": 1586, "train_mean_squared_relative_error": 4.7763854033166543e-05, "wall_seconds": 5170.142391977366, "best_so_far": 0.015277775618947751}
{"epoch": 1587, "train_mean_squared_relative_error": 4.655838390540416e-05, "wall_seconds": 5173.582261985168, "best_so_far": 0.015277775618947751}
{"epoch": 1588, "train_mean_squared_relative_error": 4.6765827210173885e-05, "wall_seconds": 5176.968661659397, "best_so_far": 0.015277775618947751}
{"epoch": 1589, "train_mean_squared_relative_error": 4.777123942798994e-05, "wall_seconds": 5180.376227492001, "best_so_far": 0.015277775618947751}
{"epoch": 1590, "train_mean_squared_relative_error": 4.732284016203587e-05, "wall_seconds": 5183.768800851423, "best_so_far": 0.015277775618947751}
{"epoch": 1591, "train_mean_squared_relative_error": 4.829610046204078e-05, "wall_seconds": 5187.19036586117, "best_so_far": 0.015277775618947751}
{"epoch": 1592, "train_mean_squared_relative_error": 4.970055849494742e-05, "wall_seconds": 5190.639026969206, "best_so_far": 0.015277775618947751}
{"epoch": 1593, "train_mean_squared_relative_error": 4.8233526427789934e-05, "wall_seconds": 5194.020352082327, "best_so_far": 0.015277775618947751}
{"epoch": 1594, "train_mean_squared_relative_error": 4.8233638406360874e-05, "wall_seconds": 5197.285276721232, "best_so_far": 0.015277775618947751}
{"epoch": 1595, "train_mean_squared_relative_error": 4.7166022900676996e-05, "wall_seconds": 5200.633335774299, "best_so_far": 0.015277775618947751}
{"epoch": 1596, "train_mean_squared_relative_error": 4.693398758331625e-05, "wall_seconds": 5203.894103049301, "best_so_far": 0.015277775618947751}
{"epoch": 1597, "train_mean_squared_relative_error": 4.698870472061497e-05, "wall_seconds": 5207.20012193406, "best_so_far": 0.015277775618947751}
{"epoch": 1598, "train_mean_squared_relative_error": 4.689734971943299e-05, "wall_seconds": 5210.503620127216, "best_so_far": 0.015277775618947751}
{"epoch": 1599, "train_mean_squared_relative_error": 4.781207441987077e-05, "wall_seconds": 5213.767815687228, "best_so_far": 0.015277775618947751}
{"epoch": 1600, "train_mean_squared_relative_error": 4.838461658865233e-05, "wall_seconds": 5217.047277810052, "best_so_far": 0.015158709345546783}
{"epoch": 1601, "train_mean_squared_relative_error": 4.744651372644876e-05, "wall_seconds": 5220.857026640326, "best_so_far": 0.015158709345546783}
{"epoch": 1602, "train_mean_squared_relative_error": 4.7607226551732005e-05, "wall_seconds": 5224.177044223063, "best_so_far": 0.015158709345546783}
{"epoch": 1603, "train_mean_squared_relative_error": 4.729523687278206e-05, "wall_seconds": 5227.440659405198, "best_so_far": 0.015158709345546783}
{"epoch": 1604, "train_mean_squared_relative_error": 4.6593272511889e-05, "wall_seconds": 5230.715100068133, "best_so_far": 0.015158709345546783}
{"epoch": 1605, "train_mean_squared_relative_error": 4.6995641978991377e-05, "wall_seconds": 5233.966195772402, "best_so_far": 0.015158709345546783}
{"epoch": 1606, "train_mean_squared_relative_error": 4.808995116302748e-05, "wall_seconds": 5237.292823312338, "best_so_far": 0.015158709345546783}
{"epoch": 1607, "train_mean_squared_relative_error": 4.724189415167775e-05, "wall_seconds": 5240.624778303318, "best_so_far": 0.015158709345546783}
{"epoch": 1608, "train_mean_squared_relative_error": 4.695430636945189e-05, "wall_seconds": 5243.891376081388, "best_so_far": 0.015158709345546783}
{"epoch": 1609, "train_mean_squared_relative_error": 4.664552648265973e-05, "wall_seconds": 5247.161612861324, "best_so_far": 0.015158709345546783}
{"epoch": 1610, "train_mean_squared_relative_error": 4.6170256301248074e-05, "wall_seconds": 5250.440009423066, "best_so_far": 0.015158709345546783}
{"epoch": 1611, "train_mean_squared_relative_error": 4.585985025068145e-05, "wall_seconds": 5253.703990597278, "best_so_far": 0.015158709345546783}
{"epoch": 1612, "train_mean_squared_relative_error": 4.6460866174151995e-05, "wall_seconds": 5256.994454326108, "best_so_far": 0.015158709345546783}
{"epoch": 1613, "train_mean_squared_relative_error": 4.6951468318954503e-05, "wall_seconds": 5260.392649627291, "best_so_far": 0.015158709345546783}
{"epoch": 1614, "train_mean_squared_relative_error": 4.66248482557306e-05, "wall_seconds": 5263.850471101236, "best_so_far": 0.015158709345546783}
{"epoch": 1615, "train_mean_squared_relative_error": 4.6590406968578235e-05, "wall_seconds": 5267.24767458206, "best_so_far": 0.015158709345546783}
{"epoch": 1616, "train_mean_squared_relative_error": 4.682126717717144e-05, "wall_seconds": 5270.619032174349, "best_so_far": 0.015158709345546783}
{"epoch": 1617, "train_mean_squared_relative_error": 4.734506560032002e-05, "wall_seconds": 5274.020795067307, "best_so_far": 0.015158709345546783}
{"epoch": 1618, "train_mean_squared_relative_error": 4.6678392960975814e-05, "wall_seconds": 5277.37757208338, "best_so_far": 0.015158709345546783}
{"epoch": 1619, "train_mean_squared_relative_error": 4.733650254803643e-05, "wall_seconds": 5280.62491384102, "best_so_far": 0.015158709345546783}
{"epoch": 1620, "train_mean_squared_relative_error": 4.632692401746571e-05, "wall_seconds": 5283.8769014910795, "best_so_far": 0.015158709345546783}
{"epoch": 1621, "train_mean_squared_relative_error": 4.670844116943688e-05, "wall_seconds": 5287.189977352042, "best_so_far": 0.015158709345546783}
{"epoch": 1622, "train_mean_squared_relative_error": 4.687567083263052e-05, "wall_seconds": 5290.486494387034, "best_so_far": 0.015114135230005564}
{"epoch": 1623, "train_mean_squared_relative_error": 4.670225837404664e-05, "wall_seconds": 5294.3569590542465, "best_so_far": 0.015114135230005564}
{"epoch": 1624, "train_mean_squared_relative_error": 4.7951858316921405e-05, "wall_seconds": 5297.696534322109, "best_so_far": 0.015114135230005564}
{"epoch": 1625, "train_mean_squared_relative_error": 4.720841682021477e-05, "wall_seconds": 5301.001952473074, "best_so_far": 0.015114135230005564}
{"epoch": 1626, "train_mean_squared_relative_error": 4.613605104689886e-05, "wall_seconds": 5304.2565745851025, "best_so_far": 0.015114135230005564}
{"epoch": 1627, "train_mean_squared_relative_error": 4.697805690274203e-05, "wall_seconds": 5307.553839701228, "best_so_far": 0.015114135230005564}
{"epoch": 1628, "train_mean_squared_relative_error": 4.5995876637588356e-05, "wall_seconds": 5310.837788145058, "best_so_far": 0.015114135230005564}
{"epoch": 1629, "train_mean_squared_relative_error": 4.56848982719045e-05, "wall_seconds": 5314.137289730366, "best_so_far": 0.015114135230005564}
{"epoch": 1630, "train_mean_squared_relative_error": 4.625989798839828e-05, "wall_seconds": 5317.413020284381, "best_so_far": 0.015114135230005564}
{"epoch": 1631, "train_mean_squared_relative_error": 4.7373965870982914e-05, "wall_seconds": 5320.721728811972, "best_so_far": 0.015114135230005564}
{"epoch": 1632, "train_mean_squared_relative_error": 4.6113222913230155e-05, "wall_seconds": 5324.042267817073, "best_so_far": 0.015114135230005564}
{"epoch": 1633, "train_mean_squared_relative_error": 4.6306685169669414e-05, "wall_seconds": 5327.3713702252135, "best_so_far": 0.015114135230005564}
{"epoch": 1634, "train_mean_squared_relative_error": 4.6573602646054454e-05, "wall_seconds": 5330.621417208109, "best_so_far": 0.015094926945873284}
{"epoch": 1635, "train_mean_squared_relative_error": 4.767454295812345e-05, "wall_seconds": 5334.378870564047, "best_so_far": 0.015094926945873284}
{"epoch": 1636, "train_mean_squared_relative_error": 4.789099475664661e-05, "wall_seconds": 5337.70861939108, "best_so_far": 0.015094926945873284}
{"epoch": 1637, "train_mean_squared_relative_error": 4.719000450858592e-05, "wall_seconds": 5341.035033612978, "best_so_far": 0.015094926945873284}
{"epoch": 1638, "train_mean_squared_relative_error": 4.6587806065280265e-05, "wall_seconds": 5344.293128067162, "best_so_far": 0.015094926945873284}
{"epoch": 1639, "train_mean_squared_relative_error": 4.633421293865008e-05, "wall_seconds": 5347.676414714195, "best_so_far": 0.015094926945873284}
{"epoch": 1640, "train_mean_squared_relative_error": 4.665022378743846e-05, "wall_seconds": 5351.053190193139, "best_so_far": 0.015094926945873284}
{"epoch": 1641, "train_mean_squared_relative_error": 4.6312899085127644e-05, "wall_seconds": 5354.347527317237, "best_so_far": 0.015094926945873284}
{"epoch": 1642, "train_mean_squared_relative_error": 4.597034321370867e-05, "wall_seconds": 5357.609745545313, "best_so_far": 0.015094926945873284}
{"epoch": 1643, "train_mean_squared_relative_error": 4.614422187262205e-05, "wall_seconds": 5360.941256295424, "best_so_far": 0.015094926945873284}
{"epoch": 1644, "train_mean_squared_relative_error": 4.617876077674388e-05, "wall_seconds": 5364.151673200075, "best_so_far": 0.015094926945873284}
{"epoch": 1645, "train_mean_squared_relative_error": 4.602897828913648e-05, "wall_seconds": 5367.45097062923, "best_so_far": 0.015094926945873284}
{"epoch": 1646, "train_mean_squared_relative_error": 4.520764388044854e-05, "wall_seconds": 5370.696979943197, "best_so_far": 0.015094926945873284}
{"epoch": 1647, "train_mean_squared_relative_error": 4.5072334693649496e-05, "wall_seconds": 5373.939778261352, "best_so_far": 0.015094926945873284}
{"epoch": 1648, "train_mean_squared_relative_error": 4.546137828184696e-05, "wall_seconds": 5377.161286236253, "best_so_far": 0.015094926945873284}
{"epoch": 1649, "train_mean_squared_relative_error": 4.596693343669198e-05, "wall_seconds": 5380.38528339332, "best_so_far": 0.015094926945873284}
{"epoch": 1650, "train_mean_squared_relative_error": 4.652906239646734e-05, "wall_seconds": 5383.693193754181, "best_so_far": 0.015094926945873284}
{"epoch": 1651, "train_mean_squared_relative_error": 4.766123439377545e-05, "wall_seconds": 5386.99354361603, "best_so_far": 0.015094926945873284}
{"epoch": 1652, "train_mean_squared_relative_error": 4.7225163400981076e-05, "wall_seconds": 5390.337654704228, "best_so_far": 0.015094926945873284}
{"epoch": 1653, "train_mean_squared_relative_error": 4.56845709515122e-05, "wall_seconds": 5393.680101832375, "best_so_far": 0.015094926945873284}
{"epoch": 1654, "train_mean_squared_relative_error": 4.555837996358329e-05, "wall_seconds": 5396.980573102366, "best_so_far": 0.015094926945873284}
{"epoch": 1655, "train_mean_squared_relative_error": 4.5585574811131546e-05, "wall_seconds": 5400.312633670401, "best_so_far": 0.015094926945873284}
{"epoch": 1656, "train_mean_squared_relative_error": 4.614914524074325e-05, "wall_seconds": 5403.541039058007, "best_so_far": 0.015094926945873284}
{"epoch": 1657, "train_mean_squared_relative_error": 4.712026834762003e-05, "wall_seconds": 5406.848156273365, "best_so_far": 0.015094926945873284}
{"epoch": 1658, "train_mean_squared_relative_error": 4.6939720870260334e-05, "wall_seconds": 5410.134064698126, "best_so_far": 0.015094926945873284}
{"epoch": 1659, "train_mean_squared_relative_error": 4.6201537159412627e-05, "wall_seconds": 5413.397046507336, "best_so_far": 0.015094926945873284}
{"epoch": 1660, "train_mean_squared_relative_error": 4.53401481705593e-05, "wall_seconds": 5416.675002593081, "best_so_far": 0.015094926945873284}
{"epoch": 1661, "train_mean_squared_relative_error": 4.569122230181989e-05, "wall_seconds": 5419.964066206012, "best_so_far": 0.015094926945873284}
{"epoch": 1662, "train_mean_squared_relative_error": 4.625838595705313e-05, "wall_seconds": 5423.288803264964, "best_so_far": 0.015094926945873284}
{"epoch": 1663, "train_mean_squared_relative_error": 4.5651073011696475e-05, "wall_seconds": 5426.542140355334, "best_so_far": 0.015094926945873284}
{"epoch": 1664, "train_mean_squared_relative_error": 4.548696041539472e-05, "wall_seconds": 5429.980278748088, "best_so_far": 0.015094926945873284}
{"epoch": 1665, "train_mean_squared_relative_error": 4.5136161174211594e-05, "wall_seconds": 5433.21927951416, "best_so_far": 0.015094926945873284}
{"epoch": 1666, "train_mean_squared_relative_error": 4.5981471352934974e-05, "wall_seconds": 5436.458135601133, "best_so_far": 0.015094926945873284}
{"epoch": 1667, "train_mean_squared_relative_error": 4.666047529396192e-05, "wall_seconds": 5439.707097239327, "best_so_far": 0.015094926945873284}
{"epoch": 1668, "train_mean_squared_relative_error": 4.639169073660687e-05, "wall_seconds": 5442.976936530322, "best_so_far": 0.015094926945873284}
{"epoch": 1669, "train_mean_squared_relative_error": 4.5010124179400714e-05, "wall_seconds": 5446.261218265165, "best_so_far": 0.015094926945873284}
{"epoch": 1670, "train_mean_squared_relative_error": 4.48971958083946e-05, "wall_seconds": 5449.516301857308, "best_so_far": 0.015094926945873284}
{"epoch": 1671, "train_mean_squared_relative_error": 4.500942760082971e-05, "wall_seconds": 5452.746614979114, "best_so_far": 0.015094926945873284}
{"epoch": 1672, "train_mean_squared_relative_error": 4.4890606919130017e-05, "wall_seconds": 5456.081531232223, "best_so_far": 0.015094926945873284}
{"epoch": 1673, "train_mean_squared_relative_error": 4.506967139208283e-05, "wall_seconds": 5459.5240172073245, "best_so_far": 0.015094926945873284}
{"epoch": 1674, "train_mean_squared_relative_error": 4.460321098370513e-05, "wall_seconds": 5462.995681204367, "best_so_far": 0.015094926945873284}
{"epoch": 1675, "train_mean_squared_relative_error": 4.496453821269506e-05, "wall_seconds": 5466.274702469353, "best_so_far": 0.015094926945873284}
{"epoch": 1676, "train_mean_squared_relative_error": 4.4911577594126123e-05, "wall_seconds": 5469.614773594309, "best_so_far": 0.015094926945873284}
{"epoch": 1677, "train_mean_squared_relative_error": 4.4716250626438016e-05, "wall_seconds": 5472.902023888193, "best_so_far": 0.015094926945873284}
{"epoch": 1678, "train_mean_squared_relative_error": 4.533272931657121e-05, "wall_seconds": 5476.208677703049, "best_so_far": 0.015094926945873284}
{"epoch": 1679, "train_mean_squared_relative_error": 4.545203102634166e-05, "wall_seconds": 5479.478195230011, "best_so_far": 0.015094926945873284}
{"epoch": 1680, "train_mean_squared_relative_error": 4.581276917555546e-05, "wall_seconds": 5482.724949496333, "best_so_far": 0.015051657854424305}
{"epoch": 1681, "train_mean_squared_relative_error": 4.564979136395589e-05, "wall_seconds": 5486.577194244135, "best_so_far": 0.015051657854424305}
{"epoch": 1682, "train_mean_squared_relative_error": 4.472052958182175e-05, "wall_seconds": 5489.871386870276, "best_so_far": 0.015051657854424305}
{"epoch": 1683, "train_mean_squared_relative_error": 4.4432108733771564e-05, "wall_seconds": 5493.1680505992845, "best_so_far": 0.015051657854424305}
{"epoch": 1684, "train_mean_squared_relative_error": 4.532888165077808e-05, "wall_seconds": 5496.441831366159, "best_so_far": 0.015051657854424305}
{"epoch": 1685, "train_mean_squared_relative_error": 4.5305257980550755e-05, "wall_seconds": 5499.787783415988, "best_so_far": 0.015051657854424305}
{"epoch": 1686, "train_mean_squared_relative_error": 4.544793517347847e-05, "wall_seconds": 5503.103946383111, "best_so_far": 0.015051657854424305}
{"epoch": 1687, "train_mean_squared_relative_error": 4.60094461075483e-05, "wall_seconds": 5506.399605537299, "best_so_far": 0.015051657854424305}
{"epoch": 1688, "train_mean_squared_relative_error": 4.646290534888141e-05, "wall_seconds": 5509.697529521305, "best_so_far": 0.015051657854424305}
{"epoch": 1689, "train_mean_squared_relative_error": 4.5794630630697764e-05, "wall_seconds": 5512.97147742426, "best_so_far": 0.015051657854424305}
{"epoch": 1690, "train_mean_squared_relative_error": 4.4710980725611e-05, "wall_seconds": 5516.342830894981, "best_so_far": 0.015051657854424305}
{"epoch": 1691, "train_mean_squared_relative_error": 4.47912374801822e-05, "wall_seconds": 5519.623548705131, "best_so_far": 0.015051657854424305}
{"epoch": 1692, "train_mean_squared_relative_error": 4.481010513832472e-05, "wall_seconds": 5522.914318819065, "best_so_far": 0.015051657854424305}
{"epoch": 1693, "train_mean_squared_relative_error": 4.457508830728758e-05, "wall_seconds": 5526.205819410272, "best_so_far": 0.015051657854424305}
{"epoch": 1694, "train_mean_squared_relative_error": 4.426692535892486e-05, "wall_seconds": 5529.478408889379, "best_so_far": 0.015051657854424305}
{"epoch": 1695, "train_mean_squared_relative_error": 4.463484711497953e-05, "wall_seconds": 5532.767399663106, "best_so_far": 0.015051657854424305}
{"epoch": 1696, "train_mean_squared_relative_error": 4.47259001348989e-05, "wall_seconds": 5536.1054520290345, "best_so_far": 0.015051657854424305}
{"epoch": 1697, "train_mean_squared_relative_error": 4.5195123811959996e-05, "wall_seconds": 5539.475030811038, "best_so_far": 0.014988905678066256}
{"epoch": 1698, "train_mean_squared_relative_error": 4.489007944227838e-05, "wall_seconds": 5543.320877850056, "best_so_far": 0.014988905678066256}
{"epoch": 1699, "train_mean_squared_relative_error": 4.544103199723626e-05, "wall_seconds": 5546.641559861135, "best_so_far": 0.014988905678066256}
{"epoch": 1700, "train_mean_squared_relative_error": 4.623703987706737e-05, "wall_seconds": 5550.057169610169, "best_so_far": 0.014988905678066256}
{"epoch": 1701, "train_mean_squared_relative_error": 4.557420460514293e-05, "wall_seconds": 5553.402144251391, "best_so_far": 0.014988905678066256}
{"epoch": 1702, "train_mean_squared_relative_error": 4.509504168059973e-05, "wall_seconds": 5556.791340362281, "best_so_far": 0.014988905678066256}
{"epoch": 1703, "train_mean_squared_relative_error": 4.474242374189067e-05, "wall_seconds": 5560.191034667194, "best_so_far": 0.014988905678066256}
{"epoch": 1704, "train_mean_squared_relative_error": 4.468062518074399e-05, "wall_seconds": 5563.471468757372, "best_so_far": 0.014988905678066256}
{"epoch": 1705, "train_mean_squared_relative_error": 4.501607302615948e-05, "wall_seconds": 5566.802388815209, "best_so_far": 0.014988905678066256}
{"epoch": 1706, "train_mean_squared_relative_error": 4.5264744451314287e-05, "wall_seconds": 5570.099048632197, "best_so_far": 0.014988905678066256}
{"epoch": 1707, "train_mean_squared_relative_error": 4.6610003130377253e-05, "wall_seconds": 5573.372588117141, "best_so_far": 0.014988905678066256}
{"epoch": 1708, "train_mean_squared_relative_error": 4.5291860912720315e-05, "wall_seconds": 5576.68357944116, "best_so_far": 0.014988905678066256}
{"epoch": 1709, "train_mean_squared_relative_error": 4.462614500092892e-05, "wall_seconds": 5579.990291548427, "best_so_far": 0.014988905678066256}
{"epoch": 1710, "train_mean_squared_relative_error": 4.4254618218292246e-05, "wall_seconds": 5583.256314564031, "best_so_far": 0.014988905678066256}
{"epoch": 1711, "train_mean_squared_relative_error": 4.442412438301142e-05, "wall_seconds": 5586.533901621122, "best_so_far": 0.014988905678066256}
{"epoch": 1712, "train_mean_squared_relative_error": 4.4780122893712366e-05, "wall_seconds": 5589.889349969104, "best_so_far": 0.014988905678066256}
{"epoch": 1713, "train_mean_squared_relative_error": 4.526064805600665e-05, "wall_seconds": 5593.189729704987, "best_so_far": 0.014988905678066256}
{"epoch": 1714, "train_mean_squared_relative_error": 4.4081163068293515e-05, "wall_seconds": 5596.4777715303935, "best_so_far": 0.014988905678066256}
{"epoch": 1715, "train_mean_squared_relative_error": 4.361753010966375e-05, "wall_seconds": 5599.798714300152, "best_so_far": 0.014988905678066256}
{"epoch": 1716, "train_mean_squared_relative_error": 4.365885956213454e-05, "wall_seconds": 5603.079399941023, "best_so_far": 0.014988905678066256}
{"epoch": 1717, "train_mean_squared_relative_error": 4.391009013564999e-05, "wall_seconds": 5606.353699087165, "best_so_far": 0.014988905678066256}
{"epoch": 1718, "train_mean_squared_relative_error": 4.472543681132122e-05, "wall_seconds": 5609.6365588810295, "best_so_far": 0.014988905678066256}
{"epoch": 1719, "train_mean_squared_relative_error": 4.381585418625825e-05, "wall_seconds": 5612.944844473153, "best_so_far": 0.014988905678066256}
{"epoch": 1720, "train_mean_squared_relative_error": 4.399924301625522e-05, "wall_seconds": 5616.316253460012, "best_so_far": 0.014988905678066256}
{"epoch": 1721, "train_mean_squared_relative_error": 4.3969030741013066e-05, "wall_seconds": 5619.607007496059, "best_so_far": 0.014988905678066256}
{"epoch": 1722, "train_mean_squared_relative_error": 4.4760876531008934e-05, "wall_seconds": 5622.961052490398, "best_so_far": 0.014988905678066256}
{"epoch": 1723, "train_mean_squared_relative_error": 4.525217493175506e-05, "wall_seconds": 5626.241894219071, "best_so_far": 0.014988905678066256}
{"epoch": 1724, "train_mean_squared_relative_error": 4.4581112137719194e-05, "wall_seconds": 5629.589448788203, "best_so_far": 0.014988905678066256}
{"epoch": 1725, "train_mean_squared_relative_error": 4.4430324859828945e-05, "wall_seconds": 5632.916704674251, "best_so_far": 0.014988905678066256}
{"epoch": 1726, "train_mean_squared_relative_error": 4.46505561531256e-05, "wall_seconds": 5636.220371951349, "best_so_far": 0.014988905678066256}
{"epoch": 1727, "train_mean_squared_relative_error": 4.4203652474696495e-05, "wall_seconds": 5639.521966974251, "best_so_far": 0.014988905678066256}
{"epoch": 1728, "train_mean_squared_relative_error": 4.389117835092767e-05, "wall_seconds": 5642.837687685154, "best_so_far": 0.014988905678066256}
{"epoch": 1729, "train_mean_squared_relative_error": 4.402851953313787e-05, "wall_seconds": 5646.145641133189, "best_so_far": 0.014988905678066256}
{"epoch": 1730, "train_mean_squared_relative_error": 4.3991222874302645e-05, "wall_seconds": 5649.464311001357, "best_so_far": 0.014988905678066256}
{"epoch": 1731, "train_mean_squared_relative_error": 4.342195479727045e-05, "wall_seconds": 5652.78119942639, "best_so_far": 0.014988905678066256}
{"epoch": 1732, "train_mean_squared_relative_error": 4.358517706567737e-05, "wall_seconds": 5656.0718551222235, "best_so_far": 0.014988905678066256}
{"epoch": 1733, "train_mean_squared_relative_error": 4.3776802447748476e-05, "wall_seconds": 5659.36568449717, "best_so_far": 0.014988905678066256}
{"epoch": 1734, "train_mean_squared_relative_error": 4.474427877098022e-05, "wall_seconds": 5662.676698696334, "best_so_far": 0.014988905678066256}
{"epoch": 1735, "train_mean_squared_relative_error": 4.525081711343094e-05, "wall_seconds": 5665.997097542975, "best_so_far": 0.014988905678066256}
{"epoch": 1736, "train_mean_squared_relative_error": 4.4162309261058983e-05, "wall_seconds": 5669.352441692259, "best_so_far": 0.014988905678066256}
{"epoch": 1737, "train_mean_squared_relative_error": 4.4227456401714675e-05, "wall_seconds": 5672.7007254790515, "best_so_far": 0.014988905678066256}
{"epoch": 1738, "train_mean_squared_relative_error": 4.392610870557734e-05, "wall_seconds": 5676.042184806429, "best_so_far": 0.014988905678066256}
{"epoch": 1739, "train_mean_squared_relative_error": 4.440807518751151e-05, "wall_seconds": 5679.351491688285, "best_so_far": 0.014988905678066256}
{"epoch": 1740, "train_mean_squared_relative_error": 4.45278685506843e-05, "wall_seconds": 5682.717494230252, "best_so_far": 0.014988905678066256}
{"epoch": 1741, "train_mean_squared_relative_error": 4.3899052078079406e-05, "wall_seconds": 5686.158956868108, "best_so_far": 0.014988905678066256}
{"epoch": 1742, "train_mean_squared_relative_error": 4.381617063459875e-05, "wall_seconds": 5689.577455768362, "best_so_far": 0.014988905678066256}
{"epoch": 1743, "train_mean_squared_relative_error": 4.374801389139653e-05, "wall_seconds": 5692.947887993418, "best_so_far": 0.014988905678066256}
{"epoch": 1744, "train_mean_squared_relative_error": 4.395010409587634e-05, "wall_seconds": 5696.5405402584, "best_so_far": 0.014988905678066256}
{"epoch": 1745, "train_mean_squared_relative_error": 4.391598277601595e-05, "wall_seconds": 5699.960441996343, "best_so_far": 0.014988905678066256}
{"epoch": 1746, "train_mean_squared_relative_error": 4.4762933017417174e-05, "wall_seconds": 5703.48245978402, "best_so_far": 0.014988905678066256}
{"epoch": 1747, "train_mean_squared_relative_error": 4.412271555081483e-05, "wall_seconds": 5706.878697466105, "best_so_far": 0.014988905678066256}
{"epoch": 1748, "train_mean_squared_relative_error": 4.37927343375017e-05, "wall_seconds": 5710.329199152067, "best_so_far": 0.014974587599187562}
{"epoch": 1749, "train_mean_squared_relative_error": 4.341594017513912e-05, "wall_seconds": 5714.232009164989, "best_so_far": 0.014974587599187562}
{"epoch": 1750, "train_mean_squared_relative_error": 4.344554001318655e-05, "wall_seconds": 5717.531229368411, "best_so_far": 0.014974587599187562}
{"epoch": 1751, "train_mean_squared_relative_error": 4.342061486734626e-05, "wall_seconds": 5720.815886810422, "best_so_far": 0.014974587599187562}
{"epoch": 1752, "train_mean_squared_relative_error": 4.379081410293018e-05, "wall_seconds": 5724.142540430184, "best_so_far": 0.014974587599187562}
{"epoch": 1753, "train_mean_squared_relative_error": 4.297352798828494e-05, "wall_seconds": 5727.466863882262, "best_so_far": 0.014974587599187562}
{"epoch": 1754, "train_mean_squared_relative_error": 4.351719218828034e-05, "wall_seconds": 5730.949174212292, "best_so_far": 0.014974587599187562}
{"epoch": 1755, "train_mean_squared_relative_error": 4.3508001267624044e-05, "wall_seconds": 5734.304638368078, "best_so_far": 0.014974587599187562}
{"epoch": 1756, "train_mean_squared_relative_error": 4.379904394319989e-05, "wall_seconds": 5737.823347861413, "best_so_far": 0.014974587599187562}
{"epoch": 1757, "train_mean_squared_relative_error": 4.412487027297895e-05, "wall_seconds": 5741.158890224062, "best_so_far": 0.014974587599187562}
{"epoch": 1758, "train_mean_squared_relative_error": 4.446354678910937e-05, "wall_seconds": 5744.457692997996, "best_so_far": 0.014974587599187562}
{"epoch": 1759, "train_mean_squared_relative_error": 4.431742816689781e-05, "wall_seconds": 5747.883344968315, "best_so_far": 0.014974587599187562}
{"epoch": 1760, "train_mean_squared_relative_error": 4.4495884392884765e-05, "wall_seconds": 5751.434709790163, "best_so_far": 0.014974587599187562}
{"epoch": 1761, "train_mean_squared_relative_error": 4.3891079319199636e-05, "wall_seconds": 5754.7131889690645, "best_so_far": 0.014934482910218195}
{"epoch": 1762, "train_mean_squared_relative_error": 4.3349091214372984e-05, "wall_seconds": 5758.544096938334, "best_so_far": 0.014934482910218195}
{"epoch": 1763, "train_mean_squared_relative_error": 4.30823032775402e-05, "wall_seconds": 5762.038592879195, "best_so_far": 0.014934482910218195}
{"epoch": 1764, "train_mean_squared_relative_error": 4.2989969479067146e-05, "wall_seconds": 5765.399983062409, "best_so_far": 0.014934482910218195}
{"epoch": 1765, "train_mean_squared_relative_error": 4.317199129358682e-05, "wall_seconds": 5768.754082556348, "best_so_far": 0.014934482910218195}
{"epoch": 1766, "train_mean_squared_relative_error": 4.285500227267975e-05, "wall_seconds": 5772.039510469418, "best_so_far": 0.014934482910218195}
{"epoch": 1767, "train_mean_squared_relative_error": 4.328623990202046e-05, "wall_seconds": 5775.313334872015, "best_so_far": 0.014934482910218195}
{"epoch": 1768, "train_mean_squared_relative_error": 4.3581110491572226e-05, "wall_seconds": 5778.58346285997, "best_so_far": 0.014934482910218195}
{"epoch": 1769, "train_mean_squared_relative_error": 4.397363018487766e-05, "wall_seconds": 5781.860413076356, "best_so_far": 0.014934482910218195}
{"epoch": 1770, "train_mean_squared_relative_error": 4.307952937553204e-05, "wall_seconds": 5785.158307098318, "best_so_far": 0.014934482910218195}
{"epoch": 1771, "train_mean_squared_relative_error": 4.2692552349358394e-05, "wall_seconds": 5788.44238377735, "best_so_far": 0.014934482910218195}
{"epoch": 1772, "train_mean_squared_relative_error": 4.292171551689346e-05, "wall_seconds": 5791.739552161191, "best_so_far": 0.014934482910218195}
{"epoch": 1773, "train_mean_squared_relative_error": 4.407469321587185e-05, "wall_seconds": 5795.0127020902, "best_so_far": 0.014934482910218195}
{"epoch": 1774, "train_mean_squared_relative_error": 4.4250268403269606e-05, "wall_seconds": 5798.3292470374145, "best_so_far": 0.014934482910218195}
{"epoch": 1775, "train_mean_squared_relative_error": 4.472097077168235e-05, "wall_seconds": 5801.612664447166, "best_so_far": 0.014934482910218195}
{"epoch": 1776, "train_mean_squared_relative_error": 4.4115840831254856e-05, "wall_seconds": 5804.888993042987, "best_so_far": 0.014934482910218195}
{"epoch": 1777, "train_mean_squared_relative_error": 4.436642402287732e-05, "wall_seconds": 5808.192816624418, "best_so_far": 0.014934482910218195}
{"epoch": 1778, "train_mean_squared_relative_error": 4.307490539372269e-05, "wall_seconds": 5811.586571629159, "best_so_far": 0.014934482910218195}
{"epoch": 1779, "train_mean_squared_relative_error": 4.297757424782557e-05, "wall_seconds": 5814.978228930384, "best_so_far": 0.014934482910218195}
{"epoch": 1780, "train_mean_squared_relative_error": 4.354478425811073e-05, "wall_seconds": 5818.456821311265, "best_so_far": 0.014934482910218195}
{"epoch": 1781, "train_mean_squared_relative_error": 4.286774739557643e-05, "wall_seconds": 5821.853079459164, "best_so_far": 0.014934482910218195}
{"epoch": 1782, "train_mean_squared_relative_error": 4.320053767625563e-05, "wall_seconds": 5825.218881354202, "best_so_far": 0.014934482910218195}
{"epoch": 1783, "train_mean_squared_relative_error": 4.389087562769347e-05, "wall_seconds": 5828.4995209663175, "best_so_far": 0.014934482910218195}
{"epoch": 1784, "train_mean_squared_relative_error": 4.321323658084553e-05, "wall_seconds": 5831.779337733984, "best_so_far": 0.014867855742353551}
{"epoch": 1785, "train_mean_squared_relative_error": 4.344168867875515e-05, "wall_seconds": 5835.591929049231, "best_so_far": 0.014867855742353551}
{"epoch": 1786, "train_mean_squared_relative_error": 4.3113197092194716e-05, "wall_seconds": 5839.012149380986, "best_so_far": 0.014867855742353551}
{"epoch": 1787, "train_mean_squared_relative_error": 4.260045430513477e-05, "wall_seconds": 5842.3119331332855, "best_so_far": 0.014867855742353551}
{"epoch": 1788, "train_mean_squared_relative_error": 4.2885059508194386e-05, "wall_seconds": 5845.622828705236, "best_so_far": 0.014867855742353551}
{"epoch": 1789, "train_mean_squared_relative_error": 4.28477167944835e-05, "wall_seconds": 5848.9098747870885, "best_so_far": 0.014867855742353551}
{"epoch": 1790, "train_mean_squared_relative_error": 4.293763335926373e-05, "wall_seconds": 5852.23566150805, "best_so_far": 0.014867855742353551}
{"epoch": 1791, "train_mean_squared_relative_error": 4.348862604309459e-05, "wall_seconds": 5855.565424031112, "best_so_far": 0.014867855742353551}
{"epoch": 1792, "train_mean_squared_relative_error": 4.2850266864207366e-05, "wall_seconds": 5858.843325982336, "best_so_far": 0.014867855742353551}
{"epoch": 1793, "train_mean_squared_relative_error": 4.271498862279635e-05, "wall_seconds": 5862.1450157952495, "best_so_far": 0.014867855742353551}
{"epoch": 1794, "train_mean_squared_relative_error": 4.374729224241803e-05, "wall_seconds": 5865.487522169016, "best_so_far": 0.014867855742353551}
{"epoch": 1795, "train_mean_squared_relative_error": 4.3533950148786064e-05, "wall_seconds": 5868.788022504188, "best_so_far": 0.014867855742353551}
{"epoch": 1796, "train_mean_squared_relative_error": 4.231773004644317e-05, "wall_seconds": 5872.120105161332, "best_so_far": 0.014867855742353551}
{"epoch": 1797, "train_mean_squared_relative_error": 4.228974350340386e-05, "wall_seconds": 5875.441976217087, "best_so_far": 0.014867855742353551}
{"epoch": 1798, "train_mean_squared_relative_error": 4.3331510413501255e-05, "wall_seconds": 5878.803298097104, "best_so_far": 0.014867855742353551}
{"epoch": 1799, "train_mean_squared_relative_error": 4.2598172542856584e-05, "wall_seconds": 5882.101676742081, "best_so_far": 0.014867855742353551}
{"epoch": 1800, "train_mean_squared_relative_error": 4.340319256909655e-05, "wall_seconds": 5885.429516130127, "best_so_far": 0.014867855742353551}
{"epoch": 1801, "train_mean_squared_relative_error": 4.366652513896672e-05, "wall_seconds": 5888.750604818109, "best_so_far": 0.014867855742353551}
{"epoch": 1802, "train_mean_squared_relative_error": 4.251978966429195e-05, "wall_seconds": 5892.091547313146, "best_so_far": 0.014867855742353551}
{"epoch": 1803, "train_mean_squared_relative_error": 4.2286743060056635e-05, "wall_seconds": 5895.486454633065, "best_so_far": 0.01481282240927079}
{"epoch": 1804, "train_mean_squared_relative_error": 4.231937067189431e-05, "wall_seconds": 5899.337549002375, "best_so_far": 0.01481282240927079}
{"epoch": 1805, "train_mean_squared_relative_error": 4.231187179781812e-05, "wall_seconds": 5902.708894610405, "best_so_far": 0.01481282240927079}
{"epoch": 1806, "train_mean_squared_relative_error": 4.278810108691128e-05, "wall_seconds": 5906.012975315098, "best_so_far": 0.01481282240927079}
{"epoch": 1807, "train_mean_squared_relative_error": 4.41023563522622e-05, "wall_seconds": 5909.347575586289, "best_so_far": 0.01481282240927079}
{"epoch": 1808, "train_mean_squared_relative_error": 4.345912260924645e-05, "wall_seconds": 5912.661684558261, "best_so_far": 0.01481282240927079}
{"epoch": 1809, "train_mean_squared_relative_error": 4.335694240829275e-05, "wall_seconds": 5916.038147393148, "best_so_far": 0.01481282240927079}
{"epoch": 1810, "train_mean_squared_relative_error": 4.28518731977954e-05, "wall_seconds": 5919.4629629193805, "best_so_far": 0.01481282240927079}
{"epoch": 1811, "train_mean_squared_relative_error": 4.216740526672736e-05, "wall_seconds": 5922.783883504104, "best_so_far": 0.01481282240927079}
{"epoch": 1812, "train_mean_squared_relative_error": 4.250247105313608e-05, "wall_seconds": 5926.144983616192, "best_so_far": 0.01481282240927079}
{"epoch": 1813, "train_mean_squared_relative_error": 4.4453706518368654e-05, "wall_seconds": 5929.494302264415, "best_so_far": 0.01481282240927079}
{"epoch": 1814, "train_mean_squared_relative_error": 4.461714407195788e-05, "wall_seconds": 5932.789998884313, "best_so_far": 0.01481282240927079}
{"epoch": 1815, "train_mean_squared_relative_error": 4.3290343973594786e-05, "wall_seconds": 5936.158502308186, "best_so_far": 0.01481282240927079}
{"epoch": 1816, "train_mean_squared_relative_error": 4.3456716125273934e-05, "wall_seconds": 5939.447506168392, "best_so_far": 0.01481282240927079}
{"epoch": 1817, "train_mean_squared_relative_error": 4.291647866856676e-05, "wall_seconds": 5942.749871219974, "best_so_far": 0.01481282240927079}
{"epoch": 1818, "train_mean_squared_relative_error": 4.305084123120547e-05, "wall_seconds": 5946.066365974024, "best_so_far": 0.01481282240927079}
{"epoch": 1819, "train_mean_squared_relative_error": 4.273909136939161e-05, "wall_seconds": 5949.40587271424, "best_so_far": 0.01481282240927079}
{"epoch": 1820, "train_mean_squared_relative_error": 4.243960068634217e-05, "wall_seconds": 5952.739608852193, "best_so_far": 0.01481282240927079}
{"epoch": 1821, "train_mean_squared_relative_error": 4.2798889898021537e-05, "wall_seconds": 5956.047715868335, "best_so_far": 0.01481282240927079}
{"epoch": 1822, "train_mean_squared_relative_error": 4.214511330023532e-05, "wall_seconds": 5959.329638504423, "best_so_far": 0.01481282240927079}
{"epoch": 1823, "train_mean_squared_relative_error": 4.1728891691500203e-05, "wall_seconds": 5962.617611225229, "best_so_far": 0.01481282240927079}
{"epoch": 1824, "train_mean_squared_relative_error": 4.2094443938253035e-05, "wall_seconds": 5965.909938319121, "best_so_far": 0.01481282240927079}
{"epoch": 1825, "train_mean_squared_relative_error": 4.293904676806687e-05, "wall_seconds": 5969.298131505027, "best_so_far": 0.01481282240927079}
{"epoch": 1826, "train_mean_squared_relative_error": 4.23295192901944e-05, "wall_seconds": 5972.71185146505, "best_so_far": 0.01481282240927079}
{"epoch": 1827, "train_mean_squared_relative_error": 4.216643186954036e-05, "wall_seconds": 5976.183031324297, "best_so_far": 0.01481282240927079}
{"epoch": 1828, "train_mean_squared_relative_error": 4.212223707781519e-05, "wall_seconds": 5979.542470296379, "best_so_far": 0.01481282240927079}
{"epoch": 1829, "train_mean_squared_relative_error": 4.182948134447711e-05, "wall_seconds": 5982.861222714186, "best_so_far": 0.014756253662063332}
{"epoch": 1830, "train_mean_squared_relative_error": 4.164960388649599e-05, "wall_seconds": 5986.865807069, "best_so_far": 0.014756253662063332}
{"epoch": 1831, "train_mean_squared_relative_error": 4.186004645234522e-05, "wall_seconds": 5990.208033038303, "best_so_far": 0.014756253662063332}
{"epoch": 1832, "train_mean_squared_relative_error": 4.17291071102842e-05, "wall_seconds": 5993.5590419112705, "best_so_far": 0.014756253662063332}
{"epoch": 1833, "train_mean_squared_relative_error": 4.2066448074854964e-05, "wall_seconds": 5996.894921974279, "best_so_far": 0.014756253662063332}
{"epoch": 1834, "train_mean_squared_relative_error": 4.29574811712647e-05, "wall_seconds": 6000.267781247385, "best_so_far": 0.014756253662063332}
{"epoch": 1835, "train_mean_squared_relative_error": 4.2932614492609176e-05, "wall_seconds": 6003.598217338324, "best_so_far": 0.014756253662063332}
{"epoch": 1836, "train_mean_squared_relative_error": 4.209217194972214e-05, "wall_seconds": 6006.957200210076, "best_so_far": 0.014756253662063332}
{"epoch": 1837, "train_mean_squared_relative_error": 4.218348380214519e-05, "wall_seconds": 6010.269337533042, "best_so_far": 0.014756253662063332}
{"epoch": 1838, "train_mean_squared_relative_error": 4.262546138720579e-05, "wall_seconds": 6013.568720755167, "best_so_far": 0.014756253662063332}
{"epoch": 1839, "train_mean_squared_relative_error": 4.184292819051937e-05, "wall_seconds": 6016.9445266569965, "best_so_far": 0.014756253662063332}
{"epoch": 1840, "train_mean_squared_relative_error": 4.143465298242033e-05, "wall_seconds": 6020.2569758663885, "best_so_far": 0.014756253662063332}
{"epoch": 1841, "train_mean_squared_relative_error": 4.206195997777718e-05, "wall_seconds": 6023.58217884833, "best_so_far": 0.014756253662063332}
{"epoch": 1842, "train_mean_squared_relative_error": 4.208934265898539e-05, "wall_seconds": 6026.959027911071, "best_so_far": 0.014756253662063332}
{"epoch": 1843, "train_mean_squared_relative_error": 4.193048146639972e-05, "wall_seconds": 6030.257453497034, "best_so_far": 0.014756253662063332}
{"epoch": 1844, "train_mean_squared_relative_error": 4.2343110178663316e-05, "wall_seconds": 6033.49244237924, "best_so_far": 0.014756253662063332}
{"epoch": 1845, "train_mean_squared_relative_error": 4.199290859034682e-05, "wall_seconds": 6036.833049285226, "best_so_far": 0.014756253662063332}
{"epoch": 1846, "train_mean_squared_relative_error": 4.20970652934055e-05, "wall_seconds": 6040.187122713309, "best_so_far": 0.014756253662063332}
{"epoch": 1847, "train_mean_squared_relative_error": 4.2419568767010304e-05, "wall_seconds": 6043.480579689145, "best_so_far": 0.014756253662063332}
{"epoch": 1848, "train_mean_squared_relative_error": 4.161689067869937e-05, "wall_seconds": 6046.878046463244, "best_so_far": 0.014756253662063332}
{"epoch": 1849, "train_mean_squared_relative_error": 4.122107908551941e-05, "wall_seconds": 6050.244348064996, "best_so_far": 0.014756253662063332}
{"epoch": 1850, "train_mean_squared_relative_error": 4.1567099576364024e-05, "wall_seconds": 6053.527655818034, "best_so_far": 0.014756253662063332}
{"epoch": 1851, "train_mean_squared_relative_error": 4.137049818521459e-05, "wall_seconds": 6056.8140216441825, "best_so_far": 0.014756253662063332}
{"epoch": 1852, "train_mean_squared_relative_error": 4.180674926431859e-05, "wall_seconds": 6060.088771141134, "best_so_far": 0.014756253662063332}
{"epoch": 1853, "train_mean_squared_relative_error": 4.1582687701260476e-05, "wall_seconds": 6063.402740548365, "best_so_far": 0.014756253662063332}
{"epoch": 1854, "train_mean_squared_relative_error": 4.227106495568857e-05, "wall_seconds": 6066.774703216273, "best_so_far": 0.014756253662063332}
{"epoch": 1855, "train_mean_squared_relative_error": 4.1910724067777554e-05, "wall_seconds": 6070.07395110419, "best_so_far": 0.014756253662063332}
{"epoch": 1856, "train_mean_squared_relative_error": 4.186871612915208e-05, "wall_seconds": 6073.373954962008, "best_so_far": 0.014756253662063332}
{"epoch": 1857, "train_mean_squared_relative_error": 4.13359732361953e-05, "wall_seconds": 6076.682659578975, "best_so_far": 0.014756253662063332}
{"epoch": 1858, "train_mean_squared_relative_error": 4.1599044496957374e-05, "wall_seconds": 6079.966249276418, "best_so_far": 0.014756253662063332}
{"epoch": 1859, "train_mean_squared_relative_error": 4.192516932798689e-05, "wall_seconds": 6083.238846953027, "best_so_far": 0.014756253662063332}
{"epoch": 1860, "train_mean_squared_relative_error": 4.253418075647993e-05, "wall_seconds": 6086.513585423119, "best_so_far": 0.014756253662063332}
{"epoch": 1861, "train_mean_squared_relative_error": 4.0993061416760985e-05, "wall_seconds": 6090.131200171076, "best_so_far": 0.014756253662063332}
{"epoch": 1862, "train_mean_squared_relative_error": 4.140253557369599e-05, "wall_seconds": 6093.466825108975, "best_so_far": 0.014756253662063332}
{"epoch": 1863, "train_mean_squared_relative_error": 4.12479197800709e-05, "wall_seconds": 6096.870930249337, "best_so_far": 0.014756253662063332}
{"epoch": 1864, "train_mean_squared_relative_error": 4.121683976315658e-05, "wall_seconds": 6100.31952500809, "best_so_far": 0.014756253662063332}
{"epoch": 1865, "train_mean_squared_relative_error": 4.177322151242431e-05, "wall_seconds": 6103.852743034251, "best_so_far": 0.014756253662063332}
{"epoch": 1866, "train_mean_squared_relative_error": 4.261939639020237e-05, "wall_seconds": 6107.189956769347, "best_so_far": 0.014756253662063332}
{"epoch": 1867, "train_mean_squared_relative_error": 4.142109130307304e-05, "wall_seconds": 6110.544904453214, "best_so_far": 0.014756253662063332}
{"epoch": 1868, "train_mean_squared_relative_error": 4.1070790335934343e-05, "wall_seconds": 6113.85791494837, "best_so_far": 0.014756253662063332}
{"epoch": 1869, "train_mean_squared_relative_error": 4.1383083121521534e-05, "wall_seconds": 6117.1692856401205, "best_so_far": 0.014756253662063332}
{"epoch": 1870, "train_mean_squared_relative_error": 4.094378788800055e-05, "wall_seconds": 6120.438578579109, "best_so_far": 0.014756253662063332}
{"epoch": 1871, "train_mean_squared_relative_error": 4.0921929807576626e-05, "wall_seconds": 6123.704585278407, "best_so_far": 0.014756253662063332}
{"epoch": 1872, "train_mean_squared_relative_error": 4.0925791680724725e-05, "wall_seconds": 6126.952710052021, "best_so_far": 0.014756253662063332}
{"epoch": 1873, "train_mean_squared_relative_error": 4.174326825356454e-05, "wall_seconds": 6130.225972650107, "best_so_far": 0.014756253662063332}
{"epoch": 1874, "train_mean_squared_relative_error": 4.163548324548443e-05, "wall_seconds": 6133.530104256235, "best_so_far": 0.014756253662063332}
{"epoch": 1875, "train_mean_squared_relative_error": 4.1825105516637474e-05, "wall_seconds": 6136.859451917, "best_so_far": 0.014756253662063332}
{"epoch": 1876, "train_mean_squared_relative_error": 4.16241858560198e-05, "wall_seconds": 6140.204878317192, "best_so_far": 0.014756253662063332}
{"epoch": 1877, "train_mean_squared_relative_error": 4.066086428493106e-05, "wall_seconds": 6143.612837762106, "best_so_far": 0.014756253662063332}
{"epoch": 1878, "train_mean_squared_relative_error": 4.080119697817324e-05, "wall_seconds": 6147.192953430116, "best_so_far": 0.014756253662063332}
{"epoch": 1879, "train_mean_squared_relative_error": 4.1805023818726434e-05, "wall_seconds": 6150.5232017971575, "best_so_far": 0.014756253662063332}
{"epoch": 1880, "train_mean_squared_relative_error": 4.1543204838738174e-05, "wall_seconds": 6153.996562014334, "best_so_far": 0.014756253662063332}
{"epoch": 1881, "train_mean_squared_relative_error": 4.1032663998498264e-05, "wall_seconds": 6157.454231684096, "best_so_far": 0.014756253662063332}
{"epoch": 1882, "train_mean_squared_relative_error": 4.151985990199951e-05, "wall_seconds": 6160.967109814286, "best_so_far": 0.014756253662063332}
{"epoch": 1883, "train_mean_squared_relative_error": 4.089595894705753e-05, "wall_seconds": 6164.435406836215, "best_so_far": 0.014756253662063332}
{"epoch": 1884, "train_mean_squared_relative_error": 4.2330642132538836e-05, "wall_seconds": 6167.8827393930405, "best_so_far": 0.014756253662063332}
{"epoch": 1885, "train_mean_squared_relative_error": 4.202655368834625e-05, "wall_seconds": 6171.35105375899, "best_so_far": 0.014756253662063332}
{"epoch": 1886, "train_mean_squared_relative_error": 4.1877686346136025e-05, "wall_seconds": 6174.845971910283, "best_so_far": 0.014756253662063332}
{"epoch": 1887, "train_mean_squared_relative_error": 4.238449845352534e-05, "wall_seconds": 6178.331256492995, "best_so_far": 0.014756253662063332}
{"epoch": 1888, "train_mean_squared_relative_error": 4.1097856519057946e-05, "wall_seconds": 6181.841134087183, "best_so_far": 0.014756253662063332}
{"epoch": 1889, "train_mean_squared_relative_error": 4.143780869587601e-05, "wall_seconds": 6185.171406110283, "best_so_far": 0.014756253662063332}
{"epoch": 1890, "train_mean_squared_relative_error": 4.16131084894847e-05, "wall_seconds": 6188.656645877287, "best_so_far": 0.014689344621441888}
{"epoch": 1891, "train_mean_squared_relative_error": 4.193974279277616e-05, "wall_seconds": 6192.694355981424, "best_so_far": 0.014689344621441888}
{"epoch": 1892, "train_mean_squared_relative_error": 4.321494391573594e-05, "wall_seconds": 6196.039041849319, "best_so_far": 0.014689344621441888}
{"epoch": 1893, "train_mean_squared_relative_error": 4.272862239002439e-05, "wall_seconds": 6199.38064978132, "best_so_far": 0.014689344621441888}
{"epoch": 1894, "train_mean_squared_relative_error": 4.260804574414771e-05, "wall_seconds": 6202.748224677984, "best_so_far": 0.014689344621441888}
{"epoch": 1895, "train_mean_squared_relative_error": 4.1862994893757716e-05, "wall_seconds": 6206.095674640965, "best_so_far": 0.014689344621441888}
{"epoch": 1896, "train_mean_squared_relative_error": 4.156406633835002e-05, "wall_seconds": 6209.441876664292, "best_so_far": 0.014689344621441888}
{"epoch": 1897, "train_mean_squared_relative_error": 4.025774648525051e-05, "wall_seconds": 6212.735393271316, "best_so_far": 0.014689344621441888}
{"epoch": 1898, "train_mean_squared_relative_error": 3.999156038784172e-05, "wall_seconds": 6216.298592286184, "best_so_far": 0.014689344621441888}
{"epoch": 1899, "train_mean_squared_relative_error": 4.000881324379838e-05, "wall_seconds": 6219.618426089175, "best_so_far": 0.014689344621441888}
{"epoch": 1900, "train_mean_squared_relative_error": 4.0626343151873026e-05, "wall_seconds": 6223.051479594316, "best_so_far": 0.014689344621441888}
{"epoch": 1901, "train_mean_squared_relative_error": 4.078161493310102e-05, "wall_seconds": 6226.513842693996, "best_so_far": 0.014689344621441888}
{"epoch": 1902, "train_mean_squared_relative_error": 4.0943018025848254e-05, "wall_seconds": 6229.969471051358, "best_so_far": 0.014689344621441888}
{"epoch": 1903, "train_mean_squared_relative_error": 4.0529085012527546e-05, "wall_seconds": 6233.378661255352, "best_so_far": 0.014689344621441888}
{"epoch": 1904, "train_mean_squared_relative_error": 4.1095066209003895e-05, "wall_seconds": 6236.836791528389, "best_so_far": 0.014689344621441888}
{"epoch": 1905, "train_mean_squared_relative_error": 4.0542231128577736e-05, "wall_seconds": 6240.349089172203, "best_so_far": 0.014689344621441888}
{"epoch": 1906, "train_mean_squared_relative_error": 4.0501150857590137e-05, "wall_seconds": 6243.795463662129, "best_so_far": 0.014689344621441888}
{"epoch": 1907, "train_mean_squared_relative_error": 4.024977217811798e-05, "wall_seconds": 6247.256923796143, "best_so_far": 0.014689344621441888}
{"epoch": 1908, "train_mean_squared_relative_error": 4.0468052463293366e-05, "wall_seconds": 6250.690077973995, "best_so_far": 0.014689344621441888}
{"epoch": 1909, "train_mean_squared_relative_error": 4.0631403840664974e-05, "wall_seconds": 6254.145162104163, "best_so_far": 0.014689344621441888}
{"epoch": 1910, "train_mean_squared_relative_error": 4.045695900479288e-05, "wall_seconds": 6257.616790363099, "best_so_far": 0.014689344621441888}
{"epoch": 1911, "train_mean_squared_relative_error": 4.1272514713757714e-05, "wall_seconds": 6261.149375212379, "best_so_far": 0.014689344621441888}
{"epoch": 1912, "train_mean_squared_relative_error": 4.0358414667036116e-05, "wall_seconds": 6264.574765241239, "best_so_far": 0.014689344621441888}
{"epoch": 1913, "train_mean_squared_relative_error": 4.170059368122006e-05, "wall_seconds": 6268.060577088967, "best_so_far": 0.014689344621441888}
{"epoch": 1914, "train_mean_squared_relative_error": 4.11364006778506e-05, "wall_seconds": 6271.521674516145, "best_so_far": 0.014689344621441888}
{"epoch": 1915, "train_mean_squared_relative_error": 4.076366920437983e-05, "wall_seconds": 6275.031203068327, "best_so_far": 0.014689344621441888}
{"epoch": 1916, "train_mean_squared_relative_error": 4.0799435104262204e-05, "wall_seconds": 6278.429705595132, "best_so_far": 0.014689344621441888}
{"epoch": 1917, "train_mean_squared_relative_error": 4.00043934059658e-05, "wall_seconds": 6281.923457496334, "best_so_far": 0.014689344621441888}
{"epoch": 1918, "train_mean_squared_relative_error": 4.0264992475389476e-05, "wall_seconds": 6285.393477482256, "best_so_far": 0.014689344621441888}
{"epoch": 1919, "train_mean_squared_relative_error": 4.0553718314405024e-05, "wall_seconds": 6288.857307503, "best_so_far": 0.014689344621441888}
{"epoch": 1920, "train_mean_squared_relative_error": 4.175105198109514e-05, "wall_seconds": 6292.194749313407, "best_so_far": 0.014689344621441888}
{"epoch": 1921, "train_mean_squared_relative_error": 4.250060475294718e-05, "wall_seconds": 6295.547696072143, "best_so_far": 0.014689344621441888}
{"epoch": 1922, "train_mean_squared_relative_error": 4.176663697080413e-05, "wall_seconds": 6298.895107793156, "best_so_far": 0.014689344621441888}
{"epoch": 1923, "train_mean_squared_relative_error": 4.101096147034198e-05, "wall_seconds": 6302.229019995313, "best_so_far": 0.014689344621441888}
{"epoch": 1924, "train_mean_squared_relative_error": 4.219901601234976e-05, "wall_seconds": 6305.580685861409, "best_so_far": 0.014689344621441888}
{"epoch": 1925, "train_mean_squared_relative_error": 4.174414963427154e-05, "wall_seconds": 6308.9809508961625, "best_so_far": 0.014689344621441888}
{"epoch": 1926, "train_mean_squared_relative_error": 4.024402484548977e-05, "wall_seconds": 6312.3171402812, "best_so_far": 0.014689344621441888}
{"epoch": 1927, "train_mean_squared_relative_error": 4.020836462851883e-05, "wall_seconds": 6315.6103989263065, "best_so_far": 0.014689344621441888}
{"epoch": 1928, "train_mean_squared_relative_error": 4.018375309912847e-05, "wall_seconds": 6319.009736186359, "best_so_far": 0.014689344621441888}
{"epoch": 1929, "train_mean_squared_relative_error": 4.015628130230655e-05, "wall_seconds": 6322.360335118137, "best_so_far": 0.014689344621441888}
{"epoch": 1930, "train_mean_squared_relative_error": 3.974578172457272e-05, "wall_seconds": 6325.674103840254, "best_so_far": 0.014653140533140315}
{"epoch": 1931, "train_mean_squared_relative_error": 3.965761044864055e-05, "wall_seconds": 6329.481896840967, "best_so_far": 0.014653140533140315}
{"epoch": 1932, "train_mean_squared_relative_error": 4.040681452288505e-05, "wall_seconds": 6332.831428815145, "best_so_far": 0.014653140533140315}
{"epoch": 1933, "train_mean_squared_relative_error": 4.0145371456507734e-05, "wall_seconds": 6336.164174990263, "best_so_far": 0.014653140533140315}
{"epoch": 1934, "train_mean_squared_relative_error": 4.027883294179205e-05, "wall_seconds": 6339.5184169211425, "best_so_far": 0.014653140533140315}
{"epoch": 1935, "train_mean_squared_relative_error": 4.0294310025312474e-05, "wall_seconds": 6342.880591300316, "best_so_far": 0.014600798076651218}
{"epoch": 1936, "train_mean_squared_relative_error": 4.1067476145393795e-05, "wall_seconds": 6346.686760795303, "best_so_far": 0.014600798076651218}
{"epoch": 1937, "train_mean_squared_relative_error": 4.056399988180538e-05, "wall_seconds": 6350.002064980101, "best_so_far": 0.014600798076651218}
{"epoch": 1938, "train_mean_squared_relative_error": 4.071601131530458e-05, "wall_seconds": 6353.363592775073, "best_so_far": 0.014600798076651218}
{"epoch": 1939, "train_mean_squared_relative_error": 4.125627636020579e-05, "wall_seconds": 6356.687583550345, "best_so_far": 0.014600798076651218}
{"epoch": 1940, "train_mean_squared_relative_error": 4.1034660351451906e-05, "wall_seconds": 6360.127732226159, "best_so_far": 0.014600798076651218}
{"epoch": 1941, "train_mean_squared_relative_error": 4.072093666680742e-05, "wall_seconds": 6363.457974116318, "best_so_far": 0.014600798076651218}
{"epoch": 1942, "train_mean_squared_relative_error": 4.0350408794389986e-05, "wall_seconds": 6366.761493606027, "best_so_far": 0.014600798076651218}
{"epoch": 1943, "train_mean_squared_relative_error": 4.1192444741613865e-05, "wall_seconds": 6370.084578132257, "best_so_far": 0.014600798076651218}
{"epoch": 1944, "train_mean_squared_relative_error": 4.063919886379527e-05, "wall_seconds": 6373.4210055582225, "best_so_far": 0.014600798076651218}
{"epoch": 1945, "train_mean_squared_relative_error": 3.9965153061244093e-05, "wall_seconds": 6376.737449932378, "best_so_far": 0.014600798076651218}
{"epoch": 1946, "train_mean_squared_relative_error": 3.975174819435084e-05, "wall_seconds": 6380.061733829323, "best_so_far": 0.014600798076651218}
{"epoch": 1947, "train_mean_squared_relative_error": 3.9713970473044785e-05, "wall_seconds": 6383.431017545052, "best_so_far": 0.014600798076651218}
{"epoch": 1948, "train_mean_squared_relative_error": 3.930506527504287e-05, "wall_seconds": 6386.776098784991, "best_so_far": 0.014600798076651218}
{"epoch": 1949, "train_mean_squared_relative_error": 4.061356675094095e-05, "wall_seconds": 6390.129516329151, "best_so_far": 0.014600798076651218}
{"epoch": 1950, "train_mean_squared_relative_error": 4.0053729879067495e-05, "wall_seconds": 6393.481311705429, "best_so_far": 0.014600798076651218}
{"epoch": 1951, "train_mean_squared_relative_error": 4.0037883175567045e-05, "wall_seconds": 6396.796129469294, "best_so_far": 0.014600798076651218}
{"epoch": 1952, "train_mean_squared_relative_error": 4.245103299429469e-05, "wall_seconds": 6400.115349495318, "best_so_far": 0.014600798076651218}
{"epoch": 1953, "train_mean_squared_relative_error": 4.150601233128785e-05, "wall_seconds": 6403.438495855313, "best_so_far": 0.014600798076651218}
{"epoch": 1954, "train_mean_squared_relative_error": 4.096228287791853e-05, "wall_seconds": 6406.748407827225, "best_so_far": 0.014600798076651218}
{"epoch": 1955, "train_mean_squared_relative_error": 4.163435501706567e-05, "wall_seconds": 6410.077814895194, "best_so_far": 0.014600798076651218}
{"epoch": 1956, "train_mean_squared_relative_error": 4.058576866105845e-05, "wall_seconds": 6413.406071212143, "best_so_far": 0.014600798076651218}
{"epoch": 1957, "train_mean_squared_relative_error": 4.0277793004063674e-05, "wall_seconds": 6416.67953689117, "best_so_far": 0.014600798076651218}
{"epoch": 1958, "train_mean_squared_relative_error": 4.0239927057660305e-05, "wall_seconds": 6420.12899851799, "best_so_far": 0.014600798076651218}
{"epoch": 1959, "train_mean_squared_relative_error": 3.886753404182459e-05, "wall_seconds": 6423.4830105542205, "best_so_far": 0.014600798076651218}
{"epoch": 1960, "train_mean_squared_relative_error": 3.895781438223524e-05, "wall_seconds": 6426.805566439405, "best_so_far": 0.014600798076651218}
{"epoch": 1961, "train_mean_squared_relative_error": 3.952392749357924e-05, "wall_seconds": 6430.149132756051, "best_so_far": 0.014600798076651218}
{"epoch": 1962, "train_mean_squared_relative_error": 4.062737639690835e-05, "wall_seconds": 6433.478644699324, "best_so_far": 0.014600798076651218}
{"epoch": 1963, "train_mean_squared_relative_error": 4.0911553456934655e-05, "wall_seconds": 6436.982369272038, "best_so_far": 0.014600798076651218}
{"epoch": 1964, "train_mean_squared_relative_error": 3.986320244042592e-05, "wall_seconds": 6440.3152454653755, "best_so_far": 0.014600798076651218}
{"epoch": 1965, "train_mean_squared_relative_error": 4.002439821699811e-05, "wall_seconds": 6443.638138129376, "best_so_far": 0.014600798076651218}
{"epoch": 1966, "train_mean_squared_relative_error": 4.0253828974089686e-05, "wall_seconds": 6446.967448617332, "best_so_far": 0.014600798076651218}
{"epoch": 1967, "train_mean_squared_relative_error": 4.1449395024942846e-05, "wall_seconds": 6450.386882975232, "best_so_far": 0.014600798076651218}
{"epoch": 1968, "train_mean_squared_relative_error": 4.006449823153923e-05, "wall_seconds": 6453.822640910279, "best_so_far": 0.014600798076651218}
{"epoch": 1969, "train_mean_squared_relative_error": 3.987164098973507e-05, "wall_seconds": 6457.141894207336, "best_so_far": 0.014600798076651218}
{"epoch": 1970, "train_mean_squared_relative_error": 3.938268929383801e-05, "wall_seconds": 6460.475066388026, "best_so_far": 0.014600798076651218}
{"epoch": 1971, "train_mean_squared_relative_error": 3.971375686760953e-05, "wall_seconds": 6463.8516515023075, "best_so_far": 0.014600798076651218}
{"epoch": 1972, "train_mean_squared_relative_error": 3.931185658170397e-05, "wall_seconds": 6467.166143735405, "best_so_far": 0.014600798076651218}
{"epoch": 1973, "train_mean_squared_relative_error": 3.9166295427189504e-05, "wall_seconds": 6470.48543903511, "best_so_far": 0.014600798076651218}
{"epoch": 1974, "train_mean_squared_relative_error": 3.8809013365355054e-05, "wall_seconds": 6473.85088655306, "best_so_far": 0.014600798076651218}
{"epoch": 1975, "train_mean_squared_relative_error": 3.8917312950841775e-05, "wall_seconds": 6477.268600619398, "best_so_far": 0.014600798076651218}
{"epoch": 1976, "train_mean_squared_relative_error": 3.869454740153224e-05, "wall_seconds": 6480.60704309307, "best_so_far": 0.014600798076651218}
{"epoch": 1977, "train_mean_squared_relative_error": 3.9064672220636405e-05, "wall_seconds": 6483.927670835052, "best_so_far": 0.014600798076651218}
{"epoch": 1978, "train_mean_squared_relative_error": 3.90676032123689e-05, "wall_seconds": 6487.254938106984, "best_so_far": 0.014600798076651218}
{"epoch": 1979, "train_mean_squared_relative_error": 3.945381990446856e-05, "wall_seconds": 6490.56165691698, "best_so_far": 0.014600798076651218}
{"epoch": 1980, "train_mean_squared_relative_error": 4.011571226820693e-05, "wall_seconds": 6493.87941911025, "best_so_far": 0.014600798076651218}
{"epoch": 1981, "train_mean_squared_relative_error": 3.956556840358775e-05, "wall_seconds": 6497.2297002761625, "best_so_far": 0.014600798076651218}
{"epoch": 1982, "train_mean_squared_relative_error": 4.0575549835656074e-05, "wall_seconds": 6500.622658411972, "best_so_far": 0.014600798076651218}
{"epoch": 1983, "train_mean_squared_relative_error": 3.9781743376974456e-05, "wall_seconds": 6504.005511371419, "best_so_far": 0.014600798076651218}
{"epoch": 1984, "train_mean_squared_relative_error": 3.9033053105173197e-05, "wall_seconds": 6507.3953777491115, "best_so_far": 0.014600798076651218}
{"epoch": 1985, "train_mean_squared_relative_error": 3.8879668867425935e-05, "wall_seconds": 6510.954793202225, "best_so_far": 0.014600798076651218}
{"epoch": 1986, "train_mean_squared_relative_error": 3.948454480508307e-05, "wall_seconds": 6514.308483285364, "best_so_far": 0.014600798076651218}
{"epoch": 1987, "train_mean_squared_relative_error": 3.9458136058602035e-05, "wall_seconds": 6517.698187293019, "best_so_far": 0.014600798076651218}
{"epoch": 1988, "train_mean_squared_relative_error": 3.883386907371945e-05, "wall_seconds": 6521.068794233259, "best_so_far": 0.014600798076651218}
{"epoch": 1989, "train_mean_squared_relative_error": 3.86024003703218e-05, "wall_seconds": 6524.383685654029, "best_so_far": 0.014600798076651218}
{"epoch": 1990, "train_mean_squared_relative_error": 3.8679188304843866e-05, "wall_seconds": 6527.741292682011, "best_so_far": 0.014600798076651218}
{"epoch": 1991, "train_mean_squared_relative_error": 3.8917172290130235e-05, "wall_seconds": 6531.048032108229, "best_so_far": 0.014600798076651218}
{"epoch": 1992, "train_mean_squared_relative_error": 3.9194855597498705e-05, "wall_seconds": 6534.395749524236, "best_so_far": 0.014600798076651218}
{"epoch": 1993, "train_mean_squared_relative_error": 3.888452838805582e-05, "wall_seconds": 6537.723973336164, "best_so_far": 0.014600798076651218}
{"epoch": 1994, "train_mean_squared_relative_error": 3.89674246490763e-05, "wall_seconds": 6541.042917294428, "best_so_far": 0.014600798076651218}
{"epoch": 1995, "train_mean_squared_relative_error": 3.8884255432398834e-05, "wall_seconds": 6544.4485202902, "best_so_far": 0.014600798076651218}
{"epoch": 1996, "train_mean_squared_relative_error": 3.858026330622469e-05, "wall_seconds": 6547.752782498021, "best_so_far": 0.014600798076651218}
{"epoch": 1997, "train_mean_squared_relative_error": 3.970566535092939e-05, "wall_seconds": 6551.0624239631, "best_so_far": 0.014600798076651218}
{"epoch": 1998, "train_mean_squared_relative_error": 3.9861737153931466e-05, "wall_seconds": 6554.368864536285, "best_so_far": 0.014600798076651218}
{"epoch": 1999, "train_mean_squared_relative_error": 4.006194221519694e-05, "wall_seconds": 6557.71450960217, "best_so_far": 0.014600798076651218}
{"epoch": 2000, "train_mean_squared_relative_error": 3.9829402560344645e-05, "wall_seconds": 6561.086585479323, "best_so_far": 0.014600798076651218}
{"epoch": 2001, "train_mean_squared_relative_error": 3.9271668044808054e-05, "wall_seconds": 6564.568899773993, "best_so_far": 0.014600798076651218}
{"epoch": 2002, "train_mean_squared_relative_error": 3.8999104357907126e-05, "wall_seconds": 6567.938338223379, "best_so_far": 0.014600798076651218}
{"epoch": 2003, "train_mean_squared_relative_error": 3.905851634004411e-05, "wall_seconds": 6571.42745016003, "best_so_far": 0.01450134038524881}
{"epoch": 2004, "train_mean_squared_relative_error": 3.8375688290490335e-05, "wall_seconds": 6575.312895598356, "best_so_far": 0.01450134038524881}
{"epoch": 2005, "train_mean_squared_relative_error": 3.8184576959134385e-05, "wall_seconds": 6578.724801345263, "best_so_far": 0.01450134038524881}
{"epoch": 2006, "train_mean_squared_relative_error": 3.8339143276635605e-05, "wall_seconds": 6582.076509553008, "best_so_far": 0.01450134038524881}
{"epoch": 2007, "train_mean_squared_relative_error": 3.836974196051441e-05, "wall_seconds": 6585.411296623293, "best_so_far": 0.01450134038524881}
{"epoch": 2008, "train_mean_squared_relative_error": 3.848741617922005e-05, "wall_seconds": 6588.774819536135, "best_so_far": 0.01450134038524881}
{"epoch": 2009, "train_mean_squared_relative_error": 3.867732903937092e-05, "wall_seconds": 6592.19636789104, "best_so_far": 0.01450134038524881}
{"epoch": 2010, "train_mean_squared_relative_error": 3.87568482610112e-05, "wall_seconds": 6595.66671237722, "best_so_far": 0.01450134038524881}
{"epoch": 2011, "train_mean_squared_relative_error": 3.852358206277205e-05, "wall_seconds": 6599.129037806299, "best_so_far": 0.01450134038524881}
{"epoch": 2012, "train_mean_squared_relative_error": 3.9169398373329615e-05, "wall_seconds": 6602.594091555104, "best_so_far": 0.01450134038524881}
{"epoch": 2013, "train_mean_squared_relative_error": 3.883408204326172e-05, "wall_seconds": 6606.13050994603, "best_so_far": 0.01450134038524881}
{"epoch": 2014, "train_mean_squared_relative_error": 3.895675116545961e-05, "wall_seconds": 6609.584221342113, "best_so_far": 0.01450134038524881}
{"epoch": 2015, "train_mean_squared_relative_error": 3.96847164589046e-05, "wall_seconds": 6613.170129541308, "best_so_far": 0.014442900122467947}
{"epoch": 2016, "train_mean_squared_relative_error": 3.980530748318567e-05, "wall_seconds": 6617.030812936369, "best_so_far": 0.014442900122467947}
{"epoch": 2017, "train_mean_squared_relative_error": 3.918799238946877e-05, "wall_seconds": 6620.381063756999, "best_so_far": 0.014442900122467947}
{"epoch": 2018, "train_mean_squared_relative_error": 3.8627076431957736e-05, "wall_seconds": 6623.775117922109, "best_so_far": 0.014442900122467947}
{"epoch": 2019, "train_mean_squared_relative_error": 3.8188065164212514e-05, "wall_seconds": 6627.105737453327, "best_so_far": 0.014442900122467947}
{"epoch": 2020, "train_mean_squared_relative_error": 3.854688225157172e-05, "wall_seconds": 6630.454167067073, "best_so_far": 0.014442900122467947}
{"epoch": 2021, "train_mean_squared_relative_error": 3.8675861463801686e-05, "wall_seconds": 6633.907889607362, "best_so_far": 0.014442900122467947}
{"epoch": 2022, "train_mean_squared_relative_error": 3.857518159477871e-05, "wall_seconds": 6637.2513292660005, "best_so_far": 0.014442900122467947}
{"epoch": 2023, "train_mean_squared_relative_error": 3.8802491402758714e-05, "wall_seconds": 6640.764518009033, "best_so_far": 0.014442900122467947}
{"epoch": 2024, "train_mean_squared_relative_error": 3.853256410263191e-05, "wall_seconds": 6644.229842964094, "best_so_far": 0.014442900122467947}
{"epoch": 2025, "train_mean_squared_relative_error": 3.8665864123411115e-05, "wall_seconds": 6647.700531474315, "best_so_far": 0.014442900122467947}
{"epoch": 2026, "train_mean_squared_relative_error": 3.8763147041790346e-05, "wall_seconds": 6651.222714475356, "best_so_far": 0.014442900122467947}
{"epoch": 2027, "train_mean_squared_relative_error": 3.873899244223902e-05, "wall_seconds": 6654.535246614367, "best_so_far": 0.014442900122467947}
{"epoch": 2028, "train_mean_squared_relative_error": 3.92847170036773e-05, "wall_seconds": 6657.866597703192, "best_so_far": 0.014442900122467947}
{"epoch": 2029, "train_mean_squared_relative_error": 3.8187296158952484e-05, "wall_seconds": 6661.240138119087, "best_so_far": 0.014442900122467947}
{"epoch": 2030, "train_mean_squared_relative_error": 3.816901204220628e-05, "wall_seconds": 6664.548549944069, "best_so_far": 0.014442900122467947}
{"epoch": 2031, "train_mean_squared_relative_error": 3.836816808908189e-05, "wall_seconds": 6667.930669653229, "best_so_far": 0.014442900122467947}
{"epoch": 2032, "train_mean_squared_relative_error": 3.8245004054817026e-05, "wall_seconds": 6671.32117422903, "best_so_far": 0.014442900122467947}
{"epoch": 2033, "train_mean_squared_relative_error": 3.8264164505476066e-05, "wall_seconds": 6674.675399675965, "best_so_far": 0.014442900122467947}
{"epoch": 2034, "train_mean_squared_relative_error": 4.095741930568845e-05, "wall_seconds": 6678.005701010115, "best_so_far": 0.014442900122467947}
{"epoch": 2035, "train_mean_squared_relative_error": 4.075611739297628e-05, "wall_seconds": 6681.356777916197, "best_so_far": 0.014442900122467947}
{"epoch": 2036, "train_mean_squared_relative_error": 3.952102230889455e-05, "wall_seconds": 6684.701668252237, "best_so_far": 0.014442900122467947}
{"epoch": 2037, "train_mean_squared_relative_error": 3.88185002326405e-05, "wall_seconds": 6688.091106068343, "best_so_far": 0.014442900122467947}
{"epoch": 2038, "train_mean_squared_relative_error": 3.8379414795934186e-05, "wall_seconds": 6691.5468583973125, "best_so_far": 0.014442900122467947}
{"epoch": 2039, "train_mean_squared_relative_error": 3.92450756023288e-05, "wall_seconds": 6694.901983825024, "best_so_far": 0.014442900122467947}
{"epoch": 2040, "train_mean_squared_relative_error": 3.8849242471621984e-05, "wall_seconds": 6698.233425016981, "best_so_far": 0.014442900122467947}
{"epoch": 2041, "train_mean_squared_relative_error": 3.834181426290887e-05, "wall_seconds": 6701.581939361058, "best_so_far": 0.014442900122467947}
{"epoch": 2042, "train_mean_squared_relative_error": 3.8341581253350957e-05, "wall_seconds": 6704.881000755355, "best_so_far": 0.014442900122467947}
{"epoch": 2043, "train_mean_squared_relative_error": 3.7668394839103015e-05, "wall_seconds": 6708.1654321122915, "best_so_far": 0.014442900122467947}
{"epoch": 2044, "train_mean_squared_relative_error": 3.795187470331075e-05, "wall_seconds": 6711.428136008326, "best_so_far": 0.014442900122467947}
{"epoch": 2045, "train_mean_squared_relative_error": 3.761453313063119e-05, "wall_seconds": 6714.917406063061, "best_so_far": 0.014442900122467947}
{"epoch": 2046, "train_mean_squared_relative_error": 3.7773421469600274e-05, "wall_seconds": 6718.228985629976, "best_so_far": 0.014442900122467947}
{"epoch": 2047, "train_mean_squared_relative_error": 3.803020907322189e-05, "wall_seconds": 6721.560079727322, "best_so_far": 0.014442900122467947}
{"epoch": 2048, "train_mean_squared_relative_error": 3.8002776356076e-05, "wall_seconds": 6724.887901344337, "best_so_far": 0.014442900122467947}
{"epoch": 2049, "train_mean_squared_relative_error": 3.8839515311150534e-05, "wall_seconds": 6728.2120233802125, "best_so_far": 0.014442900122467947}
{"epoch": 2050, "train_mean_squared_relative_error": 3.831128838550028e-05, "wall_seconds": 6731.544127803296, "best_so_far": 0.014442900122467947}
{"epoch": 2051, "train_mean_squared_relative_error": 3.9102777224673034e-05, "wall_seconds": 6734.95018764725, "best_so_far": 0.014442900122467947}
{"epoch": 2052, "train_mean_squared_relative_error": 3.826884939493103e-05, "wall_seconds": 6738.295855358243, "best_so_far": 0.014442900122467947}
{"epoch": 2053, "train_mean_squared_relative_error": 3.8631191197653755e-05, "wall_seconds": 6741.578622529283, "best_so_far": 0.014442900122467947}
{"epoch": 2054, "train_mean_squared_relative_error": 3.867109102220909e-05, "wall_seconds": 6744.941753291991, "best_so_far": 0.014442900122467947}
{"epoch": 2055, "train_mean_squared_relative_error": 3.908893036559015e-05, "wall_seconds": 6748.294837182388, "best_so_far": 0.014442900122467947}
{"epoch": 2056, "train_mean_squared_relative_error": 3.8084213910644186e-05, "wall_seconds": 6751.586192823015, "best_so_far": 0.014442900122467947}
{"epoch": 2057, "train_mean_squared_relative_error": 3.810548975703264e-05, "wall_seconds": 6754.917661847081, "best_so_far": 0.014442900122467947}
{"epoch": 2058, "train_mean_squared_relative_error": 3.797680044751812e-05, "wall_seconds": 6758.263469998259, "best_so_far": 0.014442900122467947}
{"epoch": 2059, "train_mean_squared_relative_error": 3.746830702021658e-05, "wall_seconds": 6761.591289203148, "best_so_far": 0.014442900122467947}
{"epoch": 2060, "train_mean_squared_relative_error": 3.812095028024125e-05, "wall_seconds": 6764.898442777339, "best_so_far": 0.014442900122467947}
{"epoch": 2061, "train_mean_squared_relative_error": 3.7213280986420943e-05, "wall_seconds": 6768.1996610532515, "best_so_far": 0.014442900122467947}
{"epoch": 2062, "train_mean_squared_relative_error": 3.7509427634004504e-05, "wall_seconds": 6771.559068757109, "best_so_far": 0.014442900122467947}
{"epoch": 2063, "train_mean_squared_relative_error": 3.759878452085258e-05, "wall_seconds": 6774.853217897005, "best_so_far": 0.014442900122467947}
{"epoch": 2064, "train_mean_squared_relative_error": 3.772057845799917e-05, "wall_seconds": 6778.303514493164, "best_so_far": 0.014442900122467947}
{"epoch": 2065, "train_mean_squared_relative_error": 3.8950751773799826e-05, "wall_seconds": 6781.847567932215, "best_so_far": 0.014442900122467947}
{"epoch": 2066, "train_mean_squared_relative_error": 3.919354426045348e-05, "wall_seconds": 6785.417284855153, "best_so_far": 0.014442900122467947}
{"epoch": 2067, "train_mean_squared_relative_error": 3.817631422083256e-05, "wall_seconds": 6788.795722483192, "best_so_far": 0.014442900122467947}
{"epoch": 2068, "train_mean_squared_relative_error": 3.8938922714453745e-05, "wall_seconds": 6792.270478640217, "best_so_far": 0.014442900122467947}
{"epoch": 2069, "train_mean_squared_relative_error": 3.8019122251262075e-05, "wall_seconds": 6795.701140907127, "best_so_far": 0.014442900122467947}
{"epoch": 2070, "train_mean_squared_relative_error": 3.898372367897098e-05, "wall_seconds": 6799.126987439115, "best_so_far": 0.014442900122467947}
{"epoch": 2071, "train_mean_squared_relative_error": 4.0514045255699143e-05, "wall_seconds": 6802.427915291395, "best_so_far": 0.014442900122467947}
{"epoch": 2072, "train_mean_squared_relative_error": 3.9808513386775395e-05, "wall_seconds": 6805.786592614371, "best_so_far": 0.014442900122467947}
{"epoch": 2073, "train_mean_squared_relative_error": 3.899143966639275e-05, "wall_seconds": 6809.233701594174, "best_so_far": 0.014442900122467947}
{"epoch": 2074, "train_mean_squared_relative_error": 3.811660054638484e-05, "wall_seconds": 6812.649073375389, "best_so_far": 0.014442900122467947}
{"epoch": 2075, "train_mean_squared_relative_error": 3.823659218864536e-05, "wall_seconds": 6816.026698204223, "best_so_far": 0.014442900122467947}
{"epoch": 2076, "train_mean_squared_relative_error": 3.933059551384712e-05, "wall_seconds": 6819.381958610378, "best_so_far": 0.014442900122467947}
{"epoch": 2077, "train_mean_squared_relative_error": 3.859282050556805e-05, "wall_seconds": 6822.719398130197, "best_so_far": 0.014442900122467947}
{"epoch": 2078, "train_mean_squared_relative_error": 3.828098583111129e-05, "wall_seconds": 6826.074572201353, "best_so_far": 0.014434511790284425}
{"epoch": 2079, "train_mean_squared_relative_error": 3.780304601644462e-05, "wall_seconds": 6829.974159413017, "best_so_far": 0.014434511790284425}
{"epoch": 2080, "train_mean_squared_relative_error": 3.860404482375057e-05, "wall_seconds": 6833.353338201996, "best_so_far": 0.014434511790284425}
{"epoch": 2081, "train_mean_squared_relative_error": 3.8873274861956904e-05, "wall_seconds": 6836.711705787107, "best_so_far": 0.014434511790284425}
{"epoch": 2082, "train_mean_squared_relative_error": 3.852667782819309e-05, "wall_seconds": 6840.0773171093315, "best_so_far": 0.014434511790284425}
{"epoch": 2083, "train_mean_squared_relative_error": 3.813482559287192e-05, "wall_seconds": 6843.410658901092, "best_so_far": 0.014434511790284425}
{"epoch": 2084, "train_mean_squared_relative_error": 3.766622646557457e-05, "wall_seconds": 6846.741109402385, "best_so_far": 0.014434511790284425}
{"epoch": 2085, "train_mean_squared_relative_error": 3.7821325346552056e-05, "wall_seconds": 6850.086288094986, "best_so_far": 0.014434511790284425}
{"epoch": 2086, "train_mean_squared_relative_error": 3.778414686316554e-05, "wall_seconds": 6853.408377934247, "best_so_far": 0.014434511790284425}
{"epoch": 2087, "train_mean_squared_relative_error": 3.7371113180061973e-05, "wall_seconds": 6856.756845624186, "best_so_far": 0.014434511790284425}
{"epoch": 2088, "train_mean_squared_relative_error": 3.757665911102282e-05, "wall_seconds": 6860.245626874268, "best_so_far": 0.014434511790284425}
{"epoch": 2089, "train_mean_squared_relative_error": 3.795578108442006e-05, "wall_seconds": 6863.626782350242, "best_so_far": 0.014434511790284425}
{"epoch": 2090, "train_mean_squared_relative_error": 3.7609721798815947e-05, "wall_seconds": 6866.980577960145, "best_so_far": 0.014434511790284425}
{"epoch": 2091, "train_mean_squared_relative_error": 3.8196450701941613e-05, "wall_seconds": 6870.334349055309, "best_so_far": 0.014434511790284425}
{"epoch": 2092, "train_mean_squared_relative_error": 3.936003129158778e-05, "wall_seconds": 6873.777408183087, "best_so_far": 0.014434511790284425}
{"epoch": 2093, "train_mean_squared_relative_error": 3.8193883912518034e-05, "wall_seconds": 6877.135683534201, "best_so_far": 0.014434511790284425}
{"epoch": 2094, "train_mean_squared_relative_error": 3.7595145343902185e-05, "wall_seconds": 6880.500533222221, "best_so_far": 0.014434511790284425}
{"epoch": 2095, "train_mean_squared_relative_error": 3.7631175481741835e-05, "wall_seconds": 6883.868583519012, "best_so_far": 0.014434511790284425}
{"epoch": 2096, "train_mean_squared_relative_error": 3.791058251059955e-05, "wall_seconds": 6887.231467787176, "best_so_far": 0.014434511790284425}
{"epoch": 2097, "train_mean_squared_relative_error": 3.7802560924715233e-05, "wall_seconds": 6890.585164884105, "best_so_far": 0.014434511790284425}
{"epoch": 2098, "train_mean_squared_relative_error": 3.814772565259949e-05, "wall_seconds": 6894.0039129504, "best_so_far": 0.014434511790284425}
{"epoch": 2099, "train_mean_squared_relative_error": 3.8431398761970376e-05, "wall_seconds": 6897.357819013298, "best_so_far": 0.014434511790284425}
{"epoch": 2100, "train_mean_squared_relative_error": 3.7643697852679335e-05, "wall_seconds": 6900.673844062258, "best_so_far": 0.014434511790284425}
{"epoch": 2101, "train_mean_squared_relative_error": 3.7837438093304855e-05, "wall_seconds": 6904.023594475351, "best_so_far": 0.014434511790284425}
{"epoch": 2102, "train_mean_squared_relative_error": 3.885187994006806e-05, "wall_seconds": 6907.386605372187, "best_so_far": 0.014434511790284425}
{"epoch": 2103, "train_mean_squared_relative_error": 3.8891043670293135e-05, "wall_seconds": 6910.740220023319, "best_so_far": 0.014434511790284425}
{"epoch": 2104, "train_mean_squared_relative_error": 3.923332902130569e-05, "wall_seconds": 6914.101310636383, "best_so_far": 0.014434511790284425}
{"epoch": 2105, "train_mean_squared_relative_error": 3.785725245443142e-05, "wall_seconds": 6917.454458892345, "best_so_far": 0.014434511790284425}
{"epoch": 2106, "train_mean_squared_relative_error": 3.701666244338695e-05, "wall_seconds": 6920.889609862119, "best_so_far": 0.014434511790284425}
{"epoch": 2107, "train_mean_squared_relative_error": 3.6919797285645426e-05, "wall_seconds": 6924.365707579069, "best_so_far": 0.014434511790284425}
{"epoch": 2108, "train_mean_squared_relative_error": 3.731275455851304e-05, "wall_seconds": 6927.814823381137, "best_so_far": 0.014434511790284425}
{"epoch": 2109, "train_mean_squared_relative_error": 3.893535817647113e-05, "wall_seconds": 6931.143625165336, "best_so_far": 0.014434511790284425}
{"epoch": 2110, "train_mean_squared_relative_error": 3.7806042879888656e-05, "wall_seconds": 6934.509127401281, "best_so_far": 0.014434511790284425}
{"epoch": 2111, "train_mean_squared_relative_error": 3.747672279182939e-05, "wall_seconds": 6937.893545398023, "best_so_far": 0.014434511790284425}
{"epoch": 2112, "train_mean_squared_relative_error": 3.704637736401352e-05, "wall_seconds": 6941.263152302243, "best_so_far": 0.014434511790284425}
{"epoch": 2113, "train_mean_squared_relative_error": 3.7063524723329526e-05, "wall_seconds": 6944.617910118308, "best_so_far": 0.014434511790284425}
{"epoch": 2114, "train_mean_squared_relative_error": 3.7471139175765904e-05, "wall_seconds": 6947.997434572317, "best_so_far": 0.014434511790284425}
{"epoch": 2115, "train_mean_squared_relative_error": 3.704212647692851e-05, "wall_seconds": 6951.397447810043, "best_so_far": 0.014434511790284425}
{"epoch": 2116, "train_mean_squared_relative_error": 3.6745092971197115e-05, "wall_seconds": 6954.7929568723775, "best_so_far": 0.014434511790284425}
{"epoch": 2117, "train_mean_squared_relative_error": 3.6978597252225145e-05, "wall_seconds": 6958.143315248191, "best_so_far": 0.014434511790284425}
{"epoch": 2118, "train_mean_squared_relative_error": 3.6732821329764054e-05, "wall_seconds": 6961.559650318231, "best_so_far": 0.014434511790284425}
{"epoch": 2119, "train_mean_squared_relative_error": 3.6935524293715964e-05, "wall_seconds": 6964.955754774157, "best_so_far": 0.014434511790284425}
{"epoch": 2120, "train_mean_squared_relative_error": 3.661760497085886e-05, "wall_seconds": 6968.370346779004, "best_so_far": 0.014434511790284425}
{"epoch": 2121, "train_mean_squared_relative_error": 3.7262782351894216e-05, "wall_seconds": 6971.7589105553925, "best_so_far": 0.014434511790284425}
{"epoch": 2122, "train_mean_squared_relative_error": 3.753175005755211e-05, "wall_seconds": 6975.126012622379, "best_so_far": 0.014434511790284425}
{"epoch": 2123, "train_mean_squared_relative_error": 3.7212911574735356e-05, "wall_seconds": 6978.631120635197, "best_so_far": 0.014434208969881429}
{"epoch": 2124, "train_mean_squared_relative_error": 3.722239627893809e-05, "wall_seconds": 6982.529614427127, "best_so_far": 0.014434208969881429}
{"epoch": 2125, "train_mean_squared_relative_error": 3.7430114609272674e-05, "wall_seconds": 6985.914380571339, "best_so_far": 0.014434208969881429}
{"epoch": 2126, "train_mean_squared_relative_error": 3.675235292973081e-05, "wall_seconds": 6989.349140588194, "best_so_far": 0.014434208969881429}
{"epoch": 2127, "train_mean_squared_relative_error": 3.686276355504941e-05, "wall_seconds": 6992.837509720121, "best_so_far": 0.014385957800265588}
{"epoch": 2128, "train_mean_squared_relative_error": 3.7183252780040084e-05, "wall_seconds": 6996.742711910047, "best_so_far": 0.014385957800265588}
{"epoch": 2129, "train_mean_squared_relative_error": 3.69892472181634e-05, "wall_seconds": 7000.108813577332, "best_so_far": 0.014385957800265588}
{"epoch": 2130, "train_mean_squared_relative_error": 3.656142262777693e-05, "wall_seconds": 7003.46002383111, "best_so_far": 0.014385957800265588}
{"epoch": 2131, "train_mean_squared_relative_error": 3.720604091401257e-05, "wall_seconds": 7006.859465530142, "best_so_far": 0.014385957800265588}
{"epoch": 2132, "train_mean_squared_relative_error": 3.697280708285693e-05, "wall_seconds": 7010.2345509431325, "best_so_far": 0.014385957800265588}
{"epoch": 2133, "train_mean_squared_relative_error": 3.6990936871255776e-05, "wall_seconds": 7013.6350599559955, "best_so_far": 0.014385957800265588}
{"epoch": 2134, "train_mean_squared_relative_error": 3.7199551627698375e-05, "wall_seconds": 7016.996166908182, "best_so_far": 0.014385957800265588}
{"epoch": 2135, "train_mean_squared_relative_error": 3.719903784445042e-05, "wall_seconds": 7020.354498906992, "best_so_far": 0.014385957800265588}
{"epoch": 2136, "train_mean_squared_relative_error": 3.685956665198997e-05, "wall_seconds": 7023.68938554218, "best_so_far": 0.014385957800265588}
{"epoch": 2137, "train_mean_squared_relative_error": 3.636090160620543e-05, "wall_seconds": 7027.031178802252, "best_so_far": 0.014385957800265588}
{"epoch": 2138, "train_mean_squared_relative_error": 3.6708820310623134e-05, "wall_seconds": 7030.433224892244, "best_so_far": 0.014385957800265588}
{"epoch": 2139, "train_mean_squared_relative_error": 3.674190266944815e-05, "wall_seconds": 7033.785019010305, "best_so_far": 0.014385957800265588}
{"epoch": 2140, "train_mean_squared_relative_error": 3.628366363200461e-05, "wall_seconds": 7037.222459003329, "best_so_far": 0.014385957800265588}
{"epoch": 2141, "train_mean_squared_relative_error": 3.763222550002651e-05, "wall_seconds": 7040.600066607352, "best_so_far": 0.014385957800265588}
{"epoch": 2142, "train_mean_squared_relative_error": 3.806641217339231e-05, "wall_seconds": 7043.980069687124, "best_so_far": 0.014385957800265588}
{"epoch": 2143, "train_mean_squared_relative_error": 3.825869922457011e-05, "wall_seconds": 7047.295116978232, "best_so_far": 0.014385957800265588}
{"epoch": 2144, "train_mean_squared_relative_error": 3.7421233161942654e-05, "wall_seconds": 7050.685390280094, "best_so_far": 0.014385957800265588}
{"epoch": 2145, "train_mean_squared_relative_error": 3.658600146757778e-05, "wall_seconds": 7054.056222783402, "best_so_far": 0.014385957800265588}
{"epoch": 2146, "train_mean_squared_relative_error": 3.650559565283765e-05, "wall_seconds": 7057.417826921213, "best_so_far": 0.014385957800265588}
{"epoch": 2147, "train_mean_squared_relative_error": 3.70139719934146e-05, "wall_seconds": 7060.793142140377, "best_so_far": 0.014385957800265588}
{"epoch": 2148, "train_mean_squared_relative_error": 3.729121525176901e-05, "wall_seconds": 7064.144123595208, "best_so_far": 0.014385957800265588}
{"epoch": 2149, "train_mean_squared_relative_error": 3.66058464587461e-05, "wall_seconds": 7067.695742547978, "best_so_far": 0.014385957800265588}
{"epoch": 2150, "train_mean_squared_relative_error": 3.698268694938817e-05, "wall_seconds": 7071.1486164140515, "best_so_far": 0.014385957800265588}
{"epoch": 2151, "train_mean_squared_relative_error": 3.700091410588238e-05, "wall_seconds": 7074.580350421369, "best_so_far": 0.014385957800265588}
{"epoch": 2152, "train_mean_squared_relative_error": 3.6467217397089786e-05, "wall_seconds": 7077.946657159366, "best_so_far": 0.014385957800265588}
{"epoch": 2153, "train_mean_squared_relative_error": 3.9120655020238494e-05, "wall_seconds": 7081.32753426116, "best_so_far": 0.014385957800265588}
{"epoch": 2154, "train_mean_squared_relative_error": 4.005256064211408e-05, "wall_seconds": 7084.62821398722, "best_so_far": 0.014385957800265588}
{"epoch": 2155, "train_mean_squared_relative_error": 3.9310418147178586e-05, "wall_seconds": 7087.947958060075, "best_so_far": 0.014385957800265588}
{"epoch": 2156, "train_mean_squared_relative_error": 3.743726199813095e-05, "wall_seconds": 7091.29621072812, "best_so_far": 0.014385957800265588}
{"epoch": 2157, "train_mean_squared_relative_error": 3.671275849084394e-05, "wall_seconds": 7094.579812420998, "best_so_far": 0.014385957800265588}
{"epoch": 2158, "train_mean_squared_relative_error": 3.689545004207995e-05, "wall_seconds": 7097.896969915368, "best_so_far": 0.014385957800265588}
{"epoch": 2159, "train_mean_squared_relative_error": 3.6678293299002215e-05, "wall_seconds": 7101.24289507838, "best_so_far": 0.014385957800265588}
{"epoch": 2160, "train_mean_squared_relative_error": 3.688403703044799e-05, "wall_seconds": 7104.613840868231, "best_so_far": 0.014340545325435192}
{"epoch": 2161, "train_mean_squared_relative_error": 3.606281263244149e-05, "wall_seconds": 7108.502874578349, "best_so_far": 0.014245054926440731}
{"epoch": 2162, "train_mean_squared_relative_error": 3.828181571441938e-05, "wall_seconds": 7112.358283643145, "best_so_far": 0.014245054926440731}
{"epoch": 2163, "train_mean_squared_relative_error": 3.771409549358668e-05, "wall_seconds": 7115.703883619979, "best_so_far": 0.014245054926440731}
{"epoch": 2164, "train_mean_squared_relative_error": 3.702972479163305e-05, "wall_seconds": 7119.041603618301, "best_so_far": 0.014245054926440731}
{"epoch": 2165, "train_mean_squared_relative_error": 3.631102493234316e-05, "wall_seconds": 7122.423585662153, "best_so_far": 0.014245054926440731}
{"epoch": 2166, "train_mean_squared_relative_error": 3.624997191349859e-05, "wall_seconds": 7125.79566690512, "best_so_far": 0.014245054926440731}
{"epoch": 2167, "train_mean_squared_relative_error": 3.60158447563078e-05, "wall_seconds": 7129.167562147137, "best_so_far": 0.014245054926440731}
{"epoch": 2168, "train_mean_squared_relative_error": 3.630018332978612e-05, "wall_seconds": 7132.525413971394, "best_so_far": 0.014245054926440731}
{"epoch": 2169, "train_mean_squared_relative_error": 3.645528716434727e-05, "wall_seconds": 7135.850740491413, "best_so_far": 0.014245054926440731}
{"epoch": 2170, "train_mean_squared_relative_error": 3.687019988354327e-05, "wall_seconds": 7139.199417797383, "best_so_far": 0.014245054926440731}
{"epoch": 2171, "train_mean_squared_relative_error": 3.738139160275481e-05, "wall_seconds": 7142.558384979144, "best_so_far": 0.014245054926440731}
{"epoch": 2172, "train_mean_squared_relative_error": 3.666783504496529e-05, "wall_seconds": 7146.03896598937, "best_so_far": 0.014245054926440731}
{"epoch": 2173, "train_mean_squared_relative_error": 3.622147575342897e-05, "wall_seconds": 7149.512954066973, "best_so_far": 0.014245054926440731}
{"epoch": 2174, "train_mean_squared_relative_error": 3.6910934642516e-05, "wall_seconds": 7153.10632862011, "best_so_far": 0.014245054926440731}
{"epoch": 2175, "train_mean_squared_relative_error": 3.597485930552805e-05, "wall_seconds": 7156.4554509473965, "best_so_far": 0.014245054926440731}
{"epoch": 2176, "train_mean_squared_relative_error": 3.592746633181559e-05, "wall_seconds": 7159.8223959193565, "best_so_far": 0.014245054926440731}
{"epoch": 2177, "train_mean_squared_relative_error": 3.567715668748814e-05, "wall_seconds": 7163.179865460377, "best_so_far": 0.014245054926440731}
{"epoch": 2178, "train_mean_squared_relative_error": 3.6289556155960834e-05, "wall_seconds": 7166.613313892391, "best_so_far": 0.014245054926440731}
{"epoch": 2179, "train_mean_squared_relative_error": 3.676024561516867e-05, "wall_seconds": 7169.95822553942, "best_so_far": 0.014245054926440731}
{"epoch": 2180, "train_mean_squared_relative_error": 3.7282461697346004e-05, "wall_seconds": 7173.270593435038, "best_so_far": 0.014245054926440731}
{"epoch": 2181, "train_mean_squared_relative_error": 3.6074145959104206e-05, "wall_seconds": 7176.622788057197, "best_so_far": 0.014245054926440731}
{"epoch": 2182, "train_mean_squared_relative_error": 3.598849063454882e-05, "wall_seconds": 7179.990687042009, "best_so_far": 0.014245054926440731}
{"epoch": 2183, "train_mean_squared_relative_error": 3.565213024544736e-05, "wall_seconds": 7183.333649141248, "best_so_far": 0.014245054926440731}
{"epoch": 2184, "train_mean_squared_relative_error": 3.6265801598918685e-05, "wall_seconds": 7186.722740467172, "best_so_far": 0.014245054926440731}
{"epoch": 2185, "train_mean_squared_relative_error": 3.587295111077131e-05, "wall_seconds": 7190.081404958386, "best_so_far": 0.014245054926440731}
{"epoch": 2186, "train_mean_squared_relative_error": 3.585376031824899e-05, "wall_seconds": 7193.410057191271, "best_so_far": 0.014245054926440731}
{"epoch": 2187, "train_mean_squared_relative_error": 3.603745740589887e-05, "wall_seconds": 7196.76290098438, "best_so_far": 0.014245054926440731}
{"epoch": 2188, "train_mean_squared_relative_error": 3.5713875897461076e-05, "wall_seconds": 7200.133713690098, "best_so_far": 0.014245054926440731}
SCALE DONE {"arm": "unet-b64", "n_train": 128, "job_id": "4314113", "ok": true, "epochs": 2189, "best_epoch": 2161, "stop_reason": "wall_budget", "optimisation_steps": 35024, "training_seconds": 7202.339764688164, "micro_batch_final": 8, "best_checkpoint_sha256": "25815278eca388d5d75ab53c0db1777e0ce3f130763b25531b38ba4546f85059", "train_best_checkpoint": {"worst_case_max": 0.014271595119130386, "mean_case_max": 0.00707941862299471, "median_case_max": 0.00669453425149539, "p95_case_max": 0.00978576953721451}, "validation_best_checkpoint": {"worst_case_max": 0.03636368803217678, "mean_case_max": 0.014245054926440731, "median_case_max": 0.012908024936987545, "p95_case_max": 0.028593199644605237}, "train_msre_best_epoch": 3.606281263244149e-05}
run_exit=0
