host=pax106 source_commit=8ba0a11ee83aaeb36bb486add6517a51aa921a87 job=3995695
NVIDIA A100 80GB PCIe, 81920 MiB
Filesystem                       Size  Used Avail Use% Mounted on
10.235.106.29:/projects/paralab  4.6T  4.2T  427G  91% /cluster/tufts/paralab
jax_backend=gpu
STAGE verified_reuse
STAGE regenerate_matched_data
data seed=202609201 1/512 elapsed=4.1
data seed=202609201 9/512 elapsed=4.7
data seed=202609201 17/512 elapsed=5.4
data seed=202609201 25/512 elapsed=6.1
data seed=202609201 33/512 elapsed=6.7
data seed=202609201 41/512 elapsed=7.4
data seed=202609201 49/512 elapsed=8.0
data seed=202609201 57/512 elapsed=8.7
data seed=202609201 65/512 elapsed=9.4
data seed=202609201 73/512 elapsed=10.0
data seed=202609201 81/512 elapsed=10.7
data seed=202609201 89/512 elapsed=11.4
data seed=202609201 97/512 elapsed=12.1
data seed=202609201 105/512 elapsed=12.7
data seed=202609201 113/512 elapsed=13.4
data seed=202609201 121/512 elapsed=14.1
data seed=202609201 129/512 elapsed=14.7
data seed=202609201 137/512 elapsed=15.4
data seed=202609201 145/512 elapsed=16.1
data seed=202609201 153/512 elapsed=16.8
data seed=202609201 161/512 elapsed=17.4
data seed=202609201 169/512 elapsed=18.1
data seed=202609201 177/512 elapsed=18.8
data seed=202609201 185/512 elapsed=19.5
data seed=202609201 193/512 elapsed=20.2
data seed=202609201 201/512 elapsed=20.8
data seed=202609201 209/512 elapsed=21.5
data seed=202609201 217/512 elapsed=22.2
data seed=202609201 225/512 elapsed=22.9
data seed=202609201 233/512 elapsed=23.5
data seed=202609201 241/512 elapsed=24.2
data seed=202609201 249/512 elapsed=24.9
data seed=202609201 257/512 elapsed=25.6
data seed=202609201 265/512 elapsed=26.3
data seed=202609201 273/512 elapsed=27.0
data seed=202609201 281/512 elapsed=27.6
data seed=202609201 289/512 elapsed=28.3
data seed=202609201 297/512 elapsed=29.0
data seed=202609201 305/512 elapsed=29.7
data seed=202609201 313/512 elapsed=30.4
data seed=202609201 321/512 elapsed=31.0
data seed=202609201 329/512 elapsed=31.7
data seed=202609201 337/512 elapsed=32.4
data seed=202609201 345/512 elapsed=33.1
data seed=202609201 353/512 elapsed=33.8
data seed=202609201 361/512 elapsed=34.5
data seed=202609201 369/512 elapsed=35.2
data seed=202609201 377/512 elapsed=35.8
data seed=202609201 385/512 elapsed=36.5
data seed=202609201 393/512 elapsed=37.2
data seed=202609201 401/512 elapsed=37.9
data seed=202609201 409/512 elapsed=38.6
data seed=202609201 417/512 elapsed=39.3
data seed=202609201 425/512 elapsed=40.0
data seed=202609201 433/512 elapsed=40.7
data seed=202609201 441/512 elapsed=41.4
data seed=202609201 449/512 elapsed=42.1
data seed=202609201 457/512 elapsed=42.8
data seed=202609201 465/512 elapsed=43.5
data seed=202609201 473/512 elapsed=44.1
data seed=202609201 481/512 elapsed=44.8
data seed=202609201 489/512 elapsed=45.5
data seed=202609201 497/512 elapsed=46.2
data seed=202609201 505/512 elapsed=46.9
data seed=202609201 512/512 elapsed=47.5
data seed=202609202 1/16 elapsed=0.6
data seed=202609202 9/16 elapsed=1.3
data seed=202609202 16/16 elapsed=1.9
STAGE larger_bank_head_screen
free_bank_train {'step': 1, 'relative_mse': 1.1943164903574603, 'seconds': 5.711970292031765}
free_bank_train {'step': 100, 'relative_mse': 0.6957091742180943, 'seconds': 6.183226242894307}
free_bank_train {'step': 200, 'relative_mse': 0.36405967737394646, 'seconds': 6.532635356998071}
free_bank_train {'step': 300, 'relative_mse': 0.1797083884420287, 'seconds': 6.883333186851814}
free_bank_train {'step': 400, 'relative_mse': 0.14639416588533294, 'seconds': 7.232196997851133}
free_bank_train {'step': 500, 'relative_mse': 0.1132397475285969, 'seconds': 7.5838324630167335}
free_bank_train {'step': 600, 'relative_mse': 0.08782113839526465, 'seconds': 7.934304120019078}
free_bank_train {'step': 700, 'relative_mse': 0.08744096978066762, 'seconds': 8.283104471862316}
free_bank_train {'step': 800, 'relative_mse': 0.06405651797293395, 'seconds': 8.635615455918014}
free_bank_train {'step': 900, 'relative_mse': 0.06342074222774022, 'seconds': 8.98958032601513}
free_bank_train {'step': 1000, 'relative_mse': 0.07107649451790095, 'seconds': 9.34788740100339}
free_bank_train {'step': 1100, 'relative_mse': 0.05766570332253118, 'seconds': 9.7042917648796}
free_bank_train {'step': 1200, 'relative_mse': 0.04247351430900538, 'seconds': 10.057581109926105}
free_bank_train {'step': 1300, 'relative_mse': 0.04125184134961739, 'seconds': 10.402219180949032}
free_bank_train {'step': 1400, 'relative_mse': 0.06301566245259443, 'seconds': 10.749486224958673}
free_bank_train {'step': 1500, 'relative_mse': 0.04497625684479759, 'seconds': 11.097905051894486}
free_bank_train {'step': 1600, 'relative_mse': 0.04916672640303994, 'seconds': 11.448659215820953}
free_bank_train {'step': 1700, 'relative_mse': 0.04206452144312696, 'seconds': 11.799776904983446}
free_bank_train {'step': 1800, 'relative_mse': 0.042475219653695856, 'seconds': 12.154050362994894}
free_bank_train {'step': 1900, 'relative_mse': 0.03510088627387107, 'seconds': 12.508970465976745}
free_bank_train {'step': 2000, 'relative_mse': 0.04395843167648679, 'seconds': 12.865920373937115}
free_bank_train {'step': 2100, 'relative_mse': 0.03648497691023128, 'seconds': 13.353638120926917}
free_bank_train {'step': 2200, 'relative_mse': 0.042263192588834736, 'seconds': 13.706018556840718}
free_bank_train {'step': 2300, 'relative_mse': 0.036408962437457545, 'seconds': 14.061544508906081}
free_bank_train {'step': 2400, 'relative_mse': 0.04130811495915861, 'seconds': 14.423599177971482}
free_bank_train {'step': 2500, 'relative_mse': 0.03862200782009854, 'seconds': 14.779584443895146}
free_bank_train {'step': 2600, 'relative_mse': 0.04127577875400775, 'seconds': 15.13096917886287}
free_bank_train {'step': 2700, 'relative_mse': 0.04004919515941759, 'seconds': 15.475764453876764}
free_bank_train {'step': 2800, 'relative_mse': 0.0420685461543042, 'seconds': 15.823712840909138}
free_bank_train {'step': 2900, 'relative_mse': 0.042214803440639284, 'seconds': 16.171492240857333}
free_bank_train {'step': 3000, 'relative_mse': 0.04486007620892011, 'seconds': 16.517102170037106}
free_bank_train {'step': 3100, 'relative_mse': 0.04463527864582682, 'seconds': 16.867724512936547}
free_bank_train {'step': 3200, 'relative_mse': 0.04168499687381789, 'seconds': 17.221707192948088}
free_bank_train {'step': 3300, 'relative_mse': 0.04469354915344101, 'seconds': 17.575162607012317}
free_bank_train {'step': 3400, 'relative_mse': 0.049135166256646046, 'seconds': 17.92733248299919}
free_bank_train {'step': 3500, 'relative_mse': 0.04088441595135446, 'seconds': 18.27913947100751}
free_bank_train {'step': 3600, 'relative_mse': 0.043283079431095065, 'seconds': 18.632239958038554}
free_bank_train {'step': 3700, 'relative_mse': 0.04375429232969017, 'seconds': 18.985020358813927}
free_bank_train {'step': 3800, 'relative_mse': 0.03804664345899661, 'seconds': 19.339391198009253}
free_bank_train {'step': 3900, 'relative_mse': 0.046064041005262936, 'seconds': 19.696370129007846}
free_bank_train {'step': 4000, 'relative_mse': 0.048770257717869414, 'seconds': 20.05174497398548}
free_bank_train {'step': 4100, 'relative_mse': 0.04358855998148391, 'seconds': 20.54203855502419}
free_bank_train {'step': 4200, 'relative_mse': 0.04359162850506868, 'seconds': 20.887799761956558}
free_bank_train {'step': 4300, 'relative_mse': 0.03583930884173041, 'seconds': 21.23782591498457}
free_bank_train {'step': 4400, 'relative_mse': 0.0460447163316703, 'seconds': 21.58463961002417}
free_bank_train {'step': 4500, 'relative_mse': 0.04428969662213653, 'seconds': 21.93462971993722}
free_bank_train {'step': 4600, 'relative_mse': 0.044238528412992674, 'seconds': 22.289178060833365}
free_bank_train {'step': 4700, 'relative_mse': 0.05066767590579006, 'seconds': 22.64240365102887}
free_bank_train {'step': 4800, 'relative_mse': 0.047890063951380624, 'seconds': 23.003405360039324}
free_bank_train {'step': 4900, 'relative_mse': 0.042194942694646353, 'seconds': 23.35674619092606}
free_bank_train {'step': 5000, 'relative_mse': 0.043045723621600446, 'seconds': 23.712691836990416}
free_bank_train {'step': 5100, 'relative_mse': 0.04721562806447419, 'seconds': 24.066021590027958}
free_bank_train {'step': 5200, 'relative_mse': 0.03473392665497539, 'seconds': 24.418283832026646}
free_bank_train {'step': 5300, 'relative_mse': 0.04557062385798244, 'seconds': 24.77311717881821}
free_bank_train {'step': 5400, 'relative_mse': 0.04042143404081337, 'seconds': 25.12557960790582}
free_bank_train {'step': 5500, 'relative_mse': 0.042185000384700036, 'seconds': 25.47414468904026}
free_bank_train {'step': 5600, 'relative_mse': 0.03826685390336549, 'seconds': 25.82072980888188}
free_bank_train {'step': 5700, 'relative_mse': 0.039973537114788155, 'seconds': 26.168061911826953}
free_bank_train {'step': 5800, 'relative_mse': 0.04549752170771824, 'seconds': 26.51564132492058}
free_bank_train {'step': 5900, 'relative_mse': 0.03910769446470131, 'seconds': 26.862692823866382}
free_bank_train {'step': 6000, 'relative_mse': 0.03916930126935177, 'seconds': 27.211054570041597}
free_bank_train {'step': 6100, 'relative_mse': 0.04261681019071384, 'seconds': 27.671385905938223}
free_bank_train {'step': 6200, 'relative_mse': 0.04004575424927146, 'seconds': 28.027724453015253}
free_bank_train {'step': 6300, 'relative_mse': 0.03857248683438897, 'seconds': 28.382467585848644}
free_bank_train {'step': 6400, 'relative_mse': 0.04327378293709108, 'seconds': 28.73432637588121}
free_bank_train {'step': 6500, 'relative_mse': 0.03859460651871523, 'seconds': 29.090701795881614}
free_bank_train {'step': 6600, 'relative_mse': 0.039305400852205054, 'seconds': 29.4455385399051}
free_bank_train {'step': 6700, 'relative_mse': 0.03758488830809748, 'seconds': 29.802077753003687}
free_bank_train {'step': 6800, 'relative_mse': 0.036644233575036, 'seconds': 30.15554772084579}
free_bank_train {'step': 6900, 'relative_mse': 0.038035424852903336, 'seconds': 30.503093234961852}
free_bank_train {'step': 7000, 'relative_mse': 0.03884531584220866, 'seconds': 30.853422441985458}
free_bank_train {'step': 7100, 'relative_mse': 0.04696477366241707, 'seconds': 31.202202308923006}
free_bank_train {'step': 7200, 'relative_mse': 0.04162983116431955, 'seconds': 31.553300778847188}
free_bank_train {'step': 7300, 'relative_mse': 0.03738128313621287, 'seconds': 31.9035151458811}
free_bank_train {'step': 7400, 'relative_mse': 0.037521669049055045, 'seconds': 32.254671982023865}
free_bank_train {'step': 7500, 'relative_mse': 0.04074367302598583, 'seconds': 32.605010226834565}
free_bank_train {'step': 7600, 'relative_mse': 0.03602759454866981, 'seconds': 32.95780011592433}
free_bank_train {'step': 7700, 'relative_mse': 0.03486373800354292, 'seconds': 33.31477832701057}
free_bank_train {'step': 7800, 'relative_mse': 0.038051984569988595, 'seconds': 33.67094980599359}
free_bank_train {'step': 7900, 'relative_mse': 0.03542465714832972, 'seconds': 34.02254677983001}
free_bank_train {'step': 8000, 'relative_mse': 0.0376934402724986, 'seconds': 34.38353465497494}
free_bank_train {'step': 8100, 'relative_mse': 0.02979491388086395, 'seconds': 34.89038724685088}
free_bank_train {'step': 8200, 'relative_mse': 0.02965575998332547, 'seconds': 35.26226165890694}
free_bank_train {'step': 8300, 'relative_mse': 0.03387547003471887, 'seconds': 35.60833925800398}
free_bank_train {'step': 8400, 'relative_mse': 0.033298929568260416, 'seconds': 35.95862493501045}
free_bank_train {'step': 8500, 'relative_mse': 0.03953569458404564, 'seconds': 36.3090813588351}
free_bank_train {'step': 8600, 'relative_mse': 0.03564613994218324, 'seconds': 36.65806195884943}
free_bank_train {'step': 8700, 'relative_mse': 0.03022914728562819, 'seconds': 37.00651848898269}
free_bank_train {'step': 8800, 'relative_mse': 0.03543780547944457, 'seconds': 37.35735249798745}
free_bank_train {'step': 8900, 'relative_mse': 0.03580355081364879, 'seconds': 37.704886469990015}
free_bank_train {'step': 9000, 'relative_mse': 0.03416283602457543, 'seconds': 38.05710448301397}
free_bank_train {'step': 9100, 'relative_mse': 0.035936510277351244, 'seconds': 38.409353032009676}
free_bank_train {'step': 9200, 'relative_mse': 0.03744543011629505, 'seconds': 38.76479691802524}
free_bank_train {'step': 9300, 'relative_mse': 0.02910726608721144, 'seconds': 39.121213456848636}
free_bank_train {'step': 9400, 'relative_mse': 0.03402958446730782, 'seconds': 39.48377521592192}
free_bank_train {'step': 9500, 'relative_mse': 0.03532947133598573, 'seconds': 39.83963839686476}
free_bank_train {'step': 9600, 'relative_mse': 0.029265422297568705, 'seconds': 40.18907018797472}
free_bank_train {'step': 9700, 'relative_mse': 0.0303860847923734, 'seconds': 40.53293807385489}
free_bank_train {'step': 9800, 'relative_mse': 0.032824670071452976, 'seconds': 40.881475219968706}
free_bank_train {'step': 9900, 'relative_mse': 0.03296963368366404, 'seconds': 41.230829790001735}
free_bank_train {'step': 10000, 'relative_mse': 0.031176868675977566, 'seconds': 41.581624486949295}
free_bank_train {'step': 10100, 'relative_mse': 0.03307836357528325, 'seconds': 42.03800184093416}
free_bank_train {'step': 10200, 'relative_mse': 0.03441234238390026, 'seconds': 42.38932335888967}
free_bank_train {'step': 10300, 'relative_mse': 0.029622216454271977, 'seconds': 42.73938594991341}
free_bank_train {'step': 10400, 'relative_mse': 0.03232670062141332, 'seconds': 43.08772329101339}
free_bank_train {'step': 10500, 'relative_mse': 0.027384136170691454, 'seconds': 43.44192825304344}
free_bank_train {'step': 10600, 'relative_mse': 0.03106037570855848, 'seconds': 43.80247713183053}
free_bank_train {'step': 10700, 'relative_mse': 0.033165719393449186, 'seconds': 44.16360645601526}
free_bank_train {'step': 10800, 'relative_mse': 0.02995719875108266, 'seconds': 44.52713806391694}
free_bank_train {'step': 10900, 'relative_mse': 0.02944696562193962, 'seconds': 44.88121100398712}
free_bank_train {'step': 11000, 'relative_mse': 0.029519218650191664, 'seconds': 45.22996844002046}
free_bank_train {'step': 11100, 'relative_mse': 0.02895396252863576, 'seconds': 45.57348694396205}
free_bank_train {'step': 11200, 'relative_mse': 0.028550342976202438, 'seconds': 45.924003407824785}
free_bank_train {'step': 11300, 'relative_mse': 0.02646909504702745, 'seconds': 46.27622557384893}
free_bank_train {'step': 11400, 'relative_mse': 0.03086277881857652, 'seconds': 46.64839820587076}
free_bank_train {'step': 11500, 'relative_mse': 0.029827287972782196, 'seconds': 47.00250257086009}
free_bank_train {'step': 11600, 'relative_mse': 0.02615917844171753, 'seconds': 47.35572276986204}
free_bank_train {'step': 11700, 'relative_mse': 0.029066583259345163, 'seconds': 47.702374015934765}
free_bank_train {'step': 11800, 'relative_mse': 0.027463782743122486, 'seconds': 48.05111215100624}
free_bank_train {'step': 11900, 'relative_mse': 0.028839926683254347, 'seconds': 48.40092705003917}
free_bank_train {'step': 12000, 'relative_mse': 0.029833659414779924, 'seconds': 48.757618496892974}
free_bank_train {'step': 12100, 'relative_mse': 0.028497932391221427, 'seconds': 49.241234343033284}
free_bank_train {'step': 12200, 'relative_mse': 0.02965248357444456, 'seconds': 49.59885134291835}
free_bank_train {'step': 12300, 'relative_mse': 0.031580985483138174, 'seconds': 49.95712355803698}
free_bank_train {'step': 12400, 'relative_mse': 0.026487607517847043, 'seconds': 50.30739006004296}
free_bank_train {'step': 12500, 'relative_mse': 0.027348707398564032, 'seconds': 50.652315696002916}
free_bank_train {'step': 12600, 'relative_mse': 0.031450912315910406, 'seconds': 50.99795674299821}
free_bank_train {'step': 12700, 'relative_mse': 0.027554426872763577, 'seconds': 51.34787232382223}
free_bank_train {'step': 12800, 'relative_mse': 0.02813038800539557, 'seconds': 51.696394114987925}
free_bank_train {'step': 12900, 'relative_mse': 0.027713651449433163, 'seconds': 52.0488919429481}
free_bank_train {'step': 13000, 'relative_mse': 0.030255702358626332, 'seconds': 52.398626663023606}
free_bank_train {'step': 13100, 'relative_mse': 0.029867260007549697, 'seconds': 52.74772404390387}
free_bank_train {'step': 13200, 'relative_mse': 0.02980826793208988, 'seconds': 53.09905462083407}
free_bank_train {'step': 13300, 'relative_mse': 0.026887949341442084, 'seconds': 53.44981693895534}
free_bank_train {'step': 13400, 'relative_mse': 0.030011385052844376, 'seconds': 53.80104888183996}
free_bank_train {'step': 13500, 'relative_mse': 0.03119585213477178, 'seconds': 54.153891808819026}
free_bank_train {'step': 13600, 'relative_mse': 0.028606187942877524, 'seconds': 54.49985035089776}
free_bank_train {'step': 13700, 'relative_mse': 0.027368659186504836, 'seconds': 54.85468777595088}
free_bank_train {'step': 13800, 'relative_mse': 0.02833008674189788, 'seconds': 55.204972240841016}
free_bank_train {'step': 13900, 'relative_mse': 0.028133956944764733, 'seconds': 55.55053880997002}
free_bank_train {'step': 14000, 'relative_mse': 0.02573939994432565, 'seconds': 55.89436287689023}
free_bank_train {'step': 14100, 'relative_mse': 0.028300642970543147, 'seconds': 56.400822036899626}
free_bank_train {'step': 14200, 'relative_mse': 0.02863314262133342, 'seconds': 56.74868881003931}
free_bank_train {'step': 14300, 'relative_mse': 0.027647557009297316, 'seconds': 57.09171481896192}
free_bank_train {'step': 14400, 'relative_mse': 0.0272968339355108, 'seconds': 57.44008776592091}
free_bank_train {'step': 14500, 'relative_mse': 0.025633553934045778, 'seconds': 57.797500176820904}
free_bank_train {'step': 14600, 'relative_mse': 0.02904199106971616, 'seconds': 58.14872686192393}
free_bank_train {'step': 14700, 'relative_mse': 0.02649452636384696, 'seconds': 58.49990198900923}
free_bank_train {'step': 14800, 'relative_mse': 0.025920447897362697, 'seconds': 58.84885433292948}
free_bank_train {'step': 14900, 'relative_mse': 0.02751418944714773, 'seconds': 59.20263964496553}
free_bank_train {'step': 15000, 'relative_mse': 0.02950046669466765, 'seconds': 59.553186701843515}
free_bank_train {'step': 15100, 'relative_mse': 0.02587842164679375, 'seconds': 59.9012894500047}
free_bank_train {'step': 15200, 'relative_mse': 0.03176278488543112, 'seconds': 60.25054132589139}
free_bank_train {'step': 15300, 'relative_mse': 0.023524065624457153, 'seconds': 60.59747796901502}
free_bank_train {'step': 15400, 'relative_mse': 0.026242092509197325, 'seconds': 60.94344796286896}
free_bank_train {'step': 15500, 'relative_mse': 0.024627233363815844, 'seconds': 61.28833897202276}
free_bank_train {'step': 15600, 'relative_mse': 0.024642268460047537, 'seconds': 61.63530740281567}
free_bank_train {'step': 15700, 'relative_mse': 0.02755526426731001, 'seconds': 61.98094928986393}
free_bank_train {'step': 15800, 'relative_mse': 0.026141909642166065, 'seconds': 62.326839208835736}
free_bank_train {'step': 15900, 'relative_mse': 0.02817576250196579, 'seconds': 62.67689441982657}
free_bank_train {'step': 16000, 'relative_mse': 0.030890852505492325, 'seconds': 63.042193750850856}
free_bank_train {'step': 16100, 'relative_mse': 0.025927938252661965, 'seconds': 63.521529473830014}
free_bank_train {'step': 16200, 'relative_mse': 0.025798599803315177, 'seconds': 63.87126962095499}
free_bank_train {'step': 16300, 'relative_mse': 0.02200887189254507, 'seconds': 64.22101209289394}
free_bank_train {'step': 16400, 'relative_mse': 0.026391388777700725, 'seconds': 64.57465705601498}
free_bank_train {'step': 16500, 'relative_mse': 0.02565203308648022, 'seconds': 64.9240819090046}
free_bank_train {'step': 16600, 'relative_mse': 0.02424588344301268, 'seconds': 65.26926939282566}
free_bank_train {'step': 16700, 'relative_mse': 0.025411424563593858, 'seconds': 65.61569838784635}
free_bank_train {'step': 16800, 'relative_mse': 0.027156644136450227, 'seconds': 65.95860372297466}
free_bank_train {'step': 16900, 'relative_mse': 0.025939820050621232, 'seconds': 66.30138469301164}
free_bank_train {'step': 17000, 'relative_mse': 0.024480803101427185, 'seconds': 66.64800676587038}
free_bank_train {'step': 17100, 'relative_mse': 0.02413491806461281, 'seconds': 66.99391404283233}
free_bank_train {'step': 17200, 'relative_mse': 0.024803058681331498, 'seconds': 67.34040305693634}
free_bank_train {'step': 17300, 'relative_mse': 0.027885454184332765, 'seconds': 67.68268737895414}
free_bank_train {'step': 17400, 'relative_mse': 0.024926371966225228, 'seconds': 68.03487941203639}
free_bank_train {'step': 17500, 'relative_mse': 0.024106614061123438, 'seconds': 68.3877604289446}
free_bank_train {'step': 17600, 'relative_mse': 0.023396420629343613, 'seconds': 68.73599563282914}
free_bank_train {'step': 17700, 'relative_mse': 0.023431950284618697, 'seconds': 69.08560893288814}
free_bank_train {'step': 17800, 'relative_mse': 0.022645884089826197, 'seconds': 69.44077490386553}
free_bank_train {'step': 17900, 'relative_mse': 0.02418785521365755, 'seconds': 69.7933645748999}
free_bank_train {'step': 18000, 'relative_mse': 0.025597850866761394, 'seconds': 70.14403926790692}
free_bank_train {'step': 18100, 'relative_mse': 0.022344755340768026, 'seconds': 70.65371036785655}
free_bank_train {'step': 18200, 'relative_mse': 0.02278743553724698, 'seconds': 71.00239819684066}
free_bank_train {'step': 18300, 'relative_mse': 0.025261933178978742, 'seconds': 71.34656762098894}
free_bank_train {'step': 18400, 'relative_mse': 0.025806499985964793, 'seconds': 71.68960881000385}
free_bank_train {'step': 18500, 'relative_mse': 0.02112912801402181, 'seconds': 72.03585811099038}
free_bank_train {'step': 18600, 'relative_mse': 0.021490625798569574, 'seconds': 72.38170974398963}
free_bank_train {'step': 18700, 'relative_mse': 0.02318491999697908, 'seconds': 72.73012668802403}
free_bank_train {'step': 18800, 'relative_mse': 0.02367054210103133, 'seconds': 73.07407130487263}
free_bank_train {'step': 18900, 'relative_mse': 0.023913115963709305, 'seconds': 73.42721161898226}
free_bank_train {'step': 19000, 'relative_mse': 0.020164734432584347, 'seconds': 73.78027467895299}
free_bank_train {'step': 19100, 'relative_mse': 0.020709146480693504, 'seconds': 74.1295533159282}
free_bank_train {'step': 19200, 'relative_mse': 0.02341135412585141, 'seconds': 74.48060974199325}
free_bank_train {'step': 19300, 'relative_mse': 0.022925017472486223, 'seconds': 74.83013467001729}
free_bank_train {'step': 19400, 'relative_mse': 0.022456882365978956, 'seconds': 75.18028285703622}
free_bank_train {'step': 19500, 'relative_mse': 0.02278311042103977, 'seconds': 75.52122179791331}
free_bank_train {'step': 19600, 'relative_mse': 0.02261330822190972, 'seconds': 75.87487289798446}
free_bank_train {'step': 19700, 'relative_mse': 0.02511290856765757, 'seconds': 76.22473821695894}
free_bank_train {'step': 19800, 'relative_mse': 0.024686279665182456, 'seconds': 76.57287418888882}
free_bank_train {'step': 19900, 'relative_mse': 0.020336630533506997, 'seconds': 76.9192891519051}
free_bank_train {'step': 20000, 'relative_mse': 0.02305101426835876, 'seconds': 77.26822079881094}
free_bank_train {'step': 20100, 'relative_mse': 0.02146818750953325, 'seconds': 77.77837473992258}
free_bank_train {'step': 20200, 'relative_mse': 0.020111964133247506, 'seconds': 78.12747627892531}
free_bank_train {'step': 20300, 'relative_mse': 0.021243735352590942, 'seconds': 78.47442893590778}
free_bank_train {'step': 20400, 'relative_mse': 0.021462073927615056, 'seconds': 78.82897659786977}
free_bank_train {'step': 20500, 'relative_mse': 0.021308026659820824, 'seconds': 79.18191975401714}
free_bank_train {'step': 20600, 'relative_mse': 0.022265866237099877, 'seconds': 79.53334167599678}
free_bank_train {'step': 20700, 'relative_mse': 0.021360254718095252, 'seconds': 79.88364519597962}
free_bank_train {'step': 20800, 'relative_mse': 0.02391359255125926, 'seconds': 80.23092880100012}
free_bank_train {'step': 20900, 'relative_mse': 0.02243807101249225, 'seconds': 80.57538472884335}
free_bank_train {'step': 21000, 'relative_mse': 0.022155604425157065, 'seconds': 80.91589271603152}
free_bank_train {'step': 21100, 'relative_mse': 0.024448639764428855, 'seconds': 81.26468539284542}
free_bank_train {'step': 21200, 'relative_mse': 0.022247799477354602, 'seconds': 81.61397941503674}
free_bank_train {'step': 21300, 'relative_mse': 0.023102343958938776, 'seconds': 81.95761578599922}
free_bank_train {'step': 21400, 'relative_mse': 0.02254654116668799, 'seconds': 82.30266816494986}
free_bank_train {'step': 21500, 'relative_mse': 0.021800851487148557, 'seconds': 82.65485826390795}
free_bank_train {'step': 21600, 'relative_mse': 0.020503460542952236, 'seconds': 83.00740948086604}
free_bank_train {'step': 21700, 'relative_mse': 0.020187480384563427, 'seconds': 83.3554927308578}
free_bank_train {'step': 21800, 'relative_mse': 0.0208565961659426, 'seconds': 83.70156168797985}
free_bank_train {'step': 21900, 'relative_mse': 0.022095781141663412, 'seconds': 84.05464274203405}
free_bank_train {'step': 22000, 'relative_mse': 0.020719738598313518, 'seconds': 84.4079737928696}
free_bank_train {'step': 22100, 'relative_mse': 0.02192929941544725, 'seconds': 84.87888557091355}
free_bank_train {'step': 22200, 'relative_mse': 0.02147818242944304, 'seconds': 85.23227010387927}
free_bank_train {'step': 22300, 'relative_mse': 0.019306436123118817, 'seconds': 85.57546948385425}
free_bank_train {'step': 22400, 'relative_mse': 0.017023679089819645, 'seconds': 86.17932374286465}
free_bank_train {'step': 22500, 'relative_mse': 0.01977076184836512, 'seconds': 86.5816273628734}
free_bank_train {'step': 22600, 'relative_mse': 0.02296148994460593, 'seconds': 86.93208927195519}
free_bank_train {'step': 22700, 'relative_mse': 0.02008513007579106, 'seconds': 87.2774370869156}
free_bank_train {'step': 22800, 'relative_mse': 0.02126062295735869, 'seconds': 87.62087317300029}
free_bank_train {'step': 22900, 'relative_mse': 0.01962729667733564, 'seconds': 87.97067509684712}
free_bank_train {'step': 23000, 'relative_mse': 0.02038458169793238, 'seconds': 88.31669374601915}
free_bank_train {'step': 23100, 'relative_mse': 0.022140593513347687, 'seconds': 88.66374219581485}
free_bank_train {'step': 23200, 'relative_mse': 0.016015776352260237, 'seconds': 89.01019011600874}
free_bank_train {'step': 23300, 'relative_mse': 0.01953161826269475, 'seconds': 89.36501983786002}
free_bank_train {'step': 23400, 'relative_mse': 0.016878185714947154, 'seconds': 89.71677339589223}
free_bank_train {'step': 23500, 'relative_mse': 0.017401085489311668, 'seconds': 90.06725678802468}
free_bank_train {'step': 23600, 'relative_mse': 0.01788106088317006, 'seconds': 90.41654696292244}
free_bank_train {'step': 23700, 'relative_mse': 0.021181412853510474, 'seconds': 90.76481350092217}
free_bank_train {'step': 23800, 'relative_mse': 0.018622502947163208, 'seconds': 91.1226694858633}
free_bank_train {'step': 23900, 'relative_mse': 0.020015581905972763, 'seconds': 91.46383379586041}
free_bank_train {'step': 24000, 'relative_mse': 0.01842615272850843, 'seconds': 91.81276923697442}
free_bank_train {'step': 24100, 'relative_mse': 0.019078277830519137, 'seconds': 92.55627223895863}
free_bank_train {'step': 24200, 'relative_mse': 0.018849524472069685, 'seconds': 92.90049779997207}
free_bank_train {'step': 24300, 'relative_mse': 0.019245716083786266, 'seconds': 93.24953368399292}
free_bank_train {'step': 24400, 'relative_mse': 0.02111593800514506, 'seconds': 93.6023544720374}
free_bank_train {'step': 24500, 'relative_mse': 0.021745471029688386, 'seconds': 93.9708889159374}
free_bank_train {'step': 24600, 'relative_mse': 0.020379949306381363, 'seconds': 94.31680618901737}
free_bank_train {'step': 24700, 'relative_mse': 0.01931364909630908, 'seconds': 94.67300145793706}
free_bank_train {'step': 24800, 'relative_mse': 0.018123964753359038, 'seconds': 95.02870116685517}
free_bank_train {'step': 24900, 'relative_mse': 0.018875095193275952, 'seconds': 95.37113799690269}
free_bank_train {'step': 25000, 'relative_mse': 0.019320109199958982, 'seconds': 95.71327451686375}
free_bank_train {'step': 25100, 'relative_mse': 0.020053934140993837, 'seconds': 96.05796773685142}
free_bank_train {'step': 25200, 'relative_mse': 0.019663930827358542, 'seconds': 96.40265761199407}
free_bank_train {'step': 25300, 'relative_mse': 0.01732084667966155, 'seconds': 96.74482122901827}
free_bank_train {'step': 25400, 'relative_mse': 0.016125988184824733, 'seconds': 97.09262167196721}
free_bank_train {'step': 25500, 'relative_mse': 0.018961187806635194, 'seconds': 97.45021872292273}
free_bank_train {'step': 25600, 'relative_mse': 0.016490259813399025, 'seconds': 97.79718340886757}
free_bank_train {'step': 25700, 'relative_mse': 0.021286557354964486, 'seconds': 98.14997523184866}
free_bank_train {'step': 25800, 'relative_mse': 0.017345148961449803, 'seconds': 98.49667351599783}
free_bank_train {'step': 25900, 'relative_mse': 0.017123163141858088, 'seconds': 98.8606243468821}
free_bank_train {'step': 26000, 'relative_mse': 0.018421296616415884, 'seconds': 99.21429579285905}
free_bank_train {'step': 26100, 'relative_mse': 0.017367308578801297, 'seconds': 99.6778353548143}
free_bank_train {'step': 26200, 'relative_mse': 0.017137422447325613, 'seconds': 100.0394432428293}
free_bank_train {'step': 26300, 'relative_mse': 0.016488184783696777, 'seconds': 100.3841566760093}
free_bank_train {'step': 26400, 'relative_mse': 0.016964083380337953, 'seconds': 100.72769583389163}
free_bank_train {'step': 26500, 'relative_mse': 0.01978506074056699, 'seconds': 101.07367761200294}
free_bank_train {'step': 26600, 'relative_mse': 0.017304263767445302, 'seconds': 101.41810456383973}
free_bank_train {'step': 26700, 'relative_mse': 0.019314550579253006, 'seconds': 101.76264244900085}
free_bank_train {'step': 26800, 'relative_mse': 0.01936561670164611, 'seconds': 102.10341067193076}
free_bank_train {'step': 26900, 'relative_mse': 0.01801793750899629, 'seconds': 102.45341261988506}
free_bank_train {'step': 27000, 'relative_mse': 0.01995769950406074, 'seconds': 102.80551446089521}
free_bank_train {'step': 27100, 'relative_mse': 0.017420071578652142, 'seconds': 103.15472524194047}
free_bank_train {'step': 27200, 'relative_mse': 0.019385779346575305, 'seconds': 103.50272408500314}
free_bank_train {'step': 27300, 'relative_mse': 0.015196859439971292, 'seconds': 103.85341067193076}
free_bank_train {'step': 27400, 'relative_mse': 0.017706959690436883, 'seconds': 104.20373703795485}
free_bank_train {'step': 27500, 'relative_mse': 0.015734737969005826, 'seconds': 104.555005392991}
free_bank_train {'step': 27600, 'relative_mse': 0.01665127628406056, 'seconds': 104.91644944692962}
free_bank_train {'step': 27700, 'relative_mse': 0.01709318451740737, 'seconds': 105.2669980628416}
free_bank_train {'step': 27800, 'relative_mse': 0.017592389012889606, 'seconds': 105.6095053339377}
free_bank_train {'step': 27900, 'relative_mse': 0.01800451351610186, 'seconds': 105.95129315787926}
free_bank_train {'step': 28000, 'relative_mse': 0.01720636606189244, 'seconds': 106.29703903384507}
free_bank_train {'step': 28100, 'relative_mse': 0.017591101515697982, 'seconds': 106.78955420595594}
free_bank_train {'step': 28200, 'relative_mse': 0.017182092117432282, 'seconds': 107.13397164293565}
free_bank_train {'step': 28300, 'relative_mse': 0.0159257915049412, 'seconds': 107.47539706295356}
free_bank_train {'step': 28400, 'relative_mse': 0.018042957782754238, 'seconds': 107.8289740360342}
free_bank_train {'step': 28500, 'relative_mse': 0.017343680943010795, 'seconds': 108.17893883702345}
free_bank_train {'step': 28600, 'relative_mse': 0.01677665034954529, 'seconds': 108.53083243803121}
free_bank_train {'step': 28700, 'relative_mse': 0.0169452394450457, 'seconds': 108.88559468789026}
free_bank_train {'step': 28800, 'relative_mse': 0.019070261990777618, 'seconds': 109.23485432588495}
free_bank_train {'step': 28900, 'relative_mse': 0.01652141051047698, 'seconds': 109.585512915859}
free_bank_train {'step': 29000, 'relative_mse': 0.017821164628622287, 'seconds': 109.93284472986124}
free_bank_train {'step': 29100, 'relative_mse': 0.01666461469676117, 'seconds': 110.28395617683418}
free_bank_train {'step': 29200, 'relative_mse': 0.015247685001992684, 'seconds': 110.63139860681258}
free_bank_train {'step': 29300, 'relative_mse': 0.015842616621093424, 'seconds': 110.978304825956}
free_bank_train {'step': 29400, 'relative_mse': 0.014850518554623349, 'seconds': 111.32278120098636}
free_bank_train {'step': 29500, 'relative_mse': 0.016629793418023828, 'seconds': 111.66960247699171}
free_bank_train {'step': 29600, 'relative_mse': 0.017046120143043353, 'seconds': 112.01305068982765}
free_bank_train {'step': 29700, 'relative_mse': 0.015153175038393755, 'seconds': 112.35986349498853}
free_bank_train {'step': 29800, 'relative_mse': 0.015125425627231162, 'seconds': 112.70223545702174}
free_bank_train {'step': 29900, 'relative_mse': 0.015349438162820266, 'seconds': 113.05410083895549}
free_bank_train {'step': 30000, 'relative_mse': 0.014655594894768788, 'seconds': 113.40593343391083}
free_bank_train {'step': 30100, 'relative_mse': 0.0170691343037533, 'seconds': 113.92114935792051}
free_bank_train {'step': 30200, 'relative_mse': 0.014518152159199844, 'seconds': 114.27010710188188}
free_bank_train {'step': 30300, 'relative_mse': 0.015143094208332642, 'seconds': 114.62010016595013}
free_bank_train {'step': 30400, 'relative_mse': 0.01471215091535287, 'seconds': 114.97053102194332}
free_bank_train {'step': 30500, 'relative_mse': 0.016471108802898718, 'seconds': 115.31601245002821}
free_bank_train {'step': 30600, 'relative_mse': 0.016389957847561806, 'seconds': 115.6596465059556}
free_bank_train {'step': 30700, 'relative_mse': 0.015748068010448316, 'seconds': 116.00696477899328}
free_bank_train {'step': 30800, 'relative_mse': 0.01853032306423777, 'seconds': 116.35101946489885}
free_bank_train {'step': 30900, 'relative_mse': 0.017138045640928877, 'seconds': 116.69942712294869}
free_bank_train {'step': 31000, 'relative_mse': 0.016258432846736115, 'seconds': 117.04664505994879}
free_bank_train {'step': 31100, 'relative_mse': 0.01595826271773554, 'seconds': 117.39171441388316}
free_bank_train {'step': 31200, 'relative_mse': 0.015231617705476031, 'seconds': 117.736880376935}
free_bank_train {'step': 31300, 'relative_mse': 0.01537929830883195, 'seconds': 118.08594279596582}
free_bank_train {'step': 31400, 'relative_mse': 0.015247488076014348, 'seconds': 118.44665762083605}
free_bank_train {'step': 31500, 'relative_mse': 0.015805941417424547, 'seconds': 118.79964585485868}
free_bank_train {'step': 31600, 'relative_mse': 0.01579472779714973, 'seconds': 119.14984286995605}
free_bank_train {'step': 31700, 'relative_mse': 0.013834753453679108, 'seconds': 119.51675487891771}
free_bank_train {'step': 31800, 'relative_mse': 0.01481750680908106, 'seconds': 119.88737046997994}
free_bank_train {'step': 31900, 'relative_mse': 0.01508020771129039, 'seconds': 120.236568946857}
free_bank_train {'step': 32000, 'relative_mse': 0.014478423170374306, 'seconds': 120.57853068085387}
free_bank_train {'step': 32100, 'relative_mse': 0.015019618752255586, 'seconds': 121.05742989084683}
free_bank_train {'step': 32200, 'relative_mse': 0.015548701584517275, 'seconds': 121.40526261087507}
free_bank_train {'step': 32300, 'relative_mse': 0.014603115260601353, 'seconds': 121.75166534888558}
free_bank_train {'step': 32400, 'relative_mse': 0.014642167623997705, 'seconds': 122.0979424638208}
free_bank_train {'step': 32500, 'relative_mse': 0.01564290609041819, 'seconds': 122.44347902294248}
free_bank_train {'step': 32600, 'relative_mse': 0.013826381984468956, 'seconds': 122.79100673086941}
free_bank_train {'step': 32700, 'relative_mse': 0.014454986101386501, 'seconds': 123.14410823886283}
free_bank_train {'step': 32800, 'relative_mse': 0.013972705943739798, 'seconds': 123.49387697782367}
free_bank_train {'step': 32900, 'relative_mse': 0.016776996630779663, 'seconds': 123.84817379387096}
free_bank_train {'step': 33000, 'relative_mse': 0.014182331494141076, 'seconds': 124.21708172187209}
free_bank_train {'step': 33100, 'relative_mse': 0.015264202664144962, 'seconds': 124.57015441684052}
free_bank_train {'step': 33200, 'relative_mse': 0.01482741414286168, 'seconds': 124.92269771988504}
free_bank_train {'step': 33300, 'relative_mse': 0.014003003271020331, 'seconds': 125.27297184686176}
free_bank_train {'step': 33400, 'relative_mse': 0.01569774973386686, 'seconds': 125.61876153200865}
free_bank_train {'step': 33500, 'relative_mse': 0.01583972997211844, 'seconds': 125.959377507912}
free_bank_train {'step': 33600, 'relative_mse': 0.014722891944215374, 'seconds': 126.30931267584674}
free_bank_train {'step': 33700, 'relative_mse': 0.014092224961160547, 'seconds': 126.66056547896005}
free_bank_train {'step': 33800, 'relative_mse': 0.013906856365575634, 'seconds': 127.00752045190893}
free_bank_train {'step': 33900, 'relative_mse': 0.016464778358473528, 'seconds': 127.35850770189427}
free_bank_train {'step': 34000, 'relative_mse': 0.014845678642106766, 'seconds': 127.70848323102109}
free_bank_train {'step': 34100, 'relative_mse': 0.015720287144544518, 'seconds': 128.230127902003}
free_bank_train {'step': 34200, 'relative_mse': 0.011908015285525793, 'seconds': 128.57513015484437}
free_bank_train {'step': 34300, 'relative_mse': 0.013806740489457065, 'seconds': 128.93031088681892}
free_bank_train {'step': 34400, 'relative_mse': 0.013438196306749754, 'seconds': 129.28492291388102}
free_bank_train {'step': 34500, 'relative_mse': 0.013100022825295817, 'seconds': 129.63885914487764}
free_bank_train {'step': 34600, 'relative_mse': 0.015235925174102475, 'seconds': 129.990264137974}
free_bank_train {'step': 34700, 'relative_mse': 0.01453003452221475, 'seconds': 130.3368793898262}
free_bank_train {'step': 34800, 'relative_mse': 0.012509246343109662, 'seconds': 130.6797576569952}
free_bank_train {'step': 34900, 'relative_mse': 0.012831453344325616, 'seconds': 131.02578795491718}
free_bank_train {'step': 35000, 'relative_mse': 0.012846226773902729, 'seconds': 131.3700283349026}
free_bank_train {'step': 35100, 'relative_mse': 0.016253307057190046, 'seconds': 131.7215917399153}
free_bank_train {'step': 35200, 'relative_mse': 0.016027547679918614, 'seconds': 132.07209321390837}
free_bank_train {'step': 35300, 'relative_mse': 0.01375121059693424, 'seconds': 132.4173210938461}
free_bank_train {'step': 35400, 'relative_mse': 0.0129066949067079, 'seconds': 132.76909965183586}
free_bank_train {'step': 35500, 'relative_mse': 0.012798575796081093, 'seconds': 133.11852147686295}
free_bank_train {'step': 35600, 'relative_mse': 0.014616447258999231, 'seconds': 133.4661595118232}
free_bank_train {'step': 35700, 'relative_mse': 0.013119014914700577, 'seconds': 133.8106666689273}
free_bank_train {'step': 35800, 'relative_mse': 0.014261685131207003, 'seconds': 134.164032677887}
free_bank_train {'step': 35900, 'relative_mse': 0.012758151467282035, 'seconds': 134.51999729592353}
free_bank_train {'step': 36000, 'relative_mse': 0.012059255672651531, 'seconds': 134.86954291793518}
free_bank_train {'step': 36100, 'relative_mse': 0.011438537037156285, 'seconds': 135.35486327600665}
free_bank_train {'step': 36200, 'relative_mse': 0.01208415491549478, 'seconds': 135.69814250688069}
free_bank_train {'step': 36300, 'relative_mse': 0.012957201641290234, 'seconds': 136.04345473181456}
free_bank_train {'step': 36400, 'relative_mse': 0.013164584889637978, 'seconds': 136.38696527900174}
free_bank_train {'step': 36500, 'relative_mse': 0.013575495000366374, 'seconds': 136.7331964748446}
free_bank_train {'step': 36600, 'relative_mse': 0.012477881711503014, 'seconds': 137.08563456800766}
free_bank_train {'step': 36700, 'relative_mse': 0.01194611130192337, 'seconds': 137.43526640394703}
free_bank_train {'step': 36800, 'relative_mse': 0.01219608876068562, 'seconds': 137.78523258282803}
free_bank_train {'step': 36900, 'relative_mse': 0.01292906097992252, 'seconds': 138.1355778328143}
free_bank_train {'step': 37000, 'relative_mse': 0.014599198687976163, 'seconds': 138.48723310092464}
free_bank_train {'step': 37100, 'relative_mse': 0.012622567600178167, 'seconds': 138.83547061285935}
free_bank_train {'step': 37200, 'relative_mse': 0.010445778157112947, 'seconds': 139.17885104590096}
free_bank_train {'step': 37300, 'relative_mse': 0.013330716465098156, 'seconds': 139.53413456585258}
free_bank_train {'step': 37400, 'relative_mse': 0.012110421264914035, 'seconds': 139.89301011199132}
free_bank_train {'step': 37500, 'relative_mse': 0.012323141725964052, 'seconds': 140.24095237697475}
free_bank_train {'step': 37600, 'relative_mse': 0.012064869087573444, 'seconds': 140.58589912601747}
free_bank_train {'step': 37700, 'relative_mse': 0.01181470375079686, 'seconds': 140.9295988108497}
free_bank_train {'step': 37800, 'relative_mse': 0.012740376606108206, 'seconds': 141.27521646791138}
free_bank_train {'step': 37900, 'relative_mse': 0.013555567201160504, 'seconds': 141.62039024103433}
free_bank_train {'step': 38000, 'relative_mse': 0.011790184653940008, 'seconds': 141.9664424250368}
free_bank_train {'step': 38100, 'relative_mse': 0.010807141429737186, 'seconds': 142.4234992978163}
free_bank_train {'step': 38200, 'relative_mse': 0.01423402485250658, 'seconds': 142.77569588902406}
free_bank_train {'step': 38300, 'relative_mse': 0.01169561454115744, 'seconds': 143.12273845192976}
free_bank_train {'step': 38400, 'relative_mse': 0.011820155364669904, 'seconds': 143.47046196693555}
free_bank_train {'step': 38500, 'relative_mse': 0.013318934392477612, 'seconds': 143.81760388892144}
free_bank_train {'step': 38600, 'relative_mse': 0.00989840641681636, 'seconds': 144.18051431095228}
free_bank_train {'step': 38700, 'relative_mse': 0.01187965148855465, 'seconds': 144.5240306868218}
free_bank_train {'step': 38800, 'relative_mse': 0.010913833977329965, 'seconds': 144.87844938598573}
free_bank_train {'step': 38900, 'relative_mse': 0.012242020652728919, 'seconds': 145.23016223381273}
free_bank_train {'step': 39000, 'relative_mse': 0.011079078182797634, 'seconds': 145.57748969597742}
free_bank_train {'step': 39100, 'relative_mse': 0.013312164081590402, 'seconds': 145.92265961994417}
free_bank_train {'step': 39200, 'relative_mse': 0.011302367281797081, 'seconds': 146.26913474593312}
free_bank_train {'step': 39300, 'relative_mse': 0.012184379071683727, 'seconds': 146.6158567238599}
free_bank_train {'step': 39400, 'relative_mse': 0.00986954713672479, 'seconds': 146.9585067059379}
free_bank_train {'step': 39500, 'relative_mse': 0.011647876957982648, 'seconds': 147.30538056301884}
free_bank_train {'step': 39600, 'relative_mse': 0.011243322124402298, 'seconds': 147.66028982796706}
free_bank_train {'step': 39700, 'relative_mse': 0.012583044489131185, 'seconds': 148.01221962296404}
free_bank_train {'step': 39800, 'relative_mse': 0.01164893986574637, 'seconds': 148.3612685869448}
free_bank_train {'step': 39900, 'relative_mse': 0.011588759377668638, 'seconds': 148.71237272094004}
free_bank_train {'step': 40000, 'relative_mse': 0.011843393979742498, 'seconds': 149.06352859688923}
free_bank_train {'step': 40100, 'relative_mse': 0.013401718456701676, 'seconds': 149.54039319884032}
free_bank_train {'step': 40200, 'relative_mse': 0.013033380694944191, 'seconds': 149.89086121483706}
free_bank_train {'step': 40300, 'relative_mse': 0.01069357888639204, 'seconds': 150.24624890484847}
free_bank_train {'step': 40400, 'relative_mse': 0.010676512841151179, 'seconds': 150.596687088022}
free_bank_train {'step': 40500, 'relative_mse': 0.01123454091063475, 'seconds': 150.94195728283376}
free_bank_train {'step': 40600, 'relative_mse': 0.010830363373958558, 'seconds': 151.29187582596205}
free_bank_train {'step': 40700, 'relative_mse': 0.009703821801320721, 'seconds': 151.6390867580194}
free_bank_train {'step': 40800, 'relative_mse': 0.010191240997059226, 'seconds': 151.98639579000883}
free_bank_train {'step': 40900, 'relative_mse': 0.010115007515644175, 'seconds': 152.3289717240259}
free_bank_train {'step': 41000, 'relative_mse': 0.011329418799710486, 'seconds': 152.6811210338492}
free_bank_train {'step': 41100, 'relative_mse': 0.011066881615337351, 'seconds': 153.03618202498183}
free_bank_train {'step': 41200, 'relative_mse': 0.010350336025639287, 'seconds': 153.38436341681518}
free_bank_train {'step': 41300, 'relative_mse': 0.00968218615674798, 'seconds': 153.73704524384812}
free_bank_train {'step': 41400, 'relative_mse': 0.011284492662375498, 'seconds': 154.09054521098733}
free_bank_train {'step': 41500, 'relative_mse': 0.012077904935614659, 'seconds': 154.44032304687425}
free_bank_train {'step': 41600, 'relative_mse': 0.011420537585379895, 'seconds': 154.791086477926}
free_bank_train {'step': 41700, 'relative_mse': 0.010265171420487506, 'seconds': 155.13955675181933}
free_bank_train {'step': 41800, 'relative_mse': 0.010186167956159169, 'seconds': 155.48731658398174}
free_bank_train {'step': 41900, 'relative_mse': 0.010838452203080518, 'seconds': 155.83531579887494}
free_bank_train {'step': 42000, 'relative_mse': 0.00932988130305254, 'seconds': 156.1793066249229}
free_bank_train {'step': 42100, 'relative_mse': 0.010972855550762309, 'seconds': 156.6390214068815}
free_bank_train {'step': 42200, 'relative_mse': 0.009707114239979941, 'seconds': 156.9849615918938}
free_bank_train {'step': 42300, 'relative_mse': 0.011381267072555485, 'seconds': 157.33210027287714}
free_bank_train {'step': 42400, 'relative_mse': 0.009595946228209737, 'seconds': 157.6749550430104}
free_bank_train {'step': 42500, 'relative_mse': 0.009631847989889803, 'seconds': 158.03140386589803}
free_bank_train {'step': 42600, 'relative_mse': 0.01012108637993581, 'seconds': 158.3852233469952}
free_bank_train {'step': 42700, 'relative_mse': 0.010206097860527428, 'seconds': 158.73494277591817}
free_bank_train {'step': 42800, 'relative_mse': 0.010209567349744745, 'seconds': 159.084693496814}
free_bank_train {'step': 42900, 'relative_mse': 0.010795711973333039, 'seconds': 159.4347597269807}
free_bank_train {'step': 43000, 'relative_mse': 0.009697831949225993, 'seconds': 159.78397579491138}
free_bank_train {'step': 43100, 'relative_mse': 0.010150457471300884, 'seconds': 160.1348320930265}
free_bank_train {'step': 43200, 'relative_mse': 0.010606777878762689, 'seconds': 160.47904673987068}
free_bank_train {'step': 43300, 'relative_mse': 0.01019529013226959, 'seconds': 160.82702005794272}
free_bank_train {'step': 43400, 'relative_mse': 0.009450136336029261, 'seconds': 161.17542141885497}
free_bank_train {'step': 43500, 'relative_mse': 0.00848250757242993, 'seconds': 161.52468970092013}
free_bank_train {'step': 43600, 'relative_mse': 0.009415068179930038, 'seconds': 161.87123925890774}
free_bank_train {'step': 43700, 'relative_mse': 0.009165896694588073, 'seconds': 162.21606567781419}
free_bank_train {'step': 43800, 'relative_mse': 0.009666366046276504, 'seconds': 162.56317432085052}
free_bank_train {'step': 43900, 'relative_mse': 0.008665532051501787, 'seconds': 162.9070574149955}
free_bank_train {'step': 44000, 'relative_mse': 0.009926897292418174, 'seconds': 163.26009469199926}
free_bank_train {'step': 44100, 'relative_mse': 0.009189162415714294, 'seconds': 163.73369107791223}
free_bank_train {'step': 44200, 'relative_mse': 0.008243685758867931, 'seconds': 164.08415111992508}
free_bank_train {'step': 44300, 'relative_mse': 0.010348168807371147, 'seconds': 164.43620039895177}
free_bank_train {'step': 44400, 'relative_mse': 0.009833294715586341, 'seconds': 164.79520549601875}
free_bank_train {'step': 44500, 'relative_mse': 0.009708574023720185, 'seconds': 165.1476852488704}
free_bank_train {'step': 44600, 'relative_mse': 0.009101687869728118, 'seconds': 165.49281785287894}
free_bank_train {'step': 44700, 'relative_mse': 0.009565740537937231, 'seconds': 165.8393750868272}
free_bank_train {'step': 44800, 'relative_mse': 0.009766247639419115, 'seconds': 166.18785823485814}
free_bank_train {'step': 44900, 'relative_mse': 0.009499041972002895, 'seconds': 166.53378982283175}
free_bank_train {'step': 45000, 'relative_mse': 0.009148287708931606, 'seconds': 166.880957250949}
free_bank_train {'step': 45100, 'relative_mse': 0.008086162517069244, 'seconds': 167.22684216802008}
free_bank_train {'step': 45200, 'relative_mse': 0.010482371790803297, 'seconds': 167.57613669103011}
free_bank_train {'step': 45300, 'relative_mse': 0.008660592772324992, 'seconds': 167.92387486202642}
free_bank_train {'step': 45400, 'relative_mse': 0.009690389579429887, 'seconds': 168.2683791788295}
free_bank_train {'step': 45500, 'relative_mse': 0.00881610238146456, 'seconds': 168.62293282803148}
free_bank_train {'step': 45600, 'relative_mse': 0.008724503674277496, 'seconds': 168.9778625429608}
free_bank_train {'step': 45700, 'relative_mse': 0.008553481945035284, 'seconds': 169.3271852969192}
free_bank_train {'step': 45800, 'relative_mse': 0.008929981492547144, 'seconds': 169.68399473302998}
free_bank_train {'step': 45900, 'relative_mse': 0.009041579828879244, 'seconds': 170.03471631696448}
free_bank_train {'step': 46000, 'relative_mse': 0.009381961178636848, 'seconds': 170.382104084827}
free_bank_train {'step': 46100, 'relative_mse': 0.008781663495393706, 'seconds': 170.869697422022}
free_bank_train {'step': 46200, 'relative_mse': 0.009371709169558658, 'seconds': 171.22091503697447}
free_bank_train {'step': 46300, 'relative_mse': 0.008804413985402352, 'seconds': 171.57206920790486}
free_bank_train {'step': 46400, 'relative_mse': 0.009465455598707541, 'seconds': 171.92282950202934}
free_bank_train {'step': 46500, 'relative_mse': 0.008290139842576722, 'seconds': 172.26889157900587}
free_bank_train {'step': 46600, 'relative_mse': 0.009335465950464765, 'seconds': 172.62190781184472}
free_bank_train {'step': 46700, 'relative_mse': 0.007948547761332256, 'seconds': 172.9701925488189}
free_bank_train {'step': 46800, 'relative_mse': 0.01007693723220284, 'seconds': 173.31663133203983}
free_bank_train {'step': 46900, 'relative_mse': 0.008657034538236841, 'seconds': 173.66459003696218}
free_bank_train {'step': 47000, 'relative_mse': 0.009401821912505824, 'seconds': 174.01902018883266}
free_bank_train {'step': 47100, 'relative_mse': 0.008618980985931992, 'seconds': 174.3729926990345}
free_bank_train {'step': 47200, 'relative_mse': 0.00773716962947015, 'seconds': 174.72928060800768}
free_bank_train {'step': 47300, 'relative_mse': 0.008676810476703298, 'seconds': 175.08327635587193}
free_bank_train {'step': 47400, 'relative_mse': 0.007763193892518992, 'seconds': 175.43031556997448}
free_bank_train {'step': 47500, 'relative_mse': 0.008854967895155445, 'seconds': 175.77294676285237}
free_bank_train {'step': 47600, 'relative_mse': 0.007883661849333135, 'seconds': 176.12597326096147}
free_bank_train {'step': 47700, 'relative_mse': 0.010318174246466472, 'seconds': 176.4759210019838}
free_bank_train {'step': 47800, 'relative_mse': 0.008093360802182075, 'seconds': 176.83006752096117}
free_bank_train {'step': 47900, 'relative_mse': 0.007843390145993022, 'seconds': 177.18696236098185}
free_bank_train {'step': 48000, 'relative_mse': 0.00878122264573597, 'seconds': 177.53751450497657}
free_bank_train {'step': 48100, 'relative_mse': 0.006837240248368862, 'seconds': 178.06829159893095}
free_bank_train {'step': 48200, 'relative_mse': 0.00774212447491324, 'seconds': 178.41757159586996}
free_bank_train {'step': 48300, 'relative_mse': 0.008287490836165985, 'seconds': 178.76649155793712}
free_bank_train {'step': 48400, 'relative_mse': 0.009285267551579327, 'seconds': 179.11608720803633}
free_bank_train {'step': 48500, 'relative_mse': 0.007677133727658306, 'seconds': 179.4707831949927}
free_bank_train {'step': 48600, 'relative_mse': 0.006928065137024282, 'seconds': 179.82358376891352}
free_bank_train {'step': 48700, 'relative_mse': 0.007195351798418054, 'seconds': 180.17583864484914}
free_bank_train {'step': 48800, 'relative_mse': 0.008817051339088066, 'seconds': 180.51921166689135}
free_bank_train {'step': 48900, 'relative_mse': 0.008570701989441865, 'seconds': 180.86190945003182}
free_bank_train {'step': 49000, 'relative_mse': 0.007362660775688834, 'seconds': 181.20823514298536}
free_bank_train {'step': 49100, 'relative_mse': 0.007172902530338518, 'seconds': 181.57962649385445}
free_bank_train {'step': 49200, 'relative_mse': 0.007503000695988499, 'seconds': 181.93502752296627}
free_bank_train {'step': 49300, 'relative_mse': 0.008825471338298923, 'seconds': 182.28870854899287}
free_bank_train {'step': 49400, 'relative_mse': 0.007219967466441495, 'seconds': 182.6823843328748}
free_bank_train {'step': 49500, 'relative_mse': 0.007801960323148419, 'seconds': 183.03360764798708}
free_bank_train {'step': 49600, 'relative_mse': 0.0073920201361964664, 'seconds': 183.38453715504147}
free_bank_train {'step': 49700, 'relative_mse': 0.006963085178272261, 'seconds': 183.7339986579027}
free_bank_train {'step': 49800, 'relative_mse': 0.007739912056569068, 'seconds': 184.08137172600254}
free_bank_train {'step': 49900, 'relative_mse': 0.005605146181412388, 'seconds': 184.43464094493538}
free_bank_train {'step': 50000, 'relative_mse': 0.007078639183373222, 'seconds': 184.7903883960098}
free_bank_train {'step': 50100, 'relative_mse': 0.007654347779099136, 'seconds': 185.28299202700146}
free_bank_train {'step': 50200, 'relative_mse': 0.006857273779603094, 'seconds': 185.6292325509712}
free_bank_train {'step': 50300, 'relative_mse': 0.008000207254067856, 'seconds': 185.97330457693897}
free_bank_train {'step': 50400, 'relative_mse': 0.0062601759939747295, 'seconds': 186.31970744696446}
free_bank_train {'step': 50500, 'relative_mse': 0.007215622649053362, 'seconds': 186.66461046296172}
free_bank_train {'step': 50600, 'relative_mse': 0.006709732147106831, 'seconds': 187.01375323696993}
free_bank_train {'step': 50700, 'relative_mse': 0.006499894402247482, 'seconds': 187.36638398491777}
free_bank_train {'step': 50800, 'relative_mse': 0.006876055230742724, 'seconds': 187.7145753519144}
free_bank_train {'step': 50900, 'relative_mse': 0.006869280030743375, 'seconds': 188.06678785197437}
free_bank_train {'step': 51000, 'relative_mse': 0.006567800590161738, 'seconds': 188.418583630817}
free_bank_train {'step': 51100, 'relative_mse': 0.00785703877208227, 'seconds': 188.76885243901052}
free_bank_train {'step': 51200, 'relative_mse': 0.0070797716209703545, 'seconds': 189.1215348909609}
free_bank_train {'step': 51300, 'relative_mse': 0.006127897101273545, 'seconds': 189.4713323370088}
free_bank_train {'step': 51400, 'relative_mse': 0.006518020725234389, 'seconds': 189.82656872691587}
free_bank_train {'step': 51500, 'relative_mse': 0.005962182115226027, 'seconds': 190.1813571159728}
free_bank_train {'step': 51600, 'relative_mse': 0.007365569375168524, 'seconds': 190.5342875388451}
free_bank_train {'step': 51700, 'relative_mse': 0.007223963316234584, 'seconds': 190.89093364495784}
free_bank_train {'step': 51800, 'relative_mse': 0.007580773681878823, 'seconds': 191.24000786687247}
free_bank_train {'step': 51900, 'relative_mse': 0.006367886307612436, 'seconds': 191.58732930594124}
free_bank_train {'step': 52000, 'relative_mse': 0.006870151032973959, 'seconds': 191.9356078528799}
free_bank_train {'step': 52100, 'relative_mse': 0.007160595914915785, 'seconds': 192.43269504001364}
free_bank_train {'step': 52200, 'relative_mse': 0.00624867094763366, 'seconds': 192.78705807682127}
free_bank_train {'step': 52300, 'relative_mse': 0.006763458189952802, 'seconds': 193.13600472384132}
free_bank_train {'step': 52400, 'relative_mse': 0.005778625597973851, 'seconds': 193.48660320788622}
free_bank_train {'step': 52500, 'relative_mse': 0.007373255172759496, 'seconds': 193.83652911684476}
free_bank_train {'step': 52600, 'relative_mse': 0.007340176760727452, 'seconds': 194.188415922923}
free_bank_train {'step': 52700, 'relative_mse': 0.007358997514324388, 'seconds': 194.53657743497752}
free_bank_train {'step': 52800, 'relative_mse': 0.006719933097057077, 'seconds': 194.88671568082646}
free_bank_train {'step': 52900, 'relative_mse': 0.006698268314033128, 'seconds': 195.23923878301866}
free_bank_train {'step': 53000, 'relative_mse': 0.006828545980685806, 'seconds': 195.58581214398146}
free_bank_train {'step': 53100, 'relative_mse': 0.0063777096915507096, 'seconds': 195.93061347096227}
free_bank_train {'step': 53200, 'relative_mse': 0.006354298138848961, 'seconds': 196.27638429496437}
free_bank_train {'step': 53300, 'relative_mse': 0.0063838879306454795, 'seconds': 196.6235536870081}
free_bank_train {'step': 53400, 'relative_mse': 0.0054186039928626265, 'seconds': 196.96924893697724}
free_bank_train {'step': 53500, 'relative_mse': 0.006779762235017556, 'seconds': 197.31415572483093}
free_bank_train {'step': 53600, 'relative_mse': 0.006383894477331058, 'seconds': 197.66485733399168}
free_bank_train {'step': 53700, 'relative_mse': 0.0062097007181291354, 'seconds': 198.02382162283175}
free_bank_train {'step': 53800, 'relative_mse': 0.005701518649573677, 'seconds': 198.38256261195056}
free_bank_train {'step': 53900, 'relative_mse': 0.005838811317466721, 'seconds': 198.7402063489426}
free_bank_train {'step': 54000, 'relative_mse': 0.006592646564967027, 'seconds': 199.1089400970377}
free_bank_train {'step': 54100, 'relative_mse': 0.005875007308175748, 'seconds': 199.6330407448113}
free_bank_train {'step': 54200, 'relative_mse': 0.006437169666275217, 'seconds': 199.98617490497418}
free_bank_train {'step': 54300, 'relative_mse': 0.006574910854907575, 'seconds': 200.34316418599337}
free_bank_train {'step': 54400, 'relative_mse': 0.005564478833177283, 'seconds': 200.70016460795887}
free_bank_train {'step': 54500, 'relative_mse': 0.005116483806920217, 'seconds': 201.0541706578806}
free_bank_train {'step': 54600, 'relative_mse': 0.005300882944527197, 'seconds': 201.41143014584668}
free_bank_train {'step': 54700, 'relative_mse': 0.005894072611738294, 'seconds': 201.7651152878534}
free_bank_train {'step': 54800, 'relative_mse': 0.007001760633651971, 'seconds': 202.1191707230173}
free_bank_train {'step': 54900, 'relative_mse': 0.006067377646275294, 'seconds': 202.47208453994244}
free_bank_train {'step': 55000, 'relative_mse': 0.004837509416591573, 'seconds': 202.8270503890235}
free_bank_train {'step': 55100, 'relative_mse': 0.006511388469041279, 'seconds': 203.1875394959934}
free_bank_train {'step': 55200, 'relative_mse': 0.0058932792277371126, 'seconds': 203.55103160697035}
free_bank_train {'step': 55300, 'relative_mse': 0.0054814380032214395, 'seconds': 203.90802126401104}
free_bank_train {'step': 55400, 'relative_mse': 0.005810457411999475, 'seconds': 204.26708135195076}
free_bank_train {'step': 55500, 'relative_mse': 0.005489523405036466, 'seconds': 204.6278129608836}
free_bank_train {'step': 55600, 'relative_mse': 0.006122683856335094, 'seconds': 204.9879759689793}
free_bank_train {'step': 55700, 'relative_mse': 0.005195312980778723, 'seconds': 205.34142354293726}
free_bank_train {'step': 55800, 'relative_mse': 0.0054239881785567235, 'seconds': 205.6958464400377}
free_bank_train {'step': 55900, 'relative_mse': 0.006308345215711282, 'seconds': 206.0541829939466}
free_bank_train {'step': 56000, 'relative_mse': 0.004855418905920664, 'seconds': 206.4141794119496}
free_bank_train {'step': 56100, 'relative_mse': 0.0053533368485412635, 'seconds': 206.920392712811}
free_bank_train {'step': 56200, 'relative_mse': 0.004574606014420554, 'seconds': 207.27637777803466}
free_bank_train {'step': 56300, 'relative_mse': 0.005689802242565857, 'seconds': 207.63221763796173}
free_bank_train {'step': 56400, 'relative_mse': 0.005607802882248894, 'seconds': 207.98625590186566}
free_bank_train {'step': 56500, 'relative_mse': 0.006289450513794836, 'seconds': 208.35156647791155}
free_bank_train {'step': 56600, 'relative_mse': 0.005041417928898223, 'seconds': 208.71244988497347}
free_bank_train {'step': 56700, 'relative_mse': 0.005400782516705356, 'seconds': 209.07005874696188}
free_bank_train {'step': 56800, 'relative_mse': 0.0051842168750967695, 'seconds': 209.43135647499003}
free_bank_train {'step': 56900, 'relative_mse': 0.0052945700995564865, 'seconds': 209.7931188410148}
free_bank_train {'step': 57000, 'relative_mse': 0.004537326430403256, 'seconds': 210.1590525000356}
free_bank_train {'step': 57100, 'relative_mse': 0.005639324342682149, 'seconds': 210.51134872599505}
free_bank_train {'step': 57200, 'relative_mse': 0.005899878732149271, 'seconds': 210.86613968387246}
free_bank_train {'step': 57300, 'relative_mse': 0.0047586413708991145, 'seconds': 211.2295081759803}
free_bank_train {'step': 57400, 'relative_mse': 0.005533495513334659, 'seconds': 211.60233572195284}
free_bank_train {'step': 57500, 'relative_mse': 0.00491946533902709, 'seconds': 211.95902812085114}
free_bank_train {'step': 57600, 'relative_mse': 0.005117974731560175, 'seconds': 212.31269514281303}
free_bank_train {'step': 57700, 'relative_mse': 0.0052046244936855, 'seconds': 212.66990339197218}
free_bank_train {'step': 57800, 'relative_mse': 0.004410898729854224, 'seconds': 213.02419686992653}
free_bank_train {'step': 57900, 'relative_mse': 0.004643333365614973, 'seconds': 213.38087350595742}
free_bank_train {'step': 58000, 'relative_mse': 0.0061624379340360375, 'seconds': 213.7433344000019}
free_bank_train {'step': 58100, 'relative_mse': 0.0049258886150178515, 'seconds': 214.28810566081665}
free_bank_train {'step': 58200, 'relative_mse': 0.0048244892245651915, 'seconds': 214.64922523801215}
free_bank_train {'step': 58300, 'relative_mse': 0.00465514638885306, 'seconds': 215.0102013128344}
free_bank_train {'step': 58400, 'relative_mse': 0.004306497234428498, 'seconds': 215.3721400448121}
free_bank_train {'step': 58500, 'relative_mse': 0.0050521826983429205, 'seconds': 215.7255906399805}
free_bank_train {'step': 58600, 'relative_mse': 0.005406162567520124, 'seconds': 216.0807024068199}
free_bank_train {'step': 58700, 'relative_mse': 0.005120645020534541, 'seconds': 216.4392052469775}
free_bank_train {'step': 58800, 'relative_mse': 0.004160888788444377, 'seconds': 216.79580495599657}
free_bank_train {'step': 58900, 'relative_mse': 0.004658618909291185, 'seconds': 217.1503048739396}
free_bank_train {'step': 59000, 'relative_mse': 0.005900237301802775, 'seconds': 217.49914242187515}
free_bank_train {'step': 59100, 'relative_mse': 0.004495703768976413, 'seconds': 217.860160715878}
free_bank_train {'step': 59200, 'relative_mse': 0.004573003992396587, 'seconds': 218.21438490785658}
free_bank_train {'step': 59300, 'relative_mse': 0.004665500265457952, 'seconds': 218.56754034291953}
free_bank_train {'step': 59400, 'relative_mse': 0.005338899045534239, 'seconds': 218.92828254192136}
free_bank_train {'step': 59500, 'relative_mse': 0.004571556929662368, 'seconds': 219.29114088695496}
free_bank_train {'step': 59600, 'relative_mse': 0.004824688236326128, 'seconds': 219.64565094490536}
free_bank_train {'step': 59700, 'relative_mse': 0.003971460710628547, 'seconds': 219.99854095187038}
free_bank_train {'step': 59800, 'relative_mse': 0.004155106981961195, 'seconds': 220.38157188682817}
free_bank_train {'step': 59900, 'relative_mse': 0.003918634553394771, 'seconds': 220.72575712087564}
free_bank_train {'step': 60000, 'relative_mse': 0.004286116010973484, 'seconds': 221.0732966219075}
free_bank_train {'step': 60100, 'relative_mse': 0.004743186189463415, 'seconds': 221.58906214381568}
free_bank_train {'step': 60200, 'relative_mse': 0.003956932064350379, 'seconds': 221.94566931691952}
free_bank_train {'step': 60300, 'relative_mse': 0.0046431084603047075, 'seconds': 222.29186128894798}
free_bank_train {'step': 60400, 'relative_mse': 0.004291646501295172, 'seconds': 222.63850780390203}
free_bank_train {'step': 60500, 'relative_mse': 0.004509125180951397, 'seconds': 222.9926258509513}
free_bank_train {'step': 60600, 'relative_mse': 0.004753340288746633, 'seconds': 223.34087176481262}
free_bank_train {'step': 60700, 'relative_mse': 0.00477660219287405, 'seconds': 223.6901450860314}
free_bank_train {'step': 60800, 'relative_mse': 0.003968941990236545, 'seconds': 224.04012441681698}
free_bank_train {'step': 60900, 'relative_mse': 0.004287974553991367, 'seconds': 224.3977436949499}
free_bank_train {'step': 61000, 'relative_mse': 0.004505193258050854, 'seconds': 224.74625745788217}
free_bank_train {'step': 61100, 'relative_mse': 0.00485088294916312, 'seconds': 225.10185174294747}
free_bank_train {'step': 61200, 'relative_mse': 0.0038347507205802396, 'seconds': 225.44932439993136}
free_bank_train {'step': 61300, 'relative_mse': 0.0038151886067927473, 'seconds': 225.79577443702146}
free_bank_train {'step': 61400, 'relative_mse': 0.004658186748377166, 'seconds': 226.13915404002182}
free_bank_train {'step': 61500, 'relative_mse': 0.0032200974711497536, 'seconds': 226.48073212290183}
free_bank_train {'step': 61600, 'relative_mse': 0.004599365067943706, 'seconds': 226.8332570658531}
free_bank_train {'step': 61700, 'relative_mse': 0.0037900657495830376, 'seconds': 227.18230737186968}
free_bank_train {'step': 61800, 'relative_mse': 0.004508426477078074, 'seconds': 227.5274051928427}
free_bank_train {'step': 61900, 'relative_mse': 0.0034833560466522107, 'seconds': 227.87387363496237}
free_bank_train {'step': 62000, 'relative_mse': 0.0035373505047066466, 'seconds': 228.21886882395484}
free_bank_train {'step': 62100, 'relative_mse': 0.004287622293335021, 'seconds': 228.7158131459728}
free_bank_train {'step': 62200, 'relative_mse': 0.003422930268645326, 'seconds': 229.05891267792322}
free_bank_train {'step': 62300, 'relative_mse': 0.004377899059823075, 'seconds': 229.4120865778532}
free_bank_train {'step': 62400, 'relative_mse': 0.0035033252006598696, 'seconds': 229.76797601301223}
free_bank_train {'step': 62500, 'relative_mse': 0.003644612876774849, 'seconds': 230.12068906985223}
free_bank_train {'step': 62600, 'relative_mse': 0.003728302397429915, 'seconds': 230.4656061779242}
free_bank_train {'step': 62700, 'relative_mse': 0.004399957377473012, 'seconds': 230.81201385590248}
free_bank_train {'step': 62800, 'relative_mse': 0.00458173673668738, 'seconds': 231.15601880685426}
free_bank_train {'step': 62900, 'relative_mse': 0.00436530886665646, 'seconds': 231.50119383493438}
free_bank_train {'step': 63000, 'relative_mse': 0.003476747396587795, 'seconds': 231.85007559601218}
free_bank_train {'step': 63100, 'relative_mse': 0.00398592585267551, 'seconds': 232.2088986709714}
free_bank_train {'step': 63200, 'relative_mse': 0.0033472872864180104, 'seconds': 232.55886639491655}
free_bank_train {'step': 63300, 'relative_mse': 0.004340567637365817, 'seconds': 232.90525751793757}
free_bank_train {'step': 63400, 'relative_mse': 0.004433526385330422, 'seconds': 233.25192944402806}
free_bank_train {'step': 63500, 'relative_mse': 0.003270702900246843, 'seconds': 233.5986445748713}
free_bank_train {'step': 63600, 'relative_mse': 0.0033786312387891868, 'seconds': 233.94600126589648}
free_bank_train {'step': 63700, 'relative_mse': 0.004236035357682134, 'seconds': 234.29066471592523}
free_bank_train {'step': 63800, 'relative_mse': 0.0039455036426864504, 'seconds': 234.64073486998677}
free_bank_train {'step': 63900, 'relative_mse': 0.0036736522771340483, 'seconds': 234.99324817000888}
free_bank_train {'step': 64000, 'relative_mse': 0.0035568411158074017, 'seconds': 235.34081571898423}
free_bank_train {'step': 64100, 'relative_mse': 0.003616460369983038, 'seconds': 235.89644078584388}
free_bank_train {'step': 64200, 'relative_mse': 0.0035870041274372513, 'seconds': 236.2440244469326}
free_bank_train {'step': 64300, 'relative_mse': 0.003118363240219632, 'seconds': 236.58743368904106}
free_bank_train {'step': 64400, 'relative_mse': 0.003337741289535821, 'seconds': 236.92959077493288}
free_bank_train {'step': 64500, 'relative_mse': 0.00371884519258825, 'seconds': 237.28352334094234}
free_bank_train {'step': 64600, 'relative_mse': 0.0035481613952611742, 'seconds': 237.63676466187462}
free_bank_train {'step': 64700, 'relative_mse': 0.003193251023981356, 'seconds': 237.98271131888032}
free_bank_train {'step': 64800, 'relative_mse': 0.004978989341449303, 'seconds': 238.3290621410124}
free_bank_train {'step': 64900, 'relative_mse': 0.003512325217027828, 'seconds': 238.67686962988228}
free_bank_train {'step': 65000, 'relative_mse': 0.0034314624260034753, 'seconds': 239.02542490581982}
free_bank_train {'step': 65100, 'relative_mse': 0.0029945419873159585, 'seconds': 239.37577153998427}
free_bank_train {'step': 65200, 'relative_mse': 0.002676296009903462, 'seconds': 239.72672683396377}
free_bank_train {'step': 65300, 'relative_mse': 0.003668274144969232, 'seconds': 240.08054198604077}
free_bank_train {'step': 65400, 'relative_mse': 0.0033650201222502523, 'seconds': 240.42792338691652}
free_bank_train {'step': 65500, 'relative_mse': 0.0033082265120513692, 'seconds': 240.7751967809163}
free_bank_train {'step': 65600, 'relative_mse': 0.003437441707250903, 'seconds': 241.12305608787574}
free_bank_train {'step': 65700, 'relative_mse': 0.0029145421055069027, 'seconds': 241.46754799294285}
free_bank_train {'step': 65800, 'relative_mse': 0.002896659008978498, 'seconds': 241.8126085998956}
free_bank_train {'step': 65900, 'relative_mse': 0.002850060636215645, 'seconds': 242.15802422794513}
free_bank_train {'step': 66000, 'relative_mse': 0.003512247858527702, 'seconds': 242.50724452990107}
free_bank_train {'step': 66100, 'relative_mse': 0.002955942597579116, 'seconds': 242.97325354791246}
free_bank_train {'step': 66200, 'relative_mse': 0.0031335363813140256, 'seconds': 243.3238758079242}
free_bank_train {'step': 66300, 'relative_mse': 0.003101769347924766, 'seconds': 243.6744337938726}
free_bank_train {'step': 66400, 'relative_mse': 0.003407193530998752, 'seconds': 244.0240141749382}
free_bank_train {'step': 66500, 'relative_mse': 0.0026361792603793585, 'seconds': 244.3764405050315}
free_bank_train {'step': 66600, 'relative_mse': 0.0026741088790949324, 'seconds': 244.72589252283797}
free_bank_train {'step': 66700, 'relative_mse': 0.0037999577360949806, 'seconds': 245.08245385391638}
free_bank_train {'step': 66800, 'relative_mse': 0.0033607394280096518, 'seconds': 245.43104536202736}
free_bank_train {'step': 66900, 'relative_mse': 0.0036245100046556887, 'seconds': 245.77729811589234}
free_bank_train {'step': 67000, 'relative_mse': 0.002948560362940662, 'seconds': 246.12055087299086}
free_bank_train {'step': 67100, 'relative_mse': 0.0028613361427691137, 'seconds': 246.46535932901315}
free_bank_train {'step': 67200, 'relative_mse': 0.003284120839315372, 'seconds': 246.80769778392278}
free_bank_train {'step': 67300, 'relative_mse': 0.003155977483198682, 'seconds': 247.15186199895106}
free_bank_train {'step': 67400, 'relative_mse': 0.0026548856000390792, 'seconds': 247.4936260250397}
free_bank_train {'step': 67500, 'relative_mse': 0.0022395980446648475, 'seconds': 247.84257813799195}
free_bank_train {'step': 67600, 'relative_mse': 0.002809778104851039, 'seconds': 248.1931409779936}
free_bank_train {'step': 67700, 'relative_mse': 0.0038211113698415075, 'seconds': 248.5416701140348}
free_bank_train {'step': 67800, 'relative_mse': 0.0028119120810580402, 'seconds': 248.88822286599316}
free_bank_train {'step': 67900, 'relative_mse': 0.0028845000928020177, 'seconds': 249.2377564869821}
free_bank_train {'step': 68000, 'relative_mse': 0.00309800096393224, 'seconds': 249.58602987788618}
free_bank_train {'step': 68100, 'relative_mse': 0.002651514263024945, 'seconds': 250.04435386881232}
free_bank_train {'step': 68200, 'relative_mse': 0.0025037779925488187, 'seconds': 250.38996744994074}
free_bank_train {'step': 68300, 'relative_mse': 0.002943789203287409, 'seconds': 250.73558907094412}
free_bank_train {'step': 68400, 'relative_mse': 0.002567742025764744, 'seconds': 251.09982158290222}
free_bank_train {'step': 68500, 'relative_mse': 0.0032141546347261006, 'seconds': 251.44348879391328}
free_bank_train {'step': 68600, 'relative_mse': 0.0028731037492072554, 'seconds': 251.78678612294607}
free_bank_train {'step': 68700, 'relative_mse': 0.003092374066962039, 'seconds': 252.1343915630132}
free_bank_train {'step': 68800, 'relative_mse': 0.002823545222687964, 'seconds': 252.48626353289}
free_bank_train {'step': 68900, 'relative_mse': 0.003583814973449742, 'seconds': 252.8307165778242}
free_bank_train {'step': 69000, 'relative_mse': 0.0024760389683226754, 'seconds': 253.17917896294966}
free_bank_train {'step': 69100, 'relative_mse': 0.0034828670654378814, 'seconds': 253.5338399258908}
free_bank_train {'step': 69200, 'relative_mse': 0.002838519778674486, 'seconds': 253.88049021386541}
free_bank_train {'step': 69300, 'relative_mse': 0.002913447914485754, 'seconds': 254.22932646400295}
free_bank_train {'step': 69400, 'relative_mse': 0.0026243469116770408, 'seconds': 254.57925668894313}
free_bank_train {'step': 69500, 'relative_mse': 0.002188641242378418, 'seconds': 254.92710563191213}
free_bank_train {'step': 69600, 'relative_mse': 0.0024599894330176505, 'seconds': 255.27701324690133}
free_bank_train {'step': 69700, 'relative_mse': 0.0038968058386570133, 'seconds': 255.618014162872}
free_bank_train {'step': 69800, 'relative_mse': 0.002734746396783891, 'seconds': 255.96380428783596}
free_bank_train {'step': 69900, 'relative_mse': 0.002737529091195204, 'seconds': 256.31010928587057}
free_bank_train {'step': 70000, 'relative_mse': 0.0023251031367230684, 'seconds': 256.65687364083715}
free_bank_train {'step': 70100, 'relative_mse': 0.0025309809553836857, 'seconds': 257.14185925596394}
free_bank_train {'step': 70200, 'relative_mse': 0.003050000003236095, 'seconds': 257.484168444993}
free_bank_train {'step': 70300, 'relative_mse': 0.0029520524517248356, 'seconds': 257.82748103281483}
free_bank_train {'step': 70400, 'relative_mse': 0.002686782566702712, 'seconds': 258.1734956218861}
free_bank_train {'step': 70500, 'relative_mse': 0.0025154321174115863, 'seconds': 258.5236363839358}
free_bank_train {'step': 70600, 'relative_mse': 0.0021276832614726356, 'seconds': 258.8745131008327}
free_bank_train {'step': 70700, 'relative_mse': 0.002508993381895633, 'seconds': 259.22259764000773}
free_bank_train {'step': 70800, 'relative_mse': 0.0026779202107007497, 'seconds': 259.57152951089665}
free_bank_train {'step': 70900, 'relative_mse': 0.0019121634652133183, 'seconds': 259.9196333489381}
free_bank_train {'step': 71000, 'relative_mse': 0.0024848954078970434, 'seconds': 260.267115190858}
free_bank_train {'step': 71100, 'relative_mse': 0.0023780646271119405, 'seconds': 260.6066715568304}
free_bank_train {'step': 71200, 'relative_mse': 0.003149363038915186, 'seconds': 260.94685899093747}
free_bank_train {'step': 71300, 'relative_mse': 0.0028035556158625416, 'seconds': 261.2920810978394}
free_bank_train {'step': 71400, 'relative_mse': 0.0026527283157366808, 'seconds': 261.6412548159715}
free_bank_train {'step': 71500, 'relative_mse': 0.002402024415003996, 'seconds': 261.9873219160363}
free_bank_train {'step': 71600, 'relative_mse': 0.0025865914785008094, 'seconds': 262.33179411897436}
free_bank_train {'step': 71700, 'relative_mse': 0.0030721061356083056, 'seconds': 262.68594069685787}
free_bank_train {'step': 71800, 'relative_mse': 0.0023160951471246625, 'seconds': 263.03604106092826}
free_bank_train {'step': 71900, 'relative_mse': 0.002509486116098635, 'seconds': 263.3881882999558}
free_bank_train {'step': 72000, 'relative_mse': 0.0030555691421867773, 'seconds': 263.73951903986745}
free_bank_train {'step': 72100, 'relative_mse': 0.002324419317373352, 'seconds': 264.24044390092604}
free_bank_train {'step': 72200, 'relative_mse': 0.0029495639592584354, 'seconds': 264.5940665479284}
free_bank_train {'step': 72300, 'relative_mse': 0.0022631723579766942, 'seconds': 264.9451116719283}
free_bank_train {'step': 72400, 'relative_mse': 0.0019177582092422259, 'seconds': 265.2957560499199}
free_bank_train {'step': 72500, 'relative_mse': 0.0021225302869207013, 'seconds': 265.64085021591745}
free_bank_train {'step': 72600, 'relative_mse': 0.0017745263909797666, 'seconds': 265.98669205093756}
free_bank_train {'step': 72700, 'relative_mse': 0.0024451290632520493, 'seconds': 266.33336098096333}
free_bank_train {'step': 72800, 'relative_mse': 0.001795766120670341, 'seconds': 266.68757310695946}
free_bank_train {'step': 72900, 'relative_mse': 0.0027929902021656405, 'seconds': 267.03958487999626}
free_bank_train {'step': 73000, 'relative_mse': 0.002450825682739941, 'seconds': 267.39020576281473}
free_bank_train {'step': 73100, 'relative_mse': 0.0023021735044528257, 'seconds': 267.7394932359457}
free_bank_train {'step': 73200, 'relative_mse': 0.0019786837981472243, 'seconds': 268.0933168148622}
free_bank_train {'step': 73300, 'relative_mse': 0.001956387847080389, 'seconds': 268.450180956861}
free_bank_train {'step': 73400, 'relative_mse': 0.0022915963191840233, 'seconds': 268.7993647728581}
free_bank_train {'step': 73500, 'relative_mse': 0.0026867234762554, 'seconds': 269.15607521589845}
free_bank_train {'step': 73600, 'relative_mse': 0.0021816420221378845, 'seconds': 269.51263044192456}
free_bank_train {'step': 73700, 'relative_mse': 0.0017170188823363722, 'seconds': 269.8702978689689}
free_bank_train {'step': 73800, 'relative_mse': 0.002451558361146316, 'seconds': 270.2254870668985}
free_bank_train {'step': 73900, 'relative_mse': 0.0029926641659915112, 'seconds': 270.5714155510068}
free_bank_train {'step': 74000, 'relative_mse': 0.0018158751709062466, 'seconds': 270.9183750038501}
free_bank_train {'step': 74100, 'relative_mse': 0.002277968723560188, 'seconds': 271.4205504108686}
free_bank_train {'step': 74200, 'relative_mse': 0.0018964119258508792, 'seconds': 271.7697101049125}
free_bank_train {'step': 74300, 'relative_mse': 0.002077769792858961, 'seconds': 272.12415404291824}
free_bank_train {'step': 74400, 'relative_mse': 0.0017970611166216823, 'seconds': 272.4732211639639}
free_bank_train {'step': 74500, 'relative_mse': 0.0028654122313178706, 'seconds': 272.82406008196995}
free_bank_train {'step': 74600, 'relative_mse': 0.0020452063762807574, 'seconds': 273.17509987484664}
free_bank_train {'step': 74700, 'relative_mse': 0.002175437485514819, 'seconds': 273.5243912169244}
free_bank_train {'step': 74800, 'relative_mse': 0.0024531438962341863, 'seconds': 273.8780820579268}
free_bank_train {'step': 74900, 'relative_mse': 0.0025241964582499938, 'seconds': 274.236763862893}
free_bank_train {'step': 75000, 'relative_mse': 0.0020523855478976204, 'seconds': 274.59356912085786}
free_bank_train {'step': 75100, 'relative_mse': 0.0022780908371487774, 'seconds': 274.9511015689932}
free_bank_train {'step': 75200, 'relative_mse': 0.0025155031139586226, 'seconds': 275.308092524996}
free_bank_train {'step': 75300, 'relative_mse': 0.002020979527957845, 'seconds': 275.6547483250033}
free_bank_train {'step': 75400, 'relative_mse': 0.0020496018580795266, 'seconds': 276.00282597588375}
free_bank_train {'step': 75500, 'relative_mse': 0.0021434535155546585, 'seconds': 276.3501300360076}
free_bank_train {'step': 75600, 'relative_mse': 0.0020090249982549924, 'seconds': 276.69472633395344}
free_bank_train {'step': 75700, 'relative_mse': 0.0021661361892166995, 'seconds': 277.045115579851}
free_bank_train {'step': 75800, 'relative_mse': 0.0022944055550346938, 'seconds': 277.4002224369906}
free_bank_train {'step': 75900, 'relative_mse': 0.0015391035506978727, 'seconds': 277.75048753991723}
free_bank_train {'step': 76000, 'relative_mse': 0.0019257470436366375, 'seconds': 278.09965039696544}
free_bank_train {'step': 76100, 'relative_mse': 0.0016858933036077682, 'seconds': 278.59622750082053}
free_bank_train {'step': 76200, 'relative_mse': 0.0016502838199243149, 'seconds': 278.94699257193133}
free_bank_train {'step': 76300, 'relative_mse': 0.002062883333839662, 'seconds': 279.29393504583277}
free_bank_train {'step': 76400, 'relative_mse': 0.0019421488535880003, 'seconds': 279.64489182899706}
free_bank_train {'step': 76500, 'relative_mse': 0.0017720284301145474, 'seconds': 280.0037868968211}
free_bank_train {'step': 76600, 'relative_mse': 0.001405551960706791, 'seconds': 280.35564266797155}
free_bank_train {'step': 76700, 'relative_mse': 0.001510972310597659, 'seconds': 280.70106893382035}
free_bank_train {'step': 76800, 'relative_mse': 0.002001918635998032, 'seconds': 281.04876988590695}
free_bank_train {'step': 76900, 'relative_mse': 0.0020962505913158518, 'seconds': 281.398876366904}
free_bank_train {'step': 77000, 'relative_mse': 0.001952501288249902, 'seconds': 281.75548069900833}
free_bank_train {'step': 77100, 'relative_mse': 0.002160670272980317, 'seconds': 282.09993312601}
free_bank_train {'step': 77200, 'relative_mse': 0.0016315437377354804, 'seconds': 282.45541529287584}
free_bank_train {'step': 77300, 'relative_mse': 0.001646968716588932, 'seconds': 282.81481222691946}
free_bank_train {'step': 77400, 'relative_mse': 0.0020834090634169, 'seconds': 283.16665963293053}
free_bank_train {'step': 77500, 'relative_mse': 0.0020548231000142025, 'seconds': 283.5186787468847}
free_bank_train {'step': 77600, 'relative_mse': 0.0018847241094521795, 'seconds': 283.8708299170248}
free_bank_train {'step': 77700, 'relative_mse': 0.0022159257845253168, 'seconds': 284.22307579102926}
free_bank_train {'step': 77800, 'relative_mse': 0.0017378302940828328, 'seconds': 284.5740995898377}
free_bank_train {'step': 77900, 'relative_mse': 0.0018090258806311857, 'seconds': 284.92818298283964}
free_bank_train {'step': 78000, 'relative_mse': 0.002276863840651425, 'seconds': 285.284637182951}
free_bank_train {'step': 78100, 'relative_mse': 0.0018987700791131823, 'seconds': 285.76869913795963}
free_bank_train {'step': 78200, 'relative_mse': 0.0020523326550691383, 'seconds': 286.11535657802597}
free_bank_train {'step': 78300, 'relative_mse': 0.0018824471507682158, 'seconds': 286.4613424988929}
free_bank_train {'step': 78400, 'relative_mse': 0.0016950010334738676, 'seconds': 286.8150225968566}
free_bank_train {'step': 78500, 'relative_mse': 0.0022636869209635116, 'seconds': 287.16661664284766}
free_bank_train {'step': 78600, 'relative_mse': 0.0018797510185155615, 'seconds': 287.51688570086844}
free_bank_train {'step': 78700, 'relative_mse': 0.0016202308019773565, 'seconds': 287.8720701949205}
free_bank_train {'step': 78800, 'relative_mse': 0.001606072831543067, 'seconds': 288.24644108489156}
free_bank_train {'step': 78900, 'relative_mse': 0.002249289250940167, 'seconds': 288.5997546268627}
free_bank_train {'step': 79000, 'relative_mse': 0.0021541801074557304, 'seconds': 288.952784037916}
free_bank_train {'step': 79100, 'relative_mse': 0.002011277595980918, 'seconds': 289.3043299159035}
free_bank_train {'step': 79200, 'relative_mse': 0.0020524667375644706, 'seconds': 289.6560937939212}
free_bank_train {'step': 79300, 'relative_mse': 0.0018454261168025653, 'seconds': 290.0019455428701}
free_bank_train {'step': 79400, 'relative_mse': 0.0015283390752527236, 'seconds': 290.36082378588617}
free_bank_train {'step': 79500, 'relative_mse': 0.0018775339569436656, 'seconds': 290.7099702039268}
free_bank_train {'step': 79600, 'relative_mse': 0.0020424904680961626, 'seconds': 291.05621608998626}
free_bank_train {'step': 79700, 'relative_mse': 0.0019605682320972474, 'seconds': 291.40489251283}
free_bank_train {'step': 79800, 'relative_mse': 0.0013531043579961208, 'seconds': 291.7526102438569}
free_bank_train {'step': 79900, 'relative_mse': 0.0014495648315932072, 'seconds': 292.1005639268551}
free_bank_train {'step': 80000, 'relative_mse': 0.0013753410464634051, 'seconds': 292.44792326702736}
free_bank_train {'step': 80100, 'relative_mse': 0.001988183525879539, 'seconds': 292.94150466495194}
free_bank_train {'step': 80200, 'relative_mse': 0.0018462750384331521, 'seconds': 293.30039327801205}
free_bank_train {'step': 80300, 'relative_mse': 0.002161858260613783, 'seconds': 293.65393626783043}
free_bank_train {'step': 80400, 'relative_mse': 0.00239964019826428, 'seconds': 294.0109179888386}
free_bank_train {'step': 80500, 'relative_mse': 0.001355607395475264, 'seconds': 294.3630093210377}
free_bank_train {'step': 80600, 'relative_mse': 0.0016283860314570803, 'seconds': 294.7233315589838}
free_bank_train {'step': 80700, 'relative_mse': 0.0019545386705925333, 'seconds': 295.07882126700133}
free_bank_train {'step': 80800, 'relative_mse': 0.0017054015895428824, 'seconds': 295.4268786730245}
free_bank_train {'step': 80900, 'relative_mse': 0.0015823405653902643, 'seconds': 295.7765127348248}
free_bank_train {'step': 81000, 'relative_mse': 0.0019136951681195794, 'seconds': 296.12726549897343}
free_bank_train {'step': 81100, 'relative_mse': 0.0017935680655015492, 'seconds': 296.4756360189058}
free_bank_train {'step': 81200, 'relative_mse': 0.0016853548290114602, 'seconds': 296.82430176087655}
free_bank_train {'step': 81300, 'relative_mse': 0.0017404253732287746, 'seconds': 297.17320803692564}
free_bank_train {'step': 81400, 'relative_mse': 0.0019226797529022313, 'seconds': 297.52238431503065}
free_bank_train {'step': 81500, 'relative_mse': 0.0014166972996214587, 'seconds': 297.86989201186225}
free_bank_train {'step': 81600, 'relative_mse': 0.0017374300360257684, 'seconds': 298.22419047984295}
free_bank_train {'step': 81700, 'relative_mse': 0.0014610357871074754, 'seconds': 298.5830273600295}
free_bank_train {'step': 81800, 'relative_mse': 0.0017577561847092944, 'seconds': 298.9390068750363}
free_bank_train {'step': 81900, 'relative_mse': 0.0018168676985361265, 'seconds': 299.2934238850139}
free_bank_train {'step': 82000, 'relative_mse': 0.0013187610192548294, 'seconds': 299.64722743886523}
free_bank_train {'step': 82100, 'relative_mse': 0.002144115460830098, 'seconds': 300.23978236783296}
free_bank_train {'step': 82200, 'relative_mse': 0.0014696966592101061, 'seconds': 300.58665331988595}
free_bank_train {'step': 82300, 'relative_mse': 0.0019695113608620488, 'seconds': 300.9355176438112}
free_bank_train {'step': 82400, 'relative_mse': 0.0023572799970004383, 'seconds': 301.28867601486854}
free_bank_train {'step': 82500, 'relative_mse': 0.0020385377101795094, 'seconds': 301.6367964409292}
free_bank_train {'step': 82600, 'relative_mse': 0.0013823836131239887, 'seconds': 301.9866151330061}
free_bank_train {'step': 82700, 'relative_mse': 0.0014707890824103662, 'seconds': 302.3380286539905}
free_bank_train {'step': 82800, 'relative_mse': 0.0013171243635500284, 'seconds': 302.689103043871}
free_bank_train {'step': 82900, 'relative_mse': 0.0018439794005754347, 'seconds': 303.03972465498373}
free_bank_train {'step': 83000, 'relative_mse': 0.0012313272706793738, 'seconds': 303.3880044289399}
free_bank_train {'step': 83100, 'relative_mse': 0.0016709647517651222, 'seconds': 303.74953397200443}
free_bank_train {'step': 83200, 'relative_mse': 0.001592885516748533, 'seconds': 304.1112936208956}
free_bank_train {'step': 83300, 'relative_mse': 0.001805671319284833, 'seconds': 304.46748215402476}
free_bank_train {'step': 83400, 'relative_mse': 0.0013978548249286124, 'seconds': 304.82351348083466}
free_bank_train {'step': 83500, 'relative_mse': 0.001676028944251353, 'seconds': 305.1816096478142}
free_bank_train {'step': 83600, 'relative_mse': 0.0016645674284298914, 'seconds': 305.5330406038556}
free_bank_train {'step': 83700, 'relative_mse': 0.0014991236991596817, 'seconds': 305.8821180879604}
free_bank_train {'step': 83800, 'relative_mse': 0.0014142893343418212, 'seconds': 306.2346189250238}
free_bank_train {'step': 83900, 'relative_mse': 0.0013871608532401015, 'seconds': 306.5922601928469}
free_bank_train {'step': 84000, 'relative_mse': 0.001334952802759535, 'seconds': 306.9448607589584}
free_bank_train {'step': 84100, 'relative_mse': 0.0014813187927489428, 'seconds': 307.42864700686187}
free_bank_train {'step': 84200, 'relative_mse': 0.00135164228602821, 'seconds': 307.7904019409325}
free_bank_train {'step': 84300, 'relative_mse': 0.001164397809626175, 'seconds': 308.14744270197116}
free_bank_train {'step': 84400, 'relative_mse': 0.0015061599935774516, 'seconds': 308.4998535949271}
free_bank_train {'step': 84500, 'relative_mse': 0.001497020311335418, 'seconds': 308.8593787290156}
free_bank_train {'step': 84600, 'relative_mse': 0.0012328374470215806, 'seconds': 309.2227794008795}
free_bank_train {'step': 84700, 'relative_mse': 0.001091991315972604, 'seconds': 309.58055902598426}
free_bank_train {'step': 84800, 'relative_mse': 0.0013004430138816728, 'seconds': 309.9387873490341}
free_bank_train {'step': 84900, 'relative_mse': 0.0017147924630710545, 'seconds': 310.2981985989027}
free_bank_train {'step': 85000, 'relative_mse': 0.0011288294531539953, 'seconds': 310.64920590491965}
free_bank_train {'step': 85100, 'relative_mse': 0.0015718856137813709, 'seconds': 311.00016592489555}
free_bank_train {'step': 85200, 'relative_mse': 0.0014649647887213704, 'seconds': 311.3514768560417}
free_bank_train {'step': 85300, 'relative_mse': 0.0016112665970483939, 'seconds': 311.7102995989844}
free_bank_train {'step': 85400, 'relative_mse': 0.0015105956022913305, 'seconds': 312.06670214794576}
free_bank_train {'step': 85500, 'relative_mse': 0.0012287044121741383, 'seconds': 312.42087990697473}
free_bank_train {'step': 85600, 'relative_mse': 0.0014871011981401625, 'seconds': 312.7806507179048}
free_bank_train {'step': 85700, 'relative_mse': 0.00125740303502234, 'seconds': 313.136516434839}
free_bank_train {'step': 85800, 'relative_mse': 0.001396872268734162, 'seconds': 313.4914837158285}
free_bank_train {'step': 85900, 'relative_mse': 0.0012024853055061582, 'seconds': 313.84401495102793}
free_bank_train {'step': 86000, 'relative_mse': 0.0014517928291796472, 'seconds': 314.2067247920204}
free_bank_train {'step': 86100, 'relative_mse': 0.0011773150779555773, 'seconds': 314.7155674069654}
free_bank_train {'step': 86200, 'relative_mse': 0.0012377298944561967, 'seconds': 315.0743076489307}
free_bank_train {'step': 86300, 'relative_mse': 0.0012071918699427435, 'seconds': 315.4293174080085}
free_bank_train {'step': 86400, 'relative_mse': 0.0019946367271297828, 'seconds': 315.7809803108685}
free_bank_train {'step': 86500, 'relative_mse': 0.0013317123523206406, 'seconds': 316.13224593386985}
free_bank_train {'step': 86600, 'relative_mse': 0.0012136569154560933, 'seconds': 316.48204323789105}
free_bank_train {'step': 86700, 'relative_mse': 0.0013787387946234142, 'seconds': 316.8406846409198}
free_bank_train {'step': 86800, 'relative_mse': 0.0015424865300244551, 'seconds': 317.1981130489148}
free_bank_train {'step': 86900, 'relative_mse': 0.001713967704830394, 'seconds': 317.5523525988683}
free_bank_train {'step': 87000, 'relative_mse': 0.0015498825227300114, 'seconds': 317.91165594989434}
free_bank_train {'step': 87100, 'relative_mse': 0.0012398554899095398, 'seconds': 318.26761087286286}
free_bank_train {'step': 87200, 'relative_mse': 0.0010035085365741607, 'seconds': 318.64645096682943}
free_bank_train {'step': 87300, 'relative_mse': 0.0013575316333589308, 'seconds': 319.00331295700744}
free_bank_train {'step': 87400, 'relative_mse': 0.0014256609034468664, 'seconds': 319.3611936860252}
free_bank_train {'step': 87500, 'relative_mse': 0.001542075545445578, 'seconds': 319.724603418028}
free_bank_train {'step': 87600, 'relative_mse': 0.0009604581757466864, 'seconds': 320.08446537400596}
free_bank_train {'step': 87700, 'relative_mse': 0.0010037875095455658, 'seconds': 320.4412445728667}
free_bank_train {'step': 87800, 'relative_mse': 0.0018328153510809274, 'seconds': 320.7920846280176}
free_bank_train {'step': 87900, 'relative_mse': 0.0015196460820599742, 'seconds': 321.1463941188995}
free_bank_train {'step': 88000, 'relative_mse': 0.0010887651486341124, 'seconds': 321.4983843979426}
free_bank_train {'step': 88100, 'relative_mse': 0.0012724345267098648, 'seconds': 321.9947632958647}
free_bank_train {'step': 88200, 'relative_mse': 0.0012971686672670713, 'seconds': 322.3519018269144}
free_bank_train {'step': 88300, 'relative_mse': 0.001417108111608504, 'seconds': 322.70854021189734}
free_bank_train {'step': 88400, 'relative_mse': 0.0012317503667532929, 'seconds': 323.06399819790386}
free_bank_train {'step': 88500, 'relative_mse': 0.001317639780219318, 'seconds': 323.4224110660143}
free_bank_train {'step': 88600, 'relative_mse': 0.0009664158886339768, 'seconds': 323.77879485394806}
free_bank_train {'step': 88700, 'relative_mse': 0.0012386382567653234, 'seconds': 324.1367636779323}
free_bank_train {'step': 88800, 'relative_mse': 0.001171131530224253, 'seconds': 324.4910080048721}
free_bank_train {'step': 88900, 'relative_mse': 0.0012358878686690913, 'seconds': 324.85130447195843}
free_bank_train {'step': 89000, 'relative_mse': 0.0014116676174893202, 'seconds': 325.2136380029842}
free_bank_train {'step': 89100, 'relative_mse': 0.0010793903529458155, 'seconds': 325.5672764990013}
free_bank_train {'step': 89200, 'relative_mse': 0.0017600941557130974, 'seconds': 325.92261513485573}
free_bank_train {'step': 89300, 'relative_mse': 0.0009458240131398187, 'seconds': 326.2790292929858}
free_bank_train {'step': 89400, 'relative_mse': 0.0011718666272767285, 'seconds': 326.63585015386343}
free_bank_train {'step': 89500, 'relative_mse': 0.0010223162482941714, 'seconds': 326.9958088998683}
free_bank_train {'step': 89600, 'relative_mse': 0.0012900373029374988, 'seconds': 327.35329592693597}
free_bank_train {'step': 89700, 'relative_mse': 0.0012514259256713545, 'seconds': 327.71836342290044}
free_bank_train {'step': 89800, 'relative_mse': 0.0011040675823458343, 'seconds': 328.0757421308663}
free_bank_train {'step': 89900, 'relative_mse': 0.001001329660861152, 'seconds': 328.43935240781866}
free_bank_train {'step': 90000, 'relative_mse': 0.0018622289935204088, 'seconds': 328.7968779390212}
free_bank_train {'step': 90100, 'relative_mse': 0.001010195899133833, 'seconds': 329.30245609697886}
free_bank_train {'step': 90200, 'relative_mse': 0.0013675242021990843, 'seconds': 329.65538960299455}
free_bank_train {'step': 90300, 'relative_mse': 0.0011026835318277278, 'seconds': 330.0172010939568}
free_bank_train {'step': 90400, 'relative_mse': 0.0010550454271968262, 'seconds': 330.37789406394586}
free_bank_train {'step': 90500, 'relative_mse': 0.0014193349866825308, 'seconds': 330.72853887896053}
free_bank_train {'step': 90600, 'relative_mse': 0.0011090524389759352, 'seconds': 331.0790061589796}
free_bank_train {'step': 90700, 'relative_mse': 0.0013252540901563432, 'seconds': 331.4340961629059}
free_bank_train {'step': 90800, 'relative_mse': 0.0017929144746187775, 'seconds': 331.832702151034}
free_bank_train {'step': 90900, 'relative_mse': 0.0012357558549488008, 'seconds': 332.18527156091295}
free_bank_train {'step': 91000, 'relative_mse': 0.0013627861743366076, 'seconds': 332.5377188168932}
free_bank_train {'step': 91100, 'relative_mse': 0.0012156284986979244, 'seconds': 332.8970607679803}
free_bank_train {'step': 91200, 'relative_mse': 0.0016513101825040392, 'seconds': 333.2566975678783}
free_bank_train {'step': 91300, 'relative_mse': 0.0007874826656424111, 'seconds': 333.6135999409016}
free_bank_train {'step': 91400, 'relative_mse': 0.0012290718650674855, 'seconds': 333.96992973284796}
free_bank_train {'step': 91500, 'relative_mse': 0.001433774488234764, 'seconds': 334.3285732709337}
free_bank_train {'step': 91600, 'relative_mse': 0.0009521839070925821, 'seconds': 334.6890567280352}
free_bank_train {'step': 91700, 'relative_mse': 0.0013020518728597097, 'seconds': 335.04218330187723}
free_bank_train {'step': 91800, 'relative_mse': 0.0015250032795969964, 'seconds': 335.40123438695446}
free_bank_train {'step': 91900, 'relative_mse': 0.0014244404094558485, 'seconds': 335.76362325181253}
free_bank_train {'step': 92000, 'relative_mse': 0.0013179699157054002, 'seconds': 336.11786169791594}
free_bank_train {'step': 92100, 'relative_mse': 0.0007865339298725609, 'seconds': 336.6006215319503}
free_bank_train {'step': 92200, 'relative_mse': 0.001345886348598506, 'seconds': 336.9538506430108}
free_bank_train {'step': 92300, 'relative_mse': 0.0012091906285433803, 'seconds': 337.3099908400327}
free_bank_train {'step': 92400, 'relative_mse': 0.0010935141317786096, 'seconds': 337.6606587290298}
free_bank_train {'step': 92500, 'relative_mse': 0.0009601359677882889, 'seconds': 338.02011063694954}
free_bank_train {'step': 92600, 'relative_mse': 0.0011451013972356503, 'seconds': 338.3813831009902}
free_bank_train {'step': 92700, 'relative_mse': 0.0011024972294377945, 'seconds': 338.7392776738852}
free_bank_train {'step': 92800, 'relative_mse': 0.001506194865146969, 'seconds': 339.09681148198433}
free_bank_train {'step': 92900, 'relative_mse': 0.0010013148149946045, 'seconds': 339.45901176985353}
free_bank_train {'step': 93000, 'relative_mse': 0.0011999106218211059, 'seconds': 339.81712309783325}
free_bank_train {'step': 93100, 'relative_mse': 0.0014865046459452494, 'seconds': 340.1761538849678}
free_bank_train {'step': 93200, 'relative_mse': 0.0012922791192752502, 'seconds': 340.53223727294244}
free_bank_train {'step': 93300, 'relative_mse': 0.0011296430157695134, 'seconds': 340.8867764468305}
free_bank_train {'step': 93400, 'relative_mse': 0.0010450894522876916, 'seconds': 341.2390984678641}
free_bank_train {'step': 93500, 'relative_mse': 0.0013029121656851262, 'seconds': 341.5910369209014}
free_bank_train {'step': 93600, 'relative_mse': 0.0009690937687973825, 'seconds': 341.94520961889066}
free_bank_train {'step': 93700, 'relative_mse': 0.001234971449018021, 'seconds': 342.29761319002137}
free_bank_train {'step': 93800, 'relative_mse': 0.0011823270484680132, 'seconds': 342.6515212398954}
free_bank_train {'step': 93900, 'relative_mse': 0.001437472477809786, 'seconds': 343.0015517428983}
free_bank_train {'step': 94000, 'relative_mse': 0.0012802597621558423, 'seconds': 343.36662226286717}
free_bank_train {'step': 94100, 'relative_mse': 0.0011136186008431283, 'seconds': 343.8634117739275}
free_bank_train {'step': 94200, 'relative_mse': 0.0008740870635624419, 'seconds': 344.219430323923}
free_bank_train {'step': 94300, 'relative_mse': 0.001369724847481594, 'seconds': 344.57945001497865}
free_bank_train {'step': 94400, 'relative_mse': 0.0011744942529780997, 'seconds': 344.94553899392486}
free_bank_train {'step': 94500, 'relative_mse': 0.0010967428658659284, 'seconds': 345.306664431002}
free_bank_train {'step': 94600, 'relative_mse': 0.0007718410444085195, 'seconds': 345.65728410193697}
free_bank_train {'step': 94700, 'relative_mse': 0.0013108374438337944, 'seconds': 346.0136178690009}
free_bank_train {'step': 94800, 'relative_mse': 0.0013009854516518342, 'seconds': 346.36744255782105}
free_bank_train {'step': 94900, 'relative_mse': 0.001099640286700208, 'seconds': 346.718256825814}
free_bank_train {'step': 95000, 'relative_mse': 0.001240609714144226, 'seconds': 347.0691362640355}
free_bank_train {'step': 95100, 'relative_mse': 0.0012505198260847488, 'seconds': 347.41959116095677}
free_bank_train {'step': 95200, 'relative_mse': 0.0010002796817100926, 'seconds': 347.7720090339426}
free_bank_train {'step': 95300, 'relative_mse': 0.0012779097618072866, 'seconds': 348.1238177570049}
free_bank_train {'step': 95400, 'relative_mse': 0.000809548570064634, 'seconds': 348.47950310399756}
free_bank_train {'step': 95500, 'relative_mse': 0.001416516513790796, 'seconds': 348.83969443803653}
free_bank_train {'step': 95600, 'relative_mse': 0.001111711680298766, 'seconds': 349.20171692594886}
free_bank_train {'step': 95700, 'relative_mse': 0.0011422789623284294, 'seconds': 349.5622663409449}
free_bank_train {'step': 95800, 'relative_mse': 0.0012501222248306717, 'seconds': 349.9213908589445}
free_bank_train {'step': 95900, 'relative_mse': 0.001284688248216565, 'seconds': 350.27972719981335}
free_bank_train {'step': 96000, 'relative_mse': 0.0012908339227414266, 'seconds': 350.6299517499283}
free_bank_train {'step': 96100, 'relative_mse': 0.0009158809744439752, 'seconds': 351.1020229340065}
free_bank_train {'step': 96200, 'relative_mse': 0.0008827447247355166, 'seconds': 351.45726675284095}
free_bank_train {'step': 96300, 'relative_mse': 0.0008342065481766848, 'seconds': 351.8096360848285}
free_bank_train {'step': 96400, 'relative_mse': 0.0013660426212810345, 'seconds': 352.17229262995534}
free_bank_train {'step': 96500, 'relative_mse': 0.0009043051939079544, 'seconds': 352.52558935503475}
free_bank_train {'step': 96600, 'relative_mse': 0.0007453165890515609, 'seconds': 352.89014971489087}
free_bank_train {'step': 96700, 'relative_mse': 0.001097499920962081, 'seconds': 353.25068625085987}
free_bank_train {'step': 96800, 'relative_mse': 0.0011702788579244713, 'seconds': 353.60265894583426}
free_bank_train {'step': 96900, 'relative_mse': 0.0009835101582176084, 'seconds': 353.9633581568487}
free_bank_train {'step': 97000, 'relative_mse': 0.000974456078906427, 'seconds': 354.3235086398199}
free_bank_train {'step': 97100, 'relative_mse': 0.0010837881901823146, 'seconds': 354.68104944285005}
free_bank_train {'step': 97200, 'relative_mse': 0.0008646259327028658, 'seconds': 355.03723251097836}
free_bank_train {'step': 97300, 'relative_mse': 0.0010711375952567402, 'seconds': 355.3908527728636}
free_bank_train {'step': 97400, 'relative_mse': 0.001472701059259937, 'seconds': 355.7413695070427}
free_bank_train {'step': 97500, 'relative_mse': 0.0012569041844205148, 'seconds': 356.09069751785137}
free_bank_train {'step': 97600, 'relative_mse': 0.001084479526516499, 'seconds': 356.44597858493216}
free_bank_train {'step': 97700, 'relative_mse': 0.0009708644525119157, 'seconds': 356.8025562770199}
free_bank_train {'step': 97800, 'relative_mse': 0.0009264997941431218, 'seconds': 357.16084182285704}
free_bank_train {'step': 97900, 'relative_mse': 0.0009090966724732103, 'seconds': 357.51761405402794}
free_bank_train {'step': 98000, 'relative_mse': 0.0011345345758162722, 'seconds': 357.87200246285647}
free_bank_train {'step': 98100, 'relative_mse': 0.0009919200376774591, 'seconds': 358.3642250939738}
free_bank_train {'step': 98200, 'relative_mse': 0.001374259898426444, 'seconds': 358.71797076100484}
free_bank_train {'step': 98300, 'relative_mse': 0.0008060229093870223, 'seconds': 359.07479728385806}
free_bank_train {'step': 98400, 'relative_mse': 0.0009996460642967765, 'seconds': 359.4354576750193}
free_bank_train {'step': 98500, 'relative_mse': 0.001040994194338893, 'seconds': 359.794290009886}
free_bank_train {'step': 98600, 'relative_mse': 0.0013634673086204846, 'seconds': 360.1529498139862}
free_bank_train {'step': 98700, 'relative_mse': 0.0011026784433815003, 'seconds': 360.50787212187424}
free_bank_train {'step': 98800, 'relative_mse': 0.0010430065450221715, 'seconds': 360.8562658568844}
free_bank_train {'step': 98900, 'relative_mse': 0.0008861486365872364, 'seconds': 361.2117199029308}
free_bank_train {'step': 99000, 'relative_mse': 0.0013959667996823522, 'seconds': 361.56144959200174}
free_bank_train {'step': 99100, 'relative_mse': 0.001444586574213431, 'seconds': 361.9177209539339}
free_bank_train {'step': 99200, 'relative_mse': 0.001289726510025407, 'seconds': 362.2731162989512}
free_bank_train {'step': 99300, 'relative_mse': 0.0011663533652814724, 'seconds': 362.62783701485023}
free_bank_train {'step': 99400, 'relative_mse': 0.0010147842511376729, 'seconds': 362.9799340949394}
free_bank_train {'step': 99500, 'relative_mse': 0.0009198484119640289, 'seconds': 363.3338814759627}
free_bank_train {'step': 99600, 'relative_mse': 0.0009478347972899648, 'seconds': 363.6911893559154}
free_bank_train {'step': 99700, 'relative_mse': 0.001627700442965879, 'seconds': 364.04411806887947}
free_bank_train {'step': 99800, 'relative_mse': 0.001479363428892669, 'seconds': 364.40247538499534}
free_bank_train {'step': 99900, 'relative_mse': 0.0009898793326906723, 'seconds': 364.76345491898246}
free_bank_train {'step': 100000, 'relative_mse': 0.0011103944473065358, 'seconds': 365.1290097348392}
head_train {'step': 1, 'relative_mse': 9.88205142367658, 'seconds': 3.3099818860646337}
head_train {'step': 500, 'relative_mse': 0.05981673666687322, 'seconds': 5.466902598971501}
head_train {'step': 1000, 'relative_mse': 0.03545823734224231, 'seconds': 7.631971568102017}
head_train {'step': 1500, 'relative_mse': 0.024381334833808097, 'seconds': 9.78310091001913}
head_train {'step': 2000, 'relative_mse': 0.017666502860745982, 'seconds': 11.937989010009915}
head_train {'step': 2500, 'relative_mse': 0.014171800073918665, 'seconds': 14.09489784995094}
head_train {'step': 3000, 'relative_mse': 0.010995901588059409, 'seconds': 16.252627104055136}
head_train {'step': 3500, 'relative_mse': 0.009176422523065858, 'seconds': 18.43152205995284}
head_train {'step': 4000, 'relative_mse': 0.007546256172856565, 'seconds': 20.60072968294844}
head_train {'step': 4500, 'relative_mse': 0.006097253924144348, 'seconds': 22.767827942967415}
head_train {'step': 5000, 'relative_mse': 0.005820052680457319, 'seconds': 24.950422353111207}
head_train {'step': 5500, 'relative_mse': 0.004827133843676015, 'seconds': 27.136828104034066}
head_train {'step': 6000, 'relative_mse': 0.00451000945513938, 'seconds': 29.288332178955898}
head_train {'step': 6500, 'relative_mse': 0.0038799450148864338, 'seconds': 31.45413023396395}
head_train {'step': 7000, 'relative_mse': 0.0038135075080368724, 'seconds': 33.635783086996526}
head_train {'step': 7500, 'relative_mse': 0.0034894950816638953, 'seconds': 35.797042119083926}
head_train {'step': 8000, 'relative_mse': 0.0033215205679415407, 'seconds': 37.949130279012024}
head_train {'step': 8500, 'relative_mse': 0.0028537730480285317, 'seconds': 40.11186583410017}
head_train {'step': 9000, 'relative_mse': 0.002749081782987597, 'seconds': 42.27888623997569}
head_train {'step': 9500, 'relative_mse': 0.0026884318369114796, 'seconds': 44.46889599296264}
head_train {'step': 10000, 'relative_mse': 0.002487897108104284, 'seconds': 46.61933918111026}
head_train {'step': 10500, 'relative_mse': 0.0022050871549303317, 'seconds': 48.783020402072}
head_train {'step': 11000, 'relative_mse': 0.002309416562964991, 'seconds': 50.96826877701096}
head_train {'step': 11500, 'relative_mse': 0.002222487179238892, 'seconds': 53.11906366306357}
head_train {'step': 12000, 'relative_mse': 0.002026106165561602, 'seconds': 55.29851673403755}
head_train {'step': 12500, 'relative_mse': 0.0019666069058596955, 'seconds': 57.49825621396303}
head_train {'step': 13000, 'relative_mse': 0.0018857314148063645, 'seconds': 59.669166210107505}
head_train {'step': 13500, 'relative_mse': 0.0017411243505209098, 'seconds': 61.829113053157926}
head_train {'step': 14000, 'relative_mse': 0.0017241780593870945, 'seconds': 64.01285198703408}
head_train {'step': 14500, 'relative_mse': 0.001730671164641975, 'seconds': 66.18028373108245}
head_train {'step': 15000, 'relative_mse': 0.0016348613820337914, 'seconds': 68.34553970606066}
head_train {'step': 15500, 'relative_mse': 0.0015613549602261677, 'seconds': 70.6011846170295}
head_train {'step': 16000, 'relative_mse': 0.001665328705547163, 'seconds': 72.80961067508906}
head_train {'step': 16500, 'relative_mse': 0.001516901796355534, 'seconds': 74.97757764393464}
head_train {'step': 17000, 'relative_mse': 0.0014495699209898815, 'seconds': 77.15205995412543}
head_train {'step': 17500, 'relative_mse': 0.0014011172535649476, 'seconds': 79.32053662999533}
head_train {'step': 18000, 'relative_mse': 0.0014186430791502357, 'seconds': 81.51451857713982}
head_train {'step': 18500, 'relative_mse': 0.0014069860308856181, 'seconds': 83.67832642700523}
head_train {'step': 19000, 'relative_mse': 0.0012851802454231192, 'seconds': 85.87321238406003}
head_train {'step': 19500, 'relative_mse': 0.0012298565972215462, 'seconds': 88.03647509915754}
head_train {'step': 20000, 'relative_mse': 0.0011329722545027217, 'seconds': 90.2110871290788}
head_train {'step': 20500, 'relative_mse': 0.0012187756980967118, 'seconds': 92.40015670005232}
head_train {'step': 21000, 'relative_mse': 0.0011747073264461014, 'seconds': 94.55692579504102}
head_train {'step': 21500, 'relative_mse': 0.0011985880844401352, 'seconds': 96.71644948609173}
head_train {'step': 22000, 'relative_mse': 0.0011393943784721967, 'seconds': 98.89958864008076}
head_train {'step': 22500, 'relative_mse': 0.00113341837172562, 'seconds': 101.06709053507075}
head_train {'step': 23000, 'relative_mse': 0.001128838301216471, 'seconds': 103.23892608704045}
head_train {'step': 23500, 'relative_mse': 0.0010739156185798698, 'seconds': 105.43647738615982}
head_train {'step': 24000, 'relative_mse': 0.0010498331718310802, 'seconds': 107.60596682596952}
head_train {'step': 24500, 'relative_mse': 0.0010031841338991741, 'seconds': 109.77545874193311}
head_train {'step': 25000, 'relative_mse': 0.0009707963149939259, 'seconds': 111.96145191206597}
head_train {'step': 25500, 'relative_mse': 0.0009604297151736363, 'seconds': 114.13606677693315}
head_train {'step': 26000, 'relative_mse': 0.0009191216611689051, 'seconds': 116.30052995798178}
head_train {'step': 26500, 'relative_mse': 0.0009074655385386396, 'seconds': 118.47639824799262}
head_train {'step': 27000, 'relative_mse': 0.0009120036253906132, 'seconds': 120.63404090609401}
head_train {'step': 27500, 'relative_mse': 0.0009125943558392571, 'seconds': 122.79239734797738}
head_train {'step': 28000, 'relative_mse': 0.0009374830961753918, 'seconds': 124.96880763513036}
head_train {'step': 28500, 'relative_mse': 0.000832874599407171, 'seconds': 127.14598840102553}
head_train {'step': 29000, 'relative_mse': 0.00085646827138965, 'seconds': 129.33603464695625}
head_train {'step': 29500, 'relative_mse': 0.0008495394824187855, 'seconds': 131.51597235910594}
head_train {'step': 30000, 'relative_mse': 0.0008084712593329042, 'seconds': 133.6895850689616}
head_train {'step': 30500, 'relative_mse': 0.0007895685189001742, 'seconds': 135.88204367808066}
head_train {'step': 31000, 'relative_mse': 0.0007827508394698401, 'seconds': 138.07676387298852}
head_train {'step': 31500, 'relative_mse': 0.0007979507126224628, 'seconds': 140.2525892839767}
head_train {'step': 32000, 'relative_mse': 0.0007856072291745555, 'seconds': 142.44373313407414}
head_train {'step': 32500, 'relative_mse': 0.0007764425800828842, 'seconds': 144.63630016404204}
head_train {'step': 33000, 'relative_mse': 0.0007584406757787168, 'seconds': 146.79645434813574}
head_train {'step': 33500, 'relative_mse': 0.0007459375428981296, 'seconds': 148.9630204110872}
head_train {'step': 34000, 'relative_mse': 0.0007614355135291351, 'seconds': 151.13056908803992}
head_train {'step': 34500, 'relative_mse': 0.0007631628574005197, 'seconds': 153.3257838410791}
head_train {'step': 35000, 'relative_mse': 0.0006840580707576194, 'seconds': 155.51318633113988}
head_train {'step': 35500, 'relative_mse': 0.0006852453037518611, 'seconds': 157.69089240813628}
head_train {'step': 36000, 'relative_mse': 0.0007096411762017717, 'seconds': 159.8576783069875}
head_train {'step': 36500, 'relative_mse': 0.0007169597764255308, 'seconds': 162.03640163014643}
head_train {'step': 37000, 'relative_mse': 0.0006627620250722153, 'seconds': 164.20182786509395}
head_train {'step': 37500, 'relative_mse': 0.0006737386382826345, 'seconds': 166.38610114506446}
head_train {'step': 38000, 'relative_mse': 0.0006668756117940586, 'seconds': 168.5604501471389}
head_train {'step': 38500, 'relative_mse': 0.0006417098865591415, 'seconds': 170.74590041209012}
head_train {'step': 39000, 'relative_mse': 0.0006414657280613526, 'seconds': 172.94651751802303}
head_train {'step': 39500, 'relative_mse': 0.0006356259070941749, 'seconds': 175.14069655211642}
head_train {'step': 40000, 'relative_mse': 0.0006247143309028463, 'seconds': 177.31187437311746}
head_train {'step': 40500, 'relative_mse': 0.0006093637884087821, 'seconds': 179.5052165570669}
head_train {'step': 41000, 'relative_mse': 0.0006399683031035483, 'seconds': 181.67921357997693}
head_train {'step': 41500, 'relative_mse': 0.000591443835167409, 'seconds': 183.84961255500093}
head_train {'step': 42000, 'relative_mse': 0.0005992800556490613, 'seconds': 186.02872348809615}
head_train {'step': 42500, 'relative_mse': 0.0005892042464293293, 'seconds': 188.230011963984}
head_train {'step': 43000, 'relative_mse': 0.0005928511221409967, 'seconds': 190.4005467989482}
head_train {'step': 43500, 'relative_mse': 0.0005748417715268711, 'seconds': 192.59784910315648}
head_train {'step': 44000, 'relative_mse': 0.0005578234574999774, 'seconds': 194.76029931008816}
head_train {'step': 44500, 'relative_mse': 0.0005749014050656458, 'seconds': 196.93795324699022}
head_train {'step': 45000, 'relative_mse': 0.0005633376860282995, 'seconds': 199.09307692898437}
head_train {'step': 45500, 'relative_mse': 0.0005584974123438869, 'seconds': 201.26847980706953}
head_train {'step': 46000, 'relative_mse': 0.0005268375612395331, 'seconds': 203.43274536193348}
head_train {'step': 46500, 'relative_mse': 0.0005385927592323765, 'seconds': 205.62636399804614}
head_train {'step': 47000, 'relative_mse': 0.0005498089891963169, 'seconds': 207.800889643142}
head_train {'step': 47500, 'relative_mse': 0.0005114093104804343, 'seconds': 209.99103440600447}
head_train {'step': 48000, 'relative_mse': 0.0004947105536747378, 'seconds': 212.17325897002593}
head_train {'step': 48500, 'relative_mse': 0.0005018058773754464, 'seconds': 214.36974751204252}
head_train {'step': 49000, 'relative_mse': 0.0004976420804319469, 'seconds': 216.56386837502941}
head_train {'step': 49500, 'relative_mse': 0.0004940450197969901, 'seconds': 218.73771727108397}
head_train {'step': 50000, 'relative_mse': 0.0005113483678680481, 'seconds': 220.9064106370788}
head_train {'step': 50500, 'relative_mse': 0.0004976964762663863, 'seconds': 223.07529342011549}
head_train {'step': 51000, 'relative_mse': 0.00048079588357598333, 'seconds': 225.2430679409299}
head_train {'step': 51500, 'relative_mse': 0.0004758821750970138, 'seconds': 227.41415089694783}
head_train {'step': 52000, 'relative_mse': 0.0004649283134810305, 'seconds': 229.5907174651511}
head_train {'step': 52500, 'relative_mse': 0.0004658945815210886, 'seconds': 231.77456090901978}
head_train {'step': 53000, 'relative_mse': 0.00045056670176183355, 'seconds': 233.95292141800746}
head_train {'step': 53500, 'relative_mse': 0.00045808488192690313, 'seconds': 236.1273640091531}
head_train {'step': 54000, 'relative_mse': 0.00045150355187259674, 'seconds': 238.32351311505772}
head_train {'step': 54500, 'relative_mse': 0.0004336866895008427, 'seconds': 240.49364235415123}
head_train {'step': 55000, 'relative_mse': 0.0004411462663854473, 'seconds': 242.65277856308967}
head_train {'step': 55500, 'relative_mse': 0.0004207201819953827, 'seconds': 244.8437935539987}
head_train {'step': 56000, 'relative_mse': 0.00044705310626587706, 'seconds': 247.008325221017}
head_train {'step': 56500, 'relative_mse': 0.0004261154641138294, 'seconds': 249.1838194830343}
head_train {'step': 57000, 'relative_mse': 0.00040596161335883024, 'seconds': 251.37945094006136}
head_train {'step': 57500, 'relative_mse': 0.0004174476787807223, 'seconds': 253.57421181700192}
head_train {'step': 58000, 'relative_mse': 0.0004162706666311614, 'seconds': 255.74653457594104}
head_train {'step': 58500, 'relative_mse': 0.00041607042371784786, 'seconds': 257.9205521310214}
head_train {'step': 59000, 'relative_mse': 0.0004077424339615117, 'seconds': 260.09703595610335}
head_train {'step': 59500, 'relative_mse': 0.00040064141620294025, 'seconds': 262.2693502041511}
head_train {'step': 60000, 'relative_mse': 0.000399293885745551, 'seconds': 264.478162165964}
head_train {'step': 60500, 'relative_mse': 0.00040451315988734973, 'seconds': 266.6591575611383}
head_train {'step': 61000, 'relative_mse': 0.0004007169520689326, 'seconds': 268.8533147640992}
head_train {'step': 61500, 'relative_mse': 0.00038382761935591513, 'seconds': 271.0486344359815}
head_train {'step': 62000, 'relative_mse': 0.000387944561855753, 'seconds': 273.2442165759858}
head_train {'step': 62500, 'relative_mse': 0.0003833382997101383, 'seconds': 275.41490261093713}
head_train {'step': 63000, 'relative_mse': 0.0003702614632301069, 'seconds': 277.5864081350155}
head_train {'step': 63500, 'relative_mse': 0.00037719350686955247, 'seconds': 279.7555248090066}
head_train {'step': 64000, 'relative_mse': 0.00037859415526112747, 'seconds': 281.9278692980297}
head_train {'step': 64500, 'relative_mse': 0.00037581128370034906, 'seconds': 284.1003173470963}
head_train {'step': 65000, 'relative_mse': 0.00036290540010712653, 'seconds': 286.26002752408385}
head_train {'step': 65500, 'relative_mse': 0.0003672918035044216, 'seconds': 288.4405700780917}
head_train {'step': 66000, 'relative_mse': 0.00036197998804652373, 'seconds': 290.61730307200924}
head_train {'step': 66500, 'relative_mse': 0.00035417679184253934, 'seconds': 292.7767110730056}
head_train {'step': 67000, 'relative_mse': 0.0003560559078750062, 'seconds': 294.9470136871096}
head_train {'step': 67500, 'relative_mse': 0.00035297041885356986, 'seconds': 297.1206579201389}
head_train {'step': 68000, 'relative_mse': 0.0003507586463892504, 'seconds': 299.2985502940137}
head_train {'step': 68500, 'relative_mse': 0.00034505265885943906, 'seconds': 301.4585464170668}
head_train {'step': 69000, 'relative_mse': 0.00034407276237419004, 'seconds': 303.6392165031284}
head_train {'step': 69500, 'relative_mse': 0.0003410686744032073, 'seconds': 305.82805335498415}
head_train {'step': 70000, 'relative_mse': 0.0003384695259061192, 'seconds': 307.99397175502963}
head_train {'step': 70500, 'relative_mse': 0.00033708506738405915, 'seconds': 310.1888984250836}
head_train {'step': 71000, 'relative_mse': 0.0003349096508201112, 'seconds': 312.3673422529828}
head_train {'step': 71500, 'relative_mse': 0.00033155235643817036, 'seconds': 314.56686851312406}
head_train {'step': 72000, 'relative_mse': 0.00032957537621927554, 'seconds': 316.7594791171141}
head_train {'step': 72500, 'relative_mse': 0.00032744522128954755, 'seconds': 318.9318324611522}
head_train {'step': 73000, 'relative_mse': 0.0003278431850482565, 'seconds': 321.1233474779874}
head_train {'step': 73500, 'relative_mse': 0.0003268116621981592, 'seconds': 323.289379036054}
head_train {'step': 74000, 'relative_mse': 0.00032302030218957965, 'seconds': 325.46243733004667}
head_train {'step': 74500, 'relative_mse': 0.0003212444075667368, 'seconds': 327.62479771114886}
head_train {'step': 75000, 'relative_mse': 0.00031873430590461093, 'seconds': 329.7963390699588}
head_train {'step': 75500, 'relative_mse': 0.00031452241038027313, 'seconds': 331.9676753040403}
head_train {'step': 76000, 'relative_mse': 0.0003147106696025121, 'seconds': 334.1642722079996}
head_train {'step': 76500, 'relative_mse': 0.0003143790795344452, 'seconds': 336.33904995396733}
head_train {'step': 77000, 'relative_mse': 0.00031195309172476457, 'seconds': 338.5109949170146}
head_train {'step': 77500, 'relative_mse': 0.00030993654048440086, 'seconds': 340.75987034197897}
head_train {'step': 78000, 'relative_mse': 0.0003082832096289379, 'seconds': 342.9272486360278}
head_train {'step': 78500, 'relative_mse': 0.0003076938232799915, 'seconds': 345.1022834139876}
head_train {'step': 79000, 'relative_mse': 0.0003057300345333567, 'seconds': 347.2971545390319}
head_train {'step': 79500, 'relative_mse': 0.0003029035730907055, 'seconds': 349.49005297315307}
head_train {'step': 80000, 'relative_mse': 0.0003025035557414436, 'seconds': 351.66331053501926}
head_train {'step': 80500, 'relative_mse': 0.00030048906553766083, 'seconds': 353.8425054110121}
head_train {'step': 81000, 'relative_mse': 0.0002993019115677042, 'seconds': 356.0120380320586}
head_train {'step': 81500, 'relative_mse': 0.00029800385414242007, 'seconds': 358.1867081921082}
head_train {'step': 82000, 'relative_mse': 0.0002966633432281341, 'seconds': 360.38084972300567}
head_train {'step': 82500, 'relative_mse': 0.0002954084843282286, 'seconds': 362.5535453611519}
head_train {'step': 83000, 'relative_mse': 0.0002946993355283223, 'seconds': 364.71593046793714}
head_train {'step': 83500, 'relative_mse': 0.0002930242135274732, 'seconds': 366.8756160561461}
head_train {'step': 84000, 'relative_mse': 0.00029172108275218607, 'seconds': 369.0373201861512}
head_train {'step': 84500, 'relative_mse': 0.000290863901953628, 'seconds': 371.2153189519886}
head_train {'step': 85000, 'relative_mse': 0.0002897995503995911, 'seconds': 373.407751878025}
head_train {'step': 85500, 'relative_mse': 0.0002885268822489447, 'seconds': 375.5885366210714}
head_train {'step': 86000, 'relative_mse': 0.00028737460807159445, 'seconds': 377.75016366993077}
head_train {'step': 86500, 'relative_mse': 0.0002861986485493866, 'seconds': 379.932094671065}
head_train {'step': 87000, 'relative_mse': 0.0002852228260718942, 'seconds': 382.10524462512694}
head_train {'step': 87500, 'relative_mse': 0.0002840698820843737, 'seconds': 384.29970760294236}
head_train {'step': 88000, 'relative_mse': 0.0002830670858170689, 'seconds': 386.4689499649685}
head_train {'step': 88500, 'relative_mse': 0.000282008253089555, 'seconds': 388.66483793314546}
head_train {'step': 89000, 'relative_mse': 0.0002812263683611326, 'seconds': 390.84481275314465}
head_train {'step': 89500, 'relative_mse': 0.00028026771149324155, 'seconds': 393.00710568996146}
head_train {'step': 90000, 'relative_mse': 0.0002792455088282179, 'seconds': 395.18083285400644}
head_train {'step': 90500, 'relative_mse': 0.00027834448162857825, 'seconds': 397.3620390610304}
head_train {'step': 91000, 'relative_mse': 0.00027740293764896715, 'seconds': 399.5185032270383}
head_train {'step': 91500, 'relative_mse': 0.00027651464138120065, 'seconds': 401.69896613806486}
head_train {'step': 92000, 'relative_mse': 0.00027566384241102076, 'seconds': 403.868970282143}
head_train {'step': 92500, 'relative_mse': 0.0002747940745147756, 'seconds': 406.063834550092}
head_train {'step': 93000, 'relative_mse': 0.00027395599448251434, 'seconds': 408.23621561098844}
head_train {'step': 93500, 'relative_mse': 0.0002731257424769116, 'seconds': 410.42685400904156}
head_train {'step': 94000, 'relative_mse': 0.00027232024409962706, 'seconds': 412.59603653708473}
head_train {'step': 94500, 'relative_mse': 0.000271511160599834, 'seconds': 414.7689734790474}
head_train {'step': 95000, 'relative_mse': 0.00027070691657713765, 'seconds': 416.94898056495003}
head_train {'step': 95500, 'relative_mse': 0.00026993321330442656, 'seconds': 419.1283254129812}
head_train {'step': 96000, 'relative_mse': 0.0002691383285741213, 'seconds': 421.305777200032}
head_train {'step': 96500, 'relative_mse': 0.00026838466060123873, 'seconds': 423.47579498100094}
head_train {'step': 97000, 'relative_mse': 0.0002676419044350288, 'seconds': 425.66757991700433}
head_train {'step': 97500, 'relative_mse': 0.000266910307237328, 'seconds': 427.82391674793325}
head_train {'step': 98000, 'relative_mse': 0.0002661732687391238, 'seconds': 430.01572570903227}
head_train {'step': 98500, 'relative_mse': 0.0002654417639933748, 'seconds': 432.18773713102564}
head_train {'step': 99000, 'relative_mse': 0.00026473317545659317, 'seconds': 434.3622463310603}
head_train {'step': 99500, 'relative_mse': 0.00026403793804324535, 'seconds': 436.5542209169362}
head_train {'step': 100000, 'relative_mse': 0.00026334313952004426, 'seconds': 438.7138437300455}
head_train {'step': 1, 'relative_mse': 18.309504533023027, 'seconds': 2.9614708910230547}
head_train {'step': 500, 'relative_mse': 0.050051552550100034, 'seconds': 5.133074104087427}
head_train {'step': 1000, 'relative_mse': 0.029487757874851032, 'seconds': 7.352518072118983}
head_train {'step': 1500, 'relative_mse': 0.019826202945871663, 'seconds': 9.555283779045567}
head_train {'step': 2000, 'relative_mse': 0.013860574076600633, 'seconds': 11.757504153065383}
head_train {'step': 2500, 'relative_mse': 0.01063263678860297, 'seconds': 13.95536577515304}
head_train {'step': 3000, 'relative_mse': 0.007566244262588074, 'seconds': 16.142204114003107}
head_train {'step': 3500, 'relative_mse': 0.005880709056683069, 'seconds': 18.336109419120476}
head_train {'step': 4000, 'relative_mse': 0.005981647014195327, 'seconds': 20.55730774020776}
head_train {'step': 4500, 'relative_mse': 0.00386287348157814, 'seconds': 22.786271572113037}
head_train {'step': 5000, 'relative_mse': 0.003417219414243695, 'seconds': 25.030645254068077}
head_train {'step': 5500, 'relative_mse': 0.0027568146617739176, 'seconds': 27.234789127018303}
head_train {'step': 6000, 'relative_mse': 0.0034299315372533293, 'seconds': 29.445519076194614}
head_train {'step': 6500, 'relative_mse': 0.0024045143689124743, 'seconds': 31.6548984721303}
head_train {'step': 7000, 'relative_mse': 0.002280092396772392, 'seconds': 33.85903632105328}
head_train {'step': 7500, 'relative_mse': 0.0022792962871995485, 'seconds': 36.05619362206198}
head_train {'step': 8000, 'relative_mse': 0.001765494014626946, 'seconds': 38.278663985198364}
head_train {'step': 8500, 'relative_mse': 0.0016328197670946942, 'seconds': 40.50024023419246}
head_train {'step': 9000, 'relative_mse': 0.0016381514255845685, 'seconds': 42.70825515920296}
head_train {'step': 9500, 'relative_mse': 0.001460999420011689, 'seconds': 44.92060137609951}
head_train {'step': 10000, 'relative_mse': 0.0013755313704681433, 'seconds': 47.12820620601997}
head_train {'step': 10500, 'relative_mse': 0.0013166799347435392, 'seconds': 49.34318088903092}
head_train {'step': 11000, 'relative_mse': 0.0012953164318448389, 'seconds': 51.563232492189854}
head_train {'step': 11500, 'relative_mse': 0.0011544624401331716, 'seconds': 53.78153638821095}
head_train {'step': 12000, 'relative_mse': 0.0011006802766623282, 'seconds': 55.99107425310649}
head_train {'step': 12500, 'relative_mse': 0.0011081939591213738, 'seconds': 58.280096375150606}
head_train {'step': 13000, 'relative_mse': 0.0010541935188121473, 'seconds': 60.49356779712252}
head_train {'step': 13500, 'relative_mse': 0.000979879885676827, 'seconds': 62.72938249213621}
head_train {'step': 14000, 'relative_mse': 0.0008863115572991845, 'seconds': 64.94054744509049}
head_train {'step': 14500, 'relative_mse': 0.0008988181886059574, 'seconds': 67.17140081408434}
head_train {'step': 15000, 'relative_mse': 0.000780548817198383, 'seconds': 69.37561848922633}
head_train {'step': 15500, 'relative_mse': 0.0008530033150854304, 'seconds': 71.58955166209489}
head_train {'step': 16000, 'relative_mse': 0.0008156130548814755, 'seconds': 73.80111694219522}
head_train {'step': 16500, 'relative_mse': 0.0007662711096239288, 'seconds': 76.03762848116457}
head_train {'step': 17000, 'relative_mse': 0.0007723269542721998, 'seconds': 78.27763774711639}
head_train {'step': 17500, 'relative_mse': 0.0007489287402952355, 'seconds': 80.51588060613722}
head_train {'step': 18000, 'relative_mse': 0.00069722618110949, 'seconds': 82.73503057216294}
head_train {'step': 18500, 'relative_mse': 0.0006974200524790903, 'seconds': 84.94934010319412}
head_train {'step': 19000, 'relative_mse': 0.0006668789567700596, 'seconds': 87.16743290703744}
head_train {'step': 19500, 'relative_mse': 0.000653639228042874, 'seconds': 89.41176841314882}
head_train {'step': 20000, 'relative_mse': 0.0006627303301818318, 'seconds': 91.65205387910828}
head_train {'step': 20500, 'relative_mse': 0.0006290055961734334, 'seconds': 93.8758737242315}
head_train {'step': 21000, 'relative_mse': 0.0006115449186982628, 'seconds': 96.09207069920376}
head_train {'step': 21500, 'relative_mse': 0.0006045247149936222, 'seconds': 98.32616956322454}
head_train {'step': 22000, 'relative_mse': 0.0005942404262010665, 'seconds': 100.53490717802197}
head_train {'step': 22500, 'relative_mse': 0.0005382744169924634, 'seconds': 102.75979485106654}
head_train {'step': 23000, 'relative_mse': 0.000540519183737165, 'seconds': 104.98055966710672}
head_train {'step': 23500, 'relative_mse': 0.0005171550993756512, 'seconds': 107.2054072401952}
head_train {'step': 24000, 'relative_mse': 0.000556613938937558, 'seconds': 109.43015827704221}
head_train {'step': 24500, 'relative_mse': 0.0005069191880120866, 'seconds': 111.64614468207583}
head_train {'step': 25000, 'relative_mse': 0.0004941531564809878, 'seconds': 113.86951170209795}
head_train {'step': 25500, 'relative_mse': 0.0004751020178948181, 'seconds': 116.08819833002053}
head_train {'step': 26000, 'relative_mse': 0.00046328919400146873, 'seconds': 118.32599304104224}
head_train {'step': 26500, 'relative_mse': 0.0004805540596716461, 'seconds': 120.54936967114918}
head_train {'step': 27000, 'relative_mse': 0.0004661259291654187, 'seconds': 122.7738822591491}
head_train {'step': 27500, 'relative_mse': 0.0004746172266509674, 'seconds': 125.00793630816042}
head_train {'step': 28000, 'relative_mse': 0.00042201464102124944, 'seconds': 127.23113357811235}
head_train {'step': 28500, 'relative_mse': 0.0004282604365620559, 'seconds': 129.4524367051199}
head_train {'step': 29000, 'relative_mse': 0.00041010701937969066, 'seconds': 131.68564105010591}
head_train {'step': 29500, 'relative_mse': 0.0003868269285002152, 'seconds': 133.91582499421202}
head_train {'step': 30000, 'relative_mse': 0.00041948179900711246, 'seconds': 136.1330145020038}
head_train {'step': 30500, 'relative_mse': 0.00038917899991537013, 'seconds': 138.35219107801095}
head_train {'step': 31000, 'relative_mse': 0.0003850860983095281, 'seconds': 140.5638032371644}
head_train {'step': 31500, 'relative_mse': 0.00038403529325235975, 'seconds': 142.78626637416892}
head_train {'step': 32000, 'relative_mse': 0.0003655780477111498, 'seconds': 145.0099338812288}
head_train {'step': 32500, 'relative_mse': 0.0003675485528123433, 'seconds': 147.238697841065}
head_train {'step': 33000, 'relative_mse': 0.00035058562020630937, 'seconds': 149.45460939616896}
head_train {'step': 33500, 'relative_mse': 0.0003430264854254503, 'seconds': 151.69565160712227}
head_train {'step': 34000, 'relative_mse': 0.0003534401792262029, 'seconds': 153.9469058131799}
head_train {'step': 34500, 'relative_mse': 0.00035028860613315965, 'seconds': 156.18965202616528}
head_train {'step': 35000, 'relative_mse': 0.0003369590986414865, 'seconds': 158.41674006707035}
head_train {'step': 35500, 'relative_mse': 0.0003237043182466379, 'seconds': 160.63696717913263}
head_train {'step': 36000, 'relative_mse': 0.0003106647468009557, 'seconds': 162.85367037914693}
head_train {'step': 36500, 'relative_mse': 0.0002951726489607943, 'seconds': 165.07648692908697}
head_train {'step': 37000, 'relative_mse': 0.00032063559203875797, 'seconds': 167.30165056604892}
head_train {'step': 37500, 'relative_mse': 0.00034650524462606316, 'seconds': 169.51316563715227}
head_train {'step': 38000, 'relative_mse': 0.000311171813002826, 'seconds': 171.73236961010844}
head_train {'step': 38500, 'relative_mse': 0.0003052429647354818, 'seconds': 173.97661991720088}
head_train {'step': 39000, 'relative_mse': 0.0002913531322156338, 'seconds': 176.21014332701452}
head_train {'step': 39500, 'relative_mse': 0.0002846462856249198, 'seconds': 178.44517872319557}
head_train {'step': 40000, 'relative_mse': 0.00029094833183498697, 'seconds': 180.6629879141692}
head_train {'step': 40500, 'relative_mse': 0.00028287437598107154, 'seconds': 182.90860439720564}
head_train {'step': 41000, 'relative_mse': 0.0002763241200311475, 'seconds': 185.1559891172219}
head_train {'step': 41500, 'relative_mse': 0.0002700214692343784, 'seconds': 187.36551863816567}
head_train {'step': 42000, 'relative_mse': 0.0002591629220628223, 'seconds': 189.5851861871779}
head_train {'step': 42500, 'relative_mse': 0.00026158812917480875, 'seconds': 191.8068990141619}
head_train {'step': 43000, 'relative_mse': 0.0002632671262982243, 'seconds': 194.05350294918753}
head_train {'step': 43500, 'relative_mse': 0.00026023464199943574, 'seconds': 196.27777097001672}
head_train {'step': 44000, 'relative_mse': 0.0002446081769906711, 'seconds': 198.51327554113232}
head_train {'step': 44500, 'relative_mse': 0.00024299484338903467, 'seconds': 200.7416462060064}
head_train {'step': 45000, 'relative_mse': 0.00025996438769172183, 'seconds': 202.96897736005485}
head_train {'step': 45500, 'relative_mse': 0.00023633424701306147, 'seconds': 205.21602629614063}
head_train {'step': 46000, 'relative_mse': 0.0002397920504294928, 'seconds': 207.43817048915662}
head_train {'step': 46500, 'relative_mse': 0.00022963559959050442, 'seconds': 209.6611323831603}
head_train {'step': 47000, 'relative_mse': 0.00023107155330676408, 'seconds': 211.9158530482091}
head_train {'step': 47500, 'relative_mse': 0.0002288705970077752, 'seconds': 214.15425590611994}
head_train {'step': 48000, 'relative_mse': 0.00022302412477359898, 'seconds': 216.37543097720481}
head_train {'step': 48500, 'relative_mse': 0.00022955595385223019, 'seconds': 218.619730806211}
head_train {'step': 49000, 'relative_mse': 0.00021975755057497743, 'seconds': 220.8624180550687}
head_train {'step': 49500, 'relative_mse': 0.00021439724342499347, 'seconds': 223.0730305230245}
head_train {'step': 50000, 'relative_mse': 0.00021108147423700113, 'seconds': 225.2820289710071}
head_train {'step': 50500, 'relative_mse': 0.00020732735408201223, 'seconds': 227.5318795312196}
head_train {'step': 51000, 'relative_mse': 0.00020831919235907972, 'seconds': 229.78368193400092}
head_train {'step': 51500, 'relative_mse': 0.00020560660375352693, 'seconds': 232.02019279520027}
head_train {'step': 52000, 'relative_mse': 0.00019798309387586955, 'seconds': 234.23994102305733}
head_train {'step': 52500, 'relative_mse': 0.00019363402860518353, 'seconds': 236.49036471103318}
head_train {'step': 53000, 'relative_mse': 0.0001906105221975359, 'seconds': 238.7360937341582}
head_train {'step': 53500, 'relative_mse': 0.00019008177110529614, 'seconds': 240.96189097920433}
head_train {'step': 54000, 'relative_mse': 0.00018552972186618318, 'seconds': 243.17798326606862}
head_train {'step': 54500, 'relative_mse': 0.0001932082473649795, 'seconds': 245.3963452440221}
head_train {'step': 55000, 'relative_mse': 0.0001835476049282684, 'seconds': 247.6197778240312}
head_train {'step': 55500, 'relative_mse': 0.00018542486576739802, 'seconds': 249.8374382921029}
head_train {'step': 56000, 'relative_mse': 0.0001891040182266426, 'seconds': 252.0601895870641}
head_train {'step': 56500, 'relative_mse': 0.00018436170653410552, 'seconds': 254.28355244011618}
head_train {'step': 57000, 'relative_mse': 0.00017563302250128433, 'seconds': 256.5254899500869}
head_train {'step': 57500, 'relative_mse': 0.00017533033217906232, 'seconds': 258.788324308116}
head_train {'step': 58000, 'relative_mse': 0.0001726424955792257, 'seconds': 261.00261706719175}
head_train {'step': 58500, 'relative_mse': 0.000171330694155829, 'seconds': 263.22507314011455}
head_train {'step': 59000, 'relative_mse': 0.0001640678835078006, 'seconds': 265.46812658617273}
head_train {'step': 59500, 'relative_mse': 0.0001609398645257338, 'seconds': 267.70864441315643}
head_train {'step': 60000, 'relative_mse': 0.0001667349464740571, 'seconds': 269.9300256201532}
head_train {'step': 60500, 'relative_mse': 0.00016483307065841583, 'seconds': 272.15163885522634}
head_train {'step': 61000, 'relative_mse': 0.0001550464568421194, 'seconds': 274.3975008202251}
head_train {'step': 61500, 'relative_mse': 0.00015629659287453375, 'seconds': 276.6686901370995}
head_train {'step': 62000, 'relative_mse': 0.00015736672841900506, 'seconds': 278.9125079540536}
head_train {'step': 62500, 'relative_mse': 0.00015333629228724967, 'seconds': 281.1661812881939}
head_train {'step': 63000, 'relative_mse': 0.0001494181320217319, 'seconds': 283.391591059044}
head_train {'step': 63500, 'relative_mse': 0.00015204094064612958, 'seconds': 285.62249700608663}
head_train {'step': 64000, 'relative_mse': 0.00015110845146464757, 'seconds': 287.8495830090251}
head_train {'step': 64500, 'relative_mse': 0.00014838075289101541, 'seconds': 290.0986219381448}
head_train {'step': 65000, 'relative_mse': 0.00014471287806418106, 'seconds': 292.34486164408736}
head_train {'step': 65500, 'relative_mse': 0.0001433320059870741, 'seconds': 294.5739158350043}
head_train {'step': 66000, 'relative_mse': 0.0001425088135833074, 'seconds': 296.79648193111643}
head_train {'step': 66500, 'relative_mse': 0.00014008030437748388, 'seconds': 299.0177892530337}
head_train {'step': 67000, 'relative_mse': 0.0001400728927031043, 'seconds': 301.26803263509646}
head_train {'step': 67500, 'relative_mse': 0.00014056669076278297, 'seconds': 303.47673311200924}
head_train {'step': 68000, 'relative_mse': 0.00013545881823941497, 'seconds': 305.69804422021843}
head_train {'step': 68500, 'relative_mse': 0.00013647030792988992, 'seconds': 307.9247992262244}
head_train {'step': 69000, 'relative_mse': 0.00013608057879055342, 'seconds': 310.15697762416676}
head_train {'step': 69500, 'relative_mse': 0.00013078322100480453, 'seconds': 312.40128496615216}
head_train {'step': 70000, 'relative_mse': 0.00013008249571190908, 'seconds': 314.6290280530229}
head_train {'step': 70500, 'relative_mse': 0.00012959691908333125, 'seconds': 316.85573112615384}
head_train {'step': 71000, 'relative_mse': 0.00012897295233087758, 'seconds': 319.1013566001784}
head_train {'step': 71500, 'relative_mse': 0.0001265928476418119, 'seconds': 321.32491465611383}
head_train {'step': 72000, 'relative_mse': 0.0001262336440045342, 'seconds': 323.5466579592321}
head_train {'step': 72500, 'relative_mse': 0.0001267474651246174, 'seconds': 325.7920855341945}
head_train {'step': 73000, 'relative_mse': 0.00012485570705847985, 'seconds': 328.0199575461447}
head_train {'step': 73500, 'relative_mse': 0.00012268794203116652, 'seconds': 330.24200373818167}
head_train {'step': 74000, 'relative_mse': 0.00012142955193979375, 'seconds': 332.46540001616813}
head_train {'step': 74500, 'relative_mse': 0.00012106802065463931, 'seconds': 334.68378261104226}
head_train {'step': 75000, 'relative_mse': 0.00012005171230038241, 'seconds': 336.9004208871629}
head_train {'step': 75500, 'relative_mse': 0.0001192365358845298, 'seconds': 339.1199736830313}
head_train {'step': 76000, 'relative_mse': 0.00011832958322823127, 'seconds': 341.38210494210944}
head_train {'step': 76500, 'relative_mse': 0.00011697186567144761, 'seconds': 343.60628560814075}
head_train {'step': 77000, 'relative_mse': 0.00011589357238656708, 'seconds': 345.8311220991891}
head_train {'step': 77500, 'relative_mse': 0.00011543630091321905, 'seconds': 348.04562061303295}
head_train {'step': 78000, 'relative_mse': 0.00011448396689738442, 'seconds': 350.28403882309794}
head_train {'step': 78500, 'relative_mse': 0.00011423406497346991, 'seconds': 352.4946946671698}
head_train {'step': 79000, 'relative_mse': 0.00011348150624157273, 'seconds': 354.7242791990284}
head_train {'step': 79500, 'relative_mse': 0.0001123558897940106, 'seconds': 356.96981350914575}
head_train {'step': 80000, 'relative_mse': 0.00011148672285270323, 'seconds': 359.18550381809473}
head_train {'step': 80500, 'relative_mse': 0.00011059076262906829, 'seconds': 361.40367576200515}
head_train {'step': 81000, 'relative_mse': 0.00010999096594217317, 'seconds': 363.63072746805847}
head_train {'step': 81500, 'relative_mse': 0.00010920365835574877, 'seconds': 365.85057128802873}
head_train {'step': 82000, 'relative_mse': 0.0001082764121018333, 'seconds': 368.07031198614277}
head_train {'step': 82500, 'relative_mse': 0.00010792345237035522, 'seconds': 370.31293177604675}
head_train {'step': 83000, 'relative_mse': 0.00010706113059140482, 'seconds': 372.5438699061051}
head_train {'step': 83500, 'relative_mse': 0.00010649034037813138, 'seconds': 374.78110472811386}
head_train {'step': 84000, 'relative_mse': 0.00010573019084552358, 'seconds': 377.0044882821385}
head_train {'step': 84500, 'relative_mse': 0.00010507049622433186, 'seconds': 379.24262251821347}
head_train {'step': 85000, 'relative_mse': 0.00010465621736023607, 'seconds': 381.54758476209827}
head_train {'step': 85500, 'relative_mse': 0.00010389106174452274, 'seconds': 383.75876506906934}
head_train {'step': 86000, 'relative_mse': 0.00010332108380818524, 'seconds': 385.98071156814694}
head_train {'step': 86500, 'relative_mse': 0.00010283901031052423, 'seconds': 388.22254310920835}
head_train {'step': 87000, 'relative_mse': 0.00010231578950929766, 'seconds': 390.45105258910917}
head_train {'step': 87500, 'relative_mse': 0.00010175945926848588, 'seconds': 392.68854318605736}
head_train {'step': 88000, 'relative_mse': 0.00010112313113617116, 'seconds': 394.9084579201881}
head_train {'step': 88500, 'relative_mse': 0.00010063620641566477, 'seconds': 397.12843784014694}
head_train {'step': 89000, 'relative_mse': 0.00010013633683370065, 'seconds': 399.3456578310579}
head_train {'step': 89500, 'relative_mse': 9.960386789402051e-05, 'seconds': 401.56689284113236}
head_train {'step': 90000, 'relative_mse': 9.908292605450216e-05, 'seconds': 403.7827379910741}
head_train {'step': 90500, 'relative_mse': 9.863436782647074e-05, 'seconds': 406.0333146681078}
head_train {'step': 91000, 'relative_mse': 9.81563263341399e-05, 'seconds': 408.257210329175}
head_train {'step': 91500, 'relative_mse': 9.765731498778713e-05, 'seconds': 410.4850523842033}
head_train {'step': 92000, 'relative_mse': 9.718625158858237e-05, 'seconds': 412.6969683810603}
head_train {'step': 92500, 'relative_mse': 9.67228932888643e-05, 'seconds': 414.9180299511645}
head_train {'step': 93000, 'relative_mse': 9.62805610163791e-05, 'seconds': 417.16684346902184}
head_train {'step': 93500, 'relative_mse': 9.584604865373873e-05, 'seconds': 419.3770896070637}
head_train {'step': 94000, 'relative_mse': 9.540860737736988e-05, 'seconds': 421.5979379180353}
head_train {'step': 94500, 'relative_mse': 9.49886980143932e-05, 'seconds': 423.8222748900298}
head_train {'step': 95000, 'relative_mse': 9.456861953252002e-05, 'seconds': 426.05405274103396}
head_train {'step': 95500, 'relative_mse': 9.415913338521454e-05, 'seconds': 428.28802662319504}
head_train {'step': 96000, 'relative_mse': 9.375849769329575e-05, 'seconds': 430.5074816630222}
head_train {'step': 96500, 'relative_mse': 9.336191764597042e-05, 'seconds': 432.73379942402244}
head_train {'step': 97000, 'relative_mse': 9.296999498718053e-05, 'seconds': 434.9450804651715}
head_train {'step': 97500, 'relative_mse': 9.259345768645663e-05, 'seconds': 437.1910044280812}
head_train {'step': 98000, 'relative_mse': 9.221454782191952e-05, 'seconds': 439.4176186490804}
head_train {'step': 98500, 'relative_mse': 9.183828520308963e-05, 'seconds': 441.6505800310988}
head_train {'step': 99000, 'relative_mse': 9.147277092006533e-05, 'seconds': 443.8969045060221}
head_train {'step': 99500, 'relative_mse': 9.111569217666051e-05, 'seconds': 446.120596740162}
head_train {'step': 100000, 'relative_mse': 9.075200808474629e-05, 'seconds': 448.34581272513606}
STAGE new_operator_training
OPERATOR deeponet3d 1 val_worst 0.982043970973124 seconds 11.149354738881811
OPERATOR deeponet3d 400 val_worst 0.928756340241039 seconds 21.24148006690666
OPERATOR deeponet3d 800 val_worst 0.8965898793505169 seconds 31.332152924966067
OPERATOR deeponet3d 1200 val_worst 0.873501975884059 seconds 41.464362274855375
OPERATOR deeponet3d 1600 val_worst 0.8383330790720098 seconds 51.613204097840935
OPERATOR deeponet3d 2000 val_worst 0.8533363984837105 seconds 61.67691876087338
OPERATOR deeponet3d 2400 val_worst 0.7643985111173358 seconds 71.86132791778073
OPERATOR deeponet3d 2800 val_worst 0.7397311618035944 seconds 82.0119750178419
OPERATOR deeponet3d 3200 val_worst 0.7644895539246481 seconds 92.09890520595945
OPERATOR deeponet3d 3600 val_worst 0.7169384250811595 seconds 102.29614110896364
OPERATOR deeponet3d 4000 val_worst 0.6779401911998821 seconds 112.47786020394415
OPERATOR deeponet3d 4400 val_worst 0.653223480824489 seconds 122.71063990984112
OPERATOR deeponet3d 4800 val_worst 0.6748586205301601 seconds 132.8063504428137
OPERATOR deeponet3d 5200 val_worst 0.6411011850668379 seconds 143.02030892879702
OPERATOR deeponet3d 5600 val_worst 0.6383109673787648 seconds 153.21007571090013
OPERATOR deeponet3d 6000 val_worst 0.6588084008327477 seconds 163.31238350388594
OPERATOR deeponet3d 6400 val_worst 0.6422187700295761 seconds 173.4186524238903
OPERATOR deeponet3d 6800 val_worst 0.6520924296553213 seconds 183.538529724814
OPERATOR deeponet3d 7200 val_worst 0.627793310314835 seconds 193.79612590186298
OPERATOR deeponet3d 7600 val_worst 0.6295745519612282 seconds 203.88184702489525
OPERATOR deeponet3d 8000 val_worst 0.6166699093758747 seconds 214.0712909719441
OPERATOR deeponet3d 8400 val_worst 0.5903596852072467 seconds 224.26353330397978
OPERATOR deeponet3d 8800 val_worst 0.6004487635884079 seconds 234.37763553392142
OPERATOR deeponet3d 9200 val_worst 0.5909029781007238 seconds 244.49611810198985
OPERATOR deeponet3d 9600 val_worst 0.5618531271297228 seconds 254.68698812485673
OPERATOR deeponet3d 10000 val_worst 0.5893597583922616 seconds 264.8034827338997
OPERATOR deeponet3d 10400 val_worst 0.5616578648758542 seconds 275.0028493448626
OPERATOR deeponet3d 10800 val_worst 0.5598090008906684 seconds 285.2180871788878
OPERATOR deeponet3d 11200 val_worst 0.5355735959772583 seconds 295.39202521089464
OPERATOR deeponet3d 11600 val_worst 0.5723506495876957 seconds 305.49102538777515
OPERATOR deeponet3d 12000 val_worst 0.5321293939353453 seconds 315.76688340795226
OPERATOR deeponet3d 12400 val_worst 0.5283602913238095 seconds 325.9562453548424
OPERATOR deeponet3d 12800 val_worst 0.5409150179644638 seconds 336.0683233179152
OPERATOR deeponet3d 13200 val_worst 0.5082756195908035 seconds 346.2908275469672
OPERATOR deeponet3d 13600 val_worst 0.5141020610802998 seconds 356.4155658988748
OPERATOR deeponet3d 14000 val_worst 0.5193123878346183 seconds 366.5327171147801
OPERATOR deeponet3d 14400 val_worst 0.5041634305318493 seconds 376.7594521418214
OPERATOR deeponet3d 14800 val_worst 0.5114545851366291 seconds 386.8863148188684
OPERATOR deeponet3d 15200 val_worst 0.48367092827659053 seconds 397.08433317486197
OPERATOR deeponet3d 15600 val_worst 0.4864117598661904 seconds 407.20788985094987
OPERATOR deeponet3d 16000 val_worst 0.4810039504680325 seconds 417.38709225296043
OPERATOR deeponet3d 16400 val_worst 0.47258984963167566 seconds 427.5573090878315
OPERATOR deeponet3d 16800 val_worst 0.4710544936805302 seconds 437.75633250083774
OPERATOR deeponet3d 17200 val_worst 0.4586907799443454 seconds 447.9418944949284
OPERATOR deeponet3d 17600 val_worst 0.4677122047721361 seconds 458.05940323183313
OPERATOR deeponet3d 18000 val_worst 0.4622296591466042 seconds 468.1917373619508
OPERATOR deeponet3d 18400 val_worst 0.470396010477084 seconds 478.33265801682137
OPERATOR deeponet3d 18800 val_worst 0.46652673012744944 seconds 488.4981994628906
OPERATOR deeponet3d 19200 val_worst 0.46908822603715256 seconds 498.5994987220038
OPERATOR deeponet3d 19600 val_worst 0.46871268177357817 seconds 508.72321925289
OPERATOR deeponet3d 20000 val_worst 0.46975576426668825 seconds 518.8518139899243
OPERATOR deeponet3d 20400 val_worst 0.4709915814173464 seconds 528.9819210148416
OPERATOR deeponet3d 20800 val_worst 0.45600702523051573 seconds 539.194840655895
OPERATOR deeponet3d 21200 val_worst 0.46700450402265875 seconds 549.312988829799
OPERATOR deeponet3d 21600 val_worst 0.45993422486475655 seconds 559.4400315608364
OPERATOR deeponet3d 22000 val_worst 0.4697462046927899 seconds 569.5641933879815
OPERATOR deeponet3d 22400 val_worst 0.4688050452397094 seconds 579.6590077988803
OPERATOR deeponet3d 22800 val_worst 0.4606622009635171 seconds 589.763628748944
OPERATOR deeponet3d 23200 val_worst 0.45396950451295004 seconds 600.0360119969118
OPERATOR deeponet3d 23600 val_worst 0.4585716041122938 seconds 610.1648456677794
OPERATOR deeponet3d 24000 val_worst 0.4651323687323091 seconds 620.3543150029145
OPERATOR deeponet3d 24400 val_worst 0.4636887639360081 seconds 630.4863989418373
OPERATOR deeponet3d 24800 val_worst 0.4607311341976636 seconds 640.5997022688389
OPERATOR deeponet3d 25200 val_worst 0.4571104638720337 seconds 650.6965313078836
OPERATOR deeponet3d 25600 val_worst 0.4594475389698779 seconds 660.823228653986
OPERATOR deeponet3d 26000 val_worst 0.458915377830975 seconds 670.9249415488448
OPERATOR deeponet3d 26400 val_worst 0.45546768350061195 seconds 681.0312428309117
OPERATOR deeponet3d 26800 val_worst 0.4640144907067257 seconds 691.154499973869
OPERATOR deeponet3d 27200 val_worst 0.46061225849110876 seconds 701.2841086059343
OPERATOR deeponet3d 27600 val_worst 0.4583784183778298 seconds 711.3865325858351
OPERATOR deeponet3d 28000 val_worst 0.4614282230368386 seconds 721.5042453887872
OPERATOR deeponet3d 28400 val_worst 0.46097887467054227 seconds 731.6524579238612
OPERATOR deeponet3d 28800 val_worst 0.46458848389631247 seconds 741.751190304989
OPERATOR deeponet3d 29200 val_worst 0.46756031097341477 seconds 751.877743873978
OPERATOR deeponet3d 29600 val_worst 0.4671019750005937 seconds 761.9836992567871
OPERATOR deeponet3d 30000 val_worst 0.46890628902253534 seconds 772.0899223969318
OPERATOR deeponet3d 30400 val_worst 0.4661542567502231 seconds 782.2615867138375
OPERATOR deeponet3d 30800 val_worst 0.47025412940867917 seconds 792.3781103899237
OPERATOR deeponet3d 31200 val_worst 0.4723300822661984 seconds 802.503847559914
OPERATOR deeponet3d 31600 val_worst 0.47234754646162047 seconds 812.6169647339266
OPERATOR deeponet3d 32000 val_worst 0.47137360101412296 seconds 822.7517493518535
OPERATOR transolver3d 1 val_worst 0.986063163188626 seconds 17.463301229989156
OPERATOR transolver3d 400 val_worst 0.270453288115012 seconds 26.474418802186847
OPERATOR transolver3d 800 val_worst 0.1909896503326805 seconds 35.503127936972305
OPERATOR transolver3d 1200 val_worst 0.14399821601892251 seconds 44.529125028057024
OPERATOR transolver3d 1600 val_worst 0.12610213965793832 seconds 53.55861437902786
OPERATOR transolver3d 2000 val_worst 0.11605800408719273 seconds 62.59240160509944
OPERATOR transolver3d 2400 val_worst 0.10486297008968481 seconds 71.6159857751336
OPERATOR transolver3d 2800 val_worst 0.13128837775120478 seconds 80.63030315516517
OPERATOR transolver3d 3200 val_worst 0.10386845143736369 seconds 89.65598611300811
OPERATOR transolver3d 3600 val_worst 0.0996925347361303 seconds 98.69371742801741
OPERATOR transolver3d 4000 val_worst 0.10879926922355572 seconds 107.70481186895631
OPERATOR transolver3d 4400 val_worst 0.08584838709742457 seconds 116.73346501495689
OPERATOR transolver3d 4800 val_worst 0.12119457518017308 seconds 125.79001970798708
OPERATOR transolver3d 5200 val_worst 0.08572640903903855 seconds 134.81898022512905
OPERATOR transolver3d 5600 val_worst 0.2476498288819299 seconds 143.83184441318735
OPERATOR transolver3d 6000 val_worst 0.09160814881362535 seconds 152.85472742910497
OPERATOR transolver3d 6400 val_worst 0.08054330370685767 seconds 161.9243065500632
OPERATOR transolver3d 6800 val_worst 0.07230072957237788 seconds 170.95517704007216
OPERATOR transolver3d 7200 val_worst 0.07062473019192757 seconds 179.97923710616305
OPERATOR transolver3d 7600 val_worst 0.06833707222626027 seconds 189.00566526013426
OPERATOR transolver3d 8000 val_worst 0.06486824954987919 seconds 198.04321530112065
OPERATOR transolver3d 8400 val_worst 0.06243971833707436 seconds 207.07845090096816
OPERATOR transolver3d 8800 val_worst 0.24675692704476782 seconds 216.09025714895688
OPERATOR transolver3d 9200 val_worst 0.08291151972850067 seconds 225.1062317600008
OPERATOR transolver3d 9600 val_worst 0.07359017744684392 seconds 234.12278802413493
OPERATOR transolver3d 10000 val_worst 0.06141178160886681 seconds 243.15158336609602
OPERATOR transolver3d 10400 val_worst 0.05915373650028037 seconds 252.1865519459825
OPERATOR transolver3d 10800 val_worst 0.0558558796866056 seconds 261.2175244311802
OPERATOR transolver3d 11200 val_worst 0.05702451022411247 seconds 270.22979320096783
OPERATOR transolver3d 11600 val_worst 0.05042667620034315 seconds 279.2586920079775
OPERATOR transolver3d 12000 val_worst 0.05103904414115004 seconds 288.2735195220448
OPERATOR transolver3d 12400 val_worst 0.05608869041530189 seconds 297.2902097250335
OPERATOR transolver3d 12800 val_worst 0.05244656959078224 seconds 306.31041520810686
OPERATOR transolver3d 13200 val_worst 0.04929350341647946 seconds 315.3418842670508
OPERATOR transolver3d 13600 val_worst 0.04648487853791681 seconds 324.3803536691703
OPERATOR transolver3d 14000 val_worst 0.04401949527895024 seconds 333.416237821104
OPERATOR transolver3d 14400 val_worst 0.043909152256312735 seconds 342.4516571899876
OPERATOR transolver3d 14800 val_worst 0.10406485771406844 seconds 351.46428834903054
OPERATOR transolver3d 15200 val_worst 0.05127412381668114 seconds 360.4858978930861
OPERATOR transolver3d 15600 val_worst 0.05364550153811801 seconds 369.5162804380525
OPERATOR transolver3d 16000 val_worst 0.04556927882390988 seconds 378.5303507889621
OPERATOR transolver3d 16400 val_worst 0.044434080926907496 seconds 387.55180912208743
OPERATOR transolver3d 16800 val_worst 0.043042468003200454 seconds 396.5886015740689
OPERATOR transolver3d 17200 val_worst 0.04187753017235828 seconds 405.61578482203186
OPERATOR transolver3d 17600 val_worst 0.10216638011122851 seconds 414.6320496441331
OPERATOR transolver3d 18000 val_worst 0.05227215880560026 seconds 423.65016020298935
OPERATOR transolver3d 18400 val_worst 0.04661869839186359 seconds 432.67063137399964
OPERATOR transolver3d 18800 val_worst 0.042980796409401174 seconds 441.68663442111574
OPERATOR transolver3d 19200 val_worst 0.04085388509368204 seconds 450.72108806017786
OPERATOR transolver3d 19600 val_worst 0.03989048481642314 seconds 459.75258315517567
OPERATOR transolver3d 20000 val_worst 0.03929216000526635 seconds 468.7829342649784
OPERATOR transolver3d 20400 val_worst 0.0396534639772499 seconds 477.8030397580005
OPERATOR transolver3d 20800 val_worst 0.04677866557766449 seconds 486.8229653581511
OPERATOR transolver3d 21200 val_worst 0.038086554057941285 seconds 495.86103358399123
OPERATOR transolver3d 21600 val_worst 0.036871473960389825 seconds 504.90078532416373
OPERATOR transolver3d 22000 val_worst 0.03743908198090196 seconds 513.9213129009586
OPERATOR transolver3d 22400 val_worst 0.03667609320540388 seconds 522.9603192140348
OPERATOR transolver3d 22800 val_worst 0.03563206309802421 seconds 531.996372501133
OPERATOR transolver3d 23200 val_worst 0.03634447820327132 seconds 541.0183759601787
OPERATOR transolver3d 23600 val_worst 0.034895805235354044 seconds 550.0558778301347
OPERATOR transolver3d 24000 val_worst 0.034344370986870904 seconds 559.0928749849554
OPERATOR transolver3d 24400 val_worst 0.033461174897454884 seconds 568.1289945261087
OPERATOR transolver3d 24800 val_worst 0.033655507160913894 seconds 577.1487157391384
OPERATOR transolver3d 25200 val_worst 0.03361536122755857 seconds 586.1672108441126
OPERATOR transolver3d 25600 val_worst 0.03383127901457153 seconds 595.1917856631335
OPERATOR transolver3d 26000 val_worst 0.03284442836929504 seconds 604.2280677310191
OPERATOR transolver3d 26400 val_worst 0.0329420153357773 seconds 613.2508941690903
OPERATOR transolver3d 26800 val_worst 0.032304798059575625 seconds 622.2882116730325
OPERATOR transolver3d 27200 val_worst 0.03232954957018281 seconds 631.3098617661744
OPERATOR transolver3d 27600 val_worst 0.031683182380802664 seconds 640.354082365986
OPERATOR transolver3d 28000 val_worst 0.03125801814407231 seconds 649.3946963190101
OPERATOR transolver3d 28400 val_worst 0.030992754666953285 seconds 658.428826819174
OPERATOR transolver3d 28800 val_worst 0.030631017489917096 seconds 667.4640139329713
OPERATOR transolver3d 29200 val_worst 0.031010888542340256 seconds 676.4977988330647
OPERATOR transolver3d 29600 val_worst 0.03078265424180053 seconds 685.5172198300716
OPERATOR transolver3d 30000 val_worst 0.03050465377451196 seconds 694.5639022651594
OPERATOR transolver3d 30400 val_worst 0.030345409471469995 seconds 703.6095098380465
OPERATOR transolver3d 30800 val_worst 0.030339117946145133 seconds 712.6579209531192
OPERATOR transolver3d 31200 val_worst 0.030478706236789943 seconds 721.6800667981151
OPERATOR transolver3d 31600 val_worst 0.030041503321411422 seconds 730.7245266220998
OPERATOR transolver3d 32000 val_worst 0.029868401645373324 seconds 739.770952261053
STAGE assemble_reused_complete_queries
STAGE timed_reference_fields
STAGE compile_complete_queries
COMPILED nmrom_q0 10.110442074015737
COMPILED nmrom_q16 9.84284614212811
COMPILED nmrom_q32 10.073300746968016
COMPILED nmrom_q64 11.320744881173596
COMPILED nmrom_q128 12.250316970981658
COMPILED pod_weak_16 1.57689019292593
COMPILED pod_weak_32 1.9786830870434642
COMPILED pod_weak_48 1.9709573779255152
COMPILED pod_galerkin_128 1.1315555709879845
COMPILED pod_galerkin_256 0.9520649560727179
COMPILED pod_galerkin_512 1.5058153660502285
COMPILED free_bank_galerkin 0.8546800471376628
COMPILED fom_dt0.001 0.6250696629285812
COMPILED fom_dt0.002 0.5287345091346651
COMPILED fom_dt0.004 0.5696466020308435
COMPILED fom_dt0.008 0.5345030021853745
COMPILED deeponet3d_raw 1.363196990918368
COMPILED deeponet3d_projected 0.8723092591390014
COMPILED transolver3d_raw 1.0893796398304403
COMPILED transolver3d_projected 1.1853938100393862
COMPILED fno3d_raw 1.1251483659725636
COMPILED fno3d_projected 0.7625263708177954
COMPILED unet3d_raw 0.7956396220251918
COMPILED unet3d_projected 0.5834632699843496
STAGE matched_timing
TIMED 0 0
TIMED 0 1
TIMED 0 2
TIMED 1 0
TIMED 1 1
TIMED 1 2
TIMED 2 0
TIMED 2 1
TIMED 2 2
TIMED 3 0
TIMED 3 1
TIMED 3 2
TIMED 4 0
TIMED 4 1
TIMED 4 2
TIMED 5 0
TIMED 5 1
TIMED 5 2
TIMED 6 0
TIMED 6 1
TIMED 6 2
TIMED 7 0
TIMED 7 1
TIMED 7 2
STAGE complete
ALL-DONE
PILOT_EXIT=0
