host=pax050 job_id=4298038
NVIDIA A100 80GB PCIe, GPU-c58462eb-c0bf-1c85-741e-f8dc31e64312, 81920 MiB, 575.57.08
10.235.106.32:/projects/paralab  4.6T  4.2T  372G  93% /cluster/tufts/paralab
jax_backend=gpu
torch_cuda True NVIDIA A100 80GB PCIe
CASE train burgers-train-00000 1.06
CASE train burgers-train-00001 0.07
CASE train burgers-train-00002 0.07
CASE train burgers-train-00003 0.1
CASE train burgers-train-00004 0.12
CASE train burgers-train-00005 0.08
CASE train burgers-train-00006 0.12
CASE train burgers-train-00007 0.12
CASE train burgers-train-00008 0.07
CASE train burgers-train-00009 0.11
CASE train burgers-train-00010 0.12
CASE train burgers-train-00011 0.05
CASE train burgers-train-00012 0.07
CASE train burgers-train-00013 0.11
CASE train burgers-train-00014 0.1
CASE train burgers-train-00015 0.05
CASE train burgers-train-00016 0.09
CASE train burgers-train-00017 0.1
CASE train burgers-train-00018 0.07
CASE train burgers-train-00019 0.09
CASE train burgers-train-00020 0.13
CASE train burgers-train-00021 0.08
CASE train burgers-train-00022 0.09
CASE train burgers-train-00023 0.13
CASE train burgers-train-00024 0.07
CASE train burgers-train-00025 0.16
CASE train burgers-train-00026 0.15
CASE train burgers-train-00027 0.08
CASE train burgers-train-00028 0.14
CASE train burgers-train-00029 0.14
CASE train burgers-train-00030 0.15
CASE train burgers-train-00031 0.12
CASE train burgers-train-00032 0.06
CASE train burgers-train-00033 0.06
CASE train burgers-train-00034 0.09
CASE train burgers-train-00035 0.04
CASE train burgers-train-00036 0.09
CASE train burgers-train-00037 0.09
CASE train burgers-train-00038 0.09
CASE train burgers-train-00039 0.13
CASE train burgers-train-00040 0.09
CASE train burgers-train-00041 0.11
CASE train burgers-train-00042 0.11
CASE train burgers-train-00043 0.12
CASE train burgers-train-00044 0.06
CASE train burgers-train-00045 0.08
CASE train burgers-train-00046 0.11
CASE train burgers-train-00047 0.05
CASE train burgers-train-00048 0.09
CASE train burgers-train-00049 0.09
CASE train burgers-train-00050 0.07
CASE train burgers-train-00051 0.12
CASE train burgers-train-00052 0.12
CASE train burgers-train-00053 0.1
CASE train burgers-train-00054 0.08
CASE train burgers-train-00055 0.08
CASE train burgers-train-00056 0.13
CASE train burgers-train-00057 0.12
CASE train burgers-train-00058 0.09
CASE train burgers-train-00059 0.1
CASE train burgers-train-00060 0.17
CASE train burgers-train-00061 0.08
CASE train burgers-train-00062 0.08
CASE train burgers-train-00063 0.1
CASE train burgers-train-00064 0.09
CASE train burgers-train-00065 0.08
CASE train burgers-train-00066 0.1
CASE train burgers-train-00067 0.08
CASE train burgers-train-00068 0.05
CASE train burgers-train-00069 0.07
CASE train burgers-train-00070 0.09
CASE train burgers-train-00071 0.09
CASE train burgers-train-00072 0.08
CASE train burgers-train-00073 0.08
CASE train burgers-train-00074 0.07
CASE train burgers-train-00075 0.13
CASE train burgers-train-00076 0.07
CASE train burgers-train-00077 0.09
CASE train burgers-train-00078 0.07
CASE train burgers-train-00079 0.14
CASE train burgers-train-00080 0.11
CASE train burgers-train-00081 0.1
CASE train burgers-train-00082 0.07
CASE train burgers-train-00083 0.09
CASE train burgers-train-00084 0.12
CASE train burgers-train-00085 0.08
CASE train burgers-train-00086 0.11
CASE train burgers-train-00087 0.11
CASE train burgers-train-00088 0.1
CASE train burgers-train-00089 0.1
CASE train burgers-train-00090 0.09
CASE train burgers-train-00091 0.08
CASE train burgers-train-00092 0.12
CASE train burgers-train-00093 0.13
CASE train burgers-train-00094 0.09
CASE train burgers-train-00095 0.08
CASE train burgers-train-00096 0.09
CASE train burgers-train-00097 0.08
CASE train burgers-train-00098 0.1
CASE train burgers-train-00099 0.13
CASE train burgers-train-00100 0.12
CASE train burgers-train-00101 0.11
CASE train burgers-train-00102 0.09
CASE train burgers-train-00103 0.09
CASE train burgers-train-00104 0.07
CASE train burgers-train-00105 0.07
CASE train burgers-train-00106 0.07
CASE train burgers-train-00107 0.07
CASE train burgers-train-00108 0.09
CASE train burgers-train-00109 0.13
CASE train burgers-train-00110 0.08
CASE train burgers-train-00111 0.1
CASE train burgers-train-00112 0.1
CASE train burgers-train-00113 0.1
CASE train burgers-train-00114 0.1
CASE train burgers-train-00115 0.09
CASE train burgers-train-00116 0.08
CASE train burgers-train-00117 0.1
CASE train burgers-train-00118 0.06
CASE train burgers-train-00119 0.11
CASE train burgers-train-00120 0.12
CASE train burgers-train-00121 0.08
CASE train burgers-train-00122 0.11
CASE train burgers-train-00123 0.06
CASE train burgers-train-00124 0.1
CASE train burgers-train-00125 0.1
CASE train burgers-train-00126 0.07
CASE train burgers-train-00127 0.12
CASE validation burgers-validation-00000 0.09
CASE validation burgers-validation-00001 0.09
CASE validation burgers-validation-00002 0.07
CASE validation burgers-validation-00003 0.06
CASE validation burgers-validation-00004 0.08
CASE validation burgers-validation-00005 0.14
CASE validation burgers-validation-00006 0.14
CASE validation burgers-validation-00007 0.09
CASE validation burgers-validation-00008 0.09
CASE validation burgers-validation-00009 0.07
CASE validation burgers-validation-00010 0.11
CASE validation burgers-validation-00011 0.06
CASE validation burgers-validation-00012 0.09
CASE validation burgers-validation-00013 0.07
CASE validation burgers-validation-00014 0.1
CASE validation burgers-validation-00015 0.05
CASE validation burgers-validation-00016 0.05
CASE validation burgers-validation-00017 0.1
CASE validation burgers-validation-00018 0.15
CASE validation burgers-validation-00019 0.15
CASE validation burgers-validation-00020 0.11
CASE validation burgers-validation-00021 0.08
CASE validation burgers-validation-00022 0.07
CASE validation burgers-validation-00023 0.07
CASE validation burgers-validation-00024 0.08
CASE validation burgers-validation-00025 0.06
CASE validation burgers-validation-00026 0.06
CASE validation burgers-validation-00027 0.06
CASE validation burgers-validation-00028 0.09
CASE validation burgers-validation-00029 0.06
CASE validation burgers-validation-00030 0.1
CASE validation burgers-validation-00031 0.1
DATA DONE {"train": {"cases": 128, "source_index_sha256": "5333584b7162df622ec7bc2b08e68d8003036b1b05abbea520249ed408fc8d49", "median_seconds": 0.09259548783302307, "host_bytes": 405805056}, "validation": {"cases": 32, "source_index_sha256": "468b9e70df3392c4b5bbb41381c9062d3d697ac4772b7236c4ee59d0ca73ebad", "median_seconds": 0.08425738592632115, "host_bytes": 101451264}, "mesh": 256, "seconds": 17.56698743486777, "solver": "iterative_paths.make_fom(L, dt, \"fft\") = fft_tight", "storage": "host memory only (no per-case files)"}
torch_backend=cuda NVIDIA A100 80GB PCIe
{"epoch": 0, "train_mean_squared_relative_error": 0.3213664847055735, "wall_seconds": 3.302385393064469, "best_so_far": 0.40283981380677447}
{"epoch": 1, "train_mean_squared_relative_error": 0.0843751670565648, "wall_seconds": 6.933838079217821, "best_so_far": 0.226601443031843}
{"epoch": 2, "train_mean_squared_relative_error": 0.03630627952929528, "wall_seconds": 10.674637696240097, "best_so_far": 0.20253605171170141}
{"epoch": 3, "train_mean_squared_relative_error": 0.0272398974215718, "wall_seconds": 14.470405058935285, "best_so_far": 0.17082550506216543}
{"epoch": 4, "train_mean_squared_relative_error": 0.017808877158107635, "wall_seconds": 18.242412181105465, "best_so_far": 0.15358526052920335}
{"epoch": 5, "train_mean_squared_relative_error": 0.013941491527503572, "wall_seconds": 22.167450754903257, "best_so_far": 0.12735283071941556}
{"epoch": 6, "train_mean_squared_relative_error": 0.01082322069572892, "wall_seconds": 25.91780246887356, "best_so_far": 0.11606377664993638}
{"epoch": 7, "train_mean_squared_relative_error": 0.009036906745128536, "wall_seconds": 29.763677606824785, "best_so_far": 0.11152849937811864}
{"epoch": 8, "train_mean_squared_relative_error": 0.00752535806233617, "wall_seconds": 33.519158511888236, "best_so_far": 0.09829061151763999}
{"epoch": 9, "train_mean_squared_relative_error": 0.004772077544049065, "wall_seconds": 37.34340033214539, "best_so_far": 0.08125444213423026}
{"epoch": 10, "train_mean_squared_relative_error": 0.00364853835879864, "wall_seconds": 41.0704787238501, "best_so_far": 0.07855237014748205}
{"epoch": 11, "train_mean_squared_relative_error": 0.002998964707562437, "wall_seconds": 44.80053484579548, "best_so_far": 0.07306059213243052}
{"epoch": 12, "train_mean_squared_relative_error": 0.002601810480621211, "wall_seconds": 48.498721530195326, "best_so_far": 0.0668405263990834}
{"epoch": 13, "train_mean_squared_relative_error": 0.002235106485530724, "wall_seconds": 52.234426252078265, "best_so_far": 0.059723229621816205}
{"epoch": 14, "train_mean_squared_relative_error": 0.0018313649097222457, "wall_seconds": 55.962583971209824, "best_so_far": 0.05839890434126002}
{"epoch": 15, "train_mean_squared_relative_error": 0.0015038215428089378, "wall_seconds": 59.78983504511416, "best_so_far": 0.055015756155209275}
{"epoch": 16, "train_mean_squared_relative_error": 0.0013542449237703453, "wall_seconds": 63.61924630496651, "best_so_far": 0.053637128319338055}
{"epoch": 17, "train_mean_squared_relative_error": 0.0011377304241042478, "wall_seconds": 67.3696194528602, "best_so_far": 0.04896021099149367}
{"epoch": 18, "train_mean_squared_relative_error": 0.001040447750635351, "wall_seconds": 71.03514560777694, "best_so_far": 0.04887197349583047}
{"epoch": 19, "train_mean_squared_relative_error": 0.0009969671075182826, "wall_seconds": 74.88209231803194, "best_so_far": 0.047828607877077545}
{"epoch": 20, "train_mean_squared_relative_error": 0.0009374911167196509, "wall_seconds": 78.64788315817714, "best_so_far": 0.04612051493390321}
{"epoch": 21, "train_mean_squared_relative_error": 0.0009851514461079497, "wall_seconds": 82.4553836490959, "best_so_far": 0.04517879449426722}
{"epoch": 22, "train_mean_squared_relative_error": 0.0008819905314029583, "wall_seconds": 86.40016507077962, "best_so_far": 0.04331117369803435}
{"epoch": 23, "train_mean_squared_relative_error": 0.0007278787877423725, "wall_seconds": 90.08682152302936, "best_so_far": 0.043197713713847036}
{"epoch": 24, "train_mean_squared_relative_error": 0.0006717881542949283, "wall_seconds": 93.79164638696238, "best_so_far": 0.0412899819317292}
{"epoch": 25, "train_mean_squared_relative_error": 0.0006801942540378403, "wall_seconds": 97.67662295419723, "best_so_far": 0.0412899819317292}
{"epoch": 26, "train_mean_squared_relative_error": 0.0006586568153894691, "wall_seconds": 100.82313808705658, "best_so_far": 0.04115567202394492}
{"epoch": 27, "train_mean_squared_relative_error": 0.0005378115320248946, "wall_seconds": 104.49448949098587, "best_so_far": 0.04115567202394492}
{"epoch": 28, "train_mean_squared_relative_error": 0.0005613638951218054, "wall_seconds": 107.60436496092007, "best_so_far": 0.04060599599624763}
{"epoch": 29, "train_mean_squared_relative_error": 0.0005390114482328684, "wall_seconds": 111.35526137286797, "best_so_far": 0.04060599599624763}
{"epoch": 30, "train_mean_squared_relative_error": 0.0004885619279177927, "wall_seconds": 114.4440970630385, "best_so_far": 0.038446390345400996}
{"epoch": 31, "train_mean_squared_relative_error": 0.0004968195014197995, "wall_seconds": 118.29865158209577, "best_so_far": 0.038446390345400996}
{"epoch": 32, "train_mean_squared_relative_error": 0.0004560419537490736, "wall_seconds": 121.407212395221, "best_so_far": 0.03676967628006938}
{"epoch": 33, "train_mean_squared_relative_error": 0.00041448001971908916, "wall_seconds": 125.39732076181099, "best_so_far": 0.035501514198530565}
{"epoch": 34, "train_mean_squared_relative_error": 0.0003731240323895188, "wall_seconds": 129.18299354799092, "best_so_far": 0.035501514198530565}
{"epoch": 35, "train_mean_squared_relative_error": 0.0003945133532615299, "wall_seconds": 132.2861707038246, "best_so_far": 0.035501514198530565}
{"epoch": 36, "train_mean_squared_relative_error": 0.0014687884703173905, "wall_seconds": 135.55014925589785, "best_so_far": 0.035501514198530565}
{"epoch": 37, "train_mean_squared_relative_error": 0.002009007362445435, "wall_seconds": 138.6540540959686, "best_so_far": 0.035501514198530565}
{"epoch": 38, "train_mean_squared_relative_error": 0.0017923509952771112, "wall_seconds": 141.7580637591891, "best_so_far": 0.035501514198530565}
{"epoch": 39, "train_mean_squared_relative_error": 0.0009315724784391337, "wall_seconds": 144.84801463084295, "best_so_far": 0.035501514198530565}
{"epoch": 40, "train_mean_squared_relative_error": 0.0006711094626140354, "wall_seconds": 147.96873199380934, "best_so_far": 0.035501514198530565}
{"epoch": 41, "train_mean_squared_relative_error": 0.00069976093587359, "wall_seconds": 151.10418327804655, "best_so_far": 0.035501514198530565}
{"epoch": 42, "train_mean_squared_relative_error": 0.0012474806178936362, "wall_seconds": 154.241624398157, "best_so_far": 0.035501514198530565}
{"epoch": 43, "train_mean_squared_relative_error": 0.001592212115300465, "wall_seconds": 157.3844725349918, "best_so_far": 0.035501514198530565}
{"epoch": 44, "train_mean_squared_relative_error": 0.0011530165049120796, "wall_seconds": 160.4863352989778, "best_so_far": 0.035501514198530565}
{"epoch": 45, "train_mean_squared_relative_error": 0.0007448457980620879, "wall_seconds": 163.56865551695228, "best_so_far": 0.035501514198530565}
{"epoch": 46, "train_mean_squared_relative_error": 0.000515420607468487, "wall_seconds": 166.6749303061515, "best_so_far": 0.035501514198530565}
{"epoch": 47, "train_mean_squared_relative_error": 0.00037614068767526207, "wall_seconds": 169.77044498780742, "best_so_far": 0.035501514198530565}
{"epoch": 48, "train_mean_squared_relative_error": 0.00039430499605192936, "wall_seconds": 172.91465888218954, "best_so_far": 0.035501514198530565}
{"epoch": 49, "train_mean_squared_relative_error": 0.000615601591911907, "wall_seconds": 175.97361011896282, "best_so_far": 0.03388632967651456}
{"epoch": 50, "train_mean_squared_relative_error": 0.0007587936602666533, "wall_seconds": 179.81035359296948, "best_so_far": 0.03388632967651456}
{"epoch": 51, "train_mean_squared_relative_error": 0.0004448460461602309, "wall_seconds": 182.89940766105428, "best_so_far": 0.03388632967651456}
{"epoch": 52, "train_mean_squared_relative_error": 0.00033830380357706375, "wall_seconds": 185.99054541811347, "best_so_far": 0.033008010465752406}
{"epoch": 53, "train_mean_squared_relative_error": 0.00039416470800831096, "wall_seconds": 189.82085823407397, "best_so_far": 0.033008010465752406}
{"epoch": 54, "train_mean_squared_relative_error": 0.0003351039399075141, "wall_seconds": 193.2129160691984, "best_so_far": 0.033008010465752406}
{"epoch": 55, "train_mean_squared_relative_error": 0.0003099337514832462, "wall_seconds": 196.30721136881039, "best_so_far": 0.033008010465752406}
{"epoch": 56, "train_mean_squared_relative_error": 0.0003283007378140039, "wall_seconds": 199.40410336805508, "best_so_far": 0.03252707248150576}
{"epoch": 57, "train_mean_squared_relative_error": 0.00031365160725717436, "wall_seconds": 203.1921599782072, "best_so_far": 0.03252707248150576}
{"epoch": 58, "train_mean_squared_relative_error": 0.00022494701844239851, "wall_seconds": 206.2962974179536, "best_so_far": 0.03145637819675251}
{"epoch": 59, "train_mean_squared_relative_error": 0.00019522638229885623, "wall_seconds": 210.08594686118886, "best_so_far": 0.03145637819675251}
{"epoch": 60, "train_mean_squared_relative_error": 0.00016998294387255452, "wall_seconds": 213.2119644600898, "best_so_far": 0.030088724456466334}
{"epoch": 61, "train_mean_squared_relative_error": 0.000150793995723976, "wall_seconds": 217.05738980090246, "best_so_far": 0.029024216007879584}
{"epoch": 62, "train_mean_squared_relative_error": 0.00014148667261230656, "wall_seconds": 220.82226111693308, "best_so_far": 0.028845446665338254}
{"epoch": 63, "train_mean_squared_relative_error": 0.00014325312377156478, "wall_seconds": 224.5781541299075, "best_so_far": 0.02837031313477586}
{"epoch": 64, "train_mean_squared_relative_error": 0.00013445797942176192, "wall_seconds": 228.31612987583503, "best_so_far": 0.02837031313477586}
{"epoch": 65, "train_mean_squared_relative_error": 0.00013384450852011546, "wall_seconds": 231.50841922080144, "best_so_far": 0.02837031313477586}
{"epoch": 66, "train_mean_squared_relative_error": 0.00012160471705326001, "wall_seconds": 234.62567209778354, "best_so_far": 0.02837031313477586}
{"epoch": 67, "train_mean_squared_relative_error": 0.0001214619959238188, "wall_seconds": 237.72065650485456, "best_so_far": 0.028213323698836133}
{"epoch": 68, "train_mean_squared_relative_error": 0.0001482688956970074, "wall_seconds": 241.52242586482316, "best_so_far": 0.028213323698836133}
{"epoch": 69, "train_mean_squared_relative_error": 0.00014950306557771692, "wall_seconds": 244.6377581427805, "best_so_far": 0.028213323698836133}
{"epoch": 70, "train_mean_squared_relative_error": 0.00014185165638682352, "wall_seconds": 247.7425460740924, "best_so_far": 0.028213323698836133}
{"epoch": 71, "train_mean_squared_relative_error": 0.0001328301223069166, "wall_seconds": 250.99662217404693, "best_so_far": 0.028014911133415556}
{"epoch": 72, "train_mean_squared_relative_error": 0.00015575349647217222, "wall_seconds": 254.83988781506196, "best_so_far": 0.027875435315715333}
{"epoch": 73, "train_mean_squared_relative_error": 0.00011595170465662206, "wall_seconds": 258.6286380952224, "best_so_far": 0.027484482105909258}
{"epoch": 74, "train_mean_squared_relative_error": 0.0002319602374206864, "wall_seconds": 262.3917916188948, "best_so_far": 0.027484482105909258}
{"epoch": 75, "train_mean_squared_relative_error": 0.0002306573814798727, "wall_seconds": 265.4688848941587, "best_so_far": 0.027484482105909258}
{"epoch": 76, "train_mean_squared_relative_error": 0.0001829278981920913, "wall_seconds": 268.5509999659844, "best_so_far": 0.027484482105909258}
{"epoch": 77, "train_mean_squared_relative_error": 0.0003627408609965709, "wall_seconds": 271.6544623961672, "best_so_far": 0.027484482105909258}
{"epoch": 78, "train_mean_squared_relative_error": 0.0003309222357759784, "wall_seconds": 274.7384227621369, "best_so_far": 0.027484482105909258}
{"epoch": 79, "train_mean_squared_relative_error": 0.00048644156063286354, "wall_seconds": 277.8479412640445, "best_so_far": 0.027484482105909258}
{"epoch": 80, "train_mean_squared_relative_error": 0.0004311573335023129, "wall_seconds": 280.988586879801, "best_so_far": 0.027484482105909258}
{"epoch": 81, "train_mean_squared_relative_error": 0.0006049807132803484, "wall_seconds": 284.14310175413266, "best_so_far": 0.027484482105909258}
{"epoch": 82, "train_mean_squared_relative_error": 0.0008435668049984528, "wall_seconds": 287.2608939791098, "best_so_far": 0.027484482105909258}
{"epoch": 83, "train_mean_squared_relative_error": 0.0005994460662754827, "wall_seconds": 290.35228629224, "best_so_far": 0.027484482105909258}
{"epoch": 84, "train_mean_squared_relative_error": 0.0010347307757424947, "wall_seconds": 293.4578931122087, "best_so_far": 0.027484482105909258}
{"epoch": 85, "train_mean_squared_relative_error": 0.0018228145522729072, "wall_seconds": 296.54398879921064, "best_so_far": 0.027484482105909258}
{"epoch": 86, "train_mean_squared_relative_error": 0.0011596462084153979, "wall_seconds": 299.66348625021055, "best_so_far": 0.027484482105909258}
{"epoch": 87, "train_mean_squared_relative_error": 0.0007435607659857877, "wall_seconds": 302.8457139348611, "best_so_far": 0.027484482105909258}
{"epoch": 88, "train_mean_squared_relative_error": 0.0007104378343519121, "wall_seconds": 305.9693177440204, "best_so_far": 0.027484482105909258}
{"epoch": 89, "train_mean_squared_relative_error": 0.0006292262594701058, "wall_seconds": 309.0921700769104, "best_so_far": 0.027484482105909258}
{"epoch": 90, "train_mean_squared_relative_error": 0.0004281221629027462, "wall_seconds": 312.2275500241667, "best_so_far": 0.027484482105909258}
{"epoch": 91, "train_mean_squared_relative_error": 0.00027838208718331464, "wall_seconds": 315.4398635481484, "best_so_far": 0.027484482105909258}
{"epoch": 92, "train_mean_squared_relative_error": 0.00018524772517574146, "wall_seconds": 318.6860198290087, "best_so_far": 0.027484482105909258}
{"epoch": 93, "train_mean_squared_relative_error": 0.00017846071170613578, "wall_seconds": 321.8728664619848, "best_so_far": 0.027484482105909258}
{"epoch": 94, "train_mean_squared_relative_error": 0.0002506429341266183, "wall_seconds": 324.9894980331883, "best_so_far": 0.027484482105909258}
{"epoch": 95, "train_mean_squared_relative_error": 0.0001505228262033918, "wall_seconds": 328.1683686869219, "best_so_far": 0.027484482105909258}
{"epoch": 96, "train_mean_squared_relative_error": 0.00011271581470999326, "wall_seconds": 331.29741193912923, "best_so_far": 0.0269013424108685}
{"epoch": 97, "train_mean_squared_relative_error": 9.588635555142979e-05, "wall_seconds": 335.04017492523417, "best_so_far": 0.0269013424108685}
{"epoch": 98, "train_mean_squared_relative_error": 8.951217007340907e-05, "wall_seconds": 338.137674478814, "best_so_far": 0.026773929145663393}
{"epoch": 99, "train_mean_squared_relative_error": 7.423283646821639e-05, "wall_seconds": 341.8479916220531, "best_so_far": 0.02659815926218717}
{"epoch": 100, "train_mean_squared_relative_error": 6.916358965721848e-05, "wall_seconds": 345.60763850202784, "best_so_far": 0.026479703174917234}
{"epoch": 101, "train_mean_squared_relative_error": 6.586595241161311e-05, "wall_seconds": 349.4145603631623, "best_so_far": 0.026016342572972743}
{"epoch": 102, "train_mean_squared_relative_error": 6.369025950425318e-05, "wall_seconds": 353.2104881410487, "best_so_far": 0.026016342572972743}
{"epoch": 103, "train_mean_squared_relative_error": 5.9866875962251396e-05, "wall_seconds": 356.307583718095, "best_so_far": 0.026016342572972743}
{"epoch": 104, "train_mean_squared_relative_error": 6.006282158017079e-05, "wall_seconds": 359.39654966723174, "best_so_far": 0.026016342572972743}
{"epoch": 105, "train_mean_squared_relative_error": 5.9701212035135526e-05, "wall_seconds": 362.53868983406574, "best_so_far": 0.025722699101072354}
{"epoch": 106, "train_mean_squared_relative_error": 5.947346616384356e-05, "wall_seconds": 366.22928188787773, "best_so_far": 0.025722699101072354}
{"epoch": 107, "train_mean_squared_relative_error": 6.058790851386835e-05, "wall_seconds": 369.37112009106204, "best_so_far": 0.025722699101072354}
{"epoch": 108, "train_mean_squared_relative_error": 6.003234558837052e-05, "wall_seconds": 372.45577605906874, "best_so_far": 0.025722699101072354}
{"epoch": 109, "train_mean_squared_relative_error": 5.739385899904698e-05, "wall_seconds": 375.5592550341971, "best_so_far": 0.025563047719206658}
{"epoch": 110, "train_mean_squared_relative_error": 5.514627884944892e-05, "wall_seconds": 379.28820762084797, "best_so_far": 0.025264280972773244}
{"epoch": 111, "train_mean_squared_relative_error": 5.29257852651959e-05, "wall_seconds": 383.1485435469076, "best_so_far": 0.025264280972773244}
{"epoch": 112, "train_mean_squared_relative_error": 5.329286631178965e-05, "wall_seconds": 386.2581901429221, "best_so_far": 0.025264280972773244}
{"epoch": 113, "train_mean_squared_relative_error": 5.2273674728188705e-05, "wall_seconds": 389.36510090809315, "best_so_far": 0.02517168840630113}
{"epoch": 114, "train_mean_squared_relative_error": 5.0889324737119465e-05, "wall_seconds": 393.071465886198, "best_so_far": 0.02507243180006901}
{"epoch": 115, "train_mean_squared_relative_error": 5.092825978959298e-05, "wall_seconds": 396.79028476495296, "best_so_far": 0.02507243180006901}
{"epoch": 116, "train_mean_squared_relative_error": 5.0408537575186916e-05, "wall_seconds": 399.9153589499183, "best_so_far": 0.02507243180006901}
{"epoch": 117, "train_mean_squared_relative_error": 5.0586708925299927e-05, "wall_seconds": 403.0046162609942, "best_so_far": 0.02507243180006901}
{"epoch": 118, "train_mean_squared_relative_error": 5.224449395708642e-05, "wall_seconds": 406.15233263978735, "best_so_far": 0.02507243180006901}
{"epoch": 119, "train_mean_squared_relative_error": 5.09150450413016e-05, "wall_seconds": 409.3084068428725, "best_so_far": 0.02507243180006901}
{"epoch": 120, "train_mean_squared_relative_error": 5.0317859749507453e-05, "wall_seconds": 412.47369639994577, "best_so_far": 0.025061307368792397}
{"epoch": 121, "train_mean_squared_relative_error": 4.923561959255709e-05, "wall_seconds": 416.24172907182947, "best_so_far": 0.02504776399667797}
{"epoch": 122, "train_mean_squared_relative_error": 4.816983720784824e-05, "wall_seconds": 420.0479631028138, "best_so_far": 0.024990110372719754}
{"epoch": 123, "train_mean_squared_relative_error": 4.727482684929394e-05, "wall_seconds": 423.8048202069476, "best_so_far": 0.02492557409870083}
{"epoch": 124, "train_mean_squared_relative_error": 4.777477943654456e-05, "wall_seconds": 427.5815694341436, "best_so_far": 0.024759952382404096}
{"epoch": 125, "train_mean_squared_relative_error": 4.779149980854902e-05, "wall_seconds": 431.3190444209613, "best_so_far": 0.024759952382404096}
{"epoch": 126, "train_mean_squared_relative_error": 5.04764434257758e-05, "wall_seconds": 434.43399778706953, "best_so_far": 0.024759952382404096}
{"epoch": 127, "train_mean_squared_relative_error": 4.6855903722309095e-05, "wall_seconds": 437.5402376349084, "best_so_far": 0.024759952382404096}
{"epoch": 128, "train_mean_squared_relative_error": 4.477052706933059e-05, "wall_seconds": 440.65280298003927, "best_so_far": 0.024759952382404096}
{"epoch": 129, "train_mean_squared_relative_error": 4.435383888077664e-05, "wall_seconds": 443.7704639178701, "best_so_far": 0.024598927454236655}
{"epoch": 130, "train_mean_squared_relative_error": 4.3568242328369746e-05, "wall_seconds": 447.520643401891, "best_so_far": 0.02457554002296648}
{"epoch": 131, "train_mean_squared_relative_error": 4.363545899966067e-05, "wall_seconds": 451.37535879481584, "best_so_far": 0.02457554002296648}
{"epoch": 132, "train_mean_squared_relative_error": 4.31707835678121e-05, "wall_seconds": 454.54868654021993, "best_so_far": 0.02457554002296648}
{"epoch": 133, "train_mean_squared_relative_error": 4.216161276091381e-05, "wall_seconds": 457.67491667717695, "best_so_far": 0.02457554002296648}
{"epoch": 134, "train_mean_squared_relative_error": 4.1564214645647174e-05, "wall_seconds": 460.79103020904586, "best_so_far": 0.02457554002296648}
{"epoch": 135, "train_mean_squared_relative_error": 4.244736762572753e-05, "wall_seconds": 463.98843990219757, "best_so_far": 0.024403567351446595}
{"epoch": 136, "train_mean_squared_relative_error": 4.17123250478569e-05, "wall_seconds": 467.7969099958427, "best_so_far": 0.024403567351446595}
{"epoch": 137, "train_mean_squared_relative_error": 4.101606356046962e-05, "wall_seconds": 470.98064233222976, "best_so_far": 0.02439344684777544}
{"epoch": 138, "train_mean_squared_relative_error": 4.102951742811887e-05, "wall_seconds": 474.7659448608756, "best_so_far": 0.02439344684777544}
{"epoch": 139, "train_mean_squared_relative_error": 3.997845543743934e-05, "wall_seconds": 477.9509924291633, "best_so_far": 0.024177971663333523}
{"epoch": 140, "train_mean_squared_relative_error": 3.963746670814071e-05, "wall_seconds": 481.6965240370482, "best_so_far": 0.024177971663333523}
{"epoch": 141, "train_mean_squared_relative_error": 4.101687659489834e-05, "wall_seconds": 484.8801739211194, "best_so_far": 0.024177971663333523}
{"epoch": 142, "train_mean_squared_relative_error": 4.020493130798812e-05, "wall_seconds": 488.0610333192162, "best_so_far": 0.023926767073019273}
{"epoch": 143, "train_mean_squared_relative_error": 4.1591471391287463e-05, "wall_seconds": 492.00706953415647, "best_so_far": 0.023926767073019273}
{"epoch": 144, "train_mean_squared_relative_error": 4.254123794367693e-05, "wall_seconds": 495.16940585011616, "best_so_far": 0.023926767073019273}
{"epoch": 145, "train_mean_squared_relative_error": 3.88994434590284e-05, "wall_seconds": 498.3741382849403, "best_so_far": 0.023926767073019273}
{"epoch": 146, "train_mean_squared_relative_error": 3.743712034105986e-05, "wall_seconds": 501.53739838814363, "best_so_far": 0.023926767073019273}
{"epoch": 147, "train_mean_squared_relative_error": 3.6396309539161516e-05, "wall_seconds": 504.63226702297106, "best_so_far": 0.023926767073019273}
{"epoch": 148, "train_mean_squared_relative_error": 3.658074589242496e-05, "wall_seconds": 507.71823304193094, "best_so_far": 0.023926767073019273}
{"epoch": 149, "train_mean_squared_relative_error": 3.5451675549680753e-05, "wall_seconds": 510.83907594019547, "best_so_far": 0.023926767073019273}
{"epoch": 150, "train_mean_squared_relative_error": 3.592576736871526e-05, "wall_seconds": 513.9457778721116, "best_so_far": 0.023879319914321746}
{"epoch": 151, "train_mean_squared_relative_error": 3.624292919819826e-05, "wall_seconds": 517.6802789717913, "best_so_far": 0.023879319914321746}
{"epoch": 152, "train_mean_squared_relative_error": 3.5043980142204395e-05, "wall_seconds": 520.7892869748175, "best_so_far": 0.023879319914321746}
{"epoch": 153, "train_mean_squared_relative_error": 3.5178738024749144e-05, "wall_seconds": 524.0871383808553, "best_so_far": 0.023879319914321746}
{"epoch": 154, "train_mean_squared_relative_error": 3.4350571881680224e-05, "wall_seconds": 527.2048404370435, "best_so_far": 0.023879319914321746}
{"epoch": 155, "train_mean_squared_relative_error": 3.362396241932435e-05, "wall_seconds": 530.3684094049968, "best_so_far": 0.02372684100238378}
{"epoch": 156, "train_mean_squared_relative_error": 3.4254925087897285e-05, "wall_seconds": 534.097760733217, "best_so_far": 0.023587702604285464}
{"epoch": 157, "train_mean_squared_relative_error": 3.756578454458798e-05, "wall_seconds": 537.883325078059, "best_so_far": 0.023587702604285464}
{"epoch": 158, "train_mean_squared_relative_error": 3.8088041806995784e-05, "wall_seconds": 540.991124376189, "best_so_far": 0.023587702604285464}
{"epoch": 159, "train_mean_squared_relative_error": 4.09078649958674e-05, "wall_seconds": 544.1111828759313, "best_so_far": 0.023587702604285464}
{"epoch": 160, "train_mean_squared_relative_error": 3.815168720064685e-05, "wall_seconds": 547.2351490291767, "best_so_far": 0.023587702604285464}
{"epoch": 161, "train_mean_squared_relative_error": 3.387744425828976e-05, "wall_seconds": 550.3897277601063, "best_so_far": 0.023587702604285464}
{"epoch": 162, "train_mean_squared_relative_error": 3.287257729632467e-05, "wall_seconds": 553.4941584090702, "best_so_far": 0.02358678497776838}
{"epoch": 163, "train_mean_squared_relative_error": 3.3663481165499526e-05, "wall_seconds": 557.3418107978068, "best_so_far": 0.02358678497776838}
{"epoch": 164, "train_mean_squared_relative_error": 3.314797039101012e-05, "wall_seconds": 560.450912355911, "best_so_far": 0.02358678497776838}
{"epoch": 165, "train_mean_squared_relative_error": 3.400646075551999e-05, "wall_seconds": 563.6053671529517, "best_so_far": 0.023507585370570704}
{"epoch": 166, "train_mean_squared_relative_error": 3.341079727932676e-05, "wall_seconds": 567.3932126858272, "best_so_far": 0.023458660040027363}
{"epoch": 167, "train_mean_squared_relative_error": 3.306360082005052e-05, "wall_seconds": 571.1700454200618, "best_so_far": 0.023458660040027363}
{"epoch": 168, "train_mean_squared_relative_error": 3.364066882766649e-05, "wall_seconds": 574.3383372239769, "best_so_far": 0.023458660040027363}
{"epoch": 169, "train_mean_squared_relative_error": 3.325706481106741e-05, "wall_seconds": 577.4392448589206, "best_so_far": 0.023458660040027363}
{"epoch": 170, "train_mean_squared_relative_error": 3.480265658085038e-05, "wall_seconds": 580.5496928729117, "best_so_far": 0.02331056186497954}
{"epoch": 171, "train_mean_squared_relative_error": 4.283318362711768e-05, "wall_seconds": 584.3755789529532, "best_so_far": 0.02331056186497954}
{"epoch": 172, "train_mean_squared_relative_error": 6.144942079421577e-05, "wall_seconds": 587.5065726200119, "best_so_far": 0.02331056186497954}
{"epoch": 173, "train_mean_squared_relative_error": 4.428644051997068e-05, "wall_seconds": 590.6345005510375, "best_so_far": 0.02331056186497954}
{"epoch": 174, "train_mean_squared_relative_error": 4.59719362939099e-05, "wall_seconds": 593.8007030370645, "best_so_far": 0.02331056186497954}
{"epoch": 175, "train_mean_squared_relative_error": 4.7045233607201096e-05, "wall_seconds": 596.9691735492088, "best_so_far": 0.02331056186497954}
{"epoch": 176, "train_mean_squared_relative_error": 5.480697754889619e-05, "wall_seconds": 600.1074146591127, "best_so_far": 0.02331056186497954}
{"epoch": 177, "train_mean_squared_relative_error": 5.294708817899986e-05, "wall_seconds": 603.2510540587828, "best_so_far": 0.02331056186497954}
{"epoch": 178, "train_mean_squared_relative_error": 4.694332553996947e-05, "wall_seconds": 606.4080885481089, "best_so_far": 0.02331056186497954}
{"epoch": 179, "train_mean_squared_relative_error": 4.444087425152106e-05, "wall_seconds": 609.5459658750333, "best_so_far": 0.02331056186497954}
{"epoch": 180, "train_mean_squared_relative_error": 3.851447962806381e-05, "wall_seconds": 612.6726017380133, "best_so_far": 0.02331056186497954}
{"epoch": 181, "train_mean_squared_relative_error": 3.913615108192588e-05, "wall_seconds": 615.8792845788412, "best_so_far": 0.02331056186497954}
{"epoch": 182, "train_mean_squared_relative_error": 4.218606892533504e-05, "wall_seconds": 618.9814406461082, "best_so_far": 0.02331056186497954}
{"epoch": 183, "train_mean_squared_relative_error": 4.8938881837350054e-05, "wall_seconds": 622.0856097470969, "best_so_far": 0.02331056186497954}
{"epoch": 184, "train_mean_squared_relative_error": 4.602215277343431e-05, "wall_seconds": 625.1789030358195, "best_so_far": 0.02331056186497954}
{"epoch": 185, "train_mean_squared_relative_error": 3.798435440861993e-05, "wall_seconds": 628.3028412661515, "best_so_far": 0.02331056186497954}
{"epoch": 186, "train_mean_squared_relative_error": 3.922418818777198e-05, "wall_seconds": 631.4074753071181, "best_so_far": 0.023252164676992364}
{"epoch": 187, "train_mean_squared_relative_error": 3.929477295719122e-05, "wall_seconds": 635.1779064959846, "best_so_far": 0.023252164676992364}
{"epoch": 188, "train_mean_squared_relative_error": 3.747487964489784e-05, "wall_seconds": 638.3738374118693, "best_so_far": 0.023122394290681005}
{"epoch": 189, "train_mean_squared_relative_error": 4.035928145883992e-05, "wall_seconds": 642.2390418001451, "best_so_far": 0.023122394290681005}
{"epoch": 190, "train_mean_squared_relative_error": 5.0925012751383585e-05, "wall_seconds": 645.4357070201077, "best_so_far": 0.023122394290681005}
{"epoch": 191, "train_mean_squared_relative_error": 7.552440241507598e-05, "wall_seconds": 648.6746772648767, "best_so_far": 0.023122394290681005}
{"epoch": 192, "train_mean_squared_relative_error": 6.006161441916158e-05, "wall_seconds": 651.7911673542112, "best_so_far": 0.023122394290681005}
{"epoch": 193, "train_mean_squared_relative_error": 5.333526401281474e-05, "wall_seconds": 654.8827609592117, "best_so_far": 0.023122394290681005}
{"epoch": 194, "train_mean_squared_relative_error": 4.670437859282531e-05, "wall_seconds": 657.9927533920854, "best_so_far": 0.023122394290681005}
{"epoch": 195, "train_mean_squared_relative_error": 4.0645815937406854e-05, "wall_seconds": 661.1086666542105, "best_so_far": 0.023060232250705366}
{"epoch": 196, "train_mean_squared_relative_error": 3.5845582025079106e-05, "wall_seconds": 664.9307715669274, "best_so_far": 0.023060232250705366}
{"epoch": 197, "train_mean_squared_relative_error": 4.138876333091904e-05, "wall_seconds": 668.157883156091, "best_so_far": 0.023060232250705366}
{"epoch": 198, "train_mean_squared_relative_error": 3.9648883530053424e-05, "wall_seconds": 671.3021655101329, "best_so_far": 0.023060232250705366}
{"epoch": 199, "train_mean_squared_relative_error": 4.4474294402638594e-05, "wall_seconds": 674.4393128920346, "best_so_far": 0.023060232250705366}
{"epoch": 200, "train_mean_squared_relative_error": 5.048280939309116e-05, "wall_seconds": 677.5577931678854, "best_so_far": 0.023060232250705366}
{"epoch": 201, "train_mean_squared_relative_error": 5.0189967107849726e-05, "wall_seconds": 680.706385454163, "best_so_far": 0.023060232250705366}
{"epoch": 202, "train_mean_squared_relative_error": 5.502311722445876e-05, "wall_seconds": 683.8501831172034, "best_so_far": 0.023060232250705366}
{"epoch": 203, "train_mean_squared_relative_error": 5.753780888342123e-05, "wall_seconds": 686.9837444988079, "best_so_far": 0.023060232250705366}
{"epoch": 204, "train_mean_squared_relative_error": 6.058976521594143e-05, "wall_seconds": 690.1583229769021, "best_so_far": 0.023060232250705366}
{"epoch": 205, "train_mean_squared_relative_error": 0.00010413845727425522, "wall_seconds": 693.3081251899712, "best_so_far": 0.023060232250705366}
{"epoch": 206, "train_mean_squared_relative_error": 0.00014187289885323682, "wall_seconds": 696.4380722288042, "best_so_far": 0.023060232250705366}
{"epoch": 207, "train_mean_squared_relative_error": 0.0002020759504476096, "wall_seconds": 699.5450467811897, "best_so_far": 0.023060232250705366}
{"epoch": 208, "train_mean_squared_relative_error": 0.00017790630431691908, "wall_seconds": 702.6618918511085, "best_so_far": 0.023060232250705366}
{"epoch": 209, "train_mean_squared_relative_error": 0.00012290498383655225, "wall_seconds": 705.7859922950156, "best_so_far": 0.023060232250705366}
{"epoch": 210, "train_mean_squared_relative_error": 0.00012704069642877097, "wall_seconds": 708.9398706639186, "best_so_far": 0.023060232250705366}
{"epoch": 211, "train_mean_squared_relative_error": 0.0001387353309000505, "wall_seconds": 712.136552662123, "best_so_far": 0.023060232250705366}
{"epoch": 212, "train_mean_squared_relative_error": 0.00011988187579450892, "wall_seconds": 715.334988029208, "best_so_far": 0.023060232250705366}
{"epoch": 213, "train_mean_squared_relative_error": 0.00010591648582181035, "wall_seconds": 718.4577309112065, "best_so_far": 0.023060232250705366}
{"epoch": 214, "train_mean_squared_relative_error": 9.180995964357659e-05, "wall_seconds": 721.7086686771363, "best_so_far": 0.023060232250705366}
{"epoch": 215, "train_mean_squared_relative_error": 7.803822624325392e-05, "wall_seconds": 724.9185877861455, "best_so_far": 0.023060232250705366}
{"epoch": 216, "train_mean_squared_relative_error": 7.071016931614614e-05, "wall_seconds": 728.1164166238159, "best_so_far": 0.023060232250705366}
{"epoch": 217, "train_mean_squared_relative_error": 6.505635454482747e-05, "wall_seconds": 731.4058296629228, "best_so_far": 0.023060232250705366}
{"epoch": 218, "train_mean_squared_relative_error": 4.3006077465472406e-05, "wall_seconds": 734.596087468788, "best_so_far": 0.023060232250705366}
{"epoch": 219, "train_mean_squared_relative_error": 3.075011564907951e-05, "wall_seconds": 737.7440697718412, "best_so_far": 0.022907716306365046}
{"epoch": 220, "train_mean_squared_relative_error": 2.7167829815379282e-05, "wall_seconds": 741.7513717240654, "best_so_far": 0.022907716306365046}
{"epoch": 221, "train_mean_squared_relative_error": 2.534194903932495e-05, "wall_seconds": 744.875663605053, "best_so_far": 0.022682189795252196}
{"epoch": 222, "train_mean_squared_relative_error": 2.2188492408907152e-05, "wall_seconds": 748.622874462977, "best_so_far": 0.022682189795252196}
{"epoch": 223, "train_mean_squared_relative_error": 2.215757214350632e-05, "wall_seconds": 751.732893770095, "best_so_far": 0.022682189795252196}
{"epoch": 224, "train_mean_squared_relative_error": 2.3035145613851708e-05, "wall_seconds": 754.8598193437792, "best_so_far": 0.022682189795252196}
{"epoch": 225, "train_mean_squared_relative_error": 2.2854534221201403e-05, "wall_seconds": 757.9746567928232, "best_so_far": 0.022590387515234334}
{"epoch": 226, "train_mean_squared_relative_error": 2.3401683946465403e-05, "wall_seconds": 761.8015502090566, "best_so_far": 0.022590387515234334}
{"epoch": 227, "train_mean_squared_relative_error": 2.2343293563850603e-05, "wall_seconds": 765.0162684991956, "best_so_far": 0.022552771940128776}
{"epoch": 228, "train_mean_squared_relative_error": 2.0504689452301167e-05, "wall_seconds": 768.9045126452111, "best_so_far": 0.022552771940128776}
{"epoch": 229, "train_mean_squared_relative_error": 2.013534863735478e-05, "wall_seconds": 772.0727359917946, "best_so_far": 0.022552771940128776}
{"epoch": 230, "train_mean_squared_relative_error": 2.046566211324682e-05, "wall_seconds": 775.1810090220533, "best_so_far": 0.022421254657133783}
{"epoch": 231, "train_mean_squared_relative_error": 1.9722522640889807e-05, "wall_seconds": 779.0024413089268, "best_so_far": 0.022421254657133783}
{"epoch": 232, "train_mean_squared_relative_error": 1.9533829594245788e-05, "wall_seconds": 782.1771652530879, "best_so_far": 0.022421254657133783}
{"epoch": 233, "train_mean_squared_relative_error": 1.948519269857601e-05, "wall_seconds": 785.3025562050752, "best_so_far": 0.022421254657133783}
{"epoch": 234, "train_mean_squared_relative_error": 1.9800418651327706e-05, "wall_seconds": 788.4536219690926, "best_so_far": 0.02241407389612841}
{"epoch": 235, "train_mean_squared_relative_error": 2.0280442798808246e-05, "wall_seconds": 792.2869373140857, "best_so_far": 0.02241407389612841}
{"epoch": 236, "train_mean_squared_relative_error": 1.9698192660062434e-05, "wall_seconds": 795.4719053530134, "best_so_far": 0.02241407389612841}
{"epoch": 237, "train_mean_squared_relative_error": 1.9389744744171335e-05, "wall_seconds": 798.7975755669177, "best_so_far": 0.02241407389612841}
{"epoch": 238, "train_mean_squared_relative_error": 1.8905171921082306e-05, "wall_seconds": 801.9947002758272, "best_so_far": 0.022257306625393936}
{"epoch": 239, "train_mean_squared_relative_error": 2.101169881419802e-05, "wall_seconds": 805.8064481997862, "best_so_far": 0.022257306625393936}
{"epoch": 240, "train_mean_squared_relative_error": 2.0180703867455806e-05, "wall_seconds": 808.9137515542097, "best_so_far": 0.022257306625393936}
{"epoch": 241, "train_mean_squared_relative_error": 1.8548065720000493e-05, "wall_seconds": 812.0892437729053, "best_so_far": 0.022257306625393936}
{"epoch": 242, "train_mean_squared_relative_error": 1.857609632118017e-05, "wall_seconds": 815.2652793838643, "best_so_far": 0.022189385877116788}
{"epoch": 243, "train_mean_squared_relative_error": 1.8689425367016092e-05, "wall_seconds": 819.0355586498044, "best_so_far": 0.022189385877116788}
{"epoch": 244, "train_mean_squared_relative_error": 1.7764212124708533e-05, "wall_seconds": 822.2513657528907, "best_so_far": 0.022189385877116788}
{"epoch": 245, "train_mean_squared_relative_error": 1.7585155368725862e-05, "wall_seconds": 825.4278631568886, "best_so_far": 0.022189385877116788}
{"epoch": 246, "train_mean_squared_relative_error": 1.7616358269987352e-05, "wall_seconds": 828.5520822890103, "best_so_far": 0.022189385877116788}
{"epoch": 247, "train_mean_squared_relative_error": 1.746104422345478e-05, "wall_seconds": 831.8812906011008, "best_so_far": 0.022189385877116788}
{"epoch": 248, "train_mean_squared_relative_error": 1.735079576297285e-05, "wall_seconds": 835.0376854548231, "best_so_far": 0.022189385877116788}
{"epoch": 249, "train_mean_squared_relative_error": 1.7315610333199317e-05, "wall_seconds": 838.3132504657842, "best_so_far": 0.022189385877116788}
{"epoch": 250, "train_mean_squared_relative_error": 1.727776754714945e-05, "wall_seconds": 841.4701591879129, "best_so_far": 0.022189385877116788}
{"epoch": 251, "train_mean_squared_relative_error": 1.7268743065457653e-05, "wall_seconds": 844.6134079378098, "best_so_far": 0.02212873493950462}
{"epoch": 252, "train_mean_squared_relative_error": 1.7546333924187483e-05, "wall_seconds": 848.4078661669046, "best_so_far": 0.02212873493950462}
{"epoch": 253, "train_mean_squared_relative_error": 1.8126713639509573e-05, "wall_seconds": 851.5481122150086, "best_so_far": 0.02212873493950462}
{"epoch": 254, "train_mean_squared_relative_error": 1.7799486069546317e-05, "wall_seconds": 854.661154477857, "best_so_far": 0.02212873493950462}
{"epoch": 255, "train_mean_squared_relative_error": 1.791526158534019e-05, "wall_seconds": 857.8588094911538, "best_so_far": 0.02212873493950462}
{"epoch": 256, "train_mean_squared_relative_error": 1.7692973857288423e-05, "wall_seconds": 861.0043840529397, "best_so_far": 0.02212873493950462}
{"epoch": 257, "train_mean_squared_relative_error": 1.8055551688269472e-05, "wall_seconds": 864.1529245311394, "best_so_far": 0.02212873493950462}
{"epoch": 258, "train_mean_squared_relative_error": 1.7944354440131775e-05, "wall_seconds": 867.3036793759093, "best_so_far": 0.02212873493950462}
{"epoch": 259, "train_mean_squared_relative_error": 1.7294573365368622e-05, "wall_seconds": 870.4341600560583, "best_so_far": 0.022126822800052508}
{"epoch": 260, "train_mean_squared_relative_error": 1.6739765529249444e-05, "wall_seconds": 874.1748320120387, "best_so_far": 0.021980762458189675}
{"epoch": 261, "train_mean_squared_relative_error": 1.6753063144717466e-05, "wall_seconds": 877.9895904851146, "best_so_far": 0.021980762458189675}
{"epoch": 262, "train_mean_squared_relative_error": 1.6597775880143137e-05, "wall_seconds": 881.0943417442031, "best_so_far": 0.021972442416256795}
{"epoch": 263, "train_mean_squared_relative_error": 1.6455330180501624e-05, "wall_seconds": 884.882706257049, "best_so_far": 0.021972442416256795}
{"epoch": 264, "train_mean_squared_relative_error": 1.662543458531747e-05, "wall_seconds": 888.0643201000057, "best_so_far": 0.021972442416256795}
{"epoch": 265, "train_mean_squared_relative_error": 1.7333191883228367e-05, "wall_seconds": 891.1952690691687, "best_so_far": 0.021972442416256795}
{"epoch": 266, "train_mean_squared_relative_error": 1.8430865100533206e-05, "wall_seconds": 894.392637136858, "best_so_far": 0.021972442416256795}
{"epoch": 267, "train_mean_squared_relative_error": 1.7636004356872324e-05, "wall_seconds": 897.5136948158033, "best_so_far": 0.021972442416256795}
{"epoch": 268, "train_mean_squared_relative_error": 1.7201375616162882e-05, "wall_seconds": 900.636440735776, "best_so_far": 0.021972442416256795}
{"epoch": 269, "train_mean_squared_relative_error": 1.8540914387571894e-05, "wall_seconds": 903.8799838242121, "best_so_far": 0.021972442416256795}
{"epoch": 270, "train_mean_squared_relative_error": 1.7636426033783334e-05, "wall_seconds": 907.1348131569102, "best_so_far": 0.021972442416256795}
{"epoch": 271, "train_mean_squared_relative_error": 1.6837708670809252e-05, "wall_seconds": 910.2919234992005, "best_so_far": 0.021972442416256795}
{"epoch": 272, "train_mean_squared_relative_error": 1.6756309658636498e-05, "wall_seconds": 913.4361852398142, "best_so_far": 0.021972442416256795}
{"epoch": 273, "train_mean_squared_relative_error": 1.675105655999629e-05, "wall_seconds": 916.5606606760994, "best_so_far": 0.021972442416256795}
{"epoch": 274, "train_mean_squared_relative_error": 1.7202766350726475e-05, "wall_seconds": 919.7905942639336, "best_so_far": 0.021972442416256795}
{"epoch": 275, "train_mean_squared_relative_error": 1.7744085035297212e-05, "wall_seconds": 923.0240565761924, "best_so_far": 0.021972442416256795}
{"epoch": 276, "train_mean_squared_relative_error": 1.7053699983038442e-05, "wall_seconds": 926.2929220772348, "best_so_far": 0.021972442416256795}
{"epoch": 277, "train_mean_squared_relative_error": 1.8813098564369395e-05, "wall_seconds": 929.4908419921994, "best_so_far": 0.021972442416256795}
{"epoch": 278, "train_mean_squared_relative_error": 1.8189190362304402e-05, "wall_seconds": 932.6993935760111, "best_so_far": 0.021972442416256795}
{"epoch": 279, "train_mean_squared_relative_error": 1.7656178915898053e-05, "wall_seconds": 935.8052888079546, "best_so_far": 0.021914011899870658}
{"epoch": 280, "train_mean_squared_relative_error": 1.6862522703506745e-05, "wall_seconds": 939.5671348758042, "best_so_far": 0.021914011899870658}
{"epoch": 281, "train_mean_squared_relative_error": 1.648746244864681e-05, "wall_seconds": 942.6916786720976, "best_so_far": 0.021806665683000985}
{"epoch": 282, "train_mean_squared_relative_error": 1.67960714865592e-05, "wall_seconds": 946.4905287572183, "best_so_far": 0.021806665683000985}
{"epoch": 283, "train_mean_squared_relative_error": 1.689309487165541e-05, "wall_seconds": 949.6952741798013, "best_so_far": 0.021806665683000985}
{"epoch": 284, "train_mean_squared_relative_error": 1.6831028216636122e-05, "wall_seconds": 952.9368145610206, "best_so_far": 0.021806665683000985}
{"epoch": 285, "train_mean_squared_relative_error": 1.6105090582384657e-05, "wall_seconds": 956.0583481099457, "best_so_far": 0.02178413422649142}
{"epoch": 286, "train_mean_squared_relative_error": 1.7580842166631816e-05, "wall_seconds": 959.8666797932237, "best_so_far": 0.02178413422649142}
{"epoch": 287, "train_mean_squared_relative_error": 1.863725790955151e-05, "wall_seconds": 963.0203988351859, "best_so_far": 0.021778645018748856}
{"epoch": 288, "train_mean_squared_relative_error": 1.8291715713775685e-05, "wall_seconds": 966.8195974249393, "best_so_far": 0.021778645018748856}
{"epoch": 289, "train_mean_squared_relative_error": 1.8756913596447986e-05, "wall_seconds": 969.9428492039442, "best_so_far": 0.021778645018748856}
{"epoch": 290, "train_mean_squared_relative_error": 2.0017744317907596e-05, "wall_seconds": 973.0779847740196, "best_so_far": 0.021778645018748856}
{"epoch": 291, "train_mean_squared_relative_error": 2.074642708265594e-05, "wall_seconds": 976.2243045009673, "best_so_far": 0.021778645018748856}
{"epoch": 292, "train_mean_squared_relative_error": 1.919498229305673e-05, "wall_seconds": 979.3410411691293, "best_so_far": 0.021778645018748856}
{"epoch": 293, "train_mean_squared_relative_error": 2.0582883768420073e-05, "wall_seconds": 982.5179851218127, "best_so_far": 0.021778645018748856}
{"epoch": 294, "train_mean_squared_relative_error": 2.320166472660156e-05, "wall_seconds": 985.899692309089, "best_so_far": 0.021778645018748856}
{"epoch": 295, "train_mean_squared_relative_error": 2.159184501598539e-05, "wall_seconds": 989.0173925352283, "best_so_far": 0.021778645018748856}
{"epoch": 296, "train_mean_squared_relative_error": 2.2413267955548836e-05, "wall_seconds": 992.18710671179, "best_so_far": 0.021778645018748856}
{"epoch": 297, "train_mean_squared_relative_error": 2.4402925863131372e-05, "wall_seconds": 995.4163266532123, "best_so_far": 0.021772256798048666}
{"epoch": 298, "train_mean_squared_relative_error": 2.2475333876646976e-05, "wall_seconds": 999.3644129019231, "best_so_far": 0.021772256798048666}
{"epoch": 299, "train_mean_squared_relative_error": 2.2367422234592082e-05, "wall_seconds": 1002.541370132938, "best_so_far": 0.021772256798048666}
{"epoch": 300, "train_mean_squared_relative_error": 2.325739516484725e-05, "wall_seconds": 1005.8008218309842, "best_so_far": 0.021772256798048666}
{"epoch": 301, "train_mean_squared_relative_error": 1.9589632989958905e-05, "wall_seconds": 1009.0181818669662, "best_so_far": 0.021766491606538395}
{"epoch": 302, "train_mean_squared_relative_error": 2.865409903086993e-05, "wall_seconds": 1012.7387065989897, "best_so_far": 0.021766491606538395}
{"epoch": 303, "train_mean_squared_relative_error": 3.417149771510041e-05, "wall_seconds": 1015.9838953521103, "best_so_far": 0.021766491606538395}
{"epoch": 304, "train_mean_squared_relative_error": 5.067275285900238e-05, "wall_seconds": 1019.0974631360732, "best_so_far": 0.021766491606538395}
{"epoch": 305, "train_mean_squared_relative_error": 9.111113361475645e-05, "wall_seconds": 1022.2209473680705, "best_so_far": 0.021766491606538395}
{"epoch": 306, "train_mean_squared_relative_error": 8.695460985221375e-05, "wall_seconds": 1025.387285248842, "best_so_far": 0.021766491606538395}
{"epoch": 307, "train_mean_squared_relative_error": 7.697308449758158e-05, "wall_seconds": 1028.536997823976, "best_so_far": 0.021766491606538395}
{"epoch": 308, "train_mean_squared_relative_error": 7.509080527579298e-05, "wall_seconds": 1031.6620687451214, "best_so_far": 0.021766491606538395}
{"epoch": 309, "train_mean_squared_relative_error": 9.084731423556544e-05, "wall_seconds": 1034.7986628571525, "best_so_far": 0.021766491606538395}
{"epoch": 310, "train_mean_squared_relative_error": 8.915188570825054e-05, "wall_seconds": 1037.9526817738079, "best_so_far": 0.021766491606538395}
{"epoch": 311, "train_mean_squared_relative_error": 0.00013496811691397374, "wall_seconds": 1041.2501014131121, "best_so_far": 0.021766491606538395}
{"epoch": 312, "train_mean_squared_relative_error": 0.0001349256826425933, "wall_seconds": 1044.3672380009666, "best_so_far": 0.021766491606538395}
{"epoch": 313, "train_mean_squared_relative_error": 0.00013314583402646013, "wall_seconds": 1047.4735245439224, "best_so_far": 0.021766491606538395}
{"epoch": 314, "train_mean_squared_relative_error": 9.337497572153634e-05, "wall_seconds": 1050.6207120642066, "best_so_far": 0.021766491606538395}
{"epoch": 315, "train_mean_squared_relative_error": 0.00010025037221810323, "wall_seconds": 1053.744904214982, "best_so_far": 0.021766491606538395}
{"epoch": 316, "train_mean_squared_relative_error": 6.634822856553099e-05, "wall_seconds": 1056.957979411818, "best_so_far": 0.021766491606538395}
{"epoch": 317, "train_mean_squared_relative_error": 4.5438965415872476e-05, "wall_seconds": 1060.1565061071888, "best_so_far": 0.021766491606538395}
{"epoch": 318, "train_mean_squared_relative_error": 4.712324794242518e-05, "wall_seconds": 1063.2768038650975, "best_so_far": 0.021766491606538395}
{"epoch": 319, "train_mean_squared_relative_error": 3.204805884829831e-05, "wall_seconds": 1066.4415987660177, "best_so_far": 0.021766491606538395}
{"epoch": 320, "train_mean_squared_relative_error": 2.6675449379588084e-05, "wall_seconds": 1069.6666041119024, "best_so_far": 0.021766491606538395}
{"epoch": 321, "train_mean_squared_relative_error": 2.6213225901967723e-05, "wall_seconds": 1072.8386143809184, "best_so_far": 0.021766491606538395}
{"epoch": 322, "train_mean_squared_relative_error": 2.9094293123734764e-05, "wall_seconds": 1075.9817425361834, "best_so_far": 0.021766491606538395}
{"epoch": 323, "train_mean_squared_relative_error": 2.131182348484695e-05, "wall_seconds": 1079.1267097932287, "best_so_far": 0.021766491606538395}
{"epoch": 324, "train_mean_squared_relative_error": 1.6261275500635603e-05, "wall_seconds": 1082.3044786350802, "best_so_far": 0.021766491606538395}
{"epoch": 325, "train_mean_squared_relative_error": 1.5029330050887448e-05, "wall_seconds": 1085.5064329090528, "best_so_far": 0.021766491606538395}
{"epoch": 326, "train_mean_squared_relative_error": 1.3742205659575675e-05, "wall_seconds": 1088.6488999328576, "best_so_far": 0.021766491606538395}
{"epoch": 327, "train_mean_squared_relative_error": 1.29429220134529e-05, "wall_seconds": 1091.8035071589984, "best_so_far": 0.021766491606538395}
{"epoch": 328, "train_mean_squared_relative_error": 1.2701976897933369e-05, "wall_seconds": 1094.9284950648434, "best_so_far": 0.021766491606538395}
{"epoch": 329, "train_mean_squared_relative_error": 1.2700851873126534e-05, "wall_seconds": 1098.0748809040524, "best_so_far": 0.021766491606538395}
{"epoch": 330, "train_mean_squared_relative_error": 1.271163861099613e-05, "wall_seconds": 1101.302387358155, "best_so_far": 0.021689443055911008}
{"epoch": 331, "train_mean_squared_relative_error": 1.2415415119692624e-05, "wall_seconds": 1105.0184033419937, "best_so_far": 0.021689443055911008}
{"epoch": 332, "train_mean_squared_relative_error": 1.241148888548313e-05, "wall_seconds": 1108.153383940924, "best_so_far": 0.021689443055911008}
{"epoch": 333, "train_mean_squared_relative_error": 1.2349384952675112e-05, "wall_seconds": 1111.3201758852229, "best_so_far": 0.021689443055911008}
{"epoch": 334, "train_mean_squared_relative_error": 1.2371255978431506e-05, "wall_seconds": 1114.444604774937, "best_so_far": 0.0216420593216378}
{"epoch": 335, "train_mean_squared_relative_error": 1.2595616612945354e-05, "wall_seconds": 1118.4473945908248, "best_so_far": 0.0216420593216378}
{"epoch": 336, "train_mean_squared_relative_error": 1.2480180633456793e-05, "wall_seconds": 1121.5787561479956, "best_so_far": 0.0216420593216378}
{"epoch": 337, "train_mean_squared_relative_error": 1.2459619282339748e-05, "wall_seconds": 1124.793652141001, "best_so_far": 0.0216420593216378}
{"epoch": 338, "train_mean_squared_relative_error": 1.2418000190159097e-05, "wall_seconds": 1127.982900497038, "best_so_far": 0.021610493025713315}
{"epoch": 339, "train_mean_squared_relative_error": 1.2339242242002292e-05, "wall_seconds": 1131.9543401789851, "best_so_far": 0.021610493025713315}
{"epoch": 340, "train_mean_squared_relative_error": 1.2973654655493907e-05, "wall_seconds": 1135.077989635989, "best_so_far": 0.021610493025713315}
{"epoch": 341, "train_mean_squared_relative_error": 1.305184715397788e-05, "wall_seconds": 1138.2545035029761, "best_so_far": 0.021610493025713315}
{"epoch": 342, "train_mean_squared_relative_error": 1.2717931982781944e-05, "wall_seconds": 1141.4204658721574, "best_so_far": 0.021610493025713315}
{"epoch": 343, "train_mean_squared_relative_error": 1.2272537492249499e-05, "wall_seconds": 1144.5507454541512, "best_so_far": 0.021610493025713315}
{"epoch": 344, "train_mean_squared_relative_error": 1.1970676467443587e-05, "wall_seconds": 1147.7886973880231, "best_so_far": 0.021600262791805845}
{"epoch": 345, "train_mean_squared_relative_error": 1.2047073005412486e-05, "wall_seconds": 1151.595815192908, "best_so_far": 0.021587177977935475}
{"epoch": 346, "train_mean_squared_relative_error": 1.194350125240204e-05, "wall_seconds": 1155.462391979061, "best_so_far": 0.021587177977935475}
{"epoch": 347, "train_mean_squared_relative_error": 1.1839906453502e-05, "wall_seconds": 1158.6250813789666, "best_so_far": 0.021587177977935475}
{"epoch": 348, "train_mean_squared_relative_error": 1.19525118301589e-05, "wall_seconds": 1161.738231841009, "best_so_far": 0.021587177977935475}
{"epoch": 349, "train_mean_squared_relative_error": 1.1957098880721518e-05, "wall_seconds": 1164.9029497718439, "best_so_far": 0.02153674249210757}
{"epoch": 350, "train_mean_squared_relative_error": 1.1904337294514083e-05, "wall_seconds": 1168.8150918218307, "best_so_far": 0.02153674249210757}
{"epoch": 351, "train_mean_squared_relative_error": 1.1718849917979196e-05, "wall_seconds": 1172.1176142841578, "best_so_far": 0.02153674249210757}
{"epoch": 352, "train_mean_squared_relative_error": 1.1756496204910918e-05, "wall_seconds": 1175.3595192772336, "best_so_far": 0.02152439253714178}
{"epoch": 353, "train_mean_squared_relative_error": 1.1596580535995702e-05, "wall_seconds": 1179.2402285072021, "best_so_far": 0.02152439253714178}
{"epoch": 354, "train_mean_squared_relative_error": 1.1601969559941928e-05, "wall_seconds": 1182.354974986054, "best_so_far": 0.02152439253714178}
{"epoch": 355, "train_mean_squared_relative_error": 1.1498659853240032e-05, "wall_seconds": 1185.5155515330844, "best_so_far": 0.02152439253714178}
{"epoch": 356, "train_mean_squared_relative_error": 1.181600244600751e-05, "wall_seconds": 1188.6715541877784, "best_so_far": 0.02152439253714178}
{"epoch": 357, "train_mean_squared_relative_error": 1.1654780731511827e-05, "wall_seconds": 1191.9594847350381, "best_so_far": 0.02146610714513983}
{"epoch": 358, "train_mean_squared_relative_error": 1.1487332439876907e-05, "wall_seconds": 1195.8011981812306, "best_so_far": 0.02146610714513983}
{"epoch": 359, "train_mean_squared_relative_error": 1.1437122002572659e-05, "wall_seconds": 1198.9573807930574, "best_so_far": 0.02146610714513983}
{"epoch": 360, "train_mean_squared_relative_error": 1.1415440844296896e-05, "wall_seconds": 1202.114811122883, "best_so_far": 0.02146610714513983}
{"epoch": 361, "train_mean_squared_relative_error": 1.1416575539003778e-05, "wall_seconds": 1205.2674274048768, "best_so_far": 0.02146610714513983}
{"epoch": 362, "train_mean_squared_relative_error": 1.1316271868228747e-05, "wall_seconds": 1208.4233485478908, "best_so_far": 0.021440191283427938}
{"epoch": 363, "train_mean_squared_relative_error": 1.1340614490724577e-05, "wall_seconds": 1212.2445024722256, "best_so_far": 0.021440191283427938}
{"epoch": 364, "train_mean_squared_relative_error": 1.1482728036638443e-05, "wall_seconds": 1215.480092228856, "best_so_far": 0.021440191283427938}
{"epoch": 365, "train_mean_squared_relative_error": 1.1407413410909397e-05, "wall_seconds": 1218.624993644189, "best_so_far": 0.021440191283427938}
{"epoch": 366, "train_mean_squared_relative_error": 1.1572637712663159e-05, "wall_seconds": 1221.7863641530275, "best_so_far": 0.021425102215823902}
{"epoch": 367, "train_mean_squared_relative_error": 1.1510453365051421e-05, "wall_seconds": 1225.5898824320175, "best_so_far": 0.021425102215823902}
{"epoch": 368, "train_mean_squared_relative_error": 1.1721288412686327e-05, "wall_seconds": 1228.9763191859238, "best_so_far": 0.021425102215823902}
{"epoch": 369, "train_mean_squared_relative_error": 1.2090161400816589e-05, "wall_seconds": 1232.1274507758208, "best_so_far": 0.021425102215823902}
{"epoch": 370, "train_mean_squared_relative_error": 1.2100946086664158e-05, "wall_seconds": 1235.2871793708764, "best_so_far": 0.021425102215823902}
{"epoch": 371, "train_mean_squared_relative_error": 1.1716251564327327e-05, "wall_seconds": 1238.5387725541368, "best_so_far": 0.021425102215823902}
{"epoch": 372, "train_mean_squared_relative_error": 1.1671143236131166e-05, "wall_seconds": 1241.713508415036, "best_so_far": 0.021425102215823902}
{"epoch": 373, "train_mean_squared_relative_error": 1.1695175725594619e-05, "wall_seconds": 1244.889201644808, "best_so_far": 0.021425102215823902}
{"epoch": 374, "train_mean_squared_relative_error": 1.1419914465688986e-05, "wall_seconds": 1248.0354644721374, "best_so_far": 0.021425102215823902}
{"epoch": 375, "train_mean_squared_relative_error": 1.1369775920649249e-05, "wall_seconds": 1251.191403393168, "best_so_far": 0.021425102215823902}
{"epoch": 376, "train_mean_squared_relative_error": 1.1455010752419491e-05, "wall_seconds": 1254.3597301999107, "best_so_far": 0.021425102215823902}
{"epoch": 377, "train_mean_squared_relative_error": 1.1320589478582798e-05, "wall_seconds": 1257.5377071681432, "best_so_far": 0.021425102215823902}
{"epoch": 378, "train_mean_squared_relative_error": 1.1276581472540465e-05, "wall_seconds": 1260.7116220290773, "best_so_far": 0.021425102215823902}
{"epoch": 379, "train_mean_squared_relative_error": 1.1352843146554242e-05, "wall_seconds": 1263.8230923609808, "best_so_far": 0.021397108706086656}
{"epoch": 380, "train_mean_squared_relative_error": 1.1121562334824079e-05, "wall_seconds": 1267.685362108983, "best_so_far": 0.021340046871097616}
{"epoch": 381, "train_mean_squared_relative_error": 1.1109329056600683e-05, "wall_seconds": 1271.5732505689375, "best_so_far": 0.021340046871097616}
{"epoch": 382, "train_mean_squared_relative_error": 1.1288439257557175e-05, "wall_seconds": 1274.7372895418666, "best_so_far": 0.02133111094282865}
{"epoch": 383, "train_mean_squared_relative_error": 1.164203989725512e-05, "wall_seconds": 1278.554469251074, "best_so_far": 0.02133111094282865}
{"epoch": 384, "train_mean_squared_relative_error": 1.1903446513246004e-05, "wall_seconds": 1281.759011222981, "best_so_far": 0.021323308491939825}
{"epoch": 385, "train_mean_squared_relative_error": 1.116793986306097e-05, "wall_seconds": 1285.5869014929049, "best_so_far": 0.021323308491939825}
{"epoch": 386, "train_mean_squared_relative_error": 1.1307711534184008e-05, "wall_seconds": 1288.7927531399764, "best_so_far": 0.021323308491939825}
{"epoch": 387, "train_mean_squared_relative_error": 1.1406506897465097e-05, "wall_seconds": 1292.0074038738385, "best_so_far": 0.021313635137807818}
{"epoch": 388, "train_mean_squared_relative_error": 1.1242271908154102e-05, "wall_seconds": 1295.8961521289311, "best_so_far": 0.021313635137807818}
{"epoch": 389, "train_mean_squared_relative_error": 1.1226112689122548e-05, "wall_seconds": 1299.0711428299546, "best_so_far": 0.021313635137807818}
{"epoch": 390, "train_mean_squared_relative_error": 1.1491297202525979e-05, "wall_seconds": 1302.2838349491358, "best_so_far": 0.021313635137807818}
{"epoch": 391, "train_mean_squared_relative_error": 1.1120576158351284e-05, "wall_seconds": 1305.4483922580257, "best_so_far": 0.021313635137807818}
{"epoch": 392, "train_mean_squared_relative_error": 1.1044861555665741e-05, "wall_seconds": 1308.8000810309313, "best_so_far": 0.021313635137807818}
{"epoch": 393, "train_mean_squared_relative_error": 1.1383471330884306e-05, "wall_seconds": 1312.065936258994, "best_so_far": 0.021305574396476283}
{"epoch": 394, "train_mean_squared_relative_error": 1.2838893814684436e-05, "wall_seconds": 1315.8942450559698, "best_so_far": 0.021305574396476283}
{"epoch": 395, "train_mean_squared_relative_error": 1.2718369109279344e-05, "wall_seconds": 1319.0847937748767, "best_so_far": 0.021305574396476283}
{"epoch": 396, "train_mean_squared_relative_error": 1.3287954544594446e-05, "wall_seconds": 1322.2684547509998, "best_so_far": 0.021305574396476283}
{"epoch": 397, "train_mean_squared_relative_error": 1.1941789863975097e-05, "wall_seconds": 1325.4444764810614, "best_so_far": 0.021305574396476283}
{"epoch": 398, "train_mean_squared_relative_error": 1.156580991019147e-05, "wall_seconds": 1328.5940590621904, "best_so_far": 0.0212804376789925}
{"epoch": 399, "train_mean_squared_relative_error": 1.1252869059974748e-05, "wall_seconds": 1332.4306019609794, "best_so_far": 0.0212804376789925}
{"epoch": 400, "train_mean_squared_relative_error": 1.0961782814373493e-05, "wall_seconds": 1335.6115122837946, "best_so_far": 0.0212804376789925}
{"epoch": 401, "train_mean_squared_relative_error": 1.1670625556976834e-05, "wall_seconds": 1338.9179312437773, "best_so_far": 0.0212804376789925}
{"epoch": 402, "train_mean_squared_relative_error": 1.176412736073648e-05, "wall_seconds": 1342.1541128437966, "best_so_far": 0.0212804376789925}
{"epoch": 403, "train_mean_squared_relative_error": 1.3372176868028727e-05, "wall_seconds": 1345.3145544989966, "best_so_far": 0.0212804376789925}
{"epoch": 404, "train_mean_squared_relative_error": 1.425071625592021e-05, "wall_seconds": 1348.571930817794, "best_so_far": 0.0212804376789925}
{"epoch": 405, "train_mean_squared_relative_error": 1.4882552621571099e-05, "wall_seconds": 1351.7891757828183, "best_so_far": 0.0212804376789925}
{"epoch": 406, "train_mean_squared_relative_error": 2.2843759019763197e-05, "wall_seconds": 1355.016019759234, "best_so_far": 0.0212804376789925}
{"epoch": 407, "train_mean_squared_relative_error": 3.07860827696183e-05, "wall_seconds": 1358.1808771141805, "best_so_far": 0.0212804376789925}
{"epoch": 408, "train_mean_squared_relative_error": 3.269725825425219e-05, "wall_seconds": 1361.40448027011, "best_so_far": 0.0212804376789925}
{"epoch": 409, "train_mean_squared_relative_error": 2.6901082951652856e-05, "wall_seconds": 1364.5875578052364, "best_so_far": 0.0212804376789925}
{"epoch": 410, "train_mean_squared_relative_error": 2.1369971636085766e-05, "wall_seconds": 1367.7787386369891, "best_so_far": 0.0212804376789925}
{"epoch": 411, "train_mean_squared_relative_error": 1.7322394108373894e-05, "wall_seconds": 1370.9279342880473, "best_so_far": 0.0212804376789925}
{"epoch": 412, "train_mean_squared_relative_error": 1.7696582894063185e-05, "wall_seconds": 1374.0918007860892, "best_so_far": 0.0212804376789925}
{"epoch": 413, "train_mean_squared_relative_error": 1.7417683667776453e-05, "wall_seconds": 1377.2237470899709, "best_so_far": 0.0212804376789925}
{"epoch": 414, "train_mean_squared_relative_error": 2.0673231958698976e-05, "wall_seconds": 1380.3933975589462, "best_so_far": 0.0212804376789925}
{"epoch": 415, "train_mean_squared_relative_error": 1.7643902375817115e-05, "wall_seconds": 1383.5717980610207, "best_so_far": 0.0212804376789925}
{"epoch": 416, "train_mean_squared_relative_error": 1.996760502952852e-05, "wall_seconds": 1386.7279082741588, "best_so_far": 0.0212804376789925}
{"epoch": 417, "train_mean_squared_relative_error": 1.6984838815697808e-05, "wall_seconds": 1389.87028697785, "best_so_far": 0.0212804376789925}
{"epoch": 418, "train_mean_squared_relative_error": 2.3489569158491975e-05, "wall_seconds": 1393.0437167021446, "best_so_far": 0.0212804376789925}
{"epoch": 419, "train_mean_squared_relative_error": 4.4450619808470786e-05, "wall_seconds": 1396.2527160560712, "best_so_far": 0.0212804376789925}
{"epoch": 420, "train_mean_squared_relative_error": 0.00010426594824622956, "wall_seconds": 1399.400082315784, "best_so_far": 0.0212804376789925}
{"epoch": 421, "train_mean_squared_relative_error": 6.556066218019719e-05, "wall_seconds": 1402.5581474951468, "best_so_far": 0.0212804376789925}
{"epoch": 422, "train_mean_squared_relative_error": 4.1371234090434985e-05, "wall_seconds": 1405.746644504834, "best_so_far": 0.0212804376789925}
{"epoch": 423, "train_mean_squared_relative_error": 2.0268613452273584e-05, "wall_seconds": 1408.9442470110953, "best_so_far": 0.0212804376789925}
{"epoch": 424, "train_mean_squared_relative_error": 1.3054247280682986e-05, "wall_seconds": 1412.1189413699321, "best_so_far": 0.0212804376789925}
{"epoch": 425, "train_mean_squared_relative_error": 1.1458708138964584e-05, "wall_seconds": 1415.2874206039123, "best_so_far": 0.021248259761288107}
{"epoch": 426, "train_mean_squared_relative_error": 1.0428357670776312e-05, "wall_seconds": 1419.0764942150563, "best_so_far": 0.021248259761288107}
{"epoch": 427, "train_mean_squared_relative_error": 1.015881330316001e-05, "wall_seconds": 1422.3194032660685, "best_so_far": 0.021248259761288107}
{"epoch": 428, "train_mean_squared_relative_error": 9.794104029425751e-06, "wall_seconds": 1425.4834136217833, "best_so_far": 0.021223130789644176}
{"epoch": 429, "train_mean_squared_relative_error": 9.767452355431262e-06, "wall_seconds": 1429.2895213421434, "best_so_far": 0.021223130789644176}
{"epoch": 430, "train_mean_squared_relative_error": 9.65984993707844e-06, "wall_seconds": 1432.4636668949388, "best_so_far": 0.021223130789644176}
{"epoch": 431, "train_mean_squared_relative_error": 9.653574578470395e-06, "wall_seconds": 1435.6383878290653, "best_so_far": 0.021223130789644176}
{"epoch": 432, "train_mean_squared_relative_error": 9.571240210706527e-06, "wall_seconds": 1438.7835325240158, "best_so_far": 0.021223130789644176}
{"epoch": 433, "train_mean_squared_relative_error": 9.544345261196435e-06, "wall_seconds": 1441.9776148018427, "best_so_far": 0.021223130789644176}
{"epoch": 434, "train_mean_squared_relative_error": 9.589835315938097e-06, "wall_seconds": 1445.142689528875, "best_so_far": 0.021223130789644176}
{"epoch": 435, "train_mean_squared_relative_error": 9.48632397931981e-06, "wall_seconds": 1448.301268384792, "best_so_far": 0.02121019499215649}
{"epoch": 436, "train_mean_squared_relative_error": 9.464936816002968e-06, "wall_seconds": 1452.2408033269458, "best_so_far": 0.021208033679609682}
{"epoch": 437, "train_mean_squared_relative_error": 9.435076185912695e-06, "wall_seconds": 1456.134908608161, "best_so_far": 0.021208033679609682}
{"epoch": 438, "train_mean_squared_relative_error": 9.443556124070528e-06, "wall_seconds": 1459.3241752828471, "best_so_far": 0.021172180904788257}
{"epoch": 439, "train_mean_squared_relative_error": 9.44986871100903e-06, "wall_seconds": 1463.1434569419362, "best_so_far": 0.021172180904788257}
{"epoch": 440, "train_mean_squared_relative_error": 9.388824932188955e-06, "wall_seconds": 1466.307821861934, "best_so_far": 0.021172180904788257}
{"epoch": 441, "train_mean_squared_relative_error": 9.340728890098342e-06, "wall_seconds": 1469.514559765812, "best_so_far": 0.021172180904788257}
{"epoch": 442, "train_mean_squared_relative_error": 9.375376587227662e-06, "wall_seconds": 1472.697974702809, "best_so_far": 0.021172180904788257}
{"epoch": 443, "train_mean_squared_relative_error": 9.35311415670171e-06, "wall_seconds": 1475.9644234008156, "best_so_far": 0.021172180904788257}
{"epoch": 444, "train_mean_squared_relative_error": 9.331415112638527e-06, "wall_seconds": 1479.1487823380157, "best_so_far": 0.021172180904788257}
{"epoch": 445, "train_mean_squared_relative_error": 9.313335998489816e-06, "wall_seconds": 1482.3409787691198, "best_so_far": 0.021172180904788257}
{"epoch": 446, "train_mean_squared_relative_error": 9.305397017356519e-06, "wall_seconds": 1485.5327928271145, "best_so_far": 0.021172180904788257}
{"epoch": 447, "train_mean_squared_relative_error": 9.313317602869514e-06, "wall_seconds": 1488.7515295729972, "best_so_far": 0.021172180904788257}
{"epoch": 448, "train_mean_squared_relative_error": 9.311569624247066e-06, "wall_seconds": 1491.9175813538022, "best_so_far": 0.021172180904788257}
{"epoch": 449, "train_mean_squared_relative_error": 9.301379984448979e-06, "wall_seconds": 1495.168887430802, "best_so_far": 0.021168165913607512}
{"epoch": 450, "train_mean_squared_relative_error": 9.293543311576852e-06, "wall_seconds": 1498.9905070899986, "best_so_far": 0.021168165913607512}
{"epoch": 451, "train_mean_squared_relative_error": 9.208077577646288e-06, "wall_seconds": 1502.2737991781905, "best_so_far": 0.021168165913607512}
{"epoch": 452, "train_mean_squared_relative_error": 9.207009132658183e-06, "wall_seconds": 1505.4759991499595, "best_so_far": 0.0211408892414819}
{"epoch": 453, "train_mean_squared_relative_error": 9.220062280427453e-06, "wall_seconds": 1509.3036664440297, "best_so_far": 0.0211408892414819}
{"epoch": 454, "train_mean_squared_relative_error": 9.214255195517377e-06, "wall_seconds": 1512.4493605578318, "best_so_far": 0.0211408892414819}
{"epoch": 455, "train_mean_squared_relative_error": 9.23841562271019e-06, "wall_seconds": 1515.6628608251922, "best_so_far": 0.0211408892414819}
{"epoch": 456, "train_mean_squared_relative_error": 9.20835489281034e-06, "wall_seconds": 1518.8781597609632, "best_so_far": 0.0211408892414819}
{"epoch": 457, "train_mean_squared_relative_error": 9.157758283118256e-06, "wall_seconds": 1522.1042112838477, "best_so_far": 0.0211408892414819}
{"epoch": 458, "train_mean_squared_relative_error": 9.155633071541307e-06, "wall_seconds": 1525.3121484778821, "best_so_far": 0.0211408892414819}
{"epoch": 459, "train_mean_squared_relative_error": 9.163369899013309e-06, "wall_seconds": 1528.4845777899027, "best_so_far": 0.021102873708847628}
{"epoch": 460, "train_mean_squared_relative_error": 9.136373135833474e-06, "wall_seconds": 1532.3986384421587, "best_so_far": 0.021102873708847628}
{"epoch": 461, "train_mean_squared_relative_error": 9.144576685680265e-06, "wall_seconds": 1535.5266685560346, "best_so_far": 0.021102873708847628}
{"epoch": 462, "train_mean_squared_relative_error": 9.136225200881913e-06, "wall_seconds": 1538.6919125649147, "best_so_far": 0.021102873708847628}
{"epoch": 463, "train_mean_squared_relative_error": 9.146279272599565e-06, "wall_seconds": 1541.8465338349342, "best_so_far": 0.021102873708847628}
{"epoch": 464, "train_mean_squared_relative_error": 9.067378517377232e-06, "wall_seconds": 1545.0056584961712, "best_so_far": 0.021102873708847628}
{"epoch": 465, "train_mean_squared_relative_error": 9.062820116917503e-06, "wall_seconds": 1548.2429306660779, "best_so_far": 0.021102873708847628}
{"epoch": 466, "train_mean_squared_relative_error": 9.040364432758385e-06, "wall_seconds": 1551.4338428648189, "best_so_far": 0.021102873708847628}
{"epoch": 467, "train_mean_squared_relative_error": 9.078585506843582e-06, "wall_seconds": 1554.5954144778661, "best_so_far": 0.021094199662980775}
{"epoch": 468, "train_mean_squared_relative_error": 9.068903948761198e-06, "wall_seconds": 1558.4014374059625, "best_so_far": 0.021094199662980775}
{"epoch": 469, "train_mean_squared_relative_error": 8.982419320103757e-06, "wall_seconds": 1561.5755942119285, "best_so_far": 0.021094199662980775}
{"epoch": 470, "train_mean_squared_relative_error": 8.970054764772777e-06, "wall_seconds": 1564.7298907018267, "best_so_far": 0.021055125197622412}
{"epoch": 471, "train_mean_squared_relative_error": 8.961082098470494e-06, "wall_seconds": 1568.8692146670073, "best_so_far": 0.021055125197622412}
{"epoch": 472, "train_mean_squared_relative_error": 8.952682794992008e-06, "wall_seconds": 1572.0513845500536, "best_so_far": 0.021055125197622412}
{"epoch": 473, "train_mean_squared_relative_error": 9.002513249046737e-06, "wall_seconds": 1575.2066273419186, "best_so_far": 0.021055125197622412}
{"epoch": 474, "train_mean_squared_relative_error": 8.971263512802127e-06, "wall_seconds": 1578.5313844671473, "best_so_far": 0.021055125197622412}
{"epoch": 475, "train_mean_squared_relative_error": 8.92499684482579e-06, "wall_seconds": 1581.75463864021, "best_so_far": 0.021055125197622412}
{"epoch": 476, "train_mean_squared_relative_error": 8.841955279908288e-06, "wall_seconds": 1585.0713751469739, "best_so_far": 0.021055125197622412}
{"epoch": 477, "train_mean_squared_relative_error": 8.88974131374976e-06, "wall_seconds": 1588.2716580322012, "best_so_far": 0.021055125197622412}
{"epoch": 478, "train_mean_squared_relative_error": 8.86567838850152e-06, "wall_seconds": 1591.544113134034, "best_so_far": 0.021055125197622412}
{"epoch": 479, "train_mean_squared_relative_error": 8.84270945627745e-06, "wall_seconds": 1594.7941117491573, "best_so_far": 0.021055125197622412}
{"epoch": 480, "train_mean_squared_relative_error": 8.888987750405064e-06, "wall_seconds": 1598.0925886761397, "best_so_far": 0.021055125197622412}
{"epoch": 481, "train_mean_squared_relative_error": 8.873780829136618e-06, "wall_seconds": 1601.2993918037973, "best_so_far": 0.021055125197622412}
{"epoch": 482, "train_mean_squared_relative_error": 8.82219365063506e-06, "wall_seconds": 1604.4774550627917, "best_so_far": 0.021055125197622412}
{"epoch": 483, "train_mean_squared_relative_error": 8.85915647836171e-06, "wall_seconds": 1607.7271807659417, "best_so_far": 0.021055125197622412}
{"epoch": 484, "train_mean_squared_relative_error": 8.863242856618572e-06, "wall_seconds": 1610.8652172689326, "best_so_far": 0.021055125197622412}
{"epoch": 485, "train_mean_squared_relative_error": 8.955062034659629e-06, "wall_seconds": 1614.0496943811886, "best_so_far": 0.02104736139441989}
{"epoch": 486, "train_mean_squared_relative_error": 8.958027756710572e-06, "wall_seconds": 1617.8310022838414, "best_so_far": 0.02104736139441989}
{"epoch": 487, "train_mean_squared_relative_error": 8.8680109482452e-06, "wall_seconds": 1620.9800438191742, "best_so_far": 0.02104736139441989}
{"epoch": 488, "train_mean_squared_relative_error": 8.881145062722661e-06, "wall_seconds": 1624.1789366388693, "best_so_far": 0.02104736139441989}
{"epoch": 489, "train_mean_squared_relative_error": 8.90621658290174e-06, "wall_seconds": 1627.3514182581566, "best_so_far": 0.021010868857608108}
{"epoch": 490, "train_mean_squared_relative_error": 8.809042974655549e-06, "wall_seconds": 1631.190136111807, "best_so_far": 0.021010868857608108}
{"epoch": 491, "train_mean_squared_relative_error": 8.789324634999035e-06, "wall_seconds": 1634.412536607124, "best_so_far": 0.021010868857608108}
{"epoch": 492, "train_mean_squared_relative_error": 8.82279894039748e-06, "wall_seconds": 1637.606039499864, "best_so_far": 0.021010868857608108}
{"epoch": 493, "train_mean_squared_relative_error": 8.809758455748678e-06, "wall_seconds": 1640.8006160808727, "best_so_far": 0.021010868857608108}
{"epoch": 494, "train_mean_squared_relative_error": 8.862822415896392e-06, "wall_seconds": 1644.0636068941094, "best_so_far": 0.021010868857608108}
{"epoch": 495, "train_mean_squared_relative_error": 8.837604394377692e-06, "wall_seconds": 1647.2283375030383, "best_so_far": 0.021010868857608108}
{"epoch": 496, "train_mean_squared_relative_error": 8.769640760075048e-06, "wall_seconds": 1650.4343667658977, "best_so_far": 0.021010868857608108}
{"epoch": 497, "train_mean_squared_relative_error": 8.69759847408822e-06, "wall_seconds": 1653.5887969429605, "best_so_far": 0.021010868857608108}
{"epoch": 498, "train_mean_squared_relative_error": 8.753293577403794e-06, "wall_seconds": 1656.7974154329859, "best_so_far": 0.021010868857608108}
{"epoch": 499, "train_mean_squared_relative_error": 8.634095483674833e-06, "wall_seconds": 1660.0463918051682, "best_so_far": 0.021010868857608108}
{"epoch": 500, "train_mean_squared_relative_error": 8.637862516957235e-06, "wall_seconds": 1663.220851216931, "best_so_far": 0.021010868857608108}
{"epoch": 501, "train_mean_squared_relative_error": 8.680067967122204e-06, "wall_seconds": 1666.4105204450898, "best_so_far": 0.02098655686806092}
{"epoch": 502, "train_mean_squared_relative_error": 8.79735251431962e-06, "wall_seconds": 1670.521613645833, "best_so_far": 0.02098655686806092}
{"epoch": 503, "train_mean_squared_relative_error": 8.907398602603896e-06, "wall_seconds": 1673.7366382740438, "best_so_far": 0.02098655686806092}
{"epoch": 504, "train_mean_squared_relative_error": 8.879560384224805e-06, "wall_seconds": 1676.9536002548411, "best_so_far": 0.02098655686806092}
{"epoch": 505, "train_mean_squared_relative_error": 9.786316420864607e-06, "wall_seconds": 1680.15801313892, "best_so_far": 0.02098655686806092}
{"epoch": 506, "train_mean_squared_relative_error": 1.033608048944347e-05, "wall_seconds": 1683.3250440079719, "best_so_far": 0.02098655686806092}
{"epoch": 507, "train_mean_squared_relative_error": 1.0256325520797695e-05, "wall_seconds": 1686.6551096388139, "best_so_far": 0.02098655686806092}
{"epoch": 508, "train_mean_squared_relative_error": 9.780845003220923e-06, "wall_seconds": 1689.8302083360031, "best_so_far": 0.02098655686806092}
{"epoch": 509, "train_mean_squared_relative_error": 9.146349114970358e-06, "wall_seconds": 1693.0691892812029, "best_so_far": 0.02098655686806092}
{"epoch": 510, "train_mean_squared_relative_error": 9.019396408102567e-06, "wall_seconds": 1696.2317886119708, "best_so_far": 0.020951151627207194}
{"epoch": 511, "train_mean_squared_relative_error": 8.68354669859327e-06, "wall_seconds": 1700.0375508698635, "best_so_far": 0.020951151627207194}
{"epoch": 512, "train_mean_squared_relative_error": 8.653570686931546e-06, "wall_seconds": 1703.2029082640074, "best_so_far": 0.02093236433160277}
{"epoch": 513, "train_mean_squared_relative_error": 8.733357108475988e-06, "wall_seconds": 1707.130153675098, "best_so_far": 0.02093236433160277}
{"epoch": 514, "train_mean_squared_relative_error": 9.082735462820738e-06, "wall_seconds": 1710.3057126938365, "best_so_far": 0.02093236433160277}
{"epoch": 515, "train_mean_squared_relative_error": 8.709890360876002e-06, "wall_seconds": 1713.6143935839646, "best_so_far": 0.02093236433160277}
{"epoch": 516, "train_mean_squared_relative_error": 8.8593037969125e-06, "wall_seconds": 1716.9471599408425, "best_so_far": 0.02093236433160277}
{"epoch": 517, "train_mean_squared_relative_error": 8.670037047869092e-06, "wall_seconds": 1720.2422688761726, "best_so_far": 0.020924491483345867}
{"epoch": 518, "train_mean_squared_relative_error": 8.669285633163045e-06, "wall_seconds": 1724.153170248028, "best_so_far": 0.020924491483345867}
{"epoch": 519, "train_mean_squared_relative_error": 8.8869218377236e-06, "wall_seconds": 1727.426215435844, "best_so_far": 0.020924491483345867}
{"epoch": 520, "train_mean_squared_relative_error": 9.359815856722324e-06, "wall_seconds": 1730.7183441319503, "best_so_far": 0.020924491483345867}
{"epoch": 521, "train_mean_squared_relative_error": 9.052603291778664e-06, "wall_seconds": 1734.0486620292068, "best_so_far": 0.020924491483345867}
{"epoch": 522, "train_mean_squared_relative_error": 8.828170135555191e-06, "wall_seconds": 1737.3630073349923, "best_so_far": 0.020873230368679597}
{"epoch": 523, "train_mean_squared_relative_error": 8.504549196519259e-06, "wall_seconds": 1741.6470700101927, "best_so_far": 0.020873230368679597}
{"epoch": 524, "train_mean_squared_relative_error": 8.463617019591235e-06, "wall_seconds": 1744.9917628047988, "best_so_far": 0.020873230368679597}
{"epoch": 525, "train_mean_squared_relative_error": 8.530490318844379e-06, "wall_seconds": 1748.3974128258415, "best_so_far": 0.020873230368679597}
{"epoch": 526, "train_mean_squared_relative_error": 8.730831971486434e-06, "wall_seconds": 1751.8243269021623, "best_so_far": 0.020873230368679597}
{"epoch": 527, "train_mean_squared_relative_error": 8.777607010794252e-06, "wall_seconds": 1755.2138475179672, "best_so_far": 0.020873230368679597}
{"epoch": 528, "train_mean_squared_relative_error": 8.700668795081466e-06, "wall_seconds": 1758.5980964330956, "best_so_far": 0.020873230368679597}
{"epoch": 529, "train_mean_squared_relative_error": 8.631246360751753e-06, "wall_seconds": 1762.2831067950465, "best_so_far": 0.020873230368679597}
{"epoch": 530, "train_mean_squared_relative_error": 8.636276876011349e-06, "wall_seconds": 1765.7898652851582, "best_so_far": 0.020873230368679597}
{"epoch": 531, "train_mean_squared_relative_error": 8.75132748286058e-06, "wall_seconds": 1769.2339390590787, "best_so_far": 0.020873230368679597}
{"epoch": 532, "train_mean_squared_relative_error": 8.85979153429488e-06, "wall_seconds": 1772.6869616662152, "best_so_far": 0.020873230368679597}
{"epoch": 533, "train_mean_squared_relative_error": 8.869645599051947e-06, "wall_seconds": 1776.036303828936, "best_so_far": 0.020873230368679597}
{"epoch": 534, "train_mean_squared_relative_error": 8.735127977768394e-06, "wall_seconds": 1779.3239265610464, "best_so_far": 0.020868054979258657}
{"epoch": 535, "train_mean_squared_relative_error": 8.523104673621e-06, "wall_seconds": 1783.2760468549095, "best_so_far": 0.020843196995562425}
{"epoch": 536, "train_mean_squared_relative_error": 8.555671690069118e-06, "wall_seconds": 1787.3068380597979, "best_so_far": 0.020843196995562425}
{"epoch": 537, "train_mean_squared_relative_error": 8.36799156894645e-06, "wall_seconds": 1790.6161924279295, "best_so_far": 0.020843196995562425}
{"epoch": 538, "train_mean_squared_relative_error": 8.419329220512082e-06, "wall_seconds": 1793.9233153900132, "best_so_far": 0.020843196995562425}
{"epoch": 539, "train_mean_squared_relative_error": 8.628868799818901e-06, "wall_seconds": 1797.1949339821003, "best_so_far": 0.020843196995562425}
{"epoch": 540, "train_mean_squared_relative_error": 8.511388019140995e-06, "wall_seconds": 1800.4737081350759, "best_so_far": 0.020843196995562425}
{"epoch": 541, "train_mean_squared_relative_error": 8.377920174068464e-06, "wall_seconds": 1803.7723589669913, "best_so_far": 0.020843196995562425}
{"epoch": 542, "train_mean_squared_relative_error": 8.472636777155325e-06, "wall_seconds": 1806.9992142110132, "best_so_far": 0.020843196995562425}
{"epoch": 543, "train_mean_squared_relative_error": 8.734990336291206e-06, "wall_seconds": 1810.2330161058344, "best_so_far": 0.020843196995562425}
{"epoch": 544, "train_mean_squared_relative_error": 8.978302435337139e-06, "wall_seconds": 1813.4919096222147, "best_so_far": 0.020843196995562425}
{"epoch": 545, "train_mean_squared_relative_error": 8.964597231119547e-06, "wall_seconds": 1816.8059546411969, "best_so_far": 0.020843196995562425}
{"epoch": 546, "train_mean_squared_relative_error": 9.024232699017763e-06, "wall_seconds": 1820.0985665288754, "best_so_far": 0.020843196995562425}
{"epoch": 547, "train_mean_squared_relative_error": 8.542296535981602e-06, "wall_seconds": 1823.355331431143, "best_so_far": 0.020836043291607424}
{"epoch": 548, "train_mean_squared_relative_error": 8.435549129066062e-06, "wall_seconds": 1827.2729230602272, "best_so_far": 0.020836043291607424}
{"epoch": 549, "train_mean_squared_relative_error": 9.054304187433939e-06, "wall_seconds": 1830.6781298238784, "best_so_far": 0.020836043291607424}
{"epoch": 550, "train_mean_squared_relative_error": 8.919685518868495e-06, "wall_seconds": 1833.9341159719042, "best_so_far": 0.020804217828634876}
{"epoch": 551, "train_mean_squared_relative_error": 9.265453247143918e-06, "wall_seconds": 1837.837991652079, "best_so_far": 0.020804217828634876}
{"epoch": 552, "train_mean_squared_relative_error": 8.728099968803685e-06, "wall_seconds": 1841.1210685009137, "best_so_far": 0.020804217828634876}
{"epoch": 553, "train_mean_squared_relative_error": 8.525918265025491e-06, "wall_seconds": 1844.3766905767843, "best_so_far": 0.020804217828634876}
{"epoch": 554, "train_mean_squared_relative_error": 8.54356329931363e-06, "wall_seconds": 1847.6131526310928, "best_so_far": 0.020804217828634876}
{"epoch": 555, "train_mean_squared_relative_error": 8.357198539728465e-06, "wall_seconds": 1850.8862411808223, "best_so_far": 0.020804217828634876}
{"epoch": 556, "train_mean_squared_relative_error": 8.654452089105498e-06, "wall_seconds": 1854.1077845832333, "best_so_far": 0.020804217828634876}
{"epoch": 557, "train_mean_squared_relative_error": 1.0703959212370385e-05, "wall_seconds": 1857.3324563219212, "best_so_far": 0.020804217828634876}
{"epoch": 558, "train_mean_squared_relative_error": 1.1214040201380495e-05, "wall_seconds": 1860.5835052328184, "best_so_far": 0.020804217828634876}
{"epoch": 559, "train_mean_squared_relative_error": 1.291545950723938e-05, "wall_seconds": 1863.8601397508755, "best_so_far": 0.020804217828634876}
{"epoch": 560, "train_mean_squared_relative_error": 1.1924188030603259e-05, "wall_seconds": 1867.2354598958045, "best_so_far": 0.020804217828634876}
{"epoch": 561, "train_mean_squared_relative_error": 1.211822944279085e-05, "wall_seconds": 1870.500683655031, "best_so_far": 0.020804217828634876}
{"epoch": 562, "train_mean_squared_relative_error": 1.5099568689532786e-05, "wall_seconds": 1873.7852590130642, "best_so_far": 0.020804217828634876}
{"epoch": 563, "train_mean_squared_relative_error": 2.140646427584158e-05, "wall_seconds": 1877.1307715889998, "best_so_far": 0.020804217828634876}
{"epoch": 564, "train_mean_squared_relative_error": 2.3099602002571165e-05, "wall_seconds": 1880.467711663805, "best_so_far": 0.020804217828634876}
{"epoch": 565, "train_mean_squared_relative_error": 3.758733197370208e-05, "wall_seconds": 1883.6979623720981, "best_so_far": 0.020804217828634876}
{"epoch": 566, "train_mean_squared_relative_error": 2.8915037035920554e-05, "wall_seconds": 1886.9327591070905, "best_so_far": 0.020804217828634876}
{"epoch": 567, "train_mean_squared_relative_error": 1.865547467518994e-05, "wall_seconds": 1890.151092784945, "best_so_far": 0.020804217828634876}
{"epoch": 568, "train_mean_squared_relative_error": 1.3842045956705913e-05, "wall_seconds": 1893.4099275609478, "best_so_far": 0.020804217828634876}
{"epoch": 569, "train_mean_squared_relative_error": 1.3605740676887303e-05, "wall_seconds": 1896.6045027798973, "best_so_far": 0.020804217828634876}
{"epoch": 570, "train_mean_squared_relative_error": 1.9299485459404497e-05, "wall_seconds": 1899.8512626229785, "best_so_far": 0.020804217828634876}
{"epoch": 571, "train_mean_squared_relative_error": 2.020783513374592e-05, "wall_seconds": 1903.0767770069651, "best_so_far": 0.020804217828634876}
{"epoch": 572, "train_mean_squared_relative_error": 1.3240881560449807e-05, "wall_seconds": 1906.3378218607977, "best_so_far": 0.020804217828634876}
{"epoch": 573, "train_mean_squared_relative_error": 9.54771853576306e-06, "wall_seconds": 1909.5461116870865, "best_so_far": 0.020804217828634876}
{"epoch": 574, "train_mean_squared_relative_error": 8.218677952211522e-06, "wall_seconds": 1912.8722368371673, "best_so_far": 0.020786421080510438}
{"epoch": 575, "train_mean_squared_relative_error": 7.954466435575414e-06, "wall_seconds": 1916.9317885991186, "best_so_far": 0.020786421080510438}
{"epoch": 576, "train_mean_squared_relative_error": 7.846973941276224e-06, "wall_seconds": 1920.1266348492354, "best_so_far": 0.020786421080510438}
{"epoch": 577, "train_mean_squared_relative_error": 7.774497133000092e-06, "wall_seconds": 1923.44125669403, "best_so_far": 0.020786421080510438}
{"epoch": 578, "train_mean_squared_relative_error": 7.705544648335838e-06, "wall_seconds": 1926.7310530631803, "best_so_far": 0.020786421080510438}
{"epoch": 579, "train_mean_squared_relative_error": 7.671775751618203e-06, "wall_seconds": 1930.0434073768556, "best_so_far": 0.020786421080510438}
{"epoch": 580, "train_mean_squared_relative_error": 7.686689608391276e-06, "wall_seconds": 1933.4237118097953, "best_so_far": 0.020786421080510438}
{"epoch": 581, "train_mean_squared_relative_error": 7.557586652027783e-06, "wall_seconds": 1936.6838883748278, "best_so_far": 0.020786421080510438}
{"epoch": 582, "train_mean_squared_relative_error": 7.576199132410153e-06, "wall_seconds": 1939.927706826944, "best_so_far": 0.020786421080510438}
{"epoch": 583, "train_mean_squared_relative_error": 7.524795973777468e-06, "wall_seconds": 1943.3774547781795, "best_so_far": 0.020785448154142936}
{"epoch": 584, "train_mean_squared_relative_error": 7.508905739417663e-06, "wall_seconds": 1947.2837539599277, "best_so_far": 0.020785448154142936}
{"epoch": 585, "train_mean_squared_relative_error": 7.4712285091184e-06, "wall_seconds": 1950.476642951835, "best_so_far": 0.020785448154142936}
{"epoch": 586, "train_mean_squared_relative_error": 7.4871329698801e-06, "wall_seconds": 1953.7204714738764, "best_so_far": 0.020785448154142936}
{"epoch": 587, "train_mean_squared_relative_error": 7.485825345795585e-06, "wall_seconds": 1956.9347988581285, "best_so_far": 0.020774632777433875}
{"epoch": 588, "train_mean_squared_relative_error": 7.516613192835858e-06, "wall_seconds": 1960.85857673781, "best_so_far": 0.020774632777433875}
{"epoch": 589, "train_mean_squared_relative_error": 7.5217475667479245e-06, "wall_seconds": 1964.0813457868062, "best_so_far": 0.020774632777433875}
{"epoch": 590, "train_mean_squared_relative_error": 7.477193513130226e-06, "wall_seconds": 1967.2847057478502, "best_so_far": 0.020774632777433875}
{"epoch": 591, "train_mean_squared_relative_error": 7.4567131126048e-06, "wall_seconds": 1970.5478264200501, "best_so_far": 0.020774632777433875}
{"epoch": 592, "train_mean_squared_relative_error": 7.446071315590312e-06, "wall_seconds": 1973.8424584427848, "best_so_far": 0.020774632777433875}
{"epoch": 593, "train_mean_squared_relative_error": 7.44427262544298e-06, "wall_seconds": 1977.1779447700828, "best_so_far": 0.020774632777433875}
{"epoch": 594, "train_mean_squared_relative_error": 7.4612863144551194e-06, "wall_seconds": 1980.472797836177, "best_so_far": 0.020774632777433875}
{"epoch": 595, "train_mean_squared_relative_error": 7.4545239836148974e-06, "wall_seconds": 1983.7181041692384, "best_so_far": 0.020774632777433875}
{"epoch": 596, "train_mean_squared_relative_error": 7.4347159381281105e-06, "wall_seconds": 1986.9683587332256, "best_so_far": 0.020774632777433875}
{"epoch": 597, "train_mean_squared_relative_error": 7.4240751213618055e-06, "wall_seconds": 1990.197672410868, "best_so_far": 0.020774632777433875}
{"epoch": 598, "train_mean_squared_relative_error": 7.413425569398202e-06, "wall_seconds": 1993.421807568986, "best_so_far": 0.020770184362926776}
{"epoch": 599, "train_mean_squared_relative_error": 7.437300470075255e-06, "wall_seconds": 1997.2997874589637, "best_so_far": 0.020770184362926776}
{"epoch": 600, "train_mean_squared_relative_error": 7.386247937617997e-06, "wall_seconds": 2000.5142340278253, "best_so_far": 0.020770184362926776}
{"epoch": 601, "train_mean_squared_relative_error": 7.378160511277201e-06, "wall_seconds": 2003.739026751835, "best_so_far": 0.020770184362926776}
{"epoch": 602, "train_mean_squared_relative_error": 7.385082166386974e-06, "wall_seconds": 2006.944689065218, "best_so_far": 0.020770184362926776}
{"epoch": 603, "train_mean_squared_relative_error": 7.414996420296956e-06, "wall_seconds": 2010.1886371001601, "best_so_far": 0.020770184362926776}
{"epoch": 604, "train_mean_squared_relative_error": 7.34754696206473e-06, "wall_seconds": 2013.3938870471902, "best_so_far": 0.020770184362926776}
{"epoch": 605, "train_mean_squared_relative_error": 7.3169824211507245e-06, "wall_seconds": 2016.751651613973, "best_so_far": 0.02076342417337048}
{"epoch": 606, "train_mean_squared_relative_error": 7.3384845284794e-06, "wall_seconds": 2020.6471313391812, "best_so_far": 0.02076342417337048}
{"epoch": 607, "train_mean_squared_relative_error": 7.3743008897000134e-06, "wall_seconds": 2023.926939344965, "best_so_far": 0.02076342417337048}
{"epoch": 608, "train_mean_squared_relative_error": 7.344759791461841e-06, "wall_seconds": 2027.1522558778524, "best_so_far": 0.02076342417337048}
{"epoch": 609, "train_mean_squared_relative_error": 7.328985810578777e-06, "wall_seconds": 2030.3872685320675, "best_so_far": 0.02076342417337048}
{"epoch": 610, "train_mean_squared_relative_error": 7.3162564070155326e-06, "wall_seconds": 2033.649260580074, "best_so_far": 0.020738129210575173}
{"epoch": 611, "train_mean_squared_relative_error": 7.303353929738306e-06, "wall_seconds": 2037.5755599620752, "best_so_far": 0.020738129210575173}
{"epoch": 612, "train_mean_squared_relative_error": 7.283075417165227e-06, "wall_seconds": 2040.78839473892, "best_so_far": 0.020738129210575173}
{"epoch": 613, "train_mean_squared_relative_error": 7.314218312148718e-06, "wall_seconds": 2044.025124609936, "best_so_far": 0.020738129210575173}
{"epoch": 614, "train_mean_squared_relative_error": 7.323359295201656e-06, "wall_seconds": 2047.240104231052, "best_so_far": 0.020738129210575173}
{"epoch": 615, "train_mean_squared_relative_error": 7.3572359521206425e-06, "wall_seconds": 2050.4890950107947, "best_so_far": 0.020738129210575173}
{"epoch": 616, "train_mean_squared_relative_error": 7.2897844383700684e-06, "wall_seconds": 2053.827843998093, "best_so_far": 0.020738129210575173}
{"epoch": 617, "train_mean_squared_relative_error": 7.30018076945232e-06, "wall_seconds": 2057.0229016197845, "best_so_far": 0.02073098655960378}
{"epoch": 618, "train_mean_squared_relative_error": 7.2536653608924985e-06, "wall_seconds": 2060.945949537214, "best_so_far": 0.02073098655960378}
{"epoch": 619, "train_mean_squared_relative_error": 7.283019353399135e-06, "wall_seconds": 2064.201520226896, "best_so_far": 0.02073098655960378}
{"epoch": 620, "train_mean_squared_relative_error": 7.27183383924867e-06, "wall_seconds": 2067.4915330559015, "best_so_far": 0.02073098655960378}
{"epoch": 621, "train_mean_squared_relative_error": 7.2960683544741e-06, "wall_seconds": 2070.909283334855, "best_so_far": 0.02073016315613423}
{"epoch": 622, "train_mean_squared_relative_error": 7.264323023948488e-06, "wall_seconds": 2074.757416440174, "best_so_far": 0.02073016315613423}
{"epoch": 623, "train_mean_squared_relative_error": 7.313480708746134e-06, "wall_seconds": 2078.0498581761494, "best_so_far": 0.02073016315613423}
{"epoch": 624, "train_mean_squared_relative_error": 7.275767097526184e-06, "wall_seconds": 2081.4815332978033, "best_so_far": 0.02073016315613423}
{"epoch": 625, "train_mean_squared_relative_error": 7.286829855817579e-06, "wall_seconds": 2084.7189119090326, "best_so_far": 0.02073016315613423}
{"epoch": 626, "train_mean_squared_relative_error": 7.2105131639554585e-06, "wall_seconds": 2087.9450583690777, "best_so_far": 0.02073016315613423}
{"epoch": 627, "train_mean_squared_relative_error": 7.210817747816113e-06, "wall_seconds": 2091.1947891260497, "best_so_far": 0.02073016315613423}
{"epoch": 628, "train_mean_squared_relative_error": 7.206727024579678e-06, "wall_seconds": 2094.4362653628923, "best_so_far": 0.020717241397696023}
{"epoch": 629, "train_mean_squared_relative_error": 7.2448573518149345e-06, "wall_seconds": 2098.3325906707905, "best_so_far": 0.020717241397696023}
{"epoch": 630, "train_mean_squared_relative_error": 7.27577346144386e-06, "wall_seconds": 2101.5351118817925, "best_so_far": 0.020717241397696023}
{"epoch": 631, "train_mean_squared_relative_error": 7.232973495254854e-06, "wall_seconds": 2104.746916209813, "best_so_far": 0.020717241397696023}
{"epoch": 632, "train_mean_squared_relative_error": 7.215610556337757e-06, "wall_seconds": 2107.994680570904, "best_so_far": 0.020717241397696023}
{"epoch": 633, "train_mean_squared_relative_error": 7.20503467954641e-06, "wall_seconds": 2111.2216910361312, "best_so_far": 0.020717241397696023}
{"epoch": 634, "train_mean_squared_relative_error": 7.216471118386525e-06, "wall_seconds": 2114.4880607840605, "best_so_far": 0.020717241397696023}
{"epoch": 635, "train_mean_squared_relative_error": 7.213342857188137e-06, "wall_seconds": 2117.805531803984, "best_so_far": 0.020717241397696023}
{"epoch": 636, "train_mean_squared_relative_error": 7.240929421048155e-06, "wall_seconds": 2121.050247584004, "best_so_far": 0.020717241397696023}
{"epoch": 637, "train_mean_squared_relative_error": 7.205350696191289e-06, "wall_seconds": 2124.3268785038963, "best_so_far": 0.020717241397696023}
{"epoch": 638, "train_mean_squared_relative_error": 7.199554927665806e-06, "wall_seconds": 2127.687039026059, "best_so_far": 0.020717241397696023}
{"epoch": 639, "train_mean_squared_relative_error": 7.185598457998441e-06, "wall_seconds": 2131.0188773931004, "best_so_far": 0.020717241397696023}
{"epoch": 640, "train_mean_squared_relative_error": 7.176564608422927e-06, "wall_seconds": 2134.274263234809, "best_so_far": 0.02070703685286935}
{"epoch": 641, "train_mean_squared_relative_error": 7.169267718823902e-06, "wall_seconds": 2138.1883186749183, "best_so_far": 0.02070703685286935}
{"epoch": 642, "train_mean_squared_relative_error": 7.147886740257712e-06, "wall_seconds": 2141.424472985789, "best_so_far": 0.02070703685286935}
{"epoch": 643, "train_mean_squared_relative_error": 7.239804391823184e-06, "wall_seconds": 2144.7008871771395, "best_so_far": 0.02070703685286935}
{"epoch": 644, "train_mean_squared_relative_error": 7.204916790897871e-06, "wall_seconds": 2147.9466101061553, "best_so_far": 0.02070703685286935}
{"epoch": 645, "train_mean_squared_relative_error": 7.2307290729127835e-06, "wall_seconds": 2151.179239267949, "best_so_far": 0.02070703685286935}
{"epoch": 646, "train_mean_squared_relative_error": 7.14476457120968e-06, "wall_seconds": 2154.4392562410794, "best_so_far": 0.02070703685286935}
{"epoch": 647, "train_mean_squared_relative_error": 7.1519135698757885e-06, "wall_seconds": 2157.6709246621467, "best_so_far": 0.02070409223881391}
{"epoch": 648, "train_mean_squared_relative_error": 7.154144226596108e-06, "wall_seconds": 2161.5332833728753, "best_so_far": 0.02070409223881391}
{"epoch": 649, "train_mean_squared_relative_error": 7.10823982064436e-06, "wall_seconds": 2164.75814144779, "best_so_far": 0.02070409223881391}
{"epoch": 650, "train_mean_squared_relative_error": 7.090015188588144e-06, "wall_seconds": 2167.9592932621017, "best_so_far": 0.02070409223881391}
{"epoch": 651, "train_mean_squared_relative_error": 7.113329789443166e-06, "wall_seconds": 2171.213392969221, "best_so_far": 0.020675337852641244}
{"epoch": 652, "train_mean_squared_relative_error": 7.164585552674804e-06, "wall_seconds": 2175.243665568996, "best_so_far": 0.020675337852641244}
{"epoch": 653, "train_mean_squared_relative_error": 7.095580083313916e-06, "wall_seconds": 2178.4401848879643, "best_so_far": 0.020675337852641244}
{"epoch": 654, "train_mean_squared_relative_error": 7.221282526862376e-06, "wall_seconds": 2181.7152872229926, "best_so_far": 0.02066645702167148}
{"epoch": 655, "train_mean_squared_relative_error": 7.188633279337178e-06, "wall_seconds": 2185.5863868528977, "best_so_far": 0.02066645702167148}
{"epoch": 656, "train_mean_squared_relative_error": 7.140154806961752e-06, "wall_seconds": 2188.8246210957877, "best_so_far": 0.02066645702167148}
{"epoch": 657, "train_mean_squared_relative_error": 7.061725727078465e-06, "wall_seconds": 2192.2182643669657, "best_so_far": 0.02066645702167148}
{"epoch": 658, "train_mean_squared_relative_error": 7.051235427844441e-06, "wall_seconds": 2195.458113682922, "best_so_far": 0.020650254670025882}
{"epoch": 659, "train_mean_squared_relative_error": 7.115020339807902e-06, "wall_seconds": 2199.300990146119, "best_so_far": 0.020650254670025882}
{"epoch": 660, "train_mean_squared_relative_error": 7.080875763116186e-06, "wall_seconds": 2202.625850921031, "best_so_far": 0.020650254670025882}
{"epoch": 661, "train_mean_squared_relative_error": 7.028108796623713e-06, "wall_seconds": 2205.8335008579306, "best_so_far": 0.020650254670025882}
{"epoch": 662, "train_mean_squared_relative_error": 7.050207741082275e-06, "wall_seconds": 2209.097733276896, "best_so_far": 0.020650254670025882}
{"epoch": 663, "train_mean_squared_relative_error": 7.059688190424552e-06, "wall_seconds": 2212.455826113932, "best_so_far": 0.020650254670025882}
{"epoch": 664, "train_mean_squared_relative_error": 7.140871195831655e-06, "wall_seconds": 2215.666424104944, "best_so_far": 0.020650254670025882}
{"epoch": 665, "train_mean_squared_relative_error": 7.182504639539755e-06, "wall_seconds": 2218.950578916818, "best_so_far": 0.020650254670025882}
{"epoch": 666, "train_mean_squared_relative_error": 7.232373746430563e-06, "wall_seconds": 2222.2654669759795, "best_so_far": 0.020650254670025882}
{"epoch": 667, "train_mean_squared_relative_error": 7.219991470574014e-06, "wall_seconds": 2225.4977254439145, "best_so_far": 0.020650254670025882}
{"epoch": 668, "train_mean_squared_relative_error": 7.097957488475898e-06, "wall_seconds": 2228.9230297119357, "best_so_far": 0.0206328979197919}
{"epoch": 669, "train_mean_squared_relative_error": 7.080139153995588e-06, "wall_seconds": 2232.885323984083, "best_so_far": 0.0206328979197919}
{"epoch": 670, "train_mean_squared_relative_error": 7.083294808002169e-06, "wall_seconds": 2236.2988432152197, "best_so_far": 0.0206328979197919}
{"epoch": 671, "train_mean_squared_relative_error": 7.088433994801991e-06, "wall_seconds": 2239.6527582509443, "best_so_far": 0.0206328979197919}
{"epoch": 672, "train_mean_squared_relative_error": 7.084761162468703e-06, "wall_seconds": 2242.8759585372172, "best_so_far": 0.020628889149558797}
{"epoch": 673, "train_mean_squared_relative_error": 7.065453421459559e-06, "wall_seconds": 2246.8315012608655, "best_so_far": 0.020628889149558797}
{"epoch": 674, "train_mean_squared_relative_error": 7.050508173493731e-06, "wall_seconds": 2250.0494710318744, "best_so_far": 0.020628889149558797}
{"epoch": 675, "train_mean_squared_relative_error": 7.096797390590765e-06, "wall_seconds": 2253.3138705291785, "best_so_far": 0.020628889149558797}
{"epoch": 676, "train_mean_squared_relative_error": 7.029151900024315e-06, "wall_seconds": 2256.5788895320147, "best_so_far": 0.02062746259662835}
{"epoch": 677, "train_mean_squared_relative_error": 7.0296642548305174e-06, "wall_seconds": 2260.506689227186, "best_so_far": 0.02062746259662835}
{"epoch": 678, "train_mean_squared_relative_error": 7.086621171422409e-06, "wall_seconds": 2263.737624169793, "best_so_far": 0.02062746259662835}
{"epoch": 679, "train_mean_squared_relative_error": 7.054684777656829e-06, "wall_seconds": 2267.4936652658507, "best_so_far": 0.02062746259662835}
{"epoch": 680, "train_mean_squared_relative_error": 7.030091123377635e-06, "wall_seconds": 2271.046758202836, "best_so_far": 0.02062746259662835}
{"epoch": 681, "train_mean_squared_relative_error": 7.044570646780395e-06, "wall_seconds": 2274.312992909923, "best_so_far": 0.02062746259662835}
{"epoch": 682, "train_mean_squared_relative_error": 6.951058070132533e-06, "wall_seconds": 2277.5678789857775, "best_so_far": 0.02062746259662835}
{"epoch": 683, "train_mean_squared_relative_error": 7.056190213606684e-06, "wall_seconds": 2280.8160909861326, "best_so_far": 0.02062746259662835}
{"epoch": 684, "train_mean_squared_relative_error": 7.128206436339595e-06, "wall_seconds": 2284.0327429547906, "best_so_far": 0.020621480302994023}
{"epoch": 685, "train_mean_squared_relative_error": 7.021800324279623e-06, "wall_seconds": 2288.0403714491986, "best_so_far": 0.020621480302994023}
{"epoch": 686, "train_mean_squared_relative_error": 7.0474168640829955e-06, "wall_seconds": 2291.3072454319336, "best_so_far": 0.020584125120729536}
{"epoch": 687, "train_mean_squared_relative_error": 7.123382391849023e-06, "wall_seconds": 2295.519148325082, "best_so_far": 0.020584125120729536}
{"epoch": 688, "train_mean_squared_relative_error": 7.503496791841838e-06, "wall_seconds": 2298.734018657822, "best_so_far": 0.020584125120729536}
{"epoch": 689, "train_mean_squared_relative_error": 7.181563033594549e-06, "wall_seconds": 2301.9603733248077, "best_so_far": 0.020584125120729536}
{"epoch": 690, "train_mean_squared_relative_error": 7.015389484431894e-06, "wall_seconds": 2305.196816367097, "best_so_far": 0.020584125120729536}
{"epoch": 691, "train_mean_squared_relative_error": 7.058869199875084e-06, "wall_seconds": 2308.4392866091803, "best_so_far": 0.020584125120729536}
{"epoch": 692, "train_mean_squared_relative_error": 6.998025681556246e-06, "wall_seconds": 2311.662236493081, "best_so_far": 0.020584125120729536}
{"epoch": 693, "train_mean_squared_relative_error": 6.983249142543019e-06, "wall_seconds": 2314.9662319552153, "best_so_far": 0.020584125120729536}
{"epoch": 694, "train_mean_squared_relative_error": 6.9681002821512e-06, "wall_seconds": 2318.230081405025, "best_so_far": 0.020584125120729536}
{"epoch": 695, "train_mean_squared_relative_error": 7.032994135377932e-06, "wall_seconds": 2321.4342809817754, "best_so_far": 0.020584125120729536}
{"epoch": 696, "train_mean_squared_relative_error": 6.954613058102431e-06, "wall_seconds": 2324.7174061168917, "best_so_far": 0.020584125120729536}
{"epoch": 697, "train_mean_squared_relative_error": 7.091892888016745e-06, "wall_seconds": 2327.973028062843, "best_so_far": 0.020584125120729536}
{"epoch": 698, "train_mean_squared_relative_error": 7.182412557911012e-06, "wall_seconds": 2331.1958877998404, "best_so_far": 0.020584125120729536}
{"epoch": 699, "train_mean_squared_relative_error": 7.308709277975898e-06, "wall_seconds": 2334.4381656059995, "best_so_far": 0.020584125120729536}
{"epoch": 700, "train_mean_squared_relative_error": 7.058438379678174e-06, "wall_seconds": 2337.740878413897, "best_so_far": 0.020584125120729536}
{"epoch": 701, "train_mean_squared_relative_error": 7.07048456028315e-06, "wall_seconds": 2341.0147262900136, "best_so_far": 0.020584125120729536}
{"epoch": 702, "train_mean_squared_relative_error": 7.048895247973751e-06, "wall_seconds": 2344.257123101037, "best_so_far": 0.020584125120729536}
{"epoch": 703, "train_mean_squared_relative_error": 7.005431615805192e-06, "wall_seconds": 2347.5406129630283, "best_so_far": 0.020584125120729536}
{"epoch": 704, "train_mean_squared_relative_error": 7.28569036867294e-06, "wall_seconds": 2350.9654237842187, "best_so_far": 0.02052839772794561}
{"epoch": 705, "train_mean_squared_relative_error": 7.5019701152915805e-06, "wall_seconds": 2354.9629311491735, "best_so_far": 0.02052839772794561}
{"epoch": 706, "train_mean_squared_relative_error": 7.2424990125255246e-06, "wall_seconds": 2358.2228201539256, "best_so_far": 0.02052839772794561}
{"epoch": 707, "train_mean_squared_relative_error": 7.0428377207486545e-06, "wall_seconds": 2361.4885570937768, "best_so_far": 0.02052839772794561}
{"epoch": 708, "train_mean_squared_relative_error": 7.1048253050247985e-06, "wall_seconds": 2364.784749703016, "best_so_far": 0.02052839772794561}
{"epoch": 709, "train_mean_squared_relative_error": 7.174204117025246e-06, "wall_seconds": 2368.1621767501347, "best_so_far": 0.02052839772794561}
{"epoch": 710, "train_mean_squared_relative_error": 7.122891958936669e-06, "wall_seconds": 2371.4056984158233, "best_so_far": 0.02052839772794561}
{"epoch": 711, "train_mean_squared_relative_error": 6.973109711028469e-06, "wall_seconds": 2374.7706723459996, "best_so_far": 0.02052839772794561}
{"epoch": 712, "train_mean_squared_relative_error": 6.847184685175132e-06, "wall_seconds": 2378.1155229569413, "best_so_far": 0.02052839772794561}
{"epoch": 713, "train_mean_squared_relative_error": 6.829707149255599e-06, "wall_seconds": 2381.3404167192057, "best_so_far": 0.02052839772794561}
{"epoch": 714, "train_mean_squared_relative_error": 6.854812380048373e-06, "wall_seconds": 2384.6040646648034, "best_so_far": 0.02052839772794561}
{"epoch": 715, "train_mean_squared_relative_error": 7.047882818608802e-06, "wall_seconds": 2387.949917482212, "best_so_far": 0.02052839772794561}
{"epoch": 716, "train_mean_squared_relative_error": 7.109768689080322e-06, "wall_seconds": 2391.1641989150085, "best_so_far": 0.02052839772794561}
{"epoch": 717, "train_mean_squared_relative_error": 7.059377682515843e-06, "wall_seconds": 2394.405569003895, "best_so_far": 0.02052839772794561}
{"epoch": 718, "train_mean_squared_relative_error": 6.981872549748238e-06, "wall_seconds": 2397.6612034258433, "best_so_far": 0.02052839772794561}
{"epoch": 719, "train_mean_squared_relative_error": 6.81990728164376e-06, "wall_seconds": 2400.92643271992, "best_so_far": 0.02052839772794561}
{"epoch": 720, "train_mean_squared_relative_error": 6.791491106791856e-06, "wall_seconds": 2404.1644241837785, "best_so_far": 0.02052839772794561}
{"epoch": 721, "train_mean_squared_relative_error": 6.773039771829233e-06, "wall_seconds": 2407.392967997119, "best_so_far": 0.02052839772794561}
{"epoch": 722, "train_mean_squared_relative_error": 6.8053803599127065e-06, "wall_seconds": 2410.6091577741317, "best_so_far": 0.02052839772794561}
{"epoch": 723, "train_mean_squared_relative_error": 6.902756347011218e-06, "wall_seconds": 2413.8733901008964, "best_so_far": 0.02052839772794561}
{"epoch": 724, "train_mean_squared_relative_error": 6.835816625256107e-06, "wall_seconds": 2417.130947131198, "best_so_far": 0.02052839772794561}
{"epoch": 725, "train_mean_squared_relative_error": 6.928686825679055e-06, "wall_seconds": 2420.378866219893, "best_so_far": 0.02052839772794561}
{"epoch": 726, "train_mean_squared_relative_error": 6.82386888629722e-06, "wall_seconds": 2423.6391604798846, "best_so_far": 0.02052839772794561}
{"epoch": 727, "train_mean_squared_relative_error": 6.604567393326421e-06, "wall_seconds": 2426.876177687198, "best_so_far": 0.02052839772794561}
{"epoch": 728, "train_mean_squared_relative_error": 6.515823702472023e-06, "wall_seconds": 2430.0945901568048, "best_so_far": 0.02052839772794561}
{"epoch": 729, "train_mean_squared_relative_error": 6.491757866631439e-06, "wall_seconds": 2433.5305070988834, "best_so_far": 0.02052839772794561}
{"epoch": 730, "train_mean_squared_relative_error": 6.493104782257375e-06, "wall_seconds": 2436.746305909008, "best_so_far": 0.02052839772794561}
{"epoch": 731, "train_mean_squared_relative_error": 6.504003983286146e-06, "wall_seconds": 2440.029757244978, "best_so_far": 0.02052839772794561}
{"epoch": 732, "train_mean_squared_relative_error": 6.483073761103966e-06, "wall_seconds": 2443.423089331016, "best_so_far": 0.02052839772794561}
{"epoch": 733, "train_mean_squared_relative_error": 6.490180387408688e-06, "wall_seconds": 2446.719625736121, "best_so_far": 0.02052839772794561}
{"epoch": 734, "train_mean_squared_relative_error": 6.4874691017777225e-06, "wall_seconds": 2450.19431325607, "best_so_far": 0.02052839772794561}
{"epoch": 735, "train_mean_squared_relative_error": 6.475787031853e-06, "wall_seconds": 2453.473247413989, "best_so_far": 0.02052839772794561}
{"epoch": 736, "train_mean_squared_relative_error": 6.479861428213167e-06, "wall_seconds": 2456.798721842002, "best_so_far": 0.02052839772794561}
{"epoch": 737, "train_mean_squared_relative_error": 6.492402449061894e-06, "wall_seconds": 2460.052445660811, "best_so_far": 0.02052839772794561}
{"epoch": 738, "train_mean_squared_relative_error": 6.471795656245862e-06, "wall_seconds": 2463.3518032100983, "best_so_far": 0.02052839772794561}
{"epoch": 739, "train_mean_squared_relative_error": 6.470299808437899e-06, "wall_seconds": 2466.625797943212, "best_so_far": 0.02052839772794561}
{"epoch": 740, "train_mean_squared_relative_error": 6.472070977941242e-06, "wall_seconds": 2469.992803886067, "best_so_far": 0.02052839772794561}
{"epoch": 741, "train_mean_squared_relative_error": 6.453556364394209e-06, "wall_seconds": 2473.202919717878, "best_so_far": 0.02052839772794561}
{"epoch": 742, "train_mean_squared_relative_error": 6.457215745666621e-06, "wall_seconds": 2476.459630589932, "best_so_far": 0.02052839772794561}
{"epoch": 743, "train_mean_squared_relative_error": 6.44410085461022e-06, "wall_seconds": 2479.7816640362144, "best_so_far": 0.02052839772794561}
{"epoch": 744, "train_mean_squared_relative_error": 6.461316043592399e-06, "wall_seconds": 2483.044727027882, "best_so_far": 0.02052839772794561}
{"epoch": 745, "train_mean_squared_relative_error": 6.442235892702995e-06, "wall_seconds": 2486.351822969038, "best_so_far": 0.02052839772794561}
{"epoch": 746, "train_mean_squared_relative_error": 6.430432730776708e-06, "wall_seconds": 2489.596758245956, "best_so_far": 0.02052839772794561}
{"epoch": 747, "train_mean_squared_relative_error": 6.430529827912358e-06, "wall_seconds": 2492.883849731181, "best_so_far": 0.02052839772794561}
{"epoch": 748, "train_mean_squared_relative_error": 6.403633889175548e-06, "wall_seconds": 2496.128401757218, "best_so_far": 0.02052839772794561}
{"epoch": 749, "train_mean_squared_relative_error": 6.395658000399415e-06, "wall_seconds": 2499.3649823479354, "best_so_far": 0.02052839772794561}
{"epoch": 750, "train_mean_squared_relative_error": 6.383137835180974e-06, "wall_seconds": 2502.608153097797, "best_so_far": 0.02052839772794561}
{"epoch": 751, "train_mean_squared_relative_error": 6.374612665191315e-06, "wall_seconds": 2505.8720243507996, "best_so_far": 0.02052839772794561}
{"epoch": 752, "train_mean_squared_relative_error": 6.373110853799635e-06, "wall_seconds": 2509.107185252942, "best_so_far": 0.02052839772794561}
{"epoch": 753, "train_mean_squared_relative_error": 6.359278820374191e-06, "wall_seconds": 2512.3296202030033, "best_so_far": 0.02052839772794561}
{"epoch": 754, "train_mean_squared_relative_error": 6.371394675623039e-06, "wall_seconds": 2515.5627896510996, "best_so_far": 0.02052839772794561}
{"epoch": 755, "train_mean_squared_relative_error": 6.3836415106361965e-06, "wall_seconds": 2518.798480370082, "best_so_far": 0.02052839772794561}
{"epoch": 756, "train_mean_squared_relative_error": 6.365969022964868e-06, "wall_seconds": 2522.0443828948773, "best_so_far": 0.02052839772794561}
{"epoch": 757, "train_mean_squared_relative_error": 6.3679628926443425e-06, "wall_seconds": 2525.389366393909, "best_so_far": 0.02052839772794561}
{"epoch": 758, "train_mean_squared_relative_error": 6.385589795492907e-06, "wall_seconds": 2528.6354491161183, "best_so_far": 0.02052839772794561}
{"epoch": 759, "train_mean_squared_relative_error": 6.372074862363618e-06, "wall_seconds": 2532.0348046668805, "best_so_far": 0.02052839772794561}
{"epoch": 760, "train_mean_squared_relative_error": 6.356709621505627e-06, "wall_seconds": 2535.33967822697, "best_so_far": 0.02052839772794561}
{"epoch": 761, "train_mean_squared_relative_error": 6.359654632950496e-06, "wall_seconds": 2538.6099947937764, "best_so_far": 0.02052839772794561}
{"epoch": 762, "train_mean_squared_relative_error": 6.359867956747274e-06, "wall_seconds": 2541.847041828092, "best_so_far": 0.02052839772794561}
{"epoch": 763, "train_mean_squared_relative_error": 6.363087088678933e-06, "wall_seconds": 2545.326198142022, "best_so_far": 0.02052760024479}
{"epoch": 764, "train_mean_squared_relative_error": 6.3664422227832105e-06, "wall_seconds": 2549.2957530999556, "best_so_far": 0.02052064875167457}
{"epoch": 765, "train_mean_squared_relative_error": 6.3636061260059105e-06, "wall_seconds": 2553.271010010969, "best_so_far": 0.02052064875167457}
{"epoch": 766, "train_mean_squared_relative_error": 6.365625843962473e-06, "wall_seconds": 2556.5116368541494, "best_so_far": 0.02052064875167457}
{"epoch": 767, "train_mean_squared_relative_error": 6.353668891360173e-06, "wall_seconds": 2559.756500402931, "best_so_far": 0.02052064875167457}
{"epoch": 768, "train_mean_squared_relative_error": 6.336056524419614e-06, "wall_seconds": 2563.0727521399967, "best_so_far": 0.02052064875167457}
{"epoch": 769, "train_mean_squared_relative_error": 6.352323868473993e-06, "wall_seconds": 2566.32274394203, "best_so_far": 0.02052064875167457}
{"epoch": 770, "train_mean_squared_relative_error": 6.3743624113760306e-06, "wall_seconds": 2569.57896057982, "best_so_far": 0.02052064875167457}
{"epoch": 771, "train_mean_squared_relative_error": 6.371581972093571e-06, "wall_seconds": 2572.881782075856, "best_so_far": 0.02052064875167457}
{"epoch": 772, "train_mean_squared_relative_error": 6.355197441019708e-06, "wall_seconds": 2576.1066464269534, "best_so_far": 0.02052064875167457}
{"epoch": 773, "train_mean_squared_relative_error": 6.3656355996984335e-06, "wall_seconds": 2579.340234622825, "best_so_far": 0.020517419709367993}
{"epoch": 774, "train_mean_squared_relative_error": 6.362304942636758e-06, "wall_seconds": 2583.3291876558214, "best_so_far": 0.020517419709367993}
{"epoch": 775, "train_mean_squared_relative_error": 6.337450061807538e-06, "wall_seconds": 2586.5849204477854, "best_so_far": 0.020517419709367993}
{"epoch": 776, "train_mean_squared_relative_error": 6.342498579214761e-06, "wall_seconds": 2589.8516100919805, "best_so_far": 0.020517419709367993}
{"epoch": 777, "train_mean_squared_relative_error": 6.361306424203138e-06, "wall_seconds": 2593.0962760271505, "best_so_far": 0.02050065425229821}
{"epoch": 778, "train_mean_squared_relative_error": 6.367516204249438e-06, "wall_seconds": 2597.074010137003, "best_so_far": 0.02050065425229821}
{"epoch": 779, "train_mean_squared_relative_error": 6.337373661088567e-06, "wall_seconds": 2600.306145887822, "best_so_far": 0.02050065425229821}
{"epoch": 780, "train_mean_squared_relative_error": 6.337306536654444e-06, "wall_seconds": 2603.610402422957, "best_so_far": 0.02050065425229821}
{"epoch": 781, "train_mean_squared_relative_error": 6.3284958073159825e-06, "wall_seconds": 2606.8393761492334, "best_so_far": 0.02050065425229821}
{"epoch": 782, "train_mean_squared_relative_error": 6.324794449830621e-06, "wall_seconds": 2610.0863862731494, "best_so_far": 0.02050065425229821}
{"epoch": 783, "train_mean_squared_relative_error": 6.324308259489678e-06, "wall_seconds": 2613.352098900825, "best_so_far": 0.020499672930891583}
{"epoch": 784, "train_mean_squared_relative_error": 6.311738168131109e-06, "wall_seconds": 2617.253012894187, "best_so_far": 0.020499672930891583}
{"epoch": 785, "train_mean_squared_relative_error": 6.307829427182075e-06, "wall_seconds": 2620.4910851111636, "best_so_far": 0.020499672930891583}
{"epoch": 786, "train_mean_squared_relative_error": 6.329507781616476e-06, "wall_seconds": 2623.7362084938213, "best_so_far": 0.02048927899195096}
{"epoch": 787, "train_mean_squared_relative_error": 6.315861223682598e-06, "wall_seconds": 2627.6453597252257, "best_so_far": 0.02048927899195096}
{"epoch": 788, "train_mean_squared_relative_error": 6.30223351323609e-06, "wall_seconds": 2631.003038064111, "best_so_far": 0.02048927899195096}
{"epoch": 789, "train_mean_squared_relative_error": 6.343285799668224e-06, "wall_seconds": 2634.261267175898, "best_so_far": 0.02048927899195096}
{"epoch": 790, "train_mean_squared_relative_error": 6.325378367929322e-06, "wall_seconds": 2637.520847734064, "best_so_far": 0.02048927899195096}
{"epoch": 791, "train_mean_squared_relative_error": 6.307433511151517e-06, "wall_seconds": 2640.795819453895, "best_so_far": 0.0204888711924198}
{"epoch": 792, "train_mean_squared_relative_error": 6.3141584032524595e-06, "wall_seconds": 2644.974949217867, "best_so_far": 0.0204888711924198}
{"epoch": 793, "train_mean_squared_relative_error": 6.3013132367637165e-06, "wall_seconds": 2648.2574935588054, "best_so_far": 0.0204888711924198}
{"epoch": 794, "train_mean_squared_relative_error": 6.313040413267517e-06, "wall_seconds": 2651.5597833958454, "best_so_far": 0.0204888711924198}
{"epoch": 795, "train_mean_squared_relative_error": 6.30995599528108e-06, "wall_seconds": 2654.7836061101407, "best_so_far": 0.0204888711924198}
{"epoch": 796, "train_mean_squared_relative_error": 6.2894351280348146e-06, "wall_seconds": 2658.058455422055, "best_so_far": 0.0204888711924198}
{"epoch": 797, "train_mean_squared_relative_error": 6.284264922114707e-06, "wall_seconds": 2661.3398564700037, "best_so_far": 0.0204888711924198}
{"epoch": 798, "train_mean_squared_relative_error": 6.286953038398742e-06, "wall_seconds": 2664.607704902999, "best_so_far": 0.0204888711924198}
{"epoch": 799, "train_mean_squared_relative_error": 6.289866125184543e-06, "wall_seconds": 2667.8397524170578, "best_so_far": 0.0204888711924198}
{"epoch": 800, "train_mean_squared_relative_error": 6.31022354327086e-06, "wall_seconds": 2671.0973167279735, "best_so_far": 0.0204888711924198}
{"epoch": 801, "train_mean_squared_relative_error": 6.277022126944738e-06, "wall_seconds": 2674.414841824211, "best_so_far": 0.0204888711924198}
{"epoch": 802, "train_mean_squared_relative_error": 6.303966778742124e-06, "wall_seconds": 2677.664299129043, "best_so_far": 0.0204888711924198}
{"epoch": 803, "train_mean_squared_relative_error": 6.367232149424055e-06, "wall_seconds": 2680.9220076948404, "best_so_far": 0.0204888711924198}
{"epoch": 804, "train_mean_squared_relative_error": 6.3414310219463354e-06, "wall_seconds": 2684.259892169852, "best_so_far": 0.0204888711924198}
{"epoch": 805, "train_mean_squared_relative_error": 6.327700117826753e-06, "wall_seconds": 2687.6781254340895, "best_so_far": 0.0204888711924198}
{"epoch": 806, "train_mean_squared_relative_error": 6.328344512861043e-06, "wall_seconds": 2691.0843198108487, "best_so_far": 0.0204888711924198}
{"epoch": 807, "train_mean_squared_relative_error": 6.3072781562589e-06, "wall_seconds": 2694.4928257740103, "best_so_far": 0.0204888711924198}
{"epoch": 808, "train_mean_squared_relative_error": 6.272441284976154e-06, "wall_seconds": 2697.7582875029184, "best_so_far": 0.0204888711924198}
{"epoch": 809, "train_mean_squared_relative_error": 6.275104144249241e-06, "wall_seconds": 2700.9865330830216, "best_so_far": 0.0204888711924198}
{"epoch": 810, "train_mean_squared_relative_error": 6.31282766455747e-06, "wall_seconds": 2704.2695959829725, "best_so_far": 0.0204888711924198}
{"epoch": 811, "train_mean_squared_relative_error": 6.271812943332375e-06, "wall_seconds": 2707.543853905052, "best_so_far": 0.0204888711924198}
{"epoch": 812, "train_mean_squared_relative_error": 6.285743963978703e-06, "wall_seconds": 2710.8312267442234, "best_so_far": 0.0204888711924198}
{"epoch": 813, "train_mean_squared_relative_error": 6.292339927204698e-06, "wall_seconds": 2714.128257452976, "best_so_far": 0.0204888711924198}
{"epoch": 814, "train_mean_squared_relative_error": 6.286484028670326e-06, "wall_seconds": 2717.4222439401783, "best_so_far": 0.0204888711924198}
{"epoch": 815, "train_mean_squared_relative_error": 6.26209653049328e-06, "wall_seconds": 2720.659857871011, "best_so_far": 0.0204888711924198}
{"epoch": 816, "train_mean_squared_relative_error": 6.25155749144277e-06, "wall_seconds": 2723.9155320478603, "best_so_far": 0.02047974729727625}
{"epoch": 817, "train_mean_squared_relative_error": 6.248348503946891e-06, "wall_seconds": 2727.947873608209, "best_so_far": 0.02047974729727625}
{"epoch": 818, "train_mean_squared_relative_error": 6.291709343709441e-06, "wall_seconds": 2731.2073481981643, "best_so_far": 0.02047974729727625}
{"epoch": 819, "train_mean_squared_relative_error": 6.28823456188571e-06, "wall_seconds": 2734.477548420895, "best_so_far": 0.02047974729727625}
{"epoch": 820, "train_mean_squared_relative_error": 6.238985308402019e-06, "wall_seconds": 2737.729533317033, "best_so_far": 0.02047974729727625}
{"epoch": 821, "train_mean_squared_relative_error": 6.218001349935067e-06, "wall_seconds": 2741.006459488068, "best_so_far": 0.02047974729727625}
{"epoch": 822, "train_mean_squared_relative_error": 6.219542260465208e-06, "wall_seconds": 2744.290252272971, "best_so_far": 0.02046850412035591}
{"epoch": 823, "train_mean_squared_relative_error": 6.2256281934421735e-06, "wall_seconds": 2748.299700471107, "best_so_far": 0.02046850412035591}
{"epoch": 824, "train_mean_squared_relative_error": 6.2270897516782394e-06, "wall_seconds": 2751.706546229776, "best_so_far": 0.02046850412035591}
{"epoch": 825, "train_mean_squared_relative_error": 6.231002064082156e-06, "wall_seconds": 2754.993101438042, "best_so_far": 0.02046850412035591}
{"epoch": 826, "train_mean_squared_relative_error": 6.267767959756676e-06, "wall_seconds": 2758.21801854996, "best_so_far": 0.02046850412035591}
{"epoch": 827, "train_mean_squared_relative_error": 6.219435809363295e-06, "wall_seconds": 2761.4632374951616, "best_so_far": 0.02046850412035591}
{"epoch": 828, "train_mean_squared_relative_error": 6.2211808459558425e-06, "wall_seconds": 2764.7698406460695, "best_so_far": 0.02046850412035591}
{"epoch": 829, "train_mean_squared_relative_error": 6.245186972895264e-06, "wall_seconds": 2768.0065993480384, "best_so_far": 0.02046850412035591}
{"epoch": 830, "train_mean_squared_relative_error": 6.236935897966319e-06, "wall_seconds": 2771.2920886850916, "best_so_far": 0.02046850412035591}
{"epoch": 831, "train_mean_squared_relative_error": 6.253072529887897e-06, "wall_seconds": 2774.598366262857, "best_so_far": 0.02046850412035591}
{"epoch": 832, "train_mean_squared_relative_error": 6.225472443907396e-06, "wall_seconds": 2777.8832488451153, "best_so_far": 0.02046850412035591}
{"epoch": 833, "train_mean_squared_relative_error": 6.212048654132234e-06, "wall_seconds": 2781.138920785859, "best_so_far": 0.02046850412035591}
{"epoch": 834, "train_mean_squared_relative_error": 6.210462941632847e-06, "wall_seconds": 2784.403248995077, "best_so_far": 0.02046850412035591}
{"epoch": 835, "train_mean_squared_relative_error": 6.23906403169946e-06, "wall_seconds": 2787.658707331866, "best_so_far": 0.02046850412035591}
{"epoch": 836, "train_mean_squared_relative_error": 6.216138965334383e-06, "wall_seconds": 2790.886322185863, "best_so_far": 0.02046850412035591}
{"epoch": 837, "train_mean_squared_relative_error": 6.198547389397986e-06, "wall_seconds": 2794.155093016103, "best_so_far": 0.020455264428457597}
{"epoch": 838, "train_mean_squared_relative_error": 6.179216230935583e-06, "wall_seconds": 2798.038161053788, "best_so_far": 0.020455264428457597}
{"epoch": 839, "train_mean_squared_relative_error": 6.197519181870658e-06, "wall_seconds": 2801.36923649814, "best_so_far": 0.020455264428457597}
{"epoch": 840, "train_mean_squared_relative_error": 6.189426256887047e-06, "wall_seconds": 2804.6213246709667, "best_so_far": 0.020455264428457597}
{"epoch": 841, "train_mean_squared_relative_error": 6.218614178338882e-06, "wall_seconds": 2807.982713554986, "best_so_far": 0.020455264428457597}
{"epoch": 842, "train_mean_squared_relative_error": 6.184304705347408e-06, "wall_seconds": 2811.285764019005, "best_so_far": 0.020455264428457597}
{"epoch": 843, "train_mean_squared_relative_error": 6.189527478407256e-06, "wall_seconds": 2814.5825334312394, "best_so_far": 0.020455264428457597}
{"epoch": 844, "train_mean_squared_relative_error": 6.182299560550641e-06, "wall_seconds": 2817.9911079029553, "best_so_far": 0.020455264428457597}
{"epoch": 845, "train_mean_squared_relative_error": 6.166662211224333e-06, "wall_seconds": 2821.229980046861, "best_so_far": 0.020455264428457597}
{"epoch": 846, "train_mean_squared_relative_error": 6.181936659107846e-06, "wall_seconds": 2824.4643583511934, "best_so_far": 0.020455264428457597}
{"epoch": 847, "train_mean_squared_relative_error": 6.17538098867e-06, "wall_seconds": 2827.822941158898, "best_so_far": 0.020455264428457597}
{"epoch": 848, "train_mean_squared_relative_error": 6.181144450573933e-06, "wall_seconds": 2831.0789778050967, "best_so_far": 0.020455264428457597}
{"epoch": 849, "train_mean_squared_relative_error": 6.1747098004651375e-06, "wall_seconds": 2834.330209592823, "best_so_far": 0.020455264428457597}
{"epoch": 850, "train_mean_squared_relative_error": 6.169615454370898e-06, "wall_seconds": 2837.666876467876, "best_so_far": 0.020455264428457597}
{"epoch": 851, "train_mean_squared_relative_error": 6.178698486549008e-06, "wall_seconds": 2841.0013230051845, "best_so_far": 0.020455264428457597}
{"epoch": 852, "train_mean_squared_relative_error": 6.17880501938855e-06, "wall_seconds": 2844.348521981854, "best_so_far": 0.020455264428457597}
{"epoch": 853, "train_mean_squared_relative_error": 6.1839927791729715e-06, "wall_seconds": 2847.6744770891964, "best_so_far": 0.020455264428457597}
{"epoch": 854, "train_mean_squared_relative_error": 6.1687909122211546e-06, "wall_seconds": 2851.002332150936, "best_so_far": 0.020455264428457597}
{"epoch": 855, "train_mean_squared_relative_error": 6.181671652817919e-06, "wall_seconds": 2854.2510924199596, "best_so_far": 0.020455264428457597}
{"epoch": 856, "train_mean_squared_relative_error": 6.176334095102433e-06, "wall_seconds": 2857.517105665989, "best_so_far": 0.020452075021656205}
{"epoch": 857, "train_mean_squared_relative_error": 6.179523195830666e-06, "wall_seconds": 2861.458123590797, "best_so_far": 0.020452075021656205}
{"epoch": 858, "train_mean_squared_relative_error": 6.185910597789065e-06, "wall_seconds": 2864.8140660361387, "best_so_far": 0.020452075021656205}
{"epoch": 859, "train_mean_squared_relative_error": 6.215127765151609e-06, "wall_seconds": 2868.074169591069, "best_so_far": 0.020452075021656205}
{"epoch": 860, "train_mean_squared_relative_error": 6.22998361934419e-06, "wall_seconds": 2871.365861438215, "best_so_far": 0.020452075021656205}
{"epoch": 861, "train_mean_squared_relative_error": 6.175677717982328e-06, "wall_seconds": 2874.636882795021, "best_so_far": 0.020452075021656205}
{"epoch": 862, "train_mean_squared_relative_error": 6.145110292749141e-06, "wall_seconds": 2877.9665195089765, "best_so_far": 0.02044570182018058}
{"epoch": 863, "train_mean_squared_relative_error": 6.118189687020078e-06, "wall_seconds": 2881.843044581823, "best_so_far": 0.02044570182018058}
{"epoch": 864, "train_mean_squared_relative_error": 6.124440930844347e-06, "wall_seconds": 2885.065037366934, "best_so_far": 0.02044570182018058}
{"epoch": 865, "train_mean_squared_relative_error": 6.143801526781314e-06, "wall_seconds": 2888.33018548321, "best_so_far": 0.02044570182018058}
{"epoch": 866, "train_mean_squared_relative_error": 6.136175748371836e-06, "wall_seconds": 2891.5973850400187, "best_so_far": 0.02044570182018058}
{"epoch": 867, "train_mean_squared_relative_error": 6.137806950171298e-06, "wall_seconds": 2894.8428370319307, "best_so_far": 0.02044570182018058}
{"epoch": 868, "train_mean_squared_relative_error": 6.160971935526734e-06, "wall_seconds": 2898.108711711131, "best_so_far": 0.02044570182018058}
{"epoch": 869, "train_mean_squared_relative_error": 6.171080026543156e-06, "wall_seconds": 2901.4147870671004, "best_so_far": 0.02044570182018058}
{"epoch": 870, "train_mean_squared_relative_error": 6.144437091019647e-06, "wall_seconds": 2904.6677452428266, "best_so_far": 0.020445026090638054}
{"epoch": 871, "train_mean_squared_relative_error": 6.11509519184239e-06, "wall_seconds": 2908.6472809538245, "best_so_far": 0.020445026090638054}
{"epoch": 872, "train_mean_squared_relative_error": 6.121442592510251e-06, "wall_seconds": 2911.9120559678413, "best_so_far": 0.020412109654030185}
{"epoch": 873, "train_mean_squared_relative_error": 6.135170280039951e-06, "wall_seconds": 2915.938818693161, "best_so_far": 0.020412109654030185}
{"epoch": 874, "train_mean_squared_relative_error": 6.1882684395159516e-06, "wall_seconds": 2919.2000886318274, "best_so_far": 0.020412109654030185}
{"epoch": 875, "train_mean_squared_relative_error": 6.121576612983313e-06, "wall_seconds": 2922.456400470808, "best_so_far": 0.020412109654030185}
{"epoch": 876, "train_mean_squared_relative_error": 6.129867044667242e-06, "wall_seconds": 2925.744885948021, "best_so_far": 0.020412109654030185}
{"epoch": 877, "train_mean_squared_relative_error": 6.1045757539427515e-06, "wall_seconds": 2929.0007077218033, "best_so_far": 0.020412109654030185}
{"epoch": 878, "train_mean_squared_relative_error": 6.13171005768876e-06, "wall_seconds": 2932.2651913277805, "best_so_far": 0.020412109654030185}
{"epoch": 879, "train_mean_squared_relative_error": 6.1339721546199405e-06, "wall_seconds": 2935.542287770193, "best_so_far": 0.020412109654030185}
{"epoch": 880, "train_mean_squared_relative_error": 6.1108462697665276e-06, "wall_seconds": 2938.7927771219984, "best_so_far": 0.020403060907516965}
{"epoch": 881, "train_mean_squared_relative_error": 6.09399519856817e-06, "wall_seconds": 2942.845865992829, "best_so_far": 0.020403060907516965}
{"epoch": 882, "train_mean_squared_relative_error": 6.078982674885135e-06, "wall_seconds": 2946.152676041238, "best_so_far": 0.020403060907516965}
{"epoch": 883, "train_mean_squared_relative_error": 6.105238642990798e-06, "wall_seconds": 2949.4564122618176, "best_so_far": 0.020403060907516965}
{"epoch": 884, "train_mean_squared_relative_error": 6.116509367952194e-06, "wall_seconds": 2952.8411002592184, "best_so_far": 0.020403060907516965}
{"epoch": 885, "train_mean_squared_relative_error": 6.101445657426748e-06, "wall_seconds": 2956.2373026688583, "best_so_far": 0.020403060907516965}
{"epoch": 886, "train_mean_squared_relative_error": 6.106222255602679e-06, "wall_seconds": 2959.516052027233, "best_so_far": 0.020403060907516965}
{"epoch": 887, "train_mean_squared_relative_error": 6.092611655566429e-06, "wall_seconds": 2962.8934113918804, "best_so_far": 0.020403060907516965}
{"epoch": 888, "train_mean_squared_relative_error": 6.078388261459997e-06, "wall_seconds": 2966.1699048378505, "best_so_far": 0.020403060907516965}
{"epoch": 889, "train_mean_squared_relative_error": 6.070518043957405e-06, "wall_seconds": 2969.435313270893, "best_so_far": 0.020403060907516965}
{"epoch": 890, "train_mean_squared_relative_error": 6.112575710188366e-06, "wall_seconds": 2972.7483174139634, "best_so_far": 0.020403060907516965}
{"epoch": 891, "train_mean_squared_relative_error": 6.131649072318451e-06, "wall_seconds": 2976.0171373412013, "best_so_far": 0.020403060907516965}
{"epoch": 892, "train_mean_squared_relative_error": 6.152883151492602e-06, "wall_seconds": 2979.3432488529943, "best_so_far": 0.020403060907516965}
{"epoch": 893, "train_mean_squared_relative_error": 6.093608689947733e-06, "wall_seconds": 2982.779305225238, "best_so_far": 0.020403060907516965}
{"epoch": 894, "train_mean_squared_relative_error": 6.063112202766959e-06, "wall_seconds": 2986.1648028800264, "best_so_far": 0.020403060907516965}
{"epoch": 895, "train_mean_squared_relative_error": 6.04903091524105e-06, "wall_seconds": 2989.406783442013, "best_so_far": 0.020403060907516965}
{"epoch": 896, "train_mean_squared_relative_error": 6.0460926847200396e-06, "wall_seconds": 2992.6615811567754, "best_so_far": 0.020403060907516965}
{"epoch": 897, "train_mean_squared_relative_error": 6.054189370252865e-06, "wall_seconds": 2995.8991591348313, "best_so_far": 0.020403060907516965}
{"epoch": 898, "train_mean_squared_relative_error": 6.039598495457866e-06, "wall_seconds": 2999.163273856975, "best_so_far": 0.020403060907516965}
ARM {"arm": "fno-w96f32", "config": "inputs/opconfigs/fno-w96f32.json", "job_id": "4298038", "started_unix": 1790285561.7211285, "ok": true, "epochs": 899, "stop_reason": "wall_budget", "validation_mean_case_max": 0.02040305994414406, "validation_worst_case_max": 0.05433897134916592, "micro_batch_final": 8, "best_checkpoint_sha256": "fd70d08636f57d7534a4fbc9e86d2f893801d543d8940c67cc1ce4b939e527d4", "ended_unix": 1790288565.1030314}
TRAIN_MEM FINISHED
run_exit=0
