host=pax106 source_commit=ef1d1e9f5c29a2e77444a2d190d9d0c6a70cdf7f job=3997427
NVIDIA A100 80GB PCIe, 81920 MiB
Filesystem                       Size  Used Avail Use% Mounted on
10.235.106.29:/projects/paralab  4.6T  4.2T  433G  91% /cluster/tufts/paralab
jax_backend=gpu
STAGE symmetry_verification
STAGE base_data_regeneration
data seed=202609201 1/512 elapsed=3.7
data seed=202609201 9/512 elapsed=4.3
data seed=202609201 17/512 elapsed=5.0
data seed=202609201 25/512 elapsed=5.6
data seed=202609201 33/512 elapsed=6.3
data seed=202609201 41/512 elapsed=7.0
data seed=202609201 49/512 elapsed=7.6
data seed=202609201 57/512 elapsed=8.3
data seed=202609201 65/512 elapsed=8.9
data seed=202609201 73/512 elapsed=9.6
data seed=202609201 81/512 elapsed=10.2
data seed=202609201 89/512 elapsed=10.9
data seed=202609201 97/512 elapsed=11.6
data seed=202609201 105/512 elapsed=12.2
data seed=202609201 113/512 elapsed=12.9
data seed=202609201 121/512 elapsed=13.5
data seed=202609201 129/512 elapsed=14.2
data seed=202609201 137/512 elapsed=14.9
data seed=202609201 145/512 elapsed=15.5
data seed=202609201 153/512 elapsed=16.2
data seed=202609201 161/512 elapsed=16.8
data seed=202609201 169/512 elapsed=17.5
data seed=202609201 177/512 elapsed=18.2
data seed=202609201 185/512 elapsed=18.8
data seed=202609201 193/512 elapsed=19.5
data seed=202609201 201/512 elapsed=20.2
data seed=202609201 209/512 elapsed=20.8
data seed=202609201 217/512 elapsed=21.5
data seed=202609201 225/512 elapsed=22.2
data seed=202609201 233/512 elapsed=22.8
data seed=202609201 241/512 elapsed=23.5
data seed=202609201 249/512 elapsed=24.2
data seed=202609201 257/512 elapsed=24.8
data seed=202609201 265/512 elapsed=25.5
data seed=202609201 273/512 elapsed=26.2
data seed=202609201 281/512 elapsed=26.8
data seed=202609201 289/512 elapsed=27.5
data seed=202609201 297/512 elapsed=28.2
data seed=202609201 305/512 elapsed=28.8
data seed=202609201 313/512 elapsed=29.5
data seed=202609201 321/512 elapsed=30.2
data seed=202609201 329/512 elapsed=30.8
data seed=202609201 337/512 elapsed=31.5
data seed=202609201 345/512 elapsed=32.2
data seed=202609201 353/512 elapsed=32.9
data seed=202609201 361/512 elapsed=33.5
data seed=202609201 369/512 elapsed=34.2
data seed=202609201 377/512 elapsed=34.9
data seed=202609201 385/512 elapsed=35.6
data seed=202609201 393/512 elapsed=36.2
data seed=202609201 401/512 elapsed=36.9
data seed=202609201 409/512 elapsed=37.6
data seed=202609201 417/512 elapsed=38.3
data seed=202609201 425/512 elapsed=38.9
data seed=202609201 433/512 elapsed=39.6
data seed=202609201 441/512 elapsed=40.3
data seed=202609201 449/512 elapsed=41.0
data seed=202609201 457/512 elapsed=41.6
data seed=202609201 465/512 elapsed=42.3
data seed=202609201 473/512 elapsed=43.0
data seed=202609201 481/512 elapsed=43.7
data seed=202609201 489/512 elapsed=44.3
data seed=202609201 497/512 elapsed=45.0
data seed=202609201 505/512 elapsed=45.7
data seed=202609201 512/512 elapsed=46.3
data seed=202609202 1/16 elapsed=0.6
data seed=202609202 9/16 elapsed=1.3
data seed=202609202 16/16 elapsed=1.9
STAGE shared_training_augmentation
STAGE coverage_capacity_and_heads
free_bank_train {'step': 1, 'relative_mse': 1.2497700588326799, 'seconds': 5.628820308949798}
free_bank_train {'step': 100, 'relative_mse': 0.6450053834576722, 'seconds': 6.628314266912639}
free_bank_train {'step': 200, 'relative_mse': 0.3238024406429917, 'seconds': 7.2223108489997685}
free_bank_train {'step': 300, 'relative_mse': 0.29917946462273864, 'seconds': 7.814753619022667}
free_bank_train {'step': 400, 'relative_mse': 0.7061481470792597, 'seconds': 8.414788929978386}
free_bank_train {'step': 500, 'relative_mse': 0.21667933101818226, 'seconds': 9.0113129618112}
free_bank_train {'step': 600, 'relative_mse': 0.18881715921098943, 'seconds': 9.610143514815718}
free_bank_train {'step': 700, 'relative_mse': 0.15739444648098883, 'seconds': 10.208983642980456}
free_bank_train {'step': 800, 'relative_mse': 0.14314083316853005, 'seconds': 10.806843839818612}
free_bank_train {'step': 900, 'relative_mse': 0.1684073556620335, 'seconds': 11.406730411807075}
free_bank_train {'step': 1000, 'relative_mse': 0.16712473983652912, 'seconds': 12.008861928014085}
free_bank_train {'step': 1100, 'relative_mse': 0.21394015003201, 'seconds': 12.61258584796451}
free_bank_train {'step': 1200, 'relative_mse': 0.18685533035160506, 'seconds': 13.217731036944315}
free_bank_train {'step': 1300, 'relative_mse': 0.12802255733219986, 'seconds': 13.819948934949934}
free_bank_train {'step': 1400, 'relative_mse': 0.13808995681493466, 'seconds': 14.425549219828099}
free_bank_train {'step': 1500, 'relative_mse': 0.14933667064592876, 'seconds': 15.031200286000967}
free_bank_train {'step': 1600, 'relative_mse': 0.13960507470955824, 'seconds': 15.638370638014749}
free_bank_train {'step': 1700, 'relative_mse': 0.17114488322051083, 'seconds': 16.246753726853058}
free_bank_train {'step': 1800, 'relative_mse': 0.24492119445332627, 'seconds': 16.855299817863852}
free_bank_train {'step': 1900, 'relative_mse': 0.17569277304562442, 'seconds': 17.464849042939022}
free_bank_train {'step': 2000, 'relative_mse': 0.1524324964674385, 'seconds': 18.072994839865714}
free_bank_train {'step': 2100, 'relative_mse': 0.1512200918813539, 'seconds': 18.6816590228118}
free_bank_train {'step': 2200, 'relative_mse': 0.18611268474766143, 'seconds': 19.29202084080316}
free_bank_train {'step': 2300, 'relative_mse': 0.13552258667004946, 'seconds': 19.90069331182167}
free_bank_train {'step': 2400, 'relative_mse': 0.16367799199336824, 'seconds': 20.5093615509104}
free_bank_train {'step': 2500, 'relative_mse': 0.1699314042843453, 'seconds': 21.11812286800705}
free_bank_train {'step': 2600, 'relative_mse': 0.1965367466374961, 'seconds': 21.728469535009935}
free_bank_train {'step': 2700, 'relative_mse': 1.603738557192083, 'seconds': 22.34016988100484}
free_bank_train {'step': 2800, 'relative_mse': 0.5061264357423123, 'seconds': 22.95101027400233}
free_bank_train {'step': 2900, 'relative_mse': 0.3385118203410483, 'seconds': 23.562090707942843}
free_bank_train {'step': 3000, 'relative_mse': 0.2580407716311333, 'seconds': 24.175292531959713}
free_bank_train {'step': 3100, 'relative_mse': 0.20264191760806108, 'seconds': 24.78584384196438}
free_bank_train {'step': 3200, 'relative_mse': 0.16487251534544636, 'seconds': 25.399008945794776}
free_bank_train {'step': 3300, 'relative_mse': 0.17299453084840405, 'seconds': 26.0115725628566}
free_bank_train {'step': 3400, 'relative_mse': 0.12909144229374298, 'seconds': 26.62512241699733}
free_bank_train {'step': 3500, 'relative_mse': 0.13823107549938024, 'seconds': 27.24184763082303}
free_bank_train {'step': 3600, 'relative_mse': 0.1326421251598159, 'seconds': 27.86412840685807}
free_bank_train {'step': 3700, 'relative_mse': 0.09897131624556935, 'seconds': 28.485355791868642}
free_bank_train {'step': 3800, 'relative_mse': 0.11420312306533337, 'seconds': 29.106856209924445}
free_bank_train {'step': 3900, 'relative_mse': 0.10198520019076099, 'seconds': 29.731502924812958}
free_bank_train {'step': 4000, 'relative_mse': 0.1012311907892133, 'seconds': 30.35856698686257}
free_bank_train {'step': 4100, 'relative_mse': 0.09189034173811372, 'seconds': 30.987922200001776}
free_bank_train {'step': 4200, 'relative_mse': 0.09841720669782668, 'seconds': 31.61879286193289}
free_bank_train {'step': 4300, 'relative_mse': 0.10790413368770516, 'seconds': 32.24563451181166}
free_bank_train {'step': 4400, 'relative_mse': 0.0991098261193849, 'seconds': 32.8738397739362}
free_bank_train {'step': 4500, 'relative_mse': 0.09614523230854716, 'seconds': 33.50277327699587}
free_bank_train {'step': 4600, 'relative_mse': 0.10105941178032003, 'seconds': 34.13252838887274}
free_bank_train {'step': 4700, 'relative_mse': 0.10625674072388991, 'seconds': 34.76132117281668}
free_bank_train {'step': 4800, 'relative_mse': 0.10480990000447385, 'seconds': 35.391343033872545}
free_bank_train {'step': 4900, 'relative_mse': 0.08153060140497782, 'seconds': 36.01957229501568}
free_bank_train {'step': 5000, 'relative_mse': 0.10866563439709215, 'seconds': 36.65225268388167}
free_bank_train {'step': 5100, 'relative_mse': 0.12199229737946618, 'seconds': 37.601988083915785}
free_bank_train {'step': 5200, 'relative_mse': 0.08560541951041123, 'seconds': 38.221264571882784}
free_bank_train {'step': 5300, 'relative_mse': 0.08107570862427191, 'seconds': 38.84471690701321}
free_bank_train {'step': 5400, 'relative_mse': 0.09262492737115025, 'seconds': 39.47958732000552}
free_bank_train {'step': 5500, 'relative_mse': 0.09656116845820358, 'seconds': 40.11442714300938}
free_bank_train {'step': 5600, 'relative_mse': 0.10629189210760148, 'seconds': 40.75314669799991}
free_bank_train {'step': 5700, 'relative_mse': 0.10351570284817718, 'seconds': 41.387423782842234}
free_bank_train {'step': 5800, 'relative_mse': 0.10698749485023898, 'seconds': 42.028358303941786}
free_bank_train {'step': 5900, 'relative_mse': 0.0924746979966696, 'seconds': 42.671870306832716}
free_bank_train {'step': 6000, 'relative_mse': 0.08219685146695525, 'seconds': 43.31547723384574}
free_bank_train {'step': 6100, 'relative_mse': 0.09620530935753832, 'seconds': 43.95930252596736}
free_bank_train {'step': 6200, 'relative_mse': 0.09889444080906393, 'seconds': 44.60934436880052}
free_bank_train {'step': 6300, 'relative_mse': 0.1032845149359315, 'seconds': 45.25362107693218}
free_bank_train {'step': 6400, 'relative_mse': 0.09328802289384919, 'seconds': 45.89478686382063}
free_bank_train {'step': 6500, 'relative_mse': 0.09990583671769032, 'seconds': 46.53765212488361}
free_bank_train {'step': 6600, 'relative_mse': 0.099500499374438, 'seconds': 47.180886185960844}
free_bank_train {'step': 6700, 'relative_mse': 0.10955195977640059, 'seconds': 47.823001296957955}
free_bank_train {'step': 6800, 'relative_mse': 0.08963289826615635, 'seconds': 48.465074804844335}
free_bank_train {'step': 6900, 'relative_mse': 0.1078701835882468, 'seconds': 49.11132931988686}
free_bank_train {'step': 7000, 'relative_mse': 0.10403243332373499, 'seconds': 49.75546947889961}
free_bank_train {'step': 7100, 'relative_mse': 0.09128795328958286, 'seconds': 50.39650738192722}
free_bank_train {'step': 7200, 'relative_mse': 0.09782951532704143, 'seconds': 51.04181075980887}
free_bank_train {'step': 7300, 'relative_mse': 0.0985737065421291, 'seconds': 51.688714522868395}
free_bank_train {'step': 7400, 'relative_mse': 0.09857566037036938, 'seconds': 52.33847580384463}
free_bank_train {'step': 7500, 'relative_mse': 0.08801611867778616, 'seconds': 52.981832318007946}
free_bank_train {'step': 7600, 'relative_mse': 0.09901035996233021, 'seconds': 53.626220125937834}
free_bank_train {'step': 7700, 'relative_mse': 0.10029764839321245, 'seconds': 54.27241683588363}
free_bank_train {'step': 7800, 'relative_mse': 0.10084130752989198, 'seconds': 54.920787542825565}
free_bank_train {'step': 7900, 'relative_mse': 0.10192463376844196, 'seconds': 55.57123868796043}
free_bank_train {'step': 8000, 'relative_mse': 0.1045096955180127, 'seconds': 56.21952284593135}
free_bank_train {'step': 8100, 'relative_mse': 0.0904055450242163, 'seconds': 56.86931175994687}
free_bank_train {'step': 8200, 'relative_mse': 0.08557795630487981, 'seconds': 57.52067373483442}
free_bank_train {'step': 8300, 'relative_mse': 0.10388673870762585, 'seconds': 58.170315835857764}
free_bank_train {'step': 8400, 'relative_mse': 0.09235165009541708, 'seconds': 58.82672141981311}
free_bank_train {'step': 8500, 'relative_mse': 0.10269630464504345, 'seconds': 59.4767620540224}
free_bank_train {'step': 8600, 'relative_mse': 0.08482792783998046, 'seconds': 60.128799055935815}
free_bank_train {'step': 8700, 'relative_mse': 0.09451122883093421, 'seconds': 60.78157809795812}
free_bank_train {'step': 8800, 'relative_mse': 0.09150212588942004, 'seconds': 61.4310152370017}
free_bank_train {'step': 8900, 'relative_mse': 0.08955262230171658, 'seconds': 62.08071708981879}
free_bank_train {'step': 9000, 'relative_mse': 0.08631208569428617, 'seconds': 62.73171414085664}
free_bank_train {'step': 9100, 'relative_mse': 0.08166250023316285, 'seconds': 63.38206137390807}
free_bank_train {'step': 9200, 'relative_mse': 0.09191279755727108, 'seconds': 64.03411960182711}
free_bank_train {'step': 9300, 'relative_mse': 0.07881446984617443, 'seconds': 64.6866888590157}
free_bank_train {'step': 9400, 'relative_mse': 0.08134364069739161, 'seconds': 65.33904414391145}
free_bank_train {'step': 9500, 'relative_mse': 0.08181717354734261, 'seconds': 65.9905838179402}
free_bank_train {'step': 9600, 'relative_mse': 0.08730746692572079, 'seconds': 66.6437824498862}
free_bank_train {'step': 9700, 'relative_mse': 0.08595280132873041, 'seconds': 67.29536713589914}
free_bank_train {'step': 9800, 'relative_mse': 0.08940277903291023, 'seconds': 67.94774732692167}
free_bank_train {'step': 9900, 'relative_mse': 0.08782784792626765, 'seconds': 68.58905941992998}
free_bank_train {'step': 10000, 'relative_mse': 0.08398004640024244, 'seconds': 69.24933480890468}
free_bank_train {'step': 10100, 'relative_mse': 0.08294075113048241, 'seconds': 70.20636657695286}
free_bank_train {'step': 10200, 'relative_mse': 0.08713943386841594, 'seconds': 70.83158492390066}
free_bank_train {'step': 10300, 'relative_mse': 0.07836811279366482, 'seconds': 71.48128490289673}
free_bank_train {'step': 10400, 'relative_mse': 0.09519146558283034, 'seconds': 72.37403291696683}
free_bank_train {'step': 10500, 'relative_mse': 0.07248855449425168, 'seconds': 72.99346845899709}
free_bank_train {'step': 10600, 'relative_mse': 0.0775411380039085, 'seconds': 73.6390283969231}
free_bank_train {'step': 10700, 'relative_mse': 0.07442358525916111, 'seconds': 74.30497876298614}
free_bank_train {'step': 10800, 'relative_mse': 0.07517816437714647, 'seconds': 74.96834199898876}
free_bank_train {'step': 10900, 'relative_mse': 0.07979797496471992, 'seconds': 75.62945929192938}
free_bank_train {'step': 11000, 'relative_mse': 0.08900757545621488, 'seconds': 76.29280491382815}
free_bank_train {'step': 11100, 'relative_mse': 0.09431911166091785, 'seconds': 76.95663427887484}
free_bank_train {'step': 11200, 'relative_mse': 0.07649680400493879, 'seconds': 77.61923459498212}
free_bank_train {'step': 11300, 'relative_mse': 0.07629734998975105, 'seconds': 78.27710487693548}
free_bank_train {'step': 11400, 'relative_mse': 0.08245038166228624, 'seconds': 78.93457258492708}
free_bank_train {'step': 11500, 'relative_mse': 0.08452178825088044, 'seconds': 79.59278456284665}
free_bank_train {'step': 11600, 'relative_mse': 0.0770931656442687, 'seconds': 80.25064012198709}
free_bank_train {'step': 11700, 'relative_mse': 0.0771853334305696, 'seconds': 80.90853133494966}
free_bank_train {'step': 11800, 'relative_mse': 0.08201613972102653, 'seconds': 81.5663209669292}
free_bank_train {'step': 11900, 'relative_mse': 0.07453575032874106, 'seconds': 82.22338047181256}
free_bank_train {'step': 12000, 'relative_mse': 0.07452413560663623, 'seconds': 82.88143232581206}
free_bank_train {'step': 12100, 'relative_mse': 0.07553327204584967, 'seconds': 83.53912832285278}
free_bank_train {'step': 12200, 'relative_mse': 0.06946584334910719, 'seconds': 84.19682307494804}
free_bank_train {'step': 12300, 'relative_mse': 0.07506653242491618, 'seconds': 84.85493434080854}
free_bank_train {'step': 12400, 'relative_mse': 0.0790420530401941, 'seconds': 85.51379073690623}
free_bank_train {'step': 12500, 'relative_mse': 0.07304145448477344, 'seconds': 86.17208011099137}
free_bank_train {'step': 12600, 'relative_mse': 0.06684378806164977, 'seconds': 86.82976554497145}
free_bank_train {'step': 12700, 'relative_mse': 0.06538930255072097, 'seconds': 87.49152912991121}
free_bank_train {'step': 12800, 'relative_mse': 0.06884991519289826, 'seconds': 88.14817495993339}
free_bank_train {'step': 12900, 'relative_mse': 0.07365504107074533, 'seconds': 88.80865614395589}
free_bank_train {'step': 13000, 'relative_mse': 0.06303593306817182, 'seconds': 89.46812094980851}
free_bank_train {'step': 13100, 'relative_mse': 0.07484773848916156, 'seconds': 90.12549907388166}
free_bank_train {'step': 13200, 'relative_mse': 0.06714699954722403, 'seconds': 90.78235214087181}
free_bank_train {'step': 13300, 'relative_mse': 0.06928564688433894, 'seconds': 91.44447547779419}
free_bank_train {'step': 13400, 'relative_mse': 0.08307219344210459, 'seconds': 92.10235819593072}
free_bank_train {'step': 13500, 'relative_mse': 0.06621305061488361, 'seconds': 92.75990593992174}
free_bank_train {'step': 13600, 'relative_mse': 0.07179664275200542, 'seconds': 93.41334013780579}
free_bank_train {'step': 13700, 'relative_mse': 0.06639702667046467, 'seconds': 94.07559355790727}
free_bank_train {'step': 13800, 'relative_mse': 0.06913025316846036, 'seconds': 94.74101620982401}
free_bank_train {'step': 13900, 'relative_mse': 0.06422569467982273, 'seconds': 95.40854375786148}
free_bank_train {'step': 14000, 'relative_mse': 0.06915360044171005, 'seconds': 96.07350846985355}
free_bank_train {'step': 14100, 'relative_mse': 0.07184864191038878, 'seconds': 96.73947007698007}
free_bank_train {'step': 14200, 'relative_mse': 0.06731444560224721, 'seconds': 97.40699621592648}
free_bank_train {'step': 14300, 'relative_mse': 0.059657502769321774, 'seconds': 98.07216503797099}
free_bank_train {'step': 14400, 'relative_mse': 0.05842210489636829, 'seconds': 98.72929718787782}
free_bank_train {'step': 14500, 'relative_mse': 0.059385801800294916, 'seconds': 99.38557996787131}
free_bank_train {'step': 14600, 'relative_mse': 0.058639200639810325, 'seconds': 100.04410661687143}
free_bank_train {'step': 14700, 'relative_mse': 0.06293883821313065, 'seconds': 100.70578386890702}
free_bank_train {'step': 14800, 'relative_mse': 0.06935075091654361, 'seconds': 101.36365708592348}
free_bank_train {'step': 14900, 'relative_mse': 0.06196464974574324, 'seconds': 102.02306658402085}
free_bank_train {'step': 15000, 'relative_mse': 0.05865297210063112, 'seconds': 102.68041243893094}
free_bank_train {'step': 15100, 'relative_mse': 0.057362872569981224, 'seconds': 103.65438691386953}
free_bank_train {'step': 15200, 'relative_mse': 0.06019587661585708, 'seconds': 104.29118406283669}
free_bank_train {'step': 15300, 'relative_mse': 0.06729016961951828, 'seconds': 104.96391766890883}
free_bank_train {'step': 15400, 'relative_mse': 0.06327243937884332, 'seconds': 105.64508322998881}
free_bank_train {'step': 15500, 'relative_mse': 0.06146231332377057, 'seconds': 106.31663697981276}
free_bank_train {'step': 15600, 'relative_mse': 0.05919759624140222, 'seconds': 106.97753107594326}
free_bank_train {'step': 15700, 'relative_mse': 0.05757953436166462, 'seconds': 107.63569375895895}
free_bank_train {'step': 15800, 'relative_mse': 0.059804392848592805, 'seconds': 108.29377920692787}
free_bank_train {'step': 15900, 'relative_mse': 0.057906861700743585, 'seconds': 108.95238209888339}
free_bank_train {'step': 16000, 'relative_mse': 0.06076844045400426, 'seconds': 109.61069326591678}
free_bank_train {'step': 16100, 'relative_mse': 0.05879962405494926, 'seconds': 110.27067206380889}
free_bank_train {'step': 16200, 'relative_mse': 0.05844709369956713, 'seconds': 110.9303930758033}
free_bank_train {'step': 16300, 'relative_mse': 0.05686392238861955, 'seconds': 111.5886554447934}
free_bank_train {'step': 16400, 'relative_mse': 0.06324623663286613, 'seconds': 112.24777339491993}
free_bank_train {'step': 16500, 'relative_mse': 0.057839049784099386, 'seconds': 112.909111993853}
free_bank_train {'step': 16600, 'relative_mse': 0.05758429562477783, 'seconds': 113.56890715379268}
free_bank_train {'step': 16700, 'relative_mse': 0.05764407054300201, 'seconds': 114.22732527484186}
free_bank_train {'step': 16800, 'relative_mse': 0.06538816363730661, 'seconds': 114.88511608587578}
free_bank_train {'step': 16900, 'relative_mse': 0.055441570574167875, 'seconds': 115.54469228698872}
free_bank_train {'step': 17000, 'relative_mse': 0.06012202014293492, 'seconds': 116.20361317996867}
free_bank_train {'step': 17100, 'relative_mse': 0.05489948853657115, 'seconds': 116.86241282289848}
free_bank_train {'step': 17200, 'relative_mse': 0.06736430576213788, 'seconds': 117.52252610097639}
free_bank_train {'step': 17300, 'relative_mse': 0.06032470356356698, 'seconds': 118.1818402458448}
free_bank_train {'step': 17400, 'relative_mse': 0.05341459098457947, 'seconds': 118.8416149218101}
free_bank_train {'step': 17500, 'relative_mse': 0.05634858005630992, 'seconds': 119.49873147392645}
free_bank_train {'step': 17600, 'relative_mse': 0.05205684866735831, 'seconds': 120.15791166992858}
free_bank_train {'step': 17700, 'relative_mse': 0.05576538275850054, 'seconds': 120.80302186193876}
free_bank_train {'step': 17800, 'relative_mse': 0.05103621701602596, 'seconds': 121.47143930988386}
free_bank_train {'step': 17900, 'relative_mse': 0.056537860678695186, 'seconds': 122.14518079487607}
free_bank_train {'step': 18000, 'relative_mse': 0.057665335414199215, 'seconds': 122.82208108599298}
free_bank_train {'step': 18100, 'relative_mse': 0.06041883047148333, 'seconds': 123.497409745818}
free_bank_train {'step': 18200, 'relative_mse': 0.05980116579588281, 'seconds': 124.16764162085019}
free_bank_train {'step': 18300, 'relative_mse': 0.052065990354477294, 'seconds': 124.83259015879594}
free_bank_train {'step': 18400, 'relative_mse': 0.057318503090122985, 'seconds': 125.49908404494636}
free_bank_train {'step': 18500, 'relative_mse': 0.05276065957101374, 'seconds': 126.16400451795198}
free_bank_train {'step': 18600, 'relative_mse': 0.0540739601298739, 'seconds': 126.82951812702231}
free_bank_train {'step': 18700, 'relative_mse': 0.051088197752098274, 'seconds': 127.49568395898677}
free_bank_train {'step': 18800, 'relative_mse': 0.05492860091616482, 'seconds': 128.16175714693964}
free_bank_train {'step': 18900, 'relative_mse': 0.052595936926973154, 'seconds': 128.82760204793885}
free_bank_train {'step': 19000, 'relative_mse': 0.056632168041430675, 'seconds': 129.49566707597114}
free_bank_train {'step': 19100, 'relative_mse': 0.051068217508399905, 'seconds': 130.1618739408441}
free_bank_train {'step': 19200, 'relative_mse': 0.05008728988765152, 'seconds': 130.82764035696164}
free_bank_train {'step': 19300, 'relative_mse': 0.051697658002739955, 'seconds': 131.4945046978537}
free_bank_train {'step': 19400, 'relative_mse': 0.04658862906570259, 'seconds': 132.1606292068027}
free_bank_train {'step': 19500, 'relative_mse': 0.05590960564926083, 'seconds': 132.82695551379584}
free_bank_train {'step': 19600, 'relative_mse': 0.05705975855659204, 'seconds': 133.49375376291573}
free_bank_train {'step': 19700, 'relative_mse': 0.05153273315485586, 'seconds': 134.15449932101183}
free_bank_train {'step': 19800, 'relative_mse': 0.051967120340750406, 'seconds': 134.814457841916}
free_bank_train {'step': 19900, 'relative_mse': 0.05250760498628265, 'seconds': 135.47527298284695}
free_bank_train {'step': 20000, 'relative_mse': 0.050581423359837174, 'seconds': 136.13786910288036}
free_bank_train {'step': 20100, 'relative_mse': 0.05542266440585958, 'seconds': 137.112751431996}
free_bank_train {'step': 20200, 'relative_mse': 0.047656814119852786, 'seconds': 137.75650754687376}
free_bank_train {'step': 20300, 'relative_mse': 0.049520995543637425, 'seconds': 138.41816723695956}
free_bank_train {'step': 20400, 'relative_mse': 0.04707251258665338, 'seconds': 139.07708899793215}
free_bank_train {'step': 20500, 'relative_mse': 0.05012453598169673, 'seconds': 139.7355500999838}
free_bank_train {'step': 20600, 'relative_mse': 0.04767186217106459, 'seconds': 140.39343376201577}
free_bank_train {'step': 20700, 'relative_mse': 0.04615143430056311, 'seconds': 141.04968288890086}
free_bank_train {'step': 20800, 'relative_mse': 0.055619495733933134, 'seconds': 141.70734119787812}
free_bank_train {'step': 20900, 'relative_mse': 0.05596713672015173, 'seconds': 142.36475350288674}
free_bank_train {'step': 21000, 'relative_mse': 0.04768248237911149, 'seconds': 143.02302115689963}
free_bank_train {'step': 21100, 'relative_mse': 0.044248000601927885, 'seconds': 143.68456646986306}
free_bank_train {'step': 21200, 'relative_mse': 0.04995016804674225, 'seconds': 144.34245597501285}
free_bank_train {'step': 21300, 'relative_mse': 0.04677855395089743, 'seconds': 145.00236093788408}
free_bank_train {'step': 21400, 'relative_mse': 0.04891479791805207, 'seconds': 145.66207239683717}
free_bank_train {'step': 21500, 'relative_mse': 0.046303709890808266, 'seconds': 146.3212458898779}
free_bank_train {'step': 21600, 'relative_mse': 0.048283998764174836, 'seconds': 146.98581178789027}
free_bank_train {'step': 21700, 'relative_mse': 0.05785565259561916, 'seconds': 147.6430135348346}
free_bank_train {'step': 21800, 'relative_mse': 0.04581886399492381, 'seconds': 148.3020595079288}
free_bank_train {'step': 21900, 'relative_mse': 0.04264180290612516, 'seconds': 148.97549749584869}
free_bank_train {'step': 22000, 'relative_mse': 0.05324714884724731, 'seconds': 149.64671709295362}
free_bank_train {'step': 22100, 'relative_mse': 0.04538625364263471, 'seconds': 150.32053174101748}
free_bank_train {'step': 22200, 'relative_mse': 0.049877185696598186, 'seconds': 150.99243769980967}
free_bank_train {'step': 22300, 'relative_mse': 0.049499290741366164, 'seconds': 151.66482440684922}
free_bank_train {'step': 22400, 'relative_mse': 0.04897622854035594, 'seconds': 152.3346037887968}
free_bank_train {'step': 22500, 'relative_mse': 0.04464860706402608, 'seconds': 152.99472790793516}
free_bank_train {'step': 22600, 'relative_mse': 0.05271587150748086, 'seconds': 153.65389448194765}
free_bank_train {'step': 22700, 'relative_mse': 0.04706272473634996, 'seconds': 154.31213627196848}
free_bank_train {'step': 22800, 'relative_mse': 0.045818784917971464, 'seconds': 154.97125996393152}
free_bank_train {'step': 22900, 'relative_mse': 0.04895886965312141, 'seconds': 155.63097405899316}
free_bank_train {'step': 23000, 'relative_mse': 0.045512729786872964, 'seconds': 156.29013037285767}
free_bank_train {'step': 23100, 'relative_mse': 0.043487524218381146, 'seconds': 156.9480971088633}
free_bank_train {'step': 23200, 'relative_mse': 0.04218321147253708, 'seconds': 157.60736464802176}
free_bank_train {'step': 23300, 'relative_mse': 0.04180384687923516, 'seconds': 158.2669187739957}
free_bank_train {'step': 23400, 'relative_mse': 0.04884186807587082, 'seconds': 158.92617063596845}
free_bank_train {'step': 23500, 'relative_mse': 0.0459960164773452, 'seconds': 159.58552893181331}
free_bank_train {'step': 23600, 'relative_mse': 0.041789006332491475, 'seconds': 160.2461979438085}
free_bank_train {'step': 23700, 'relative_mse': 0.03793489875104318, 'seconds': 160.9069015509449}
free_bank_train {'step': 23800, 'relative_mse': 0.051186412052514375, 'seconds': 161.56681569782086}
free_bank_train {'step': 23900, 'relative_mse': 0.04608701004349919, 'seconds': 162.22807466285303}
free_bank_train {'step': 24000, 'relative_mse': 0.04725543131806046, 'seconds': 162.90128697780892}
free_bank_train {'step': 24100, 'relative_mse': 0.041497528260933766, 'seconds': 163.57239672192372}
free_bank_train {'step': 24200, 'relative_mse': 0.04623940998915865, 'seconds': 164.24457430792972}
free_bank_train {'step': 24300, 'relative_mse': 0.041621128169279084, 'seconds': 164.9167323198635}
free_bank_train {'step': 24400, 'relative_mse': 0.048108443563649884, 'seconds': 165.5873410818167}
free_bank_train {'step': 24500, 'relative_mse': 0.049269821808202725, 'seconds': 166.2569266948849}
free_bank_train {'step': 24600, 'relative_mse': 0.04257662386937605, 'seconds': 166.9281142950058}
free_bank_train {'step': 24700, 'relative_mse': 0.03891891771787569, 'seconds': 167.595073137898}
free_bank_train {'step': 24800, 'relative_mse': 0.0469273948595193, 'seconds': 168.26092765200883}
free_bank_train {'step': 24900, 'relative_mse': 0.04579002165391223, 'seconds': 168.92592541291378}
free_bank_train {'step': 25000, 'relative_mse': 0.046270861788022644, 'seconds': 169.58579276199453}
free_bank_train {'step': 25100, 'relative_mse': 0.04503244367196495, 'seconds': 170.53387685399503}
free_bank_train {'step': 25200, 'relative_mse': 0.04636817529905808, 'seconds': 171.15777591895312}
free_bank_train {'step': 25300, 'relative_mse': 0.048802140088758106, 'seconds': 171.80201465683058}
free_bank_train {'step': 25400, 'relative_mse': 0.04366305373052791, 'seconds': 172.49172369297594}
free_bank_train {'step': 25500, 'relative_mse': 0.04224833888324593, 'seconds': 173.1921006469056}
free_bank_train {'step': 25600, 'relative_mse': 0.04594358371684313, 'seconds': 173.88251084880903}
free_bank_train {'step': 25700, 'relative_mse': 0.04286656002873355, 'seconds': 174.5483914979268}
free_bank_train {'step': 25800, 'relative_mse': 0.037690402588373875, 'seconds': 175.21508134901524}
free_bank_train {'step': 25900, 'relative_mse': 0.04283352179841411, 'seconds': 175.88193967286497}
free_bank_train {'step': 26000, 'relative_mse': 0.049448981946004895, 'seconds': 176.54846416180953}
free_bank_train {'step': 26100, 'relative_mse': 0.045130120319609425, 'seconds': 177.21477920399047}
free_bank_train {'step': 26200, 'relative_mse': 0.042480161664540564, 'seconds': 177.87997415382415}
free_bank_train {'step': 26300, 'relative_mse': 0.03912478813012308, 'seconds': 178.54944774485193}
free_bank_train {'step': 26400, 'relative_mse': 0.04530256913564297, 'seconds': 179.2110966469627}
free_bank_train {'step': 26500, 'relative_mse': 0.038918967293140073, 'seconds': 179.87202167883515}
free_bank_train {'step': 26600, 'relative_mse': 0.0387491524951481, 'seconds': 180.5319107528776}
free_bank_train {'step': 26700, 'relative_mse': 0.040900753259275446, 'seconds': 181.19292792398483}
free_bank_train {'step': 26800, 'relative_mse': 0.04251977461338317, 'seconds': 181.854733788874}
free_bank_train {'step': 26900, 'relative_mse': 0.05211342310214807, 'seconds': 182.5156846398022}
free_bank_train {'step': 27000, 'relative_mse': 0.045666935163725754, 'seconds': 183.17517675901763}
free_bank_train {'step': 27100, 'relative_mse': 0.04325885297809512, 'seconds': 183.83663862990215}
free_bank_train {'step': 27200, 'relative_mse': 0.04768196005936566, 'seconds': 184.49662664392963}
free_bank_train {'step': 27300, 'relative_mse': 0.04218851108530214, 'seconds': 185.1583856488578}
free_bank_train {'step': 27400, 'relative_mse': 0.04377037445069548, 'seconds': 185.82179087982513}
free_bank_train {'step': 27500, 'relative_mse': 0.04374312001189049, 'seconds': 186.48506244202144}
free_bank_train {'step': 27600, 'relative_mse': 0.048666906731659146, 'seconds': 187.14867626479827}
free_bank_train {'step': 27700, 'relative_mse': 0.043759731032600904, 'seconds': 187.81286730780266}
free_bank_train {'step': 27800, 'relative_mse': 0.03965371239683313, 'seconds': 188.47587947594002}
free_bank_train {'step': 27900, 'relative_mse': 0.037999278743522116, 'seconds': 189.13753899582662}
free_bank_train {'step': 28000, 'relative_mse': 0.040352243686871, 'seconds': 189.79868356883526}
free_bank_train {'step': 28100, 'relative_mse': 0.03718147853424752, 'seconds': 190.46033778879791}
free_bank_train {'step': 28200, 'relative_mse': 0.0374723575906985, 'seconds': 191.1221915818751}
free_bank_train {'step': 28300, 'relative_mse': 0.037372186715240466, 'seconds': 191.78851891099475}
free_bank_train {'step': 28400, 'relative_mse': 0.046092411831299286, 'seconds': 192.44991436880082}
free_bank_train {'step': 28500, 'relative_mse': 0.04122401609023366, 'seconds': 193.11078177997842}
free_bank_train {'step': 28600, 'relative_mse': 0.04744979289597208, 'seconds': 193.77275902498513}
free_bank_train {'step': 28700, 'relative_mse': 0.047800476145683425, 'seconds': 194.4371620058082}
free_bank_train {'step': 28800, 'relative_mse': 0.035880318446859266, 'seconds': 195.09846663591452}
free_bank_train {'step': 28900, 'relative_mse': 0.03722629097965429, 'seconds': 195.76145713194273}
free_bank_train {'step': 29000, 'relative_mse': 0.04131263210067883, 'seconds': 196.4214344988577}
free_bank_train {'step': 29100, 'relative_mse': 0.04256821650761992, 'seconds': 197.08277890481986}
free_bank_train {'step': 29200, 'relative_mse': 0.04047815063878815, 'seconds': 197.74564648186788}
free_bank_train {'step': 29300, 'relative_mse': 0.039713257232827, 'seconds': 198.4084539078176}
free_bank_train {'step': 29400, 'relative_mse': 0.0400396177384499, 'seconds': 199.069940446876}
free_bank_train {'step': 29500, 'relative_mse': 0.03877083456983128, 'seconds': 199.73151116096415}
free_bank_train {'step': 29600, 'relative_mse': 0.04472443996020205, 'seconds': 200.39538261201233}
free_bank_train {'step': 29700, 'relative_mse': 0.04506514658421749, 'seconds': 201.05682023684494}
free_bank_train {'step': 29800, 'relative_mse': 0.042905780465066226, 'seconds': 201.72155107185245}
free_bank_train {'step': 29900, 'relative_mse': 0.04139518960977008, 'seconds': 202.37946111685596}
free_bank_train {'step': 30000, 'relative_mse': 0.0412644664933059, 'seconds': 203.0432928148657}
free_bank_train {'step': 30100, 'relative_mse': 0.038732549559205534, 'seconds': 203.99294224893674}
free_bank_train {'step': 30200, 'relative_mse': 0.04568505884380146, 'seconds': 204.6314714299515}
free_bank_train {'step': 30300, 'relative_mse': 0.04166317776955049, 'seconds': 205.3030477790162}
free_bank_train {'step': 30400, 'relative_mse': 0.03908776640290574, 'seconds': 205.98065966996364}
free_bank_train {'step': 30500, 'relative_mse': 0.04262503686061744, 'seconds': 206.6553478629794}
free_bank_train {'step': 30600, 'relative_mse': 0.038561899629181925, 'seconds': 207.33212575595826}
free_bank_train {'step': 30700, 'relative_mse': 0.037896328628649216, 'seconds': 208.00410919100977}
free_bank_train {'step': 30800, 'relative_mse': 0.037907780468830254, 'seconds': 208.670948427869}
free_bank_train {'step': 30900, 'relative_mse': 0.04238883725909757, 'seconds': 209.33216529898345}
free_bank_train {'step': 31000, 'relative_mse': 0.044280597869027334, 'seconds': 209.99472097982652}
free_bank_train {'step': 31100, 'relative_mse': 0.03493463699620246, 'seconds': 210.65725966589525}
free_bank_train {'step': 31200, 'relative_mse': 0.040072280592974435, 'seconds': 211.3199973530136}
free_bank_train {'step': 31300, 'relative_mse': 0.03757405462403136, 'seconds': 211.98577827191912}
free_bank_train {'step': 31400, 'relative_mse': 0.037813691672654415, 'seconds': 212.65140402899124}
free_bank_train {'step': 31500, 'relative_mse': 0.036543799710883784, 'seconds': 213.31612478382885}
free_bank_train {'step': 31600, 'relative_mse': 0.03950564580388208, 'seconds': 213.98074046894908}
free_bank_train {'step': 31700, 'relative_mse': 0.03547957695826911, 'seconds': 214.644355264958}
free_bank_train {'step': 31800, 'relative_mse': 0.03693396379404204, 'seconds': 215.30755321588367}
free_bank_train {'step': 31900, 'relative_mse': 0.032332285262953855, 'seconds': 215.97321687289514}
free_bank_train {'step': 32000, 'relative_mse': 0.036958060560558226, 'seconds': 216.63779538986273}
free_bank_train {'step': 32100, 'relative_mse': 0.04066410666037473, 'seconds': 217.30218924884684}
free_bank_train {'step': 32200, 'relative_mse': 0.03665780976078166, 'seconds': 217.96624762681313}
free_bank_train {'step': 32300, 'relative_mse': 0.0374656341242558, 'seconds': 218.63159040082246}
free_bank_train {'step': 32400, 'relative_mse': 0.037156846135817045, 'seconds': 219.29615664295852}
free_bank_train {'step': 32500, 'relative_mse': 0.04662705405360963, 'seconds': 219.96058321394958}
free_bank_train {'step': 32600, 'relative_mse': 0.041437519143687054, 'seconds': 220.62500300002284}
free_bank_train {'step': 32700, 'relative_mse': 0.043629584942921774, 'seconds': 221.29107703780755}
free_bank_train {'step': 32800, 'relative_mse': 0.04003816256201223, 'seconds': 221.95511355879717}
free_bank_train {'step': 32900, 'relative_mse': 0.03958500544550879, 'seconds': 222.619540625019}
free_bank_train {'step': 33000, 'relative_mse': 0.03617315416054828, 'seconds': 223.2836637638975}
free_bank_train {'step': 33100, 'relative_mse': 0.03505032308031637, 'seconds': 223.9481607109774}
free_bank_train {'step': 33200, 'relative_mse': 0.038882264766484854, 'seconds': 224.6106602589134}
free_bank_train {'step': 33300, 'relative_mse': 0.04018893357587197, 'seconds': 225.27475102990866}
free_bank_train {'step': 33400, 'relative_mse': 0.045160679073962, 'seconds': 225.93298935890198}
free_bank_train {'step': 33500, 'relative_mse': 0.03418839537820461, 'seconds': 226.59148318180814}
free_bank_train {'step': 33600, 'relative_mse': 0.038063706667860055, 'seconds': 227.24750860384665}
free_bank_train {'step': 33700, 'relative_mse': 0.0358315299631401, 'seconds': 227.90634148800746}
free_bank_train {'step': 33800, 'relative_mse': 0.03724395886290961, 'seconds': 228.58025566791184}
free_bank_train {'step': 33900, 'relative_mse': 0.03428897804920865, 'seconds': 229.2533284840174}
free_bank_train {'step': 34000, 'relative_mse': 0.036242662567776085, 'seconds': 229.92568516498432}
free_bank_train {'step': 34100, 'relative_mse': 0.03281286290541711, 'seconds': 230.59829331096262}
free_bank_train {'step': 34200, 'relative_mse': 0.036213419733811494, 'seconds': 231.26634908490814}
free_bank_train {'step': 34300, 'relative_mse': 0.041714676436944764, 'seconds': 231.93386238091625}
free_bank_train {'step': 34400, 'relative_mse': 0.03756971588161909, 'seconds': 232.60009180079214}
free_bank_train {'step': 34500, 'relative_mse': 0.035004676066451156, 'seconds': 233.26600251183845}
free_bank_train {'step': 34600, 'relative_mse': 0.035563688855813805, 'seconds': 233.93097821390256}
free_bank_train {'step': 34700, 'relative_mse': 0.03648846920179645, 'seconds': 234.59810693887994}
free_bank_train {'step': 34800, 'relative_mse': 0.03725521793490692, 'seconds': 235.26497421995737}
free_bank_train {'step': 34900, 'relative_mse': 0.033702813785244194, 'seconds': 235.93414960685186}
free_bank_train {'step': 35000, 'relative_mse': 0.036493734645330525, 'seconds': 236.6015258769039}
free_bank_train {'step': 35100, 'relative_mse': 0.037213402642504174, 'seconds': 237.5407444150187}
free_bank_train {'step': 35200, 'relative_mse': 0.030816387384358233, 'seconds': 238.16688396595418}
free_bank_train {'step': 35300, 'relative_mse': 0.039538147050878866, 'seconds': 238.8354089499917}
free_bank_train {'step': 35400, 'relative_mse': 0.035944053909743014, 'seconds': 239.52251537400298}
free_bank_train {'step': 35500, 'relative_mse': 0.03556636612553359, 'seconds': 240.208789432887}
free_bank_train {'step': 35600, 'relative_mse': 0.03485446701988459, 'seconds': 240.88366431486793}
free_bank_train {'step': 35700, 'relative_mse': 0.03704856039826551, 'seconds': 241.55301995482296}
free_bank_train {'step': 35800, 'relative_mse': 0.03685636562304548, 'seconds': 242.22412752686068}
free_bank_train {'step': 35900, 'relative_mse': 0.0346493318521265, 'seconds': 242.8925079468172}
free_bank_train {'step': 36000, 'relative_mse': 0.03266282822785242, 'seconds': 243.55029635992832}
free_bank_train {'step': 36100, 'relative_mse': 0.03464106363909994, 'seconds': 244.20868039992638}
free_bank_train {'step': 36200, 'relative_mse': 0.037724162357682556, 'seconds': 244.86447349283844}
free_bank_train {'step': 36300, 'relative_mse': 0.03612563441123866, 'seconds': 245.52454036590643}
free_bank_train {'step': 36400, 'relative_mse': 0.030825606147457205, 'seconds': 246.1842398168519}
free_bank_train {'step': 36500, 'relative_mse': 0.03512217333153884, 'seconds': 246.843018919928}
free_bank_train {'step': 36600, 'relative_mse': 0.038601035039027703, 'seconds': 247.50221048900858}
free_bank_train {'step': 36700, 'relative_mse': 0.036237968310623106, 'seconds': 248.16962580685504}
free_bank_train {'step': 36800, 'relative_mse': 0.0326737997702548, 'seconds': 248.83695967984386}
free_bank_train {'step': 36900, 'relative_mse': 0.033425346281666504, 'seconds': 249.503101676004}
free_bank_train {'step': 37000, 'relative_mse': 0.03174104671178578, 'seconds': 250.1725991310086}
free_bank_train {'step': 37100, 'relative_mse': 0.03543138951987169, 'seconds': 250.83912728284486}
free_bank_train {'step': 37200, 'relative_mse': 0.03468736885229714, 'seconds': 251.50666321790777}
free_bank_train {'step': 37300, 'relative_mse': 0.035799657774428874, 'seconds': 252.17423938401043}
free_bank_train {'step': 37400, 'relative_mse': 0.030279895975413536, 'seconds': 252.8411620038096}
free_bank_train {'step': 37500, 'relative_mse': 0.035450077617584994, 'seconds': 253.50718787801452}
free_bank_train {'step': 37600, 'relative_mse': 0.03399640918372546, 'seconds': 254.17562895989977}
free_bank_train {'step': 37700, 'relative_mse': 0.03366441242351166, 'seconds': 254.8408543849364}
free_bank_train {'step': 37800, 'relative_mse': 0.03594371107427915, 'seconds': 255.50711725791916}
free_bank_train {'step': 37900, 'relative_mse': 0.03545867864708136, 'seconds': 256.1729106910061}
free_bank_train {'step': 38000, 'relative_mse': 0.03510043461243399, 'seconds': 256.84021049179137}
free_bank_train {'step': 38100, 'relative_mse': 0.03468482063072685, 'seconds': 257.5082453528885}
free_bank_train {'step': 38200, 'relative_mse': 0.03184919292780913, 'seconds': 258.1765924647916}
free_bank_train {'step': 38300, 'relative_mse': 0.03406481944126536, 'seconds': 258.8434115508571}
free_bank_train {'step': 38400, 'relative_mse': 0.03644445661545126, 'seconds': 259.5033116568811}
free_bank_train {'step': 38500, 'relative_mse': 0.033471015193898807, 'seconds': 260.16311756381765}
free_bank_train {'step': 38600, 'relative_mse': 0.03593177701653827, 'seconds': 260.82514553982764}
free_bank_train {'step': 38700, 'relative_mse': 0.03778586286512289, 'seconds': 261.48629260179587}
free_bank_train {'step': 38800, 'relative_mse': 0.03601990262382291, 'seconds': 262.14776704087853}
free_bank_train {'step': 38900, 'relative_mse': 0.033547412434476155, 'seconds': 262.8067950468976}
free_bank_train {'step': 39000, 'relative_mse': 0.03392315040513381, 'seconds': 263.4678676438052}
free_bank_train {'step': 39100, 'relative_mse': 0.033342780617321, 'seconds': 264.1297476859763}
free_bank_train {'step': 39200, 'relative_mse': 0.03683988839176323, 'seconds': 264.7906212399248}
free_bank_train {'step': 39300, 'relative_mse': 0.03903858542760191, 'seconds': 265.45137068489566}
free_bank_train {'step': 39400, 'relative_mse': 0.03837920373301497, 'seconds': 266.11327157891355}
free_bank_train {'step': 39500, 'relative_mse': 0.03562485774324453, 'seconds': 266.77511716098525}
free_bank_train {'step': 39600, 'relative_mse': 0.036601080913949674, 'seconds': 267.43504686583765}
free_bank_train {'step': 39700, 'relative_mse': 0.0361780059543668, 'seconds': 268.0975099860225}
free_bank_train {'step': 39800, 'relative_mse': 0.03240898714108521, 'seconds': 268.75976889999583}
free_bank_train {'step': 39900, 'relative_mse': 0.03398324006553236, 'seconds': 269.4250771848019}
free_bank_train {'step': 40000, 'relative_mse': 0.03159170022579036, 'seconds': 270.0922737279907}
free_bank_train {'step': 40100, 'relative_mse': 0.03598581368891005, 'seconds': 271.10748491086997}
free_bank_train {'step': 40200, 'relative_mse': 0.03273563739277516, 'seconds': 271.73762227990665}
free_bank_train {'step': 40300, 'relative_mse': 0.03366932868059971, 'seconds': 272.4108745160047}
free_bank_train {'step': 40400, 'relative_mse': 0.03495030503470514, 'seconds': 273.0906742338557}
free_bank_train {'step': 40500, 'relative_mse': 0.03640253332157057, 'seconds': 273.7761790158693}
free_bank_train {'step': 40600, 'relative_mse': 0.03303276837975716, 'seconds': 274.4519862649031}
free_bank_train {'step': 40700, 'relative_mse': 0.03629553414929945, 'seconds': 275.12107936898246}
free_bank_train {'step': 40800, 'relative_mse': 0.030141483678857817, 'seconds': 275.7976251358632}
free_bank_train {'step': 40900, 'relative_mse': 0.039048613183625576, 'seconds': 276.46530630486086}
free_bank_train {'step': 41000, 'relative_mse': 0.03166571316694036, 'seconds': 277.1327440380119}
free_bank_train {'step': 41100, 'relative_mse': 0.034662341384452795, 'seconds': 277.8002987578511}
free_bank_train {'step': 41200, 'relative_mse': 0.03250779718408903, 'seconds': 278.46803029696457}
free_bank_train {'step': 41300, 'relative_mse': 0.034490297408775836, 'seconds': 279.14020445290953}
free_bank_train {'step': 41400, 'relative_mse': 0.029793161032509917, 'seconds': 279.80707096587867}
free_bank_train {'step': 41500, 'relative_mse': 0.03493726277858853, 'seconds': 280.4739666618407}
free_bank_train {'step': 41600, 'relative_mse': 0.03420136557000101, 'seconds': 281.14185030781664}
free_bank_train {'step': 41700, 'relative_mse': 0.034232120594890364, 'seconds': 281.8087899228558}
free_bank_train {'step': 41800, 'relative_mse': 0.03220083867822822, 'seconds': 282.47593689896166}
free_bank_train {'step': 41900, 'relative_mse': 0.031191357804181835, 'seconds': 283.15098420879804}
free_bank_train {'step': 42000, 'relative_mse': 0.03513755244802784, 'seconds': 283.8195814448409}
free_bank_train {'step': 42100, 'relative_mse': 0.03383492107230582, 'seconds': 284.4845508779399}
free_bank_train {'step': 42200, 'relative_mse': 0.033545254689671886, 'seconds': 285.1472538989037}
free_bank_train {'step': 42300, 'relative_mse': 0.033308308560691044, 'seconds': 285.81076613697223}
free_bank_train {'step': 42400, 'relative_mse': 0.03648547200513508, 'seconds': 286.4732560249977}
free_bank_train {'step': 42500, 'relative_mse': 0.03284308578256215, 'seconds': 287.1354729998857}
free_bank_train {'step': 42600, 'relative_mse': 0.03379614572839018, 'seconds': 287.7973641299177}
free_bank_train {'step': 42700, 'relative_mse': 0.0344956421515812, 'seconds': 288.46009339089505}
free_bank_train {'step': 42800, 'relative_mse': 0.03582550359348123, 'seconds': 289.1219867398031}
free_bank_train {'step': 42900, 'relative_mse': 0.03321113053137487, 'seconds': 289.785239944933}
free_bank_train {'step': 43000, 'relative_mse': 0.03124001513250359, 'seconds': 290.44772316585295}
free_bank_train {'step': 43100, 'relative_mse': 0.03454111084907059, 'seconds': 291.1119907118846}
free_bank_train {'step': 43200, 'relative_mse': 0.03165235520101584, 'seconds': 291.77488175895996}
free_bank_train {'step': 43300, 'relative_mse': 0.03449068284824709, 'seconds': 292.4369112330023}
free_bank_train {'step': 43400, 'relative_mse': 0.029679142649401125, 'seconds': 293.09875776199624}
free_bank_train {'step': 43500, 'relative_mse': 0.028982080898458336, 'seconds': 293.7615783459041}
free_bank_train {'step': 43600, 'relative_mse': 0.030836801464355725, 'seconds': 294.4253671099432}
free_bank_train {'step': 43700, 'relative_mse': 0.03092093937631106, 'seconds': 295.0968963520136}
free_bank_train {'step': 43800, 'relative_mse': 0.03279091297445065, 'seconds': 295.75933336187154}
free_bank_train {'step': 43900, 'relative_mse': 0.03366071245960655, 'seconds': 296.4412894069683}
free_bank_train {'step': 44000, 'relative_mse': 0.03348275242403173, 'seconds': 297.1032263559755}
free_bank_train {'step': 44100, 'relative_mse': 0.0316385587922995, 'seconds': 297.76753911888227}
free_bank_train {'step': 44200, 'relative_mse': 0.0318522885009638, 'seconds': 298.4303620290011}
free_bank_train {'step': 44300, 'relative_mse': 0.03272135444703328, 'seconds': 299.0957995678764}
free_bank_train {'step': 44400, 'relative_mse': 0.03452353337006274, 'seconds': 299.7579814319033}
free_bank_train {'step': 44500, 'relative_mse': 0.03320429211205362, 'seconds': 300.42274301382713}
free_bank_train {'step': 44600, 'relative_mse': 0.03228596777085856, 'seconds': 301.08036286593415}
free_bank_train {'step': 44700, 'relative_mse': 0.028135719591369547, 'seconds': 301.73851043800823}
free_bank_train {'step': 44800, 'relative_mse': 0.030604244295234895, 'seconds': 302.3980354568921}
free_bank_train {'step': 44900, 'relative_mse': 0.029105763833570872, 'seconds': 303.072317403974}
free_bank_train {'step': 45000, 'relative_mse': 0.031605923227272376, 'seconds': 303.7451207879931}
free_bank_train {'step': 45100, 'relative_mse': 0.030028180979118385, 'seconds': 304.6850506349001}
free_bank_train {'step': 45200, 'relative_mse': 0.0328967467863049, 'seconds': 305.3225906258449}
free_bank_train {'step': 45300, 'relative_mse': 0.030446707228158572, 'seconds': 305.99634089297615}
free_bank_train {'step': 45400, 'relative_mse': 0.030054055604764165, 'seconds': 306.67415662598796}
free_bank_train {'step': 45500, 'relative_mse': 0.02942217881107447, 'seconds': 307.3510560300201}
free_bank_train {'step': 45600, 'relative_mse': 0.03556905895109042, 'seconds': 308.02290022489615}
free_bank_train {'step': 45700, 'relative_mse': 0.031769117654193664, 'seconds': 308.68695085379295}
free_bank_train {'step': 45800, 'relative_mse': 0.03338803971846717, 'seconds': 309.35237357998267}
free_bank_train {'step': 45900, 'relative_mse': 0.02984689511839156, 'seconds': 310.02005574991927}
free_bank_train {'step': 46000, 'relative_mse': 0.032171918106427125, 'seconds': 310.686445311876}
free_bank_train {'step': 46100, 'relative_mse': 0.03262540764808781, 'seconds': 311.35288293100893}
free_bank_train {'step': 46200, 'relative_mse': 0.03014815148481828, 'seconds': 312.01784707792103}
free_bank_train {'step': 46300, 'relative_mse': 0.033386618374128166, 'seconds': 312.6841749288142}
free_bank_train {'step': 46400, 'relative_mse': 0.03042865221561839, 'seconds': 313.35256123682484}
free_bank_train {'step': 46500, 'relative_mse': 0.03465995580931518, 'seconds': 314.0177305259276}
free_bank_train {'step': 46600, 'relative_mse': 0.03051743643247028, 'seconds': 314.6829667768907}
free_bank_train {'step': 46700, 'relative_mse': 0.030806886858813935, 'seconds': 315.3490918499883}
free_bank_train {'step': 46800, 'relative_mse': 0.03511191739922485, 'seconds': 316.0155493367929}
free_bank_train {'step': 46900, 'relative_mse': 0.02660582820074352, 'seconds': 316.681693514809}
free_bank_train {'step': 47000, 'relative_mse': 0.032672246410239685, 'seconds': 317.3484033988789}
free_bank_train {'step': 47100, 'relative_mse': 0.03538353580897151, 'seconds': 318.0131609130185}
free_bank_train {'step': 47200, 'relative_mse': 0.03217168571257268, 'seconds': 318.67936809780076}
free_bank_train {'step': 47300, 'relative_mse': 0.029259866689431653, 'seconds': 319.344510093797}
free_bank_train {'step': 47400, 'relative_mse': 0.03219672939021761, 'seconds': 320.0090947628487}
free_bank_train {'step': 47500, 'relative_mse': 0.027535375237726235, 'seconds': 320.67336875083856}
free_bank_train {'step': 47600, 'relative_mse': 0.028580305748166935, 'seconds': 321.3378923779819}
free_bank_train {'step': 47700, 'relative_mse': 0.0264204181938668, 'seconds': 322.0030975358095}
free_bank_train {'step': 47800, 'relative_mse': 0.028875097463275136, 'seconds': 322.6691911108792}
free_bank_train {'step': 47900, 'relative_mse': 0.03272606595132925, 'seconds': 323.33537062979303}
free_bank_train {'step': 48000, 'relative_mse': 0.02754978879039307, 'seconds': 324.0007274670061}
free_bank_train {'step': 48100, 'relative_mse': 0.03126356470581632, 'seconds': 324.6688963288907}
free_bank_train {'step': 48200, 'relative_mse': 0.02864116904787938, 'seconds': 325.3355336089153}
free_bank_train {'step': 48300, 'relative_mse': 0.027510133818344815, 'seconds': 326.0013627097942}
free_bank_train {'step': 48400, 'relative_mse': 0.03071906216907034, 'seconds': 326.6639271688182}
free_bank_train {'step': 48500, 'relative_mse': 0.028900810999980264, 'seconds': 327.3246186119504}
free_bank_train {'step': 48600, 'relative_mse': 0.029273447369451873, 'seconds': 327.98308827891015}
free_bank_train {'step': 48700, 'relative_mse': 0.02964414878052149, 'seconds': 328.64375226781704}
free_bank_train {'step': 48800, 'relative_mse': 0.031074704192026216, 'seconds': 329.30294792796485}
free_bank_train {'step': 48900, 'relative_mse': 0.028547795690888007, 'seconds': 329.9626271009911}
free_bank_train {'step': 49000, 'relative_mse': 0.02895318476854354, 'seconds': 330.6247532828711}
free_bank_train {'step': 49100, 'relative_mse': 0.032335707407668515, 'seconds': 331.2845352028962}
free_bank_train {'step': 49200, 'relative_mse': 0.03088224733690209, 'seconds': 331.9487531508785}
free_bank_train {'step': 49300, 'relative_mse': 0.028789667227530354, 'seconds': 332.61476254090667}
free_bank_train {'step': 49400, 'relative_mse': 0.029861509216138372, 'seconds': 333.28024721099064}
free_bank_train {'step': 49500, 'relative_mse': 0.030133938413841797, 'seconds': 333.94620000594296}
free_bank_train {'step': 49600, 'relative_mse': 0.03198429027779857, 'seconds': 334.611358881928}
free_bank_train {'step': 49700, 'relative_mse': 0.027435593267777676, 'seconds': 335.2769457187969}
free_bank_train {'step': 49800, 'relative_mse': 0.030183325557132767, 'seconds': 335.9402399449609}
free_bank_train {'step': 49900, 'relative_mse': 0.02882191987596209, 'seconds': 336.606439730851}
free_bank_train {'step': 50000, 'relative_mse': 0.026729480108953638, 'seconds': 337.2735895640217}
free_bank_train {'step': 50100, 'relative_mse': 0.026856018347563952, 'seconds': 338.2192123248242}
free_bank_train {'step': 50200, 'relative_mse': 0.028325188567928334, 'seconds': 338.8547992899548}
free_bank_train {'step': 50300, 'relative_mse': 0.030857957329404648, 'seconds': 339.53400729992427}
free_bank_train {'step': 50400, 'relative_mse': 0.030368420824082438, 'seconds': 340.2245939769782}
free_bank_train {'step': 50500, 'relative_mse': 0.02804509904195996, 'seconds': 340.90815896890126}
free_bank_train {'step': 50600, 'relative_mse': 0.028163706026512886, 'seconds': 341.58115413296036}
free_bank_train {'step': 50700, 'relative_mse': 0.025030349414860476, 'seconds': 342.2492177810054}
free_bank_train {'step': 50800, 'relative_mse': 0.02610147211820334, 'seconds': 342.91462268983014}
free_bank_train {'step': 50900, 'relative_mse': 0.029747774510054312, 'seconds': 343.58273059199564}
free_bank_train {'step': 51000, 'relative_mse': 0.027440309968052527, 'seconds': 344.24996864493005}
free_bank_train {'step': 51100, 'relative_mse': 0.025977237828652293, 'seconds': 344.9124859308358}
free_bank_train {'step': 51200, 'relative_mse': 0.027316601766216253, 'seconds': 345.57160252984613}
free_bank_train {'step': 51300, 'relative_mse': 0.024484426351838496, 'seconds': 346.23222719482146}
free_bank_train {'step': 51400, 'relative_mse': 0.027167298755895776, 'seconds': 346.89294474292547}
free_bank_train {'step': 51500, 'relative_mse': 0.032856951586453964, 'seconds': 347.55355077888817}
free_bank_train {'step': 51600, 'relative_mse': 0.029193418173974268, 'seconds': 348.2150944049936}
free_bank_train {'step': 51700, 'relative_mse': 0.029279151127869614, 'seconds': 348.8763806358911}
free_bank_train {'step': 51800, 'relative_mse': 0.028426568978842597, 'seconds': 349.5365000918973}
free_bank_train {'step': 51900, 'relative_mse': 0.02699069171805138, 'seconds': 350.1990607478656}
free_bank_train {'step': 52000, 'relative_mse': 0.03251007734471077, 'seconds': 350.8661550998222}
free_bank_train {'step': 52100, 'relative_mse': 0.029074047818545685, 'seconds': 351.5341604859568}
free_bank_train {'step': 52200, 'relative_mse': 0.027513043649360254, 'seconds': 352.2020714429673}
free_bank_train {'step': 52300, 'relative_mse': 0.029937672705770402, 'seconds': 352.87042890884914}
free_bank_train {'step': 52400, 'relative_mse': 0.02689971651784985, 'seconds': 353.53087946982123}
free_bank_train {'step': 52500, 'relative_mse': 0.024580497806025503, 'seconds': 354.19160174997523}
free_bank_train {'step': 52600, 'relative_mse': 0.026410048701740865, 'seconds': 354.8536287448369}
free_bank_train {'step': 52700, 'relative_mse': 0.02739371110236053, 'seconds': 355.51626103487797}
free_bank_train {'step': 52800, 'relative_mse': 0.029227563330969437, 'seconds': 356.1774750519544}
free_bank_train {'step': 52900, 'relative_mse': 0.02717882919261046, 'seconds': 356.84024813282304}
free_bank_train {'step': 53000, 'relative_mse': 0.026225306170865076, 'seconds': 357.5119001949206}
free_bank_train {'step': 53100, 'relative_mse': 0.029491504375144823, 'seconds': 358.1890938919969}
free_bank_train {'step': 53200, 'relative_mse': 0.031014391060074822, 'seconds': 358.862421088852}
free_bank_train {'step': 53300, 'relative_mse': 0.026052660476285884, 'seconds': 359.5379693468567}
free_bank_train {'step': 53400, 'relative_mse': 0.027673724630919543, 'seconds': 360.2106851218268}
free_bank_train {'step': 53500, 'relative_mse': 0.028972096687348643, 'seconds': 360.87747082998976}
free_bank_train {'step': 53600, 'relative_mse': 0.028821076629466095, 'seconds': 361.5465590809472}
free_bank_train {'step': 53700, 'relative_mse': 0.028858887996134036, 'seconds': 362.2123651828151}
free_bank_train {'step': 53800, 'relative_mse': 0.026298573746835575, 'seconds': 362.87927813082933}
free_bank_train {'step': 53900, 'relative_mse': 0.03191655002924226, 'seconds': 363.5410499807913}
free_bank_train {'step': 54000, 'relative_mse': 0.025788970942998857, 'seconds': 364.2019651050214}
free_bank_train {'step': 54100, 'relative_mse': 0.025675009916811105, 'seconds': 364.86464248993434}
free_bank_train {'step': 54200, 'relative_mse': 0.025851008750052452, 'seconds': 365.52443742891774}
free_bank_train {'step': 54300, 'relative_mse': 0.027997753998125825, 'seconds': 366.18711060401984}
free_bank_train {'step': 54400, 'relative_mse': 0.02747672512672352, 'seconds': 366.85036719497293}
free_bank_train {'step': 54500, 'relative_mse': 0.024875165469607958, 'seconds': 367.50944431801327}
free_bank_train {'step': 54600, 'relative_mse': 0.02304685302867357, 'seconds': 368.1705861699302}
free_bank_train {'step': 54700, 'relative_mse': 0.02712542550901741, 'seconds': 368.8321294649504}
free_bank_train {'step': 54800, 'relative_mse': 0.028975742866443933, 'seconds': 369.49301482597366}
free_bank_train {'step': 54900, 'relative_mse': 0.027754253846083793, 'seconds': 370.1538257878274}
free_bank_train {'step': 55000, 'relative_mse': 0.029351564623279036, 'seconds': 370.81473006494343}
free_bank_train {'step': 55100, 'relative_mse': 0.025148713277209515, 'seconds': 371.73429353092797}
free_bank_train {'step': 55200, 'relative_mse': 0.026189637958359508, 'seconds': 372.38309820299037}
free_bank_train {'step': 55300, 'relative_mse': 0.02353167845647099, 'seconds': 373.06562705594115}
free_bank_train {'step': 55400, 'relative_mse': 0.020972085068280487, 'seconds': 373.74968973500654}
free_bank_train {'step': 55500, 'relative_mse': 0.0239382072340412, 'seconds': 374.42711850395426}
free_bank_train {'step': 55600, 'relative_mse': 0.02833265178059398, 'seconds': 375.10046997480094}
free_bank_train {'step': 55700, 'relative_mse': 0.028218211845080988, 'seconds': 375.7681804089807}
free_bank_train {'step': 55800, 'relative_mse': 0.028006491570734822, 'seconds': 376.4323542858474}
free_bank_train {'step': 55900, 'relative_mse': 0.02836324987760218, 'seconds': 377.09868640382774}
free_bank_train {'step': 56000, 'relative_mse': 0.0285751656920575, 'seconds': 377.76232690992765}
free_bank_train {'step': 56100, 'relative_mse': 0.023732498751629395, 'seconds': 378.4272964298725}
free_bank_train {'step': 56200, 'relative_mse': 0.027024153129114842, 'seconds': 379.0938468098175}
free_bank_train {'step': 56300, 'relative_mse': 0.025733758971131136, 'seconds': 379.75839808699675}
free_bank_train {'step': 56400, 'relative_mse': 0.026163143615478862, 'seconds': 380.4238050149288}
free_bank_train {'step': 56500, 'relative_mse': 0.02550143856596656, 'seconds': 381.08678779099137}
free_bank_train {'step': 56600, 'relative_mse': 0.02328492086251671, 'seconds': 381.75316129787825}
free_bank_train {'step': 56700, 'relative_mse': 0.02728389213954259, 'seconds': 382.41906297998503}
free_bank_train {'step': 56800, 'relative_mse': 0.026720011233022815, 'seconds': 383.08500147401355}
free_bank_train {'step': 56900, 'relative_mse': 0.026713144440500547, 'seconds': 383.750440568896}
free_bank_train {'step': 57000, 'relative_mse': 0.02987963011936618, 'seconds': 384.415613170946}
free_bank_train {'step': 57100, 'relative_mse': 0.02480419240332842, 'seconds': 385.0806057858281}
free_bank_train {'step': 57200, 'relative_mse': 0.0237870549308354, 'seconds': 385.74350093188696}
free_bank_train {'step': 57300, 'relative_mse': 0.02412267048156986, 'seconds': 386.4056321398821}
free_bank_train {'step': 57400, 'relative_mse': 0.027742888098745457, 'seconds': 387.07119441288523}
free_bank_train {'step': 57500, 'relative_mse': 0.024447695055672625, 'seconds': 387.73122205981053}
free_bank_train {'step': 57600, 'relative_mse': 0.025002584055419375, 'seconds': 388.39229425997473}
free_bank_train {'step': 57700, 'relative_mse': 0.025155768247674605, 'seconds': 389.0526678368915}
free_bank_train {'step': 57800, 'relative_mse': 0.02327415944622701, 'seconds': 389.71274785581045}
free_bank_train {'step': 57900, 'relative_mse': 0.026749288340601148, 'seconds': 390.3724645958282}
free_bank_train {'step': 58000, 'relative_mse': 0.023275886972779176, 'seconds': 391.03350737295114}
free_bank_train {'step': 58100, 'relative_mse': 0.025458744680160822, 'seconds': 391.6947928078007}
free_bank_train {'step': 58200, 'relative_mse': 0.027058863769471836, 'seconds': 392.3546121548861}
free_bank_train {'step': 58300, 'relative_mse': 0.027722627212395302, 'seconds': 393.0142135168426}
free_bank_train {'step': 58400, 'relative_mse': 0.02626193628244132, 'seconds': 393.67497945996}
free_bank_train {'step': 58500, 'relative_mse': 0.023608291101818016, 'seconds': 394.34978424501605}
free_bank_train {'step': 58600, 'relative_mse': 0.02633592103118421, 'seconds': 395.0251613690052}
free_bank_train {'step': 58700, 'relative_mse': 0.024811614726053394, 'seconds': 395.7012299648486}
free_bank_train {'step': 58800, 'relative_mse': 0.02662884023880673, 'seconds': 396.37593504088}
free_bank_train {'step': 58900, 'relative_mse': 0.02893502114352866, 'seconds': 397.04994245199487}
free_bank_train {'step': 59000, 'relative_mse': 0.025745948670277546, 'seconds': 397.72243126295507}
free_bank_train {'step': 59100, 'relative_mse': 0.02620867311709698, 'seconds': 398.38326875679195}
free_bank_train {'step': 59200, 'relative_mse': 0.025101770760070797, 'seconds': 399.0439956628252}
free_bank_train {'step': 59300, 'relative_mse': 0.02254654613276219, 'seconds': 399.70429897797294}
free_bank_train {'step': 59400, 'relative_mse': 0.024697821798365275, 'seconds': 400.365282635903}
free_bank_train {'step': 59500, 'relative_mse': 0.024945085723410393, 'seconds': 401.0258051119745}
free_bank_train {'step': 59600, 'relative_mse': 0.026390797440296366, 'seconds': 401.6856406338047}
free_bank_train {'step': 59700, 'relative_mse': 0.024590153295264185, 'seconds': 402.34839523700066}
free_bank_train {'step': 59800, 'relative_mse': 0.027519271693413665, 'seconds': 403.00975400791503}
free_bank_train {'step': 59900, 'relative_mse': 0.026432053404269868, 'seconds': 403.66994183394127}
free_bank_train {'step': 60000, 'relative_mse': 0.02647137784386218, 'seconds': 404.3371191949118}
free_bank_train {'step': 60100, 'relative_mse': 0.021501618258821048, 'seconds': 405.299335032003}
free_bank_train {'step': 60200, 'relative_mse': 0.025675349981990593, 'seconds': 406.08795757289045}
free_bank_train {'step': 60300, 'relative_mse': 0.027801984471303193, 'seconds': 406.7730084308423}
free_bank_train {'step': 60400, 'relative_mse': 0.025932944927736835, 'seconds': 407.4338119009044}
free_bank_train {'step': 60500, 'relative_mse': 0.023570242308949375, 'seconds': 408.0891221058555}
free_bank_train {'step': 60600, 'relative_mse': 0.024529177614155476, 'seconds': 408.7483647929039}
free_bank_train {'step': 60700, 'relative_mse': 0.025629114315018547, 'seconds': 409.40472456184216}
free_bank_train {'step': 60800, 'relative_mse': 0.02323388692019697, 'seconds': 410.0613723138813}
free_bank_train {'step': 60900, 'relative_mse': 0.025888428443892816, 'seconds': 410.7188702048734}
free_bank_train {'step': 61000, 'relative_mse': 0.02546770595244397, 'seconds': 411.37712754891254}
free_bank_train {'step': 61100, 'relative_mse': 0.023261484384620716, 'seconds': 412.03686855500564}
free_bank_train {'step': 61200, 'relative_mse': 0.02134929610025328, 'seconds': 412.70002513192594}
free_bank_train {'step': 61300, 'relative_mse': 0.0227121596071315, 'seconds': 413.36507119680755}
free_bank_train {'step': 61400, 'relative_mse': 0.02144075272156356, 'seconds': 414.0303733278997}
free_bank_train {'step': 61500, 'relative_mse': 0.019774148626781625, 'seconds': 414.69382574781775}
free_bank_train {'step': 61600, 'relative_mse': 0.02264174696656553, 'seconds': 415.3519354269374}
free_bank_train {'step': 61700, 'relative_mse': 0.019884808658795137, 'seconds': 416.0173116789665}
free_bank_train {'step': 61800, 'relative_mse': 0.025084886626115785, 'seconds': 416.6855596858077}
free_bank_train {'step': 61900, 'relative_mse': 0.024526888241744288, 'seconds': 417.35208713589236}
free_bank_train {'step': 62000, 'relative_mse': 0.023068521921059362, 'seconds': 418.0179695568513}
free_bank_train {'step': 62100, 'relative_mse': 0.024769382926585974, 'seconds': 418.6856591179967}
free_bank_train {'step': 62200, 'relative_mse': 0.02590965118178858, 'seconds': 419.3530090439599}
free_bank_train {'step': 62300, 'relative_mse': 0.02198364926578468, 'seconds': 420.0220176288858}
free_bank_train {'step': 62400, 'relative_mse': 0.021908033501313998, 'seconds': 420.6894281769637}
free_bank_train {'step': 62500, 'relative_mse': 0.023202824423184533, 'seconds': 421.3558589478489}
free_bank_train {'step': 62600, 'relative_mse': 0.02163145543028271, 'seconds': 422.02418429683894}
free_bank_train {'step': 62700, 'relative_mse': 0.027365828239328552, 'seconds': 422.6912931050174}
free_bank_train {'step': 62800, 'relative_mse': 0.02533802260515868, 'seconds': 423.3590163339395}
free_bank_train {'step': 62900, 'relative_mse': 0.023985421312141254, 'seconds': 424.02748690592125}
free_bank_train {'step': 63000, 'relative_mse': 0.021957300351923392, 'seconds': 424.6944158268161}
free_bank_train {'step': 63100, 'relative_mse': 0.024310491744471634, 'seconds': 425.36129875900224}
free_bank_train {'step': 63200, 'relative_mse': 0.024039100307661244, 'seconds': 426.0296976319514}
free_bank_train {'step': 63300, 'relative_mse': 0.022894027198454826, 'seconds': 426.6971498047933}
free_bank_train {'step': 63400, 'relative_mse': 0.022749537407537303, 'seconds': 427.36432214593515}
free_bank_train {'step': 63500, 'relative_mse': 0.02181476863077113, 'seconds': 428.0321868879255}
free_bank_train {'step': 63600, 'relative_mse': 0.023298635396431087, 'seconds': 428.69960789498873}
free_bank_train {'step': 63700, 'relative_mse': 0.023475316753048762, 'seconds': 429.36779274395667}
free_bank_train {'step': 63800, 'relative_mse': 0.024766656164189133, 'seconds': 430.0356749119237}
free_bank_train {'step': 63900, 'relative_mse': 0.020882330591952342, 'seconds': 430.7026262639556}
free_bank_train {'step': 64000, 'relative_mse': 0.02348181185748731, 'seconds': 431.37076754379086}
free_bank_train {'step': 64100, 'relative_mse': 0.02443628721735054, 'seconds': 432.0390710348729}
free_bank_train {'step': 64200, 'relative_mse': 0.02639691799591283, 'seconds': 432.7075261888094}
free_bank_train {'step': 64300, 'relative_mse': 0.020615993385700845, 'seconds': 433.375641804887}
free_bank_train {'step': 64400, 'relative_mse': 0.023872640342816658, 'seconds': 434.0430711898953}
free_bank_train {'step': 64500, 'relative_mse': 0.0244875191741034, 'seconds': 434.71140119596384}
free_bank_train {'step': 64600, 'relative_mse': 0.021408617682245296, 'seconds': 435.37846903898753}
free_bank_train {'step': 64700, 'relative_mse': 0.026374469567446934, 'seconds': 436.04601629893295}
free_bank_train {'step': 64800, 'relative_mse': 0.023595347502449543, 'seconds': 436.71474662283435}
free_bank_train {'step': 64900, 'relative_mse': 0.022429035775760844, 'seconds': 437.38233254500665}
free_bank_train {'step': 65000, 'relative_mse': 0.022900412308113106, 'seconds': 438.05218941392377}
free_bank_train {'step': 65100, 'relative_mse': 0.023403759306901296, 'seconds': 439.0196610579733}
free_bank_train {'step': 65200, 'relative_mse': 0.023896691776747588, 'seconds': 439.653833133867}
free_bank_train {'step': 65300, 'relative_mse': 0.022796648844279073, 'seconds': 440.30910424888134}
free_bank_train {'step': 65400, 'relative_mse': 0.022082780682171767, 'seconds': 440.9843775329646}
free_bank_train {'step': 65500, 'relative_mse': 0.021090687307918927, 'seconds': 441.6583259529434}
free_bank_train {'step': 65600, 'relative_mse': 0.02027391348050646, 'seconds': 442.33412839798257}
free_bank_train {'step': 65700, 'relative_mse': 0.020114757384219816, 'seconds': 443.000413721893}
free_bank_train {'step': 65800, 'relative_mse': 0.020575526511491006, 'seconds': 443.665134742856}
free_bank_train {'step': 65900, 'relative_mse': 0.022105950300703975, 'seconds': 444.3336263829842}
free_bank_train {'step': 66000, 'relative_mse': 0.020764513223914552, 'seconds': 444.99943003384396}
free_bank_train {'step': 66100, 'relative_mse': 0.01996660729903126, 'seconds': 445.666346848011}
free_bank_train {'step': 66200, 'relative_mse': 0.021865009258752573, 'seconds': 446.33356060483493}
free_bank_train {'step': 66300, 'relative_mse': 0.023395152842995516, 'seconds': 446.9988381229341}
free_bank_train {'step': 66400, 'relative_mse': 0.02229216214029624, 'seconds': 447.67575538996607}
free_bank_train {'step': 66500, 'relative_mse': 0.02012379316836687, 'seconds': 448.34261429985054}
free_bank_train {'step': 66600, 'relative_mse': 0.02134739755620286, 'seconds': 449.00362441898324}
free_bank_train {'step': 66700, 'relative_mse': 0.02305302080391114, 'seconds': 449.66328584589064}
free_bank_train {'step': 66800, 'relative_mse': 0.019697210889143592, 'seconds': 450.3230951698497}
free_bank_train {'step': 66900, 'relative_mse': 0.02159254613194448, 'seconds': 450.98384265997447}
free_bank_train {'step': 67000, 'relative_mse': 0.023414850445042396, 'seconds': 451.64426525100134}
free_bank_train {'step': 67100, 'relative_mse': 0.020019851118435836, 'seconds': 452.3057836180087}
free_bank_train {'step': 67200, 'relative_mse': 0.021589127543863662, 'seconds': 452.9670067289844}
free_bank_train {'step': 67300, 'relative_mse': 0.024080366533812837, 'seconds': 453.62729432201013}
free_bank_train {'step': 67400, 'relative_mse': 0.023522739538148825, 'seconds': 454.2872746458743}
free_bank_train {'step': 67500, 'relative_mse': 0.02068649917610734, 'seconds': 454.948370232014}
free_bank_train {'step': 67600, 'relative_mse': 0.017955400771055355, 'seconds': 455.6111104898155}
free_bank_train {'step': 67700, 'relative_mse': 0.02122411687965218, 'seconds': 456.28345866990276}
free_bank_train {'step': 67800, 'relative_mse': 0.02036711252738868, 'seconds': 456.94850236782804}
free_bank_train {'step': 67900, 'relative_mse': 0.02078777843191082, 'seconds': 457.61351571185514}
free_bank_train {'step': 68000, 'relative_mse': 0.020698277434342188, 'seconds': 458.2789742068853}
free_bank_train {'step': 68100, 'relative_mse': 0.01818727116522505, 'seconds': 458.94502244796604}
free_bank_train {'step': 68200, 'relative_mse': 0.02127362859233412, 'seconds': 459.60352673684247}
free_bank_train {'step': 68300, 'relative_mse': 0.019793499816261287, 'seconds': 460.26444083894603}
free_bank_train {'step': 68400, 'relative_mse': 0.022339419839005288, 'seconds': 460.9250117249321}
free_bank_train {'step': 68500, 'relative_mse': 0.02018038833233339, 'seconds': 461.5888190828264}
free_bank_train {'step': 68600, 'relative_mse': 0.019303938045164497, 'seconds': 462.2664394530002}
free_bank_train {'step': 68700, 'relative_mse': 0.018753768314200968, 'seconds': 462.9434547869023}
free_bank_train {'step': 68800, 'relative_mse': 0.020472083626547205, 'seconds': 463.62278309999965}
free_bank_train {'step': 68900, 'relative_mse': 0.022762762520881524, 'seconds': 464.2911546768155}
free_bank_train {'step': 69000, 'relative_mse': 0.01842205381696652, 'seconds': 464.95466914982535}
free_bank_train {'step': 69100, 'relative_mse': 0.021360042277368582, 'seconds': 465.6179669909179}
free_bank_train {'step': 69200, 'relative_mse': 0.0219709872896451, 'seconds': 466.280941716861}
free_bank_train {'step': 69300, 'relative_mse': 0.0231386941419815, 'seconds': 466.9448109078221}
free_bank_train {'step': 69400, 'relative_mse': 0.019697917022053237, 'seconds': 467.6074800048955}
free_bank_train {'step': 69500, 'relative_mse': 0.022553499163508045, 'seconds': 468.2705028729979}
free_bank_train {'step': 69600, 'relative_mse': 0.020734731489256114, 'seconds': 468.93409829679877}
free_bank_train {'step': 69700, 'relative_mse': 0.018642786745487742, 'seconds': 469.6109311708715}
free_bank_train {'step': 69800, 'relative_mse': 0.01932642825376644, 'seconds': 470.27588206296787}
free_bank_train {'step': 69900, 'relative_mse': 0.01968657695448272, 'seconds': 470.94121915800497}
free_bank_train {'step': 70000, 'relative_mse': 0.021791986362377114, 'seconds': 471.60612411191687}
free_bank_train {'step': 70100, 'relative_mse': 0.021870496725846823, 'seconds': 472.54760763584636}
free_bank_train {'step': 70200, 'relative_mse': 0.01959910116795419, 'seconds': 473.18454369390383}
free_bank_train {'step': 70300, 'relative_mse': 0.02001888420061307, 'seconds': 473.85509948595427}
free_bank_train {'step': 70400, 'relative_mse': 0.01854921076952013, 'seconds': 474.5240083648823}
free_bank_train {'step': 70500, 'relative_mse': 0.021219218207821668, 'seconds': 475.19198957295157}
free_bank_train {'step': 70600, 'relative_mse': 0.02085027278264669, 'seconds': 475.8606680978555}
free_bank_train {'step': 70700, 'relative_mse': 0.019367647431481852, 'seconds': 476.52858726494014}
free_bank_train {'step': 70800, 'relative_mse': 0.019594589484235654, 'seconds': 477.19600391201675}
free_bank_train {'step': 70900, 'relative_mse': 0.022131259877702165, 'seconds': 477.8646141279023}
free_bank_train {'step': 71000, 'relative_mse': 0.01940973716720154, 'seconds': 478.53341237688437}
free_bank_train {'step': 71100, 'relative_mse': 0.02065107279192745, 'seconds': 479.2016853229143}
free_bank_train {'step': 71200, 'relative_mse': 0.02074146662666697, 'seconds': 479.87256666785106}
free_bank_train {'step': 71300, 'relative_mse': 0.01866631305147432, 'seconds': 480.541580168996}
free_bank_train {'step': 71400, 'relative_mse': 0.01916439278561304, 'seconds': 481.2114269118756}
free_bank_train {'step': 71500, 'relative_mse': 0.02044374712754809, 'seconds': 481.8797497379128}
free_bank_train {'step': 71600, 'relative_mse': 0.018452430825123628, 'seconds': 482.5510186078027}
free_bank_train {'step': 71700, 'relative_mse': 0.019269661154684155, 'seconds': 483.21961459191516}
free_bank_train {'step': 71800, 'relative_mse': 0.01994116243346074, 'seconds': 483.8890189649537}
free_bank_train {'step': 71900, 'relative_mse': 0.020883341761867485, 'seconds': 484.56124762585387}
free_bank_train {'step': 72000, 'relative_mse': 0.019664723398065645, 'seconds': 485.22956202784553}
free_bank_train {'step': 72100, 'relative_mse': 0.020271752282419394, 'seconds': 485.89892187388614}
free_bank_train {'step': 72200, 'relative_mse': 0.02118020728645826, 'seconds': 486.5683488859795}
free_bank_train {'step': 72300, 'relative_mse': 0.02121706385045003, 'seconds': 487.23223214782774}
free_bank_train {'step': 72400, 'relative_mse': 0.019289223408756773, 'seconds': 487.8952377489768}
free_bank_train {'step': 72500, 'relative_mse': 0.01904896450798723, 'seconds': 488.5602453169413}
free_bank_train {'step': 72600, 'relative_mse': 0.0203894695201901, 'seconds': 489.2258680309169}
free_bank_train {'step': 72700, 'relative_mse': 0.018139626222962273, 'seconds': 489.89033904182725}
free_bank_train {'step': 72800, 'relative_mse': 0.017781650057281967, 'seconds': 490.55515937297605}
free_bank_train {'step': 72900, 'relative_mse': 0.018655559685290018, 'seconds': 491.2184758728836}
free_bank_train {'step': 73000, 'relative_mse': 0.018231332032222596, 'seconds': 491.88409538101405}
free_bank_train {'step': 73100, 'relative_mse': 0.02005537043494871, 'seconds': 492.5483722058125}
free_bank_train {'step': 73200, 'relative_mse': 0.020069436496216835, 'seconds': 493.2102855949197}
free_bank_train {'step': 73300, 'relative_mse': 0.01771282661940588, 'seconds': 493.8744949728716}
free_bank_train {'step': 73400, 'relative_mse': 0.020800997121191503, 'seconds': 494.53854199987836}
free_bank_train {'step': 73500, 'relative_mse': 0.01867697579545733, 'seconds': 495.2015787200071}
free_bank_train {'step': 73600, 'relative_mse': 0.021323631179219222, 'seconds': 495.864803761011}
free_bank_train {'step': 73700, 'relative_mse': 0.01853933460236023, 'seconds': 496.5279552228749}
free_bank_train {'step': 73800, 'relative_mse': 0.021553208570725152, 'seconds': 497.19084197399206}
free_bank_train {'step': 73900, 'relative_mse': 0.01902183382812523, 'seconds': 497.8539493728895}
free_bank_train {'step': 74000, 'relative_mse': 0.019968413668238746, 'seconds': 498.51782294292934}
free_bank_train {'step': 74100, 'relative_mse': 0.017965323172221586, 'seconds': 499.181000410812}
free_bank_train {'step': 74200, 'relative_mse': 0.017866706566967018, 'seconds': 499.84415652393363}
free_bank_train {'step': 74300, 'relative_mse': 0.023484173560204772, 'seconds': 500.5068701559212}
free_bank_train {'step': 74400, 'relative_mse': 0.021088867791253924, 'seconds': 501.17191296000965}
free_bank_train {'step': 74500, 'relative_mse': 0.0186067311148189, 'seconds': 501.8362944999244}
free_bank_train {'step': 74600, 'relative_mse': 0.018165584881874156, 'seconds': 502.50102096097544}
free_bank_train {'step': 74700, 'relative_mse': 0.019420349053098186, 'seconds': 503.1654960848391}
free_bank_train {'step': 74800, 'relative_mse': 0.019731390334347912, 'seconds': 503.82863871986046}
free_bank_train {'step': 74900, 'relative_mse': 0.018606053873750267, 'seconds': 504.4939801739529}
free_bank_train {'step': 75000, 'relative_mse': 0.017497863664313548, 'seconds': 505.1583097819239}
free_bank_train {'step': 75100, 'relative_mse': 0.018024953056595155, 'seconds': 506.1126714418642}
free_bank_train {'step': 75200, 'relative_mse': 0.016959705835436063, 'seconds': 506.75341365486383}
free_bank_train {'step': 75300, 'relative_mse': 0.01871455860704727, 'seconds': 507.42871858598664}
free_bank_train {'step': 75400, 'relative_mse': 0.01840231327833886, 'seconds': 508.105155734811}
free_bank_train {'step': 75500, 'relative_mse': 0.017812176488526787, 'seconds': 508.781546206912}
free_bank_train {'step': 75600, 'relative_mse': 0.019669449878679746, 'seconds': 509.458813495934}
free_bank_train {'step': 75700, 'relative_mse': 0.02179244207720049, 'seconds': 510.1343429358676}
free_bank_train {'step': 75800, 'relative_mse': 0.020148208393795344, 'seconds': 510.80125767481513}
free_bank_train {'step': 75900, 'relative_mse': 0.018323025901911993, 'seconds': 511.46612500585616}
free_bank_train {'step': 76000, 'relative_mse': 0.01925338550747101, 'seconds': 512.1304727708921}
free_bank_train {'step': 76100, 'relative_mse': 0.02063071334021989, 'seconds': 512.7945660748519}
free_bank_train {'step': 76200, 'relative_mse': 0.016634078479407885, 'seconds': 513.4568220968358}
free_bank_train {'step': 76300, 'relative_mse': 0.01700380213059312, 'seconds': 514.1176544108894}
free_bank_train {'step': 76400, 'relative_mse': 0.018023416142304932, 'seconds': 514.7794925270136}
free_bank_train {'step': 76500, 'relative_mse': 0.016172539784031784, 'seconds': 515.4399553348776}
free_bank_train {'step': 76600, 'relative_mse': 0.020159232401693178, 'seconds': 516.0999805869069}
free_bank_train {'step': 76700, 'relative_mse': 0.020568394283593756, 'seconds': 516.7608632158954}
free_bank_train {'step': 76800, 'relative_mse': 0.015617117368662151, 'seconds': 517.4222272969782}
free_bank_train {'step': 76900, 'relative_mse': 0.02037308348770076, 'seconds': 518.0825897429604}
free_bank_train {'step': 77000, 'relative_mse': 0.016997335917017242, 'seconds': 518.7453812509775}
free_bank_train {'step': 77100, 'relative_mse': 0.016529233140043367, 'seconds': 519.4097243768629}
free_bank_train {'step': 77200, 'relative_mse': 0.01675758343934524, 'seconds': 520.0711168188136}
free_bank_train {'step': 77300, 'relative_mse': 0.018245705808458565, 'seconds': 520.7342220088467}
free_bank_train {'step': 77400, 'relative_mse': 0.018185226165716772, 'seconds': 521.4096005498432}
free_bank_train {'step': 77500, 'relative_mse': 0.021037391504080117, 'seconds': 522.0792825028766}
free_bank_train {'step': 77600, 'relative_mse': 0.016744074238922955, 'seconds': 522.7470905329101}
free_bank_train {'step': 77700, 'relative_mse': 0.017659135254184548, 'seconds': 523.414679948939}
free_bank_train {'step': 77800, 'relative_mse': 0.016776605703897086, 'seconds': 524.0844360608608}
free_bank_train {'step': 77900, 'relative_mse': 0.016410704719603177, 'seconds': 524.7483889879659}
free_bank_train {'step': 78000, 'relative_mse': 0.018420977422102382, 'seconds': 525.4280412117951}
free_bank_train {'step': 78100, 'relative_mse': 0.020020481946199275, 'seconds': 526.0889459399041}
free_bank_train {'step': 78200, 'relative_mse': 0.016476139253649644, 'seconds': 526.7505296817981}
free_bank_train {'step': 78300, 'relative_mse': 0.018580448429897957, 'seconds': 527.4141840517987}
free_bank_train {'step': 78400, 'relative_mse': 0.01952462442801713, 'seconds': 528.0763023118488}
free_bank_train {'step': 78500, 'relative_mse': 0.018106553404779256, 'seconds': 528.7507369429804}
free_bank_train {'step': 78600, 'relative_mse': 0.016834533831589563, 'seconds': 529.4271009238437}
free_bank_train {'step': 78700, 'relative_mse': 0.017825482507724786, 'seconds': 530.1010727200191}
free_bank_train {'step': 78800, 'relative_mse': 0.01685082676000119, 'seconds': 530.7801809119992}
free_bank_train {'step': 78900, 'relative_mse': 0.01648326572056479, 'seconds': 531.4596573268063}
free_bank_train {'step': 79000, 'relative_mse': 0.016201291089275045, 'seconds': 532.1272151209414}
free_bank_train {'step': 79100, 'relative_mse': 0.017461139774984563, 'seconds': 532.8001554908697}
free_bank_train {'step': 79200, 'relative_mse': 0.014558216067984624, 'seconds': 533.4701296079438}
free_bank_train {'step': 79300, 'relative_mse': 0.01722090941781283, 'seconds': 534.1376870679669}
free_bank_train {'step': 79400, 'relative_mse': 0.015511082213864796, 'seconds': 534.8045614019502}
free_bank_train {'step': 79500, 'relative_mse': 0.01643419022362727, 'seconds': 535.4724726888817}
free_bank_train {'step': 79600, 'relative_mse': 0.016448090452973428, 'seconds': 536.140417046845}
free_bank_train {'step': 79700, 'relative_mse': 0.01638445408237703, 'seconds': 536.8101290578488}
free_bank_train {'step': 79800, 'relative_mse': 0.01572252079863495, 'seconds': 537.4772177068517}
free_bank_train {'step': 79900, 'relative_mse': 0.015361464517382139, 'seconds': 538.1453052088618}
free_bank_train {'step': 80000, 'relative_mse': 0.017873592082798626, 'seconds': 538.812967998907}
free_bank_train {'step': 80100, 'relative_mse': 0.016002544910072317, 'seconds': 539.7715628528967}
free_bank_train {'step': 80200, 'relative_mse': 0.015568800630116533, 'seconds': 540.4114997908473}
free_bank_train {'step': 80300, 'relative_mse': 0.01705745136601878, 'seconds': 541.0664778158534}
free_bank_train {'step': 80400, 'relative_mse': 0.015480665458198987, 'seconds': 541.7433516569436}
free_bank_train {'step': 80500, 'relative_mse': 0.018166388500808518, 'seconds': 542.414142137859}
free_bank_train {'step': 80600, 'relative_mse': 0.01954838129537845, 'seconds': 543.0846998889465}
free_bank_train {'step': 80700, 'relative_mse': 0.020311512386551045, 'seconds': 543.755926636979}
free_bank_train {'step': 80800, 'relative_mse': 0.018753275803696613, 'seconds': 544.4267898169346}
free_bank_train {'step': 80900, 'relative_mse': 0.018206158633416285, 'seconds': 545.0999895748682}
free_bank_train {'step': 81000, 'relative_mse': 0.016096555808806718, 'seconds': 545.7692893028725}
free_bank_train {'step': 81100, 'relative_mse': 0.016000762436043963, 'seconds': 546.4344389308244}
free_bank_train {'step': 81200, 'relative_mse': 0.01718386528302396, 'seconds': 547.100161600858}
free_bank_train {'step': 81300, 'relative_mse': 0.017044688325523045, 'seconds': 547.7647499418817}
free_bank_train {'step': 81400, 'relative_mse': 0.01601663513545364, 'seconds': 548.4327970768791}
free_bank_train {'step': 81500, 'relative_mse': 0.015696942959312378, 'seconds': 549.0912933428772}
free_bank_train {'step': 81600, 'relative_mse': 0.015067642567327597, 'seconds': 549.7528120838106}
free_bank_train {'step': 81700, 'relative_mse': 0.01793008306777273, 'seconds': 550.4119195879903}
free_bank_train {'step': 81800, 'relative_mse': 0.01601389601424296, 'seconds': 551.0717477709986}
free_bank_train {'step': 81900, 'relative_mse': 0.016804392798619026, 'seconds': 551.7341330929194}
free_bank_train {'step': 82000, 'relative_mse': 0.018269270494125734, 'seconds': 552.407159745926}
free_bank_train {'step': 82100, 'relative_mse': 0.01611271472292724, 'seconds': 553.0770122769754}
free_bank_train {'step': 82200, 'relative_mse': 0.015793654432238333, 'seconds': 553.7490096827969}
free_bank_train {'step': 82300, 'relative_mse': 0.017451535114372158, 'seconds': 554.4213537678588}
free_bank_train {'step': 82400, 'relative_mse': 0.015781415858223624, 'seconds': 555.0905708908103}
free_bank_train {'step': 82500, 'relative_mse': 0.015284076131401434, 'seconds': 555.7627288219519}
free_bank_train {'step': 82600, 'relative_mse': 0.015609954352263693, 'seconds': 556.4338263338432}
free_bank_train {'step': 82700, 'relative_mse': 0.016276789561469284, 'seconds': 557.1054737558588}
free_bank_train {'step': 82800, 'relative_mse': 0.01572944751168722, 'seconds': 557.775643936824}
free_bank_train {'step': 82900, 'relative_mse': 0.01563266065419569, 'seconds': 558.4452093578875}
free_bank_train {'step': 83000, 'relative_mse': 0.018649974030447703, 'seconds': 559.1146443178877}
free_bank_train {'step': 83100, 'relative_mse': 0.014889962098378326, 'seconds': 559.7845116758253}
free_bank_train {'step': 83200, 'relative_mse': 0.01591345967982829, 'seconds': 560.4552333569154}
free_bank_train {'step': 83300, 'relative_mse': 0.017152987091963817, 'seconds': 561.1235235249624}
free_bank_train {'step': 83400, 'relative_mse': 0.016975606813836634, 'seconds': 561.786135740811}
free_bank_train {'step': 83500, 'relative_mse': 0.014684621609017063, 'seconds': 562.4473133007996}
free_bank_train {'step': 83600, 'relative_mse': 0.014572017662665708, 'seconds': 563.1064878758043}
free_bank_train {'step': 83700, 'relative_mse': 0.015327489652925255, 'seconds': 563.7676329398528}
free_bank_train {'step': 83800, 'relative_mse': 0.016193425432428778, 'seconds': 564.4280458209105}
free_bank_train {'step': 83900, 'relative_mse': 0.017867629408024364, 'seconds': 565.0888740050141}
free_bank_train {'step': 84000, 'relative_mse': 0.01568975954236893, 'seconds': 565.7504940999206}
free_bank_train {'step': 84100, 'relative_mse': 0.014502069821474839, 'seconds': 566.4154024899472}
free_bank_train {'step': 84200, 'relative_mse': 0.016982931511312013, 'seconds': 567.0796477207914}
free_bank_train {'step': 84300, 'relative_mse': 0.016702500463497947, 'seconds': 567.7457538058516}
free_bank_train {'step': 84400, 'relative_mse': 0.017012391004797837, 'seconds': 568.4103911239654}
free_bank_train {'step': 84500, 'relative_mse': 0.014003922964397739, 'seconds': 569.0745404118206}
free_bank_train {'step': 84600, 'relative_mse': 0.016817960634749413, 'seconds': 569.7381241179537}
free_bank_train {'step': 84700, 'relative_mse': 0.014525327760596085, 'seconds': 570.3961920759175}
free_bank_train {'step': 84800, 'relative_mse': 0.01588944109042583, 'seconds': 571.0562347609084}
free_bank_train {'step': 84900, 'relative_mse': 0.01491693180633841, 'seconds': 571.733264882816}
free_bank_train {'step': 85000, 'relative_mse': 0.014037823181805112, 'seconds': 572.4073767298833}
free_bank_train {'step': 85100, 'relative_mse': 0.015229266030728026, 'seconds': 573.3824751598295}
free_bank_train {'step': 85200, 'relative_mse': 0.015712931063399584, 'seconds': 574.025014158804}
free_bank_train {'step': 85300, 'relative_mse': 0.014391845778282102, 'seconds': 574.698710283963}
free_bank_train {'step': 85400, 'relative_mse': 0.016647649506344897, 'seconds': 575.3743829948362}
free_bank_train {'step': 85500, 'relative_mse': 0.014562099680972752, 'seconds': 576.0467201219872}
free_bank_train {'step': 85600, 'relative_mse': 0.014183321593801347, 'seconds': 576.7197042298503}
free_bank_train {'step': 85700, 'relative_mse': 0.015699414706542188, 'seconds': 577.3917620249558}
free_bank_train {'step': 85800, 'relative_mse': 0.015897521257016205, 'seconds': 578.0647516548634}
free_bank_train {'step': 85900, 'relative_mse': 0.014564537634556195, 'seconds': 578.7374214369338}
free_bank_train {'step': 86000, 'relative_mse': 0.014472448390638253, 'seconds': 579.3999037488829}
free_bank_train {'step': 86100, 'relative_mse': 0.01609186580625578, 'seconds': 580.0585938198492}
free_bank_train {'step': 86200, 'relative_mse': 0.015154941520042903, 'seconds': 580.7190165407956}
free_bank_train {'step': 86300, 'relative_mse': 0.015210289642135218, 'seconds': 581.3799695149064}
free_bank_train {'step': 86400, 'relative_mse': 0.015373270948561946, 'seconds': 582.0416715978645}
free_bank_train {'step': 86500, 'relative_mse': 0.016007245217475548, 'seconds': 582.6963685788214}
free_bank_train {'step': 86600, 'relative_mse': 0.013721922135653701, 'seconds': 583.3582657568622}
free_bank_train {'step': 86700, 'relative_mse': 0.013500217511890721, 'seconds': 584.034978371812}
free_bank_train {'step': 86800, 'relative_mse': 0.014828451935741754, 'seconds': 584.7095304368995}
free_bank_train {'step': 86900, 'relative_mse': 0.014349052466360989, 'seconds': 585.3821477729362}
free_bank_train {'step': 87000, 'relative_mse': 0.01584429639990009, 'seconds': 586.0573688209988}
free_bank_train {'step': 87100, 'relative_mse': 0.01617327505670299, 'seconds': 586.7302402770147}
free_bank_train {'step': 87200, 'relative_mse': 0.014341385478057439, 'seconds': 587.3964197018649}
free_bank_train {'step': 87300, 'relative_mse': 0.01527513565654558, 'seconds': 588.0643106119242}
free_bank_train {'step': 87400, 'relative_mse': 0.015691722011849325, 'seconds': 588.7300667369273}
free_bank_train {'step': 87500, 'relative_mse': 0.014334220272975321, 'seconds': 589.3991478078533}
free_bank_train {'step': 87600, 'relative_mse': 0.012966065373744668, 'seconds': 590.0601763599552}
free_bank_train {'step': 87700, 'relative_mse': 0.013264516940694882, 'seconds': 590.7211900688708}
free_bank_train {'step': 87800, 'relative_mse': 0.014162832556973315, 'seconds': 591.3895233778749}
free_bank_train {'step': 87900, 'relative_mse': 0.014299544250100143, 'seconds': 592.0509126698598}
free_bank_train {'step': 88000, 'relative_mse': 0.01613236955020496, 'seconds': 592.7120355570223}
free_bank_train {'step': 88100, 'relative_mse': 0.013630892263984076, 'seconds': 593.3736562118866}
free_bank_train {'step': 88200, 'relative_mse': 0.013193989687270355, 'seconds': 594.0355297748465}
free_bank_train {'step': 88300, 'relative_mse': 0.014688830898518754, 'seconds': 594.6969047877938}
free_bank_train {'step': 88400, 'relative_mse': 0.016959192192795867, 'seconds': 595.3599048019387}
free_bank_train {'step': 88500, 'relative_mse': 0.01437005795652714, 'seconds': 596.0211546318606}
free_bank_train {'step': 88600, 'relative_mse': 0.013559749930374263, 'seconds': 596.6825810768642}
free_bank_train {'step': 88700, 'relative_mse': 0.013873497007919901, 'seconds': 597.3623743730132}
free_bank_train {'step': 88800, 'relative_mse': 0.012809528810160129, 'seconds': 598.0425121898297}
free_bank_train {'step': 88900, 'relative_mse': 0.014706027672149668, 'seconds': 598.7210705617908}
free_bank_train {'step': 89000, 'relative_mse': 0.013767874413656228, 'seconds': 599.3992469438817}
free_bank_train {'step': 89100, 'relative_mse': 0.015160630881676768, 'seconds': 600.0684353008401}
free_bank_train {'step': 89200, 'relative_mse': 0.014577446143419662, 'seconds': 600.7334426199086}
free_bank_train {'step': 89300, 'relative_mse': 0.015316497412334993, 'seconds': 601.3976555499248}
free_bank_train {'step': 89400, 'relative_mse': 0.01452173450363281, 'seconds': 602.0638324900065}
free_bank_train {'step': 89500, 'relative_mse': 0.014467596108577188, 'seconds': 602.7275837648194}
free_bank_train {'step': 89600, 'relative_mse': 0.015777364414820992, 'seconds': 603.3922107079998}
free_bank_train {'step': 89700, 'relative_mse': 0.01354235429150725, 'seconds': 604.0579442039598}
free_bank_train {'step': 89800, 'relative_mse': 0.015526438526624903, 'seconds': 604.7223363458179}
free_bank_train {'step': 89900, 'relative_mse': 0.014401126964351488, 'seconds': 605.3876228008885}
free_bank_train {'step': 90000, 'relative_mse': 0.014632361327245158, 'seconds': 606.0508920629509}
free_bank_train {'step': 90100, 'relative_mse': 0.014663481049086097, 'seconds': 607.0519055698533}
free_bank_train {'step': 90200, 'relative_mse': 0.013028222243096577, 'seconds': 607.6846550640184}
free_bank_train {'step': 90300, 'relative_mse': 0.013930801329208563, 'seconds': 608.3568514150102}
free_bank_train {'step': 90400, 'relative_mse': 0.014298328735103966, 'seconds': 609.0357169008348}
free_bank_train {'step': 90500, 'relative_mse': 0.014885754562111279, 'seconds': 609.7116709228139}
free_bank_train {'step': 90600, 'relative_mse': 0.013616062885571748, 'seconds': 610.386373851914}
free_bank_train {'step': 90700, 'relative_mse': 0.01351717972936774, 'seconds': 611.0631126549561}
free_bank_train {'step': 90800, 'relative_mse': 0.011786172715459235, 'seconds': 611.7319082790054}
free_bank_train {'step': 90900, 'relative_mse': 0.01340826394769087, 'seconds': 612.3947406730149}
free_bank_train {'step': 91000, 'relative_mse': 0.013744980543867722, 'seconds': 613.0551305059344}
free_bank_train {'step': 91100, 'relative_mse': 0.013180063884870525, 'seconds': 613.7207354248967}
free_bank_train {'step': 91200, 'relative_mse': 0.013888297105929787, 'seconds': 614.3859022168908}
free_bank_train {'step': 91300, 'relative_mse': 0.015525231769120977, 'seconds': 615.0427219208796}
free_bank_train {'step': 91400, 'relative_mse': 0.015201470002287736, 'seconds': 615.7031572880223}
free_bank_train {'step': 91500, 'relative_mse': 0.012659713365435971, 'seconds': 616.3617082848214}
free_bank_train {'step': 91600, 'relative_mse': 0.014439660385923795, 'seconds': 617.0223328918219}
free_bank_train {'step': 91700, 'relative_mse': 0.013196259735188166, 'seconds': 617.6818285170011}
free_bank_train {'step': 91800, 'relative_mse': 0.012197444730023155, 'seconds': 618.3533943619113}
free_bank_train {'step': 91900, 'relative_mse': 0.013499863766801824, 'seconds': 619.0285272200126}
free_bank_train {'step': 92000, 'relative_mse': 0.014591324962022534, 'seconds': 619.7050747948233}
free_bank_train {'step': 92100, 'relative_mse': 0.012114835868870391, 'seconds': 620.3737181948964}
free_bank_train {'step': 92200, 'relative_mse': 0.014337300625209834, 'seconds': 621.0432648968417}
free_bank_train {'step': 92300, 'relative_mse': 0.014804618024079475, 'seconds': 621.712848559022}
free_bank_train {'step': 92400, 'relative_mse': 0.011766107129921804, 'seconds': 622.3820619687904}
free_bank_train {'step': 92500, 'relative_mse': 0.011710783812373792, 'seconds': 623.0436322048772}
free_bank_train {'step': 92600, 'relative_mse': 0.013294020742660223, 'seconds': 623.7063107229769}
free_bank_train {'step': 92700, 'relative_mse': 0.012491567704310955, 'seconds': 624.3680029378738}
free_bank_train {'step': 92800, 'relative_mse': 0.011743615282349296, 'seconds': 625.0309406919405}
free_bank_train {'step': 92900, 'relative_mse': 0.011716131387252988, 'seconds': 625.6908923420124}
free_bank_train {'step': 93000, 'relative_mse': 0.012093283155416442, 'seconds': 626.3595406489912}
free_bank_train {'step': 93100, 'relative_mse': 0.012374273809324068, 'seconds': 627.0284570108633}
free_bank_train {'step': 93200, 'relative_mse': 0.013779555619294778, 'seconds': 627.6980271819048}
free_bank_train {'step': 93300, 'relative_mse': 0.012244433519808112, 'seconds': 628.3600987559184}
free_bank_train {'step': 93400, 'relative_mse': 0.015558605157889852, 'seconds': 629.023768901825}
free_bank_train {'step': 93500, 'relative_mse': 0.013230547907715962, 'seconds': 629.6863732198253}
free_bank_train {'step': 93600, 'relative_mse': 0.01283649459081373, 'seconds': 630.3498444489669}
free_bank_train {'step': 93700, 'relative_mse': 0.011920099247916014, 'seconds': 631.0136023520026}
free_bank_train {'step': 93800, 'relative_mse': 0.012776389900085042, 'seconds': 631.678880232852}
free_bank_train {'step': 93900, 'relative_mse': 0.012846179440100566, 'seconds': 632.3448300848249}
free_bank_train {'step': 94000, 'relative_mse': 0.013099912941285416, 'seconds': 633.007017986849}
free_bank_train {'step': 94100, 'relative_mse': 0.011647143401959353, 'seconds': 633.6697426629253}
free_bank_train {'step': 94200, 'relative_mse': 0.012798730349761426, 'seconds': 634.3328088039998}
free_bank_train {'step': 94300, 'relative_mse': 0.011613822998385356, 'seconds': 634.9953067158349}
free_bank_train {'step': 94400, 'relative_mse': 0.0118064204353762, 'seconds': 635.6599029810168}
free_bank_train {'step': 94500, 'relative_mse': 0.012149019165550338, 'seconds': 636.3232847419567}
free_bank_train {'step': 94600, 'relative_mse': 0.010973209768653232, 'seconds': 636.9897617539391}
free_bank_train {'step': 94700, 'relative_mse': 0.013681018332517336, 'seconds': 637.6536445009988}
free_bank_train {'step': 94800, 'relative_mse': 0.010985877925204205, 'seconds': 638.3179773138836}
free_bank_train {'step': 94900, 'relative_mse': 0.01233297294935954, 'seconds': 638.9813642299268}
free_bank_train {'step': 95000, 'relative_mse': 0.013363358658573085, 'seconds': 639.6453306248877}
free_bank_train {'step': 95100, 'relative_mse': 0.012635691287410732, 'seconds': 640.632588271983}
free_bank_train {'step': 95200, 'relative_mse': 0.01188200699745324, 'seconds': 641.2841816667933}
free_bank_train {'step': 95300, 'relative_mse': 0.012024941901403451, 'seconds': 641.9467438790016}
free_bank_train {'step': 95400, 'relative_mse': 0.010947976149579267, 'seconds': 642.6089125769213}
free_bank_train {'step': 95500, 'relative_mse': 0.010507103146923632, 'seconds': 643.2711033509113}
free_bank_train {'step': 95600, 'relative_mse': 0.013639814700229003, 'seconds': 643.9378441178706}
free_bank_train {'step': 95700, 'relative_mse': 0.012964866829132485, 'seconds': 644.6228476299439}
free_bank_train {'step': 95800, 'relative_mse': 0.012441559673576743, 'seconds': 645.3020061908755}
free_bank_train {'step': 95900, 'relative_mse': 0.012827164364771135, 'seconds': 645.9789513689466}
free_bank_train {'step': 96000, 'relative_mse': 0.011401346175819355, 'seconds': 646.6530195358209}
free_bank_train {'step': 96100, 'relative_mse': 0.01345650524762651, 'seconds': 647.3263889439404}
free_bank_train {'step': 96200, 'relative_mse': 0.012866157103970013, 'seconds': 647.9899724097922}
free_bank_train {'step': 96300, 'relative_mse': 0.01343312718857008, 'seconds': 648.6521514919586}
free_bank_train {'step': 96400, 'relative_mse': 0.013059036598682692, 'seconds': 649.3153620979283}
free_bank_train {'step': 96500, 'relative_mse': 0.010863503232429267, 'seconds': 649.9777559819631}
free_bank_train {'step': 96600, 'relative_mse': 0.012162447216576363, 'seconds': 650.639059802983}
free_bank_train {'step': 96700, 'relative_mse': 0.011700903914732042, 'seconds': 651.3009645799175}
free_bank_train {'step': 96800, 'relative_mse': 0.012668038477629474, 'seconds': 651.9627595688216}
free_bank_train {'step': 96900, 'relative_mse': 0.01276344648592403, 'seconds': 652.6253378689289}
free_bank_train {'step': 97000, 'relative_mse': 0.011143417357000406, 'seconds': 653.2876129259821}
free_bank_train {'step': 97100, 'relative_mse': 0.012931650031013863, 'seconds': 653.9503810419701}
free_bank_train {'step': 97200, 'relative_mse': 0.011110250950759981, 'seconds': 654.6178039128426}
free_bank_train {'step': 97300, 'relative_mse': 0.012143576268756286, 'seconds': 655.298246868886}
free_bank_train {'step': 97400, 'relative_mse': 0.009868208966848136, 'seconds': 655.9755853859242}
free_bank_train {'step': 97500, 'relative_mse': 0.012816579082569038, 'seconds': 656.6527457549237}
free_bank_train {'step': 97600, 'relative_mse': 0.01110064677667188, 'seconds': 657.3294123669621}
free_bank_train {'step': 97700, 'relative_mse': 0.00991726733389284, 'seconds': 658.0001988459844}
free_bank_train {'step': 97800, 'relative_mse': 0.009707181310662822, 'seconds': 658.6659234298859}
free_bank_train {'step': 97900, 'relative_mse': 0.013112569476666034, 'seconds': 659.3322004049551}
free_bank_train {'step': 98000, 'relative_mse': 0.012474326950828752, 'seconds': 659.9957964050118}
free_bank_train {'step': 98100, 'relative_mse': 0.01251345714730841, 'seconds': 660.6599898929708}
free_bank_train {'step': 98200, 'relative_mse': 0.012750278801516569, 'seconds': 661.3215609488543}
free_bank_train {'step': 98300, 'relative_mse': 0.009923586366973342, 'seconds': 661.9818660258316}
free_bank_train {'step': 98400, 'relative_mse': 0.011187166790817032, 'seconds': 662.6458102839533}
free_bank_train {'step': 98500, 'relative_mse': 0.011847102490572603, 'seconds': 663.3069779269863}
free_bank_train {'step': 98600, 'relative_mse': 0.010873038179524341, 'seconds': 663.9476063509937}
free_bank_train {'step': 98700, 'relative_mse': 0.013671759680919653, 'seconds': 664.6151702748612}
free_bank_train {'step': 98800, 'relative_mse': 0.00977797910350901, 'seconds': 665.3088033099193}
free_bank_train {'step': 98900, 'relative_mse': 0.012684346158283644, 'seconds': 666.0012794549111}
free_bank_train {'step': 99000, 'relative_mse': 0.012237267296016614, 'seconds': 666.6788983549923}
free_bank_train {'step': 99100, 'relative_mse': 0.011041493512233533, 'seconds': 667.3556950020138}
free_bank_train {'step': 99200, 'relative_mse': 0.013530537163795722, 'seconds': 668.0275730628055}
free_bank_train {'step': 99300, 'relative_mse': 0.011923200328644246, 'seconds': 668.6943022718187}
free_bank_train {'step': 99400, 'relative_mse': 0.010998973866067407, 'seconds': 669.3603545289952}
free_bank_train {'step': 99500, 'relative_mse': 0.012069169363202384, 'seconds': 670.0252756848931}
free_bank_train {'step': 99600, 'relative_mse': 0.011026924330554508, 'seconds': 670.6902554808185}
free_bank_train {'step': 99700, 'relative_mse': 0.010890878951835764, 'seconds': 671.3542744999286}
free_bank_train {'step': 99800, 'relative_mse': 0.009700508417113233, 'seconds': 672.0224441578612}
free_bank_train {'step': 99900, 'relative_mse': 0.01155375253756459, 'seconds': 672.6867950609885}
free_bank_train {'step': 100000, 'relative_mse': 0.010599364469310433, 'seconds': 673.3525792139117}
free_bank_train {'step': 100100, 'relative_mse': 0.010231596136984851, 'seconds': 674.3129675798118}
free_bank_train {'step': 100200, 'relative_mse': 0.009780550047464743, 'seconds': 674.9506613279227}
free_bank_train {'step': 100300, 'relative_mse': 0.01041157296266684, 'seconds': 675.6161760049872}
free_bank_train {'step': 100400, 'relative_mse': 0.010347571931386862, 'seconds': 676.2873633420095}
free_bank_train {'step': 100500, 'relative_mse': 0.010923474253796044, 'seconds': 676.9592070528306}
free_bank_train {'step': 100600, 'relative_mse': 0.010608989055713995, 'seconds': 677.6309508178383}
free_bank_train {'step': 100700, 'relative_mse': 0.010176757446679284, 'seconds': 678.3454270809889}
free_bank_train {'step': 100800, 'relative_mse': 0.009293041051431668, 'seconds': 679.0082056450192}
free_bank_train {'step': 100900, 'relative_mse': 0.0120923149707234, 'seconds': 679.6702212609816}
free_bank_train {'step': 101000, 'relative_mse': 0.010955056413344641, 'seconds': 680.3347171628848}
free_bank_train {'step': 101100, 'relative_mse': 0.012603666331577047, 'seconds': 680.9957487168722}
free_bank_train {'step': 101200, 'relative_mse': 0.011205722368060653, 'seconds': 681.6587148387916}
free_bank_train {'step': 101300, 'relative_mse': 0.009763080417143515, 'seconds': 682.3239241698757}
free_bank_train {'step': 101400, 'relative_mse': 0.013336312826121641, 'seconds': 682.9853873078246}
free_bank_train {'step': 101500, 'relative_mse': 0.012116561720877536, 'seconds': 683.6493680318817}
free_bank_train {'step': 101600, 'relative_mse': 0.011134345234382096, 'seconds': 684.312926803017}
free_bank_train {'step': 101700, 'relative_mse': 0.010503460502269083, 'seconds': 684.9749532879796}
free_bank_train {'step': 101800, 'relative_mse': 0.011408043008556207, 'seconds': 685.6395087088458}
free_bank_train {'step': 101900, 'relative_mse': 0.011672241841711797, 'seconds': 686.3045715899207}
free_bank_train {'step': 102000, 'relative_mse': 0.010152335865230542, 'seconds': 686.9692341010086}
free_bank_train {'step': 102100, 'relative_mse': 0.01102247808535747, 'seconds': 687.636634215014}
free_bank_train {'step': 102200, 'relative_mse': 0.01200560874559769, 'seconds': 688.3016574250069}
free_bank_train {'step': 102300, 'relative_mse': 0.010172357455848841, 'seconds': 688.9642299748957}
free_bank_train {'step': 102400, 'relative_mse': 0.009687956251406733, 'seconds': 689.6294757958967}
free_bank_train {'step': 102500, 'relative_mse': 0.010307538619866555, 'seconds': 690.3066207210068}
free_bank_train {'step': 102600, 'relative_mse': 0.009590248445242689, 'seconds': 690.9701833119616}
free_bank_train {'step': 102700, 'relative_mse': 0.011547574108556322, 'seconds': 691.6286447627936}
free_bank_train {'step': 102800, 'relative_mse': 0.010216102993930082, 'seconds': 692.2999181977939}
free_bank_train {'step': 102900, 'relative_mse': 0.012177579117887558, 'seconds': 692.976314098807}
free_bank_train {'step': 103000, 'relative_mse': 0.010915704977805224, 'seconds': 693.6534067499451}
free_bank_train {'step': 103100, 'relative_mse': 0.010675341530669073, 'seconds': 694.3293971209787}
free_bank_train {'step': 103200, 'relative_mse': 0.0105835220116378, 'seconds': 695.0066824299283}
free_bank_train {'step': 103300, 'relative_mse': 0.008945235248753465, 'seconds': 695.6828262638301}
free_bank_train {'step': 103400, 'relative_mse': 0.011570793853856032, 'seconds': 696.3533254759386}
free_bank_train {'step': 103500, 'relative_mse': 0.012924184600342833, 'seconds': 697.0238196128048}
free_bank_train {'step': 103600, 'relative_mse': 0.010794650801552683, 'seconds': 697.6942445188761}
free_bank_train {'step': 103700, 'relative_mse': 0.010649605997630332, 'seconds': 698.364512699889}
free_bank_train {'step': 103800, 'relative_mse': 0.010127101908332159, 'seconds': 699.0351713048294}
free_bank_train {'step': 103900, 'relative_mse': 0.009196753140092325, 'seconds': 699.705480361823}
free_bank_train {'step': 104000, 'relative_mse': 0.009547335610161951, 'seconds': 700.3754745929036}
free_bank_train {'step': 104100, 'relative_mse': 0.009758956798488195, 'seconds': 701.0408147620037}
free_bank_train {'step': 104200, 'relative_mse': 0.01051572532242978, 'seconds': 701.7056107309181}
free_bank_train {'step': 104300, 'relative_mse': 0.011134810506207297, 'seconds': 702.3701637238264}
free_bank_train {'step': 104400, 'relative_mse': 0.00955770894898035, 'seconds': 703.0339010159951}
free_bank_train {'step': 104500, 'relative_mse': 0.011571169323355193, 'seconds': 703.6984367768746}
free_bank_train {'step': 104600, 'relative_mse': 0.009895941112136084, 'seconds': 704.3566351667978}
free_bank_train {'step': 104700, 'relative_mse': 0.010619042549804109, 'seconds': 705.0171131109819}
free_bank_train {'step': 104800, 'relative_mse': 0.011916129791232608, 'seconds': 705.6775801698677}
free_bank_train {'step': 104900, 'relative_mse': 0.010342113185671043, 'seconds': 706.3393778488971}
free_bank_train {'step': 105000, 'relative_mse': 0.009473157017905971, 'seconds': 707.0022787079215}
free_bank_train {'step': 105100, 'relative_mse': 0.008755409720853792, 'seconds': 707.9471778320149}
free_bank_train {'step': 105200, 'relative_mse': 0.009869199183491457, 'seconds': 708.5885010329075}
free_bank_train {'step': 105300, 'relative_mse': 0.010996330457079687, 'seconds': 709.2602565658744}
free_bank_train {'step': 105400, 'relative_mse': 0.011442871197259733, 'seconds': 709.938022346003}
free_bank_train {'step': 105500, 'relative_mse': 0.00982647515058817, 'seconds': 710.6167117250152}
free_bank_train {'step': 105600, 'relative_mse': 0.010035737147750775, 'seconds': 711.2935116398148}
free_bank_train {'step': 105700, 'relative_mse': 0.009327768269602688, 'seconds': 711.971113638021}
free_bank_train {'step': 105800, 'relative_mse': 0.009368616674030163, 'seconds': 712.6478865118697}
free_bank_train {'step': 105900, 'relative_mse': 0.01053404091776928, 'seconds': 713.3209556029178}
free_bank_train {'step': 106000, 'relative_mse': 0.009620276715835534, 'seconds': 713.9860630969051}
free_bank_train {'step': 106100, 'relative_mse': 0.011146032597288658, 'seconds': 714.6528018079698}
free_bank_train {'step': 106200, 'relative_mse': 0.008947441677476051, 'seconds': 715.3163485229015}
free_bank_train {'step': 106300, 'relative_mse': 0.008871594089873865, 'seconds': 715.9812651448883}
free_bank_train {'step': 106400, 'relative_mse': 0.009297051222565227, 'seconds': 716.6463809399866}
free_bank_train {'step': 106500, 'relative_mse': 0.010331118285907884, 'seconds': 717.311672455864}
free_bank_train {'step': 106600, 'relative_mse': 0.011166043163132328, 'seconds': 717.9765078769997}
free_bank_train {'step': 106700, 'relative_mse': 0.01129381587367987, 'seconds': 718.6414887178689}
free_bank_train {'step': 106800, 'relative_mse': 0.0114945617516891, 'seconds': 719.3053297728766}
free_bank_train {'step': 106900, 'relative_mse': 0.010517489481425774, 'seconds': 719.9695137939416}
free_bank_train {'step': 107000, 'relative_mse': 0.010432627654093876, 'seconds': 720.6351347838063}
free_bank_train {'step': 107100, 'relative_mse': 0.008527331610600293, 'seconds': 721.3000704639126}
free_bank_train {'step': 107200, 'relative_mse': 0.008593141549847947, 'seconds': 721.9594529839233}
free_bank_train {'step': 107300, 'relative_mse': 0.009428447795583094, 'seconds': 722.621252996847}
free_bank_train {'step': 107400, 'relative_mse': 0.009673413231515379, 'seconds': 723.282194009982}
free_bank_train {'step': 107500, 'relative_mse': 0.008742944743089974, 'seconds': 723.959503958933}
free_bank_train {'step': 107600, 'relative_mse': 0.008783980638811662, 'seconds': 724.6373048559763}
free_bank_train {'step': 107700, 'relative_mse': 0.008617616355503295, 'seconds': 725.3191190930083}
free_bank_train {'step': 107800, 'relative_mse': 0.009673505777998189, 'seconds': 725.9954745618161}
free_bank_train {'step': 107900, 'relative_mse': 0.008611122910952933, 'seconds': 726.6647057100199}
free_bank_train {'step': 108000, 'relative_mse': 0.007949833544196802, 'seconds': 727.3328850870021}
free_bank_train {'step': 108100, 'relative_mse': 0.009560416457931238, 'seconds': 728.0048713649157}
free_bank_train {'step': 108200, 'relative_mse': 0.009680732985351048, 'seconds': 728.6738254658412}
free_bank_train {'step': 108300, 'relative_mse': 0.009902584328821865, 'seconds': 729.337004208006}
free_bank_train {'step': 108400, 'relative_mse': 0.010235992821639445, 'seconds': 729.9990703908261}
free_bank_train {'step': 108500, 'relative_mse': 0.010013540482823435, 'seconds': 730.6629516908433}
free_bank_train {'step': 108600, 'relative_mse': 0.01107096086830787, 'seconds': 731.3254782969598}
free_bank_train {'step': 108700, 'relative_mse': 0.00959902361549984, 'seconds': 731.9817944169044}
free_bank_train {'step': 108800, 'relative_mse': 0.009130389749884652, 'seconds': 732.6469270419329}
free_bank_train {'step': 108900, 'relative_mse': 0.009392361511340434, 'seconds': 733.3156169869471}
free_bank_train {'step': 109000, 'relative_mse': 0.010194615305230775, 'seconds': 733.9836600408889}
free_bank_train {'step': 109100, 'relative_mse': 0.00849488121263906, 'seconds': 734.654323768802}
free_bank_train {'step': 109200, 'relative_mse': 0.008368790523271892, 'seconds': 735.3217248658184}
free_bank_train {'step': 109300, 'relative_mse': 0.00819122468651419, 'seconds': 735.9881517610047}
free_bank_train {'step': 109400, 'relative_mse': 0.008278604815281877, 'seconds': 736.6583465128206}
free_bank_train {'step': 109500, 'relative_mse': 0.0081211387861051, 'seconds': 737.3197890599258}
free_bank_train {'step': 109600, 'relative_mse': 0.0112455059508333, 'seconds': 737.9807734189089}
free_bank_train {'step': 109700, 'relative_mse': 0.00788353075244461, 'seconds': 738.6424391188193}
free_bank_train {'step': 109800, 'relative_mse': 0.007905558053621399, 'seconds': 739.3034329558723}
free_bank_train {'step': 109900, 'relative_mse': 0.008424550795947932, 'seconds': 739.9660793088842}
free_bank_train {'step': 110000, 'relative_mse': 0.008511831116132938, 'seconds': 740.6351030238438}
free_bank_train {'step': 110100, 'relative_mse': 0.009703994336538251, 'seconds': 741.6114980599377}
free_bank_train {'step': 110200, 'relative_mse': 0.010550496926547238, 'seconds': 742.2726249098778}
free_bank_train {'step': 110300, 'relative_mse': 0.008102198131752246, 'seconds': 742.950436088955}
free_bank_train {'step': 110400, 'relative_mse': 0.009648702576674335, 'seconds': 743.6299934978597}
free_bank_train {'step': 110500, 'relative_mse': 0.009543074200488628, 'seconds': 744.3009736228269}
free_bank_train {'step': 110600, 'relative_mse': 0.010974357540931998, 'seconds': 744.9728693368379}
free_bank_train {'step': 110700, 'relative_mse': 0.00830549140338312, 'seconds': 745.6440469007939}
free_bank_train {'step': 110800, 'relative_mse': 0.010013412948376045, 'seconds': 746.3142762908246}
free_bank_train {'step': 110900, 'relative_mse': 0.008992804611006381, 'seconds': 746.9851681529544}
free_bank_train {'step': 111000, 'relative_mse': 0.009023269747206634, 'seconds': 747.6559991620015}
free_bank_train {'step': 111100, 'relative_mse': 0.009457679873994325, 'seconds': 748.3284121579491}
free_bank_train {'step': 111200, 'relative_mse': 0.00786902195776878, 'seconds': 748.9929999909364}
free_bank_train {'step': 111300, 'relative_mse': 0.007279984681960519, 'seconds': 749.6574488719925}
free_bank_train {'step': 111400, 'relative_mse': 0.009129353269319657, 'seconds': 750.3214852898382}
free_bank_train {'step': 111500, 'relative_mse': 0.008233910568133157, 'seconds': 750.9891270690132}
free_bank_train {'step': 111600, 'relative_mse': 0.00854985966193721, 'seconds': 751.6546931827907}
free_bank_train {'step': 111700, 'relative_mse': 0.008396656057923703, 'seconds': 752.3183788398746}
free_bank_train {'step': 111800, 'relative_mse': 0.009551928982483374, 'seconds': 752.9852509228513}
free_bank_train {'step': 111900, 'relative_mse': 0.009172122652093667, 'seconds': 753.6514402229805}
free_bank_train {'step': 112000, 'relative_mse': 0.0090178017834653, 'seconds': 754.316846302012}
free_bank_train {'step': 112100, 'relative_mse': 0.008828940222167452, 'seconds': 754.9833311189432}
free_bank_train {'step': 112200, 'relative_mse': 0.008838205134780418, 'seconds': 755.648833405925}
free_bank_train {'step': 112300, 'relative_mse': 0.008906679849090961, 'seconds': 756.315616310807}
free_bank_train {'step': 112400, 'relative_mse': 0.007836602305656316, 'seconds': 756.9772625449114}
free_bank_train {'step': 112500, 'relative_mse': 0.007862189214192083, 'seconds': 757.6373025479261}
free_bank_train {'step': 112600, 'relative_mse': 0.010748815481072833, 'seconds': 758.298958591884}
free_bank_train {'step': 112700, 'relative_mse': 0.007807185778128058, 'seconds': 758.9586292637978}
free_bank_train {'step': 112800, 'relative_mse': 0.007585326445127832, 'seconds': 759.6280248588882}
free_bank_train {'step': 112900, 'relative_mse': 0.007744556273527483, 'seconds': 760.298325853888}
free_bank_train {'step': 113000, 'relative_mse': 0.0076891265387683755, 'seconds': 760.9681004188024}
free_bank_train {'step': 113100, 'relative_mse': 0.007863341881480548, 'seconds': 761.6362577727996}
free_bank_train {'step': 113200, 'relative_mse': 0.008017578780918824, 'seconds': 762.3041521289852}
free_bank_train {'step': 113300, 'relative_mse': 0.008020273790217853, 'seconds': 762.9727188979741}
free_bank_train {'step': 113400, 'relative_mse': 0.008286487085231548, 'seconds': 763.644166613929}
free_bank_train {'step': 113500, 'relative_mse': 0.008782851266654762, 'seconds': 764.314852559939}
free_bank_train {'step': 113600, 'relative_mse': 0.009495431739677986, 'seconds': 764.9830748119857}
free_bank_train {'step': 113700, 'relative_mse': 0.008272283108141725, 'seconds': 765.6510536188725}
free_bank_train {'step': 113800, 'relative_mse': 0.0099806817228454, 'seconds': 766.3198367289733}
free_bank_train {'step': 113900, 'relative_mse': 0.008975359105282237, 'seconds': 766.9964470060077}
free_bank_train {'step': 114000, 'relative_mse': 0.007688441779367881, 'seconds': 767.6636457138229}
free_bank_train {'step': 114100, 'relative_mse': 0.007676791445969937, 'seconds': 768.3311596459243}
free_bank_train {'step': 114200, 'relative_mse': 0.007329192987863887, 'seconds': 768.9998592548072}
free_bank_train {'step': 114300, 'relative_mse': 0.0071856583480673615, 'seconds': 769.6632749219425}
free_bank_train {'step': 114400, 'relative_mse': 0.008772920397824803, 'seconds': 770.3258718368597}
free_bank_train {'step': 114500, 'relative_mse': 0.008461740871392788, 'seconds': 770.9897837059107}
free_bank_train {'step': 114600, 'relative_mse': 0.007578561182456776, 'seconds': 771.6532477829605}
free_bank_train {'step': 114700, 'relative_mse': 0.007644754818558558, 'seconds': 772.3170931369532}
free_bank_train {'step': 114800, 'relative_mse': 0.007867726986033344, 'seconds': 772.9794928939082}
free_bank_train {'step': 114900, 'relative_mse': 0.009155367205917923, 'seconds': 773.6412286788691}
free_bank_train {'step': 115000, 'relative_mse': 0.008777832062678449, 'seconds': 774.3050420009531}
free_bank_train {'step': 115100, 'relative_mse': 0.007259189260647385, 'seconds': 775.2611128119752}
free_bank_train {'step': 115200, 'relative_mse': 0.008184085506959437, 'seconds': 775.9083042878192}
free_bank_train {'step': 115300, 'relative_mse': 0.006757743257082086, 'seconds': 776.5857562830206}
free_bank_train {'step': 115400, 'relative_mse': 0.0069432339533556245, 'seconds': 777.2564250139985}
free_bank_train {'step': 115500, 'relative_mse': 0.005976100292439066, 'seconds': 777.9285984949674}
free_bank_train {'step': 115600, 'relative_mse': 0.00790784106528823, 'seconds': 778.598119817907}
free_bank_train {'step': 115700, 'relative_mse': 0.007509136087643281, 'seconds': 779.2697653218638}
free_bank_train {'step': 115800, 'relative_mse': 0.008000211380899652, 'seconds': 779.9357543899678}
free_bank_train {'step': 115900, 'relative_mse': 0.0076804545953796585, 'seconds': 780.5996177578345}
free_bank_train {'step': 116000, 'relative_mse': 0.00684409924640379, 'seconds': 781.2636766068172}
free_bank_train {'step': 116100, 'relative_mse': 0.006886440891880769, 'seconds': 781.9317714949138}
free_bank_train {'step': 116200, 'relative_mse': 0.007799700609455205, 'seconds': 782.5981392348185}
free_bank_train {'step': 116300, 'relative_mse': 0.006709310176760883, 'seconds': 783.2661182768643}
free_bank_train {'step': 116400, 'relative_mse': 0.007229899012386324, 'seconds': 783.9295453999657}
free_bank_train {'step': 116500, 'relative_mse': 0.007528815741696344, 'seconds': 784.5949670188129}
free_bank_train {'step': 116600, 'relative_mse': 0.007560172012265999, 'seconds': 785.2614518587943}
free_bank_train {'step': 116700, 'relative_mse': 0.007384922593423892, 'seconds': 785.9273325598333}
free_bank_train {'step': 116800, 'relative_mse': 0.007030116904159907, 'seconds': 786.5920350248925}
free_bank_train {'step': 116900, 'relative_mse': 0.008123080715520219, 'seconds': 787.2599849768449}
free_bank_train {'step': 117000, 'relative_mse': 0.006973967355648834, 'seconds': 787.9251317328308}
free_bank_train {'step': 117100, 'relative_mse': 0.005852406154739576, 'seconds': 788.5890838729683}
free_bank_train {'step': 117200, 'relative_mse': 0.006838223627512051, 'seconds': 789.2536246678792}
free_bank_train {'step': 117300, 'relative_mse': 0.010988037226684075, 'seconds': 789.9225648019928}
free_bank_train {'step': 117400, 'relative_mse': 0.007319054177032229, 'seconds': 790.5891215789597}
free_bank_train {'step': 117500, 'relative_mse': 0.007484450253159865, 'seconds': 791.2521506999619}
free_bank_train {'step': 117600, 'relative_mse': 0.007748355411872321, 'seconds': 791.9166283849627}
free_bank_train {'step': 117700, 'relative_mse': 0.007702515203201452, 'seconds': 792.5806790348142}
free_bank_train {'step': 117800, 'relative_mse': 0.006430157724202021, 'seconds': 793.2481979979202}
free_bank_train {'step': 117900, 'relative_mse': 0.006451337448105023, 'seconds': 793.9131543629337}
free_bank_train {'step': 118000, 'relative_mse': 0.007215772238876592, 'seconds': 794.5776581058744}
free_bank_train {'step': 118100, 'relative_mse': 0.008248561148780111, 'seconds': 795.2297628899105}
free_bank_train {'step': 118200, 'relative_mse': 0.008312098208648942, 'seconds': 795.9050263678655}
free_bank_train {'step': 118300, 'relative_mse': 0.0074564383285044295, 'seconds': 796.5818076869473}
free_bank_train {'step': 118400, 'relative_mse': 0.006620527517218165, 'seconds': 797.255715199979}
free_bank_train {'step': 118500, 'relative_mse': 0.006944077788414507, 'seconds': 797.9256556078326}
free_bank_train {'step': 118600, 'relative_mse': 0.008704025636185109, 'seconds': 798.593360211933}
free_bank_train {'step': 118700, 'relative_mse': 0.00609530927975326, 'seconds': 799.2622600798495}
free_bank_train {'step': 118800, 'relative_mse': 0.006729416606342813, 'seconds': 799.9320594118908}
free_bank_train {'step': 118900, 'relative_mse': 0.00718132781072125, 'seconds': 800.5977737158537}
free_bank_train {'step': 119000, 'relative_mse': 0.007525837835447302, 'seconds': 801.2610898748972}
free_bank_train {'step': 119100, 'relative_mse': 0.0065145717732013305, 'seconds': 801.9255684539676}
free_bank_train {'step': 119200, 'relative_mse': 0.005721821288846992, 'seconds': 802.5892737458926}
free_bank_train {'step': 119300, 'relative_mse': 0.007486277766486781, 'seconds': 803.2528927908279}
free_bank_train {'step': 119400, 'relative_mse': 0.0064775877348592055, 'seconds': 803.9160502639133}
free_bank_train {'step': 119500, 'relative_mse': 0.007008916278768593, 'seconds': 804.5799824888818}
free_bank_train {'step': 119600, 'relative_mse': 0.0064608971421076114, 'seconds': 805.2431298489682}
free_bank_train {'step': 119700, 'relative_mse': 0.005955584546312409, 'seconds': 805.9113291399553}
free_bank_train {'step': 119800, 'relative_mse': 0.006630875366710397, 'seconds': 806.5800793208182}
free_bank_train {'step': 119900, 'relative_mse': 0.008513116870274355, 'seconds': 807.2483782209456}
free_bank_train {'step': 120000, 'relative_mse': 0.00728685968878701, 'seconds': 807.9178692479618}
free_bank_train {'step': 120100, 'relative_mse': 0.00762926744992172, 'seconds': 808.864203508012}
free_bank_train {'step': 120200, 'relative_mse': 0.007292683919313635, 'seconds': 809.5077301068231}
free_bank_train {'step': 120300, 'relative_mse': 0.006095262895172822, 'seconds': 810.1764514828101}
free_bank_train {'step': 120400, 'relative_mse': 0.0075554870283346025, 'seconds': 810.8597667049617}
free_bank_train {'step': 120500, 'relative_mse': 0.007077639124371078, 'seconds': 811.5408706259914}
free_bank_train {'step': 120600, 'relative_mse': 0.005518943276010317, 'seconds': 812.2200671308674}
free_bank_train {'step': 120700, 'relative_mse': 0.00694873957222498, 'seconds': 812.8874180219136}
free_bank_train {'step': 120800, 'relative_mse': 0.007142859545265693, 'seconds': 813.5585641139187}
free_bank_train {'step': 120900, 'relative_mse': 0.00693877079396381, 'seconds': 814.2282958358992}
free_bank_train {'step': 121000, 'relative_mse': 0.0070899040171461414, 'seconds': 814.8962970958091}
free_bank_train {'step': 121100, 'relative_mse': 0.006974674051057443, 'seconds': 815.5638074479066}
free_bank_train {'step': 121200, 'relative_mse': 0.006232890453875584, 'seconds': 816.2325952558313}
free_bank_train {'step': 121300, 'relative_mse': 0.007014595573981432, 'seconds': 816.9033301100135}
free_bank_train {'step': 121400, 'relative_mse': 0.005831571187875828, 'seconds': 817.5702961098868}
free_bank_train {'step': 121500, 'relative_mse': 0.0059828759905911945, 'seconds': 818.2378064948134}
free_bank_train {'step': 121600, 'relative_mse': 0.0056754262371436544, 'seconds': 818.9099223408848}
free_bank_train {'step': 121700, 'relative_mse': 0.00579840827270194, 'seconds': 819.5807560849935}
free_bank_train {'step': 121800, 'relative_mse': 0.006559242768231996, 'seconds': 820.2432850159239}
free_bank_train {'step': 121900, 'relative_mse': 0.0061184326236609216, 'seconds': 820.9074014448561}
free_bank_train {'step': 122000, 'relative_mse': 0.005443790873228308, 'seconds': 821.5695421218406}
free_bank_train {'step': 122100, 'relative_mse': 0.00730414000357674, 'seconds': 822.2332733138464}
free_bank_train {'step': 122200, 'relative_mse': 0.007670378931043692, 'seconds': 822.8983650319278}
free_bank_train {'step': 122300, 'relative_mse': 0.00699252650842897, 'seconds': 823.56033263891}
free_bank_train {'step': 122400, 'relative_mse': 0.006470158950798465, 'seconds': 824.2244499928784}
free_bank_train {'step': 122500, 'relative_mse': 0.006695618650266397, 'seconds': 824.8875794329215}
free_bank_train {'step': 122600, 'relative_mse': 0.007388808808699217, 'seconds': 825.5432832308579}
free_bank_train {'step': 122700, 'relative_mse': 0.007381012489677215, 'seconds': 826.2144163770135}
free_bank_train {'step': 122800, 'relative_mse': 0.006583206409091625, 'seconds': 826.8861912859138}
free_bank_train {'step': 122900, 'relative_mse': 0.005763513580100639, 'seconds': 827.5548291460145}
free_bank_train {'step': 123000, 'relative_mse': 0.005849025696164225, 'seconds': 828.2242981628515}
free_bank_train {'step': 123100, 'relative_mse': 0.006068408828378348, 'seconds': 828.8929327479564}
free_bank_train {'step': 123200, 'relative_mse': 0.007198610070993046, 'seconds': 829.5626146609429}
free_bank_train {'step': 123300, 'relative_mse': 0.005740598805900676, 'seconds': 830.2323878197931}
free_bank_train {'step': 123400, 'relative_mse': 0.006454305512074501, 'seconds': 830.9013842898421}
free_bank_train {'step': 123500, 'relative_mse': 0.00711258618039714, 'seconds': 831.5717572018038}
free_bank_train {'step': 123600, 'relative_mse': 0.0061439234493664945, 'seconds': 832.2425078668166}
free_bank_train {'step': 123700, 'relative_mse': 0.006135413846423165, 'seconds': 832.9124402899761}
free_bank_train {'step': 123800, 'relative_mse': 0.0054526190246515175, 'seconds': 833.5767002159264}
free_bank_train {'step': 123900, 'relative_mse': 0.005726381144231985, 'seconds': 834.241868608864}
free_bank_train {'step': 124000, 'relative_mse': 0.006090693505001339, 'seconds': 834.903849390801}
free_bank_train {'step': 124100, 'relative_mse': 0.0064903140104327125, 'seconds': 835.5667486737948}
free_bank_train {'step': 124200, 'relative_mse': 0.005561680613872695, 'seconds': 836.2294420970138}
free_bank_train {'step': 124300, 'relative_mse': 0.00663662492159592, 'seconds': 836.8928357379045}
free_bank_train {'step': 124400, 'relative_mse': 0.0067328057716112225, 'seconds': 837.5575908368919}
free_bank_train {'step': 124500, 'relative_mse': 0.006274166467009797, 'seconds': 838.227319013793}
free_bank_train {'step': 124600, 'relative_mse': 0.00689114595989605, 'seconds': 838.8966670769732}
free_bank_train {'step': 124700, 'relative_mse': 0.006286344710574512, 'seconds': 839.5666448648553}
free_bank_train {'step': 124800, 'relative_mse': 0.006249356213196295, 'seconds': 840.235490643885}
free_bank_train {'step': 124900, 'relative_mse': 0.006828440498173692, 'seconds': 840.9051868158858}
free_bank_train {'step': 125000, 'relative_mse': 0.004973621031913665, 'seconds': 841.5763046329375}
free_bank_train {'step': 125100, 'relative_mse': 0.005650663509122664, 'seconds': 842.535956348991}
free_bank_train {'step': 125200, 'relative_mse': 0.005442983437547855, 'seconds': 843.1674724968616}
free_bank_train {'step': 125300, 'relative_mse': 0.004626696071340936, 'seconds': 843.8289896098431}
free_bank_train {'step': 125400, 'relative_mse': 0.005906671379230309, 'seconds': 844.5084201039281}
free_bank_train {'step': 125500, 'relative_mse': 0.005774005257347487, 'seconds': 845.1889114968944}
free_bank_train {'step': 125600, 'relative_mse': 0.006162529809393835, 'seconds': 845.8591873708647}
free_bank_train {'step': 125700, 'relative_mse': 0.006539579374024889, 'seconds': 846.5326174870133}
free_bank_train {'step': 125800, 'relative_mse': 0.006238393800351659, 'seconds': 847.2028427168261}
free_bank_train {'step': 125900, 'relative_mse': 0.0044244699980233405, 'seconds': 847.8737743748352}
free_bank_train {'step': 126000, 'relative_mse': 0.006124310453009995, 'seconds': 848.5441172719002}
free_bank_train {'step': 126100, 'relative_mse': 0.005755827452389829, 'seconds': 849.2097442229278}
free_bank_train {'step': 126200, 'relative_mse': 0.006266383660648529, 'seconds': 849.8763101429213}
free_bank_train {'step': 126300, 'relative_mse': 0.006625652795372442, 'seconds': 850.5423701538239}
free_bank_train {'step': 126400, 'relative_mse': 0.006627267736038743, 'seconds': 851.2102916068397}
free_bank_train {'step': 126500, 'relative_mse': 0.0059736452486325465, 'seconds': 851.8902101328131}
free_bank_train {'step': 126600, 'relative_mse': 0.00663195202194792, 'seconds': 852.55632469384}
free_bank_train {'step': 126700, 'relative_mse': 0.004849673443648873, 'seconds': 853.2230027900077}
free_bank_train {'step': 126800, 'relative_mse': 0.0068592974695207976, 'seconds': 853.8884084038436}
free_bank_train {'step': 126900, 'relative_mse': 0.006191003381866431, 'seconds': 854.556318389019}
free_bank_train {'step': 127000, 'relative_mse': 0.005251516512302844, 'seconds': 855.223715442}
free_bank_train {'step': 127100, 'relative_mse': 0.005591276103375342, 'seconds': 855.883761145873}
free_bank_train {'step': 127200, 'relative_mse': 0.005605080850440241, 'seconds': 856.54534361884}
free_bank_train {'step': 127300, 'relative_mse': 0.006363633188098232, 'seconds': 857.2073161869776}
free_bank_train {'step': 127400, 'relative_mse': 0.006284418250409128, 'seconds': 857.8681889749132}
free_bank_train {'step': 127500, 'relative_mse': 0.0056697949373771, 'seconds': 858.5293274908327}
free_bank_train {'step': 127600, 'relative_mse': 0.004336835792535345, 'seconds': 859.1916511019226}
free_bank_train {'step': 127700, 'relative_mse': 0.006418134939423993, 'seconds': 859.857328352984}
free_bank_train {'step': 127800, 'relative_mse': 0.005002318246962453, 'seconds': 860.5230749419425}
free_bank_train {'step': 127900, 'relative_mse': 0.004919865623098655, 'seconds': 861.1906863588374}
free_bank_train {'step': 128000, 'relative_mse': 0.004974922955458148, 'seconds': 861.8588291758206}
free_bank_train {'step': 128100, 'relative_mse': 0.005780543140574551, 'seconds': 862.5254047038034}
free_bank_train {'step': 128200, 'relative_mse': 0.006198713052383759, 'seconds': 863.1945582288317}
free_bank_train {'step': 128300, 'relative_mse': 0.005962089704971416, 'seconds': 863.8610829699319}
free_bank_train {'step': 128400, 'relative_mse': 0.00513925726579614, 'seconds': 864.5291753369384}
free_bank_train {'step': 128500, 'relative_mse': 0.004685636779927177, 'seconds': 865.1958953868598}
free_bank_train {'step': 128600, 'relative_mse': 0.005747086337228786, 'seconds': 865.8618244209792}
free_bank_train {'step': 128700, 'relative_mse': 0.006479705465152558, 'seconds': 866.5322761340067}
free_bank_train {'step': 128800, 'relative_mse': 0.0057209351253383976, 'seconds': 867.1987808889244}
free_bank_train {'step': 128900, 'relative_mse': 0.0052266757100052465, 'seconds': 867.8658154108562}
free_bank_train {'step': 129000, 'relative_mse': 0.005352874781871415, 'seconds': 868.5325409129728}
free_bank_train {'step': 129100, 'relative_mse': 0.0057860769184087755, 'seconds': 869.1985755269416}
free_bank_train {'step': 129200, 'relative_mse': 0.005124084736180728, 'seconds': 869.8662885688245}
free_bank_train {'step': 129300, 'relative_mse': 0.005302225251005356, 'seconds': 870.5317294809502}
free_bank_train {'step': 129400, 'relative_mse': 0.005567750200109818, 'seconds': 871.1986987958662}
free_bank_train {'step': 129500, 'relative_mse': 0.004807252807592847, 'seconds': 871.8667817728128}
free_bank_train {'step': 129600, 'relative_mse': 0.004894643116000229, 'seconds': 872.532859910978}
free_bank_train {'step': 129700, 'relative_mse': 0.005767868201842567, 'seconds': 873.2002585039008}
free_bank_train {'step': 129800, 'relative_mse': 0.005535726400415395, 'seconds': 873.8683411898091}
free_bank_train {'step': 129900, 'relative_mse': 0.004696929042775076, 'seconds': 874.5369872399606}
free_bank_train {'step': 130000, 'relative_mse': 0.005991601684248558, 'seconds': 875.2039361188654}
free_bank_train {'step': 130100, 'relative_mse': 0.0053397662225047335, 'seconds': 876.1572769868653}
free_bank_train {'step': 130200, 'relative_mse': 0.004831119117126319, 'seconds': 876.8044501359109}
free_bank_train {'step': 130300, 'relative_mse': 0.005992222383084641, 'seconds': 877.4761336569209}
free_bank_train {'step': 130400, 'relative_mse': 0.005189120371959146, 'seconds': 878.149545759894}
free_bank_train {'step': 130500, 'relative_mse': 0.004262300444412165, 'seconds': 878.8237888410222}
free_bank_train {'step': 130600, 'relative_mse': 0.0062117257681357455, 'seconds': 879.498977315845}
free_bank_train {'step': 130700, 'relative_mse': 0.004999137055502022, 'seconds': 880.1709629129618}
free_bank_train {'step': 130800, 'relative_mse': 0.005114695142696868, 'seconds': 880.841234362917}
free_bank_train {'step': 130900, 'relative_mse': 0.004860346339260918, 'seconds': 881.5071182898246}
free_bank_train {'step': 131000, 'relative_mse': 0.005520145679430488, 'seconds': 882.1799753068481}
free_bank_train {'step': 131100, 'relative_mse': 0.005713972213253905, 'seconds': 882.8435203349218}
free_bank_train {'step': 131200, 'relative_mse': 0.006457137555390187, 'seconds': 883.5090060848743}
free_bank_train {'step': 131300, 'relative_mse': 0.00448977288530006, 'seconds': 884.1753442299087}
free_bank_train {'step': 131400, 'relative_mse': 0.006054502504934869, 'seconds': 884.8427161329892}
free_bank_train {'step': 131500, 'relative_mse': 0.005456656095024712, 'seconds': 885.5110193239525}
free_bank_train {'step': 131600, 'relative_mse': 0.005491091578781056, 'seconds': 886.1766243949533}
free_bank_train {'step': 131700, 'relative_mse': 0.006289991413634885, 'seconds': 886.8427547288593}
free_bank_train {'step': 131800, 'relative_mse': 0.004814686681782373, 'seconds': 887.5102200398687}
free_bank_train {'step': 131900, 'relative_mse': 0.005756300504471052, 'seconds': 888.1779985819012}
free_bank_train {'step': 132000, 'relative_mse': 0.005131385752384086, 'seconds': 888.8441054588184}
free_bank_train {'step': 132100, 'relative_mse': 0.005554629563822238, 'seconds': 889.5091258529574}
free_bank_train {'step': 132200, 'relative_mse': 0.005428783393892894, 'seconds': 890.1742502429988}
free_bank_train {'step': 132300, 'relative_mse': 0.0036592067746962125, 'seconds': 890.8397370518651}
free_bank_train {'step': 132400, 'relative_mse': 0.004124366285711129, 'seconds': 891.5048025168944}
free_bank_train {'step': 132500, 'relative_mse': 0.005645421469558848, 'seconds': 892.1702427368145}
free_bank_train {'step': 132600, 'relative_mse': 0.005512484629290904, 'seconds': 892.837547224015}
free_bank_train {'step': 132700, 'relative_mse': 0.004699083702019301, 'seconds': 893.5049256109633}
free_bank_train {'step': 132800, 'relative_mse': 0.00534157307826778, 'seconds': 894.170092914952}
free_bank_train {'step': 132900, 'relative_mse': 0.00413541680198765, 'seconds': 894.8350065289997}
free_bank_train {'step': 133000, 'relative_mse': 0.005400706879989087, 'seconds': 895.5029346898664}
free_bank_train {'step': 133100, 'relative_mse': 0.004865143723947887, 'seconds': 896.1694159638137}
free_bank_train {'step': 133200, 'relative_mse': 0.004834865789687564, 'seconds': 896.8369725528173}
free_bank_train {'step': 133300, 'relative_mse': 0.004936665420573353, 'seconds': 897.5044939219952}
free_bank_train {'step': 133400, 'relative_mse': 0.004640418319955294, 'seconds': 898.1734883929603}
free_bank_train {'step': 133500, 'relative_mse': 0.005691088068943327, 'seconds': 898.8396787159145}
free_bank_train {'step': 133600, 'relative_mse': 0.0044819631108293755, 'seconds': 899.5019592838362}
free_bank_train {'step': 133700, 'relative_mse': 0.0060223387300329095, 'seconds': 900.164737310959}
free_bank_train {'step': 133800, 'relative_mse': 0.004166438586564551, 'seconds': 900.8450036179274}
free_bank_train {'step': 133900, 'relative_mse': 0.005047544404581991, 'seconds': 901.5258445779327}
free_bank_train {'step': 134000, 'relative_mse': 0.004023318993456501, 'seconds': 902.1968965509441}
free_bank_train {'step': 134100, 'relative_mse': 0.004425437079928066, 'seconds': 902.8648437568918}
free_bank_train {'step': 134200, 'relative_mse': 0.005463055554641676, 'seconds': 903.5352515799459}
free_bank_train {'step': 134300, 'relative_mse': 0.0056553706027527625, 'seconds': 904.207477390999}
free_bank_train {'step': 134400, 'relative_mse': 0.004698710067417921, 'seconds': 904.8759947719518}
free_bank_train {'step': 134500, 'relative_mse': 0.004290318258210045, 'seconds': 905.545306838816}
free_bank_train {'step': 134600, 'relative_mse': 0.004795527540120821, 'seconds': 906.213984136004}
free_bank_train {'step': 134700, 'relative_mse': 0.005115978229003071, 'seconds': 906.8784130949061}
free_bank_train {'step': 134800, 'relative_mse': 0.004750705997060229, 'seconds': 907.5417904998176}
free_bank_train {'step': 134900, 'relative_mse': 0.00453711364741467, 'seconds': 908.2043698809575}
free_bank_train {'step': 135000, 'relative_mse': 0.004170197724837591, 'seconds': 908.8680891159456}
free_bank_train {'step': 135100, 'relative_mse': 0.004026715075214662, 'seconds': 909.8168088169768}
free_bank_train {'step': 135200, 'relative_mse': 0.005460971040469833, 'seconds': 910.46659825393}
free_bank_train {'step': 135300, 'relative_mse': 0.005029945874850376, 'seconds': 911.1366676220205}
free_bank_train {'step': 135400, 'relative_mse': 0.004951862569641617, 'seconds': 911.8063002040144}
free_bank_train {'step': 135500, 'relative_mse': 0.005085017813956273, 'seconds': 912.4760544979945}
free_bank_train {'step': 135600, 'relative_mse': 0.004142165299587504, 'seconds': 913.1454970207997}
free_bank_train {'step': 135700, 'relative_mse': 0.004425651350532717, 'seconds': 913.814410016872}
free_bank_train {'step': 135800, 'relative_mse': 0.005100228974996954, 'seconds': 914.4787696360145}
free_bank_train {'step': 135900, 'relative_mse': 0.004557387001066155, 'seconds': 915.143381975824}
free_bank_train {'step': 136000, 'relative_mse': 0.0042012664761582035, 'seconds': 915.806434186874}
free_bank_train {'step': 136100, 'relative_mse': 0.005125923946810631, 'seconds': 916.4599898909219}
free_bank_train {'step': 136200, 'relative_mse': 0.005259366987126193, 'seconds': 917.1292670317926}
free_bank_train {'step': 136300, 'relative_mse': 0.005053538451331276, 'seconds': 917.7999319229275}
free_bank_train {'step': 136400, 'relative_mse': 0.004484783789295961, 'seconds': 918.4706525369547}
free_bank_train {'step': 136500, 'relative_mse': 0.0037785829548200693, 'seconds': 919.1401620358229}
free_bank_train {'step': 136600, 'relative_mse': 0.005685053693284772, 'seconds': 919.8084282428026}
free_bank_train {'step': 136700, 'relative_mse': 0.003976933381729024, 'seconds': 920.4767591408454}
free_bank_train {'step': 136800, 'relative_mse': 0.00426316270148038, 'seconds': 921.1469171619974}
free_bank_train {'step': 136900, 'relative_mse': 0.004788743203391582, 'seconds': 921.8162580570206}
free_bank_train {'step': 137000, 'relative_mse': 0.004992600478342584, 'seconds': 922.4843773648608}
free_bank_train {'step': 137100, 'relative_mse': 0.0035227731447590154, 'seconds': 923.1550948009826}
free_bank_train {'step': 137200, 'relative_mse': 0.0034697861514382347, 'seconds': 923.8265185318887}
free_bank_train {'step': 137300, 'relative_mse': 0.004003289212742159, 'seconds': 924.4896807149053}
free_bank_train {'step': 137400, 'relative_mse': 0.004633212304849968, 'seconds': 925.1538399679121}
free_bank_train {'step': 137500, 'relative_mse': 0.004009603039936521, 'seconds': 925.8164536890108}
free_bank_train {'step': 137600, 'relative_mse': 0.004151402370878539, 'seconds': 926.4800476559903}
free_bank_train {'step': 137700, 'relative_mse': 0.004544745705453398, 'seconds': 927.1464250639547}
free_bank_train {'step': 137800, 'relative_mse': 0.003917981326456533, 'seconds': 927.8176839610096}
free_bank_train {'step': 137900, 'relative_mse': 0.003526024259194159, 'seconds': 928.4899626048282}
free_bank_train {'step': 138000, 'relative_mse': 0.003910822318113788, 'seconds': 929.1626783199608}
free_bank_train {'step': 138100, 'relative_mse': 0.003585802364133983, 'seconds': 929.8327402649447}
free_bank_train {'step': 138200, 'relative_mse': 0.004743019844463497, 'seconds': 930.5047934527975}
free_bank_train {'step': 138300, 'relative_mse': 0.0033660830872458154, 'seconds': 931.1751432858873}
free_bank_train {'step': 138400, 'relative_mse': 0.00408052477728272, 'seconds': 931.8445938029326}
free_bank_train {'step': 138500, 'relative_mse': 0.004438763480997584, 'seconds': 932.5150907558855}
free_bank_train {'step': 138600, 'relative_mse': 0.0049343229108240174, 'seconds': 933.185941896867}
free_bank_train {'step': 138700, 'relative_mse': 0.003359264078054536, 'seconds': 933.8578707268462}
free_bank_train {'step': 138800, 'relative_mse': 0.004355572602813553, 'seconds': 934.5302003948018}
free_bank_train {'step': 138900, 'relative_mse': 0.003659642053219836, 'seconds': 935.2016653858591}
free_bank_train {'step': 139000, 'relative_mse': 0.005018821109867104, 'seconds': 935.873213182902}
free_bank_train {'step': 139100, 'relative_mse': 0.004936164534246206, 'seconds': 936.5468120398}
free_bank_train {'step': 139200, 'relative_mse': 0.0034385872403051992, 'seconds': 937.2178136878647}
free_bank_train {'step': 139300, 'relative_mse': 0.004473779549420632, 'seconds': 937.8895441179629}
free_bank_train {'step': 139400, 'relative_mse': 0.004054032657772303, 'seconds': 938.5596627939958}
free_bank_train {'step': 139500, 'relative_mse': 0.004038073936437963, 'seconds': 939.2308238369878}
free_bank_train {'step': 139600, 'relative_mse': 0.003959241009108867, 'seconds': 939.9017859818414}
free_bank_train {'step': 139700, 'relative_mse': 0.0037901714540764563, 'seconds': 940.5719055179507}
free_bank_train {'step': 139800, 'relative_mse': 0.0040305700880915035, 'seconds': 941.2423907828052}
free_bank_train {'step': 139900, 'relative_mse': 0.003942633923468676, 'seconds': 941.906378533924}
free_bank_train {'step': 140000, 'relative_mse': 0.004254667574801655, 'seconds': 942.5720003058668}
free_bank_train {'step': 140100, 'relative_mse': 0.004289813460809663, 'seconds': 943.5731819767971}
free_bank_train {'step': 140200, 'relative_mse': 0.0033315508087007535, 'seconds': 944.2193691527937}
free_bank_train {'step': 140300, 'relative_mse': 0.0033088952728078385, 'seconds': 944.8858644708525}
free_bank_train {'step': 140400, 'relative_mse': 0.004619845957117142, 'seconds': 945.5504642568994}
free_bank_train {'step': 140500, 'relative_mse': 0.0034772618978418197, 'seconds': 946.2110450018663}
free_bank_train {'step': 140600, 'relative_mse': 0.003969792875742361, 'seconds': 946.8745556189679}
free_bank_train {'step': 140700, 'relative_mse': 0.0034482142375116096, 'seconds': 947.5351664009504}
free_bank_train {'step': 140800, 'relative_mse': 0.0036757259350538884, 'seconds': 948.2010818338022}
free_bank_train {'step': 140900, 'relative_mse': 0.004046582615410733, 'seconds': 948.8676675439347}
free_bank_train {'step': 141000, 'relative_mse': 0.00380313867356662, 'seconds': 949.534731236985}
free_bank_train {'step': 141100, 'relative_mse': 0.004326469547971145, 'seconds': 950.2017398739699}
free_bank_train {'step': 141200, 'relative_mse': 0.0033469203911582293, 'seconds': 950.8676494969986}
free_bank_train {'step': 141300, 'relative_mse': 0.003877614859787172, 'seconds': 951.5300633448642}
free_bank_train {'step': 141400, 'relative_mse': 0.003267310411657033, 'seconds': 952.1947352509014}
free_bank_train {'step': 141500, 'relative_mse': 0.0030620295918552653, 'seconds': 952.8610171799082}
free_bank_train {'step': 141600, 'relative_mse': 0.004513641580648868, 'seconds': 953.527043602895}
free_bank_train {'step': 141700, 'relative_mse': 0.004108622479784737, 'seconds': 954.191802423913}
free_bank_train {'step': 141800, 'relative_mse': 0.004180182660091508, 'seconds': 954.857201310806}
free_bank_train {'step': 141900, 'relative_mse': 0.0032774487525512237, 'seconds': 955.5232864778955}
free_bank_train {'step': 142000, 'relative_mse': 0.003508178921622099, 'seconds': 956.190456304932}
free_bank_train {'step': 142100, 'relative_mse': 0.004087627025327547, 'seconds': 956.85412730393}
free_bank_train {'step': 142200, 'relative_mse': 0.0030479507240033774, 'seconds': 957.5192950270139}
free_bank_train {'step': 142300, 'relative_mse': 0.005028252676395154, 'seconds': 958.1863080968615}
free_bank_train {'step': 142400, 'relative_mse': 0.004763994369248495, 'seconds': 958.8513143158052}
free_bank_train {'step': 142500, 'relative_mse': 0.003817328976525116, 'seconds': 959.5197379819583}
free_bank_train {'step': 142600, 'relative_mse': 0.00359652502422659, 'seconds': 960.1969528219197}
free_bank_train {'step': 142700, 'relative_mse': 0.003394954794595928, 'seconds': 960.8636834379286}
free_bank_train {'step': 142800, 'relative_mse': 0.0034325976320383773, 'seconds': 961.5310313208029}
free_bank_train {'step': 142900, 'relative_mse': 0.004121938172440623, 'seconds': 962.1986705849413}
free_bank_train {'step': 143000, 'relative_mse': 0.0031027000296905702, 'seconds': 962.8655784279108}
free_bank_train {'step': 143100, 'relative_mse': 0.004999452889572093, 'seconds': 963.5328592869919}
free_bank_train {'step': 143200, 'relative_mse': 0.0027736213043622463, 'seconds': 964.1993850748986}
free_bank_train {'step': 143300, 'relative_mse': 0.004050150900326772, 'seconds': 964.8673058778513}
free_bank_train {'step': 143400, 'relative_mse': 0.0030991761421133427, 'seconds': 965.5327606848441}
free_bank_train {'step': 143500, 'relative_mse': 0.003370384533103883, 'seconds': 966.1979253408499}
free_bank_train {'step': 143600, 'relative_mse': 0.004076126968975907, 'seconds': 966.8692608249839}
free_bank_train {'step': 143700, 'relative_mse': 0.004502380544716152, 'seconds': 967.5370003639255}
free_bank_train {'step': 143800, 'relative_mse': 0.00449937867114669, 'seconds': 968.2027784979437}
free_bank_train {'step': 143900, 'relative_mse': 0.004292949815147078, 'seconds': 968.8695826218463}
free_bank_train {'step': 144000, 'relative_mse': 0.0037409746807710188, 'seconds': 969.5371087209787}
free_bank_train {'step': 144100, 'relative_mse': 0.0045578601602479785, 'seconds': 970.2030900679529}
free_bank_train {'step': 144200, 'relative_mse': 0.0031385474245015817, 'seconds': 970.8684463449754}
free_bank_train {'step': 144300, 'relative_mse': 0.002538057702622173, 'seconds': 971.5358737458009}
free_bank_train {'step': 144400, 'relative_mse': 0.004228083061081271, 'seconds': 972.1889009079896}
free_bank_train {'step': 144500, 'relative_mse': 0.004117275724932718, 'seconds': 972.9031127698254}
free_bank_train {'step': 144600, 'relative_mse': 0.0029674710917710666, 'seconds': 973.6063377629034}
free_bank_train {'step': 144700, 'relative_mse': 0.0028127432813411235, 'seconds': 974.2851785558742}
free_bank_train {'step': 144800, 'relative_mse': 0.003299378949886056, 'seconds': 974.9577296748757}
free_bank_train {'step': 144900, 'relative_mse': 0.0027625548728499767, 'seconds': 975.6277604878414}
free_bank_train {'step': 145000, 'relative_mse': 0.003618015574802989, 'seconds': 976.2977773079183}
free_bank_train {'step': 145100, 'relative_mse': 0.003471618981441787, 'seconds': 977.2566185549367}
free_bank_train {'step': 145200, 'relative_mse': 0.0032862748149121335, 'seconds': 977.8869586009532}
free_bank_train {'step': 145300, 'relative_mse': 0.0031885666504493744, 'seconds': 978.5311779337935}
free_bank_train {'step': 145400, 'relative_mse': 0.0033432367524484107, 'seconds': 979.2255381559953}
free_bank_train {'step': 145500, 'relative_mse': 0.0026423754986613594, 'seconds': 979.9420758939814}
free_bank_train {'step': 145600, 'relative_mse': 0.0030914178941016113, 'seconds': 980.6344776039477}
free_bank_train {'step': 145700, 'relative_mse': 0.0027375407868612638, 'seconds': 981.3109282730147}
free_bank_train {'step': 145800, 'relative_mse': 0.0030590518169948755, 'seconds': 981.9786451607943}
free_bank_train {'step': 145900, 'relative_mse': 0.003009237485994386, 'seconds': 982.6441587549634}
free_bank_train {'step': 146000, 'relative_mse': 0.003053932430149415, 'seconds': 983.3089808209334}
free_bank_train {'step': 146100, 'relative_mse': 0.0033085496412402406, 'seconds': 983.9753644249868}
free_bank_train {'step': 146200, 'relative_mse': 0.0036911424918225273, 'seconds': 984.6409781100228}
free_bank_train {'step': 146300, 'relative_mse': 0.004610483708681569, 'seconds': 985.3077164168935}
free_bank_train {'step': 146400, 'relative_mse': 0.0041101204964205315, 'seconds': 985.9734542348888}
free_bank_train {'step': 146500, 'relative_mse': 0.0029076837445165824, 'seconds': 986.6365372249857}
free_bank_train {'step': 146600, 'relative_mse': 0.004033016826320833, 'seconds': 987.30211516493}
free_bank_train {'step': 146700, 'relative_mse': 0.0032464709650519793, 'seconds': 987.9757533848751}
free_bank_train {'step': 146800, 'relative_mse': 0.003100137899963931, 'seconds': 988.653905094834}
free_bank_train {'step': 146900, 'relative_mse': 0.003323650638777903, 'seconds': 989.3342001419514}
free_bank_train {'step': 147000, 'relative_mse': 0.0037079589898300473, 'seconds': 990.0133661360014}
free_bank_train {'step': 147100, 'relative_mse': 0.003324423966865821, 'seconds': 990.6938862840179}
free_bank_train {'step': 147200, 'relative_mse': 0.0032372989167045495, 'seconds': 991.3670111338142}
free_bank_train {'step': 147300, 'relative_mse': 0.0038471141154324392, 'seconds': 992.0402761090081}
free_bank_train {'step': 147400, 'relative_mse': 0.002832348842578104, 'seconds': 992.7068732639309}
free_bank_train {'step': 147500, 'relative_mse': 0.003159030061529121, 'seconds': 993.3740449550096}
free_bank_train {'step': 147600, 'relative_mse': 0.0032443348036613516, 'seconds': 994.0394710148685}
free_bank_train {'step': 147700, 'relative_mse': 0.003524023486528541, 'seconds': 994.7052509898786}
free_bank_train {'step': 147800, 'relative_mse': 0.0030920791765198506, 'seconds': 995.3718175988179}
free_bank_train {'step': 147900, 'relative_mse': 0.0038165399729066024, 'seconds': 996.0378342228942}
free_bank_train {'step': 148000, 'relative_mse': 0.002954405471465208, 'seconds': 996.7032938208431}
free_bank_train {'step': 148100, 'relative_mse': 0.002761121293024916, 'seconds': 997.3673705579713}
free_bank_train {'step': 148200, 'relative_mse': 0.003562482862091422, 'seconds': 998.0295270688366}
free_bank_train {'step': 148300, 'relative_mse': 0.00311351271118909, 'seconds': 998.6953713709954}
free_bank_train {'step': 148400, 'relative_mse': 0.0030717684070503274, 'seconds': 999.370711139869}
free_bank_train {'step': 148500, 'relative_mse': 0.0023976901312868565, 'seconds': 1000.0434962389991}
free_bank_train {'step': 148600, 'relative_mse': 0.00237886025723203, 'seconds': 1000.7121197818778}
free_bank_train {'step': 148700, 'relative_mse': 0.003294400494781804, 'seconds': 1001.3819329619873}
free_bank_train {'step': 148800, 'relative_mse': 0.002944236786926683, 'seconds': 1002.0528925519902}
free_bank_train {'step': 148900, 'relative_mse': 0.0031604020223796898, 'seconds': 1002.7241396848112}
free_bank_train {'step': 149000, 'relative_mse': 0.002525446993693603, 'seconds': 1003.3948867497966}
free_bank_train {'step': 149100, 'relative_mse': 0.003365545658283986, 'seconds': 1004.0640777607914}
free_bank_train {'step': 149200, 'relative_mse': 0.002515399414046764, 'seconds': 1004.7327235999983}
free_bank_train {'step': 149300, 'relative_mse': 0.0031763865349235276, 'seconds': 1005.4018324220087}
free_bank_train {'step': 149400, 'relative_mse': 0.002804304121181646, 'seconds': 1006.0706907068379}
free_bank_train {'step': 149500, 'relative_mse': 0.002971449558696476, 'seconds': 1006.7419706038199}
free_bank_train {'step': 149600, 'relative_mse': 0.003189443341555722, 'seconds': 1007.41221278999}
free_bank_train {'step': 149700, 'relative_mse': 0.0036737054143284745, 'seconds': 1008.0826230468228}
free_bank_train {'step': 149800, 'relative_mse': 0.0033304184537293565, 'seconds': 1008.752700780984}
free_bank_train {'step': 149900, 'relative_mse': 0.0030172835591613036, 'seconds': 1009.4216104908846}
free_bank_train {'step': 150000, 'relative_mse': 0.0037482353047337707, 'seconds': 1010.090213989839}
free_bank_train {'step': 150100, 'relative_mse': 0.003312738821695541, 'seconds': 1011.0483594608959}
free_bank_train {'step': 150200, 'relative_mse': 0.0027265024693710217, 'seconds': 1011.6835064748302}
free_bank_train {'step': 150300, 'relative_mse': 0.002837789357152291, 'seconds': 1012.3513537638355}
free_bank_train {'step': 150400, 'relative_mse': 0.004450415077249561, 'seconds': 1013.0294753888156}
free_bank_train {'step': 150500, 'relative_mse': 0.002710693645052562, 'seconds': 1013.7067775088362}
free_bank_train {'step': 150600, 'relative_mse': 0.002321021789672699, 'seconds': 1014.38542975788}
free_bank_train {'step': 150700, 'relative_mse': 0.003354035729556225, 'seconds': 1015.0551845128648}
free_bank_train {'step': 150800, 'relative_mse': 0.00333193844621383, 'seconds': 1015.7256234867964}
free_bank_train {'step': 150900, 'relative_mse': 0.002983101391063838, 'seconds': 1016.3957776268944}
free_bank_train {'step': 151000, 'relative_mse': 0.00314426939049683, 'seconds': 1017.0661074719392}
free_bank_train {'step': 151100, 'relative_mse': 0.0026221421317395477, 'seconds': 1017.7375357509591}
free_bank_train {'step': 151200, 'relative_mse': 0.0032413248097788866, 'seconds': 1018.4091656019446}
free_bank_train {'step': 151300, 'relative_mse': 0.002646880200955326, 'seconds': 1019.0798640428111}
free_bank_train {'step': 151400, 'relative_mse': 0.0031193188209117707, 'seconds': 1019.7449173959903}
free_bank_train {'step': 151500, 'relative_mse': 0.002713472604417285, 'seconds': 1020.4094629220199}
free_bank_train {'step': 151600, 'relative_mse': 0.003432781008531855, 'seconds': 1021.0739552958403}
free_bank_train {'step': 151700, 'relative_mse': 0.0022180013304739445, 'seconds': 1021.7394919318613}
free_bank_train {'step': 151800, 'relative_mse': 0.0025200826421884984, 'seconds': 1022.4043170209043}
free_bank_train {'step': 151900, 'relative_mse': 0.003107797702530412, 'seconds': 1023.0689282149542}
free_bank_train {'step': 152000, 'relative_mse': 0.003361895953846121, 'seconds': 1023.7331549259834}
free_bank_train {'step': 152100, 'relative_mse': 0.002454203091125009, 'seconds': 1024.3987292328384}
free_bank_train {'step': 152200, 'relative_mse': 0.003199978113980391, 'seconds': 1025.059403179912}
free_bank_train {'step': 152300, 'relative_mse': 0.0033138544055170806, 'seconds': 1025.7342239900026}
free_bank_train {'step': 152400, 'relative_mse': 0.0025899231376485723, 'seconds': 1026.4073060799856}
free_bank_train {'step': 152500, 'relative_mse': 0.0034534725307251296, 'seconds': 1027.081383083947}
free_bank_train {'step': 152600, 'relative_mse': 0.0025961543957203556, 'seconds': 1027.754389805952}
free_bank_train {'step': 152700, 'relative_mse': 0.0027851342244207657, 'seconds': 1028.4291985637974}
free_bank_train {'step': 152800, 'relative_mse': 0.003151949862236202, 'seconds': 1029.103893267922}
free_bank_train {'step': 152900, 'relative_mse': 0.0033185614331838467, 'seconds': 1029.7751627699472}
free_bank_train {'step': 153000, 'relative_mse': 0.002377422159650053, 'seconds': 1030.4430166149978}
free_bank_train {'step': 153100, 'relative_mse': 0.00332703032999816, 'seconds': 1031.1129698578734}
free_bank_train {'step': 153200, 'relative_mse': 0.00305521697573275, 'seconds': 1031.780215056846}
free_bank_train {'step': 153300, 'relative_mse': 0.0030965988248175848, 'seconds': 1032.444283770863}
free_bank_train {'step': 153400, 'relative_mse': 0.003068034912429052, 'seconds': 1033.1053157278802}
free_bank_train {'step': 153500, 'relative_mse': 0.0028043547220921957, 'seconds': 1033.7666715818923}
free_bank_train {'step': 153600, 'relative_mse': 0.0034197984172328268, 'seconds': 1034.426173949847}
free_bank_train {'step': 153700, 'relative_mse': 0.0025597270530674323, 'seconds': 1035.1000641118735}
free_bank_train {'step': 153800, 'relative_mse': 0.0026322227351031425, 'seconds': 1035.7741966790054}
free_bank_train {'step': 153900, 'relative_mse': 0.0025726013552214103, 'seconds': 1036.4479697488714}
free_bank_train {'step': 154000, 'relative_mse': 0.0024409664520974065, 'seconds': 1037.1197530250065}
free_bank_train {'step': 154100, 'relative_mse': 0.0027454033738460453, 'seconds': 1037.7952687148936}
free_bank_train {'step': 154200, 'relative_mse': 0.0029700628633021553, 'seconds': 1038.4664452448487}
free_bank_train {'step': 154300, 'relative_mse': 0.0021535203324266963, 'seconds': 1039.1436860568356}
free_bank_train {'step': 154400, 'relative_mse': 0.0033274392041250343, 'seconds': 1039.8116911610123}
free_bank_train {'step': 154500, 'relative_mse': 0.0022006695536999623, 'seconds': 1040.4798717438243}
free_bank_train {'step': 154600, 'relative_mse': 0.0028858796081865285, 'seconds': 1041.1506371339783}
free_bank_train {'step': 154700, 'relative_mse': 0.002648109186945741, 'seconds': 1041.817441928899}
free_bank_train {'step': 154800, 'relative_mse': 0.003065096564226289, 'seconds': 1042.4868497278076}
free_bank_train {'step': 154900, 'relative_mse': 0.003272408932285042, 'seconds': 1043.154900410911}
free_bank_train {'step': 155000, 'relative_mse': 0.0028280366241670374, 'seconds': 1043.8232138138264}
free_bank_train {'step': 155100, 'relative_mse': 0.0021650489619525247, 'seconds': 1044.781660669949}
free_bank_train {'step': 155200, 'relative_mse': 0.0025849177063003654, 'seconds': 1045.423275039997}
free_bank_train {'step': 155300, 'relative_mse': 0.002591994752403121, 'seconds': 1046.090039824834}
free_bank_train {'step': 155400, 'relative_mse': 0.0032318628296168573, 'seconds': 1046.7626914638095}
free_bank_train {'step': 155500, 'relative_mse': 0.004224157110770899, 'seconds': 1047.4318500380032}
free_bank_train {'step': 155600, 'relative_mse': 0.003967607447485476, 'seconds': 1048.1037349828985}
free_bank_train {'step': 155700, 'relative_mse': 0.002727833646190194, 'seconds': 1048.773704981897}
free_bank_train {'step': 155800, 'relative_mse': 0.002371954699716973, 'seconds': 1049.4412957308814}
free_bank_train {'step': 155900, 'relative_mse': 0.0026945478883488635, 'seconds': 1050.111395386979}
free_bank_train {'step': 156000, 'relative_mse': 0.003329704518885171, 'seconds': 1050.7808469948359}
free_bank_train {'step': 156100, 'relative_mse': 0.002975344805945021, 'seconds': 1051.4509948908817}
free_bank_train {'step': 156200, 'relative_mse': 0.002647857535829524, 'seconds': 1052.1325982320122}
free_bank_train {'step': 156300, 'relative_mse': 0.002772656881643655, 'seconds': 1052.8084621699527}
free_bank_train {'step': 156400, 'relative_mse': 0.0028865069928964123, 'seconds': 1053.4777722328436}
free_bank_train {'step': 156500, 'relative_mse': 0.002456828265469386, 'seconds': 1054.148645374924}
free_bank_train {'step': 156600, 'relative_mse': 0.0020401997104220193, 'seconds': 1054.818229097873}
free_bank_train {'step': 156700, 'relative_mse': 0.003269041478938757, 'seconds': 1055.489894674858}
free_bank_train {'step': 156800, 'relative_mse': 0.0034949845998608242, 'seconds': 1056.1601802529767}
free_bank_train {'step': 156900, 'relative_mse': 0.003173918018340976, 'seconds': 1056.8290828769095}
free_bank_train {'step': 157000, 'relative_mse': 0.0037583984722762095, 'seconds': 1057.4953599509317}
free_bank_train {'step': 157100, 'relative_mse': 0.0024933511260028227, 'seconds': 1058.1646177058574}
free_bank_train {'step': 157200, 'relative_mse': 0.0026315471111742297, 'seconds': 1058.834704904817}
free_bank_train {'step': 157300, 'relative_mse': 0.003477614601937566, 'seconds': 1059.5032361499034}
free_bank_train {'step': 157400, 'relative_mse': 0.0020827852094774386, 'seconds': 1060.1713685488794}
free_bank_train {'step': 157500, 'relative_mse': 0.001980150009988616, 'seconds': 1060.8396946028806}
free_bank_train {'step': 157600, 'relative_mse': 0.0024773731991109245, 'seconds': 1061.5056884619407}
free_bank_train {'step': 157700, 'relative_mse': 0.0030969531542719615, 'seconds': 1062.1704008278903}
free_bank_train {'step': 157800, 'relative_mse': 0.0029405811058796243, 'seconds': 1062.8360876808874}
free_bank_train {'step': 157900, 'relative_mse': 0.0033140360274343706, 'seconds': 1063.4988002448808}
free_bank_train {'step': 158000, 'relative_mse': 0.0029689112368743702, 'seconds': 1064.1659595489036}
free_bank_train {'step': 158100, 'relative_mse': 0.003258803970147734, 'seconds': 1064.8396538458765}
free_bank_train {'step': 158200, 'relative_mse': 0.002352515862604857, 'seconds': 1065.5127899099607}
free_bank_train {'step': 158300, 'relative_mse': 0.002218512181450937, 'seconds': 1066.187482663896}
free_bank_train {'step': 158400, 'relative_mse': 0.001961230176347609, 'seconds': 1066.8577247848734}
free_bank_train {'step': 158500, 'relative_mse': 0.0027757338594201443, 'seconds': 1067.5232560478617}
free_bank_train {'step': 158600, 'relative_mse': 0.0028351527758937985, 'seconds': 1068.1884863039013}
free_bank_train {'step': 158700, 'relative_mse': 0.002613779536573914, 'seconds': 1068.8538499739952}
free_bank_train {'step': 158800, 'relative_mse': 0.0033287685894091987, 'seconds': 1069.5211635970045}
free_bank_train {'step': 158900, 'relative_mse': 0.0029403173637117287, 'seconds': 1070.187361304881}
free_bank_train {'step': 159000, 'relative_mse': 0.002747711713901839, 'seconds': 1070.8517474178225}
free_bank_train {'step': 159100, 'relative_mse': 0.0032030087020724946, 'seconds': 1071.5085852798074}
free_bank_train {'step': 159200, 'relative_mse': 0.0030964275202740215, 'seconds': 1072.185674836859}
free_bank_train {'step': 159300, 'relative_mse': 0.001936611042075212, 'seconds': 1072.865910454886}
free_bank_train {'step': 159400, 'relative_mse': 0.003311621049063298, 'seconds': 1073.545515595004}
free_bank_train {'step': 159500, 'relative_mse': 0.00272578852547753, 'seconds': 1074.2205342098605}
free_bank_train {'step': 159600, 'relative_mse': 0.0019030321648218333, 'seconds': 1074.892697576899}
free_bank_train {'step': 159700, 'relative_mse': 0.003691101635118811, 'seconds': 1075.565606863005}
free_bank_train {'step': 159800, 'relative_mse': 0.0023068023072104374, 'seconds': 1076.2378174378537}
free_bank_train {'step': 159900, 'relative_mse': 0.0016247693408940793, 'seconds': 1076.910951694008}
free_bank_train {'step': 160000, 'relative_mse': 0.003086298456242483, 'seconds': 1077.5836300989613}
free_bank_train {'step': 160100, 'relative_mse': 0.0030811867036181296, 'seconds': 1078.5630724928342}
free_bank_train {'step': 160200, 'relative_mse': 0.004351074552463308, 'seconds': 1079.2172075079288}
free_bank_train {'step': 160300, 'relative_mse': 0.002788077079881954, 'seconds': 1079.8911769900005}
free_bank_train {'step': 160400, 'relative_mse': 0.002208335717528803, 'seconds': 1080.5615215888247}
free_bank_train {'step': 160500, 'relative_mse': 0.002074441360671156, 'seconds': 1081.2284874957986}
free_bank_train {'step': 160600, 'relative_mse': 0.0025310353276011086, 'seconds': 1081.897167746909}
free_bank_train {'step': 160700, 'relative_mse': 0.0021666472367561267, 'seconds': 1082.5661012697965}
free_bank_train {'step': 160800, 'relative_mse': 0.0022459042497850958, 'seconds': 1083.2289692249615}
free_bank_train {'step': 160900, 'relative_mse': 0.0031584870039375783, 'seconds': 1083.8904949808493}
free_bank_train {'step': 161000, 'relative_mse': 0.002122219566272323, 'seconds': 1084.5548253159504}
free_bank_train {'step': 161100, 'relative_mse': 0.0019464650927214244, 'seconds': 1085.230427218834}
free_bank_train {'step': 161200, 'relative_mse': 0.003230765372960266, 'seconds': 1085.9001154969446}
free_bank_train {'step': 161300, 'relative_mse': 0.0021057734301730088, 'seconds': 1086.567568628816}
free_bank_train {'step': 161400, 'relative_mse': 0.0022435016526170786, 'seconds': 1087.237180321943}
free_bank_train {'step': 161500, 'relative_mse': 0.0023577556581066005, 'seconds': 1087.9063347137999}
free_bank_train {'step': 161600, 'relative_mse': 0.0028272571086302356, 'seconds': 1088.5756341509987}
free_bank_train {'step': 161700, 'relative_mse': 0.0028499677638173394, 'seconds': 1089.2468350608833}
free_bank_train {'step': 161800, 'relative_mse': 0.0022182912011262804, 'seconds': 1089.9171168648172}
free_bank_train {'step': 161900, 'relative_mse': 0.0021073983960793615, 'seconds': 1090.585862475913}
free_bank_train {'step': 162000, 'relative_mse': 0.002317528257171379, 'seconds': 1091.2571516667958}
free_bank_train {'step': 162100, 'relative_mse': 0.0031741561648518336, 'seconds': 1091.9276304009836}
free_bank_train {'step': 162200, 'relative_mse': 0.002429329487529976, 'seconds': 1092.6001832699403}
free_bank_train {'step': 162300, 'relative_mse': 0.002113313692955621, 'seconds': 1093.26929271291}
free_bank_train {'step': 162400, 'relative_mse': 0.0021213585524440504, 'seconds': 1093.9384010748472}
free_bank_train {'step': 162500, 'relative_mse': 0.0027293858719150705, 'seconds': 1094.6100173348095}
free_bank_train {'step': 162600, 'relative_mse': 0.0025059096711410817, 'seconds': 1095.2803536599968}
free_bank_train {'step': 162700, 'relative_mse': 0.0028798526447407526, 'seconds': 1095.952416654909}
free_bank_train {'step': 162800, 'relative_mse': 0.002501248752202559, 'seconds': 1096.6226789657958}
free_bank_train {'step': 162900, 'relative_mse': 0.0017063935232352941, 'seconds': 1097.2908864398487}
free_bank_train {'step': 163000, 'relative_mse': 0.0022979495109217434, 'seconds': 1097.9584820549935}
free_bank_train {'step': 163100, 'relative_mse': 0.0032207582157580033, 'seconds': 1098.6229951488785}
free_bank_train {'step': 163200, 'relative_mse': 0.0027889697463069425, 'seconds': 1099.2876090358477}
free_bank_train {'step': 163300, 'relative_mse': 0.002731587089634801, 'seconds': 1099.9521244668867}
free_bank_train {'step': 163400, 'relative_mse': 0.0024607948402395993, 'seconds': 1100.6194805989508}
free_bank_train {'step': 163500, 'relative_mse': 0.001575352676849048, 'seconds': 1101.2975466579664}
free_bank_train {'step': 163600, 'relative_mse': 0.001716319796995026, 'seconds': 1101.9742090699729}
free_bank_train {'step': 163700, 'relative_mse': 0.002869601025288913, 'seconds': 1102.6544364888687}
free_bank_train {'step': 163800, 'relative_mse': 0.00214536835565668, 'seconds': 1103.3311867548618}
free_bank_train {'step': 163900, 'relative_mse': 0.0019291187292792375, 'seconds': 1104.0099061687943}
free_bank_train {'step': 164000, 'relative_mse': 0.003235451858357138, 'seconds': 1104.686515857}
free_bank_train {'step': 164100, 'relative_mse': 0.0024055831884226466, 'seconds': 1105.3519646348432}
free_bank_train {'step': 164200, 'relative_mse': 0.0028041548090313125, 'seconds': 1106.0143400959205}
free_bank_train {'step': 164300, 'relative_mse': 0.001973668356438343, 'seconds': 1106.6798313308973}
free_bank_train {'step': 164400, 'relative_mse': 0.0029612194702981, 'seconds': 1107.3463373759296}
free_bank_train {'step': 164500, 'relative_mse': 0.0023805817744540414, 'seconds': 1108.006404304877}
free_bank_train {'step': 164600, 'relative_mse': 0.001748453919267028, 'seconds': 1108.6759112649597}
free_bank_train {'step': 164700, 'relative_mse': 0.0024184074291085404, 'seconds': 1109.3454408338293}
free_bank_train {'step': 164800, 'relative_mse': 0.002279577460713006, 'seconds': 1110.0149270598777}
free_bank_train {'step': 164900, 'relative_mse': 0.002203541002201805, 'seconds': 1110.6787414159626}
free_bank_train {'step': 165000, 'relative_mse': 0.0018043469098383766, 'seconds': 1111.342993341852}
free_bank_train {'step': 165100, 'relative_mse': 0.002156751594190505, 'seconds': 1112.3122893858235}
free_bank_train {'step': 165200, 'relative_mse': 0.0020585425755741587, 'seconds': 1112.9618269468192}
free_bank_train {'step': 165300, 'relative_mse': 0.0022174361899411103, 'seconds': 1113.6353346228134}
free_bank_train {'step': 165400, 'relative_mse': 0.0019864646610483518, 'seconds': 1114.3097685519606}
free_bank_train {'step': 165500, 'relative_mse': 0.0029029437322770357, 'seconds': 1114.982201373903}
free_bank_train {'step': 165600, 'relative_mse': 0.001719681644117393, 'seconds': 1115.6506651178934}
free_bank_train {'step': 165700, 'relative_mse': 0.0021174039130099527, 'seconds': 1116.3173009939492}
free_bank_train {'step': 165800, 'relative_mse': 0.002104080437043797, 'seconds': 1116.9824976329692}
free_bank_train {'step': 165900, 'relative_mse': 0.0018973832478002587, 'seconds': 1117.643868675921}
free_bank_train {'step': 166000, 'relative_mse': 0.002833427656574801, 'seconds': 1118.3120738039725}
free_bank_train {'step': 166100, 'relative_mse': 0.0025640406552160295, 'seconds': 1118.9829029520042}
free_bank_train {'step': 166200, 'relative_mse': 0.0022173043125613043, 'seconds': 1119.6537460389081}
free_bank_train {'step': 166300, 'relative_mse': 0.0029195468602241357, 'seconds': 1120.3237616128754}
free_bank_train {'step': 166400, 'relative_mse': 0.0018952855705221868, 'seconds': 1120.9947740158532}
free_bank_train {'step': 166500, 'relative_mse': 0.0018715372613716122, 'seconds': 1121.6667405078188}
free_bank_train {'step': 166600, 'relative_mse': 0.002282693296021172, 'seconds': 1122.3386002220213}
free_bank_train {'step': 166700, 'relative_mse': 0.0021738334190373404, 'seconds': 1123.0088601969182}
free_bank_train {'step': 166800, 'relative_mse': 0.00314727548295251, 'seconds': 1123.6777652758174}
free_bank_train {'step': 166900, 'relative_mse': 0.0022827406334831437, 'seconds': 1124.3489080609288}
free_bank_train {'step': 167000, 'relative_mse': 0.0019582409422694816, 'seconds': 1125.0199906940106}
free_bank_train {'step': 167100, 'relative_mse': 0.001712765962537266, 'seconds': 1125.690674718935}
free_bank_train {'step': 167200, 'relative_mse': 0.0018619438291469833, 'seconds': 1126.3611739999615}
free_bank_train {'step': 167300, 'relative_mse': 0.0022871072313203882, 'seconds': 1127.0339234138373}
free_bank_train {'step': 167400, 'relative_mse': 0.0025620886250917034, 'seconds': 1127.7072220158298}
free_bank_train {'step': 167500, 'relative_mse': 0.0018284682676070363, 'seconds': 1128.3785738039296}
free_bank_train {'step': 167600, 'relative_mse': 0.0025616557680112092, 'seconds': 1129.0500769319478}
free_bank_train {'step': 167700, 'relative_mse': 0.0022676632973916084, 'seconds': 1129.7223069949541}
free_bank_train {'step': 167800, 'relative_mse': 0.0026486519363712706, 'seconds': 1130.3921030228958}
free_bank_train {'step': 167900, 'relative_mse': 0.001797572891063827, 'seconds': 1131.0645283327904}
free_bank_train {'step': 168000, 'relative_mse': 0.002529896320735659, 'seconds': 1131.7370304989163}
free_bank_train {'step': 168100, 'relative_mse': 0.0018777539733560488, 'seconds': 1132.4083123549353}
free_bank_train {'step': 168200, 'relative_mse': 0.0017191563413738473, 'seconds': 1133.0770702669397}
free_bank_train {'step': 168300, 'relative_mse': 0.002342443989158431, 'seconds': 1133.7474147567991}
free_bank_train {'step': 168400, 'relative_mse': 0.0022501284345710147, 'seconds': 1134.4146481638309}
free_bank_train {'step': 168500, 'relative_mse': 0.00205741329914167, 'seconds': 1135.079244876979}
free_bank_train {'step': 168600, 'relative_mse': 0.0022452872579583898, 'seconds': 1135.745166018838}
free_bank_train {'step': 168700, 'relative_mse': 0.002161566223728096, 'seconds': 1136.4098674529232}
free_bank_train {'step': 168800, 'relative_mse': 0.0022171212658382206, 'seconds': 1137.0692615360022}
free_bank_train {'step': 168900, 'relative_mse': 0.003277434896973882, 'seconds': 1137.7382006889675}
free_bank_train {'step': 169000, 'relative_mse': 0.002101154013875446, 'seconds': 1138.4067224899773}
free_bank_train {'step': 169100, 'relative_mse': 0.003248894256619079, 'seconds': 1139.0748806619085}
free_bank_train {'step': 169200, 'relative_mse': 0.00271730284553738, 'seconds': 1139.744523086818}
free_bank_train {'step': 169300, 'relative_mse': 0.0018786754197434223, 'seconds': 1140.413079713937}
free_bank_train {'step': 169400, 'relative_mse': 0.001612975586768612, 'seconds': 1141.0803332179785}
free_bank_train {'step': 169500, 'relative_mse': 0.002140669435845741, 'seconds': 1141.7499384088442}
free_bank_train {'step': 169600, 'relative_mse': 0.0016494238313624042, 'seconds': 1142.4115975098684}
free_bank_train {'step': 169700, 'relative_mse': 0.0015943208252684232, 'seconds': 1143.0830353258643}
free_bank_train {'step': 169800, 'relative_mse': 0.002945865902123625, 'seconds': 1143.7490829818416}
free_bank_train {'step': 169900, 'relative_mse': 0.002121407142854837, 'seconds': 1144.4206529490184}
free_bank_train {'step': 170000, 'relative_mse': 0.0019343434084001764, 'seconds': 1145.090866153827}
free_bank_train {'step': 170100, 'relative_mse': 0.002203139616104718, 'seconds': 1146.0779314828105}
free_bank_train {'step': 170200, 'relative_mse': 0.001985595609716278, 'seconds': 1146.724084208021}
free_bank_train {'step': 170300, 'relative_mse': 0.0021710867872442004, 'seconds': 1147.4038098368328}
free_bank_train {'step': 170400, 'relative_mse': 0.0022068538447768083, 'seconds': 1148.086907949997}
free_bank_train {'step': 170500, 'relative_mse': 0.0024561105157102853, 'seconds': 1148.8183697517961}
free_bank_train {'step': 170600, 'relative_mse': 0.0022513295860666117, 'seconds': 1149.4879843317904}
free_bank_train {'step': 170700, 'relative_mse': 0.0023241127231241423, 'seconds': 1150.1550698969513}
free_bank_train {'step': 170800, 'relative_mse': 0.0019962849765393816, 'seconds': 1150.8172026379034}
free_bank_train {'step': 170900, 'relative_mse': 0.002035124301431846, 'seconds': 1151.4772749438416}
free_bank_train {'step': 171000, 'relative_mse': 0.0023339453239745378, 'seconds': 1152.140449183993}
free_bank_train {'step': 171100, 'relative_mse': 0.001875149838646225, 'seconds': 1152.8056817359757}
free_bank_train {'step': 171200, 'relative_mse': 0.0027963399349499526, 'seconds': 1153.4771142359823}
free_bank_train {'step': 171300, 'relative_mse': 0.0027779078581935826, 'seconds': 1154.155249870848}
free_bank_train {'step': 171400, 'relative_mse': 0.002025146810641477, 'seconds': 1154.8339308938012}
free_bank_train {'step': 171500, 'relative_mse': 0.0030051569022229705, 'seconds': 1155.5115947169252}
free_bank_train {'step': 171600, 'relative_mse': 0.0021495973148170132, 'seconds': 1156.1905673209112}
free_bank_train {'step': 171700, 'relative_mse': 0.0019088059096409118, 'seconds': 1156.8661459449213}
free_bank_train {'step': 171800, 'relative_mse': 0.002097131709003366, 'seconds': 1157.536980150966}
free_bank_train {'step': 171900, 'relative_mse': 0.001802413954538798, 'seconds': 1158.2094823038206}
free_bank_train {'step': 172000, 'relative_mse': 0.0025302034448206924, 'seconds': 1158.880202027969}
free_bank_train {'step': 172100, 'relative_mse': 0.0023581654265521627, 'seconds': 1159.5517357618082}
free_bank_train {'step': 172200, 'relative_mse': 0.0023266519598892582, 'seconds': 1160.2248862558044}
free_bank_train {'step': 172300, 'relative_mse': 0.002132897697149014, 'seconds': 1160.8956815509591}
free_bank_train {'step': 172400, 'relative_mse': 0.0015728468650271544, 'seconds': 1161.567177799996}
free_bank_train {'step': 172500, 'relative_mse': 0.0018809982055213903, 'seconds': 1162.2400199759286}
free_bank_train {'step': 172600, 'relative_mse': 0.0025365065354038935, 'seconds': 1162.9111593610141}
free_bank_train {'step': 172700, 'relative_mse': 0.00177108294353507, 'seconds': 1163.5850099748932}
free_bank_train {'step': 172800, 'relative_mse': 0.002385399917855438, 'seconds': 1164.2571945989039}
free_bank_train {'step': 172900, 'relative_mse': 0.002803975727640122, 'seconds': 1164.9299921859056}
free_bank_train {'step': 173000, 'relative_mse': 0.0015288571707743365, 'seconds': 1165.602407302009}
free_bank_train {'step': 173100, 'relative_mse': 0.0022809436583086555, 'seconds': 1166.2736213039607}
free_bank_train {'step': 173200, 'relative_mse': 0.0021392693303652318, 'seconds': 1166.9467221808154}
free_bank_train {'step': 173300, 'relative_mse': 0.0024654194537281553, 'seconds': 1167.6111656508874}
free_bank_train {'step': 173400, 'relative_mse': 0.0025354847386235384, 'seconds': 1168.2777685909532}
free_bank_train {'step': 173500, 'relative_mse': 0.002486319657430328, 'seconds': 1168.9442987139337}
free_bank_train {'step': 173600, 'relative_mse': 0.002444736631850816, 'seconds': 1169.611230750801}
free_bank_train {'step': 173700, 'relative_mse': 0.002214087237302879, 'seconds': 1170.2815292738378}
free_bank_train {'step': 173800, 'relative_mse': 0.0023429372820950103, 'seconds': 1170.9492207758594}
free_bank_train {'step': 173900, 'relative_mse': 0.0021805467506617747, 'seconds': 1171.6166488339659}
free_bank_train {'step': 174000, 'relative_mse': 0.0020292044705112347, 'seconds': 1172.2834654159378}
free_bank_train {'step': 174100, 'relative_mse': 0.0022777889868868095, 'seconds': 1172.9479690887965}
free_bank_train {'step': 174200, 'relative_mse': 0.002102035207202671, 'seconds': 1173.6152274839114}
free_bank_train {'step': 174300, 'relative_mse': 0.0019091261636133173, 'seconds': 1174.282323845895}
free_bank_train {'step': 174400, 'relative_mse': 0.002458668112819964, 'seconds': 1174.9488886299077}
free_bank_train {'step': 174500, 'relative_mse': 0.003004140061709023, 'seconds': 1175.6156509588473}
free_bank_train {'step': 174600, 'relative_mse': 0.001804049047998267, 'seconds': 1176.2818671979476}
free_bank_train {'step': 174700, 'relative_mse': 0.0016444526662943762, 'seconds': 1176.9473256538622}
free_bank_train {'step': 174800, 'relative_mse': 0.0021863512001961205, 'seconds': 1177.6153382349294}
free_bank_train {'step': 174900, 'relative_mse': 0.002619767807384266, 'seconds': 1178.2821770599112}
free_bank_train {'step': 175000, 'relative_mse': 0.0021647609023244564, 'seconds': 1178.9523074838798}
free_bank_train {'step': 175100, 'relative_mse': 0.0015693372636792508, 'seconds': 1179.9264521349687}
free_bank_train {'step': 175200, 'relative_mse': 0.0018644924673942857, 'seconds': 1180.577194858808}
free_bank_train {'step': 175300, 'relative_mse': 0.001557632405129899, 'seconds': 1181.2568545539398}
free_bank_train {'step': 175400, 'relative_mse': 0.0021463978108019416, 'seconds': 1181.935400876915}
free_bank_train {'step': 175500, 'relative_mse': 0.0022813364426278715, 'seconds': 1182.6108187679201}
free_bank_train {'step': 175600, 'relative_mse': 0.0018681832071648044, 'seconds': 1183.2861338569783}
free_bank_train {'step': 175700, 'relative_mse': 0.0020624874020589317, 'seconds': 1183.961674590828}
free_bank_train {'step': 175800, 'relative_mse': 0.002816072954785382, 'seconds': 1184.6360546587966}
free_bank_train {'step': 175900, 'relative_mse': 0.0026445340965460654, 'seconds': 1185.312476699939}
free_bank_train {'step': 176000, 'relative_mse': 0.0017511928992957654, 'seconds': 1185.9869957999326}
free_bank_train {'step': 176100, 'relative_mse': 0.0019108348037855099, 'seconds': 1186.658162558917}
free_bank_train {'step': 176200, 'relative_mse': 0.0022281355632136094, 'seconds': 1187.325722083915}
free_bank_train {'step': 176300, 'relative_mse': 0.0015053704741246174, 'seconds': 1187.993614433799}
free_bank_train {'step': 176400, 'relative_mse': 0.0015191433389050882, 'seconds': 1188.6652517318726}
free_bank_train {'step': 176500, 'relative_mse': 0.0018446930450019656, 'seconds': 1189.3364540569019}
free_bank_train {'step': 176600, 'relative_mse': 0.001835648681008044, 'seconds': 1190.0050651289057}
free_bank_train {'step': 176700, 'relative_mse': 0.0016202287888851018, 'seconds': 1190.6759483770002}
free_bank_train {'step': 176800, 'relative_mse': 0.0022809971297851374, 'seconds': 1191.3410677770153}
free_bank_train {'step': 176900, 'relative_mse': 0.0020380764093080725, 'seconds': 1192.0048216679133}
free_bank_train {'step': 177000, 'relative_mse': 0.0019398522907612629, 'seconds': 1192.6671092759352}
free_bank_train {'step': 177100, 'relative_mse': 0.0016531373377976178, 'seconds': 1193.3308979310095}
free_bank_train {'step': 177200, 'relative_mse': 0.0023282640459560836, 'seconds': 1193.9969411918428}
free_bank_train {'step': 177300, 'relative_mse': 0.002936293324307771, 'seconds': 1194.662474266952}
free_bank_train {'step': 177400, 'relative_mse': 0.002198280198814396, 'seconds': 1195.3273781258613}
free_bank_train {'step': 177500, 'relative_mse': 0.0023214236812583344, 'seconds': 1196.004863907816}
free_bank_train {'step': 177600, 'relative_mse': 0.0019133811579988545, 'seconds': 1196.6840685040224}
free_bank_train {'step': 177700, 'relative_mse': 0.0022802869756369517, 'seconds': 1197.3618193019647}
free_bank_train {'step': 177800, 'relative_mse': 0.001485790894839138, 'seconds': 1198.0393329018261}
free_bank_train {'step': 177900, 'relative_mse': 0.002247731695945219, 'seconds': 1198.7180272107944}
free_bank_train {'step': 178000, 'relative_mse': 0.0018996191840981232, 'seconds': 1199.3970772568136}
free_bank_train {'step': 178100, 'relative_mse': 0.0021816970046834713, 'seconds': 1200.069977083942}
PCA_HEAD {'step': 1, 'relative_mse': 0.1986787684582907, 'seconds': 3.7101753528695554}
PCA_HEAD {'step': 500, 'relative_mse': 0.040506840201811924, 'seconds': 4.237319136038423}
PCA_HEAD {'step': 1000, 'relative_mse': 0.027040555556643003, 'seconds': 4.598375150933862}
PCA_HEAD {'step': 1500, 'relative_mse': 0.023894130453225707, 'seconds': 4.966085942927748}
PCA_HEAD {'step': 2000, 'relative_mse': 0.021676542287822585, 'seconds': 5.32974057784304}
PCA_HEAD {'step': 2500, 'relative_mse': 0.017922318251257265, 'seconds': 5.694099551998079}
PCA_HEAD {'step': 3000, 'relative_mse': 0.017080217815074697, 'seconds': 6.0632121209055185}
PCA_HEAD {'step': 3500, 'relative_mse': 0.01686562812764901, 'seconds': 6.429970850003883}
PCA_HEAD {'step': 4000, 'relative_mse': 0.015467041853223756, 'seconds': 6.796698911814019}
PCA_HEAD {'step': 4500, 'relative_mse': 0.014909684129247949, 'seconds': 7.164509108988568}
PCA_HEAD {'step': 5000, 'relative_mse': 0.013824675589314203, 'seconds': 7.53198351780884}
PCA_HEAD {'step': 5500, 'relative_mse': 0.01398215262124051, 'seconds': 8.066175671992823}
PCA_HEAD {'step': 6000, 'relative_mse': 0.01387056548192895, 'seconds': 8.43285001302138}
PCA_HEAD {'step': 6500, 'relative_mse': 0.013137094664552734, 'seconds': 8.804288394981995}
PCA_HEAD {'step': 7000, 'relative_mse': 0.014171346907642596, 'seconds': 9.171265300828964}
PCA_HEAD {'step': 7500, 'relative_mse': 0.01157351940616361, 'seconds': 9.539572407957166}
PCA_HEAD {'step': 8000, 'relative_mse': 0.012917442809735863, 'seconds': 9.910221647005528}
PCA_HEAD {'step': 8500, 'relative_mse': 0.01144810058462149, 'seconds': 10.27908989903517}
PCA_HEAD {'step': 9000, 'relative_mse': 0.011910052697200137, 'seconds': 10.649032085901126}
PCA_HEAD {'step': 9500, 'relative_mse': 0.012601337951989935, 'seconds': 11.019209241028875}
PCA_HEAD {'step': 10000, 'relative_mse': 0.0115395947049683, 'seconds': 11.388812310993671}
PCA_HEAD {'step': 10500, 'relative_mse': 0.011426975801405784, 'seconds': 11.894012639997527}
PCA_HEAD {'step': 11000, 'relative_mse': 0.011678496284435687, 'seconds': 12.263827251968905}
PCA_HEAD {'step': 11500, 'relative_mse': 0.011398627560573396, 'seconds': 12.635575989028439}
PCA_HEAD {'step': 12000, 'relative_mse': 0.011213982988881831, 'seconds': 13.00543059897609}
PCA_HEAD {'step': 12500, 'relative_mse': 0.009686831083552873, 'seconds': 13.375405565835536}
PCA_HEAD {'step': 13000, 'relative_mse': 0.011159685750671992, 'seconds': 13.74738626088947}
PCA_HEAD {'step': 13500, 'relative_mse': 0.009797188868923988, 'seconds': 14.118281846866012}
PCA_HEAD {'step': 14000, 'relative_mse': 0.010418007213120063, 'seconds': 14.489735387032852}
PCA_HEAD {'step': 14500, 'relative_mse': 0.009815723044763403, 'seconds': 14.862728190841153}
PCA_HEAD {'step': 15000, 'relative_mse': 0.009424271363825587, 'seconds': 15.23379214387387}
PCA_HEAD {'step': 15500, 'relative_mse': 0.0094889386811433, 'seconds': 15.75473488890566}
PCA_HEAD {'step': 16000, 'relative_mse': 0.00899280556477325, 'seconds': 16.125074571929872}
PCA_HEAD {'step': 16500, 'relative_mse': 0.008951178407157319, 'seconds': 16.500834067817777}
PCA_HEAD {'step': 17000, 'relative_mse': 0.009898007851925935, 'seconds': 16.871194793842733}
PCA_HEAD {'step': 17500, 'relative_mse': 0.008820942008978823, 'seconds': 17.244270083960146}
PCA_HEAD {'step': 18000, 'relative_mse': 0.009710871117022683, 'seconds': 17.61888985685073}
PCA_HEAD {'step': 18500, 'relative_mse': 0.009161696628921863, 'seconds': 17.989978653844446}
PCA_HEAD {'step': 19000, 'relative_mse': 0.00828005939637869, 'seconds': 18.365443172864616}
PCA_HEAD {'step': 19500, 'relative_mse': 0.008613142471077386, 'seconds': 18.73841794882901}
PCA_HEAD {'step': 20000, 'relative_mse': 0.008652310114823019, 'seconds': 19.110967132961378}
PCA_HEAD {'step': 20500, 'relative_mse': 0.00877025848465528, 'seconds': 19.648743823869154}
PCA_HEAD {'step': 21000, 'relative_mse': 0.00798579724121045, 'seconds': 20.019471358973533}
PCA_HEAD {'step': 21500, 'relative_mse': 0.008265428565557998, 'seconds': 20.398274092935026}
PCA_HEAD {'step': 22000, 'relative_mse': 0.007962475104197996, 'seconds': 20.770821075886488}
PCA_HEAD {'step': 22500, 'relative_mse': 0.007613100743169819, 'seconds': 21.144538871012628}
PCA_HEAD {'step': 23000, 'relative_mse': 0.008413104113843864, 'seconds': 21.51980081293732}
PCA_HEAD {'step': 23500, 'relative_mse': 0.007738687492393469, 'seconds': 21.892692530993372}
PCA_HEAD {'step': 24000, 'relative_mse': 0.008115493460439483, 'seconds': 22.268107193987817}
PCA_HEAD {'step': 24500, 'relative_mse': 0.008163198798900066, 'seconds': 22.642761296825483}
PCA_HEAD {'step': 25000, 'relative_mse': 0.007511269151385043, 'seconds': 23.015804937807843}
PCA_HEAD {'step': 25500, 'relative_mse': 0.007280405084786842, 'seconds': 23.55209939694032}
PCA_HEAD {'step': 26000, 'relative_mse': 0.007834419215258728, 'seconds': 23.925082442816347}
PCA_HEAD {'step': 26500, 'relative_mse': 0.007107685085543003, 'seconds': 24.302745567867532}
PCA_HEAD {'step': 27000, 'relative_mse': 0.007260810503414425, 'seconds': 24.675742333987728}
PCA_HEAD {'step': 27500, 'relative_mse': 0.00726525118528788, 'seconds': 25.050497606862336}
PCA_HEAD {'step': 28000, 'relative_mse': 0.007263795794729164, 'seconds': 25.42707948689349}
PCA_HEAD {'step': 28500, 'relative_mse': 0.007138999142645453, 'seconds': 25.80013203783892}
PCA_HEAD {'step': 29000, 'relative_mse': 0.006624742947194668, 'seconds': 26.17659047897905}
PCA_HEAD {'step': 29500, 'relative_mse': 0.007018528769174805, 'seconds': 26.552971413824707}
PCA_HEAD {'step': 30000, 'relative_mse': 0.006287028069580966, 'seconds': 26.92675151885487}
PCA_HEAD {'step': 30500, 'relative_mse': 0.006686241749299085, 'seconds': 27.45418523089029}
PCA_HEAD {'step': 31000, 'relative_mse': 0.006664324725797308, 'seconds': 27.82726212288253}
PCA_HEAD {'step': 31500, 'relative_mse': 0.006604328389299793, 'seconds': 28.208039197837934}
PCA_HEAD {'step': 32000, 'relative_mse': 0.006639030830372876, 'seconds': 28.580971905961633}
PCA_HEAD {'step': 32500, 'relative_mse': 0.006365336764700601, 'seconds': 28.95683033997193}
PCA_HEAD {'step': 33000, 'relative_mse': 0.0064830230779301355, 'seconds': 29.33596831187606}
PCA_HEAD {'step': 33500, 'relative_mse': 0.005937137300847915, 'seconds': 29.71179508487694}
PCA_HEAD {'step': 34000, 'relative_mse': 0.006782739778463172, 'seconds': 30.088385303970426}
PCA_HEAD {'step': 34500, 'relative_mse': 0.00628904911673306, 'seconds': 30.464022571919486}
PCA_HEAD {'step': 35000, 'relative_mse': 0.006268760571395445, 'seconds': 30.84562664688565}
PCA_HEAD {'step': 35500, 'relative_mse': 0.0058298777837675455, 'seconds': 31.362664779881015}
PCA_HEAD {'step': 36000, 'relative_mse': 0.0058581619101612985, 'seconds': 31.735949002904817}
PCA_HEAD {'step': 36500, 'relative_mse': 0.006532535839151508, 'seconds': 32.11738488380797}
PCA_HEAD {'step': 37000, 'relative_mse': 0.006114000805653767, 'seconds': 32.49422512901947}
PCA_HEAD {'step': 37500, 'relative_mse': 0.005433531540296646, 'seconds': 32.87175414990634}
PCA_HEAD {'step': 38000, 'relative_mse': 0.005703597661234163, 'seconds': 33.25515856896527}
PCA_HEAD {'step': 38500, 'relative_mse': 0.0057984699641502185, 'seconds': 33.637488164007664}
PCA_HEAD {'step': 39000, 'relative_mse': 0.0059162600263204836, 'seconds': 34.021210023900494}
PCA_HEAD {'step': 39500, 'relative_mse': 0.005723836188335802, 'seconds': 34.404333089943975}
PCA_HEAD {'step': 40000, 'relative_mse': 0.005249611199855575, 'seconds': 34.78699336783029}
PCA_HEAD {'step': 40500, 'relative_mse': 0.005476323864110331, 'seconds': 35.32156912400387}
PCA_HEAD {'step': 41000, 'relative_mse': 0.005331059777437502, 'seconds': 35.69785979297012}
PCA_HEAD {'step': 41500, 'relative_mse': 0.0055050722718482355, 'seconds': 36.08048849203624}
PCA_HEAD {'step': 42000, 'relative_mse': 0.004707315193844036, 'seconds': 36.46700765285641}
PCA_HEAD {'step': 42500, 'relative_mse': 0.004888118529963289, 'seconds': 36.85121814580634}
PCA_HEAD {'step': 43000, 'relative_mse': 0.005259006301331831, 'seconds': 37.23534578201361}
PCA_HEAD {'step': 43500, 'relative_mse': 0.005021631297569223, 'seconds': 37.61935731302947}
PCA_HEAD {'step': 44000, 'relative_mse': 0.0050211312065728195, 'seconds': 38.00348570686765}
PCA_HEAD {'step': 44500, 'relative_mse': 0.0048556617763039905, 'seconds': 38.38750850898214}
PCA_HEAD {'step': 45000, 'relative_mse': 0.0047842445815922344, 'seconds': 38.77146166283637}
PCA_HEAD {'step': 45500, 'relative_mse': 0.00493572300817009, 'seconds': 39.298718014964834}
PCA_HEAD {'step': 46000, 'relative_mse': 0.004596525497875312, 'seconds': 39.67698788992129}
PCA_HEAD {'step': 46500, 'relative_mse': 0.004819229641507498, 'seconds': 40.06262684590183}
PCA_HEAD {'step': 47000, 'relative_mse': 0.004615987983806368, 'seconds': 40.44971627090126}
PCA_HEAD {'step': 47500, 'relative_mse': 0.004312501229094065, 'seconds': 40.83681101980619}
PCA_HEAD {'step': 48000, 'relative_mse': 0.004504003920836788, 'seconds': 41.223945108940825}
PCA_HEAD {'step': 48500, 'relative_mse': 0.004801133590246556, 'seconds': 41.61099513992667}
PCA_HEAD {'step': 49000, 'relative_mse': 0.0044372466818941685, 'seconds': 41.99795526685193}
PCA_HEAD {'step': 49500, 'relative_mse': 0.004426320970686211, 'seconds': 42.38501920597628}
PCA_HEAD {'step': 50000, 'relative_mse': 0.004421483724214828, 'seconds': 42.77223064796999}
PCA_HEAD {'step': 50500, 'relative_mse': 0.004523933809035116, 'seconds': 43.32777370791882}
PCA_HEAD {'step': 51000, 'relative_mse': 0.004133322544330286, 'seconds': 43.71178752486594}
PCA_HEAD {'step': 51500, 'relative_mse': 0.004333612793204689, 'seconds': 44.09571007988416}
PCA_HEAD {'step': 52000, 'relative_mse': 0.004392313737492949, 'seconds': 44.479705419857055}
PCA_HEAD {'step': 52500, 'relative_mse': 0.00424786478474433, 'seconds': 44.86909976298921}
PCA_HEAD {'step': 53000, 'relative_mse': 0.003863823146534123, 'seconds': 45.2591078679543}
PCA_HEAD {'step': 53500, 'relative_mse': 0.0039147045349863345, 'seconds': 45.649076433852315}
PCA_HEAD {'step': 54000, 'relative_mse': 0.0040331113571319575, 'seconds': 46.039092731894925}
PCA_HEAD {'step': 54500, 'relative_mse': 0.004068485817461591, 'seconds': 46.42933110590093}
PCA_HEAD {'step': 55000, 'relative_mse': 0.0039644439625178985, 'seconds': 46.81945606484078}
PCA_HEAD {'step': 55500, 'relative_mse': 0.0038309960652446323, 'seconds': 47.372330385958776}
PCA_HEAD {'step': 56000, 'relative_mse': 0.004104465503788686, 'seconds': 47.75625153281726}
PCA_HEAD {'step': 56500, 'relative_mse': 0.003831960035649288, 'seconds': 48.140250182012096}
PCA_HEAD {'step': 57000, 'relative_mse': 0.0038950774690692073, 'seconds': 48.52636880683713}
PCA_HEAD {'step': 57500, 'relative_mse': 0.0035386423745523274, 'seconds': 48.920162540860474}
PCA_HEAD {'step': 58000, 'relative_mse': 0.004010039633834474, 'seconds': 49.314967836020514}
PCA_HEAD {'step': 58500, 'relative_mse': 0.0036433201084307932, 'seconds': 49.70962778781541}
PCA_HEAD {'step': 59000, 'relative_mse': 0.0038618149615910037, 'seconds': 50.10459009488113}
PCA_HEAD {'step': 59500, 'relative_mse': 0.003557102822130707, 'seconds': 50.499578387942165}
PCA_HEAD {'step': 60000, 'relative_mse': 0.003632038225930634, 'seconds': 50.894582476932555}
PCA_HEAD {'step': 60500, 'relative_mse': 0.0037170025922465023, 'seconds': 51.447513409890234}
PCA_HEAD {'step': 61000, 'relative_mse': 0.003586481439293254, 'seconds': 51.826000972883776}
PCA_HEAD {'step': 61500, 'relative_mse': 0.0035635769115078056, 'seconds': 52.216590460855514}
PCA_HEAD {'step': 62000, 'relative_mse': 0.0034675328658214663, 'seconds': 52.608921887818724}
PCA_HEAD {'step': 62500, 'relative_mse': 0.003374274044780176, 'seconds': 52.99903658591211}
PCA_HEAD {'step': 63000, 'relative_mse': 0.003270137693298386, 'seconds': 53.389149816008285}
PCA_HEAD {'step': 63500, 'relative_mse': 0.0033494522026544316, 'seconds': 53.77919407002628}
PCA_HEAD {'step': 64000, 'relative_mse': 0.003254200353432029, 'seconds': 54.17010360187851}
PCA_HEAD {'step': 64500, 'relative_mse': 0.0032266070678131573, 'seconds': 54.568059807876125}
PCA_HEAD {'step': 65000, 'relative_mse': 0.0031154027123565468, 'seconds': 54.965836860006675}
PCA_HEAD {'step': 65500, 'relative_mse': 0.0030918705452590775, 'seconds': 55.51327217090875}
PCA_HEAD {'step': 66000, 'relative_mse': 0.0031145292851894046, 'seconds': 55.89146675285883}
PCA_HEAD {'step': 66500, 'relative_mse': 0.0032009651656953603, 'seconds': 56.28384929592721}
PCA_HEAD {'step': 67000, 'relative_mse': 0.002898918762513116, 'seconds': 56.68186723301187}
PCA_HEAD {'step': 67500, 'relative_mse': 0.0031858911910237113, 'seconds': 57.079766363836825}
PCA_HEAD {'step': 68000, 'relative_mse': 0.002937978898869535, 'seconds': 57.47661009081639}
PCA_HEAD {'step': 68500, 'relative_mse': 0.0030643054668032456, 'seconds': 57.87403483991511}
PCA_HEAD {'step': 69000, 'relative_mse': 0.003049870028838328, 'seconds': 58.27242544689216}
PCA_HEAD {'step': 69500, 'relative_mse': 0.002971354574422818, 'seconds': 58.670497154816985}
PCA_HEAD {'step': 70000, 'relative_mse': 0.0029957058726728294, 'seconds': 59.06704233586788}
PCA_HEAD {'step': 70500, 'relative_mse': 0.003036331944644333, 'seconds': 59.65860312292352}
PCA_HEAD {'step': 71000, 'relative_mse': 0.002866018411206229, 'seconds': 60.03900435892865}
PCA_HEAD {'step': 71500, 'relative_mse': 0.0028185364536906675, 'seconds': 60.430296677863225}
PCA_HEAD {'step': 72000, 'relative_mse': 0.0027239769446735893, 'seconds': 60.82532229996286}
PCA_HEAD {'step': 72500, 'relative_mse': 0.002696241159653345, 'seconds': 61.22017903998494}
PCA_HEAD {'step': 73000, 'relative_mse': 0.0028277721140870645, 'seconds': 61.615275859832764}
PCA_HEAD {'step': 73500, 'relative_mse': 0.002950658090833773, 'seconds': 62.010255003813654}
PCA_HEAD {'step': 74000, 'relative_mse': 0.002936626657008118, 'seconds': 62.40510374191217}
PCA_HEAD {'step': 74500, 'relative_mse': 0.0028573485834698324, 'seconds': 62.79998269490898}
PCA_HEAD {'step': 75000, 'relative_mse': 0.002711397404968941, 'seconds': 63.196072964929044}
PCA_HEAD {'step': 75500, 'relative_mse': 0.00261439356781258, 'seconds': 63.73878526990302}
PCA_HEAD {'step': 76000, 'relative_mse': 0.0025786693618296505, 'seconds': 64.11830643983558}
PCA_HEAD {'step': 76500, 'relative_mse': 0.0027241823881038185, 'seconds': 64.51446095085703}
PCA_HEAD {'step': 77000, 'relative_mse': 0.002607460041431606, 'seconds': 64.9160381949041}
PCA_HEAD {'step': 77500, 'relative_mse': 0.0026672643327853972, 'seconds': 65.31573137291707}
PCA_HEAD {'step': 78000, 'relative_mse': 0.002449646092741952, 'seconds': 65.71709946682677}
PCA_HEAD {'step': 78500, 'relative_mse': 0.002590453298447898, 'seconds': 66.11728557385504}
PCA_HEAD {'step': 79000, 'relative_mse': 0.002918500249660658, 'seconds': 66.51887281402014}
PCA_HEAD {'step': 79500, 'relative_mse': 0.002516777241661867, 'seconds': 66.91917529888451}
PCA_HEAD {'step': 80000, 'relative_mse': 0.0025797365987907392, 'seconds': 67.31873875996098}
PCA_HEAD {'step': 80500, 'relative_mse': 0.002406555396202055, 'seconds': 67.8797798960004}
PCA_HEAD {'step': 81000, 'relative_mse': 0.0024257424349359833, 'seconds': 68.26880842191167}
PCA_HEAD {'step': 81500, 'relative_mse': 0.0024519929786622923, 'seconds': 68.65583862992935}
PCA_HEAD {'step': 82000, 'relative_mse': 0.0025065563273022353, 'seconds': 69.04282897082157}
PCA_HEAD {'step': 82500, 'relative_mse': 0.002412017154523506, 'seconds': 69.43274365994148}
PCA_HEAD {'step': 83000, 'relative_mse': 0.002417919325160549, 'seconds': 69.82738563790917}
PCA_HEAD {'step': 83500, 'relative_mse': 0.002334850018609172, 'seconds': 70.22211612085812}
PCA_HEAD {'step': 84000, 'relative_mse': 0.00257705175965018, 'seconds': 70.617013836978}
PCA_HEAD {'step': 84500, 'relative_mse': 0.002378181535342148, 'seconds': 71.01179447886534}
PCA_HEAD {'step': 85000, 'relative_mse': 0.0023284431710907513, 'seconds': 71.40660834382288}
PCA_HEAD {'step': 85500, 'relative_mse': 0.002341922935891424, 'seconds': 71.96552642784081}
PCA_HEAD {'step': 86000, 'relative_mse': 0.0025132081957046095, 'seconds': 72.3523813909851}
PCA_HEAD {'step': 86500, 'relative_mse': 0.0023855551823531496, 'seconds': 72.74327025189996}
PCA_HEAD {'step': 87000, 'relative_mse': 0.0022835002108793695, 'seconds': 73.13827144284733}
PCA_HEAD {'step': 87500, 'relative_mse': 0.002286011026024438, 'seconds': 73.53232450294308}
PCA_HEAD {'step': 88000, 'relative_mse': 0.0024425583710944946, 'seconds': 73.92710479092784}
PCA_HEAD {'step': 88500, 'relative_mse': 0.002314747422065136, 'seconds': 74.32197479181923}
PCA_HEAD {'step': 89000, 'relative_mse': 0.0022959353542045063, 'seconds': 74.71674461383373}
PCA_HEAD {'step': 89500, 'relative_mse': 0.0022348983117829236, 'seconds': 75.11146011692472}
PCA_HEAD {'step': 90000, 'relative_mse': 0.0023952078586943907, 'seconds': 75.50615903083235}
PCA_HEAD {'step': 90500, 'relative_mse': 0.0021674185713194834, 'seconds': 76.05157608888112}
PCA_HEAD {'step': 91000, 'relative_mse': 0.002358077963772295, 'seconds': 76.43863112386316}
PCA_HEAD {'step': 91500, 'relative_mse': 0.0021935385494657573, 'seconds': 76.83264688285999}
PCA_HEAD {'step': 92000, 'relative_mse': 0.0023282865511079815, 'seconds': 77.22751455684192}
PCA_HEAD {'step': 92500, 'relative_mse': 0.002365553351444086, 'seconds': 77.62244145083241}
PCA_HEAD {'step': 93000, 'relative_mse': 0.0024368782907019703, 'seconds': 78.01712189801037}
PCA_HEAD {'step': 93500, 'relative_mse': 0.002369061899725187, 'seconds': 78.41207585390657}
PCA_HEAD {'step': 94000, 'relative_mse': 0.0023883936328468673, 'seconds': 78.80698378593661}
PCA_HEAD {'step': 94500, 'relative_mse': 0.0023614157744890627, 'seconds': 79.2036556059029}
PCA_HEAD {'step': 95000, 'relative_mse': 0.0023351856450662236, 'seconds': 79.60592305497266}
PCA_HEAD {'step': 95500, 'relative_mse': 0.0024110830781091455, 'seconds': 80.22541595296934}
PCA_HEAD {'step': 96000, 'relative_mse': 0.002064763849948427, 'seconds': 80.61926117888652}
PCA_HEAD {'step': 96500, 'relative_mse': 0.002209239448750728, 'seconds': 81.01306876493618}
PCA_HEAD {'step': 97000, 'relative_mse': 0.0022858110369510954, 'seconds': 81.40797768882476}
PCA_HEAD {'step': 97500, 'relative_mse': 0.002324761249440253, 'seconds': 81.80226956191473}
PCA_HEAD {'step': 98000, 'relative_mse': 0.0022773287262916994, 'seconds': 82.19720226991922}
PCA_HEAD {'step': 98500, 'relative_mse': 0.002140114484904997, 'seconds': 82.5910069218371}
PCA_HEAD {'step': 99000, 'relative_mse': 0.0023449441538663674, 'seconds': 82.9858715320006}
PCA_HEAD {'step': 99500, 'relative_mse': 0.002268527891053275, 'seconds': 83.38070518686436}
PCA_HEAD {'step': 100000, 'relative_mse': 0.002330451611472102, 'seconds': 83.77526193694212}
PCA_HEAD {'step': 1, 'relative_mse': 0.1986787684582907, 'seconds': 2.0680037951096892}
PCA_HEAD {'step': 500, 'relative_mse': 0.036893143865660255, 'seconds': 2.633271712111309}
PCA_HEAD {'step': 1000, 'relative_mse': 0.020111684277251303, 'seconds': 3.015157272107899}
PCA_HEAD {'step': 1500, 'relative_mse': 0.017110045022194605, 'seconds': 3.4034236159641296}
PCA_HEAD {'step': 2000, 'relative_mse': 0.015637525557926066, 'seconds': 3.788195953005925}
PCA_HEAD {'step': 2500, 'relative_mse': 0.01369891455370231, 'seconds': 4.172816996928304}
PCA_HEAD {'step': 3000, 'relative_mse': 0.013273596537910848, 'seconds': 4.560698331100866}
PCA_HEAD {'step': 3500, 'relative_mse': 0.012972023812493558, 'seconds': 4.947067528031766}
PCA_HEAD {'step': 4000, 'relative_mse': 0.012224994905714952, 'seconds': 5.335085192928091}
PCA_HEAD {'step': 4500, 'relative_mse': 0.01175800109755037, 'seconds': 5.722676332108676}
PCA_HEAD {'step': 5000, 'relative_mse': 0.011264858432312732, 'seconds': 6.110682466067374}
PCA_HEAD {'step': 5500, 'relative_mse': 0.01131168700277207, 'seconds': 6.667859887937084}
PCA_HEAD {'step': 6000, 'relative_mse': 0.011283263539738813, 'seconds': 7.055193098960444}
PCA_HEAD {'step': 6500, 'relative_mse': 0.01040542265932301, 'seconds': 7.446454680990428}
PCA_HEAD {'step': 7000, 'relative_mse': 0.01085502419040864, 'seconds': 7.833859333069995}
PCA_HEAD {'step': 7500, 'relative_mse': 0.009428575153158916, 'seconds': 8.22452275804244}
PCA_HEAD {'step': 8000, 'relative_mse': 0.010398323112232318, 'seconds': 8.614984004991129}
PCA_HEAD {'step': 8500, 'relative_mse': 0.00911605615734654, 'seconds': 9.009401510935277}
PCA_HEAD {'step': 9000, 'relative_mse': 0.009838259421870905, 'seconds': 9.410468115005642}
PCA_HEAD {'step': 9500, 'relative_mse': 0.009966241709121495, 'seconds': 9.811259356094524}
PCA_HEAD {'step': 10000, 'relative_mse': 0.009226230667840559, 'seconds': 10.212316310964525}
PCA_HEAD {'step': 10500, 'relative_mse': 0.00914411446306385, 'seconds': 10.781913758954033}
PCA_HEAD {'step': 11000, 'relative_mse': 0.009294365916868769, 'seconds': 11.176202183123678}
PCA_HEAD {'step': 11500, 'relative_mse': 0.009206948061479486, 'seconds': 11.572075818898156}
PCA_HEAD {'step': 12000, 'relative_mse': 0.008869743680083324, 'seconds': 11.9739154339768}
PCA_HEAD {'step': 12500, 'relative_mse': 0.008218653644036941, 'seconds': 12.376509125111625}
PCA_HEAD {'step': 13000, 'relative_mse': 0.008511704464396478, 'seconds': 12.779900817899033}
PCA_HEAD {'step': 13500, 'relative_mse': 0.008146730382453414, 'seconds': 13.182892865967005}
PCA_HEAD {'step': 14000, 'relative_mse': 0.008336741274274487, 'seconds': 13.591465339064598}
PCA_HEAD {'step': 14500, 'relative_mse': 0.00824680427993793, 'seconds': 14.000580406049266}
PCA_HEAD {'step': 15000, 'relative_mse': 0.007716260038641788, 'seconds': 14.408953174948692}
PCA_HEAD {'step': 15500, 'relative_mse': 0.007953941011970058, 'seconds': 14.96794323110953}
PCA_HEAD {'step': 16000, 'relative_mse': 0.00733807710829946, 'seconds': 15.36993848811835}
PCA_HEAD {'step': 16500, 'relative_mse': 0.007553102809984892, 'seconds': 15.77192242606543}
PCA_HEAD {'step': 17000, 'relative_mse': 0.007905036206011724, 'seconds': 16.17409378197044}
PCA_HEAD {'step': 17500, 'relative_mse': 0.007246910240512096, 'seconds': 16.57897607795894}
PCA_HEAD {'step': 18000, 'relative_mse': 0.007101583324927475, 'seconds': 16.987589820986614}
PCA_HEAD {'step': 18500, 'relative_mse': 0.007530346339632854, 'seconds': 17.395840677898377}
PCA_HEAD {'step': 19000, 'relative_mse': 0.007257460877721862, 'seconds': 17.803198894951493}
PCA_HEAD {'step': 19500, 'relative_mse': 0.007176411131457389, 'seconds': 18.21161233796738}
PCA_HEAD {'step': 20000, 'relative_mse': 0.007014648346082918, 'seconds': 18.62007096107118}
PCA_HEAD {'step': 20500, 'relative_mse': 0.007109744321029824, 'seconds': 19.1938104769215}
PCA_HEAD {'step': 21000, 'relative_mse': 0.0069278290036460174, 'seconds': 19.598814259981737}
PCA_HEAD {'step': 21500, 'relative_mse': 0.007307045776039751, 'seconds': 20.002423957921565}
PCA_HEAD {'step': 22000, 'relative_mse': 0.006542371536257996, 'seconds': 20.407299020094797}
PCA_HEAD {'step': 22500, 'relative_mse': 0.006488553110635807, 'seconds': 20.81293901707977}
PCA_HEAD {'step': 23000, 'relative_mse': 0.006846295045820577, 'seconds': 21.22422579303384}
PCA_HEAD {'step': 23500, 'relative_mse': 0.0066391366832198664, 'seconds': 21.638956970069557}
PCA_HEAD {'step': 24000, 'relative_mse': 0.006396696794294153, 'seconds': 22.051870461087674}
PCA_HEAD {'step': 24500, 'relative_mse': 0.006530328626193032, 'seconds': 22.46646897890605}
PCA_HEAD {'step': 25000, 'relative_mse': 0.006142019403325785, 'seconds': 22.880614360095933}
PCA_HEAD {'step': 25500, 'relative_mse': 0.006083537361603936, 'seconds': 23.447307225083932}
PCA_HEAD {'step': 26000, 'relative_mse': 0.006225816686484816, 'seconds': 23.85220177890733}
PCA_HEAD {'step': 26500, 'relative_mse': 0.005881313135113612, 'seconds': 24.256941868923604}
PCA_HEAD {'step': 27000, 'relative_mse': 0.006246908364254997, 'seconds': 24.662037407048047}
PCA_HEAD {'step': 27500, 'relative_mse': 0.006091698129798707, 'seconds': 25.06879491196014}
PCA_HEAD {'step': 28000, 'relative_mse': 0.005695299065575532, 'seconds': 25.47499706596136}
PCA_HEAD {'step': 28500, 'relative_mse': 0.005792323095258534, 'seconds': 25.88477561599575}
PCA_HEAD {'step': 29000, 'relative_mse': 0.005454936008585473, 'seconds': 26.295652766013518}
PCA_HEAD {'step': 29500, 'relative_mse': 0.005706446112945914, 'seconds': 26.706591852009296}
PCA_HEAD {'step': 30000, 'relative_mse': 0.0052539504931359915, 'seconds': 27.11718429508619}
PCA_HEAD {'step': 30500, 'relative_mse': 0.005571182500132603, 'seconds': 27.695369658991694}
PCA_HEAD {'step': 31000, 'relative_mse': 0.005412132810919764, 'seconds': 28.10113087994978}
PCA_HEAD {'step': 31500, 'relative_mse': 0.005514657069930443, 'seconds': 28.505874854978174}
PCA_HEAD {'step': 32000, 'relative_mse': 0.005445591241245122, 'seconds': 28.91168317804113}
PCA_HEAD {'step': 32500, 'relative_mse': 0.0052487959146992735, 'seconds': 29.32061132392846}
PCA_HEAD {'step': 33000, 'relative_mse': 0.005192360952769789, 'seconds': 29.732946367934346}
PCA_HEAD {'step': 33500, 'relative_mse': 0.004889514922459502, 'seconds': 30.14584687910974}
PCA_HEAD {'step': 34000, 'relative_mse': 0.005339669444564536, 'seconds': 30.55732719693333}
PCA_HEAD {'step': 34500, 'relative_mse': 0.004940922644897963, 'seconds': 30.969927412923425}
PCA_HEAD {'step': 35000, 'relative_mse': 0.005033852085279274, 'seconds': 31.38284487091005}
PCA_HEAD {'step': 35500, 'relative_mse': 0.004758935180333338, 'seconds': 31.927473322022706}
PCA_HEAD {'step': 36000, 'relative_mse': 0.004748667531286825, 'seconds': 32.32193327601999}
PCA_HEAD {'step': 36500, 'relative_mse': 0.004870957221253918, 'seconds': 32.72873378591612}
PCA_HEAD {'step': 37000, 'relative_mse': 0.0051945654448047815, 'seconds': 33.147791668074206}
PCA_HEAD {'step': 37500, 'relative_mse': 0.004535642353850277, 'seconds': 33.568324021063745}
PCA_HEAD {'step': 38000, 'relative_mse': 0.004332056439659026, 'seconds': 33.98835091898218}
PCA_HEAD {'step': 38500, 'relative_mse': 0.004352367318601583, 'seconds': 34.40767091489397}
PCA_HEAD {'step': 39000, 'relative_mse': 0.0045826353239897845, 'seconds': 34.82783250394277}
PCA_HEAD {'step': 39500, 'relative_mse': 0.004344046753582013, 'seconds': 35.24315815209411}
PCA_HEAD {'step': 40000, 'relative_mse': 0.0040802579774223535, 'seconds': 35.659634589916095}
PCA_HEAD {'step': 40500, 'relative_mse': 0.004455222226343944, 'seconds': 36.217913119122386}
PCA_HEAD {'step': 41000, 'relative_mse': 0.004237771022959042, 'seconds': 36.61873628408648}
PCA_HEAD {'step': 41500, 'relative_mse': 0.00430674774252842, 'seconds': 37.025982189923525}
PCA_HEAD {'step': 42000, 'relative_mse': 0.003723720335618946, 'seconds': 37.43622603802942}
PCA_HEAD {'step': 42500, 'relative_mse': 0.003924988067357315, 'seconds': 37.85130629199557}
PCA_HEAD {'step': 43000, 'relative_mse': 0.00400437580341757, 'seconds': 38.26777754398063}
PCA_HEAD {'step': 43500, 'relative_mse': 0.003911350722979449, 'seconds': 38.683665927965194}
PCA_HEAD {'step': 44000, 'relative_mse': 0.0038194809048729098, 'seconds': 39.09860975202173}
PCA_HEAD {'step': 44500, 'relative_mse': 0.0037893192353712635, 'seconds': 39.515233875019476}
PCA_HEAD {'step': 45000, 'relative_mse': 0.0037512667662631637, 'seconds': 39.930484687909484}
PCA_HEAD {'step': 45500, 'relative_mse': 0.0038813850465010944, 'seconds': 40.49245449900627}
PCA_HEAD {'step': 46000, 'relative_mse': 0.003494496307055831, 'seconds': 40.89980341005139}
PCA_HEAD {'step': 46500, 'relative_mse': 0.0037369392069715457, 'seconds': 41.30660158698447}
PCA_HEAD {'step': 47000, 'relative_mse': 0.0035429513326600704, 'seconds': 41.71297333599068}
PCA_HEAD {'step': 47500, 'relative_mse': 0.0034713787583826672, 'seconds': 42.119790574070066}
PCA_HEAD {'step': 48000, 'relative_mse': 0.003396105052577979, 'seconds': 42.531606985023245}
PCA_HEAD {'step': 48500, 'relative_mse': 0.003356020672235397, 'seconds': 42.945076260948554}
PCA_HEAD {'step': 49000, 'relative_mse': 0.003370413189295839, 'seconds': 43.35847512003966}
PCA_HEAD {'step': 49500, 'relative_mse': 0.003266330871800285, 'seconds': 43.77150651300326}
PCA_HEAD {'step': 50000, 'relative_mse': 0.003283354707978272, 'seconds': 44.185225778026506}
PCA_HEAD {'step': 50500, 'relative_mse': 0.0033658809671538955, 'seconds': 44.748768002027646}
PCA_HEAD {'step': 51000, 'relative_mse': 0.0031086370849252674, 'seconds': 45.1564753819257}
PCA_HEAD {'step': 51500, 'relative_mse': 0.003186841005463994, 'seconds': 45.564210508950055}
PCA_HEAD {'step': 52000, 'relative_mse': 0.0031408827959868877, 'seconds': 45.97151159401983}
PCA_HEAD {'step': 52500, 'relative_mse': 0.0031478725951577546, 'seconds': 46.3779929720331}
PCA_HEAD {'step': 53000, 'relative_mse': 0.0029122879001285892, 'seconds': 46.78699979209341}
PCA_HEAD {'step': 53500, 'relative_mse': 0.00283457729333363, 'seconds': 47.20173312909901}
PCA_HEAD {'step': 54000, 'relative_mse': 0.0029596127560625515, 'seconds': 47.61552456906065}
PCA_HEAD {'step': 54500, 'relative_mse': 0.0029470526165707002, 'seconds': 48.03056904510595}
PCA_HEAD {'step': 55000, 'relative_mse': 0.0028271989346161626, 'seconds': 48.4443046071101}
PCA_HEAD {'step': 55500, 'relative_mse': 0.0027530273414033838, 'seconds': 49.026347826002166}
PCA_HEAD {'step': 56000, 'relative_mse': 0.002976194202153714, 'seconds': 49.43310020212084}
PCA_HEAD {'step': 56500, 'relative_mse': 0.0027367485397925295, 'seconds': 49.83946388796903}
PCA_HEAD {'step': 57000, 'relative_mse': 0.002670472472399252, 'seconds': 50.24713634699583}
PCA_HEAD {'step': 57500, 'relative_mse': 0.002518146892193885, 'seconds': 50.65628768503666}
PCA_HEAD {'step': 58000, 'relative_mse': 0.00278836890800298, 'seconds': 51.069631261052564}
PCA_HEAD {'step': 58500, 'relative_mse': 0.0026185537114926404, 'seconds': 51.48452593991533}
PCA_HEAD {'step': 59000, 'relative_mse': 0.0026881562845839117, 'seconds': 51.89871474402025}
PCA_HEAD {'step': 59500, 'relative_mse': 0.002463948661699038, 'seconds': 52.31228704098612}
PCA_HEAD {'step': 60000, 'relative_mse': 0.002543040549728215, 'seconds': 52.72600498003885}
PCA_HEAD {'step': 60500, 'relative_mse': 0.002540310460658414, 'seconds': 53.2783789280802}
PCA_HEAD {'step': 61000, 'relative_mse': 0.002478262125769777, 'seconds': 53.68664609803818}
PCA_HEAD {'step': 61500, 'relative_mse': 0.002447637020704086, 'seconds': 54.09487008396536}
PCA_HEAD {'step': 62000, 'relative_mse': 0.0023848375761021025, 'seconds': 54.50272833299823}
PCA_HEAD {'step': 62500, 'relative_mse': 0.0023187051025653307, 'seconds': 54.91153807193041}
PCA_HEAD {'step': 63000, 'relative_mse': 0.0023025836785367437, 'seconds': 55.32854462903924}
PCA_HEAD {'step': 63500, 'relative_mse': 0.0022995387598452885, 'seconds': 55.74587589711882}
PCA_HEAD {'step': 64000, 'relative_mse': 0.0022300750491620874, 'seconds': 56.16167176491581}
PCA_HEAD {'step': 64500, 'relative_mse': 0.002166617850262022, 'seconds': 56.57890558708459}
PCA_HEAD {'step': 65000, 'relative_mse': 0.002106467648113536, 'seconds': 56.995136307086796}
PCA_HEAD {'step': 65500, 'relative_mse': 0.002095917998893841, 'seconds': 57.5878547760658}
PCA_HEAD {'step': 66000, 'relative_mse': 0.0020953308457297625, 'seconds': 57.99437020602636}
PCA_HEAD {'step': 66500, 'relative_mse': 0.002130220625162176, 'seconds': 58.403692435938865}
PCA_HEAD {'step': 67000, 'relative_mse': 0.001973832305817321, 'seconds': 58.81066450406797}
PCA_HEAD {'step': 67500, 'relative_mse': 0.0021026800623969357, 'seconds': 59.21870647300966}
PCA_HEAD {'step': 68000, 'relative_mse': 0.0020074179869955075, 'seconds': 59.6275296790991}
PCA_HEAD {'step': 68500, 'relative_mse': 0.002041108753097354, 'seconds': 60.04471341893077}
PCA_HEAD {'step': 69000, 'relative_mse': 0.0020411351460439923, 'seconds': 60.46170167508535}
PCA_HEAD {'step': 69500, 'relative_mse': 0.00197769514245586, 'seconds': 60.87885593203828}
PCA_HEAD {'step': 70000, 'relative_mse': 0.0019716778431785615, 'seconds': 61.296111535979435}
PCA_HEAD {'step': 70500, 'relative_mse': 0.0019600198493644133, 'seconds': 61.83131487504579}
PCA_HEAD {'step': 71000, 'relative_mse': 0.0018570518320168655, 'seconds': 62.226027644006535}
PCA_HEAD {'step': 71500, 'relative_mse': 0.0018714352548479106, 'seconds': 62.63530336110853}
PCA_HEAD {'step': 72000, 'relative_mse': 0.0018108744844781005, 'seconds': 63.061727826017886}
PCA_HEAD {'step': 72500, 'relative_mse': 0.0017866523643143798, 'seconds': 63.48848999408074}
PCA_HEAD {'step': 73000, 'relative_mse': 0.0018293121148796143, 'seconds': 63.91531085292809}
PCA_HEAD {'step': 73500, 'relative_mse': 0.0018711458195220577, 'seconds': 64.33429808309302}
PCA_HEAD {'step': 74000, 'relative_mse': 0.0018680540093834104, 'seconds': 64.74792698095553}
PCA_HEAD {'step': 74500, 'relative_mse': 0.0018288277677889523, 'seconds': 65.16142434789799}
PCA_HEAD {'step': 75000, 'relative_mse': 0.0017237418865504819, 'seconds': 65.57522577093914}
PCA_HEAD {'step': 75500, 'relative_mse': 0.0016706347253010508, 'seconds': 66.11938638589345}
PCA_HEAD {'step': 76000, 'relative_mse': 0.0016616408978627913, 'seconds': 66.51789606595412}
PCA_HEAD {'step': 76500, 'relative_mse': 0.0017484740713410705, 'seconds': 66.93261962197721}
PCA_HEAD {'step': 77000, 'relative_mse': 0.0016658069182305445, 'seconds': 67.35319907707162}
PCA_HEAD {'step': 77500, 'relative_mse': 0.0016762193664334006, 'seconds': 67.7738345391117}
PCA_HEAD {'step': 78000, 'relative_mse': 0.0015743139055101728, 'seconds': 68.19430250907317}
PCA_HEAD {'step': 78500, 'relative_mse': 0.0016683098030335496, 'seconds': 68.61465783999301}
PCA_HEAD {'step': 79000, 'relative_mse': 0.0018071711642767465, 'seconds': 69.03535248106346}
PCA_HEAD {'step': 79500, 'relative_mse': 0.0015959352525123642, 'seconds': 69.45247528608888}
PCA_HEAD {'step': 80000, 'relative_mse': 0.0016345595740669136, 'seconds': 69.86967350100167}
PCA_HEAD {'step': 80500, 'relative_mse': 0.00151925735965141, 'seconds': 70.46044305898249}
PCA_HEAD {'step': 81000, 'relative_mse': 0.0015300906849801982, 'seconds': 70.85093580791727}
PCA_HEAD {'step': 81500, 'relative_mse': 0.0015557397308490373, 'seconds': 71.25512420409359}
PCA_HEAD {'step': 82000, 'relative_mse': 0.0015490821997459544, 'seconds': 71.67213526600972}
PCA_HEAD {'step': 82500, 'relative_mse': 0.0014873910625753713, 'seconds': 72.09294960508123}
PCA_HEAD {'step': 83000, 'relative_mse': 0.0014930626865995765, 'seconds': 72.51371586695313}
PCA_HEAD {'step': 83500, 'relative_mse': 0.0014754510122805624, 'seconds': 72.93447417509742}
PCA_HEAD {'step': 84000, 'relative_mse': 0.0015783751825143362, 'seconds': 73.3551848931238}
PCA_HEAD {'step': 84500, 'relative_mse': 0.001478473559503194, 'seconds': 73.77580064511858}
PCA_HEAD {'step': 85000, 'relative_mse': 0.0014379451895941957, 'seconds': 74.19297823100351}
PCA_HEAD {'step': 85500, 'relative_mse': 0.0014658818097195256, 'seconds': 74.7186064850539}
PCA_HEAD {'step': 86000, 'relative_mse': 0.0015486180395193213, 'seconds': 75.11861690692604}
PCA_HEAD {'step': 86500, 'relative_mse': 0.0014709305109401902, 'seconds': 75.53246181993745}
PCA_HEAD {'step': 87000, 'relative_mse': 0.0014270990066187876, 'seconds': 75.95333049609326}
PCA_HEAD {'step': 87500, 'relative_mse': 0.001412271373303819, 'seconds': 76.3741975671146}
PCA_HEAD {'step': 88000, 'relative_mse': 0.0014963567904763362, 'seconds': 76.79501526709646}
PCA_HEAD {'step': 88500, 'relative_mse': 0.001431375198066575, 'seconds': 77.21580321202055}
PCA_HEAD {'step': 89000, 'relative_mse': 0.0014110814018903708, 'seconds': 77.63586119003594}
PCA_HEAD {'step': 89500, 'relative_mse': 0.0013974388348410643, 'seconds': 78.05303563200869}
PCA_HEAD {'step': 90000, 'relative_mse': 0.00144199815188746, 'seconds': 78.47009861492552}
PCA_HEAD {'step': 90500, 'relative_mse': 0.0013324994256230967, 'seconds': 79.02607974410057}
PCA_HEAD {'step': 91000, 'relative_mse': 0.0014255761203926824, 'seconds': 79.42644304595888}
PCA_HEAD {'step': 91500, 'relative_mse': 0.0013440889498299718, 'seconds': 79.84390090010129}
PCA_HEAD {'step': 92000, 'relative_mse': 0.0013954595496275294, 'seconds': 80.26116855908185}
PCA_HEAD {'step': 92500, 'relative_mse': 0.001447383577190809, 'seconds': 80.67834107205272}
PCA_HEAD {'step': 93000, 'relative_mse': 0.001434544652531239, 'seconds': 81.09531635208987}
PCA_HEAD {'step': 93500, 'relative_mse': 0.001441074641484734, 'seconds': 81.51284221606329}
PCA_HEAD {'step': 94000, 'relative_mse': 0.0013984159290821034, 'seconds': 81.92988075292669}
PCA_HEAD {'step': 94500, 'relative_mse': 0.001400550767510896, 'seconds': 82.34709484106861}
PCA_HEAD {'step': 95000, 'relative_mse': 0.0013883046335915604, 'seconds': 82.76416000491008}
PCA_HEAD {'step': 95500, 'relative_mse': 0.0014424760652623687, 'seconds': 83.31016786699183}
PCA_HEAD {'step': 96000, 'relative_mse': 0.0012818630504264795, 'seconds': 83.70549199497327}
PCA_HEAD {'step': 96500, 'relative_mse': 0.001347282167565852, 'seconds': 84.11456773406826}
PCA_HEAD {'step': 97000, 'relative_mse': 0.001403812062875725, 'seconds': 84.53013845905662}
PCA_HEAD {'step': 97500, 'relative_mse': 0.0013875453207221223, 'seconds': 84.95083076506853}
PCA_HEAD {'step': 98000, 'relative_mse': 0.0013690550324357395, 'seconds': 85.37060865806416}
PCA_HEAD {'step': 98500, 'relative_mse': 0.0012944157685697202, 'seconds': 85.79004635591991}
PCA_HEAD {'step': 99000, 'relative_mse': 0.0013969075996039903, 'seconds': 86.20810882910155}
PCA_HEAD {'step': 99500, 'relative_mse': 0.0013848432920746852, 'seconds': 86.62679177592508}
PCA_HEAD {'step': 100000, 'relative_mse': 0.0014140344107799812, 'seconds': 87.04491061600856}
PCA_HEAD {'step': 1, 'relative_mse': 0.07576392854654121, 'seconds': 2.5719680758193135}
PCA_HEAD {'step': 500, 'relative_mse': 0.03292529347235379, 'seconds': 3.1313350559212267}
PCA_HEAD {'step': 1000, 'relative_mse': 0.025834636963588627, 'seconds': 3.5148919438943267}
PCA_HEAD {'step': 1500, 'relative_mse': 0.019310809726470778, 'seconds': 3.904241803800687}
PCA_HEAD {'step': 2000, 'relative_mse': 0.018514623245775574, 'seconds': 4.29145279689692}
PCA_HEAD {'step': 2500, 'relative_mse': 0.016233576224029406, 'seconds': 4.678669116925448}
PCA_HEAD {'step': 3000, 'relative_mse': 0.015171467957421095, 'seconds': 5.066853858996183}
PCA_HEAD {'step': 3500, 'relative_mse': 0.014664668814573534, 'seconds': 5.456395626999438}
PCA_HEAD {'step': 4000, 'relative_mse': 0.013885549345472398, 'seconds': 5.845333452802151}
PCA_HEAD {'step': 4500, 'relative_mse': 0.011979703473776757, 'seconds': 6.235195129876956}
PCA_HEAD {'step': 5000, 'relative_mse': 0.011919617344755409, 'seconds': 6.625731996959075}
PCA_HEAD {'step': 5500, 'relative_mse': 0.010980776627301663, 'seconds': 7.198082992807031}
PCA_HEAD {'step': 6000, 'relative_mse': 0.01140813383310968, 'seconds': 7.587041114922613}
PCA_HEAD {'step': 6500, 'relative_mse': 0.010478454576497626, 'seconds': 7.983074390795082}
PCA_HEAD {'step': 7000, 'relative_mse': 0.009796844169147936, 'seconds': 8.373055825009942}
PCA_HEAD {'step': 7500, 'relative_mse': 0.010474072733930282, 'seconds': 8.76461887685582}
PCA_HEAD {'step': 8000, 'relative_mse': 0.009111722831655428, 'seconds': 9.158604362979531}
PCA_HEAD {'step': 8500, 'relative_mse': 0.012748032960807171, 'seconds': 9.54848360386677}
PCA_HEAD {'step': 9000, 'relative_mse': 0.007845343452754621, 'seconds': 9.942661992972717}
PCA_HEAD {'step': 9500, 'relative_mse': 0.008043125870815392, 'seconds': 10.336712203919888}
PCA_HEAD {'step': 10000, 'relative_mse': 0.00851081644648238, 'seconds': 10.728982897941023}
PCA_HEAD {'step': 10500, 'relative_mse': 0.008852861217027816, 'seconds': 11.31570417387411}
PCA_HEAD {'step': 11000, 'relative_mse': 0.008311140154605207, 'seconds': 11.708426636876538}
PCA_HEAD {'step': 11500, 'relative_mse': 0.00815026845905455, 'seconds': 12.10350308381021}
PCA_HEAD {'step': 12000, 'relative_mse': 0.007998274023456271, 'seconds': 12.497167915804312}
PCA_HEAD {'step': 12500, 'relative_mse': 0.008031624342611144, 'seconds': 12.890717315021902}
PCA_HEAD {'step': 13000, 'relative_mse': 0.008034732324131766, 'seconds': 13.28439302300103}
PCA_HEAD {'step': 13500, 'relative_mse': 0.007532098211546103, 'seconds': 13.678008596878499}
PCA_HEAD {'step': 14000, 'relative_mse': 0.006522489675907459, 'seconds': 14.07184491190128}
PCA_HEAD {'step': 14500, 'relative_mse': 0.006667199770872126, 'seconds': 14.466330433962867}
PCA_HEAD {'step': 15000, 'relative_mse': 0.007027742586871871, 'seconds': 14.861215732991695}
PCA_HEAD {'step': 15500, 'relative_mse': 0.007520207476521842, 'seconds': 15.411617893958464}
PCA_HEAD {'step': 16000, 'relative_mse': 0.0068213688996466015, 'seconds': 15.80493403179571}
PCA_HEAD {'step': 16500, 'relative_mse': 0.007034138532082361, 'seconds': 16.20224418397993}
PCA_HEAD {'step': 17000, 'relative_mse': 0.006908924644220993, 'seconds': 16.602503984002396}
PCA_HEAD {'step': 17500, 'relative_mse': 0.0065361850893378235, 'seconds': 17.003407135838643}
PCA_HEAD {'step': 18000, 'relative_mse': 0.006609008395627358, 'seconds': 17.40428951382637}
PCA_HEAD {'step': 18500, 'relative_mse': 0.006651195417989947, 'seconds': 17.80523426295258}
PCA_HEAD {'step': 19000, 'relative_mse': 0.006543166177874378, 'seconds': 18.210225480841473}
PCA_HEAD {'step': 19500, 'relative_mse': 0.006210074553676917, 'seconds': 18.614552679937333}
PCA_HEAD {'step': 20000, 'relative_mse': 0.006081543859574568, 'seconds': 19.020123645896092}
PCA_HEAD {'step': 20500, 'relative_mse': 0.0066196548865174055, 'seconds': 19.605011612875387}
PCA_HEAD {'step': 21000, 'relative_mse': 0.0061905816078250755, 'seconds': 20.00588524201885}
PCA_HEAD {'step': 21500, 'relative_mse': 0.005901736216690991, 'seconds': 20.40645638294518}
PCA_HEAD {'step': 22000, 'relative_mse': 0.0059107089195321386, 'seconds': 20.80712733697146}
PCA_HEAD {'step': 22500, 'relative_mse': 0.006324267133649951, 'seconds': 21.21329432586208}
PCA_HEAD {'step': 23000, 'relative_mse': 0.005669887508089118, 'seconds': 21.624273809837177}
PCA_HEAD {'step': 23500, 'relative_mse': 0.005830902528968529, 'seconds': 22.0392811819911}
PCA_HEAD {'step': 24000, 'relative_mse': 0.005439179304151013, 'seconds': 22.453555478947237}
PCA_HEAD {'step': 24500, 'relative_mse': 0.005767318141307962, 'seconds': 22.86660535586998}
PCA_HEAD {'step': 25000, 'relative_mse': 0.005189416736222313, 'seconds': 23.280580547871068}
PCA_HEAD {'step': 25500, 'relative_mse': 0.005635931402001658, 'seconds': 23.84383646096103}
PCA_HEAD {'step': 26000, 'relative_mse': 0.005296422432654215, 'seconds': 24.237754293950275}
PCA_HEAD {'step': 26500, 'relative_mse': 0.005448835195555675, 'seconds': 24.64175916579552}
PCA_HEAD {'step': 27000, 'relative_mse': 0.005155208572258738, 'seconds': 25.04958681180142}
PCA_HEAD {'step': 27500, 'relative_mse': 0.005615166579373801, 'seconds': 25.45681071281433}
PCA_HEAD {'step': 28000, 'relative_mse': 0.005198107484519968, 'seconds': 25.86435401882045}
PCA_HEAD {'step': 28500, 'relative_mse': 0.005096541146759115, 'seconds': 26.273142050020397}
PCA_HEAD {'step': 29000, 'relative_mse': 0.005129037256056551, 'seconds': 26.681446248898283}
PCA_HEAD {'step': 29500, 'relative_mse': 0.0049341961163254415, 'seconds': 27.088761450955644}
PCA_HEAD {'step': 30000, 'relative_mse': 0.005027351367663498, 'seconds': 27.502469077939168}
PCA_HEAD {'step': 30500, 'relative_mse': 0.00499759926341526, 'seconds': 28.068043284816667}
PCA_HEAD {'step': 31000, 'relative_mse': 0.005209629363629479, 'seconds': 28.47086918889545}
PCA_HEAD {'step': 31500, 'relative_mse': 0.004848577655545702, 'seconds': 28.88019436202012}
PCA_HEAD {'step': 32000, 'relative_mse': 0.004563801000020445, 'seconds': 29.294342407025397}
PCA_HEAD {'step': 32500, 'relative_mse': 0.004815476127998465, 'seconds': 29.716569122858346}
PCA_HEAD {'step': 33000, 'relative_mse': 0.004879216165146458, 'seconds': 30.13880294188857}
PCA_HEAD {'step': 33500, 'relative_mse': 0.004806147694111992, 'seconds': 30.556589983869344}
PCA_HEAD {'step': 34000, 'relative_mse': 0.004391810350140705, 'seconds': 30.971834927797318}
PCA_HEAD {'step': 34500, 'relative_mse': 0.004782633682282511, 'seconds': 31.3875155239366}
PCA_HEAD {'step': 35000, 'relative_mse': 0.004383221399304701, 'seconds': 31.803176834015176}
PCA_HEAD {'step': 35500, 'relative_mse': 0.004533666696085453, 'seconds': 32.385007885983214}
PCA_HEAD {'step': 36000, 'relative_mse': 0.004312268258199152, 'seconds': 32.7816841728054}
PCA_HEAD {'step': 36500, 'relative_mse': 0.004350177393065573, 'seconds': 33.19008169695735}
PCA_HEAD {'step': 37000, 'relative_mse': 0.004400675940845644, 'seconds': 33.59909275197424}
PCA_HEAD {'step': 37500, 'relative_mse': 0.00412070954265972, 'seconds': 34.016188418958336}
PCA_HEAD {'step': 38000, 'relative_mse': 0.004025791870340038, 'seconds': 34.43221916095354}
PCA_HEAD {'step': 38500, 'relative_mse': 0.004236985710254299, 'seconds': 34.84804266691208}
PCA_HEAD {'step': 39000, 'relative_mse': 0.003981449213646833, 'seconds': 35.263899413868785}
PCA_HEAD {'step': 39500, 'relative_mse': 0.004127093629724812, 'seconds': 35.67972800997086}
PCA_HEAD {'step': 40000, 'relative_mse': 0.0039025377000806412, 'seconds': 36.09533686283976}
PCA_HEAD {'step': 40500, 'relative_mse': 0.004161007977865984, 'seconds': 36.67417227779515}
PCA_HEAD {'step': 41000, 'relative_mse': 0.004013824426903332, 'seconds': 37.07086718082428}
PCA_HEAD {'step': 41500, 'relative_mse': 0.004057458683419065, 'seconds': 37.482625340810046}
PCA_HEAD {'step': 42000, 'relative_mse': 0.003691100950226676, 'seconds': 37.901432847836986}
PCA_HEAD {'step': 42500, 'relative_mse': 0.003735319118593671, 'seconds': 38.3206200459972}
PCA_HEAD {'step': 43000, 'relative_mse': 0.003773133242668928, 'seconds': 38.73960319394246}
PCA_HEAD {'step': 43500, 'relative_mse': 0.003641040269717657, 'seconds': 39.15810136590153}
PCA_HEAD {'step': 44000, 'relative_mse': 0.0036589324020759096, 'seconds': 39.57710666395724}
PCA_HEAD {'step': 44500, 'relative_mse': 0.0036864447877083054, 'seconds': 39.99617123696953}
PCA_HEAD {'step': 45000, 'relative_mse': 0.0034213394540349063, 'seconds': 40.4150935318321}
PCA_HEAD {'step': 45500, 'relative_mse': 0.003511512837627426, 'seconds': 40.97159777791239}
PCA_HEAD {'step': 46000, 'relative_mse': 0.0032662371017378187, 'seconds': 41.36800622497685}
PCA_HEAD {'step': 46500, 'relative_mse': 0.0033728621980610427, 'seconds': 41.77687697298825}
PCA_HEAD {'step': 47000, 'relative_mse': 0.003666252985009996, 'seconds': 42.19511069287546}
PCA_HEAD {'step': 47500, 'relative_mse': 0.0031742758646242757, 'seconds': 42.6127471239306}
PCA_HEAD {'step': 48000, 'relative_mse': 0.0032941281206139194, 'seconds': 43.0309006748721}
PCA_HEAD {'step': 48500, 'relative_mse': 0.003513081321364066, 'seconds': 43.448569900821894}
PCA_HEAD {'step': 49000, 'relative_mse': 0.0032941577213429192, 'seconds': 43.86543288594112}
PCA_HEAD {'step': 49500, 'relative_mse': 0.003147010444630347, 'seconds': 44.281552163884044}
PCA_HEAD {'step': 50000, 'relative_mse': 0.003068575827024734, 'seconds': 44.69910161802545}
PCA_HEAD {'step': 50500, 'relative_mse': 0.0028803996885550525, 'seconds': 45.27256915601902}
PCA_HEAD {'step': 51000, 'relative_mse': 0.003135460343276536, 'seconds': 45.676741648931056}
PCA_HEAD {'step': 51500, 'relative_mse': 0.003294789546302093, 'seconds': 46.08718578983098}
PCA_HEAD {'step': 52000, 'relative_mse': 0.0029987168099638523, 'seconds': 46.50189169985242}
PCA_HEAD {'step': 52500, 'relative_mse': 0.0031906242790756116, 'seconds': 46.91667667683214}
PCA_HEAD {'step': 53000, 'relative_mse': 0.0029763891889001766, 'seconds': 47.33220621594228}
PCA_HEAD {'step': 53500, 'relative_mse': 0.002853964330898566, 'seconds': 47.74654033896513}
PCA_HEAD {'step': 54000, 'relative_mse': 0.002753838055625302, 'seconds': 48.160448950948194}
PCA_HEAD {'step': 54500, 'relative_mse': 0.002802271029965695, 'seconds': 48.57535365782678}
PCA_HEAD {'step': 55000, 'relative_mse': 0.0028936256553689556, 'seconds': 48.99046800797805}
PCA_HEAD {'step': 55500, 'relative_mse': 0.0028044893649825696, 'seconds': 49.560570674948394}
PCA_HEAD {'step': 56000, 'relative_mse': 0.0027396004511166805, 'seconds': 49.969823878025636}
PCA_HEAD {'step': 56500, 'relative_mse': 0.0026398081264341054, 'seconds': 50.381284166825935}
PCA_HEAD {'step': 57000, 'relative_mse': 0.0027280750510071793, 'seconds': 50.793138454901055}
PCA_HEAD {'step': 57500, 'relative_mse': 0.002787453849592247, 'seconds': 51.21124795801006}
PCA_HEAD {'step': 58000, 'relative_mse': 0.002567846290618357, 'seconds': 51.629192262887955}
PCA_HEAD {'step': 58500, 'relative_mse': 0.002629583562603783, 'seconds': 52.0468146908097}
PCA_HEAD {'step': 59000, 'relative_mse': 0.0025277677667289817, 'seconds': 52.465031863888726}
PCA_HEAD {'step': 59500, 'relative_mse': 0.0025353921382349418, 'seconds': 52.882952032843605}
PCA_HEAD {'step': 60000, 'relative_mse': 0.002513881024100479, 'seconds': 53.300949992844835}
PCA_HEAD {'step': 60500, 'relative_mse': 0.002374066814510519, 'seconds': 53.864630053984}
PCA_HEAD {'step': 61000, 'relative_mse': 0.0024348894267779363, 'seconds': 54.27013634098694}
PCA_HEAD {'step': 61500, 'relative_mse': 0.0024377329916260237, 'seconds': 54.68871333100833}
PCA_HEAD {'step': 62000, 'relative_mse': 0.002474298208255067, 'seconds': 55.10775679489598}
PCA_HEAD {'step': 62500, 'relative_mse': 0.0022500229074439047, 'seconds': 55.52672286587767}
PCA_HEAD {'step': 63000, 'relative_mse': 0.0023708065931283516, 'seconds': 55.94570839381777}
PCA_HEAD {'step': 63500, 'relative_mse': 0.0022980362330347415, 'seconds': 56.3647969388403}
PCA_HEAD {'step': 64000, 'relative_mse': 0.0022734235121718016, 'seconds': 56.7839477059897}
PCA_HEAD {'step': 64500, 'relative_mse': 0.0022112182969194847, 'seconds': 57.20298932888545}
PCA_HEAD {'step': 65000, 'relative_mse': 0.0021307226277034862, 'seconds': 57.62207433092408}
PCA_HEAD {'step': 65500, 'relative_mse': 0.0021700990845905347, 'seconds': 58.16874867584556}
PCA_HEAD {'step': 66000, 'relative_mse': 0.0022630730085301896, 'seconds': 58.57419113791548}
PCA_HEAD {'step': 66500, 'relative_mse': 0.0021181986934173556, 'seconds': 58.99652346596122}
PCA_HEAD {'step': 67000, 'relative_mse': 0.0019811390768477615, 'seconds': 59.419158370932564}
PCA_HEAD {'step': 67500, 'relative_mse': 0.0020487502259059123, 'seconds': 59.841757223941386}
PCA_HEAD {'step': 68000, 'relative_mse': 0.002014977508457764, 'seconds': 60.26440909691155}
PCA_HEAD {'step': 68500, 'relative_mse': 0.0020102033167443975, 'seconds': 60.68698820192367}
PCA_HEAD {'step': 69000, 'relative_mse': 0.0019755534002739044, 'seconds': 61.10959489294328}
PCA_HEAD {'step': 69500, 'relative_mse': 0.0019475246543904073, 'seconds': 61.53215734381229}
PCA_HEAD {'step': 70000, 'relative_mse': 0.001974601016759873, 'seconds': 61.952665503835306}
PCA_HEAD {'step': 70500, 'relative_mse': 0.001901099083842446, 'seconds': 62.51818471797742}
PCA_HEAD {'step': 71000, 'relative_mse': 0.0019538979949413286, 'seconds': 62.91516644996591}
PCA_HEAD {'step': 71500, 'relative_mse': 0.001951579104296222, 'seconds': 63.321540356846526}
PCA_HEAD {'step': 72000, 'relative_mse': 0.0018645281945270371, 'seconds': 63.7405438979622}
PCA_HEAD {'step': 72500, 'relative_mse': 0.0017418997961062195, 'seconds': 64.16596773802303}
PCA_HEAD {'step': 73000, 'relative_mse': 0.0017705085845548107, 'seconds': 64.58864527987316}
PCA_HEAD {'step': 73500, 'relative_mse': 0.001873227657357549, 'seconds': 65.0122910568025}
PCA_HEAD {'step': 74000, 'relative_mse': 0.0017941220192255695, 'seconds': 65.43476978992112}
PCA_HEAD {'step': 74500, 'relative_mse': 0.0017610458878114786, 'seconds': 65.85739835095592}
PCA_HEAD {'step': 75000, 'relative_mse': 0.0017795563106534772, 'seconds': 66.27992167882621}
PCA_HEAD {'step': 75500, 'relative_mse': 0.0017401350058054651, 'seconds': 66.8392171219457}
PCA_HEAD {'step': 76000, 'relative_mse': 0.001653751940838318, 'seconds': 67.24464329285547}
PCA_HEAD {'step': 76500, 'relative_mse': 0.0017984562878156926, 'seconds': 67.65925813396461}
PCA_HEAD {'step': 77000, 'relative_mse': 0.001845508544307424, 'seconds': 68.07305423100479}
PCA_HEAD {'step': 77500, 'relative_mse': 0.0016565840174887069, 'seconds': 68.4878014428541}
PCA_HEAD {'step': 78000, 'relative_mse': 0.0016262890504837898, 'seconds': 68.9090180778876}
PCA_HEAD {'step': 78500, 'relative_mse': 0.0018013599014133075, 'seconds': 69.33626070385799}
PCA_HEAD {'step': 79000, 'relative_mse': 0.0016220832910886097, 'seconds': 69.76268698088825}
PCA_HEAD {'step': 79500, 'relative_mse': 0.0016581026646367604, 'seconds': 70.18843029695563}
PCA_HEAD {'step': 80000, 'relative_mse': 0.0015988396257969073, 'seconds': 70.60792940901592}
PCA_HEAD {'step': 80500, 'relative_mse': 0.0015837927130600443, 'seconds': 71.24237253889441}
PCA_HEAD {'step': 81000, 'relative_mse': 0.0017105976341934604, 'seconds': 71.6501175519079}
PCA_HEAD {'step': 81500, 'relative_mse': 0.0015100035409957675, 'seconds': 72.05801475187764}
PCA_HEAD {'step': 82000, 'relative_mse': 0.0017602986837536472, 'seconds': 72.4675686438568}
PCA_HEAD {'step': 82500, 'relative_mse': 0.0015283868402697033, 'seconds': 72.88259235792793}
PCA_HEAD {'step': 83000, 'relative_mse': 0.0015444860156767052, 'seconds': 73.2975697168149}
PCA_HEAD {'step': 83500, 'relative_mse': 0.0015572295903427112, 'seconds': 73.71197876986116}
PCA_HEAD {'step': 84000, 'relative_mse': 0.001530978595141251, 'seconds': 74.12580693885684}
PCA_HEAD {'step': 84500, 'relative_mse': 0.0016181191819219173, 'seconds': 74.54425713489763}
PCA_HEAD {'step': 85000, 'relative_mse': 0.0013823972675343931, 'seconds': 74.96335693798028}
PCA_HEAD {'step': 85500, 'relative_mse': 0.0014413236793638204, 'seconds': 75.5716378048528}
PCA_HEAD {'step': 86000, 'relative_mse': 0.001482371501893224, 'seconds': 75.98506813589483}
PCA_HEAD {'step': 86500, 'relative_mse': 0.0016684227885355061, 'seconds': 76.39789953501895}
PCA_HEAD {'step': 87000, 'relative_mse': 0.0014505038728376805, 'seconds': 76.81235540285707}
PCA_HEAD {'step': 87500, 'relative_mse': 0.0014456757635921513, 'seconds': 77.22545829601586}
PCA_HEAD {'step': 88000, 'relative_mse': 0.0014506824900893311, 'seconds': 77.64002952096052}
PCA_HEAD {'step': 88500, 'relative_mse': 0.0015751632327851543, 'seconds': 78.05482498183846}
PCA_HEAD {'step': 89000, 'relative_mse': 0.00143364723720499, 'seconds': 78.47387610096484}
PCA_HEAD {'step': 89500, 'relative_mse': 0.001432255919282747, 'seconds': 78.8982828608714}
PCA_HEAD {'step': 90000, 'relative_mse': 0.001461813569601349, 'seconds': 79.3241888738703}
PCA_HEAD {'step': 90500, 'relative_mse': 0.0014533393588933084, 'seconds': 79.90205578692257}
PCA_HEAD {'step': 91000, 'relative_mse': 0.0015211438416727749, 'seconds': 80.3057186899241}
PCA_HEAD {'step': 91500, 'relative_mse': 0.0014376222236042815, 'seconds': 80.71725339791737}
PCA_HEAD {'step': 92000, 'relative_mse': 0.0014627765706120368, 'seconds': 81.1443939958699}
PCA_HEAD {'step': 92500, 'relative_mse': 0.0013664211789312913, 'seconds': 81.57109236693941}
PCA_HEAD {'step': 93000, 'relative_mse': 0.001370034738697724, 'seconds': 81.99928195797838}
PCA_HEAD {'step': 93500, 'relative_mse': 0.0013871130377371215, 'seconds': 82.42214442789555}
PCA_HEAD {'step': 94000, 'relative_mse': 0.00144627704012254, 'seconds': 82.84456909284927}
PCA_HEAD {'step': 94500, 'relative_mse': 0.0014565470550635625, 'seconds': 83.26765837497078}
PCA_HEAD {'step': 95000, 'relative_mse': 0.001452509673867009, 'seconds': 83.69016923801973}
PCA_HEAD {'step': 95500, 'relative_mse': 0.0013638307081267292, 'seconds': 84.26234988402575}
PCA_HEAD {'step': 96000, 'relative_mse': 0.0013436117892642687, 'seconds': 84.66013868781738}
PCA_HEAD {'step': 96500, 'relative_mse': 0.0014104259571915316, 'seconds': 85.07232885085978}
PCA_HEAD {'step': 97000, 'relative_mse': 0.0013115319382584617, 'seconds': 85.4950235649012}
PCA_HEAD {'step': 97500, 'relative_mse': 0.0014104591183717104, 'seconds': 85.91777309193276}
PCA_HEAD {'step': 98000, 'relative_mse': 0.0014010174024305798, 'seconds': 86.34052881388925}
PCA_HEAD {'step': 98500, 'relative_mse': 0.001338176702174606, 'seconds': 86.76380096492358}
PCA_HEAD {'step': 99000, 'relative_mse': 0.0013888939092686497, 'seconds': 87.18628890090622}
PCA_HEAD {'step': 99500, 'relative_mse': 0.001415495111468509, 'seconds': 87.60898319887929}
PCA_HEAD {'step': 100000, 'relative_mse': 0.001334436342434013, 'seconds': 88.03112187283114}
STAGE shared_operator_training
OPERATOR fno3d 1 val_worst 0.6795254765017048 seconds 6.046093929093331
OPERATOR fno3d 400 val_worst 0.08036256488081146 seconds 7.510798592120409
OPERATOR fno3d 800 val_worst 0.05716782981798745 seconds 8.998158341040835
OPERATOR fno3d 1200 val_worst 0.03933087468769802 seconds 10.43379212799482
OPERATOR fno3d 1600 val_worst 0.034663352313150285 seconds 11.867501551983878
OPERATOR fno3d 2000 val_worst 0.026075549853643663 seconds 13.320359913166612
OPERATOR fno3d 2400 val_worst 0.027746683835369358 seconds 14.717767943162471
OPERATOR fno3d 2800 val_worst 0.023024256594328864 seconds 16.16831471095793
OPERATOR fno3d 3200 val_worst 0.022025308225698387 seconds 17.656936563085765
OPERATOR fno3d 3600 val_worst 0.01977093374230272 seconds 19.098831251030788
OPERATOR fno3d 4000 val_worst 0.018710998304308134 seconds 20.532078456133604
OPERATOR fno3d 4400 val_worst 0.017612553627935314 seconds 21.968247052049264
OPERATOR fno3d 4800 val_worst 0.0161638862026206 seconds 23.440435552038252
OPERATOR fno3d 5200 val_worst 0.03012964833929649 seconds 24.883311999961734
OPERATOR fno3d 5600 val_worst 0.01488273885884786 seconds 27.346946222009137
OPERATOR fno3d 6000 val_worst 0.017660349180160368 seconds 28.740043780999258
OPERATOR fno3d 6400 val_worst 0.01563313940750034 seconds 30.134162386180833
OPERATOR fno3d 6800 val_worst 0.016911811580073606 seconds 31.518302698154002
OPERATOR fno3d 7200 val_worst 0.01345998707779694 seconds 32.9825127881486
OPERATOR fno3d 7600 val_worst 0.013192909599931761 seconds 34.446233795024455
OPERATOR fno3d 8000 val_worst 0.012171258548800929 seconds 35.89002646016888
OPERATOR fno3d 8400 val_worst 0.01250940237296116 seconds 37.28972607804462
OPERATOR fno3d 8800 val_worst 0.01987461363032233 seconds 38.6976093261037
OPERATOR fno3d 9200 val_worst 0.012137661285140017 seconds 40.16795377898961
OPERATOR fno3d 9600 val_worst 0.01169878133465134 seconds 41.623282506130636
OPERATOR fno3d 10000 val_worst 0.019739278960782525 seconds 43.0276110090781
OPERATOR fno3d 10400 val_worst 0.011748438108194124 seconds 44.43443529703654
OPERATOR fno3d 10800 val_worst 0.011738527237283587 seconds 45.857184529071674
OPERATOR fno3d 11200 val_worst 0.012183477606918937 seconds 47.26267752214335
OPERATOR fno3d 11600 val_worst 0.01021017810020114 seconds 48.71708965417929
OPERATOR fno3d 12000 val_worst 0.010325316914193054 seconds 50.13492800598033
OPERATOR fno3d 12400 val_worst 0.010033231217936055 seconds 51.61166563304141
OPERATOR fno3d 12800 val_worst 0.014648993215705067 seconds 53.02462488412857
OPERATOR fno3d 13200 val_worst 0.009457472614978892 seconds 54.51620898908004
OPERATOR fno3d 13600 val_worst 0.009949558632126473 seconds 55.91451454698108
OPERATOR fno3d 14000 val_worst 0.008684140090382854 seconds 57.38907397608273
OPERATOR fno3d 14400 val_worst 0.0116480659925504 seconds 58.81416050205007
OPERATOR fno3d 14800 val_worst 0.009755766961117594 seconds 60.223527271067724
OPERATOR fno3d 15200 val_worst 0.009852443183929457 seconds 61.62642381712794
OPERATOR fno3d 15600 val_worst 0.009213531148510087 seconds 63.04770593601279
OPERATOR fno3d 16000 val_worst 0.010624278152550728 seconds 64.45451228413731
OPERATOR fno3d 16400 val_worst 0.009051001940936972 seconds 65.88396446011029
OPERATOR fno3d 16800 val_worst 0.011583873329542336 seconds 67.28995375405066
OPERATOR fno3d 17200 val_worst 0.009198260074235257 seconds 68.71821795613505
OPERATOR fno3d 17600 val_worst 0.0085510859252126 seconds 70.1822211870458
OPERATOR fno3d 18000 val_worst 0.00789497739114392 seconds 71.64961805101484
OPERATOR fno3d 18400 val_worst 0.009823001540623953 seconds 73.07798662013374
OPERATOR fno3d 18800 val_worst 0.01234345848335836 seconds 74.48309808317572
OPERATOR fno3d 19200 val_worst 0.007670427855351056 seconds 75.94940866809338
OPERATOR fno3d 19600 val_worst 0.009210205549318794 seconds 77.37729431712069
OPERATOR fno3d 20000 val_worst 0.0092054919114979 seconds 78.78624000702985
OPERATOR fno3d 20400 val_worst 0.011276854989524203 seconds 80.24856339907274
OPERATOR fno3d 20800 val_worst 0.007689224314377082 seconds 81.66810584510677
OPERATOR fno3d 21200 val_worst 0.007439097381951898 seconds 83.15741953905672
OPERATOR fno3d 21600 val_worst 0.007312503657097823 seconds 84.65314602595754
OPERATOR fno3d 22000 val_worst 0.00878571612156081 seconds 86.06836200901307
OPERATOR fno3d 22400 val_worst 0.007198357110844559 seconds 87.55205105897039
OPERATOR fno3d 22800 val_worst 0.007747932884020865 seconds 88.98551426501945
OPERATOR fno3d 23200 val_worst 0.007533557502658477 seconds 90.41646808316
OPERATOR fno3d 23600 val_worst 0.009896878899101952 seconds 91.86125098005868
OPERATOR fno3d 24000 val_worst 0.007446313253317674 seconds 93.28707334003411
OPERATOR fno3d 24400 val_worst 0.0077481394044089024 seconds 94.73926901211962
OPERATOR fno3d 24800 val_worst 0.007506686023696139 seconds 96.15586014604196
OPERATOR fno3d 25200 val_worst 0.007135589322180131 seconds 97.6525133100804
OPERATOR fno3d 25600 val_worst 0.007716114734479619 seconds 99.08578977617435
OPERATOR fno3d 26000 val_worst 0.006976154604037588 seconds 100.5662071260158
OPERATOR fno3d 26400 val_worst 0.007454667202006594 seconds 102.0164205650799
OPERATOR fno3d 26800 val_worst 0.006778403705878088 seconds 103.49623904703185
OPERATOR fno3d 27200 val_worst 0.0066301820261892176 seconds 104.96427140012383
OPERATOR fno3d 27600 val_worst 0.006589121153141872 seconds 106.43120296602137
OPERATOR fno3d 28000 val_worst 0.0072157734286583276 seconds 107.83724347408861
OPERATOR fno3d 28400 val_worst 0.0064585646498431445 seconds 109.32861369708553
OPERATOR fno3d 28800 val_worst 0.006428100858821856 seconds 110.8002978800796
OPERATOR fno3d 29200 val_worst 0.007007815840961188 seconds 112.21651451312937
OPERATOR fno3d 29600 val_worst 0.00631088342555377 seconds 113.69242613902315
OPERATOR fno3d 30000 val_worst 0.00618857161528478 seconds 115.15859339595772
OPERATOR fno3d 30400 val_worst 0.0073952698653028 seconds 116.57046561012976
OPERATOR fno3d 30800 val_worst 0.006770104157889148 seconds 117.97869608108886
OPERATOR fno3d 31200 val_worst 0.006191921537845044 seconds 119.43608748912811
OPERATOR fno3d 31600 val_worst 0.006450877441069472 seconds 120.86460117902607
OPERATOR fno3d 32000 val_worst 0.006226948889488262 seconds 122.2885049500037
OPERATOR fno3d 32400 val_worst 0.006368114638411848 seconds 123.72794589609839
OPERATOR fno3d 32800 val_worst 0.006771471917753532 seconds 125.16547653614543
OPERATOR fno3d 33200 val_worst 0.005980191044317475 seconds 126.62979152100161
OPERATOR fno3d 33600 val_worst 0.00608173332398376 seconds 128.0493298941292
OPERATOR fno3d 34000 val_worst 0.0064993656038175585 seconds 129.4566189800389
OPERATOR fno3d 34400 val_worst 0.006031272021853796 seconds 130.89791147806682
OPERATOR fno3d 34800 val_worst 0.0060495473919451185 seconds 132.3200942191761
OPERATOR fno3d 35200 val_worst 0.006394941199055274 seconds 133.7789666990284
OPERATOR fno3d 35600 val_worst 0.005955458859987481 seconds 135.2574003180489
OPERATOR fno3d 36000 val_worst 0.0058958860121492455 seconds 136.71098473714665
OPERATOR fno3d 36400 val_worst 0.005988963287706013 seconds 138.1744503909722
OPERATOR fno3d 36800 val_worst 0.005984182330930774 seconds 139.59758178517222
OPERATOR fno3d 37200 val_worst 0.006021691642816527 seconds 141.02506668213755
OPERATOR fno3d 37600 val_worst 0.005819353268126173 seconds 142.54352388414554
OPERATOR fno3d 38000 val_worst 0.005720816423961623 seconds 144.04078851803206
OPERATOR fno3d 38400 val_worst 0.005828813943532591 seconds 145.4723816299811
OPERATOR fno3d 38800 val_worst 0.005846764388883253 seconds 146.90588850714266
OPERATOR fno3d 39200 val_worst 0.005779843906488883 seconds 148.35735823702998
OPERATOR fno3d 39600 val_worst 0.005687408434788904 seconds 149.85160085116513
OPERATOR fno3d 40000 val_worst 0.0057481457673679 seconds 151.2783625770826
OPERATOR fno3d 40400 val_worst 0.005743043255541796 seconds 152.7146668250207
OPERATOR fno3d 40800 val_worst 0.00595410021766354 seconds 154.1580375181511
OPERATOR fno3d 41200 val_worst 0.005637324050191013 seconds 155.64029922313057
OPERATOR fno3d 41600 val_worst 0.005805601646189393 seconds 157.0652024531737
OPERATOR fno3d 42000 val_worst 0.005649358450462438 seconds 158.50915153999813
OPERATOR fno3d 42400 val_worst 0.005643511509673988 seconds 159.93406497617252
OPERATOR fno3d 42800 val_worst 0.005636477972190992 seconds 161.40561813814566
OPERATOR fno3d 43200 val_worst 0.005625934812305471 seconds 162.9003519101534
OPERATOR fno3d 43600 val_worst 0.005666257909704854 seconds 164.37701839301735
OPERATOR fno3d 44000 val_worst 0.005615377151378516 seconds 165.85883198701777
OPERATOR fno3d 44400 val_worst 0.005646642546289917 seconds 167.41140062501654
OPERATOR fno3d 44800 val_worst 0.005608709538967291 seconds 168.90638936613686
OPERATOR fno3d 45200 val_worst 0.005596294188155104 seconds 170.45648648403585
OPERATOR fno3d 45600 val_worst 0.005592114169005991 seconds 171.99186438298784
OPERATOR fno3d 46000 val_worst 0.005588875067040897 seconds 173.46553195617162
OPERATOR fno3d 46400 val_worst 0.005626919517998457 seconds 174.95743335597217
OPERATOR fno3d 46800 val_worst 0.005559162544217256 seconds 176.48679737211205
OPERATOR fno3d 47200 val_worst 0.005627394984665541 seconds 177.90327846817672
OPERATOR fno3d 47600 val_worst 0.005568626639158063 seconds 179.3396580470726
OPERATOR fno3d 48000 val_worst 0.005586006765326296 seconds 180.77279915311374
OPERATOR fno3d 48400 val_worst 0.005535575429655734 seconds 182.2534526239615
OPERATOR fno3d 48800 val_worst 0.005546744544999608 seconds 183.67517267214134
OPERATOR fno3d 49200 val_worst 0.00554553511851661 seconds 185.12998574506491
OPERATOR fno3d 49600 val_worst 0.005531299199676199 seconds 186.60375328105874
OPERATOR fno3d 50000 val_worst 0.005529366200649932 seconds 188.13804162596352
OPERATOR unet3d 1 val_worst 0.6775585784577705 seconds 3.5585463808383793
OPERATOR unet3d 400 val_worst 0.12122010079942579 seconds 7.512473999988288
OPERATOR unet3d 800 val_worst 0.08513911693584139 seconds 11.484205421991646
OPERATOR unet3d 1200 val_worst 0.09267859164447345 seconds 15.51874746591784
OPERATOR unet3d 1600 val_worst 0.06769866232990018 seconds 19.559289067052305
OPERATOR unet3d 2000 val_worst 0.06415837142100414 seconds 23.636917772935703
OPERATOR unet3d 2400 val_worst 0.06514838648439014 seconds 27.699273857986555
OPERATOR unet3d 2800 val_worst 0.06214233406993122 seconds 31.759765757946298
OPERATOR unet3d 3200 val_worst 0.0560853979791324 seconds 35.84898577397689
OPERATOR unet3d 3600 val_worst 0.04549416989127098 seconds 39.925763161852956
OPERATOR unet3d 4000 val_worst 0.045273158526228645 seconds 44.01291893306188
OPERATOR unet3d 4400 val_worst 0.07789275463770837 seconds 48.07399798696861
OPERATOR unet3d 4800 val_worst 0.048737423292439 seconds 52.16319086402655
OPERATOR unet3d 5200 val_worst 0.04775177306180232 seconds 56.23855565395206
OPERATOR unet3d 5600 val_worst 0.06166815931572906 seconds 60.3117394738365
OPERATOR unet3d 6000 val_worst 0.047724649203721624 seconds 64.38952278601937
OPERATOR unet3d 6400 val_worst 0.038733411543559595 seconds 68.47335245693102
OPERATOR unet3d 6800 val_worst 0.07238591339726427 seconds 72.53658391791396
OPERATOR unet3d 7200 val_worst 0.03923788083823416 seconds 76.63123723003082
OPERATOR unet3d 7600 val_worst 0.038062058792813824 seconds 80.71617764187977
OPERATOR unet3d 8000 val_worst 0.04426140991046077 seconds 84.78141850885004
OPERATOR unet3d 8400 val_worst 0.06457953424688322 seconds 88.8679905179888
OPERATOR unet3d 8800 val_worst 0.0378167159131115 seconds 92.9740696940571
OPERATOR unet3d 9200 val_worst 0.033814386876504225 seconds 97.05830564000644
OPERATOR unet3d 9600 val_worst 0.0347981422699203 seconds 101.1347363688983
OPERATOR unet3d 10000 val_worst 0.051888863149702126 seconds 105.2262977999635
OPERATOR unet3d 10400 val_worst 0.03970845587736803 seconds 109.29503518296406
OPERATOR unet3d 10800 val_worst 0.04386309971297781 seconds 113.38942874898203
OPERATOR unet3d 11200 val_worst 0.040037088998362155 seconds 117.45666413498111
OPERATOR unet3d 11600 val_worst 0.030594111080037973 seconds 121.55464174994268
OPERATOR unet3d 12000 val_worst 0.035254787058075505 seconds 125.63783513591625
OPERATOR unet3d 12400 val_worst 0.03288060233199842 seconds 129.71640553092584
OPERATOR unet3d 12800 val_worst 0.04828366859711784 seconds 133.78902743989602
OPERATOR unet3d 13200 val_worst 0.030661548527715122 seconds 137.86647753603756
OPERATOR unet3d 13600 val_worst 0.028925286783808797 seconds 141.95339359296486
OPERATOR unet3d 14000 val_worst 0.03143158715711001 seconds 146.03383233584464
OPERATOR unet3d 14400 val_worst 0.037520115317690575 seconds 150.10973175684921
OPERATOR unet3d 14800 val_worst 0.04106799405621571 seconds 154.19184858188964
OPERATOR unet3d 15200 val_worst 0.028377602406891356 seconds 158.2937325858511
OPERATOR unet3d 15600 val_worst 0.027124844257140936 seconds 162.388418097049
OPERATOR unet3d 16000 val_worst 0.029140745858481917 seconds 166.47922973684035
OPERATOR unet3d 16400 val_worst 0.033853975650816645 seconds 170.54896845994517
OPERATOR unet3d 16800 val_worst 0.041881035098555924 seconds 174.64788422896527
OPERATOR unet3d 17200 val_worst 0.029343708027990405 seconds 178.72763320198283
OPERATOR unet3d 17600 val_worst 0.07006986616063797 seconds 182.80797160393558
OPERATOR unet3d 18000 val_worst 0.02741658851201627 seconds 186.88729384704493
OPERATOR unet3d 18400 val_worst 0.029056596890201264 seconds 190.97198818903416
OPERATOR unet3d 18800 val_worst 0.030300363766753338 seconds 195.0531509469729
OPERATOR unet3d 19200 val_worst 0.03463725244967836 seconds 199.13529043388553
OPERATOR unet3d 19600 val_worst 0.059382287261216374 seconds 203.21361887687817
OPERATOR unet3d 20000 val_worst 0.02818089623054814 seconds 207.2893955979962
OPERATOR unet3d 20400 val_worst 0.027498173243217967 seconds 211.37094310787506
OPERATOR unet3d 20800 val_worst 0.02707704865906325 seconds 215.46908819884993
OPERATOR unet3d 21200 val_worst 0.027343284477998556 seconds 219.57073522289284
OPERATOR unet3d 21600 val_worst 0.03438675814178923 seconds 223.64872642490081
OPERATOR unet3d 22000 val_worst 0.027285818570934085 seconds 227.74240817595273
OPERATOR unet3d 22400 val_worst 0.03570936589498704 seconds 231.8154946018476
OPERATOR unet3d 22800 val_worst 0.032102465512157 seconds 235.89038470992818
OPERATOR unet3d 23200 val_worst 0.028878891675918256 seconds 239.98630130989477
OPERATOR unet3d 23600 val_worst 0.027137520071856693 seconds 244.0587130598724
OPERATOR unet3d 24000 val_worst 0.02791723161744945 seconds 248.1602865238674
OPERATOR unet3d 24400 val_worst 0.027212176646676144 seconds 252.24501064792275
OPERATOR unet3d 24800 val_worst 0.02686285447004372 seconds 256.33076868392527
OPERATOR unet3d 25200 val_worst 0.027482428544576158 seconds 260.4093658810016
OPERATOR unet3d 25600 val_worst 0.026951880712109688 seconds 264.4940875240136
OPERATOR unet3d 26000 val_worst 0.029944564677620123 seconds 268.598285085056
OPERATOR unet3d 26400 val_worst 0.026780191872885533 seconds 272.6874917028472
OPERATOR unet3d 26800 val_worst 0.026871287916775854 seconds 276.76521869702265
OPERATOR unet3d 27200 val_worst 0.026324419372934456 seconds 280.8588125719689
OPERATOR unet3d 27600 val_worst 0.026408660495716732 seconds 284.9373092278838
OPERATOR unet3d 28000 val_worst 0.026689621068792607 seconds 289.0201586680487
OPERATOR unet3d 28400 val_worst 0.026922284955224227 seconds 293.1278487590607
OPERATOR unet3d 28800 val_worst 0.026352971493915897 seconds 297.208515670849
OPERATOR unet3d 29200 val_worst 0.02955311327911169 seconds 301.31584716704674
OPERATOR unet3d 29600 val_worst 0.026852484597833296 seconds 305.3884220060427
OPERATOR unet3d 30000 val_worst 0.027621356989639502 seconds 309.4843539290596
OPERATOR unet3d 30400 val_worst 0.026575074558138116 seconds 313.57754091802053
OPERATOR unet3d 30800 val_worst 0.02717070880178691 seconds 317.6582760219462
OPERATOR unet3d 31200 val_worst 0.026416749441210374 seconds 321.75077170995064
OPERATOR unet3d 31600 val_worst 0.02665538241218156 seconds 325.82857352797873
OPERATOR unet3d 32000 val_worst 0.026321888329404946 seconds 329.9340918948874
OPERATOR unet3d 32400 val_worst 0.02633754388811665 seconds 334.0082866039593
OPERATOR unet3d 32800 val_worst 0.02646485204061376 seconds 338.1108961228747
OPERATOR unet3d 33200 val_worst 0.026136281231060748 seconds 342.20047308388166
OPERATOR unet3d 33600 val_worst 0.02652222020511272 seconds 346.35768073285
OPERATOR unet3d 34000 val_worst 0.02666436830035221 seconds 350.4244415098801
OPERATOR unet3d 34400 val_worst 0.028884893124741177 seconds 354.51907642092556
OPERATOR unet3d 34800 val_worst 0.026376829450020154 seconds 358.5969779919833
OPERATOR unet3d 35200 val_worst 0.026351787545544576 seconds 362.6804786538705
OPERATOR unet3d 35600 val_worst 0.026132394911939312 seconds 366.7911144490354
OPERATOR unet3d 36000 val_worst 0.02615947481139428 seconds 370.86835156800225
OPERATOR unet3d 36400 val_worst 0.02622265786719061 seconds 374.9488244729582
OPERATOR unet3d 36800 val_worst 0.02585777850723296 seconds 379.0610500969924
OPERATOR unet3d 37200 val_worst 0.025799970501746972 seconds 383.1584989698604
OPERATOR unet3d 37600 val_worst 0.026513748766171706 seconds 387.24645223189145
OPERATOR unet3d 38000 val_worst 0.02631737971700647 seconds 391.33998501091264
OPERATOR unet3d 38400 val_worst 0.025855497743238937 seconds 395.4355888508726
OPERATOR unet3d 38800 val_worst 0.026051474797288275 seconds 399.53376631392166
OPERATOR unet3d 39200 val_worst 0.02600493806904057 seconds 403.6353488159366
OPERATOR unet3d 39600 val_worst 0.02611893672503424 seconds 407.72056281985715
OPERATOR unet3d 40000 val_worst 0.02619541958682015 seconds 411.802663924871
OPERATOR unet3d 40400 val_worst 0.026232393857931902 seconds 415.8934653159231
OPERATOR unet3d 40800 val_worst 0.02620327946253298 seconds 419.9833563999273
OPERATOR unet3d 41200 val_worst 0.026224333561284622 seconds 424.06517906999215
OPERATOR unet3d 41600 val_worst 0.025935034115896247 seconds 428.17009721999057
OPERATOR unet3d 42000 val_worst 0.02618868560208851 seconds 432.2629841128364
OPERATOR unet3d 42400 val_worst 0.02582385906423426 seconds 436.3445303759072
OPERATOR unet3d 42800 val_worst 0.026061262781338735 seconds 440.44919849094003
OPERATOR unet3d 43200 val_worst 0.02564616798509794 seconds 444.54006615583785
OPERATOR unet3d 43600 val_worst 0.02605327193063382 seconds 448.63498168601654
OPERATOR unet3d 44000 val_worst 0.026083118922070034 seconds 452.72407711693086
OPERATOR unet3d 44400 val_worst 0.02593450595918309 seconds 456.8141694748774
OPERATOR unet3d 44800 val_worst 0.025858117757712303 seconds 460.90452573797666
OPERATOR unet3d 45200 val_worst 0.02600936529458832 seconds 464.9940351329278
OPERATOR unet3d 45600 val_worst 0.026081401229251348 seconds 469.09008360793814
OPERATOR unet3d 46000 val_worst 0.025996250896211145 seconds 473.1812376920134
OPERATOR unet3d 46400 val_worst 0.02610153842860563 seconds 477.2815532318782
OPERATOR unet3d 46800 val_worst 0.026035677477203704 seconds 481.38305345596746
OPERATOR unet3d 47200 val_worst 0.025921406008688194 seconds 485.46032234304585
OPERATOR unet3d 47600 val_worst 0.025935674426181964 seconds 489.563509081956
OPERATOR unet3d 48000 val_worst 0.026076940260463328 seconds 493.66148394090123
OPERATOR unet3d 48400 val_worst 0.025946443989866338 seconds 497.75172987789847
OPERATOR unet3d 48800 val_worst 0.02597337946304076 seconds 501.82916261884384
OPERATOR unet3d 49200 val_worst 0.025968953963025596 seconds 505.93850932992063
OPERATOR unet3d 49600 val_worst 0.025992352712426427 seconds 510.02091211499646
OPERATOR unet3d 50000 val_worst 0.02606628009143103 seconds 514.1283272099681
OPERATOR deeponet3d 1 val_worst 0.6790121334475607 seconds 10.369281576015055
OPERATOR deeponet3d 400 val_worst 0.6604707847464882 seconds 20.931424791924655
OPERATOR deeponet3d 800 val_worst 0.6578720692190207 seconds 32.04685876891017
OPERATOR deeponet3d 1200 val_worst 0.6574580202822156 seconds 43.37817152403295
OPERATOR deeponet3d 1600 val_worst 0.67900859911275 seconds 54.61185288405977
OPERATOR deeponet3d 2000 val_worst 0.6787820682904948 seconds 65.90519909304567
OPERATOR deeponet3d 2400 val_worst 0.6795866227124779 seconds 77.32462513702922
OPERATOR deeponet3d 2800 val_worst 0.6794775079524791 seconds 88.64304634486325
OPERATOR deeponet3d 3200 val_worst 0.679388071548525 seconds 100.06916875299066
OPERATOR deeponet3d 3600 val_worst 0.6789315070614614 seconds 111.47732344898395
OPERATOR deeponet3d 4000 val_worst 0.6790377957910514 seconds 122.88010462396778
OPERATOR deeponet3d 4400 val_worst 0.6779000943639143 seconds 134.4480122900568
OPERATOR deeponet3d 4800 val_worst 0.6792638046426965 seconds 145.9524150348734
OPERATOR deeponet3d 5200 val_worst 0.678566843645419 seconds 157.28718416998163
OPERATOR deeponet3d 5600 val_worst 0.6792323905622576 seconds 168.67944904393516
OPERATOR deeponet3d 6000 val_worst 0.6795751802425055 seconds 180.0649637740571
OPERATOR deeponet3d 6400 val_worst 0.6792558842179023 seconds 191.52722028503194
OPERATOR deeponet3d 6800 val_worst 0.6787691462837934 seconds 202.93928489787504
OPERATOR deeponet3d 7200 val_worst 0.6787348749817745 seconds 214.30145106394775
OPERATOR deeponet3d 7600 val_worst 0.6789818900400393 seconds 225.68116612290032
OPERATOR deeponet3d 8000 val_worst 0.6789825658592469 seconds 237.0668377210386
OPERATOR deeponet3d 8400 val_worst 0.679228010979473 seconds 248.45504817995243
OPERATOR deeponet3d 8800 val_worst 0.6790425285897115 seconds 259.8087501539849
OPERATOR deeponet3d 9200 val_worst 0.678760194195332 seconds 271.2110899009276
OPERATOR deeponet3d 9600 val_worst 0.6788931890378557 seconds 282.5961841039825
OPERATOR deeponet3d 10000 val_worst 0.6791030900565409 seconds 293.95920535107143
OPERATOR deeponet3d 10400 val_worst 0.6791499016100595 seconds 305.327907810919
OPERATOR deeponet3d 10800 val_worst 0.6794571071334267 seconds 316.70542383007705
OPERATOR deeponet3d 11200 val_worst 0.6788904524736661 seconds 328.0718756010756
OPERATOR deeponet3d 11600 val_worst 0.6789838488334091 seconds 339.4541271009948
OPERATOR deeponet3d 12000 val_worst 0.6791545519181508 seconds 350.8872981208842
OPERATOR deeponet3d 12400 val_worst 0.6791999335239873 seconds 362.2527512968518
OPERATOR deeponet3d 12800 val_worst 0.6796243524924225 seconds 373.61975119495764
OPERATOR deeponet3d 13200 val_worst 0.6793732353098799 seconds 384.9953937130049
OPERATOR deeponet3d 13600 val_worst 0.6795805067222829 seconds 396.42320791701786
OPERATOR deeponet3d 14000 val_worst 0.6801551074230078 seconds 407.82746436307207
OPERATOR deeponet3d 14400 val_worst 0.6791020139440302 seconds 419.15155696403235
OPERATOR deeponet3d 14800 val_worst 0.6789995265842399 seconds 430.5283506899141
OPERATOR deeponet3d 15200 val_worst 0.6793478306084284 seconds 441.82139823492616
OPERATOR deeponet3d 15600 val_worst 0.6790832820606033 seconds 453.24622141500004
OPERATOR deeponet3d 16000 val_worst 0.6794983496172011 seconds 464.61203973391093
OPERATOR deeponet3d 16400 val_worst 0.6789790005270813 seconds 476.1064901279751
OPERATOR deeponet3d 16800 val_worst 0.6794116842395979 seconds 487.4704772029072
OPERATOR deeponet3d 17200 val_worst 0.6793160045570413 seconds 498.8637880650349
OPERATOR deeponet3d 17600 val_worst 0.679171403931365 seconds 510.28873329097405
OPERATOR deeponet3d 18000 val_worst 0.679467831717749 seconds 521.6535736629739
OPERATOR deeponet3d 18400 val_worst 0.6794191960559227 seconds 533.0226434979122
OPERATOR deeponet3d 18800 val_worst 0.6791681692008704 seconds 544.5214675730094
OPERATOR deeponet3d 19200 val_worst 0.679219660272096 seconds 556.0329721639864
OPERATOR deeponet3d 19600 val_worst 0.6794469273672862 seconds 567.4884516750462
OPERATOR deeponet3d 20000 val_worst 0.6794057264627187 seconds 578.8742833919823
OPERATOR deeponet3d 20400 val_worst 0.6790485092690242 seconds 590.2546680690721
OPERATOR deeponet3d 20800 val_worst 0.6793877571314232 seconds 601.6163402700331
OPERATOR deeponet3d 21200 val_worst 0.6793181354312336 seconds 613.0471208060626
OPERATOR deeponet3d 21600 val_worst 0.6791545276475919 seconds 624.3863871898502
OPERATOR deeponet3d 22000 val_worst 0.6797047845071916 seconds 635.8017928348854
OPERATOR deeponet3d 22400 val_worst 0.6795363040459959 seconds 647.3391632169951
OPERATOR deeponet3d 22800 val_worst 0.6792468303512998 seconds 658.6671371308621
OPERATOR deeponet3d 23200 val_worst 0.6794291356050263 seconds 670.0358673669398
OPERATOR deeponet3d 23600 val_worst 0.6791758872921358 seconds 681.4892448198516
OPERATOR deeponet3d 24000 val_worst 0.6793259587718221 seconds 692.8413240350783
OPERATOR deeponet3d 24400 val_worst 0.6793044191715797 seconds 704.2292287629098
OPERATOR deeponet3d 24800 val_worst 0.6793439697109948 seconds 715.6479302209336
OPERATOR deeponet3d 25200 val_worst 0.6793562794612533 seconds 727.0517621550243
OPERATOR deeponet3d 25600 val_worst 0.6791833825008214 seconds 738.4945505529176
OPERATOR deeponet3d 26000 val_worst 0.6793795593863996 seconds 749.9128457498737
OPERATOR deeponet3d 26400 val_worst 0.679391688176992 seconds 761.306541031925
OPERATOR deeponet3d 26800 val_worst 0.6795737191286796 seconds 772.7377672959119
OPERATOR deeponet3d 27200 val_worst 0.6797047424227268 seconds 784.0328179600183
OPERATOR deeponet3d 27600 val_worst 0.6794121639278397 seconds 795.4540660930797
OPERATOR deeponet3d 28000 val_worst 0.679506497158644 seconds 806.9385853549466
OPERATOR deeponet3d 28400 val_worst 0.6792903327367327 seconds 818.4533404919785
OPERATOR deeponet3d 28800 val_worst 0.6794282981189868 seconds 829.8243485209532
OPERATOR deeponet3d 29200 val_worst 0.6792219168692292 seconds 841.2572434959002
OPERATOR deeponet3d 29600 val_worst 0.6796581047074368 seconds 852.6127535619307
OPERATOR deeponet3d 30000 val_worst 0.6795841947573543 seconds 864.0934148160741
OPERATOR deeponet3d 30400 val_worst 0.6794769492140991 seconds 875.5624641410541
OPERATOR deeponet3d 30800 val_worst 0.679215328940457 seconds 886.9591167189647
OPERATOR deeponet3d 31200 val_worst 0.6792411267020447 seconds 898.3403787319548
OPERATOR deeponet3d 31600 val_worst 0.6800665467251965 seconds 909.7463659059722
OPERATOR transolver3d 1 val_worst 0.6797431778559566 seconds 16.836097965948284
OPERATOR transolver3d 400 val_worst 0.3687074024145457 seconds 25.809614061145112
OPERATOR transolver3d 800 val_worst 0.25813138175132555 seconds 34.929943318944424
OPERATOR transolver3d 1200 val_worst 0.22197652220271485 seconds 44.23378518107347
OPERATOR transolver3d 1600 val_worst 0.16587548634749483 seconds 53.569422325119376
OPERATOR transolver3d 2000 val_worst 0.1540148033320425 seconds 62.93592408206314
OPERATOR transolver3d 2400 val_worst 0.174662857010922 seconds 72.28002061112784
OPERATOR transolver3d 2800 val_worst 0.18832409490478 seconds 81.68227109499276
OPERATOR transolver3d 3200 val_worst 0.2139478108028339 seconds 91.08870138996281
OPERATOR transolver3d 3600 val_worst 0.17389766470077747 seconds 100.51982368994504
OPERATOR transolver3d 4000 val_worst 0.19358519823305195 seconds 109.91083413711749
OPERATOR transolver3d 4400 val_worst 0.1652632077695389 seconds 119.33603855408728
OPERATOR transolver3d 4800 val_worst 0.10703719551064289 seconds 128.7905767960474
OPERATOR transolver3d 5200 val_worst 0.14987517340833725 seconds 138.22833147994243
OPERATOR transolver3d 5600 val_worst 0.1321165482486218 seconds 147.65161385107785
OPERATOR transolver3d 6000 val_worst 0.08744692896296906 seconds 157.10257499408908
OPERATOR transolver3d 6400 val_worst 0.2025703340683245 seconds 166.51158234593458
OPERATOR transolver3d 6800 val_worst 0.13742561493849695 seconds 175.91939171403646
OPERATOR transolver3d 7200 val_worst 0.17646114966381274 seconds 185.34027710999362
OPERATOR transolver3d 7600 val_worst 0.22414357000249718 seconds 194.7362382451538
OPERATOR transolver3d 8000 val_worst 0.11546564624955305 seconds 204.15679732500575
OPERATOR transolver3d 8400 val_worst 0.13051071274600587 seconds 213.57891050796025
OPERATOR transolver3d 8800 val_worst 0.11938825689191547 seconds 223.02515890495852
OPERATOR transolver3d 9200 val_worst 0.10689149854272852 seconds 232.4600336139556
OPERATOR transolver3d 9600 val_worst 0.10033333504505998 seconds 241.88081370503642
OPERATOR transolver3d 10000 val_worst 0.09258402096518657 seconds 251.3116653531324
OPERATOR transolver3d 10400 val_worst 0.08239393847364183 seconds 260.7131829429418
OPERATOR transolver3d 10800 val_worst 0.14951100955018942 seconds 270.13994827098213
OPERATOR transolver3d 11200 val_worst 0.08906642568049782 seconds 279.5489975649398
OPERATOR transolver3d 11600 val_worst 0.10325959733822816 seconds 288.97580945515074
OPERATOR transolver3d 12000 val_worst 0.08756143344676225 seconds 298.385290381033
OPERATOR transolver3d 12400 val_worst 0.11253682649733886 seconds 307.8103291960433
OPERATOR transolver3d 12800 val_worst 0.08484289988052808 seconds 317.23049844405614
OPERATOR transolver3d 13200 val_worst 0.07643138878452997 seconds 326.6663575321436
OPERATOR transolver3d 13600 val_worst 0.07532486987293296 seconds 336.1001380570233
OPERATOR transolver3d 14000 val_worst 0.07501294478722721 seconds 345.5598826750647
OPERATOR transolver3d 14400 val_worst 0.09363847276771275 seconds 354.9893710811157
OPERATOR transolver3d 14800 val_worst 0.07964641934524383 seconds 364.41803233814426
OPERATOR transolver3d 15200 val_worst 0.07224002871057252 seconds 373.853418210987
OPERATOR transolver3d 15600 val_worst 0.07089710277143811 seconds 383.3046088630799
OPERATOR transolver3d 16000 val_worst 0.13851154186505013 seconds 392.71245053899474
OPERATOR transolver3d 16400 val_worst 0.07675868769528474 seconds 402.1314282361418
OPERATOR transolver3d 16800 val_worst 0.07304515525968519 seconds 411.54502169205807
OPERATOR transolver3d 17200 val_worst 0.06653539731929453 seconds 420.9860218849499
OPERATOR transolver3d 17600 val_worst 0.06312092489228406 seconds 430.4226919049397
OPERATOR transolver3d 18000 val_worst 0.0648971707772088 seconds 439.8530498810578
OPERATOR transolver3d 18400 val_worst 0.06685195764758059 seconds 449.28281263494864
OPERATOR transolver3d 18800 val_worst 0.06373055233505093 seconds 458.70012785401195
OPERATOR transolver3d 19200 val_worst 0.06446060325470859 seconds 468.11691282410175
OPERATOR transolver3d 19600 val_worst 0.06816193811161629 seconds 477.5330792621244
OPERATOR transolver3d 20000 val_worst 0.0684080657033347 seconds 486.9458851320669
OPERATOR transolver3d 20400 val_worst 0.05864537590702494 seconds 496.3835517829284
OPERATOR transolver3d 20800 val_worst 0.052579206403781324 seconds 505.82170428312384
OPERATOR transolver3d 21200 val_worst 0.054824846591138385 seconds 515.2690330480691
OPERATOR transolver3d 21600 val_worst 0.09963045711221612 seconds 524.6849063879345
OPERATOR transolver3d 22000 val_worst 0.06369310946803351 seconds 534.132063915953
OPERATOR transolver3d 22400 val_worst 0.06286503076201679 seconds 543.5463573089801
OPERATOR transolver3d 22800 val_worst 0.09661153510559879 seconds 552.9656836290378
OPERATOR transolver3d 23200 val_worst 0.05833450382069965 seconds 562.3660618760623
OPERATOR transolver3d 23600 val_worst 0.05477638542734128 seconds 571.778249751078
OPERATOR transolver3d 24000 val_worst 0.051733498949831556 seconds 581.2367782751098
OPERATOR transolver3d 24400 val_worst 0.056977655354421695 seconds 590.6601995860692
OPERATOR transolver3d 24800 val_worst 0.0534462043385048 seconds 600.0598531339783
OPERATOR transolver3d 25200 val_worst 0.04919264129536145 seconds 609.5072122439742
OPERATOR transolver3d 25600 val_worst 0.049392471566356816 seconds 618.9215489849448
OPERATOR transolver3d 26000 val_worst 0.04844727400950173 seconds 628.3178295141552
OPERATOR transolver3d 26400 val_worst 0.04880915387981172 seconds 637.7415138860233
OPERATOR transolver3d 26800 val_worst 0.04897108271937081 seconds 647.153696632944
OPERATOR transolver3d 27200 val_worst 0.04844838753281708 seconds 656.5418157400563
OPERATOR transolver3d 27600 val_worst 0.047584960835770684 seconds 665.9716947430279
OPERATOR transolver3d 28000 val_worst 0.04664349408048979 seconds 675.4078410889488
OPERATOR transolver3d 28400 val_worst 0.050622226770610096 seconds 684.8281204930972
OPERATOR transolver3d 28800 val_worst 0.047434044366942825 seconds 694.266471831128
OPERATOR transolver3d 29200 val_worst 0.04574935442610905 seconds 703.6835453221574
OPERATOR transolver3d 29600 val_worst 0.047285037140238455 seconds 713.1091174429748
OPERATOR transolver3d 30000 val_worst 0.043220618505268926 seconds 722.5551448189653
OPERATOR transolver3d 30400 val_worst 0.044786072602575645 seconds 731.9676150931045
OPERATOR transolver3d 30800 val_worst 0.05422681311053609 seconds 741.3891425600741
OPERATOR transolver3d 31200 val_worst 0.04895125456249671 seconds 750.826897657942
OPERATOR transolver3d 31600 val_worst 0.047122503543886564 seconds 760.2342363221105
OPERATOR transolver3d 32000 val_worst 0.04514401538696308 seconds 769.660538592143
OPERATOR transolver3d 32400 val_worst 0.04436559405865355 seconds 779.1003146029543
OPERATOR transolver3d 32800 val_worst 0.0676793782699288 seconds 788.522775062127
OPERATOR transolver3d 33200 val_worst 0.060686552682625294 seconds 797.9443238731474
OPERATOR transolver3d 33600 val_worst 0.047044589527546345 seconds 807.3692543851212
OPERATOR transolver3d 34000 val_worst 0.04431129728934452 seconds 816.8055084489752
OPERATOR transolver3d 34400 val_worst 0.04334181000683733 seconds 826.2338081940543
OPERATOR transolver3d 34800 val_worst 0.04327291846636632 seconds 835.6592876620125
OPERATOR transolver3d 35200 val_worst 0.04299272011309513 seconds 845.0965855971444
OPERATOR transolver3d 35600 val_worst 0.04271020463177991 seconds 854.5570643080864
OPERATOR transolver3d 36000 val_worst 0.041910175663137275 seconds 863.9814435241278
OPERATOR transolver3d 36400 val_worst 0.041523093315710476 seconds 873.4304954351392
OPERATOR transolver3d 36800 val_worst 0.041638278931276564 seconds 882.886559366947
OPERATOR transolver3d 37200 val_worst 0.04213651058100453 seconds 892.2919314331375
OPERATOR transolver3d 37600 val_worst 0.04304387230408014 seconds 901.7416590340436
STAGE complete_query_development_controls
TIMED 0 0
TIMED 0 1
TIMED 0 2
TIMED 1 0
TIMED 1 1
TIMED 1 2
TIMED 2 0
TIMED 2 1
TIMED 2 2
TIMED 3 0
TIMED 3 1
TIMED 3 2
TIMED 4 0
TIMED 4 1
TIMED 4 2
TIMED 5 0
TIMED 5 1
TIMED 5 2
TIMED 6 0
TIMED 6 1
TIMED 6 2
TIMED 7 0
TIMED 7 1
TIMED 7 2
STAGE complete
ALL-DONE
PILOT_EXIT=0
