host=pax105 source_commit=31b34cd771ed4e12583e8f48218563cc6eec2181 job=4232624 mesh=32 arm=fno-l
NVIDIA A100 80GB PCIe, GPU-e1155fbe-2d60-1685-178c-9d7f9cbab295, 81920 MiB
10.235.106.27:/projects/paralab  4.6T  4.3T  328G  93% /cluster/tufts/paralab
jax_backend=gpu
generated 64/512 (4s)
generated 128/512 (6s)
generated 192/512 (8s)
generated 256/512 (11s)
generated 320/512 (13s)
generated 384/512 (16s)
generated 448/512 (18s)
generated 512/512 (20s)
torch_backend=cuda NVIDIA A100 80GB PCIe
{"arm": "fno-l", "mesh": 32, "micro_batch": 8, "real_parameter_count": 18888495}
{"arm": "fno-l", "epoch": 0, "steps": 56, "train": 0.37274303227483196, "val_mean": 0.2350218096503869, "val_worst": 0.306784650181498, "lr": 0.0009999946042488122, "wall": 5.1}
{"arm": "fno-l", "epoch": 1, "steps": 112, "train": 0.024336001305156094, "val_mean": 0.14978096963417878, "val_worst": 0.20917218590947526, "lr": 0.0009999752069589525, "wall": 10.1}
{"arm": "fno-l", "epoch": 2, "steps": 168, "train": 0.010598213092148586, "val_mean": 0.10883184485449848, "val_worst": 0.15774972392718647, "lr": 0.000999942460057792, "wall": 15.1}
{"arm": "fno-l", "epoch": 3, "steps": 224, "train": 0.0055581685256731956, "val_mean": 0.08086340090473412, "val_worst": 0.12350606459817828, "lr": 0.0009998961025454907, "wall": 20.1}
{"arm": "fno-l", "epoch": 4, "steps": 280, "train": 0.0031165684269117587, "val_mean": 0.06143580354360548, "val_worst": 0.09717472420594733, "lr": 0.0009998364397689839, "wall": 25.1}
{"arm": "fno-l", "epoch": 5, "steps": 336, "train": 0.0020037748810345342, "val_mean": 0.05096374991790074, "val_worst": 0.08003823347553518, "lr": 0.0009997631667578147, "wall": 30.1}
{"arm": "fno-l", "epoch": 6, "steps": 392, "train": 0.0014392104198795094, "val_mean": 0.04328596780276461, "val_worst": 0.07045358085108126, "lr": 0.0009996763295702367, "wall": 35.1}
{"arm": "fno-l", "epoch": 7, "steps": 448, "train": 0.001098238029063801, "val_mean": 0.03767463393410025, "val_worst": 0.06317295727674514, "lr": 0.0009995752180914975, "wall": 40.1}
{"arm": "fno-l", "epoch": 8, "steps": 504, "train": 0.0008746369483628678, "val_mean": 0.03356015388934662, "val_worst": 0.057593533597229817, "lr": 0.0009994618869536853, "wall": 45.1}
{"arm": "fno-l", "epoch": 9, "steps": 560, "train": 0.0007256531172687772, "val_mean": 0.030426219499875534, "val_worst": 0.05154017642234442, "lr": 0.0009993334766471278, "wall": 50.1}
{"arm": "fno-l", "epoch": 10, "steps": 616, "train": 0.0006068418159059444, "val_mean": 0.0285179664505811, "val_worst": 0.04708525631207273, "lr": 0.0009991923459606307, "wall": 55.1}
{"arm": "fno-l", "epoch": 11, "steps": 672, "train": 0.0005284889970193451, "val_mean": 0.02607158640438426, "val_worst": 0.045064165675965384, "lr": 0.000999036641210975, "wall": 60.1}
{"arm": "fno-l", "epoch": 12, "steps": 728, "train": 0.00045735757178175067, "val_mean": 0.024265597392741416, "val_worst": 0.04168646859693679, "lr": 0.0009988682688811647, "wall": 65.1}
{"arm": "fno-l", "epoch": 13, "steps": 784, "train": 0.00040983695521030155, "val_mean": 0.022865262149962286, "val_worst": 0.0390518124306453, "lr": 0.0009986874495005024, "wall": 70.1}
{"arm": "fno-l", "epoch": 14, "steps": 840, "train": 0.0003654502684679116, "val_mean": 0.02168710881979763, "val_worst": 0.037967736779466535, "lr": 0.0009984919998131758, "wall": 75.1}
{"arm": "fno-l", "epoch": 15, "steps": 896, "train": 0.0003285291497002212, "val_mean": 0.02040936099428007, "val_worst": 0.03534401965128578, "lr": 0.0009982836312260096, "wall": 80.1}
{"arm": "fno-l", "epoch": 16, "steps": 952, "train": 0.00030136157500361253, "val_mean": 0.01939406116127785, "val_worst": 0.03359736771518569, "lr": 0.0009980619333492468, "wall": 85.1}
{"arm": "fno-l", "epoch": 17, "steps": 1008, "train": 0.0002773805781501238, "val_mean": 0.01900270251336013, "val_worst": 0.03326599311056256, "lr": 0.0009978239216473297, "wall": 90.1}
{"arm": "fno-l", "epoch": 18, "steps": 1064, "train": 0.00025545754756251205, "val_mean": 0.017814777044274394, "val_worst": 0.031162879807017065, "lr": 0.000997574790564494, "wall": 95.1}
{"arm": "fno-l", "epoch": 19, "steps": 1120, "train": 0.00023364974340415822, "val_mean": 0.017080091513118893, "val_worst": 0.029561470353000732, "lr": 0.0009973124797346454, "wall": 100.1}
{"arm": "fno-l", "epoch": 20, "steps": 1176, "train": 0.0002205655558211549, "val_mean": 0.016531171949219582, "val_worst": 0.028706719578721136, "lr": 0.0009970366464545025, "wall": 105.1}
{"arm": "fno-l", "epoch": 21, "steps": 1232, "train": 0.00020892983019781425, "val_mean": 0.016271078687099358, "val_worst": 0.028283345400691894, "lr": 0.000996747350863699, "wall": 110.1}
{"arm": "fno-l", "epoch": 22, "steps": 1288, "train": 0.0001943463830130988, "val_mean": 0.01542575549344321, "val_worst": 0.0268748991733248, "lr": 0.000996442814519499, "wall": 115.1}
{"arm": "fno-l", "epoch": 23, "steps": 1344, "train": 0.00018459720343042162, "val_mean": 0.016017865134509413, "val_worst": 0.027987756901713217, "lr": 0.000996124525853103, "wall": 119.9}
{"arm": "fno-l", "epoch": 24, "steps": 1400, "train": 0.00017562551277516052, "val_mean": 0.01461976108254234, "val_worst": 0.025831128078572234, "lr": 0.000995808991389016, "wall": 124.9}
{"arm": "fno-l", "epoch": 25, "steps": 1456, "train": 0.00016629013476833935, "val_mean": 0.015546330443612175, "val_worst": 0.026167443926393728, "lr": 0.0009954658783731826, "wall": 129.6}
{"arm": "fno-l", "epoch": 26, "steps": 1512, "train": 0.00015534334593476044, "val_mean": 0.013846255651271237, "val_worst": 0.023709231903149493, "lr": 0.0009951254083825094, "wall": 134.7}
{"arm": "fno-l", "epoch": 27, "steps": 1568, "train": 0.00015693459874466936, "val_mean": 0.014335900516365109, "val_worst": 0.02542235822659544, "lr": 0.0009947565737860396, "wall": 139.4}
{"arm": "fno-l", "epoch": 28, "steps": 1624, "train": 0.00015220718720880828, "val_mean": 0.01369004643090398, "val_worst": 0.023335203316174034, "lr": 0.0009943923365462101, "wall": 144.4}
{"arm": "fno-l", "epoch": 29, "steps": 1680, "train": 0.0001378625002554864, "val_mean": 0.0132543460486909, "val_worst": 0.023231474719301263, "lr": 0.00099399768908016, "wall": 149.4}
{"arm": "fno-l", "epoch": 30, "steps": 1736, "train": 0.00015349313643977185, "val_mean": 0.013791485912894003, "val_worst": 0.022729080926563863, "lr": 0.000993588608143803, "wall": 154.2}
{"arm": "fno-l", "epoch": 31, "steps": 1792, "train": 0.00012334566128552923, "val_mean": 0.01207797367589973, "val_worst": 0.021392568323476625, "lr": 0.0009931851114100528, "wall": 159.2}
{"arm": "fno-l", "epoch": 32, "steps": 1848, "train": 0.0001185373994524459, "val_mean": 0.012529300180660364, "val_worst": 0.02054882157773481, "lr": 0.000992748732932295, "wall": 164.0}
{"arm": "fno-l", "epoch": 33, "steps": 1904, "train": 0.00011578494329198954, "val_mean": 0.012112957449767751, "val_worst": 0.020883204128698853, "lr": 0.0009923204891867728, "wall": 168.7}
{"arm": "fno-l", "epoch": 34, "steps": 1960, "train": 0.0001096040885338939, "val_mean": 0.011970715616397336, "val_worst": 0.019325025148844703, "lr": 0.000991882531952509, "wall": 173.8}
{"arm": "fno-l", "epoch": 35, "steps": 2016, "train": 0.00010818946919264031, "val_mean": 0.011856988900939088, "val_worst": 0.01982981465926931, "lr": 0.0009914021801806115, "wall": 178.8}
{"arm": "fno-l", "epoch": 36, "steps": 2072, "train": 0.0001106568838266191, "val_mean": 0.011831849024096647, "val_worst": 0.019673516423942574, "lr": 0.0009909160051481652, "wall": 183.8}
{"arm": "fno-l", "epoch": 37, "steps": 2128, "train": 0.00011726194312069783, "val_mean": 0.011194823416455802, "val_worst": 0.018668495482437143, "lr": 0.0009904104328601233, "wall": 188.9}
{"arm": "fno-l", "epoch": 38, "steps": 2184, "train": 0.00011258561898734826, "val_mean": 0.011052504328280496, "val_worst": 0.018917856979963385, "lr": 0.0009898903473049068, "wall": 193.9}
{"arm": "fno-l", "epoch": 39, "steps": 2240, "train": 8.952721070192326e-05, "val_mean": 0.01018859342044195, "val_worst": 0.01820411540863804, "lr": 0.000989361779385982, "wall": 198.9}
{"arm": "fno-l", "epoch": 40, "steps": 2296, "train": 9.182264963593233e-05, "val_mean": 0.010400161163433291, "val_worst": 0.018428664590622767, "lr": 0.0009888224575032782, "wall": 203.6}
{"arm": "fno-l", "epoch": 41, "steps": 2352, "train": 8.885876177562223e-05, "val_mean": 0.01087381805115774, "val_worst": 0.01754004368787897, "lr": 0.0009882932131035525, "wall": 208.4}
{"arm": "fno-l", "epoch": 42, "steps": 2408, "train": 9.79827328908814e-05, "val_mean": 0.011373711123813472, "val_worst": 0.01784942692699777, "lr": 0.0009877518865514436, "wall": 213.2}
{"arm": "fno-l", "epoch": 43, "steps": 2464, "train": 0.00010895496448006069, "val_mean": 0.01067421068604784, "val_worst": 0.016856790520526913, "lr": 0.0009871984804853528, "wall": 217.9}
{"arm": "fno-l", "epoch": 44, "steps": 2520, "train": 8.883487700472786e-05, "val_mean": 0.010422860390032982, "val_worst": 0.01745773779993333, "lr": 0.0009866360542087767, "wall": 222.7}
{"arm": "fno-l", "epoch": 45, "steps": 2576, "train": 8.652970983157595e-05, "val_mean": 0.009670940587949735, "val_worst": 0.016995102218302905, "lr": 0.000986058635019249, "wall": 227.7}
{"arm": "fno-l", "epoch": 46, "steps": 2632, "train": 8.058291178598257e-05, "val_mean": 0.010053154172756035, "val_worst": 0.016788939825163933, "lr": 0.0009854413673035412, "wall": 232.5}
{"arm": "fno-l", "epoch": 47, "steps": 2688, "train": 7.467830677170547e-05, "val_mean": 0.010595974333724622, "val_worst": 0.017466600317942397, "lr": 0.000984838557410044, "wall": 237.3}
{"arm": "fno-l", "epoch": 48, "steps": 2744, "train": 7.303606837010394e-05, "val_mean": 0.010485401772344796, "val_worst": 0.017241624605286453, "lr": 0.0009842243493287744, "wall": 242.0}
{"arm": "fno-l", "epoch": 49, "steps": 2800, "train": 9.560345160001148e-05, "val_mean": 0.011861961054857262, "val_worst": 0.01823085865304913, "lr": 0.0009836017149388394, "wall": 246.8}
{"arm": "fno-l", "epoch": 50, "steps": 2856, "train": 8.634327197308758e-05, "val_mean": 0.0099725601969691, "val_worst": 0.016173403347169556, "lr": 0.000982963885242823, "wall": 251.6}
{"arm": "fno-l", "epoch": 51, "steps": 2912, "train": 8.270072444843096e-05, "val_mean": 0.009220971770806769, "val_worst": 0.01545858728719719, "lr": 0.0009823139689122047, "wall": 256.6}
{"arm": "fno-l", "epoch": 52, "steps": 2968, "train": 7.268452431589117e-05, "val_mean": 0.010124599351856924, "val_worst": 0.01539435072808596, "lr": 0.000981620726999051, "wall": 261.3}
{"arm": "fno-l", "epoch": 53, "steps": 3024, "train": 7.280182595815063e-05, "val_mean": 0.008786242132170462, "val_worst": 0.015431203120041693, "lr": 0.0009809465095714162, "wall": 266.4}
{"arm": "fno-l", "epoch": 54, "steps": 3080, "train": 0.00015860987416409068, "val_mean": 0.01609583976191395, "val_worst": 0.02087154545901161, "lr": 0.0009802206109862568, "wall": 271.2}
{"arm": "fno-l", "epoch": 55, "steps": 3136, "train": 0.00013465894907485474, "val_mean": 0.010375639368552254, "val_worst": 0.015620807935108224, "lr": 0.0009795217452127445, "wall": 275.9}
{"arm": "fno-l", "epoch": 56, "steps": 3192, "train": 7.136474287698061e-05, "val_mean": 0.0081742897400476, "val_worst": 0.014170763477971825, "lr": 0.0009788100219267168, "wall": 281.0}
{"arm": "fno-l", "epoch": 57, "steps": 3248, "train": 5.7962691638675516e-05, "val_mean": 0.009203248152132146, "val_worst": 0.01462530755993101, "lr": 0.0009780495444760497, "wall": 285.7}
{"arm": "fno-l", "epoch": 58, "steps": 3304, "train": 6.191912196280075e-05, "val_mean": 0.008805159432560057, "val_worst": 0.014545687919499676, "lr": 0.0009773144760508428, "wall": 290.5}
{"arm": "fno-l", "epoch": 59, "steps": 3360, "train": 6.858224894297646e-05, "val_mean": 0.008545192345997103, "val_worst": 0.014422514012633897, "lr": 0.0009765718723185061, "wall": 295.3}
{"arm": "fno-l", "epoch": 60, "steps": 3416, "train": 5.2833195810701475e-05, "val_mean": 0.008069381989702489, "val_worst": 0.01329575332831018, "lr": 0.000975813249702766, "wall": 300.3}
{"arm": "fno-l", "epoch": 61, "steps": 3472, "train": 5.294280437158421e-05, "val_mean": 0.008219979188734211, "val_worst": 0.01433652794439884, "lr": 0.0009750058549678282, "wall": 305.1}
{"arm": "fno-l", "epoch": 62, "steps": 3528, "train": 5.4700478265682146e-05, "val_mean": 0.00881334619636594, "val_worst": 0.014195973111522263, "lr": 0.0009742232762876213, "wall": 309.8}
{"arm": "fno-l", "epoch": 63, "steps": 3584, "train": 5.1093795295898805e-05, "val_mean": 0.008203979243146284, "val_worst": 0.013456459778061706, "lr": 0.0009734286738087822, "wall": 314.6}
{"arm": "fno-l", "epoch": 64, "steps": 3640, "train": 5.1723872910863444e-05, "val_mean": 0.0077678576351735765, "val_worst": 0.013090091271454364, "lr": 0.0009726224979325832, "wall": 319.7}
{"arm": "fno-l", "epoch": 65, "steps": 3696, "train": 5.7962136626872364e-05, "val_mean": 0.008364397290020276, "val_worst": 0.013520237799025982, "lr": 0.0009717627494389854, "wall": 324.4}
{"arm": "fno-l", "epoch": 66, "steps": 3752, "train": 5.56591048942014e-05, "val_mean": 0.009326173756974013, "val_worst": 0.014378452788928566, "lr": 0.0009709379104612596, "wall": 329.1}
{"arm": "fno-l", "epoch": 67, "steps": 3808, "train": 5.502251668572045e-05, "val_mean": 0.00849748035021276, "val_worst": 0.013139008053083366, "lr": 0.0009700967399023073, "wall": 333.9}
{"arm": "fno-l", "epoch": 68, "steps": 3864, "train": 5.196769157028652e-05, "val_mean": 0.007825644086284354, "val_worst": 0.012908034818695676, "lr": 0.0009692440401024425, "wall": 338.7}
{"arm": "fno-l", "epoch": 69, "steps": 3920, "train": 0.00013810100846097222, "val_mean": 0.01213586873385186, "val_worst": 0.014970529325063696, "lr": 0.000968379486887087, "wall": 343.5}
{"arm": "fno-l", "epoch": 70, "steps": 3976, "train": 0.00010229533872112162, "val_mean": 0.008819270937414976, "val_worst": 0.013924844603005854, "lr": 0.0009675086161342795, "wall": 348.2}
{"arm": "fno-l", "epoch": 71, "steps": 4032, "train": 7.652485715860402e-05, "val_mean": 0.008522132158992422, "val_worst": 0.012918466022745203, "lr": 0.0009666253420067409, "wall": 353.0}
{"arm": "fno-l", "epoch": 72, "steps": 4088, "train": 5.1326652566328044e-05, "val_mean": 0.007175713424472536, "val_worst": 0.012480117293561938, "lr": 0.0009657266903035643, "wall": 358.0}
{"arm": "fno-l", "epoch": 73, "steps": 4144, "train": 4.7536401870991996e-05, "val_mean": 0.00824309477984493, "val_worst": 0.012968727527958001, "lr": 0.000964772789608242, "wall": 362.7}
{"arm": "fno-l", "epoch": 74, "steps": 4200, "train": 5.596304980787757e-05, "val_mean": 0.008029054063864272, "val_worst": 0.013547361460306502, "lr": 0.0009638498157276941, "wall": 367.5}
{"arm": "fno-l", "epoch": 75, "steps": 4256, "train": 7.1458292326393e-05, "val_mean": 0.009771081387270453, "val_worst": 0.014217350846718843, "lr": 0.0009629152087231958, "wall": 372.3}
{"arm": "fno-l", "epoch": 76, "steps": 4312, "train": 6.163033079700401e-05, "val_mean": 0.00754283378664145, "val_worst": 0.012457560285634375, "lr": 0.0009619691619634365, "wall": 377.1}
{"arm": "fno-l", "epoch": 77, "steps": 4368, "train": 7.875737342888114e-05, "val_mean": 0.007529812699030204, "val_worst": 0.012740434293833322, "lr": 0.000961010740293563, "wall": 381.8}
{"arm": "fno-l", "epoch": 78, "steps": 4424, "train": 5.121448744381775e-05, "val_mean": 0.007273766694626543, "val_worst": 0.012116331101311766, "lr": 0.0009600471023403564, "wall": 386.6}
{"arm": "fno-l", "epoch": 79, "steps": 4480, "train": 4.284188293200352e-05, "val_mean": 0.00825014976692557, "val_worst": 0.012803967602707723, "lr": 0.0009590669506947053, "wall": 391.4}
{"arm": "fno-l", "epoch": 80, "steps": 4536, "train": 4.781306399467403e-05, "val_mean": 0.007528734407374666, "val_worst": 0.012337105171894453, "lr": 0.0009580751497219129, "wall": 396.2}
{"arm": "fno-l", "epoch": 81, "steps": 4592, "train": 4.2681101429567626e-05, "val_mean": 0.006791236922445636, "val_worst": 0.011182144275166951, "lr": 0.0009570718082145129, "wall": 401.2}
{"arm": "fno-l", "epoch": 82, "steps": 4648, "train": 5.293588856391889e-05, "val_mean": 0.007821547815423654, "val_worst": 0.012140160275070934, "lr": 0.0009559981499539852, "wall": 406.0}
{"arm": "fno-l", "epoch": 83, "steps": 4704, "train": 4.3206979506949243e-05, "val_mean": 0.007077178326574181, "val_worst": 0.011454925465511813, "lr": 0.0009549717370421955, "wall": 410.8}
{"arm": "fno-l", "epoch": 84, "steps": 4760, "train": 4.46282642842127e-05, "val_mean": 0.009656979237470721, "val_worst": 0.013253399831821219, "lr": 0.0009539400491927006, "wall": 415.5}
{"arm": "fno-l", "epoch": 85, "steps": 4816, "train": 7.371634647631892e-05, "val_mean": 0.00912797250127052, "val_worst": 0.013198340194447803, "lr": 0.0009528915078286547, "wall": 420.3}
{"arm": "fno-l", "epoch": 86, "steps": 4872, "train": 6.402986004865739e-05, "val_mean": 0.00948221270418545, "val_worst": 0.013270466012704542, "lr": 0.0009518313784424742, "wall": 425.1}
{"arm": "fno-l", "epoch": 87, "steps": 4928, "train": 5.098165420670222e-05, "val_mean": 0.007354502124251797, "val_worst": 0.01160902341904876, "lr": 0.0009507659259235546, "wall": 429.8}
{"arm": "fno-l", "epoch": 88, "steps": 4984, "train": 5.620230153402548e-05, "val_mean": 0.007256216089020077, "val_worst": 0.011726589031245441, "lr": 0.0009496839659858036, "wall": 434.6}
{"arm": "fno-l", "epoch": 89, "steps": 5040, "train": 4.025250087600961e-05, "val_mean": 0.006351596263584965, "val_worst": 0.010714024508683738, "lr": 0.0009485969687075844, "wall": 439.6}
{"arm": "fno-l", "epoch": 90, "steps": 5096, "train": 3.7314697900427074e-05, "val_mean": 0.00653263427794921, "val_worst": 0.01134998147333279, "lr": 0.0009474291545824678, "wall": 444.4}
{"arm": "fno-l", "epoch": 91, "steps": 5152, "train": 3.7184159723385195e-05, "val_mean": 0.006296173763025885, "val_worst": 0.01035377657828401, "lr": 0.0009463120906616912, "wall": 449.4}
{"arm": "fno-l", "epoch": 92, "steps": 5208, "train": 0.0001103647911215917, "val_mean": 0.014370078241805348, "val_worst": 0.020123085357540562, "lr": 0.0009451270538514206, "wall": 454.2}
{"arm": "fno-l", "epoch": 93, "steps": 5264, "train": 0.0001224240821957755, "val_mean": 0.007112210415723744, "val_worst": 0.011556202107942046, "lr": 0.0009439885140381585, "wall": 459.0}
{"arm": "fno-l", "epoch": 94, "steps": 5320, "train": 3.4033041152089776e-05, "val_mean": 0.006147692769755254, "val_worst": 0.01046161779640946, "lr": 0.0009428450338468523, "wall": 464.0}
{"arm": "fno-l", "epoch": 95, "steps": 5376, "train": 3.686827457181435e-05, "val_mean": 0.006861744026718275, "val_worst": 0.010782883025814174, "lr": 0.0009416247838504018, "wall": 468.7}
{"arm": "fno-l", "epoch": 96, "steps": 5432, "train": 3.39585511683488e-05, "val_mean": 0.005929438237909776, "val_worst": 0.009979290567240834, "lr": 0.0009404529266886056, "wall": 473.8}
{"arm": "fno-l", "epoch": 97, "steps": 5488, "train": 4.541778330622029e-05, "val_mean": 0.0073388184154762085, "val_worst": 0.01100948301640734, "lr": 0.0009392163879452724, "wall": 478.5}
{"arm": "fno-l", "epoch": 98, "steps": 5544, "train": 0.00011872624067278234, "val_mean": 0.010104496521962044, "val_worst": 0.014512317364668927, "lr": 0.0009380206735898732, "wall": 483.3}
{"arm": "fno-l", "epoch": 99, "steps": 5600, "train": 7.157165693330671e-05, "val_mean": 0.007541283209102683, "val_worst": 0.01147505581510313, "lr": 0.0009368152191863155, "wall": 488.1}
{"arm": "fno-l", "epoch": 100, "steps": 5656, "train": 3.667440590146255e-05, "val_mean": 0.006149566315353293, "val_worst": 0.010352612190038772, "lr": 0.0009356061516979084, "wall": 492.8}
{"arm": "fno-l", "epoch": 101, "steps": 5712, "train": 2.83554494874717e-05, "val_mean": 0.006003679266751635, "val_worst": 0.009906663236704237, "lr": 0.0009343796170001706, "wall": 497.6}
{"arm": "fno-l", "epoch": 102, "steps": 5768, "train": 3.082475363186237e-05, "val_mean": 0.006816792805602039, "val_worst": 0.010838177970345957, "lr": 0.0009331422163867448, "wall": 502.4}
{"arm": "fno-l", "epoch": 103, "steps": 5824, "train": 3.3101996971875356e-05, "val_mean": 0.006558813330333359, "val_worst": 0.010506032691915721, "lr": 0.0009318970281540202, "wall": 507.1}
{"arm": "fno-l", "epoch": 104, "steps": 5880, "train": 5.9476490322604375e-05, "val_mean": 0.009355296131715842, "val_worst": 0.013317930791884194, "lr": 0.0009306376301624986, "wall": 511.9}
{"arm": "fno-l", "epoch": 105, "steps": 5936, "train": 5.2417351574548415e-05, "val_mean": 0.006900173570622496, "val_worst": 0.0108758174096289, "lr": 0.0009293681974972928, "wall": 516.7}
{"arm": "fno-l", "epoch": 106, "steps": 5992, "train": 3.226796785690812e-05, "val_mean": 0.006558646930304554, "val_worst": 0.010252658026246924, "lr": 0.0009280952928964627, "wall": 521.5}
{"arm": "fno-l", "epoch": 107, "steps": 6048, "train": 2.9964237787299833e-05, "val_mean": 0.005841080023169128, "val_worst": 0.009588255801771191, "lr": 0.0009268047489572887, "wall": 526.5}
{"arm": "fno-l", "epoch": 108, "steps": 6104, "train": 2.894825372722187e-05, "val_mean": 0.005974960789616888, "val_worst": 0.009753030000113261, "lr": 0.000925433152293817, "wall": 531.3}
{"arm": "fno-l", "epoch": 109, "steps": 6160, "train": 3.201939169835399e-05, "val_mean": 0.005881913509998357, "val_worst": 0.009652565019066564, "lr": 0.0009241208969076519, "wall": 536.0}
{"arm": "fno-l", "epoch": 110, "steps": 6216, "train": 3.802759576036936e-05, "val_mean": 0.007435785433352145, "val_worst": 0.01061563495929496, "lr": 0.0009228054887086617, "wall": 540.8}
{"arm": "fno-l", "epoch": 111, "steps": 6272, "train": 0.00017403238038487444, "val_mean": 0.02204949942384906, "val_worst": 0.029274358259076348, "lr": 0.0009214725016598067, "wall": 545.6}
{"arm": "fno-l", "epoch": 112, "steps": 6328, "train": 0.0001280647507974886, "val_mean": 0.007385361570774772, "val_worst": 0.011300317727946724, "lr": 0.0009201292559366696, "wall": 550.3}
{"arm": "fno-l", "epoch": 113, "steps": 6384, "train": 3.019488456101593e-05, "val_mean": 0.005541870558635859, "val_worst": 0.009866862694792264, "lr": 0.0009187752223694618, "wall": 555.4}
{"arm": "fno-l", "epoch": 114, "steps": 6440, "train": 2.65418244463167e-05, "val_mean": 0.00550219965522988, "val_worst": 0.00928915282029362, "lr": 0.000917341217974457, "wall": 560.4}
{"arm": "fno-l", "epoch": 115, "steps": 6496, "train": 3.4336000461211416e-05, "val_mean": 0.006395865704672185, "val_worst": 0.009913284347783768, "lr": 0.0009158995355060955, "wall": 565.1}
{"arm": "fno-l", "epoch": 116, "steps": 6552, "train": 3.652917900322227e-05, "val_mean": 0.006527665482938075, "val_worst": 0.010019730029629931, "lr": 0.0009145140411085141, "wall": 569.9}
{"arm": "fno-l", "epoch": 117, "steps": 6608, "train": 2.8156543345965977e-05, "val_mean": 0.005299621293372767, "val_worst": 0.009187235028274007, "lr": 0.0009131176104567487, "wall": 575.0}
{"arm": "fno-l", "epoch": 118, "steps": 6664, "train": 2.5227882175176063e-05, "val_mean": 0.005927408909119707, "val_worst": 0.009944117404789718, "lr": 0.000911640163462841, "wall": 579.7}
{"arm": "fno-l", "epoch": 119, "steps": 6720, "train": 2.7139985235315605e-05, "val_mean": 0.0079209641106572, "val_worst": 0.011213851880365519, "lr": 0.0009102228600086374, "wall": 584.5}
{"arm": "fno-l", "epoch": 120, "steps": 6776, "train": 3.8380278940246256e-05, "val_mean": 0.006536315910652522, "val_worst": 0.010533000172076958, "lr": 0.0009087955074945656, "wall": 589.3}
{"arm": "fno-l", "epoch": 121, "steps": 6832, "train": 2.859028403752239e-05, "val_mean": 0.005708967006039773, "val_worst": 0.009371429610301006, "lr": 0.0009073583722016262, "wall": 594.1}
{"arm": "fno-l", "epoch": 122, "steps": 6888, "train": 2.39860254217316e-05, "val_mean": 0.0055244024289960985, "val_worst": 0.009234712018219585, "lr": 0.0009059109547792918, "wall": 598.8}
{"arm": "fno-l", "epoch": 123, "steps": 6944, "train": 2.646318547784103e-05, "val_mean": 0.00571888828801969, "val_worst": 0.00906911638849063, "lr": 0.000904461778225043, "wall": 603.6}
{"arm": "fno-l", "epoch": 124, "steps": 7000, "train": 3.0368740907297314e-05, "val_mean": 0.0060577905066029015, "val_worst": 0.009216437268848642, "lr": 0.0009029944445495664, "wall": 608.4}
{"arm": "fno-l", "epoch": 125, "steps": 7056, "train": 3.172864184259591e-05, "val_mean": 0.005464686768490445, "val_worst": 0.00909494017645485, "lr": 0.0009015255459859727, "wall": 613.1}
{"arm": "fno-l", "epoch": 126, "steps": 7112, "train": 3.267041525738287e-05, "val_mean": 0.006537118502583265, "val_worst": 0.01171880860993833, "lr": 0.0009000381558356055, "wall": 617.9}
{"arm": "fno-l", "epoch": 127, "steps": 7168, "train": 0.00014692869610930355, "val_mean": 0.01605166822506509, "val_worst": 0.021053107878721222, "lr": 0.0008985411708320606, "wall": 622.7}
{"arm": "fno-l", "epoch": 128, "steps": 7224, "train": 6.334909620813345e-05, "val_mean": 0.006654030307154433, "val_worst": 0.010332805726841377, "lr": 0.0008970424235418194, "wall": 627.4}
{"arm": "fno-l", "epoch": 129, "steps": 7280, "train": 4.637352520763946e-05, "val_mean": 0.008742923324796464, "val_worst": 0.012409994707131793, "lr": 0.0008955258076145708, "wall": 632.2}
{"arm": "fno-l", "epoch": 130, "steps": 7336, "train": 2.9383008329601694e-05, "val_mean": 0.004911024847275491, "val_worst": 0.008807239549893896, "lr": 0.0008940082628994542, "wall": 637.2}
{"arm": "fno-l", "epoch": 131, "steps": 7392, "train": 2.1574398301001187e-05, "val_mean": 0.005083780317815856, "val_worst": 0.00867485025725634, "lr": 0.0008923889556078554, "wall": 642.0}
{"arm": "fno-l", "epoch": 132, "steps": 7448, "train": 2.303742844005812e-05, "val_mean": 0.005565035742395347, "val_worst": 0.009185691560395583, "lr": 0.0008908542909191443, "wall": 646.7}
{"arm": "fno-l", "epoch": 133, "steps": 7504, "train": 2.830301647240299e-05, "val_mean": 0.004918866660938414, "val_worst": 0.008384457769551223, "lr": 0.0008893099477288095, "wall": 651.4}
{"arm": "fno-l", "epoch": 134, "steps": 7560, "train": 2.264236050707893e-05, "val_mean": 0.005243520622209393, "val_worst": 0.008347388056057446, "lr": 0.0008877472750142188, "wall": 656.2}
{"arm": "fno-l", "epoch": 135, "steps": 7616, "train": 2.5421479375753715e-05, "val_mean": 0.005348627430883474, "val_worst": 0.008652219973291306, "lr": 0.0008861751377734363, "wall": 661.0}
{"arm": "fno-l", "epoch": 136, "steps": 7672, "train": 4.6401231831991984e-05, "val_mean": 0.008513651956845449, "val_worst": 0.01222230711880699, "lr": 0.0008846021334996451, "wall": 665.7}
{"arm": "fno-l", "epoch": 137, "steps": 7728, "train": 6.56582662039077e-05, "val_mean": 0.009095023908199513, "val_worst": 0.013013620281842503, "lr": 0.0008830113221059248, "wall": 670.5}
{"arm": "fno-l", "epoch": 138, "steps": 7784, "train": 5.682510378482797e-05, "val_mean": 0.007481785697364356, "val_worst": 0.010416610054421885, "lr": 0.0008814109211812374, "wall": 675.3}
{"arm": "fno-l", "epoch": 139, "steps": 7840, "train": 3.8507272715333296e-05, "val_mean": 0.004945066586244812, "val_worst": 0.00822739348038547, "lr": 0.000879809768914797, "wall": 680.0}
{"arm": "fno-l", "epoch": 140, "steps": 7896, "train": 2.000876936303598e-05, "val_mean": 0.005338002377064013, "val_worst": 0.008599410095445272, "lr": 0.0008781899534107824, "wall": 684.8}
{"arm": "fno-l", "epoch": 141, "steps": 7952, "train": 2.1554261844111966e-05, "val_mean": 0.004906328760117074, "val_worst": 0.008541645755602352, "lr": 0.0008765711252178806, "wall": 689.8}
{"arm": "fno-l", "epoch": 142, "steps": 8008, "train": 1.9710073185555824e-05, "val_mean": 0.004821449516131653, "val_worst": 0.008293075850791597, "lr": 0.0008748587199791062, "wall": 694.8}
{"arm": "fno-l", "epoch": 143, "steps": 8064, "train": 2.093011005132596e-05, "val_mean": 0.004850134752679287, "val_worst": 0.008415120320665298, "lr": 0.0008731275786657797, "wall": 699.5}
{"arm": "fno-l", "epoch": 144, "steps": 8120, "train": 2.4569429109815492e-05, "val_mean": 0.007850729282073466, "val_worst": 0.010424033019792238, "lr": 0.0008714697160579058, "wall": 704.3}
{"arm": "fno-l", "epoch": 145, "steps": 8176, "train": 7.33324457649879e-05, "val_mean": 0.008698534581326644, "val_worst": 0.011588467748748915, "lr": 0.0008698131935244392, "wall": 709.0}
{"arm": "fno-l", "epoch": 146, "steps": 8232, "train": 4.515410007060258e-05, "val_mean": 0.005396286850078736, "val_worst": 0.008786043988450865, "lr": 0.0008681380253759813, "wall": 713.8}
{"arm": "fno-l", "epoch": 147, "steps": 8288, "train": 2.0871096990898525e-05, "val_mean": 0.0046116416621069575, "val_worst": 0.008058264287577959, "lr": 0.000866453863192314, "wall": 718.8}
{"arm": "fno-l", "epoch": 148, "steps": 8344, "train": 1.8997188813613976e-05, "val_mean": 0.004688582121715277, "val_worst": 0.008062673982533408, "lr": 0.0008646876187898675, "wall": 723.5}
{"arm": "fno-l", "epoch": 149, "steps": 8400, "train": 1.8821514319407004e-05, "val_mean": 0.0047000925405471985, "val_worst": 0.008038854843487462, "lr": 0.0008629848970239629, "wall": 728.3}
{"arm": "fno-l", "epoch": 150, "steps": 8456, "train": 4.555411772598496e-05, "val_mean": 0.007756783378360083, "val_worst": 0.012174190744803859, "lr": 0.000861273693835272, "wall": 733.1}
{"arm": "fno-l", "epoch": 151, "steps": 8512, "train": 3.2047038482203474e-05, "val_mean": 0.004778557640748702, "val_worst": 0.008070693481142047, "lr": 0.0008595627997909271, "wall": 737.8}
{"arm": "fno-l", "epoch": 152, "steps": 8568, "train": 2.2249893186043793e-05, "val_mean": 0.0065668726112419265, "val_worst": 0.009374083175551901, "lr": 0.0008578342043891456, "wall": 742.6}
{"arm": "fno-l", "epoch": 153, "steps": 8624, "train": 4.7142071065598844e-05, "val_mean": 0.0061613608094603315, "val_worst": 0.00909115891978045, "lr": 0.0008561057210346822, "wall": 747.3}
{"arm": "fno-l", "epoch": 154, "steps": 8680, "train": 7.540656424522799e-05, "val_mean": 0.006636676860998888, "val_worst": 0.010179758235474057, "lr": 0.0008543688636415428, "wall": 752.1}
{"arm": "fno-l", "epoch": 155, "steps": 8736, "train": 0.0002360416674717073, "val_mean": 0.016004234442743133, "val_worst": 0.01851759729083328, "lr": 0.0008526127369259371, "wall": 756.8}
{"arm": "fno-l", "epoch": 156, "steps": 8792, "train": 6.576565118525252e-05, "val_mean": 0.005505459272644069, "val_worst": 0.008374550612120592, "lr": 0.0008508482894562936, "wall": 761.6}
{"arm": "fno-l", "epoch": 157, "steps": 8848, "train": 2.1574271954823723e-05, "val_mean": 0.00469734950416858, "val_worst": 0.007793139829777152, "lr": 0.0008490854898038757, "wall": 766.3}
{"arm": "fno-l", "epoch": 158, "steps": 8904, "train": 1.7767190667217815e-05, "val_mean": 0.004698510104603651, "val_worst": 0.007927866387042102, "lr": 0.000847304273610547, "wall": 771.1}
{"arm": "fno-l", "epoch": 159, "steps": 8960, "train": 1.771550100938942e-05, "val_mean": 0.004457346878973626, "val_worst": 0.007595281862667611, "lr": 0.0008455240882803476, "wall": 776.1}
{"arm": "fno-l", "epoch": 160, "steps": 9016, "train": 1.7411184742084515e-05, "val_mean": 0.004819759142332275, "val_worst": 0.007864898531410364, "lr": 0.0008436371954969535, "wall": 780.9}
{"arm": "fno-l", "epoch": 161, "steps": 9072, "train": 1.7827500049799284e-05, "val_mean": 0.004583819575586166, "val_worst": 0.007659660624867828, "lr": 0.0008418406586820315, "wall": 785.6}
{"arm": "fno-l", "epoch": 162, "steps": 9128, "train": 1.6753621086696908e-05, "val_mean": 0.004467454993160693, "val_worst": 0.007948520958939177, "lr": 0.0008400354538341006, "wall": 790.3}
{"arm": "fno-l", "epoch": 163, "steps": 9184, "train": 1.7662239565168587e-05, "val_mean": 0.004543036808409657, "val_worst": 0.007692741534512475, "lr": 0.0008382217281751779, "wall": 795.1}
{"arm": "fno-l", "epoch": 164, "steps": 9240, "train": 2.578652105368457e-05, "val_mean": 0.004632887357157481, "val_worst": 0.007592905582144646, "lr": 0.0008363999325318605, "wall": 799.8}
{"arm": "fno-l", "epoch": 165, "steps": 9296, "train": 2.0373307796516013e-05, "val_mean": 0.004659053241900899, "val_worst": 0.007601195793298721, "lr": 0.0008345699535852985, "wall": 804.6}
{"arm": "fno-l", "epoch": 166, "steps": 9352, "train": 1.7370674424902455e-05, "val_mean": 0.004684274120623404, "val_worst": 0.007972119913786935, "lr": 0.000832721313024088, "wall": 809.3}
{"arm": "fno-l", "epoch": 167, "steps": 9408, "train": 1.700225357592098e-05, "val_mean": 0.005016171451486857, "val_worst": 0.007980478751910092, "lr": 0.000830874983065788, "wall": 814.1}
{"arm": "fno-l", "epoch": 168, "steps": 9464, "train": 1.977339435279731e-05, "val_mean": 0.005184509417730614, "val_worst": 0.007787283070510306, "lr": 0.0008290205284200355, "wall": 818.8}
{"arm": "fno-l", "epoch": 169, "steps": 9520, "train": 1.7492795723482366e-05, "val_mean": 0.004684714843098798, "val_worst": 0.007793397337793151, "lr": 0.0008271564548265596, "wall": 823.6}
{"arm": "fno-l", "epoch": 170, "steps": 9576, "train": 2.8032349447708988e-05, "val_mean": 0.005347769425645688, "val_worst": 0.00937493056230312, "lr": 0.0008252852626561033, "wall": 828.3}
{"arm": "fno-l", "epoch": 171, "steps": 9632, "train": 2.608009761416134e-05, "val_mean": 0.005594431855180916, "val_worst": 0.008291968777087343, "lr": 0.000823396021748732, "wall": 833.1}
{"arm": "fno-l", "epoch": 172, "steps": 9688, "train": 4.8861057422979165e-05, "val_mean": 0.005893585466022773, "val_worst": 0.008647569161912791, "lr": 0.0008215100093172229, "wall": 837.8}
{"arm": "fno-l", "epoch": 173, "steps": 9744, "train": 2.303523705748638e-05, "val_mean": 0.005491075133072838, "val_worst": 0.008058679671995658, "lr": 0.0008196056575895201, "wall": 842.6}
{"arm": "fno-l", "epoch": 174, "steps": 9800, "train": 1.7998480711447383e-05, "val_mean": 0.004413694702934181, "val_worst": 0.007303892809471589, "lr": 0.0008177028203898133, "wall": 847.6}
{"arm": "fno-l", "epoch": 175, "steps": 9856, "train": 1.9402581196647495e-05, "val_mean": 0.005160423653751149, "val_worst": 0.008112172456209949, "lr": 0.0008156941353587478, "wall": 852.3}
{"arm": "fno-l", "epoch": 176, "steps": 9912, "train": 3.173288869655936e-05, "val_mean": 0.007972740715766752, "val_worst": 0.013096689238935273, "lr": 0.0008137632042603406, "wall": 857.1}
{"arm": "fno-l", "epoch": 177, "steps": 9968, "train": 3.972647568000611e-05, "val_mean": 0.011402263219515651, "val_worst": 0.014500506865245632, "lr": 0.0008118271472053598, "wall": 861.9}
{"arm": "fno-l", "epoch": 178, "steps": 10024, "train": 3.758263859330101e-05, "val_mean": 0.004804449499043661, "val_worst": 0.0077796048214349, "lr": 0.0008098830132458883, "wall": 866.6}
{"arm": "fno-l", "epoch": 179, "steps": 10080, "train": 1.9372740426096805e-05, "val_mean": 0.004540243969992723, "val_worst": 0.00751780953548527, "lr": 0.0008079310530219937, "wall": 871.4}
{"arm": "fno-l", "epoch": 180, "steps": 10136, "train": 1.783271539225875e-05, "val_mean": 0.004353215209537375, "val_worst": 0.007477922872472136, "lr": 0.0008059722674887112, "wall": 876.4}
{"arm": "fno-l", "epoch": 181, "steps": 10192, "train": 2.7824409881365983e-05, "val_mean": 0.006875505646961086, "val_worst": 0.010055833773140973, "lr": 0.0008039054473530876, "wall": 881.2}
{"arm": "fno-l", "epoch": 182, "steps": 10248, "train": 4.626962195433881e-05, "val_mean": 0.005112282333573271, "val_worst": 0.007823649315390925, "lr": 0.000801931982260878, "wall": 886.0}
{"arm": "fno-l", "epoch": 183, "steps": 10304, "train": 2.200759870481259e-05, "val_mean": 0.00466975024476552, "val_worst": 0.007528571005282504, "lr": 0.0007999617343397029, "wall": 890.7}
{"arm": "fno-l", "epoch": 184, "steps": 10360, "train": 1.6494960656598973e-05, "val_mean": 0.004519967983141991, "val_worst": 0.007623804927190628, "lr": 0.0007979848093483097, "wall": 895.4}
{"arm": "fno-l", "epoch": 185, "steps": 10416, "train": 1.9982394454303943e-05, "val_mean": 0.005250248926236525, "val_worst": 0.008448958470003702, "lr": 0.0007959890573461541, "wall": 900.2}
{"arm": "fno-l", "epoch": 186, "steps": 10472, "train": 2.5056603576664125e-05, "val_mean": 0.0043030394921896396, "val_worst": 0.007307555335668263, "lr": 0.0007939958050489587, "wall": 905.2}
{"arm": "fno-l", "epoch": 187, "steps": 10528, "train": 2.34263859762111e-05, "val_mean": 0.005280535110505848, "val_worst": 0.008038373579240483, "lr": 0.0007918813736067201, "wall": 910.0}
{"arm": "fno-l", "epoch": 188, "steps": 10584, "train": 2.2232611437214343e-05, "val_mean": 0.005049880220800952, "val_worst": 0.007379333613670337, "lr": 0.0007898627936440282, "wall": 914.7}
{"arm": "fno-l", "epoch": 189, "steps": 10640, "train": 3.3410324903451684e-05, "val_mean": 0.00497073964575382, "val_worst": 0.007494031107813122, "lr": 0.0007878374172972907, "wall": 919.5}
{"arm": "fno-l", "epoch": 190, "steps": 10696, "train": 2.0553196564413707e-05, "val_mean": 0.005389216536392926, "val_worst": 0.008036075958208074, "lr": 0.0007858148508185083, "wall": 924.3}
{"arm": "fno-l", "epoch": 191, "steps": 10752, "train": 1.975340645707415e-05, "val_mean": 0.005163610729739681, "val_worst": 0.007831827509927147, "lr": 0.0007837750018399934, "wall": 929.0}
{"arm": "fno-l", "epoch": 192, "steps": 10808, "train": 1.6404105839018306e-05, "val_mean": 0.004163016582248038, "val_worst": 0.007380968560154262, "lr": 0.0007817399227674086, "wall": 934.0}
{"arm": "fno-l", "epoch": 193, "steps": 10864, "train": 2.6347835681817515e-05, "val_mean": 0.007566246934250032, "val_worst": 0.011367337188088453, "lr": 0.0007795885897579645, "wall": 938.8}
{"arm": "fno-l", "epoch": 194, "steps": 10920, "train": 0.0001236101764858078, "val_mean": 0.01153687008916154, "val_worst": 0.015145991487666075, "lr": 0.0007775402287628215, "wall": 943.5}
{"arm": "fno-l", "epoch": 195, "steps": 10976, "train": 8.614795863523361e-05, "val_mean": 0.004718079803428015, "val_worst": 0.007447239895228365, "lr": 0.0007754716562241719, "wall": 948.3}
{"arm": "fno-l", "epoch": 196, "steps": 11032, "train": 1.6499824977874082e-05, "val_mean": 0.004054086089238558, "val_worst": 0.0071349344950146385, "lr": 0.0007734099718431008, "wall": 953.3}
{"arm": "fno-l", "epoch": 197, "steps": 11088, "train": 1.3780293147900785e-05, "val_mean": 0.003969332412448722, "val_worst": 0.0068766501421267225, "lr": 0.0007712298506849229, "wall": 958.3}
{"arm": "fno-l", "epoch": 198, "steps": 11144, "train": 1.3384284154259866e-05, "val_mean": 0.003945395376413793, "val_worst": 0.006843397001001428, "lr": 0.0007690322392021482, "wall": 963.3}
{"arm": "fno-l", "epoch": 199, "steps": 11200, "train": 1.3523297284961267e-05, "val_mean": 0.0039024411625366556, "val_worst": 0.006905260130948745, "lr": 0.0007668394869925012, "wall": 968.3}
{"arm": "fno-l", "epoch": 200, "steps": 11256, "train": 1.4287306727227326e-05, "val_mean": 0.003997105213356821, "val_worst": 0.006982938056270588, "lr": 0.0007646259212925336, "wall": 973.1}
{"arm": "fno-l", "epoch": 201, "steps": 11312, "train": 1.4338185840423171e-05, "val_mean": 0.00413376663688683, "val_worst": 0.006828827378253993, "lr": 0.0007625144023027529, "wall": 977.8}
{"arm": "fno-l", "epoch": 202, "steps": 11368, "train": 1.4897339948941076e-05, "val_mean": 0.004085997329230031, "val_worst": 0.006857100870804838, "lr": 0.0007604103709937172, "wall": 982.6}
{"arm": "fno-l", "epoch": 203, "steps": 11424, "train": 1.5367477024621864e-05, "val_mean": 0.0051136195687754415, "val_worst": 0.007496862590970125, "lr": 0.0007582881964657366, "wall": 987.4}
{"arm": "fno-l", "epoch": 204, "steps": 11480, "train": 1.7144784421314085e-05, "val_mean": 0.004620345821734416, "val_worst": 0.007463603784561741, "lr": 0.0007561713301821997, "wall": 992.1}
{"arm": "fno-l", "epoch": 205, "steps": 11536, "train": 1.6478930542677124e-05, "val_mean": 0.004304022774956685, "val_worst": 0.006974467790472695, "lr": 0.000754048911562767, "wall": 996.8}
{"arm": "fno-l", "epoch": 206, "steps": 11592, "train": 1.7587789954615128e-05, "val_mean": 0.004152998858300803, "val_worst": 0.006755732126704165, "lr": 0.0007519197923676109, "wall": 1001.6}
{"arm": "fno-l", "epoch": 207, "steps": 11648, "train": 1.976379532584701e-05, "val_mean": 0.006894446582678504, "val_worst": 0.009536537272751878, "lr": 0.0007497733523600657, "wall": 1006.4}
{"arm": "fno-l", "epoch": 208, "steps": 11704, "train": 2.1015732331272465e-05, "val_mean": 0.004257127140137611, "val_worst": 0.006892636639209744, "lr": 0.0007476318233268424, "wall": 1011.1}
{"arm": "fno-l", "epoch": 209, "steps": 11760, "train": 1.6274272263990616e-05, "val_mean": 0.0051080157884072774, "val_worst": 0.007561709546778401, "lr": 0.0007454847055206038, "wall": 1015.8}
{"arm": "fno-l", "epoch": 210, "steps": 11816, "train": 3.894480810165705e-05, "val_mean": 0.012830635552871898, "val_worst": 0.0199575834972207, "lr": 0.0007432979797452224, "wall": 1020.7}
{"arm": "fno-l", "epoch": 211, "steps": 11872, "train": 4.567272475998463e-05, "val_mean": 0.006524367928623708, "val_worst": 0.009258285311056389, "lr": 0.0007411385016944977, "wall": 1025.4}
{"arm": "fno-l", "epoch": 212, "steps": 11928, "train": 2.450228493634516e-05, "val_mean": 0.0044374697037287605, "val_worst": 0.0071103542643646345, "lr": 0.0007389697498100748, "wall": 1030.2}
{"arm": "fno-l", "epoch": 213, "steps": 11984, "train": 1.4645637977529098e-05, "val_mean": 0.0038824095953175894, "val_worst": 0.006769481064107501, "lr": 0.0007368006105308003, "wall": 1035.2}
{"arm": "fno-l", "epoch": 214, "steps": 12040, "train": 1.4619297446188934e-05, "val_mean": 0.0042408256440920646, "val_worst": 0.007067742580007111, "lr": 0.0007344907180788663, "wall": 1039.9}
{"arm": "fno-l", "epoch": 215, "steps": 12096, "train": 1.9754744543916186e-05, "val_mean": 0.0066700581919759165, "val_worst": 0.009663645866439531, "lr": 0.0007323082984028665, "wall": 1044.7}
{"arm": "fno-l", "epoch": 216, "steps": 12152, "train": 2.917574638603895e-05, "val_mean": 0.008823469678913594, "val_worst": 0.011273925574041894, "lr": 0.0007301206033009198, "wall": 1049.4}
{"arm": "fno-l", "epoch": 217, "steps": 12208, "train": 9.093772807067272e-05, "val_mean": 0.005360648691395101, "val_worst": 0.008073506348679399, "lr": 0.0007279146359849046, "wall": 1054.2}
{"arm": "fno-l", "epoch": 218, "steps": 12264, "train": 1.9501512043892298e-05, "val_mean": 0.00409369581302781, "val_worst": 0.00675308372375835, "lr": 0.000725715689390563, "wall": 1059.0}
{"arm": "fno-l", "epoch": 219, "steps": 12320, "train": 1.3240581842297413e-05, "val_mean": 0.003982126188082003, "val_worst": 0.006592061066291087, "lr": 0.0007235116675250075, "wall": 1063.7}
{"arm": "fno-l", "epoch": 220, "steps": 12376, "train": 1.4731044017856968e-05, "val_mean": 0.004484542857939214, "val_worst": 0.0073837626742764674, "lr": 0.0007212907022435959, "wall": 1068.5}
{"arm": "fno-l", "epoch": 221, "steps": 12432, "train": 1.4536030250614096e-05, "val_mean": 0.004132549520499049, "val_worst": 0.006839110237543207, "lr": 0.000719063970757809, "wall": 1073.2}
{"arm": "fno-l", "epoch": 222, "steps": 12488, "train": 1.2167924410465935e-05, "val_mean": 0.003850177880505904, "val_worst": 0.0065399059401684, "lr": 0.0007168430551357398, "wall": 1078.2}
{"arm": "fno-l", "epoch": 223, "steps": 12544, "train": 1.2505617724761091e-05, "val_mean": 0.003812792958965359, "val_worst": 0.006567074623645483, "lr": 0.000714494642682012, "wall": 1083.3}
{"arm": "fno-l", "epoch": 224, "steps": 12600, "train": 1.2565053887336815e-05, "val_mean": 0.003881279667162422, "val_worst": 0.006497939206453281, "lr": 0.0007121384960142148, "wall": 1088.0}
{"arm": "fno-l", "epoch": 225, "steps": 12656, "train": 1.2660930019133808e-05, "val_mean": 0.0039584865705966765, "val_worst": 0.006548449267384001, "lr": 0.0007099034291306056, "wall": 1092.7}
{"arm": "fno-l", "epoch": 226, "steps": 12712, "train": 1.4480931224733935e-05, "val_mean": 0.003933171992283523, "val_worst": 0.006578102524480627, "lr": 0.0007076630735692664, "wall": 1097.5}
{"arm": "fno-l", "epoch": 227, "steps": 12768, "train": 1.8795136684465774e-05, "val_mean": 0.005126201801021069, "val_worst": 0.007428221244602726, "lr": 0.0007054054046262591, "wall": 1102.3}
{"arm": "fno-l", "epoch": 228, "steps": 12824, "train": 4.57948171011711e-05, "val_mean": 0.004893567703276778, "val_worst": 0.007242123914522511, "lr": 0.0007031548050397364, "wall": 1107.0}
{"arm": "fno-l", "epoch": 229, "steps": 12880, "train": 1.9882001731618575e-05, "val_mean": 0.004354935444994776, "val_worst": 0.006872312019037386, "lr": 0.0007008870229124778, "wall": 1111.8}
{"arm": "fno-l", "epoch": 230, "steps": 12936, "train": 1.53970842701807e-05, "val_mean": 0.004348869459432587, "val_worst": 0.007247566868742765, "lr": 0.0006986248866187857, "wall": 1116.5}
{"arm": "fno-l", "epoch": 231, "steps": 12992, "train": 3.3328273301422844e-05, "val_mean": 0.00496981845075585, "val_worst": 0.007896283583447565, "lr": 0.0006963598908726632, "wall": 1121.3}
{"arm": "fno-l", "epoch": 232, "steps": 13048, "train": 2.4085723306213386e-05, "val_mean": 0.00421898525249648, "val_worst": 0.006628003005100145, "lr": 0.0006940775392941934, "wall": 1126.0}
{"arm": "fno-l", "epoch": 233, "steps": 13104, "train": 1.63045499563507e-05, "val_mean": 0.004052459983974534, "val_worst": 0.006625871862868439, "lr": 0.0006918029290659808, "wall": 1130.8}
{"arm": "fno-l", "epoch": 234, "steps": 13160, "train": 1.611354907191392e-05, "val_mean": 0.004191268165891743, "val_worst": 0.006827493581220016, "lr": 0.0006895110987459862, "wall": 1135.5}
{"arm": "fno-l", "epoch": 235, "steps": 13216, "train": 1.3537559612782926e-05, "val_mean": 0.0037322965339208324, "val_worst": 0.006485081286369092, "lr": 0.0006872268059887066, "wall": 1140.6}
{"arm": "fno-l", "epoch": 236, "steps": 13272, "train": 1.2252468190431532e-05, "val_mean": 0.003995475949322317, "val_worst": 0.006298686534667755, "lr": 0.0006848052773867895, "wall": 1145.3}
{"arm": "fno-l", "epoch": 237, "steps": 13328, "train": 1.8362776554695163e-05, "val_mean": 0.00482935100963512, "val_worst": 0.007384244141804408, "lr": 0.0006824963790218085, "wall": 1150.1}
{"arm": "fno-l", "epoch": 238, "steps": 13384, "train": 2.186183544425479e-05, "val_mean": 0.004439584966867262, "val_worst": 0.006577076341510105, "lr": 0.0006801862339663342, "wall": 1154.8}
{"arm": "fno-l", "epoch": 239, "steps": 13440, "train": 1.3677239590065137e-05, "val_mean": 0.004190546787110565, "val_worst": 0.006557524001330467, "lr": 0.0006778848954473559, "wall": 1159.6}
{"arm": "fno-l", "epoch": 240, "steps": 13496, "train": 1.6912689427467118e-05, "val_mean": 0.00411589040035047, "val_worst": 0.00647938477833435, "lr": 0.000675566440775565, "wall": 1164.4}
{"arm": "fno-l", "epoch": 241, "steps": 13552, "train": 1.610649012594502e-05, "val_mean": 0.005252117461641337, "val_worst": 0.007902595941135168, "lr": 0.000673257157312785, "wall": 1169.1}
{"arm": "fno-l", "epoch": 242, "steps": 13608, "train": 4.798462986559952e-05, "val_mean": 0.00653614421714702, "val_worst": 0.009998898727742069, "lr": 0.0006709301707574301, "wall": 1173.9}
{"arm": "fno-l", "epoch": 243, "steps": 13664, "train": 8.4218914111229e-05, "val_mean": 0.009067627193815903, "val_worst": 0.012140344742530996, "lr": 0.0006686083585000439, "wall": 1178.6}
{"arm": "fno-l", "epoch": 244, "steps": 13720, "train": 1.829234133433009e-05, "val_mean": 0.0036729489530484888, "val_worst": 0.006154111664670328, "lr": 0.0006662683548619422, "wall": 1183.7}
{"arm": "fno-l", "epoch": 245, "steps": 13776, "train": 1.089330544128245e-05, "val_mean": 0.0035341857990063468, "val_worst": 0.00615371594561247, "lr": 0.0006638014115868551, "wall": 1188.7}
{"arm": "fno-l", "epoch": 246, "steps": 13832, "train": 1.107769435386258e-05, "val_mean": 0.0035312966527971364, "val_worst": 0.006169785036959006, "lr": 0.0006613336491833819, "wall": 1193.7}
{"arm": "fno-l", "epoch": 247, "steps": 13888, "train": 1.0535139173184751e-05, "val_mean": 0.0035635976134180203, "val_worst": 0.006217926969775803, "lr": 0.0006588613565993521, "wall": 1198.5}
{"arm": "fno-l", "epoch": 248, "steps": 13944, "train": 1.0859804977398268e-05, "val_mean": 0.0036025525475074515, "val_worst": 0.006201209211987774, "lr": 0.0006565093928214497, "wall": 1203.2}
{"arm": "fno-l", "epoch": 249, "steps": 14000, "train": 1.1130975844042237e-05, "val_mean": 0.00369974815162424, "val_worst": 0.0061610475767493586, "lr": 0.0006541667156270644, "wall": 1208.0}
{"arm": "fno-l", "epoch": 250, "steps": 14056, "train": 1.2139569276892553e-05, "val_mean": 0.004012136705111655, "val_worst": 0.006425167145102216, "lr": 0.0006518061964288036, "wall": 1212.8}
{"arm": "fno-l", "epoch": 251, "steps": 14112, "train": 1.1777045413366912e-05, "val_mean": 0.003793761029204452, "val_worst": 0.0063160443085854105, "lr": 0.0006494564630574782, "wall": 1217.5}
{"arm": "fno-l", "epoch": 252, "steps": 14168, "train": 1.1235947084856058e-05, "val_mean": 0.0035598154220258527, "val_worst": 0.006137595582406152, "lr": 0.0006470896561028618, "wall": 1222.3}
{"arm": "fno-l", "epoch": 253, "steps": 14224, "train": 1.1946996711680664e-05, "val_mean": 0.0044612253214023016, "val_worst": 0.007071632725322527, "lr": 0.0006447196319294219, "wall": 1227.0}
{"arm": "fno-l", "epoch": 254, "steps": 14280, "train": 2.4798397544576907e-05, "val_mean": 0.0051580371088240816, "val_worst": 0.007269410709620707, "lr": 0.0006423459183773037, "wall": 1231.8}
{"arm": "fno-l", "epoch": 255, "steps": 14336, "train": 1.5455712385166943e-05, "val_mean": 0.004097891934081414, "val_worst": 0.006539737060511165, "lr": 0.0006399684179197411, "wall": 1236.6}
{"arm": "fno-l", "epoch": 256, "steps": 14392, "train": 3.052032890903902e-05, "val_mean": 0.005173392251759118, "val_worst": 0.007343598840872657, "lr": 0.0006375875536758172, "wall": 1241.3}
{"arm": "fno-l", "epoch": 257, "steps": 14448, "train": 1.4857301263464213e-05, "val_mean": 0.0038761923049099706, "val_worst": 0.006342422644592289, "lr": 0.0006352036538107424, "wall": 1246.1}
{"arm": "fno-l", "epoch": 258, "steps": 14504, "train": 1.1251529735061975e-05, "val_mean": 0.003475325272404392, "val_worst": 0.006123392832932881, "lr": 0.0006328302085561918, "wall": 1251.1}
{"arm": "fno-l", "epoch": 259, "steps": 14560, "train": 1.1852185397005544e-05, "val_mean": 0.004062638569070444, "val_worst": 0.006707100053541949, "lr": 0.0006303251131727267, "wall": 1255.9}
{"arm": "fno-l", "epoch": 260, "steps": 14616, "train": 3.049796371558796e-05, "val_mean": 0.006190994035833702, "val_worst": 0.008840958179812826, "lr": 0.0006279320075117893, "wall": 1260.6}
{"arm": "fno-l", "epoch": 261, "steps": 14672, "train": 4.7403262659381834e-05, "val_mean": 0.004755976279737433, "val_worst": 0.007133458868995304, "lr": 0.0006255487045110944, "wall": 1265.4}
{"arm": "fno-l", "epoch": 262, "steps": 14728, "train": 1.3301477737728011e-05, "val_mean": 0.003439209187150164, "val_worst": 0.00602038370320656, "lr": 0.0006231630701069295, "wall": 1270.4}
{"arm": "fno-l", "epoch": 263, "steps": 14784, "train": 1.0001231978394029e-05, "val_mean": 0.0033189386164087504, "val_worst": 0.0059427500216165125, "lr": 0.0006206520261758438, "wall": 1275.4}
{"arm": "fno-l", "epoch": 264, "steps": 14840, "train": 9.900979002121997e-06, "val_mean": 0.003383414522315233, "val_worst": 0.006066443560161058, "lr": 0.0006181321382325437, "wall": 1280.1}
{"arm": "fno-l", "epoch": 265, "steps": 14896, "train": 9.965395757591676e-06, "val_mean": 0.0034081399737861573, "val_worst": 0.006088633022666526, "lr": 0.0006157216120044182, "wall": 1284.9}
{"arm": "fno-l", "epoch": 266, "steps": 14952, "train": 1.0350323470360615e-05, "val_mean": 0.0037106977272751596, "val_worst": 0.006222219737531582, "lr": 0.0006133244159269837, "wall": 1289.6}
{"arm": "fno-l", "epoch": 267, "steps": 15008, "train": 1.4385798471515229e-05, "val_mean": 0.005533154666189328, "val_worst": 0.007196774513597251, "lr": 0.0006109112552520947, "wall": 1294.4}
{"arm": "fno-l", "epoch": 268, "steps": 15064, "train": 1.8050487321407465e-05, "val_mean": 0.004326544044873277, "val_worst": 0.006373889858994462, "lr": 0.0006085083086089094, "wall": 1299.1}
{"arm": "fno-l", "epoch": 269, "steps": 15120, "train": 1.2572809997966433e-05, "val_mean": 0.005150945455019608, "val_worst": 0.007284677187726215, "lr": 0.0006060892386112588, "wall": 1303.9}
{"arm": "fno-l", "epoch": 270, "steps": 15176, "train": 1.9340367324991843e-05, "val_mean": 0.00447821852390513, "val_worst": 0.006815923585947535, "lr": 0.0006036808278237128, "wall": 1308.6}
{"arm": "fno-l", "epoch": 271, "steps": 15232, "train": 1.135677597188194e-05, "val_mean": 0.003622613971635351, "val_worst": 0.006089760396527646, "lr": 0.0006012565933715223, "wall": 1313.4}
{"arm": "fno-l", "epoch": 272, "steps": 15288, "train": 1.4546514802590103e-05, "val_mean": 0.0044881356241254266, "val_worst": 0.007071693528554144, "lr": 0.0005988434160191365, "wall": 1318.2}
{"arm": "fno-l", "epoch": 273, "steps": 15344, "train": 1.3587491101487643e-05, "val_mean": 0.0035579635095928713, "val_worst": 0.005950853034452576, "lr": 0.0005964152324241864, "wall": 1322.9}
{"arm": "fno-l", "epoch": 274, "steps": 15400, "train": 1.2692372470007641e-05, "val_mean": 0.004203702714868304, "val_worst": 0.00657392948668878, "lr": 0.0005939970599332145, "wall": 1327.7}
{"arm": "fno-l", "epoch": 275, "steps": 15456, "train": 1.0270232426833542e-05, "val_mean": 0.0035330664663067593, "val_worst": 0.005834381489636275, "lr": 0.0005915518659361677, "wall": 1332.5}
{"arm": "fno-l", "epoch": 276, "steps": 15512, "train": 2.4859465167076438e-05, "val_mean": 0.004329301526475321, "val_worst": 0.006515514819636001, "lr": 0.0005891306410051097, "wall": 1337.2}
{"arm": "fno-l", "epoch": 277, "steps": 15568, "train": 1.708426148635998e-05, "val_mean": 0.003888113908596655, "val_worst": 0.005941534427400537, "lr": 0.0005866935391872166, "wall": 1342.0}
{"arm": "fno-l", "epoch": 278, "steps": 15624, "train": 1.689848673776518e-05, "val_mean": 0.003968302580201144, "val_worst": 0.006248262754413288, "lr": 0.0005842674534987322, "wall": 1346.7}
{"arm": "fno-l", "epoch": 279, "steps": 15680, "train": 1.1363299845994845e-05, "val_mean": 0.005365947191688253, "val_worst": 0.007903465826429595, "lr": 0.0005818238050020132, "wall": 1351.5}
{"arm": "fno-l", "epoch": 280, "steps": 15736, "train": 2.2419796928026794e-05, "val_mean": 0.003878169773294467, "val_worst": 0.006203632154272127, "lr": 0.0005793941116871047, "wall": 1356.2}
{"arm": "fno-l", "epoch": 281, "steps": 15792, "train": 1.0847113363270087e-05, "val_mean": 0.0036961778172241323, "val_worst": 0.006009588678865709, "lr": 0.0005769630144052695, "wall": 1361.0}
{"arm": "fno-l", "epoch": 282, "steps": 15848, "train": 4.069530393040537e-05, "val_mean": 0.009313959782436154, "val_worst": 0.013151171336520799, "lr": 0.00057453009529433, "wall": 1365.7}
{"arm": "fno-l", "epoch": 283, "steps": 15904, "train": 3.4710059040098505e-05, "val_mean": 0.003797924763308125, "val_worst": 0.006040761382929288, "lr": 0.0005720811331280447, "wall": 1370.5}
{"arm": "fno-l", "epoch": 284, "steps": 15960, "train": 1.0456227905188848e-05, "val_mean": 0.0032693795809748526, "val_worst": 0.005786862240775951, "lr": 0.000569637174839645, "wall": 1375.5}
{"arm": "fno-l", "epoch": 285, "steps": 16016, "train": 9.572954579441057e-06, "val_mean": 0.003298940201305227, "val_worst": 0.005702125204624839, "lr": 0.0005670459238082655, "wall": 1380.3}
{"arm": "fno-l", "epoch": 286, "steps": 16072, "train": 9.082868430816073e-06, "val_mean": 0.003253750399376586, "val_worst": 0.00574051173987558, "lr": 0.0005645926749860264, "wall": 1385.3}
{"arm": "fno-l", "epoch": 287, "steps": 16128, "train": 9.574697231724479e-06, "val_mean": 0.0033104256309393074, "val_worst": 0.00577897267291856, "lr": 0.0005620191881828543, "wall": 1390.0}
{"arm": "fno-l", "epoch": 288, "steps": 16184, "train": 9.326189549417422e-06, "val_mean": 0.003308151989151808, "val_worst": 0.005828883332415594, "lr": 0.0005595620191957549, "wall": 1394.8}
{"arm": "fno-l", "epoch": 289, "steps": 16240, "train": 9.485958907913905e-06, "val_mean": 0.003638950199950436, "val_worst": 0.006094890023444024, "lr": 0.000557102518359087, "wall": 1399.6}
{"arm": "fno-l", "epoch": 290, "steps": 16296, "train": 1.111511764695055e-05, "val_mean": 0.004451269758124662, "val_worst": 0.0069653394508599155, "lr": 0.0005546431008134444, "wall": 1404.4}
{"arm": "fno-l", "epoch": 291, "steps": 16352, "train": 1.600550929367611e-05, "val_mean": 0.003655923633773206, "val_worst": 0.00607243624769952, "lr": 0.0005521955615660789, "wall": 1409.1}
{"arm": "fno-l", "epoch": 292, "steps": 16408, "train": 1.1079869964329623e-05, "val_mean": 0.0038552783615490574, "val_worst": 0.006143540079344116, "lr": 0.0005497477243036271, "wall": 1413.8}
{"arm": "fno-l", "epoch": 293, "steps": 16464, "train": 1.1350750025810393e-05, "val_mean": 0.0038594424616486553, "val_worst": 0.0059858090962756115, "lr": 0.0005472991287999733, "wall": 1418.6}
{"arm": "fno-l", "epoch": 294, "steps": 16520, "train": 1.154455535127771e-05, "val_mean": 0.0033882456694100155, "val_worst": 0.005802680964651515, "lr": 0.0005448351615064982, "wall": 1423.4}
{"arm": "fno-l", "epoch": 295, "steps": 16576, "train": 1.1991641197108046e-05, "val_mean": 0.003416789150725433, "val_worst": 0.0057424142171363865, "lr": 0.0005423829720828065, "wall": 1428.1}
{"arm": "fno-l", "epoch": 296, "steps": 16632, "train": 1.6196715403542808e-05, "val_mean": 0.007809757904008833, "val_worst": 0.011336456405315946, "lr": 0.0005399308272143907, "wall": 1432.8}
{"arm": "fno-l", "epoch": 297, "steps": 16688, "train": 6.0283708993368726e-05, "val_mean": 0.008730300988765032, "val_worst": 0.012609598204815652, "lr": 0.0005374642676728304, "wall": 1437.6}
{"arm": "fno-l", "epoch": 298, "steps": 16744, "train": 3.7781607960314886e-05, "val_mean": 0.004194520623617477, "val_worst": 0.006233114858706015, "lr": 0.0005350080341348125, "wall": 1442.4}
{"arm": "fno-l", "epoch": 299, "steps": 16800, "train": 1.167447967667963e-05, "val_mean": 0.0034633802301736938, "val_worst": 0.005744649994618408, "lr": 0.0005325532824018939, "wall": 1447.1}
{"arm": "fno-l", "epoch": 300, "steps": 16856, "train": 9.17526932679492e-06, "val_mean": 0.003214404063419745, "val_worst": 0.005677298759035213, "lr": 0.0005300842579169597, "wall": 1452.1}
{"arm": "fno-l", "epoch": 301, "steps": 16912, "train": 9.51945238143888e-06, "val_mean": 0.0032843767525698097, "val_worst": 0.005593547259922, "lr": 0.0005274919495859913, "wall": 1456.9}
{"arm": "fno-l", "epoch": 302, "steps": 16968, "train": 8.948557396206119e-06, "val_mean": 0.0031248021353004925, "val_worst": 0.0055854867350593786, "lr": 0.0005250214945267383, "wall": 1461.9}
{"arm": "fno-l", "epoch": 303, "steps": 17024, "train": 1.0313761069185215e-05, "val_mean": 0.0032827354590158897, "val_worst": 0.005523479807073224, "lr": 0.0005224202160440516, "wall": 1466.7}
{"arm": "fno-l", "epoch": 304, "steps": 17080, "train": 1.023977520900472e-05, "val_mean": 0.0036435597399719867, "val_worst": 0.005798262764080359, "lr": 0.0005199492489479214, "wall": 1471.4}
{"arm": "fno-l", "epoch": 305, "steps": 17136, "train": 9.090338252725931e-06, "val_mean": 0.003312060538778524, "val_worst": 0.005524636629957784, "lr": 0.0005174751645251233, "wall": 1476.2}
{"arm": "fno-l", "epoch": 306, "steps": 17192, "train": 9.768605173998593e-06, "val_mean": 0.0038788054230420436, "val_worst": 0.006088348085677728, "lr": 0.0005150029009582465, "wall": 1481.0}
{"arm": "fno-l", "epoch": 307, "steps": 17248, "train": 9.595084251974375e-06, "val_mean": 0.003417351412304602, "val_worst": 0.005993726804759595, "lr": 0.0005125443202326202, "wall": 1485.7}
{"arm": "fno-l", "epoch": 308, "steps": 17304, "train": 9.366674377473562e-06, "val_mean": 0.003933155401726453, "val_worst": 0.006028321596349077, "lr": 0.0005100718499001198, "wall": 1490.5}
{"arm": "fno-l", "epoch": 309, "steps": 17360, "train": 9.535290408653091e-06, "val_mean": 0.0033539544668940774, "val_worst": 0.005686108942351404, "lr": 0.0005076129497224068, "wall": 1495.3}
{"arm": "fno-l", "epoch": 310, "steps": 17416, "train": 9.576715536733639e-06, "val_mean": 0.003208706040213868, "val_worst": 0.005682685322581668, "lr": 0.000505140588294442, "wall": 1500.0}
{"arm": "fno-l", "epoch": 311, "steps": 17472, "train": 1.1411177244850044e-05, "val_mean": 0.0038480891102965634, "val_worst": 0.00627175822052104, "lr": 0.0005026679937642997, "wall": 1504.8}
{"arm": "fno-l", "epoch": 312, "steps": 17528, "train": 1.206361154336779e-05, "val_mean": 0.0037149418919098574, "val_worst": 0.006010292796138788, "lr": 0.0005002095392324936, "wall": 1509.5}
{"arm": "fno-l", "epoch": 313, "steps": 17584, "train": 1.0815466837310854e-05, "val_mean": 0.0037218107936882556, "val_worst": 0.006155816470859485, "lr": 0.0004977352687400142, "wall": 1514.3}
{"arm": "fno-l", "epoch": 314, "steps": 17640, "train": 1.0794028663778135e-05, "val_mean": 0.003480152115465296, "val_worst": 0.005756562584796289, "lr": 0.0004952766956405452, "wall": 1519.1}
{"arm": "fno-l", "epoch": 315, "steps": 17696, "train": 1.332138733172853e-05, "val_mean": 0.0037498645222570127, "val_worst": 0.005974877873796374, "lr": 0.0004928186744123371, "wall": 1523.8}
{"arm": "fno-l", "epoch": 316, "steps": 17752, "train": 1.1448350009601949e-05, "val_mean": 0.003860163207422403, "val_worst": 0.005908337975890536, "lr": 0.000490346393088266, "wall": 1528.6}
{"arm": "fno-l", "epoch": 317, "steps": 17808, "train": 9.147223603346946e-06, "val_mean": 0.0030792231542035083, "val_worst": 0.00545525359052604, "lr": 0.00048788838291764607, "wall": 1533.6}
{"arm": "fno-l", "epoch": 318, "steps": 17864, "train": 9.269523965054055e-06, "val_mean": 0.0033276829690550543, "val_worst": 0.005621508286633945, "lr": 0.00048528819850657853, "wall": 1538.3}
{"arm": "fno-l", "epoch": 319, "steps": 17920, "train": 9.533716753612923e-06, "val_mean": 0.003178778874623157, "val_worst": 0.005619512569970959, "lr": 0.000482818056867127, "wall": 1543.1}
{"arm": "fno-l", "epoch": 320, "steps": 17976, "train": 8.877269729528468e-06, "val_mean": 0.0034437619989063483, "val_worst": 0.0057324547953139645, "lr": 0.00048036161000420324, "wall": 1547.8}
{"arm": "fno-l", "epoch": 321, "steps": 18032, "train": 3.9763441818362845e-05, "val_mean": 0.006263898547919287, "val_worst": 0.010565769884852892, "lr": 0.00047789095762549693, "wall": 1552.6}
{"arm": "fno-l", "epoch": 322, "steps": 18088, "train": 1.6346479906280174e-05, "val_mean": 0.0033972484271048283, "val_worst": 0.005642163945802521, "lr": 0.0004754359983820948, "wall": 1557.4}
{"arm": "fno-l", "epoch": 323, "steps": 18144, "train": 8.561379618917639e-06, "val_mean": 0.003081054927971249, "val_worst": 0.005517611667888432, "lr": 0.0004729682760111774, "wall": 1562.1}
{"arm": "fno-l", "epoch": 324, "steps": 18200, "train": 9.176924565062346e-06, "val_mean": 0.0031532724456607886, "val_worst": 0.005472618838469299, "lr": 0.0004705011969809364, "wall": 1566.9}
{"arm": "fno-l", "epoch": 325, "steps": 18256, "train": 8.831075683530224e-06, "val_mean": 0.003449669662666445, "val_worst": 0.005572557917151846, "lr": 0.00046804831129907277, "wall": 1571.6}
{"arm": "fno-l", "epoch": 326, "steps": 18312, "train": 8.996961951489874e-06, "val_mean": 0.00323132225797211, "val_worst": 0.005488044245056459, "lr": 0.0004655830809723566, "wall": 1576.4}
{"arm": "fno-l", "epoch": 327, "steps": 18368, "train": 8.239897912622905e-06, "val_mean": 0.003147715436351715, "val_worst": 0.005542996730318815, "lr": 0.0004631211334511416, "wall": 1581.2}
{"arm": "fno-l", "epoch": 328, "steps": 18424, "train": 8.300345546345467e-06, "val_mean": 0.0031867055140221623, "val_worst": 0.005519315496697538, "lr": 0.00046065802428679216, "wall": 1585.9}
{"arm": "fno-l", "epoch": 329, "steps": 18480, "train": 8.110065881195504e-06, "val_mean": 0.003128900305944385, "val_worst": 0.005423214024683908, "lr": 0.00045820981857737814, "wall": 1590.7}
{"arm": "fno-l", "epoch": 330, "steps": 18536, "train": 9.448608396478765e-06, "val_mean": 0.00393581669506016, "val_worst": 0.005791584396376477, "lr": 0.00045574812597719354, "wall": 1595.5}
{"arm": "fno-l", "epoch": 331, "steps": 18592, "train": 1.653126893174409e-05, "val_mean": 0.003613927364344389, "val_worst": 0.005653280098325175, "lr": 0.00045330216860182515, "wall": 1600.2}
{"arm": "fno-l", "epoch": 332, "steps": 18648, "train": 9.170448647347634e-06, "val_mean": 0.0030763954970384182, "val_worst": 0.005401473078285168, "lr": 0.00045084373105934894, "wall": 1605.2}
{"arm": "fno-l", "epoch": 333, "steps": 18704, "train": 8.358538350094049e-06, "val_mean": 0.0032306371132112517, "val_worst": 0.005454105086968955, "lr": 0.000448266310910848, "wall": 1610.0}
{"arm": "fno-l", "epoch": 334, "steps": 18760, "train": 1.1477295488980032e-05, "val_mean": 0.003311227241971266, "val_worst": 0.005580230757906192, "lr": 0.0004458234016505379, "wall": 1614.7}
{"arm": "fno-l", "epoch": 335, "steps": 18816, "train": 1.0364492226140872e-05, "val_mean": 0.0031396206510522044, "val_worst": 0.005479542491152051, "lr": 0.00044338223404816803, "wall": 1619.5}
{"arm": "fno-l", "epoch": 336, "steps": 18872, "train": 8.952420988386289e-06, "val_mean": 0.0033574030725601173, "val_worst": 0.00551819418850555, "lr": 0.00044092965549150836, "wall": 1624.2}
{"arm": "fno-l", "epoch": 337, "steps": 18928, "train": 9.371082012409183e-06, "val_mean": 0.003525102916583689, "val_worst": 0.005430623560703314, "lr": 0.0004384923014112073, "wall": 1629.0}
{"arm": "fno-l", "epoch": 338, "steps": 18984, "train": 3.6120964134989544e-05, "val_mean": 0.010694230311127772, "val_worst": 0.013160813888609688, "lr": 0.0004360421402571394, "wall": 1633.8}
{"arm": "fno-l", "epoch": 339, "steps": 19040, "train": 2.286453181553109e-05, "val_mean": 0.0035912160569584605, "val_worst": 0.005717458571213848, "lr": 0.00043360791138553434, "wall": 1638.5}
{"arm": "fno-l", "epoch": 340, "steps": 19096, "train": 8.68717423895845e-06, "val_mean": 0.0031296238827814827, "val_worst": 0.005448730046334737, "lr": 0.00043116183809565554, "wall": 1643.3}
{"arm": "fno-l", "epoch": 341, "steps": 19152, "train": 7.645053881025859e-06, "val_mean": 0.00300299617785998, "val_worst": 0.005311980681345928, "lr": 0.00042873158475837406, "wall": 1648.3}
{"arm": "fno-l", "epoch": 342, "steps": 19208, "train": 8.910219253450613e-06, "val_mean": 0.003447323189839144, "val_worst": 0.005722681343079836, "lr": 0.0004261597491431828, "wall": 1653.0}
{"arm": "fno-l", "epoch": 343, "steps": 19264, "train": 9.17637282249251e-06, "val_mean": 0.0032356038236634873, "val_worst": 0.0053950431030470114, "lr": 0.0004237193711205832, "wall": 1657.8}
{"arm": "fno-l", "epoch": 344, "steps": 19320, "train": 8.029419560108719e-06, "val_mean": 0.0031439972509411654, "val_worst": 0.005355655023579029, "lr": 0.0004212945808349866, "wall": 1662.6}
{"arm": "fno-l", "epoch": 345, "steps": 19376, "train": 7.953861476496177e-06, "val_mean": 0.002990658848355863, "val_worst": 0.005302982153403443, "lr": 0.0004188724590645468, "wall": 1667.6}
{"arm": "fno-l", "epoch": 346, "steps": 19432, "train": 7.750301110421496e-06, "val_mean": 0.003066032389054232, "val_worst": 0.005306145883271313, "lr": 0.00041631789180292337, "wall": 1672.3}
{"arm": "fno-l", "epoch": 347, "steps": 19488, "train": 7.849411062182559e-06, "val_mean": 0.0030859071209294337, "val_worst": 0.00529699681138992, "lr": 0.000413886237750482, "wall": 1677.1}
{"arm": "fno-l", "epoch": 348, "steps": 19544, "train": 3.161397016854717e-05, "val_mean": 0.006337611394565595, "val_worst": 0.011181433602376077, "lr": 0.00041146982463556884, "wall": 1681.8}
{"arm": "fno-l", "epoch": 349, "steps": 19600, "train": 1.6469746720502283e-05, "val_mean": 0.003243177466840339, "val_worst": 0.005369871121909152, "lr": 0.0004090426957428031, "wall": 1686.6}
{"arm": "fno-l", "epoch": 350, "steps": 19656, "train": 8.199549508306861e-06, "val_mean": 0.0029039686320930713, "val_worst": 0.005176782713205952, "lr": 0.00040661767445601785, "wall": 1691.6}
{"arm": "fno-l", "epoch": 351, "steps": 19712, "train": 7.291414433234537e-06, "val_mean": 0.0029011577046288246, "val_worst": 0.005224268471405738, "lr": 0.0004040802317553391, "wall": 1696.6}
{"arm": "fno-l", "epoch": 352, "steps": 19768, "train": 7.52692842867361e-06, "val_mean": 0.003038638219387992, "val_worst": 0.005337464092645133, "lr": 0.0004015419088140999, "wall": 1701.4}
{"arm": "fno-l", "epoch": 353, "steps": 19824, "train": 7.5641679707310445e-06, "val_mean": 0.00292044076563484, "val_worst": 0.005179192891968285, "lr": 0.0003991362608442028, "wall": 1706.1}
{"arm": "fno-l", "epoch": 354, "steps": 19880, "train": 7.74458095945921e-06, "val_mean": 0.0033151348892522755, "val_worst": 0.005497623671979613, "lr": 0.0003967214806789894, "wall": 1710.9}
{"arm": "fno-l", "epoch": 355, "steps": 19936, "train": 8.06184055552594e-06, "val_mean": 0.003213245592691865, "val_worst": 0.005395345899653193, "lr": 0.0003943092204146482, "wall": 1715.7}
{"arm": "fno-l", "epoch": 356, "steps": 19992, "train": 7.988370520182138e-06, "val_mean": 0.0031308313394901553, "val_worst": 0.005376792323458592, "lr": 0.0003919127850311118, "wall": 1720.4}
{"arm": "fno-l", "epoch": 357, "steps": 20048, "train": 7.584673441113895e-06, "val_mean": 0.002897643507166748, "val_worst": 0.005187554694265408, "lr": 0.00038950599234234193, "wall": 1725.4}
{"arm": "fno-l", "epoch": 358, "steps": 20104, "train": 7.505329824458163e-06, "val_mean": 0.0029441502471960553, "val_worst": 0.005221969547877307, "lr": 0.0003869952344306508, "wall": 1730.2}
{"arm": "fno-l", "epoch": 359, "steps": 20160, "train": 1.2726383346504383e-05, "val_mean": 0.0036836425041365138, "val_worst": 0.005866720830786386, "lr": 0.0003846089823684602, "wall": 1734.9}
{"arm": "fno-l", "epoch": 360, "steps": 20216, "train": 8.242988222061032e-06, "val_mean": 0.0030216973776993786, "val_worst": 0.0052346471335550995, "lr": 0.0003822118291142095, "wall": 1739.7}
{"arm": "fno-l", "epoch": 361, "steps": 20272, "train": 7.489633293318038e-06, "val_mean": 0.003060783666120749, "val_worst": 0.005259743621946547, "lr": 0.0003798313350407993, "wall": 1744.4}
{"arm": "fno-l", "epoch": 362, "steps": 20328, "train": 7.567030456569803e-06, "val_mean": 0.002922643210743636, "val_worst": 0.005145548806381697, "lr": 0.0003774393277981509, "wall": 1749.2}
{"arm": "fno-l", "epoch": 363, "steps": 20384, "train": 7.807782075750527e-06, "val_mean": 0.002879940337106651, "val_worst": 0.005202195245637864, "lr": 0.0003750507878395497, "wall": 1754.2}
{"arm": "fno-l", "epoch": 364, "steps": 20440, "train": 7.455697551031409e-06, "val_mean": 0.002970594706953318, "val_worst": 0.00516413332117136, "lr": 0.0003725657229759962, "wall": 1758.9}
{"arm": "fno-l", "epoch": 365, "steps": 20496, "train": 7.65760911392863e-06, "val_mean": 0.0031464354552956115, "val_worst": 0.005453184069979999, "lr": 0.00037018454326564543, "wall": 1763.7}
{"arm": "fno-l", "epoch": 366, "steps": 20552, "train": 8.180310316434642e-06, "val_mean": 0.0031954798432036365, "val_worst": 0.0055324156321154335, "lr": 0.0003678067392304514, "wall": 1768.5}
{"arm": "fno-l", "epoch": 367, "steps": 20608, "train": 9.494517739375458e-06, "val_mean": 0.005117389853887199, "val_worst": 0.006811311536990439, "lr": 0.00036543181027336364, "wall": 1773.2}
{"arm": "fno-l", "epoch": 368, "steps": 20664, "train": 1.4330966242274156e-05, "val_mean": 0.0038459937918037925, "val_worst": 0.005802170399537791, "lr": 0.0003630731719837918, "wall": 1778.0}
{"arm": "fno-l", "epoch": 369, "steps": 20720, "train": 2.3940808925742486e-05, "val_mean": 0.007239429073550142, "val_worst": 0.009217702524356709, "lr": 0.0003607050930740689, "wall": 1782.8}
{"arm": "fno-l", "epoch": 370, "steps": 20776, "train": 1.4081104740023618e-05, "val_mean": 0.003168826640192927, "val_worst": 0.005453783321441362, "lr": 0.0003583406614725385, "wall": 1787.5}
{"arm": "fno-l", "epoch": 371, "steps": 20832, "train": 7.778905596761116e-06, "val_mean": 0.0028540668114435206, "val_worst": 0.0050580924944315575, "lr": 0.00035599388800870946, "wall": 1792.5}
{"arm": "fno-l", "epoch": 372, "steps": 20888, "train": 7.193368234618109e-06, "val_mean": 0.0030079244224507193, "val_worst": 0.0053019730965042965, "lr": 0.0003535286455485396, "wall": 1797.3}
{"arm": "fno-l", "epoch": 373, "steps": 20944, "train": 7.4130023350680495e-06, "val_mean": 0.00329183287007206, "val_worst": 0.005310627293446343, "lr": 0.0003511751292090234, "wall": 1802.0}
{"arm": "fno-l", "epoch": 374, "steps": 21000, "train": 8.40007208775515e-06, "val_mean": 0.0028587659606007197, "val_worst": 0.005109320074531701, "lr": 0.00034882583706764223, "wall": 1806.8}
{"arm": "fno-l", "epoch": 375, "steps": 21056, "train": 6.973287542113413e-06, "val_mean": 0.0029072093390865826, "val_worst": 0.005217948526712753, "lr": 0.00034649297672492506, "wall": 1811.6}
{"arm": "fno-l", "epoch": 376, "steps": 21112, "train": 7.80525748479245e-06, "val_mean": 0.003383391840620022, "val_worst": 0.005192769414339284, "lr": 0.00034415121182189233, "wall": 1816.3}
{"arm": "fno-l", "epoch": 377, "steps": 21168, "train": 1.3193822483675209e-05, "val_mean": 0.0033395359968699453, "val_worst": 0.005527637872843198, "lr": 0.000341813685889914, "wall": 1821.1}
{"arm": "fno-l", "epoch": 378, "steps": 21224, "train": 1.0140544011337366e-05, "val_mean": 0.0031666817732044165, "val_worst": 0.005279582473751497, "lr": 0.000339493484623283, "wall": 1825.8}
{"arm": "fno-l", "epoch": 379, "steps": 21280, "train": 7.731669894599827e-06, "val_mean": 0.002995091991460988, "val_worst": 0.005205489232105125, "lr": 0.00033717660445517896, "wall": 1830.6}
{"arm": "fno-l", "epoch": 380, "steps": 21336, "train": 7.298653328282823e-06, "val_mean": 0.0029586478962925454, "val_worst": 0.005193876801720719, "lr": 0.0003348645641866392, "wall": 1835.3}
{"arm": "fno-l", "epoch": 381, "steps": 21392, "train": 6.952532342134943e-06, "val_mean": 0.002801297575747134, "val_worst": 0.005219573767684973, "lr": 0.00033255709347036565, "wall": 1840.3}
{"arm": "fno-l", "epoch": 382, "steps": 21448, "train": 7.07453689353721e-06, "val_mean": 0.002912851894330044, "val_worst": 0.005100086906672593, "lr": 0.000330139805368963, "wall": 1845.1}
{"arm": "fno-l", "epoch": 383, "steps": 21504, "train": 6.942258386210327e-06, "val_mean": 0.0029002516365061355, "val_worst": 0.005094533290175604, "lr": 0.00032782606308162714, "wall": 1849.8}
{"arm": "fno-l", "epoch": 384, "steps": 21560, "train": 7.659754690834391e-06, "val_mean": 0.003213275732141305, "val_worst": 0.005340998743242126, "lr": 0.0003255186445793724, "wall": 1854.6}
{"arm": "fno-l", "epoch": 385, "steps": 21616, "train": 7.99250951391808e-06, "val_mean": 0.0029352812055603297, "val_worst": 0.005051744310385656, "lr": 0.000323216525772586, "wall": 1859.4}
{"arm": "fno-l", "epoch": 386, "steps": 21672, "train": 7.553449310711379e-06, "val_mean": 0.002975691873364672, "val_worst": 0.005186143453076087, "lr": 0.0003209311728501368, "wall": 1864.1}
{"arm": "fno-l", "epoch": 387, "steps": 21728, "train": 7.543216818754741e-06, "val_mean": 0.0032015095961594876, "val_worst": 0.0052529381716904956, "lr": 0.0003186378560660447, "wall": 1868.9}
{"arm": "fno-l", "epoch": 388, "steps": 21784, "train": 7.4253253787754276e-06, "val_mean": 0.0027733780855937014, "val_worst": 0.005036631957460586, "lr": 0.0003163614914770121, "wall": 1873.9}
{"arm": "fno-l", "epoch": 389, "steps": 21840, "train": 7.782849131115303e-06, "val_mean": 0.0031845101247392925, "val_worst": 0.005404177862547082, "lr": 0.00031395092951153443, "wall": 1878.7}
{"arm": "fno-l", "epoch": 390, "steps": 21896, "train": 7.589666777728245e-06, "val_mean": 0.002902911999868264, "val_worst": 0.0052237289930649276, "lr": 0.00031166888444079347, "wall": 1883.5}
{"arm": "fno-l", "epoch": 391, "steps": 21952, "train": 7.278053793959292e-06, "val_mean": 0.0030974939304067193, "val_worst": 0.005114955005918144, "lr": 0.0003094054810441173, "wall": 1888.2}
{"arm": "fno-l", "epoch": 392, "steps": 22008, "train": 7.323011311079337e-06, "val_mean": 0.0028011020852806963, "val_worst": 0.004986695415484172, "lr": 0.0003071359867481315, "wall": 1893.0}
{"arm": "fno-l", "epoch": 393, "steps": 22064, "train": 7.269319041012159e-06, "val_mean": 0.0028062815297276176, "val_worst": 0.005109361913076544, "lr": 0.0003048713796865885, "wall": 1897.7}
{"arm": "fno-l", "epoch": 394, "steps": 22120, "train": 7.3571848153192155e-06, "val_mean": 0.003298819792775838, "val_worst": 0.005368832732087182, "lr": 0.00030262271047060466, "wall": 1902.5}
{"arm": "fno-l", "epoch": 395, "steps": 22176, "train": 1.4684484465925156e-05, "val_mean": 0.004921860785530748, "val_worst": 0.006385252327926091, "lr": 0.0003003675868136014, "wall": 1907.3}
{"arm": "fno-l", "epoch": 396, "steps": 22232, "train": 9.35112650863622e-06, "val_mean": 0.003288402137288553, "val_worst": 0.00559835804686066, "lr": 0.0002981265213194271, "wall": 1912.0}
{"arm": "fno-l", "epoch": 397, "steps": 22288, "train": 8.362174440100447e-06, "val_mean": 0.003116591799862078, "val_worst": 0.005221222591531774, "lr": 0.000295881687756284, "wall": 1916.8}
{"arm": "fno-l", "epoch": 398, "steps": 22344, "train": 1.8765041089515946e-05, "val_mean": 0.003973314094949606, "val_worst": 0.006112016265754912, "lr": 0.0002936419819886872, "wall": 1921.6}
{"arm": "fno-l", "epoch": 399, "steps": 22400, "train": 8.439025608241998e-06, "val_mean": 0.002858184932165615, "val_worst": 0.005051527390883322, "lr": 0.00029140791380606845, "wall": 1926.3}
{"arm": "fno-l", "epoch": 400, "steps": 22456, "train": 6.7888513194359175e-06, "val_mean": 0.0028048414312119977, "val_worst": 0.005056501485587812, "lr": 0.00028917450462730924, "wall": 1931.1}
{"arm": "fno-l", "epoch": 401, "steps": 22512, "train": 6.5380026400025065e-06, "val_mean": 0.002844748249329494, "val_worst": 0.0050591702878575034, "lr": 0.00028695153242260527, "wall": 1935.9}
{"arm": "fno-l", "epoch": 402, "steps": 22568, "train": 6.534538244091547e-06, "val_mean": 0.002769828615793432, "val_worst": 0.0050972498066340485, "lr": 0.0002847444943598206, "wall": 1940.9}
{"arm": "fno-l", "epoch": 403, "steps": 22624, "train": 7.121135524147251e-06, "val_mean": 0.0028751796633186178, "val_worst": 0.0050398607204227225, "lr": 0.0002824126406133236, "wall": 1945.7}
{"arm": "fno-l", "epoch": 404, "steps": 22680, "train": 6.698249527818726e-06, "val_mean": 0.0027893152589584637, "val_worst": 0.0049710174454472445, "lr": 0.00028020605750899645, "wall": 1950.4}
{"arm": "fno-l", "epoch": 405, "steps": 22736, "train": 6.673061342774084e-06, "val_mean": 0.0030563831123891594, "val_worst": 0.005052653383712313, "lr": 0.0002780176229644399, "wall": 1955.2}
{"arm": "fno-l", "epoch": 406, "steps": 22792, "train": 7.134832364612444e-06, "val_mean": 0.0029259968205571293, "val_worst": 0.005011564415599589, "lr": 0.00027582279243225854, "wall": 1960.0}
{"arm": "fno-l", "epoch": 407, "steps": 22848, "train": 6.5397584130972905e-06, "val_mean": 0.0027894975286712, "val_worst": 0.005028332585770272, "lr": 0.00027364518147580204, "wall": 1964.7}
{"arm": "fno-l", "epoch": 408, "steps": 22904, "train": 6.597727992847478e-06, "val_mean": 0.0028660169140351877, "val_worst": 0.004983407682264385, "lr": 0.0002714738376798505, "wall": 1969.4}
{"arm": "fno-l", "epoch": 409, "steps": 22960, "train": 6.8960762119624295e-06, "val_mean": 0.0027259764674974953, "val_worst": 0.004968243276490237, "lr": 0.000269295685025037, "wall": 1974.5}
{"arm": "fno-l", "epoch": 410, "steps": 23016, "train": 6.590325067935947e-06, "val_mean": 0.0029765268521956914, "val_worst": 0.005115333340619333, "lr": 0.00026699945187589664, "wall": 1979.3}
{"arm": "fno-l", "epoch": 411, "steps": 23072, "train": 7.248940297416781e-06, "val_mean": 0.0028233938346618457, "val_worst": 0.004968490933927428, "lr": 0.0002648446729576444, "wall": 1984.0}
{"arm": "fno-l", "epoch": 412, "steps": 23128, "train": 6.999045575694041e-06, "val_mean": 0.0031544498840390817, "val_worst": 0.005193580364037161, "lr": 0.00026268490676270833, "wall": 1988.8}
{"arm": "fno-l", "epoch": 413, "steps": 23184, "train": 7.775139751568346e-06, "val_mean": 0.00293186524684032, "val_worst": 0.005202005908588781, "lr": 0.00026053035451330166, "wall": 1993.6}
{"arm": "fno-l", "epoch": 414, "steps": 23240, "train": 6.839637445623284e-06, "val_mean": 0.0028485884686783374, "val_worst": 0.0049904039020912195, "lr": 0.0002583913697457777, "wall": 1998.3}
{"arm": "fno-l", "epoch": 415, "steps": 23296, "train": 6.63664881289902e-06, "val_mean": 0.002834970849691661, "val_worst": 0.004980990492983062, "lr": 0.00025626077507598323, "wall": 2003.1}
{"arm": "fno-l", "epoch": 416, "steps": 23352, "train": 6.6418617872459905e-06, "val_mean": 0.0027480002330212173, "val_worst": 0.005006618020336504, "lr": 0.00025412506666619287, "wall": 2007.8}
{"arm": "fno-l", "epoch": 417, "steps": 23408, "train": 7.351978369389252e-06, "val_mean": 0.003170931347755537, "val_worst": 0.005108160321313358, "lr": 0.0002520080928645483, "wall": 2012.6}
{"arm": "fno-l", "epoch": 418, "steps": 23464, "train": 8.085840285461036e-06, "val_mean": 0.0028138516312405876, "val_worst": 0.0048847915526337065, "lr": 0.0002498965125561473, "wall": 2017.3}
{"arm": "fno-l", "epoch": 419, "steps": 23520, "train": 6.7864068765936235e-06, "val_mean": 0.002789021865328472, "val_worst": 0.004967822435368424, "lr": 0.0002477792243448286, "wall": 2022.1}
{"arm": "fno-l", "epoch": 420, "steps": 23576, "train": 7.434199574194018e-06, "val_mean": 0.0028185020140736386, "val_worst": 0.004902129364258049, "lr": 0.0002456802931889545, "wall": 2026.8}
{"arm": "fno-l", "epoch": 421, "steps": 23632, "train": 6.59575818015571e-06, "val_mean": 0.002774306859843264, "val_worst": 0.004899556859892148, "lr": 0.00024358820747191344, "wall": 2031.6}
{"arm": "fno-l", "epoch": 422, "steps": 23688, "train": 6.909864410627299e-06, "val_mean": 0.002895369484381684, "val_worst": 0.004960711736115817, "lr": 0.00024150324169802694, "wall": 2036.3}
{"arm": "fno-l", "epoch": 423, "steps": 23744, "train": 7.075262472563747e-06, "val_mean": 0.0028574891213167353, "val_worst": 0.004966224759498352, "lr": 0.00023942440250368383, "wall": 2041.1}
{"arm": "fno-l", "epoch": 424, "steps": 23800, "train": 6.505501155761084e-06, "val_mean": 0.00276882545104774, "val_worst": 0.004853656576724824, "lr": 0.00023734012417616932, "wall": 2045.8}
{"arm": "fno-l", "epoch": 425, "steps": 23856, "train": 6.634960062835531e-06, "val_mean": 0.003058285199092789, "val_worst": 0.005118959849987727, "lr": 0.0002352747363812374, "wall": 2050.6}
{"arm": "fno-l", "epoch": 426, "steps": 23912, "train": 6.881767354867681e-06, "val_mean": 0.002766457779829124, "val_worst": 0.004915376512214398, "lr": 0.00023320466152156383, "wall": 2055.4}
{"arm": "fno-l", "epoch": 427, "steps": 23968, "train": 7.68940554425255e-06, "val_mean": 0.002891085748432927, "val_worst": 0.004996537174832871, "lr": 0.0002311512738737626, "wall": 2060.1}
{"arm": "fno-l", "epoch": 428, "steps": 24024, "train": 6.6065647052846596e-06, "val_mean": 0.002701317140371055, "val_worst": 0.004868681513860808, "lr": 0.0002290944271928162, "wall": 2065.1}
{"arm": "fno-l", "epoch": 429, "steps": 24080, "train": 6.601840626888632e-06, "val_mean": 0.00282772069386799, "val_worst": 0.005012728137859578, "lr": 0.0002269465966198888, "wall": 2069.9}
{"arm": "fno-l", "epoch": 430, "steps": 24136, "train": 6.3752678341781935e-06, "val_mean": 0.002757302119479596, "val_worst": 0.004962252430377748, "lr": 0.00022491472529227282, "wall": 2074.6}
{"arm": "fno-l", "epoch": 431, "steps": 24192, "train": 6.290449270481052e-06, "val_mean": 0.0027206439168609695, "val_worst": 0.004889958844353913, "lr": 0.00022287896624214256, "wall": 2079.4}
{"arm": "fno-l", "epoch": 432, "steps": 24248, "train": 6.487890932058089e-06, "val_mean": 0.002845794908748706, "val_worst": 0.004992543001879682, "lr": 0.00022086105189203384, "wall": 2084.1}
{"arm": "fno-l", "epoch": 433, "steps": 24304, "train": 6.393061753508834e-06, "val_mean": 0.002687592000429537, "val_worst": 0.004915985470461195, "lr": 0.00021885042076530797, "wall": 2089.2}
{"arm": "fno-l", "epoch": 434, "steps": 24360, "train": 6.637694679550614e-06, "val_mean": 0.0027707294663250675, "val_worst": 0.00489335691411367, "lr": 0.00021672065566368507, "wall": 2093.9}
{"arm": "fno-l", "epoch": 435, "steps": 24416, "train": 7.385161497751919e-06, "val_mean": 0.00305983191852191, "val_worst": 0.0051117995702461986, "lr": 0.0002147250043800968, "wall": 2098.7}
{"arm": "fno-l", "epoch": 436, "steps": 24472, "train": 6.765987159772049e-06, "val_mean": 0.002676862775225112, "val_worst": 0.004845442320920816, "lr": 0.0002127336479602437, "wall": 2103.7}
{"arm": "fno-l", "epoch": 437, "steps": 24528, "train": 6.417595828576629e-06, "val_mean": 0.0027454794922720962, "val_worst": 0.0048919360166406745, "lr": 0.0002106393233246786, "wall": 2108.4}
{"arm": "fno-l", "epoch": 438, "steps": 24584, "train": 6.929381862404914e-06, "val_mean": 0.0026599124384720186, "val_worst": 0.004867970269961645, "lr": 0.00020864596956548362, "wall": 2113.5}
{"arm": "fno-l", "epoch": 439, "steps": 24640, "train": 6.497932985842929e-06, "val_mean": 0.00294640885934203, "val_worst": 0.004981302077474423, "lr": 0.00020656623237192667, "wall": 2118.3}
{"arm": "fno-l", "epoch": 440, "steps": 24696, "train": 6.329997341530043e-06, "val_mean": 0.0026841546158379824, "val_worst": 0.004803975913671476, "lr": 0.00020460764620629725, "wall": 2123.0}
{"arm": "fno-l", "epoch": 441, "steps": 24752, "train": 6.2137077433236514e-06, "val_mean": 0.0026675913141952882, "val_worst": 0.004853447860410991, "lr": 0.00020265610467619724, "wall": 2127.7}
{"arm": "fno-l", "epoch": 442, "steps": 24808, "train": 6.07221205276656e-06, "val_mean": 0.0026852333701777318, "val_worst": 0.004885627113135383, "lr": 0.00020071178754057478, "wall": 2132.5}
{"arm": "fno-l", "epoch": 443, "steps": 24864, "train": 6.818176327732032e-06, "val_mean": 0.0028737101559567326, "val_worst": 0.004853147757692172, "lr": 0.00019877543021527334, "wall": 2137.2}
{"arm": "fno-l", "epoch": 444, "steps": 24920, "train": 6.574792811394147e-06, "val_mean": 0.0027835119381451967, "val_worst": 0.00488765661940063, "lr": 0.00019684640695121356, "wall": 2142.0}
{"arm": "fno-l", "epoch": 445, "steps": 24976, "train": 7.312102219273832e-06, "val_mean": 0.002723189399472326, "val_worst": 0.004808074108588715, "lr": 0.00019492554873338038, "wall": 2146.7}
{"arm": "fno-l", "epoch": 446, "steps": 25032, "train": 6.230935437049959e-06, "val_mean": 0.0026222501140910205, "val_worst": 0.004816465430612603, "lr": 0.00019300112731820477, "wall": 2151.8}
{"arm": "fno-l", "epoch": 447, "steps": 25088, "train": 6.434098959507966e-06, "val_mean": 0.002750021167650038, "val_worst": 0.004860004562444059, "lr": 0.00019097674688088595, "wall": 2156.5}
{"arm": "fno-l", "epoch": 448, "steps": 25144, "train": 6.175366342207158e-06, "val_mean": 0.0026560183369225077, "val_worst": 0.004818246576283509, "lr": 0.00018907863518950773, "wall": 2161.3}
{"arm": "fno-l", "epoch": 449, "steps": 25200, "train": 6.1477221168420064e-06, "val_mean": 0.002670602181965385, "val_worst": 0.004829570503423164, "lr": 0.0001871893364146528, "wall": 2166.0}
{"arm": "fno-l", "epoch": 450, "steps": 25256, "train": 6.038803690732734e-06, "val_mean": 0.0026690594805143177, "val_worst": 0.004803195630849164, "lr": 0.00018530703626950986, "wall": 2170.8}
{"arm": "fno-l", "epoch": 451, "steps": 25312, "train": 6.339024857665066e-06, "val_mean": 0.002866345294970164, "val_worst": 0.004941477637394888, "lr": 0.00018342260120088978, "wall": 2175.5}
{"arm": "fno-l", "epoch": 452, "steps": 25368, "train": 6.137270811991748e-06, "val_mean": 0.002649028951412592, "val_worst": 0.004808563917882072, "lr": 0.00018155638712868459, "wall": 2180.3}
{"arm": "fno-l", "epoch": 453, "steps": 25424, "train": 6.383890537912312e-06, "val_mean": 0.0028179656933789636, "val_worst": 0.004811979398150265, "lr": 0.00017968855786811887, "wall": 2185.1}
{"arm": "fno-l", "epoch": 454, "steps": 25480, "train": 6.098257020247688e-06, "val_mean": 0.002666747918555254, "val_worst": 0.004764523783400283, "lr": 0.00017783840181911895, "wall": 2189.8}
{"arm": "fno-l", "epoch": 455, "steps": 25536, "train": 6.53929416611434e-06, "val_mean": 0.0026992731359011864, "val_worst": 0.004750255532463444, "lr": 0.00017598592388394946, "wall": 2194.6}
{"arm": "fno-l", "epoch": 456, "steps": 25592, "train": 6.022250744605499e-06, "val_mean": 0.002658038730600651, "val_worst": 0.0048484554972565265, "lr": 0.0001741517806292804, "wall": 2199.3}
{"arm": "fno-l", "epoch": 457, "steps": 25648, "train": 6.489630949060685e-06, "val_mean": 0.0028762426656781196, "val_worst": 0.005078992897803226, "lr": 0.0001723260407490229, "wall": 2204.1}
{"arm": "fno-l", "epoch": 458, "steps": 25704, "train": 7.699563768252468e-06, "val_mean": 0.002800555854410536, "val_worst": 0.0048675904785627075, "lr": 0.0001705083736226474, "wall": 2208.8}
{"arm": "fno-l", "epoch": 459, "steps": 25760, "train": 6.080003438953649e-06, "val_mean": 0.0026785532232868423, "val_worst": 0.004806916340066403, "lr": 0.00016869877462518315, "wall": 2213.6}
{"arm": "fno-l", "epoch": 460, "steps": 25816, "train": 5.900390557913209e-06, "val_mean": 0.0026040595752493977, "val_worst": 0.0047216874843145715, "lr": 0.00016688763160419814, "wall": 2218.6}
{"arm": "fno-l", "epoch": 461, "steps": 25872, "train": 5.867295918440201e-06, "val_mean": 0.002785798853445316, "val_worst": 0.004811486742207643, "lr": 0.00016499828574923368, "wall": 2223.3}
{"arm": "fno-l", "epoch": 462, "steps": 25928, "train": 6.291243646658878e-06, "val_mean": 0.0027225240102352498, "val_worst": 0.004734321417244067, "lr": 0.00016320131121139256, "wall": 2228.1}
{"arm": "fno-l", "epoch": 463, "steps": 25984, "train": 6.08734503049542e-06, "val_mean": 0.00286724330609187, "val_worst": 0.004743775648199423, "lr": 0.00016142627845921342, "wall": 2232.9}
{"arm": "fno-l", "epoch": 464, "steps": 26040, "train": 6.820308499597939e-06, "val_mean": 0.0026464868660777893, "val_worst": 0.0048091305412809385, "lr": 0.00015965638702981474, "wall": 2237.6}
{"arm": "fno-l", "epoch": 465, "steps": 26096, "train": 6.152667939767485e-06, "val_mean": 0.002655042380735571, "val_worst": 0.004794942706443608, "lr": 0.0001578981807193094, "wall": 2242.4}
{"arm": "fno-l", "epoch": 466, "steps": 26152, "train": 5.873826943673687e-06, "val_mean": 0.0026352190119245007, "val_worst": 0.004783042552034057, "lr": 0.00015614823595581502, "wall": 2247.1}
{"arm": "fno-l", "epoch": 467, "steps": 26208, "train": 5.877518415992268e-06, "val_mean": 0.0027835381744101347, "val_worst": 0.00489292834017996, "lr": 0.00015440728778683228, "wall": 2251.9}
{"arm": "fno-l", "epoch": 468, "steps": 26264, "train": 5.881469343261663e-06, "val_mean": 0.0028578738835708605, "val_worst": 0.0049146108988115155, "lr": 0.00015266457881251452, "wall": 2256.6}
{"arm": "fno-l", "epoch": 469, "steps": 26320, "train": 5.8217538437258025e-06, "val_mean": 0.0026813884932614385, "val_worst": 0.004834191765037798, "lr": 0.00015094040484040617, "wall": 2261.4}
{"arm": "fno-l", "epoch": 470, "steps": 26376, "train": 5.780259605545747e-06, "val_mean": 0.002607310409211561, "val_worst": 0.004728635521816424, "lr": 0.00014922543843660612, "wall": 2266.1}
{"arm": "fno-l", "epoch": 471, "steps": 26432, "train": 5.929583879872356e-06, "val_mean": 0.002579156054456004, "val_worst": 0.004749581035287289, "lr": 0.00014751874048632728, "wall": 2271.1}
{"arm": "fno-l", "epoch": 472, "steps": 26488, "train": 5.9221943406550496e-06, "val_mean": 0.0025696278146637355, "val_worst": 0.004729682208406202, "lr": 0.00014572671825963422, "wall": 2276.2}
{"arm": "fno-l", "epoch": 473, "steps": 26544, "train": 5.7738771852898475e-06, "val_mean": 0.002631311622218431, "val_worst": 0.004787752783125512, "lr": 0.00014394214701335614, "wall": 2280.9}
{"arm": "fno-l", "epoch": 474, "steps": 26600, "train": 5.832734542298072e-06, "val_mean": 0.0026585051304087895, "val_worst": 0.004752512270115504, "lr": 0.00014225025797701086, "wall": 2285.7}
{"arm": "fno-l", "epoch": 475, "steps": 26656, "train": 6.049327702828382e-06, "val_mean": 0.0026340610767838987, "val_worst": 0.004744936669265873, "lr": 0.00014057745185092735, "wall": 2290.5}
{"arm": "fno-l", "epoch": 476, "steps": 26712, "train": 5.838010388795914e-06, "val_mean": 0.002607640554248482, "val_worst": 0.004735784023871784, "lr": 0.00013891357293371076, "wall": 2295.2}
{"arm": "fno-l", "epoch": 477, "steps": 26768, "train": 5.656533928398763e-06, "val_mean": 0.0025899306019618483, "val_worst": 0.004721749569614772, "lr": 0.0001372518549162593, "wall": 2300.0}
{"arm": "fno-l", "epoch": 478, "steps": 26824, "train": 5.814134929099731e-06, "val_mean": 0.0025881389647286826, "val_worst": 0.004698051190860884, "lr": 0.00013560893396585028, "wall": 2304.7}
{"arm": "fno-l", "epoch": 479, "steps": 26880, "train": 5.757462574001617e-06, "val_mean": 0.0025834831548659804, "val_worst": 0.0047455913356581735, "lr": 0.00013397514590411232, "wall": 2309.5}
{"arm": "fno-l", "epoch": 480, "steps": 26936, "train": 5.91531851883563e-06, "val_mean": 0.002641149854781509, "val_worst": 0.004754222084930538, "lr": 0.00013234216379735784, "wall": 2314.2}
{"arm": "fno-l", "epoch": 481, "steps": 26992, "train": 5.7141325531854484e-06, "val_mean": 0.0025818818461383285, "val_worst": 0.004736247613406728, "lr": 0.0001307266856698375, "wall": 2319.0}
{"arm": "fno-l", "epoch": 482, "steps": 27048, "train": 5.697016900953812e-06, "val_mean": 0.0026095768380725664, "val_worst": 0.004747372895562778, "lr": 0.00012911200024475468, "wall": 2323.8}
{"arm": "fno-l", "epoch": 483, "steps": 27104, "train": 5.752437726242307e-06, "val_mean": 0.0026021662212257863, "val_worst": 0.004771632154809174, "lr": 0.00012751535010761757, "wall": 2328.5}
{"arm": "fno-l", "epoch": 484, "steps": 27160, "train": 5.664392878322319e-06, "val_mean": 0.0025701885602546354, "val_worst": 0.004665508793958159, "lr": 0.0001259188959736635, "wall": 2333.3}
{"arm": "fno-l", "epoch": 485, "steps": 27216, "train": 6.098203405503561e-06, "val_mean": 0.002990021274341023, "val_worst": 0.005338111695789605, "lr": 0.00012432801556569619, "wall": 2338.1}
{"arm": "fno-l", "epoch": 486, "steps": 27272, "train": 6.217604034699338e-06, "val_mean": 0.0025965806423453993, "val_worst": 0.004709167172470135, "lr": 0.00012275936434121012, "wall": 2342.8}
{"arm": "fno-l", "epoch": 487, "steps": 27328, "train": 5.7965303527686785e-06, "val_mean": 0.0025438523324686916, "val_worst": 0.004656559912121304, "lr": 0.00012119151091866024, "wall": 2347.9}
{"arm": "fno-l", "epoch": 488, "steps": 27384, "train": 5.526147055742383e-06, "val_mean": 0.002551141032351053, "val_worst": 0.0047020498711352774, "lr": 0.00011954762799517137, "wall": 2352.6}
{"arm": "fno-l", "epoch": 489, "steps": 27440, "train": 5.639398601358819e-06, "val_mean": 0.0026240678648043435, "val_worst": 0.004722660032227348, "lr": 0.00011799844580102709, "wall": 2357.4}
{"arm": "fno-l", "epoch": 490, "steps": 27496, "train": 5.831298631306354e-06, "val_mean": 0.0025404970158481883, "val_worst": 0.004631478767588471, "lr": 0.00011646911028672525, "wall": 2362.4}
{"arm": "fno-l", "epoch": 491, "steps": 27552, "train": 5.623313043338768e-06, "val_mean": 0.002604111966161519, "val_worst": 0.004759898466167893, "lr": 0.00011486527301929897, "wall": 2367.2}
{"arm": "fno-l", "epoch": 492, "steps": 27608, "train": 5.612632942404281e-06, "val_mean": 0.0026789070267799198, "val_worst": 0.004717758785061938, "lr": 0.00011335581490122609, "wall": 2371.9}
{"arm": "fno-l", "epoch": 493, "steps": 27664, "train": 5.595012858739472e-06, "val_mean": 0.00256328360723191, "val_worst": 0.004734401275805339, "lr": 0.0001118471966371744, "wall": 2376.7}
{"arm": "fno-l", "epoch": 494, "steps": 27720, "train": 5.586111690077066e-06, "val_mean": 0.0025273402327508666, "val_worst": 0.004675569863561803, "lr": 0.0001103468678105329, "wall": 2381.8}
{"arm": "fno-l", "epoch": 495, "steps": 27776, "train": 5.638325233707957e-06, "val_mean": 0.0025399358428476234, "val_worst": 0.00474044773358865, "lr": 0.00010878026755069967, "wall": 2386.5}
{"arm": "fno-l", "epoch": 496, "steps": 27832, "train": 5.649899917230309e-06, "val_mean": 0.0025425816899081813, "val_worst": 0.004637677392968573, "lr": 0.0001073018307452637, "wall": 2391.3}
{"arm": "fno-l", "epoch": 497, "steps": 27888, "train": 5.653939233962404e-06, "val_mean": 0.002551117815078816, "val_worst": 0.0046602874685221195, "lr": 0.00010584130946507721, "wall": 2396.0}
{"arm": "fno-l", "epoch": 498, "steps": 27944, "train": 5.5878497764955365e-06, "val_mean": 0.0025540777225623573, "val_worst": 0.004667633345918229, "lr": 0.00010438300860201475, "wall": 2400.8}
{"arm": "fno-l", "epoch": 499, "steps": 28000, "train": 5.609860041730161e-06, "val_mean": 0.0025931788481061134, "val_worst": 0.004698342183909751, "lr": 0.00010293413163093022, "wall": 2405.6}
{"arm": "fno-l", "epoch": 500, "steps": 28056, "train": 5.521317101728955e-06, "val_mean": 0.0025249127958356815, "val_worst": 0.004691033478551148, "lr": 0.00010150386125787769, "wall": 2410.6}
{"arm": "fno-l", "epoch": 501, "steps": 28112, "train": 5.433943482970671e-06, "val_mean": 0.002578081174529647, "val_worst": 0.004670610486349452, "lr": 9.999517656394132e-05, "wall": 2415.4}
{"arm": "fno-l", "epoch": 502, "steps": 28168, "train": 5.553323886095271e-06, "val_mean": 0.002523716282402351, "val_worst": 0.004683894389132842, "lr": 9.8577444085101e-05, "wall": 2420.4}
{"arm": "fno-l", "epoch": 503, "steps": 28224, "train": 5.468506836275654e-06, "val_mean": 0.002532294565163317, "val_worst": 0.004674365545927988, "lr": 9.710920601165437e-05, "wall": 2425.1}
{"arm": "fno-l", "epoch": 504, "steps": 28280, "train": 5.503501019903157e-06, "val_mean": 0.002566782694067039, "val_worst": 0.004692596465694147, "lr": 9.571809684916777e-05, "wall": 2429.9}
{"arm": "fno-l", "epoch": 505, "steps": 28336, "train": 5.454960772225157e-06, "val_mean": 0.002592241703818222, "val_worst": 0.004677507049483869, "lr": 9.432992069060473e-05, "wall": 2434.7}
{"arm": "fno-l", "epoch": 506, "steps": 28392, "train": 5.527676297173931e-06, "val_mean": 0.002557845293122519, "val_worst": 0.004656088946578118, "lr": 9.295838281345539e-05, "wall": 2439.4}
{"arm": "fno-l", "epoch": 507, "steps": 28448, "train": 5.461706969845085e-06, "val_mean": 0.002548626391516054, "val_worst": 0.004655342507086648, "lr": 9.159924449766483e-05, "wall": 2444.2}
{"arm": "fno-l", "epoch": 508, "steps": 28504, "train": 5.520190546146979e-06, "val_mean": 0.002526592835935469, "val_worst": 0.004684812591654706, "lr": 9.025056851639622e-05, "wall": 2448.9}
{"arm": "fno-l", "epoch": 509, "steps": 28560, "train": 5.514434425737994e-06, "val_mean": 0.0025383494484111776, "val_worst": 0.004690090008447684, "lr": 8.891223588371774e-05, "wall": 2453.7}
{"arm": "fno-l", "epoch": 510, "steps": 28616, "train": 5.49988209529108e-06, "val_mean": 0.0025149964757297362, "val_worst": 0.004636614400402287, "lr": 8.757616661603705e-05, "wall": 2458.8}
{"arm": "fno-l", "epoch": 511, "steps": 28672, "train": 5.4793804296871255e-06, "val_mean": 0.002541031102747166, "val_worst": 0.004692720099996654, "lr": 8.616762126709761e-05, "wall": 2463.5}
{"arm": "fno-l", "epoch": 512, "steps": 28728, "train": 5.397559448934894e-06, "val_mean": 0.002527712318738785, "val_worst": 0.004673711185872842, "lr": 8.485231020404063e-05, "wall": 2468.3}
{"arm": "fno-l", "epoch": 513, "steps": 28784, "train": 5.63801807647472e-06, "val_mean": 0.0025324434541744456, "val_worst": 0.004619724412811423, "lr": 8.354847198197695e-05, "wall": 2473.1}
{"arm": "fno-l", "epoch": 514, "steps": 28840, "train": 5.443211348000108e-06, "val_mean": 0.002511553184203278, "val_worst": 0.004641300245369956, "lr": 8.225521386078805e-05, "wall": 2478.1}
{"arm": "fno-l", "epoch": 515, "steps": 28896, "train": 5.466035012445738e-06, "val_mean": 0.002557301361085099, "val_worst": 0.00472514639562129, "lr": 8.091284577607321e-05, "wall": 2482.8}
{"arm": "fno-l", "epoch": 516, "steps": 28952, "train": 5.517218290880389e-06, "val_mean": 0.0025071295925436637, "val_worst": 0.004625496755037271, "lr": 7.964880809239575e-05, "wall": 2487.8}
{"arm": "fno-l", "epoch": 517, "steps": 29008, "train": 5.398599453469681e-06, "val_mean": 0.0025335892263120873, "val_worst": 0.00466395534919351, "lr": 7.832606746406203e-05, "wall": 2492.6}
{"arm": "fno-l", "epoch": 518, "steps": 29064, "train": 5.408813441616828e-06, "val_mean": 0.0025219813838993333, "val_worst": 0.004609983586544213, "lr": 7.707665936230756e-05, "wall": 2497.4}
{"arm": "fno-l", "epoch": 519, "steps": 29120, "train": 5.391465274902741e-06, "val_mean": 0.0025258861227070023, "val_worst": 0.004666982245074128, "lr": 7.584435455358266e-05, "wall": 2502.1}
{"arm": "fno-l", "epoch": 520, "steps": 29176, "train": 5.440757945617201e-06, "val_mean": 0.00250182146903498, "val_worst": 0.00458503679295498, "lr": 7.461667980163585e-05, "wall": 2507.2}
{"arm": "fno-l", "epoch": 521, "steps": 29232, "train": 5.384273168829748e-06, "val_mean": 0.0024957540407749305, "val_worst": 0.004660745056655608, "lr": 7.334086802291789e-05, "wall": 2512.2}
{"arm": "fno-l", "epoch": 522, "steps": 29288, "train": 5.3773475589801045e-06, "val_mean": 0.002498202498758418, "val_worst": 0.0046261887321124955, "lr": 7.207050190313747e-05, "wall": 2516.9}
{"arm": "fno-l", "epoch": 523, "steps": 29344, "train": 5.37913728289068e-06, "val_mean": 0.0025099194419288236, "val_worst": 0.004609264784655537, "lr": 7.08757334018943e-05, "wall": 2521.7}
{"arm": "fno-l", "epoch": 524, "steps": 29400, "train": 5.325634722255981e-06, "val_mean": 0.0024998148021296365, "val_worst": 0.00463456493218772, "lr": 6.969050904483233e-05, "wall": 2526.5}
{"arm": "fno-l", "epoch": 525, "steps": 29456, "train": 5.324174231248035e-06, "val_mean": 0.0025370115512030876, "val_worst": 0.004610696880556224, "lr": 6.851752879117553e-05, "wall": 2531.3}
{"arm": "fno-l", "epoch": 526, "steps": 29512, "train": 5.394055994869488e-06, "val_mean": 0.0025086842071868074, "val_worst": 0.0046195026786367875, "lr": 6.735591309388404e-05, "wall": 2536.0}
{"arm": "fno-l", "epoch": 527, "steps": 29568, "train": 5.337172528439987e-06, "val_mean": 0.0024988943357948127, "val_worst": 0.004637112163531309, "lr": 6.620490240145752e-05, "wall": 2540.8}
{"arm": "fno-l", "epoch": 528, "steps": 29624, "train": 5.37579078556658e-06, "val_mean": 0.002508374747528737, "val_worst": 0.00463496832916996, "lr": 6.506484542016065e-05, "wall": 2545.6}
{"arm": "fno-l", "epoch": 529, "steps": 29680, "train": 5.331476946311482e-06, "val_mean": 0.002537548191052042, "val_worst": 0.0046324213598903, "lr": 6.393567359042471e-05, "wall": 2550.4}
{"arm": "fno-l", "epoch": 530, "steps": 29736, "train": 5.281728806286548e-06, "val_mean": 0.002499386260125124, "val_worst": 0.0046016970239404235, "lr": 6.282355756722548e-05, "wall": 2555.1}
{"arm": "fno-l", "epoch": 531, "steps": 29792, "train": 5.296245580229933e-06, "val_mean": 0.002515181235277597, "val_worst": 0.004635894161872073, "lr": 6.171665182919757e-05, "wall": 2559.9}
{"arm": "fno-l", "epoch": 532, "steps": 29848, "train": 5.297131226234085e-06, "val_mean": 0.0024772983219886555, "val_worst": 0.004584930781891861, "lr": 6.062685287674442e-05, "wall": 2564.9}
{"arm": "fno-l", "epoch": 533, "steps": 29904, "train": 5.271056068527931e-06, "val_mean": 0.0025217034536269213, "val_worst": 0.004631624067515716, "lr": 5.947952675258321e-05, "wall": 2569.7}
{"arm": "fno-l", "epoch": 534, "steps": 29960, "train": 5.320103380172339e-06, "val_mean": 0.0024786024049920437, "val_worst": 0.004636175935194224, "lr": 5.840525923495662e-05, "wall": 2574.5}
{"arm": "fno-l", "epoch": 535, "steps": 30016, "train": 5.298236484909788e-06, "val_mean": 0.002472782723563418, "val_worst": 0.0046253776604572505, "lr": 5.7341874081998796e-05, "wall": 2579.5}
{"arm": "fno-l", "epoch": 536, "steps": 30072, "train": 5.272743330372913e-06, "val_mean": 0.002490979303678779, "val_worst": 0.0045992165082055616, "lr": 5.624272029279677e-05, "wall": 2584.2}
{"arm": "fno-l", "epoch": 537, "steps": 30128, "train": 5.246864139718697e-06, "val_mean": 0.002492186047636897, "val_worst": 0.0046263582196300005, "lr": 5.520226290920478e-05, "wall": 2589.0}
{"arm": "fno-l", "epoch": 538, "steps": 30184, "train": 5.255812404473585e-06, "val_mean": 0.002497176603241123, "val_worst": 0.004638116767222602, "lr": 5.417891912710119e-05, "wall": 2593.8}
{"arm": "fno-l", "epoch": 539, "steps": 30240, "train": 5.26744766146643e-06, "val_mean": 0.0024786168322942772, "val_worst": 0.004594048529459594, "lr": 5.3161003421101227e-05, "wall": 2598.6}
{"arm": "fno-l", "epoch": 540, "steps": 30296, "train": 5.226130346595515e-06, "val_mean": 0.0025077677286108047, "val_worst": 0.004552336981794969, "lr": 5.216023725839865e-05, "wall": 2603.3}
{"arm": "fno-l", "epoch": 541, "steps": 30352, "train": 5.2606522714755206e-06, "val_mean": 0.0024973686693861514, "val_worst": 0.004564282001614101, "lr": 5.1164695530849535e-05, "wall": 2608.1}
{"arm": "fno-l", "epoch": 542, "steps": 30408, "train": 5.271188646800172e-06, "val_mean": 0.0024962208256243974, "val_worst": 0.004641240879798551, "lr": 5.018055198688157e-05, "wall": 2612.9}
{"arm": "fno-l", "epoch": 543, "steps": 30464, "train": 5.250269239668806e-06, "val_mean": 0.002476966897021507, "val_worst": 0.004594654717723968, "lr": 4.9207963583776746e-05, "wall": 2617.7}
{"arm": "fno-l", "epoch": 544, "steps": 30520, "train": 5.231967402635691e-06, "val_mean": 0.0024892149728039754, "val_worst": 0.00456532384797829, "lr": 4.825219764157503e-05, "wall": 2622.4}
{"arm": "fno-l", "epoch": 545, "steps": 30576, "train": 5.22800404367385e-06, "val_mean": 0.002480386015310406, "val_worst": 0.004603454776554265, "lr": 4.730251020528587e-05, "wall": 2627.2}
{"arm": "fno-l", "epoch": 546, "steps": 30632, "train": 5.208957055457164e-06, "val_mean": 0.002474707764757199, "val_worst": 0.004589201339515274, "lr": 4.6363515483950145e-05, "wall": 2632.0}
{"arm": "fno-l", "epoch": 547, "steps": 30688, "train": 5.1853876293118075e-06, "val_mean": 0.0024930699975355647, "val_worst": 0.0046223127767008555, "lr": 4.544217615808583e-05, "wall": 2636.7}
{"arm": "fno-l", "epoch": 548, "steps": 30744, "train": 5.213223481062517e-06, "val_mean": 0.0024698628630555096, "val_worst": 0.004578258507389391, "lr": 4.4532232783266695e-05, "wall": 2641.8}
{"arm": "fno-l", "epoch": 549, "steps": 30800, "train": 5.190325137292098e-06, "val_mean": 0.0024603865836556227, "val_worst": 0.004588668506511448, "lr": 4.358519711784647e-05, "wall": 2646.8}
{"arm": "fno-l", "epoch": 550, "steps": 30856, "train": 5.179361259152442e-06, "val_mean": 0.002478615401069263, "val_worst": 0.004607288023493838, "lr": 4.264172858919372e-05, "wall": 2651.6}
{"arm": "fno-l", "epoch": 551, "steps": 30912, "train": 5.209271819600342e-06, "val_mean": 0.002476081033517325, "val_worst": 0.00457672401121196, "lr": 4.176724103980643e-05, "wall": 2656.3}
{"arm": "fno-l", "epoch": 552, "steps": 30968, "train": 5.194316058274682e-06, "val_mean": 0.0024694363125081697, "val_worst": 0.004587637788438116, "lr": 4.0899493931828614e-05, "wall": 2661.1}
{"arm": "fno-l", "epoch": 553, "steps": 31024, "train": 5.180352203304583e-06, "val_mean": 0.002464559407440746, "val_worst": 0.004574523753656169, "lr": 4.0043316736379674e-05, "wall": 2665.9}
{"arm": "fno-l", "epoch": 554, "steps": 31080, "train": 5.163448819753396e-06, "val_mean": 0.00245582444347998, "val_worst": 0.004581860629182268, "lr": 3.919843857838279e-05, "wall": 2671.0}
{"arm": "fno-l", "epoch": 555, "steps": 31136, "train": 5.166824609775728e-06, "val_mean": 0.002499637532645321, "val_worst": 0.004559454319218812, "lr": 3.8316551355715035e-05, "wall": 2675.7}
{"arm": "fno-l", "epoch": 556, "steps": 31192, "train": 5.1914417023132165e-06, "val_mean": 0.0024700593875884354, "val_worst": 0.00461789320726776, "lr": 3.749616138407492e-05, "wall": 2680.5}
{"arm": "fno-l", "epoch": 557, "steps": 31248, "train": 5.157395214976763e-06, "val_mean": 0.0024605994984077595, "val_worst": 0.0045905260569612085, "lr": 3.669178361174864e-05, "wall": 2685.3}
{"arm": "fno-l", "epoch": 558, "steps": 31304, "train": 5.1762565718445825e-06, "val_mean": 0.002455078700014943, "val_worst": 0.004561284615044523, "lr": 3.589926758172754e-05, "wall": 2690.3}
{"arm": "fno-l", "epoch": 559, "steps": 31360, "train": 5.152367033541038e-06, "val_mean": 0.002455028602544561, "val_worst": 0.004574901552816689, "lr": 3.5076967365169774e-05, "wall": 2695.3}
{"arm": "fno-l", "epoch": 560, "steps": 31416, "train": 5.153826169939076e-06, "val_mean": 0.0024740638195738405, "val_worst": 0.004583409644573426, "lr": 3.426727935657229e-05, "wall": 2700.0}
{"arm": "fno-l", "epoch": 561, "steps": 31472, "train": 5.1495693033060406e-06, "val_mean": 0.0024656701414793487, "val_worst": 0.0045860149835692254, "lr": 3.350663704906787e-05, "wall": 2704.8}
{"arm": "fno-l", "epoch": 562, "steps": 31528, "train": 5.144347045148342e-06, "val_mean": 0.002471860939509476, "val_worst": 0.004577967887469934, "lr": 3.276179087638057e-05, "wall": 2709.6}
{"arm": "fno-l", "epoch": 563, "steps": 31584, "train": 5.14490493736789e-06, "val_mean": 0.0024685303066676605, "val_worst": 0.004574108813438848, "lr": 3.202492292205293e-05, "wall": 2714.4}
{"arm": "fno-l", "epoch": 564, "steps": 31640, "train": 5.151623189139714e-06, "val_mean": 0.002444641898760924, "val_worst": 0.004568995346755591, "lr": 3.1299673982785306e-05, "wall": 2719.4}
{"arm": "fno-l", "epoch": 565, "steps": 31696, "train": 5.137895634057598e-06, "val_mean": 0.0024525733549917664, "val_worst": 0.0045842089960965735, "lr": 3.0549317178463156e-05, "wall": 2724.2}
{"arm": "fno-l", "epoch": 566, "steps": 31752, "train": 5.118960543318031e-06, "val_mean": 0.002450189076892894, "val_worst": 0.004562774439316969, "lr": 2.9848477533192293e-05, "wall": 2729.0}
{"arm": "fno-l", "epoch": 567, "steps": 31808, "train": 5.117001864295952e-06, "val_mean": 0.002440899547710344, "val_worst": 0.004575710269881745, "lr": 2.915965814265261e-05, "wall": 2734.0}
{"arm": "fno-l", "epoch": 568, "steps": 31864, "train": 5.110377433899109e-06, "val_mean": 0.002452953343805105, "val_worst": 0.004577137828186474, "lr": 2.845230889345616e-05, "wall": 2738.7}
{"arm": "fno-l", "epoch": 569, "steps": 31920, "train": 5.131664130291153e-06, "val_mean": 0.002462439409340332, "val_worst": 0.004591081262703329, "lr": 2.7787528034679644e-05, "wall": 2743.5}
{"arm": "fno-l", "epoch": 570, "steps": 31976, "train": 5.13583509922185e-06, "val_mean": 0.002460078706583899, "val_worst": 0.0045799877851407855, "lr": 2.713840185612357e-05, "wall": 2748.3}
{"arm": "fno-l", "epoch": 571, "steps": 32032, "train": 5.113250529338258e-06, "val_mean": 0.002474222862674686, "val_worst": 0.004567186058697029, "lr": 2.649785467251512e-05, "wall": 2753.1}
{"arm": "fno-l", "epoch": 572, "steps": 32088, "train": 5.121138244729373e-06, "val_mean": 0.0024453686623344077, "val_worst": 0.004574841347787774, "lr": 2.587267916626028e-05, "wall": 2757.8}
{"arm": "fno-l", "epoch": 573, "steps": 32144, "train": 5.104455920389388e-06, "val_mean": 0.0024580950347048358, "val_worst": 0.00459043214784838, "lr": 2.525606073100401e-05, "wall": 2762.6}
{"arm": "fno-l", "epoch": 574, "steps": 32200, "train": 5.105108133332626e-06, "val_mean": 0.0024400845295643753, "val_worst": 0.0045472031894788194, "lr": 2.465126405709388e-05, "wall": 2767.6}
{"arm": "fno-l", "epoch": 575, "steps": 32256, "train": 5.113576275768108e-06, "val_mean": 0.002437919389846043, "val_worst": 0.004548203225879854, "lr": 2.403059407784717e-05, "wall": 2772.8}
{"arm": "fno-l", "epoch": 576, "steps": 32312, "train": 5.097530871674417e-06, "val_mean": 0.0024400993215373088, "val_worst": 0.004556930861679177, "lr": 2.3409505343551387e-05, "wall": 2777.5}
{"arm": "fno-l", "epoch": 577, "steps": 32368, "train": 5.110502930215426e-06, "val_mean": 0.002441815421935117, "val_worst": 0.00456375774916003, "lr": 2.284323067066507e-05, "wall": 2782.3}
{"arm": "fno-l", "epoch": 578, "steps": 32424, "train": 5.092947966647292e-06, "val_mean": 0.0024404197114235586, "val_worst": 0.004558943819331157, "lr": 2.2289040805281398e-05, "wall": 2787.1}
{"arm": "fno-l", "epoch": 579, "steps": 32480, "train": 5.080908518264937e-06, "val_mean": 0.002442320245327083, "val_worst": 0.004587821009996386, "lr": 2.1747060343766815e-05, "wall": 2791.8}
{"arm": "fno-l", "epoch": 580, "steps": 32536, "train": 5.0735421838261985e-06, "val_mean": 0.0024443836784502704, "val_worst": 0.0045830783478362554, "lr": 2.1216878985018582e-05, "wall": 2796.6}
{"arm": "fno-l", "epoch": 581, "steps": 32592, "train": 5.090169089019639e-06, "val_mean": 0.0024407260370860277, "val_worst": 0.004545830481252316, "lr": 2.0698785963892785e-05, "wall": 2801.4}
{"arm": "fno-l", "epoch": 582, "steps": 32648, "train": 5.082030516120436e-06, "val_mean": 0.0024526709854315702, "val_worst": 0.004551086125802585, "lr": 2.019182773297553e-05, "wall": 2806.2}
{"arm": "fno-l", "epoch": 583, "steps": 32704, "train": 5.065535336607128e-06, "val_mean": 0.002450059513828867, "val_worst": 0.004551024529868471, "lr": 1.9700012054851818e-05, "wall": 2810.9}
{"arm": "fno-l", "epoch": 584, "steps": 32760, "train": 5.0715447312694024e-06, "val_mean": 0.002447135344006138, "val_worst": 0.0045628786052013415, "lr": 1.9216777204725965e-05, "wall": 2815.7}
{"arm": "fno-l", "epoch": 585, "steps": 32816, "train": 5.0764357483729815e-06, "val_mean": 0.0024553051025411176, "val_worst": 0.004546193054718117, "lr": 1.87467418186473e-05, "wall": 2820.5}
{"arm": "fno-l", "epoch": 586, "steps": 32872, "train": 5.06707833301648e-06, "val_mean": 0.0024419449935962987, "val_worst": 0.004575635967787085, "lr": 1.8288827598792894e-05, "wall": 2825.3}
{"arm": "fno-l", "epoch": 587, "steps": 32928, "train": 5.065881240130139e-06, "val_mean": 0.0024527356126248616, "val_worst": 0.004552652797180596, "lr": 1.784319418199971e-05, "wall": 2830.1}
{"arm": "fno-l", "epoch": 588, "steps": 32984, "train": 5.074955998597739e-06, "val_mean": 0.002449267673647648, "val_worst": 0.004575259568174191, "lr": 1.7409884925103934e-05, "wall": 2834.9}
{"arm": "fno-l", "epoch": 589, "steps": 33040, "train": 5.06246556144778e-06, "val_mean": 0.0024411510630333883, "val_worst": 0.004540591000477268, "lr": 1.6988626346858806e-05, "wall": 2839.6}
{"arm": "fno-l", "epoch": 590, "steps": 33096, "train": 5.0659049878856395e-06, "val_mean": 0.0024370503640343344, "val_worst": 0.004550635226432848, "lr": 1.657919828619465e-05, "wall": 2844.7}
{"arm": "fno-l", "epoch": 591, "steps": 33152, "train": 5.0612062733871315e-06, "val_mean": 0.0024325197527392253, "val_worst": 0.004543227456142083, "lr": 1.616440135280798e-05, "wall": 2849.7}
{"arm": "fno-l", "epoch": 592, "steps": 33208, "train": 5.0531651058081365e-06, "val_mean": 0.0024409021316994547, "val_worst": 0.0045565020846907115, "lr": 1.5763949074919746e-05, "wall": 2854.4}
{"arm": "fno-l", "epoch": 593, "steps": 33264, "train": 5.052872623044532e-06, "val_mean": 0.002435248707849717, "val_worst": 0.004561393194290909, "lr": 1.5393023880145935e-05, "wall": 2859.2}
{"arm": "fno-l", "epoch": 594, "steps": 33320, "train": 5.046729680499963e-06, "val_mean": 0.002439117542380017, "val_worst": 0.004562849101670013, "lr": 1.5034321976477092e-05, "wall": 2864.0}
{"arm": "fno-l", "epoch": 595, "steps": 33376, "train": 5.0584208862557644e-06, "val_mean": 0.002437777545271699, "val_worst": 0.004573798805555834, "lr": 1.468966957716711e-05, "wall": 2868.7}
{"arm": "fno-l", "epoch": 596, "steps": 33432, "train": 5.038989468506631e-06, "val_mean": 0.0024333652674320447, "val_worst": 0.004535420185651171, "lr": 1.4355426090998263e-05, "wall": 2873.5}
{"arm": "fno-l", "epoch": 597, "steps": 33488, "train": 5.038341478554601e-06, "val_mean": 0.0024341679668657265, "val_worst": 0.004570033241059264, "lr": 1.4033333386077164e-05, "wall": 2878.3}
{"arm": "fno-l", "epoch": 598, "steps": 33544, "train": 5.040048511287807e-06, "val_mean": 0.0024398412607006753, "val_worst": 0.0045613692973927615, "lr": 1.372367873692508e-05, "wall": 2883.1}
{"arm": "fno-l", "epoch": 599, "steps": 33600, "train": 5.034603320470066e-06, "val_mean": 0.0024276907115320457, "val_worst": 0.004550856488531268, "lr": 1.3426239180805405e-05, "wall": 2888.1}
{"arm": "fno-l", "epoch": 600, "steps": 33656, "train": 5.044564229238117e-06, "val_mean": 0.0024316912071365624, "val_worst": 0.004547110230906365, "lr": 1.3127797110688214e-05, "wall": 2892.9}
{"arm": "fno-l", "epoch": 601, "steps": 33712, "train": 5.030498721606157e-06, "val_mean": 0.0024376274146776147, "val_worst": 0.004559916732438952, "lr": 1.2855403037103635e-05, "wall": 2897.7}
{"arm": "fno-l", "epoch": 602, "steps": 33768, "train": 5.036488574590003e-06, "val_mean": 0.0024329199931629472, "val_worst": 0.004552406077476024, "lr": 1.2597113463915196e-05, "wall": 2902.4}
{"arm": "fno-l", "epoch": 603, "steps": 33824, "train": 5.0325539805777496e-06, "val_mean": 0.0024359259534203806, "val_worst": 0.004558263513664884, "lr": 1.2349577026292789e-05, "wall": 2907.2}
{"arm": "fno-l", "epoch": 604, "steps": 33880, "train": 5.026729802244609e-06, "val_mean": 0.0024287363352342127, "val_worst": 0.0045578992653203315, "lr": 1.211449035438117e-05, "wall": 2912.0}
{"arm": "fno-l", "epoch": 605, "steps": 33936, "train": 5.021836661461032e-06, "val_mean": 0.0024319431449751888, "val_worst": 0.004548492660858839, "lr": 1.1891737582773572e-05, "wall": 2916.8}
{"arm": "fno-l", "epoch": 606, "steps": 33992, "train": 5.0297158908301416e-06, "val_mean": 0.002445622356406226, "val_worst": 0.004547428643759374, "lr": 1.1681309934755842e-05, "wall": 2921.6}
{"arm": "fno-l", "epoch": 607, "steps": 34048, "train": 5.02254861526868e-06, "val_mean": 0.0024344708989461096, "val_worst": 0.004548915626062174, "lr": 1.148443095938526e-05, "wall": 2926.3}
{"arm": "fno-l", "epoch": 608, "steps": 34104, "train": 5.020574229839544e-06, "val_mean": 0.0024329080354917407, "val_worst": 0.004554075727814158, "lr": 1.1298894347899914e-05, "wall": 2931.1}
{"arm": "fno-l", "epoch": 609, "steps": 34160, "train": 5.028410145442021e-06, "val_mean": 0.0024338252005212295, "val_worst": 0.004567984183645073, "lr": 1.112555962547927e-05, "wall": 2935.9}
{"arm": "fno-l", "epoch": 610, "steps": 34216, "train": 5.0282104732719964e-06, "val_mean": 0.002427850804863084, "val_worst": 0.004536211910503203, "lr": 1.0965575307070145e-05, "wall": 2940.6}
{"arm": "fno-l", "epoch": 611, "steps": 34272, "train": 5.027019695529968e-06, "val_mean": 0.0024302086917561156, "val_worst": 0.004522511218060533, "lr": 1.0817030880791922e-05, "wall": 2945.4}
{"arm": "fno-l", "epoch": 612, "steps": 34328, "train": 5.019429499085678e-06, "val_mean": 0.0024275848224285714, "val_worst": 0.004538838656189457, "lr": 1.0680793183565823e-05, "wall": 2950.5}
{"arm": "fno-l", "epoch": 613, "steps": 34384, "train": 5.019733036960121e-06, "val_mean": 0.0024378683357248604, "val_worst": 0.004530347879908039, "lr": 1.0551335936801425e-05, "wall": 2955.2}
{"arm": "fno-l", "epoch": 614, "steps": 34440, "train": 5.0218053448720575e-06, "val_mean": 0.0024336018015724695, "val_worst": 0.0045457917936249665, "lr": 1.0440678196025709e-05, "wall": 2960.0}
{"arm": "fno-l", "epoch": 615, "steps": 34496, "train": 5.016753802014835e-06, "val_mean": 0.0024252820041189087, "val_worst": 0.004559575252297332, "lr": 1.0342427922280174e-05, "wall": 2965.0}
{"arm": "fno-l", "epoch": 616, "steps": 34552, "train": 5.01827280175145e-06, "val_mean": 0.0024326167674695717, "val_worst": 0.004562308964852927, "lr": 1.0253039615726759e-05, "wall": 2969.8}
{"arm": "fno-l", "epoch": 617, "steps": 34608, "train": 5.019508183421974e-06, "val_mean": 0.002425242090225837, "val_worst": 0.004550108824467977, "lr": 1.018008475243792e-05, "wall": 2974.8}
{"arm": "fno-l", "epoch": 618, "steps": 34664, "train": 5.012274388082772e-06, "val_mean": 0.0024294054724220276, "val_worst": 0.0045497617597663, "lr": 1.0117064520579233e-05, "wall": 2979.5}
{"arm": "fno-l", "epoch": 619, "steps": 34720, "train": 5.016029671852271e-06, "val_mean": 0.002427106883671525, "val_worst": 0.004559970353354685, "lr": 1.0069412152365325e-05, "wall": 2984.3}
{"arm": "fno-l", "epoch": 620, "steps": 34776, "train": 5.01465058843123e-06, "val_mean": 0.002427272389706377, "val_worst": 0.004533695082249535, "lr": 1.0034060583204666e-05, "wall": 2989.1}
{"arm": "fno-l", "epoch": 621, "steps": 34832, "train": 5.01364650999089e-06, "val_mean": 0.002428266686116804, "val_worst": 0.0045211276988445775, "lr": 1.0011196816695369e-05, "wall": 2993.9}
{"arm": "fno-l", "epoch": 622, "steps": 34888, "train": 5.010845446105755e-06, "val_mean": 0.002434355883190893, "val_worst": 0.0045374659570793716, "lr": 1.000075317538569e-05, "wall": 2998.6}
{"arm": "fno-l", "epoch": 623, "steps": 34905, "train": 5.2038024804718775e-06, "val_mean": 0.0024283853954650174, "val_worst": 0.004544643778161635, "lr": 1.0000000927787428e-05, "wall": 3000.2}
TRAIN DONE {"arm": "fno-l", "mesh": 32, "stop_reason": "wall_budget", "epochs_completed": 624, "optimisation_steps": 34905, "best_epoch": 617} val_mean_case_max 0.002425242090225837 val_worst 0.004550108824467977
RUN_EXIT=0
