host=pax105 source_commit=302e2d8bc040cc223d1fff1cc11aebecdb97c9ae job=4232609 mesh=32 arm=fno-s
NVIDIA A100 80GB PCIe, GPU-662eb49d-1d4d-a693-a62c-7fbfef041e73, 81920 MiB
10.235.106.27:/projects/paralab  4.6T  4.3T  328G  93% /cluster/tufts/paralab
jax_backend=gpu
generated 64/512 (4s)
generated 128/512 (7s)
generated 192/512 (9s)
generated 256/512 (11s)
generated 320/512 (14s)
generated 384/512 (16s)
generated 448/512 (18s)
generated 512/512 (21s)
torch_backend=cuda NVIDIA A100 80GB PCIe
{"arm": "fno-s", "mesh": 32, "micro_batch": 8, "real_parameter_count": 4653159}
{"arm": "fno-s", "epoch": 0, "steps": 56, "train": 0.46705673962979716, "val_mean": 0.274642946248824, "val_worst": 0.33428635694067294, "lr": 0.000999995562667975, "wall": 4.5}
{"arm": "fno-s", "epoch": 1, "steps": 112, "train": 0.029046959831709608, "val_mean": 0.16257257808796552, "val_worst": 0.2236341732243341, "lr": 0.0009999804528577003, "wall": 8.9}
{"arm": "fno-s", "epoch": 2, "steps": 168, "train": 0.014479916296178206, "val_mean": 0.12932894066436368, "val_worst": 0.18036964597769478, "lr": 0.000999955483123766, "wall": 13.2}
{"arm": "fno-s", "epoch": 3, "steps": 224, "train": 0.00881268921527654, "val_mean": 0.1002260701628467, "val_worst": 0.14823767565870977, "lr": 0.000999920205458316, "wall": 17.5}
{"arm": "fno-s", "epoch": 4, "steps": 280, "train": 0.00513811573308559, "val_mean": 0.0775755485641102, "val_worst": 0.11990871611754507, "lr": 0.0009998751495946664, "wall": 21.8}
{"arm": "fno-s", "epoch": 5, "steps": 336, "train": 0.0032342188928571208, "val_mean": 0.06414258996437601, "val_worst": 0.0997190332247153, "lr": 0.000999819926590536, "wall": 26.2}
{"arm": "fno-s", "epoch": 6, "steps": 392, "train": 0.00227330079133527, "val_mean": 0.05515628884084134, "val_worst": 0.08599719839643705, "lr": 0.0009997541143793457, "wall": 30.5}
{"arm": "fno-s", "epoch": 7, "steps": 448, "train": 0.0017433813857078205, "val_mean": 0.0486843148767923, "val_worst": 0.07715721218952974, "lr": 0.0009996776946931288, "wall": 34.8}
{"arm": "fno-s", "epoch": 8, "steps": 504, "train": 0.0014030234059179956, "val_mean": 0.04416006755911668, "val_worst": 0.07373505858025675, "lr": 0.000999591717969591, "wall": 39.1}
{"arm": "fno-s", "epoch": 9, "steps": 560, "train": 0.0011805148860373807, "val_mean": 0.04024376736542447, "val_worst": 0.0645418421749017, "lr": 0.0009994958740389573, "wall": 43.5}
{"arm": "fno-s", "epoch": 10, "steps": 616, "train": 0.0009958544269380357, "val_mean": 0.03690786269526285, "val_worst": 0.06025623046943589, "lr": 0.0009993900873049683, "wall": 47.8}
{"arm": "fno-s", "epoch": 11, "steps": 672, "train": 0.0008645919315056109, "val_mean": 0.03447998685497152, "val_worst": 0.05699646362874947, "lr": 0.000999274028779257, "wall": 52.1}
{"arm": "fno-s", "epoch": 12, "steps": 728, "train": 0.0007602650549045029, "val_mean": 0.03212116854765181, "val_worst": 0.05398210967599545, "lr": 0.0009991479070161438, "wall": 56.4}
{"arm": "fno-s", "epoch": 13, "steps": 784, "train": 0.0006838551243413197, "val_mean": 0.030361642400565225, "val_worst": 0.05051528479332232, "lr": 0.0009990111388936587, "wall": 60.7}
{"arm": "fno-s", "epoch": 14, "steps": 840, "train": 0.0006119642446204726, "val_mean": 0.02877029865992741, "val_worst": 0.049881481454799495, "lr": 0.0009988645124728262, "wall": 65.1}
{"arm": "fno-s", "epoch": 15, "steps": 896, "train": 0.0005523953759968389, "val_mean": 0.027434962971242597, "val_worst": 0.04552422766499476, "lr": 0.0009987081630998893, "wall": 69.4}
{"arm": "fno-s", "epoch": 16, "steps": 952, "train": 0.0005055257775912266, "val_mean": 0.025936778003225504, "val_worst": 0.04404204595248409, "lr": 0.0009985411650519787, "wall": 73.7}
{"arm": "fno-s", "epoch": 17, "steps": 1008, "train": 0.0004649360181845345, "val_mean": 0.025263095412475366, "val_worst": 0.042721043363616366, "lr": 0.0009983645939012956, "wall": 78.0}
{"arm": "fno-s", "epoch": 18, "steps": 1064, "train": 0.0004315943770099824, "val_mean": 0.024021953992283268, "val_worst": 0.04113155083058186, "lr": 0.000998177594948072, "wall": 82.4}
{"arm": "fno-s", "epoch": 19, "steps": 1120, "train": 0.00039248644590294, "val_mean": 0.022773557198053435, "val_worst": 0.03842446540767445, "lr": 0.0009979792792924591, "wall": 86.7}
{"arm": "fno-s", "epoch": 20, "steps": 1176, "train": 0.00036936007326513756, "val_mean": 0.022246616400813695, "val_worst": 0.03773230804550178, "lr": 0.0009977724828081718, "wall": 91.0}
{"arm": "fno-s", "epoch": 21, "steps": 1232, "train": 0.0003452527835615359, "val_mean": 0.02141930548540857, "val_worst": 0.036126114304060215, "lr": 0.0009975556438747604, "wall": 95.3}
{"arm": "fno-s", "epoch": 22, "steps": 1288, "train": 0.0003228033535313165, "val_mean": 0.02044772058305903, "val_worst": 0.03511963052708626, "lr": 0.0009973291352442476, "wall": 99.6}
{"arm": "fno-s", "epoch": 23, "steps": 1344, "train": 0.00030471450952373216, "val_mean": 0.020878779150254035, "val_worst": 0.0366670166783583, "lr": 0.0009970915595258758, "wall": 103.9}
{"arm": "fno-s", "epoch": 24, "steps": 1400, "train": 0.0002875997552700931, "val_mean": 0.0193153093286811, "val_worst": 0.03368768017028087, "lr": 0.0009968493073152182, "wall": 108.2}
{"arm": "fno-s", "epoch": 25, "steps": 1456, "train": 0.00027065114333261786, "val_mean": 0.018679223644755966, "val_worst": 0.032355780488905375, "lr": 0.0009965922037006886, "wall": 112.5}
{"arm": "fno-s", "epoch": 26, "steps": 1512, "train": 0.00025102933520275303, "val_mean": 0.018011204774034402, "val_worst": 0.031109441936999084, "lr": 0.0009963257406572466, "wall": 116.8}
{"arm": "fno-s", "epoch": 27, "steps": 1568, "train": 0.00023744244507629408, "val_mean": 0.017762345956454123, "val_worst": 0.03152606350552372, "lr": 0.0009960491399925088, "wall": 121.2}
{"arm": "fno-s", "epoch": 28, "steps": 1624, "train": 0.0002298840912374615, "val_mean": 0.01716228386133433, "val_worst": 0.029860510281959678, "lr": 0.0009957574483876613, "wall": 125.5}
{"arm": "fno-s", "epoch": 29, "steps": 1680, "train": 0.00021598197660669823, "val_mean": 0.0168229077185907, "val_worst": 0.02914444420256099, "lr": 0.0009954603791547355, "wall": 129.8}
{"arm": "fno-s", "epoch": 30, "steps": 1736, "train": 0.0002092121949839702, "val_mean": 0.016389914140390066, "val_worst": 0.02816588486347496, "lr": 0.0009951522325511617, "wall": 134.1}
{"arm": "fno-s", "epoch": 31, "steps": 1792, "train": 0.00019834313327167407, "val_mean": 0.0160077554536621, "val_worst": 0.02772245164928601, "lr": 0.0009948335120305422, "wall": 138.5}
{"arm": "fno-s", "epoch": 32, "steps": 1848, "train": 0.00019014874209094082, "val_mean": 0.015740274271787376, "val_worst": 0.026474563930939488, "lr": 0.0009945058569177396, "wall": 142.8}
{"arm": "fno-s", "epoch": 33, "steps": 1904, "train": 0.00018359011623470147, "val_mean": 0.015237780204981781, "val_worst": 0.02682286326242585, "lr": 0.0009941648253205372, "wall": 147.1}
{"arm": "fno-s", "epoch": 34, "steps": 1960, "train": 0.00017427647554265564, "val_mean": 0.015238391645896483, "val_worst": 0.02598974279232104, "lr": 0.0009938176491534748, "wall": 151.4}
{"arm": "fno-s", "epoch": 35, "steps": 2016, "train": 0.0001724734701743763, "val_mean": 0.014869011429134587, "val_worst": 0.02522738445670047, "lr": 0.0009934672780607652, "wall": 155.7}
{"arm": "fno-s", "epoch": 36, "steps": 2072, "train": 0.00016653067111032928, "val_mean": 0.0145367472168576, "val_worst": 0.02431536882202258, "lr": 0.0009931006313596065, "wall": 160.0}
{"arm": "fno-s", "epoch": 37, "steps": 2128, "train": 0.00015920953346648241, "val_mean": 0.014116016234916321, "val_worst": 0.024153832691530555, "lr": 0.0009927197663310624, "wall": 164.3}
{"arm": "fno-s", "epoch": 38, "steps": 2184, "train": 0.00015218154934766784, "val_mean": 0.013793055366198103, "val_worst": 0.023545692323989998, "lr": 0.0009923330313626876, "wall": 168.6}
{"arm": "fno-s", "epoch": 39, "steps": 2240, "train": 0.00014521553085114516, "val_mean": 0.013453352028803808, "val_worst": 0.023347487578113984, "lr": 0.0009919366547012972, "wall": 173.0}
{"arm": "fno-s", "epoch": 40, "steps": 2296, "train": 0.00014816949888976362, "val_mean": 0.013431785541042386, "val_worst": 0.022979958512262852, "lr": 0.000991529941209947, "wall": 177.3}
{"arm": "fno-s", "epoch": 41, "steps": 2352, "train": 0.00013557866498934315, "val_mean": 0.013159023038040897, "val_worst": 0.02230400494651, "lr": 0.0009911133192109754, "wall": 181.6}
{"arm": "fno-s", "epoch": 42, "steps": 2408, "train": 0.00013780565432437716, "val_mean": 0.013138613066642648, "val_worst": 0.02211389114869807, "lr": 0.0009906869398605544, "wall": 185.9}
{"arm": "fno-s", "epoch": 43, "steps": 2464, "train": 0.00014187529856972964, "val_mean": 0.013721269477484336, "val_worst": 0.021966973937615188, "lr": 0.0009902505363068778, "wall": 190.1}
{"arm": "fno-s", "epoch": 44, "steps": 2520, "train": 0.00012669326373300079, "val_mean": 0.01263854961836019, "val_worst": 0.021099163897705407, "lr": 0.0009898125237296107, "wall": 194.5}
{"arm": "fno-s", "epoch": 45, "steps": 2576, "train": 0.00012491862204338424, "val_mean": 0.012082081240659473, "val_worst": 0.020939949077332265, "lr": 0.0009893543981405108, "wall": 198.8}
{"arm": "fno-s", "epoch": 46, "steps": 2632, "train": 0.0001189636897006422, "val_mean": 0.01261715100611098, "val_worst": 0.020289675437447294, "lr": 0.0009888877461967018, "wall": 203.0}
{"arm": "fno-s", "epoch": 47, "steps": 2688, "train": 0.00011860493277036478, "val_mean": 0.011801392413497286, "val_worst": 0.02006802974853351, "lr": 0.0009884208966340826, "wall": 207.3}
{"arm": "fno-s", "epoch": 48, "steps": 2744, "train": 0.00010865352677455919, "val_mean": 0.011785099661894456, "val_worst": 0.020123327883341917, "lr": 0.0009879353852173217, "wall": 211.6}
{"arm": "fno-s", "epoch": 49, "steps": 2800, "train": 0.0001167662096598514, "val_mean": 0.012379926946176418, "val_worst": 0.020482569914612878, "lr": 0.0009874390901225734, "wall": 215.9}
{"arm": "fno-s", "epoch": 50, "steps": 2856, "train": 0.00011189934779914046, "val_mean": 0.013528701133835724, "val_worst": 0.020525655946643538, "lr": 0.0009869435242531434, "wall": 220.1}
{"arm": "fno-s", "epoch": 51, "steps": 2912, "train": 0.00011228882430478119, "val_mean": 0.011960252930288752, "val_worst": 0.019635142976015235, "lr": 0.0009864385499537766, "wall": 224.3}
{"arm": "fno-s", "epoch": 52, "steps": 2968, "train": 0.00013668609994016775, "val_mean": 0.01356675021345112, "val_worst": 0.019894025347644312, "lr": 0.0009859241211311518, "wall": 228.6}
{"arm": "fno-s", "epoch": 53, "steps": 3024, "train": 0.00012496725599222186, "val_mean": 0.011037825768356224, "val_worst": 0.01883095119715296, "lr": 0.0009854003466291449, "wall": 232.9}
{"arm": "fno-s", "epoch": 54, "steps": 3080, "train": 0.00010842246361142773, "val_mean": 0.01097663543692581, "val_worst": 0.018811987269874274, "lr": 0.000984855787494847, "wall": 237.2}
{"arm": "fno-s", "epoch": 55, "steps": 3136, "train": 0.00010473113554689029, "val_mean": 0.01092109851471652, "val_worst": 0.01806769679046978, "lr": 0.000984300780954957, "wall": 241.6}
{"arm": "fno-s", "epoch": 56, "steps": 3192, "train": 9.348562900444691e-05, "val_mean": 0.010551506498945009, "val_worst": 0.01823448882539447, "lr": 0.000983730464407067, "wall": 245.9}
{"arm": "fno-s", "epoch": 57, "steps": 3248, "train": 8.753528767392748e-05, "val_mean": 0.010966395514235392, "val_worst": 0.017428095516315602, "lr": 0.0009831539960589173, "wall": 250.1}
{"arm": "fno-s", "epoch": 58, "steps": 3304, "train": 9.113372065877872e-05, "val_mean": 0.011358201777427922, "val_worst": 0.01810165979707245, "lr": 0.0009825822309646763, "wall": 254.4}
{"arm": "fno-s", "epoch": 59, "steps": 3360, "train": 9.998534909182146e-05, "val_mean": 0.011498007082594495, "val_worst": 0.018281244660698973, "lr": 0.0009820012885464983, "wall": 258.6}
{"arm": "fno-s", "epoch": 60, "steps": 3416, "train": 8.490631522324555e-05, "val_mean": 0.010081114326835606, "val_worst": 0.01673449130687673, "lr": 0.0009814100566476684, "wall": 262.9}
{"arm": "fno-s", "epoch": 61, "steps": 3472, "train": 8.219398068036304e-05, "val_mean": 0.010397817477447297, "val_worst": 0.017408296070547224, "lr": 0.000980798665029049, "wall": 267.1}
{"arm": "fno-s", "epoch": 62, "steps": 3528, "train": 8.39797797108447e-05, "val_mean": 0.010373968599472563, "val_worst": 0.01681038939250357, "lr": 0.0009801893349313385, "wall": 271.4}
{"arm": "fno-s", "epoch": 63, "steps": 3584, "train": 8.939901821894808e-05, "val_mean": 0.011336568614208162, "val_worst": 0.016861945111398845, "lr": 0.0009795705186382087, "wall": 275.6}
{"arm": "fno-s", "epoch": 64, "steps": 3640, "train": 9.197510008591785e-05, "val_mean": 0.009835131906353684, "val_worst": 0.01607150061330103, "lr": 0.0009789425270889506, "wall": 279.9}
{"arm": "fno-s", "epoch": 65, "steps": 3696, "train": 8.369562474368444e-05, "val_mean": 0.009732097815465229, "val_worst": 0.01629213019870489, "lr": 0.0009782915314915418, "wall": 284.2}
{"arm": "fno-s", "epoch": 66, "steps": 3752, "train": 7.386356085880552e-05, "val_mean": 0.010479535489165739, "val_worst": 0.01643885499498917, "lr": 0.0009776318643994419, "wall": 288.5}
{"arm": "fno-s", "epoch": 67, "steps": 3808, "train": 7.806589527392473e-05, "val_mean": 0.01027531790106899, "val_worst": 0.016455606821725276, "lr": 0.0009769753060859185, "wall": 292.7}
{"arm": "fno-s", "epoch": 68, "steps": 3864, "train": 8.498681111736326e-05, "val_mean": 0.011231995740848051, "val_worst": 0.016068477268138443, "lr": 0.0009763096945562213, "wall": 296.9}
{"arm": "fno-s", "epoch": 69, "steps": 3920, "train": 9.239367763921087e-05, "val_mean": 0.012006475174635555, "val_worst": 0.018049666535337308, "lr": 0.0009756348953170183, "wall": 301.1}
{"arm": "fno-s", "epoch": 70, "steps": 3976, "train": 9.60864995301699e-05, "val_mean": 0.009549628542976881, "val_worst": 0.015797180979260857, "lr": 0.0009749509575250401, "wall": 305.5}
{"arm": "fno-s", "epoch": 71, "steps": 4032, "train": 7.506920644967696e-05, "val_mean": 0.009181348187238413, "val_worst": 0.0151372296191114, "lr": 0.0009742445657342238, "wall": 309.8}
{"arm": "fno-s", "epoch": 72, "steps": 4088, "train": 7.320401646387154e-05, "val_mean": 0.009140307894602342, "val_worst": 0.015581572027457437, "lr": 0.0009735245829606081, "wall": 314.1}
{"arm": "fno-s", "epoch": 73, "steps": 4144, "train": 6.796003770814006e-05, "val_mean": 0.008928527635706916, "val_worst": 0.01525013735814379, "lr": 0.0009727969595738225, "wall": 318.5}
{"arm": "fno-s", "epoch": 74, "steps": 4200, "train": 8.451007571112779e-05, "val_mean": 0.009402287595769443, "val_worst": 0.015402311386401758, "lr": 0.0009720468649563303, "wall": 322.7}
{"arm": "fno-s", "epoch": 75, "steps": 4256, "train": 8.510598878989047e-05, "val_mean": 0.009004030711944357, "val_worst": 0.014747388832095218, "lr": 0.000971315544379149, "wall": 327.0}
{"arm": "fno-s", "epoch": 76, "steps": 4312, "train": 7.686687470719091e-05, "val_mean": 0.00941456921103299, "val_worst": 0.01493750992355426, "lr": 0.0009705754551988351, "wall": 331.2}
{"arm": "fno-s", "epoch": 77, "steps": 4368, "train": 9.147885688652171e-05, "val_mean": 0.009963315530453341, "val_worst": 0.016211317656909974, "lr": 0.0009698259308561658, "wall": 335.4}
{"arm": "fno-s", "epoch": 78, "steps": 4424, "train": 6.249237940166465e-05, "val_mean": 0.008608637041123784, "val_worst": 0.01475101860680017, "lr": 0.000969067247003228, "wall": 339.8}
{"arm": "fno-s", "epoch": 79, "steps": 4480, "train": 6.627390254387765e-05, "val_mean": 0.010052049324887125, "val_worst": 0.015603043883792007, "lr": 0.0009682819278180293, "wall": 344.0}
{"arm": "fno-s", "epoch": 80, "steps": 4536, "train": 7.982580641985911e-05, "val_mean": 0.010133568440817128, "val_worst": 0.016054902695489263, "lr": 0.0009675033457549232, "wall": 348.2}
{"arm": "fno-s", "epoch": 81, "steps": 4592, "train": 6.697175214050468e-05, "val_mean": 0.008826708827133697, "val_worst": 0.014304422306053909, "lr": 0.0009667155508876255, "wall": 352.5}
{"arm": "fno-s", "epoch": 82, "steps": 4648, "train": 6.192560068666564e-05, "val_mean": 0.008507195543371749, "val_worst": 0.014239588059224845, "lr": 0.0009659199524046206, "wall": 356.8}
{"arm": "fno-s", "epoch": 83, "steps": 4704, "train": 6.518540993154159e-05, "val_mean": 0.008669914567600221, "val_worst": 0.014272746565980576, "lr": 0.0009651002980824894, "wall": 361.0}
{"arm": "fno-s", "epoch": 84, "steps": 4760, "train": 5.970878483019359e-05, "val_mean": 0.009991425427503179, "val_worst": 0.01468219369989874, "lr": 0.000964286121286324, "wall": 365.2}
{"arm": "fno-s", "epoch": 85, "steps": 4816, "train": 7.389320229754978e-05, "val_mean": 0.01076521117598056, "val_worst": 0.015630957833576438, "lr": 0.0009634632142876601, "wall": 369.5}
{"arm": "fno-s", "epoch": 86, "steps": 4872, "train": 6.512945595176646e-05, "val_mean": 0.010451728269550941, "val_worst": 0.015520282579468385, "lr": 0.0009626313960669274, "wall": 373.7}
{"arm": "fno-s", "epoch": 87, "steps": 4928, "train": 6.773285070460377e-05, "val_mean": 0.009113752816883107, "val_worst": 0.015816443744614606, "lr": 0.0009617894952979107, "wall": 378.0}
{"arm": "fno-s", "epoch": 88, "steps": 4984, "train": 6.724120861021213e-05, "val_mean": 0.008094625079765376, "val_worst": 0.013458162488240642, "lr": 0.0009609394771308202, "wall": 382.3}
{"arm": "fno-s", "epoch": 89, "steps": 5040, "train": 5.53545516427871e-05, "val_mean": 0.008011304752518746, "val_worst": 0.013559155591303346, "lr": 0.0009600582801848733, "wall": 386.6}
{"arm": "fno-s", "epoch": 90, "steps": 5096, "train": 5.862657470555556e-05, "val_mean": 0.008265389411555342, "val_worst": 0.013733975579475791, "lr": 0.0009591737067984088, "wall": 390.8}
{"arm": "fno-s", "epoch": 91, "steps": 5152, "train": 7.430713657691943e-05, "val_mean": 0.008454451921775798, "val_worst": 0.013287351436207134, "lr": 0.0009582963316706009, "wall": 395.1}
{"arm": "fno-s", "epoch": 92, "steps": 5208, "train": 8.158490467174753e-05, "val_mean": 0.013860774830146326, "val_worst": 0.018080687505660234, "lr": 0.0009574097652645776, "wall": 399.3}
{"arm": "fno-s", "epoch": 93, "steps": 5264, "train": 6.94116492383201e-05, "val_mean": 0.007789974302264212, "val_worst": 0.013142051157397293, "lr": 0.0009565142433898381, "wall": 403.6}
{"arm": "fno-s", "epoch": 94, "steps": 5320, "train": 5.5656569128810076e-05, "val_mean": 0.007646880092145246, "val_worst": 0.013201100006944107, "lr": 0.0009555894167723394, "wall": 408.0}
{"arm": "fno-s", "epoch": 95, "steps": 5376, "train": 6.602393247846394e-05, "val_mean": 0.0077948248246258066, "val_worst": 0.01318497881444858, "lr": 0.0009546557613769104, "wall": 412.2}
{"arm": "fno-s", "epoch": 96, "steps": 5432, "train": 4.8952127413599706e-05, "val_mean": 0.007599536532566488, "val_worst": 0.012456815074816375, "lr": 0.0009537337819327207, "wall": 416.5}
{"arm": "fno-s", "epoch": 97, "steps": 5488, "train": 6.788758924256581e-05, "val_mean": 0.008390452618334175, "val_worst": 0.013341899203106746, "lr": 0.0009527841002226911, "wall": 420.8}
{"arm": "fno-s", "epoch": 98, "steps": 5544, "train": 6.530224447338573e-05, "val_mean": 0.007691518014797019, "val_worst": 0.012855321863902444, "lr": 0.000951844059114429, "wall": 425.0}
{"arm": "fno-s", "epoch": 99, "steps": 5600, "train": 5.384522283522567e-05, "val_mean": 0.010754419364811878, "val_worst": 0.014669865102969836, "lr": 0.0009508954356978449, "wall": 429.2}
{"arm": "fno-s", "epoch": 100, "steps": 5656, "train": 7.745735951719248e-05, "val_mean": 0.008018580713262283, "val_worst": 0.013113383325521784, "lr": 0.0009499375726028787, "wall": 433.5}
{"arm": "fno-s", "epoch": 101, "steps": 5712, "train": 5.082796108646669e-05, "val_mean": 0.00902911913397459, "val_worst": 0.014393048143393811, "lr": 0.0009489688271876566, "wall": 437.7}
{"arm": "fno-s", "epoch": 102, "steps": 5768, "train": 5.316925972590666e-05, "val_mean": 0.009760752381935836, "val_worst": 0.0146961238169907, "lr": 0.0009479935484170485, "wall": 441.9}
{"arm": "fno-s", "epoch": 103, "steps": 5824, "train": 5.186201767215622e-05, "val_mean": 0.007674982901363369, "val_worst": 0.012379739547512697, "lr": 0.0009470087287573361, "wall": 446.2}
{"arm": "fno-s", "epoch": 104, "steps": 5880, "train": 4.921807388956504e-05, "val_mean": 0.008755576914941552, "val_worst": 0.014753212165639396, "lr": 0.0009460164572982997, "wall": 450.4}
{"arm": "fno-s", "epoch": 105, "steps": 5936, "train": 6.202820928760138e-05, "val_mean": 0.007878920452410825, "val_worst": 0.012788268187839938, "lr": 0.000945015516839429, "wall": 454.7}
{"arm": "fno-s", "epoch": 106, "steps": 5992, "train": 4.56819536898638e-05, "val_mean": 0.007372410739195201, "val_worst": 0.012573888088968655, "lr": 0.0009440056044726422, "wall": 459.0}
{"arm": "fno-s", "epoch": 107, "steps": 6048, "train": 5.4428080063763516e-05, "val_mean": 0.008052255657599545, "val_worst": 0.012860314884373435, "lr": 0.0009429615754331413, "wall": 463.2}
{"arm": "fno-s", "epoch": 108, "steps": 6104, "train": 4.7564201293319904e-05, "val_mean": 0.009357522898793949, "val_worst": 0.013003291015895747, "lr": 0.0009419338733778862, "wall": 467.5}
{"arm": "fno-s", "epoch": 109, "steps": 6160, "train": 4.979494997662784e-05, "val_mean": 0.006962291224392942, "val_worst": 0.011813246219822137, "lr": 0.0009408977551938278, "wall": 471.8}
{"arm": "fno-s", "epoch": 110, "steps": 6216, "train": 4.295270500783062e-05, "val_mean": 0.007339562858621924, "val_worst": 0.012115758724400169, "lr": 0.00093983537935359, "wall": 476.0}
{"arm": "fno-s", "epoch": 111, "steps": 6272, "train": 8.079162849272196e-05, "val_mean": 0.018860790468567007, "val_worst": 0.025561781770132547, "lr": 0.0009387764697593123, "wall": 480.3}
{"arm": "fno-s", "epoch": 112, "steps": 6328, "train": 6.820043632506225e-05, "val_mean": 0.007582802131643982, "val_worst": 0.012201067105131148, "lr": 0.0009377149214399875, "wall": 484.5}
{"arm": "fno-s", "epoch": 113, "steps": 6384, "train": 4.2553541196375696e-05, "val_mean": 0.006946991052539425, "val_worst": 0.012070083171629628, "lr": 0.0009366449546841816, "wall": 488.8}
{"arm": "fno-s", "epoch": 114, "steps": 6440, "train": 4.283410154833388e-05, "val_mean": 0.007105149932659012, "val_worst": 0.011397258606636944, "lr": 0.0009355431485902374, "wall": 493.1}
{"arm": "fno-s", "epoch": 115, "steps": 6496, "train": 7.775622926747819e-05, "val_mean": 0.008791908048586596, "val_worst": 0.014041602670291723, "lr": 0.000934456774271774, "wall": 497.3}
{"arm": "fno-s", "epoch": 116, "steps": 6552, "train": 5.9116407911755075e-05, "val_mean": 0.008244965551628602, "val_worst": 0.011809049495276372, "lr": 0.0009333619059174112, "wall": 501.5}
{"arm": "fno-s", "epoch": 117, "steps": 6608, "train": 4.293130567636286e-05, "val_mean": 0.007307778784881071, "val_worst": 0.011619438819974803, "lr": 0.0009322588015896129, "wall": 505.7}
{"arm": "fno-s", "epoch": 118, "steps": 6664, "train": 3.966897862056434e-05, "val_mean": 0.0072492427667458365, "val_worst": 0.011768797141143764, "lr": 0.0009311469644824528, "wall": 510.0}
{"arm": "fno-s", "epoch": 119, "steps": 6720, "train": 5.142152852812299e-05, "val_mean": 0.007681440244064341, "val_worst": 0.011968019302620684, "lr": 0.0009300257095449223, "wall": 514.2}
{"arm": "fno-s", "epoch": 120, "steps": 6776, "train": 5.499223455254263e-05, "val_mean": 0.008191307605796049, "val_worst": 0.012675940600638742, "lr": 0.0009288975987175943, "wall": 518.4}
{"arm": "fno-s", "epoch": 121, "steps": 6832, "train": 5.1373570931162486e-05, "val_mean": 0.007119923382846955, "val_worst": 0.012576793277055546, "lr": 0.0009277608732774065, "wall": 522.7}
{"arm": "fno-s", "epoch": 122, "steps": 6888, "train": 4.030493266897917e-05, "val_mean": 0.007000350376711775, "val_worst": 0.011681843318035495, "lr": 0.0009266161338948012, "wall": 526.9}
{"arm": "fno-s", "epoch": 123, "steps": 6944, "train": 3.812635251561671e-05, "val_mean": 0.006477340533574332, "val_worst": 0.011017561662140065, "lr": 0.0009254631240982415, "wall": 531.3}
{"arm": "fno-s", "epoch": 124, "steps": 7000, "train": 3.9288393098822035e-05, "val_mean": 0.009605589546797536, "val_worst": 0.013095522291913842, "lr": 0.0009242668442236125, "wall": 535.5}
{"arm": "fno-s", "epoch": 125, "steps": 7056, "train": 4.166872124042038e-05, "val_mean": 0.007017504686873184, "val_worst": 0.011425470397322904, "lr": 0.000923096549802815, "wall": 539.7}
{"arm": "fno-s", "epoch": 126, "steps": 7112, "train": 3.686732105025798e-05, "val_mean": 0.006675809956159297, "val_worst": 0.010985495930314811, "lr": 0.0009219182095452043, "wall": 544.0}
{"arm": "fno-s", "epoch": 127, "steps": 7168, "train": 4.5695611205049085e-05, "val_mean": 0.015561345758471554, "val_worst": 0.018339249741505827, "lr": 0.0009207315311771118, "wall": 548.2}
{"arm": "fno-s", "epoch": 128, "steps": 7224, "train": 6.803829969954108e-05, "val_mean": 0.009066543869641494, "val_worst": 0.012312658470974186, "lr": 0.0009195370946223116, "wall": 552.4}
{"arm": "fno-s", "epoch": 129, "steps": 7280, "train": 5.144162196653926e-05, "val_mean": 0.00702946713598185, "val_worst": 0.011514003241249208, "lr": 0.0009183344234821892, "wall": 556.7}
{"arm": "fno-s", "epoch": 130, "steps": 7336, "train": 3.990609060808862e-05, "val_mean": 0.006478335379069607, "val_worst": 0.011169913988449647, "lr": 0.00091712101900277, "wall": 560.9}
{"arm": "fno-s", "epoch": 131, "steps": 7392, "train": 0.00014584468471252632, "val_mean": 0.009717197327107248, "val_worst": 0.014817139326804141, "lr": 0.0009159019671776517, "wall": 565.1}
{"arm": "fno-s", "epoch": 132, "steps": 7448, "train": 4.363495638367973e-05, "val_mean": 0.007005803678847325, "val_worst": 0.011377816870416271, "lr": 0.0009146748087885469, "wall": 569.4}
{"arm": "fno-s", "epoch": 133, "steps": 7504, "train": 3.6247252723460574e-05, "val_mean": 0.006611500734279047, "val_worst": 0.01056687457226553, "lr": 0.000913439863160334, "wall": 573.6}
{"arm": "fno-s", "epoch": 134, "steps": 7560, "train": 3.560384798129969e-05, "val_mean": 0.006275920567871754, "val_worst": 0.010459874334911707, "lr": 0.0009121968391646761, "wall": 577.9}
{"arm": "fno-s", "epoch": 135, "steps": 7616, "train": 3.052535370991765e-05, "val_mean": 0.006295804034157455, "val_worst": 0.010516788607847815, "lr": 0.000910920188703876, "wall": 582.1}
{"arm": "fno-s", "epoch": 136, "steps": 7672, "train": 3.1978429064359296e-05, "val_mean": 0.006813059976873772, "val_worst": 0.011390431664750858, "lr": 0.0009096607224573593, "wall": 586.4}
{"arm": "fno-s", "epoch": 137, "steps": 7728, "train": 3.1442878781722767e-05, "val_mean": 0.006279848616135831, "val_worst": 0.010438502524434247, "lr": 0.000908393594729131, "wall": 590.6}
{"arm": "fno-s", "epoch": 138, "steps": 7784, "train": 3.500162459226562e-05, "val_mean": 0.006183629620968518, "val_worst": 0.010383146724679358, "lr": 0.0009071185985932188, "wall": 594.9}
{"arm": "fno-s", "epoch": 139, "steps": 7840, "train": 3.380843955786535e-05, "val_mean": 0.005987217343683494, "val_worst": 0.010348585098753261, "lr": 0.0009058076512556898, "wall": 599.2}
{"arm": "fno-s", "epoch": 140, "steps": 7896, "train": 3.0349657442918418e-05, "val_mean": 0.006180786564294589, "val_worst": 0.010396803846323096, "lr": 0.00090449009531692, "wall": 603.5}
{"arm": "fno-s", "epoch": 141, "steps": 7952, "train": 3.12777613599705e-05, "val_mean": 0.006371335207832833, "val_worst": 0.010829959804016494, "lr": 0.0009031909420740813, "wall": 607.7}
{"arm": "fno-s", "epoch": 142, "steps": 8008, "train": 3.238849357310707e-05, "val_mean": 0.006532747831889684, "val_worst": 0.010503226892801882, "lr": 0.0009018841273765472, "wall": 611.9}
{"arm": "fno-s", "epoch": 143, "steps": 8064, "train": 3.3951776317580384e-05, "val_mean": 0.006199536114154871, "val_worst": 0.010404778233074272, "lr": 0.0009005692184694435, "wall": 616.2}
{"arm": "fno-s", "epoch": 144, "steps": 8120, "train": 6.62128465124126e-05, "val_mean": 0.013414037521802175, "val_worst": 0.016743056242751173, "lr": 0.0008992469682531297, "wall": 620.4}
{"arm": "fno-s", "epoch": 145, "steps": 8176, "train": 0.00010078627123212817, "val_mean": 0.007115065183183805, "val_worst": 0.010854288786001908, "lr": 0.0008979169341502053, "wall": 624.6}
{"arm": "fno-s", "epoch": 146, "steps": 8232, "train": 3.290682002771959e-05, "val_mean": 0.006186033816856157, "val_worst": 0.01036218609016021, "lr": 0.0008965793918993111, "wall": 628.9}
{"arm": "fno-s", "epoch": 147, "steps": 8288, "train": 2.823582455287374e-05, "val_mean": 0.0058566662117467815, "val_worst": 0.010221979446054734, "lr": 0.0008952337159289347, "wall": 633.2}
{"arm": "fno-s", "epoch": 148, "steps": 8344, "train": 2.9369759218522377e-05, "val_mean": 0.005944923619097554, "val_worst": 0.01011281030551103, "lr": 0.0008938556337204066, "wall": 637.4}
{"arm": "fno-s", "epoch": 149, "steps": 8400, "train": 2.8237770487805282e-05, "val_mean": 0.005876765106710043, "val_worst": 0.010205135714598019, "lr": 0.0008924939632813857, "wall": 641.6}
{"arm": "fno-s", "epoch": 150, "steps": 8456, "train": 3.0236929119467124e-05, "val_mean": 0.007118376857311853, "val_worst": 0.011011127283566648, "lr": 0.000891125196419542, "wall": 645.9}
{"arm": "fno-s", "epoch": 151, "steps": 8512, "train": 3.333536108226167e-05, "val_mean": 0.006983371543636434, "val_worst": 0.010874646614185994, "lr": 0.0008897490219728474, "wall": 650.1}
{"arm": "fno-s", "epoch": 152, "steps": 8568, "train": 3.2879731676848634e-05, "val_mean": 0.005766597202576317, "val_worst": 0.009902269619469216, "lr": 0.0008883654499997048, "wall": 654.4}
{"arm": "fno-s", "epoch": 153, "steps": 8624, "train": 2.988286098541545e-05, "val_mean": 0.006695116490936766, "val_worst": 0.010359259016743783, "lr": 0.0008869487990574167, "wall": 658.6}
{"arm": "fno-s", "epoch": 154, "steps": 8680, "train": 0.00016432890807890495, "val_mean": 0.009467457749905185, "val_worst": 0.015371016228418417, "lr": 0.0008855499649156173, "wall": 662.9}
{"arm": "fno-s", "epoch": 155, "steps": 8736, "train": 7.965255611904706e-05, "val_mean": 0.007197512304894673, "val_worst": 0.010963903004819555, "lr": 0.0008841434994981616, "wall": 667.1}
{"arm": "fno-s", "epoch": 156, "steps": 8792, "train": 2.9622809354909595e-05, "val_mean": 0.005748780886770016, "val_worst": 0.009761684291888253, "lr": 0.0008827292683655142, "wall": 671.4}
{"arm": "fno-s", "epoch": 157, "steps": 8848, "train": 2.969691383390278e-05, "val_mean": 0.006080873731834111, "val_worst": 0.009893134538455894, "lr": 0.0008812750604184639, "wall": 675.7}
{"arm": "fno-s", "epoch": 158, "steps": 8904, "train": 2.8242770938985084e-05, "val_mean": 0.00564537010421195, "val_worst": 0.00980376885593983, "lr": 0.0008798457603172781, "wall": 680.0}
{"arm": "fno-s", "epoch": 159, "steps": 8960, "train": 2.5990707384297345e-05, "val_mean": 0.00567573902350389, "val_worst": 0.00960384876044624, "lr": 0.0008783713227467027, "wall": 684.2}
{"arm": "fno-s", "epoch": 160, "steps": 9016, "train": 2.871293753741775e-05, "val_mean": 0.005899885579811761, "val_worst": 0.009973499378906882, "lr": 0.0008769275358904392, "wall": 688.5}
{"arm": "fno-s", "epoch": 161, "steps": 9072, "train": 2.616988588659724e-05, "val_mean": 0.005780606600665468, "val_worst": 0.00972418360327316, "lr": 0.0008754767046664174, "wall": 692.7}
{"arm": "fno-s", "epoch": 162, "steps": 9128, "train": 2.4988233255754733e-05, "val_mean": 0.005792922381341201, "val_worst": 0.009744224906567612, "lr": 0.0008740181743633631, "wall": 696.9}
{"arm": "fno-s", "epoch": 163, "steps": 9184, "train": 2.7325228361745648e-05, "val_mean": 0.005636503165852158, "val_worst": 0.009652417617859364, "lr": 0.0008725518679928083, "wall": 701.3}
{"arm": "fno-s", "epoch": 164, "steps": 9240, "train": 2.7657949500481515e-05, "val_mean": 0.006573412292919463, "val_worst": 0.010362703516133434, "lr": 0.000871046289176728, "wall": 705.5}
{"arm": "fno-s", "epoch": 165, "steps": 9296, "train": 2.731778397925309e-05, "val_mean": 0.005371471367808781, "val_worst": 0.009180605261132666, "lr": 0.0008695658502826059, "wall": 709.8}
{"arm": "fno-s", "epoch": 166, "steps": 9352, "train": 4.711505347329627e-05, "val_mean": 0.00861489102448658, "val_worst": 0.013042513662435461, "lr": 0.0008680460248942603, "wall": 714.0}
{"arm": "fno-s", "epoch": 167, "steps": 9408, "train": 5.2684302896798896e-05, "val_mean": 0.006258588627190409, "val_worst": 0.00970945260073602, "lr": 0.0008665514133191732, "wall": 718.3}
{"arm": "fno-s", "epoch": 168, "steps": 9464, "train": 3.7520781459696845e-05, "val_mean": 0.0070637628897192144, "val_worst": 0.010550268103488834, "lr": 0.000865050120821877, "wall": 722.5}
{"arm": "fno-s", "epoch": 169, "steps": 9520, "train": 2.8098409873722166e-05, "val_mean": 0.005971938291252522, "val_worst": 0.010230886332566178, "lr": 0.0008635405037164377, "wall": 726.7}
{"arm": "fno-s", "epoch": 170, "steps": 9576, "train": 3.6444074685149e-05, "val_mean": 0.006331740378423352, "val_worst": 0.010133393563889653, "lr": 0.0008620248240747214, "wall": 731.0}
{"arm": "fno-s", "epoch": 171, "steps": 9632, "train": 3.152269382300863e-05, "val_mean": 0.005674120424856816, "val_worst": 0.009910266891045712, "lr": 0.0008605019395745786, "wall": 735.2}
{"arm": "fno-s", "epoch": 172, "steps": 9688, "train": 4.0009626538746987e-05, "val_mean": 0.006534408496622337, "val_worst": 0.01031221872743578, "lr": 0.0008589722203869328, "wall": 739.4}
{"arm": "fno-s", "epoch": 173, "steps": 9744, "train": 3.0303672848118802e-05, "val_mean": 0.005792315038604231, "val_worst": 0.009758175438790512, "lr": 0.0008574341701296483, "wall": 743.7}
{"arm": "fno-s", "epoch": 174, "steps": 9800, "train": 2.842349448042088e-05, "val_mean": 0.00633768206488609, "val_worst": 0.009900140641555822, "lr": 0.0008558905374239273, "wall": 747.9}
{"arm": "fno-s", "epoch": 175, "steps": 9856, "train": 2.576740995082693e-05, "val_mean": 0.006205725463488989, "val_worst": 0.010067165424205075, "lr": 0.0008543402471630389, "wall": 752.1}
{"arm": "fno-s", "epoch": 176, "steps": 9912, "train": 2.716431040016884e-05, "val_mean": 0.006052261110223185, "val_worst": 0.009263032136912406, "lr": 0.0008527826309672232, "wall": 756.4}
{"arm": "fno-s", "epoch": 177, "steps": 9968, "train": 2.6914495583809277e-05, "val_mean": 0.0075297137767041415, "val_worst": 0.010141510538160632, "lr": 0.00085121839043685, "wall": 760.6}
{"arm": "fno-s", "epoch": 178, "steps": 10024, "train": 3.93642414216835e-05, "val_mean": 0.006481497141530659, "val_worst": 0.009617487255683116, "lr": 0.0008496474327639946, "wall": 764.8}
{"arm": "fno-s", "epoch": 179, "steps": 10080, "train": 3.580870027601865e-05, "val_mean": 0.00637639720768546, "val_worst": 0.009433760527813997, "lr": 0.0008480701193317704, "wall": 769.1}
{"arm": "fno-s", "epoch": 180, "steps": 10136, "train": 2.5616390660050814e-05, "val_mean": 0.005529072571056961, "val_worst": 0.009359862169208177, "lr": 0.000846485802918052, "wall": 773.3}
{"arm": "fno-s", "epoch": 181, "steps": 10192, "train": 2.5254481991888868e-05, "val_mean": 0.005923299339906553, "val_worst": 0.009182816828574256, "lr": 0.0008448938980086047, "wall": 777.5}
{"arm": "fno-s", "epoch": 182, "steps": 10248, "train": 3.4226525514219184e-05, "val_mean": 0.0063257303202375595, "val_worst": 0.00967314771214397, "lr": 0.0008432962136300873, "wall": 781.7}
{"arm": "fno-s", "epoch": 183, "steps": 10304, "train": 3.853188930703041e-05, "val_mean": 0.006881547581487945, "val_worst": 0.010244671503363681, "lr": 0.0008416909356322872, "wall": 786.0}
{"arm": "fno-s", "epoch": 184, "steps": 10360, "train": 2.6015769532314276e-05, "val_mean": 0.005603579018888062, "val_worst": 0.009452830629083728, "lr": 0.0008400797194150253, "wall": 790.2}
{"arm": "fno-s", "epoch": 185, "steps": 10416, "train": 2.707194670356983e-05, "val_mean": 0.006206483145863904, "val_worst": 0.009493817016967492, "lr": 0.0008384620838084603, "wall": 794.4}
{"arm": "fno-s", "epoch": 186, "steps": 10472, "train": 2.5091374363912382e-05, "val_mean": 0.005136009500270965, "val_worst": 0.009065835533161584, "lr": 0.0008368379516429055, "wall": 798.8}
{"arm": "fno-s", "epoch": 187, "steps": 10528, "train": 2.6562279258982625e-05, "val_mean": 0.005705683754717944, "val_worst": 0.009689594646626868, "lr": 0.0008351762145760888, "wall": 803.0}
{"arm": "fno-s", "epoch": 188, "steps": 10584, "train": 3.872250968222155e-05, "val_mean": 0.013839827603330704, "val_worst": 0.016976275941177937, "lr": 0.0008335391122992564, "wall": 807.2}
{"arm": "fno-s", "epoch": 189, "steps": 10640, "train": 0.00016354128018699005, "val_mean": 0.007590483091671221, "val_worst": 0.010494450575571825, "lr": 0.0008318950985352358, "wall": 811.5}
{"arm": "fno-s", "epoch": 190, "steps": 10696, "train": 3.0013137020328015e-05, "val_mean": 0.005220395340914421, "val_worst": 0.008854590738835606, "lr": 0.0008302448454124629, "wall": 815.7}
{"arm": "fno-s", "epoch": 191, "steps": 10752, "train": 2.1789410619337903e-05, "val_mean": 0.0051199345321986615, "val_worst": 0.008965646649517761, "lr": 0.0008285862416001161, "wall": 820.0}
{"arm": "fno-s", "epoch": 192, "steps": 10808, "train": 2.1743359960433536e-05, "val_mean": 0.0053019866447421545, "val_worst": 0.008966353221501619, "lr": 0.0008268932703188926, "wall": 824.2}
{"arm": "fno-s", "epoch": 193, "steps": 10864, "train": 2.139164749497669e-05, "val_mean": 0.005476283920336233, "val_worst": 0.009160872232723914, "lr": 0.0008252210390524006, "wall": 828.5}
{"arm": "fno-s", "epoch": 194, "steps": 10920, "train": 2.087313609974662e-05, "val_mean": 0.005387836682116424, "val_worst": 0.008978790307040841, "lr": 0.0008235419450355606, "wall": 832.7}
{"arm": "fno-s", "epoch": 195, "steps": 10976, "train": 2.181562281887743e-05, "val_mean": 0.005003482000169816, "val_worst": 0.008596456317419978, "lr": 0.0008218598620979958, "wall": 837.1}
{"arm": "fno-s", "epoch": 196, "steps": 11032, "train": 2.2192775097838787e-05, "val_mean": 0.005069573719575947, "val_worst": 0.008750261782312061, "lr": 0.0008201173148452904, "wall": 841.3}
{"arm": "fno-s", "epoch": 197, "steps": 11088, "train": 2.2662706138898918e-05, "val_mean": 0.00516756943102299, "val_worst": 0.008754219776958151, "lr": 0.0008184225253525695, "wall": 845.5}
{"arm": "fno-s", "epoch": 198, "steps": 11144, "train": 2.523317150472543e-05, "val_mean": 0.005257523721592895, "val_worst": 0.008926372489842746, "lr": 0.0008167111509425106, "wall": 849.8}
{"arm": "fno-s", "epoch": 199, "steps": 11200, "train": 3.688584300804228e-05, "val_mean": 0.005026800913548147, "val_worst": 0.008604628464693596, "lr": 0.0008150030622074739, "wall": 854.0}
{"arm": "fno-s", "epoch": 200, "steps": 11256, "train": 2.589438594385888e-05, "val_mean": 0.005383848048719598, "val_worst": 0.008824284452874387, "lr": 0.0008132899483808927, "wall": 858.3}
{"arm": "fno-s", "epoch": 201, "steps": 11312, "train": 2.483732860580736e-05, "val_mean": 0.005461221537068411, "val_worst": 0.008718519358155385, "lr": 0.0008115699842883478, "wall": 862.5}
{"arm": "fno-s", "epoch": 202, "steps": 11368, "train": 2.545616288582893e-05, "val_mean": 0.005554720387672199, "val_worst": 0.009075144089797866, "lr": 0.0008098440433426905, "wall": 866.7}
{"arm": "fno-s", "epoch": 203, "steps": 11424, "train": 2.891889736567698e-05, "val_mean": 0.006933606478395677, "val_worst": 0.009794909580039793, "lr": 0.0008081127330306989, "wall": 871.0}
{"arm": "fno-s", "epoch": 204, "steps": 11480, "train": 3.075603634910298e-05, "val_mean": 0.005201080270210349, "val_worst": 0.008898177450695873, "lr": 0.000806375694705039, "wall": 875.2}
{"arm": "fno-s", "epoch": 205, "steps": 11536, "train": 2.6854993189241157e-05, "val_mean": 0.006034208751453409, "val_worst": 0.009277060791098819, "lr": 0.0008046323569713035, "wall": 879.4}
{"arm": "fno-s", "epoch": 206, "steps": 11592, "train": 3.457425448482421e-05, "val_mean": 0.005369385616442986, "val_worst": 0.00909549457132063, "lr": 0.0008028826022277216, "wall": 883.7}
{"arm": "fno-s", "epoch": 207, "steps": 11648, "train": 2.5244735219362182e-05, "val_mean": 0.005433918559270315, "val_worst": 0.008506059657006165, "lr": 0.0008011276435094404, "wall": 887.9}
{"arm": "fno-s", "epoch": 208, "steps": 11704, "train": 2.6538987848994695e-05, "val_mean": 0.005527450688816585, "val_worst": 0.008911109177502222, "lr": 0.0007993669094053857, "wall": 892.1}
{"arm": "fno-s", "epoch": 209, "steps": 11760, "train": 3.0417818097565542e-05, "val_mean": 0.009262633198041069, "val_worst": 0.01149534384422365, "lr": 0.0007976008761848219, "wall": 896.4}
{"arm": "fno-s", "epoch": 210, "steps": 11816, "train": 4.13886712546626e-05, "val_mean": 0.005808686703096968, "val_worst": 0.008494301819273088, "lr": 0.0007958248170217524, "wall": 900.6}
{"arm": "fno-s", "epoch": 211, "steps": 11872, "train": 2.6573801604767534e-05, "val_mean": 0.007228400493867323, "val_worst": 0.010462472372746168, "lr": 0.0007940441773564836, "wall": 904.8}
{"arm": "fno-s", "epoch": 212, "steps": 11928, "train": 2.537197251567212e-05, "val_mean": 0.00495933595079388, "val_worst": 0.008289834043153605, "lr": 0.0007922578213809032, "wall": 909.2}
{"arm": "fno-s", "epoch": 213, "steps": 11984, "train": 2.826427649203638e-05, "val_mean": 0.0053115523877929225, "val_worst": 0.008796089510774837, "lr": 0.0007904259218165485, "wall": 913.4}
{"arm": "fno-s", "epoch": 214, "steps": 12040, "train": 2.4790339004016602e-05, "val_mean": 0.005124159932656869, "val_worst": 0.008300469360633734, "lr": 0.0007886277826218496, "wall": 917.6}
{"arm": "fno-s", "epoch": 215, "steps": 12096, "train": 2.3557599242426515e-05, "val_mean": 0.00553731630867275, "val_worst": 0.00908493962249016, "lr": 0.0007868236035072311, "wall": 921.9}
{"arm": "fno-s", "epoch": 216, "steps": 12152, "train": 2.4677358948781506e-05, "val_mean": 0.00609597861422077, "val_worst": 0.009239415981568222, "lr": 0.0007850120513868258, "wall": 926.1}
{"arm": "fno-s", "epoch": 217, "steps": 12208, "train": 7.24310684104769e-05, "val_mean": 0.005510151847528042, "val_worst": 0.008973920819365468, "lr": 0.0007831972734579613, "wall": 930.4}
{"arm": "fno-s", "epoch": 218, "steps": 12264, "train": 2.4802693016419534e-05, "val_mean": 0.0049002607178992, "val_worst": 0.00804239604941887, "lr": 0.0007813776850752253, "wall": 934.7}
{"arm": "fno-s", "epoch": 219, "steps": 12320, "train": 1.9497911615964614e-05, "val_mean": 0.005082297476859855, "val_worst": 0.008402819893833383, "lr": 0.0007795157407855141, "wall": 938.9}
{"arm": "fno-s", "epoch": 220, "steps": 12376, "train": 2.0723253804780386e-05, "val_mean": 0.004938782003879535, "val_worst": 0.008289526714183789, "lr": 0.0007776814901801591, "wall": 943.2}
{"arm": "fno-s", "epoch": 221, "steps": 12432, "train": 2.2537137104151723e-05, "val_mean": 0.005182214582163709, "val_worst": 0.0084331648195151, "lr": 0.0007758426236989661, "wall": 947.4}
{"arm": "fno-s", "epoch": 222, "steps": 12488, "train": 2.1131739755170364e-05, "val_mean": 0.004860457266823341, "val_worst": 0.008208530493981743, "lr": 0.0007740016119663729, "wall": 951.7}
{"arm": "fno-s", "epoch": 223, "steps": 12544, "train": 2.166896371325583e-05, "val_mean": 0.004908573368579947, "val_worst": 0.008327876340770908, "lr": 0.000772117298796488, "wall": 956.0}
{"arm": "fno-s", "epoch": 224, "steps": 12600, "train": 2.1048292406624666e-05, "val_mean": 0.005767133153313416, "val_worst": 0.008685510835182741, "lr": 0.0007702639817502206, "wall": 960.2}
{"arm": "fno-s", "epoch": 225, "steps": 12656, "train": 2.917494842481569e-05, "val_mean": 0.005511409203974686, "val_worst": 0.008311588586565569, "lr": 0.0007684056042559156, "wall": 964.5}
{"arm": "fno-s", "epoch": 226, "steps": 12712, "train": 2.4566917082195078e-05, "val_mean": 0.004822825398079387, "val_worst": 0.008061140125194976, "lr": 0.0007665417962886594, "wall": 968.9}
{"arm": "fno-s", "epoch": 227, "steps": 12768, "train": 2.2122260435679095e-05, "val_mean": 0.005405395670107191, "val_worst": 0.008230766288783133, "lr": 0.0007646020874946711, "wall": 973.1}
{"arm": "fno-s", "epoch": 228, "steps": 12824, "train": 2.433789581777294e-05, "val_mean": 0.004960023169673653, "val_worst": 0.008211367091781661, "lr": 0.0007627279903273748, "wall": 977.3}
{"arm": "fno-s", "epoch": 229, "steps": 12880, "train": 2.2974151117106706e-05, "val_mean": 0.005740594960966837, "val_worst": 0.008472815023307587, "lr": 0.0007608459068429136, "wall": 981.6}
{"arm": "fno-s", "epoch": 230, "steps": 12936, "train": 2.2266099760782785e-05, "val_mean": 0.0050677084881361086, "val_worst": 0.008559751641550671, "lr": 0.0007589612671280619, "wall": 985.8}
{"arm": "fno-s", "epoch": 231, "steps": 12992, "train": 2.738554079165369e-05, "val_mean": 0.005067625940319399, "val_worst": 0.008367468432786568, "lr": 0.0007570726071560672, "wall": 990.1}
{"arm": "fno-s", "epoch": 232, "steps": 13048, "train": 3.518021678774238e-05, "val_mean": 0.006365257946254753, "val_worst": 0.008781799567568008, "lr": 0.0007551787011566581, "wall": 994.3}
{"arm": "fno-s", "epoch": 233, "steps": 13104, "train": 5.44985825065507e-05, "val_mean": 0.00882005155663439, "val_worst": 0.013125281190335021, "lr": 0.0007532782595122625, "wall": 998.5}
{"arm": "fno-s", "epoch": 234, "steps": 13160, "train": 4.435177244363362e-05, "val_mean": 0.005254091504848941, "val_worst": 0.008255703896480083, "lr": 0.0007513753277680337, "wall": 1002.8}
{"arm": "fno-s", "epoch": 235, "steps": 13216, "train": 1.8736441314191948e-05, "val_mean": 0.00450499679889226, "val_worst": 0.007782988986759397, "lr": 0.0007494673964975728, "wall": 1007.1}
{"arm": "fno-s", "epoch": 236, "steps": 13272, "train": 1.7209871712745174e-05, "val_mean": 0.004826125540233971, "val_worst": 0.007976116474103732, "lr": 0.0007475072990120429, "wall": 1011.4}
{"arm": "fno-s", "epoch": 237, "steps": 13328, "train": 1.9018038286564667e-05, "val_mean": 0.004658754390549519, "val_worst": 0.007953554848915629, "lr": 0.0007455881023862747, "wall": 1015.6}
{"arm": "fno-s", "epoch": 238, "steps": 13384, "train": 1.867650249332659e-05, "val_mean": 0.004678224197659888, "val_worst": 0.007850812124694205, "lr": 0.0007436633872331717, "wall": 1019.9}
{"arm": "fno-s", "epoch": 239, "steps": 13440, "train": 1.7845000821134457e-05, "val_mean": 0.0044481971471891715, "val_worst": 0.00787173634110543, "lr": 0.0007417353075576301, "wall": 1024.2}
{"arm": "fno-s", "epoch": 240, "steps": 13496, "train": 1.7180647371513345e-05, "val_mean": 0.004708180443147542, "val_worst": 0.007952718482387515, "lr": 0.0007397576180171824, "wall": 1028.4}
{"arm": "fno-s", "epoch": 241, "steps": 13552, "train": 1.900924769777749e-05, "val_mean": 0.005059843798677235, "val_worst": 0.00850026384445378, "lr": 0.0007378201632752721, "wall": 1032.7}
{"arm": "fno-s", "epoch": 242, "steps": 13608, "train": 3.986706097455899e-05, "val_mean": 0.006152225297245766, "val_worst": 0.009679781574297532, "lr": 0.0007358783127630024, "wall": 1036.9}
{"arm": "fno-s", "epoch": 243, "steps": 13664, "train": 5.1666701112681105e-05, "val_mean": 0.00527659247382537, "val_worst": 0.008576021010677264, "lr": 0.0007339321648913776, "wall": 1041.2}
{"arm": "fno-s", "epoch": 244, "steps": 13720, "train": 2.570425325852422e-05, "val_mean": 0.005171559462873343, "val_worst": 0.008365839635089033, "lr": 0.0007319628436981223, "wall": 1045.4}
{"arm": "fno-s", "epoch": 245, "steps": 13776, "train": 1.7399399999030786e-05, "val_mean": 0.004410567526712866, "val_worst": 0.007543413146370401, "lr": 0.00073000819850114, "wall": 1049.8}
{"arm": "fno-s", "epoch": 246, "steps": 13832, "train": 1.6977879297976804e-05, "val_mean": 0.004581492646927561, "val_worst": 0.008069529943520356, "lr": 0.0007280078989705865, "wall": 1054.0}
{"arm": "fno-s", "epoch": 247, "steps": 13888, "train": 1.7063347218724793e-05, "val_mean": 0.005226493949114402, "val_worst": 0.008187839020996563, "lr": 0.0007260428519114178, "wall": 1058.2}
{"arm": "fno-s", "epoch": 248, "steps": 13944, "train": 2.3241635765860903e-05, "val_mean": 0.005084450376996921, "val_worst": 0.008375109690811632, "lr": 0.0007240732688274552, "wall": 1062.5}
{"arm": "fno-s", "epoch": 249, "steps": 14000, "train": 1.901158537797427e-05, "val_mean": 0.004571466161325756, "val_worst": 0.007664109982536179, "lr": 0.0007220949832675513, "wall": 1066.7}
{"arm": "fno-s", "epoch": 250, "steps": 14056, "train": 2.022747121386537e-05, "val_mean": 0.005289391141502793, "val_worst": 0.00815709447388836, "lr": 0.000720116979967722, "wall": 1071.0}
{"arm": "fno-s", "epoch": 251, "steps": 14112, "train": 2.0415413813545693e-05, "val_mean": 0.005177140119284782, "val_worst": 0.008151066134102637, "lr": 0.0007181364345901314, "wall": 1075.2}
{"arm": "fno-s", "epoch": 252, "steps": 14168, "train": 1.9381441398686024e-05, "val_mean": 0.004643598462969672, "val_worst": 0.007695132617232399, "lr": 0.0007161531729542127, "wall": 1079.4}
{"arm": "fno-s", "epoch": 253, "steps": 14224, "train": 1.9702540979087196e-05, "val_mean": 0.004735424678365131, "val_worst": 0.00810982021981847, "lr": 0.0007141648639681491, "wall": 1083.7}
{"arm": "fno-s", "epoch": 254, "steps": 14280, "train": 3.040580431863615e-05, "val_mean": 0.006148407505940156, "val_worst": 0.008708075966513278, "lr": 0.0007121731560011785, "wall": 1087.9}
{"arm": "fno-s", "epoch": 255, "steps": 14336, "train": 2.5903971910248207e-05, "val_mean": 0.0054250527807197645, "val_worst": 0.007863230342666809, "lr": 0.0007101775882798269, "wall": 1092.2}
{"arm": "fno-s", "epoch": 256, "steps": 14392, "train": 2.042997197838054e-05, "val_mean": 0.005205776051273922, "val_worst": 0.008036243665350374, "lr": 0.0007081786807252277, "wall": 1096.4}
{"arm": "fno-s", "epoch": 257, "steps": 14448, "train": 4.245346945178319e-05, "val_mean": 0.005155990886216265, "val_worst": 0.007906666854679938, "lr": 0.0007061764793670845, "wall": 1100.6}
{"arm": "fno-s", "epoch": 258, "steps": 14504, "train": 1.9984471186260877e-05, "val_mean": 0.004494178225446769, "val_worst": 0.007805500436888962, "lr": 0.0007041699500772118, "wall": 1104.8}
{"arm": "fno-s", "epoch": 259, "steps": 14560, "train": 1.6252072958153058e-05, "val_mean": 0.004685301288845165, "val_worst": 0.007674875238408991, "lr": 0.0007021593584441264, "wall": 1109.1}
{"arm": "fno-s", "epoch": 260, "steps": 14616, "train": 1.6663239269912155e-05, "val_mean": 0.00437188078083174, "val_worst": 0.007369001742570478, "lr": 0.0007001453705373459, "wall": 1113.4}
{"arm": "fno-s", "epoch": 261, "steps": 14672, "train": 1.643798849801071e-05, "val_mean": 0.0046357391464817, "val_worst": 0.007986648122318063, "lr": 0.0006980893410053986, "wall": 1117.6}
{"arm": "fno-s", "epoch": 262, "steps": 14728, "train": 1.7416182242853367e-05, "val_mean": 0.004574664648370212, "val_worst": 0.007696622035244228, "lr": 0.000696067449991463, "wall": 1121.9}
{"arm": "fno-s", "epoch": 263, "steps": 14784, "train": 1.9013681913130447e-05, "val_mean": 0.004369737870230231, "val_worst": 0.007557580776356108, "lr": 0.0006940420893692351, "wall": 1126.3}
{"arm": "fno-s", "epoch": 264, "steps": 14840, "train": 1.6752210381797603e-05, "val_mean": 0.004894435322592544, "val_worst": 0.007871877132945675, "lr": 0.0006919030559439291, "wall": 1130.5}
{"arm": "fno-s", "epoch": 265, "steps": 14896, "train": 2.319105413193722e-05, "val_mean": 0.004474723016567526, "val_worst": 0.007552142615219422, "lr": 0.0006898698422478144, "wall": 1134.8}
{"arm": "fno-s", "epoch": 266, "steps": 14952, "train": 4.846632055320952e-05, "val_mean": 0.006486227907913651, "val_worst": 0.009296141759434193, "lr": 0.0006878326858231825, "wall": 1139.0}
{"arm": "fno-s", "epoch": 267, "steps": 15008, "train": 4.460760912326074e-05, "val_mean": 0.005163440960731989, "val_worst": 0.008212168443547937, "lr": 0.00068579206011723, "wall": 1143.2}
{"arm": "fno-s", "epoch": 268, "steps": 15064, "train": 1.8721708229798757e-05, "val_mean": 0.004329425755422636, "val_worst": 0.007265094804329914, "lr": 0.0006837474254998883, "wall": 1147.6}
{"arm": "fno-s", "epoch": 269, "steps": 15120, "train": 1.4964323790935105e-05, "val_mean": 0.0043933824358568, "val_worst": 0.0074456482361418145, "lr": 0.0006816566923713894, "wall": 1151.8}
{"arm": "fno-s", "epoch": 270, "steps": 15176, "train": 1.6515963117204177e-05, "val_mean": 0.004461590523705451, "val_worst": 0.007502310973789321, "lr": 0.0006796051467057552, "wall": 1156.0}
{"arm": "fno-s", "epoch": 271, "steps": 15232, "train": 1.5580606788209834e-05, "val_mean": 0.004106216912707468, "val_worst": 0.007235336078284864, "lr": 0.0006775510605628985, "wall": 1160.3}
{"arm": "fno-s", "epoch": 272, "steps": 15288, "train": 1.92747695460775e-05, "val_mean": 0.005088468066397195, "val_worst": 0.008497900960672515, "lr": 0.0006754534093440556, "wall": 1164.6}
{"arm": "fno-s", "epoch": 273, "steps": 15344, "train": 1.9274499254512286e-05, "val_mean": 0.00501136781327334, "val_worst": 0.007883249547051184, "lr": 0.0006733921822561573, "wall": 1168.8}
{"arm": "fno-s", "epoch": 274, "steps": 15400, "train": 1.5551450196581563e-05, "val_mean": 0.004394561000740968, "val_worst": 0.0075727794160599, "lr": 0.0006713271340659934, "wall": 1173.0}
{"arm": "fno-s", "epoch": 275, "steps": 15456, "train": 1.548067308424054e-05, "val_mean": 0.004514969625854176, "val_worst": 0.007310873150848744, "lr": 0.0006692594257712059, "wall": 1177.3}
{"arm": "fno-s", "epoch": 276, "steps": 15512, "train": 1.9733456229611753e-05, "val_mean": 0.004921120741130124, "val_worst": 0.00815209407872881, "lr": 0.000667188502471532, "wall": 1181.5}
{"arm": "fno-s", "epoch": 277, "steps": 15568, "train": 1.9406803203667266e-05, "val_mean": 0.004640599217053432, "val_worst": 0.007547713985162393, "lr": 0.0006651145493625234, "wall": 1185.7}
{"arm": "fno-s", "epoch": 278, "steps": 15624, "train": 1.795168223406018e-05, "val_mean": 0.0048744294378150164, "val_worst": 0.0074923685432732815, "lr": 0.0006630363110998597, "wall": 1190.0}
{"arm": "fno-s", "epoch": 279, "steps": 15680, "train": 1.9228907207152045e-05, "val_mean": 0.004727770619964341, "val_worst": 0.00789144158812161, "lr": 0.0006609555800239568, "wall": 1194.2}
{"arm": "fno-s", "epoch": 280, "steps": 15736, "train": 1.735202753281722e-05, "val_mean": 0.00453810617027539, "val_worst": 0.007718287161447921, "lr": 0.0006588715164163877, "wall": 1198.4}
{"arm": "fno-s", "epoch": 281, "steps": 15792, "train": 2.5474352785464257e-05, "val_mean": 0.006048361895704149, "val_worst": 0.009645070683516903, "lr": 0.0006567841250283777, "wall": 1202.7}
{"arm": "fno-s", "epoch": 282, "steps": 15848, "train": 8.15524295889944e-05, "val_mean": 0.005901222022059594, "val_worst": 0.00893582888881163, "lr": 0.0006546939699370296, "wall": 1206.9}
{"arm": "fno-s", "epoch": 283, "steps": 15904, "train": 2.084175101967172e-05, "val_mean": 0.004335879550982476, "val_worst": 0.007355768648164028, "lr": 0.0006526015758893655, "wall": 1211.1}
{"arm": "fno-s", "epoch": 284, "steps": 15960, "train": 1.46699119735005e-05, "val_mean": 0.004287098585405885, "val_worst": 0.007173946466233017, "lr": 0.000650506125151639, "wall": 1215.4}
{"arm": "fno-s", "epoch": 285, "steps": 16016, "train": 1.4491810848734407e-05, "val_mean": 0.004177433259781472, "val_worst": 0.007094612198793422, "lr": 0.0006484075779209111, "wall": 1219.6}
{"arm": "fno-s", "epoch": 286, "steps": 16072, "train": 1.3972273226647292e-05, "val_mean": 0.004059640705547024, "val_worst": 0.007146951899162506, "lr": 0.000646306243263631, "wall": 1223.9}
{"arm": "fno-s", "epoch": 287, "steps": 16128, "train": 1.64023844380495e-05, "val_mean": 0.004391003988613893, "val_worst": 0.007459727727904684, "lr": 0.0006441601688168021, "wall": 1228.2}
{"arm": "fno-s", "epoch": 288, "steps": 16184, "train": 1.5980768073204396e-05, "val_mean": 0.004254123611437537, "val_worst": 0.007282144617699609, "lr": 0.0006420531874114997, "wall": 1232.4}
{"arm": "fno-s", "epoch": 289, "steps": 16240, "train": 1.596966189507688e-05, "val_mean": 0.004661677803546583, "val_worst": 0.007573794263997876, "lr": 0.0006399402324604078, "wall": 1236.6}
{"arm": "fno-s", "epoch": 290, "steps": 16296, "train": 1.5732751066610328e-05, "val_mean": 0.004179288180725221, "val_worst": 0.007324973074317153, "lr": 0.0006378279970626909, "wall": 1240.9}
{"arm": "fno-s", "epoch": 291, "steps": 16352, "train": 1.647919166400844e-05, "val_mean": 0.004070189936676891, "val_worst": 0.00711591115748278, "lr": 0.0006357129769344999, "wall": 1245.1}
{"arm": "fno-s", "epoch": 292, "steps": 16408, "train": 1.4694773479201429e-05, "val_mean": 0.004168149414106328, "val_worst": 0.007422323144036446, "lr": 0.0006335958904724806, "wall": 1249.3}
{"arm": "fno-s", "epoch": 293, "steps": 16464, "train": 1.5241992154932669e-05, "val_mean": 0.0042079742523111995, "val_worst": 0.0073991957087205795, "lr": 0.0006314756113098387, "wall": 1253.6}
{"arm": "fno-s", "epoch": 294, "steps": 16520, "train": 1.7532428729993745e-05, "val_mean": 0.005663923225586925, "val_worst": 0.008393313776323161, "lr": 0.0006293526947572875, "wall": 1257.8}
{"arm": "fno-s", "epoch": 295, "steps": 16576, "train": 1.939638996551906e-05, "val_mean": 0.004647145946193004, "val_worst": 0.007780135544434625, "lr": 0.0006272275504528668, "wall": 1262.0}
{"arm": "fno-s", "epoch": 296, "steps": 16632, "train": 5.092388043593209e-05, "val_mean": 0.004829991240396616, "val_worst": 0.007716142514980392, "lr": 0.0006250994010343852, "wall": 1266.3}
{"arm": "fno-s", "epoch": 297, "steps": 16688, "train": 1.588628124498919e-05, "val_mean": 0.00400381006836618, "val_worst": 0.006816857011173255, "lr": 0.000622970388294199, "wall": 1270.6}
{"arm": "fno-s", "epoch": 298, "steps": 16744, "train": 1.3931829649611421e-05, "val_mean": 0.00421710949886067, "val_worst": 0.007184588122540692, "lr": 0.0006207896277219702, "wall": 1274.8}
{"arm": "fno-s", "epoch": 299, "steps": 16800, "train": 1.4273133431940097e-05, "val_mean": 0.004183828282264353, "val_worst": 0.007233982650523003, "lr": 0.0006186551215458349, "wall": 1279.1}
{"arm": "fno-s", "epoch": 300, "steps": 16856, "train": 1.4675205456615277e-05, "val_mean": 0.004007370180189332, "val_worst": 0.0070896351958573325, "lr": 0.0006165119112472715, "wall": 1283.3}
{"arm": "fno-s", "epoch": 301, "steps": 16912, "train": 1.4388086554490153e-05, "val_mean": 0.004108389000401287, "val_worst": 0.007065829221195136, "lr": 0.0006143730960512695, "wall": 1287.5}
{"arm": "fno-s", "epoch": 302, "steps": 16968, "train": 1.7521681827448844e-05, "val_mean": 0.004177953406703872, "val_worst": 0.007055085406354892, "lr": 0.0006122318627650708, "wall": 1291.8}
{"arm": "fno-s", "epoch": 303, "steps": 17024, "train": 2.4748886106206406e-05, "val_mean": 0.006552026344847597, "val_worst": 0.009411321634866167, "lr": 0.0006100890601566681, "wall": 1296.0}
{"arm": "fno-s", "epoch": 304, "steps": 17080, "train": 4.222408449431775e-05, "val_mean": 0.006724262178030745, "val_worst": 0.009200786286826298, "lr": 0.0006079437677073185, "wall": 1300.2}
{"arm": "fno-s", "epoch": 305, "steps": 17136, "train": 2.05976433826494e-05, "val_mean": 0.003943164665593215, "val_worst": 0.00688174910966844, "lr": 0.0006057971038637467, "wall": 1304.5}
{"arm": "fno-s", "epoch": 306, "steps": 17192, "train": 1.3915297331243497e-05, "val_mean": 0.003980528828042967, "val_worst": 0.006893939873548983, "lr": 0.000603605565087492, "wall": 1308.8}
{"arm": "fno-s", "epoch": 307, "steps": 17248, "train": 1.344412434777968e-05, "val_mean": 0.004206829341882188, "val_worst": 0.007020932381440507, "lr": 0.00060145371998198, "wall": 1313.0}
{"arm": "fno-s", "epoch": 308, "steps": 17304, "train": 1.3380330464095266e-05, "val_mean": 0.004135793531139989, "val_worst": 0.006975404060169147, "lr": 0.00059929993822417, "wall": 1317.2}
{"arm": "fno-s", "epoch": 309, "steps": 17360, "train": 1.4079466466659524e-05, "val_mean": 0.004118822955560191, "val_worst": 0.006955489669354295, "lr": 0.000597145208554048, "wall": 1321.5}
{"arm": "fno-s", "epoch": 310, "steps": 17416, "train": 1.3831148579808937e-05, "val_mean": 0.00409784032823943, "val_worst": 0.0069547031159816215, "lr": 0.0005949888655224676, "wall": 1325.7}
{"arm": "fno-s", "epoch": 311, "steps": 17472, "train": 1.3465184612232865e-05, "val_mean": 0.0042256194547222615, "val_worst": 0.00714219482785486, "lr": 0.000592830131742292, "wall": 1329.9}
{"arm": "fno-s", "epoch": 312, "steps": 17528, "train": 1.714851920166256e-05, "val_mean": 0.004324109920918199, "val_worst": 0.007212686362635876, "lr": 0.0005906707990325913, "wall": 1334.2}
{"arm": "fno-s", "epoch": 313, "steps": 17584, "train": 1.677699477306899e-05, "val_mean": 0.004192010679891234, "val_worst": 0.0072573577406903796, "lr": 0.0005885096506350372, "wall": 1338.4}
{"arm": "fno-s", "epoch": 314, "steps": 17640, "train": 1.3502610875029674e-05, "val_mean": 0.0041055182991045274, "val_worst": 0.0070488241534050955, "lr": 0.0005863453287382653, "wall": 1342.6}
{"arm": "fno-s", "epoch": 315, "steps": 17696, "train": 1.796732999175245e-05, "val_mean": 0.004276910293740447, "val_worst": 0.007047918894158316, "lr": 0.0005841805688937164, "wall": 1346.9}
{"arm": "fno-s", "epoch": 316, "steps": 17752, "train": 2.2235873969504646e-05, "val_mean": 0.003889187330562517, "val_worst": 0.006792833672650253, "lr": 0.0005820137332840839, "wall": 1351.2}
{"arm": "fno-s", "epoch": 317, "steps": 17808, "train": 1.5015658803012909e-05, "val_mean": 0.004112885738906744, "val_worst": 0.00688310982106033, "lr": 0.0005797953226027061, "wall": 1355.4}
{"arm": "fno-s", "epoch": 318, "steps": 17864, "train": 1.4189630979512359e-05, "val_mean": 0.003926549130109689, "val_worst": 0.006663510147287765, "lr": 0.0005776250917082882, "wall": 1359.7}
{"arm": "fno-s", "epoch": 319, "steps": 17920, "train": 1.4517928905188265e-05, "val_mean": 0.004124780495971272, "val_worst": 0.006908667689960922, "lr": 0.000575453270061983, "wall": 1363.9}
{"arm": "fno-s", "epoch": 320, "steps": 17976, "train": 1.4801579011313146e-05, "val_mean": 0.005023732621984819, "val_worst": 0.007346177994175264, "lr": 0.000573280316860083, "wall": 1368.1}
{"arm": "fno-s", "epoch": 321, "steps": 18032, "train": 2.3697248406284752e-05, "val_mean": 0.00452327970989924, "val_worst": 0.007284243767558075, "lr": 0.0005711065708809482, "wall": 1372.4}
{"arm": "fno-s", "epoch": 322, "steps": 18088, "train": 1.779893425786552e-05, "val_mean": 0.004698120998945026, "val_worst": 0.007262249325975758, "lr": 0.0005689313650991821, "wall": 1376.6}
{"arm": "fno-s", "epoch": 323, "steps": 18144, "train": 1.8062095755196748e-05, "val_mean": 0.004293669902381855, "val_worst": 0.006866602359080303, "lr": 0.0005667541493421933, "wall": 1380.8}
{"arm": "fno-s", "epoch": 324, "steps": 18200, "train": 2.87868060296646e-05, "val_mean": 0.004125498180375532, "val_worst": 0.0069668826092427385, "lr": 0.0005645752910765832, "wall": 1385.1}
{"arm": "fno-s", "epoch": 325, "steps": 18256, "train": 1.381892725604808e-05, "val_mean": 0.003906565600153945, "val_worst": 0.006801123044115123, "lr": 0.0005623960746481472, "wall": 1389.3}
{"arm": "fno-s", "epoch": 326, "steps": 18312, "train": 1.381984166504427e-05, "val_mean": 0.003971997868676167, "val_worst": 0.006910724826866338, "lr": 0.0005602156458271498, "wall": 1393.5}
{"arm": "fno-s", "epoch": 327, "steps": 18368, "train": 1.4491563690826052e-05, "val_mean": 0.004060621830313143, "val_worst": 0.007049946731362952, "lr": 0.0005580341547737275, "wall": 1397.8}
{"arm": "fno-s", "epoch": 328, "steps": 18424, "train": 1.3493131804243853e-05, "val_mean": 0.0042936499245282, "val_worst": 0.006938044911133541, "lr": 0.0005558518556702806, "wall": 1402.0}
{"arm": "fno-s", "epoch": 329, "steps": 18480, "train": 1.2834604216352034e-05, "val_mean": 0.003878439734058099, "val_worst": 0.006735933846425617, "lr": 0.0005536680125150418, "wall": 1406.4}
{"arm": "fno-s", "epoch": 330, "steps": 18536, "train": 1.8185262332043874e-05, "val_mean": 0.005248478661508745, "val_worst": 0.007571704936808014, "lr": 0.0005514201117516042, "wall": 1410.6}
{"arm": "fno-s", "epoch": 331, "steps": 18592, "train": 2.2469019587638573e-05, "val_mean": 0.004132505238702186, "val_worst": 0.007148840481729304, "lr": 0.0005492326253044063, "wall": 1414.8}
{"arm": "fno-s", "epoch": 332, "steps": 18648, "train": 1.2800476567876665e-05, "val_mean": 0.004064459232578113, "val_worst": 0.006861256752356933, "lr": 0.0005470451433358812, "wall": 1419.1}
{"arm": "fno-s", "epoch": 333, "steps": 18704, "train": 1.274668903319951e-05, "val_mean": 0.004442111473797334, "val_worst": 0.0068694574489620965, "lr": 0.0005448586948174734, "wall": 1423.3}
{"arm": "fno-s", "epoch": 334, "steps": 18760, "train": 2.509762930137475e-05, "val_mean": 0.005707383932792624, "val_worst": 0.008122776277061016, "lr": 0.0005426708971801406, "wall": 1427.5}
{"arm": "fno-s", "epoch": 335, "steps": 18816, "train": 1.6791863861402824e-05, "val_mean": 0.0038355667766876616, "val_worst": 0.00669868108301836, "lr": 0.0005404810772181584, "wall": 1431.9}
{"arm": "fno-s", "epoch": 336, "steps": 18872, "train": 1.614529969539417e-05, "val_mean": 0.005274342330687697, "val_worst": 0.007502942316175526, "lr": 0.0005382446876264511, "wall": 1436.1}
{"arm": "fno-s", "epoch": 337, "steps": 18928, "train": 1.5491598938188218e-05, "val_mean": 0.0043688621272964315, "val_worst": 0.006848298490687395, "lr": 0.0005360538271746338, "wall": 1440.3}
{"arm": "fno-s", "epoch": 338, "steps": 18984, "train": 1.7364444920594858e-05, "val_mean": 0.004122068006375759, "val_worst": 0.006913174706409551, "lr": 0.0005338634087373973, "wall": 1444.6}
{"arm": "fno-s", "epoch": 339, "steps": 19040, "train": 1.288060090252924e-05, "val_mean": 0.0037909894924222755, "val_worst": 0.00676742767655298, "lr": 0.0005316729060694825, "wall": 1448.9}
{"arm": "fno-s", "epoch": 340, "steps": 19096, "train": 1.2363860108379024e-05, "val_mean": 0.0039467946566961705, "val_worst": 0.006740521051758, "lr": 0.0005294055880858125, "wall": 1453.2}
{"arm": "fno-s", "epoch": 341, "steps": 19152, "train": 1.3300470057462926e-05, "val_mean": 0.003913799882716399, "val_worst": 0.006687291742532754, "lr": 0.000527213991497266, "wall": 1457.4}
{"arm": "fno-s", "epoch": 342, "steps": 19208, "train": 1.4245670259178351e-05, "val_mean": 0.0051872735808769, "val_worst": 0.007418785521194878, "lr": 0.0005250209897906997, "wall": 1461.6}
{"arm": "fno-s", "epoch": 343, "steps": 19264, "train": 1.616507724753248e-05, "val_mean": 0.0040921979159093385, "val_worst": 0.00666192971384864, "lr": 0.000522820380545241, "wall": 1465.9}
{"arm": "fno-s", "epoch": 344, "steps": 19320, "train": 1.3112044970746544e-05, "val_mean": 0.003731554330628854, "val_worst": 0.006560560867692389, "lr": 0.0005205899662554112, "wall": 1470.3}
{"arm": "fno-s", "epoch": 345, "steps": 19376, "train": 2.105042495490001e-05, "val_mean": 0.005029714647365456, "val_worst": 0.008153097599523077, "lr": 0.0005183481601151764, "wall": 1474.5}
{"arm": "fno-s", "epoch": 346, "steps": 19432, "train": 1.4935240660480143e-05, "val_mean": 0.004032513842759657, "val_worst": 0.006582043578590436, "lr": 0.0005161525558470061, "wall": 1478.8}
{"arm": "fno-s", "epoch": 347, "steps": 19488, "train": 1.2087003279504001e-05, "val_mean": 0.004135617802643279, "val_worst": 0.006857045852490285, "lr": 0.0005139580893444576, "wall": 1483.0}
{"arm": "fno-s", "epoch": 348, "steps": 19544, "train": 9.809923580906655e-05, "val_mean": 0.008790187625840516, "val_worst": 0.013262332341346295, "lr": 0.0005117638213840692, "wall": 1487.2}
{"arm": "fno-s", "epoch": 349, "steps": 19600, "train": 2.8748222134263444e-05, "val_mean": 0.0039470551982371226, "val_worst": 0.006633239217528739, "lr": 0.000509569619259397, "wall": 1491.5}
{"arm": "fno-s", "epoch": 350, "steps": 19656, "train": 1.1811495612653215e-05, "val_mean": 0.0036068006464574326, "val_worst": 0.006335729246501124, "lr": 0.0005073750470817467, "wall": 1495.8}
{"arm": "fno-s", "epoch": 351, "steps": 19712, "train": 1.1371191405662255e-05, "val_mean": 0.0036480401156937996, "val_worst": 0.006444798942081104, "lr": 0.0005051365913501039, "wall": 1500.0}
{"arm": "fno-s", "epoch": 352, "steps": 19768, "train": 1.141651439371602e-05, "val_mean": 0.003649783624338168, "val_worst": 0.006464318276441745, "lr": 0.000502941950447452, "wall": 1504.3}
{"arm": "fno-s", "epoch": 353, "steps": 19824, "train": 1.1305272233224583e-05, "val_mean": 0.003623433417713146, "val_worst": 0.0064604729449860366, "lr": 0.000500746987355054, "wall": 1508.5}
{"arm": "fno-s", "epoch": 354, "steps": 19880, "train": 1.1159812602035097e-05, "val_mean": 0.0036148231912645134, "val_worst": 0.006387566099916905, "lr": 0.0004985520733082854, "wall": 1512.7}
{"arm": "fno-s", "epoch": 355, "steps": 19936, "train": 1.107411750081894e-05, "val_mean": 0.003706735241388026, "val_worst": 0.006538983790763737, "lr": 0.0004963580787012526, "wall": 1517.0}
{"arm": "fno-s", "epoch": 356, "steps": 19992, "train": 1.1496146137789529e-05, "val_mean": 0.003682051315658851, "val_worst": 0.0065542386802165805, "lr": 0.0004941640136520664, "wall": 1521.2}
{"arm": "fno-s", "epoch": 357, "steps": 20048, "train": 1.1219764040642142e-05, "val_mean": 0.003644123376260705, "val_worst": 0.006374961925345044, "lr": 0.0004919700008349165, "wall": 1525.4}
{"arm": "fno-s", "epoch": 358, "steps": 20104, "train": 1.1358987432100331e-05, "val_mean": 0.0036076949031275648, "val_worst": 0.00647411471535017, "lr": 0.0004897487502126919, "wall": 1529.7}
{"arm": "fno-s", "epoch": 359, "steps": 20160, "train": 1.1129739375496513e-05, "val_mean": 0.003715250684894248, "val_worst": 0.006527121991126976, "lr": 0.0004875557144212938, "wall": 1533.9}
{"arm": "fno-s", "epoch": 360, "steps": 20216, "train": 1.1506714390491361e-05, "val_mean": 0.0038446503338048733, "val_worst": 0.006564720743167709, "lr": 0.00048536193021514164, "wall": 1538.2}
{"arm": "fno-s", "epoch": 361, "steps": 20272, "train": 1.1516257341566738e-05, "val_mean": 0.003656326437190656, "val_worst": 0.0063239254679696485, "lr": 0.0004831684935131086, "wall": 1542.4}
{"arm": "fno-s", "epoch": 362, "steps": 20328, "train": 1.1393506880242338e-05, "val_mean": 0.00367228519512588, "val_worst": 0.006352114695937188, "lr": 0.0004809762769560872, "wall": 1546.6}
{"arm": "fno-s", "epoch": 363, "steps": 20384, "train": 1.3109244531131588e-05, "val_mean": 0.0037876723466348846, "val_worst": 0.0064609645047816, "lr": 0.0004787849954168197, "wall": 1550.9}
{"arm": "fno-s", "epoch": 364, "steps": 20440, "train": 1.214578120659541e-05, "val_mean": 0.003763786720248575, "val_worst": 0.006585337269620327, "lr": 0.0004765937244742464, "wall": 1555.1}
{"arm": "fno-s", "epoch": 365, "steps": 20496, "train": 1.1793725277725112e-05, "val_mean": 0.0037873292166024993, "val_worst": 0.006631260428800783, "lr": 0.0004744029244338784, "wall": 1559.3}
{"arm": "fno-s", "epoch": 366, "steps": 20552, "train": 1.1579777498730717e-05, "val_mean": 0.003730751134171034, "val_worst": 0.006436329644941478, "lr": 0.0004722007847703812, "wall": 1563.6}
{"arm": "fno-s", "epoch": 367, "steps": 20608, "train": 1.1723959281463413e-05, "val_mean": 0.003904177485133397, "val_worst": 0.0066717957851134164, "lr": 0.00047001074635993103, "wall": 1567.8}
{"arm": "fno-s", "epoch": 368, "steps": 20664, "train": 1.2068799055160416e-05, "val_mean": 0.003948827397493686, "val_worst": 0.006490074633161078, "lr": 0.000467821693895904, "wall": 1572.1}
{"arm": "fno-s", "epoch": 369, "steps": 20720, "train": 1.3092452195461239e-05, "val_mean": 0.003911087465902522, "val_worst": 0.006690367523921359, "lr": 0.00046563414370878655, "wall": 1576.3}
{"arm": "fno-s", "epoch": 370, "steps": 20776, "train": 1.1706589895828122e-05, "val_mean": 0.004072658639406122, "val_worst": 0.006658215704781989, "lr": 0.0004634393153736048, "wall": 1580.6}
{"arm": "fno-s", "epoch": 371, "steps": 20832, "train": 1.2117633261254105e-05, "val_mean": 0.003618168551457206, "val_worst": 0.006282129771284862, "lr": 0.0004612518113355903, "wall": 1584.8}
{"arm": "fno-s", "epoch": 372, "steps": 20888, "train": 1.2048249994128189e-05, "val_mean": 0.004207044419416656, "val_worst": 0.006947698249552878, "lr": 0.0004590663731886243, "wall": 1589.0}
{"arm": "fno-s", "epoch": 373, "steps": 20944, "train": 1.270223218481225e-05, "val_mean": 0.0046872528591917605, "val_worst": 0.007302158728702025, "lr": 0.0004568819186516394, "wall": 1593.3}
{"arm": "fno-s", "epoch": 374, "steps": 21000, "train": 1.347253855148379e-05, "val_mean": 0.004036392382660793, "val_worst": 0.006764519671065023, "lr": 0.00045469823131926806, "wall": 1597.5}
{"arm": "fno-s", "epoch": 375, "steps": 21056, "train": 1.1982079280157326e-05, "val_mean": 0.0038745911376499714, "val_worst": 0.006661728007851555, "lr": 0.00045251556111581474, "wall": 1601.7}
{"arm": "fno-s", "epoch": 376, "steps": 21112, "train": 1.5689104575397548e-05, "val_mean": 0.004264666623041588, "val_worst": 0.0064068734486810155, "lr": 0.0004503337749071414, "wall": 1606.0}
{"arm": "fno-s", "epoch": 377, "steps": 21168, "train": 3.298660180304075e-05, "val_mean": 0.006375486934120104, "val_worst": 0.010576460179648153, "lr": 0.00044815323001844804, "wall": 1610.2}
{"arm": "fno-s", "epoch": 378, "steps": 21224, "train": 1.71084401961763e-05, "val_mean": 0.0035438898601597123, "val_worst": 0.00629228826339665, "lr": 0.00044597266251297085, "wall": 1614.5}
{"arm": "fno-s", "epoch": 379, "steps": 21280, "train": 1.2065773376363483e-05, "val_mean": 0.003728831743680159, "val_worst": 0.006331225625937015, "lr": 0.0004437536282532094, "wall": 1618.7}
{"arm": "fno-s", "epoch": 380, "steps": 21336, "train": 1.1008401615516983e-05, "val_mean": 0.0034861878042040384, "val_worst": 0.006251515925178508, "lr": 0.0004415763764062976, "wall": 1623.1}
{"arm": "fno-s", "epoch": 381, "steps": 21392, "train": 1.0645608524297155e-05, "val_mean": 0.003498936762567389, "val_worst": 0.006343120549490408, "lr": 0.00043934982148234754, "wall": 1627.3}
{"arm": "fno-s", "epoch": 382, "steps": 21448, "train": 1.1087272443464245e-05, "val_mean": 0.003539397983736917, "val_worst": 0.006188197601039302, "lr": 0.0004371728385358365, "wall": 1631.5}
{"arm": "fno-s", "epoch": 383, "steps": 21504, "train": 1.2722259530052418e-05, "val_mean": 0.0037852894484209187, "val_worst": 0.006408440872359164, "lr": 0.0004349985446965968, "wall": 1635.8}
{"arm": "fno-s", "epoch": 384, "steps": 21560, "train": 1.1203383001484487e-05, "val_mean": 0.003477999817674848, "val_worst": 0.006176441443970004, "lr": 0.0004328238449137893, "wall": 1640.1}
{"arm": "fno-s", "epoch": 385, "steps": 21616, "train": 1.0834143850624698e-05, "val_mean": 0.0036600168190998386, "val_worst": 0.006356201720095064, "lr": 0.0004306121966233464, "wall": 1644.3}
{"arm": "fno-s", "epoch": 386, "steps": 21672, "train": 1.1409287062907784e-05, "val_mean": 0.0035964228286216437, "val_worst": 0.006137164015644975, "lr": 0.000428443525097431, "wall": 1648.6}
{"arm": "fno-s", "epoch": 387, "steps": 21728, "train": 1.1732720027786553e-05, "val_mean": 0.0038676301471499567, "val_worst": 0.006394622536006114, "lr": 0.00042627551899522797, "wall": 1652.8}
{"arm": "fno-s", "epoch": 388, "steps": 21784, "train": 1.4701880958259159e-05, "val_mean": 0.0037831750066634625, "val_worst": 0.006460349394052126, "lr": 0.0004241080256629197, "wall": 1657.0}
{"arm": "fno-s", "epoch": 389, "steps": 21840, "train": 1.1412996402830353e-05, "val_mean": 0.0035548846579267846, "val_worst": 0.006242137688860265, "lr": 0.000421943833757982, "wall": 1661.3}
{"arm": "fno-s", "epoch": 390, "steps": 21896, "train": 1.1905993145606432e-05, "val_mean": 0.004251249293970898, "val_worst": 0.0069277492896894785, "lr": 0.0004197811995435623, "wall": 1665.5}
{"arm": "fno-s", "epoch": 391, "steps": 21952, "train": 1.2011893481071944e-05, "val_mean": 0.0036734637448571587, "val_worst": 0.006185361401066865, "lr": 0.0004176206031612724, "wall": 1669.7}
{"arm": "fno-s", "epoch": 392, "steps": 22008, "train": 1.0402507765652849e-05, "val_mean": 0.003469927563945729, "val_worst": 0.006152192989079987, "lr": 0.00041546066227238015, "wall": 1674.1}
{"arm": "fno-s", "epoch": 393, "steps": 22064, "train": 1.1263482748815818e-05, "val_mean": 0.003648179052834333, "val_worst": 0.006305492929170923, "lr": 0.0004132611421730024, "wall": 1678.3}
{"arm": "fno-s", "epoch": 394, "steps": 22120, "train": 1.1989958120082073e-05, "val_mean": 0.004230448661403819, "val_worst": 0.00661834328017201, "lr": 0.0004111046709152947, "wall": 1682.5}
{"arm": "fno-s", "epoch": 395, "steps": 22176, "train": 1.4076766847374086e-05, "val_mean": 0.004040977374540048, "val_worst": 0.006408189620978104, "lr": 0.00040895043417938796, "wall": 1686.8}
{"arm": "fno-s", "epoch": 396, "steps": 22232, "train": 1.157571292025761e-05, "val_mean": 0.0037975485855762476, "val_worst": 0.006381920448968316, "lr": 0.0004067985196671054, "wall": 1691.0}
{"arm": "fno-s", "epoch": 397, "steps": 22288, "train": 1.2154102527435932e-05, "val_mean": 0.003970148888167221, "val_worst": 0.006491184659479204, "lr": 0.0004046491100058583, "wall": 1695.2}
{"arm": "fno-s", "epoch": 398, "steps": 22344, "train": 3.08431107004994e-05, "val_mean": 0.005386077827805713, "val_worst": 0.0077096788834892255, "lr": 0.00040250002995080873, "wall": 1699.5}
{"arm": "fno-s", "epoch": 399, "steps": 22400, "train": 1.3443430618685255e-05, "val_mean": 0.003416549577145096, "val_worst": 0.006054327926861207, "lr": 0.00040035070141183904, "wall": 1703.8}
{"arm": "fno-s", "epoch": 400, "steps": 22456, "train": 1.0222784495629551e-05, "val_mean": 0.003516256029866047, "val_worst": 0.006285382488621749, "lr": 0.0003981655539765878, "wall": 1708.0}
{"arm": "fno-s", "epoch": 401, "steps": 22512, "train": 1.0491263963214356e-05, "val_mean": 0.0034849329619492967, "val_worst": 0.006162800259085714, "lr": 0.00039602355548205105, "wall": 1712.3}
{"arm": "fno-s", "epoch": 402, "steps": 22568, "train": 1.0542163349792428e-05, "val_mean": 0.003485848975566458, "val_worst": 0.006211781675141777, "lr": 0.00039388288809327814, "wall": 1716.5}
{"arm": "fno-s", "epoch": 403, "steps": 22624, "train": 1.0516880047888757e-05, "val_mean": 0.003625862420165815, "val_worst": 0.006203065186846231, "lr": 0.0003917454319767472, "wall": 1720.7}
{"arm": "fno-s", "epoch": 404, "steps": 22680, "train": 1.0673576113324841e-05, "val_mean": 0.003405221194207237, "val_worst": 0.006123817590307601, "lr": 0.0003896083932446568, "wall": 1725.1}
{"arm": "fno-s", "epoch": 405, "steps": 22736, "train": 1.0386862294550435e-05, "val_mean": 0.0035404956866439256, "val_worst": 0.006294631984094294, "lr": 0.00038742621902504806, "wall": 1729.3}
{"arm": "fno-s", "epoch": 406, "steps": 22792, "train": 1.1229046774294121e-05, "val_mean": 0.003583216131187985, "val_worst": 0.006154516764807119, "lr": 0.00038529289008831807, "wall": 1733.5}
{"arm": "fno-s", "epoch": 407, "steps": 22848, "train": 1.1681440036792515e-05, "val_mean": 0.0034223712099043097, "val_worst": 0.006039798024783357, "lr": 0.00038316434569489607, "wall": 1737.8}
{"arm": "fno-s", "epoch": 408, "steps": 22904, "train": 1.035681152192894e-05, "val_mean": 0.003581858797796082, "val_worst": 0.0061923682347634484, "lr": 0.0003810331699992065, "wall": 1742.0}
{"arm": "fno-s", "epoch": 409, "steps": 22960, "train": 1.0274004580004863e-05, "val_mean": 0.0036324189829377816, "val_worst": 0.006252481156278636, "lr": 0.00037890345309112683, "wall": 1746.3}
{"arm": "fno-s", "epoch": 410, "steps": 23016, "train": 1.0266538377298497e-05, "val_mean": 0.003519610476843479, "val_worst": 0.00616122138990111, "lr": 0.0003767810204995706, "wall": 1750.5}
{"arm": "fno-s", "epoch": 411, "steps": 23072, "train": 1.2575603771030296e-05, "val_mean": 0.003554563269130094, "val_worst": 0.006145478628922868, "lr": 0.0003746621736143541, "wall": 1754.7}
{"arm": "fno-s", "epoch": 412, "steps": 23128, "train": 1.2629394684321836e-05, "val_mean": 0.0037354846584086747, "val_worst": 0.006221342861458832, "lr": 0.0003725457824275842, "wall": 1759.0}
{"arm": "fno-s", "epoch": 413, "steps": 23184, "train": 1.4325180304463857e-05, "val_mean": 0.0043766386187833635, "val_worst": 0.007297597780164305, "lr": 0.00037042783700385267, "wall": 1763.2}
{"arm": "fno-s", "epoch": 414, "steps": 23240, "train": 1.0825937122680253e-05, "val_mean": 0.0035673518961601472, "val_worst": 0.0060350528952886374, "lr": 0.00036831688716188854, "wall": 1767.4}
{"arm": "fno-s", "epoch": 415, "steps": 23296, "train": 1.0630629799518838e-05, "val_mean": 0.003654192882272098, "val_worst": 0.006079231026345792, "lr": 0.0003662088914025881, "wall": 1771.7}
{"arm": "fno-s", "epoch": 416, "steps": 23352, "train": 1.0461749849454476e-05, "val_mean": 0.0033719720011558736, "val_worst": 0.006054599854021146, "lr": 0.0003641016166150593, "wall": 1776.0}
{"arm": "fno-s", "epoch": 417, "steps": 23408, "train": 1.0578782109758936e-05, "val_mean": 0.00346917228716393, "val_worst": 0.006026722591389098, "lr": 0.00036195483024105597, "wall": 1780.2}
{"arm": "fno-s", "epoch": 418, "steps": 23464, "train": 1.0285528891303206e-05, "val_mean": 0.003355908449789921, "val_worst": 0.005903097116045391, "lr": 0.0003598532816556339, "wall": 1784.6}
{"arm": "fno-s", "epoch": 419, "steps": 23520, "train": 9.842622114238288e-06, "val_mean": 0.003380990115866874, "val_worst": 0.006046971570069852, "lr": 0.0003577111533021529, "wall": 1788.8}
{"arm": "fno-s", "epoch": 420, "steps": 23576, "train": 1.2285566533643772e-05, "val_mean": 0.003757178795697912, "val_worst": 0.006313709298821585, "lr": 0.0003556169911397288, "wall": 1793.0}
{"arm": "fno-s", "epoch": 421, "steps": 23632, "train": 1.0899960435245066e-05, "val_mean": 0.003632544524756686, "val_worst": 0.006097781269603503, "lr": 0.0003535264296633445, "wall": 1797.3}
{"arm": "fno-s", "epoch": 422, "steps": 23688, "train": 1.1354639710186046e-05, "val_mean": 0.004764940630234361, "val_worst": 0.006972420010068169, "lr": 0.00035143745917363213, "wall": 1801.5}
{"arm": "fno-s", "epoch": 423, "steps": 23744, "train": 1.2291187666598963e-05, "val_mean": 0.0036033536295801616, "val_worst": 0.006062287330766569, "lr": 0.0003493527425989356, "wall": 1805.7}
{"arm": "fno-s", "epoch": 424, "steps": 23800, "train": 1.0255461610018562e-05, "val_mean": 0.00348028812860579, "val_worst": 0.006116611655085753, "lr": 0.00034727023999807735, "wall": 1810.0}
{"arm": "fno-s", "epoch": 425, "steps": 23856, "train": 1.1920226607887907e-05, "val_mean": 0.00360174026310418, "val_worst": 0.006318632832495948, "lr": 0.0003451911005491615, "wall": 1814.2}
{"arm": "fno-s", "epoch": 426, "steps": 23912, "train": 2.0205641192913987e-05, "val_mean": 0.003679749359047242, "val_worst": 0.006062962475936351, "lr": 0.00034311374846696005, "wall": 1818.4}
{"arm": "fno-s", "epoch": 427, "steps": 23968, "train": 1.017456589634698e-05, "val_mean": 0.0035640965026058286, "val_worst": 0.006042564522369779, "lr": 0.0003410413644851193, "wall": 1822.7}
{"arm": "fno-s", "epoch": 428, "steps": 24024, "train": 9.867282420378757e-06, "val_mean": 0.0034415797194898316, "val_worst": 0.006040656679682711, "lr": 0.0003389696055230736, "wall": 1826.9}
{"arm": "fno-s", "epoch": 429, "steps": 24080, "train": 9.856939210993224e-06, "val_mean": 0.003361090811444735, "val_worst": 0.005972204621433616, "lr": 0.00033690369986424007, "wall": 1831.1}
{"arm": "fno-s", "epoch": 430, "steps": 24136, "train": 9.844558210453881e-06, "val_mean": 0.003643909084684236, "val_worst": 0.006210457309824143, "lr": 0.0003348403906886514, "wall": 1835.4}
{"arm": "fno-s", "epoch": 431, "steps": 24192, "train": 1.0724051260520176e-05, "val_mean": 0.003382495124687488, "val_worst": 0.00601112639198888, "lr": 0.00033278087620490596, "wall": 1839.6}
{"arm": "fno-s", "epoch": 432, "steps": 24248, "train": 9.577649148074751e-06, "val_mean": 0.0033903224649413795, "val_worst": 0.005923642063611787, "lr": 0.0003307245560511288, "wall": 1843.9}
{"arm": "fno-s", "epoch": 433, "steps": 24304, "train": 9.659902617298826e-06, "val_mean": 0.0035037729184214626, "val_worst": 0.006135965868567708, "lr": 0.0003286664434474204, "wall": 1848.1}
{"arm": "fno-s", "epoch": 434, "steps": 24360, "train": 1.0491647537479625e-05, "val_mean": 0.0034060064610176785, "val_worst": 0.005929065835832497, "lr": 0.0003266172541610099, "wall": 1852.3}
{"arm": "fno-s", "epoch": 435, "steps": 24416, "train": 9.826712144559584e-06, "val_mean": 0.0033720243578172237, "val_worst": 0.005880372985685659, "lr": 0.0003245713106998159, "wall": 1856.6}
{"arm": "fno-s", "epoch": 436, "steps": 24472, "train": 9.84795377514674e-06, "val_mean": 0.003489849527074973, "val_worst": 0.005978371786480321, "lr": 0.00032252387117476684, "wall": 1860.8}
{"arm": "fno-s", "epoch": 437, "steps": 24528, "train": 1.02959809407516e-05, "val_mean": 0.003765505385902521, "val_worst": 0.006279595775495555, "lr": 0.0003204850723827381, "wall": 1865.0}
{"arm": "fno-s", "epoch": 438, "steps": 24584, "train": 1.0573146911314126e-05, "val_mean": 0.003445772155438009, "val_worst": 0.006103543905160472, "lr": 0.00031844970719899045, "wall": 1869.3}
{"arm": "fno-s", "epoch": 439, "steps": 24640, "train": 1.0392719083872352e-05, "val_mean": 0.0034373521511526176, "val_worst": 0.006002867374241205, "lr": 0.0003164181149813651, "wall": 1873.5}
{"arm": "fno-s", "epoch": 440, "steps": 24696, "train": 9.981561879146309e-06, "val_mean": 0.0035825439060559296, "val_worst": 0.005920588498661969, "lr": 0.00031439065108932455, "wall": 1877.8}
{"arm": "fno-s", "epoch": 441, "steps": 24752, "train": 9.774632461810251e-06, "val_mean": 0.0034811330056473866, "val_worst": 0.006010021991360224, "lr": 0.00031236342331833407, "wall": 1882.0}
{"arm": "fno-s", "epoch": 442, "steps": 24808, "train": 1.0527474732530804e-05, "val_mean": 0.0035704838388774703, "val_worst": 0.006118067514103561, "lr": 0.00031034359297354123, "wall": 1886.2}
{"arm": "fno-s", "epoch": 443, "steps": 24864, "train": 1.0556776239017624e-05, "val_mean": 0.00373090382387396, "val_worst": 0.006054253953917359, "lr": 0.00030832698310576464, "wall": 1890.5}
{"arm": "fno-s", "epoch": 444, "steps": 24920, "train": 1.3637975614243355e-05, "val_mean": 0.004046750285794181, "val_worst": 0.006357254760834752, "lr": 0.00030631479727967015, "wall": 1894.7}
{"arm": "fno-s", "epoch": 445, "steps": 24976, "train": 1.486182205432742e-05, "val_mean": 0.004524915772931763, "val_worst": 0.006343602626780063, "lr": 0.0003043064568072387, "wall": 1898.9}
{"arm": "fno-s", "epoch": 446, "steps": 25032, "train": 1.3043247973968069e-05, "val_mean": 0.003464796570757709, "val_worst": 0.005994404346941577, "lr": 0.0003023013602099562, "wall": 1903.2}
{"arm": "fno-s", "epoch": 447, "steps": 25088, "train": 9.855765120062904e-06, "val_mean": 0.003337972012628782, "val_worst": 0.005800669462633364, "lr": 0.0003002992163810732, "wall": 1907.5}
{"arm": "fno-s", "epoch": 448, "steps": 25144, "train": 9.348008207052092e-06, "val_mean": 0.003276174336409411, "val_worst": 0.005841104327691664, "lr": 0.0002982574733297888, "wall": 1911.8}
{"arm": "fno-s", "epoch": 449, "steps": 25200, "train": 9.248331782958924e-06, "val_mean": 0.003335025913453165, "val_worst": 0.005911579984306733, "lr": 0.00029622622294925, "wall": 1916.1}
{"arm": "fno-s", "epoch": 450, "steps": 25256, "train": 9.276113702955707e-06, "val_mean": 0.003449317013560296, "val_worst": 0.005953064174471236, "lr": 0.0002942384480929855, "wall": 1920.3}
{"arm": "fno-s", "epoch": 451, "steps": 25312, "train": 9.781974037250725e-06, "val_mean": 0.0033680308362172267, "val_worst": 0.005891721789671224, "lr": 0.0002922547857104082, "wall": 1924.5}
{"arm": "fno-s", "epoch": 452, "steps": 25368, "train": 9.310855044140189e-06, "val_mean": 0.0032960297421329855, "val_worst": 0.005927453248355867, "lr": 0.00029027396851500313, "wall": 1928.8}
{"arm": "fno-s", "epoch": 453, "steps": 25424, "train": 9.4471890805444e-06, "val_mean": 0.003287718027190153, "val_worst": 0.005742903762922695, "lr": 0.0002882985999884851, "wall": 1933.0}
{"arm": "fno-s", "epoch": 454, "steps": 25480, "train": 9.703096635565952e-06, "val_mean": 0.00339621008226137, "val_worst": 0.0058576545874074164, "lr": 0.00028632724089060543, "wall": 1937.2}
{"arm": "fno-s", "epoch": 455, "steps": 25536, "train": 1.197689952427046e-05, "val_mean": 0.003350115851543216, "val_worst": 0.005816167040082258, "lr": 0.0002843602974555577, "wall": 1941.5}
{"arm": "fno-s", "epoch": 456, "steps": 25592, "train": 9.290095950133622e-06, "val_mean": 0.003345412006439199, "val_worst": 0.005901054509826737, "lr": 0.000282397732348618, "wall": 1945.7}
{"arm": "fno-s", "epoch": 457, "steps": 25648, "train": 9.61257399542032e-06, "val_mean": 0.003248285059735436, "val_worst": 0.005815019966303282, "lr": 0.0002804385932275357, "wall": 1950.0}
{"arm": "fno-s", "epoch": 458, "steps": 25704, "train": 9.151743319439621e-06, "val_mean": 0.0033242721045581617, "val_worst": 0.005873684466061024, "lr": 0.0002784389757894465, "wall": 1954.3}
{"arm": "fno-s", "epoch": 459, "steps": 25760, "train": 1.0250380721797384e-05, "val_mean": 0.003355934664314095, "val_worst": 0.005933623585280633, "lr": 0.0002764792417624691, "wall": 1958.5}
{"arm": "fno-s", "epoch": 460, "steps": 25816, "train": 9.42179059566716e-06, "val_mean": 0.003312980392304329, "val_worst": 0.005787771695057836, "lr": 0.0002745340487264144, "wall": 1962.8}
{"arm": "fno-s", "epoch": 461, "steps": 25872, "train": 9.12594719434098e-06, "val_mean": 0.0034695787930482044, "val_worst": 0.0060195688947552745, "lr": 0.00027259412949918576, "wall": 1967.0}
{"arm": "fno-s", "epoch": 462, "steps": 25928, "train": 9.723626588836711e-06, "val_mean": 0.0033598028360017494, "val_worst": 0.005931304241288261, "lr": 0.00027065861605913416, "wall": 1971.2}
{"arm": "fno-s", "epoch": 463, "steps": 25984, "train": 9.642821715575896e-06, "val_mean": 0.0036291997864474814, "val_worst": 0.00594025529440658, "lr": 0.00026872730732599486, "wall": 1975.5}
{"arm": "fno-s", "epoch": 464, "steps": 26040, "train": 9.559341549293354e-06, "val_mean": 0.0032029793611919825, "val_worst": 0.005807960233689532, "lr": 0.0002668009803858053, "wall": 1979.8}
{"arm": "fno-s", "epoch": 465, "steps": 26096, "train": 9.43566820511607e-06, "val_mean": 0.00352027335342642, "val_worst": 0.005907148197685246, "lr": 0.00026483368961233736, "wall": 1984.0}
{"arm": "fno-s", "epoch": 466, "steps": 26152, "train": 8.985791842380927e-06, "val_mean": 0.0032053211106833762, "val_worst": 0.005789340383447911, "lr": 0.0002629151697038725, "wall": 1988.3}
{"arm": "fno-s", "epoch": 467, "steps": 26208, "train": 9.146136433132502e-06, "val_mean": 0.0033304465287666554, "val_worst": 0.005816153723517397, "lr": 0.0002610021276076129, "wall": 1992.5}
{"arm": "fno-s", "epoch": 468, "steps": 26264, "train": 9.323866805505947e-06, "val_mean": 0.0033481197246030573, "val_worst": 0.005800046141918036, "lr": 0.00025909253103169447, "wall": 1996.7}
{"arm": "fno-s", "epoch": 469, "steps": 26320, "train": 9.748709704538295e-06, "val_mean": 0.0032994674563748055, "val_worst": 0.005827921405511348, "lr": 0.00025718978310633483, "wall": 2001.0}
{"arm": "fno-s", "epoch": 470, "steps": 26376, "train": 9.306887647380619e-06, "val_mean": 0.003384466074575796, "val_worst": 0.005799795736278935, "lr": 0.00025529186851629723, "wall": 2005.2}
{"arm": "fno-s", "epoch": 471, "steps": 26432, "train": 1.0581645768406403e-05, "val_mean": 0.003481478961583375, "val_worst": 0.005966447054206315, "lr": 0.0002533983553920132, "wall": 2009.4}
{"arm": "fno-s", "epoch": 472, "steps": 26488, "train": 9.154763594225218e-06, "val_mean": 0.0033392640907623054, "val_worst": 0.005819500418333087, "lr": 0.0002515104125922416, "wall": 2013.7}
{"arm": "fno-s", "epoch": 473, "steps": 26544, "train": 9.294419122882818e-06, "val_mean": 0.0032828522278082724, "val_worst": 0.005759773782044104, "lr": 0.0002496226762227191, "wall": 2017.9}
{"arm": "fno-s", "epoch": 474, "steps": 26600, "train": 1.0517670178833641e-05, "val_mean": 0.0037641731397659133, "val_worst": 0.0065335903443082925, "lr": 0.00024774396733716206, "wall": 2022.2}
{"arm": "fno-s", "epoch": 475, "steps": 26656, "train": 1.1745240303631115e-05, "val_mean": 0.003242097651280207, "val_worst": 0.005789588297777105, "lr": 0.0002458710141671803, "wall": 2026.4}
{"arm": "fno-s", "epoch": 476, "steps": 26712, "train": 8.756917847352632e-06, "val_mean": 0.0031494049486163658, "val_worst": 0.005708231416879843, "lr": 0.00024400271229961745, "wall": 2030.7}
{"arm": "fno-s", "epoch": 477, "steps": 26768, "train": 8.781783490124756e-06, "val_mean": 0.003227553207954174, "val_worst": 0.005758597213144611, "lr": 0.00024210286661436646, "wall": 2035.0}
{"arm": "fno-s", "epoch": 478, "steps": 26824, "train": 9.184712451901696e-06, "val_mean": 0.0032132799964114897, "val_worst": 0.005689584835482349, "lr": 0.0002402459156402463, "wall": 2039.2}
{"arm": "fno-s", "epoch": 479, "steps": 26880, "train": 8.843576253030153e-06, "val_mean": 0.003304995635082426, "val_worst": 0.005792106650979107, "lr": 0.00023839368546345568, "wall": 2043.4}
{"arm": "fno-s", "epoch": 480, "steps": 26936, "train": 9.087722030595204e-06, "val_mean": 0.0033227950463381225, "val_worst": 0.00571647921390236, "lr": 0.00023654644423907795, "wall": 2047.7}
{"arm": "fno-s", "epoch": 481, "steps": 26992, "train": 9.081446513681618e-06, "val_mean": 0.0032225262532063733, "val_worst": 0.00576212907939065, "lr": 0.00023470503354232615, "wall": 2051.9}
{"arm": "fno-s", "epoch": 482, "steps": 27048, "train": 9.193311307238874e-06, "val_mean": 0.0031766577467652853, "val_worst": 0.005711532332462832, "lr": 0.0002328690542373267, "wall": 2056.1}
{"arm": "fno-s", "epoch": 483, "steps": 27104, "train": 8.865276695183249e-06, "val_mean": 0.0032442032624560298, "val_worst": 0.0058027836857391995, "lr": 0.0002310377608415935, "wall": 2060.4}
{"arm": "fno-s", "epoch": 484, "steps": 27160, "train": 9.044551083720539e-06, "val_mean": 0.0031735125318727384, "val_worst": 0.005740110063069634, "lr": 0.000229211896110247, "wall": 2064.6}
{"arm": "fno-s", "epoch": 485, "steps": 27216, "train": 1.0240630636515238e-05, "val_mean": 0.0032974680539840165, "val_worst": 0.005923611105982967, "lr": 0.00022739157582790214, "wall": 2068.8}
{"arm": "fno-s", "epoch": 486, "steps": 27272, "train": 1.2685347720484237e-05, "val_mean": 0.0034763168954588183, "val_worst": 0.005836505460669418, "lr": 0.00022557483254094965, "wall": 2073.1}
{"arm": "fno-s", "epoch": 487, "steps": 27328, "train": 9.253000214643188e-06, "val_mean": 0.0032148029090477543, "val_worst": 0.005748704434847375, "lr": 0.0002237638473602085, "wall": 2077.3}
{"arm": "fno-s", "epoch": 488, "steps": 27384, "train": 8.62623219993724e-06, "val_mean": 0.003165072982032382, "val_worst": 0.005719546327851929, "lr": 0.00022195992835040657, "wall": 2081.5}
{"arm": "fno-s", "epoch": 489, "steps": 27440, "train": 8.571666810369663e-06, "val_mean": 0.0032610940124593794, "val_worst": 0.005727736259512483, "lr": 0.00022016185235518445, "wall": 2085.8}
{"arm": "fno-s", "epoch": 490, "steps": 27496, "train": 8.846674338758352e-06, "val_mean": 0.003210326810671441, "val_worst": 0.005716618532122641, "lr": 0.00021836914171342823, "wall": 2090.0}
{"arm": "fno-s", "epoch": 491, "steps": 27552, "train": 8.51582606953409e-06, "val_mean": 0.0031695414466818, "val_worst": 0.005646178505384498, "lr": 0.00021658155884331633, "wall": 2094.3}
{"arm": "fno-s", "epoch": 492, "steps": 27608, "train": 8.54784824219446e-06, "val_mean": 0.003318106219803214, "val_worst": 0.005827588529717712, "lr": 0.0002147966144630109, "wall": 2098.5}
{"arm": "fno-s", "epoch": 493, "steps": 27664, "train": 8.790254571052835e-06, "val_mean": 0.0032250144086371853, "val_worst": 0.005717944456841145, "lr": 0.00021302102774918165, "wall": 2102.7}
{"arm": "fno-s", "epoch": 494, "steps": 27720, "train": 8.662556314143851e-06, "val_mean": 0.003197719461605289, "val_worst": 0.0057114973606074175, "lr": 0.00021125133511568528, "wall": 2107.0}
{"arm": "fno-s", "epoch": 495, "steps": 27776, "train": 8.616913254894443e-06, "val_mean": 0.0031768510594203723, "val_worst": 0.00573215770276689, "lr": 0.00020948649634877308, "wall": 2111.2}
{"arm": "fno-s", "epoch": 496, "steps": 27832, "train": 8.721307025002297e-06, "val_mean": 0.003316354865954314, "val_worst": 0.005747326080821956, "lr": 0.0002077283131477301, "wall": 2115.4}
{"arm": "fno-s", "epoch": 497, "steps": 27888, "train": 9.05129270485833e-06, "val_mean": 0.0033069838172407576, "val_worst": 0.005753386259468478, "lr": 0.00020597548502720485, "wall": 2119.7}
{"arm": "fno-s", "epoch": 498, "steps": 27944, "train": 8.784706932066228e-06, "val_mean": 0.0031643671204814013, "val_worst": 0.005635772124612542, "lr": 0.00020422794386358266, "wall": 2123.9}
{"arm": "fno-s", "epoch": 499, "steps": 28000, "train": 8.821188268801144e-06, "val_mean": 0.0032021958000361993, "val_worst": 0.005698804989623374, "lr": 0.00020248671300186627, "wall": 2128.1}
{"arm": "fno-s", "epoch": 500, "steps": 28056, "train": 8.537046088050991e-06, "val_mean": 0.0031536584018159574, "val_worst": 0.005670846824170716, "lr": 0.0002007517268572421, "wall": 2132.4}
{"arm": "fno-s", "epoch": 501, "steps": 28112, "train": 8.543395525002283e-06, "val_mean": 0.003241438504687364, "val_worst": 0.005687655049251277, "lr": 0.0001990231924878662, "wall": 2136.6}
{"arm": "fno-s", "epoch": 502, "steps": 28168, "train": 8.572672448937005e-06, "val_mean": 0.0031841759559415876, "val_worst": 0.005678905580806408, "lr": 0.0001973006093950245, "wall": 2140.9}
{"arm": "fno-s", "epoch": 503, "steps": 28224, "train": 8.585359809514367e-06, "val_mean": 0.003288738439369504, "val_worst": 0.005760257931208825, "lr": 0.00019558097038183795, "wall": 2145.1}
{"arm": "fno-s", "epoch": 504, "steps": 28280, "train": 8.53980064610217e-06, "val_mean": 0.0031836475671888896, "val_worst": 0.00567073348059675, "lr": 0.00019387059145226204, "wall": 2149.3}
{"arm": "fno-s", "epoch": 505, "steps": 28336, "train": 8.63545236825311e-06, "val_mean": 0.0033199933479158184, "val_worst": 0.005720104545856975, "lr": 0.00019216011083003143, "wall": 2153.6}
{"arm": "fno-s", "epoch": 506, "steps": 28392, "train": 8.72894483655771e-06, "val_mean": 0.003203642837708036, "val_worst": 0.005677320379946323, "lr": 0.00019045978552353733, "wall": 2157.8}
{"arm": "fno-s", "epoch": 507, "steps": 28448, "train": 8.44711523523893e-06, "val_mean": 0.0031815829521512095, "val_worst": 0.005650584689163601, "lr": 0.00018876668159037723, "wall": 2162.1}
{"arm": "fno-s", "epoch": 508, "steps": 28504, "train": 8.505023880872342e-06, "val_mean": 0.0032027947784932422, "val_worst": 0.005734069155875754, "lr": 0.00018708133210636985, "wall": 2166.3}
{"arm": "fno-s", "epoch": 509, "steps": 28560, "train": 8.913223023063998e-06, "val_mean": 0.0031544081265742216, "val_worst": 0.005669065121006236, "lr": 0.00018539992345949764, "wall": 2170.5}
{"arm": "fno-s", "epoch": 510, "steps": 28616, "train": 8.639306900807764e-06, "val_mean": 0.003186164899202269, "val_worst": 0.005762568346665732, "lr": 0.000183727067844465, "wall": 2174.8}
{"arm": "fno-s", "epoch": 511, "steps": 28672, "train": 8.641983890002617e-06, "val_mean": 0.00318761929500748, "val_worst": 0.005722308807710323, "lr": 0.00018205657393261345, "wall": 2179.0}
{"arm": "fno-s", "epoch": 512, "steps": 28728, "train": 8.371336559234571e-06, "val_mean": 0.003215419692483003, "val_worst": 0.005682496260090787, "lr": 0.00018039568147170076, "wall": 2183.2}
{"arm": "fno-s", "epoch": 513, "steps": 28784, "train": 8.487134481463465e-06, "val_mean": 0.003198379683969281, "val_worst": 0.005683309875740929, "lr": 0.0001787401996018364, "wall": 2187.5}
{"arm": "fno-s", "epoch": 514, "steps": 28840, "train": 8.41813902837222e-06, "val_mean": 0.0031573370916857055, "val_worst": 0.005640211838158415, "lr": 0.00017709224659911507, "wall": 2191.7}
{"arm": "fno-s", "epoch": 515, "steps": 28896, "train": 8.458861033553224e-06, "val_mean": 0.0031659074296395786, "val_worst": 0.005611582991995781, "lr": 0.00017545142063794372, "wall": 2196.0}
{"arm": "fno-s", "epoch": 516, "steps": 28952, "train": 8.558595911677817e-06, "val_mean": 0.003137296460576004, "val_worst": 0.005624669518806248, "lr": 0.0001738166492069465, "wall": 2200.3}
{"arm": "fno-s", "epoch": 517, "steps": 29008, "train": 8.35037569634032e-06, "val_mean": 0.0031419781289110703, "val_worst": 0.005561967131092546, "lr": 0.00017215414703171535, "wall": 2204.5}
{"arm": "fno-s", "epoch": 518, "steps": 29064, "train": 8.862562756758276e-06, "val_mean": 0.003121276689479398, "val_worst": 0.005700207821868723, "lr": 0.00017053213196054472, "wall": 2208.8}
{"arm": "fno-s", "epoch": 519, "steps": 29120, "train": 8.26989952433972e-06, "val_mean": 0.003276800326908089, "val_worst": 0.005601835715770149, "lr": 0.00016888222771169962, "wall": 2213.1}
{"arm": "fno-s", "epoch": 520, "steps": 29176, "train": 8.922261420939736e-06, "val_mean": 0.0031917509983239592, "val_worst": 0.005571444482706553, "lr": 0.00016727393211188197, "wall": 2217.3}
{"arm": "fno-s", "epoch": 521, "steps": 29232, "train": 8.28028682294937e-06, "val_mean": 0.0032653956221558433, "val_worst": 0.005652850263370088, "lr": 0.00016567202253445093, "wall": 2221.5}
{"arm": "fno-s", "epoch": 522, "steps": 29288, "train": 8.461360607732056e-06, "val_mean": 0.0031463628782439244, "val_worst": 0.005583953059621791, "lr": 0.0001640733964669411, "wall": 2225.8}
{"arm": "fno-s", "epoch": 523, "steps": 29344, "train": 8.950101745347286e-06, "val_mean": 0.0031015040537260086, "val_worst": 0.005571667247189446, "lr": 0.00016248527355720534, "wall": 2230.1}
{"arm": "fno-s", "epoch": 524, "steps": 29400, "train": 8.105783644206327e-06, "val_mean": 0.0030828929001491616, "val_worst": 0.005578895648439738, "lr": 0.00016087286818199084, "wall": 2234.4}
{"arm": "fno-s", "epoch": 525, "steps": 29456, "train": 8.165224799097376e-06, "val_mean": 0.003195703924073409, "val_worst": 0.0055580081530551394, "lr": 0.00015926541037985492, "wall": 2238.7}
{"arm": "fno-s", "epoch": 526, "steps": 29512, "train": 8.187823198531461e-06, "val_mean": 0.0031682097471345413, "val_worst": 0.005616953116791271, "lr": 0.00015769779798479588, "wall": 2242.9}
{"arm": "fno-s", "epoch": 527, "steps": 29568, "train": 8.192699930970127e-06, "val_mean": 0.003112242552376001, "val_worst": 0.0055507160711759165, "lr": 0.00015613549538634144, "wall": 2247.1}
{"arm": "fno-s", "epoch": 528, "steps": 29624, "train": 8.140754914173362e-06, "val_mean": 0.003069423860012948, "val_worst": 0.005604838347297519, "lr": 0.00015458133264091852, "wall": 2251.5}
{"arm": "fno-s", "epoch": 529, "steps": 29680, "train": 8.39884458205474e-06, "val_mean": 0.0031027472399593973, "val_worst": 0.005610826982705252, "lr": 0.0001529987507894765, "wall": 2255.7}
{"arm": "fno-s", "epoch": 530, "steps": 29736, "train": 8.063517396861183e-06, "val_mean": 0.0030632991649226253, "val_worst": 0.005527829419973564, "lr": 0.0001514549601415459, "wall": 2260.0}
{"arm": "fno-s", "epoch": 531, "steps": 29792, "train": 8.198680409287604e-06, "val_mean": 0.0032200888837202513, "val_worst": 0.005694225035499408, "lr": 0.0001498878723989236, "wall": 2264.3}
{"arm": "fno-s", "epoch": 532, "steps": 29848, "train": 8.14337348106195e-06, "val_mean": 0.003083065955781011, "val_worst": 0.005551477069971439, "lr": 0.00014836104512536122, "wall": 2268.5}
{"arm": "fno-s", "epoch": 533, "steps": 29904, "train": 8.04231998650955e-06, "val_mean": 0.00317895049700969, "val_worst": 0.005735985743971122, "lr": 0.00014684122655626695, "wall": 2272.8}
{"arm": "fno-s", "epoch": 534, "steps": 29960, "train": 8.254715032776308e-06, "val_mean": 0.003063773243837431, "val_worst": 0.005554913784827677, "lr": 0.00014532818941903584, "wall": 2277.0}
{"arm": "fno-s", "epoch": 535, "steps": 30016, "train": 8.1779380527129e-06, "val_mean": 0.0031548342469718306, "val_worst": 0.0056029634410377, "lr": 0.0001438216742634504, "wall": 2281.2}
{"arm": "fno-s", "epoch": 536, "steps": 30072, "train": 8.146769484038328e-06, "val_mean": 0.0031669852225392862, "val_worst": 0.005564022325841125, "lr": 0.00014232273285517112, "wall": 2285.5}
{"arm": "fno-s", "epoch": 537, "steps": 30128, "train": 8.083623946016389e-06, "val_mean": 0.0031001126594580363, "val_worst": 0.005592175787660392, "lr": 0.0001408315791327199, "wall": 2289.7}
{"arm": "fno-s", "epoch": 538, "steps": 30184, "train": 8.087106476943938e-06, "val_mean": 0.0030910729995236134, "val_worst": 0.0056570185338390535, "lr": 0.00013934728233264897, "wall": 2294.0}
{"arm": "fno-s", "epoch": 539, "steps": 30240, "train": 8.06429352988637e-06, "val_mean": 0.0030779222229996264, "val_worst": 0.005486386715223302, "lr": 0.00013787039116056816, "wall": 2298.2}
{"arm": "fno-s", "epoch": 540, "steps": 30296, "train": 8.030898513021736e-06, "val_mean": 0.0030560948909492723, "val_worst": 0.005433959076132592, "lr": 0.00013640078611848813, "wall": 2302.5}
{"arm": "fno-s", "epoch": 541, "steps": 30352, "train": 8.015510542488718e-06, "val_mean": 0.003059294325251137, "val_worst": 0.005531068155696304, "lr": 0.0001349129720688512, "wall": 2306.7}
{"arm": "fno-s", "epoch": 542, "steps": 30408, "train": 8.089013928980234e-06, "val_mean": 0.0032447105007377126, "val_worst": 0.005675907431498792, "lr": 0.00013344713594704873, "wall": 2311.0}
{"arm": "fno-s", "epoch": 543, "steps": 30464, "train": 8.04632221799764e-06, "val_mean": 0.003087895092414997, "val_worst": 0.005564524439684485, "lr": 0.0001319937775676853, "wall": 2315.3}
{"arm": "fno-s", "epoch": 544, "steps": 30520, "train": 8.07695963778639e-06, "val_mean": 0.003181450933980978, "val_worst": 0.005562240347653963, "lr": 0.000130549974894046, "wall": 2319.5}
{"arm": "fno-s", "epoch": 545, "steps": 30576, "train": 8.0547472406101e-06, "val_mean": 0.0030195437331189618, "val_worst": 0.005490837378156257, "lr": 0.00012911715812709154, "wall": 2323.8}
{"arm": "fno-s", "epoch": 546, "steps": 30632, "train": 8.050153122097676e-06, "val_mean": 0.0030587160048746584, "val_worst": 0.005472144686325607, "lr": 0.00012766263094721975, "wall": 2328.1}
{"arm": "fno-s", "epoch": 547, "steps": 30688, "train": 7.975569920734303e-06, "val_mean": 0.0030306286856492917, "val_worst": 0.00551901294537507, "lr": 0.0001262442102182464, "wall": 2332.3}
{"arm": "fno-s", "epoch": 548, "steps": 30744, "train": 7.93270716864451e-06, "val_mean": 0.003090947068095884, "val_worst": 0.005536811137006678, "lr": 0.0001248330380925194, "wall": 2336.5}
{"arm": "fno-s", "epoch": 549, "steps": 30800, "train": 8.193007076937241e-06, "val_mean": 0.003043678902683513, "val_worst": 0.005482203254024569, "lr": 0.00012342995577277198, "wall": 2340.8}
{"arm": "fno-s", "epoch": 550, "steps": 30856, "train": 7.935233384514547e-06, "val_mean": 0.0030623076261503328, "val_worst": 0.005460690583624474, "lr": 0.00012203453565614205, "wall": 2345.0}
{"arm": "fno-s", "epoch": 551, "steps": 30912, "train": 7.974390741069219e-06, "val_mean": 0.003168102559556187, "val_worst": 0.005607836780489069, "lr": 0.00012064628922998069, "wall": 2349.3}
{"arm": "fno-s", "epoch": 552, "steps": 30968, "train": 7.973022785654453e-06, "val_mean": 0.003125384470722811, "val_worst": 0.0055502999634256455, "lr": 0.00011926560329871705, "wall": 2353.5}
{"arm": "fno-s", "epoch": 553, "steps": 31024, "train": 7.929025604783366e-06, "val_mean": 0.003070096007951959, "val_worst": 0.00552151660915962, "lr": 0.00011789211162364573, "wall": 2357.7}
{"arm": "fno-s", "epoch": 554, "steps": 31080, "train": 7.795966189523015e-06, "val_mean": 0.003003109096658493, "val_worst": 0.005483014095809397, "lr": 0.00011652695897780411, "wall": 2362.1}
{"arm": "fno-s", "epoch": 555, "steps": 31136, "train": 7.927305483635104e-06, "val_mean": 0.0030593758967240696, "val_worst": 0.0054803356070430645, "lr": 0.00011513370381197468, "wall": 2366.3}
{"arm": "fno-s", "epoch": 556, "steps": 31192, "train": 7.857666475103744e-06, "val_mean": 0.003026422968085458, "val_worst": 0.005470108753079885, "lr": 0.00011378321303237498, "wall": 2370.6}
{"arm": "fno-s", "epoch": 557, "steps": 31248, "train": 7.904340513806641e-06, "val_mean": 0.0030273556368688383, "val_worst": 0.005485866083567106, "lr": 0.00011244099153892826, "wall": 2374.8}
{"arm": "fno-s", "epoch": 558, "steps": 31304, "train": 7.894808774468491e-06, "val_mean": 0.0030226009627808753, "val_worst": 0.005420712859705026, "lr": 0.00011110655603028613, "wall": 2379.0}
{"arm": "fno-s", "epoch": 559, "steps": 31360, "train": 7.75046804921452e-06, "val_mean": 0.0030342232887271715, "val_worst": 0.005446782492987489, "lr": 0.00010977982994808093, "wall": 2383.3}
{"arm": "fno-s", "epoch": 560, "steps": 31416, "train": 7.833202496061215e-06, "val_mean": 0.0030546596850323108, "val_worst": 0.005442584137043919, "lr": 0.0001084515698161851, "wall": 2387.6}
{"arm": "fno-s", "epoch": 561, "steps": 31472, "train": 7.824876386998306e-06, "val_mean": 0.003046533957028104, "val_worst": 0.0054573318664240525, "lr": 0.00010714001906387284, "wall": 2391.8}
{"arm": "fno-s", "epoch": 562, "steps": 31528, "train": 7.760000641700435e-06, "val_mean": 0.003025793085828228, "val_worst": 0.005502886492490987, "lr": 0.0001058369843839323, "wall": 2396.0}
{"arm": "fno-s", "epoch": 563, "steps": 31584, "train": 7.861421668801057e-06, "val_mean": 0.003028850281768296, "val_worst": 0.005434315603291655, "lr": 0.00010454168741769232, "wall": 2400.3}
{"arm": "fno-s", "epoch": 564, "steps": 31640, "train": 7.793677891218241e-06, "val_mean": 0.0029952494107296952, "val_worst": 0.005440050795943658, "lr": 0.00010325403040312637, "wall": 2404.6}
{"arm": "fno-s", "epoch": 565, "steps": 31696, "train": 7.851266871959108e-06, "val_mean": 0.003074830807213228, "val_worst": 0.0054915631816096, "lr": 0.00010194126519295998, "wall": 2408.9}
{"arm": "fno-s", "epoch": 566, "steps": 31752, "train": 7.840373200827251e-06, "val_mean": 0.0030292580364357927, "val_worst": 0.005472557735662091, "lr": 0.00010067003433132429, "wall": 2413.1}
{"arm": "fno-s", "epoch": 567, "steps": 31808, "train": 7.823369184295637e-06, "val_mean": 0.003013848981221566, "val_worst": 0.005486985598460821, "lr": 9.940574915710803e-05, "wall": 2417.3}
{"arm": "fno-s", "epoch": 568, "steps": 31864, "train": 7.67033101973303e-06, "val_mean": 0.0030273622772732807, "val_worst": 0.005478188643477402, "lr": 9.815029191261833e-05, "wall": 2421.6}
{"arm": "fno-s", "epoch": 569, "steps": 31920, "train": 7.78579545240674e-06, "val_mean": 0.0030251942782220727, "val_worst": 0.005473513214057687, "lr": 9.69032434142167e-05, "wall": 2425.8}
{"arm": "fno-s", "epoch": 570, "steps": 31976, "train": 7.746616735061424e-06, "val_mean": 0.003038992703635675, "val_worst": 0.005481039440390763, "lr": 9.566353881729736e-05, "wall": 2430.0}
{"arm": "fno-s", "epoch": 571, "steps": 32032, "train": 7.688148017150023e-06, "val_mean": 0.0029973439286134535, "val_worst": 0.005483905176159846, "lr": 9.443229641332766e-05, "wall": 2434.3}
{"arm": "fno-s", "epoch": 572, "steps": 32088, "train": 7.658289666150875e-06, "val_mean": 0.002994040540240063, "val_worst": 0.005457714951975738, "lr": 9.320803174959798e-05, "wall": 2438.6}
{"arm": "fno-s", "epoch": 573, "steps": 32144, "train": 7.742014682120826e-06, "val_mean": 0.003021725839954364, "val_worst": 0.005430118704904694, "lr": 9.196703986198772e-05, "wall": 2442.9}
{"arm": "fno-s", "epoch": 574, "steps": 32200, "train": 7.809009967935098e-06, "val_mean": 0.0030110100614507158, "val_worst": 0.005473326056849752, "lr": 9.076031108083173e-05, "wall": 2447.1}
{"arm": "fno-s", "epoch": 575, "steps": 32256, "train": 7.698530261309459e-06, "val_mean": 0.003055598065126967, "val_worst": 0.005422942747333381, "lr": 8.956187503143379e-05, "wall": 2451.3}
{"arm": "fno-s", "epoch": 576, "steps": 32312, "train": 7.766188532955843e-06, "val_mean": 0.0029792993647389217, "val_worst": 0.0054519023355739295, "lr": 8.837129650931111e-05, "wall": 2455.7}
{"arm": "fno-s", "epoch": 577, "steps": 32368, "train": 7.763880756308879e-06, "val_mean": 0.0029938730849178577, "val_worst": 0.005432556371190802, "lr": 8.716136068317242e-05, "wall": 2459.9}
{"arm": "fno-s", "epoch": 578, "steps": 32424, "train": 7.723282755186326e-06, "val_mean": 0.0031812657781677143, "val_worst": 0.005585744240843654, "lr": 8.59869051932225e-05, "wall": 2464.2}
{"arm": "fno-s", "epoch": 579, "steps": 32480, "train": 7.610551316932266e-06, "val_mean": 0.003016497441328905, "val_worst": 0.005483531817136976, "lr": 8.482099185126303e-05, "wall": 2468.4}
{"arm": "fno-s", "epoch": 580, "steps": 32536, "train": 7.703480590485657e-06, "val_mean": 0.0029763180772753818, "val_worst": 0.005460122997849705, "lr": 8.366376145380165e-05, "wall": 2472.7}
{"arm": "fno-s", "epoch": 581, "steps": 32592, "train": 7.654838277257269e-06, "val_mean": 0.003026006099121523, "val_worst": 0.005449770881672758, "lr": 8.249444462852146e-05, "wall": 2476.9}
{"arm": "fno-s", "epoch": 582, "steps": 32648, "train": 7.5772581517602e-06, "val_mean": 0.0029845404956991063, "val_worst": 0.005429503644034168, "lr": 8.135407531302591e-05, "wall": 2481.2}
{"arm": "fno-s", "epoch": 583, "steps": 32704, "train": 7.65341061432813e-06, "val_mean": 0.0029791222055872892, "val_worst": 0.005390080717018096, "lr": 8.022148052398522e-05, "wall": 2485.4}
{"arm": "fno-s", "epoch": 584, "steps": 32760, "train": 7.625111418295241e-06, "val_mean": 0.002985056968203671, "val_worst": 0.005446730609483677, "lr": 7.909651881996079e-05, "wall": 2489.7}
{"arm": "fno-s", "epoch": 585, "steps": 32816, "train": 7.592687401259497e-06, "val_mean": 0.0029700370619704193, "val_worst": 0.0054133647990828974, "lr": 7.798115508791211e-05, "wall": 2494.0}
{"arm": "fno-s", "epoch": 586, "steps": 32872, "train": 7.545292990198757e-06, "val_mean": 0.0029854019955497376, "val_worst": 0.005416067847513737, "lr": 7.685044036646077e-05, "wall": 2498.2}
{"arm": "fno-s", "epoch": 587, "steps": 32928, "train": 7.6182687349286775e-06, "val_mean": 0.0029859569426704483, "val_worst": 0.005405857212670224, "lr": 7.575212370314101e-05, "wall": 2502.5}
{"arm": "fno-s", "epoch": 588, "steps": 32984, "train": 7.633425621426925e-06, "val_mean": 0.0030120375929097738, "val_worst": 0.005444705798468449, "lr": 7.465995302038069e-05, "wall": 2506.7}
{"arm": "fno-s", "epoch": 589, "steps": 33040, "train": 7.550260008274544e-06, "val_mean": 0.002978703568581175, "val_worst": 0.005397969859686355, "lr": 7.357839449685542e-05, "wall": 2511.0}
{"arm": "fno-s", "epoch": 590, "steps": 33096, "train": 7.549222723850969e-06, "val_mean": 0.0029784283689795613, "val_worst": 0.005418499956026634, "lr": 7.250347012133857e-05, "wall": 2515.2}
{"arm": "fno-s", "epoch": 591, "steps": 33152, "train": 7.5196141006254515e-06, "val_mean": 0.002951786976961897, "val_worst": 0.005393510073137201, "lr": 7.143761991176603e-05, "wall": 2519.5}
{"arm": "fno-s", "epoch": 592, "steps": 33208, "train": 7.4820601011297594e-06, "val_mean": 0.0029677506373675267, "val_worst": 0.005411707173300007, "lr": 7.036029057456527e-05, "wall": 2523.8}
{"arm": "fno-s", "epoch": 593, "steps": 33264, "train": 7.508133651773346e-06, "val_mean": 0.0029757180315935156, "val_worst": 0.005384492911047331, "lr": 6.931323982774481e-05, "wall": 2528.0}
{"arm": "fno-s", "epoch": 594, "steps": 33320, "train": 7.542408610341086e-06, "val_mean": 0.002977345484004103, "val_worst": 0.00545309191396907, "lr": 6.827484470369385e-05, "wall": 2532.2}
{"arm": "fno-s", "epoch": 595, "steps": 33376, "train": 7.493498665481198e-06, "val_mean": 0.002960352051108216, "val_worst": 0.005384173121546605, "lr": 6.724281373404185e-05, "wall": 2536.5}
{"arm": "fno-s", "epoch": 596, "steps": 33432, "train": 7.5803501844046454e-06, "val_mean": 0.003079659669022495, "val_worst": 0.005517122569853253, "lr": 6.622155016089453e-05, "wall": 2540.7}
{"arm": "fno-s", "epoch": 597, "steps": 33488, "train": 7.585401419869825e-06, "val_mean": 0.003031622887631925, "val_worst": 0.005437787006367733, "lr": 6.520885634929818e-05, "wall": 2545.0}
{"arm": "fno-s", "epoch": 598, "steps": 33544, "train": 7.516574144485967e-06, "val_mean": 0.0029638748499403104, "val_worst": 0.005430199639542691, "lr": 6.42050507704119e-05, "wall": 2549.2}
{"arm": "fno-s", "epoch": 599, "steps": 33600, "train": 7.476000048011625e-06, "val_mean": 0.0030055579486912088, "val_worst": 0.005416685805237735, "lr": 6.320978755326307e-05, "wall": 2553.4}
{"arm": "fno-s", "epoch": 600, "steps": 33656, "train": 7.490733453252957e-06, "val_mean": 0.002955111211241852, "val_worst": 0.0053981111788172845, "lr": 6.22234038011463e-05, "wall": 2557.7}
{"arm": "fno-s", "epoch": 601, "steps": 33712, "train": 7.463140402507184e-06, "val_mean": 0.0029637587178115085, "val_worst": 0.005424150818334718, "lr": 6.124530129878012e-05, "wall": 2561.9}
{"arm": "fno-s", "epoch": 602, "steps": 33768, "train": 7.516997400596184e-06, "val_mean": 0.002994008680471802, "val_worst": 0.005370821246340277, "lr": 6.0276329264336564e-05, "wall": 2566.2}
{"arm": "fno-s", "epoch": 603, "steps": 33824, "train": 7.442901972544324e-06, "val_mean": 0.0029922459160133144, "val_worst": 0.005391623257566959, "lr": 5.9316020339722215e-05, "wall": 2570.4}
{"arm": "fno-s", "epoch": 604, "steps": 33880, "train": 7.4157931179759324e-06, "val_mean": 0.002949910728285545, "val_worst": 0.00539803555090062, "lr": 5.836414358304513e-05, "wall": 2574.7}
{"arm": "fno-s", "epoch": 605, "steps": 33936, "train": 7.44887129352564e-06, "val_mean": 0.0030088643513483254, "val_worst": 0.005363795898949689, "lr": 5.7400509944785217e-05, "wall": 2579.0}
{"arm": "fno-s", "epoch": 606, "steps": 33992, "train": 7.435295669281842e-06, "val_mean": 0.0029788127727033388, "val_worst": 0.005433947077471568, "lr": 5.6466621761930215e-05, "wall": 2583.2}
{"arm": "fno-s", "epoch": 607, "steps": 34048, "train": 7.437177170022446e-06, "val_mean": 0.0029527103562423146, "val_worst": 0.00537945971245367, "lr": 5.5541482894883317e-05, "wall": 2587.4}
{"arm": "fno-s", "epoch": 608, "steps": 34104, "train": 7.392094086325867e-06, "val_mean": 0.002967447291297729, "val_worst": 0.005394882736866723, "lr": 5.462560081800032e-05, "wall": 2591.7}
{"arm": "fno-s", "epoch": 609, "steps": 34160, "train": 7.425386329688025e-06, "val_mean": 0.0029702906162673228, "val_worst": 0.005443027556752068, "lr": 5.3717911518228336e-05, "wall": 2595.9}
{"arm": "fno-s", "epoch": 610, "steps": 34216, "train": 7.383178454694177e-06, "val_mean": 0.002944371217102055, "val_worst": 0.005395774781663714, "lr": 5.281812663786713e-05, "wall": 2600.3}
{"arm": "fno-s", "epoch": 611, "steps": 34272, "train": 7.408661978978759e-06, "val_mean": 0.0029684704809887275, "val_worst": 0.005369609553567717, "lr": 5.190213343784312e-05, "wall": 2604.5}
{"arm": "fno-s", "epoch": 612, "steps": 34328, "train": 7.41408335055032e-06, "val_mean": 0.002963816480713289, "val_worst": 0.005393324142499741, "lr": 5.102212402353664e-05, "wall": 2608.8}
{"arm": "fno-s", "epoch": 613, "steps": 34384, "train": 7.379428793014862e-06, "val_mean": 0.0029432742704295564, "val_worst": 0.0053725299422011895, "lr": 5.0151063036185485e-05, "wall": 2613.1}
{"arm": "fno-s", "epoch": 614, "steps": 34440, "train": 7.4001030161211634e-06, "val_mean": 0.0029282862737199976, "val_worst": 0.00536542044006967, "lr": 4.9272656902024196e-05, "wall": 2617.4}
{"arm": "fno-s", "epoch": 615, "steps": 34496, "train": 7.360052563704208e-06, "val_mean": 0.0029473235571054654, "val_worst": 0.005411892672005902, "lr": 4.8402407439539486e-05, "wall": 2621.7}
{"arm": "fno-s", "epoch": 616, "steps": 34552, "train": 7.366889157598548e-06, "val_mean": 0.0029555037710872725, "val_worst": 0.005403601347895989, "lr": 4.755841996675597e-05, "wall": 2625.9}
{"arm": "fno-s", "epoch": 617, "steps": 34608, "train": 7.356208654164038e-06, "val_mean": 0.0029571855342533687, "val_worst": 0.0054304429554923785, "lr": 4.672223940027675e-05, "wall": 2630.1}
{"arm": "fno-s", "epoch": 618, "steps": 34664, "train": 7.328337011937672e-06, "val_mean": 0.0029413069780721817, "val_worst": 0.005402933105735584, "lr": 4.589635846248093e-05, "wall": 2634.4}
{"arm": "fno-s", "epoch": 619, "steps": 34720, "train": 7.338537500278155e-06, "val_mean": 0.002963426374285881, "val_worst": 0.0053968077064888076, "lr": 4.507957739569097e-05, "wall": 2638.6}
{"arm": "fno-s", "epoch": 620, "steps": 34776, "train": 7.334481078135813e-06, "val_mean": 0.0029428873840439216, "val_worst": 0.00540321072795328, "lr": 4.4271776323160274e-05, "wall": 2642.9}
{"arm": "fno-s", "epoch": 621, "steps": 34832, "train": 7.367961787513874e-06, "val_mean": 0.0029503773185403886, "val_worst": 0.005392179261559727, "lr": 4.347288199557289e-05, "wall": 2647.1}
{"arm": "fno-s", "epoch": 622, "steps": 34888, "train": 7.358939763635302e-06, "val_mean": 0.0029472015285271986, "val_worst": 0.005390064416074203, "lr": 4.268272172607511e-05, "wall": 2651.3}
{"arm": "fno-s", "epoch": 623, "steps": 34944, "train": 7.307261336132237e-06, "val_mean": 0.002957799145297991, "val_worst": 0.005359704219083158, "lr": 4.1901649883168294e-05, "wall": 2655.6}
{"arm": "fno-s", "epoch": 624, "steps": 35000, "train": 7.302096982431427e-06, "val_mean": 0.0029436298891596198, "val_worst": 0.0053610076551415435, "lr": 4.1130385374245605e-05, "wall": 2659.8}
{"arm": "fno-s", "epoch": 625, "steps": 35056, "train": 7.328853896991046e-06, "val_mean": 0.0029561205854893467, "val_worst": 0.005356673193415549, "lr": 4.0368304557835186e-05, "wall": 2664.0}
{"arm": "fno-s", "epoch": 626, "steps": 35112, "train": 7.359298146000565e-06, "val_mean": 0.0029394473607331885, "val_worst": 0.005332608334924254, "lr": 3.961553756184188e-05, "wall": 2668.3}
{"arm": "fno-s", "epoch": 627, "steps": 35168, "train": 7.293113842882883e-06, "val_mean": 0.00293263365162812, "val_worst": 0.005333878274316359, "lr": 3.887150333117842e-05, "wall": 2672.5}
{"arm": "fno-s", "epoch": 628, "steps": 35224, "train": 7.321556800000497e-06, "val_mean": 0.002928041684103844, "val_worst": 0.005343192572719948, "lr": 3.813681858538425e-05, "wall": 2677.0}
{"arm": "fno-s", "epoch": 629, "steps": 35280, "train": 7.349924163380423e-06, "val_mean": 0.002946866045615913, "val_worst": 0.005363776964447034, "lr": 3.73768747997654e-05, "wall": 2681.2}
{"arm": "fno-s", "epoch": 630, "steps": 35336, "train": 7.270114810885675e-06, "val_mean": 0.002958134875139521, "val_worst": 0.005370797450991199, "lr": 3.666112170677067e-05, "wall": 2685.4}
{"arm": "fno-s", "epoch": 631, "steps": 35392, "train": 7.35734892156782e-06, "val_mean": 0.0029364702175002843, "val_worst": 0.005392716575095787, "lr": 3.595410136057175e-05, "wall": 2689.7}
{"arm": "fno-s", "epoch": 632, "steps": 35448, "train": 7.2773064884040995e-06, "val_mean": 0.002929878707622968, "val_worst": 0.005374712767224329, "lr": 3.525659000891549e-05, "wall": 2693.9}
{"arm": "fno-s", "epoch": 633, "steps": 35504, "train": 7.2963170119818144e-06, "val_mean": 0.0029402730519719816, "val_worst": 0.005401670631780145, "lr": 3.45673364957054e-05, "wall": 2698.2}
{"arm": "fno-s", "epoch": 634, "steps": 35560, "train": 7.256859239773318e-06, "val_mean": 0.002915874760622779, "val_worst": 0.005382755676780828, "lr": 3.3887679258845984e-05, "wall": 2702.5}
{"arm": "fno-s", "epoch": 635, "steps": 35616, "train": 7.259543291213633e-06, "val_mean": 0.0029385990700128133, "val_worst": 0.005370349016889774, "lr": 3.3205180249138326e-05, "wall": 2706.7}
{"arm": "fno-s", "epoch": 636, "steps": 35672, "train": 7.256031605903768e-06, "val_mean": 0.0029215571556604125, "val_worst": 0.005378061719146101, "lr": 3.254502177657469e-05, "wall": 2711.0}
{"arm": "fno-s", "epoch": 637, "steps": 35728, "train": 7.261348803978699e-06, "val_mean": 0.0029277873410359033, "val_worst": 0.005361331390302176, "lr": 3.189424035546632e-05, "wall": 2715.2}
{"arm": "fno-s", "epoch": 638, "steps": 35784, "train": 7.259846423558502e-06, "val_mean": 0.002932364063641722, "val_worst": 0.005369123913916098, "lr": 3.1252668945329615e-05, "wall": 2719.4}
{"arm": "fno-s", "epoch": 639, "steps": 35840, "train": 7.250501655136778e-06, "val_mean": 0.002919502274911245, "val_worst": 0.0053510960981548875, "lr": 3.062038971308895e-05, "wall": 2723.7}
{"arm": "fno-s", "epoch": 640, "steps": 35896, "train": 7.258107882734686e-06, "val_mean": 0.002922647533216819, "val_worst": 0.00535991409796248, "lr": 2.9997279860794598e-05, "wall": 2727.9}
{"arm": "fno-s", "epoch": 641, "steps": 35952, "train": 7.235932257668048e-06, "val_mean": 0.0029387902968251445, "val_worst": 0.005357813549057907, "lr": 2.9383712858539057e-05, "wall": 2732.2}
{"arm": "fno-s", "epoch": 642, "steps": 36008, "train": 7.24597533420546e-06, "val_mean": 0.0029189850724473955, "val_worst": 0.005362617580392336, "lr": 2.8779629184627484e-05, "wall": 2736.4}
{"arm": "fno-s", "epoch": 643, "steps": 36064, "train": 7.2441459210137345e-06, "val_mean": 0.002925900306195982, "val_worst": 0.005352512552588381, "lr": 2.818473179255046e-05, "wall": 2740.6}
{"arm": "fno-s", "epoch": 644, "steps": 36120, "train": 7.230434070388658e-06, "val_mean": 0.0029282573173924596, "val_worst": 0.00534614478048162, "lr": 2.7599332623052255e-05, "wall": 2744.9}
{"arm": "fno-s", "epoch": 645, "steps": 36176, "train": 7.217579618920399e-06, "val_mean": 0.0029239969678851903, "val_worst": 0.0053675283646486644, "lr": 2.7022999252723318e-05, "wall": 2749.1}
{"arm": "fno-s", "epoch": 646, "steps": 36232, "train": 7.221630806028004e-06, "val_mean": 0.002932581920673515, "val_worst": 0.005344843084368519, "lr": 2.6456616903966792e-05, "wall": 2753.4}
{"arm": "fno-s", "epoch": 647, "steps": 36288, "train": 7.238812893415199e-06, "val_mean": 0.002921116399035504, "val_worst": 0.005332732385706537, "lr": 2.5899050806422407e-05, "wall": 2757.6}
{"arm": "fno-s", "epoch": 648, "steps": 36344, "train": 7.208731767877611e-06, "val_mean": 0.002913945054807055, "val_worst": 0.005364046380723788, "lr": 2.5351366094011797e-05, "wall": 2761.9}
{"arm": "fno-s", "epoch": 649, "steps": 36400, "train": 7.239711192975697e-06, "val_mean": 0.002936987327978066, "val_worst": 0.005356699821760255, "lr": 2.4799209536498345e-05, "wall": 2766.2}
{"arm": "fno-s", "epoch": 650, "steps": 36456, "train": 7.216120412972764e-06, "val_mean": 0.0029156076464424948, "val_worst": 0.005378467086468528, "lr": 2.427074808733809e-05, "wall": 2770.4}
{"arm": "fno-s", "epoch": 651, "steps": 36512, "train": 7.202005407518559e-06, "val_mean": 0.0029198612556850115, "val_worst": 0.005340090255218231, "lr": 2.375118889393691e-05, "wall": 2774.7}
{"arm": "fno-s", "epoch": 652, "steps": 36568, "train": 7.214242760539422e-06, "val_mean": 0.0029211311566083404, "val_worst": 0.005358328975328323, "lr": 2.3239911333224277e-05, "wall": 2778.9}
{"arm": "fno-s", "epoch": 653, "steps": 36624, "train": 7.185538315445143e-06, "val_mean": 0.0029078160625618395, "val_worst": 0.005360874481617733, "lr": 2.2739587449935038e-05, "wall": 2783.3}
{"arm": "fno-s", "epoch": 654, "steps": 36680, "train": 7.237687537930036e-06, "val_mean": 0.002921731853721816, "val_worst": 0.005382195018207088, "lr": 2.223896543222965e-05, "wall": 2787.5}
{"arm": "fno-s", "epoch": 655, "steps": 36736, "train": 7.192733845941578e-06, "val_mean": 0.002921357721681714, "val_worst": 0.005343217754761043, "lr": 2.1758206497573995e-05, "wall": 2791.7}
{"arm": "fno-s", "epoch": 656, "steps": 36792, "train": 7.189439899074761e-06, "val_mean": 0.0029167806307924, "val_worst": 0.005364360741327085, "lr": 2.1286822288798764e-05, "wall": 2796.0}
{"arm": "fno-s", "epoch": 657, "steps": 36848, "train": 7.198500560586286e-06, "val_mean": 0.00291326050945152, "val_worst": 0.005332171616661937, "lr": 2.0825186646583647e-05, "wall": 2800.2}
{"arm": "fno-s", "epoch": 658, "steps": 36904, "train": 7.184470668863765e-06, "val_mean": 0.002927681792569514, "val_worst": 0.005357382609754626, "lr": 2.0372987138227643e-05, "wall": 2804.4}
{"arm": "fno-s", "epoch": 659, "steps": 36960, "train": 7.190818432846514e-06, "val_mean": 0.0029031741788434, "val_worst": 0.005329849566773204, "lr": 1.9930373256146017e-05, "wall": 2808.8}
{"arm": "fno-s", "epoch": 660, "steps": 37016, "train": 7.171692582136732e-06, "val_mean": 0.0029044895344304666, "val_worst": 0.005345026883630522, "lr": 1.948705055012814e-05, "wall": 2813.0}
{"arm": "fno-s", "epoch": 661, "steps": 37072, "train": 7.179137604978202e-06, "val_mean": 0.0029080455761221554, "val_worst": 0.005354686208745165, "lr": 1.906330639050483e-05, "wall": 2817.3}
{"arm": "fno-s", "epoch": 662, "steps": 37128, "train": 7.194050277775227e-06, "val_mean": 0.002908425561291984, "val_worst": 0.0053456546707831955, "lr": 1.8649610780057875e-05, "wall": 2821.5}
{"arm": "fno-s", "epoch": 663, "steps": 37184, "train": 7.16758467823849e-06, "val_mean": 0.0029081700790750623, "val_worst": 0.005326167995635782, "lr": 1.8245411469055716e-05, "wall": 2825.7}
{"arm": "fno-s", "epoch": 664, "steps": 37240, "train": 7.178007273561178e-06, "val_mean": 0.0029202272005143066, "val_worst": 0.005346522518495084, "lr": 1.785079407773491e-05, "wall": 2830.0}
{"arm": "fno-s", "epoch": 665, "steps": 37296, "train": 7.1574715135527855e-06, "val_mean": 0.002910325101444241, "val_worst": 0.005341777815766337, "lr": 1.7464830538168547e-05, "wall": 2834.2}
{"arm": "fno-s", "epoch": 666, "steps": 37352, "train": 7.174100569056295e-06, "val_mean": 0.0029103206151184172, "val_worst": 0.005345236567163259, "lr": 1.708950601818805e-05, "wall": 2838.5}
{"arm": "fno-s", "epoch": 667, "steps": 37408, "train": 7.161943380095366e-06, "val_mean": 0.0029099901426740795, "val_worst": 0.0053526129761837194, "lr": 1.6723496233791884e-05, "wall": 2842.7}
{"arm": "fno-s", "epoch": 668, "steps": 37464, "train": 7.154662220721929e-06, "val_mean": 0.002902821246470703, "val_worst": 0.005329976134011247, "lr": 1.6367289612018708e-05, "wall": 2847.0}
{"arm": "fno-s", "epoch": 669, "steps": 37520, "train": 7.145066444755738e-06, "val_mean": 0.0029246651831256344, "val_worst": 0.005336186309403196, "lr": 1.601334622071737e-05, "wall": 2851.3}
{"arm": "fno-s", "epoch": 670, "steps": 37576, "train": 7.164029397522422e-06, "val_mean": 0.0029057569664491306, "val_worst": 0.0053309538262723884, "lr": 1.567635579189687e-05, "wall": 2855.5}
{"arm": "fno-s", "epoch": 671, "steps": 37632, "train": 7.160682940823248e-06, "val_mean": 0.002902901136285915, "val_worst": 0.005325743437570616, "lr": 1.5348932247252545e-05, "wall": 2859.8}
{"arm": "fno-s", "epoch": 672, "steps": 37688, "train": 7.148339327078236e-06, "val_mean": 0.002904420668234684, "val_worst": 0.005336628355191195, "lr": 1.503109113553996e-05, "wall": 2864.0}
{"arm": "fno-s", "epoch": 673, "steps": 37744, "train": 7.143494009984418e-06, "val_mean": 0.0029082562658519938, "val_worst": 0.005337903531530121, "lr": 1.4723511934244627e-05, "wall": 2868.3}
{"arm": "fno-s", "epoch": 674, "steps": 37800, "train": 7.145107097942576e-06, "val_mean": 0.0029062109013948253, "val_worst": 0.005324278857939277, "lr": 1.4425420137253416e-05, "wall": 2872.5}
{"arm": "fno-s", "epoch": 675, "steps": 37856, "train": 7.136011412339301e-06, "val_mean": 0.002901569695194307, "val_worst": 0.005328496423696268, "lr": 1.4133352564798738e-05, "wall": 2876.9}
{"arm": "fno-s", "epoch": 676, "steps": 37912, "train": 7.14566394889782e-06, "val_mean": 0.0029004418495210717, "val_worst": 0.005343104955680232, "lr": 1.3849492335031605e-05, "wall": 2881.2}
{"arm": "fno-s", "epoch": 677, "steps": 37968, "train": 7.1561911702461615e-06, "val_mean": 0.0029087479271550174, "val_worst": 0.005349245065418671, "lr": 1.3575450569687735e-05, "wall": 2885.4}
{"arm": "fno-s", "epoch": 678, "steps": 38024, "train": 7.1484640855081565e-06, "val_mean": 0.0029072206848964584, "val_worst": 0.005343045189967974, "lr": 1.33165579706633e-05, "wall": 2889.7}
{"arm": "fno-s", "epoch": 679, "steps": 38080, "train": 7.137388897355811e-06, "val_mean": 0.002907119969378308, "val_worst": 0.005329933645343024, "lr": 1.3067460239642641e-05, "wall": 2893.9}
{"arm": "fno-s", "epoch": 680, "steps": 38136, "train": 7.139427929812733e-06, "val_mean": 0.002897354093307293, "val_worst": 0.00534416090740227, "lr": 1.282785776729386e-05, "wall": 2898.3}
{"arm": "fno-s", "epoch": 681, "steps": 38192, "train": 7.124698436861527e-06, "val_mean": 0.00289972140200895, "val_worst": 0.005322021925197221, "lr": 1.2593137372822595e-05, "wall": 2902.5}
{"arm": "fno-s", "epoch": 682, "steps": 38248, "train": 7.137035304989172e-06, "val_mean": 0.0029077778456187728, "val_worst": 0.005327365551646239, "lr": 1.2373152542890313e-05, "wall": 2906.7}
{"arm": "fno-s", "epoch": 683, "steps": 38304, "train": 7.124774174652431e-06, "val_mean": 0.002910578651837195, "val_worst": 0.005310339413856604, "lr": 1.2163069980087743e-05, "wall": 2911.0}
{"arm": "fno-s", "epoch": 684, "steps": 38360, "train": 7.126856729758845e-06, "val_mean": 0.0028931621910568933, "val_worst": 0.005345149019082774, "lr": 1.1962691595842938e-05, "wall": 2915.3}
{"arm": "fno-s", "epoch": 685, "steps": 38416, "train": 7.126685822043067e-06, "val_mean": 0.0029082699807306167, "val_worst": 0.005326445584970465, "lr": 1.1767602387774408e-05, "wall": 2919.6}
{"arm": "fno-s", "epoch": 686, "steps": 38472, "train": 7.122630615558494e-06, "val_mean": 0.0029001247129749794, "val_worst": 0.005315689011040019, "lr": 1.158694664183997e-05, "wall": 2923.8}
{"arm": "fno-s", "epoch": 687, "steps": 38528, "train": 7.114848783432536e-06, "val_mean": 0.002899897607435793, "val_worst": 0.005315844169587101, "lr": 1.1416005954298544e-05, "wall": 2928.0}
{"arm": "fno-s", "epoch": 688, "steps": 38584, "train": 7.126637777824913e-06, "val_mean": 0.002893329781737097, "val_worst": 0.0053294723317196665, "lr": 1.1254788110084501e-05, "wall": 2932.3}
{"arm": "fno-s", "epoch": 689, "steps": 38640, "train": 7.112992657271042e-06, "val_mean": 0.0028999128789498558, "val_worst": 0.0053047016819643645, "lr": 1.110330191625201e-05, "wall": 2936.5}
{"arm": "fno-s", "epoch": 690, "steps": 38696, "train": 7.122513322879433e-06, "val_mean": 0.0028950788197414593, "val_worst": 0.005316827371436707, "lr": 1.0961559976260293e-05, "wall": 2940.8}
{"arm": "fno-s", "epoch": 691, "steps": 38752, "train": 7.117312200212346e-06, "val_mean": 0.0028955645227409857, "val_worst": 0.005329014208522848, "lr": 1.0829521925453942e-05, "wall": 2945.0}
{"arm": "fno-s", "epoch": 692, "steps": 38808, "train": 7.112755370924439e-06, "val_mean": 0.0029008315448828446, "val_worst": 0.005334935423927884, "lr": 1.0707220410511219e-05, "wall": 2949.2}
{"arm": "fno-s", "epoch": 693, "steps": 38864, "train": 7.104571186926232e-06, "val_mean": 0.002898593347074611, "val_worst": 0.005318807914550531, "lr": 1.0594648547557254e-05, "wall": 2953.5}
{"arm": "fno-s", "epoch": 694, "steps": 38920, "train": 7.117698271347475e-06, "val_mean": 0.0029008896816841868, "val_worst": 0.005316176251864469, "lr": 1.0491787666322155e-05, "wall": 2957.7}
{"arm": "fno-s", "epoch": 695, "steps": 38976, "train": 7.107082195123448e-06, "val_mean": 0.0028970724308054934, "val_worst": 0.005325618801586234, "lr": 1.0398665597579427e-05, "wall": 2962.0}
{"arm": "fno-s", "epoch": 696, "steps": 39032, "train": 7.106125989990341e-06, "val_mean": 0.0028940564175079318, "val_worst": 0.005309731632445841, "lr": 1.0315370731010776e-05, "wall": 2966.2}
{"arm": "fno-s", "epoch": 697, "steps": 39088, "train": 7.10391217757754e-06, "val_mean": 0.002895182605659096, "val_worst": 0.005324588432462893, "lr": 1.0241814965127923e-05, "wall": 2970.4}
{"arm": "fno-s", "epoch": 698, "steps": 39144, "train": 7.11076588316754e-06, "val_mean": 0.0028995963760094193, "val_worst": 0.005329010528446442, "lr": 1.017798046694361e-05, "wall": 2974.7}
{"arm": "fno-s", "epoch": 699, "steps": 39200, "train": 7.1041119918515115e-06, "val_mean": 0.0028954292434079376, "val_worst": 0.005329129483185601, "lr": 1.0123906014400371e-05, "wall": 2978.9}
{"arm": "fno-s", "epoch": 700, "steps": 39256, "train": 7.108246635349274e-06, "val_mean": 0.0028958763069528437, "val_worst": 0.005321592334878082, "lr": 1.0079607354540275e-05, "wall": 2983.2}
{"arm": "fno-s", "epoch": 701, "steps": 39312, "train": 7.114961669908369e-06, "val_mean": 0.002891989829263855, "val_worst": 0.005328949351917913, "lr": 1.0045069926264509e-05, "wall": 2987.5}
{"arm": "fno-s", "epoch": 702, "steps": 39368, "train": 7.09610544799338e-06, "val_mean": 0.002899622617069055, "val_worst": 0.005329560276454997, "lr": 1.0019831948430856e-05, "wall": 2991.7}
{"arm": "fno-s", "epoch": 703, "steps": 39424, "train": 7.096668797817382e-06, "val_mean": 0.0028990428640410407, "val_worst": 0.005318650618427862, "lr": 1.000503650559443e-05, "wall": 2996.0}
{"arm": "fno-s", "epoch": 704, "steps": 39480, "train": 7.093974446011752e-06, "val_mean": 0.002892978381608277, "val_worst": 0.00532938520893904, "lr": 1.000000113116797e-05, "wall": 3000.2}
TRAIN DONE {"arm": "fno-s", "mesh": 32, "stop_reason": "wall_budget", "epochs_completed": 705, "optimisation_steps": 39480, "best_epoch": 701} val_mean_case_max 0.002891989829263855 val_worst 0.005328949351917913
RUN_EXIT=0
