COMMIT.txt: OK
PROVENANCE.json: OK
checkpoints/ORIGINAL_TRAINING_SOURCES.json: OK
checkpoints/bank.pkl: OK
checkpoints/cohorts.json: OK
checkpoints/head_K16.pkl: OK
checkpoints/offline/pod_N32.json: OK
checkpoints/offline/pod_N32.npy: OK
checkpoints/offline/pod_N64.json: OK
checkpoints/offline/pod_N64.npy: OK
checkpoints/operators/deeponet3d_r128_w16_podinit/SOURCE_RESULT.json: OK
checkpoints/operators/deeponet3d_r128_w16_podinit/best.pkl: OK
checkpoints/operators/fno3d_w24_m8/SOURCE_RESULT.json: OK
checkpoints/operators/fno3d_w24_m8/best.pkl: OK
checkpoints/operators/transolver3d_w48_s32/SOURCE_RESULT.json: OK
checkpoints/operators/transolver3d_w48_s32/best.pkl: OK
checkpoints/operators/unet3d_w16/SOURCE_RESULT.json: OK
checkpoints/operators/unet3d_w16/best.pkl: OK
checkpoints/result.json: OK
code/DESIGN.md: OK
code/IMPORTS.json: OK
code/audit.py: OK
code/audit_cg.py: OK
code/audit_offline_assets.py: OK
code/audit_pretraining.py: OK
code/cluster/collect.py: OK
code/cluster/stage.py: OK
code/common.py: OK
code/config.json: OK
code/final-freeze.json: OK
code/freeze.py: OK
code/iterative_cg.py: OK
code/offline_assets.py: OK
code/operators/EXTRA_IMPORTS.json: OK
code/operators/IMPORTS.json: OK
code/operators/LOCAL_EXTENSIONS.json: OK
code/operators/README.md: OK
code/operators/__init__.py: OK
code/operators/extra_models3d.py: OK
code/operators/models3d.py: OK
code/operators/poisson_adapter.py: OK
code/operators/pretrained_deeponet.py: OK
code/operators/training.py: OK
code/operators/upstream/LICENSE: OK
code/operators/upstream/PROVENANCE.json: OK
code/operators/upstream/Physics_Attention.py: OK
code/operators/upstream/prior_families.py: OK
code/pod_transfer.py: OK
code/poisson.py: OK
code/run.py: OK
code/shared_rom.py: OK
code/state_audit.py: OK
code/train.py: OK
code/trunk_diagnostic.py: OK
run.sbatch: OK
out/bank.pkl: OK
out/cohorts.json: OK
out/fields/N32_case0_cg_identity_plain_rtol1e-02_rep0.npz: OK
out/fields/N32_case0_cg_identity_plain_rtol1e-02_rep1.npz: OK
out/fields/N32_case0_cg_identity_plain_rtol1e-02_rep2.npz: OK
out/fields/N32_case0_cg_identity_plain_rtol1e-04_rep0.npz: OK
out/fields/N32_case0_cg_identity_plain_rtol1e-04_rep1.npz: OK
out/fields/N32_case0_cg_identity_plain_rtol1e-04_rep2.npz: OK
out/fields/N32_case0_cg_identity_plain_rtol1e-06_rep0.npz: OK
out/fields/N32_case0_cg_identity_plain_rtol1e-06_rep1.npz: OK
out/fields/N32_case0_cg_identity_plain_rtol1e-06_rep2.npz: OK
out/fields/N32_case0_cg_identity_rtol1e-02_rep0.npz: OK
out/fields/N32_case0_cg_identity_rtol1e-02_rep1.npz: OK
out/fields/N32_case0_cg_identity_rtol1e-02_rep2.npz: OK
out/fields/N32_case0_cg_identity_rtol1e-04_rep0.npz: OK
out/fields/N32_case0_cg_identity_rtol1e-04_rep1.npz: OK
out/fields/N32_case0_cg_identity_rtol1e-04_rep2.npz: OK
out/fields/N32_case0_cg_identity_rtol1e-06_rep0.npz: OK
out/fields/N32_case0_cg_identity_rtol1e-06_rep1.npz: OK
out/fields/N32_case0_cg_identity_rtol1e-06_rep2.npz: OK
out/fields/N32_case0_deeponet3d_r128_w16_podinit.npz: OK
out/fields/N32_case0_dst_exact.npz: OK
out/fields/N32_case0_fno3d_w24_m8.npz: OK
out/fields/N32_case0_linear_bank_galerkin.npz: OK
out/fields/N32_case0_linear_bank_weak_qR.npz: OK
out/fields/N32_case0_nmrom_K16_q0_dense.npz: OK
out/fields/N32_case0_nmrom_K16_q32_dense.npz: OK
out/fields/N32_case0_nmrom_K16_q96_dense.npz: OK
out/fields/N32_case0_pod112_galerkin.npz: OK
out/fields/N32_case0_pod128_galerkin.npz: OK
out/fields/N32_case0_pod16_galerkin.npz: OK
out/fields/N32_case0_pod48_galerkin.npz: OK
out/fields/N32_case0_reference.npz: OK
out/fields/N32_case0_transolver3d_w48_s32.npz: OK
out/fields/N32_case0_unet3d_w16.npz: OK
out/fields/N32_case10_cg_identity_plain_rtol1e-02_rep0.npz: OK
out/fields/N32_case10_cg_identity_plain_rtol1e-02_rep1.npz: OK
out/fields/N32_case10_cg_identity_plain_rtol1e-02_rep2.npz: OK
out/fields/N32_case10_cg_identity_plain_rtol1e-04_rep0.npz: OK
out/fields/N32_case10_cg_identity_plain_rtol1e-04_rep1.npz: OK
out/fields/N32_case10_cg_identity_plain_rtol1e-04_rep2.npz: OK
out/fields/N32_case10_cg_identity_plain_rtol1e-06_rep0.npz: OK
out/fields/N32_case10_cg_identity_plain_rtol1e-06_rep1.npz: OK
out/fields/N32_case10_cg_identity_plain_rtol1e-06_rep2.npz: OK
out/fields/N32_case10_cg_identity_rtol1e-02_rep0.npz: OK
out/fields/N32_case10_cg_identity_rtol1e-02_rep1.npz: OK
out/fields/N32_case10_cg_identity_rtol1e-02_rep2.npz: OK
out/fields/N32_case10_cg_identity_rtol1e-04_rep0.npz: OK
out/fields/N32_case10_cg_identity_rtol1e-04_rep1.npz: OK
out/fields/N32_case10_cg_identity_rtol1e-04_rep2.npz: OK
out/fields/N32_case10_cg_identity_rtol1e-06_rep0.npz: OK
out/fields/N32_case10_cg_identity_rtol1e-06_rep1.npz: OK
out/fields/N32_case10_cg_identity_rtol1e-06_rep2.npz: OK
out/fields/N32_case10_deeponet3d_r128_w16_podinit.npz: OK
out/fields/N32_case10_dst_exact.npz: OK
out/fields/N32_case10_fno3d_w24_m8.npz: OK
out/fields/N32_case10_linear_bank_galerkin.npz: OK
out/fields/N32_case10_linear_bank_weak_qR.npz: OK
out/fields/N32_case10_nmrom_K16_q0_dense.npz: OK
out/fields/N32_case10_nmrom_K16_q32_dense.npz: OK
out/fields/N32_case10_nmrom_K16_q96_dense.npz: OK
out/fields/N32_case10_pod112_galerkin.npz: OK
out/fields/N32_case10_pod128_galerkin.npz: OK
out/fields/N32_case10_pod16_galerkin.npz: OK
out/fields/N32_case10_pod48_galerkin.npz: OK
out/fields/N32_case10_reference.npz: OK
out/fields/N32_case10_transolver3d_w48_s32.npz: OK
out/fields/N32_case10_unet3d_w16.npz: OK
out/fields/N32_case11_cg_identity_plain_rtol1e-02_rep0.npz: OK
out/fields/N32_case11_cg_identity_plain_rtol1e-02_rep1.npz: OK
out/fields/N32_case11_cg_identity_plain_rtol1e-02_rep2.npz: OK
out/fields/N32_case11_cg_identity_plain_rtol1e-04_rep0.npz: OK
out/fields/N32_case11_cg_identity_plain_rtol1e-04_rep1.npz: OK
out/fields/N32_case11_cg_identity_plain_rtol1e-04_rep2.npz: OK
out/fields/N32_case11_cg_identity_plain_rtol1e-06_rep0.npz: OK
out/fields/N32_case11_cg_identity_plain_rtol1e-06_rep1.npz: OK
out/fields/N32_case11_cg_identity_plain_rtol1e-06_rep2.npz: OK
out/fields/N32_case11_cg_identity_rtol1e-02_rep0.npz: OK
out/fields/N32_case11_cg_identity_rtol1e-02_rep1.npz: OK
out/fields/N32_case11_cg_identity_rtol1e-02_rep2.npz: OK
out/fields/N32_case11_cg_identity_rtol1e-04_rep0.npz: OK
out/fields/N32_case11_cg_identity_rtol1e-04_rep1.npz: OK
out/fields/N32_case11_cg_identity_rtol1e-04_rep2.npz: OK
out/fields/N32_case11_cg_identity_rtol1e-06_rep0.npz: OK
out/fields/N32_case11_cg_identity_rtol1e-06_rep1.npz: OK
out/fields/N32_case11_cg_identity_rtol1e-06_rep2.npz: OK
out/fields/N32_case11_deeponet3d_r128_w16_podinit.npz: OK
out/fields/N32_case11_dst_exact.npz: OK
out/fields/N32_case11_fno3d_w24_m8.npz: OK
out/fields/N32_case11_linear_bank_galerkin.npz: OK
out/fields/N32_case11_linear_bank_weak_qR.npz: OK
out/fields/N32_case11_nmrom_K16_q0_dense.npz: OK
out/fields/N32_case11_nmrom_K16_q32_dense.npz: OK
out/fields/N32_case11_nmrom_K16_q96_dense.npz: OK
out/fields/N32_case11_pod112_galerkin.npz: OK
out/fields/N32_case11_pod128_galerkin.npz: OK
out/fields/N32_case11_pod16_galerkin.npz: OK
out/fields/N32_case11_pod48_galerkin.npz: OK
out/fields/N32_case11_reference.npz: OK
out/fields/N32_case11_transolver3d_w48_s32.npz: OK
out/fields/N32_case11_unet3d_w16.npz: OK
out/fields/N32_case12_cg_identity_plain_rtol1e-02_rep0.npz: OK
out/fields/N32_case12_cg_identity_plain_rtol1e-02_rep1.npz: OK
out/fields/N32_case12_cg_identity_plain_rtol1e-02_rep2.npz: OK
out/fields/N32_case12_cg_identity_plain_rtol1e-04_rep0.npz: OK
out/fields/N32_case12_cg_identity_plain_rtol1e-04_rep1.npz: OK
out/fields/N32_case12_cg_identity_plain_rtol1e-04_rep2.npz: OK
out/fields/N32_case12_cg_identity_plain_rtol1e-06_rep0.npz: OK
out/fields/N32_case12_cg_identity_plain_rtol1e-06_rep1.npz: OK
out/fields/N32_case12_cg_identity_plain_rtol1e-06_rep2.npz: OK
out/fields/N32_case12_cg_identity_rtol1e-02_rep0.npz: OK
out/fields/N32_case12_cg_identity_rtol1e-02_rep1.npz: OK
out/fields/N32_case12_cg_identity_rtol1e-02_rep2.npz: OK
out/fields/N32_case12_cg_identity_rtol1e-04_rep0.npz: OK
out/fields/N32_case12_cg_identity_rtol1e-04_rep1.npz: OK
out/fields/N32_case12_cg_identity_rtol1e-04_rep2.npz: OK
out/fields/N32_case12_cg_identity_rtol1e-06_rep0.npz: OK
out/fields/N32_case12_cg_identity_rtol1e-06_rep1.npz: OK
out/fields/N32_case12_cg_identity_rtol1e-06_rep2.npz: OK
out/fields/N32_case12_deeponet3d_r128_w16_podinit.npz: OK
out/fields/N32_case12_dst_exact.npz: OK
out/fields/N32_case12_fno3d_w24_m8.npz: OK
out/fields/N32_case12_linear_bank_galerkin.npz: OK
out/fields/N32_case12_linear_bank_weak_qR.npz: OK
out/fields/N32_case12_nmrom_K16_q0_dense.npz: OK
out/fields/N32_case12_nmrom_K16_q32_dense.npz: OK
out/fields/N32_case12_nmrom_K16_q96_dense.npz: OK
out/fields/N32_case12_pod112_galerkin.npz: OK
out/fields/N32_case12_pod128_galerkin.npz: OK
out/fields/N32_case12_pod16_galerkin.npz: OK
out/fields/N32_case12_pod48_galerkin.npz: OK
out/fields/N32_case12_reference.npz: OK
out/fields/N32_case12_transolver3d_w48_s32.npz: OK
out/fields/N32_case12_unet3d_w16.npz: OK
out/fields/N32_case13_cg_identity_plain_rtol1e-02_rep0.npz: OK
out/fields/N32_case13_cg_identity_plain_rtol1e-02_rep1.npz: OK
out/fields/N32_case13_cg_identity_plain_rtol1e-02_rep2.npz: OK
out/fields/N32_case13_cg_identity_plain_rtol1e-04_rep0.npz: OK
out/fields/N32_case13_cg_identity_plain_rtol1e-04_rep1.npz: OK
out/fields/N32_case13_cg_identity_plain_rtol1e-04_rep2.npz: OK
out/fields/N32_case13_cg_identity_plain_rtol1e-06_rep0.npz: OK
out/fields/N32_case13_cg_identity_plain_rtol1e-06_rep1.npz: OK
out/fields/N32_case13_cg_identity_plain_rtol1e-06_rep2.npz: OK
out/fields/N32_case13_cg_identity_rtol1e-02_rep0.npz: OK
out/fields/N32_case13_cg_identity_rtol1e-02_rep1.npz: OK
out/fields/N32_case13_cg_identity_rtol1e-02_rep2.npz: OK
out/fields/N32_case13_cg_identity_rtol1e-04_rep0.npz: OK
out/fields/N32_case13_cg_identity_rtol1e-04_rep1.npz: OK
out/fields/N32_case13_cg_identity_rtol1e-04_rep2.npz: OK
out/fields/N32_case13_cg_identity_rtol1e-06_rep0.npz: OK
out/fields/N32_case13_cg_identity_rtol1e-06_rep1.npz: OK
out/fields/N32_case13_cg_identity_rtol1e-06_rep2.npz: OK
out/fields/N32_case13_deeponet3d_r128_w16_podinit.npz: OK
out/fields/N32_case13_dst_exact.npz: OK
out/fields/N32_case13_fno3d_w24_m8.npz: OK
out/fields/N32_case13_linear_bank_galerkin.npz: OK
out/fields/N32_case13_linear_bank_weak_qR.npz: OK
out/fields/N32_case13_nmrom_K16_q0_dense.npz: OK
out/fields/N32_case13_nmrom_K16_q32_dense.npz: OK
out/fields/N32_case13_nmrom_K16_q96_dense.npz: OK
out/fields/N32_case13_pod112_galerkin.npz: OK
out/fields/N32_case13_pod128_galerkin.npz: OK
out/fields/N32_case13_pod16_galerkin.npz: OK
out/fields/N32_case13_pod48_galerkin.npz: OK
out/fields/N32_case13_reference.npz: OK
out/fields/N32_case13_transolver3d_w48_s32.npz: OK
out/fields/N32_case13_unet3d_w16.npz: OK
out/fields/N32_case14_cg_identity_plain_rtol1e-02_rep0.npz: OK
out/fields/N32_case14_cg_identity_plain_rtol1e-02_rep1.npz: OK
out/fields/N32_case14_cg_identity_plain_rtol1e-02_rep2.npz: OK
out/fields/N32_case14_cg_identity_plain_rtol1e-04_rep0.npz: OK
out/fields/N32_case14_cg_identity_plain_rtol1e-04_rep1.npz: OK
out/fields/N32_case14_cg_identity_plain_rtol1e-04_rep2.npz: OK
out/fields/N32_case14_cg_identity_plain_rtol1e-06_rep0.npz: OK
out/fields/N32_case14_cg_identity_plain_rtol1e-06_rep1.npz: OK
out/fields/N32_case14_cg_identity_plain_rtol1e-06_rep2.npz: OK
out/fields/N32_case14_cg_identity_rtol1e-02_rep0.npz: OK
out/fields/N32_case14_cg_identity_rtol1e-02_rep1.npz: OK
out/fields/N32_case14_cg_identity_rtol1e-02_rep2.npz: OK
out/fields/N32_case14_cg_identity_rtol1e-04_rep0.npz: OK
out/fields/N32_case14_cg_identity_rtol1e-04_rep1.npz: OK
out/fields/N32_case14_cg_identity_rtol1e-04_rep2.npz: OK
out/fields/N32_case14_cg_identity_rtol1e-06_rep0.npz: OK
out/fields/N32_case14_cg_identity_rtol1e-06_rep1.npz: OK
out/fields/N32_case14_cg_identity_rtol1e-06_rep2.npz: OK
out/fields/N32_case14_deeponet3d_r128_w16_podinit.npz: OK
out/fields/N32_case14_dst_exact.npz: OK
out/fields/N32_case14_fno3d_w24_m8.npz: OK
out/fields/N32_case14_linear_bank_galerkin.npz: OK
out/fields/N32_case14_linear_bank_weak_qR.npz: OK
out/fields/N32_case14_nmrom_K16_q0_dense.npz: OK
out/fields/N32_case14_nmrom_K16_q32_dense.npz: OK
out/fields/N32_case14_nmrom_K16_q96_dense.npz: OK
out/fields/N32_case14_pod112_galerkin.npz: OK
out/fields/N32_case14_pod128_galerkin.npz: OK
out/fields/N32_case14_pod16_galerkin.npz: OK
out/fields/N32_case14_pod48_galerkin.npz: OK
out/fields/N32_case14_reference.npz: OK
out/fields/N32_case14_transolver3d_w48_s32.npz: OK
out/fields/N32_case14_unet3d_w16.npz: OK
out/fields/N32_case15_cg_identity_plain_rtol1e-02_rep0.npz: OK
out/fields/N32_case15_cg_identity_plain_rtol1e-02_rep1.npz: OK
out/fields/N32_case15_cg_identity_plain_rtol1e-02_rep2.npz: OK
out/fields/N32_case15_cg_identity_plain_rtol1e-04_rep0.npz: OK
out/fields/N32_case15_cg_identity_plain_rtol1e-04_rep1.npz: OK
out/fields/N32_case15_cg_identity_plain_rtol1e-04_rep2.npz: OK
out/fields/N32_case15_cg_identity_plain_rtol1e-06_rep0.npz: OK
out/fields/N32_case15_cg_identity_plain_rtol1e-06_rep1.npz: OK
out/fields/N32_case15_cg_identity_plain_rtol1e-06_rep2.npz: OK
out/fields/N32_case15_cg_identity_rtol1e-02_rep0.npz: OK
out/fields/N32_case15_cg_identity_rtol1e-02_rep1.npz: OK
out/fields/N32_case15_cg_identity_rtol1e-02_rep2.npz: OK
out/fields/N32_case15_cg_identity_rtol1e-04_rep0.npz: OK
out/fields/N32_case15_cg_identity_rtol1e-04_rep1.npz: OK
out/fields/N32_case15_cg_identity_rtol1e-04_rep2.npz: OK
out/fields/N32_case15_cg_identity_rtol1e-06_rep0.npz: OK
out/fields/N32_case15_cg_identity_rtol1e-06_rep1.npz: OK
out/fields/N32_case15_cg_identity_rtol1e-06_rep2.npz: OK
out/fields/N32_case15_deeponet3d_r128_w16_podinit.npz: OK
out/fields/N32_case15_dst_exact.npz: OK
out/fields/N32_case15_fno3d_w24_m8.npz: OK
out/fields/N32_case15_linear_bank_galerkin.npz: OK
out/fields/N32_case15_linear_bank_weak_qR.npz: OK
out/fields/N32_case15_nmrom_K16_q0_dense.npz: OK
out/fields/N32_case15_nmrom_K16_q32_dense.npz: OK
out/fields/N32_case15_nmrom_K16_q96_dense.npz: OK
out/fields/N32_case15_pod112_galerkin.npz: OK
out/fields/N32_case15_pod128_galerkin.npz: OK
out/fields/N32_case15_pod16_galerkin.npz: OK
out/fields/N32_case15_pod48_galerkin.npz: OK
out/fields/N32_case15_reference.npz: OK
out/fields/N32_case15_transolver3d_w48_s32.npz: OK
out/fields/N32_case15_unet3d_w16.npz: OK
out/fields/N32_case16_cg_identity_plain_rtol1e-02_rep0.npz: OK
out/fields/N32_case16_cg_identity_plain_rtol1e-02_rep1.npz: OK
out/fields/N32_case16_cg_identity_plain_rtol1e-02_rep2.npz: OK
out/fields/N32_case16_cg_identity_plain_rtol1e-04_rep0.npz: OK
out/fields/N32_case16_cg_identity_plain_rtol1e-04_rep1.npz: OK
out/fields/N32_case16_cg_identity_plain_rtol1e-04_rep2.npz: OK
out/fields/N32_case16_cg_identity_plain_rtol1e-06_rep0.npz: OK
out/fields/N32_case16_cg_identity_plain_rtol1e-06_rep1.npz: OK
out/fields/N32_case16_cg_identity_plain_rtol1e-06_rep2.npz: OK
out/fields/N32_case16_cg_identity_rtol1e-02_rep0.npz: OK
out/fields/N32_case16_cg_identity_rtol1e-02_rep1.npz: OK
out/fields/N32_case16_cg_identity_rtol1e-02_rep2.npz: OK
out/fields/N32_case16_cg_identity_rtol1e-04_rep0.npz: OK
out/fields/N32_case16_cg_identity_rtol1e-04_rep1.npz: OK
out/fields/N32_case16_cg_identity_rtol1e-04_rep2.npz: OK
out/fields/N32_case16_cg_identity_rtol1e-06_rep0.npz: OK
out/fields/N32_case16_cg_identity_rtol1e-06_rep1.npz: OK
out/fields/N32_case16_cg_identity_rtol1e-06_rep2.npz: OK
out/fields/N32_case16_deeponet3d_r128_w16_podinit.npz: OK
out/fields/N32_case16_dst_exact.npz: OK
out/fields/N32_case16_fno3d_w24_m8.npz: OK
out/fields/N32_case16_linear_bank_galerkin.npz: OK
out/fields/N32_case16_linear_bank_weak_qR.npz: OK
out/fields/N32_case16_nmrom_K16_q0_dense.npz: OK
out/fields/N32_case16_nmrom_K16_q32_dense.npz: OK
out/fields/N32_case16_nmrom_K16_q96_dense.npz: OK
out/fields/N32_case16_pod112_galerkin.npz: OK
out/fields/N32_case16_pod128_galerkin.npz: OK
out/fields/N32_case16_pod16_galerkin.npz: OK
out/fields/N32_case16_pod48_galerkin.npz: OK
out/fields/N32_case16_reference.npz: OK
out/fields/N32_case16_transolver3d_w48_s32.npz: OK
out/fields/N32_case16_unet3d_w16.npz: OK
out/fields/N32_case17_cg_identity_plain_rtol1e-02_rep0.npz: OK
out/fields/N32_case17_cg_identity_plain_rtol1e-02_rep1.npz: OK
out/fields/N32_case17_cg_identity_plain_rtol1e-02_rep2.npz: OK
out/fields/N32_case17_cg_identity_plain_rtol1e-04_rep0.npz: OK
out/fields/N32_case17_cg_identity_plain_rtol1e-04_rep1.npz: OK
out/fields/N32_case17_cg_identity_plain_rtol1e-04_rep2.npz: OK
out/fields/N32_case17_cg_identity_plain_rtol1e-06_rep0.npz: OK
out/fields/N32_case17_cg_identity_plain_rtol1e-06_rep1.npz: OK
out/fields/N32_case17_cg_identity_plain_rtol1e-06_rep2.npz: OK
out/fields/N32_case17_cg_identity_rtol1e-02_rep0.npz: OK
out/fields/N32_case17_cg_identity_rtol1e-02_rep1.npz: OK
out/fields/N32_case17_cg_identity_rtol1e-02_rep2.npz: OK
out/fields/N32_case17_cg_identity_rtol1e-04_rep0.npz: OK
out/fields/N32_case17_cg_identity_rtol1e-04_rep1.npz: OK
out/fields/N32_case17_cg_identity_rtol1e-04_rep2.npz: OK
out/fields/N32_case17_cg_identity_rtol1e-06_rep0.npz: OK
out/fields/N32_case17_cg_identity_rtol1e-06_rep1.npz: OK
out/fields/N32_case17_cg_identity_rtol1e-06_rep2.npz: OK
out/fields/N32_case17_deeponet3d_r128_w16_podinit.npz: OK
out/fields/N32_case17_dst_exact.npz: OK
out/fields/N32_case17_fno3d_w24_m8.npz: OK
out/fields/N32_case17_linear_bank_galerkin.npz: OK
out/fields/N32_case17_linear_bank_weak_qR.npz: OK
out/fields/N32_case17_nmrom_K16_q0_dense.npz: OK
out/fields/N32_case17_nmrom_K16_q32_dense.npz: OK
out/fields/N32_case17_nmrom_K16_q96_dense.npz: OK
out/fields/N32_case17_pod112_galerkin.npz: OK
out/fields/N32_case17_pod128_galerkin.npz: OK
out/fields/N32_case17_pod16_galerkin.npz: OK
out/fields/N32_case17_pod48_galerkin.npz: OK
out/fields/N32_case17_reference.npz: OK
out/fields/N32_case17_transolver3d_w48_s32.npz: OK
out/fields/N32_case17_unet3d_w16.npz: OK
out/fields/N32_case18_cg_identity_plain_rtol1e-02_rep0.npz: OK
out/fields/N32_case18_cg_identity_plain_rtol1e-02_rep1.npz: OK
out/fields/N32_case18_cg_identity_plain_rtol1e-02_rep2.npz: OK
out/fields/N32_case18_cg_identity_plain_rtol1e-04_rep0.npz: OK
out/fields/N32_case18_cg_identity_plain_rtol1e-04_rep1.npz: OK
out/fields/N32_case18_cg_identity_plain_rtol1e-04_rep2.npz: OK
out/fields/N32_case18_cg_identity_plain_rtol1e-06_rep0.npz: OK
out/fields/N32_case18_cg_identity_plain_rtol1e-06_rep1.npz: OK
out/fields/N32_case18_cg_identity_plain_rtol1e-06_rep2.npz: OK
out/fields/N32_case18_cg_identity_rtol1e-02_rep0.npz: OK
out/fields/N32_case18_cg_identity_rtol1e-02_rep1.npz: OK
out/fields/N32_case18_cg_identity_rtol1e-02_rep2.npz: OK
out/fields/N32_case18_cg_identity_rtol1e-04_rep0.npz: OK
out/fields/N32_case18_cg_identity_rtol1e-04_rep1.npz: OK
out/fields/N32_case18_cg_identity_rtol1e-04_rep2.npz: OK
out/fields/N32_case18_cg_identity_rtol1e-06_rep0.npz: OK
out/fields/N32_case18_cg_identity_rtol1e-06_rep1.npz: OK
out/fields/N32_case18_cg_identity_rtol1e-06_rep2.npz: OK
out/fields/N32_case18_deeponet3d_r128_w16_podinit.npz: OK
out/fields/N32_case18_dst_exact.npz: OK
out/fields/N32_case18_fno3d_w24_m8.npz: OK
out/fields/N32_case18_linear_bank_galerkin.npz: OK
out/fields/N32_case18_linear_bank_weak_qR.npz: OK
out/fields/N32_case18_nmrom_K16_q0_dense.npz: OK
out/fields/N32_case18_nmrom_K16_q32_dense.npz: OK
out/fields/N32_case18_nmrom_K16_q96_dense.npz: OK
out/fields/N32_case18_pod112_galerkin.npz: OK
out/fields/N32_case18_pod128_galerkin.npz: OK
out/fields/N32_case18_pod16_galerkin.npz: OK
out/fields/N32_case18_pod48_galerkin.npz: OK
out/fields/N32_case18_reference.npz: OK
out/fields/N32_case18_transolver3d_w48_s32.npz: OK
out/fields/N32_case18_unet3d_w16.npz: OK
out/fields/N32_case19_cg_identity_plain_rtol1e-02_rep0.npz: OK
out/fields/N32_case19_cg_identity_plain_rtol1e-02_rep1.npz: OK
out/fields/N32_case19_cg_identity_plain_rtol1e-02_rep2.npz: OK
out/fields/N32_case19_cg_identity_plain_rtol1e-04_rep0.npz: OK
out/fields/N32_case19_cg_identity_plain_rtol1e-04_rep1.npz: OK
out/fields/N32_case19_cg_identity_plain_rtol1e-04_rep2.npz: OK
out/fields/N32_case19_cg_identity_plain_rtol1e-06_rep0.npz: OK
out/fields/N32_case19_cg_identity_plain_rtol1e-06_rep1.npz: OK
out/fields/N32_case19_cg_identity_plain_rtol1e-06_rep2.npz: OK
out/fields/N32_case19_cg_identity_rtol1e-02_rep0.npz: OK
out/fields/N32_case19_cg_identity_rtol1e-02_rep1.npz: OK
out/fields/N32_case19_cg_identity_rtol1e-02_rep2.npz: OK
out/fields/N32_case19_cg_identity_rtol1e-04_rep0.npz: OK
out/fields/N32_case19_cg_identity_rtol1e-04_rep1.npz: OK
out/fields/N32_case19_cg_identity_rtol1e-04_rep2.npz: OK
out/fields/N32_case19_cg_identity_rtol1e-06_rep0.npz: OK
out/fields/N32_case19_cg_identity_rtol1e-06_rep1.npz: OK
out/fields/N32_case19_cg_identity_rtol1e-06_rep2.npz: OK
out/fields/N32_case19_deeponet3d_r128_w16_podinit.npz: OK
out/fields/N32_case19_dst_exact.npz: OK
out/fields/N32_case19_fno3d_w24_m8.npz: OK
out/fields/N32_case19_linear_bank_galerkin.npz: OK
out/fields/N32_case19_linear_bank_weak_qR.npz: OK
out/fields/N32_case19_nmrom_K16_q0_dense.npz: OK
out/fields/N32_case19_nmrom_K16_q32_dense.npz: OK
out/fields/N32_case19_nmrom_K16_q96_dense.npz: OK
out/fields/N32_case19_pod112_galerkin.npz: OK
out/fields/N32_case19_pod128_galerkin.npz: OK
out/fields/N32_case19_pod16_galerkin.npz: OK
out/fields/N32_case19_pod48_galerkin.npz: OK
out/fields/N32_case19_reference.npz: OK
out/fields/N32_case19_transolver3d_w48_s32.npz: OK
out/fields/N32_case19_unet3d_w16.npz: OK
out/fields/N32_case1_cg_identity_plain_rtol1e-02_rep0.npz: OK
out/fields/N32_case1_cg_identity_plain_rtol1e-02_rep1.npz: OK
out/fields/N32_case1_cg_identity_plain_rtol1e-02_rep2.npz: OK
out/fields/N32_case1_cg_identity_plain_rtol1e-04_rep0.npz: OK
out/fields/N32_case1_cg_identity_plain_rtol1e-04_rep1.npz: OK
out/fields/N32_case1_cg_identity_plain_rtol1e-04_rep2.npz: OK
out/fields/N32_case1_cg_identity_plain_rtol1e-06_rep0.npz: OK
out/fields/N32_case1_cg_identity_plain_rtol1e-06_rep1.npz: OK
out/fields/N32_case1_cg_identity_plain_rtol1e-06_rep2.npz: OK
out/fields/N32_case1_cg_identity_rtol1e-02_rep0.npz: OK
out/fields/N32_case1_cg_identity_rtol1e-02_rep1.npz: OK
out/fields/N32_case1_cg_identity_rtol1e-02_rep2.npz: OK
out/fields/N32_case1_cg_identity_rtol1e-04_rep0.npz: OK
out/fields/N32_case1_cg_identity_rtol1e-04_rep1.npz: OK
out/fields/N32_case1_cg_identity_rtol1e-04_rep2.npz: OK
out/fields/N32_case1_cg_identity_rtol1e-06_rep0.npz: OK
out/fields/N32_case1_cg_identity_rtol1e-06_rep1.npz: OK
out/fields/N32_case1_cg_identity_rtol1e-06_rep2.npz: OK
out/fields/N32_case1_deeponet3d_r128_w16_podinit.npz: OK
out/fields/N32_case1_dst_exact.npz: OK
out/fields/N32_case1_fno3d_w24_m8.npz: OK
out/fields/N32_case1_linear_bank_galerkin.npz: OK
out/fields/N32_case1_linear_bank_weak_qR.npz: OK
out/fields/N32_case1_nmrom_K16_q0_dense.npz: OK
out/fields/N32_case1_nmrom_K16_q32_dense.npz: OK
out/fields/N32_case1_nmrom_K16_q96_dense.npz: OK
out/fields/N32_case1_pod112_galerkin.npz: OK
out/fields/N32_case1_pod128_galerkin.npz: OK
out/fields/N32_case1_pod16_galerkin.npz: OK
out/fields/N32_case1_pod48_galerkin.npz: OK
out/fields/N32_case1_reference.npz: OK
out/fields/N32_case1_transolver3d_w48_s32.npz: OK
out/fields/N32_case1_unet3d_w16.npz: OK
out/fields/N32_case20_cg_identity_plain_rtol1e-02_rep0.npz: OK
out/fields/N32_case20_cg_identity_plain_rtol1e-02_rep1.npz: OK
out/fields/N32_case20_cg_identity_plain_rtol1e-02_rep2.npz: OK
out/fields/N32_case20_cg_identity_plain_rtol1e-04_rep0.npz: OK
out/fields/N32_case20_cg_identity_plain_rtol1e-04_rep1.npz: OK
out/fields/N32_case20_cg_identity_plain_rtol1e-04_rep2.npz: OK
out/fields/N32_case20_cg_identity_plain_rtol1e-06_rep0.npz: OK
out/fields/N32_case20_cg_identity_plain_rtol1e-06_rep1.npz: OK
out/fields/N32_case20_cg_identity_plain_rtol1e-06_rep2.npz: OK
out/fields/N32_case20_cg_identity_rtol1e-02_rep0.npz: OK
out/fields/N32_case20_cg_identity_rtol1e-02_rep1.npz: OK
out/fields/N32_case20_cg_identity_rtol1e-02_rep2.npz: OK
out/fields/N32_case20_cg_identity_rtol1e-04_rep0.npz: OK
out/fields/N32_case20_cg_identity_rtol1e-04_rep1.npz: OK
out/fields/N32_case20_cg_identity_rtol1e-04_rep2.npz: OK
out/fields/N32_case20_cg_identity_rtol1e-06_rep0.npz: OK
out/fields/N32_case20_cg_identity_rtol1e-06_rep1.npz: OK
out/fields/N32_case20_cg_identity_rtol1e-06_rep2.npz: OK
out/fields/N32_case20_deeponet3d_r128_w16_podinit.npz: OK
out/fields/N32_case20_dst_exact.npz: OK
out/fields/N32_case20_fno3d_w24_m8.npz: OK
out/fields/N32_case20_linear_bank_galerkin.npz: OK
out/fields/N32_case20_linear_bank_weak_qR.npz: OK
out/fields/N32_case20_nmrom_K16_q0_dense.npz: OK
out/fields/N32_case20_nmrom_K16_q32_dense.npz: OK
out/fields/N32_case20_nmrom_K16_q96_dense.npz: OK
out/fields/N32_case20_pod112_galerkin.npz: OK
out/fields/N32_case20_pod128_galerkin.npz: OK
out/fields/N32_case20_pod16_galerkin.npz: OK
out/fields/N32_case20_pod48_galerkin.npz: OK
out/fields/N32_case20_reference.npz: OK
out/fields/N32_case20_transolver3d_w48_s32.npz: OK
out/fields/N32_case20_unet3d_w16.npz: OK
out/fields/N32_case21_cg_identity_plain_rtol1e-02_rep0.npz: OK
out/fields/N32_case21_cg_identity_plain_rtol1e-02_rep1.npz: OK
out/fields/N32_case21_cg_identity_plain_rtol1e-02_rep2.npz: OK
out/fields/N32_case21_cg_identity_plain_rtol1e-04_rep0.npz: OK
out/fields/N32_case21_cg_identity_plain_rtol1e-04_rep1.npz: OK
out/fields/N32_case21_cg_identity_plain_rtol1e-04_rep2.npz: OK
out/fields/N32_case21_cg_identity_plain_rtol1e-06_rep0.npz: OK
out/fields/N32_case21_cg_identity_plain_rtol1e-06_rep1.npz: OK
out/fields/N32_case21_cg_identity_plain_rtol1e-06_rep2.npz: OK
out/fields/N32_case21_cg_identity_rtol1e-02_rep0.npz: OK
out/fields/N32_case21_cg_identity_rtol1e-02_rep1.npz: OK
out/fields/N32_case21_cg_identity_rtol1e-02_rep2.npz: OK
out/fields/N32_case21_cg_identity_rtol1e-04_rep0.npz: OK
out/fields/N32_case21_cg_identity_rtol1e-04_rep1.npz: OK
out/fields/N32_case21_cg_identity_rtol1e-04_rep2.npz: OK
out/fields/N32_case21_cg_identity_rtol1e-06_rep0.npz: OK
out/fields/N32_case21_cg_identity_rtol1e-06_rep1.npz: OK
out/fields/N32_case21_cg_identity_rtol1e-06_rep2.npz: OK
out/fields/N32_case21_deeponet3d_r128_w16_podinit.npz: OK
out/fields/N32_case21_dst_exact.npz: OK
out/fields/N32_case21_fno3d_w24_m8.npz: OK
out/fields/N32_case21_linear_bank_galerkin.npz: OK
out/fields/N32_case21_linear_bank_weak_qR.npz: OK
out/fields/N32_case21_nmrom_K16_q0_dense.npz: OK
out/fields/N32_case21_nmrom_K16_q32_dense.npz: OK
out/fields/N32_case21_nmrom_K16_q96_dense.npz: OK
out/fields/N32_case21_pod112_galerkin.npz: OK
out/fields/N32_case21_pod128_galerkin.npz: OK
out/fields/N32_case21_pod16_galerkin.npz: OK
out/fields/N32_case21_pod48_galerkin.npz: OK
out/fields/N32_case21_reference.npz: OK
out/fields/N32_case21_transolver3d_w48_s32.npz: OK
out/fields/N32_case21_unet3d_w16.npz: OK
out/fields/N32_case22_cg_identity_plain_rtol1e-02_rep0.npz: OK
out/fields/N32_case22_cg_identity_plain_rtol1e-02_rep1.npz: OK
out/fields/N32_case22_cg_identity_plain_rtol1e-02_rep2.npz: OK
out/fields/N32_case22_cg_identity_plain_rtol1e-04_rep0.npz: OK
out/fields/N32_case22_cg_identity_plain_rtol1e-04_rep1.npz: OK
out/fields/N32_case22_cg_identity_plain_rtol1e-04_rep2.npz: OK
out/fields/N32_case22_cg_identity_plain_rtol1e-06_rep0.npz: OK
out/fields/N32_case22_cg_identity_plain_rtol1e-06_rep1.npz: OK
out/fields/N32_case22_cg_identity_plain_rtol1e-06_rep2.npz: OK
out/fields/N32_case22_cg_identity_rtol1e-02_rep0.npz: OK
out/fields/N32_case22_cg_identity_rtol1e-02_rep1.npz: OK
out/fields/N32_case22_cg_identity_rtol1e-02_rep2.npz: OK
out/fields/N32_case22_cg_identity_rtol1e-04_rep0.npz: OK
out/fields/N32_case22_cg_identity_rtol1e-04_rep1.npz: OK
out/fields/N32_case22_cg_identity_rtol1e-04_rep2.npz: OK
out/fields/N32_case22_cg_identity_rtol1e-06_rep0.npz: OK
out/fields/N32_case22_cg_identity_rtol1e-06_rep1.npz: OK
out/fields/N32_case22_cg_identity_rtol1e-06_rep2.npz: OK
out/fields/N32_case22_deeponet3d_r128_w16_podinit.npz: OK
out/fields/N32_case22_dst_exact.npz: OK
out/fields/N32_case22_fno3d_w24_m8.npz: OK
out/fields/N32_case22_linear_bank_galerkin.npz: OK
out/fields/N32_case22_linear_bank_weak_qR.npz: OK
out/fields/N32_case22_nmrom_K16_q0_dense.npz: OK
out/fields/N32_case22_nmrom_K16_q32_dense.npz: OK
out/fields/N32_case22_nmrom_K16_q96_dense.npz: OK
out/fields/N32_case22_pod112_galerkin.npz: OK
out/fields/N32_case22_pod128_galerkin.npz: OK
out/fields/N32_case22_pod16_galerkin.npz: OK
out/fields/N32_case22_pod48_galerkin.npz: OK
out/fields/N32_case22_reference.npz: OK
out/fields/N32_case22_transolver3d_w48_s32.npz: OK
out/fields/N32_case22_unet3d_w16.npz: OK
out/fields/N32_case23_cg_identity_plain_rtol1e-02_rep0.npz: OK
out/fields/N32_case23_cg_identity_plain_rtol1e-02_rep1.npz: OK
out/fields/N32_case23_cg_identity_plain_rtol1e-02_rep2.npz: OK
out/fields/N32_case23_cg_identity_plain_rtol1e-04_rep0.npz: OK
out/fields/N32_case23_cg_identity_plain_rtol1e-04_rep1.npz: OK
out/fields/N32_case23_cg_identity_plain_rtol1e-04_rep2.npz: OK
out/fields/N32_case23_cg_identity_plain_rtol1e-06_rep0.npz: OK
out/fields/N32_case23_cg_identity_plain_rtol1e-06_rep1.npz: OK
out/fields/N32_case23_cg_identity_plain_rtol1e-06_rep2.npz: OK
out/fields/N32_case23_cg_identity_rtol1e-02_rep0.npz: OK
out/fields/N32_case23_cg_identity_rtol1e-02_rep1.npz: OK
out/fields/N32_case23_cg_identity_rtol1e-02_rep2.npz: OK
out/fields/N32_case23_cg_identity_rtol1e-04_rep0.npz: OK
out/fields/N32_case23_cg_identity_rtol1e-04_rep1.npz: OK
out/fields/N32_case23_cg_identity_rtol1e-04_rep2.npz: OK
out/fields/N32_case23_cg_identity_rtol1e-06_rep0.npz: OK
out/fields/N32_case23_cg_identity_rtol1e-06_rep1.npz: OK
out/fields/N32_case23_cg_identity_rtol1e-06_rep2.npz: OK
out/fields/N32_case23_deeponet3d_r128_w16_podinit.npz: OK
out/fields/N32_case23_dst_exact.npz: OK
out/fields/N32_case23_fno3d_w24_m8.npz: OK
out/fields/N32_case23_linear_bank_galerkin.npz: OK
out/fields/N32_case23_linear_bank_weak_qR.npz: OK
out/fields/N32_case23_nmrom_K16_q0_dense.npz: OK
out/fields/N32_case23_nmrom_K16_q32_dense.npz: OK
out/fields/N32_case23_nmrom_K16_q96_dense.npz: OK
out/fields/N32_case23_pod112_galerkin.npz: OK
out/fields/N32_case23_pod128_galerkin.npz: OK
out/fields/N32_case23_pod16_galerkin.npz: OK
out/fields/N32_case23_pod48_galerkin.npz: OK
out/fields/N32_case23_reference.npz: OK
out/fields/N32_case23_transolver3d_w48_s32.npz: OK
out/fields/N32_case23_unet3d_w16.npz: OK
out/fields/N32_case24_cg_identity_plain_rtol1e-02_rep0.npz: OK
out/fields/N32_case24_cg_identity_plain_rtol1e-02_rep1.npz: OK
out/fields/N32_case24_cg_identity_plain_rtol1e-02_rep2.npz: OK
out/fields/N32_case24_cg_identity_plain_rtol1e-04_rep0.npz: OK
out/fields/N32_case24_cg_identity_plain_rtol1e-04_rep1.npz: OK
out/fields/N32_case24_cg_identity_plain_rtol1e-04_rep2.npz: OK
out/fields/N32_case24_cg_identity_plain_rtol1e-06_rep0.npz: OK
out/fields/N32_case24_cg_identity_plain_rtol1e-06_rep1.npz: OK
out/fields/N32_case24_cg_identity_plain_rtol1e-06_rep2.npz: OK
out/fields/N32_case24_cg_identity_rtol1e-02_rep0.npz: OK
out/fields/N32_case24_cg_identity_rtol1e-02_rep1.npz: OK
out/fields/N32_case24_cg_identity_rtol1e-02_rep2.npz: OK
out/fields/N32_case24_cg_identity_rtol1e-04_rep0.npz: OK
out/fields/N32_case24_cg_identity_rtol1e-04_rep1.npz: OK
out/fields/N32_case24_cg_identity_rtol1e-04_rep2.npz: OK
out/fields/N32_case24_cg_identity_rtol1e-06_rep0.npz: OK
out/fields/N32_case24_cg_identity_rtol1e-06_rep1.npz: OK
out/fields/N32_case24_cg_identity_rtol1e-06_rep2.npz: OK
out/fields/N32_case24_deeponet3d_r128_w16_podinit.npz: OK
out/fields/N32_case24_dst_exact.npz: OK
out/fields/N32_case24_fno3d_w24_m8.npz: OK
out/fields/N32_case24_linear_bank_galerkin.npz: OK
out/fields/N32_case24_linear_bank_weak_qR.npz: OK
out/fields/N32_case24_nmrom_K16_q0_dense.npz: OK
out/fields/N32_case24_nmrom_K16_q32_dense.npz: OK
out/fields/N32_case24_nmrom_K16_q96_dense.npz: OK
out/fields/N32_case24_pod112_galerkin.npz: OK
out/fields/N32_case24_pod128_galerkin.npz: OK
out/fields/N32_case24_pod16_galerkin.npz: OK
out/fields/N32_case24_pod48_galerkin.npz: OK
out/fields/N32_case24_reference.npz: OK
out/fields/N32_case24_transolver3d_w48_s32.npz: OK
out/fields/N32_case24_unet3d_w16.npz: OK
out/fields/N32_case25_cg_identity_plain_rtol1e-02_rep0.npz: OK
out/fields/N32_case25_cg_identity_plain_rtol1e-02_rep1.npz: OK
out/fields/N32_case25_cg_identity_plain_rtol1e-02_rep2.npz: OK
out/fields/N32_case25_cg_identity_plain_rtol1e-04_rep0.npz: OK
out/fields/N32_case25_cg_identity_plain_rtol1e-04_rep1.npz: OK
out/fields/N32_case25_cg_identity_plain_rtol1e-04_rep2.npz: OK
out/fields/N32_case25_cg_identity_plain_rtol1e-06_rep0.npz: OK
out/fields/N32_case25_cg_identity_plain_rtol1e-06_rep1.npz: OK
out/fields/N32_case25_cg_identity_plain_rtol1e-06_rep2.npz: OK
out/fields/N32_case25_cg_identity_rtol1e-02_rep0.npz: OK
out/fields/N32_case25_cg_identity_rtol1e-02_rep1.npz: OK
out/fields/N32_case25_cg_identity_rtol1e-02_rep2.npz: OK
out/fields/N32_case25_cg_identity_rtol1e-04_rep0.npz: OK
out/fields/N32_case25_cg_identity_rtol1e-04_rep1.npz: OK
out/fields/N32_case25_cg_identity_rtol1e-04_rep2.npz: OK
out/fields/N32_case25_cg_identity_rtol1e-06_rep0.npz: OK
out/fields/N32_case25_cg_identity_rtol1e-06_rep1.npz: OK
out/fields/N32_case25_cg_identity_rtol1e-06_rep2.npz: OK
out/fields/N32_case25_deeponet3d_r128_w16_podinit.npz: OK
out/fields/N32_case25_dst_exact.npz: OK
out/fields/N32_case25_fno3d_w24_m8.npz: OK
out/fields/N32_case25_linear_bank_galerkin.npz: OK
out/fields/N32_case25_linear_bank_weak_qR.npz: OK
out/fields/N32_case25_nmrom_K16_q0_dense.npz: OK
out/fields/N32_case25_nmrom_K16_q32_dense.npz: OK
out/fields/N32_case25_nmrom_K16_q96_dense.npz: OK
out/fields/N32_case25_pod112_galerkin.npz: OK
out/fields/N32_case25_pod128_galerkin.npz: OK
out/fields/N32_case25_pod16_galerkin.npz: OK
out/fields/N32_case25_pod48_galerkin.npz: OK
out/fields/N32_case25_reference.npz: OK
out/fields/N32_case25_transolver3d_w48_s32.npz: OK
out/fields/N32_case25_unet3d_w16.npz: OK
out/fields/N32_case26_cg_identity_plain_rtol1e-02_rep0.npz: OK
out/fields/N32_case26_cg_identity_plain_rtol1e-02_rep1.npz: OK
out/fields/N32_case26_cg_identity_plain_rtol1e-02_rep2.npz: OK
out/fields/N32_case26_cg_identity_plain_rtol1e-04_rep0.npz: OK
out/fields/N32_case26_cg_identity_plain_rtol1e-04_rep1.npz: OK
out/fields/N32_case26_cg_identity_plain_rtol1e-04_rep2.npz: OK
out/fields/N32_case26_cg_identity_plain_rtol1e-06_rep0.npz: OK
out/fields/N32_case26_cg_identity_plain_rtol1e-06_rep1.npz: OK
out/fields/N32_case26_cg_identity_plain_rtol1e-06_rep2.npz: OK
out/fields/N32_case26_cg_identity_rtol1e-02_rep0.npz: OK
out/fields/N32_case26_cg_identity_rtol1e-02_rep1.npz: OK
out/fields/N32_case26_cg_identity_rtol1e-02_rep2.npz: OK
out/fields/N32_case26_cg_identity_rtol1e-04_rep0.npz: OK
out/fields/N32_case26_cg_identity_rtol1e-04_rep1.npz: OK
out/fields/N32_case26_cg_identity_rtol1e-04_rep2.npz: OK
out/fields/N32_case26_cg_identity_rtol1e-06_rep0.npz: OK
out/fields/N32_case26_cg_identity_rtol1e-06_rep1.npz: OK
out/fields/N32_case26_cg_identity_rtol1e-06_rep2.npz: OK
out/fields/N32_case26_deeponet3d_r128_w16_podinit.npz: OK
out/fields/N32_case26_dst_exact.npz: OK
out/fields/N32_case26_fno3d_w24_m8.npz: OK
out/fields/N32_case26_linear_bank_galerkin.npz: OK
out/fields/N32_case26_linear_bank_weak_qR.npz: OK
out/fields/N32_case26_nmrom_K16_q0_dense.npz: OK
out/fields/N32_case26_nmrom_K16_q32_dense.npz: OK
out/fields/N32_case26_nmrom_K16_q96_dense.npz: OK
out/fields/N32_case26_pod112_galerkin.npz: OK
out/fields/N32_case26_pod128_galerkin.npz: OK
out/fields/N32_case26_pod16_galerkin.npz: OK
out/fields/N32_case26_pod48_galerkin.npz: OK
out/fields/N32_case26_reference.npz: OK
out/fields/N32_case26_transolver3d_w48_s32.npz: OK
out/fields/N32_case26_unet3d_w16.npz: OK
out/fields/N32_case27_cg_identity_plain_rtol1e-02_rep0.npz: OK
out/fields/N32_case27_cg_identity_plain_rtol1e-02_rep1.npz: OK
out/fields/N32_case27_cg_identity_plain_rtol1e-02_rep2.npz: OK
out/fields/N32_case27_cg_identity_plain_rtol1e-04_rep0.npz: OK
out/fields/N32_case27_cg_identity_plain_rtol1e-04_rep1.npz: OK
out/fields/N32_case27_cg_identity_plain_rtol1e-04_rep2.npz: OK
out/fields/N32_case27_cg_identity_plain_rtol1e-06_rep0.npz: OK
out/fields/N32_case27_cg_identity_plain_rtol1e-06_rep1.npz: OK
out/fields/N32_case27_cg_identity_plain_rtol1e-06_rep2.npz: OK
out/fields/N32_case27_cg_identity_rtol1e-02_rep0.npz: OK
out/fields/N32_case27_cg_identity_rtol1e-02_rep1.npz: OK
out/fields/N32_case27_cg_identity_rtol1e-02_rep2.npz: OK
out/fields/N32_case27_cg_identity_rtol1e-04_rep0.npz: OK
out/fields/N32_case27_cg_identity_rtol1e-04_rep1.npz: OK
out/fields/N32_case27_cg_identity_rtol1e-04_rep2.npz: OK
out/fields/N32_case27_cg_identity_rtol1e-06_rep0.npz: OK
out/fields/N32_case27_cg_identity_rtol1e-06_rep1.npz: OK
out/fields/N32_case27_cg_identity_rtol1e-06_rep2.npz: OK
out/fields/N32_case27_deeponet3d_r128_w16_podinit.npz: OK
out/fields/N32_case27_dst_exact.npz: OK
out/fields/N32_case27_fno3d_w24_m8.npz: OK
out/fields/N32_case27_linear_bank_galerkin.npz: OK
out/fields/N32_case27_linear_bank_weak_qR.npz: OK
out/fields/N32_case27_nmrom_K16_q0_dense.npz: OK
out/fields/N32_case27_nmrom_K16_q32_dense.npz: OK
out/fields/N32_case27_nmrom_K16_q96_dense.npz: OK
out/fields/N32_case27_pod112_galerkin.npz: OK
out/fields/N32_case27_pod128_galerkin.npz: OK
out/fields/N32_case27_pod16_galerkin.npz: OK
out/fields/N32_case27_pod48_galerkin.npz: OK
out/fields/N32_case27_reference.npz: OK
out/fields/N32_case27_transolver3d_w48_s32.npz: OK
out/fields/N32_case27_unet3d_w16.npz: OK
out/fields/N32_case28_cg_identity_plain_rtol1e-02_rep0.npz: OK
out/fields/N32_case28_cg_identity_plain_rtol1e-02_rep1.npz: OK
out/fields/N32_case28_cg_identity_plain_rtol1e-02_rep2.npz: OK
out/fields/N32_case28_cg_identity_plain_rtol1e-04_rep0.npz: OK
out/fields/N32_case28_cg_identity_plain_rtol1e-04_rep1.npz: OK
out/fields/N32_case28_cg_identity_plain_rtol1e-04_rep2.npz: OK
out/fields/N32_case28_cg_identity_plain_rtol1e-06_rep0.npz: OK
out/fields/N32_case28_cg_identity_plain_rtol1e-06_rep1.npz: OK
out/fields/N32_case28_cg_identity_plain_rtol1e-06_rep2.npz: OK
out/fields/N32_case28_cg_identity_rtol1e-02_rep0.npz: OK
out/fields/N32_case28_cg_identity_rtol1e-02_rep1.npz: OK
out/fields/N32_case28_cg_identity_rtol1e-02_rep2.npz: OK
out/fields/N32_case28_cg_identity_rtol1e-04_rep0.npz: OK
out/fields/N32_case28_cg_identity_rtol1e-04_rep1.npz: OK
out/fields/N32_case28_cg_identity_rtol1e-04_rep2.npz: OK
out/fields/N32_case28_cg_identity_rtol1e-06_rep0.npz: OK
out/fields/N32_case28_cg_identity_rtol1e-06_rep1.npz: OK
out/fields/N32_case28_cg_identity_rtol1e-06_rep2.npz: OK
out/fields/N32_case28_deeponet3d_r128_w16_podinit.npz: OK
out/fields/N32_case28_dst_exact.npz: OK
out/fields/N32_case28_fno3d_w24_m8.npz: OK
out/fields/N32_case28_linear_bank_galerkin.npz: OK
out/fields/N32_case28_linear_bank_weak_qR.npz: OK
out/fields/N32_case28_nmrom_K16_q0_dense.npz: OK
out/fields/N32_case28_nmrom_K16_q32_dense.npz: OK
out/fields/N32_case28_nmrom_K16_q96_dense.npz: OK
out/fields/N32_case28_pod112_galerkin.npz: OK
out/fields/N32_case28_pod128_galerkin.npz: OK
out/fields/N32_case28_pod16_galerkin.npz: OK
out/fields/N32_case28_pod48_galerkin.npz: OK
out/fields/N32_case28_reference.npz: OK
out/fields/N32_case28_transolver3d_w48_s32.npz: OK
out/fields/N32_case28_unet3d_w16.npz: OK
out/fields/N32_case29_cg_identity_plain_rtol1e-02_rep0.npz: OK
out/fields/N32_case29_cg_identity_plain_rtol1e-02_rep1.npz: OK
out/fields/N32_case29_cg_identity_plain_rtol1e-02_rep2.npz: OK
out/fields/N32_case29_cg_identity_plain_rtol1e-04_rep0.npz: OK
out/fields/N32_case29_cg_identity_plain_rtol1e-04_rep1.npz: OK
out/fields/N32_case29_cg_identity_plain_rtol1e-04_rep2.npz: OK
out/fields/N32_case29_cg_identity_plain_rtol1e-06_rep0.npz: OK
out/fields/N32_case29_cg_identity_plain_rtol1e-06_rep1.npz: OK
out/fields/N32_case29_cg_identity_plain_rtol1e-06_rep2.npz: OK
out/fields/N32_case29_cg_identity_rtol1e-02_rep0.npz: OK
out/fields/N32_case29_cg_identity_rtol1e-02_rep1.npz: OK
out/fields/N32_case29_cg_identity_rtol1e-02_rep2.npz: OK
out/fields/N32_case29_cg_identity_rtol1e-04_rep0.npz: OK
out/fields/N32_case29_cg_identity_rtol1e-04_rep1.npz: OK
out/fields/N32_case29_cg_identity_rtol1e-04_rep2.npz: OK
out/fields/N32_case29_cg_identity_rtol1e-06_rep0.npz: OK
out/fields/N32_case29_cg_identity_rtol1e-06_rep1.npz: OK
out/fields/N32_case29_cg_identity_rtol1e-06_rep2.npz: OK
out/fields/N32_case29_deeponet3d_r128_w16_podinit.npz: OK
out/fields/N32_case29_dst_exact.npz: OK
out/fields/N32_case29_fno3d_w24_m8.npz: OK
out/fields/N32_case29_linear_bank_galerkin.npz: OK
out/fields/N32_case29_linear_bank_weak_qR.npz: OK
out/fields/N32_case29_nmrom_K16_q0_dense.npz: OK
out/fields/N32_case29_nmrom_K16_q32_dense.npz: OK
out/fields/N32_case29_nmrom_K16_q96_dense.npz: OK
out/fields/N32_case29_pod112_galerkin.npz: OK
out/fields/N32_case29_pod128_galerkin.npz: OK
out/fields/N32_case29_pod16_galerkin.npz: OK
out/fields/N32_case29_pod48_galerkin.npz: OK
out/fields/N32_case29_reference.npz: OK
out/fields/N32_case29_transolver3d_w48_s32.npz: OK
out/fields/N32_case29_unet3d_w16.npz: OK
out/fields/N32_case2_cg_identity_plain_rtol1e-02_rep0.npz: OK
out/fields/N32_case2_cg_identity_plain_rtol1e-02_rep1.npz: OK
out/fields/N32_case2_cg_identity_plain_rtol1e-02_rep2.npz: OK
out/fields/N32_case2_cg_identity_plain_rtol1e-04_rep0.npz: OK
out/fields/N32_case2_cg_identity_plain_rtol1e-04_rep1.npz: OK
out/fields/N32_case2_cg_identity_plain_rtol1e-04_rep2.npz: OK
out/fields/N32_case2_cg_identity_plain_rtol1e-06_rep0.npz: OK
out/fields/N32_case2_cg_identity_plain_rtol1e-06_rep1.npz: OK
out/fields/N32_case2_cg_identity_plain_rtol1e-06_rep2.npz: OK
out/fields/N32_case2_cg_identity_rtol1e-02_rep0.npz: OK
out/fields/N32_case2_cg_identity_rtol1e-02_rep1.npz: OK
out/fields/N32_case2_cg_identity_rtol1e-02_rep2.npz: OK
out/fields/N32_case2_cg_identity_rtol1e-04_rep0.npz: OK
out/fields/N32_case2_cg_identity_rtol1e-04_rep1.npz: OK
out/fields/N32_case2_cg_identity_rtol1e-04_rep2.npz: OK
out/fields/N32_case2_cg_identity_rtol1e-06_rep0.npz: OK
out/fields/N32_case2_cg_identity_rtol1e-06_rep1.npz: OK
out/fields/N32_case2_cg_identity_rtol1e-06_rep2.npz: OK
out/fields/N32_case2_deeponet3d_r128_w16_podinit.npz: OK
out/fields/N32_case2_dst_exact.npz: OK
out/fields/N32_case2_fno3d_w24_m8.npz: OK
out/fields/N32_case2_linear_bank_galerkin.npz: OK
out/fields/N32_case2_linear_bank_weak_qR.npz: OK
out/fields/N32_case2_nmrom_K16_q0_dense.npz: OK
out/fields/N32_case2_nmrom_K16_q32_dense.npz: OK
out/fields/N32_case2_nmrom_K16_q96_dense.npz: OK
out/fields/N32_case2_pod112_galerkin.npz: OK
out/fields/N32_case2_pod128_galerkin.npz: OK
out/fields/N32_case2_pod16_galerkin.npz: OK
out/fields/N32_case2_pod48_galerkin.npz: OK
out/fields/N32_case2_reference.npz: OK
out/fields/N32_case2_transolver3d_w48_s32.npz: OK
out/fields/N32_case2_unet3d_w16.npz: OK
out/fields/N32_case30_cg_identity_plain_rtol1e-02_rep0.npz: OK
out/fields/N32_case30_cg_identity_plain_rtol1e-02_rep1.npz: OK
out/fields/N32_case30_cg_identity_plain_rtol1e-02_rep2.npz: OK
out/fields/N32_case30_cg_identity_plain_rtol1e-04_rep0.npz: OK
out/fields/N32_case30_cg_identity_plain_rtol1e-04_rep1.npz: OK
out/fields/N32_case30_cg_identity_plain_rtol1e-04_rep2.npz: OK
out/fields/N32_case30_cg_identity_plain_rtol1e-06_rep0.npz: OK
out/fields/N32_case30_cg_identity_plain_rtol1e-06_rep1.npz: OK
out/fields/N32_case30_cg_identity_plain_rtol1e-06_rep2.npz: OK
out/fields/N32_case30_cg_identity_rtol1e-02_rep0.npz: OK
out/fields/N32_case30_cg_identity_rtol1e-02_rep1.npz: OK
out/fields/N32_case30_cg_identity_rtol1e-02_rep2.npz: OK
out/fields/N32_case30_cg_identity_rtol1e-04_rep0.npz: OK
out/fields/N32_case30_cg_identity_rtol1e-04_rep1.npz: OK
out/fields/N32_case30_cg_identity_rtol1e-04_rep2.npz: OK
out/fields/N32_case30_cg_identity_rtol1e-06_rep0.npz: OK
out/fields/N32_case30_cg_identity_rtol1e-06_rep1.npz: OK
out/fields/N32_case30_cg_identity_rtol1e-06_rep2.npz: OK
out/fields/N32_case30_deeponet3d_r128_w16_podinit.npz: OK
out/fields/N32_case30_dst_exact.npz: OK
out/fields/N32_case30_fno3d_w24_m8.npz: OK
out/fields/N32_case30_linear_bank_galerkin.npz: OK
out/fields/N32_case30_linear_bank_weak_qR.npz: OK
out/fields/N32_case30_nmrom_K16_q0_dense.npz: OK
out/fields/N32_case30_nmrom_K16_q32_dense.npz: OK
out/fields/N32_case30_nmrom_K16_q96_dense.npz: OK
out/fields/N32_case30_pod112_galerkin.npz: OK
out/fields/N32_case30_pod128_galerkin.npz: OK
out/fields/N32_case30_pod16_galerkin.npz: OK
out/fields/N32_case30_pod48_galerkin.npz: OK
out/fields/N32_case30_reference.npz: OK
out/fields/N32_case30_transolver3d_w48_s32.npz: OK
out/fields/N32_case30_unet3d_w16.npz: OK
out/fields/N32_case31_cg_identity_plain_rtol1e-02_rep0.npz: OK
out/fields/N32_case31_cg_identity_plain_rtol1e-02_rep1.npz: OK
out/fields/N32_case31_cg_identity_plain_rtol1e-02_rep2.npz: OK
out/fields/N32_case31_cg_identity_plain_rtol1e-04_rep0.npz: OK
out/fields/N32_case31_cg_identity_plain_rtol1e-04_rep1.npz: OK
out/fields/N32_case31_cg_identity_plain_rtol1e-04_rep2.npz: OK
out/fields/N32_case31_cg_identity_plain_rtol1e-06_rep0.npz: OK
out/fields/N32_case31_cg_identity_plain_rtol1e-06_rep1.npz: OK
out/fields/N32_case31_cg_identity_plain_rtol1e-06_rep2.npz: OK
out/fields/N32_case31_cg_identity_rtol1e-02_rep0.npz: OK
out/fields/N32_case31_cg_identity_rtol1e-02_rep1.npz: OK
out/fields/N32_case31_cg_identity_rtol1e-02_rep2.npz: OK
out/fields/N32_case31_cg_identity_rtol1e-04_rep0.npz: OK
out/fields/N32_case31_cg_identity_rtol1e-04_rep1.npz: OK
out/fields/N32_case31_cg_identity_rtol1e-04_rep2.npz: OK
out/fields/N32_case31_cg_identity_rtol1e-06_rep0.npz: OK
out/fields/N32_case31_cg_identity_rtol1e-06_rep1.npz: OK
out/fields/N32_case31_cg_identity_rtol1e-06_rep2.npz: OK
out/fields/N32_case31_deeponet3d_r128_w16_podinit.npz: OK
out/fields/N32_case31_dst_exact.npz: OK
out/fields/N32_case31_fno3d_w24_m8.npz: OK
out/fields/N32_case31_linear_bank_galerkin.npz: OK
out/fields/N32_case31_linear_bank_weak_qR.npz: OK
out/fields/N32_case31_nmrom_K16_q0_dense.npz: OK
out/fields/N32_case31_nmrom_K16_q32_dense.npz: OK
out/fields/N32_case31_nmrom_K16_q96_dense.npz: OK
out/fields/N32_case31_pod112_galerkin.npz: OK
out/fields/N32_case31_pod128_galerkin.npz: OK
out/fields/N32_case31_pod16_galerkin.npz: OK
out/fields/N32_case31_pod48_galerkin.npz: OK
out/fields/N32_case31_reference.npz: OK
out/fields/N32_case31_transolver3d_w48_s32.npz: OK
out/fields/N32_case31_unet3d_w16.npz: OK
out/fields/N32_case32_cg_identity_plain_rtol1e-02_rep0.npz: OK
out/fields/N32_case32_cg_identity_plain_rtol1e-02_rep1.npz: OK
out/fields/N32_case32_cg_identity_plain_rtol1e-02_rep2.npz: OK
out/fields/N32_case32_cg_identity_plain_rtol1e-04_rep0.npz: OK
out/fields/N32_case32_cg_identity_plain_rtol1e-04_rep1.npz: OK
out/fields/N32_case32_cg_identity_plain_rtol1e-04_rep2.npz: OK
out/fields/N32_case32_cg_identity_plain_rtol1e-06_rep0.npz: OK
out/fields/N32_case32_cg_identity_plain_rtol1e-06_rep1.npz: OK
out/fields/N32_case32_cg_identity_plain_rtol1e-06_rep2.npz: OK
out/fields/N32_case32_cg_identity_rtol1e-02_rep0.npz: OK
out/fields/N32_case32_cg_identity_rtol1e-02_rep1.npz: OK
out/fields/N32_case32_cg_identity_rtol1e-02_rep2.npz: OK
out/fields/N32_case32_cg_identity_rtol1e-04_rep0.npz: OK
out/fields/N32_case32_cg_identity_rtol1e-04_rep1.npz: OK
out/fields/N32_case32_cg_identity_rtol1e-04_rep2.npz: OK
out/fields/N32_case32_cg_identity_rtol1e-06_rep0.npz: OK
out/fields/N32_case32_cg_identity_rtol1e-06_rep1.npz: OK
out/fields/N32_case32_cg_identity_rtol1e-06_rep2.npz: OK
out/fields/N32_case32_deeponet3d_r128_w16_podinit.npz: OK
out/fields/N32_case32_dst_exact.npz: OK
out/fields/N32_case32_fno3d_w24_m8.npz: OK
out/fields/N32_case32_linear_bank_galerkin.npz: OK
out/fields/N32_case32_linear_bank_weak_qR.npz: OK
out/fields/N32_case32_nmrom_K16_q0_dense.npz: OK
out/fields/N32_case32_nmrom_K16_q32_dense.npz: OK
out/fields/N32_case32_nmrom_K16_q96_dense.npz: OK
out/fields/N32_case32_pod112_galerkin.npz: OK
out/fields/N32_case32_pod128_galerkin.npz: OK
out/fields/N32_case32_pod16_galerkin.npz: OK
out/fields/N32_case32_pod48_galerkin.npz: OK
out/fields/N32_case32_reference.npz: OK
out/fields/N32_case32_transolver3d_w48_s32.npz: OK
out/fields/N32_case32_unet3d_w16.npz: OK
out/fields/N32_case33_cg_identity_plain_rtol1e-02_rep0.npz: OK
out/fields/N32_case33_cg_identity_plain_rtol1e-02_rep1.npz: OK
out/fields/N32_case33_cg_identity_plain_rtol1e-02_rep2.npz: OK
out/fields/N32_case33_cg_identity_plain_rtol1e-04_rep0.npz: OK
out/fields/N32_case33_cg_identity_plain_rtol1e-04_rep1.npz: OK
out/fields/N32_case33_cg_identity_plain_rtol1e-04_rep2.npz: OK
out/fields/N32_case33_cg_identity_plain_rtol1e-06_rep0.npz: OK
out/fields/N32_case33_cg_identity_plain_rtol1e-06_rep1.npz: OK
out/fields/N32_case33_cg_identity_plain_rtol1e-06_rep2.npz: OK
out/fields/N32_case33_cg_identity_rtol1e-02_rep0.npz: OK
out/fields/N32_case33_cg_identity_rtol1e-02_rep1.npz: OK
out/fields/N32_case33_cg_identity_rtol1e-02_rep2.npz: OK
out/fields/N32_case33_cg_identity_rtol1e-04_rep0.npz: OK
out/fields/N32_case33_cg_identity_rtol1e-04_rep1.npz: OK
out/fields/N32_case33_cg_identity_rtol1e-04_rep2.npz: OK
out/fields/N32_case33_cg_identity_rtol1e-06_rep0.npz: OK
out/fields/N32_case33_cg_identity_rtol1e-06_rep1.npz: OK
out/fields/N32_case33_cg_identity_rtol1e-06_rep2.npz: OK
out/fields/N32_case33_deeponet3d_r128_w16_podinit.npz: OK
out/fields/N32_case33_dst_exact.npz: OK
out/fields/N32_case33_fno3d_w24_m8.npz: OK
out/fields/N32_case33_linear_bank_galerkin.npz: OK
out/fields/N32_case33_linear_bank_weak_qR.npz: OK
out/fields/N32_case33_nmrom_K16_q0_dense.npz: OK
out/fields/N32_case33_nmrom_K16_q32_dense.npz: OK
out/fields/N32_case33_nmrom_K16_q96_dense.npz: OK
out/fields/N32_case33_pod112_galerkin.npz: OK
out/fields/N32_case33_pod128_galerkin.npz: OK
out/fields/N32_case33_pod16_galerkin.npz: OK
out/fields/N32_case33_pod48_galerkin.npz: OK
out/fields/N32_case33_reference.npz: OK
out/fields/N32_case33_transolver3d_w48_s32.npz: OK
out/fields/N32_case33_unet3d_w16.npz: OK
out/fields/N32_case34_cg_identity_plain_rtol1e-02_rep0.npz: OK
out/fields/N32_case34_cg_identity_plain_rtol1e-02_rep1.npz: OK
out/fields/N32_case34_cg_identity_plain_rtol1e-02_rep2.npz: OK
out/fields/N32_case34_cg_identity_plain_rtol1e-04_rep0.npz: OK
out/fields/N32_case34_cg_identity_plain_rtol1e-04_rep1.npz: OK
out/fields/N32_case34_cg_identity_plain_rtol1e-04_rep2.npz: OK
out/fields/N32_case34_cg_identity_plain_rtol1e-06_rep0.npz: OK
out/fields/N32_case34_cg_identity_plain_rtol1e-06_rep1.npz: OK
out/fields/N32_case34_cg_identity_plain_rtol1e-06_rep2.npz: OK
out/fields/N32_case34_cg_identity_rtol1e-02_rep0.npz: OK
out/fields/N32_case34_cg_identity_rtol1e-02_rep1.npz: OK
out/fields/N32_case34_cg_identity_rtol1e-02_rep2.npz: OK
out/fields/N32_case34_cg_identity_rtol1e-04_rep0.npz: OK
out/fields/N32_case34_cg_identity_rtol1e-04_rep1.npz: OK
out/fields/N32_case34_cg_identity_rtol1e-04_rep2.npz: OK
out/fields/N32_case34_cg_identity_rtol1e-06_rep0.npz: OK
out/fields/N32_case34_cg_identity_rtol1e-06_rep1.npz: OK
out/fields/N32_case34_cg_identity_rtol1e-06_rep2.npz: OK
out/fields/N32_case34_deeponet3d_r128_w16_podinit.npz: OK
out/fields/N32_case34_dst_exact.npz: OK
out/fields/N32_case34_fno3d_w24_m8.npz: OK
out/fields/N32_case34_linear_bank_galerkin.npz: OK
out/fields/N32_case34_linear_bank_weak_qR.npz: OK
out/fields/N32_case34_nmrom_K16_q0_dense.npz: OK
out/fields/N32_case34_nmrom_K16_q32_dense.npz: OK
out/fields/N32_case34_nmrom_K16_q96_dense.npz: OK
out/fields/N32_case34_pod112_galerkin.npz: OK
out/fields/N32_case34_pod128_galerkin.npz: OK
out/fields/N32_case34_pod16_galerkin.npz: OK
out/fields/N32_case34_pod48_galerkin.npz: OK
out/fields/N32_case34_reference.npz: OK
out/fields/N32_case34_transolver3d_w48_s32.npz: OK
out/fields/N32_case34_unet3d_w16.npz: OK
out/fields/N32_case35_cg_identity_plain_rtol1e-02_rep0.npz: OK
out/fields/N32_case35_cg_identity_plain_rtol1e-02_rep1.npz: OK
out/fields/N32_case35_cg_identity_plain_rtol1e-02_rep2.npz: OK
out/fields/N32_case35_cg_identity_plain_rtol1e-04_rep0.npz: OK
out/fields/N32_case35_cg_identity_plain_rtol1e-04_rep1.npz: OK
out/fields/N32_case35_cg_identity_plain_rtol1e-04_rep2.npz: OK
out/fields/N32_case35_cg_identity_plain_rtol1e-06_rep0.npz: OK
out/fields/N32_case35_cg_identity_plain_rtol1e-06_rep1.npz: OK
out/fields/N32_case35_cg_identity_plain_rtol1e-06_rep2.npz: OK
out/fields/N32_case35_cg_identity_rtol1e-02_rep0.npz: OK
out/fields/N32_case35_cg_identity_rtol1e-02_rep1.npz: OK
out/fields/N32_case35_cg_identity_rtol1e-02_rep2.npz: OK
out/fields/N32_case35_cg_identity_rtol1e-04_rep0.npz: OK
out/fields/N32_case35_cg_identity_rtol1e-04_rep1.npz: OK
out/fields/N32_case35_cg_identity_rtol1e-04_rep2.npz: OK
out/fields/N32_case35_cg_identity_rtol1e-06_rep0.npz: OK
out/fields/N32_case35_cg_identity_rtol1e-06_rep1.npz: OK
out/fields/N32_case35_cg_identity_rtol1e-06_rep2.npz: OK
out/fields/N32_case35_deeponet3d_r128_w16_podinit.npz: OK
out/fields/N32_case35_dst_exact.npz: OK
out/fields/N32_case35_fno3d_w24_m8.npz: OK
out/fields/N32_case35_linear_bank_galerkin.npz: OK
out/fields/N32_case35_linear_bank_weak_qR.npz: OK
out/fields/N32_case35_nmrom_K16_q0_dense.npz: OK
out/fields/N32_case35_nmrom_K16_q32_dense.npz: OK
out/fields/N32_case35_nmrom_K16_q96_dense.npz: OK
out/fields/N32_case35_pod112_galerkin.npz: OK
out/fields/N32_case35_pod128_galerkin.npz: OK
out/fields/N32_case35_pod16_galerkin.npz: OK
out/fields/N32_case35_pod48_galerkin.npz: OK
out/fields/N32_case35_reference.npz: OK
out/fields/N32_case35_transolver3d_w48_s32.npz: OK
out/fields/N32_case35_unet3d_w16.npz: OK
out/fields/N32_case36_cg_identity_plain_rtol1e-02_rep0.npz: OK
out/fields/N32_case36_cg_identity_plain_rtol1e-02_rep1.npz: OK
out/fields/N32_case36_cg_identity_plain_rtol1e-02_rep2.npz: OK
out/fields/N32_case36_cg_identity_plain_rtol1e-04_rep0.npz: OK
out/fields/N32_case36_cg_identity_plain_rtol1e-04_rep1.npz: OK
out/fields/N32_case36_cg_identity_plain_rtol1e-04_rep2.npz: OK
out/fields/N32_case36_cg_identity_plain_rtol1e-06_rep0.npz: OK
out/fields/N32_case36_cg_identity_plain_rtol1e-06_rep1.npz: OK
out/fields/N32_case36_cg_identity_plain_rtol1e-06_rep2.npz: OK
out/fields/N32_case36_cg_identity_rtol1e-02_rep0.npz: OK
out/fields/N32_case36_cg_identity_rtol1e-02_rep1.npz: OK
out/fields/N32_case36_cg_identity_rtol1e-02_rep2.npz: OK
out/fields/N32_case36_cg_identity_rtol1e-04_rep0.npz: OK
out/fields/N32_case36_cg_identity_rtol1e-04_rep1.npz: OK
out/fields/N32_case36_cg_identity_rtol1e-04_rep2.npz: OK
out/fields/N32_case36_cg_identity_rtol1e-06_rep0.npz: OK
out/fields/N32_case36_cg_identity_rtol1e-06_rep1.npz: OK
out/fields/N32_case36_cg_identity_rtol1e-06_rep2.npz: OK
out/fields/N32_case36_deeponet3d_r128_w16_podinit.npz: OK
out/fields/N32_case36_dst_exact.npz: OK
out/fields/N32_case36_fno3d_w24_m8.npz: OK
out/fields/N32_case36_linear_bank_galerkin.npz: OK
out/fields/N32_case36_linear_bank_weak_qR.npz: OK
out/fields/N32_case36_nmrom_K16_q0_dense.npz: OK
out/fields/N32_case36_nmrom_K16_q32_dense.npz: OK
out/fields/N32_case36_nmrom_K16_q96_dense.npz: OK
out/fields/N32_case36_pod112_galerkin.npz: OK
out/fields/N32_case36_pod128_galerkin.npz: OK
out/fields/N32_case36_pod16_galerkin.npz: OK
out/fields/N32_case36_pod48_galerkin.npz: OK
out/fields/N32_case36_reference.npz: OK
out/fields/N32_case36_transolver3d_w48_s32.npz: OK
out/fields/N32_case36_unet3d_w16.npz: OK
out/fields/N32_case37_cg_identity_plain_rtol1e-02_rep0.npz: OK
out/fields/N32_case37_cg_identity_plain_rtol1e-02_rep1.npz: OK
out/fields/N32_case37_cg_identity_plain_rtol1e-02_rep2.npz: OK
out/fields/N32_case37_cg_identity_plain_rtol1e-04_rep0.npz: OK
out/fields/N32_case37_cg_identity_plain_rtol1e-04_rep1.npz: OK
out/fields/N32_case37_cg_identity_plain_rtol1e-04_rep2.npz: OK
out/fields/N32_case37_cg_identity_plain_rtol1e-06_rep0.npz: OK
out/fields/N32_case37_cg_identity_plain_rtol1e-06_rep1.npz: OK
out/fields/N32_case37_cg_identity_plain_rtol1e-06_rep2.npz: OK
out/fields/N32_case37_cg_identity_rtol1e-02_rep0.npz: OK
out/fields/N32_case37_cg_identity_rtol1e-02_rep1.npz: OK
out/fields/N32_case37_cg_identity_rtol1e-02_rep2.npz: OK
out/fields/N32_case37_cg_identity_rtol1e-04_rep0.npz: OK
out/fields/N32_case37_cg_identity_rtol1e-04_rep1.npz: OK
out/fields/N32_case37_cg_identity_rtol1e-04_rep2.npz: OK
out/fields/N32_case37_cg_identity_rtol1e-06_rep0.npz: OK
out/fields/N32_case37_cg_identity_rtol1e-06_rep1.npz: OK
out/fields/N32_case37_cg_identity_rtol1e-06_rep2.npz: OK
out/fields/N32_case37_deeponet3d_r128_w16_podinit.npz: OK
out/fields/N32_case37_dst_exact.npz: OK
out/fields/N32_case37_fno3d_w24_m8.npz: OK
out/fields/N32_case37_linear_bank_galerkin.npz: OK
out/fields/N32_case37_linear_bank_weak_qR.npz: OK
out/fields/N32_case37_nmrom_K16_q0_dense.npz: OK
out/fields/N32_case37_nmrom_K16_q32_dense.npz: OK
out/fields/N32_case37_nmrom_K16_q96_dense.npz: OK
out/fields/N32_case37_pod112_galerkin.npz: OK
out/fields/N32_case37_pod128_galerkin.npz: OK
out/fields/N32_case37_pod16_galerkin.npz: OK
out/fields/N32_case37_pod48_galerkin.npz: OK
out/fields/N32_case37_reference.npz: OK
out/fields/N32_case37_transolver3d_w48_s32.npz: OK
out/fields/N32_case37_unet3d_w16.npz: OK
out/fields/N32_case38_cg_identity_plain_rtol1e-02_rep0.npz: OK
out/fields/N32_case38_cg_identity_plain_rtol1e-02_rep1.npz: OK
out/fields/N32_case38_cg_identity_plain_rtol1e-02_rep2.npz: OK
out/fields/N32_case38_cg_identity_plain_rtol1e-04_rep0.npz: OK
out/fields/N32_case38_cg_identity_plain_rtol1e-04_rep1.npz: OK
out/fields/N32_case38_cg_identity_plain_rtol1e-04_rep2.npz: OK
out/fields/N32_case38_cg_identity_plain_rtol1e-06_rep0.npz: OK
out/fields/N32_case38_cg_identity_plain_rtol1e-06_rep1.npz: OK
out/fields/N32_case38_cg_identity_plain_rtol1e-06_rep2.npz: OK
out/fields/N32_case38_cg_identity_rtol1e-02_rep0.npz: OK
out/fields/N32_case38_cg_identity_rtol1e-02_rep1.npz: OK
out/fields/N32_case38_cg_identity_rtol1e-02_rep2.npz: OK
out/fields/N32_case38_cg_identity_rtol1e-04_rep0.npz: OK
out/fields/N32_case38_cg_identity_rtol1e-04_rep1.npz: OK
out/fields/N32_case38_cg_identity_rtol1e-04_rep2.npz: OK
out/fields/N32_case38_cg_identity_rtol1e-06_rep0.npz: OK
out/fields/N32_case38_cg_identity_rtol1e-06_rep1.npz: OK
out/fields/N32_case38_cg_identity_rtol1e-06_rep2.npz: OK
out/fields/N32_case38_deeponet3d_r128_w16_podinit.npz: OK
out/fields/N32_case38_dst_exact.npz: OK
out/fields/N32_case38_fno3d_w24_m8.npz: OK
out/fields/N32_case38_linear_bank_galerkin.npz: OK
out/fields/N32_case38_linear_bank_weak_qR.npz: OK
out/fields/N32_case38_nmrom_K16_q0_dense.npz: OK
out/fields/N32_case38_nmrom_K16_q32_dense.npz: OK
out/fields/N32_case38_nmrom_K16_q96_dense.npz: OK
out/fields/N32_case38_pod112_galerkin.npz: OK
out/fields/N32_case38_pod128_galerkin.npz: OK
out/fields/N32_case38_pod16_galerkin.npz: OK
out/fields/N32_case38_pod48_galerkin.npz: OK
out/fields/N32_case38_reference.npz: OK
out/fields/N32_case38_transolver3d_w48_s32.npz: OK
out/fields/N32_case38_unet3d_w16.npz: OK
out/fields/N32_case39_cg_identity_plain_rtol1e-02_rep0.npz: OK
out/fields/N32_case39_cg_identity_plain_rtol1e-02_rep1.npz: OK
out/fields/N32_case39_cg_identity_plain_rtol1e-02_rep2.npz: OK
out/fields/N32_case39_cg_identity_plain_rtol1e-04_rep0.npz: OK
out/fields/N32_case39_cg_identity_plain_rtol1e-04_rep1.npz: OK
out/fields/N32_case39_cg_identity_plain_rtol1e-04_rep2.npz: OK
out/fields/N32_case39_cg_identity_plain_rtol1e-06_rep0.npz: OK
out/fields/N32_case39_cg_identity_plain_rtol1e-06_rep1.npz: OK
out/fields/N32_case39_cg_identity_plain_rtol1e-06_rep2.npz: OK
out/fields/N32_case39_cg_identity_rtol1e-02_rep0.npz: OK
out/fields/N32_case39_cg_identity_rtol1e-02_rep1.npz: OK
out/fields/N32_case39_cg_identity_rtol1e-02_rep2.npz: OK
out/fields/N32_case39_cg_identity_rtol1e-04_rep0.npz: OK
out/fields/N32_case39_cg_identity_rtol1e-04_rep1.npz: OK
out/fields/N32_case39_cg_identity_rtol1e-04_rep2.npz: OK
out/fields/N32_case39_cg_identity_rtol1e-06_rep0.npz: OK
out/fields/N32_case39_cg_identity_rtol1e-06_rep1.npz: OK
out/fields/N32_case39_cg_identity_rtol1e-06_rep2.npz: OK
out/fields/N32_case39_deeponet3d_r128_w16_podinit.npz: OK
out/fields/N32_case39_dst_exact.npz: OK
out/fields/N32_case39_fno3d_w24_m8.npz: OK
out/fields/N32_case39_linear_bank_galerkin.npz: OK
out/fields/N32_case39_linear_bank_weak_qR.npz: OK
out/fields/N32_case39_nmrom_K16_q0_dense.npz: OK
out/fields/N32_case39_nmrom_K16_q32_dense.npz: OK
out/fields/N32_case39_nmrom_K16_q96_dense.npz: OK
out/fields/N32_case39_pod112_galerkin.npz: OK
out/fields/N32_case39_pod128_galerkin.npz: OK
out/fields/N32_case39_pod16_galerkin.npz: OK
out/fields/N32_case39_pod48_galerkin.npz: OK
out/fields/N32_case39_reference.npz: OK
out/fields/N32_case39_transolver3d_w48_s32.npz: OK
out/fields/N32_case39_unet3d_w16.npz: OK
out/fields/N32_case3_cg_identity_plain_rtol1e-02_rep0.npz: OK
out/fields/N32_case3_cg_identity_plain_rtol1e-02_rep1.npz: OK
out/fields/N32_case3_cg_identity_plain_rtol1e-02_rep2.npz: OK
out/fields/N32_case3_cg_identity_plain_rtol1e-04_rep0.npz: OK
out/fields/N32_case3_cg_identity_plain_rtol1e-04_rep1.npz: OK
out/fields/N32_case3_cg_identity_plain_rtol1e-04_rep2.npz: OK
out/fields/N32_case3_cg_identity_plain_rtol1e-06_rep0.npz: OK
out/fields/N32_case3_cg_identity_plain_rtol1e-06_rep1.npz: OK
out/fields/N32_case3_cg_identity_plain_rtol1e-06_rep2.npz: OK
out/fields/N32_case3_cg_identity_rtol1e-02_rep0.npz: OK
out/fields/N32_case3_cg_identity_rtol1e-02_rep1.npz: OK
out/fields/N32_case3_cg_identity_rtol1e-02_rep2.npz: OK
out/fields/N32_case3_cg_identity_rtol1e-04_rep0.npz: OK
out/fields/N32_case3_cg_identity_rtol1e-04_rep1.npz: OK
out/fields/N32_case3_cg_identity_rtol1e-04_rep2.npz: OK
out/fields/N32_case3_cg_identity_rtol1e-06_rep0.npz: OK
out/fields/N32_case3_cg_identity_rtol1e-06_rep1.npz: OK
out/fields/N32_case3_cg_identity_rtol1e-06_rep2.npz: OK
out/fields/N32_case3_deeponet3d_r128_w16_podinit.npz: OK
out/fields/N32_case3_dst_exact.npz: OK
out/fields/N32_case3_fno3d_w24_m8.npz: OK
out/fields/N32_case3_linear_bank_galerkin.npz: OK
out/fields/N32_case3_linear_bank_weak_qR.npz: OK
out/fields/N32_case3_nmrom_K16_q0_dense.npz: OK
out/fields/N32_case3_nmrom_K16_q32_dense.npz: OK
out/fields/N32_case3_nmrom_K16_q96_dense.npz: OK
out/fields/N32_case3_pod112_galerkin.npz: OK
out/fields/N32_case3_pod128_galerkin.npz: OK
out/fields/N32_case3_pod16_galerkin.npz: OK
out/fields/N32_case3_pod48_galerkin.npz: OK
out/fields/N32_case3_reference.npz: OK
out/fields/N32_case3_transolver3d_w48_s32.npz: OK
out/fields/N32_case3_unet3d_w16.npz: OK
out/fields/N32_case40_cg_identity_plain_rtol1e-02_rep0.npz: OK
out/fields/N32_case40_cg_identity_plain_rtol1e-02_rep1.npz: OK
out/fields/N32_case40_cg_identity_plain_rtol1e-02_rep2.npz: OK
out/fields/N32_case40_cg_identity_plain_rtol1e-04_rep0.npz: OK
out/fields/N32_case40_cg_identity_plain_rtol1e-04_rep1.npz: OK
out/fields/N32_case40_cg_identity_plain_rtol1e-04_rep2.npz: OK
out/fields/N32_case40_cg_identity_plain_rtol1e-06_rep0.npz: OK
out/fields/N32_case40_cg_identity_plain_rtol1e-06_rep1.npz: OK
out/fields/N32_case40_cg_identity_plain_rtol1e-06_rep2.npz: OK
out/fields/N32_case40_cg_identity_rtol1e-02_rep0.npz: OK
out/fields/N32_case40_cg_identity_rtol1e-02_rep1.npz: OK
out/fields/N32_case40_cg_identity_rtol1e-02_rep2.npz: OK
out/fields/N32_case40_cg_identity_rtol1e-04_rep0.npz: OK
out/fields/N32_case40_cg_identity_rtol1e-04_rep1.npz: OK
out/fields/N32_case40_cg_identity_rtol1e-04_rep2.npz: OK
out/fields/N32_case40_cg_identity_rtol1e-06_rep0.npz: OK
out/fields/N32_case40_cg_identity_rtol1e-06_rep1.npz: OK
out/fields/N32_case40_cg_identity_rtol1e-06_rep2.npz: OK
out/fields/N32_case40_deeponet3d_r128_w16_podinit.npz: OK
out/fields/N32_case40_dst_exact.npz: OK
out/fields/N32_case40_fno3d_w24_m8.npz: OK
out/fields/N32_case40_linear_bank_galerkin.npz: OK
out/fields/N32_case40_linear_bank_weak_qR.npz: OK
out/fields/N32_case40_nmrom_K16_q0_dense.npz: OK
out/fields/N32_case40_nmrom_K16_q32_dense.npz: OK
out/fields/N32_case40_nmrom_K16_q96_dense.npz: OK
out/fields/N32_case40_pod112_galerkin.npz: OK
out/fields/N32_case40_pod128_galerkin.npz: OK
out/fields/N32_case40_pod16_galerkin.npz: OK
out/fields/N32_case40_pod48_galerkin.npz: OK
out/fields/N32_case40_reference.npz: OK
out/fields/N32_case40_transolver3d_w48_s32.npz: OK
out/fields/N32_case40_unet3d_w16.npz: OK
out/fields/N32_case41_cg_identity_plain_rtol1e-02_rep0.npz: OK
out/fields/N32_case41_cg_identity_plain_rtol1e-02_rep1.npz: OK
out/fields/N32_case41_cg_identity_plain_rtol1e-02_rep2.npz: OK
out/fields/N32_case41_cg_identity_plain_rtol1e-04_rep0.npz: OK
out/fields/N32_case41_cg_identity_plain_rtol1e-04_rep1.npz: OK
out/fields/N32_case41_cg_identity_plain_rtol1e-04_rep2.npz: OK
out/fields/N32_case41_cg_identity_plain_rtol1e-06_rep0.npz: OK
out/fields/N32_case41_cg_identity_plain_rtol1e-06_rep1.npz: OK
out/fields/N32_case41_cg_identity_plain_rtol1e-06_rep2.npz: OK
out/fields/N32_case41_cg_identity_rtol1e-02_rep0.npz: OK
out/fields/N32_case41_cg_identity_rtol1e-02_rep1.npz: OK
out/fields/N32_case41_cg_identity_rtol1e-02_rep2.npz: OK
out/fields/N32_case41_cg_identity_rtol1e-04_rep0.npz: OK
out/fields/N32_case41_cg_identity_rtol1e-04_rep1.npz: OK
out/fields/N32_case41_cg_identity_rtol1e-04_rep2.npz: OK
out/fields/N32_case41_cg_identity_rtol1e-06_rep0.npz: OK
out/fields/N32_case41_cg_identity_rtol1e-06_rep1.npz: OK
out/fields/N32_case41_cg_identity_rtol1e-06_rep2.npz: OK
out/fields/N32_case41_deeponet3d_r128_w16_podinit.npz: OK
out/fields/N32_case41_dst_exact.npz: OK
out/fields/N32_case41_fno3d_w24_m8.npz: OK
out/fields/N32_case41_linear_bank_galerkin.npz: OK
out/fields/N32_case41_linear_bank_weak_qR.npz: OK
out/fields/N32_case41_nmrom_K16_q0_dense.npz: OK
out/fields/N32_case41_nmrom_K16_q32_dense.npz: OK
out/fields/N32_case41_nmrom_K16_q96_dense.npz: OK
out/fields/N32_case41_pod112_galerkin.npz: OK
out/fields/N32_case41_pod128_galerkin.npz: OK
out/fields/N32_case41_pod16_galerkin.npz: OK
out/fields/N32_case41_pod48_galerkin.npz: OK
out/fields/N32_case41_reference.npz: OK
out/fields/N32_case41_transolver3d_w48_s32.npz: OK
out/fields/N32_case41_unet3d_w16.npz: OK
out/fields/N32_case42_cg_identity_plain_rtol1e-02_rep0.npz: OK
out/fields/N32_case42_cg_identity_plain_rtol1e-02_rep1.npz: OK
out/fields/N32_case42_cg_identity_plain_rtol1e-02_rep2.npz: OK
out/fields/N32_case42_cg_identity_plain_rtol1e-04_rep0.npz: OK
out/fields/N32_case42_cg_identity_plain_rtol1e-04_rep1.npz: OK
out/fields/N32_case42_cg_identity_plain_rtol1e-04_rep2.npz: OK
out/fields/N32_case42_cg_identity_plain_rtol1e-06_rep0.npz: OK
out/fields/N32_case42_cg_identity_plain_rtol1e-06_rep1.npz: OK
out/fields/N32_case42_cg_identity_plain_rtol1e-06_rep2.npz: OK
out/fields/N32_case42_cg_identity_rtol1e-02_rep0.npz: OK
out/fields/N32_case42_cg_identity_rtol1e-02_rep1.npz: OK
out/fields/N32_case42_cg_identity_rtol1e-02_rep2.npz: OK
out/fields/N32_case42_cg_identity_rtol1e-04_rep0.npz: OK
out/fields/N32_case42_cg_identity_rtol1e-04_rep1.npz: OK
out/fields/N32_case42_cg_identity_rtol1e-04_rep2.npz: OK
out/fields/N32_case42_cg_identity_rtol1e-06_rep0.npz: OK
out/fields/N32_case42_cg_identity_rtol1e-06_rep1.npz: OK
out/fields/N32_case42_cg_identity_rtol1e-06_rep2.npz: OK
out/fields/N32_case42_deeponet3d_r128_w16_podinit.npz: OK
out/fields/N32_case42_dst_exact.npz: OK
out/fields/N32_case42_fno3d_w24_m8.npz: OK
out/fields/N32_case42_linear_bank_galerkin.npz: OK
out/fields/N32_case42_linear_bank_weak_qR.npz: OK
out/fields/N32_case42_nmrom_K16_q0_dense.npz: OK
out/fields/N32_case42_nmrom_K16_q32_dense.npz: OK
out/fields/N32_case42_nmrom_K16_q96_dense.npz: OK
out/fields/N32_case42_pod112_galerkin.npz: OK
out/fields/N32_case42_pod128_galerkin.npz: OK
out/fields/N32_case42_pod16_galerkin.npz: OK
out/fields/N32_case42_pod48_galerkin.npz: OK
out/fields/N32_case42_reference.npz: OK
out/fields/N32_case42_transolver3d_w48_s32.npz: OK
out/fields/N32_case42_unet3d_w16.npz: OK
out/fields/N32_case43_cg_identity_plain_rtol1e-02_rep0.npz: OK
out/fields/N32_case43_cg_identity_plain_rtol1e-02_rep1.npz: OK
out/fields/N32_case43_cg_identity_plain_rtol1e-02_rep2.npz: OK
out/fields/N32_case43_cg_identity_plain_rtol1e-04_rep0.npz: OK
out/fields/N32_case43_cg_identity_plain_rtol1e-04_rep1.npz: OK
out/fields/N32_case43_cg_identity_plain_rtol1e-04_rep2.npz: OK
out/fields/N32_case43_cg_identity_plain_rtol1e-06_rep0.npz: OK
out/fields/N32_case43_cg_identity_plain_rtol1e-06_rep1.npz: OK
out/fields/N32_case43_cg_identity_plain_rtol1e-06_rep2.npz: OK
out/fields/N32_case43_cg_identity_rtol1e-02_rep0.npz: OK
out/fields/N32_case43_cg_identity_rtol1e-02_rep1.npz: OK
out/fields/N32_case43_cg_identity_rtol1e-02_rep2.npz: OK
out/fields/N32_case43_cg_identity_rtol1e-04_rep0.npz: OK
out/fields/N32_case43_cg_identity_rtol1e-04_rep1.npz: OK
out/fields/N32_case43_cg_identity_rtol1e-04_rep2.npz: OK
out/fields/N32_case43_cg_identity_rtol1e-06_rep0.npz: OK
out/fields/N32_case43_cg_identity_rtol1e-06_rep1.npz: OK
out/fields/N32_case43_cg_identity_rtol1e-06_rep2.npz: OK
out/fields/N32_case43_deeponet3d_r128_w16_podinit.npz: OK
out/fields/N32_case43_dst_exact.npz: OK
out/fields/N32_case43_fno3d_w24_m8.npz: OK
out/fields/N32_case43_linear_bank_galerkin.npz: OK
out/fields/N32_case43_linear_bank_weak_qR.npz: OK
out/fields/N32_case43_nmrom_K16_q0_dense.npz: OK
out/fields/N32_case43_nmrom_K16_q32_dense.npz: OK
out/fields/N32_case43_nmrom_K16_q96_dense.npz: OK
out/fields/N32_case43_pod112_galerkin.npz: OK
out/fields/N32_case43_pod128_galerkin.npz: OK
out/fields/N32_case43_pod16_galerkin.npz: OK
out/fields/N32_case43_pod48_galerkin.npz: OK
out/fields/N32_case43_reference.npz: OK
out/fields/N32_case43_transolver3d_w48_s32.npz: OK
out/fields/N32_case43_unet3d_w16.npz: OK
out/fields/N32_case44_cg_identity_plain_rtol1e-02_rep0.npz: OK
out/fields/N32_case44_cg_identity_plain_rtol1e-02_rep1.npz: OK
out/fields/N32_case44_cg_identity_plain_rtol1e-02_rep2.npz: OK
out/fields/N32_case44_cg_identity_plain_rtol1e-04_rep0.npz: OK
out/fields/N32_case44_cg_identity_plain_rtol1e-04_rep1.npz: OK
out/fields/N32_case44_cg_identity_plain_rtol1e-04_rep2.npz: OK
out/fields/N32_case44_cg_identity_plain_rtol1e-06_rep0.npz: OK
out/fields/N32_case44_cg_identity_plain_rtol1e-06_rep1.npz: OK
out/fields/N32_case44_cg_identity_plain_rtol1e-06_rep2.npz: OK
out/fields/N32_case44_cg_identity_rtol1e-02_rep0.npz: OK
out/fields/N32_case44_cg_identity_rtol1e-02_rep1.npz: OK
out/fields/N32_case44_cg_identity_rtol1e-02_rep2.npz: OK
out/fields/N32_case44_cg_identity_rtol1e-04_rep0.npz: OK
out/fields/N32_case44_cg_identity_rtol1e-04_rep1.npz: OK
out/fields/N32_case44_cg_identity_rtol1e-04_rep2.npz: OK
out/fields/N32_case44_cg_identity_rtol1e-06_rep0.npz: OK
out/fields/N32_case44_cg_identity_rtol1e-06_rep1.npz: OK
out/fields/N32_case44_cg_identity_rtol1e-06_rep2.npz: OK
out/fields/N32_case44_deeponet3d_r128_w16_podinit.npz: OK
out/fields/N32_case44_dst_exact.npz: OK
out/fields/N32_case44_fno3d_w24_m8.npz: OK
out/fields/N32_case44_linear_bank_galerkin.npz: OK
out/fields/N32_case44_linear_bank_weak_qR.npz: OK
out/fields/N32_case44_nmrom_K16_q0_dense.npz: OK
out/fields/N32_case44_nmrom_K16_q32_dense.npz: OK
out/fields/N32_case44_nmrom_K16_q96_dense.npz: OK
out/fields/N32_case44_pod112_galerkin.npz: OK
out/fields/N32_case44_pod128_galerkin.npz: OK
out/fields/N32_case44_pod16_galerkin.npz: OK
out/fields/N32_case44_pod48_galerkin.npz: OK
out/fields/N32_case44_reference.npz: OK
out/fields/N32_case44_transolver3d_w48_s32.npz: OK
out/fields/N32_case44_unet3d_w16.npz: OK
out/fields/N32_case45_cg_identity_plain_rtol1e-02_rep0.npz: OK
out/fields/N32_case45_cg_identity_plain_rtol1e-02_rep1.npz: OK
out/fields/N32_case45_cg_identity_plain_rtol1e-02_rep2.npz: OK
out/fields/N32_case45_cg_identity_plain_rtol1e-04_rep0.npz: OK
out/fields/N32_case45_cg_identity_plain_rtol1e-04_rep1.npz: OK
out/fields/N32_case45_cg_identity_plain_rtol1e-04_rep2.npz: OK
out/fields/N32_case45_cg_identity_plain_rtol1e-06_rep0.npz: OK
out/fields/N32_case45_cg_identity_plain_rtol1e-06_rep1.npz: OK
out/fields/N32_case45_cg_identity_plain_rtol1e-06_rep2.npz: OK
out/fields/N32_case45_cg_identity_rtol1e-02_rep0.npz: OK
out/fields/N32_case45_cg_identity_rtol1e-02_rep1.npz: OK
out/fields/N32_case45_cg_identity_rtol1e-02_rep2.npz: OK
out/fields/N32_case45_cg_identity_rtol1e-04_rep0.npz: OK
out/fields/N32_case45_cg_identity_rtol1e-04_rep1.npz: OK
out/fields/N32_case45_cg_identity_rtol1e-04_rep2.npz: OK
out/fields/N32_case45_cg_identity_rtol1e-06_rep0.npz: OK
out/fields/N32_case45_cg_identity_rtol1e-06_rep1.npz: OK
out/fields/N32_case45_cg_identity_rtol1e-06_rep2.npz: OK
out/fields/N32_case45_deeponet3d_r128_w16_podinit.npz: OK
out/fields/N32_case45_dst_exact.npz: OK
out/fields/N32_case45_fno3d_w24_m8.npz: OK
out/fields/N32_case45_linear_bank_galerkin.npz: OK
out/fields/N32_case45_linear_bank_weak_qR.npz: OK
out/fields/N32_case45_nmrom_K16_q0_dense.npz: OK
out/fields/N32_case45_nmrom_K16_q32_dense.npz: OK
out/fields/N32_case45_nmrom_K16_q96_dense.npz: OK
out/fields/N32_case45_pod112_galerkin.npz: OK
out/fields/N32_case45_pod128_galerkin.npz: OK
out/fields/N32_case45_pod16_galerkin.npz: OK
out/fields/N32_case45_pod48_galerkin.npz: OK
out/fields/N32_case45_reference.npz: OK
out/fields/N32_case45_transolver3d_w48_s32.npz: OK
out/fields/N32_case45_unet3d_w16.npz: OK
out/fields/N32_case46_cg_identity_plain_rtol1e-02_rep0.npz: OK
out/fields/N32_case46_cg_identity_plain_rtol1e-02_rep1.npz: OK
out/fields/N32_case46_cg_identity_plain_rtol1e-02_rep2.npz: OK
out/fields/N32_case46_cg_identity_plain_rtol1e-04_rep0.npz: OK
out/fields/N32_case46_cg_identity_plain_rtol1e-04_rep1.npz: OK
out/fields/N32_case46_cg_identity_plain_rtol1e-04_rep2.npz: OK
out/fields/N32_case46_cg_identity_plain_rtol1e-06_rep0.npz: OK
out/fields/N32_case46_cg_identity_plain_rtol1e-06_rep1.npz: OK
out/fields/N32_case46_cg_identity_plain_rtol1e-06_rep2.npz: OK
out/fields/N32_case46_cg_identity_rtol1e-02_rep0.npz: OK
out/fields/N32_case46_cg_identity_rtol1e-02_rep1.npz: OK
out/fields/N32_case46_cg_identity_rtol1e-02_rep2.npz: OK
out/fields/N32_case46_cg_identity_rtol1e-04_rep0.npz: OK
out/fields/N32_case46_cg_identity_rtol1e-04_rep1.npz: OK
out/fields/N32_case46_cg_identity_rtol1e-04_rep2.npz: OK
out/fields/N32_case46_cg_identity_rtol1e-06_rep0.npz: OK
out/fields/N32_case46_cg_identity_rtol1e-06_rep1.npz: OK
out/fields/N32_case46_cg_identity_rtol1e-06_rep2.npz: OK
out/fields/N32_case46_deeponet3d_r128_w16_podinit.npz: OK
out/fields/N32_case46_dst_exact.npz: OK
out/fields/N32_case46_fno3d_w24_m8.npz: OK
out/fields/N32_case46_linear_bank_galerkin.npz: OK
out/fields/N32_case46_linear_bank_weak_qR.npz: OK
out/fields/N32_case46_nmrom_K16_q0_dense.npz: OK
out/fields/N32_case46_nmrom_K16_q32_dense.npz: OK
out/fields/N32_case46_nmrom_K16_q96_dense.npz: OK
out/fields/N32_case46_pod112_galerkin.npz: OK
out/fields/N32_case46_pod128_galerkin.npz: OK
out/fields/N32_case46_pod16_galerkin.npz: OK
out/fields/N32_case46_pod48_galerkin.npz: OK
out/fields/N32_case46_reference.npz: OK
out/fields/N32_case46_transolver3d_w48_s32.npz: OK
out/fields/N32_case46_unet3d_w16.npz: OK
out/fields/N32_case47_cg_identity_plain_rtol1e-02_rep0.npz: OK
out/fields/N32_case47_cg_identity_plain_rtol1e-02_rep1.npz: OK
out/fields/N32_case47_cg_identity_plain_rtol1e-02_rep2.npz: OK
out/fields/N32_case47_cg_identity_plain_rtol1e-04_rep0.npz: OK
out/fields/N32_case47_cg_identity_plain_rtol1e-04_rep1.npz: OK
out/fields/N32_case47_cg_identity_plain_rtol1e-04_rep2.npz: OK
out/fields/N32_case47_cg_identity_plain_rtol1e-06_rep0.npz: OK
out/fields/N32_case47_cg_identity_plain_rtol1e-06_rep1.npz: OK
out/fields/N32_case47_cg_identity_plain_rtol1e-06_rep2.npz: OK
out/fields/N32_case47_cg_identity_rtol1e-02_rep0.npz: OK
out/fields/N32_case47_cg_identity_rtol1e-02_rep1.npz: OK
out/fields/N32_case47_cg_identity_rtol1e-02_rep2.npz: OK
out/fields/N32_case47_cg_identity_rtol1e-04_rep0.npz: OK
out/fields/N32_case47_cg_identity_rtol1e-04_rep1.npz: OK
out/fields/N32_case47_cg_identity_rtol1e-04_rep2.npz: OK
out/fields/N32_case47_cg_identity_rtol1e-06_rep0.npz: OK
out/fields/N32_case47_cg_identity_rtol1e-06_rep1.npz: OK
out/fields/N32_case47_cg_identity_rtol1e-06_rep2.npz: OK
out/fields/N32_case47_deeponet3d_r128_w16_podinit.npz: OK
out/fields/N32_case47_dst_exact.npz: OK
out/fields/N32_case47_fno3d_w24_m8.npz: OK
out/fields/N32_case47_linear_bank_galerkin.npz: OK
out/fields/N32_case47_linear_bank_weak_qR.npz: OK
out/fields/N32_case47_nmrom_K16_q0_dense.npz: OK
out/fields/N32_case47_nmrom_K16_q32_dense.npz: OK
out/fields/N32_case47_nmrom_K16_q96_dense.npz: OK
out/fields/N32_case47_pod112_galerkin.npz: OK
out/fields/N32_case47_pod128_galerkin.npz: OK
out/fields/N32_case47_pod16_galerkin.npz: OK
out/fields/N32_case47_pod48_galerkin.npz: OK
out/fields/N32_case47_reference.npz: OK
out/fields/N32_case47_transolver3d_w48_s32.npz: OK
out/fields/N32_case47_unet3d_w16.npz: OK
out/fields/N32_case48_cg_identity_plain_rtol1e-02_rep0.npz: OK
out/fields/N32_case48_cg_identity_plain_rtol1e-02_rep1.npz: OK
out/fields/N32_case48_cg_identity_plain_rtol1e-02_rep2.npz: OK
out/fields/N32_case48_cg_identity_plain_rtol1e-04_rep0.npz: OK
out/fields/N32_case48_cg_identity_plain_rtol1e-04_rep1.npz: OK
out/fields/N32_case48_cg_identity_plain_rtol1e-04_rep2.npz: OK
out/fields/N32_case48_cg_identity_plain_rtol1e-06_rep0.npz: OK
out/fields/N32_case48_cg_identity_plain_rtol1e-06_rep1.npz: OK
out/fields/N32_case48_cg_identity_plain_rtol1e-06_rep2.npz: OK
out/fields/N32_case48_cg_identity_rtol1e-02_rep0.npz: OK
out/fields/N32_case48_cg_identity_rtol1e-02_rep1.npz: OK
out/fields/N32_case48_cg_identity_rtol1e-02_rep2.npz: OK
out/fields/N32_case48_cg_identity_rtol1e-04_rep0.npz: OK
out/fields/N32_case48_cg_identity_rtol1e-04_rep1.npz: OK
out/fields/N32_case48_cg_identity_rtol1e-04_rep2.npz: OK
out/fields/N32_case48_cg_identity_rtol1e-06_rep0.npz: OK
out/fields/N32_case48_cg_identity_rtol1e-06_rep1.npz: OK
out/fields/N32_case48_cg_identity_rtol1e-06_rep2.npz: OK
out/fields/N32_case48_deeponet3d_r128_w16_podinit.npz: OK
out/fields/N32_case48_dst_exact.npz: OK
out/fields/N32_case48_fno3d_w24_m8.npz: OK
out/fields/N32_case48_linear_bank_galerkin.npz: OK
out/fields/N32_case48_linear_bank_weak_qR.npz: OK
out/fields/N32_case48_nmrom_K16_q0_dense.npz: OK
out/fields/N32_case48_nmrom_K16_q32_dense.npz: OK
out/fields/N32_case48_nmrom_K16_q96_dense.npz: OK
out/fields/N32_case48_pod112_galerkin.npz: OK
out/fields/N32_case48_pod128_galerkin.npz: OK
out/fields/N32_case48_pod16_galerkin.npz: OK
out/fields/N32_case48_pod48_galerkin.npz: OK
out/fields/N32_case48_reference.npz: OK
out/fields/N32_case48_transolver3d_w48_s32.npz: OK
out/fields/N32_case48_unet3d_w16.npz: OK
out/fields/N32_case49_cg_identity_plain_rtol1e-02_rep0.npz: OK
out/fields/N32_case49_cg_identity_plain_rtol1e-02_rep1.npz: OK
out/fields/N32_case49_cg_identity_plain_rtol1e-02_rep2.npz: OK
out/fields/N32_case49_cg_identity_plain_rtol1e-04_rep0.npz: OK
out/fields/N32_case49_cg_identity_plain_rtol1e-04_rep1.npz: OK
out/fields/N32_case49_cg_identity_plain_rtol1e-04_rep2.npz: OK
out/fields/N32_case49_cg_identity_plain_rtol1e-06_rep0.npz: OK
out/fields/N32_case49_cg_identity_plain_rtol1e-06_rep1.npz: OK
out/fields/N32_case49_cg_identity_plain_rtol1e-06_rep2.npz: OK
out/fields/N32_case49_cg_identity_rtol1e-02_rep0.npz: OK
out/fields/N32_case49_cg_identity_rtol1e-02_rep1.npz: OK
out/fields/N32_case49_cg_identity_rtol1e-02_rep2.npz: OK
out/fields/N32_case49_cg_identity_rtol1e-04_rep0.npz: OK
out/fields/N32_case49_cg_identity_rtol1e-04_rep1.npz: OK
out/fields/N32_case49_cg_identity_rtol1e-04_rep2.npz: OK
out/fields/N32_case49_cg_identity_rtol1e-06_rep0.npz: OK
out/fields/N32_case49_cg_identity_rtol1e-06_rep1.npz: OK
out/fields/N32_case49_cg_identity_rtol1e-06_rep2.npz: OK
out/fields/N32_case49_deeponet3d_r128_w16_podinit.npz: OK
out/fields/N32_case49_dst_exact.npz: OK
out/fields/N32_case49_fno3d_w24_m8.npz: OK
out/fields/N32_case49_linear_bank_galerkin.npz: OK
out/fields/N32_case49_linear_bank_weak_qR.npz: OK
out/fields/N32_case49_nmrom_K16_q0_dense.npz: OK
out/fields/N32_case49_nmrom_K16_q32_dense.npz: OK
out/fields/N32_case49_nmrom_K16_q96_dense.npz: OK
out/fields/N32_case49_pod112_galerkin.npz: OK
out/fields/N32_case49_pod128_galerkin.npz: OK
out/fields/N32_case49_pod16_galerkin.npz: OK
out/fields/N32_case49_pod48_galerkin.npz: OK
out/fields/N32_case49_reference.npz: OK
out/fields/N32_case49_transolver3d_w48_s32.npz: OK
out/fields/N32_case49_unet3d_w16.npz: OK
out/fields/N32_case4_cg_identity_plain_rtol1e-02_rep0.npz: OK
out/fields/N32_case4_cg_identity_plain_rtol1e-02_rep1.npz: OK
out/fields/N32_case4_cg_identity_plain_rtol1e-02_rep2.npz: OK
out/fields/N32_case4_cg_identity_plain_rtol1e-04_rep0.npz: OK
out/fields/N32_case4_cg_identity_plain_rtol1e-04_rep1.npz: OK
out/fields/N32_case4_cg_identity_plain_rtol1e-04_rep2.npz: OK
out/fields/N32_case4_cg_identity_plain_rtol1e-06_rep0.npz: OK
out/fields/N32_case4_cg_identity_plain_rtol1e-06_rep1.npz: OK
out/fields/N32_case4_cg_identity_plain_rtol1e-06_rep2.npz: OK
out/fields/N32_case4_cg_identity_rtol1e-02_rep0.npz: OK
out/fields/N32_case4_cg_identity_rtol1e-02_rep1.npz: OK
out/fields/N32_case4_cg_identity_rtol1e-02_rep2.npz: OK
out/fields/N32_case4_cg_identity_rtol1e-04_rep0.npz: OK
out/fields/N32_case4_cg_identity_rtol1e-04_rep1.npz: OK
out/fields/N32_case4_cg_identity_rtol1e-04_rep2.npz: OK
out/fields/N32_case4_cg_identity_rtol1e-06_rep0.npz: OK
out/fields/N32_case4_cg_identity_rtol1e-06_rep1.npz: OK
out/fields/N32_case4_cg_identity_rtol1e-06_rep2.npz: OK
out/fields/N32_case4_deeponet3d_r128_w16_podinit.npz: OK
out/fields/N32_case4_dst_exact.npz: OK
out/fields/N32_case4_fno3d_w24_m8.npz: OK
out/fields/N32_case4_linear_bank_galerkin.npz: OK
out/fields/N32_case4_linear_bank_weak_qR.npz: OK
out/fields/N32_case4_nmrom_K16_q0_dense.npz: OK
out/fields/N32_case4_nmrom_K16_q32_dense.npz: OK
out/fields/N32_case4_nmrom_K16_q96_dense.npz: OK
out/fields/N32_case4_pod112_galerkin.npz: OK
out/fields/N32_case4_pod128_galerkin.npz: OK
out/fields/N32_case4_pod16_galerkin.npz: OK
out/fields/N32_case4_pod48_galerkin.npz: OK
out/fields/N32_case4_reference.npz: OK
out/fields/N32_case4_transolver3d_w48_s32.npz: OK
out/fields/N32_case4_unet3d_w16.npz: OK
out/fields/N32_case50_cg_identity_plain_rtol1e-02_rep0.npz: OK
out/fields/N32_case50_cg_identity_plain_rtol1e-02_rep1.npz: OK
out/fields/N32_case50_cg_identity_plain_rtol1e-02_rep2.npz: OK
out/fields/N32_case50_cg_identity_plain_rtol1e-04_rep0.npz: OK
out/fields/N32_case50_cg_identity_plain_rtol1e-04_rep1.npz: OK
out/fields/N32_case50_cg_identity_plain_rtol1e-04_rep2.npz: OK
out/fields/N32_case50_cg_identity_plain_rtol1e-06_rep0.npz: OK
out/fields/N32_case50_cg_identity_plain_rtol1e-06_rep1.npz: OK
out/fields/N32_case50_cg_identity_plain_rtol1e-06_rep2.npz: OK
out/fields/N32_case50_cg_identity_rtol1e-02_rep0.npz: OK
out/fields/N32_case50_cg_identity_rtol1e-02_rep1.npz: OK
out/fields/N32_case50_cg_identity_rtol1e-02_rep2.npz: OK
out/fields/N32_case50_cg_identity_rtol1e-04_rep0.npz: OK
out/fields/N32_case50_cg_identity_rtol1e-04_rep1.npz: OK
out/fields/N32_case50_cg_identity_rtol1e-04_rep2.npz: OK
out/fields/N32_case50_cg_identity_rtol1e-06_rep0.npz: OK
out/fields/N32_case50_cg_identity_rtol1e-06_rep1.npz: OK
out/fields/N32_case50_cg_identity_rtol1e-06_rep2.npz: OK
out/fields/N32_case50_deeponet3d_r128_w16_podinit.npz: OK
out/fields/N32_case50_dst_exact.npz: OK
out/fields/N32_case50_fno3d_w24_m8.npz: OK
out/fields/N32_case50_linear_bank_galerkin.npz: OK
out/fields/N32_case50_linear_bank_weak_qR.npz: OK
out/fields/N32_case50_nmrom_K16_q0_dense.npz: OK
out/fields/N32_case50_nmrom_K16_q32_dense.npz: OK
out/fields/N32_case50_nmrom_K16_q96_dense.npz: OK
out/fields/N32_case50_pod112_galerkin.npz: OK
out/fields/N32_case50_pod128_galerkin.npz: OK
out/fields/N32_case50_pod16_galerkin.npz: OK
out/fields/N32_case50_pod48_galerkin.npz: OK
out/fields/N32_case50_reference.npz: OK
out/fields/N32_case50_transolver3d_w48_s32.npz: OK
out/fields/N32_case50_unet3d_w16.npz: OK
out/fields/N32_case51_cg_identity_plain_rtol1e-02_rep0.npz: OK
out/fields/N32_case51_cg_identity_plain_rtol1e-02_rep1.npz: OK
out/fields/N32_case51_cg_identity_plain_rtol1e-02_rep2.npz: OK
out/fields/N32_case51_cg_identity_plain_rtol1e-04_rep0.npz: OK
out/fields/N32_case51_cg_identity_plain_rtol1e-04_rep1.npz: OK
out/fields/N32_case51_cg_identity_plain_rtol1e-04_rep2.npz: OK
out/fields/N32_case51_cg_identity_plain_rtol1e-06_rep0.npz: OK
out/fields/N32_case51_cg_identity_plain_rtol1e-06_rep1.npz: OK
out/fields/N32_case51_cg_identity_plain_rtol1e-06_rep2.npz: OK
out/fields/N32_case51_cg_identity_rtol1e-02_rep0.npz: OK
out/fields/N32_case51_cg_identity_rtol1e-02_rep1.npz: OK
out/fields/N32_case51_cg_identity_rtol1e-02_rep2.npz: OK
out/fields/N32_case51_cg_identity_rtol1e-04_rep0.npz: OK
out/fields/N32_case51_cg_identity_rtol1e-04_rep1.npz: OK
out/fields/N32_case51_cg_identity_rtol1e-04_rep2.npz: OK
out/fields/N32_case51_cg_identity_rtol1e-06_rep0.npz: OK
out/fields/N32_case51_cg_identity_rtol1e-06_rep1.npz: OK
out/fields/N32_case51_cg_identity_rtol1e-06_rep2.npz: OK
out/fields/N32_case51_deeponet3d_r128_w16_podinit.npz: OK
out/fields/N32_case51_dst_exact.npz: OK
out/fields/N32_case51_fno3d_w24_m8.npz: OK
out/fields/N32_case51_linear_bank_galerkin.npz: OK
out/fields/N32_case51_linear_bank_weak_qR.npz: OK
out/fields/N32_case51_nmrom_K16_q0_dense.npz: OK
out/fields/N32_case51_nmrom_K16_q32_dense.npz: OK
out/fields/N32_case51_nmrom_K16_q96_dense.npz: OK
out/fields/N32_case51_pod112_galerkin.npz: OK
out/fields/N32_case51_pod128_galerkin.npz: OK
out/fields/N32_case51_pod16_galerkin.npz: OK
out/fields/N32_case51_pod48_galerkin.npz: OK
out/fields/N32_case51_reference.npz: OK
out/fields/N32_case51_transolver3d_w48_s32.npz: OK
out/fields/N32_case51_unet3d_w16.npz: OK
out/fields/N32_case52_cg_identity_plain_rtol1e-02_rep0.npz: OK
out/fields/N32_case52_cg_identity_plain_rtol1e-02_rep1.npz: OK
out/fields/N32_case52_cg_identity_plain_rtol1e-02_rep2.npz: OK
out/fields/N32_case52_cg_identity_plain_rtol1e-04_rep0.npz: OK
out/fields/N32_case52_cg_identity_plain_rtol1e-04_rep1.npz: OK
out/fields/N32_case52_cg_identity_plain_rtol1e-04_rep2.npz: OK
out/fields/N32_case52_cg_identity_plain_rtol1e-06_rep0.npz: OK
out/fields/N32_case52_cg_identity_plain_rtol1e-06_rep1.npz: OK
out/fields/N32_case52_cg_identity_plain_rtol1e-06_rep2.npz: OK
out/fields/N32_case52_cg_identity_rtol1e-02_rep0.npz: OK
out/fields/N32_case52_cg_identity_rtol1e-02_rep1.npz: OK
out/fields/N32_case52_cg_identity_rtol1e-02_rep2.npz: OK
out/fields/N32_case52_cg_identity_rtol1e-04_rep0.npz: OK
out/fields/N32_case52_cg_identity_rtol1e-04_rep1.npz: OK
out/fields/N32_case52_cg_identity_rtol1e-04_rep2.npz: OK
out/fields/N32_case52_cg_identity_rtol1e-06_rep0.npz: OK
out/fields/N32_case52_cg_identity_rtol1e-06_rep1.npz: OK
out/fields/N32_case52_cg_identity_rtol1e-06_rep2.npz: OK
out/fields/N32_case52_deeponet3d_r128_w16_podinit.npz: OK
out/fields/N32_case52_dst_exact.npz: OK
out/fields/N32_case52_fno3d_w24_m8.npz: OK
out/fields/N32_case52_linear_bank_galerkin.npz: OK
out/fields/N32_case52_linear_bank_weak_qR.npz: OK
out/fields/N32_case52_nmrom_K16_q0_dense.npz: OK
out/fields/N32_case52_nmrom_K16_q32_dense.npz: OK
out/fields/N32_case52_nmrom_K16_q96_dense.npz: OK
out/fields/N32_case52_pod112_galerkin.npz: OK
out/fields/N32_case52_pod128_galerkin.npz: OK
out/fields/N32_case52_pod16_galerkin.npz: OK
out/fields/N32_case52_pod48_galerkin.npz: OK
out/fields/N32_case52_reference.npz: OK
out/fields/N32_case52_transolver3d_w48_s32.npz: OK
out/fields/N32_case52_unet3d_w16.npz: OK
out/fields/N32_case53_cg_identity_plain_rtol1e-02_rep0.npz: OK
out/fields/N32_case53_cg_identity_plain_rtol1e-02_rep1.npz: OK
out/fields/N32_case53_cg_identity_plain_rtol1e-02_rep2.npz: OK
out/fields/N32_case53_cg_identity_plain_rtol1e-04_rep0.npz: OK
out/fields/N32_case53_cg_identity_plain_rtol1e-04_rep1.npz: OK
out/fields/N32_case53_cg_identity_plain_rtol1e-04_rep2.npz: OK
out/fields/N32_case53_cg_identity_plain_rtol1e-06_rep0.npz: OK
out/fields/N32_case53_cg_identity_plain_rtol1e-06_rep1.npz: OK
out/fields/N32_case53_cg_identity_plain_rtol1e-06_rep2.npz: OK
out/fields/N32_case53_cg_identity_rtol1e-02_rep0.npz: OK
out/fields/N32_case53_cg_identity_rtol1e-02_rep1.npz: OK
out/fields/N32_case53_cg_identity_rtol1e-02_rep2.npz: OK
out/fields/N32_case53_cg_identity_rtol1e-04_rep0.npz: OK
out/fields/N32_case53_cg_identity_rtol1e-04_rep1.npz: OK
out/fields/N32_case53_cg_identity_rtol1e-04_rep2.npz: OK
out/fields/N32_case53_cg_identity_rtol1e-06_rep0.npz: OK
out/fields/N32_case53_cg_identity_rtol1e-06_rep1.npz: OK
out/fields/N32_case53_cg_identity_rtol1e-06_rep2.npz: OK
out/fields/N32_case53_deeponet3d_r128_w16_podinit.npz: OK
out/fields/N32_case53_dst_exact.npz: OK
out/fields/N32_case53_fno3d_w24_m8.npz: OK
out/fields/N32_case53_linear_bank_galerkin.npz: OK
out/fields/N32_case53_linear_bank_weak_qR.npz: OK
out/fields/N32_case53_nmrom_K16_q0_dense.npz: OK
out/fields/N32_case53_nmrom_K16_q32_dense.npz: OK
out/fields/N32_case53_nmrom_K16_q96_dense.npz: OK
out/fields/N32_case53_pod112_galerkin.npz: OK
out/fields/N32_case53_pod128_galerkin.npz: OK
out/fields/N32_case53_pod16_galerkin.npz: OK
out/fields/N32_case53_pod48_galerkin.npz: OK
out/fields/N32_case53_reference.npz: OK
out/fields/N32_case53_transolver3d_w48_s32.npz: OK
out/fields/N32_case53_unet3d_w16.npz: OK
out/fields/N32_case54_cg_identity_plain_rtol1e-02_rep0.npz: OK
out/fields/N32_case54_cg_identity_plain_rtol1e-02_rep1.npz: OK
out/fields/N32_case54_cg_identity_plain_rtol1e-02_rep2.npz: OK
out/fields/N32_case54_cg_identity_plain_rtol1e-04_rep0.npz: OK
out/fields/N32_case54_cg_identity_plain_rtol1e-04_rep1.npz: OK
out/fields/N32_case54_cg_identity_plain_rtol1e-04_rep2.npz: OK
out/fields/N32_case54_cg_identity_plain_rtol1e-06_rep0.npz: OK
out/fields/N32_case54_cg_identity_plain_rtol1e-06_rep1.npz: OK
out/fields/N32_case54_cg_identity_plain_rtol1e-06_rep2.npz: OK
out/fields/N32_case54_cg_identity_rtol1e-02_rep0.npz: OK
out/fields/N32_case54_cg_identity_rtol1e-02_rep1.npz: OK
out/fields/N32_case54_cg_identity_rtol1e-02_rep2.npz: OK
out/fields/N32_case54_cg_identity_rtol1e-04_rep0.npz: OK
out/fields/N32_case54_cg_identity_rtol1e-04_rep1.npz: OK
out/fields/N32_case54_cg_identity_rtol1e-04_rep2.npz: OK
out/fields/N32_case54_cg_identity_rtol1e-06_rep0.npz: OK
out/fields/N32_case54_cg_identity_rtol1e-06_rep1.npz: OK
out/fields/N32_case54_cg_identity_rtol1e-06_rep2.npz: OK
out/fields/N32_case54_deeponet3d_r128_w16_podinit.npz: OK
out/fields/N32_case54_dst_exact.npz: OK
out/fields/N32_case54_fno3d_w24_m8.npz: OK
out/fields/N32_case54_linear_bank_galerkin.npz: OK
out/fields/N32_case54_linear_bank_weak_qR.npz: OK
out/fields/N32_case54_nmrom_K16_q0_dense.npz: OK
out/fields/N32_case54_nmrom_K16_q32_dense.npz: OK
out/fields/N32_case54_nmrom_K16_q96_dense.npz: OK
out/fields/N32_case54_pod112_galerkin.npz: OK
out/fields/N32_case54_pod128_galerkin.npz: OK
out/fields/N32_case54_pod16_galerkin.npz: OK
out/fields/N32_case54_pod48_galerkin.npz: OK
out/fields/N32_case54_reference.npz: OK
out/fields/N32_case54_transolver3d_w48_s32.npz: OK
out/fields/N32_case54_unet3d_w16.npz: OK
out/fields/N32_case55_cg_identity_plain_rtol1e-02_rep0.npz: OK
out/fields/N32_case55_cg_identity_plain_rtol1e-02_rep1.npz: OK
out/fields/N32_case55_cg_identity_plain_rtol1e-02_rep2.npz: OK
out/fields/N32_case55_cg_identity_plain_rtol1e-04_rep0.npz: OK
out/fields/N32_case55_cg_identity_plain_rtol1e-04_rep1.npz: OK
out/fields/N32_case55_cg_identity_plain_rtol1e-04_rep2.npz: OK
out/fields/N32_case55_cg_identity_plain_rtol1e-06_rep0.npz: OK
out/fields/N32_case55_cg_identity_plain_rtol1e-06_rep1.npz: OK
out/fields/N32_case55_cg_identity_plain_rtol1e-06_rep2.npz: OK
out/fields/N32_case55_cg_identity_rtol1e-02_rep0.npz: OK
out/fields/N32_case55_cg_identity_rtol1e-02_rep1.npz: OK
out/fields/N32_case55_cg_identity_rtol1e-02_rep2.npz: OK
out/fields/N32_case55_cg_identity_rtol1e-04_rep0.npz: OK
out/fields/N32_case55_cg_identity_rtol1e-04_rep1.npz: OK
out/fields/N32_case55_cg_identity_rtol1e-04_rep2.npz: OK
out/fields/N32_case55_cg_identity_rtol1e-06_rep0.npz: OK
out/fields/N32_case55_cg_identity_rtol1e-06_rep1.npz: OK
out/fields/N32_case55_cg_identity_rtol1e-06_rep2.npz: OK
out/fields/N32_case55_deeponet3d_r128_w16_podinit.npz: OK
out/fields/N32_case55_dst_exact.npz: OK
out/fields/N32_case55_fno3d_w24_m8.npz: OK
out/fields/N32_case55_linear_bank_galerkin.npz: OK
out/fields/N32_case55_linear_bank_weak_qR.npz: OK
out/fields/N32_case55_nmrom_K16_q0_dense.npz: OK
out/fields/N32_case55_nmrom_K16_q32_dense.npz: OK
out/fields/N32_case55_nmrom_K16_q96_dense.npz: OK
out/fields/N32_case55_pod112_galerkin.npz: OK
out/fields/N32_case55_pod128_galerkin.npz: OK
out/fields/N32_case55_pod16_galerkin.npz: OK
out/fields/N32_case55_pod48_galerkin.npz: OK
out/fields/N32_case55_reference.npz: OK
out/fields/N32_case55_transolver3d_w48_s32.npz: OK
out/fields/N32_case55_unet3d_w16.npz: OK
out/fields/N32_case56_cg_identity_plain_rtol1e-02_rep0.npz: OK
out/fields/N32_case56_cg_identity_plain_rtol1e-02_rep1.npz: OK
out/fields/N32_case56_cg_identity_plain_rtol1e-02_rep2.npz: OK
out/fields/N32_case56_cg_identity_plain_rtol1e-04_rep0.npz: OK
out/fields/N32_case56_cg_identity_plain_rtol1e-04_rep1.npz: OK
out/fields/N32_case56_cg_identity_plain_rtol1e-04_rep2.npz: OK
out/fields/N32_case56_cg_identity_plain_rtol1e-06_rep0.npz: OK
out/fields/N32_case56_cg_identity_plain_rtol1e-06_rep1.npz: OK
out/fields/N32_case56_cg_identity_plain_rtol1e-06_rep2.npz: OK
out/fields/N32_case56_cg_identity_rtol1e-02_rep0.npz: OK
out/fields/N32_case56_cg_identity_rtol1e-02_rep1.npz: OK
out/fields/N32_case56_cg_identity_rtol1e-02_rep2.npz: OK
out/fields/N32_case56_cg_identity_rtol1e-04_rep0.npz: OK
out/fields/N32_case56_cg_identity_rtol1e-04_rep1.npz: OK
out/fields/N32_case56_cg_identity_rtol1e-04_rep2.npz: OK
out/fields/N32_case56_cg_identity_rtol1e-06_rep0.npz: OK
out/fields/N32_case56_cg_identity_rtol1e-06_rep1.npz: OK
out/fields/N32_case56_cg_identity_rtol1e-06_rep2.npz: OK
out/fields/N32_case56_deeponet3d_r128_w16_podinit.npz: OK
out/fields/N32_case56_dst_exact.npz: OK
out/fields/N32_case56_fno3d_w24_m8.npz: OK
out/fields/N32_case56_linear_bank_galerkin.npz: OK
out/fields/N32_case56_linear_bank_weak_qR.npz: OK
out/fields/N32_case56_nmrom_K16_q0_dense.npz: OK
out/fields/N32_case56_nmrom_K16_q32_dense.npz: OK
out/fields/N32_case56_nmrom_K16_q96_dense.npz: OK
out/fields/N32_case56_pod112_galerkin.npz: OK
out/fields/N32_case56_pod128_galerkin.npz: OK
out/fields/N32_case56_pod16_galerkin.npz: OK
out/fields/N32_case56_pod48_galerkin.npz: OK
out/fields/N32_case56_reference.npz: OK
out/fields/N32_case56_transolver3d_w48_s32.npz: OK
out/fields/N32_case56_unet3d_w16.npz: OK
out/fields/N32_case57_cg_identity_plain_rtol1e-02_rep0.npz: OK
out/fields/N32_case57_cg_identity_plain_rtol1e-02_rep1.npz: OK
out/fields/N32_case57_cg_identity_plain_rtol1e-02_rep2.npz: OK
out/fields/N32_case57_cg_identity_plain_rtol1e-04_rep0.npz: OK
out/fields/N32_case57_cg_identity_plain_rtol1e-04_rep1.npz: OK
out/fields/N32_case57_cg_identity_plain_rtol1e-04_rep2.npz: OK
out/fields/N32_case57_cg_identity_plain_rtol1e-06_rep0.npz: OK
out/fields/N32_case57_cg_identity_plain_rtol1e-06_rep1.npz: OK
out/fields/N32_case57_cg_identity_plain_rtol1e-06_rep2.npz: OK
out/fields/N32_case57_cg_identity_rtol1e-02_rep0.npz: OK
out/fields/N32_case57_cg_identity_rtol1e-02_rep1.npz: OK
out/fields/N32_case57_cg_identity_rtol1e-02_rep2.npz: OK
out/fields/N32_case57_cg_identity_rtol1e-04_rep0.npz: OK
out/fields/N32_case57_cg_identity_rtol1e-04_rep1.npz: OK
out/fields/N32_case57_cg_identity_rtol1e-04_rep2.npz: OK
out/fields/N32_case57_cg_identity_rtol1e-06_rep0.npz: OK
out/fields/N32_case57_cg_identity_rtol1e-06_rep1.npz: OK
out/fields/N32_case57_cg_identity_rtol1e-06_rep2.npz: OK
out/fields/N32_case57_deeponet3d_r128_w16_podinit.npz: OK
out/fields/N32_case57_dst_exact.npz: OK
out/fields/N32_case57_fno3d_w24_m8.npz: OK
out/fields/N32_case57_linear_bank_galerkin.npz: OK
out/fields/N32_case57_linear_bank_weak_qR.npz: OK
out/fields/N32_case57_nmrom_K16_q0_dense.npz: OK
out/fields/N32_case57_nmrom_K16_q32_dense.npz: OK
out/fields/N32_case57_nmrom_K16_q96_dense.npz: OK
out/fields/N32_case57_pod112_galerkin.npz: OK
out/fields/N32_case57_pod128_galerkin.npz: OK
out/fields/N32_case57_pod16_galerkin.npz: OK
out/fields/N32_case57_pod48_galerkin.npz: OK
out/fields/N32_case57_reference.npz: OK
out/fields/N32_case57_transolver3d_w48_s32.npz: OK
out/fields/N32_case57_unet3d_w16.npz: OK
out/fields/N32_case58_cg_identity_plain_rtol1e-02_rep0.npz: OK
out/fields/N32_case58_cg_identity_plain_rtol1e-02_rep1.npz: OK
out/fields/N32_case58_cg_identity_plain_rtol1e-02_rep2.npz: OK
out/fields/N32_case58_cg_identity_plain_rtol1e-04_rep0.npz: OK
out/fields/N32_case58_cg_identity_plain_rtol1e-04_rep1.npz: OK
out/fields/N32_case58_cg_identity_plain_rtol1e-04_rep2.npz: OK
out/fields/N32_case58_cg_identity_plain_rtol1e-06_rep0.npz: OK
out/fields/N32_case58_cg_identity_plain_rtol1e-06_rep1.npz: OK
out/fields/N32_case58_cg_identity_plain_rtol1e-06_rep2.npz: OK
out/fields/N32_case58_cg_identity_rtol1e-02_rep0.npz: OK
out/fields/N32_case58_cg_identity_rtol1e-02_rep1.npz: OK
out/fields/N32_case58_cg_identity_rtol1e-02_rep2.npz: OK
out/fields/N32_case58_cg_identity_rtol1e-04_rep0.npz: OK
out/fields/N32_case58_cg_identity_rtol1e-04_rep1.npz: OK
out/fields/N32_case58_cg_identity_rtol1e-04_rep2.npz: OK
out/fields/N32_case58_cg_identity_rtol1e-06_rep0.npz: OK
out/fields/N32_case58_cg_identity_rtol1e-06_rep1.npz: OK
out/fields/N32_case58_cg_identity_rtol1e-06_rep2.npz: OK
out/fields/N32_case58_deeponet3d_r128_w16_podinit.npz: OK
out/fields/N32_case58_dst_exact.npz: OK
out/fields/N32_case58_fno3d_w24_m8.npz: OK
out/fields/N32_case58_linear_bank_galerkin.npz: OK
out/fields/N32_case58_linear_bank_weak_qR.npz: OK
out/fields/N32_case58_nmrom_K16_q0_dense.npz: OK
out/fields/N32_case58_nmrom_K16_q32_dense.npz: OK
out/fields/N32_case58_nmrom_K16_q96_dense.npz: OK
out/fields/N32_case58_pod112_galerkin.npz: OK
out/fields/N32_case58_pod128_galerkin.npz: OK
out/fields/N32_case58_pod16_galerkin.npz: OK
out/fields/N32_case58_pod48_galerkin.npz: OK
out/fields/N32_case58_reference.npz: OK
out/fields/N32_case58_transolver3d_w48_s32.npz: OK
out/fields/N32_case58_unet3d_w16.npz: OK
out/fields/N32_case59_cg_identity_plain_rtol1e-02_rep0.npz: OK
out/fields/N32_case59_cg_identity_plain_rtol1e-02_rep1.npz: OK
out/fields/N32_case59_cg_identity_plain_rtol1e-02_rep2.npz: OK
out/fields/N32_case59_cg_identity_plain_rtol1e-04_rep0.npz: OK
out/fields/N32_case59_cg_identity_plain_rtol1e-04_rep1.npz: OK
out/fields/N32_case59_cg_identity_plain_rtol1e-04_rep2.npz: OK
out/fields/N32_case59_cg_identity_plain_rtol1e-06_rep0.npz: OK
out/fields/N32_case59_cg_identity_plain_rtol1e-06_rep1.npz: OK
out/fields/N32_case59_cg_identity_plain_rtol1e-06_rep2.npz: OK
out/fields/N32_case59_cg_identity_rtol1e-02_rep0.npz: OK
out/fields/N32_case59_cg_identity_rtol1e-02_rep1.npz: OK
out/fields/N32_case59_cg_identity_rtol1e-02_rep2.npz: OK
out/fields/N32_case59_cg_identity_rtol1e-04_rep0.npz: OK
out/fields/N32_case59_cg_identity_rtol1e-04_rep1.npz: OK
out/fields/N32_case59_cg_identity_rtol1e-04_rep2.npz: OK
out/fields/N32_case59_cg_identity_rtol1e-06_rep0.npz: OK
out/fields/N32_case59_cg_identity_rtol1e-06_rep1.npz: OK
out/fields/N32_case59_cg_identity_rtol1e-06_rep2.npz: OK
out/fields/N32_case59_deeponet3d_r128_w16_podinit.npz: OK
out/fields/N32_case59_dst_exact.npz: OK
out/fields/N32_case59_fno3d_w24_m8.npz: OK
out/fields/N32_case59_linear_bank_galerkin.npz: OK
out/fields/N32_case59_linear_bank_weak_qR.npz: OK
out/fields/N32_case59_nmrom_K16_q0_dense.npz: OK
out/fields/N32_case59_nmrom_K16_q32_dense.npz: OK
out/fields/N32_case59_nmrom_K16_q96_dense.npz: OK
out/fields/N32_case59_pod112_galerkin.npz: OK
out/fields/N32_case59_pod128_galerkin.npz: OK
out/fields/N32_case59_pod16_galerkin.npz: OK
out/fields/N32_case59_pod48_galerkin.npz: OK
out/fields/N32_case59_reference.npz: OK
out/fields/N32_case59_transolver3d_w48_s32.npz: OK
out/fields/N32_case59_unet3d_w16.npz: OK
out/fields/N32_case5_cg_identity_plain_rtol1e-02_rep0.npz: OK
out/fields/N32_case5_cg_identity_plain_rtol1e-02_rep1.npz: OK
out/fields/N32_case5_cg_identity_plain_rtol1e-02_rep2.npz: OK
out/fields/N32_case5_cg_identity_plain_rtol1e-04_rep0.npz: OK
out/fields/N32_case5_cg_identity_plain_rtol1e-04_rep1.npz: OK
out/fields/N32_case5_cg_identity_plain_rtol1e-04_rep2.npz: OK
out/fields/N32_case5_cg_identity_plain_rtol1e-06_rep0.npz: OK
out/fields/N32_case5_cg_identity_plain_rtol1e-06_rep1.npz: OK
out/fields/N32_case5_cg_identity_plain_rtol1e-06_rep2.npz: OK
out/fields/N32_case5_cg_identity_rtol1e-02_rep0.npz: OK
out/fields/N32_case5_cg_identity_rtol1e-02_rep1.npz: OK
out/fields/N32_case5_cg_identity_rtol1e-02_rep2.npz: OK
out/fields/N32_case5_cg_identity_rtol1e-04_rep0.npz: OK
out/fields/N32_case5_cg_identity_rtol1e-04_rep1.npz: OK
out/fields/N32_case5_cg_identity_rtol1e-04_rep2.npz: OK
out/fields/N32_case5_cg_identity_rtol1e-06_rep0.npz: OK
out/fields/N32_case5_cg_identity_rtol1e-06_rep1.npz: OK
out/fields/N32_case5_cg_identity_rtol1e-06_rep2.npz: OK
out/fields/N32_case5_deeponet3d_r128_w16_podinit.npz: OK
out/fields/N32_case5_dst_exact.npz: OK
out/fields/N32_case5_fno3d_w24_m8.npz: OK
out/fields/N32_case5_linear_bank_galerkin.npz: OK
out/fields/N32_case5_linear_bank_weak_qR.npz: OK
out/fields/N32_case5_nmrom_K16_q0_dense.npz: OK
out/fields/N32_case5_nmrom_K16_q32_dense.npz: OK
out/fields/N32_case5_nmrom_K16_q96_dense.npz: OK
out/fields/N32_case5_pod112_galerkin.npz: OK
out/fields/N32_case5_pod128_galerkin.npz: OK
out/fields/N32_case5_pod16_galerkin.npz: OK
out/fields/N32_case5_pod48_galerkin.npz: OK
out/fields/N32_case5_reference.npz: OK
out/fields/N32_case5_transolver3d_w48_s32.npz: OK
out/fields/N32_case5_unet3d_w16.npz: OK
out/fields/N32_case60_cg_identity_plain_rtol1e-02_rep0.npz: OK
out/fields/N32_case60_cg_identity_plain_rtol1e-02_rep1.npz: OK
out/fields/N32_case60_cg_identity_plain_rtol1e-02_rep2.npz: OK
out/fields/N32_case60_cg_identity_plain_rtol1e-04_rep0.npz: OK
out/fields/N32_case60_cg_identity_plain_rtol1e-04_rep1.npz: OK
out/fields/N32_case60_cg_identity_plain_rtol1e-04_rep2.npz: OK
out/fields/N32_case60_cg_identity_plain_rtol1e-06_rep0.npz: OK
out/fields/N32_case60_cg_identity_plain_rtol1e-06_rep1.npz: OK
out/fields/N32_case60_cg_identity_plain_rtol1e-06_rep2.npz: OK
out/fields/N32_case60_cg_identity_rtol1e-02_rep0.npz: OK
out/fields/N32_case60_cg_identity_rtol1e-02_rep1.npz: OK
out/fields/N32_case60_cg_identity_rtol1e-02_rep2.npz: OK
out/fields/N32_case60_cg_identity_rtol1e-04_rep0.npz: OK
out/fields/N32_case60_cg_identity_rtol1e-04_rep1.npz: OK
out/fields/N32_case60_cg_identity_rtol1e-04_rep2.npz: OK
out/fields/N32_case60_cg_identity_rtol1e-06_rep0.npz: OK
out/fields/N32_case60_cg_identity_rtol1e-06_rep1.npz: OK
out/fields/N32_case60_cg_identity_rtol1e-06_rep2.npz: OK
out/fields/N32_case60_deeponet3d_r128_w16_podinit.npz: OK
out/fields/N32_case60_dst_exact.npz: OK
out/fields/N32_case60_fno3d_w24_m8.npz: OK
out/fields/N32_case60_linear_bank_galerkin.npz: OK
out/fields/N32_case60_linear_bank_weak_qR.npz: OK
out/fields/N32_case60_nmrom_K16_q0_dense.npz: OK
out/fields/N32_case60_nmrom_K16_q32_dense.npz: OK
out/fields/N32_case60_nmrom_K16_q96_dense.npz: OK
out/fields/N32_case60_pod112_galerkin.npz: OK
out/fields/N32_case60_pod128_galerkin.npz: OK
out/fields/N32_case60_pod16_galerkin.npz: OK
out/fields/N32_case60_pod48_galerkin.npz: OK
out/fields/N32_case60_reference.npz: OK
out/fields/N32_case60_transolver3d_w48_s32.npz: OK
out/fields/N32_case60_unet3d_w16.npz: OK
out/fields/N32_case61_cg_identity_plain_rtol1e-02_rep0.npz: OK
out/fields/N32_case61_cg_identity_plain_rtol1e-02_rep1.npz: OK
out/fields/N32_case61_cg_identity_plain_rtol1e-02_rep2.npz: OK
out/fields/N32_case61_cg_identity_plain_rtol1e-04_rep0.npz: OK
out/fields/N32_case61_cg_identity_plain_rtol1e-04_rep1.npz: OK
out/fields/N32_case61_cg_identity_plain_rtol1e-04_rep2.npz: OK
out/fields/N32_case61_cg_identity_plain_rtol1e-06_rep0.npz: OK
out/fields/N32_case61_cg_identity_plain_rtol1e-06_rep1.npz: OK
out/fields/N32_case61_cg_identity_plain_rtol1e-06_rep2.npz: OK
out/fields/N32_case61_cg_identity_rtol1e-02_rep0.npz: OK
out/fields/N32_case61_cg_identity_rtol1e-02_rep1.npz: OK
out/fields/N32_case61_cg_identity_rtol1e-02_rep2.npz: OK
out/fields/N32_case61_cg_identity_rtol1e-04_rep0.npz: OK
out/fields/N32_case61_cg_identity_rtol1e-04_rep1.npz: OK
out/fields/N32_case61_cg_identity_rtol1e-04_rep2.npz: OK
out/fields/N32_case61_cg_identity_rtol1e-06_rep0.npz: OK
out/fields/N32_case61_cg_identity_rtol1e-06_rep1.npz: OK
out/fields/N32_case61_cg_identity_rtol1e-06_rep2.npz: OK
out/fields/N32_case61_deeponet3d_r128_w16_podinit.npz: OK
out/fields/N32_case61_dst_exact.npz: OK
out/fields/N32_case61_fno3d_w24_m8.npz: OK
out/fields/N32_case61_linear_bank_galerkin.npz: OK
out/fields/N32_case61_linear_bank_weak_qR.npz: OK
out/fields/N32_case61_nmrom_K16_q0_dense.npz: OK
out/fields/N32_case61_nmrom_K16_q32_dense.npz: OK
out/fields/N32_case61_nmrom_K16_q96_dense.npz: OK
out/fields/N32_case61_pod112_galerkin.npz: OK
out/fields/N32_case61_pod128_galerkin.npz: OK
out/fields/N32_case61_pod16_galerkin.npz: OK
out/fields/N32_case61_pod48_galerkin.npz: OK
out/fields/N32_case61_reference.npz: OK
out/fields/N32_case61_transolver3d_w48_s32.npz: OK
out/fields/N32_case61_unet3d_w16.npz: OK
out/fields/N32_case62_cg_identity_plain_rtol1e-02_rep0.npz: OK
out/fields/N32_case62_cg_identity_plain_rtol1e-02_rep1.npz: OK
out/fields/N32_case62_cg_identity_plain_rtol1e-02_rep2.npz: OK
out/fields/N32_case62_cg_identity_plain_rtol1e-04_rep0.npz: OK
out/fields/N32_case62_cg_identity_plain_rtol1e-04_rep1.npz: OK
out/fields/N32_case62_cg_identity_plain_rtol1e-04_rep2.npz: OK
out/fields/N32_case62_cg_identity_plain_rtol1e-06_rep0.npz: OK
out/fields/N32_case62_cg_identity_plain_rtol1e-06_rep1.npz: OK
out/fields/N32_case62_cg_identity_plain_rtol1e-06_rep2.npz: OK
out/fields/N32_case62_cg_identity_rtol1e-02_rep0.npz: OK
out/fields/N32_case62_cg_identity_rtol1e-02_rep1.npz: OK
out/fields/N32_case62_cg_identity_rtol1e-02_rep2.npz: OK
out/fields/N32_case62_cg_identity_rtol1e-04_rep0.npz: OK
out/fields/N32_case62_cg_identity_rtol1e-04_rep1.npz: OK
out/fields/N32_case62_cg_identity_rtol1e-04_rep2.npz: OK
out/fields/N32_case62_cg_identity_rtol1e-06_rep0.npz: OK
out/fields/N32_case62_cg_identity_rtol1e-06_rep1.npz: OK
out/fields/N32_case62_cg_identity_rtol1e-06_rep2.npz: OK
out/fields/N32_case62_deeponet3d_r128_w16_podinit.npz: OK
out/fields/N32_case62_dst_exact.npz: OK
out/fields/N32_case62_fno3d_w24_m8.npz: OK
out/fields/N32_case62_linear_bank_galerkin.npz: OK
out/fields/N32_case62_linear_bank_weak_qR.npz: OK
out/fields/N32_case62_nmrom_K16_q0_dense.npz: OK
out/fields/N32_case62_nmrom_K16_q32_dense.npz: OK
out/fields/N32_case62_nmrom_K16_q96_dense.npz: OK
out/fields/N32_case62_pod112_galerkin.npz: OK
out/fields/N32_case62_pod128_galerkin.npz: OK
out/fields/N32_case62_pod16_galerkin.npz: OK
out/fields/N32_case62_pod48_galerkin.npz: OK
out/fields/N32_case62_reference.npz: OK
out/fields/N32_case62_transolver3d_w48_s32.npz: OK
out/fields/N32_case62_unet3d_w16.npz: OK
out/fields/N32_case63_cg_identity_plain_rtol1e-02_rep0.npz: OK
out/fields/N32_case63_cg_identity_plain_rtol1e-02_rep1.npz: OK
out/fields/N32_case63_cg_identity_plain_rtol1e-02_rep2.npz: OK
out/fields/N32_case63_cg_identity_plain_rtol1e-04_rep0.npz: OK
out/fields/N32_case63_cg_identity_plain_rtol1e-04_rep1.npz: OK
out/fields/N32_case63_cg_identity_plain_rtol1e-04_rep2.npz: OK
out/fields/N32_case63_cg_identity_plain_rtol1e-06_rep0.npz: OK
out/fields/N32_case63_cg_identity_plain_rtol1e-06_rep1.npz: OK
out/fields/N32_case63_cg_identity_plain_rtol1e-06_rep2.npz: OK
out/fields/N32_case63_cg_identity_rtol1e-02_rep0.npz: OK
out/fields/N32_case63_cg_identity_rtol1e-02_rep1.npz: OK
out/fields/N32_case63_cg_identity_rtol1e-02_rep2.npz: OK
out/fields/N32_case63_cg_identity_rtol1e-04_rep0.npz: OK
out/fields/N32_case63_cg_identity_rtol1e-04_rep1.npz: OK
out/fields/N32_case63_cg_identity_rtol1e-04_rep2.npz: OK
out/fields/N32_case63_cg_identity_rtol1e-06_rep0.npz: OK
out/fields/N32_case63_cg_identity_rtol1e-06_rep1.npz: OK
out/fields/N32_case63_cg_identity_rtol1e-06_rep2.npz: OK
out/fields/N32_case63_deeponet3d_r128_w16_podinit.npz: OK
out/fields/N32_case63_dst_exact.npz: OK
out/fields/N32_case63_fno3d_w24_m8.npz: OK
out/fields/N32_case63_linear_bank_galerkin.npz: OK
out/fields/N32_case63_linear_bank_weak_qR.npz: OK
out/fields/N32_case63_nmrom_K16_q0_dense.npz: OK
out/fields/N32_case63_nmrom_K16_q32_dense.npz: OK
out/fields/N32_case63_nmrom_K16_q96_dense.npz: OK
out/fields/N32_case63_pod112_galerkin.npz: OK
out/fields/N32_case63_pod128_galerkin.npz: OK
out/fields/N32_case63_pod16_galerkin.npz: OK
out/fields/N32_case63_pod48_galerkin.npz: OK
out/fields/N32_case63_reference.npz: OK
out/fields/N32_case63_transolver3d_w48_s32.npz: OK
out/fields/N32_case63_unet3d_w16.npz: OK
out/fields/N32_case6_cg_identity_plain_rtol1e-02_rep0.npz: OK
out/fields/N32_case6_cg_identity_plain_rtol1e-02_rep1.npz: OK
out/fields/N32_case6_cg_identity_plain_rtol1e-02_rep2.npz: OK
out/fields/N32_case6_cg_identity_plain_rtol1e-04_rep0.npz: OK
out/fields/N32_case6_cg_identity_plain_rtol1e-04_rep1.npz: OK
out/fields/N32_case6_cg_identity_plain_rtol1e-04_rep2.npz: OK
out/fields/N32_case6_cg_identity_plain_rtol1e-06_rep0.npz: OK
out/fields/N32_case6_cg_identity_plain_rtol1e-06_rep1.npz: OK
out/fields/N32_case6_cg_identity_plain_rtol1e-06_rep2.npz: OK
out/fields/N32_case6_cg_identity_rtol1e-02_rep0.npz: OK
out/fields/N32_case6_cg_identity_rtol1e-02_rep1.npz: OK
out/fields/N32_case6_cg_identity_rtol1e-02_rep2.npz: OK
out/fields/N32_case6_cg_identity_rtol1e-04_rep0.npz: OK
out/fields/N32_case6_cg_identity_rtol1e-04_rep1.npz: OK
out/fields/N32_case6_cg_identity_rtol1e-04_rep2.npz: OK
out/fields/N32_case6_cg_identity_rtol1e-06_rep0.npz: OK
out/fields/N32_case6_cg_identity_rtol1e-06_rep1.npz: OK
out/fields/N32_case6_cg_identity_rtol1e-06_rep2.npz: OK
out/fields/N32_case6_deeponet3d_r128_w16_podinit.npz: OK
out/fields/N32_case6_dst_exact.npz: OK
out/fields/N32_case6_fno3d_w24_m8.npz: OK
out/fields/N32_case6_linear_bank_galerkin.npz: OK
out/fields/N32_case6_linear_bank_weak_qR.npz: OK
out/fields/N32_case6_nmrom_K16_q0_dense.npz: OK
out/fields/N32_case6_nmrom_K16_q32_dense.npz: OK
out/fields/N32_case6_nmrom_K16_q96_dense.npz: OK
out/fields/N32_case6_pod112_galerkin.npz: OK
out/fields/N32_case6_pod128_galerkin.npz: OK
out/fields/N32_case6_pod16_galerkin.npz: OK
out/fields/N32_case6_pod48_galerkin.npz: OK
out/fields/N32_case6_reference.npz: OK
out/fields/N32_case6_transolver3d_w48_s32.npz: OK
out/fields/N32_case6_unet3d_w16.npz: OK
out/fields/N32_case7_cg_identity_plain_rtol1e-02_rep0.npz: OK
out/fields/N32_case7_cg_identity_plain_rtol1e-02_rep1.npz: OK
out/fields/N32_case7_cg_identity_plain_rtol1e-02_rep2.npz: OK
out/fields/N32_case7_cg_identity_plain_rtol1e-04_rep0.npz: OK
out/fields/N32_case7_cg_identity_plain_rtol1e-04_rep1.npz: OK
out/fields/N32_case7_cg_identity_plain_rtol1e-04_rep2.npz: OK
out/fields/N32_case7_cg_identity_plain_rtol1e-06_rep0.npz: OK
out/fields/N32_case7_cg_identity_plain_rtol1e-06_rep1.npz: OK
out/fields/N32_case7_cg_identity_plain_rtol1e-06_rep2.npz: OK
out/fields/N32_case7_cg_identity_rtol1e-02_rep0.npz: OK
out/fields/N32_case7_cg_identity_rtol1e-02_rep1.npz: OK
out/fields/N32_case7_cg_identity_rtol1e-02_rep2.npz: OK
out/fields/N32_case7_cg_identity_rtol1e-04_rep0.npz: OK
out/fields/N32_case7_cg_identity_rtol1e-04_rep1.npz: OK
out/fields/N32_case7_cg_identity_rtol1e-04_rep2.npz: OK
out/fields/N32_case7_cg_identity_rtol1e-06_rep0.npz: OK
out/fields/N32_case7_cg_identity_rtol1e-06_rep1.npz: OK
out/fields/N32_case7_cg_identity_rtol1e-06_rep2.npz: OK
out/fields/N32_case7_deeponet3d_r128_w16_podinit.npz: OK
out/fields/N32_case7_dst_exact.npz: OK
out/fields/N32_case7_fno3d_w24_m8.npz: OK
out/fields/N32_case7_linear_bank_galerkin.npz: OK
out/fields/N32_case7_linear_bank_weak_qR.npz: OK
out/fields/N32_case7_nmrom_K16_q0_dense.npz: OK
out/fields/N32_case7_nmrom_K16_q32_dense.npz: OK
out/fields/N32_case7_nmrom_K16_q96_dense.npz: OK
out/fields/N32_case7_pod112_galerkin.npz: OK
out/fields/N32_case7_pod128_galerkin.npz: OK
out/fields/N32_case7_pod16_galerkin.npz: OK
out/fields/N32_case7_pod48_galerkin.npz: OK
out/fields/N32_case7_reference.npz: OK
out/fields/N32_case7_transolver3d_w48_s32.npz: OK
out/fields/N32_case7_unet3d_w16.npz: OK
out/fields/N32_case8_cg_identity_plain_rtol1e-02_rep0.npz: OK
out/fields/N32_case8_cg_identity_plain_rtol1e-02_rep1.npz: OK
out/fields/N32_case8_cg_identity_plain_rtol1e-02_rep2.npz: OK
out/fields/N32_case8_cg_identity_plain_rtol1e-04_rep0.npz: OK
out/fields/N32_case8_cg_identity_plain_rtol1e-04_rep1.npz: OK
out/fields/N32_case8_cg_identity_plain_rtol1e-04_rep2.npz: OK
out/fields/N32_case8_cg_identity_plain_rtol1e-06_rep0.npz: OK
out/fields/N32_case8_cg_identity_plain_rtol1e-06_rep1.npz: OK
out/fields/N32_case8_cg_identity_plain_rtol1e-06_rep2.npz: OK
out/fields/N32_case8_cg_identity_rtol1e-02_rep0.npz: OK
out/fields/N32_case8_cg_identity_rtol1e-02_rep1.npz: OK
out/fields/N32_case8_cg_identity_rtol1e-02_rep2.npz: OK
out/fields/N32_case8_cg_identity_rtol1e-04_rep0.npz: OK
out/fields/N32_case8_cg_identity_rtol1e-04_rep1.npz: OK
out/fields/N32_case8_cg_identity_rtol1e-04_rep2.npz: OK
out/fields/N32_case8_cg_identity_rtol1e-06_rep0.npz: OK
out/fields/N32_case8_cg_identity_rtol1e-06_rep1.npz: OK
out/fields/N32_case8_cg_identity_rtol1e-06_rep2.npz: OK
out/fields/N32_case8_deeponet3d_r128_w16_podinit.npz: OK
out/fields/N32_case8_dst_exact.npz: OK
out/fields/N32_case8_fno3d_w24_m8.npz: OK
out/fields/N32_case8_linear_bank_galerkin.npz: OK
out/fields/N32_case8_linear_bank_weak_qR.npz: OK
out/fields/N32_case8_nmrom_K16_q0_dense.npz: OK
out/fields/N32_case8_nmrom_K16_q32_dense.npz: OK
out/fields/N32_case8_nmrom_K16_q96_dense.npz: OK
out/fields/N32_case8_pod112_galerkin.npz: OK
out/fields/N32_case8_pod128_galerkin.npz: OK
out/fields/N32_case8_pod16_galerkin.npz: OK
out/fields/N32_case8_pod48_galerkin.npz: OK
out/fields/N32_case8_reference.npz: OK
out/fields/N32_case8_transolver3d_w48_s32.npz: OK
out/fields/N32_case8_unet3d_w16.npz: OK
out/fields/N32_case9_cg_identity_plain_rtol1e-02_rep0.npz: OK
out/fields/N32_case9_cg_identity_plain_rtol1e-02_rep1.npz: OK
out/fields/N32_case9_cg_identity_plain_rtol1e-02_rep2.npz: OK
out/fields/N32_case9_cg_identity_plain_rtol1e-04_rep0.npz: OK
out/fields/N32_case9_cg_identity_plain_rtol1e-04_rep1.npz: OK
out/fields/N32_case9_cg_identity_plain_rtol1e-04_rep2.npz: OK
out/fields/N32_case9_cg_identity_plain_rtol1e-06_rep0.npz: OK
out/fields/N32_case9_cg_identity_plain_rtol1e-06_rep1.npz: OK
out/fields/N32_case9_cg_identity_plain_rtol1e-06_rep2.npz: OK
out/fields/N32_case9_cg_identity_rtol1e-02_rep0.npz: OK
out/fields/N32_case9_cg_identity_rtol1e-02_rep1.npz: OK
out/fields/N32_case9_cg_identity_rtol1e-02_rep2.npz: OK
out/fields/N32_case9_cg_identity_rtol1e-04_rep0.npz: OK
out/fields/N32_case9_cg_identity_rtol1e-04_rep1.npz: OK
out/fields/N32_case9_cg_identity_rtol1e-04_rep2.npz: OK
out/fields/N32_case9_cg_identity_rtol1e-06_rep0.npz: OK
out/fields/N32_case9_cg_identity_rtol1e-06_rep1.npz: OK
out/fields/N32_case9_cg_identity_rtol1e-06_rep2.npz: OK
out/fields/N32_case9_deeponet3d_r128_w16_podinit.npz: OK
out/fields/N32_case9_dst_exact.npz: OK
out/fields/N32_case9_fno3d_w24_m8.npz: OK
out/fields/N32_case9_linear_bank_galerkin.npz: OK
out/fields/N32_case9_linear_bank_weak_qR.npz: OK
out/fields/N32_case9_nmrom_K16_q0_dense.npz: OK
out/fields/N32_case9_nmrom_K16_q32_dense.npz: OK
out/fields/N32_case9_nmrom_K16_q96_dense.npz: OK
out/fields/N32_case9_pod112_galerkin.npz: OK
out/fields/N32_case9_pod128_galerkin.npz: OK
out/fields/N32_case9_pod16_galerkin.npz: OK
out/fields/N32_case9_pod48_galerkin.npz: OK
out/fields/N32_case9_reference.npz: OK
out/fields/N32_case9_transolver3d_w48_s32.npz: OK
out/fields/N32_case9_unet3d_w16.npz: OK
out/fields/N64_case0_cg_identity_plain_rtol1e-02_rep0.npz: OK
out/fields/N64_case0_cg_identity_plain_rtol1e-02_rep1.npz: OK
out/fields/N64_case0_cg_identity_plain_rtol1e-02_rep2.npz: OK
out/fields/N64_case0_cg_identity_plain_rtol1e-04_rep0.npz: OK
out/fields/N64_case0_cg_identity_plain_rtol1e-04_rep1.npz: OK
out/fields/N64_case0_cg_identity_plain_rtol1e-04_rep2.npz: OK
out/fields/N64_case0_cg_identity_plain_rtol1e-06_rep0.npz: OK
out/fields/N64_case0_cg_identity_plain_rtol1e-06_rep1.npz: OK
out/fields/N64_case0_cg_identity_plain_rtol1e-06_rep2.npz: OK
out/fields/N64_case0_cg_identity_rtol1e-02_rep0.npz: OK
out/fields/N64_case0_cg_identity_rtol1e-02_rep1.npz: OK
out/fields/N64_case0_cg_identity_rtol1e-02_rep2.npz: OK
out/fields/N64_case0_cg_identity_rtol1e-04_rep0.npz: OK
out/fields/N64_case0_cg_identity_rtol1e-04_rep1.npz: OK
out/fields/N64_case0_cg_identity_rtol1e-04_rep2.npz: OK
out/fields/N64_case0_cg_identity_rtol1e-06_rep0.npz: OK
out/fields/N64_case0_cg_identity_rtol1e-06_rep1.npz: OK
out/fields/N64_case0_cg_identity_rtol1e-06_rep2.npz: OK
out/fields/N64_case0_deeponet3d_r128_w16_podinit.npz: OK
out/fields/N64_case0_deeponet3d_r128_w16_podinit_native32_continuous_trunk.npz: OK
out/fields/N64_case0_deeponet3d_r128_w16_podinit_native32_interpolate.npz: OK
out/fields/N64_case0_dst_exact.npz: OK
out/fields/N64_case0_fno3d_w24_m8.npz: OK
out/fields/N64_case0_fno3d_w24_m8_native32_interpolate.npz: OK
out/fields/N64_case0_fno3d_w24_m8_physical_padding17.npz: OK
out/fields/N64_case0_linear_bank_galerkin.npz: OK
out/fields/N64_case0_linear_bank_weak_qR.npz: OK
out/fields/N64_case0_nmrom_K16_q0_dense.npz: OK
out/fields/N64_case0_nmrom_K16_q32_dense.npz: OK
out/fields/N64_case0_nmrom_K16_q96_dense.npz: OK
out/fields/N64_case0_pod112_galerkin.npz: OK
out/fields/N64_case0_pod112_native32_interpolated_basis_galerkin.npz: OK
out/fields/N64_case0_pod128_galerkin.npz: OK
out/fields/N64_case0_pod128_native32_interpolated_basis_galerkin.npz: OK
out/fields/N64_case0_pod16_galerkin.npz: OK
out/fields/N64_case0_pod16_native32_interpolated_basis_galerkin.npz: OK
out/fields/N64_case0_pod48_galerkin.npz: OK
out/fields/N64_case0_pod48_native32_interpolated_basis_galerkin.npz: OK
out/fields/N64_case0_reference.npz: OK
out/fields/N64_case0_transolver3d_w48_s32.npz: OK
out/fields/N64_case0_transolver3d_w48_s32_native32_interpolate.npz: OK
out/fields/N64_case0_unet3d_w16.npz: OK
out/fields/N64_case0_unet3d_w16_native32_interpolate.npz: OK
out/fields/N64_case10_cg_identity_plain_rtol1e-02_rep0.npz: OK
out/fields/N64_case10_cg_identity_plain_rtol1e-02_rep1.npz: OK
out/fields/N64_case10_cg_identity_plain_rtol1e-02_rep2.npz: OK
out/fields/N64_case10_cg_identity_plain_rtol1e-04_rep0.npz: OK
out/fields/N64_case10_cg_identity_plain_rtol1e-04_rep1.npz: OK
out/fields/N64_case10_cg_identity_plain_rtol1e-04_rep2.npz: OK
out/fields/N64_case10_cg_identity_plain_rtol1e-06_rep0.npz: OK
out/fields/N64_case10_cg_identity_plain_rtol1e-06_rep1.npz: OK
out/fields/N64_case10_cg_identity_plain_rtol1e-06_rep2.npz: OK
out/fields/N64_case10_cg_identity_rtol1e-02_rep0.npz: OK
out/fields/N64_case10_cg_identity_rtol1e-02_rep1.npz: OK
out/fields/N64_case10_cg_identity_rtol1e-02_rep2.npz: OK
out/fields/N64_case10_cg_identity_rtol1e-04_rep0.npz: OK
out/fields/N64_case10_cg_identity_rtol1e-04_rep1.npz: OK
out/fields/N64_case10_cg_identity_rtol1e-04_rep2.npz: OK
out/fields/N64_case10_cg_identity_rtol1e-06_rep0.npz: OK
out/fields/N64_case10_cg_identity_rtol1e-06_rep1.npz: OK
out/fields/N64_case10_cg_identity_rtol1e-06_rep2.npz: OK
out/fields/N64_case10_deeponet3d_r128_w16_podinit.npz: OK
out/fields/N64_case10_deeponet3d_r128_w16_podinit_native32_continuous_trunk.npz: OK
out/fields/N64_case10_deeponet3d_r128_w16_podinit_native32_interpolate.npz: OK
out/fields/N64_case10_dst_exact.npz: OK
out/fields/N64_case10_fno3d_w24_m8.npz: OK
out/fields/N64_case10_fno3d_w24_m8_native32_interpolate.npz: OK
out/fields/N64_case10_fno3d_w24_m8_physical_padding17.npz: OK
out/fields/N64_case10_linear_bank_galerkin.npz: OK
out/fields/N64_case10_linear_bank_weak_qR.npz: OK
out/fields/N64_case10_nmrom_K16_q0_dense.npz: OK
out/fields/N64_case10_nmrom_K16_q32_dense.npz: OK
out/fields/N64_case10_nmrom_K16_q96_dense.npz: OK
out/fields/N64_case10_pod112_galerkin.npz: OK
out/fields/N64_case10_pod112_native32_interpolated_basis_galerkin.npz: OK
out/fields/N64_case10_pod128_galerkin.npz: OK
out/fields/N64_case10_pod128_native32_interpolated_basis_galerkin.npz: OK
out/fields/N64_case10_pod16_galerkin.npz: OK
out/fields/N64_case10_pod16_native32_interpolated_basis_galerkin.npz: OK
out/fields/N64_case10_pod48_galerkin.npz: OK
out/fields/N64_case10_pod48_native32_interpolated_basis_galerkin.npz: OK
out/fields/N64_case10_reference.npz: OK
out/fields/N64_case10_transolver3d_w48_s32.npz: OK
out/fields/N64_case10_transolver3d_w48_s32_native32_interpolate.npz: OK
out/fields/N64_case10_unet3d_w16.npz: OK
out/fields/N64_case10_unet3d_w16_native32_interpolate.npz: OK
out/fields/N64_case11_cg_identity_plain_rtol1e-02_rep0.npz: OK
out/fields/N64_case11_cg_identity_plain_rtol1e-02_rep1.npz: OK
out/fields/N64_case11_cg_identity_plain_rtol1e-02_rep2.npz: OK
out/fields/N64_case11_cg_identity_plain_rtol1e-04_rep0.npz: OK
out/fields/N64_case11_cg_identity_plain_rtol1e-04_rep1.npz: OK
out/fields/N64_case11_cg_identity_plain_rtol1e-04_rep2.npz: OK
out/fields/N64_case11_cg_identity_plain_rtol1e-06_rep0.npz: OK
out/fields/N64_case11_cg_identity_plain_rtol1e-06_rep1.npz: OK
out/fields/N64_case11_cg_identity_plain_rtol1e-06_rep2.npz: OK
out/fields/N64_case11_cg_identity_rtol1e-02_rep0.npz: OK
out/fields/N64_case11_cg_identity_rtol1e-02_rep1.npz: OK
out/fields/N64_case11_cg_identity_rtol1e-02_rep2.npz: OK
out/fields/N64_case11_cg_identity_rtol1e-04_rep0.npz: OK
out/fields/N64_case11_cg_identity_rtol1e-04_rep1.npz: OK
out/fields/N64_case11_cg_identity_rtol1e-04_rep2.npz: OK
out/fields/N64_case11_cg_identity_rtol1e-06_rep0.npz: OK
out/fields/N64_case11_cg_identity_rtol1e-06_rep1.npz: OK
out/fields/N64_case11_cg_identity_rtol1e-06_rep2.npz: OK
out/fields/N64_case11_deeponet3d_r128_w16_podinit.npz: OK
out/fields/N64_case11_deeponet3d_r128_w16_podinit_native32_continuous_trunk.npz: OK
out/fields/N64_case11_deeponet3d_r128_w16_podinit_native32_interpolate.npz: OK
out/fields/N64_case11_dst_exact.npz: OK
out/fields/N64_case11_fno3d_w24_m8.npz: OK
out/fields/N64_case11_fno3d_w24_m8_native32_interpolate.npz: OK
out/fields/N64_case11_fno3d_w24_m8_physical_padding17.npz: OK
out/fields/N64_case11_linear_bank_galerkin.npz: OK
out/fields/N64_case11_linear_bank_weak_qR.npz: OK
out/fields/N64_case11_nmrom_K16_q0_dense.npz: OK
out/fields/N64_case11_nmrom_K16_q32_dense.npz: OK
out/fields/N64_case11_nmrom_K16_q96_dense.npz: OK
out/fields/N64_case11_pod112_galerkin.npz: OK
out/fields/N64_case11_pod112_native32_interpolated_basis_galerkin.npz: OK
out/fields/N64_case11_pod128_galerkin.npz: OK
out/fields/N64_case11_pod128_native32_interpolated_basis_galerkin.npz: OK
out/fields/N64_case11_pod16_galerkin.npz: OK
out/fields/N64_case11_pod16_native32_interpolated_basis_galerkin.npz: OK
out/fields/N64_case11_pod48_galerkin.npz: OK
out/fields/N64_case11_pod48_native32_interpolated_basis_galerkin.npz: OK
out/fields/N64_case11_reference.npz: OK
out/fields/N64_case11_transolver3d_w48_s32.npz: OK
out/fields/N64_case11_transolver3d_w48_s32_native32_interpolate.npz: OK
out/fields/N64_case11_unet3d_w16.npz: OK
out/fields/N64_case11_unet3d_w16_native32_interpolate.npz: OK
out/fields/N64_case12_cg_identity_plain_rtol1e-02_rep0.npz: OK
out/fields/N64_case12_cg_identity_plain_rtol1e-02_rep1.npz: OK
out/fields/N64_case12_cg_identity_plain_rtol1e-02_rep2.npz: OK
out/fields/N64_case12_cg_identity_plain_rtol1e-04_rep0.npz: OK
out/fields/N64_case12_cg_identity_plain_rtol1e-04_rep1.npz: OK
out/fields/N64_case12_cg_identity_plain_rtol1e-04_rep2.npz: OK
out/fields/N64_case12_cg_identity_plain_rtol1e-06_rep0.npz: OK
out/fields/N64_case12_cg_identity_plain_rtol1e-06_rep1.npz: OK
out/fields/N64_case12_cg_identity_plain_rtol1e-06_rep2.npz: OK
out/fields/N64_case12_cg_identity_rtol1e-02_rep0.npz: OK
out/fields/N64_case12_cg_identity_rtol1e-02_rep1.npz: OK
out/fields/N64_case12_cg_identity_rtol1e-02_rep2.npz: OK
out/fields/N64_case12_cg_identity_rtol1e-04_rep0.npz: OK
out/fields/N64_case12_cg_identity_rtol1e-04_rep1.npz: OK
out/fields/N64_case12_cg_identity_rtol1e-04_rep2.npz: OK
out/fields/N64_case12_cg_identity_rtol1e-06_rep0.npz: OK
out/fields/N64_case12_cg_identity_rtol1e-06_rep1.npz: OK
out/fields/N64_case12_cg_identity_rtol1e-06_rep2.npz: OK
out/fields/N64_case12_deeponet3d_r128_w16_podinit.npz: OK
out/fields/N64_case12_deeponet3d_r128_w16_podinit_native32_continuous_trunk.npz: OK
out/fields/N64_case12_deeponet3d_r128_w16_podinit_native32_interpolate.npz: OK
out/fields/N64_case12_dst_exact.npz: OK
out/fields/N64_case12_fno3d_w24_m8.npz: OK
out/fields/N64_case12_fno3d_w24_m8_native32_interpolate.npz: OK
out/fields/N64_case12_fno3d_w24_m8_physical_padding17.npz: OK
out/fields/N64_case12_linear_bank_galerkin.npz: OK
out/fields/N64_case12_linear_bank_weak_qR.npz: OK
out/fields/N64_case12_nmrom_K16_q0_dense.npz: OK
out/fields/N64_case12_nmrom_K16_q32_dense.npz: OK
out/fields/N64_case12_nmrom_K16_q96_dense.npz: OK
out/fields/N64_case12_pod112_galerkin.npz: OK
out/fields/N64_case12_pod112_native32_interpolated_basis_galerkin.npz: OK
out/fields/N64_case12_pod128_galerkin.npz: OK
out/fields/N64_case12_pod128_native32_interpolated_basis_galerkin.npz: OK
out/fields/N64_case12_pod16_galerkin.npz: OK
out/fields/N64_case12_pod16_native32_interpolated_basis_galerkin.npz: OK
out/fields/N64_case12_pod48_galerkin.npz: OK
out/fields/N64_case12_pod48_native32_interpolated_basis_galerkin.npz: OK
out/fields/N64_case12_reference.npz: OK
out/fields/N64_case12_transolver3d_w48_s32.npz: OK
out/fields/N64_case12_transolver3d_w48_s32_native32_interpolate.npz: OK
out/fields/N64_case12_unet3d_w16.npz: OK
out/fields/N64_case12_unet3d_w16_native32_interpolate.npz: OK
out/fields/N64_case13_cg_identity_plain_rtol1e-02_rep0.npz: OK
out/fields/N64_case13_cg_identity_plain_rtol1e-02_rep1.npz: OK
out/fields/N64_case13_cg_identity_plain_rtol1e-02_rep2.npz: OK
out/fields/N64_case13_cg_identity_plain_rtol1e-04_rep0.npz: OK
out/fields/N64_case13_cg_identity_plain_rtol1e-04_rep1.npz: OK
out/fields/N64_case13_cg_identity_plain_rtol1e-04_rep2.npz: OK
out/fields/N64_case13_cg_identity_plain_rtol1e-06_rep0.npz: OK
out/fields/N64_case13_cg_identity_plain_rtol1e-06_rep1.npz: OK
out/fields/N64_case13_cg_identity_plain_rtol1e-06_rep2.npz: OK
out/fields/N64_case13_cg_identity_rtol1e-02_rep0.npz: OK
out/fields/N64_case13_cg_identity_rtol1e-02_rep1.npz: OK
out/fields/N64_case13_cg_identity_rtol1e-02_rep2.npz: OK
out/fields/N64_case13_cg_identity_rtol1e-04_rep0.npz: OK
out/fields/N64_case13_cg_identity_rtol1e-04_rep1.npz: OK
out/fields/N64_case13_cg_identity_rtol1e-04_rep2.npz: OK
out/fields/N64_case13_cg_identity_rtol1e-06_rep0.npz: OK
out/fields/N64_case13_cg_identity_rtol1e-06_rep1.npz: OK
out/fields/N64_case13_cg_identity_rtol1e-06_rep2.npz: OK
out/fields/N64_case13_deeponet3d_r128_w16_podinit.npz: OK
out/fields/N64_case13_deeponet3d_r128_w16_podinit_native32_continuous_trunk.npz: OK
out/fields/N64_case13_deeponet3d_r128_w16_podinit_native32_interpolate.npz: OK
out/fields/N64_case13_dst_exact.npz: OK
out/fields/N64_case13_fno3d_w24_m8.npz: OK
out/fields/N64_case13_fno3d_w24_m8_native32_interpolate.npz: OK
out/fields/N64_case13_fno3d_w24_m8_physical_padding17.npz: OK
out/fields/N64_case13_linear_bank_galerkin.npz: OK
out/fields/N64_case13_linear_bank_weak_qR.npz: OK
out/fields/N64_case13_nmrom_K16_q0_dense.npz: OK
out/fields/N64_case13_nmrom_K16_q32_dense.npz: OK
out/fields/N64_case13_nmrom_K16_q96_dense.npz: OK
out/fields/N64_case13_pod112_galerkin.npz: OK
out/fields/N64_case13_pod112_native32_interpolated_basis_galerkin.npz: OK
out/fields/N64_case13_pod128_galerkin.npz: OK
out/fields/N64_case13_pod128_native32_interpolated_basis_galerkin.npz: OK
out/fields/N64_case13_pod16_galerkin.npz: OK
out/fields/N64_case13_pod16_native32_interpolated_basis_galerkin.npz: OK
out/fields/N64_case13_pod48_galerkin.npz: OK
out/fields/N64_case13_pod48_native32_interpolated_basis_galerkin.npz: OK
out/fields/N64_case13_reference.npz: OK
out/fields/N64_case13_transolver3d_w48_s32.npz: OK
out/fields/N64_case13_transolver3d_w48_s32_native32_interpolate.npz: OK
out/fields/N64_case13_unet3d_w16.npz: OK
out/fields/N64_case13_unet3d_w16_native32_interpolate.npz: OK
out/fields/N64_case14_cg_identity_plain_rtol1e-02_rep0.npz: OK
out/fields/N64_case14_cg_identity_plain_rtol1e-02_rep1.npz: OK
out/fields/N64_case14_cg_identity_plain_rtol1e-02_rep2.npz: OK
out/fields/N64_case14_cg_identity_plain_rtol1e-04_rep0.npz: OK
out/fields/N64_case14_cg_identity_plain_rtol1e-04_rep1.npz: OK
out/fields/N64_case14_cg_identity_plain_rtol1e-04_rep2.npz: OK
out/fields/N64_case14_cg_identity_plain_rtol1e-06_rep0.npz: OK
out/fields/N64_case14_cg_identity_plain_rtol1e-06_rep1.npz: OK
out/fields/N64_case14_cg_identity_plain_rtol1e-06_rep2.npz: OK
out/fields/N64_case14_cg_identity_rtol1e-02_rep0.npz: OK
out/fields/N64_case14_cg_identity_rtol1e-02_rep1.npz: OK
out/fields/N64_case14_cg_identity_rtol1e-02_rep2.npz: OK
out/fields/N64_case14_cg_identity_rtol1e-04_rep0.npz: OK
out/fields/N64_case14_cg_identity_rtol1e-04_rep1.npz: OK
out/fields/N64_case14_cg_identity_rtol1e-04_rep2.npz: OK
out/fields/N64_case14_cg_identity_rtol1e-06_rep0.npz: OK
out/fields/N64_case14_cg_identity_rtol1e-06_rep1.npz: OK
out/fields/N64_case14_cg_identity_rtol1e-06_rep2.npz: OK
out/fields/N64_case14_deeponet3d_r128_w16_podinit.npz: OK
out/fields/N64_case14_deeponet3d_r128_w16_podinit_native32_continuous_trunk.npz: OK
out/fields/N64_case14_deeponet3d_r128_w16_podinit_native32_interpolate.npz: OK
out/fields/N64_case14_dst_exact.npz: OK
out/fields/N64_case14_fno3d_w24_m8.npz: OK
out/fields/N64_case14_fno3d_w24_m8_native32_interpolate.npz: OK
out/fields/N64_case14_fno3d_w24_m8_physical_padding17.npz: OK
out/fields/N64_case14_linear_bank_galerkin.npz: OK
out/fields/N64_case14_linear_bank_weak_qR.npz: OK
out/fields/N64_case14_nmrom_K16_q0_dense.npz: OK
out/fields/N64_case14_nmrom_K16_q32_dense.npz: OK
out/fields/N64_case14_nmrom_K16_q96_dense.npz: OK
out/fields/N64_case14_pod112_galerkin.npz: OK
out/fields/N64_case14_pod112_native32_interpolated_basis_galerkin.npz: OK
out/fields/N64_case14_pod128_galerkin.npz: OK
out/fields/N64_case14_pod128_native32_interpolated_basis_galerkin.npz: OK
out/fields/N64_case14_pod16_galerkin.npz: OK
out/fields/N64_case14_pod16_native32_interpolated_basis_galerkin.npz: OK
out/fields/N64_case14_pod48_galerkin.npz: OK
out/fields/N64_case14_pod48_native32_interpolated_basis_galerkin.npz: OK
out/fields/N64_case14_reference.npz: OK
out/fields/N64_case14_transolver3d_w48_s32.npz: OK
out/fields/N64_case14_transolver3d_w48_s32_native32_interpolate.npz: OK
out/fields/N64_case14_unet3d_w16.npz: OK
out/fields/N64_case14_unet3d_w16_native32_interpolate.npz: OK
out/fields/N64_case15_cg_identity_plain_rtol1e-02_rep0.npz: OK
out/fields/N64_case15_cg_identity_plain_rtol1e-02_rep1.npz: OK
out/fields/N64_case15_cg_identity_plain_rtol1e-02_rep2.npz: OK
out/fields/N64_case15_cg_identity_plain_rtol1e-04_rep0.npz: OK
out/fields/N64_case15_cg_identity_plain_rtol1e-04_rep1.npz: OK
out/fields/N64_case15_cg_identity_plain_rtol1e-04_rep2.npz: OK
out/fields/N64_case15_cg_identity_plain_rtol1e-06_rep0.npz: OK
out/fields/N64_case15_cg_identity_plain_rtol1e-06_rep1.npz: OK
out/fields/N64_case15_cg_identity_plain_rtol1e-06_rep2.npz: OK
out/fields/N64_case15_cg_identity_rtol1e-02_rep0.npz: OK
out/fields/N64_case15_cg_identity_rtol1e-02_rep1.npz: OK
out/fields/N64_case15_cg_identity_rtol1e-02_rep2.npz: OK
out/fields/N64_case15_cg_identity_rtol1e-04_rep0.npz: OK
out/fields/N64_case15_cg_identity_rtol1e-04_rep1.npz: OK
out/fields/N64_case15_cg_identity_rtol1e-04_rep2.npz: OK
out/fields/N64_case15_cg_identity_rtol1e-06_rep0.npz: OK
out/fields/N64_case15_cg_identity_rtol1e-06_rep1.npz: OK
out/fields/N64_case15_cg_identity_rtol1e-06_rep2.npz: OK
out/fields/N64_case15_deeponet3d_r128_w16_podinit.npz: OK
out/fields/N64_case15_deeponet3d_r128_w16_podinit_native32_continuous_trunk.npz: OK
out/fields/N64_case15_deeponet3d_r128_w16_podinit_native32_interpolate.npz: OK
out/fields/N64_case15_dst_exact.npz: OK
out/fields/N64_case15_fno3d_w24_m8.npz: OK
out/fields/N64_case15_fno3d_w24_m8_native32_interpolate.npz: OK
out/fields/N64_case15_fno3d_w24_m8_physical_padding17.npz: OK
out/fields/N64_case15_linear_bank_galerkin.npz: OK
out/fields/N64_case15_linear_bank_weak_qR.npz: OK
out/fields/N64_case15_nmrom_K16_q0_dense.npz: OK
out/fields/N64_case15_nmrom_K16_q32_dense.npz: OK
out/fields/N64_case15_nmrom_K16_q96_dense.npz: OK
out/fields/N64_case15_pod112_galerkin.npz: OK
out/fields/N64_case15_pod112_native32_interpolated_basis_galerkin.npz: OK
out/fields/N64_case15_pod128_galerkin.npz: OK
out/fields/N64_case15_pod128_native32_interpolated_basis_galerkin.npz: OK
out/fields/N64_case15_pod16_galerkin.npz: OK
out/fields/N64_case15_pod16_native32_interpolated_basis_galerkin.npz: OK
out/fields/N64_case15_pod48_galerkin.npz: OK
out/fields/N64_case15_pod48_native32_interpolated_basis_galerkin.npz: OK
out/fields/N64_case15_reference.npz: OK
out/fields/N64_case15_transolver3d_w48_s32.npz: OK
out/fields/N64_case15_transolver3d_w48_s32_native32_interpolate.npz: OK
out/fields/N64_case15_unet3d_w16.npz: OK
out/fields/N64_case15_unet3d_w16_native32_interpolate.npz: OK
out/fields/N64_case16_cg_identity_plain_rtol1e-02_rep0.npz: OK
out/fields/N64_case16_cg_identity_plain_rtol1e-02_rep1.npz: OK
out/fields/N64_case16_cg_identity_plain_rtol1e-02_rep2.npz: OK
out/fields/N64_case16_cg_identity_plain_rtol1e-04_rep0.npz: OK
out/fields/N64_case16_cg_identity_plain_rtol1e-04_rep1.npz: OK
out/fields/N64_case16_cg_identity_plain_rtol1e-04_rep2.npz: OK
out/fields/N64_case16_cg_identity_plain_rtol1e-06_rep0.npz: OK
out/fields/N64_case16_cg_identity_plain_rtol1e-06_rep1.npz: OK
out/fields/N64_case16_cg_identity_plain_rtol1e-06_rep2.npz: OK
out/fields/N64_case16_cg_identity_rtol1e-02_rep0.npz: OK
out/fields/N64_case16_cg_identity_rtol1e-02_rep1.npz: OK
out/fields/N64_case16_cg_identity_rtol1e-02_rep2.npz: OK
out/fields/N64_case16_cg_identity_rtol1e-04_rep0.npz: OK
out/fields/N64_case16_cg_identity_rtol1e-04_rep1.npz: OK
out/fields/N64_case16_cg_identity_rtol1e-04_rep2.npz: OK
out/fields/N64_case16_cg_identity_rtol1e-06_rep0.npz: OK
out/fields/N64_case16_cg_identity_rtol1e-06_rep1.npz: OK
out/fields/N64_case16_cg_identity_rtol1e-06_rep2.npz: OK
out/fields/N64_case16_deeponet3d_r128_w16_podinit.npz: OK
out/fields/N64_case16_deeponet3d_r128_w16_podinit_native32_continuous_trunk.npz: OK
out/fields/N64_case16_deeponet3d_r128_w16_podinit_native32_interpolate.npz: OK
out/fields/N64_case16_dst_exact.npz: OK
out/fields/N64_case16_fno3d_w24_m8.npz: OK
out/fields/N64_case16_fno3d_w24_m8_native32_interpolate.npz: OK
out/fields/N64_case16_fno3d_w24_m8_physical_padding17.npz: OK
out/fields/N64_case16_linear_bank_galerkin.npz: OK
out/fields/N64_case16_linear_bank_weak_qR.npz: OK
out/fields/N64_case16_nmrom_K16_q0_dense.npz: OK
out/fields/N64_case16_nmrom_K16_q32_dense.npz: OK
out/fields/N64_case16_nmrom_K16_q96_dense.npz: OK
out/fields/N64_case16_pod112_galerkin.npz: OK
out/fields/N64_case16_pod112_native32_interpolated_basis_galerkin.npz: OK
out/fields/N64_case16_pod128_galerkin.npz: OK
out/fields/N64_case16_pod128_native32_interpolated_basis_galerkin.npz: OK
out/fields/N64_case16_pod16_galerkin.npz: OK
out/fields/N64_case16_pod16_native32_interpolated_basis_galerkin.npz: OK
out/fields/N64_case16_pod48_galerkin.npz: OK
out/fields/N64_case16_pod48_native32_interpolated_basis_galerkin.npz: OK
out/fields/N64_case16_reference.npz: OK
out/fields/N64_case16_transolver3d_w48_s32.npz: OK
out/fields/N64_case16_transolver3d_w48_s32_native32_interpolate.npz: OK
out/fields/N64_case16_unet3d_w16.npz: OK
out/fields/N64_case16_unet3d_w16_native32_interpolate.npz: OK
out/fields/N64_case17_cg_identity_plain_rtol1e-02_rep0.npz: OK
out/fields/N64_case17_cg_identity_plain_rtol1e-02_rep1.npz: OK
out/fields/N64_case17_cg_identity_plain_rtol1e-02_rep2.npz: OK
out/fields/N64_case17_cg_identity_plain_rtol1e-04_rep0.npz: OK
out/fields/N64_case17_cg_identity_plain_rtol1e-04_rep1.npz: OK
out/fields/N64_case17_cg_identity_plain_rtol1e-04_rep2.npz: OK
out/fields/N64_case17_cg_identity_plain_rtol1e-06_rep0.npz: OK
out/fields/N64_case17_cg_identity_plain_rtol1e-06_rep1.npz: OK
out/fields/N64_case17_cg_identity_plain_rtol1e-06_rep2.npz: OK
out/fields/N64_case17_cg_identity_rtol1e-02_rep0.npz: OK
out/fields/N64_case17_cg_identity_rtol1e-02_rep1.npz: OK
out/fields/N64_case17_cg_identity_rtol1e-02_rep2.npz: OK
out/fields/N64_case17_cg_identity_rtol1e-04_rep0.npz: OK
out/fields/N64_case17_cg_identity_rtol1e-04_rep1.npz: OK
out/fields/N64_case17_cg_identity_rtol1e-04_rep2.npz: OK
out/fields/N64_case17_cg_identity_rtol1e-06_rep0.npz: OK
out/fields/N64_case17_cg_identity_rtol1e-06_rep1.npz: OK
out/fields/N64_case17_cg_identity_rtol1e-06_rep2.npz: OK
out/fields/N64_case17_deeponet3d_r128_w16_podinit.npz: OK
out/fields/N64_case17_deeponet3d_r128_w16_podinit_native32_continuous_trunk.npz: OK
out/fields/N64_case17_deeponet3d_r128_w16_podinit_native32_interpolate.npz: OK
out/fields/N64_case17_dst_exact.npz: OK
out/fields/N64_case17_fno3d_w24_m8.npz: OK
out/fields/N64_case17_fno3d_w24_m8_native32_interpolate.npz: OK
out/fields/N64_case17_fno3d_w24_m8_physical_padding17.npz: OK
out/fields/N64_case17_linear_bank_galerkin.npz: OK
out/fields/N64_case17_linear_bank_weak_qR.npz: OK
out/fields/N64_case17_nmrom_K16_q0_dense.npz: OK
out/fields/N64_case17_nmrom_K16_q32_dense.npz: OK
out/fields/N64_case17_nmrom_K16_q96_dense.npz: OK
out/fields/N64_case17_pod112_galerkin.npz: OK
out/fields/N64_case17_pod112_native32_interpolated_basis_galerkin.npz: OK
out/fields/N64_case17_pod128_galerkin.npz: OK
out/fields/N64_case17_pod128_native32_interpolated_basis_galerkin.npz: OK
out/fields/N64_case17_pod16_galerkin.npz: OK
out/fields/N64_case17_pod16_native32_interpolated_basis_galerkin.npz: OK
out/fields/N64_case17_pod48_galerkin.npz: OK
out/fields/N64_case17_pod48_native32_interpolated_basis_galerkin.npz: OK
out/fields/N64_case17_reference.npz: OK
out/fields/N64_case17_transolver3d_w48_s32.npz: OK
out/fields/N64_case17_transolver3d_w48_s32_native32_interpolate.npz: OK
out/fields/N64_case17_unet3d_w16.npz: OK
out/fields/N64_case17_unet3d_w16_native32_interpolate.npz: OK
out/fields/N64_case18_cg_identity_plain_rtol1e-02_rep0.npz: OK
out/fields/N64_case18_cg_identity_plain_rtol1e-02_rep1.npz: OK
out/fields/N64_case18_cg_identity_plain_rtol1e-02_rep2.npz: OK
out/fields/N64_case18_cg_identity_plain_rtol1e-04_rep0.npz: OK
out/fields/N64_case18_cg_identity_plain_rtol1e-04_rep1.npz: OK
out/fields/N64_case18_cg_identity_plain_rtol1e-04_rep2.npz: OK
out/fields/N64_case18_cg_identity_plain_rtol1e-06_rep0.npz: OK
out/fields/N64_case18_cg_identity_plain_rtol1e-06_rep1.npz: OK
out/fields/N64_case18_cg_identity_plain_rtol1e-06_rep2.npz: OK
out/fields/N64_case18_cg_identity_rtol1e-02_rep0.npz: OK
out/fields/N64_case18_cg_identity_rtol1e-02_rep1.npz: OK
out/fields/N64_case18_cg_identity_rtol1e-02_rep2.npz: OK
out/fields/N64_case18_cg_identity_rtol1e-04_rep0.npz: OK
out/fields/N64_case18_cg_identity_rtol1e-04_rep1.npz: OK
out/fields/N64_case18_cg_identity_rtol1e-04_rep2.npz: OK
out/fields/N64_case18_cg_identity_rtol1e-06_rep0.npz: OK
out/fields/N64_case18_cg_identity_rtol1e-06_rep1.npz: OK
out/fields/N64_case18_cg_identity_rtol1e-06_rep2.npz: OK
out/fields/N64_case18_deeponet3d_r128_w16_podinit.npz: OK
out/fields/N64_case18_deeponet3d_r128_w16_podinit_native32_continuous_trunk.npz: OK
out/fields/N64_case18_deeponet3d_r128_w16_podinit_native32_interpolate.npz: OK
out/fields/N64_case18_dst_exact.npz: OK
out/fields/N64_case18_fno3d_w24_m8.npz: OK
out/fields/N64_case18_fno3d_w24_m8_native32_interpolate.npz: OK
out/fields/N64_case18_fno3d_w24_m8_physical_padding17.npz: OK
out/fields/N64_case18_linear_bank_galerkin.npz: OK
out/fields/N64_case18_linear_bank_weak_qR.npz: OK
out/fields/N64_case18_nmrom_K16_q0_dense.npz: OK
out/fields/N64_case18_nmrom_K16_q32_dense.npz: OK
out/fields/N64_case18_nmrom_K16_q96_dense.npz: OK
out/fields/N64_case18_pod112_galerkin.npz: OK
out/fields/N64_case18_pod112_native32_interpolated_basis_galerkin.npz: OK
out/fields/N64_case18_pod128_galerkin.npz: OK
out/fields/N64_case18_pod128_native32_interpolated_basis_galerkin.npz: OK
out/fields/N64_case18_pod16_galerkin.npz: OK
out/fields/N64_case18_pod16_native32_interpolated_basis_galerkin.npz: OK
out/fields/N64_case18_pod48_galerkin.npz: OK
out/fields/N64_case18_pod48_native32_interpolated_basis_galerkin.npz: OK
out/fields/N64_case18_reference.npz: OK
out/fields/N64_case18_transolver3d_w48_s32.npz: OK
out/fields/N64_case18_transolver3d_w48_s32_native32_interpolate.npz: OK
out/fields/N64_case18_unet3d_w16.npz: OK
out/fields/N64_case18_unet3d_w16_native32_interpolate.npz: OK
out/fields/N64_case19_cg_identity_plain_rtol1e-02_rep0.npz: OK
out/fields/N64_case19_cg_identity_plain_rtol1e-02_rep1.npz: OK
out/fields/N64_case19_cg_identity_plain_rtol1e-02_rep2.npz: OK
out/fields/N64_case19_cg_identity_plain_rtol1e-04_rep0.npz: OK
out/fields/N64_case19_cg_identity_plain_rtol1e-04_rep1.npz: OK
out/fields/N64_case19_cg_identity_plain_rtol1e-04_rep2.npz: OK
out/fields/N64_case19_cg_identity_plain_rtol1e-06_rep0.npz: OK
out/fields/N64_case19_cg_identity_plain_rtol1e-06_rep1.npz: OK
out/fields/N64_case19_cg_identity_plain_rtol1e-06_rep2.npz: OK
out/fields/N64_case19_cg_identity_rtol1e-02_rep0.npz: OK
out/fields/N64_case19_cg_identity_rtol1e-02_rep1.npz: OK
out/fields/N64_case19_cg_identity_rtol1e-02_rep2.npz: OK
out/fields/N64_case19_cg_identity_rtol1e-04_rep0.npz: OK
out/fields/N64_case19_cg_identity_rtol1e-04_rep1.npz: OK
out/fields/N64_case19_cg_identity_rtol1e-04_rep2.npz: OK
out/fields/N64_case19_cg_identity_rtol1e-06_rep0.npz: OK
out/fields/N64_case19_cg_identity_rtol1e-06_rep1.npz: OK
out/fields/N64_case19_cg_identity_rtol1e-06_rep2.npz: OK
out/fields/N64_case19_deeponet3d_r128_w16_podinit.npz: OK
out/fields/N64_case19_deeponet3d_r128_w16_podinit_native32_continuous_trunk.npz: OK
out/fields/N64_case19_deeponet3d_r128_w16_podinit_native32_interpolate.npz: OK
out/fields/N64_case19_dst_exact.npz: OK
out/fields/N64_case19_fno3d_w24_m8.npz: OK
out/fields/N64_case19_fno3d_w24_m8_native32_interpolate.npz: OK
out/fields/N64_case19_fno3d_w24_m8_physical_padding17.npz: OK
out/fields/N64_case19_linear_bank_galerkin.npz: OK
out/fields/N64_case19_linear_bank_weak_qR.npz: OK
out/fields/N64_case19_nmrom_K16_q0_dense.npz: OK
out/fields/N64_case19_nmrom_K16_q32_dense.npz: OK
out/fields/N64_case19_nmrom_K16_q96_dense.npz: OK
out/fields/N64_case19_pod112_galerkin.npz: OK
out/fields/N64_case19_pod112_native32_interpolated_basis_galerkin.npz: OK
out/fields/N64_case19_pod128_galerkin.npz: OK
out/fields/N64_case19_pod128_native32_interpolated_basis_galerkin.npz: OK
out/fields/N64_case19_pod16_galerkin.npz: OK
out/fields/N64_case19_pod16_native32_interpolated_basis_galerkin.npz: OK
out/fields/N64_case19_pod48_galerkin.npz: OK
out/fields/N64_case19_pod48_native32_interpolated_basis_galerkin.npz: OK
out/fields/N64_case19_reference.npz: OK
out/fields/N64_case19_transolver3d_w48_s32.npz: OK
out/fields/N64_case19_transolver3d_w48_s32_native32_interpolate.npz: OK
out/fields/N64_case19_unet3d_w16.npz: OK
out/fields/N64_case19_unet3d_w16_native32_interpolate.npz: OK
out/fields/N64_case1_cg_identity_plain_rtol1e-02_rep0.npz: OK
out/fields/N64_case1_cg_identity_plain_rtol1e-02_rep1.npz: OK
out/fields/N64_case1_cg_identity_plain_rtol1e-02_rep2.npz: OK
out/fields/N64_case1_cg_identity_plain_rtol1e-04_rep0.npz: OK
out/fields/N64_case1_cg_identity_plain_rtol1e-04_rep1.npz: OK
out/fields/N64_case1_cg_identity_plain_rtol1e-04_rep2.npz: OK
out/fields/N64_case1_cg_identity_plain_rtol1e-06_rep0.npz: OK
out/fields/N64_case1_cg_identity_plain_rtol1e-06_rep1.npz: OK
out/fields/N64_case1_cg_identity_plain_rtol1e-06_rep2.npz: OK
out/fields/N64_case1_cg_identity_rtol1e-02_rep0.npz: OK
out/fields/N64_case1_cg_identity_rtol1e-02_rep1.npz: OK
out/fields/N64_case1_cg_identity_rtol1e-02_rep2.npz: OK
out/fields/N64_case1_cg_identity_rtol1e-04_rep0.npz: OK
out/fields/N64_case1_cg_identity_rtol1e-04_rep1.npz: OK
out/fields/N64_case1_cg_identity_rtol1e-04_rep2.npz: OK
out/fields/N64_case1_cg_identity_rtol1e-06_rep0.npz: OK
out/fields/N64_case1_cg_identity_rtol1e-06_rep1.npz: OK
out/fields/N64_case1_cg_identity_rtol1e-06_rep2.npz: OK
out/fields/N64_case1_deeponet3d_r128_w16_podinit.npz: OK
out/fields/N64_case1_deeponet3d_r128_w16_podinit_native32_continuous_trunk.npz: OK
out/fields/N64_case1_deeponet3d_r128_w16_podinit_native32_interpolate.npz: OK
out/fields/N64_case1_dst_exact.npz: OK
out/fields/N64_case1_fno3d_w24_m8.npz: OK
out/fields/N64_case1_fno3d_w24_m8_native32_interpolate.npz: OK
out/fields/N64_case1_fno3d_w24_m8_physical_padding17.npz: OK
out/fields/N64_case1_linear_bank_galerkin.npz: OK
out/fields/N64_case1_linear_bank_weak_qR.npz: OK
out/fields/N64_case1_nmrom_K16_q0_dense.npz: OK
out/fields/N64_case1_nmrom_K16_q32_dense.npz: OK
out/fields/N64_case1_nmrom_K16_q96_dense.npz: OK
out/fields/N64_case1_pod112_galerkin.npz: OK
out/fields/N64_case1_pod112_native32_interpolated_basis_galerkin.npz: OK
out/fields/N64_case1_pod128_galerkin.npz: OK
out/fields/N64_case1_pod128_native32_interpolated_basis_galerkin.npz: OK
out/fields/N64_case1_pod16_galerkin.npz: OK
out/fields/N64_case1_pod16_native32_interpolated_basis_galerkin.npz: OK
out/fields/N64_case1_pod48_galerkin.npz: OK
out/fields/N64_case1_pod48_native32_interpolated_basis_galerkin.npz: OK
out/fields/N64_case1_reference.npz: OK
out/fields/N64_case1_transolver3d_w48_s32.npz: OK
out/fields/N64_case1_transolver3d_w48_s32_native32_interpolate.npz: OK
out/fields/N64_case1_unet3d_w16.npz: OK
out/fields/N64_case1_unet3d_w16_native32_interpolate.npz: OK
out/fields/N64_case20_cg_identity_plain_rtol1e-02_rep0.npz: OK
out/fields/N64_case20_cg_identity_plain_rtol1e-02_rep1.npz: OK
out/fields/N64_case20_cg_identity_plain_rtol1e-02_rep2.npz: OK
out/fields/N64_case20_cg_identity_plain_rtol1e-04_rep0.npz: OK
out/fields/N64_case20_cg_identity_plain_rtol1e-04_rep1.npz: OK
out/fields/N64_case20_cg_identity_plain_rtol1e-04_rep2.npz: OK
out/fields/N64_case20_cg_identity_plain_rtol1e-06_rep0.npz: OK
out/fields/N64_case20_cg_identity_plain_rtol1e-06_rep1.npz: OK
out/fields/N64_case20_cg_identity_plain_rtol1e-06_rep2.npz: OK
out/fields/N64_case20_cg_identity_rtol1e-02_rep0.npz: OK
out/fields/N64_case20_cg_identity_rtol1e-02_rep1.npz: OK
out/fields/N64_case20_cg_identity_rtol1e-02_rep2.npz: OK
out/fields/N64_case20_cg_identity_rtol1e-04_rep0.npz: OK
out/fields/N64_case20_cg_identity_rtol1e-04_rep1.npz: OK
out/fields/N64_case20_cg_identity_rtol1e-04_rep2.npz: OK
out/fields/N64_case20_cg_identity_rtol1e-06_rep0.npz: OK
out/fields/N64_case20_cg_identity_rtol1e-06_rep1.npz: OK
out/fields/N64_case20_cg_identity_rtol1e-06_rep2.npz: OK
out/fields/N64_case20_deeponet3d_r128_w16_podinit.npz: OK
out/fields/N64_case20_deeponet3d_r128_w16_podinit_native32_continuous_trunk.npz: OK
out/fields/N64_case20_deeponet3d_r128_w16_podinit_native32_interpolate.npz: OK
out/fields/N64_case20_dst_exact.npz: OK
out/fields/N64_case20_fno3d_w24_m8.npz: OK
out/fields/N64_case20_fno3d_w24_m8_native32_interpolate.npz: OK
out/fields/N64_case20_fno3d_w24_m8_physical_padding17.npz: OK
out/fields/N64_case20_linear_bank_galerkin.npz: OK
out/fields/N64_case20_linear_bank_weak_qR.npz: OK
out/fields/N64_case20_nmrom_K16_q0_dense.npz: OK
out/fields/N64_case20_nmrom_K16_q32_dense.npz: OK
out/fields/N64_case20_nmrom_K16_q96_dense.npz: OK
out/fields/N64_case20_pod112_galerkin.npz: OK
out/fields/N64_case20_pod112_native32_interpolated_basis_galerkin.npz: OK
out/fields/N64_case20_pod128_galerkin.npz: OK
out/fields/N64_case20_pod128_native32_interpolated_basis_galerkin.npz: OK
out/fields/N64_case20_pod16_galerkin.npz: OK
out/fields/N64_case20_pod16_native32_interpolated_basis_galerkin.npz: OK
out/fields/N64_case20_pod48_galerkin.npz: OK
out/fields/N64_case20_pod48_native32_interpolated_basis_galerkin.npz: OK
out/fields/N64_case20_reference.npz: OK
out/fields/N64_case20_transolver3d_w48_s32.npz: OK
out/fields/N64_case20_transolver3d_w48_s32_native32_interpolate.npz: OK
out/fields/N64_case20_unet3d_w16.npz: OK
out/fields/N64_case20_unet3d_w16_native32_interpolate.npz: OK
out/fields/N64_case21_cg_identity_plain_rtol1e-02_rep0.npz: OK
out/fields/N64_case21_cg_identity_plain_rtol1e-02_rep1.npz: OK
out/fields/N64_case21_cg_identity_plain_rtol1e-02_rep2.npz: OK
out/fields/N64_case21_cg_identity_plain_rtol1e-04_rep0.npz: OK
out/fields/N64_case21_cg_identity_plain_rtol1e-04_rep1.npz: OK
out/fields/N64_case21_cg_identity_plain_rtol1e-04_rep2.npz: OK
out/fields/N64_case21_cg_identity_plain_rtol1e-06_rep0.npz: OK
out/fields/N64_case21_cg_identity_plain_rtol1e-06_rep1.npz: OK
out/fields/N64_case21_cg_identity_plain_rtol1e-06_rep2.npz: OK
out/fields/N64_case21_cg_identity_rtol1e-02_rep0.npz: OK
out/fields/N64_case21_cg_identity_rtol1e-02_rep1.npz: OK
out/fields/N64_case21_cg_identity_rtol1e-02_rep2.npz: OK
out/fields/N64_case21_cg_identity_rtol1e-04_rep0.npz: OK
out/fields/N64_case21_cg_identity_rtol1e-04_rep1.npz: OK
out/fields/N64_case21_cg_identity_rtol1e-04_rep2.npz: OK
out/fields/N64_case21_cg_identity_rtol1e-06_rep0.npz: OK
out/fields/N64_case21_cg_identity_rtol1e-06_rep1.npz: OK
out/fields/N64_case21_cg_identity_rtol1e-06_rep2.npz: OK
out/fields/N64_case21_deeponet3d_r128_w16_podinit.npz: OK
out/fields/N64_case21_deeponet3d_r128_w16_podinit_native32_continuous_trunk.npz: OK
out/fields/N64_case21_deeponet3d_r128_w16_podinit_native32_interpolate.npz: OK
out/fields/N64_case21_dst_exact.npz: OK
out/fields/N64_case21_fno3d_w24_m8.npz: OK
out/fields/N64_case21_fno3d_w24_m8_native32_interpolate.npz: OK
out/fields/N64_case21_fno3d_w24_m8_physical_padding17.npz: OK
out/fields/N64_case21_linear_bank_galerkin.npz: OK
out/fields/N64_case21_linear_bank_weak_qR.npz: OK
out/fields/N64_case21_nmrom_K16_q0_dense.npz: OK
out/fields/N64_case21_nmrom_K16_q32_dense.npz: OK
out/fields/N64_case21_nmrom_K16_q96_dense.npz: OK
out/fields/N64_case21_pod112_galerkin.npz: OK
out/fields/N64_case21_pod112_native32_interpolated_basis_galerkin.npz: OK
out/fields/N64_case21_pod128_galerkin.npz: OK
out/fields/N64_case21_pod128_native32_interpolated_basis_galerkin.npz: OK
out/fields/N64_case21_pod16_galerkin.npz: OK
out/fields/N64_case21_pod16_native32_interpolated_basis_galerkin.npz: OK
out/fields/N64_case21_pod48_galerkin.npz: OK
out/fields/N64_case21_pod48_native32_interpolated_basis_galerkin.npz: OK
out/fields/N64_case21_reference.npz: OK
out/fields/N64_case21_transolver3d_w48_s32.npz: OK
out/fields/N64_case21_transolver3d_w48_s32_native32_interpolate.npz: OK
out/fields/N64_case21_unet3d_w16.npz: OK
out/fields/N64_case21_unet3d_w16_native32_interpolate.npz: OK
out/fields/N64_case22_cg_identity_plain_rtol1e-02_rep0.npz: OK
out/fields/N64_case22_cg_identity_plain_rtol1e-02_rep1.npz: OK
out/fields/N64_case22_cg_identity_plain_rtol1e-02_rep2.npz: OK
out/fields/N64_case22_cg_identity_plain_rtol1e-04_rep0.npz: OK
out/fields/N64_case22_cg_identity_plain_rtol1e-04_rep1.npz: OK
out/fields/N64_case22_cg_identity_plain_rtol1e-04_rep2.npz: OK
out/fields/N64_case22_cg_identity_plain_rtol1e-06_rep0.npz: OK
out/fields/N64_case22_cg_identity_plain_rtol1e-06_rep1.npz: OK
out/fields/N64_case22_cg_identity_plain_rtol1e-06_rep2.npz: OK
out/fields/N64_case22_cg_identity_rtol1e-02_rep0.npz: OK
out/fields/N64_case22_cg_identity_rtol1e-02_rep1.npz: OK
out/fields/N64_case22_cg_identity_rtol1e-02_rep2.npz: OK
out/fields/N64_case22_cg_identity_rtol1e-04_rep0.npz: OK
out/fields/N64_case22_cg_identity_rtol1e-04_rep1.npz: OK
out/fields/N64_case22_cg_identity_rtol1e-04_rep2.npz: OK
out/fields/N64_case22_cg_identity_rtol1e-06_rep0.npz: OK
out/fields/N64_case22_cg_identity_rtol1e-06_rep1.npz: OK
out/fields/N64_case22_cg_identity_rtol1e-06_rep2.npz: OK
out/fields/N64_case22_deeponet3d_r128_w16_podinit.npz: OK
out/fields/N64_case22_deeponet3d_r128_w16_podinit_native32_continuous_trunk.npz: OK
out/fields/N64_case22_deeponet3d_r128_w16_podinit_native32_interpolate.npz: OK
out/fields/N64_case22_dst_exact.npz: OK
out/fields/N64_case22_fno3d_w24_m8.npz: OK
out/fields/N64_case22_fno3d_w24_m8_native32_interpolate.npz: OK
out/fields/N64_case22_fno3d_w24_m8_physical_padding17.npz: OK
out/fields/N64_case22_linear_bank_galerkin.npz: OK
out/fields/N64_case22_linear_bank_weak_qR.npz: OK
out/fields/N64_case22_nmrom_K16_q0_dense.npz: OK
out/fields/N64_case22_nmrom_K16_q32_dense.npz: OK
out/fields/N64_case22_nmrom_K16_q96_dense.npz: OK
out/fields/N64_case22_pod112_galerkin.npz: OK
out/fields/N64_case22_pod112_native32_interpolated_basis_galerkin.npz: OK
out/fields/N64_case22_pod128_galerkin.npz: OK
out/fields/N64_case22_pod128_native32_interpolated_basis_galerkin.npz: OK
out/fields/N64_case22_pod16_galerkin.npz: OK
out/fields/N64_case22_pod16_native32_interpolated_basis_galerkin.npz: OK
out/fields/N64_case22_pod48_galerkin.npz: OK
out/fields/N64_case22_pod48_native32_interpolated_basis_galerkin.npz: OK
out/fields/N64_case22_reference.npz: OK
out/fields/N64_case22_transolver3d_w48_s32.npz: OK
out/fields/N64_case22_transolver3d_w48_s32_native32_interpolate.npz: OK
out/fields/N64_case22_unet3d_w16.npz: OK
out/fields/N64_case22_unet3d_w16_native32_interpolate.npz: OK
out/fields/N64_case23_cg_identity_plain_rtol1e-02_rep0.npz: OK
out/fields/N64_case23_cg_identity_plain_rtol1e-02_rep1.npz: OK
out/fields/N64_case23_cg_identity_plain_rtol1e-02_rep2.npz: OK
out/fields/N64_case23_cg_identity_plain_rtol1e-04_rep0.npz: OK
out/fields/N64_case23_cg_identity_plain_rtol1e-04_rep1.npz: OK
out/fields/N64_case23_cg_identity_plain_rtol1e-04_rep2.npz: OK
out/fields/N64_case23_cg_identity_plain_rtol1e-06_rep0.npz: OK
out/fields/N64_case23_cg_identity_plain_rtol1e-06_rep1.npz: OK
out/fields/N64_case23_cg_identity_plain_rtol1e-06_rep2.npz: OK
out/fields/N64_case23_cg_identity_rtol1e-02_rep0.npz: OK
out/fields/N64_case23_cg_identity_rtol1e-02_rep1.npz: OK
out/fields/N64_case23_cg_identity_rtol1e-02_rep2.npz: OK
out/fields/N64_case23_cg_identity_rtol1e-04_rep0.npz: OK
out/fields/N64_case23_cg_identity_rtol1e-04_rep1.npz: OK
out/fields/N64_case23_cg_identity_rtol1e-04_rep2.npz: OK
out/fields/N64_case23_cg_identity_rtol1e-06_rep0.npz: OK
out/fields/N64_case23_cg_identity_rtol1e-06_rep1.npz: OK
out/fields/N64_case23_cg_identity_rtol1e-06_rep2.npz: OK
out/fields/N64_case23_deeponet3d_r128_w16_podinit.npz: OK
out/fields/N64_case23_deeponet3d_r128_w16_podinit_native32_continuous_trunk.npz: OK
out/fields/N64_case23_deeponet3d_r128_w16_podinit_native32_interpolate.npz: OK
out/fields/N64_case23_dst_exact.npz: OK
out/fields/N64_case23_fno3d_w24_m8.npz: OK
out/fields/N64_case23_fno3d_w24_m8_native32_interpolate.npz: OK
out/fields/N64_case23_fno3d_w24_m8_physical_padding17.npz: OK
out/fields/N64_case23_linear_bank_galerkin.npz: OK
out/fields/N64_case23_linear_bank_weak_qR.npz: OK
out/fields/N64_case23_nmrom_K16_q0_dense.npz: OK
out/fields/N64_case23_nmrom_K16_q32_dense.npz: OK
out/fields/N64_case23_nmrom_K16_q96_dense.npz: OK
out/fields/N64_case23_pod112_galerkin.npz: OK
out/fields/N64_case23_pod112_native32_interpolated_basis_galerkin.npz: OK
out/fields/N64_case23_pod128_galerkin.npz: OK
out/fields/N64_case23_pod128_native32_interpolated_basis_galerkin.npz: OK
out/fields/N64_case23_pod16_galerkin.npz: OK
out/fields/N64_case23_pod16_native32_interpolated_basis_galerkin.npz: OK
out/fields/N64_case23_pod48_galerkin.npz: OK
out/fields/N64_case23_pod48_native32_interpolated_basis_galerkin.npz: OK
out/fields/N64_case23_reference.npz: OK
out/fields/N64_case23_transolver3d_w48_s32.npz: OK
out/fields/N64_case23_transolver3d_w48_s32_native32_interpolate.npz: OK
out/fields/N64_case23_unet3d_w16.npz: OK
out/fields/N64_case23_unet3d_w16_native32_interpolate.npz: OK
out/fields/N64_case24_cg_identity_plain_rtol1e-02_rep0.npz: OK
out/fields/N64_case24_cg_identity_plain_rtol1e-02_rep1.npz: OK
out/fields/N64_case24_cg_identity_plain_rtol1e-02_rep2.npz: OK
out/fields/N64_case24_cg_identity_plain_rtol1e-04_rep0.npz: OK
out/fields/N64_case24_cg_identity_plain_rtol1e-04_rep1.npz: OK
out/fields/N64_case24_cg_identity_plain_rtol1e-04_rep2.npz: OK
out/fields/N64_case24_cg_identity_plain_rtol1e-06_rep0.npz: OK
out/fields/N64_case24_cg_identity_plain_rtol1e-06_rep1.npz: OK
out/fields/N64_case24_cg_identity_plain_rtol1e-06_rep2.npz: OK
out/fields/N64_case24_cg_identity_rtol1e-02_rep0.npz: OK
out/fields/N64_case24_cg_identity_rtol1e-02_rep1.npz: OK
out/fields/N64_case24_cg_identity_rtol1e-02_rep2.npz: OK
out/fields/N64_case24_cg_identity_rtol1e-04_rep0.npz: OK
out/fields/N64_case24_cg_identity_rtol1e-04_rep1.npz: OK
out/fields/N64_case24_cg_identity_rtol1e-04_rep2.npz: OK
out/fields/N64_case24_cg_identity_rtol1e-06_rep0.npz: OK
out/fields/N64_case24_cg_identity_rtol1e-06_rep1.npz: OK
out/fields/N64_case24_cg_identity_rtol1e-06_rep2.npz: OK
out/fields/N64_case24_deeponet3d_r128_w16_podinit.npz: OK
out/fields/N64_case24_deeponet3d_r128_w16_podinit_native32_continuous_trunk.npz: OK
out/fields/N64_case24_deeponet3d_r128_w16_podinit_native32_interpolate.npz: OK
out/fields/N64_case24_dst_exact.npz: OK
out/fields/N64_case24_fno3d_w24_m8.npz: OK
out/fields/N64_case24_fno3d_w24_m8_native32_interpolate.npz: OK
out/fields/N64_case24_fno3d_w24_m8_physical_padding17.npz: OK
out/fields/N64_case24_linear_bank_galerkin.npz: OK
out/fields/N64_case24_linear_bank_weak_qR.npz: OK
out/fields/N64_case24_nmrom_K16_q0_dense.npz: OK
out/fields/N64_case24_nmrom_K16_q32_dense.npz: OK
out/fields/N64_case24_nmrom_K16_q96_dense.npz: OK
out/fields/N64_case24_pod112_galerkin.npz: OK
out/fields/N64_case24_pod112_native32_interpolated_basis_galerkin.npz: OK
out/fields/N64_case24_pod128_galerkin.npz: OK
out/fields/N64_case24_pod128_native32_interpolated_basis_galerkin.npz: OK
out/fields/N64_case24_pod16_galerkin.npz: OK
out/fields/N64_case24_pod16_native32_interpolated_basis_galerkin.npz: OK
out/fields/N64_case24_pod48_galerkin.npz: OK
out/fields/N64_case24_pod48_native32_interpolated_basis_galerkin.npz: OK
out/fields/N64_case24_reference.npz: OK
out/fields/N64_case24_transolver3d_w48_s32.npz: OK
out/fields/N64_case24_transolver3d_w48_s32_native32_interpolate.npz: OK
out/fields/N64_case24_unet3d_w16.npz: OK
out/fields/N64_case24_unet3d_w16_native32_interpolate.npz: OK
out/fields/N64_case25_cg_identity_plain_rtol1e-02_rep0.npz: OK
out/fields/N64_case25_cg_identity_plain_rtol1e-02_rep1.npz: OK
out/fields/N64_case25_cg_identity_plain_rtol1e-02_rep2.npz: OK
out/fields/N64_case25_cg_identity_plain_rtol1e-04_rep0.npz: OK
out/fields/N64_case25_cg_identity_plain_rtol1e-04_rep1.npz: OK
out/fields/N64_case25_cg_identity_plain_rtol1e-04_rep2.npz: OK
out/fields/N64_case25_cg_identity_plain_rtol1e-06_rep0.npz: OK
out/fields/N64_case25_cg_identity_plain_rtol1e-06_rep1.npz: OK
out/fields/N64_case25_cg_identity_plain_rtol1e-06_rep2.npz: OK
out/fields/N64_case25_cg_identity_rtol1e-02_rep0.npz: OK
out/fields/N64_case25_cg_identity_rtol1e-02_rep1.npz: OK
out/fields/N64_case25_cg_identity_rtol1e-02_rep2.npz: OK
out/fields/N64_case25_cg_identity_rtol1e-04_rep0.npz: OK
out/fields/N64_case25_cg_identity_rtol1e-04_rep1.npz: OK
out/fields/N64_case25_cg_identity_rtol1e-04_rep2.npz: OK
out/fields/N64_case25_cg_identity_rtol1e-06_rep0.npz: OK
out/fields/N64_case25_cg_identity_rtol1e-06_rep1.npz: OK
out/fields/N64_case25_cg_identity_rtol1e-06_rep2.npz: OK
out/fields/N64_case25_deeponet3d_r128_w16_podinit.npz: OK
out/fields/N64_case25_deeponet3d_r128_w16_podinit_native32_continuous_trunk.npz: OK
out/fields/N64_case25_deeponet3d_r128_w16_podinit_native32_interpolate.npz: OK
out/fields/N64_case25_dst_exact.npz: OK
out/fields/N64_case25_fno3d_w24_m8.npz: OK
out/fields/N64_case25_fno3d_w24_m8_native32_interpolate.npz: OK
out/fields/N64_case25_fno3d_w24_m8_physical_padding17.npz: OK
out/fields/N64_case25_linear_bank_galerkin.npz: OK
out/fields/N64_case25_linear_bank_weak_qR.npz: OK
out/fields/N64_case25_nmrom_K16_q0_dense.npz: OK
out/fields/N64_case25_nmrom_K16_q32_dense.npz: OK
out/fields/N64_case25_nmrom_K16_q96_dense.npz: OK
out/fields/N64_case25_pod112_galerkin.npz: OK
out/fields/N64_case25_pod112_native32_interpolated_basis_galerkin.npz: OK
out/fields/N64_case25_pod128_galerkin.npz: OK
out/fields/N64_case25_pod128_native32_interpolated_basis_galerkin.npz: OK
out/fields/N64_case25_pod16_galerkin.npz: OK
out/fields/N64_case25_pod16_native32_interpolated_basis_galerkin.npz: OK
out/fields/N64_case25_pod48_galerkin.npz: OK
out/fields/N64_case25_pod48_native32_interpolated_basis_galerkin.npz: OK
out/fields/N64_case25_reference.npz: OK
out/fields/N64_case25_transolver3d_w48_s32.npz: OK
out/fields/N64_case25_transolver3d_w48_s32_native32_interpolate.npz: OK
out/fields/N64_case25_unet3d_w16.npz: OK
out/fields/N64_case25_unet3d_w16_native32_interpolate.npz: OK
out/fields/N64_case26_cg_identity_plain_rtol1e-02_rep0.npz: OK
out/fields/N64_case26_cg_identity_plain_rtol1e-02_rep1.npz: OK
out/fields/N64_case26_cg_identity_plain_rtol1e-02_rep2.npz: OK
out/fields/N64_case26_cg_identity_plain_rtol1e-04_rep0.npz: OK
out/fields/N64_case26_cg_identity_plain_rtol1e-04_rep1.npz: OK
out/fields/N64_case26_cg_identity_plain_rtol1e-04_rep2.npz: OK
out/fields/N64_case26_cg_identity_plain_rtol1e-06_rep0.npz: OK
out/fields/N64_case26_cg_identity_plain_rtol1e-06_rep1.npz: OK
out/fields/N64_case26_cg_identity_plain_rtol1e-06_rep2.npz: OK
out/fields/N64_case26_cg_identity_rtol1e-02_rep0.npz: OK
out/fields/N64_case26_cg_identity_rtol1e-02_rep1.npz: OK
out/fields/N64_case26_cg_identity_rtol1e-02_rep2.npz: OK
out/fields/N64_case26_cg_identity_rtol1e-04_rep0.npz: OK
out/fields/N64_case26_cg_identity_rtol1e-04_rep1.npz: OK
out/fields/N64_case26_cg_identity_rtol1e-04_rep2.npz: OK
out/fields/N64_case26_cg_identity_rtol1e-06_rep0.npz: OK
out/fields/N64_case26_cg_identity_rtol1e-06_rep1.npz: OK
out/fields/N64_case26_cg_identity_rtol1e-06_rep2.npz: OK
out/fields/N64_case26_deeponet3d_r128_w16_podinit.npz: OK
out/fields/N64_case26_deeponet3d_r128_w16_podinit_native32_continuous_trunk.npz: OK
out/fields/N64_case26_deeponet3d_r128_w16_podinit_native32_interpolate.npz: OK
out/fields/N64_case26_dst_exact.npz: OK
out/fields/N64_case26_fno3d_w24_m8.npz: OK
out/fields/N64_case26_fno3d_w24_m8_native32_interpolate.npz: OK
out/fields/N64_case26_fno3d_w24_m8_physical_padding17.npz: OK
out/fields/N64_case26_linear_bank_galerkin.npz: OK
out/fields/N64_case26_linear_bank_weak_qR.npz: OK
out/fields/N64_case26_nmrom_K16_q0_dense.npz: OK
out/fields/N64_case26_nmrom_K16_q32_dense.npz: OK
out/fields/N64_case26_nmrom_K16_q96_dense.npz: OK
out/fields/N64_case26_pod112_galerkin.npz: OK
out/fields/N64_case26_pod112_native32_interpolated_basis_galerkin.npz: OK
out/fields/N64_case26_pod128_galerkin.npz: OK
out/fields/N64_case26_pod128_native32_interpolated_basis_galerkin.npz: OK
out/fields/N64_case26_pod16_galerkin.npz: OK
out/fields/N64_case26_pod16_native32_interpolated_basis_galerkin.npz: OK
out/fields/N64_case26_pod48_galerkin.npz: OK
out/fields/N64_case26_pod48_native32_interpolated_basis_galerkin.npz: OK
out/fields/N64_case26_reference.npz: OK
out/fields/N64_case26_transolver3d_w48_s32.npz: OK
out/fields/N64_case26_transolver3d_w48_s32_native32_interpolate.npz: OK
out/fields/N64_case26_unet3d_w16.npz: OK
out/fields/N64_case26_unet3d_w16_native32_interpolate.npz: OK
out/fields/N64_case27_cg_identity_plain_rtol1e-02_rep0.npz: OK
out/fields/N64_case27_cg_identity_plain_rtol1e-02_rep1.npz: OK
out/fields/N64_case27_cg_identity_plain_rtol1e-02_rep2.npz: OK
out/fields/N64_case27_cg_identity_plain_rtol1e-04_rep0.npz: OK
out/fields/N64_case27_cg_identity_plain_rtol1e-04_rep1.npz: OK
out/fields/N64_case27_cg_identity_plain_rtol1e-04_rep2.npz: OK
out/fields/N64_case27_cg_identity_plain_rtol1e-06_rep0.npz: OK
out/fields/N64_case27_cg_identity_plain_rtol1e-06_rep1.npz: OK
out/fields/N64_case27_cg_identity_plain_rtol1e-06_rep2.npz: OK
out/fields/N64_case27_cg_identity_rtol1e-02_rep0.npz: OK
out/fields/N64_case27_cg_identity_rtol1e-02_rep1.npz: OK
out/fields/N64_case27_cg_identity_rtol1e-02_rep2.npz: OK
out/fields/N64_case27_cg_identity_rtol1e-04_rep0.npz: OK
out/fields/N64_case27_cg_identity_rtol1e-04_rep1.npz: OK
out/fields/N64_case27_cg_identity_rtol1e-04_rep2.npz: OK
out/fields/N64_case27_cg_identity_rtol1e-06_rep0.npz: OK
out/fields/N64_case27_cg_identity_rtol1e-06_rep1.npz: OK
out/fields/N64_case27_cg_identity_rtol1e-06_rep2.npz: OK
out/fields/N64_case27_deeponet3d_r128_w16_podinit.npz: OK
out/fields/N64_case27_deeponet3d_r128_w16_podinit_native32_continuous_trunk.npz: OK
out/fields/N64_case27_deeponet3d_r128_w16_podinit_native32_interpolate.npz: OK
out/fields/N64_case27_dst_exact.npz: OK
out/fields/N64_case27_fno3d_w24_m8.npz: OK
out/fields/N64_case27_fno3d_w24_m8_native32_interpolate.npz: OK
out/fields/N64_case27_fno3d_w24_m8_physical_padding17.npz: OK
out/fields/N64_case27_linear_bank_galerkin.npz: OK
out/fields/N64_case27_linear_bank_weak_qR.npz: OK
out/fields/N64_case27_nmrom_K16_q0_dense.npz: OK
out/fields/N64_case27_nmrom_K16_q32_dense.npz: OK
out/fields/N64_case27_nmrom_K16_q96_dense.npz: OK
out/fields/N64_case27_pod112_galerkin.npz: OK
out/fields/N64_case27_pod112_native32_interpolated_basis_galerkin.npz: OK
out/fields/N64_case27_pod128_galerkin.npz: OK
out/fields/N64_case27_pod128_native32_interpolated_basis_galerkin.npz: OK
out/fields/N64_case27_pod16_galerkin.npz: OK
out/fields/N64_case27_pod16_native32_interpolated_basis_galerkin.npz: OK
out/fields/N64_case27_pod48_galerkin.npz: OK
out/fields/N64_case27_pod48_native32_interpolated_basis_galerkin.npz: OK
out/fields/N64_case27_reference.npz: OK
out/fields/N64_case27_transolver3d_w48_s32.npz: OK
out/fields/N64_case27_transolver3d_w48_s32_native32_interpolate.npz: OK
out/fields/N64_case27_unet3d_w16.npz: OK
out/fields/N64_case27_unet3d_w16_native32_interpolate.npz: OK
out/fields/N64_case28_cg_identity_plain_rtol1e-02_rep0.npz: OK
out/fields/N64_case28_cg_identity_plain_rtol1e-02_rep1.npz: OK
out/fields/N64_case28_cg_identity_plain_rtol1e-02_rep2.npz: OK
out/fields/N64_case28_cg_identity_plain_rtol1e-04_rep0.npz: OK
out/fields/N64_case28_cg_identity_plain_rtol1e-04_rep1.npz: OK
out/fields/N64_case28_cg_identity_plain_rtol1e-04_rep2.npz: OK
out/fields/N64_case28_cg_identity_plain_rtol1e-06_rep0.npz: OK
out/fields/N64_case28_cg_identity_plain_rtol1e-06_rep1.npz: OK
out/fields/N64_case28_cg_identity_plain_rtol1e-06_rep2.npz: OK
out/fields/N64_case28_cg_identity_rtol1e-02_rep0.npz: OK
out/fields/N64_case28_cg_identity_rtol1e-02_rep1.npz: OK
out/fields/N64_case28_cg_identity_rtol1e-02_rep2.npz: OK
out/fields/N64_case28_cg_identity_rtol1e-04_rep0.npz: OK
out/fields/N64_case28_cg_identity_rtol1e-04_rep1.npz: OK
out/fields/N64_case28_cg_identity_rtol1e-04_rep2.npz: OK
out/fields/N64_case28_cg_identity_rtol1e-06_rep0.npz: OK
out/fields/N64_case28_cg_identity_rtol1e-06_rep1.npz: OK
out/fields/N64_case28_cg_identity_rtol1e-06_rep2.npz: OK
out/fields/N64_case28_deeponet3d_r128_w16_podinit.npz: OK
out/fields/N64_case28_deeponet3d_r128_w16_podinit_native32_continuous_trunk.npz: OK
out/fields/N64_case28_deeponet3d_r128_w16_podinit_native32_interpolate.npz: OK
out/fields/N64_case28_dst_exact.npz: OK
out/fields/N64_case28_fno3d_w24_m8.npz: OK
out/fields/N64_case28_fno3d_w24_m8_native32_interpolate.npz: OK
out/fields/N64_case28_fno3d_w24_m8_physical_padding17.npz: OK
out/fields/N64_case28_linear_bank_galerkin.npz: OK
out/fields/N64_case28_linear_bank_weak_qR.npz: OK
out/fields/N64_case28_nmrom_K16_q0_dense.npz: OK
out/fields/N64_case28_nmrom_K16_q32_dense.npz: OK
out/fields/N64_case28_nmrom_K16_q96_dense.npz: OK
out/fields/N64_case28_pod112_galerkin.npz: OK
out/fields/N64_case28_pod112_native32_interpolated_basis_galerkin.npz: OK
out/fields/N64_case28_pod128_galerkin.npz: OK
out/fields/N64_case28_pod128_native32_interpolated_basis_galerkin.npz: OK
out/fields/N64_case28_pod16_galerkin.npz: OK
out/fields/N64_case28_pod16_native32_interpolated_basis_galerkin.npz: OK
out/fields/N64_case28_pod48_galerkin.npz: OK
out/fields/N64_case28_pod48_native32_interpolated_basis_galerkin.npz: OK
out/fields/N64_case28_reference.npz: OK
out/fields/N64_case28_transolver3d_w48_s32.npz: OK
out/fields/N64_case28_transolver3d_w48_s32_native32_interpolate.npz: OK
out/fields/N64_case28_unet3d_w16.npz: OK
out/fields/N64_case28_unet3d_w16_native32_interpolate.npz: OK
out/fields/N64_case29_cg_identity_plain_rtol1e-02_rep0.npz: OK
out/fields/N64_case29_cg_identity_plain_rtol1e-02_rep1.npz: OK
out/fields/N64_case29_cg_identity_plain_rtol1e-02_rep2.npz: OK
out/fields/N64_case29_cg_identity_plain_rtol1e-04_rep0.npz: OK
out/fields/N64_case29_cg_identity_plain_rtol1e-04_rep1.npz: OK
out/fields/N64_case29_cg_identity_plain_rtol1e-04_rep2.npz: OK
out/fields/N64_case29_cg_identity_plain_rtol1e-06_rep0.npz: OK
out/fields/N64_case29_cg_identity_plain_rtol1e-06_rep1.npz: OK
out/fields/N64_case29_cg_identity_plain_rtol1e-06_rep2.npz: OK
out/fields/N64_case29_cg_identity_rtol1e-02_rep0.npz: OK
out/fields/N64_case29_cg_identity_rtol1e-02_rep1.npz: OK
out/fields/N64_case29_cg_identity_rtol1e-02_rep2.npz: OK
out/fields/N64_case29_cg_identity_rtol1e-04_rep0.npz: OK
out/fields/N64_case29_cg_identity_rtol1e-04_rep1.npz: OK
out/fields/N64_case29_cg_identity_rtol1e-04_rep2.npz: OK
out/fields/N64_case29_cg_identity_rtol1e-06_rep0.npz: OK
out/fields/N64_case29_cg_identity_rtol1e-06_rep1.npz: OK
out/fields/N64_case29_cg_identity_rtol1e-06_rep2.npz: OK
out/fields/N64_case29_deeponet3d_r128_w16_podinit.npz: OK
out/fields/N64_case29_deeponet3d_r128_w16_podinit_native32_continuous_trunk.npz: OK
out/fields/N64_case29_deeponet3d_r128_w16_podinit_native32_interpolate.npz: OK
out/fields/N64_case29_dst_exact.npz: OK
out/fields/N64_case29_fno3d_w24_m8.npz: OK
out/fields/N64_case29_fno3d_w24_m8_native32_interpolate.npz: OK
out/fields/N64_case29_fno3d_w24_m8_physical_padding17.npz: OK
out/fields/N64_case29_linear_bank_galerkin.npz: OK
out/fields/N64_case29_linear_bank_weak_qR.npz: OK
out/fields/N64_case29_nmrom_K16_q0_dense.npz: OK
out/fields/N64_case29_nmrom_K16_q32_dense.npz: OK
out/fields/N64_case29_nmrom_K16_q96_dense.npz: OK
out/fields/N64_case29_pod112_galerkin.npz: OK
out/fields/N64_case29_pod112_native32_interpolated_basis_galerkin.npz: OK
out/fields/N64_case29_pod128_galerkin.npz: OK
out/fields/N64_case29_pod128_native32_interpolated_basis_galerkin.npz: OK
out/fields/N64_case29_pod16_galerkin.npz: OK
out/fields/N64_case29_pod16_native32_interpolated_basis_galerkin.npz: OK
out/fields/N64_case29_pod48_galerkin.npz: OK
out/fields/N64_case29_pod48_native32_interpolated_basis_galerkin.npz: OK
out/fields/N64_case29_reference.npz: OK
out/fields/N64_case29_transolver3d_w48_s32.npz: OK
out/fields/N64_case29_transolver3d_w48_s32_native32_interpolate.npz: OK
out/fields/N64_case29_unet3d_w16.npz: OK
out/fields/N64_case29_unet3d_w16_native32_interpolate.npz: OK
out/fields/N64_case2_cg_identity_plain_rtol1e-02_rep0.npz: OK
out/fields/N64_case2_cg_identity_plain_rtol1e-02_rep1.npz: OK
out/fields/N64_case2_cg_identity_plain_rtol1e-02_rep2.npz: OK
out/fields/N64_case2_cg_identity_plain_rtol1e-04_rep0.npz: OK
out/fields/N64_case2_cg_identity_plain_rtol1e-04_rep1.npz: OK
out/fields/N64_case2_cg_identity_plain_rtol1e-04_rep2.npz: OK
out/fields/N64_case2_cg_identity_plain_rtol1e-06_rep0.npz: OK
out/fields/N64_case2_cg_identity_plain_rtol1e-06_rep1.npz: OK
out/fields/N64_case2_cg_identity_plain_rtol1e-06_rep2.npz: OK
out/fields/N64_case2_cg_identity_rtol1e-02_rep0.npz: OK
out/fields/N64_case2_cg_identity_rtol1e-02_rep1.npz: OK
out/fields/N64_case2_cg_identity_rtol1e-02_rep2.npz: OK
out/fields/N64_case2_cg_identity_rtol1e-04_rep0.npz: OK
out/fields/N64_case2_cg_identity_rtol1e-04_rep1.npz: OK
out/fields/N64_case2_cg_identity_rtol1e-04_rep2.npz: OK
out/fields/N64_case2_cg_identity_rtol1e-06_rep0.npz: OK
out/fields/N64_case2_cg_identity_rtol1e-06_rep1.npz: OK
out/fields/N64_case2_cg_identity_rtol1e-06_rep2.npz: OK
out/fields/N64_case2_deeponet3d_r128_w16_podinit.npz: OK
out/fields/N64_case2_deeponet3d_r128_w16_podinit_native32_continuous_trunk.npz: OK
out/fields/N64_case2_deeponet3d_r128_w16_podinit_native32_interpolate.npz: OK
out/fields/N64_case2_dst_exact.npz: OK
out/fields/N64_case2_fno3d_w24_m8.npz: OK
out/fields/N64_case2_fno3d_w24_m8_native32_interpolate.npz: OK
out/fields/N64_case2_fno3d_w24_m8_physical_padding17.npz: OK
out/fields/N64_case2_linear_bank_galerkin.npz: OK
out/fields/N64_case2_linear_bank_weak_qR.npz: OK
out/fields/N64_case2_nmrom_K16_q0_dense.npz: OK
out/fields/N64_case2_nmrom_K16_q32_dense.npz: OK
out/fields/N64_case2_nmrom_K16_q96_dense.npz: OK
out/fields/N64_case2_pod112_galerkin.npz: OK
out/fields/N64_case2_pod112_native32_interpolated_basis_galerkin.npz: OK
out/fields/N64_case2_pod128_galerkin.npz: OK
out/fields/N64_case2_pod128_native32_interpolated_basis_galerkin.npz: OK
out/fields/N64_case2_pod16_galerkin.npz: OK
out/fields/N64_case2_pod16_native32_interpolated_basis_galerkin.npz: OK
out/fields/N64_case2_pod48_galerkin.npz: OK
out/fields/N64_case2_pod48_native32_interpolated_basis_galerkin.npz: OK
out/fields/N64_case2_reference.npz: OK
out/fields/N64_case2_transolver3d_w48_s32.npz: OK
out/fields/N64_case2_transolver3d_w48_s32_native32_interpolate.npz: OK
out/fields/N64_case2_unet3d_w16.npz: OK
out/fields/N64_case2_unet3d_w16_native32_interpolate.npz: OK
out/fields/N64_case30_cg_identity_plain_rtol1e-02_rep0.npz: OK
out/fields/N64_case30_cg_identity_plain_rtol1e-02_rep1.npz: OK
out/fields/N64_case30_cg_identity_plain_rtol1e-02_rep2.npz: OK
out/fields/N64_case30_cg_identity_plain_rtol1e-04_rep0.npz: OK
out/fields/N64_case30_cg_identity_plain_rtol1e-04_rep1.npz: OK
out/fields/N64_case30_cg_identity_plain_rtol1e-04_rep2.npz: OK
out/fields/N64_case30_cg_identity_plain_rtol1e-06_rep0.npz: OK
out/fields/N64_case30_cg_identity_plain_rtol1e-06_rep1.npz: OK
out/fields/N64_case30_cg_identity_plain_rtol1e-06_rep2.npz: OK
out/fields/N64_case30_cg_identity_rtol1e-02_rep0.npz: OK
out/fields/N64_case30_cg_identity_rtol1e-02_rep1.npz: OK
out/fields/N64_case30_cg_identity_rtol1e-02_rep2.npz: OK
out/fields/N64_case30_cg_identity_rtol1e-04_rep0.npz: OK
out/fields/N64_case30_cg_identity_rtol1e-04_rep1.npz: OK
out/fields/N64_case30_cg_identity_rtol1e-04_rep2.npz: OK
out/fields/N64_case30_cg_identity_rtol1e-06_rep0.npz: OK
out/fields/N64_case30_cg_identity_rtol1e-06_rep1.npz: OK
out/fields/N64_case30_cg_identity_rtol1e-06_rep2.npz: OK
out/fields/N64_case30_deeponet3d_r128_w16_podinit.npz: OK
out/fields/N64_case30_deeponet3d_r128_w16_podinit_native32_continuous_trunk.npz: OK
out/fields/N64_case30_deeponet3d_r128_w16_podinit_native32_interpolate.npz: OK
out/fields/N64_case30_dst_exact.npz: OK
out/fields/N64_case30_fno3d_w24_m8.npz: OK
out/fields/N64_case30_fno3d_w24_m8_native32_interpolate.npz: OK
out/fields/N64_case30_fno3d_w24_m8_physical_padding17.npz: OK
out/fields/N64_case30_linear_bank_galerkin.npz: OK
out/fields/N64_case30_linear_bank_weak_qR.npz: OK
out/fields/N64_case30_nmrom_K16_q0_dense.npz: OK
out/fields/N64_case30_nmrom_K16_q32_dense.npz: OK
out/fields/N64_case30_nmrom_K16_q96_dense.npz: OK
out/fields/N64_case30_pod112_galerkin.npz: OK
out/fields/N64_case30_pod112_native32_interpolated_basis_galerkin.npz: OK
out/fields/N64_case30_pod128_galerkin.npz: OK
out/fields/N64_case30_pod128_native32_interpolated_basis_galerkin.npz: OK
out/fields/N64_case30_pod16_galerkin.npz: OK
out/fields/N64_case30_pod16_native32_interpolated_basis_galerkin.npz: OK
out/fields/N64_case30_pod48_galerkin.npz: OK
out/fields/N64_case30_pod48_native32_interpolated_basis_galerkin.npz: OK
out/fields/N64_case30_reference.npz: OK
out/fields/N64_case30_transolver3d_w48_s32.npz: OK
out/fields/N64_case30_transolver3d_w48_s32_native32_interpolate.npz: OK
out/fields/N64_case30_unet3d_w16.npz: OK
out/fields/N64_case30_unet3d_w16_native32_interpolate.npz: OK
out/fields/N64_case31_cg_identity_plain_rtol1e-02_rep0.npz: OK
out/fields/N64_case31_cg_identity_plain_rtol1e-02_rep1.npz: OK
out/fields/N64_case31_cg_identity_plain_rtol1e-02_rep2.npz: OK
out/fields/N64_case31_cg_identity_plain_rtol1e-04_rep0.npz: OK
out/fields/N64_case31_cg_identity_plain_rtol1e-04_rep1.npz: OK
out/fields/N64_case31_cg_identity_plain_rtol1e-04_rep2.npz: OK
out/fields/N64_case31_cg_identity_plain_rtol1e-06_rep0.npz: OK
out/fields/N64_case31_cg_identity_plain_rtol1e-06_rep1.npz: OK
out/fields/N64_case31_cg_identity_plain_rtol1e-06_rep2.npz: OK
out/fields/N64_case31_cg_identity_rtol1e-02_rep0.npz: OK
out/fields/N64_case31_cg_identity_rtol1e-02_rep1.npz: OK
out/fields/N64_case31_cg_identity_rtol1e-02_rep2.npz: OK
out/fields/N64_case31_cg_identity_rtol1e-04_rep0.npz: OK
out/fields/N64_case31_cg_identity_rtol1e-04_rep1.npz: OK
out/fields/N64_case31_cg_identity_rtol1e-04_rep2.npz: OK
out/fields/N64_case31_cg_identity_rtol1e-06_rep0.npz: OK
out/fields/N64_case31_cg_identity_rtol1e-06_rep1.npz: OK
out/fields/N64_case31_cg_identity_rtol1e-06_rep2.npz: OK
out/fields/N64_case31_deeponet3d_r128_w16_podinit.npz: OK
out/fields/N64_case31_deeponet3d_r128_w16_podinit_native32_continuous_trunk.npz: OK
out/fields/N64_case31_deeponet3d_r128_w16_podinit_native32_interpolate.npz: OK
out/fields/N64_case31_dst_exact.npz: OK
out/fields/N64_case31_fno3d_w24_m8.npz: OK
out/fields/N64_case31_fno3d_w24_m8_native32_interpolate.npz: OK
out/fields/N64_case31_fno3d_w24_m8_physical_padding17.npz: OK
out/fields/N64_case31_linear_bank_galerkin.npz: OK
out/fields/N64_case31_linear_bank_weak_qR.npz: OK
out/fields/N64_case31_nmrom_K16_q0_dense.npz: OK
out/fields/N64_case31_nmrom_K16_q32_dense.npz: OK
out/fields/N64_case31_nmrom_K16_q96_dense.npz: OK
out/fields/N64_case31_pod112_galerkin.npz: OK
out/fields/N64_case31_pod112_native32_interpolated_basis_galerkin.npz: OK
out/fields/N64_case31_pod128_galerkin.npz: OK
out/fields/N64_case31_pod128_native32_interpolated_basis_galerkin.npz: OK
out/fields/N64_case31_pod16_galerkin.npz: OK
out/fields/N64_case31_pod16_native32_interpolated_basis_galerkin.npz: OK
out/fields/N64_case31_pod48_galerkin.npz: OK
out/fields/N64_case31_pod48_native32_interpolated_basis_galerkin.npz: OK
out/fields/N64_case31_reference.npz: OK
out/fields/N64_case31_transolver3d_w48_s32.npz: OK
out/fields/N64_case31_transolver3d_w48_s32_native32_interpolate.npz: OK
out/fields/N64_case31_unet3d_w16.npz: OK
out/fields/N64_case31_unet3d_w16_native32_interpolate.npz: OK
out/fields/N64_case32_cg_identity_plain_rtol1e-02_rep0.npz: OK
out/fields/N64_case32_cg_identity_plain_rtol1e-02_rep1.npz: OK
out/fields/N64_case32_cg_identity_plain_rtol1e-02_rep2.npz: OK
out/fields/N64_case32_cg_identity_plain_rtol1e-04_rep0.npz: OK
out/fields/N64_case32_cg_identity_plain_rtol1e-04_rep1.npz: OK
out/fields/N64_case32_cg_identity_plain_rtol1e-04_rep2.npz: OK
out/fields/N64_case32_cg_identity_plain_rtol1e-06_rep0.npz: OK
out/fields/N64_case32_cg_identity_plain_rtol1e-06_rep1.npz: OK
out/fields/N64_case32_cg_identity_plain_rtol1e-06_rep2.npz: OK
out/fields/N64_case32_cg_identity_rtol1e-02_rep0.npz: OK
out/fields/N64_case32_cg_identity_rtol1e-02_rep1.npz: OK
out/fields/N64_case32_cg_identity_rtol1e-02_rep2.npz: OK
out/fields/N64_case32_cg_identity_rtol1e-04_rep0.npz: OK
out/fields/N64_case32_cg_identity_rtol1e-04_rep1.npz: OK
out/fields/N64_case32_cg_identity_rtol1e-04_rep2.npz: OK
out/fields/N64_case32_cg_identity_rtol1e-06_rep0.npz: OK
out/fields/N64_case32_cg_identity_rtol1e-06_rep1.npz: OK
out/fields/N64_case32_cg_identity_rtol1e-06_rep2.npz: OK
out/fields/N64_case32_deeponet3d_r128_w16_podinit.npz: OK
out/fields/N64_case32_deeponet3d_r128_w16_podinit_native32_continuous_trunk.npz: OK
out/fields/N64_case32_deeponet3d_r128_w16_podinit_native32_interpolate.npz: OK
out/fields/N64_case32_dst_exact.npz: OK
out/fields/N64_case32_fno3d_w24_m8.npz: OK
out/fields/N64_case32_fno3d_w24_m8_native32_interpolate.npz: OK
out/fields/N64_case32_fno3d_w24_m8_physical_padding17.npz: OK
out/fields/N64_case32_linear_bank_galerkin.npz: OK
out/fields/N64_case32_linear_bank_weak_qR.npz: OK
out/fields/N64_case32_nmrom_K16_q0_dense.npz: OK
out/fields/N64_case32_nmrom_K16_q32_dense.npz: OK
out/fields/N64_case32_nmrom_K16_q96_dense.npz: OK
out/fields/N64_case32_pod112_galerkin.npz: OK
out/fields/N64_case32_pod112_native32_interpolated_basis_galerkin.npz: OK
out/fields/N64_case32_pod128_galerkin.npz: OK
out/fields/N64_case32_pod128_native32_interpolated_basis_galerkin.npz: OK
out/fields/N64_case32_pod16_galerkin.npz: OK
out/fields/N64_case32_pod16_native32_interpolated_basis_galerkin.npz: OK
out/fields/N64_case32_pod48_galerkin.npz: OK
out/fields/N64_case32_pod48_native32_interpolated_basis_galerkin.npz: OK
out/fields/N64_case32_reference.npz: OK
out/fields/N64_case32_transolver3d_w48_s32.npz: OK
out/fields/N64_case32_transolver3d_w48_s32_native32_interpolate.npz: OK
out/fields/N64_case32_unet3d_w16.npz: OK
out/fields/N64_case32_unet3d_w16_native32_interpolate.npz: OK
out/fields/N64_case33_cg_identity_plain_rtol1e-02_rep0.npz: OK
out/fields/N64_case33_cg_identity_plain_rtol1e-02_rep1.npz: OK
out/fields/N64_case33_cg_identity_plain_rtol1e-02_rep2.npz: OK
out/fields/N64_case33_cg_identity_plain_rtol1e-04_rep0.npz: OK
out/fields/N64_case33_cg_identity_plain_rtol1e-04_rep1.npz: OK
out/fields/N64_case33_cg_identity_plain_rtol1e-04_rep2.npz: OK
out/fields/N64_case33_cg_identity_plain_rtol1e-06_rep0.npz: OK
out/fields/N64_case33_cg_identity_plain_rtol1e-06_rep1.npz: OK
out/fields/N64_case33_cg_identity_plain_rtol1e-06_rep2.npz: OK
out/fields/N64_case33_cg_identity_rtol1e-02_rep0.npz: OK
out/fields/N64_case33_cg_identity_rtol1e-02_rep1.npz: OK
out/fields/N64_case33_cg_identity_rtol1e-02_rep2.npz: OK
out/fields/N64_case33_cg_identity_rtol1e-04_rep0.npz: OK
out/fields/N64_case33_cg_identity_rtol1e-04_rep1.npz: OK
out/fields/N64_case33_cg_identity_rtol1e-04_rep2.npz: OK
out/fields/N64_case33_cg_identity_rtol1e-06_rep0.npz: OK
out/fields/N64_case33_cg_identity_rtol1e-06_rep1.npz: OK
out/fields/N64_case33_cg_identity_rtol1e-06_rep2.npz: OK
out/fields/N64_case33_deeponet3d_r128_w16_podinit.npz: OK
out/fields/N64_case33_deeponet3d_r128_w16_podinit_native32_continuous_trunk.npz: OK
out/fields/N64_case33_deeponet3d_r128_w16_podinit_native32_interpolate.npz: OK
out/fields/N64_case33_dst_exact.npz: OK
out/fields/N64_case33_fno3d_w24_m8.npz: OK
out/fields/N64_case33_fno3d_w24_m8_native32_interpolate.npz: OK
out/fields/N64_case33_fno3d_w24_m8_physical_padding17.npz: OK
out/fields/N64_case33_linear_bank_galerkin.npz: OK
out/fields/N64_case33_linear_bank_weak_qR.npz: OK
out/fields/N64_case33_nmrom_K16_q0_dense.npz: OK
out/fields/N64_case33_nmrom_K16_q32_dense.npz: OK
out/fields/N64_case33_nmrom_K16_q96_dense.npz: OK
out/fields/N64_case33_pod112_galerkin.npz: OK
out/fields/N64_case33_pod112_native32_interpolated_basis_galerkin.npz: OK
out/fields/N64_case33_pod128_galerkin.npz: OK
out/fields/N64_case33_pod128_native32_interpolated_basis_galerkin.npz: OK
out/fields/N64_case33_pod16_galerkin.npz: OK
out/fields/N64_case33_pod16_native32_interpolated_basis_galerkin.npz: OK
out/fields/N64_case33_pod48_galerkin.npz: OK
out/fields/N64_case33_pod48_native32_interpolated_basis_galerkin.npz: OK
out/fields/N64_case33_reference.npz: OK
out/fields/N64_case33_transolver3d_w48_s32.npz: OK
out/fields/N64_case33_transolver3d_w48_s32_native32_interpolate.npz: OK
out/fields/N64_case33_unet3d_w16.npz: OK
out/fields/N64_case33_unet3d_w16_native32_interpolate.npz: OK
out/fields/N64_case34_cg_identity_plain_rtol1e-02_rep0.npz: OK
out/fields/N64_case34_cg_identity_plain_rtol1e-02_rep1.npz: OK
out/fields/N64_case34_cg_identity_plain_rtol1e-02_rep2.npz: OK
out/fields/N64_case34_cg_identity_plain_rtol1e-04_rep0.npz: OK
out/fields/N64_case34_cg_identity_plain_rtol1e-04_rep1.npz: OK
out/fields/N64_case34_cg_identity_plain_rtol1e-04_rep2.npz: OK
out/fields/N64_case34_cg_identity_plain_rtol1e-06_rep0.npz: OK
out/fields/N64_case34_cg_identity_plain_rtol1e-06_rep1.npz: OK
out/fields/N64_case34_cg_identity_plain_rtol1e-06_rep2.npz: OK
out/fields/N64_case34_cg_identity_rtol1e-02_rep0.npz: OK
out/fields/N64_case34_cg_identity_rtol1e-02_rep1.npz: OK
out/fields/N64_case34_cg_identity_rtol1e-02_rep2.npz: OK
out/fields/N64_case34_cg_identity_rtol1e-04_rep0.npz: OK
out/fields/N64_case34_cg_identity_rtol1e-04_rep1.npz: OK
out/fields/N64_case34_cg_identity_rtol1e-04_rep2.npz: OK
out/fields/N64_case34_cg_identity_rtol1e-06_rep0.npz: OK
out/fields/N64_case34_cg_identity_rtol1e-06_rep1.npz: OK
out/fields/N64_case34_cg_identity_rtol1e-06_rep2.npz: OK
out/fields/N64_case34_deeponet3d_r128_w16_podinit.npz: OK
out/fields/N64_case34_deeponet3d_r128_w16_podinit_native32_continuous_trunk.npz: OK
out/fields/N64_case34_deeponet3d_r128_w16_podinit_native32_interpolate.npz: OK
out/fields/N64_case34_dst_exact.npz: OK
out/fields/N64_case34_fno3d_w24_m8.npz: OK
out/fields/N64_case34_fno3d_w24_m8_native32_interpolate.npz: OK
out/fields/N64_case34_fno3d_w24_m8_physical_padding17.npz: OK
out/fields/N64_case34_linear_bank_galerkin.npz: OK
out/fields/N64_case34_linear_bank_weak_qR.npz: OK
out/fields/N64_case34_nmrom_K16_q0_dense.npz: OK
out/fields/N64_case34_nmrom_K16_q32_dense.npz: OK
out/fields/N64_case34_nmrom_K16_q96_dense.npz: OK
out/fields/N64_case34_pod112_galerkin.npz: OK
out/fields/N64_case34_pod112_native32_interpolated_basis_galerkin.npz: OK
out/fields/N64_case34_pod128_galerkin.npz: OK
out/fields/N64_case34_pod128_native32_interpolated_basis_galerkin.npz: OK
out/fields/N64_case34_pod16_galerkin.npz: OK
out/fields/N64_case34_pod16_native32_interpolated_basis_galerkin.npz: OK
out/fields/N64_case34_pod48_galerkin.npz: OK
out/fields/N64_case34_pod48_native32_interpolated_basis_galerkin.npz: OK
out/fields/N64_case34_reference.npz: OK
out/fields/N64_case34_transolver3d_w48_s32.npz: OK
out/fields/N64_case34_transolver3d_w48_s32_native32_interpolate.npz: OK
out/fields/N64_case34_unet3d_w16.npz: OK
out/fields/N64_case34_unet3d_w16_native32_interpolate.npz: OK
out/fields/N64_case35_cg_identity_plain_rtol1e-02_rep0.npz: OK
out/fields/N64_case35_cg_identity_plain_rtol1e-02_rep1.npz: OK
out/fields/N64_case35_cg_identity_plain_rtol1e-02_rep2.npz: OK
out/fields/N64_case35_cg_identity_plain_rtol1e-04_rep0.npz: OK
out/fields/N64_case35_cg_identity_plain_rtol1e-04_rep1.npz: OK
out/fields/N64_case35_cg_identity_plain_rtol1e-04_rep2.npz: OK
out/fields/N64_case35_cg_identity_plain_rtol1e-06_rep0.npz: OK
out/fields/N64_case35_cg_identity_plain_rtol1e-06_rep1.npz: OK
out/fields/N64_case35_cg_identity_plain_rtol1e-06_rep2.npz: OK
out/fields/N64_case35_cg_identity_rtol1e-02_rep0.npz: OK
out/fields/N64_case35_cg_identity_rtol1e-02_rep1.npz: OK
out/fields/N64_case35_cg_identity_rtol1e-02_rep2.npz: OK
out/fields/N64_case35_cg_identity_rtol1e-04_rep0.npz: OK
out/fields/N64_case35_cg_identity_rtol1e-04_rep1.npz: OK
out/fields/N64_case35_cg_identity_rtol1e-04_rep2.npz: OK
out/fields/N64_case35_cg_identity_rtol1e-06_rep0.npz: OK
out/fields/N64_case35_cg_identity_rtol1e-06_rep1.npz: OK
out/fields/N64_case35_cg_identity_rtol1e-06_rep2.npz: OK
out/fields/N64_case35_deeponet3d_r128_w16_podinit.npz: OK
out/fields/N64_case35_deeponet3d_r128_w16_podinit_native32_continuous_trunk.npz: OK
out/fields/N64_case35_deeponet3d_r128_w16_podinit_native32_interpolate.npz: OK
out/fields/N64_case35_dst_exact.npz: OK
out/fields/N64_case35_fno3d_w24_m8.npz: OK
out/fields/N64_case35_fno3d_w24_m8_native32_interpolate.npz: OK
out/fields/N64_case35_fno3d_w24_m8_physical_padding17.npz: OK
out/fields/N64_case35_linear_bank_galerkin.npz: OK
out/fields/N64_case35_linear_bank_weak_qR.npz: OK
out/fields/N64_case35_nmrom_K16_q0_dense.npz: OK
out/fields/N64_case35_nmrom_K16_q32_dense.npz: OK
out/fields/N64_case35_nmrom_K16_q96_dense.npz: OK
out/fields/N64_case35_pod112_galerkin.npz: OK
out/fields/N64_case35_pod112_native32_interpolated_basis_galerkin.npz: OK
out/fields/N64_case35_pod128_galerkin.npz: OK
out/fields/N64_case35_pod128_native32_interpolated_basis_galerkin.npz: OK
out/fields/N64_case35_pod16_galerkin.npz: OK
out/fields/N64_case35_pod16_native32_interpolated_basis_galerkin.npz: OK
out/fields/N64_case35_pod48_galerkin.npz: OK
out/fields/N64_case35_pod48_native32_interpolated_basis_galerkin.npz: OK
out/fields/N64_case35_reference.npz: OK
out/fields/N64_case35_transolver3d_w48_s32.npz: OK
out/fields/N64_case35_transolver3d_w48_s32_native32_interpolate.npz: OK
out/fields/N64_case35_unet3d_w16.npz: OK
out/fields/N64_case35_unet3d_w16_native32_interpolate.npz: OK
out/fields/N64_case36_cg_identity_plain_rtol1e-02_rep0.npz: OK
out/fields/N64_case36_cg_identity_plain_rtol1e-02_rep1.npz: OK
out/fields/N64_case36_cg_identity_plain_rtol1e-02_rep2.npz: OK
out/fields/N64_case36_cg_identity_plain_rtol1e-04_rep0.npz: OK
out/fields/N64_case36_cg_identity_plain_rtol1e-04_rep1.npz: OK
out/fields/N64_case36_cg_identity_plain_rtol1e-04_rep2.npz: OK
out/fields/N64_case36_cg_identity_plain_rtol1e-06_rep0.npz: OK
out/fields/N64_case36_cg_identity_plain_rtol1e-06_rep1.npz: OK
out/fields/N64_case36_cg_identity_plain_rtol1e-06_rep2.npz: OK
out/fields/N64_case36_cg_identity_rtol1e-02_rep0.npz: OK
out/fields/N64_case36_cg_identity_rtol1e-02_rep1.npz: OK
out/fields/N64_case36_cg_identity_rtol1e-02_rep2.npz: OK
out/fields/N64_case36_cg_identity_rtol1e-04_rep0.npz: OK
out/fields/N64_case36_cg_identity_rtol1e-04_rep1.npz: OK
out/fields/N64_case36_cg_identity_rtol1e-04_rep2.npz: OK
out/fields/N64_case36_cg_identity_rtol1e-06_rep0.npz: OK
out/fields/N64_case36_cg_identity_rtol1e-06_rep1.npz: OK
out/fields/N64_case36_cg_identity_rtol1e-06_rep2.npz: OK
out/fields/N64_case36_deeponet3d_r128_w16_podinit.npz: OK
out/fields/N64_case36_deeponet3d_r128_w16_podinit_native32_continuous_trunk.npz: OK
out/fields/N64_case36_deeponet3d_r128_w16_podinit_native32_interpolate.npz: OK
out/fields/N64_case36_dst_exact.npz: OK
out/fields/N64_case36_fno3d_w24_m8.npz: OK
out/fields/N64_case36_fno3d_w24_m8_native32_interpolate.npz: OK
out/fields/N64_case36_fno3d_w24_m8_physical_padding17.npz: OK
out/fields/N64_case36_linear_bank_galerkin.npz: OK
out/fields/N64_case36_linear_bank_weak_qR.npz: OK
out/fields/N64_case36_nmrom_K16_q0_dense.npz: OK
out/fields/N64_case36_nmrom_K16_q32_dense.npz: OK
out/fields/N64_case36_nmrom_K16_q96_dense.npz: OK
out/fields/N64_case36_pod112_galerkin.npz: OK
out/fields/N64_case36_pod112_native32_interpolated_basis_galerkin.npz: OK
out/fields/N64_case36_pod128_galerkin.npz: OK
out/fields/N64_case36_pod128_native32_interpolated_basis_galerkin.npz: OK
out/fields/N64_case36_pod16_galerkin.npz: OK
out/fields/N64_case36_pod16_native32_interpolated_basis_galerkin.npz: OK
out/fields/N64_case36_pod48_galerkin.npz: OK
out/fields/N64_case36_pod48_native32_interpolated_basis_galerkin.npz: OK
out/fields/N64_case36_reference.npz: OK
out/fields/N64_case36_transolver3d_w48_s32.npz: OK
out/fields/N64_case36_transolver3d_w48_s32_native32_interpolate.npz: OK
out/fields/N64_case36_unet3d_w16.npz: OK
out/fields/N64_case36_unet3d_w16_native32_interpolate.npz: OK
out/fields/N64_case37_cg_identity_plain_rtol1e-02_rep0.npz: OK
out/fields/N64_case37_cg_identity_plain_rtol1e-02_rep1.npz: OK
out/fields/N64_case37_cg_identity_plain_rtol1e-02_rep2.npz: OK
out/fields/N64_case37_cg_identity_plain_rtol1e-04_rep0.npz: OK
out/fields/N64_case37_cg_identity_plain_rtol1e-04_rep1.npz: OK
out/fields/N64_case37_cg_identity_plain_rtol1e-04_rep2.npz: OK
out/fields/N64_case37_cg_identity_plain_rtol1e-06_rep0.npz: OK
out/fields/N64_case37_cg_identity_plain_rtol1e-06_rep1.npz: OK
out/fields/N64_case37_cg_identity_plain_rtol1e-06_rep2.npz: OK
out/fields/N64_case37_cg_identity_rtol1e-02_rep0.npz: OK
out/fields/N64_case37_cg_identity_rtol1e-02_rep1.npz: OK
out/fields/N64_case37_cg_identity_rtol1e-02_rep2.npz: OK
out/fields/N64_case37_cg_identity_rtol1e-04_rep0.npz: OK
out/fields/N64_case37_cg_identity_rtol1e-04_rep1.npz: OK
out/fields/N64_case37_cg_identity_rtol1e-04_rep2.npz: OK
out/fields/N64_case37_cg_identity_rtol1e-06_rep0.npz: OK
out/fields/N64_case37_cg_identity_rtol1e-06_rep1.npz: OK
out/fields/N64_case37_cg_identity_rtol1e-06_rep2.npz: OK
out/fields/N64_case37_deeponet3d_r128_w16_podinit.npz: OK
out/fields/N64_case37_deeponet3d_r128_w16_podinit_native32_continuous_trunk.npz: OK
out/fields/N64_case37_deeponet3d_r128_w16_podinit_native32_interpolate.npz: OK
out/fields/N64_case37_dst_exact.npz: OK
out/fields/N64_case37_fno3d_w24_m8.npz: OK
out/fields/N64_case37_fno3d_w24_m8_native32_interpolate.npz: OK
out/fields/N64_case37_fno3d_w24_m8_physical_padding17.npz: OK
out/fields/N64_case37_linear_bank_galerkin.npz: OK
out/fields/N64_case37_linear_bank_weak_qR.npz: OK
out/fields/N64_case37_nmrom_K16_q0_dense.npz: OK
out/fields/N64_case37_nmrom_K16_q32_dense.npz: OK
out/fields/N64_case37_nmrom_K16_q96_dense.npz: OK
out/fields/N64_case37_pod112_galerkin.npz: OK
out/fields/N64_case37_pod112_native32_interpolated_basis_galerkin.npz: OK
out/fields/N64_case37_pod128_galerkin.npz: OK
out/fields/N64_case37_pod128_native32_interpolated_basis_galerkin.npz: OK
out/fields/N64_case37_pod16_galerkin.npz: OK
out/fields/N64_case37_pod16_native32_interpolated_basis_galerkin.npz: OK
out/fields/N64_case37_pod48_galerkin.npz: OK
out/fields/N64_case37_pod48_native32_interpolated_basis_galerkin.npz: OK
out/fields/N64_case37_reference.npz: OK
out/fields/N64_case37_transolver3d_w48_s32.npz: OK
out/fields/N64_case37_transolver3d_w48_s32_native32_interpolate.npz: OK
out/fields/N64_case37_unet3d_w16.npz: OK
out/fields/N64_case37_unet3d_w16_native32_interpolate.npz: OK
out/fields/N64_case38_cg_identity_plain_rtol1e-02_rep0.npz: OK
out/fields/N64_case38_cg_identity_plain_rtol1e-02_rep1.npz: OK
out/fields/N64_case38_cg_identity_plain_rtol1e-02_rep2.npz: OK
out/fields/N64_case38_cg_identity_plain_rtol1e-04_rep0.npz: OK
out/fields/N64_case38_cg_identity_plain_rtol1e-04_rep1.npz: OK
out/fields/N64_case38_cg_identity_plain_rtol1e-04_rep2.npz: OK
out/fields/N64_case38_cg_identity_plain_rtol1e-06_rep0.npz: OK
out/fields/N64_case38_cg_identity_plain_rtol1e-06_rep1.npz: OK
out/fields/N64_case38_cg_identity_plain_rtol1e-06_rep2.npz: OK
out/fields/N64_case38_cg_identity_rtol1e-02_rep0.npz: OK
out/fields/N64_case38_cg_identity_rtol1e-02_rep1.npz: OK
out/fields/N64_case38_cg_identity_rtol1e-02_rep2.npz: OK
out/fields/N64_case38_cg_identity_rtol1e-04_rep0.npz: OK
out/fields/N64_case38_cg_identity_rtol1e-04_rep1.npz: OK
out/fields/N64_case38_cg_identity_rtol1e-04_rep2.npz: OK
out/fields/N64_case38_cg_identity_rtol1e-06_rep0.npz: OK
out/fields/N64_case38_cg_identity_rtol1e-06_rep1.npz: OK
out/fields/N64_case38_cg_identity_rtol1e-06_rep2.npz: OK
out/fields/N64_case38_deeponet3d_r128_w16_podinit.npz: OK
out/fields/N64_case38_deeponet3d_r128_w16_podinit_native32_continuous_trunk.npz: OK
out/fields/N64_case38_deeponet3d_r128_w16_podinit_native32_interpolate.npz: OK
out/fields/N64_case38_dst_exact.npz: OK
out/fields/N64_case38_fno3d_w24_m8.npz: OK
out/fields/N64_case38_fno3d_w24_m8_native32_interpolate.npz: OK
out/fields/N64_case38_fno3d_w24_m8_physical_padding17.npz: OK
out/fields/N64_case38_linear_bank_galerkin.npz: OK
out/fields/N64_case38_linear_bank_weak_qR.npz: OK
out/fields/N64_case38_nmrom_K16_q0_dense.npz: OK
out/fields/N64_case38_nmrom_K16_q32_dense.npz: OK
out/fields/N64_case38_nmrom_K16_q96_dense.npz: OK
out/fields/N64_case38_pod112_galerkin.npz: OK
out/fields/N64_case38_pod112_native32_interpolated_basis_galerkin.npz: OK
out/fields/N64_case38_pod128_galerkin.npz: OK
out/fields/N64_case38_pod128_native32_interpolated_basis_galerkin.npz: OK
out/fields/N64_case38_pod16_galerkin.npz: OK
out/fields/N64_case38_pod16_native32_interpolated_basis_galerkin.npz: OK
out/fields/N64_case38_pod48_galerkin.npz: OK
out/fields/N64_case38_pod48_native32_interpolated_basis_galerkin.npz: OK
out/fields/N64_case38_reference.npz: OK
out/fields/N64_case38_transolver3d_w48_s32.npz: OK
out/fields/N64_case38_transolver3d_w48_s32_native32_interpolate.npz: OK
out/fields/N64_case38_unet3d_w16.npz: OK
out/fields/N64_case38_unet3d_w16_native32_interpolate.npz: OK
out/fields/N64_case39_cg_identity_plain_rtol1e-02_rep0.npz: OK
out/fields/N64_case39_cg_identity_plain_rtol1e-02_rep1.npz: OK
out/fields/N64_case39_cg_identity_plain_rtol1e-02_rep2.npz: OK
out/fields/N64_case39_cg_identity_plain_rtol1e-04_rep0.npz: OK
out/fields/N64_case39_cg_identity_plain_rtol1e-04_rep1.npz: OK
out/fields/N64_case39_cg_identity_plain_rtol1e-04_rep2.npz: OK
out/fields/N64_case39_cg_identity_plain_rtol1e-06_rep0.npz: OK
out/fields/N64_case39_cg_identity_plain_rtol1e-06_rep1.npz: OK
out/fields/N64_case39_cg_identity_plain_rtol1e-06_rep2.npz: OK
out/fields/N64_case39_cg_identity_rtol1e-02_rep0.npz: OK
out/fields/N64_case39_cg_identity_rtol1e-02_rep1.npz: OK
out/fields/N64_case39_cg_identity_rtol1e-02_rep2.npz: OK
out/fields/N64_case39_cg_identity_rtol1e-04_rep0.npz: OK
out/fields/N64_case39_cg_identity_rtol1e-04_rep1.npz: OK
out/fields/N64_case39_cg_identity_rtol1e-04_rep2.npz: OK
out/fields/N64_case39_cg_identity_rtol1e-06_rep0.npz: OK
out/fields/N64_case39_cg_identity_rtol1e-06_rep1.npz: OK
out/fields/N64_case39_cg_identity_rtol1e-06_rep2.npz: OK
out/fields/N64_case39_deeponet3d_r128_w16_podinit.npz: OK
out/fields/N64_case39_deeponet3d_r128_w16_podinit_native32_continuous_trunk.npz: OK
out/fields/N64_case39_deeponet3d_r128_w16_podinit_native32_interpolate.npz: OK
out/fields/N64_case39_dst_exact.npz: OK
out/fields/N64_case39_fno3d_w24_m8.npz: OK
out/fields/N64_case39_fno3d_w24_m8_native32_interpolate.npz: OK
out/fields/N64_case39_fno3d_w24_m8_physical_padding17.npz: OK
out/fields/N64_case39_linear_bank_galerkin.npz: OK
out/fields/N64_case39_linear_bank_weak_qR.npz: OK
out/fields/N64_case39_nmrom_K16_q0_dense.npz: OK
out/fields/N64_case39_nmrom_K16_q32_dense.npz: OK
out/fields/N64_case39_nmrom_K16_q96_dense.npz: OK
out/fields/N64_case39_pod112_galerkin.npz: OK
out/fields/N64_case39_pod112_native32_interpolated_basis_galerkin.npz: OK
out/fields/N64_case39_pod128_galerkin.npz: OK
out/fields/N64_case39_pod128_native32_interpolated_basis_galerkin.npz: OK
out/fields/N64_case39_pod16_galerkin.npz: OK
out/fields/N64_case39_pod16_native32_interpolated_basis_galerkin.npz: OK
out/fields/N64_case39_pod48_galerkin.npz: OK
out/fields/N64_case39_pod48_native32_interpolated_basis_galerkin.npz: OK
out/fields/N64_case39_reference.npz: OK
out/fields/N64_case39_transolver3d_w48_s32.npz: OK
out/fields/N64_case39_transolver3d_w48_s32_native32_interpolate.npz: OK
out/fields/N64_case39_unet3d_w16.npz: OK
out/fields/N64_case39_unet3d_w16_native32_interpolate.npz: OK
out/fields/N64_case3_cg_identity_plain_rtol1e-02_rep0.npz: OK
out/fields/N64_case3_cg_identity_plain_rtol1e-02_rep1.npz: OK
out/fields/N64_case3_cg_identity_plain_rtol1e-02_rep2.npz: OK
out/fields/N64_case3_cg_identity_plain_rtol1e-04_rep0.npz: OK
out/fields/N64_case3_cg_identity_plain_rtol1e-04_rep1.npz: OK
out/fields/N64_case3_cg_identity_plain_rtol1e-04_rep2.npz: OK
out/fields/N64_case3_cg_identity_plain_rtol1e-06_rep0.npz: OK
out/fields/N64_case3_cg_identity_plain_rtol1e-06_rep1.npz: OK
out/fields/N64_case3_cg_identity_plain_rtol1e-06_rep2.npz: OK
out/fields/N64_case3_cg_identity_rtol1e-02_rep0.npz: OK
out/fields/N64_case3_cg_identity_rtol1e-02_rep1.npz: OK
out/fields/N64_case3_cg_identity_rtol1e-02_rep2.npz: OK
out/fields/N64_case3_cg_identity_rtol1e-04_rep0.npz: OK
out/fields/N64_case3_cg_identity_rtol1e-04_rep1.npz: OK
out/fields/N64_case3_cg_identity_rtol1e-04_rep2.npz: OK
out/fields/N64_case3_cg_identity_rtol1e-06_rep0.npz: OK
out/fields/N64_case3_cg_identity_rtol1e-06_rep1.npz: OK
out/fields/N64_case3_cg_identity_rtol1e-06_rep2.npz: OK
out/fields/N64_case3_deeponet3d_r128_w16_podinit.npz: OK
out/fields/N64_case3_deeponet3d_r128_w16_podinit_native32_continuous_trunk.npz: OK
out/fields/N64_case3_deeponet3d_r128_w16_podinit_native32_interpolate.npz: OK
out/fields/N64_case3_dst_exact.npz: OK
out/fields/N64_case3_fno3d_w24_m8.npz: OK
out/fields/N64_case3_fno3d_w24_m8_native32_interpolate.npz: OK
out/fields/N64_case3_fno3d_w24_m8_physical_padding17.npz: OK
out/fields/N64_case3_linear_bank_galerkin.npz: OK
out/fields/N64_case3_linear_bank_weak_qR.npz: OK
out/fields/N64_case3_nmrom_K16_q0_dense.npz: OK
out/fields/N64_case3_nmrom_K16_q32_dense.npz: OK
out/fields/N64_case3_nmrom_K16_q96_dense.npz: OK
out/fields/N64_case3_pod112_galerkin.npz: OK
out/fields/N64_case3_pod112_native32_interpolated_basis_galerkin.npz: OK
out/fields/N64_case3_pod128_galerkin.npz: OK
out/fields/N64_case3_pod128_native32_interpolated_basis_galerkin.npz: OK
out/fields/N64_case3_pod16_galerkin.npz: OK
out/fields/N64_case3_pod16_native32_interpolated_basis_galerkin.npz: OK
out/fields/N64_case3_pod48_galerkin.npz: OK
out/fields/N64_case3_pod48_native32_interpolated_basis_galerkin.npz: OK
out/fields/N64_case3_reference.npz: OK
out/fields/N64_case3_transolver3d_w48_s32.npz: OK
out/fields/N64_case3_transolver3d_w48_s32_native32_interpolate.npz: OK
out/fields/N64_case3_unet3d_w16.npz: OK
out/fields/N64_case3_unet3d_w16_native32_interpolate.npz: OK
out/fields/N64_case40_cg_identity_plain_rtol1e-02_rep0.npz: OK
out/fields/N64_case40_cg_identity_plain_rtol1e-02_rep1.npz: OK
out/fields/N64_case40_cg_identity_plain_rtol1e-02_rep2.npz: OK
out/fields/N64_case40_cg_identity_plain_rtol1e-04_rep0.npz: OK
out/fields/N64_case40_cg_identity_plain_rtol1e-04_rep1.npz: OK
out/fields/N64_case40_cg_identity_plain_rtol1e-04_rep2.npz: OK
out/fields/N64_case40_cg_identity_plain_rtol1e-06_rep0.npz: OK
out/fields/N64_case40_cg_identity_plain_rtol1e-06_rep1.npz: OK
out/fields/N64_case40_cg_identity_plain_rtol1e-06_rep2.npz: OK
out/fields/N64_case40_cg_identity_rtol1e-02_rep0.npz: OK
out/fields/N64_case40_cg_identity_rtol1e-02_rep1.npz: OK
out/fields/N64_case40_cg_identity_rtol1e-02_rep2.npz: OK
out/fields/N64_case40_cg_identity_rtol1e-04_rep0.npz: OK
out/fields/N64_case40_cg_identity_rtol1e-04_rep1.npz: OK
out/fields/N64_case40_cg_identity_rtol1e-04_rep2.npz: OK
out/fields/N64_case40_cg_identity_rtol1e-06_rep0.npz: OK
out/fields/N64_case40_cg_identity_rtol1e-06_rep1.npz: OK
out/fields/N64_case40_cg_identity_rtol1e-06_rep2.npz: OK
out/fields/N64_case40_deeponet3d_r128_w16_podinit.npz: OK
out/fields/N64_case40_deeponet3d_r128_w16_podinit_native32_continuous_trunk.npz: OK
out/fields/N64_case40_deeponet3d_r128_w16_podinit_native32_interpolate.npz: OK
out/fields/N64_case40_dst_exact.npz: OK
out/fields/N64_case40_fno3d_w24_m8.npz: OK
out/fields/N64_case40_fno3d_w24_m8_native32_interpolate.npz: OK
out/fields/N64_case40_fno3d_w24_m8_physical_padding17.npz: OK
out/fields/N64_case40_linear_bank_galerkin.npz: OK
out/fields/N64_case40_linear_bank_weak_qR.npz: OK
out/fields/N64_case40_nmrom_K16_q0_dense.npz: OK
out/fields/N64_case40_nmrom_K16_q32_dense.npz: OK
out/fields/N64_case40_nmrom_K16_q96_dense.npz: OK
out/fields/N64_case40_pod112_galerkin.npz: OK
out/fields/N64_case40_pod112_native32_interpolated_basis_galerkin.npz: OK
out/fields/N64_case40_pod128_galerkin.npz: OK
out/fields/N64_case40_pod128_native32_interpolated_basis_galerkin.npz: OK
out/fields/N64_case40_pod16_galerkin.npz: OK
out/fields/N64_case40_pod16_native32_interpolated_basis_galerkin.npz: OK
out/fields/N64_case40_pod48_galerkin.npz: OK
out/fields/N64_case40_pod48_native32_interpolated_basis_galerkin.npz: OK
out/fields/N64_case40_reference.npz: OK
out/fields/N64_case40_transolver3d_w48_s32.npz: OK
out/fields/N64_case40_transolver3d_w48_s32_native32_interpolate.npz: OK
out/fields/N64_case40_unet3d_w16.npz: OK
out/fields/N64_case40_unet3d_w16_native32_interpolate.npz: OK
out/fields/N64_case41_cg_identity_plain_rtol1e-02_rep0.npz: OK
out/fields/N64_case41_cg_identity_plain_rtol1e-02_rep1.npz: OK
out/fields/N64_case41_cg_identity_plain_rtol1e-02_rep2.npz: OK
out/fields/N64_case41_cg_identity_plain_rtol1e-04_rep0.npz: OK
out/fields/N64_case41_cg_identity_plain_rtol1e-04_rep1.npz: OK
out/fields/N64_case41_cg_identity_plain_rtol1e-04_rep2.npz: OK
out/fields/N64_case41_cg_identity_plain_rtol1e-06_rep0.npz: OK
out/fields/N64_case41_cg_identity_plain_rtol1e-06_rep1.npz: OK
out/fields/N64_case41_cg_identity_plain_rtol1e-06_rep2.npz: OK
out/fields/N64_case41_cg_identity_rtol1e-02_rep0.npz: OK
out/fields/N64_case41_cg_identity_rtol1e-02_rep1.npz: OK
out/fields/N64_case41_cg_identity_rtol1e-02_rep2.npz: OK
out/fields/N64_case41_cg_identity_rtol1e-04_rep0.npz: OK
out/fields/N64_case41_cg_identity_rtol1e-04_rep1.npz: OK
out/fields/N64_case41_cg_identity_rtol1e-04_rep2.npz: OK
out/fields/N64_case41_cg_identity_rtol1e-06_rep0.npz: OK
out/fields/N64_case41_cg_identity_rtol1e-06_rep1.npz: OK
out/fields/N64_case41_cg_identity_rtol1e-06_rep2.npz: OK
out/fields/N64_case41_deeponet3d_r128_w16_podinit.npz: OK
out/fields/N64_case41_deeponet3d_r128_w16_podinit_native32_continuous_trunk.npz: OK
out/fields/N64_case41_deeponet3d_r128_w16_podinit_native32_interpolate.npz: OK
out/fields/N64_case41_dst_exact.npz: OK
out/fields/N64_case41_fno3d_w24_m8.npz: OK
out/fields/N64_case41_fno3d_w24_m8_native32_interpolate.npz: OK
out/fields/N64_case41_fno3d_w24_m8_physical_padding17.npz: OK
out/fields/N64_case41_linear_bank_galerkin.npz: OK
out/fields/N64_case41_linear_bank_weak_qR.npz: OK
out/fields/N64_case41_nmrom_K16_q0_dense.npz: OK
out/fields/N64_case41_nmrom_K16_q32_dense.npz: OK
out/fields/N64_case41_nmrom_K16_q96_dense.npz: OK
out/fields/N64_case41_pod112_galerkin.npz: OK
out/fields/N64_case41_pod112_native32_interpolated_basis_galerkin.npz: OK
out/fields/N64_case41_pod128_galerkin.npz: OK
out/fields/N64_case41_pod128_native32_interpolated_basis_galerkin.npz: OK
out/fields/N64_case41_pod16_galerkin.npz: OK
out/fields/N64_case41_pod16_native32_interpolated_basis_galerkin.npz: OK
out/fields/N64_case41_pod48_galerkin.npz: OK
out/fields/N64_case41_pod48_native32_interpolated_basis_galerkin.npz: OK
out/fields/N64_case41_reference.npz: OK
out/fields/N64_case41_transolver3d_w48_s32.npz: OK
out/fields/N64_case41_transolver3d_w48_s32_native32_interpolate.npz: OK
out/fields/N64_case41_unet3d_w16.npz: OK
out/fields/N64_case41_unet3d_w16_native32_interpolate.npz: OK
out/fields/N64_case42_cg_identity_plain_rtol1e-02_rep0.npz: OK
out/fields/N64_case42_cg_identity_plain_rtol1e-02_rep1.npz: OK
out/fields/N64_case42_cg_identity_plain_rtol1e-02_rep2.npz: OK
out/fields/N64_case42_cg_identity_plain_rtol1e-04_rep0.npz: OK
out/fields/N64_case42_cg_identity_plain_rtol1e-04_rep1.npz: OK
out/fields/N64_case42_cg_identity_plain_rtol1e-04_rep2.npz: OK
out/fields/N64_case42_cg_identity_plain_rtol1e-06_rep0.npz: OK
out/fields/N64_case42_cg_identity_plain_rtol1e-06_rep1.npz: OK
out/fields/N64_case42_cg_identity_plain_rtol1e-06_rep2.npz: OK
out/fields/N64_case42_cg_identity_rtol1e-02_rep0.npz: OK
out/fields/N64_case42_cg_identity_rtol1e-02_rep1.npz: OK
out/fields/N64_case42_cg_identity_rtol1e-02_rep2.npz: OK
out/fields/N64_case42_cg_identity_rtol1e-04_rep0.npz: OK
out/fields/N64_case42_cg_identity_rtol1e-04_rep1.npz: OK
out/fields/N64_case42_cg_identity_rtol1e-04_rep2.npz: OK
out/fields/N64_case42_cg_identity_rtol1e-06_rep0.npz: OK
out/fields/N64_case42_cg_identity_rtol1e-06_rep1.npz: OK
out/fields/N64_case42_cg_identity_rtol1e-06_rep2.npz: OK
out/fields/N64_case42_deeponet3d_r128_w16_podinit.npz: OK
out/fields/N64_case42_deeponet3d_r128_w16_podinit_native32_continuous_trunk.npz: OK
out/fields/N64_case42_deeponet3d_r128_w16_podinit_native32_interpolate.npz: OK
out/fields/N64_case42_dst_exact.npz: OK
out/fields/N64_case42_fno3d_w24_m8.npz: OK
out/fields/N64_case42_fno3d_w24_m8_native32_interpolate.npz: OK
out/fields/N64_case42_fno3d_w24_m8_physical_padding17.npz: OK
out/fields/N64_case42_linear_bank_galerkin.npz: OK
out/fields/N64_case42_linear_bank_weak_qR.npz: OK
out/fields/N64_case42_nmrom_K16_q0_dense.npz: OK
out/fields/N64_case42_nmrom_K16_q32_dense.npz: OK
out/fields/N64_case42_nmrom_K16_q96_dense.npz: OK
out/fields/N64_case42_pod112_galerkin.npz: OK
out/fields/N64_case42_pod112_native32_interpolated_basis_galerkin.npz: OK
out/fields/N64_case42_pod128_galerkin.npz: OK
out/fields/N64_case42_pod128_native32_interpolated_basis_galerkin.npz: OK
out/fields/N64_case42_pod16_galerkin.npz: OK
out/fields/N64_case42_pod16_native32_interpolated_basis_galerkin.npz: OK
out/fields/N64_case42_pod48_galerkin.npz: OK
out/fields/N64_case42_pod48_native32_interpolated_basis_galerkin.npz: OK
out/fields/N64_case42_reference.npz: OK
out/fields/N64_case42_transolver3d_w48_s32.npz: OK
out/fields/N64_case42_transolver3d_w48_s32_native32_interpolate.npz: OK
out/fields/N64_case42_unet3d_w16.npz: OK
out/fields/N64_case42_unet3d_w16_native32_interpolate.npz: OK
out/fields/N64_case43_cg_identity_plain_rtol1e-02_rep0.npz: OK
out/fields/N64_case43_cg_identity_plain_rtol1e-02_rep1.npz: OK
out/fields/N64_case43_cg_identity_plain_rtol1e-02_rep2.npz: OK
out/fields/N64_case43_cg_identity_plain_rtol1e-04_rep0.npz: OK
out/fields/N64_case43_cg_identity_plain_rtol1e-04_rep1.npz: OK
out/fields/N64_case43_cg_identity_plain_rtol1e-04_rep2.npz: OK
out/fields/N64_case43_cg_identity_plain_rtol1e-06_rep0.npz: OK
out/fields/N64_case43_cg_identity_plain_rtol1e-06_rep1.npz: OK
out/fields/N64_case43_cg_identity_plain_rtol1e-06_rep2.npz: OK
out/fields/N64_case43_cg_identity_rtol1e-02_rep0.npz: OK
out/fields/N64_case43_cg_identity_rtol1e-02_rep1.npz: OK
out/fields/N64_case43_cg_identity_rtol1e-02_rep2.npz: OK
out/fields/N64_case43_cg_identity_rtol1e-04_rep0.npz: OK
out/fields/N64_case43_cg_identity_rtol1e-04_rep1.npz: OK
out/fields/N64_case43_cg_identity_rtol1e-04_rep2.npz: OK
out/fields/N64_case43_cg_identity_rtol1e-06_rep0.npz: OK
out/fields/N64_case43_cg_identity_rtol1e-06_rep1.npz: OK
out/fields/N64_case43_cg_identity_rtol1e-06_rep2.npz: OK
out/fields/N64_case43_deeponet3d_r128_w16_podinit.npz: OK
out/fields/N64_case43_deeponet3d_r128_w16_podinit_native32_continuous_trunk.npz: OK
out/fields/N64_case43_deeponet3d_r128_w16_podinit_native32_interpolate.npz: OK
out/fields/N64_case43_dst_exact.npz: OK
out/fields/N64_case43_fno3d_w24_m8.npz: OK
out/fields/N64_case43_fno3d_w24_m8_native32_interpolate.npz: OK
out/fields/N64_case43_fno3d_w24_m8_physical_padding17.npz: OK
out/fields/N64_case43_linear_bank_galerkin.npz: OK
out/fields/N64_case43_linear_bank_weak_qR.npz: OK
out/fields/N64_case43_nmrom_K16_q0_dense.npz: OK
out/fields/N64_case43_nmrom_K16_q32_dense.npz: OK
out/fields/N64_case43_nmrom_K16_q96_dense.npz: OK
out/fields/N64_case43_pod112_galerkin.npz: OK
out/fields/N64_case43_pod112_native32_interpolated_basis_galerkin.npz: OK
out/fields/N64_case43_pod128_galerkin.npz: OK
out/fields/N64_case43_pod128_native32_interpolated_basis_galerkin.npz: OK
out/fields/N64_case43_pod16_galerkin.npz: OK
out/fields/N64_case43_pod16_native32_interpolated_basis_galerkin.npz: OK
out/fields/N64_case43_pod48_galerkin.npz: OK
out/fields/N64_case43_pod48_native32_interpolated_basis_galerkin.npz: OK
out/fields/N64_case43_reference.npz: OK
out/fields/N64_case43_transolver3d_w48_s32.npz: OK
out/fields/N64_case43_transolver3d_w48_s32_native32_interpolate.npz: OK
out/fields/N64_case43_unet3d_w16.npz: OK
out/fields/N64_case43_unet3d_w16_native32_interpolate.npz: OK
out/fields/N64_case44_cg_identity_plain_rtol1e-02_rep0.npz: OK
out/fields/N64_case44_cg_identity_plain_rtol1e-02_rep1.npz: OK
out/fields/N64_case44_cg_identity_plain_rtol1e-02_rep2.npz: OK
out/fields/N64_case44_cg_identity_plain_rtol1e-04_rep0.npz: OK
out/fields/N64_case44_cg_identity_plain_rtol1e-04_rep1.npz: OK
out/fields/N64_case44_cg_identity_plain_rtol1e-04_rep2.npz: OK
out/fields/N64_case44_cg_identity_plain_rtol1e-06_rep0.npz: OK
out/fields/N64_case44_cg_identity_plain_rtol1e-06_rep1.npz: OK
out/fields/N64_case44_cg_identity_plain_rtol1e-06_rep2.npz: OK
out/fields/N64_case44_cg_identity_rtol1e-02_rep0.npz: OK
out/fields/N64_case44_cg_identity_rtol1e-02_rep1.npz: OK
out/fields/N64_case44_cg_identity_rtol1e-02_rep2.npz: OK
out/fields/N64_case44_cg_identity_rtol1e-04_rep0.npz: OK
out/fields/N64_case44_cg_identity_rtol1e-04_rep1.npz: OK
out/fields/N64_case44_cg_identity_rtol1e-04_rep2.npz: OK
out/fields/N64_case44_cg_identity_rtol1e-06_rep0.npz: OK
out/fields/N64_case44_cg_identity_rtol1e-06_rep1.npz: OK
out/fields/N64_case44_cg_identity_rtol1e-06_rep2.npz: OK
out/fields/N64_case44_deeponet3d_r128_w16_podinit.npz: OK
out/fields/N64_case44_deeponet3d_r128_w16_podinit_native32_continuous_trunk.npz: OK
out/fields/N64_case44_deeponet3d_r128_w16_podinit_native32_interpolate.npz: OK
out/fields/N64_case44_dst_exact.npz: OK
out/fields/N64_case44_fno3d_w24_m8.npz: OK
out/fields/N64_case44_fno3d_w24_m8_native32_interpolate.npz: OK
out/fields/N64_case44_fno3d_w24_m8_physical_padding17.npz: OK
out/fields/N64_case44_linear_bank_galerkin.npz: OK
out/fields/N64_case44_linear_bank_weak_qR.npz: OK
out/fields/N64_case44_nmrom_K16_q0_dense.npz: OK
out/fields/N64_case44_nmrom_K16_q32_dense.npz: OK
out/fields/N64_case44_nmrom_K16_q96_dense.npz: OK
out/fields/N64_case44_pod112_galerkin.npz: OK
out/fields/N64_case44_pod112_native32_interpolated_basis_galerkin.npz: OK
out/fields/N64_case44_pod128_galerkin.npz: OK
out/fields/N64_case44_pod128_native32_interpolated_basis_galerkin.npz: OK
out/fields/N64_case44_pod16_galerkin.npz: OK
out/fields/N64_case44_pod16_native32_interpolated_basis_galerkin.npz: OK
out/fields/N64_case44_pod48_galerkin.npz: OK
out/fields/N64_case44_pod48_native32_interpolated_basis_galerkin.npz: OK
out/fields/N64_case44_reference.npz: OK
out/fields/N64_case44_transolver3d_w48_s32.npz: OK
out/fields/N64_case44_transolver3d_w48_s32_native32_interpolate.npz: OK
out/fields/N64_case44_unet3d_w16.npz: OK
out/fields/N64_case44_unet3d_w16_native32_interpolate.npz: OK
out/fields/N64_case45_cg_identity_plain_rtol1e-02_rep0.npz: OK
out/fields/N64_case45_cg_identity_plain_rtol1e-02_rep1.npz: OK
out/fields/N64_case45_cg_identity_plain_rtol1e-02_rep2.npz: OK
out/fields/N64_case45_cg_identity_plain_rtol1e-04_rep0.npz: OK
out/fields/N64_case45_cg_identity_plain_rtol1e-04_rep1.npz: OK
out/fields/N64_case45_cg_identity_plain_rtol1e-04_rep2.npz: OK
out/fields/N64_case45_cg_identity_plain_rtol1e-06_rep0.npz: OK
out/fields/N64_case45_cg_identity_plain_rtol1e-06_rep1.npz: OK
out/fields/N64_case45_cg_identity_plain_rtol1e-06_rep2.npz: OK
out/fields/N64_case45_cg_identity_rtol1e-02_rep0.npz: OK
out/fields/N64_case45_cg_identity_rtol1e-02_rep1.npz: OK
out/fields/N64_case45_cg_identity_rtol1e-02_rep2.npz: OK
out/fields/N64_case45_cg_identity_rtol1e-04_rep0.npz: OK
out/fields/N64_case45_cg_identity_rtol1e-04_rep1.npz: OK
out/fields/N64_case45_cg_identity_rtol1e-04_rep2.npz: OK
out/fields/N64_case45_cg_identity_rtol1e-06_rep0.npz: OK
out/fields/N64_case45_cg_identity_rtol1e-06_rep1.npz: OK
out/fields/N64_case45_cg_identity_rtol1e-06_rep2.npz: OK
out/fields/N64_case45_deeponet3d_r128_w16_podinit.npz: OK
out/fields/N64_case45_deeponet3d_r128_w16_podinit_native32_continuous_trunk.npz: OK
out/fields/N64_case45_deeponet3d_r128_w16_podinit_native32_interpolate.npz: OK
out/fields/N64_case45_dst_exact.npz: OK
out/fields/N64_case45_fno3d_w24_m8.npz: OK
out/fields/N64_case45_fno3d_w24_m8_native32_interpolate.npz: OK
out/fields/N64_case45_fno3d_w24_m8_physical_padding17.npz: OK
out/fields/N64_case45_linear_bank_galerkin.npz: OK
out/fields/N64_case45_linear_bank_weak_qR.npz: OK
out/fields/N64_case45_nmrom_K16_q0_dense.npz: OK
out/fields/N64_case45_nmrom_K16_q32_dense.npz: OK
out/fields/N64_case45_nmrom_K16_q96_dense.npz: OK
out/fields/N64_case45_pod112_galerkin.npz: OK
out/fields/N64_case45_pod112_native32_interpolated_basis_galerkin.npz: OK
out/fields/N64_case45_pod128_galerkin.npz: OK
out/fields/N64_case45_pod128_native32_interpolated_basis_galerkin.npz: OK
out/fields/N64_case45_pod16_galerkin.npz: OK
out/fields/N64_case45_pod16_native32_interpolated_basis_galerkin.npz: OK
out/fields/N64_case45_pod48_galerkin.npz: OK
out/fields/N64_case45_pod48_native32_interpolated_basis_galerkin.npz: OK
out/fields/N64_case45_reference.npz: OK
out/fields/N64_case45_transolver3d_w48_s32.npz: OK
out/fields/N64_case45_transolver3d_w48_s32_native32_interpolate.npz: OK
out/fields/N64_case45_unet3d_w16.npz: OK
out/fields/N64_case45_unet3d_w16_native32_interpolate.npz: OK
out/fields/N64_case46_cg_identity_plain_rtol1e-02_rep0.npz: OK
out/fields/N64_case46_cg_identity_plain_rtol1e-02_rep1.npz: OK
out/fields/N64_case46_cg_identity_plain_rtol1e-02_rep2.npz: OK
out/fields/N64_case46_cg_identity_plain_rtol1e-04_rep0.npz: OK
out/fields/N64_case46_cg_identity_plain_rtol1e-04_rep1.npz: OK
out/fields/N64_case46_cg_identity_plain_rtol1e-04_rep2.npz: OK
out/fields/N64_case46_cg_identity_plain_rtol1e-06_rep0.npz: OK
out/fields/N64_case46_cg_identity_plain_rtol1e-06_rep1.npz: OK
out/fields/N64_case46_cg_identity_plain_rtol1e-06_rep2.npz: OK
out/fields/N64_case46_cg_identity_rtol1e-02_rep0.npz: OK
out/fields/N64_case46_cg_identity_rtol1e-02_rep1.npz: OK
out/fields/N64_case46_cg_identity_rtol1e-02_rep2.npz: OK
out/fields/N64_case46_cg_identity_rtol1e-04_rep0.npz: OK
out/fields/N64_case46_cg_identity_rtol1e-04_rep1.npz: OK
out/fields/N64_case46_cg_identity_rtol1e-04_rep2.npz: OK
out/fields/N64_case46_cg_identity_rtol1e-06_rep0.npz: OK
out/fields/N64_case46_cg_identity_rtol1e-06_rep1.npz: OK
out/fields/N64_case46_cg_identity_rtol1e-06_rep2.npz: OK
out/fields/N64_case46_deeponet3d_r128_w16_podinit.npz: OK
out/fields/N64_case46_deeponet3d_r128_w16_podinit_native32_continuous_trunk.npz: OK
out/fields/N64_case46_deeponet3d_r128_w16_podinit_native32_interpolate.npz: OK
out/fields/N64_case46_dst_exact.npz: OK
out/fields/N64_case46_fno3d_w24_m8.npz: OK
out/fields/N64_case46_fno3d_w24_m8_native32_interpolate.npz: OK
out/fields/N64_case46_fno3d_w24_m8_physical_padding17.npz: OK
out/fields/N64_case46_linear_bank_galerkin.npz: OK
out/fields/N64_case46_linear_bank_weak_qR.npz: OK
out/fields/N64_case46_nmrom_K16_q0_dense.npz: OK
out/fields/N64_case46_nmrom_K16_q32_dense.npz: OK
out/fields/N64_case46_nmrom_K16_q96_dense.npz: OK
out/fields/N64_case46_pod112_galerkin.npz: OK
out/fields/N64_case46_pod112_native32_interpolated_basis_galerkin.npz: OK
out/fields/N64_case46_pod128_galerkin.npz: OK
out/fields/N64_case46_pod128_native32_interpolated_basis_galerkin.npz: OK
out/fields/N64_case46_pod16_galerkin.npz: OK
out/fields/N64_case46_pod16_native32_interpolated_basis_galerkin.npz: OK
out/fields/N64_case46_pod48_galerkin.npz: OK
out/fields/N64_case46_pod48_native32_interpolated_basis_galerkin.npz: OK
out/fields/N64_case46_reference.npz: OK
out/fields/N64_case46_transolver3d_w48_s32.npz: OK
out/fields/N64_case46_transolver3d_w48_s32_native32_interpolate.npz: OK
out/fields/N64_case46_unet3d_w16.npz: OK
out/fields/N64_case46_unet3d_w16_native32_interpolate.npz: OK
out/fields/N64_case47_cg_identity_plain_rtol1e-02_rep0.npz: OK
out/fields/N64_case47_cg_identity_plain_rtol1e-02_rep1.npz: OK
out/fields/N64_case47_cg_identity_plain_rtol1e-02_rep2.npz: OK
out/fields/N64_case47_cg_identity_plain_rtol1e-04_rep0.npz: OK
out/fields/N64_case47_cg_identity_plain_rtol1e-04_rep1.npz: OK
out/fields/N64_case47_cg_identity_plain_rtol1e-04_rep2.npz: OK
out/fields/N64_case47_cg_identity_plain_rtol1e-06_rep0.npz: OK
out/fields/N64_case47_cg_identity_plain_rtol1e-06_rep1.npz: OK
out/fields/N64_case47_cg_identity_plain_rtol1e-06_rep2.npz: OK
out/fields/N64_case47_cg_identity_rtol1e-02_rep0.npz: OK
out/fields/N64_case47_cg_identity_rtol1e-02_rep1.npz: OK
out/fields/N64_case47_cg_identity_rtol1e-02_rep2.npz: OK
out/fields/N64_case47_cg_identity_rtol1e-04_rep0.npz: OK
out/fields/N64_case47_cg_identity_rtol1e-04_rep1.npz: OK
out/fields/N64_case47_cg_identity_rtol1e-04_rep2.npz: OK
out/fields/N64_case47_cg_identity_rtol1e-06_rep0.npz: OK
out/fields/N64_case47_cg_identity_rtol1e-06_rep1.npz: OK
out/fields/N64_case47_cg_identity_rtol1e-06_rep2.npz: OK
out/fields/N64_case47_deeponet3d_r128_w16_podinit.npz: OK
out/fields/N64_case47_deeponet3d_r128_w16_podinit_native32_continuous_trunk.npz: OK
out/fields/N64_case47_deeponet3d_r128_w16_podinit_native32_interpolate.npz: OK
out/fields/N64_case47_dst_exact.npz: OK
out/fields/N64_case47_fno3d_w24_m8.npz: OK
out/fields/N64_case47_fno3d_w24_m8_native32_interpolate.npz: OK
out/fields/N64_case47_fno3d_w24_m8_physical_padding17.npz: OK
out/fields/N64_case47_linear_bank_galerkin.npz: OK
out/fields/N64_case47_linear_bank_weak_qR.npz: OK
out/fields/N64_case47_nmrom_K16_q0_dense.npz: OK
out/fields/N64_case47_nmrom_K16_q32_dense.npz: OK
out/fields/N64_case47_nmrom_K16_q96_dense.npz: OK
out/fields/N64_case47_pod112_galerkin.npz: OK
out/fields/N64_case47_pod112_native32_interpolated_basis_galerkin.npz: OK
out/fields/N64_case47_pod128_galerkin.npz: OK
out/fields/N64_case47_pod128_native32_interpolated_basis_galerkin.npz: OK
out/fields/N64_case47_pod16_galerkin.npz: OK
out/fields/N64_case47_pod16_native32_interpolated_basis_galerkin.npz: OK
out/fields/N64_case47_pod48_galerkin.npz: OK
out/fields/N64_case47_pod48_native32_interpolated_basis_galerkin.npz: OK
out/fields/N64_case47_reference.npz: OK
out/fields/N64_case47_transolver3d_w48_s32.npz: OK
out/fields/N64_case47_transolver3d_w48_s32_native32_interpolate.npz: OK
out/fields/N64_case47_unet3d_w16.npz: OK
out/fields/N64_case47_unet3d_w16_native32_interpolate.npz: OK
out/fields/N64_case48_cg_identity_plain_rtol1e-02_rep0.npz: OK
out/fields/N64_case48_cg_identity_plain_rtol1e-02_rep1.npz: OK
out/fields/N64_case48_cg_identity_plain_rtol1e-02_rep2.npz: OK
out/fields/N64_case48_cg_identity_plain_rtol1e-04_rep0.npz: OK
out/fields/N64_case48_cg_identity_plain_rtol1e-04_rep1.npz: OK
out/fields/N64_case48_cg_identity_plain_rtol1e-04_rep2.npz: OK
out/fields/N64_case48_cg_identity_plain_rtol1e-06_rep0.npz: OK
out/fields/N64_case48_cg_identity_plain_rtol1e-06_rep1.npz: OK
out/fields/N64_case48_cg_identity_plain_rtol1e-06_rep2.npz: OK
out/fields/N64_case48_cg_identity_rtol1e-02_rep0.npz: OK
out/fields/N64_case48_cg_identity_rtol1e-02_rep1.npz: OK
out/fields/N64_case48_cg_identity_rtol1e-02_rep2.npz: OK
out/fields/N64_case48_cg_identity_rtol1e-04_rep0.npz: OK
out/fields/N64_case48_cg_identity_rtol1e-04_rep1.npz: OK
out/fields/N64_case48_cg_identity_rtol1e-04_rep2.npz: OK
out/fields/N64_case48_cg_identity_rtol1e-06_rep0.npz: OK
out/fields/N64_case48_cg_identity_rtol1e-06_rep1.npz: OK
out/fields/N64_case48_cg_identity_rtol1e-06_rep2.npz: OK
out/fields/N64_case48_deeponet3d_r128_w16_podinit.npz: OK
out/fields/N64_case48_deeponet3d_r128_w16_podinit_native32_continuous_trunk.npz: OK
out/fields/N64_case48_deeponet3d_r128_w16_podinit_native32_interpolate.npz: OK
out/fields/N64_case48_dst_exact.npz: OK
out/fields/N64_case48_fno3d_w24_m8.npz: OK
out/fields/N64_case48_fno3d_w24_m8_native32_interpolate.npz: OK
out/fields/N64_case48_fno3d_w24_m8_physical_padding17.npz: OK
out/fields/N64_case48_linear_bank_galerkin.npz: OK
out/fields/N64_case48_linear_bank_weak_qR.npz: OK
out/fields/N64_case48_nmrom_K16_q0_dense.npz: OK
out/fields/N64_case48_nmrom_K16_q32_dense.npz: OK
out/fields/N64_case48_nmrom_K16_q96_dense.npz: OK
out/fields/N64_case48_pod112_galerkin.npz: OK
out/fields/N64_case48_pod112_native32_interpolated_basis_galerkin.npz: OK
out/fields/N64_case48_pod128_galerkin.npz: OK
out/fields/N64_case48_pod128_native32_interpolated_basis_galerkin.npz: OK
out/fields/N64_case48_pod16_galerkin.npz: OK
out/fields/N64_case48_pod16_native32_interpolated_basis_galerkin.npz: OK
out/fields/N64_case48_pod48_galerkin.npz: OK
out/fields/N64_case48_pod48_native32_interpolated_basis_galerkin.npz: OK
out/fields/N64_case48_reference.npz: OK
out/fields/N64_case48_transolver3d_w48_s32.npz: OK
out/fields/N64_case48_transolver3d_w48_s32_native32_interpolate.npz: OK
out/fields/N64_case48_unet3d_w16.npz: OK
out/fields/N64_case48_unet3d_w16_native32_interpolate.npz: OK
out/fields/N64_case49_cg_identity_plain_rtol1e-02_rep0.npz: OK
out/fields/N64_case49_cg_identity_plain_rtol1e-02_rep1.npz: OK
out/fields/N64_case49_cg_identity_plain_rtol1e-02_rep2.npz: OK
out/fields/N64_case49_cg_identity_plain_rtol1e-04_rep0.npz: OK
out/fields/N64_case49_cg_identity_plain_rtol1e-04_rep1.npz: OK
out/fields/N64_case49_cg_identity_plain_rtol1e-04_rep2.npz: OK
out/fields/N64_case49_cg_identity_plain_rtol1e-06_rep0.npz: OK
out/fields/N64_case49_cg_identity_plain_rtol1e-06_rep1.npz: OK
out/fields/N64_case49_cg_identity_plain_rtol1e-06_rep2.npz: OK
out/fields/N64_case49_cg_identity_rtol1e-02_rep0.npz: OK
out/fields/N64_case49_cg_identity_rtol1e-02_rep1.npz: OK
out/fields/N64_case49_cg_identity_rtol1e-02_rep2.npz: OK
out/fields/N64_case49_cg_identity_rtol1e-04_rep0.npz: OK
out/fields/N64_case49_cg_identity_rtol1e-04_rep1.npz: OK
out/fields/N64_case49_cg_identity_rtol1e-04_rep2.npz: OK
out/fields/N64_case49_cg_identity_rtol1e-06_rep0.npz: OK
out/fields/N64_case49_cg_identity_rtol1e-06_rep1.npz: OK
out/fields/N64_case49_cg_identity_rtol1e-06_rep2.npz: OK
out/fields/N64_case49_deeponet3d_r128_w16_podinit.npz: OK
out/fields/N64_case49_deeponet3d_r128_w16_podinit_native32_continuous_trunk.npz: OK
out/fields/N64_case49_deeponet3d_r128_w16_podinit_native32_interpolate.npz: OK
out/fields/N64_case49_dst_exact.npz: OK
out/fields/N64_case49_fno3d_w24_m8.npz: OK
out/fields/N64_case49_fno3d_w24_m8_native32_interpolate.npz: OK
out/fields/N64_case49_fno3d_w24_m8_physical_padding17.npz: OK
out/fields/N64_case49_linear_bank_galerkin.npz: OK
out/fields/N64_case49_linear_bank_weak_qR.npz: OK
out/fields/N64_case49_nmrom_K16_q0_dense.npz: OK
out/fields/N64_case49_nmrom_K16_q32_dense.npz: OK
out/fields/N64_case49_nmrom_K16_q96_dense.npz: OK
out/fields/N64_case49_pod112_galerkin.npz: OK
out/fields/N64_case49_pod112_native32_interpolated_basis_galerkin.npz: OK
out/fields/N64_case49_pod128_galerkin.npz: OK
out/fields/N64_case49_pod128_native32_interpolated_basis_galerkin.npz: OK
out/fields/N64_case49_pod16_galerkin.npz: OK
out/fields/N64_case49_pod16_native32_interpolated_basis_galerkin.npz: OK
out/fields/N64_case49_pod48_galerkin.npz: OK
out/fields/N64_case49_pod48_native32_interpolated_basis_galerkin.npz: OK
out/fields/N64_case49_reference.npz: OK
out/fields/N64_case49_transolver3d_w48_s32.npz: OK
out/fields/N64_case49_transolver3d_w48_s32_native32_interpolate.npz: OK
out/fields/N64_case49_unet3d_w16.npz: OK
out/fields/N64_case49_unet3d_w16_native32_interpolate.npz: OK
out/fields/N64_case4_cg_identity_plain_rtol1e-02_rep0.npz: OK
out/fields/N64_case4_cg_identity_plain_rtol1e-02_rep1.npz: OK
out/fields/N64_case4_cg_identity_plain_rtol1e-02_rep2.npz: OK
out/fields/N64_case4_cg_identity_plain_rtol1e-04_rep0.npz: OK
out/fields/N64_case4_cg_identity_plain_rtol1e-04_rep1.npz: OK
out/fields/N64_case4_cg_identity_plain_rtol1e-04_rep2.npz: OK
out/fields/N64_case4_cg_identity_plain_rtol1e-06_rep0.npz: OK
out/fields/N64_case4_cg_identity_plain_rtol1e-06_rep1.npz: OK
out/fields/N64_case4_cg_identity_plain_rtol1e-06_rep2.npz: OK
out/fields/N64_case4_cg_identity_rtol1e-02_rep0.npz: OK
out/fields/N64_case4_cg_identity_rtol1e-02_rep1.npz: OK
out/fields/N64_case4_cg_identity_rtol1e-02_rep2.npz: OK
out/fields/N64_case4_cg_identity_rtol1e-04_rep0.npz: OK
out/fields/N64_case4_cg_identity_rtol1e-04_rep1.npz: OK
out/fields/N64_case4_cg_identity_rtol1e-04_rep2.npz: OK
out/fields/N64_case4_cg_identity_rtol1e-06_rep0.npz: OK
out/fields/N64_case4_cg_identity_rtol1e-06_rep1.npz: OK
out/fields/N64_case4_cg_identity_rtol1e-06_rep2.npz: OK
out/fields/N64_case4_deeponet3d_r128_w16_podinit.npz: OK
out/fields/N64_case4_deeponet3d_r128_w16_podinit_native32_continuous_trunk.npz: OK
out/fields/N64_case4_deeponet3d_r128_w16_podinit_native32_interpolate.npz: OK
out/fields/N64_case4_dst_exact.npz: OK
out/fields/N64_case4_fno3d_w24_m8.npz: OK
out/fields/N64_case4_fno3d_w24_m8_native32_interpolate.npz: OK
out/fields/N64_case4_fno3d_w24_m8_physical_padding17.npz: OK
out/fields/N64_case4_linear_bank_galerkin.npz: OK
out/fields/N64_case4_linear_bank_weak_qR.npz: OK
out/fields/N64_case4_nmrom_K16_q0_dense.npz: OK
out/fields/N64_case4_nmrom_K16_q32_dense.npz: OK
out/fields/N64_case4_nmrom_K16_q96_dense.npz: OK
out/fields/N64_case4_pod112_galerkin.npz: OK
out/fields/N64_case4_pod112_native32_interpolated_basis_galerkin.npz: OK
out/fields/N64_case4_pod128_galerkin.npz: OK
out/fields/N64_case4_pod128_native32_interpolated_basis_galerkin.npz: OK
out/fields/N64_case4_pod16_galerkin.npz: OK
out/fields/N64_case4_pod16_native32_interpolated_basis_galerkin.npz: OK
out/fields/N64_case4_pod48_galerkin.npz: OK
out/fields/N64_case4_pod48_native32_interpolated_basis_galerkin.npz: OK
out/fields/N64_case4_reference.npz: OK
out/fields/N64_case4_transolver3d_w48_s32.npz: OK
out/fields/N64_case4_transolver3d_w48_s32_native32_interpolate.npz: OK
out/fields/N64_case4_unet3d_w16.npz: OK
out/fields/N64_case4_unet3d_w16_native32_interpolate.npz: OK
out/fields/N64_case50_cg_identity_plain_rtol1e-02_rep0.npz: OK
out/fields/N64_case50_cg_identity_plain_rtol1e-02_rep1.npz: OK
out/fields/N64_case50_cg_identity_plain_rtol1e-02_rep2.npz: OK
out/fields/N64_case50_cg_identity_plain_rtol1e-04_rep0.npz: OK
out/fields/N64_case50_cg_identity_plain_rtol1e-04_rep1.npz: OK
out/fields/N64_case50_cg_identity_plain_rtol1e-04_rep2.npz: OK
out/fields/N64_case50_cg_identity_plain_rtol1e-06_rep0.npz: OK
out/fields/N64_case50_cg_identity_plain_rtol1e-06_rep1.npz: OK
out/fields/N64_case50_cg_identity_plain_rtol1e-06_rep2.npz: OK
out/fields/N64_case50_cg_identity_rtol1e-02_rep0.npz: OK
out/fields/N64_case50_cg_identity_rtol1e-02_rep1.npz: OK
out/fields/N64_case50_cg_identity_rtol1e-02_rep2.npz: OK
out/fields/N64_case50_cg_identity_rtol1e-04_rep0.npz: OK
out/fields/N64_case50_cg_identity_rtol1e-04_rep1.npz: OK
out/fields/N64_case50_cg_identity_rtol1e-04_rep2.npz: OK
out/fields/N64_case50_cg_identity_rtol1e-06_rep0.npz: OK
out/fields/N64_case50_cg_identity_rtol1e-06_rep1.npz: OK
out/fields/N64_case50_cg_identity_rtol1e-06_rep2.npz: OK
out/fields/N64_case50_deeponet3d_r128_w16_podinit.npz: OK
out/fields/N64_case50_deeponet3d_r128_w16_podinit_native32_continuous_trunk.npz: OK
out/fields/N64_case50_deeponet3d_r128_w16_podinit_native32_interpolate.npz: OK
out/fields/N64_case50_dst_exact.npz: OK
out/fields/N64_case50_fno3d_w24_m8.npz: OK
out/fields/N64_case50_fno3d_w24_m8_native32_interpolate.npz: OK
out/fields/N64_case50_fno3d_w24_m8_physical_padding17.npz: OK
out/fields/N64_case50_linear_bank_galerkin.npz: OK
out/fields/N64_case50_linear_bank_weak_qR.npz: OK
out/fields/N64_case50_nmrom_K16_q0_dense.npz: OK
out/fields/N64_case50_nmrom_K16_q32_dense.npz: OK
out/fields/N64_case50_nmrom_K16_q96_dense.npz: OK
out/fields/N64_case50_pod112_galerkin.npz: OK
out/fields/N64_case50_pod112_native32_interpolated_basis_galerkin.npz: OK
out/fields/N64_case50_pod128_galerkin.npz: OK
out/fields/N64_case50_pod128_native32_interpolated_basis_galerkin.npz: OK
out/fields/N64_case50_pod16_galerkin.npz: OK
out/fields/N64_case50_pod16_native32_interpolated_basis_galerkin.npz: OK
out/fields/N64_case50_pod48_galerkin.npz: OK
out/fields/N64_case50_pod48_native32_interpolated_basis_galerkin.npz: OK
out/fields/N64_case50_reference.npz: OK
out/fields/N64_case50_transolver3d_w48_s32.npz: OK
out/fields/N64_case50_transolver3d_w48_s32_native32_interpolate.npz: OK
out/fields/N64_case50_unet3d_w16.npz: OK
out/fields/N64_case50_unet3d_w16_native32_interpolate.npz: OK
out/fields/N64_case51_cg_identity_plain_rtol1e-02_rep0.npz: OK
out/fields/N64_case51_cg_identity_plain_rtol1e-02_rep1.npz: OK
out/fields/N64_case51_cg_identity_plain_rtol1e-02_rep2.npz: OK
out/fields/N64_case51_cg_identity_plain_rtol1e-04_rep0.npz: OK
out/fields/N64_case51_cg_identity_plain_rtol1e-04_rep1.npz: OK
out/fields/N64_case51_cg_identity_plain_rtol1e-04_rep2.npz: OK
out/fields/N64_case51_cg_identity_plain_rtol1e-06_rep0.npz: OK
out/fields/N64_case51_cg_identity_plain_rtol1e-06_rep1.npz: OK
out/fields/N64_case51_cg_identity_plain_rtol1e-06_rep2.npz: OK
out/fields/N64_case51_cg_identity_rtol1e-02_rep0.npz: OK
out/fields/N64_case51_cg_identity_rtol1e-02_rep1.npz: OK
out/fields/N64_case51_cg_identity_rtol1e-02_rep2.npz: OK
out/fields/N64_case51_cg_identity_rtol1e-04_rep0.npz: OK
out/fields/N64_case51_cg_identity_rtol1e-04_rep1.npz: OK
out/fields/N64_case51_cg_identity_rtol1e-04_rep2.npz: OK
out/fields/N64_case51_cg_identity_rtol1e-06_rep0.npz: OK
out/fields/N64_case51_cg_identity_rtol1e-06_rep1.npz: OK
out/fields/N64_case51_cg_identity_rtol1e-06_rep2.npz: OK
out/fields/N64_case51_deeponet3d_r128_w16_podinit.npz: OK
out/fields/N64_case51_deeponet3d_r128_w16_podinit_native32_continuous_trunk.npz: OK
out/fields/N64_case51_deeponet3d_r128_w16_podinit_native32_interpolate.npz: OK
out/fields/N64_case51_dst_exact.npz: OK
out/fields/N64_case51_fno3d_w24_m8.npz: OK
out/fields/N64_case51_fno3d_w24_m8_native32_interpolate.npz: OK
out/fields/N64_case51_fno3d_w24_m8_physical_padding17.npz: OK
out/fields/N64_case51_linear_bank_galerkin.npz: OK
out/fields/N64_case51_linear_bank_weak_qR.npz: OK
out/fields/N64_case51_nmrom_K16_q0_dense.npz: OK
out/fields/N64_case51_nmrom_K16_q32_dense.npz: OK
out/fields/N64_case51_nmrom_K16_q96_dense.npz: OK
out/fields/N64_case51_pod112_galerkin.npz: OK
out/fields/N64_case51_pod112_native32_interpolated_basis_galerkin.npz: OK
out/fields/N64_case51_pod128_galerkin.npz: OK
out/fields/N64_case51_pod128_native32_interpolated_basis_galerkin.npz: OK
out/fields/N64_case51_pod16_galerkin.npz: OK
out/fields/N64_case51_pod16_native32_interpolated_basis_galerkin.npz: OK
out/fields/N64_case51_pod48_galerkin.npz: OK
out/fields/N64_case51_pod48_native32_interpolated_basis_galerkin.npz: OK
out/fields/N64_case51_reference.npz: OK
out/fields/N64_case51_transolver3d_w48_s32.npz: OK
out/fields/N64_case51_transolver3d_w48_s32_native32_interpolate.npz: OK
out/fields/N64_case51_unet3d_w16.npz: OK
out/fields/N64_case51_unet3d_w16_native32_interpolate.npz: OK
out/fields/N64_case52_cg_identity_plain_rtol1e-02_rep0.npz: OK
out/fields/N64_case52_cg_identity_plain_rtol1e-02_rep1.npz: OK
out/fields/N64_case52_cg_identity_plain_rtol1e-02_rep2.npz: OK
out/fields/N64_case52_cg_identity_plain_rtol1e-04_rep0.npz: OK
out/fields/N64_case52_cg_identity_plain_rtol1e-04_rep1.npz: OK
out/fields/N64_case52_cg_identity_plain_rtol1e-04_rep2.npz: OK
out/fields/N64_case52_cg_identity_plain_rtol1e-06_rep0.npz: OK
out/fields/N64_case52_cg_identity_plain_rtol1e-06_rep1.npz: OK
out/fields/N64_case52_cg_identity_plain_rtol1e-06_rep2.npz: OK
out/fields/N64_case52_cg_identity_rtol1e-02_rep0.npz: OK
out/fields/N64_case52_cg_identity_rtol1e-02_rep1.npz: OK
out/fields/N64_case52_cg_identity_rtol1e-02_rep2.npz: OK
out/fields/N64_case52_cg_identity_rtol1e-04_rep0.npz: OK
out/fields/N64_case52_cg_identity_rtol1e-04_rep1.npz: OK
out/fields/N64_case52_cg_identity_rtol1e-04_rep2.npz: OK
out/fields/N64_case52_cg_identity_rtol1e-06_rep0.npz: OK
out/fields/N64_case52_cg_identity_rtol1e-06_rep1.npz: OK
out/fields/N64_case52_cg_identity_rtol1e-06_rep2.npz: OK
out/fields/N64_case52_deeponet3d_r128_w16_podinit.npz: OK
out/fields/N64_case52_deeponet3d_r128_w16_podinit_native32_continuous_trunk.npz: OK
out/fields/N64_case52_deeponet3d_r128_w16_podinit_native32_interpolate.npz: OK
out/fields/N64_case52_dst_exact.npz: OK
out/fields/N64_case52_fno3d_w24_m8.npz: OK
out/fields/N64_case52_fno3d_w24_m8_native32_interpolate.npz: OK
out/fields/N64_case52_fno3d_w24_m8_physical_padding17.npz: OK
out/fields/N64_case52_linear_bank_galerkin.npz: OK
out/fields/N64_case52_linear_bank_weak_qR.npz: OK
out/fields/N64_case52_nmrom_K16_q0_dense.npz: OK
out/fields/N64_case52_nmrom_K16_q32_dense.npz: OK
out/fields/N64_case52_nmrom_K16_q96_dense.npz: OK
out/fields/N64_case52_pod112_galerkin.npz: OK
out/fields/N64_case52_pod112_native32_interpolated_basis_galerkin.npz: OK
out/fields/N64_case52_pod128_galerkin.npz: OK
out/fields/N64_case52_pod128_native32_interpolated_basis_galerkin.npz: OK
out/fields/N64_case52_pod16_galerkin.npz: OK
out/fields/N64_case52_pod16_native32_interpolated_basis_galerkin.npz: OK
out/fields/N64_case52_pod48_galerkin.npz: OK
out/fields/N64_case52_pod48_native32_interpolated_basis_galerkin.npz: OK
out/fields/N64_case52_reference.npz: OK
out/fields/N64_case52_transolver3d_w48_s32.npz: OK
out/fields/N64_case52_transolver3d_w48_s32_native32_interpolate.npz: OK
out/fields/N64_case52_unet3d_w16.npz: OK
out/fields/N64_case52_unet3d_w16_native32_interpolate.npz: OK
out/fields/N64_case53_cg_identity_plain_rtol1e-02_rep0.npz: OK
out/fields/N64_case53_cg_identity_plain_rtol1e-02_rep1.npz: OK
out/fields/N64_case53_cg_identity_plain_rtol1e-02_rep2.npz: OK
out/fields/N64_case53_cg_identity_plain_rtol1e-04_rep0.npz: OK
out/fields/N64_case53_cg_identity_plain_rtol1e-04_rep1.npz: OK
out/fields/N64_case53_cg_identity_plain_rtol1e-04_rep2.npz: OK
out/fields/N64_case53_cg_identity_plain_rtol1e-06_rep0.npz: OK
out/fields/N64_case53_cg_identity_plain_rtol1e-06_rep1.npz: OK
out/fields/N64_case53_cg_identity_plain_rtol1e-06_rep2.npz: OK
out/fields/N64_case53_cg_identity_rtol1e-02_rep0.npz: OK
out/fields/N64_case53_cg_identity_rtol1e-02_rep1.npz: OK
out/fields/N64_case53_cg_identity_rtol1e-02_rep2.npz: OK
out/fields/N64_case53_cg_identity_rtol1e-04_rep0.npz: OK
out/fields/N64_case53_cg_identity_rtol1e-04_rep1.npz: OK
out/fields/N64_case53_cg_identity_rtol1e-04_rep2.npz: OK
out/fields/N64_case53_cg_identity_rtol1e-06_rep0.npz: OK
out/fields/N64_case53_cg_identity_rtol1e-06_rep1.npz: OK
out/fields/N64_case53_cg_identity_rtol1e-06_rep2.npz: OK
out/fields/N64_case53_deeponet3d_r128_w16_podinit.npz: OK
out/fields/N64_case53_deeponet3d_r128_w16_podinit_native32_continuous_trunk.npz: OK
out/fields/N64_case53_deeponet3d_r128_w16_podinit_native32_interpolate.npz: OK
out/fields/N64_case53_dst_exact.npz: OK
out/fields/N64_case53_fno3d_w24_m8.npz: OK
out/fields/N64_case53_fno3d_w24_m8_native32_interpolate.npz: OK
out/fields/N64_case53_fno3d_w24_m8_physical_padding17.npz: OK
out/fields/N64_case53_linear_bank_galerkin.npz: OK
out/fields/N64_case53_linear_bank_weak_qR.npz: OK
out/fields/N64_case53_nmrom_K16_q0_dense.npz: OK
out/fields/N64_case53_nmrom_K16_q32_dense.npz: OK
out/fields/N64_case53_nmrom_K16_q96_dense.npz: OK
out/fields/N64_case53_pod112_galerkin.npz: OK
out/fields/N64_case53_pod112_native32_interpolated_basis_galerkin.npz: OK
out/fields/N64_case53_pod128_galerkin.npz: OK
out/fields/N64_case53_pod128_native32_interpolated_basis_galerkin.npz: OK
out/fields/N64_case53_pod16_galerkin.npz: OK
out/fields/N64_case53_pod16_native32_interpolated_basis_galerkin.npz: OK
out/fields/N64_case53_pod48_galerkin.npz: OK
out/fields/N64_case53_pod48_native32_interpolated_basis_galerkin.npz: OK
out/fields/N64_case53_reference.npz: OK
out/fields/N64_case53_transolver3d_w48_s32.npz: OK
out/fields/N64_case53_transolver3d_w48_s32_native32_interpolate.npz: OK
out/fields/N64_case53_unet3d_w16.npz: OK
out/fields/N64_case53_unet3d_w16_native32_interpolate.npz: OK
out/fields/N64_case54_cg_identity_plain_rtol1e-02_rep0.npz: OK
out/fields/N64_case54_cg_identity_plain_rtol1e-02_rep1.npz: OK
out/fields/N64_case54_cg_identity_plain_rtol1e-02_rep2.npz: OK
out/fields/N64_case54_cg_identity_plain_rtol1e-04_rep0.npz: OK
out/fields/N64_case54_cg_identity_plain_rtol1e-04_rep1.npz: OK
out/fields/N64_case54_cg_identity_plain_rtol1e-04_rep2.npz: OK
out/fields/N64_case54_cg_identity_plain_rtol1e-06_rep0.npz: OK
out/fields/N64_case54_cg_identity_plain_rtol1e-06_rep1.npz: OK
out/fields/N64_case54_cg_identity_plain_rtol1e-06_rep2.npz: OK
out/fields/N64_case54_cg_identity_rtol1e-02_rep0.npz: OK
out/fields/N64_case54_cg_identity_rtol1e-02_rep1.npz: OK
out/fields/N64_case54_cg_identity_rtol1e-02_rep2.npz: OK
out/fields/N64_case54_cg_identity_rtol1e-04_rep0.npz: OK
out/fields/N64_case54_cg_identity_rtol1e-04_rep1.npz: OK
out/fields/N64_case54_cg_identity_rtol1e-04_rep2.npz: OK
out/fields/N64_case54_cg_identity_rtol1e-06_rep0.npz: OK
out/fields/N64_case54_cg_identity_rtol1e-06_rep1.npz: OK
out/fields/N64_case54_cg_identity_rtol1e-06_rep2.npz: OK
out/fields/N64_case54_deeponet3d_r128_w16_podinit.npz: OK
out/fields/N64_case54_deeponet3d_r128_w16_podinit_native32_continuous_trunk.npz: OK
out/fields/N64_case54_deeponet3d_r128_w16_podinit_native32_interpolate.npz: OK
out/fields/N64_case54_dst_exact.npz: OK
out/fields/N64_case54_fno3d_w24_m8.npz: OK
out/fields/N64_case54_fno3d_w24_m8_native32_interpolate.npz: OK
out/fields/N64_case54_fno3d_w24_m8_physical_padding17.npz: OK
out/fields/N64_case54_linear_bank_galerkin.npz: OK
out/fields/N64_case54_linear_bank_weak_qR.npz: OK
out/fields/N64_case54_nmrom_K16_q0_dense.npz: OK
out/fields/N64_case54_nmrom_K16_q32_dense.npz: OK
out/fields/N64_case54_nmrom_K16_q96_dense.npz: OK
out/fields/N64_case54_pod112_galerkin.npz: OK
out/fields/N64_case54_pod112_native32_interpolated_basis_galerkin.npz: OK
out/fields/N64_case54_pod128_galerkin.npz: OK
out/fields/N64_case54_pod128_native32_interpolated_basis_galerkin.npz: OK
out/fields/N64_case54_pod16_galerkin.npz: OK
out/fields/N64_case54_pod16_native32_interpolated_basis_galerkin.npz: OK
out/fields/N64_case54_pod48_galerkin.npz: OK
out/fields/N64_case54_pod48_native32_interpolated_basis_galerkin.npz: OK
out/fields/N64_case54_reference.npz: OK
out/fields/N64_case54_transolver3d_w48_s32.npz: OK
out/fields/N64_case54_transolver3d_w48_s32_native32_interpolate.npz: OK
out/fields/N64_case54_unet3d_w16.npz: OK
out/fields/N64_case54_unet3d_w16_native32_interpolate.npz: OK
out/fields/N64_case55_cg_identity_plain_rtol1e-02_rep0.npz: OK
out/fields/N64_case55_cg_identity_plain_rtol1e-02_rep1.npz: OK
out/fields/N64_case55_cg_identity_plain_rtol1e-02_rep2.npz: OK
out/fields/N64_case55_cg_identity_plain_rtol1e-04_rep0.npz: OK
out/fields/N64_case55_cg_identity_plain_rtol1e-04_rep1.npz: OK
out/fields/N64_case55_cg_identity_plain_rtol1e-04_rep2.npz: OK
out/fields/N64_case55_cg_identity_plain_rtol1e-06_rep0.npz: OK
out/fields/N64_case55_cg_identity_plain_rtol1e-06_rep1.npz: OK
out/fields/N64_case55_cg_identity_plain_rtol1e-06_rep2.npz: OK
out/fields/N64_case55_cg_identity_rtol1e-02_rep0.npz: OK
out/fields/N64_case55_cg_identity_rtol1e-02_rep1.npz: OK
out/fields/N64_case55_cg_identity_rtol1e-02_rep2.npz: OK
out/fields/N64_case55_cg_identity_rtol1e-04_rep0.npz: OK
out/fields/N64_case55_cg_identity_rtol1e-04_rep1.npz: OK
out/fields/N64_case55_cg_identity_rtol1e-04_rep2.npz: OK
out/fields/N64_case55_cg_identity_rtol1e-06_rep0.npz: OK
out/fields/N64_case55_cg_identity_rtol1e-06_rep1.npz: OK
out/fields/N64_case55_cg_identity_rtol1e-06_rep2.npz: OK
out/fields/N64_case55_deeponet3d_r128_w16_podinit.npz: OK
out/fields/N64_case55_deeponet3d_r128_w16_podinit_native32_continuous_trunk.npz: OK
out/fields/N64_case55_deeponet3d_r128_w16_podinit_native32_interpolate.npz: OK
out/fields/N64_case55_dst_exact.npz: OK
out/fields/N64_case55_fno3d_w24_m8.npz: OK
out/fields/N64_case55_fno3d_w24_m8_native32_interpolate.npz: OK
out/fields/N64_case55_fno3d_w24_m8_physical_padding17.npz: OK
out/fields/N64_case55_linear_bank_galerkin.npz: OK
out/fields/N64_case55_linear_bank_weak_qR.npz: OK
out/fields/N64_case55_nmrom_K16_q0_dense.npz: OK
out/fields/N64_case55_nmrom_K16_q32_dense.npz: OK
out/fields/N64_case55_nmrom_K16_q96_dense.npz: OK
out/fields/N64_case55_pod112_galerkin.npz: OK
out/fields/N64_case55_pod112_native32_interpolated_basis_galerkin.npz: OK
out/fields/N64_case55_pod128_galerkin.npz: OK
out/fields/N64_case55_pod128_native32_interpolated_basis_galerkin.npz: OK
out/fields/N64_case55_pod16_galerkin.npz: OK
out/fields/N64_case55_pod16_native32_interpolated_basis_galerkin.npz: OK
out/fields/N64_case55_pod48_galerkin.npz: OK
out/fields/N64_case55_pod48_native32_interpolated_basis_galerkin.npz: OK
out/fields/N64_case55_reference.npz: OK
out/fields/N64_case55_transolver3d_w48_s32.npz: OK
out/fields/N64_case55_transolver3d_w48_s32_native32_interpolate.npz: OK
out/fields/N64_case55_unet3d_w16.npz: OK
out/fields/N64_case55_unet3d_w16_native32_interpolate.npz: OK
out/fields/N64_case56_cg_identity_plain_rtol1e-02_rep0.npz: OK
out/fields/N64_case56_cg_identity_plain_rtol1e-02_rep1.npz: OK
out/fields/N64_case56_cg_identity_plain_rtol1e-02_rep2.npz: OK
out/fields/N64_case56_cg_identity_plain_rtol1e-04_rep0.npz: OK
out/fields/N64_case56_cg_identity_plain_rtol1e-04_rep1.npz: OK
out/fields/N64_case56_cg_identity_plain_rtol1e-04_rep2.npz: OK
out/fields/N64_case56_cg_identity_plain_rtol1e-06_rep0.npz: OK
out/fields/N64_case56_cg_identity_plain_rtol1e-06_rep1.npz: OK
out/fields/N64_case56_cg_identity_plain_rtol1e-06_rep2.npz: OK
out/fields/N64_case56_cg_identity_rtol1e-02_rep0.npz: OK
out/fields/N64_case56_cg_identity_rtol1e-02_rep1.npz: OK
out/fields/N64_case56_cg_identity_rtol1e-02_rep2.npz: OK
out/fields/N64_case56_cg_identity_rtol1e-04_rep0.npz: OK
out/fields/N64_case56_cg_identity_rtol1e-04_rep1.npz: OK
out/fields/N64_case56_cg_identity_rtol1e-04_rep2.npz: OK
out/fields/N64_case56_cg_identity_rtol1e-06_rep0.npz: OK
out/fields/N64_case56_cg_identity_rtol1e-06_rep1.npz: OK
out/fields/N64_case56_cg_identity_rtol1e-06_rep2.npz: OK
out/fields/N64_case56_deeponet3d_r128_w16_podinit.npz: OK
out/fields/N64_case56_deeponet3d_r128_w16_podinit_native32_continuous_trunk.npz: OK
out/fields/N64_case56_deeponet3d_r128_w16_podinit_native32_interpolate.npz: OK
out/fields/N64_case56_dst_exact.npz: OK
out/fields/N64_case56_fno3d_w24_m8.npz: OK
out/fields/N64_case56_fno3d_w24_m8_native32_interpolate.npz: OK
out/fields/N64_case56_fno3d_w24_m8_physical_padding17.npz: OK
out/fields/N64_case56_linear_bank_galerkin.npz: OK
out/fields/N64_case56_linear_bank_weak_qR.npz: OK
out/fields/N64_case56_nmrom_K16_q0_dense.npz: OK
out/fields/N64_case56_nmrom_K16_q32_dense.npz: OK
out/fields/N64_case56_nmrom_K16_q96_dense.npz: OK
out/fields/N64_case56_pod112_galerkin.npz: OK
out/fields/N64_case56_pod112_native32_interpolated_basis_galerkin.npz: OK
out/fields/N64_case56_pod128_galerkin.npz: OK
out/fields/N64_case56_pod128_native32_interpolated_basis_galerkin.npz: OK
out/fields/N64_case56_pod16_galerkin.npz: OK
out/fields/N64_case56_pod16_native32_interpolated_basis_galerkin.npz: OK
out/fields/N64_case56_pod48_galerkin.npz: OK
out/fields/N64_case56_pod48_native32_interpolated_basis_galerkin.npz: OK
out/fields/N64_case56_reference.npz: OK
out/fields/N64_case56_transolver3d_w48_s32.npz: OK
out/fields/N64_case56_transolver3d_w48_s32_native32_interpolate.npz: OK
out/fields/N64_case56_unet3d_w16.npz: OK
out/fields/N64_case56_unet3d_w16_native32_interpolate.npz: OK
out/fields/N64_case57_cg_identity_plain_rtol1e-02_rep0.npz: OK
out/fields/N64_case57_cg_identity_plain_rtol1e-02_rep1.npz: OK
out/fields/N64_case57_cg_identity_plain_rtol1e-02_rep2.npz: OK
out/fields/N64_case57_cg_identity_plain_rtol1e-04_rep0.npz: OK
out/fields/N64_case57_cg_identity_plain_rtol1e-04_rep1.npz: OK
out/fields/N64_case57_cg_identity_plain_rtol1e-04_rep2.npz: OK
out/fields/N64_case57_cg_identity_plain_rtol1e-06_rep0.npz: OK
out/fields/N64_case57_cg_identity_plain_rtol1e-06_rep1.npz: OK
out/fields/N64_case57_cg_identity_plain_rtol1e-06_rep2.npz: OK
out/fields/N64_case57_cg_identity_rtol1e-02_rep0.npz: OK
out/fields/N64_case57_cg_identity_rtol1e-02_rep1.npz: OK
out/fields/N64_case57_cg_identity_rtol1e-02_rep2.npz: OK
out/fields/N64_case57_cg_identity_rtol1e-04_rep0.npz: OK
out/fields/N64_case57_cg_identity_rtol1e-04_rep1.npz: OK
out/fields/N64_case57_cg_identity_rtol1e-04_rep2.npz: OK
out/fields/N64_case57_cg_identity_rtol1e-06_rep0.npz: OK
out/fields/N64_case57_cg_identity_rtol1e-06_rep1.npz: OK
out/fields/N64_case57_cg_identity_rtol1e-06_rep2.npz: OK
out/fields/N64_case57_deeponet3d_r128_w16_podinit.npz: OK
out/fields/N64_case57_deeponet3d_r128_w16_podinit_native32_continuous_trunk.npz: OK
out/fields/N64_case57_deeponet3d_r128_w16_podinit_native32_interpolate.npz: OK
out/fields/N64_case57_dst_exact.npz: OK
out/fields/N64_case57_fno3d_w24_m8.npz: OK
out/fields/N64_case57_fno3d_w24_m8_native32_interpolate.npz: OK
out/fields/N64_case57_fno3d_w24_m8_physical_padding17.npz: OK
out/fields/N64_case57_linear_bank_galerkin.npz: OK
out/fields/N64_case57_linear_bank_weak_qR.npz: OK
out/fields/N64_case57_nmrom_K16_q0_dense.npz: OK
out/fields/N64_case57_nmrom_K16_q32_dense.npz: OK
out/fields/N64_case57_nmrom_K16_q96_dense.npz: OK
out/fields/N64_case57_pod112_galerkin.npz: OK
out/fields/N64_case57_pod112_native32_interpolated_basis_galerkin.npz: OK
out/fields/N64_case57_pod128_galerkin.npz: OK
out/fields/N64_case57_pod128_native32_interpolated_basis_galerkin.npz: OK
out/fields/N64_case57_pod16_galerkin.npz: OK
out/fields/N64_case57_pod16_native32_interpolated_basis_galerkin.npz: OK
out/fields/N64_case57_pod48_galerkin.npz: OK
out/fields/N64_case57_pod48_native32_interpolated_basis_galerkin.npz: OK
out/fields/N64_case57_reference.npz: OK
out/fields/N64_case57_transolver3d_w48_s32.npz: OK
out/fields/N64_case57_transolver3d_w48_s32_native32_interpolate.npz: OK
out/fields/N64_case57_unet3d_w16.npz: OK
out/fields/N64_case57_unet3d_w16_native32_interpolate.npz: OK
out/fields/N64_case58_cg_identity_plain_rtol1e-02_rep0.npz: OK
out/fields/N64_case58_cg_identity_plain_rtol1e-02_rep1.npz: OK
out/fields/N64_case58_cg_identity_plain_rtol1e-02_rep2.npz: OK
out/fields/N64_case58_cg_identity_plain_rtol1e-04_rep0.npz: OK
out/fields/N64_case58_cg_identity_plain_rtol1e-04_rep1.npz: OK
out/fields/N64_case58_cg_identity_plain_rtol1e-04_rep2.npz: OK
out/fields/N64_case58_cg_identity_plain_rtol1e-06_rep0.npz: OK
out/fields/N64_case58_cg_identity_plain_rtol1e-06_rep1.npz: OK
out/fields/N64_case58_cg_identity_plain_rtol1e-06_rep2.npz: OK
out/fields/N64_case58_cg_identity_rtol1e-02_rep0.npz: OK
out/fields/N64_case58_cg_identity_rtol1e-02_rep1.npz: OK
out/fields/N64_case58_cg_identity_rtol1e-02_rep2.npz: OK
out/fields/N64_case58_cg_identity_rtol1e-04_rep0.npz: OK
out/fields/N64_case58_cg_identity_rtol1e-04_rep1.npz: OK
out/fields/N64_case58_cg_identity_rtol1e-04_rep2.npz: OK
out/fields/N64_case58_cg_identity_rtol1e-06_rep0.npz: OK
out/fields/N64_case58_cg_identity_rtol1e-06_rep1.npz: OK
out/fields/N64_case58_cg_identity_rtol1e-06_rep2.npz: OK
out/fields/N64_case58_deeponet3d_r128_w16_podinit.npz: OK
out/fields/N64_case58_deeponet3d_r128_w16_podinit_native32_continuous_trunk.npz: OK
out/fields/N64_case58_deeponet3d_r128_w16_podinit_native32_interpolate.npz: OK
out/fields/N64_case58_dst_exact.npz: OK
out/fields/N64_case58_fno3d_w24_m8.npz: OK
out/fields/N64_case58_fno3d_w24_m8_native32_interpolate.npz: OK
out/fields/N64_case58_fno3d_w24_m8_physical_padding17.npz: OK
out/fields/N64_case58_linear_bank_galerkin.npz: OK
out/fields/N64_case58_linear_bank_weak_qR.npz: OK
out/fields/N64_case58_nmrom_K16_q0_dense.npz: OK
out/fields/N64_case58_nmrom_K16_q32_dense.npz: OK
out/fields/N64_case58_nmrom_K16_q96_dense.npz: OK
out/fields/N64_case58_pod112_galerkin.npz: OK
out/fields/N64_case58_pod112_native32_interpolated_basis_galerkin.npz: OK
out/fields/N64_case58_pod128_galerkin.npz: OK
out/fields/N64_case58_pod128_native32_interpolated_basis_galerkin.npz: OK
out/fields/N64_case58_pod16_galerkin.npz: OK
out/fields/N64_case58_pod16_native32_interpolated_basis_galerkin.npz: OK
out/fields/N64_case58_pod48_galerkin.npz: OK
out/fields/N64_case58_pod48_native32_interpolated_basis_galerkin.npz: OK
out/fields/N64_case58_reference.npz: OK
out/fields/N64_case58_transolver3d_w48_s32.npz: OK
out/fields/N64_case58_transolver3d_w48_s32_native32_interpolate.npz: OK
out/fields/N64_case58_unet3d_w16.npz: OK
out/fields/N64_case58_unet3d_w16_native32_interpolate.npz: OK
out/fields/N64_case59_cg_identity_plain_rtol1e-02_rep0.npz: OK
out/fields/N64_case59_cg_identity_plain_rtol1e-02_rep1.npz: OK
out/fields/N64_case59_cg_identity_plain_rtol1e-02_rep2.npz: OK
out/fields/N64_case59_cg_identity_plain_rtol1e-04_rep0.npz: OK
out/fields/N64_case59_cg_identity_plain_rtol1e-04_rep1.npz: OK
out/fields/N64_case59_cg_identity_plain_rtol1e-04_rep2.npz: OK
out/fields/N64_case59_cg_identity_plain_rtol1e-06_rep0.npz: OK
out/fields/N64_case59_cg_identity_plain_rtol1e-06_rep1.npz: OK
out/fields/N64_case59_cg_identity_plain_rtol1e-06_rep2.npz: OK
out/fields/N64_case59_cg_identity_rtol1e-02_rep0.npz: OK
out/fields/N64_case59_cg_identity_rtol1e-02_rep1.npz: OK
out/fields/N64_case59_cg_identity_rtol1e-02_rep2.npz: OK
out/fields/N64_case59_cg_identity_rtol1e-04_rep0.npz: OK
out/fields/N64_case59_cg_identity_rtol1e-04_rep1.npz: OK
out/fields/N64_case59_cg_identity_rtol1e-04_rep2.npz: OK
out/fields/N64_case59_cg_identity_rtol1e-06_rep0.npz: OK
out/fields/N64_case59_cg_identity_rtol1e-06_rep1.npz: OK
out/fields/N64_case59_cg_identity_rtol1e-06_rep2.npz: OK
out/fields/N64_case59_deeponet3d_r128_w16_podinit.npz: OK
out/fields/N64_case59_deeponet3d_r128_w16_podinit_native32_continuous_trunk.npz: OK
out/fields/N64_case59_deeponet3d_r128_w16_podinit_native32_interpolate.npz: OK
out/fields/N64_case59_dst_exact.npz: OK
out/fields/N64_case59_fno3d_w24_m8.npz: OK
out/fields/N64_case59_fno3d_w24_m8_native32_interpolate.npz: OK
out/fields/N64_case59_fno3d_w24_m8_physical_padding17.npz: OK
out/fields/N64_case59_linear_bank_galerkin.npz: OK
out/fields/N64_case59_linear_bank_weak_qR.npz: OK
out/fields/N64_case59_nmrom_K16_q0_dense.npz: OK
out/fields/N64_case59_nmrom_K16_q32_dense.npz: OK
out/fields/N64_case59_nmrom_K16_q96_dense.npz: OK
out/fields/N64_case59_pod112_galerkin.npz: OK
out/fields/N64_case59_pod112_native32_interpolated_basis_galerkin.npz: OK
out/fields/N64_case59_pod128_galerkin.npz: OK
out/fields/N64_case59_pod128_native32_interpolated_basis_galerkin.npz: OK
out/fields/N64_case59_pod16_galerkin.npz: OK
out/fields/N64_case59_pod16_native32_interpolated_basis_galerkin.npz: OK
out/fields/N64_case59_pod48_galerkin.npz: OK
out/fields/N64_case59_pod48_native32_interpolated_basis_galerkin.npz: OK
out/fields/N64_case59_reference.npz: OK
out/fields/N64_case59_transolver3d_w48_s32.npz: OK
out/fields/N64_case59_transolver3d_w48_s32_native32_interpolate.npz: OK
out/fields/N64_case59_unet3d_w16.npz: OK
out/fields/N64_case59_unet3d_w16_native32_interpolate.npz: OK
out/fields/N64_case5_cg_identity_plain_rtol1e-02_rep0.npz: OK
out/fields/N64_case5_cg_identity_plain_rtol1e-02_rep1.npz: OK
out/fields/N64_case5_cg_identity_plain_rtol1e-02_rep2.npz: OK
out/fields/N64_case5_cg_identity_plain_rtol1e-04_rep0.npz: OK
out/fields/N64_case5_cg_identity_plain_rtol1e-04_rep1.npz: OK
out/fields/N64_case5_cg_identity_plain_rtol1e-04_rep2.npz: OK
out/fields/N64_case5_cg_identity_plain_rtol1e-06_rep0.npz: OK
out/fields/N64_case5_cg_identity_plain_rtol1e-06_rep1.npz: OK
out/fields/N64_case5_cg_identity_plain_rtol1e-06_rep2.npz: OK
out/fields/N64_case5_cg_identity_rtol1e-02_rep0.npz: OK
out/fields/N64_case5_cg_identity_rtol1e-02_rep1.npz: OK
out/fields/N64_case5_cg_identity_rtol1e-02_rep2.npz: OK
out/fields/N64_case5_cg_identity_rtol1e-04_rep0.npz: OK
out/fields/N64_case5_cg_identity_rtol1e-04_rep1.npz: OK
out/fields/N64_case5_cg_identity_rtol1e-04_rep2.npz: OK
out/fields/N64_case5_cg_identity_rtol1e-06_rep0.npz: OK
out/fields/N64_case5_cg_identity_rtol1e-06_rep1.npz: OK
out/fields/N64_case5_cg_identity_rtol1e-06_rep2.npz: OK
out/fields/N64_case5_deeponet3d_r128_w16_podinit.npz: OK
out/fields/N64_case5_deeponet3d_r128_w16_podinit_native32_continuous_trunk.npz: OK
out/fields/N64_case5_deeponet3d_r128_w16_podinit_native32_interpolate.npz: OK
out/fields/N64_case5_dst_exact.npz: OK
out/fields/N64_case5_fno3d_w24_m8.npz: OK
out/fields/N64_case5_fno3d_w24_m8_native32_interpolate.npz: OK
out/fields/N64_case5_fno3d_w24_m8_physical_padding17.npz: OK
out/fields/N64_case5_linear_bank_galerkin.npz: OK
out/fields/N64_case5_linear_bank_weak_qR.npz: OK
out/fields/N64_case5_nmrom_K16_q0_dense.npz: OK
out/fields/N64_case5_nmrom_K16_q32_dense.npz: OK
out/fields/N64_case5_nmrom_K16_q96_dense.npz: OK
out/fields/N64_case5_pod112_galerkin.npz: OK
out/fields/N64_case5_pod112_native32_interpolated_basis_galerkin.npz: OK
out/fields/N64_case5_pod128_galerkin.npz: OK
out/fields/N64_case5_pod128_native32_interpolated_basis_galerkin.npz: OK
out/fields/N64_case5_pod16_galerkin.npz: OK
out/fields/N64_case5_pod16_native32_interpolated_basis_galerkin.npz: OK
out/fields/N64_case5_pod48_galerkin.npz: OK
out/fields/N64_case5_pod48_native32_interpolated_basis_galerkin.npz: OK
out/fields/N64_case5_reference.npz: OK
out/fields/N64_case5_transolver3d_w48_s32.npz: OK
out/fields/N64_case5_transolver3d_w48_s32_native32_interpolate.npz: OK
out/fields/N64_case5_unet3d_w16.npz: OK
out/fields/N64_case5_unet3d_w16_native32_interpolate.npz: OK
out/fields/N64_case60_cg_identity_plain_rtol1e-02_rep0.npz: OK
out/fields/N64_case60_cg_identity_plain_rtol1e-02_rep1.npz: OK
out/fields/N64_case60_cg_identity_plain_rtol1e-02_rep2.npz: OK
out/fields/N64_case60_cg_identity_plain_rtol1e-04_rep0.npz: OK
out/fields/N64_case60_cg_identity_plain_rtol1e-04_rep1.npz: OK
out/fields/N64_case60_cg_identity_plain_rtol1e-04_rep2.npz: OK
out/fields/N64_case60_cg_identity_plain_rtol1e-06_rep0.npz: OK
out/fields/N64_case60_cg_identity_plain_rtol1e-06_rep1.npz: OK
out/fields/N64_case60_cg_identity_plain_rtol1e-06_rep2.npz: OK
out/fields/N64_case60_cg_identity_rtol1e-02_rep0.npz: OK
out/fields/N64_case60_cg_identity_rtol1e-02_rep1.npz: OK
out/fields/N64_case60_cg_identity_rtol1e-02_rep2.npz: OK
out/fields/N64_case60_cg_identity_rtol1e-04_rep0.npz: OK
out/fields/N64_case60_cg_identity_rtol1e-04_rep1.npz: OK
out/fields/N64_case60_cg_identity_rtol1e-04_rep2.npz: OK
out/fields/N64_case60_cg_identity_rtol1e-06_rep0.npz: OK
out/fields/N64_case60_cg_identity_rtol1e-06_rep1.npz: OK
out/fields/N64_case60_cg_identity_rtol1e-06_rep2.npz: OK
out/fields/N64_case60_deeponet3d_r128_w16_podinit.npz: OK
out/fields/N64_case60_deeponet3d_r128_w16_podinit_native32_continuous_trunk.npz: OK
out/fields/N64_case60_deeponet3d_r128_w16_podinit_native32_interpolate.npz: OK
out/fields/N64_case60_dst_exact.npz: OK
out/fields/N64_case60_fno3d_w24_m8.npz: OK
out/fields/N64_case60_fno3d_w24_m8_native32_interpolate.npz: OK
out/fields/N64_case60_fno3d_w24_m8_physical_padding17.npz: OK
out/fields/N64_case60_linear_bank_galerkin.npz: OK
out/fields/N64_case60_linear_bank_weak_qR.npz: OK
out/fields/N64_case60_nmrom_K16_q0_dense.npz: OK
out/fields/N64_case60_nmrom_K16_q32_dense.npz: OK
out/fields/N64_case60_nmrom_K16_q96_dense.npz: OK
out/fields/N64_case60_pod112_galerkin.npz: OK
out/fields/N64_case60_pod112_native32_interpolated_basis_galerkin.npz: OK
out/fields/N64_case60_pod128_galerkin.npz: OK
out/fields/N64_case60_pod128_native32_interpolated_basis_galerkin.npz: OK
out/fields/N64_case60_pod16_galerkin.npz: OK
out/fields/N64_case60_pod16_native32_interpolated_basis_galerkin.npz: OK
out/fields/N64_case60_pod48_galerkin.npz: OK
out/fields/N64_case60_pod48_native32_interpolated_basis_galerkin.npz: OK
out/fields/N64_case60_reference.npz: OK
out/fields/N64_case60_transolver3d_w48_s32.npz: OK
out/fields/N64_case60_transolver3d_w48_s32_native32_interpolate.npz: OK
out/fields/N64_case60_unet3d_w16.npz: OK
out/fields/N64_case60_unet3d_w16_native32_interpolate.npz: OK
out/fields/N64_case61_cg_identity_plain_rtol1e-02_rep0.npz: OK
out/fields/N64_case61_cg_identity_plain_rtol1e-02_rep1.npz: OK
out/fields/N64_case61_cg_identity_plain_rtol1e-02_rep2.npz: OK
out/fields/N64_case61_cg_identity_plain_rtol1e-04_rep0.npz: OK
out/fields/N64_case61_cg_identity_plain_rtol1e-04_rep1.npz: OK
out/fields/N64_case61_cg_identity_plain_rtol1e-04_rep2.npz: OK
out/fields/N64_case61_cg_identity_plain_rtol1e-06_rep0.npz: OK
out/fields/N64_case61_cg_identity_plain_rtol1e-06_rep1.npz: OK
out/fields/N64_case61_cg_identity_plain_rtol1e-06_rep2.npz: OK
out/fields/N64_case61_cg_identity_rtol1e-02_rep0.npz: OK
out/fields/N64_case61_cg_identity_rtol1e-02_rep1.npz: OK
out/fields/N64_case61_cg_identity_rtol1e-02_rep2.npz: OK
out/fields/N64_case61_cg_identity_rtol1e-04_rep0.npz: OK
out/fields/N64_case61_cg_identity_rtol1e-04_rep1.npz: OK
out/fields/N64_case61_cg_identity_rtol1e-04_rep2.npz: OK
out/fields/N64_case61_cg_identity_rtol1e-06_rep0.npz: OK
out/fields/N64_case61_cg_identity_rtol1e-06_rep1.npz: OK
out/fields/N64_case61_cg_identity_rtol1e-06_rep2.npz: OK
out/fields/N64_case61_deeponet3d_r128_w16_podinit.npz: OK
out/fields/N64_case61_deeponet3d_r128_w16_podinit_native32_continuous_trunk.npz: OK
out/fields/N64_case61_deeponet3d_r128_w16_podinit_native32_interpolate.npz: OK
out/fields/N64_case61_dst_exact.npz: OK
out/fields/N64_case61_fno3d_w24_m8.npz: OK
out/fields/N64_case61_fno3d_w24_m8_native32_interpolate.npz: OK
out/fields/N64_case61_fno3d_w24_m8_physical_padding17.npz: OK
out/fields/N64_case61_linear_bank_galerkin.npz: OK
out/fields/N64_case61_linear_bank_weak_qR.npz: OK
out/fields/N64_case61_nmrom_K16_q0_dense.npz: OK
out/fields/N64_case61_nmrom_K16_q32_dense.npz: OK
out/fields/N64_case61_nmrom_K16_q96_dense.npz: OK
out/fields/N64_case61_pod112_galerkin.npz: OK
out/fields/N64_case61_pod112_native32_interpolated_basis_galerkin.npz: OK
out/fields/N64_case61_pod128_galerkin.npz: OK
out/fields/N64_case61_pod128_native32_interpolated_basis_galerkin.npz: OK
out/fields/N64_case61_pod16_galerkin.npz: OK
out/fields/N64_case61_pod16_native32_interpolated_basis_galerkin.npz: OK
out/fields/N64_case61_pod48_galerkin.npz: OK
out/fields/N64_case61_pod48_native32_interpolated_basis_galerkin.npz: OK
out/fields/N64_case61_reference.npz: OK
out/fields/N64_case61_transolver3d_w48_s32.npz: OK
out/fields/N64_case61_transolver3d_w48_s32_native32_interpolate.npz: OK
out/fields/N64_case61_unet3d_w16.npz: OK
out/fields/N64_case61_unet3d_w16_native32_interpolate.npz: OK
out/fields/N64_case62_cg_identity_plain_rtol1e-02_rep0.npz: OK
out/fields/N64_case62_cg_identity_plain_rtol1e-02_rep1.npz: OK
out/fields/N64_case62_cg_identity_plain_rtol1e-02_rep2.npz: OK
out/fields/N64_case62_cg_identity_plain_rtol1e-04_rep0.npz: OK
out/fields/N64_case62_cg_identity_plain_rtol1e-04_rep1.npz: OK
out/fields/N64_case62_cg_identity_plain_rtol1e-04_rep2.npz: OK
out/fields/N64_case62_cg_identity_plain_rtol1e-06_rep0.npz: OK
out/fields/N64_case62_cg_identity_plain_rtol1e-06_rep1.npz: OK
out/fields/N64_case62_cg_identity_plain_rtol1e-06_rep2.npz: OK
out/fields/N64_case62_cg_identity_rtol1e-02_rep0.npz: OK
out/fields/N64_case62_cg_identity_rtol1e-02_rep1.npz: OK
out/fields/N64_case62_cg_identity_rtol1e-02_rep2.npz: OK
out/fields/N64_case62_cg_identity_rtol1e-04_rep0.npz: OK
out/fields/N64_case62_cg_identity_rtol1e-04_rep1.npz: OK
out/fields/N64_case62_cg_identity_rtol1e-04_rep2.npz: OK
out/fields/N64_case62_cg_identity_rtol1e-06_rep0.npz: OK
out/fields/N64_case62_cg_identity_rtol1e-06_rep1.npz: OK
out/fields/N64_case62_cg_identity_rtol1e-06_rep2.npz: OK
out/fields/N64_case62_deeponet3d_r128_w16_podinit.npz: OK
out/fields/N64_case62_deeponet3d_r128_w16_podinit_native32_continuous_trunk.npz: OK
out/fields/N64_case62_deeponet3d_r128_w16_podinit_native32_interpolate.npz: OK
out/fields/N64_case62_dst_exact.npz: OK
out/fields/N64_case62_fno3d_w24_m8.npz: OK
out/fields/N64_case62_fno3d_w24_m8_native32_interpolate.npz: OK
out/fields/N64_case62_fno3d_w24_m8_physical_padding17.npz: OK
out/fields/N64_case62_linear_bank_galerkin.npz: OK
out/fields/N64_case62_linear_bank_weak_qR.npz: OK
out/fields/N64_case62_nmrom_K16_q0_dense.npz: OK
out/fields/N64_case62_nmrom_K16_q32_dense.npz: OK
out/fields/N64_case62_nmrom_K16_q96_dense.npz: OK
out/fields/N64_case62_pod112_galerkin.npz: OK
out/fields/N64_case62_pod112_native32_interpolated_basis_galerkin.npz: OK
out/fields/N64_case62_pod128_galerkin.npz: OK
out/fields/N64_case62_pod128_native32_interpolated_basis_galerkin.npz: OK
out/fields/N64_case62_pod16_galerkin.npz: OK
out/fields/N64_case62_pod16_native32_interpolated_basis_galerkin.npz: OK
out/fields/N64_case62_pod48_galerkin.npz: OK
out/fields/N64_case62_pod48_native32_interpolated_basis_galerkin.npz: OK
out/fields/N64_case62_reference.npz: OK
out/fields/N64_case62_transolver3d_w48_s32.npz: OK
out/fields/N64_case62_transolver3d_w48_s32_native32_interpolate.npz: OK
out/fields/N64_case62_unet3d_w16.npz: OK
out/fields/N64_case62_unet3d_w16_native32_interpolate.npz: OK
out/fields/N64_case63_cg_identity_plain_rtol1e-02_rep0.npz: OK
out/fields/N64_case63_cg_identity_plain_rtol1e-02_rep1.npz: OK
out/fields/N64_case63_cg_identity_plain_rtol1e-02_rep2.npz: OK
out/fields/N64_case63_cg_identity_plain_rtol1e-04_rep0.npz: OK
out/fields/N64_case63_cg_identity_plain_rtol1e-04_rep1.npz: OK
out/fields/N64_case63_cg_identity_plain_rtol1e-04_rep2.npz: OK
out/fields/N64_case63_cg_identity_plain_rtol1e-06_rep0.npz: OK
out/fields/N64_case63_cg_identity_plain_rtol1e-06_rep1.npz: OK
out/fields/N64_case63_cg_identity_plain_rtol1e-06_rep2.npz: OK
out/fields/N64_case63_cg_identity_rtol1e-02_rep0.npz: OK
out/fields/N64_case63_cg_identity_rtol1e-02_rep1.npz: OK
out/fields/N64_case63_cg_identity_rtol1e-02_rep2.npz: OK
out/fields/N64_case63_cg_identity_rtol1e-04_rep0.npz: OK
out/fields/N64_case63_cg_identity_rtol1e-04_rep1.npz: OK
out/fields/N64_case63_cg_identity_rtol1e-04_rep2.npz: OK
out/fields/N64_case63_cg_identity_rtol1e-06_rep0.npz: OK
out/fields/N64_case63_cg_identity_rtol1e-06_rep1.npz: OK
out/fields/N64_case63_cg_identity_rtol1e-06_rep2.npz: OK
out/fields/N64_case63_deeponet3d_r128_w16_podinit.npz: OK
out/fields/N64_case63_deeponet3d_r128_w16_podinit_native32_continuous_trunk.npz: OK
out/fields/N64_case63_deeponet3d_r128_w16_podinit_native32_interpolate.npz: OK
out/fields/N64_case63_dst_exact.npz: OK
out/fields/N64_case63_fno3d_w24_m8.npz: OK
out/fields/N64_case63_fno3d_w24_m8_native32_interpolate.npz: OK
out/fields/N64_case63_fno3d_w24_m8_physical_padding17.npz: OK
out/fields/N64_case63_linear_bank_galerkin.npz: OK
out/fields/N64_case63_linear_bank_weak_qR.npz: OK
out/fields/N64_case63_nmrom_K16_q0_dense.npz: OK
out/fields/N64_case63_nmrom_K16_q32_dense.npz: OK
out/fields/N64_case63_nmrom_K16_q96_dense.npz: OK
out/fields/N64_case63_pod112_galerkin.npz: OK
out/fields/N64_case63_pod112_native32_interpolated_basis_galerkin.npz: OK
out/fields/N64_case63_pod128_galerkin.npz: OK
out/fields/N64_case63_pod128_native32_interpolated_basis_galerkin.npz: OK
out/fields/N64_case63_pod16_galerkin.npz: OK
out/fields/N64_case63_pod16_native32_interpolated_basis_galerkin.npz: OK
out/fields/N64_case63_pod48_galerkin.npz: OK
out/fields/N64_case63_pod48_native32_interpolated_basis_galerkin.npz: OK
out/fields/N64_case63_reference.npz: OK
out/fields/N64_case63_transolver3d_w48_s32.npz: OK
out/fields/N64_case63_transolver3d_w48_s32_native32_interpolate.npz: OK
out/fields/N64_case63_unet3d_w16.npz: OK
out/fields/N64_case63_unet3d_w16_native32_interpolate.npz: OK
out/fields/N64_case6_cg_identity_plain_rtol1e-02_rep0.npz: OK
out/fields/N64_case6_cg_identity_plain_rtol1e-02_rep1.npz: OK
out/fields/N64_case6_cg_identity_plain_rtol1e-02_rep2.npz: OK
out/fields/N64_case6_cg_identity_plain_rtol1e-04_rep0.npz: OK
out/fields/N64_case6_cg_identity_plain_rtol1e-04_rep1.npz: OK
out/fields/N64_case6_cg_identity_plain_rtol1e-04_rep2.npz: OK
out/fields/N64_case6_cg_identity_plain_rtol1e-06_rep0.npz: OK
out/fields/N64_case6_cg_identity_plain_rtol1e-06_rep1.npz: OK
out/fields/N64_case6_cg_identity_plain_rtol1e-06_rep2.npz: OK
out/fields/N64_case6_cg_identity_rtol1e-02_rep0.npz: OK
out/fields/N64_case6_cg_identity_rtol1e-02_rep1.npz: OK
out/fields/N64_case6_cg_identity_rtol1e-02_rep2.npz: OK
out/fields/N64_case6_cg_identity_rtol1e-04_rep0.npz: OK
out/fields/N64_case6_cg_identity_rtol1e-04_rep1.npz: OK
out/fields/N64_case6_cg_identity_rtol1e-04_rep2.npz: OK
out/fields/N64_case6_cg_identity_rtol1e-06_rep0.npz: OK
out/fields/N64_case6_cg_identity_rtol1e-06_rep1.npz: OK
out/fields/N64_case6_cg_identity_rtol1e-06_rep2.npz: OK
out/fields/N64_case6_deeponet3d_r128_w16_podinit.npz: OK
out/fields/N64_case6_deeponet3d_r128_w16_podinit_native32_continuous_trunk.npz: OK
out/fields/N64_case6_deeponet3d_r128_w16_podinit_native32_interpolate.npz: OK
out/fields/N64_case6_dst_exact.npz: OK
out/fields/N64_case6_fno3d_w24_m8.npz: OK
out/fields/N64_case6_fno3d_w24_m8_native32_interpolate.npz: OK
out/fields/N64_case6_fno3d_w24_m8_physical_padding17.npz: OK
out/fields/N64_case6_linear_bank_galerkin.npz: OK
out/fields/N64_case6_linear_bank_weak_qR.npz: OK
out/fields/N64_case6_nmrom_K16_q0_dense.npz: OK
out/fields/N64_case6_nmrom_K16_q32_dense.npz: OK
out/fields/N64_case6_nmrom_K16_q96_dense.npz: OK
out/fields/N64_case6_pod112_galerkin.npz: OK
out/fields/N64_case6_pod112_native32_interpolated_basis_galerkin.npz: OK
out/fields/N64_case6_pod128_galerkin.npz: OK
out/fields/N64_case6_pod128_native32_interpolated_basis_galerkin.npz: OK
out/fields/N64_case6_pod16_galerkin.npz: OK
out/fields/N64_case6_pod16_native32_interpolated_basis_galerkin.npz: OK
out/fields/N64_case6_pod48_galerkin.npz: OK
out/fields/N64_case6_pod48_native32_interpolated_basis_galerkin.npz: OK
out/fields/N64_case6_reference.npz: OK
out/fields/N64_case6_transolver3d_w48_s32.npz: OK
out/fields/N64_case6_transolver3d_w48_s32_native32_interpolate.npz: OK
out/fields/N64_case6_unet3d_w16.npz: OK
out/fields/N64_case6_unet3d_w16_native32_interpolate.npz: OK
out/fields/N64_case7_cg_identity_plain_rtol1e-02_rep0.npz: OK
out/fields/N64_case7_cg_identity_plain_rtol1e-02_rep1.npz: OK
out/fields/N64_case7_cg_identity_plain_rtol1e-02_rep2.npz: OK
out/fields/N64_case7_cg_identity_plain_rtol1e-04_rep0.npz: OK
out/fields/N64_case7_cg_identity_plain_rtol1e-04_rep1.npz: OK
out/fields/N64_case7_cg_identity_plain_rtol1e-04_rep2.npz: OK
out/fields/N64_case7_cg_identity_plain_rtol1e-06_rep0.npz: OK
out/fields/N64_case7_cg_identity_plain_rtol1e-06_rep1.npz: OK
out/fields/N64_case7_cg_identity_plain_rtol1e-06_rep2.npz: OK
out/fields/N64_case7_cg_identity_rtol1e-02_rep0.npz: OK
out/fields/N64_case7_cg_identity_rtol1e-02_rep1.npz: OK
out/fields/N64_case7_cg_identity_rtol1e-02_rep2.npz: OK
out/fields/N64_case7_cg_identity_rtol1e-04_rep0.npz: OK
out/fields/N64_case7_cg_identity_rtol1e-04_rep1.npz: OK
out/fields/N64_case7_cg_identity_rtol1e-04_rep2.npz: OK
out/fields/N64_case7_cg_identity_rtol1e-06_rep0.npz: OK
out/fields/N64_case7_cg_identity_rtol1e-06_rep1.npz: OK
out/fields/N64_case7_cg_identity_rtol1e-06_rep2.npz: OK
out/fields/N64_case7_deeponet3d_r128_w16_podinit.npz: OK
out/fields/N64_case7_deeponet3d_r128_w16_podinit_native32_continuous_trunk.npz: OK
out/fields/N64_case7_deeponet3d_r128_w16_podinit_native32_interpolate.npz: OK
out/fields/N64_case7_dst_exact.npz: OK
out/fields/N64_case7_fno3d_w24_m8.npz: OK
out/fields/N64_case7_fno3d_w24_m8_native32_interpolate.npz: OK
out/fields/N64_case7_fno3d_w24_m8_physical_padding17.npz: OK
out/fields/N64_case7_linear_bank_galerkin.npz: OK
out/fields/N64_case7_linear_bank_weak_qR.npz: OK
out/fields/N64_case7_nmrom_K16_q0_dense.npz: OK
out/fields/N64_case7_nmrom_K16_q32_dense.npz: OK
out/fields/N64_case7_nmrom_K16_q96_dense.npz: OK
out/fields/N64_case7_pod112_galerkin.npz: OK
out/fields/N64_case7_pod112_native32_interpolated_basis_galerkin.npz: OK
out/fields/N64_case7_pod128_galerkin.npz: OK
out/fields/N64_case7_pod128_native32_interpolated_basis_galerkin.npz: OK
out/fields/N64_case7_pod16_galerkin.npz: OK
out/fields/N64_case7_pod16_native32_interpolated_basis_galerkin.npz: OK
out/fields/N64_case7_pod48_galerkin.npz: OK
out/fields/N64_case7_pod48_native32_interpolated_basis_galerkin.npz: OK
out/fields/N64_case7_reference.npz: OK
out/fields/N64_case7_transolver3d_w48_s32.npz: OK
out/fields/N64_case7_transolver3d_w48_s32_native32_interpolate.npz: OK
out/fields/N64_case7_unet3d_w16.npz: OK
out/fields/N64_case7_unet3d_w16_native32_interpolate.npz: OK
out/fields/N64_case8_cg_identity_plain_rtol1e-02_rep0.npz: OK
out/fields/N64_case8_cg_identity_plain_rtol1e-02_rep1.npz: OK
out/fields/N64_case8_cg_identity_plain_rtol1e-02_rep2.npz: OK
out/fields/N64_case8_cg_identity_plain_rtol1e-04_rep0.npz: OK
out/fields/N64_case8_cg_identity_plain_rtol1e-04_rep1.npz: OK
out/fields/N64_case8_cg_identity_plain_rtol1e-04_rep2.npz: OK
out/fields/N64_case8_cg_identity_plain_rtol1e-06_rep0.npz: OK
out/fields/N64_case8_cg_identity_plain_rtol1e-06_rep1.npz: OK
out/fields/N64_case8_cg_identity_plain_rtol1e-06_rep2.npz: OK
out/fields/N64_case8_cg_identity_rtol1e-02_rep0.npz: OK
out/fields/N64_case8_cg_identity_rtol1e-02_rep1.npz: OK
out/fields/N64_case8_cg_identity_rtol1e-02_rep2.npz: OK
out/fields/N64_case8_cg_identity_rtol1e-04_rep0.npz: OK
out/fields/N64_case8_cg_identity_rtol1e-04_rep1.npz: OK
out/fields/N64_case8_cg_identity_rtol1e-04_rep2.npz: OK
out/fields/N64_case8_cg_identity_rtol1e-06_rep0.npz: OK
out/fields/N64_case8_cg_identity_rtol1e-06_rep1.npz: OK
out/fields/N64_case8_cg_identity_rtol1e-06_rep2.npz: OK
out/fields/N64_case8_deeponet3d_r128_w16_podinit.npz: OK
out/fields/N64_case8_deeponet3d_r128_w16_podinit_native32_continuous_trunk.npz: OK
out/fields/N64_case8_deeponet3d_r128_w16_podinit_native32_interpolate.npz: OK
out/fields/N64_case8_dst_exact.npz: OK
out/fields/N64_case8_fno3d_w24_m8.npz: OK
out/fields/N64_case8_fno3d_w24_m8_native32_interpolate.npz: OK
out/fields/N64_case8_fno3d_w24_m8_physical_padding17.npz: OK
out/fields/N64_case8_linear_bank_galerkin.npz: OK
out/fields/N64_case8_linear_bank_weak_qR.npz: OK
out/fields/N64_case8_nmrom_K16_q0_dense.npz: OK
out/fields/N64_case8_nmrom_K16_q32_dense.npz: OK
out/fields/N64_case8_nmrom_K16_q96_dense.npz: OK
out/fields/N64_case8_pod112_galerkin.npz: OK
out/fields/N64_case8_pod112_native32_interpolated_basis_galerkin.npz: OK
out/fields/N64_case8_pod128_galerkin.npz: OK
out/fields/N64_case8_pod128_native32_interpolated_basis_galerkin.npz: OK
out/fields/N64_case8_pod16_galerkin.npz: OK
out/fields/N64_case8_pod16_native32_interpolated_basis_galerkin.npz: OK
out/fields/N64_case8_pod48_galerkin.npz: OK
out/fields/N64_case8_pod48_native32_interpolated_basis_galerkin.npz: OK
out/fields/N64_case8_reference.npz: OK
out/fields/N64_case8_transolver3d_w48_s32.npz: OK
out/fields/N64_case8_transolver3d_w48_s32_native32_interpolate.npz: OK
out/fields/N64_case8_unet3d_w16.npz: OK
out/fields/N64_case8_unet3d_w16_native32_interpolate.npz: OK
out/fields/N64_case9_cg_identity_plain_rtol1e-02_rep0.npz: OK
out/fields/N64_case9_cg_identity_plain_rtol1e-02_rep1.npz: OK
out/fields/N64_case9_cg_identity_plain_rtol1e-02_rep2.npz: OK
out/fields/N64_case9_cg_identity_plain_rtol1e-04_rep0.npz: OK
out/fields/N64_case9_cg_identity_plain_rtol1e-04_rep1.npz: OK
out/fields/N64_case9_cg_identity_plain_rtol1e-04_rep2.npz: OK
out/fields/N64_case9_cg_identity_plain_rtol1e-06_rep0.npz: OK
out/fields/N64_case9_cg_identity_plain_rtol1e-06_rep1.npz: OK
out/fields/N64_case9_cg_identity_plain_rtol1e-06_rep2.npz: OK
out/fields/N64_case9_cg_identity_rtol1e-02_rep0.npz: OK
out/fields/N64_case9_cg_identity_rtol1e-02_rep1.npz: OK
out/fields/N64_case9_cg_identity_rtol1e-02_rep2.npz: OK
out/fields/N64_case9_cg_identity_rtol1e-04_rep0.npz: OK
out/fields/N64_case9_cg_identity_rtol1e-04_rep1.npz: OK
out/fields/N64_case9_cg_identity_rtol1e-04_rep2.npz: OK
out/fields/N64_case9_cg_identity_rtol1e-06_rep0.npz: OK
out/fields/N64_case9_cg_identity_rtol1e-06_rep1.npz: OK
out/fields/N64_case9_cg_identity_rtol1e-06_rep2.npz: OK
out/fields/N64_case9_deeponet3d_r128_w16_podinit.npz: OK
out/fields/N64_case9_deeponet3d_r128_w16_podinit_native32_continuous_trunk.npz: OK
out/fields/N64_case9_deeponet3d_r128_w16_podinit_native32_interpolate.npz: OK
out/fields/N64_case9_dst_exact.npz: OK
out/fields/N64_case9_fno3d_w24_m8.npz: OK
out/fields/N64_case9_fno3d_w24_m8_native32_interpolate.npz: OK
out/fields/N64_case9_fno3d_w24_m8_physical_padding17.npz: OK
out/fields/N64_case9_linear_bank_galerkin.npz: OK
out/fields/N64_case9_linear_bank_weak_qR.npz: OK
out/fields/N64_case9_nmrom_K16_q0_dense.npz: OK
out/fields/N64_case9_nmrom_K16_q32_dense.npz: OK
out/fields/N64_case9_nmrom_K16_q96_dense.npz: OK
out/fields/N64_case9_pod112_galerkin.npz: OK
out/fields/N64_case9_pod112_native32_interpolated_basis_galerkin.npz: OK
out/fields/N64_case9_pod128_galerkin.npz: OK
out/fields/N64_case9_pod128_native32_interpolated_basis_galerkin.npz: OK
out/fields/N64_case9_pod16_galerkin.npz: OK
out/fields/N64_case9_pod16_native32_interpolated_basis_galerkin.npz: OK
out/fields/N64_case9_pod48_galerkin.npz: OK
out/fields/N64_case9_pod48_native32_interpolated_basis_galerkin.npz: OK
out/fields/N64_case9_reference.npz: OK
out/fields/N64_case9_transolver3d_w48_s32.npz: OK
out/fields/N64_case9_transolver3d_w48_s32_native32_interpolate.npz: OK
out/fields/N64_case9_unet3d_w16.npz: OK
out/fields/N64_case9_unet3d_w16_native32_interpolate.npz: OK
out/head_K16.pkl: OK
out/offline/pod_N32.json: OK
out/offline/pod_N32.npy: OK
out/offline/pod_N64.json: OK
out/offline/pod_N64.npy: OK
out/operators/deeponet3d_r128_w16_podinit/best.pkl: OK
out/operators/deeponet3d_r128_w16_podinit/training.json: OK
out/operators/fno3d_w24_m8/best.pkl: OK
out/operators/fno3d_w24_m8/training.json: OK
out/operators/transolver3d_w48_s32/best.pkl: OK
out/operators/transolver3d_w48_s32/training.json: OK
out/operators/unet3d_w16/best.pkl: OK
out/operators/unet3d_w16/training.json: OK
out/result.json: OK
out/summary.json: OK
out/weak_setup_N32.npz: OK
out/weak_setup_N64.npz: OK
{
  "passed": true,
  "checked_fields": 4736,
  "checked_references": 128,
  "checked_summary_rows": 50,
  "maximum_reference_relative_defect": 8.884699313603214e-16,
  "maximum_metric_absolute_defect": 2.6645352591003757e-15,
  "maximum_forcing_relative_defect": 4.887791999023762e-17,
  "maximum_physical_reference_defect": 4.986757685622833e-16,
  "independently_regenerated_cohorts": true,
  "checked_physical_refinement_cases": 64,
  "complete_cohort_method_repetition_coverage": true,
  "limitation": "independent field/cohort/discrete and physical reference/aggregation audit; no independent retraining or global-optimality proof",
  "independent_cg_audit": {
    "passed": true,
    "checked_invocation_fields": 2304,
    "independent_scipy_replays": 768,
    "failed_invocations": 0,
    "maximum_true_residual_absolute_defect": 2.7755575615628914e-17,
    "independent_saved_coefficient_history_replays": [
      {
        "field_relative_defect": 0.0,
        "maximum_history_pap_relative_defect": 5.647327473213748e-16
      },
      {
        "field_relative_defect": 0.0,
        "maximum_history_pap_relative_defect": 5.647327473213748e-16
      },
      {
        "field_relative_defect": 0.0,
        "maximum_history_pap_relative_defect": 5.647327473213748e-16
      },
      {
        "field_relative_defect": 0.0,
        "maximum_history_pap_relative_defect": 7.261758763630989e-16
      },
      {
        "field_relative_defect": 0.0,
        "maximum_history_pap_relative_defect": 7.261758763630989e-16
      },
      {
        "field_relative_defect": 0.0,
        "maximum_history_pap_relative_defect": 7.261758763630989e-16
      },
      {
        "field_relative_defect": 0.0,
        "maximum_history_pap_relative_defect": 5.065838026132441e-16
      },
      {
        "field_relative_defect": 0.0,
        "maximum_history_pap_relative_defect": 5.065838026132441e-16
      },
      {
        "field_relative_defect": 0.0,
        "maximum_history_pap_relative_defect": 5.065838026132441e-16
      },
      {
        "field_relative_defect": 0.0,
        "maximum_history_pap_relative_defect": 4.766511531360379e-16
      },
      {
        "field_relative_defect": 0.0,
        "maximum_history_pap_relative_defect": 4.1227166290151693e-16
      },
      {
        "field_relative_defect": 0.0,
        "maximum_history_pap_relative_defect": 3.896143747537018e-16
      },
      {
        "field_relative_defect": 0.0,
        "maximum_history_pap_relative_defect": 5.902387344570018e-16
      },
      {
        "field_relative_defect": 0.0,
        "maximum_history_pap_relative_defect": 5.902387344570018e-16
      },
      {
        "field_relative_defect": 0.0,
        "maximum_history_pap_relative_defect": 5.902387344570018e-16
      },
      {
        "field_relative_defect": 0.0,
        "maximum_history_pap_relative_defect": 5.3803864745610345e-16
      },
      {
        "field_relative_defect": 0.0,
        "maximum_history_pap_relative_defect": 5.3803864745610345e-16
      },
      {
        "field_relative_defect": 0.0,
        "maximum_history_pap_relative_defect": 5.3803864745610345e-16
      },
      {
        "field_relative_defect": 0.0,
        "maximum_history_pap_relative_defect": 4.54096990875278e-16
      },
      {
        "field_relative_defect": 0.0,
        "maximum_history_pap_relative_defect": 5.82501398412572e-16
      },
      {
        "field_relative_defect": 0.0,
        "maximum_history_pap_relative_defect": 5.82501398412572e-16
      },
      {
        "field_relative_defect": 0.0,
        "maximum_history_pap_relative_defect": 5.803209598975903e-16
      },
      {
        "field_relative_defect": 0.0,
        "maximum_history_pap_relative_defect": 6.231685424099038e-16
      },
      {
        "field_relative_defect": 0.0,
        "maximum_history_pap_relative_defect": 6.231685424099038e-16
      },
      {
        "field_relative_defect": 0.0,
        "maximum_history_pap_relative_defect": 6.540438349422685e-16
      },
      {
        "field_relative_defect": 0.0,
        "maximum_history_pap_relative_defect": 6.540438349422685e-16
      },
      {
        "field_relative_defect": 0.0,
        "maximum_history_pap_relative_defect": 6.201264141338997e-16
      },
      {
        "field_relative_defect": 0.0,
        "maximum_history_pap_relative_defect": 5.302679940571327e-16
      },
      {
        "field_relative_defect": 0.0,
        "maximum_history_pap_relative_defect": 5.302679940571327e-16
      },
      {
        "field_relative_defect": 0.0,
        "maximum_history_pap_relative_defect": 5.302679940571327e-16
      },
      {
        "field_relative_defect": 0.0,
        "maximum_history_pap_relative_defect": 5.847548411346359e-16
      },
      {
        "field_relative_defect": 0.0,
        "maximum_history_pap_relative_defect": 5.847548411346359e-16
      },
      {
        "field_relative_defect": 0.0,
        "maximum_history_pap_relative_defect": 5.847548411346359e-16
      },
      {
        "field_relative_defect": 0.0,
        "maximum_history_pap_relative_defect": 5.19164116981087e-16
      },
      {
        "field_relative_defect": 0.0,
        "maximum_history_pap_relative_defect": 5.19164116981087e-16
      },
      {
        "field_relative_defect": 0.0,
        "maximum_history_pap_relative_defect": 4.747813286637924e-16
      },
      {
        "field_relative_defect": 0.0,
        "maximum_history_pap_relative_defect": 7.429058433193933e-16
      },
      {
        "field_relative_defect": 0.0,
        "maximum_history_pap_relative_defect": 7.429058433193933e-16
      },
      {
        "field_relative_defect": 0.0,
        "maximum_history_pap_relative_defect": 7.429058433193933e-16
      },
      {
        "field_relative_defect": 0.0,
        "maximum_history_pap_relative_defect": 4.892591086248668e-16
      },
      {
        "field_relative_defect": 0.0,
        "maximum_history_pap_relative_defect": 6.282781134233552e-16
      },
      {
        "field_relative_defect": 0.0,
        "maximum_history_pap_relative_defect": 4.003437617668266e-16
      },
      {
        "field_relative_defect": 0.0,
        "maximum_history_pap_relative_defect": 4.3887694875993255e-16
      },
      {
        "field_relative_defect": 0.0,
        "maximum_history_pap_relative_defect": 4.380082122042639e-16
      },
      {
        "field_relative_defect": 0.0,
        "maximum_history_pap_relative_defect": 4.0242894774685233e-16
      },
      {
        "field_relative_defect": 0.0,
        "maximum_history_pap_relative_defect": 5.449715747600055e-16
      },
      {
        "field_relative_defect": 0.0,
        "maximum_history_pap_relative_defect": 5.873215433101035e-16
      },
      {
        "field_relative_defect": 0.0,
        "maximum_history_pap_relative_defect": 5.873215433101035e-16
      },
      {
        "field_relative_defect": 0.0,
        "maximum_history_pap_relative_defect": 7.257862104313258e-16
      },
      {
        "field_relative_defect": 0.0,
        "maximum_history_pap_relative_defect": 7.257862104313258e-16
      },
      {
        "field_relative_defect": 0.0,
        "maximum_history_pap_relative_defect": 7.257862104313258e-16
      },
      {
        "field_relative_defect": 0.0,
        "maximum_history_pap_relative_defect": 7.099597960538832e-16
      },
      {
        "field_relative_defect": 0.0,
        "maximum_history_pap_relative_defect": 7.099597960538832e-16
      },
      {
        "field_relative_defect": 0.0,
        "maximum_history_pap_relative_defect": 7.099597960538832e-16
      },
      {
        "field_relative_defect": 0.0,
        "maximum_history_pap_relative_defect": 4.223967205967647e-16
      },
      {
        "field_relative_defect": 0.0,
        "maximum_history_pap_relative_defect": 4.223967205967647e-16
      },
      {
        "field_relative_defect": 0.0,
        "maximum_history_pap_relative_defect": 4.223967205967647e-16
      },
      {
        "field_relative_defect": 0.0,
        "maximum_history_pap_relative_defect": 5.370151570062966e-16
      },
      {
        "field_relative_defect": 0.0,
        "maximum_history_pap_relative_defect": 5.370151570062966e-16
      },
      {
        "field_relative_defect": 0.0,
        "maximum_history_pap_relative_defect": 5.370151570062966e-16
      },
      {
        "field_relative_defect": 0.0,
        "maximum_history_pap_relative_defect": 4.507763550954672e-16
      },
      {
        "field_relative_defect": 0.0,
        "maximum_history_pap_relative_defect": 4.507763550954672e-16
      },
      {
        "field_relative_defect": 0.0,
        "maximum_history_pap_relative_defect": 5.288500946266626e-16
      },
      {
        "field_relative_defect": 0.0,
        "maximum_history_pap_relative_defect": 6.244470254613443e-16
      },
      {
        "field_relative_defect": 0.0,
        "maximum_history_pap_relative_defect": 6.244470254613443e-16
      },
      {
        "field_relative_defect": 0.0,
        "maximum_history_pap_relative_defect": 6.244470254613443e-16
      },
      {
        "field_relative_defect": 0.0,
        "maximum_history_pap_relative_defect": 7.258462761303521e-16
      },
      {
        "field_relative_defect": 0.0,
        "maximum_history_pap_relative_defect": 7.258462761303521e-16
      },
      {
        "field_relative_defect": 0.0,
        "maximum_history_pap_relative_defect": 7.258462761303521e-16
      },
      {
        "field_relative_defect": 0.0,
        "maximum_history_pap_relative_defect": 6.532943670249445e-16
      },
      {
        "field_relative_defect": 0.0,
        "maximum_history_pap_relative_defect": 6.532943670249445e-16
      },
      {
        "field_relative_defect": 0.0,
        "maximum_history_pap_relative_defect": 6.532943670249445e-16
      },
      {
        "field_relative_defect": 0.0,
        "maximum_history_pap_relative_defect": 6.989952378987036e-16
      },
      {
        "field_relative_defect": 0.0,
        "maximum_history_pap_relative_defect": 6.989952378987036e-16
      },
      {
        "field_relative_defect": 0.0,
        "maximum_history_pap_relative_defect": 6.989952378987036e-16
      },
      {
        "field_relative_defect": 0.0,
        "maximum_history_pap_relative_defect": 6.401278296488865e-16
      },
      {
        "field_relative_defect": 0.0,
        "maximum_history_pap_relative_defect": 6.401278296488865e-16
      },
      {
        "field_relative_defect": 0.0,
        "maximum_history_pap_relative_defect": 6.401278296488865e-16
      },
      {
        "field_relative_defect": 0.0,
        "maximum_history_pap_relative_defect": 6.168956877485632e-16
      },
      {
        "field_relative_defect": 0.0,
        "maximum_history_pap_relative_defect": 6.168956877485632e-16
      },
      {
        "field_relative_defect": 0.0,
        "maximum_history_pap_relative_defect": 6.168956877485632e-16
      },
      {
        "field_relative_defect": 0.0,
        "maximum_history_pap_relative_defect": 6.911327892783652e-16
      },
      {
        "field_relative_defect": 0.0,
        "maximum_history_pap_relative_defect": 6.911327892783652e-16
      },
      {
        "field_relative_defect": 0.0,
        "maximum_history_pap_relative_defect": 6.911327892783652e-16
      },
      {
        "field_relative_defect": 0.0,
        "maximum_history_pap_relative_defect": 5.737674650693292e-16
      },
      {
        "field_relative_defect": 0.0,
        "maximum_history_pap_relative_defect": 5.737674650693292e-16
      },
      {
        "field_relative_defect": 0.0,
        "maximum_history_pap_relative_defect": 5.737674650693292e-16
      },
      {
        "field_relative_defect": 0.0,
        "maximum_history_pap_relative_defect": 6.453133835140093e-16
      },
      {
        "field_relative_defect": 0.0,
        "maximum_history_pap_relative_defect": 6.453133835140093e-16
      },
      {
        "field_relative_defect": 0.0,
        "maximum_history_pap_relative_defect": 6.453133835140093e-16
      },
      {
        "field_relative_defect": 0.0,
        "maximum_history_pap_relative_defect": 5.710883535779587e-16
      },
      {
        "field_relative_defect": 0.0,
        "maximum_history_pap_relative_defect": 5.710883535779587e-16
      },
      {
        "field_relative_defect": 0.0,
        "maximum_history_pap_relative_defect": 5.710883535779587e-16
      },
      {
        "field_relative_defect": 0.0,
        "maximum_history_pap_relative_defect": 7.03742895178239e-16
      },
      {
        "field_relative_defect": 0.0,
        "maximum_history_pap_relative_defect": 7.03742895178239e-16
      },
      {
        "field_relative_defect": 0.0,
        "maximum_history_pap_relative_defect": 7.03742895178239e-16
      },
      {
        "field_relative_defect": 0.0,
        "maximum_history_pap_relative_defect": 5.551525277225193e-16
      },
      {
        "field_relative_defect": 0.0,
        "maximum_history_pap_relative_defect": 6.589114907952309e-16
      },
      {
        "field_relative_defect": 0.0,
        "maximum_history_pap_relative_defect": 6.589114907952309e-16
      },
      {
        "field_relative_defect": 0.0,
        "maximum_history_pap_relative_defect": 8.332031226066876e-16
      },
      {
        "field_relative_defect": 0.0,
        "maximum_history_pap_relative_defect": 8.332031226066876e-16
      },
      {
        "field_relative_defect": 0.0,
        "maximum_history_pap_relative_defect": 8.332031226066876e-16
      },
      {
        "field_relative_defect": 0.0,
        "maximum_history_pap_relative_defect": 5.760422468170502e-16
      },
      {
        "field_relative_defect": 0.0,
        "maximum_history_pap_relative_defect": 5.760422468170502e-16
      },
      {
        "field_relative_defect": 0.0,
        "maximum_history_pap_relative_defect": 5.760422468170502e-16
      },
      {
        "field_relative_defect": 0.0,
        "maximum_history_pap_relative_defect": 5.278329679148557e-16
      },
      {
        "field_relative_defect": 0.0,
        "maximum_history_pap_relative_defect": 5.278329679148557e-16
      },
      {
        "field_relative_defect": 0.0,
        "maximum_history_pap_relative_defect": 5.278329679148557e-16
      },
      {
        "field_relative_defect": 0.0,
        "maximum_history_pap_relative_defect": 5.922602631762987e-16
      },
      {
        "field_relative_defect": 0.0,
        "maximum_history_pap_relative_defect": 5.922602631762987e-16
      },
      {
        "field_relative_defect": 0.0,
        "maximum_history_pap_relative_defect": 5.922602631762987e-16
      },
      {
        "field_relative_defect": 0.0,
        "maximum_history_pap_relative_defect": 5.764215132730895e-16
      },
      {
        "field_relative_defect": 0.0,
        "maximum_history_pap_relative_defect": 5.764215132730895e-16
      },
      {
        "field_relative_defect": 0.0,
        "maximum_history_pap_relative_defect": 5.764215132730895e-16
      },
      {
        "field_relative_defect": 0.0,
        "maximum_history_pap_relative_defect": 6.210346859032504e-16
      },
      {
        "field_relative_defect": 0.0,
        "maximum_history_pap_relative_defect": 6.210346859032504e-16
      },
      {
        "field_relative_defect": 0.0,
        "maximum_history_pap_relative_defect": 4.782128092081126e-16
      },
      {
        "field_relative_defect": 0.0,
        "maximum_history_pap_relative_defect": 6.418266453445144e-16
      },
      {
        "field_relative_defect": 0.0,
        "maximum_history_pap_relative_defect": 6.418266453445144e-16
      },
      {
        "field_relative_defect": 0.0,
        "maximum_history_pap_relative_defect": 6.418266453445144e-16
      },
      {
        "field_relative_defect": 0.0,
        "maximum_history_pap_relative_defect": 4.622078380120738e-16
      },
      {
        "field_relative_defect": 0.0,
        "maximum_history_pap_relative_defect": 4.622078380120738e-16
      },
      {
        "field_relative_defect": 0.0,
        "maximum_history_pap_relative_defect": 4.622078380120738e-16
      },
      {
        "field_relative_defect": 0.0,
        "maximum_history_pap_relative_defect": 7.654553225946049e-16
      },
      {
        "field_relative_defect": 0.0,
        "maximum_history_pap_relative_defect": 7.654553225946049e-16
      },
      {
        "field_relative_defect": 0.0,
        "maximum_history_pap_relative_defect": 7.654553225946049e-16
      },
      {
        "field_relative_defect": 0.0,
        "maximum_history_pap_relative_defect": 5.09514279099653e-16
      },
      {
        "field_relative_defect": 0.0,
        "maximum_history_pap_relative_defect": 5.09514279099653e-16
      },
      {
        "field_relative_defect": 0.0,
        "maximum_history_pap_relative_defect": 5.651956640272534e-16
      },
      {
        "field_relative_defect": 0.0,
        "maximum_history_pap_relative_defect": 5.804429262865045e-16
      },
      {
        "field_relative_defect": 0.0,
        "maximum_history_pap_relative_defect": 5.804429262865045e-16
      },
      {
        "field_relative_defect": 0.0,
        "maximum_history_pap_relative_defect": 5.804429262865045e-16
      },
      {
        "field_relative_defect": 0.0,
        "maximum_history_pap_relative_defect": 4.614203280571417e-16
      },
      {
        "field_relative_defect": 0.0,
        "maximum_history_pap_relative_defect": 3.7181233567804517e-16
      },
      {
        "field_relative_defect": 0.0,
        "maximum_history_pap_relative_defect": 4.614203280571417e-16
      },
      {
        "field_relative_defect": 0.0,
        "maximum_history_pap_relative_defect": 4.0272064540303953e-16
      },
      {
        "field_relative_defect": 0.0,
        "maximum_history_pap_relative_defect": 6.436562300648021e-16
      },
      {
        "field_relative_defect": 0.0,
        "maximum_history_pap_relative_defect": 6.436562300648021e-16
      },
      {
        "field_relative_defect": 0.0,
        "maximum_history_pap_relative_defect": 5.047712639804043e-16
      },
      {
        "field_relative_defect": 0.0,
        "maximum_history_pap_relative_defect": 5.047712639804043e-16
      },
      {
        "field_relative_defect": 0.0,
        "maximum_history_pap_relative_defect": 5.047712639804043e-16
      },
      {
        "field_relative_defect": 0.0,
        "maximum_history_pap_relative_defect": 6.175189258245216e-16
      },
      {
        "field_relative_defect": 0.0,
        "maximum_history_pap_relative_defect": 7.517973637350081e-16
      },
      {
        "field_relative_defect": 0.0,
        "maximum_history_pap_relative_defect": 7.517973637350081e-16
      },
      {
        "field_relative_defect": 0.0,
        "maximum_history_pap_relative_defect": 4.348443135716594e-16
      },
      {
        "field_relative_defect": 0.0,
        "maximum_history_pap_relative_defect": 4.348443135716594e-16
      },
      {
        "field_relative_defect": 0.0,
        "maximum_history_pap_relative_defect": 4.348443135716594e-16
      },
      {
        "field_relative_defect": 0.0,
        "maximum_history_pap_relative_defect": 8.021110111293651e-16
      },
      {
        "field_relative_defect": 0.0,
        "maximum_history_pap_relative_defect": 8.021110111293651e-16
      },
      {
        "field_relative_defect": 0.0,
        "maximum_history_pap_relative_defect": 8.021110111293651e-16
      },
      {
        "field_relative_defect": 0.0,
        "maximum_history_pap_relative_defect": 1.083821217028305e-15
      },
      {
        "field_relative_defect": 0.0,
        "maximum_history_pap_relative_defect": 1.083821217028305e-15
      },
      {
        "field_relative_defect": 0.0,
        "maximum_history_pap_relative_defect": 1.083821217028305e-15
      },
      {
        "field_relative_defect": 0.0,
        "maximum_history_pap_relative_defect": 6.490127737215176e-16
      },
      {
        "field_relative_defect": 0.0,
        "maximum_history_pap_relative_defect": 6.490127737215176e-16
      },
      {
        "field_relative_defect": 0.0,
        "maximum_history_pap_relative_defect": 6.490127737215176e-16
      },
      {
        "field_relative_defect": 0.0,
        "maximum_history_pap_relative_defect": 5.335133693593619e-16
      },
      {
        "field_relative_defect": 0.0,
        "maximum_history_pap_relative_defect": 5.335133693593619e-16
      },
      {
        "field_relative_defect": 0.0,
        "maximum_history_pap_relative_defect": 5.335133693593619e-16
      },
      {
        "field_relative_defect": 0.0,
        "maximum_history_pap_relative_defect": 6.455186927988238e-16
      },
      {
        "field_relative_defect": 0.0,
        "maximum_history_pap_relative_defect": 6.455186927988238e-16
      },
      {
        "field_relative_defect": 0.0,
        "maximum_history_pap_relative_defect": 6.455186927988238e-16
      },
      {
        "field_relative_defect": 0.0,
        "maximum_history_pap_relative_defect": 6.970657897430424e-16
      },
      {
        "field_relative_defect": 0.0,
        "maximum_history_pap_relative_defect": 6.970657897430424e-16
      },
      {
        "field_relative_defect": 0.0,
        "maximum_history_pap_relative_defect": 6.970657897430424e-16
      },
      {
        "field_relative_defect": 0.0,
        "maximum_history_pap_relative_defect": 5.036124300717422e-16
      },
      {
        "field_relative_defect": 0.0,
        "maximum_history_pap_relative_defect": 5.036124300717422e-16
      },
      {
        "field_relative_defect": 0.0,
        "maximum_history_pap_relative_defect": 5.036124300717422e-16
      },
      {
        "field_relative_defect": 0.0,
        "maximum_history_pap_relative_defect": 5.621381148443395e-16
      },
      {
        "field_relative_defect": 0.0,
        "maximum_history_pap_relative_defect": 5.239475758071501e-16
      },
      {
        "field_relative_defect": 0.0,
        "maximum_history_pap_relative_defect": 5.239475758071501e-16
      },
      {
        "field_relative_defect": 0.0,
        "maximum_history_pap_relative_defect": 6.127691044287008e-16
      },
      {
        "field_relative_defect": 0.0,
        "maximum_history_pap_relative_defect": 6.127691044287008e-16
      },
      {
        "field_relative_defect": 0.0,
        "maximum_history_pap_relative_defect": 6.127691044287008e-16
      },
      {
        "field_relative_defect": 0.0,
        "maximum_history_pap_relative_defect": 4.944935380384079e-16
      },
      {
        "field_relative_defect": 0.0,
        "maximum_history_pap_relative_defect": 3.6047999410173005e-16
      },
      {
        "field_relative_defect": 0.0,
        "maximum_history_pap_relative_defect": 4.944935380384079e-16
      },
      {
        "field_relative_defect": 0.0,
        "maximum_history_pap_relative_defect": 4.493945502018074e-16
      },
      {
        "field_relative_defect": 0.0,
        "maximum_history_pap_relative_defect": 4.493945502018074e-16
      },
      {
        "field_relative_defect": 0.0,
        "maximum_history_pap_relative_defect": 4.493945502018074e-16
      },
      {
        "field_relative_defect": 0.0,
        "maximum_history_pap_relative_defect": 7.317924048142761e-16
      },
      {
        "field_relative_defect": 0.0,
        "maximum_history_pap_relative_defect": 7.317924048142761e-16
      },
      {
        "field_relative_defect": 0.0,
        "maximum_history_pap_relative_defect": 7.317924048142761e-16
      },
      {
        "field_relative_defect": 0.0,
        "maximum_history_pap_relative_defect": 6.230461970565694e-16
      },
      {
        "field_relative_defect": 0.0,
        "maximum_history_pap_relative_defect": 6.230461970565694e-16
      },
      {
        "field_relative_defect": 0.0,
        "maximum_history_pap_relative_defect": 6.167368707339354e-16
      },
      {
        "field_relative_defect": 0.0,
        "maximum_history_pap_relative_defect": 4.2406781638946904e-16
      },
      {
        "field_relative_defect": 0.0,
        "maximum_history_pap_relative_defect": 4.2406781638946904e-16
      },
      {
        "field_relative_defect": 0.0,
        "maximum_history_pap_relative_defect": 4.2406781638946904e-16
      },
      {
        "field_relative_defect": 0.0,
        "maximum_history_pap_relative_defect": 5.004363624747024e-16
      },
      {
        "field_relative_defect": 0.0,
        "maximum_history_pap_relative_defect": 4.657564141283178e-16
      },
      {
        "field_relative_defect": 0.0,
        "maximum_history_pap_relative_defect": 5.004363624747024e-16
      },
      {
        "field_relative_defect": 0.0,
        "maximum_history_pap_relative_defect": 1.2618840349420475e-15
      },
      {
        "field_relative_defect": 0.0,
        "maximum_history_pap_relative_defect": 1.2618840349420475e-15
      },
      {
        "field_relative_defect": 0.0,
        "maximum_history_pap_relative_defect": 1.2618840349420475e-15
      },
      {
        "field_relative_defect": 0.0,
        "maximum_history_pap_relative_defect": 1.8827541406270298e-15
      },
      {
        "field_relative_defect": 0.0,
        "maximum_history_pap_relative_defect": 1.8827541406270298e-15
      },
      {
        "field_relative_defect": 0.0,
        "maximum_history_pap_relative_defect": 1.8827541406270298e-15
      },
      {
        "field_relative_defect": 0.0,
        "maximum_history_pap_relative_defect": 1.6050477124489293e-15
      },
      {
        "field_relative_defect": 0.0,
        "maximum_history_pap_relative_defect": 1.6050477124489293e-15
      },
      {
        "field_relative_defect": 0.0,
        "maximum_history_pap_relative_defect": 1.6050477124489293e-15
      },
      {
        "field_relative_defect": 0.0,
        "maximum_history_pap_relative_defect": 1.763110552962991e-15
      },
      {
        "field_relative_defect": 0.0,
        "maximum_history_pap_relative_defect": 1.763110552962991e-15
      },
      {
        "field_relative_defect": 0.0,
        "maximum_history_pap_relative_defect": 1.763110552962991e-15
      },
      {
        "field_relative_defect": 0.0,
        "maximum_history_pap_relative_defect": 1.6282334001710649e-15
      },
      {
        "field_relative_defect": 0.0,
        "maximum_history_pap_relative_defect": 1.6282334001710649e-15
      },
      {
        "field_relative_defect": 0.0,
        "maximum_history_pap_relative_defect": 1.6282334001710649e-15
      },
      {
        "field_relative_defect": 0.0,
        "maximum_history_pap_relative_defect": 1.5308754490271803e-15
      },
      {
        "field_relative_defect": 0.0,
        "maximum_history_pap_relative_defect": 1.5308754490271803e-15
      },
      {
        "field_relative_defect": 0.0,
        "maximum_history_pap_relative_defect": 1.2685683250665975e-15
      },
      {
        "field_relative_defect": 0.0,
        "maximum_history_pap_relative_defect": 1.853743054364937e-15
      },
      {
        "field_relative_defect": 0.0,
        "maximum_history_pap_relative_defect": 1.853743054364937e-15
      },
      {
        "field_relative_defect": 0.0,
        "maximum_history_pap_relative_defect": 1.853743054364937e-15
      },
      {
        "field_relative_defect": 0.0,
        "maximum_history_pap_relative_defect": 2.952255843792395e-15
      },
      {
        "field_relative_defect": 0.0,
        "maximum_history_pap_relative_defect": 2.952255843792395e-15
      },
      {
        "field_relative_defect": 0.0,
        "maximum_history_pap_relative_defect": 2.952255843792395e-15
      },
      {
        "field_relative_defect": 0.0,
        "maximum_history_pap_relative_defect": 1.84829955368821e-15
      },
      {
        "field_relative_defect": 0.0,
        "maximum_history_pap_relative_defect": 1.84829955368821e-15
      },
      {
        "field_relative_defect": 0.0,
        "maximum_history_pap_relative_defect": 1.84829955368821e-15
      },
      {
        "field_relative_defect": 0.0,
        "maximum_history_pap_relative_defect": 1.8059211529554395e-15
      },
      {
        "field_relative_defect": 0.0,
        "maximum_history_pap_relative_defect": 1.8059211529554395e-15
      },
      {
        "field_relative_defect": 0.0,
        "maximum_history_pap_relative_defect": 1.8059211529554395e-15
      },
      {
        "field_relative_defect": 0.0,
        "maximum_history_pap_relative_defect": 1.6508502308491868e-15
      },
      {
        "field_relative_defect": 0.0,
        "maximum_history_pap_relative_defect": 1.6508502308491868e-15
      },
      {
        "field_relative_defect": 0.0,
        "maximum_history_pap_relative_defect": 1.6508502308491868e-15
      },
      {
        "field_relative_defect": 0.0,
        "maximum_history_pap_relative_defect": 1.5668038356762654e-15
      },
      {
        "field_relative_defect": 0.0,
        "maximum_history_pap_relative_defect": 1.5668038356762654e-15
      },
      {
        "field_relative_defect": 0.0,
        "maximum_history_pap_relative_defect": 1.5668038356762654e-15
      },
      {
        "field_relative_defect": 0.0,
        "maximum_history_pap_relative_defect": 3.56008580315416e-15
      },
      {
        "field_relative_defect": 0.0,
        "maximum_history_pap_relative_defect": 3.56008580315416e-15
      },
      {
        "field_relative_defect": 0.0,
        "maximum_history_pap_relative_defect": 3.56008580315416e-15
      },
      {
        "field_relative_defect": 0.0,
        "maximum_history_pap_relative_defect": 1.7662736195442941e-15
      },
      {
        "field_relative_defect": 0.0,
        "maximum_history_pap_relative_defect": 1.7662736195442941e-15
      },
      {
        "field_relative_defect": 0.0,
        "maximum_history_pap_relative_defect": 1.7662736195442941e-15
      },
      {
        "field_relative_defect": 0.0,
        "maximum_history_pap_relative_defect": 1.8569747450875894e-15
      },
      {
        "field_relative_defect": 0.0,
        "maximum_history_pap_relative_defect": 1.8569747450875894e-15
      },
      {
        "field_relative_defect": 0.0,
        "maximum_history_pap_relative_defect": 1.8569747450875894e-15
      },
      {
        "field_relative_defect": 0.0,
        "maximum_history_pap_relative_defect": 2.6053400871261606e-15
      },
      {
        "field_relative_defect": 0.0,
        "maximum_history_pap_relative_defect": 2.6053400871261606e-15
      },
      {
        "field_relative_defect": 0.0,
        "maximum_history_pap_relative_defect": 2.6053400871261606e-15
      },
      {
        "field_relative_defect": 0.0,
        "maximum_history_pap_relative_defect": 3.242268799053185e-15
      },
      {
        "field_relative_defect": 0.0,
        "maximum_history_pap_relative_defect": 3.242268799053185e-15
      },
      {
        "field_relative_defect": 0.0,
        "maximum_history_pap_relative_defect": 3.242268799053185e-15
      },
      {
        "field_relative_defect": 0.0,
        "maximum_history_pap_relative_defect": 2.0714773645472037e-15
      },
      {
        "field_relative_defect": 0.0,
        "maximum_history_pap_relative_defect": 2.0714773645472037e-15
      },
      {
        "field_relative_defect": 0.0,
        "maximum_history_pap_relative_defect": 2.0714773645472037e-15
      },
      {
        "field_relative_defect": 0.0,
        "maximum_history_pap_relative_defect": 1.7047619821813333e-15
      },
      {
        "field_relative_defect": 0.0,
        "maximum_history_pap_relative_defect": 1.7047619821813333e-15
      },
      {
        "field_relative_defect": 0.0,
        "maximum_history_pap_relative_defect": 1.7047619821813333e-15
      },
      {
        "field_relative_defect": 0.0,
        "maximum_history_pap_relative_defect": 2.0778250830942665e-15
      },
      {
        "field_relative_defect": 0.0,
        "maximum_history_pap_relative_defect": 2.0778250830942665e-15
      },
      {
        "field_relative_defect": 0.0,
        "maximum_history_pap_relative_defect": 2.0778250830942665e-15
      },
      {
        "field_relative_defect": 0.0,
        "maximum_history_pap_relative_defect": 1.7304569299117062e-15
      },
      {
        "field_relative_defect": 0.0,
        "maximum_history_pap_relative_defect": 1.7304569299117062e-15
      },
      {
        "field_relative_defect": 0.0,
        "maximum_history_pap_relative_defect": 1.7304569299117062e-15
      },
      {
        "field_relative_defect": 0.0,
        "maximum_history_pap_relative_defect": 1.774997804264656e-15
      },
      {
        "field_relative_defect": 0.0,
        "maximum_history_pap_relative_defect": 1.774997804264656e-15
      },
      {
        "field_relative_defect": 0.0,
        "maximum_history_pap_relative_defect": 1.774997804264656e-15
      },
      {
        "field_relative_defect": 0.0,
        "maximum_history_pap_relative_defect": 1.8019105638450978e-15
      },
      {
        "field_relative_defect": 0.0,
        "maximum_history_pap_relative_defect": 1.8019105638450978e-15
      },
      {
        "field_relative_defect": 0.0,
        "maximum_history_pap_relative_defect": 1.8019105638450978e-15
      },
      {
        "field_relative_defect": 0.0,
        "maximum_history_pap_relative_defect": 1.8335314715412545e-15
      },
      {
        "field_relative_defect": 0.0,
        "maximum_history_pap_relative_defect": 1.8335314715412545e-15
      },
      {
        "field_relative_defect": 0.0,
        "maximum_history_pap_relative_defect": 1.8335314715412545e-15
      },
      {
        "field_relative_defect": 0.0,
        "maximum_history_pap_relative_defect": 2.078886614604806e-15
      },
      {
        "field_relative_defect": 0.0,
        "maximum_history_pap_relative_defect": 2.078886614604806e-15
      },
      {
        "field_relative_defect": 0.0,
        "maximum_history_pap_relative_defect": 2.078886614604806e-15
      },
      {
        "field_relative_defect": 0.0,
        "maximum_history_pap_relative_defect": 1.9320828176687053e-15
      },
      {
        "field_relative_defect": 0.0,
        "maximum_history_pap_relative_defect": 1.9320828176687053e-15
      },
      {
        "field_relative_defect": 0.0,
        "maximum_history_pap_relative_defect": 1.9320828176687053e-15
      },
      {
        "field_relative_defect": 0.0,
        "maximum_history_pap_relative_defect": 1.660934546986757e-15
      },
      {
        "field_relative_defect": 0.0,
        "maximum_history_pap_relative_defect": 1.660934546986757e-15
      },
      {
        "field_relative_defect": 0.0,
        "maximum_history_pap_relative_defect": 1.660934546986757e-15
      },
      {
        "field_relative_defect": 0.0,
        "maximum_history_pap_relative_defect": 2.0742359229669602e-15
      },
      {
        "field_relative_defect": 0.0,
        "maximum_history_pap_relative_defect": 2.0742359229669602e-15
      },
      {
        "field_relative_defect": 0.0,
        "maximum_history_pap_relative_defect": 2.0742359229669602e-15
      },
      {
        "field_relative_defect": 0.0,
        "maximum_history_pap_relative_defect": 2.4144351938148756e-15
      },
      {
        "field_relative_defect": 0.0,
        "maximum_history_pap_relative_defect": 2.4144351938148756e-15
      },
      {
        "field_relative_defect": 0.0,
        "maximum_history_pap_relative_defect": 2.4144351938148756e-15
      },
      {
        "field_relative_defect": 0.0,
        "maximum_history_pap_relative_defect": 1.875821844783621e-15
      },
      {
        "field_relative_defect": 0.0,
        "maximum_history_pap_relative_defect": 1.875821844783621e-15
      },
      {
        "field_relative_defect": 0.0,
        "maximum_history_pap_relative_defect": 1.875821844783621e-15
      },
      {
        "field_relative_defect": 0.0,
        "maximum_history_pap_relative_defect": 1.3087925428127359e-15
      },
      {
        "field_relative_defect": 0.0,
        "maximum_history_pap_relative_defect": 1.3087925428127359e-15
      },
      {
        "field_relative_defect": 0.0,
        "maximum_history_pap_relative_defect": 1.3087925428127359e-15
      },
      {
        "field_relative_defect": 0.0,
        "maximum_history_pap_relative_defect": 1.6694456486853029e-15
      },
      {
        "field_relative_defect": 0.0,
        "maximum_history_pap_relative_defect": 1.6694456486853029e-15
      },
      {
        "field_relative_defect": 0.0,
        "maximum_history_pap_relative_defect": 1.6694456486853029e-15
      },
      {
        "field_relative_defect": 0.0,
        "maximum_history_pap_relative_defect": 1.35594396048014e-15
      },
      {
        "field_relative_defect": 0.0,
        "maximum_history_pap_relative_defect": 1.786513689159366e-15
      },
      {
        "field_relative_defect": 0.0,
        "maximum_history_pap_relative_defect": 1.786513689159366e-15
      },
      {
        "field_relative_defect": 0.0,
        "maximum_history_pap_relative_defect": 2.3153977759248255e-15
      },
      {
        "field_relative_defect": 0.0,
        "maximum_history_pap_relative_defect": 2.3153977759248255e-15
      },
      {
        "field_relative_defect": 0.0,
        "maximum_history_pap_relative_defect": 2.3153977759248255e-15
      },
      {
        "field_relative_defect": 0.0,
        "maximum_history_pap_relative_defect": 2.376138848803845e-15
      },
      {
        "field_relative_defect": 0.0,
        "maximum_history_pap_relative_defect": 2.376138848803845e-15
      },
      {
        "field_relative_defect": 0.0,
        "maximum_history_pap_relative_defect": 2.376138848803845e-15
      },
      {
        "field_relative_defect": 0.0,
        "maximum_history_pap_relative_defect": 1.4351439310208102e-15
      },
      {
        "field_relative_defect": 0.0,
        "maximum_history_pap_relative_defect": 1.4351439310208102e-15
      },
      {
        "field_relative_defect": 0.0,
        "maximum_history_pap_relative_defect": 1.4351439310208102e-15
      },
      {
        "field_relative_defect": 0.0,
        "maximum_history_pap_relative_defect": 1.6334724716080482e-15
      },
      {
        "field_relative_defect": 0.0,
        "maximum_history_pap_relative_defect": 1.6334724716080482e-15
      },
      {
        "field_relative_defect": 0.0,
        "maximum_history_pap_relative_defect": 1.758710382223e-15
      },
      {
        "field_relative_defect": 0.0,
        "maximum_history_pap_relative_defect": 1.978579587006701e-15
      },
      {
        "field_relative_defect": 0.0,
        "maximum_history_pap_relative_defect": 1.978579587006701e-15
      },
      {
        "field_relative_defect": 0.0,
        "maximum_history_pap_relative_defect": 1.978579587006701e-15
      },
      {
        "field_relative_defect": 0.0,
        "maximum_history_pap_relative_defect": 1.8676970366581175e-15
      },
      {
        "field_relative_defect": 0.0,
        "maximum_history_pap_relative_defect": 1.8676970366581175e-15
      },
      {
        "field_relative_defect": 0.0,
        "maximum_history_pap_relative_defect": 1.4639979106881793e-15
      },
      {
        "field_relative_defect": 0.0,
        "maximum_history_pap_relative_defect": 1.6249031521004771e-15
      },
      {
        "field_relative_defect": 0.0,
        "maximum_history_pap_relative_defect": 1.6249031521004771e-15
      },
      {
        "field_relative_defect": 0.0,
        "maximum_history_pap_relative_defect": 1.6249031521004771e-15
      },
      {
        "field_relative_defect": 0.0,
        "maximum_history_pap_relative_defect": 1.7105613726452162e-15
      },
      {
        "field_relative_defect": 0.0,
        "maximum_history_pap_relative_defect": 1.7105613726452162e-15
      },
      {
        "field_relative_defect": 0.0,
        "maximum_history_pap_relative_defect": 1.7105613726452162e-15
      },
      {
        "field_relative_defect": 0.0,
        "maximum_history_pap_relative_defect": 2.121822714328127e-15
      },
      {
        "field_relative_defect": 0.0,
        "maximum_history_pap_relative_defect": 2.121822714328127e-15
      },
      {
        "field_relative_defect": 0.0,
        "maximum_history_pap_relative_defect": 2.121822714328127e-15
      },
      {
        "field_relative_defect": 0.0,
        "maximum_history_pap_relative_defect": 3.4891510311386755e-15
      },
      {
        "field_relative_defect": 0.0,
        "maximum_history_pap_relative_defect": 3.4891510311386755e-15
      },
      {
        "field_relative_defect": 0.0,
        "maximum_history_pap_relative_defect": 3.4891510311386755e-15
      },
      {
        "field_relative_defect": 0.0,
        "maximum_history_pap_relative_defect": 1.800659461800942e-15
      },
      {
        "field_relative_defect": 0.0,
        "maximum_history_pap_relative_defect": 1.800659461800942e-15
      },
      {
        "field_relative_defect": 0.0,
        "maximum_history_pap_relative_defect": 1.5396110301184555e-15
      },
      {
        "field_relative_defect": 0.0,
        "maximum_history_pap_relative_defect": 1.4295930810516118e-15
      },
      {
        "field_relative_defect": 0.0,
        "maximum_history_pap_relative_defect": 1.4295930810516118e-15
      },
      {
        "field_relative_defect": 0.0,
        "maximum_history_pap_relative_defect": 1.4295930810516118e-15
      },
      {
        "field_relative_defect": 0.0,
        "maximum_history_pap_relative_defect": 1.8296173589605117e-15
      },
      {
        "field_relative_defect": 0.0,
        "maximum_history_pap_relative_defect": 1.8296173589605117e-15
      },
      {
        "field_relative_defect": 0.0,
        "maximum_history_pap_relative_defect": 1.8296173589605117e-15
      },
      {
        "field_relative_defect": 0.0,
        "maximum_history_pap_relative_defect": 2.293355502365146e-15
      },
      {
        "field_relative_defect": 0.0,
        "maximum_history_pap_relative_defect": 2.293355502365146e-15
      },
      {
        "field_relative_defect": 0.0,
        "maximum_history_pap_relative_defect": 2.293355502365146e-15
      },
      {
        "field_relative_defect": 0.0,
        "maximum_history_pap_relative_defect": 2.1185876185473915e-15
      },
      {
        "field_relative_defect": 0.0,
        "maximum_history_pap_relative_defect": 2.1185876185473915e-15
      },
      {
        "field_relative_defect": 0.0,
        "maximum_history_pap_relative_defect": 2.1185876185473915e-15
      },
      {
        "field_relative_defect": 0.0,
        "maximum_history_pap_relative_defect": 2.004645792047925e-15
      },
      {
        "field_relative_defect": 0.0,
        "maximum_history_pap_relative_defect": 2.004645792047925e-15
      },
      {
        "field_relative_defect": 0.0,
        "maximum_history_pap_relative_defect": 2.004645792047925e-15
      },
      {
        "field_relative_defect": 0.0,
        "maximum_history_pap_relative_defect": 2.1503013847099548e-15
      },
      {
        "field_relative_defect": 0.0,
        "maximum_history_pap_relative_defect": 2.1503013847099548e-15
      },
      {
        "field_relative_defect": 0.0,
        "maximum_history_pap_relative_defect": 2.1503013847099548e-15
      },
      {
        "field_relative_defect": 0.0,
        "maximum_history_pap_relative_defect": 2.244440759554237e-15
      },
      {
        "field_relative_defect": 0.0,
        "maximum_history_pap_relative_defect": 2.244440759554237e-15
      },
      {
        "field_relative_defect": 0.0,
        "maximum_history_pap_relative_defect": 2.244440759554237e-15
      },
      {
        "field_relative_defect": 0.0,
        "maximum_history_pap_relative_defect": 1.736716143158469e-15
      },
      {
        "field_relative_defect": 0.0,
        "maximum_history_pap_relative_defect": 1.736716143158469e-15
      },
      {
        "field_relative_defect": 0.0,
        "maximum_history_pap_relative_defect": 1.736716143158469e-15
      },
      {
        "field_relative_defect": 0.0,
        "maximum_history_pap_relative_defect": 2.1601820498420956e-15
      },
      {
        "field_relative_defect": 0.0,
        "maximum_history_pap_relative_defect": 2.1601820498420956e-15
      },
      {
        "field_relative_defect": 0.0,
        "maximum_history_pap_relative_defect": 2.1601820498420956e-15
      },
      {
        "field_relative_defect": 0.0,
        "maximum_history_pap_relative_defect": 1.4231569960357509e-15
      },
      {
        "field_relative_defect": 0.0,
        "maximum_history_pap_relative_defect": 1.4231569960357509e-15
      },
      {
        "field_relative_defect": 0.0,
        "maximum_history_pap_relative_defect": 1.4231569960357509e-15
      },
      {
        "field_relative_defect": 0.0,
        "maximum_history_pap_relative_defect": 1.4364277031914204e-15
      },
      {
        "field_relative_defect": 0.0,
        "maximum_history_pap_relative_defect": 1.4364277031914204e-15
      },
      {
        "field_relative_defect": 0.0,
        "maximum_history_pap_relative_defect": 1.4364277031914204e-15
      },
      {
        "field_relative_defect": 0.0,
        "maximum_history_pap_relative_defect": 1.963598355942749e-15
      },
      {
        "field_relative_defect": 0.0,
        "maximum_history_pap_relative_defect": 1.963598355942749e-15
      },
      {
        "field_relative_defect": 0.0,
        "maximum_history_pap_relative_defect": 1.963598355942749e-15
      },
      {
        "field_relative_defect": 0.0,
        "maximum_history_pap_relative_defect": 2.5977476889740762e-15
      },
      {
        "field_relative_defect": 0.0,
        "maximum_history_pap_relative_defect": 2.5977476889740762e-15
      },
      {
        "field_relative_defect": 0.0,
        "maximum_history_pap_relative_defect": 2.5977476889740762e-15
      },
      {
        "field_relative_defect": 0.0,
        "maximum_history_pap_relative_defect": 1.6934878370209735e-15
      },
      {
        "field_relative_defect": 0.0,
        "maximum_history_pap_relative_defect": 1.6934878370209735e-15
      },
      {
        "field_relative_defect": 0.0,
        "maximum_history_pap_relative_defect": 1.6934878370209735e-15
      },
      {
        "field_relative_defect": 0.0,
        "maximum_history_pap_relative_defect": 1.3702223905960321e-15
      },
      {
        "field_relative_defect": 0.0,
        "maximum_history_pap_relative_defect": 1.3702223905960321e-15
      },
      {
        "field_relative_defect": 0.0,
        "maximum_history_pap_relative_defect": 1.3702223905960321e-15
      },
      {
        "field_relative_defect": 0.0,
        "maximum_history_pap_relative_defect": 2.1143537161181913e-15
      },
      {
        "field_relative_defect": 0.0,
        "maximum_history_pap_relative_defect": 2.1143537161181913e-15
      },
      {
        "field_relative_defect": 0.0,
        "maximum_history_pap_relative_defect": 2.1143537161181913e-15
      },
      {
        "field_relative_defect": 0.0,
        "maximum_history_pap_relative_defect": 1.9281123715503638e-15
      },
      {
        "field_relative_defect": 0.0,
        "maximum_history_pap_relative_defect": 1.9281123715503638e-15
      },
      {
        "field_relative_defect": 0.0,
        "maximum_history_pap_relative_defect": 1.9281123715503638e-15
      },
      {
        "field_relative_defect": 0.0,
        "maximum_history_pap_relative_defect": 1.6323389097564153e-15
      },
      {
        "field_relative_defect": 0.0,
        "maximum_history_pap_relative_defect": 1.6323389097564153e-15
      },
      {
        "field_relative_defect": 0.0,
        "maximum_history_pap_relative_defect": 1.6323389097564153e-15
      },
      {
        "field_relative_defect": 0.0,
        "maximum_history_pap_relative_defect": 1.6404989275699587e-15
      },
      {
        "field_relative_defect": 0.0,
        "maximum_history_pap_relative_defect": 1.6404989275699587e-15
      },
      {
        "field_relative_defect": 0.0,
        "maximum_history_pap_relative_defect": 1.6404989275699587e-15
      },
      {
        "field_relative_defect": 0.0,
        "maximum_history_pap_relative_defect": 2.303966696149252e-15
      },
      {
        "field_relative_defect": 0.0,
        "maximum_history_pap_relative_defect": 2.303966696149252e-15
      },
      {
        "field_relative_defect": 0.0,
        "maximum_history_pap_relative_defect": 2.303966696149252e-15
      }
    ],
    "scipy_comparisons": [
      {
        "intervals": 32,
        "case": 0,
        "method": "cg_identity_rtol1e-02",
        "iterations": 33,
        "saved_iterations": 33,
        "iteration_count_matches": true,
        "timed_iteration_history": true,
        "field_relative_difference": 7.458743132808387e-08,
        "spd_residual_difference_bound": 0.027838990925095758
      },
      {
        "intervals": 32,
        "case": 0,
        "method": "cg_identity_plain_rtol1e-02",
        "iterations": 33,
        "saved_iterations": 33,
        "iteration_count_matches": true,
        "timed_iteration_history": false,
        "field_relative_difference": 7.458743132808387e-08,
        "spd_residual_difference_bound": 0.027838990925095758
      },
      {
        "intervals": 32,
        "case": 0,
        "method": "cg_identity_plain_rtol1e-06",
        "iterations": 82,
        "saved_iterations": 82,
        "iteration_count_matches": true,
        "timed_iteration_history": false,
        "field_relative_difference": 7.84883361211747e-12,
        "spd_residual_difference_bound": 2.718203525763947e-06
      },
      {
        "intervals": 32,
        "case": 0,
        "method": "cg_identity_plain_rtol1e-04",
        "iterations": 62,
        "saved_iterations": 62,
        "iteration_count_matches": true,
        "timed_iteration_history": false,
        "field_relative_difference": 7.348049628741354e-10,
        "spd_residual_difference_bound": 0.00025080722685506113
      },
      {
        "intervals": 32,
        "case": 0,
        "method": "cg_identity_rtol1e-06",
        "iterations": 82,
        "saved_iterations": 82,
        "iteration_count_matches": true,
        "timed_iteration_history": true,
        "field_relative_difference": 7.84883361211747e-12,
        "spd_residual_difference_bound": 2.718203525763947e-06
      },
      {
        "intervals": 32,
        "case": 0,
        "method": "cg_identity_rtol1e-04",
        "iterations": 62,
        "saved_iterations": 62,
        "iteration_count_matches": true,
        "timed_iteration_history": true,
        "field_relative_difference": 7.348049628741354e-10,
        "spd_residual_difference_bound": 0.00025080722685506113
      },
      {
        "intervals": 32,
        "case": 1,
        "method": "cg_identity_plain_rtol1e-04",
        "iterations": 64,
        "saved_iterations": 64,
        "iteration_count_matches": true,
        "timed_iteration_history": false,
        "field_relative_difference": 5.733652282949924e-10,
        "spd_residual_difference_bound": 0.00030069035389276725
      },
      {
        "intervals": 32,
        "case": 1,
        "method": "cg_identity_plain_rtol1e-06",
        "iterations": 85,
        "saved_iterations": 85,
        "iteration_count_matches": true,
        "timed_iteration_history": false,
        "field_relative_difference": 5.493843787879456e-12,
        "spd_residual_difference_bound": 2.983331927087605e-06
      },
      {
        "intervals": 32,
        "case": 1,
        "method": "cg_identity_rtol1e-06",
        "iterations": 85,
        "saved_iterations": 85,
        "iteration_count_matches": true,
        "timed_iteration_history": true,
        "field_relative_difference": 5.493843787879456e-12,
        "spd_residual_difference_bound": 2.983331927087605e-06
      },
      {
        "intervals": 32,
        "case": 1,
        "method": "cg_identity_rtol1e-04",
        "iterations": 64,
        "saved_iterations": 64,
        "iteration_count_matches": true,
        "timed_iteration_history": true,
        "field_relative_difference": 5.733652282949924e-10,
        "spd_residual_difference_bound": 0.00030069035389276725
      },
      {
        "intervals": 32,
        "case": 1,
        "method": "cg_identity_rtol1e-02",
        "iterations": 36,
        "saved_iterations": 36,
        "iteration_count_matches": true,
        "timed_iteration_history": true,
        "field_relative_difference": 6.29398823684062e-08,
        "spd_residual_difference_bound": 0.030015645861652254
      },
      {
        "intervals": 32,
        "case": 1,
        "method": "cg_identity_plain_rtol1e-02",
        "iterations": 36,
        "saved_iterations": 36,
        "iteration_count_matches": true,
        "timed_iteration_history": false,
        "field_relative_difference": 6.29398823684062e-08,
        "spd_residual_difference_bound": 0.030015645861652254
      },
      {
        "intervals": 32,
        "case": 2,
        "method": "cg_identity_plain_rtol1e-04",
        "iterations": 63,
        "saved_iterations": 63,
        "iteration_count_matches": true,
        "timed_iteration_history": false,
        "field_relative_difference": 2.5162180873569993e-10,
        "spd_residual_difference_bound": 0.0002791606668422292
      },
      {
        "intervals": 32,
        "case": 2,
        "method": "cg_identity_rtol1e-02",
        "iterations": 35,
        "saved_iterations": 35,
        "iteration_count_matches": true,
        "timed_iteration_history": true,
        "field_relative_difference": 5.328584555245978e-09,
        "spd_residual_difference_bound": 0.026085857142729357
      },
      {
        "intervals": 32,
        "case": 2,
        "method": "cg_identity_plain_rtol1e-02",
        "iterations": 35,
        "saved_iterations": 35,
        "iteration_count_matches": true,
        "timed_iteration_history": false,
        "field_relative_difference": 5.328584555245978e-09,
        "spd_residual_difference_bound": 0.026085857142729357
      },
      {
        "intervals": 32,
        "case": 2,
        "method": "cg_identity_rtol1e-06",
        "iterations": 83,
        "saved_iterations": 83,
        "iteration_count_matches": true,
        "timed_iteration_history": true,
        "field_relative_difference": 5.369288600990402e-13,
        "spd_residual_difference_bound": 2.4651962150380026e-06
      },
      {
        "intervals": 32,
        "case": 2,
        "method": "cg_identity_plain_rtol1e-06",
        "iterations": 83,
        "saved_iterations": 83,
        "iteration_count_matches": true,
        "timed_iteration_history": false,
        "field_relative_difference": 5.369288600990402e-13,
        "spd_residual_difference_bound": 2.4651962150380026e-06
      },
      {
        "intervals": 32,
        "case": 2,
        "method": "cg_identity_rtol1e-04",
        "iterations": 63,
        "saved_iterations": 63,
        "iteration_count_matches": true,
        "timed_iteration_history": true,
        "field_relative_difference": 2.5162180873569993e-10,
        "spd_residual_difference_bound": 0.0002791606668422292
      },
      {
        "intervals": 32,
        "case": 3,
        "method": "cg_identity_plain_rtol1e-06",
        "iterations": 85,
        "saved_iterations": 85,
        "iteration_count_matches": true,
        "timed_iteration_history": false,
        "field_relative_difference": 1.8584620750828453e-11,
        "spd_residual_difference_bound": 3.3152993074118723e-06
      },
      {
        "intervals": 32,
        "case": 3,
        "method": "cg_identity_rtol1e-06",
        "iterations": 85,
        "saved_iterations": 85,
        "iteration_count_matches": true,
        "timed_iteration_history": true,
        "field_relative_difference": 1.8584620750828453e-11,
        "spd_residual_difference_bound": 3.3152993074118723e-06
      },
      {
        "intervals": 32,
        "case": 3,
        "method": "cg_identity_plain_rtol1e-02",
        "iterations": 36,
        "saved_iterations": 36,
        "iteration_count_matches": true,
        "timed_iteration_history": false,
        "field_relative_difference": 1.4367776131507318e-07,
        "spd_residual_difference_bound": 0.0322218312559998
      },
      {
        "intervals": 32,
        "case": 3,
        "method": "cg_identity_rtol1e-04",
        "iterations": 64,
        "saved_iterations": 64,
        "iteration_count_matches": true,
        "timed_iteration_history": true,
        "field_relative_difference": 1.7051226173454844e-09,
        "spd_residual_difference_bound": 0.0003319048022500657
      },
      {
        "intervals": 32,
        "case": 3,
        "method": "cg_identity_plain_rtol1e-04",
        "iterations": 64,
        "saved_iterations": 64,
        "iteration_count_matches": true,
        "timed_iteration_history": false,
        "field_relative_difference": 1.7051226173454844e-09,
        "spd_residual_difference_bound": 0.0003319048022500657
      },
      {
        "intervals": 32,
        "case": 3,
        "method": "cg_identity_rtol1e-02",
        "iterations": 36,
        "saved_iterations": 36,
        "iteration_count_matches": true,
        "timed_iteration_history": true,
        "field_relative_difference": 1.4367776131507318e-07,
        "spd_residual_difference_bound": 0.0322218312559998
      },
      {
        "intervals": 32,
        "case": 4,
        "method": "cg_identity_plain_rtol1e-06",
        "iterations": 83,
        "saved_iterations": 83,
        "iteration_count_matches": true,
        "timed_iteration_history": false,
        "field_relative_difference": 3.229648363769781e-11,
        "spd_residual_difference_bound": 2.8719819970682154e-06
      },
      {
        "intervals": 32,
        "case": 4,
        "method": "cg_identity_rtol1e-04",
        "iterations": 63,
        "saved_iterations": 63,
        "iteration_count_matches": true,
        "timed_iteration_history": true,
        "field_relative_difference": 3.3905102471904134e-09,
        "spd_residual_difference_bound": 0.00029489474347589356
      },
      {
        "intervals": 32,
        "case": 4,
        "method": "cg_identity_rtol1e-02",
        "iterations": 34,
        "saved_iterations": 34,
        "iteration_count_matches": true,
        "timed_iteration_history": true,
        "field_relative_difference": 3.2380025850366883e-07,
        "spd_residual_difference_bound": 0.03221171612893919
      },
      {
        "intervals": 32,
        "case": 4,
        "method": "cg_identity_plain_rtol1e-04",
        "iterations": 63,
        "saved_iterations": 63,
        "iteration_count_matches": true,
        "timed_iteration_history": false,
        "field_relative_difference": 3.3905102471904134e-09,
        "spd_residual_difference_bound": 0.00029489474347589356
      },
      {
        "intervals": 32,
        "case": 4,
        "method": "cg_identity_plain_rtol1e-02",
        "iterations": 34,
        "saved_iterations": 34,
        "iteration_count_matches": true,
        "timed_iteration_history": false,
        "field_relative_difference": 3.2380025850366883e-07,
        "spd_residual_difference_bound": 0.03221171612893919
      },
      {
        "intervals": 32,
        "case": 4,
        "method": "cg_identity_rtol1e-06",
        "iterations": 83,
        "saved_iterations": 83,
        "iteration_count_matches": true,
        "timed_iteration_history": true,
        "field_relative_difference": 3.229648363769781e-11,
        "spd_residual_difference_bound": 2.8719819970682154e-06
      },
      {
        "intervals": 32,
        "case": 5,
        "method": "cg_identity_plain_rtol1e-06",
        "iterations": 83,
        "saved_iterations": 83,
        "iteration_count_matches": true,
        "timed_iteration_history": false,
        "field_relative_difference": 5.2281600397883515e-11,
        "spd_residual_difference_bound": 2.871192697549425e-06
      },
      {
        "intervals": 32,
        "case": 5,
        "method": "cg_identity_rtol1e-06",
        "iterations": 83,
        "saved_iterations": 83,
        "iteration_count_matches": true,
        "timed_iteration_history": true,
        "field_relative_difference": 5.2281600397883515e-11,
        "spd_residual_difference_bound": 2.871192697549425e-06
      },
      {
        "intervals": 32,
        "case": 5,
        "method": "cg_identity_plain_rtol1e-04",
        "iterations": 64,
        "saved_iterations": 64,
        "iteration_count_matches": true,
        "timed_iteration_history": false,
        "field_relative_difference": 4.724576602523941e-09,
        "spd_residual_difference_bound": 0.0002460732226192444
      },
      {
        "intervals": 32,
        "case": 5,
        "method": "cg_identity_rtol1e-04",
        "iterations": 64,
        "saved_iterations": 64,
        "iteration_count_matches": true,
        "timed_iteration_history": true,
        "field_relative_difference": 4.724576602523941e-09,
        "spd_residual_difference_bound": 0.0002460732226192444
      },
      {
        "intervals": 32,
        "case": 5,
        "method": "cg_identity_plain_rtol1e-02",
        "iterations": 36,
        "saved_iterations": 36,
        "iteration_count_matches": true,
        "timed_iteration_history": false,
        "field_relative_difference": 5.530007541710421e-08,
        "spd_residual_difference_bound": 0.027231907278017792
      },
      {
        "intervals": 32,
        "case": 5,
        "method": "cg_identity_rtol1e-02",
        "iterations": 36,
        "saved_iterations": 36,
        "iteration_count_matches": true,
        "timed_iteration_history": true,
        "field_relative_difference": 5.530007541710421e-08,
        "spd_residual_difference_bound": 0.027231907278017792
      },
      {
        "intervals": 32,
        "case": 6,
        "method": "cg_identity_plain_rtol1e-06",
        "iterations": 84,
        "saved_iterations": 84,
        "iteration_count_matches": true,
        "timed_iteration_history": false,
        "field_relative_difference": 2.243215577229947e-10,
        "spd_residual_difference_bound": 3.10593639565663e-06
      },
      {
        "intervals": 32,
        "case": 6,
        "method": "cg_identity_plain_rtol1e-02",
        "iterations": 36,
        "saved_iterations": 36,
        "iteration_count_matches": true,
        "timed_iteration_history": false,
        "field_relative_difference": 1.2301767945286357e-07,
        "spd_residual_difference_bound": 0.032157264367489814
      },
      {
        "intervals": 32,
        "case": 6,
        "method": "cg_identity_rtol1e-02",
        "iterations": 36,
        "saved_iterations": 36,
        "iteration_count_matches": true,
        "timed_iteration_history": true,
        "field_relative_difference": 1.2301767945286357e-07,
        "spd_residual_difference_bound": 0.032157264367489814
      },
      {
        "intervals": 32,
        "case": 6,
        "method": "cg_identity_plain_rtol1e-04",
        "iterations": 64,
        "saved_iterations": 64,
        "iteration_count_matches": true,
        "timed_iteration_history": false,
        "field_relative_difference": 9.578926329095731e-09,
        "spd_residual_difference_bound": 0.0003126203042304114
      },
      {
        "intervals": 32,
        "case": 6,
        "method": "cg_identity_rtol1e-04",
        "iterations": 64,
        "saved_iterations": 64,
        "iteration_count_matches": true,
        "timed_iteration_history": true,
        "field_relative_difference": 9.578926329095731e-09,
        "spd_residual_difference_bound": 0.0003126203042304114
      },
      {
        "intervals": 32,
        "case": 6,
        "method": "cg_identity_rtol1e-06",
        "iterations": 84,
        "saved_iterations": 84,
        "iteration_count_matches": true,
        "timed_iteration_history": true,
        "field_relative_difference": 2.243215577229947e-10,
        "spd_residual_difference_bound": 3.10593639565663e-06
      },
      {
        "intervals": 32,
        "case": 7,
        "method": "cg_identity_rtol1e-02",
        "iterations": 35,
        "saved_iterations": 35,
        "iteration_count_matches": true,
        "timed_iteration_history": true,
        "field_relative_difference": 6.454705643056181e-07,
        "spd_residual_difference_bound": 0.03377849605005514
      },
      {
        "intervals": 32,
        "case": 7,
        "method": "cg_identity_plain_rtol1e-04",
        "iterations": 63,
        "saved_iterations": 63,
        "iteration_count_matches": true,
        "timed_iteration_history": false,
        "field_relative_difference": 5.878813688215224e-09,
        "spd_residual_difference_bound": 0.000387799061457418
      },
      {
        "intervals": 32,
        "case": 7,
        "method": "cg_identity_rtol1e-06",
        "iterations": 84,
        "saved_iterations": 84,
        "iteration_count_matches": true,
        "timed_iteration_history": true,
        "field_relative_difference": 6.846995623720867e-11,
        "spd_residual_difference_bound": 3.252898294146358e-06
      },
      {
        "intervals": 32,
        "case": 7,
        "method": "cg_identity_plain_rtol1e-02",
        "iterations": 35,
        "saved_iterations": 35,
        "iteration_count_matches": true,
        "timed_iteration_history": false,
        "field_relative_difference": 6.454705643056181e-07,
        "spd_residual_difference_bound": 0.03377849605005514
      },
      {
        "intervals": 32,
        "case": 7,
        "method": "cg_identity_rtol1e-04",
        "iterations": 63,
        "saved_iterations": 63,
        "iteration_count_matches": true,
        "timed_iteration_history": true,
        "field_relative_difference": 5.878813688215224e-09,
        "spd_residual_difference_bound": 0.000387799061457418
      },
      {
        "intervals": 32,
        "case": 7,
        "method": "cg_identity_plain_rtol1e-06",
        "iterations": 84,
        "saved_iterations": 84,
        "iteration_count_matches": true,
        "timed_iteration_history": false,
        "field_relative_difference": 6.846995623720867e-11,
        "spd_residual_difference_bound": 3.252898294146358e-06
      },
      {
        "intervals": 32,
        "case": 8,
        "method": "cg_identity_rtol1e-04",
        "iterations": 64,
        "saved_iterations": 64,
        "iteration_count_matches": true,
        "timed_iteration_history": true,
        "field_relative_difference": 2.543879928681345e-09,
        "spd_residual_difference_bound": 0.0003340215441758401
      },
      {
        "intervals": 32,
        "case": 8,
        "method": "cg_identity_plain_rtol1e-04",
        "iterations": 64,
        "saved_iterations": 64,
        "iteration_count_matches": true,
        "timed_iteration_history": false,
        "field_relative_difference": 2.543879928681345e-09,
        "spd_residual_difference_bound": 0.0003340215441758401
      },
      {
        "intervals": 32,
        "case": 8,
        "method": "cg_identity_rtol1e-06",
        "iterations": 85,
        "saved_iterations": 85,
        "iteration_count_matches": true,
        "timed_iteration_history": true,
        "field_relative_difference": 1.4831701224510094e-11,
        "spd_residual_difference_bound": 3.244507874451947e-06
      },
      {
        "intervals": 32,
        "case": 8,
        "method": "cg_identity_rtol1e-02",
        "iterations": 36,
        "saved_iterations": 36,
        "iteration_count_matches": true,
        "timed_iteration_history": true,
        "field_relative_difference": 2.581933924316242e-07,
        "spd_residual_difference_bound": 0.03271436163220953
      },
      {
        "intervals": 32,
        "case": 8,
        "method": "cg_identity_plain_rtol1e-02",
        "iterations": 36,
        "saved_iterations": 36,
        "iteration_count_matches": true,
        "timed_iteration_history": false,
        "field_relative_difference": 2.581933924316242e-07,
        "spd_residual_difference_bound": 0.03271436163220953
      },
      {
        "intervals": 32,
        "case": 8,
        "method": "cg_identity_plain_rtol1e-06",
        "iterations": 85,
        "saved_iterations": 85,
        "iteration_count_matches": true,
        "timed_iteration_history": false,
        "field_relative_difference": 1.4831701224510094e-11,
        "spd_residual_difference_bound": 3.244507874451947e-06
      },
      {
        "intervals": 32,
        "case": 9,
        "method": "cg_identity_plain_rtol1e-06",
        "iterations": 82,
        "saved_iterations": 82,
        "iteration_count_matches": true,
        "timed_iteration_history": false,
        "field_relative_difference": 1.8446683875372074e-11,
        "spd_residual_difference_bound": 3.0948701721014085e-06
      },
      {
        "intervals": 32,
        "case": 9,
        "method": "cg_identity_plain_rtol1e-04",
        "iterations": 61,
        "saved_iterations": 61,
        "iteration_count_matches": true,
        "timed_iteration_history": false,
        "field_relative_difference": 1.5645945280880537e-09,
        "spd_residual_difference_bound": 0.00029319604499843056
      },
      {
        "intervals": 32,
        "case": 9,
        "method": "cg_identity_rtol1e-02",
        "iterations": 34,
        "saved_iterations": 34,
        "iteration_count_matches": true,
        "timed_iteration_history": true,
        "field_relative_difference": 2.0428099468844324e-07,
        "spd_residual_difference_bound": 0.02981516382181233
      },
      {
        "intervals": 32,
        "case": 9,
        "method": "cg_identity_rtol1e-04",
        "iterations": 61,
        "saved_iterations": 61,
        "iteration_count_matches": true,
        "timed_iteration_history": true,
        "field_relative_difference": 1.5645945280880537e-09,
        "spd_residual_difference_bound": 0.00029319604499843056
      },
      {
        "intervals": 32,
        "case": 9,
        "method": "cg_identity_rtol1e-06",
        "iterations": 82,
        "saved_iterations": 82,
        "iteration_count_matches": true,
        "timed_iteration_history": true,
        "field_relative_difference": 1.8446683875372074e-11,
        "spd_residual_difference_bound": 3.0948701721014085e-06
      },
      {
        "intervals": 32,
        "case": 9,
        "method": "cg_identity_plain_rtol1e-02",
        "iterations": 34,
        "saved_iterations": 34,
        "iteration_count_matches": true,
        "timed_iteration_history": false,
        "field_relative_difference": 2.0428099468844324e-07,
        "spd_residual_difference_bound": 0.02981516382181233
      },
      {
        "intervals": 32,
        "case": 10,
        "method": "cg_identity_rtol1e-06",
        "iterations": 83,
        "saved_iterations": 83,
        "iteration_count_matches": true,
        "timed_iteration_history": true,
        "field_relative_difference": 3.194573271814651e-11,
        "spd_residual_difference_bound": 3.1157361733418383e-06
      },
      {
        "intervals": 32,
        "case": 10,
        "method": "cg_identity_rtol1e-02",
        "iterations": 35,
        "saved_iterations": 35,
        "iteration_count_matches": true,
        "timed_iteration_history": true,
        "field_relative_difference": 2.082398399590076e-07,
        "spd_residual_difference_bound": 0.031700039082320226
      },
      {
        "intervals": 32,
        "case": 10,
        "method": "cg_identity_rtol1e-04",
        "iterations": 63,
        "saved_iterations": 63,
        "iteration_count_matches": true,
        "timed_iteration_history": true,
        "field_relative_difference": 2.3798049624050017e-09,
        "spd_residual_difference_bound": 0.00034341767544530103
      },
      {
        "intervals": 32,
        "case": 10,
        "method": "cg_identity_plain_rtol1e-02",
        "iterations": 35,
        "saved_iterations": 35,
        "iteration_count_matches": true,
        "timed_iteration_history": false,
        "field_relative_difference": 2.082398399590076e-07,
        "spd_residual_difference_bound": 0.031700039082320226
      },
      {
        "intervals": 32,
        "case": 10,
        "method": "cg_identity_plain_rtol1e-06",
        "iterations": 83,
        "saved_iterations": 83,
        "iteration_count_matches": true,
        "timed_iteration_history": false,
        "field_relative_difference": 3.194573271814651e-11,
        "spd_residual_difference_bound": 3.1157361733418383e-06
      },
      {
        "intervals": 32,
        "case": 10,
        "method": "cg_identity_plain_rtol1e-04",
        "iterations": 63,
        "saved_iterations": 63,
        "iteration_count_matches": true,
        "timed_iteration_history": false,
        "field_relative_difference": 2.3798049624050017e-09,
        "spd_residual_difference_bound": 0.00034341767544530103
      },
      {
        "intervals": 32,
        "case": 11,
        "method": "cg_identity_rtol1e-04",
        "iterations": 63,
        "saved_iterations": 63,
        "iteration_count_matches": true,
        "timed_iteration_history": true,
        "field_relative_difference": 2.4371189614846377e-09,
        "spd_residual_difference_bound": 0.00030386584945568787
      },
      {
        "intervals": 32,
        "case": 11,
        "method": "cg_identity_rtol1e-06",
        "iterations": 83,
        "saved_iterations": 83,
        "iteration_count_matches": true,
        "timed_iteration_history": true,
        "field_relative_difference": 9.708811966504911e-12,
        "spd_residual_difference_bound": 2.966632415096932e-06
      },
      {
        "intervals": 32,
        "case": 11,
        "method": "cg_identity_rtol1e-02",
        "iterations": 35,
        "saved_iterations": 35,
        "iteration_count_matches": true,
        "timed_iteration_history": true,
        "field_relative_difference": 1.5161752700749217e-07,
        "spd_residual_difference_bound": 0.029912831221619467
      },
      {
        "intervals": 32,
        "case": 11,
        "method": "cg_identity_plain_rtol1e-04",
        "iterations": 63,
        "saved_iterations": 63,
        "iteration_count_matches": true,
        "timed_iteration_history": false,
        "field_relative_difference": 2.4371189614846377e-09,
        "spd_residual_difference_bound": 0.00030386584945568787
      },
      {
        "intervals": 32,
        "case": 11,
        "method": "cg_identity_plain_rtol1e-02",
        "iterations": 35,
        "saved_iterations": 35,
        "iteration_count_matches": true,
        "timed_iteration_history": false,
        "field_relative_difference": 1.5161752700749217e-07,
        "spd_residual_difference_bound": 0.029912831221619467
      },
      {
        "intervals": 32,
        "case": 11,
        "method": "cg_identity_plain_rtol1e-06",
        "iterations": 83,
        "saved_iterations": 83,
        "iteration_count_matches": true,
        "timed_iteration_history": false,
        "field_relative_difference": 9.708811966504911e-12,
        "spd_residual_difference_bound": 2.966632415096932e-06
      },
      {
        "intervals": 32,
        "case": 12,
        "method": "cg_identity_plain_rtol1e-04",
        "iterations": 60,
        "saved_iterations": 60,
        "iteration_count_matches": true,
        "timed_iteration_history": false,
        "field_relative_difference": 3.77263502565872e-09,
        "spd_residual_difference_bound": 0.0003124248326259852
      },
      {
        "intervals": 32,
        "case": 12,
        "method": "cg_identity_rtol1e-02",
        "iterations": 32,
        "saved_iterations": 32,
        "iteration_count_matches": true,
        "timed_iteration_history": true,
        "field_relative_difference": 2.8528150584291195e-07,
        "spd_residual_difference_bound": 0.03224709865178639
      },
      {
        "intervals": 32,
        "case": 12,
        "method": "cg_identity_plain_rtol1e-02",
        "iterations": 32,
        "saved_iterations": 32,
        "iteration_count_matches": true,
        "timed_iteration_history": false,
        "field_relative_difference": 2.8528150584291195e-07,
        "spd_residual_difference_bound": 0.03224709865178639
      },
      {
        "intervals": 32,
        "case": 12,
        "method": "cg_identity_rtol1e-06",
        "iterations": 81,
        "saved_iterations": 81,
        "iteration_count_matches": true,
        "timed_iteration_history": true,
        "field_relative_difference": 4.501147310564504e-11,
        "spd_residual_difference_bound": 3.532581217408653e-06
      },
      {
        "intervals": 32,
        "case": 12,
        "method": "cg_identity_plain_rtol1e-06",
        "iterations": 81,
        "saved_iterations": 81,
        "iteration_count_matches": true,
        "timed_iteration_history": false,
        "field_relative_difference": 4.501147310564504e-11,
        "spd_residual_difference_bound": 3.532581217408653e-06
      },
      {
        "intervals": 32,
        "case": 12,
        "method": "cg_identity_rtol1e-04",
        "iterations": 60,
        "saved_iterations": 60,
        "iteration_count_matches": true,
        "timed_iteration_history": true,
        "field_relative_difference": 3.77263502565872e-09,
        "spd_residual_difference_bound": 0.0003124248326259852
      },
      {
        "intervals": 32,
        "case": 13,
        "method": "cg_identity_plain_rtol1e-04",
        "iterations": 64,
        "saved_iterations": 64,
        "iteration_count_matches": true,
        "timed_iteration_history": false,
        "field_relative_difference": 9.81135817557392e-11,
        "spd_residual_difference_bound": 0.00023996700081589894
      },
      {
        "intervals": 32,
        "case": 13,
        "method": "cg_identity_rtol1e-04",
        "iterations": 64,
        "saved_iterations": 64,
        "iteration_count_matches": true,
        "timed_iteration_history": true,
        "field_relative_difference": 9.81135817557392e-11,
        "spd_residual_difference_bound": 0.00023996700081589894
      },
      {
        "intervals": 32,
        "case": 13,
        "method": "cg_identity_plain_rtol1e-06",
        "iterations": 83,
        "saved_iterations": 83,
        "iteration_count_matches": true,
        "timed_iteration_history": false,
        "field_relative_difference": 3.491580388714665e-13,
        "spd_residual_difference_bound": 2.583334072396816e-06
      },
      {
        "intervals": 32,
        "case": 13,
        "method": "cg_identity_plain_rtol1e-02",
        "iterations": 35,
        "saved_iterations": 35,
        "iteration_count_matches": true,
        "timed_iteration_history": false,
        "field_relative_difference": 1.117120598020587e-08,
        "spd_residual_difference_bound": 0.028126526115280603
      },
      {
        "intervals": 32,
        "case": 13,
        "method": "cg_identity_rtol1e-06",
        "iterations": 83,
        "saved_iterations": 83,
        "iteration_count_matches": true,
        "timed_iteration_history": true,
        "field_relative_difference": 3.491580388714665e-13,
        "spd_residual_difference_bound": 2.583334072396816e-06
      },
      {
        "intervals": 32,
        "case": 13,
        "method": "cg_identity_rtol1e-02",
        "iterations": 35,
        "saved_iterations": 35,
        "iteration_count_matches": true,
        "timed_iteration_history": true,
        "field_relative_difference": 1.117120598020587e-08,
        "spd_residual_difference_bound": 0.028126526115280603
      },
      {
        "intervals": 32,
        "case": 14,
        "method": "cg_identity_rtol1e-06",
        "iterations": 84,
        "saved_iterations": 84,
        "iteration_count_matches": true,
        "timed_iteration_history": true,
        "field_relative_difference": 3.557035881865565e-11,
        "spd_residual_difference_bound": 3.2048211734530485e-06
      },
      {
        "intervals": 32,
        "case": 14,
        "method": "cg_identity_plain_rtol1e-04",
        "iterations": 64,
        "saved_iterations": 64,
        "iteration_count_matches": true,
        "timed_iteration_history": false,
        "field_relative_difference": 3.195980251652969e-09,
        "spd_residual_difference_bound": 0.0003412198206082054
      },
      {
        "intervals": 32,
        "case": 14,
        "method": "cg_identity_rtol1e-04",
        "iterations": 64,
        "saved_iterations": 64,
        "iteration_count_matches": true,
        "timed_iteration_history": true,
        "field_relative_difference": 3.195980251652969e-09,
        "spd_residual_difference_bound": 0.0003412198206082054
      },
      {
        "intervals": 32,
        "case": 14,
        "method": "cg_identity_plain_rtol1e-06",
        "iterations": 84,
        "saved_iterations": 84,
        "iteration_count_matches": true,
        "timed_iteration_history": false,
        "field_relative_difference": 3.557035881865565e-11,
        "spd_residual_difference_bound": 3.2048211734530485e-06
      },
      {
        "intervals": 32,
        "case": 14,
        "method": "cg_identity_plain_rtol1e-02",
        "iterations": 36,
        "saved_iterations": 36,
        "iteration_count_matches": true,
        "timed_iteration_history": false,
        "field_relative_difference": 2.986339373401958e-07,
        "spd_residual_difference_bound": 0.03397361691458007
      },
      {
        "intervals": 32,
        "case": 14,
        "method": "cg_identity_rtol1e-02",
        "iterations": 36,
        "saved_iterations": 36,
        "iteration_count_matches": true,
        "timed_iteration_history": true,
        "field_relative_difference": 2.986339373401958e-07,
        "spd_residual_difference_bound": 0.03397361691458007
      },
      {
        "intervals": 32,
        "case": 15,
        "method": "cg_identity_plain_rtol1e-06",
        "iterations": 88,
        "saved_iterations": 88,
        "iteration_count_matches": true,
        "timed_iteration_history": false,
        "field_relative_difference": 6.245171947533164e-11,
        "spd_residual_difference_bound": 3.953070008907088e-06
      },
      {
        "intervals": 32,
        "case": 15,
        "method": "cg_identity_rtol1e-02",
        "iterations": 38,
        "saved_iterations": 38,
        "iteration_count_matches": true,
        "timed_iteration_history": true,
        "field_relative_difference": 1.7198848871916114e-07,
        "spd_residual_difference_bound": 0.034175983851538534
      },
      {
        "intervals": 32,
        "case": 15,
        "method": "cg_identity_rtol1e-04",
        "iterations": 65,
        "saved_iterations": 65,
        "iteration_count_matches": true,
        "timed_iteration_history": true,
        "field_relative_difference": 2.290404626145398e-09,
        "spd_residual_difference_bound": 0.0003702174468017621
      },
      {
        "intervals": 32,
        "case": 15,
        "method": "cg_identity_plain_rtol1e-04",
        "iterations": 65,
        "saved_iterations": 65,
        "iteration_count_matches": true,
        "timed_iteration_history": false,
        "field_relative_difference": 2.290404626145398e-09,
        "spd_residual_difference_bound": 0.0003702174468017621
      },
      {
        "intervals": 32,
        "case": 15,
        "method": "cg_identity_rtol1e-06",
        "iterations": 88,
        "saved_iterations": 88,
        "iteration_count_matches": true,
        "timed_iteration_history": true,
        "field_relative_difference": 6.245171947533164e-11,
        "spd_residual_difference_bound": 3.953070008907088e-06
      },
      {
        "intervals": 32,
        "case": 15,
        "method": "cg_identity_plain_rtol1e-02",
        "iterations": 38,
        "saved_iterations": 38,
        "iteration_count_matches": true,
        "timed_iteration_history": false,
        "field_relative_difference": 1.7198848871916114e-07,
        "spd_residual_difference_bound": 0.034175983851538534
      },
      {
        "intervals": 32,
        "case": 16,
        "method": "cg_identity_rtol1e-02",
        "iterations": 37,
        "saved_iterations": 37,
        "iteration_count_matches": true,
        "timed_iteration_history": true,
        "field_relative_difference": 4.358025214738123e-07,
        "spd_residual_difference_bound": 0.0407307612526402
      },
      {
        "intervals": 32,
        "case": 16,
        "method": "cg_identity_plain_rtol1e-04",
        "iterations": 65,
        "saved_iterations": 65,
        "iteration_count_matches": true,
        "timed_iteration_history": false,
        "field_relative_difference": 4.616106128376283e-09,
        "spd_residual_difference_bound": 0.00038971026211947444
      },
      {
        "intervals": 32,
        "case": 16,
        "method": "cg_identity_plain_rtol1e-02",
        "iterations": 37,
        "saved_iterations": 37,
        "iteration_count_matches": true,
        "timed_iteration_history": false,
        "field_relative_difference": 4.358025214738123e-07,
        "spd_residual_difference_bound": 0.0407307612526402
      },
      {
        "intervals": 32,
        "case": 16,
        "method": "cg_identity_rtol1e-06",
        "iterations": 87,
        "saved_iterations": 87,
        "iteration_count_matches": true,
        "timed_iteration_history": true,
        "field_relative_difference": 6.308914072473858e-11,
        "spd_residual_difference_bound": 4.032845012455132e-06
      },
      {
        "intervals": 32,
        "case": 16,
        "method": "cg_identity_plain_rtol1e-06",
        "iterations": 87,
        "saved_iterations": 87,
        "iteration_count_matches": true,
        "timed_iteration_history": false,
        "field_relative_difference": 6.308914072473858e-11,
        "spd_residual_difference_bound": 4.032845012455132e-06
      },
      {
        "intervals": 32,
        "case": 16,
        "method": "cg_identity_rtol1e-04",
        "iterations": 65,
        "saved_iterations": 65,
        "iteration_count_matches": true,
        "timed_iteration_history": true,
        "field_relative_difference": 4.616106128376283e-09,
        "spd_residual_difference_bound": 0.00038971026211947444
      },
      {
        "intervals": 32,
        "case": 17,
        "method": "cg_identity_rtol1e-04",
        "iterations": 56,
        "saved_iterations": 56,
        "iteration_count_matches": true,
        "timed_iteration_history": true,
        "field_relative_difference": 1.3307897930110375e-09,
        "spd_residual_difference_bound": 0.0002725169488924494
      },
      {
        "intervals": 32,
        "case": 17,
        "method": "cg_identity_plain_rtol1e-02",
        "iterations": 31,
        "saved_iterations": 31,
        "iteration_count_matches": true,
        "timed_iteration_history": false,
        "field_relative_difference": 1.2375942668449984e-07,
        "spd_residual_difference_bound": 0.029071613924646137
      },
      {
        "intervals": 32,
        "case": 17,
        "method": "cg_identity_rtol1e-02",
        "iterations": 31,
        "saved_iterations": 31,
        "iteration_count_matches": true,
        "timed_iteration_history": true,
        "field_relative_difference": 1.2375942668449984e-07,
        "spd_residual_difference_bound": 0.029071613924646137
      },
      {
        "intervals": 32,
        "case": 17,
        "method": "cg_identity_plain_rtol1e-06",
        "iterations": 80,
        "saved_iterations": 80,
        "iteration_count_matches": true,
        "timed_iteration_history": false,
        "field_relative_difference": 1.4238887148964134e-11,
        "spd_residual_difference_bound": 2.95334601894192e-06
      },
      {
        "intervals": 32,
        "case": 17,
        "method": "cg_identity_plain_rtol1e-04",
        "iterations": 56,
        "saved_iterations": 56,
        "iteration_count_matches": true,
        "timed_iteration_history": false,
        "field_relative_difference": 1.3307897930110375e-09,
        "spd_residual_difference_bound": 0.0002725169488924494
      },
      {
        "intervals": 32,
        "case": 17,
        "method": "cg_identity_rtol1e-06",
        "iterations": 80,
        "saved_iterations": 80,
        "iteration_count_matches": true,
        "timed_iteration_history": true,
        "field_relative_difference": 1.4238887148964134e-11,
        "spd_residual_difference_bound": 2.95334601894192e-06
      },
      {
        "intervals": 32,
        "case": 18,
        "method": "cg_identity_rtol1e-02",
        "iterations": 33,
        "saved_iterations": 33,
        "iteration_count_matches": true,
        "timed_iteration_history": true,
        "field_relative_difference": 1.0238249351211315e-07,
        "spd_residual_difference_bound": 0.03102058318596745
      },
      {
        "intervals": 32,
        "case": 18,
        "method": "cg_identity_plain_rtol1e-06",
        "iterations": 82,
        "saved_iterations": 82,
        "iteration_count_matches": true,
        "timed_iteration_history": false,
        "field_relative_difference": 2.1216539938481048e-11,
        "spd_residual_difference_bound": 2.9284979548707795e-06
      },
      {
        "intervals": 32,
        "case": 18,
        "method": "cg_identity_plain_rtol1e-04",
        "iterations": 62,
        "saved_iterations": 62,
        "iteration_count_matches": true,
        "timed_iteration_history": false,
        "field_relative_difference": 1.3060123405268169e-09,
        "spd_residual_difference_bound": 0.00028043491407363344
      },
      {
        "intervals": 32,
        "case": 18,
        "method": "cg_identity_plain_rtol1e-02",
        "iterations": 33,
        "saved_iterations": 33,
        "iteration_count_matches": true,
        "timed_iteration_history": false,
        "field_relative_difference": 1.0238249351211315e-07,
        "spd_residual_difference_bound": 0.03102058318596745
      },
      {
        "intervals": 32,
        "case": 18,
        "method": "cg_identity_rtol1e-06",
        "iterations": 82,
        "saved_iterations": 82,
        "iteration_count_matches": true,
        "timed_iteration_history": true,
        "field_relative_difference": 2.1216539938481048e-11,
        "spd_residual_difference_bound": 2.9284979548707795e-06
      },
      {
        "intervals": 32,
        "case": 18,
        "method": "cg_identity_rtol1e-04",
        "iterations": 62,
        "saved_iterations": 62,
        "iteration_count_matches": true,
        "timed_iteration_history": true,
        "field_relative_difference": 1.3060123405268169e-09,
        "spd_residual_difference_bound": 0.00028043491407363344
      },
      {
        "intervals": 32,
        "case": 19,
        "method": "cg_identity_rtol1e-06",
        "iterations": 87,
        "saved_iterations": 87,
        "iteration_count_matches": true,
        "timed_iteration_history": true,
        "field_relative_difference": 1.2489423796119516e-12,
        "spd_residual_difference_bound": 2.953724822300739e-06
      },
      {
        "intervals": 32,
        "case": 19,
        "method": "cg_identity_plain_rtol1e-02",
        "iterations": 37,
        "saved_iterations": 37,
        "iteration_count_matches": true,
        "timed_iteration_history": false,
        "field_relative_difference": 2.4078913438898587e-08,
        "spd_residual_difference_bound": 0.030901954195670888
      },
      {
        "intervals": 32,
        "case": 19,
        "method": "cg_identity_rtol1e-02",
        "iterations": 37,
        "saved_iterations": 37,
        "iteration_count_matches": true,
        "timed_iteration_history": true,
        "field_relative_difference": 2.4078913438898587e-08,
        "spd_residual_difference_bound": 0.030901954195670888
      },
      {
        "intervals": 32,
        "case": 19,
        "method": "cg_identity_plain_rtol1e-04",
        "iterations": 65,
        "saved_iterations": 65,
        "iteration_count_matches": true,
        "timed_iteration_history": false,
        "field_relative_difference": 1.9892415289145256e-10,
        "spd_residual_difference_bound": 0.0002839824069900016
      },
      {
        "intervals": 32,
        "case": 19,
        "method": "cg_identity_rtol1e-04",
        "iterations": 65,
        "saved_iterations": 65,
        "iteration_count_matches": true,
        "timed_iteration_history": true,
        "field_relative_difference": 1.9892415289145256e-10,
        "spd_residual_difference_bound": 0.0002839824069900016
      },
      {
        "intervals": 32,
        "case": 19,
        "method": "cg_identity_plain_rtol1e-06",
        "iterations": 87,
        "saved_iterations": 87,
        "iteration_count_matches": true,
        "timed_iteration_history": false,
        "field_relative_difference": 1.2489423796119516e-12,
        "spd_residual_difference_bound": 2.953724822300739e-06
      },
      {
        "intervals": 32,
        "case": 20,
        "method": "cg_identity_plain_rtol1e-02",
        "iterations": 37,
        "saved_iterations": 37,
        "iteration_count_matches": true,
        "timed_iteration_history": false,
        "field_relative_difference": 5.546944511756794e-09,
        "spd_residual_difference_bound": 0.02699091834727363
      },
      {
        "intervals": 32,
        "case": 20,
        "method": "cg_identity_rtol1e-02",
        "iterations": 37,
        "saved_iterations": 37,
        "iteration_count_matches": true,
        "timed_iteration_history": true,
        "field_relative_difference": 5.546944511756794e-09,
        "spd_residual_difference_bound": 0.02699091834727363
      },
      {
        "intervals": 32,
        "case": 20,
        "method": "cg_identity_rtol1e-04",
        "iterations": 65,
        "saved_iterations": 65,
        "iteration_count_matches": true,
        "timed_iteration_history": true,
        "field_relative_difference": 4.417446370244582e-11,
        "spd_residual_difference_bound": 0.00022793060024873564
      },
      {
        "intervals": 32,
        "case": 20,
        "method": "cg_identity_plain_rtol1e-06",
        "iterations": 84,
        "saved_iterations": 84,
        "iteration_count_matches": true,
        "timed_iteration_history": false,
        "field_relative_difference": 3.205279498405207e-13,
        "spd_residual_difference_bound": 2.9223928171737517e-06
      },
      {
        "intervals": 32,
        "case": 20,
        "method": "cg_identity_plain_rtol1e-04",
        "iterations": 65,
        "saved_iterations": 65,
        "iteration_count_matches": true,
        "timed_iteration_history": false,
        "field_relative_difference": 4.417446370244582e-11,
        "spd_residual_difference_bound": 0.00022793060024873564
      },
      {
        "intervals": 32,
        "case": 20,
        "method": "cg_identity_rtol1e-06",
        "iterations": 84,
        "saved_iterations": 84,
        "iteration_count_matches": true,
        "timed_iteration_history": true,
        "field_relative_difference": 3.205279498405207e-13,
        "spd_residual_difference_bound": 2.9223928171737517e-06
      },
      {
        "intervals": 32,
        "case": 21,
        "method": "cg_identity_rtol1e-04",
        "iterations": 63,
        "saved_iterations": 63,
        "iteration_count_matches": true,
        "timed_iteration_history": true,
        "field_relative_difference": 4.108630550877439e-10,
        "spd_residual_difference_bound": 0.0002727066384576917
      },
      {
        "intervals": 32,
        "case": 21,
        "method": "cg_identity_plain_rtol1e-06",
        "iterations": 83,
        "saved_iterations": 83,
        "iteration_count_matches": true,
        "timed_iteration_history": false,
        "field_relative_difference": 4.493380011680463e-12,
        "spd_residual_difference_bound": 2.5528462637254377e-06
      },
      {
        "intervals": 32,
        "case": 21,
        "method": "cg_identity_rtol1e-06",
        "iterations": 83,
        "saved_iterations": 83,
        "iteration_count_matches": true,
        "timed_iteration_history": true,
        "field_relative_difference": 4.493380011680463e-12,
        "spd_residual_difference_bound": 2.5528462637254377e-06
      },
      {
        "intervals": 32,
        "case": 21,
        "method": "cg_identity_plain_rtol1e-02",
        "iterations": 35,
        "saved_iterations": 35,
        "iteration_count_matches": true,
        "timed_iteration_history": false,
        "field_relative_difference": 1.8463782989573735e-08,
        "spd_residual_difference_bound": 0.027281526718597803
      },
      {
        "intervals": 32,
        "case": 21,
        "method": "cg_identity_plain_rtol1e-04",
        "iterations": 63,
        "saved_iterations": 63,
        "iteration_count_matches": true,
        "timed_iteration_history": false,
        "field_relative_difference": 4.108630550877439e-10,
        "spd_residual_difference_bound": 0.0002727066384576917
      },
      {
        "intervals": 32,
        "case": 21,
        "method": "cg_identity_rtol1e-02",
        "iterations": 35,
        "saved_iterations": 35,
        "iteration_count_matches": true,
        "timed_iteration_history": true,
        "field_relative_difference": 1.8463782989573735e-08,
        "spd_residual_difference_bound": 0.027281526718597803
      },
      {
        "intervals": 32,
        "case": 22,
        "method": "cg_identity_plain_rtol1e-06",
        "iterations": 83,
        "saved_iterations": 83,
        "iteration_count_matches": true,
        "timed_iteration_history": false,
        "field_relative_difference": 6.025101874653306e-13,
        "spd_residual_difference_bound": 2.4223081220727984e-06
      },
      {
        "intervals": 32,
        "case": 22,
        "method": "cg_identity_plain_rtol1e-02",
        "iterations": 35,
        "saved_iterations": 35,
        "iteration_count_matches": true,
        "timed_iteration_history": false,
        "field_relative_difference": 1.145403085769913e-08,
        "spd_residual_difference_bound": 0.02446142563308034
      },
      {
        "intervals": 32,
        "case": 22,
        "method": "cg_identity_rtol1e-04",
        "iterations": 63,
        "saved_iterations": 63,
        "iteration_count_matches": true,
        "timed_iteration_history": true,
        "field_relative_difference": 1.1504963717237742e-10,
        "spd_residual_difference_bound": 0.00026556952725372777
      },
      {
        "intervals": 32,
        "case": 22,
        "method": "cg_identity_rtol1e-02",
        "iterations": 35,
        "saved_iterations": 35,
        "iteration_count_matches": true,
        "timed_iteration_history": true,
        "field_relative_difference": 1.145403085769913e-08,
        "spd_residual_difference_bound": 0.02446142563308034
      },
      {
        "intervals": 32,
        "case": 22,
        "method": "cg_identity_plain_rtol1e-04",
        "iterations": 63,
        "saved_iterations": 63,
        "iteration_count_matches": true,
        "timed_iteration_history": false,
        "field_relative_difference": 1.1504963717237742e-10,
        "spd_residual_difference_bound": 0.00026556952725372777
      },
      {
        "intervals": 32,
        "case": 22,
        "method": "cg_identity_rtol1e-06",
        "iterations": 83,
        "saved_iterations": 83,
        "iteration_count_matches": true,
        "timed_iteration_history": true,
        "field_relative_difference": 6.025101874653306e-13,
        "spd_residual_difference_bound": 2.4223081220727984e-06
      },
      {
        "intervals": 32,
        "case": 23,
        "method": "cg_identity_plain_rtol1e-02",
        "iterations": 34,
        "saved_iterations": 34,
        "iteration_count_matches": true,
        "timed_iteration_history": false,
        "field_relative_difference": 4.061353279857884e-07,
        "spd_residual_difference_bound": 0.033836396606174456
      },
      {
        "intervals": 32,
        "case": 23,
        "method": "cg_identity_rtol1e-02",
        "iterations": 34,
        "saved_iterations": 34,
        "iteration_count_matches": true,
        "timed_iteration_history": true,
        "field_relative_difference": 4.061353279857884e-07,
        "spd_residual_difference_bound": 0.033836396606174456
      },
      {
        "intervals": 32,
        "case": 23,
        "method": "cg_identity_plain_rtol1e-04",
        "iterations": 62,
        "saved_iterations": 62,
        "iteration_count_matches": true,
        "timed_iteration_history": false,
        "field_relative_difference": 4.120468240002738e-09,
        "spd_residual_difference_bound": 0.0003454721679379228
      },
      {
        "intervals": 32,
        "case": 23,
        "method": "cg_identity_rtol1e-06",
        "iterations": 83,
        "saved_iterations": 83,
        "iteration_count_matches": true,
        "timed_iteration_history": true,
        "field_relative_difference": 4.213631455573057e-11,
        "spd_residual_difference_bound": 2.9797010615913425e-06
      },
      {
        "intervals": 32,
        "case": 23,
        "method": "cg_identity_plain_rtol1e-06",
        "iterations": 83,
        "saved_iterations": 83,
        "iteration_count_matches": true,
        "timed_iteration_history": false,
        "field_relative_difference": 4.213631455573057e-11,
        "spd_residual_difference_bound": 2.9797010615913425e-06
      },
      {
        "intervals": 32,
        "case": 23,
        "method": "cg_identity_rtol1e-04",
        "iterations": 62,
        "saved_iterations": 62,
        "iteration_count_matches": true,
        "timed_iteration_history": true,
        "field_relative_difference": 4.120468240002738e-09,
        "spd_residual_difference_bound": 0.0003454721679379228
      },
      {
        "intervals": 32,
        "case": 24,
        "method": "cg_identity_plain_rtol1e-06",
        "iterations": 82,
        "saved_iterations": 82,
        "iteration_count_matches": true,
        "timed_iteration_history": false,
        "field_relative_difference": 1.948435457187806e-11,
        "spd_residual_difference_bound": 3.1416964391775206e-06
      },
      {
        "intervals": 32,
        "case": 24,
        "method": "cg_identity_rtol1e-02",
        "iterations": 33,
        "saved_iterations": 33,
        "iteration_count_matches": true,
        "timed_iteration_history": true,
        "field_relative_difference": 1.5743217369233254e-07,
        "spd_residual_difference_bound": 0.031925976321880024
      },
      {
        "intervals": 32,
        "case": 24,
        "method": "cg_identity_plain_rtol1e-02",
        "iterations": 33,
        "saved_iterations": 33,
        "iteration_count_matches": true,
        "timed_iteration_history": false,
        "field_relative_difference": 1.5743217369233254e-07,
        "spd_residual_difference_bound": 0.031925976321880024
      },
      {
        "intervals": 32,
        "case": 24,
        "method": "cg_identity_rtol1e-06",
        "iterations": 82,
        "saved_iterations": 82,
        "iteration_count_matches": true,
        "timed_iteration_history": true,
        "field_relative_difference": 1.948435457187806e-11,
        "spd_residual_difference_bound": 3.1416964391775206e-06
      },
      {
        "intervals": 32,
        "case": 24,
        "method": "cg_identity_plain_rtol1e-04",
        "iterations": 62,
        "saved_iterations": 62,
        "iteration_count_matches": true,
        "timed_iteration_history": false,
        "field_relative_difference": 1.852174588697355e-09,
        "spd_residual_difference_bound": 0.00030596448087962907
      },
      {
        "intervals": 32,
        "case": 24,
        "method": "cg_identity_rtol1e-04",
        "iterations": 62,
        "saved_iterations": 62,
        "iteration_count_matches": true,
        "timed_iteration_history": true,
        "field_relative_difference": 1.852174588697355e-09,
        "spd_residual_difference_bound": 0.00030596448087962907
      },
      {
        "intervals": 32,
        "case": 25,
        "method": "cg_identity_plain_rtol1e-02",
        "iterations": 34,
        "saved_iterations": 34,
        "iteration_count_matches": true,
        "timed_iteration_history": false,
        "field_relative_difference": 2.0297218253025506e-08,
        "spd_residual_difference_bound": 0.02767999641478093
      },
      {
        "intervals": 32,
        "case": 25,
        "method": "cg_identity_rtol1e-06",
        "iterations": 83,
        "saved_iterations": 83,
        "iteration_count_matches": true,
        "timed_iteration_history": true,
        "field_relative_difference": 1.0413050608780514e-12,
        "spd_residual_difference_bound": 2.5531536561935297e-06
      },
      {
        "intervals": 32,
        "case": 25,
        "method": "cg_identity_plain_rtol1e-06",
        "iterations": 83,
        "saved_iterations": 83,
        "iteration_count_matches": true,
        "timed_iteration_history": false,
        "field_relative_difference": 1.0413050608780514e-12,
        "spd_residual_difference_bound": 2.5531536561935297e-06
      },
      {
        "intervals": 32,
        "case": 25,
        "method": "cg_identity_plain_rtol1e-04",
        "iterations": 63,
        "saved_iterations": 63,
        "iteration_count_matches": true,
        "timed_iteration_history": false,
        "field_relative_difference": 2.586645028785935e-10,
        "spd_residual_difference_bound": 0.0002600337470572446
      },
      {
        "intervals": 32,
        "case": 25,
        "method": "cg_identity_rtol1e-02",
        "iterations": 34,
        "saved_iterations": 34,
        "iteration_count_matches": true,
        "timed_iteration_history": true,
        "field_relative_difference": 2.0297218253025506e-08,
        "spd_residual_difference_bound": 0.02767999641478093
      },
      {
        "intervals": 32,
        "case": 25,
        "method": "cg_identity_rtol1e-04",
        "iterations": 63,
        "saved_iterations": 63,
        "iteration_count_matches": true,
        "timed_iteration_history": true,
        "field_relative_difference": 2.586645028785935e-10,
        "spd_residual_difference_bound": 0.0002600337470572446
      },
      {
        "intervals": 32,
        "case": 26,
        "method": "cg_identity_plain_rtol1e-04",
        "iterations": 64,
        "saved_iterations": 64,
        "iteration_count_matches": true,
        "timed_iteration_history": false,
        "field_relative_difference": 1.8227232766062763e-10,
        "spd_residual_difference_bound": 0.00024456629277809044
      },
      {
        "intervals": 32,
        "case": 26,
        "method": "cg_identity_rtol1e-06",
        "iterations": 84,
        "saved_iterations": 84,
        "iteration_count_matches": true,
        "timed_iteration_history": true,
        "field_relative_difference": 4.801782561546482e-13,
        "spd_residual_difference_bound": 2.6795758680629823e-06
      },
      {
        "intervals": 32,
        "case": 26,
        "method": "cg_identity_plain_rtol1e-02",
        "iterations": 36,
        "saved_iterations": 36,
        "iteration_count_matches": true,
        "timed_iteration_history": false,
        "field_relative_difference": 8.442823128196658e-09,
        "spd_residual_difference_bound": 0.024410624854039734
      },
      {
        "intervals": 32,
        "case": 26,
        "method": "cg_identity_rtol1e-04",
        "iterations": 64,
        "saved_iterations": 64,
        "iteration_count_matches": true,
        "timed_iteration_history": true,
        "field_relative_difference": 1.8227232766062763e-10,
        "spd_residual_difference_bound": 0.00024456629277809044
      },
      {
        "intervals": 32,
        "case": 26,
        "method": "cg_identity_rtol1e-02",
        "iterations": 36,
        "saved_iterations": 36,
        "iteration_count_matches": true,
        "timed_iteration_history": true,
        "field_relative_difference": 8.442823128196658e-09,
        "spd_residual_difference_bound": 0.024410624854039734
      },
      {
        "intervals": 32,
        "case": 26,
        "method": "cg_identity_plain_rtol1e-06",
        "iterations": 84,
        "saved_iterations": 84,
        "iteration_count_matches": true,
        "timed_iteration_history": false,
        "field_relative_difference": 4.801782561546482e-13,
        "spd_residual_difference_bound": 2.6795758680629823e-06
      },
      {
        "intervals": 32,
        "case": 27,
        "method": "cg_identity_plain_rtol1e-04",
        "iterations": 63,
        "saved_iterations": 63,
        "iteration_count_matches": true,
        "timed_iteration_history": false,
        "field_relative_difference": 6.305101765850372e-09,
        "spd_residual_difference_bound": 0.00032836119909353614
      },
      {
        "intervals": 32,
        "case": 27,
        "method": "cg_identity_rtol1e-02",
        "iterations": 34,
        "saved_iterations": 34,
        "iteration_count_matches": true,
        "timed_iteration_history": true,
        "field_relative_difference": 5.676629642848323e-07,
        "spd_residual_difference_bound": 0.03518226327804472
      },
      {
        "intervals": 32,
        "case": 27,
        "method": "cg_identity_rtol1e-04",
        "iterations": 63,
        "saved_iterations": 63,
        "iteration_count_matches": true,
        "timed_iteration_history": true,
        "field_relative_difference": 6.305101765850372e-09,
        "spd_residual_difference_bound": 0.00032836119909353614
      },
      {
        "intervals": 32,
        "case": 27,
        "method": "cg_identity_plain_rtol1e-02",
        "iterations": 34,
        "saved_iterations": 34,
        "iteration_count_matches": true,
        "timed_iteration_history": false,
        "field_relative_difference": 5.676629642848323e-07,
        "spd_residual_difference_bound": 0.03518226327804472
      },
      {
        "intervals": 32,
        "case": 27,
        "method": "cg_identity_rtol1e-06",
        "iterations": 83,
        "saved_iterations": 83,
        "iteration_count_matches": true,
        "timed_iteration_history": true,
        "field_relative_difference": 9.814709594874902e-11,
        "spd_residual_difference_bound": 3.4417746520716715e-06
      },
      {
        "intervals": 32,
        "case": 27,
        "method": "cg_identity_plain_rtol1e-06",
        "iterations": 83,
        "saved_iterations": 83,
        "iteration_count_matches": true,
        "timed_iteration_history": false,
        "field_relative_difference": 9.814709594874902e-11,
        "spd_residual_difference_bound": 3.4417746520716715e-06
      },
      {
        "intervals": 32,
        "case": 28,
        "method": "cg_identity_plain_rtol1e-06",
        "iterations": 83,
        "saved_iterations": 83,
        "iteration_count_matches": true,
        "timed_iteration_history": false,
        "field_relative_difference": 3.600836434406216e-11,
        "spd_residual_difference_bound": 3.100823274285732e-06
      },
      {
        "intervals": 32,
        "case": 28,
        "method": "cg_identity_rtol1e-02",
        "iterations": 34,
        "saved_iterations": 34,
        "iteration_count_matches": true,
        "timed_iteration_history": true,
        "field_relative_difference": 4.174638507311824e-07,
        "spd_residual_difference_bound": 0.034007681605867965
      },
      {
        "intervals": 32,
        "case": 28,
        "method": "cg_identity_plain_rtol1e-04",
        "iterations": 63,
        "saved_iterations": 63,
        "iteration_count_matches": true,
        "timed_iteration_history": false,
        "field_relative_difference": 3.733649386683807e-09,
        "spd_residual_difference_bound": 0.0003106969203223979
      },
      {
        "intervals": 32,
        "case": 28,
        "method": "cg_identity_rtol1e-06",
        "iterations": 83,
        "saved_iterations": 83,
        "iteration_count_matches": true,
        "timed_iteration_history": true,
        "field_relative_difference": 3.600836434406216e-11,
        "spd_residual_difference_bound": 3.100823274285732e-06
      },
      {
        "intervals": 32,
        "case": 28,
        "method": "cg_identity_rtol1e-04",
        "iterations": 63,
        "saved_iterations": 63,
        "iteration_count_matches": true,
        "timed_iteration_history": true,
        "field_relative_difference": 3.733649386683807e-09,
        "spd_residual_difference_bound": 0.0003106969203223979
      },
      {
        "intervals": 32,
        "case": 28,
        "method": "cg_identity_plain_rtol1e-02",
        "iterations": 34,
        "saved_iterations": 34,
        "iteration_count_matches": true,
        "timed_iteration_history": false,
        "field_relative_difference": 4.174638507311824e-07,
        "spd_residual_difference_bound": 0.034007681605867965
      },
      {
        "intervals": 32,
        "case": 29,
        "method": "cg_identity_rtol1e-04",
        "iterations": 63,
        "saved_iterations": 63,
        "iteration_count_matches": true,
        "timed_iteration_history": true,
        "field_relative_difference": 1.27414021139271e-09,
        "spd_residual_difference_bound": 0.00029950302418490517
      },
      {
        "intervals": 32,
        "case": 29,
        "method": "cg_identity_plain_rtol1e-02",
        "iterations": 34,
        "saved_iterations": 34,
        "iteration_count_matches": true,
        "timed_iteration_history": false,
        "field_relative_difference": 1.2449592082978924e-07,
        "spd_residual_difference_bound": 0.03303303064948165
      },
      {
        "intervals": 32,
        "case": 29,
        "method": "cg_identity_plain_rtol1e-04",
        "iterations": 63,
        "saved_iterations": 63,
        "iteration_count_matches": true,
        "timed_iteration_history": false,
        "field_relative_difference": 1.27414021139271e-09,
        "spd_residual_difference_bound": 0.00029950302418490517
      },
      {
        "intervals": 32,
        "case": 29,
        "method": "cg_identity_plain_rtol1e-06",
        "iterations": 83,
        "saved_iterations": 83,
        "iteration_count_matches": true,
        "timed_iteration_history": false,
        "field_relative_difference": 2.2170082324069116e-11,
        "spd_residual_difference_bound": 3.1237171884300585e-06
      },
      {
        "intervals": 32,
        "case": 29,
        "method": "cg_identity_rtol1e-06",
        "iterations": 83,
        "saved_iterations": 83,
        "iteration_count_matches": true,
        "timed_iteration_history": true,
        "field_relative_difference": 2.2170082324069116e-11,
        "spd_residual_difference_bound": 3.1237171884300585e-06
      },
      {
        "intervals": 32,
        "case": 29,
        "method": "cg_identity_rtol1e-02",
        "iterations": 34,
        "saved_iterations": 34,
        "iteration_count_matches": true,
        "timed_iteration_history": true,
        "field_relative_difference": 1.2449592082978924e-07,
        "spd_residual_difference_bound": 0.03303303064948165
      },
      {
        "intervals": 32,
        "case": 30,
        "method": "cg_identity_plain_rtol1e-06",
        "iterations": 88,
        "saved_iterations": 88,
        "iteration_count_matches": true,
        "timed_iteration_history": false,
        "field_relative_difference": 2.0115525932601983e-12,
        "spd_residual_difference_bound": 2.9574786242869595e-06
      },
      {
        "intervals": 32,
        "case": 30,
        "method": "cg_identity_plain_rtol1e-02",
        "iterations": 37,
        "saved_iterations": 37,
        "iteration_count_matches": true,
        "timed_iteration_history": false,
        "field_relative_difference": 4.18025963059206e-08,
        "spd_residual_difference_bound": 0.03331632103395407
      },
      {
        "intervals": 32,
        "case": 30,
        "method": "cg_identity_rtol1e-04",
        "iterations": 65,
        "saved_iterations": 65,
        "iteration_count_matches": true,
        "timed_iteration_history": true,
        "field_relative_difference": 1.1529487904499701e-09,
        "spd_residual_difference_bound": 0.00029833292712031287
      },
      {
        "intervals": 32,
        "case": 30,
        "method": "cg_identity_rtol1e-06",
        "iterations": 88,
        "saved_iterations": 88,
        "iteration_count_matches": true,
        "timed_iteration_history": true,
        "field_relative_difference": 2.0115525932601983e-12,
        "spd_residual_difference_bound": 2.9574786242869595e-06
      },
      {
        "intervals": 32,
        "case": 30,
        "method": "cg_identity_plain_rtol1e-04",
        "iterations": 65,
        "saved_iterations": 65,
        "iteration_count_matches": true,
        "timed_iteration_history": false,
        "field_relative_difference": 1.1529487904499701e-09,
        "spd_residual_difference_bound": 0.00029833292712031287
      },
      {
        "intervals": 32,
        "case": 30,
        "method": "cg_identity_rtol1e-02",
        "iterations": 37,
        "saved_iterations": 37,
        "iteration_count_matches": true,
        "timed_iteration_history": true,
        "field_relative_difference": 4.18025963059206e-08,
        "spd_residual_difference_bound": 0.03331632103395407
      },
      {
        "intervals": 32,
        "case": 31,
        "method": "cg_identity_rtol1e-04",
        "iterations": 61,
        "saved_iterations": 61,
        "iteration_count_matches": true,
        "timed_iteration_history": true,
        "field_relative_difference": 2.853173026409726e-09,
        "spd_residual_difference_bound": 0.0003219279713778799
      },
      {
        "intervals": 32,
        "case": 31,
        "method": "cg_identity_plain_rtol1e-04",
        "iterations": 61,
        "saved_iterations": 61,
        "iteration_count_matches": true,
        "timed_iteration_history": false,
        "field_relative_difference": 2.853173026409726e-09,
        "spd_residual_difference_bound": 0.0003219279713778799
      },
      {
        "intervals": 32,
        "case": 31,
        "method": "cg_identity_rtol1e-02",
        "iterations": 33,
        "saved_iterations": 33,
        "iteration_count_matches": true,
        "timed_iteration_history": true,
        "field_relative_difference": 2.208393562930519e-07,
        "spd_residual_difference_bound": 0.02864001049207226
      },
      {
        "intervals": 32,
        "case": 31,
        "method": "cg_identity_rtol1e-06",
        "iterations": 82,
        "saved_iterations": 82,
        "iteration_count_matches": true,
        "timed_iteration_history": true,
        "field_relative_difference": 2.9359186351141134e-11,
        "spd_residual_difference_bound": 2.846710405282621e-06
      },
      {
        "intervals": 32,
        "case": 31,
        "method": "cg_identity_plain_rtol1e-06",
        "iterations": 82,
        "saved_iterations": 82,
        "iteration_count_matches": true,
        "timed_iteration_history": false,
        "field_relative_difference": 2.9359186351141134e-11,
        "spd_residual_difference_bound": 2.846710405282621e-06
      },
      {
        "intervals": 32,
        "case": 31,
        "method": "cg_identity_plain_rtol1e-02",
        "iterations": 33,
        "saved_iterations": 33,
        "iteration_count_matches": true,
        "timed_iteration_history": false,
        "field_relative_difference": 2.208393562930519e-07,
        "spd_residual_difference_bound": 0.02864001049207226
      },
      {
        "intervals": 32,
        "case": 32,
        "method": "cg_identity_plain_rtol1e-06",
        "iterations": 84,
        "saved_iterations": 84,
        "iteration_count_matches": true,
        "timed_iteration_history": false,
        "field_relative_difference": 4.584084249278814e-13,
        "spd_residual_difference_bound": 2.52283031194131e-06
      },
      {
        "intervals": 32,
        "case": 32,
        "method": "cg_identity_plain_rtol1e-02",
        "iterations": 35,
        "saved_iterations": 35,
        "iteration_count_matches": true,
        "timed_iteration_history": false,
        "field_relative_difference": 7.735579051075616e-09,
        "spd_residual_difference_bound": 0.028707410339359248
      },
      {
        "intervals": 32,
        "case": 32,
        "method": "cg_identity_plain_rtol1e-04",
        "iterations": 64,
        "saved_iterations": 64,
        "iteration_count_matches": true,
        "timed_iteration_history": false,
        "field_relative_difference": 2.2088387135062432e-10,
        "spd_residual_difference_bound": 0.00023922375495772052
      },
      {
        "intervals": 32,
        "case": 32,
        "method": "cg_identity_rtol1e-02",
        "iterations": 35,
        "saved_iterations": 35,
        "iteration_count_matches": true,
        "timed_iteration_history": true,
        "field_relative_difference": 7.735579051075616e-09,
        "spd_residual_difference_bound": 0.028707410339359248
      },
      {
        "intervals": 32,
        "case": 32,
        "method": "cg_identity_rtol1e-06",
        "iterations": 84,
        "saved_iterations": 84,
        "iteration_count_matches": true,
        "timed_iteration_history": true,
        "field_relative_difference": 4.584084249278814e-13,
        "spd_residual_difference_bound": 2.52283031194131e-06
      },
      {
        "intervals": 32,
        "case": 32,
        "method": "cg_identity_rtol1e-04",
        "iterations": 64,
        "saved_iterations": 64,
        "iteration_count_matches": true,
        "timed_iteration_history": true,
        "field_relative_difference": 2.2088387135062432e-10,
        "spd_residual_difference_bound": 0.00023922375495772052
      },
      {
        "intervals": 32,
        "case": 33,
        "method": "cg_identity_plain_rtol1e-06",
        "iterations": 86,
        "saved_iterations": 86,
        "iteration_count_matches": true,
        "timed_iteration_history": false,
        "field_relative_difference": 9.738688877102663e-12,
        "spd_residual_difference_bound": 3.0814994873276772e-06
      },
      {
        "intervals": 32,
        "case": 33,
        "method": "cg_identity_rtol1e-06",
        "iterations": 86,
        "saved_iterations": 86,
        "iteration_count_matches": true,
        "timed_iteration_history": true,
        "field_relative_difference": 9.738688877102663e-12,
        "spd_residual_difference_bound": 3.0814994873276772e-06
      },
      {
        "intervals": 32,
        "case": 33,
        "method": "cg_identity_rtol1e-02",
        "iterations": 37,
        "saved_iterations": 37,
        "iteration_count_matches": true,
        "timed_iteration_history": true,
        "field_relative_difference": 9.775234290335469e-08,
        "spd_residual_difference_bound": 0.02990956334310382
      },
      {
        "intervals": 32,
        "case": 33,
        "method": "cg_identity_plain_rtol1e-02",
        "iterations": 37,
        "saved_iterations": 37,
        "iteration_count_matches": true,
        "timed_iteration_history": false,
        "field_relative_difference": 9.775234290335469e-08,
        "spd_residual_difference_bound": 0.02990956334310382
      },
      {
        "intervals": 32,
        "case": 33,
        "method": "cg_identity_plain_rtol1e-04",
        "iterations": 65,
        "saved_iterations": 65,
        "iteration_count_matches": true,
        "timed_iteration_history": false,
        "field_relative_difference": 9.878561784775913e-10,
        "spd_residual_difference_bound": 0.00029091628793720143
      },
      {
        "intervals": 32,
        "case": 33,
        "method": "cg_identity_rtol1e-04",
        "iterations": 65,
        "saved_iterations": 65,
        "iteration_count_matches": true,
        "timed_iteration_history": true,
        "field_relative_difference": 9.878561784775913e-10,
        "spd_residual_difference_bound": 0.00029091628793720143
      },
      {
        "intervals": 32,
        "case": 34,
        "method": "cg_identity_rtol1e-02",
        "iterations": 35,
        "saved_iterations": 35,
        "iteration_count_matches": true,
        "timed_iteration_history": true,
        "field_relative_difference": 1.1718009161547322e-07,
        "spd_residual_difference_bound": 0.03100864899150199
      },
      {
        "intervals": 32,
        "case": 34,
        "method": "cg_identity_plain_rtol1e-04",
        "iterations": 63,
        "saved_iterations": 63,
        "iteration_count_matches": true,
        "timed_iteration_history": false,
        "field_relative_difference": 5.84664335655514e-09,
        "spd_residual_difference_bound": 0.0003320039231360088
      },
      {
        "intervals": 32,
        "case": 34,
        "method": "cg_identity_rtol1e-06",
        "iterations": 84,
        "saved_iterations": 84,
        "iteration_count_matches": true,
        "timed_iteration_history": true,
        "field_relative_difference": 3.32941518060829e-11,
        "spd_residual_difference_bound": 2.8963396061802067e-06
      },
      {
        "intervals": 32,
        "case": 34,
        "method": "cg_identity_rtol1e-04",
        "iterations": 63,
        "saved_iterations": 63,
        "iteration_count_matches": true,
        "timed_iteration_history": true,
        "field_relative_difference": 5.84664335655514e-09,
        "spd_residual_difference_bound": 0.0003320039231360088
      },
      {
        "intervals": 32,
        "case": 34,
        "method": "cg_identity_plain_rtol1e-02",
        "iterations": 35,
        "saved_iterations": 35,
        "iteration_count_matches": true,
        "timed_iteration_history": false,
        "field_relative_difference": 1.1718009161547322e-07,
        "spd_residual_difference_bound": 0.03100864899150199
      },
      {
        "intervals": 32,
        "case": 34,
        "method": "cg_identity_plain_rtol1e-06",
        "iterations": 84,
        "saved_iterations": 84,
        "iteration_count_matches": true,
        "timed_iteration_history": false,
        "field_relative_difference": 3.32941518060829e-11,
        "spd_residual_difference_bound": 2.8963396061802067e-06
      },
      {
        "intervals": 32,
        "case": 35,
        "method": "cg_identity_rtol1e-02",
        "iterations": 32,
        "saved_iterations": 32,
        "iteration_count_matches": true,
        "timed_iteration_history": true,
        "field_relative_difference": 4.931310417231693e-07,
        "spd_residual_difference_bound": 0.03281173147636933
      },
      {
        "intervals": 32,
        "case": 35,
        "method": "cg_identity_rtol1e-06",
        "iterations": 81,
        "saved_iterations": 81,
        "iteration_count_matches": true,
        "timed_iteration_history": true,
        "field_relative_difference": 5.4741105364347825e-11,
        "spd_residual_difference_bound": 3.475115158265704e-06
      },
      {
        "intervals": 32,
        "case": 35,
        "method": "cg_identity_rtol1e-04",
        "iterations": 58,
        "saved_iterations": 58,
        "iteration_count_matches": true,
        "timed_iteration_history": true,
        "field_relative_difference": 5.136431674450204e-09,
        "spd_residual_difference_bound": 0.00034345102236037873
      },
      {
        "intervals": 32,
        "case": 35,
        "method": "cg_identity_plain_rtol1e-02",
        "iterations": 32,
        "saved_iterations": 32,
        "iteration_count_matches": true,
        "timed_iteration_history": false,
        "field_relative_difference": 4.931310417231693e-07,
        "spd_residual_difference_bound": 0.03281173147636933
      },
      {
        "intervals": 32,
        "case": 35,
        "method": "cg_identity_plain_rtol1e-04",
        "iterations": 58,
        "saved_iterations": 58,
        "iteration_count_matches": true,
        "timed_iteration_history": false,
        "field_relative_difference": 5.136431674450204e-09,
        "spd_residual_difference_bound": 0.00034345102236037873
      },
      {
        "intervals": 32,
        "case": 35,
        "method": "cg_identity_plain_rtol1e-06",
        "iterations": 81,
        "saved_iterations": 81,
        "iteration_count_matches": true,
        "timed_iteration_history": false,
        "field_relative_difference": 5.4741105364347825e-11,
        "spd_residual_difference_bound": 3.475115158265704e-06
      },
      {
        "intervals": 32,
        "case": 36,
        "method": "cg_identity_rtol1e-02",
        "iterations": 35,
        "saved_iterations": 35,
        "iteration_count_matches": true,
        "timed_iteration_history": true,
        "field_relative_difference": 3.458408106221286e-07,
        "spd_residual_difference_bound": 0.03278477754519011
      },
      {
        "intervals": 32,
        "case": 36,
        "method": "cg_identity_plain_rtol1e-04",
        "iterations": 63,
        "saved_iterations": 63,
        "iteration_count_matches": true,
        "timed_iteration_history": false,
        "field_relative_difference": 3.69992664362576e-09,
        "spd_residual_difference_bound": 0.0003533531849312883
      },
      {
        "intervals": 32,
        "case": 36,
        "method": "cg_identity_rtol1e-06",
        "iterations": 83,
        "saved_iterations": 83,
        "iteration_count_matches": true,
        "timed_iteration_history": true,
        "field_relative_difference": 3.349150654783118e-11,
        "spd_residual_difference_bound": 3.272381835332299e-06
      },
      {
        "intervals": 32,
        "case": 36,
        "method": "cg_identity_rtol1e-04",
        "iterations": 63,
        "saved_iterations": 63,
        "iteration_count_matches": true,
        "timed_iteration_history": true,
        "field_relative_difference": 3.69992664362576e-09,
        "spd_residual_difference_bound": 0.0003533531849312883
      },
      {
        "intervals": 32,
        "case": 36,
        "method": "cg_identity_plain_rtol1e-06",
        "iterations": 83,
        "saved_iterations": 83,
        "iteration_count_matches": true,
        "timed_iteration_history": false,
        "field_relative_difference": 3.349150654783118e-11,
        "spd_residual_difference_bound": 3.272381835332299e-06
      },
      {
        "intervals": 32,
        "case": 36,
        "method": "cg_identity_plain_rtol1e-02",
        "iterations": 35,
        "saved_iterations": 35,
        "iteration_count_matches": true,
        "timed_iteration_history": false,
        "field_relative_difference": 3.458408106221286e-07,
        "spd_residual_difference_bound": 0.03278477754519011
      },
      {
        "intervals": 32,
        "case": 37,
        "method": "cg_identity_rtol1e-02",
        "iterations": 37,
        "saved_iterations": 37,
        "iteration_count_matches": true,
        "timed_iteration_history": true,
        "field_relative_difference": 6.007410760110488e-08,
        "spd_residual_difference_bound": 0.030868256222091814
      },
      {
        "intervals": 32,
        "case": 37,
        "method": "cg_identity_plain_rtol1e-06",
        "iterations": 87,
        "saved_iterations": 87,
        "iteration_count_matches": true,
        "timed_iteration_history": false,
        "field_relative_difference": 5.273569512387729e-12,
        "spd_residual_difference_bound": 3.001991900578129e-06
      },
      {
        "intervals": 32,
        "case": 37,
        "method": "cg_identity_rtol1e-04",
        "iterations": 64,
        "saved_iterations": 64,
        "iteration_count_matches": true,
        "timed_iteration_history": true,
        "field_relative_difference": 3.248246509177866e-09,
        "spd_residual_difference_bound": 0.00033019803747595195
      },
      {
        "intervals": 32,
        "case": 37,
        "method": "cg_identity_plain_rtol1e-02",
        "iterations": 37,
        "saved_iterations": 37,
        "iteration_count_matches": true,
        "timed_iteration_history": false,
        "field_relative_difference": 6.007410760110488e-08,
        "spd_residual_difference_bound": 0.030868256222091814
      },
      {
        "intervals": 32,
        "case": 37,
        "method": "cg_identity_plain_rtol1e-04",
        "iterations": 64,
        "saved_iterations": 64,
        "iteration_count_matches": true,
        "timed_iteration_history": false,
        "field_relative_difference": 3.248246509177866e-09,
        "spd_residual_difference_bound": 0.00033019803747595195
      },
      {
        "intervals": 32,
        "case": 37,
        "method": "cg_identity_rtol1e-06",
        "iterations": 87,
        "saved_iterations": 87,
        "iteration_count_matches": true,
        "timed_iteration_history": true,
        "field_relative_difference": 5.273569512387729e-12,
        "spd_residual_difference_bound": 3.001991900578129e-06
      },
      {
        "intervals": 32,
        "case": 38,
        "method": "cg_identity_rtol1e-04",
        "iterations": 65,
        "saved_iterations": 65,
        "iteration_count_matches": true,
        "timed_iteration_history": true,
        "field_relative_difference": 7.250131312759054e-13,
        "spd_residual_difference_bound": 0.00024215556745470462
      },
      {
        "intervals": 32,
        "case": 38,
        "method": "cg_identity_rtol1e-06",
        "iterations": 86,
        "saved_iterations": 86,
        "iteration_count_matches": true,
        "timed_iteration_history": true,
        "field_relative_difference": 2.4898201432385484e-15,
        "spd_residual_difference_bound": 2.864055825780159e-06
      },
      {
        "intervals": 32,
        "case": 38,
        "method": "cg_identity_plain_rtol1e-02",
        "iterations": 37,
        "saved_iterations": 37,
        "iteration_count_matches": true,
        "timed_iteration_history": false,
        "field_relative_difference": 6.612222812027437e-11,
        "spd_residual_difference_bound": 0.02850847467102364
      },
      {
        "intervals": 32,
        "case": 38,
        "method": "cg_identity_plain_rtol1e-06",
        "iterations": 86,
        "saved_iterations": 86,
        "iteration_count_matches": true,
        "timed_iteration_history": false,
        "field_relative_difference": 2.4898201432385484e-15,
        "spd_residual_difference_bound": 2.864055825780159e-06
      },
      {
        "intervals": 32,
        "case": 38,
        "method": "cg_identity_rtol1e-02",
        "iterations": 37,
        "saved_iterations": 37,
        "iteration_count_matches": true,
        "timed_iteration_history": true,
        "field_relative_difference": 6.612222812027437e-11,
        "spd_residual_difference_bound": 0.02850847467102364
      },
      {
        "intervals": 32,
        "case": 38,
        "method": "cg_identity_plain_rtol1e-04",
        "iterations": 65,
        "saved_iterations": 65,
        "iteration_count_matches": true,
        "timed_iteration_history": false,
        "field_relative_difference": 7.250131312759054e-13,
        "spd_residual_difference_bound": 0.00024215556745470462
      },
      {
        "intervals": 32,
        "case": 39,
        "method": "cg_identity_plain_rtol1e-06",
        "iterations": 82,
        "saved_iterations": 82,
        "iteration_count_matches": true,
        "timed_iteration_history": false,
        "field_relative_difference": 4.1704783260811977e-11,
        "spd_residual_difference_bound": 3.2865126810324722e-06
      },
      {
        "intervals": 32,
        "case": 39,
        "method": "cg_identity_rtol1e-02",
        "iterations": 33,
        "saved_iterations": 33,
        "iteration_count_matches": true,
        "timed_iteration_history": true,
        "field_relative_difference": 3.255285906502899e-07,
        "spd_residual_difference_bound": 0.03404675279845609
      },
      {
        "intervals": 32,
        "case": 39,
        "method": "cg_identity_plain_rtol1e-02",
        "iterations": 33,
        "saved_iterations": 33,
        "iteration_count_matches": true,
        "timed_iteration_history": false,
        "field_relative_difference": 3.255285906502899e-07,
        "spd_residual_difference_bound": 0.03404675279845609
      },
      {
        "intervals": 32,
        "case": 39,
        "method": "cg_identity_rtol1e-06",
        "iterations": 82,
        "saved_iterations": 82,
        "iteration_count_matches": true,
        "timed_iteration_history": true,
        "field_relative_difference": 4.1704783260811977e-11,
        "spd_residual_difference_bound": 3.2865126810324722e-06
      },
      {
        "intervals": 32,
        "case": 39,
        "method": "cg_identity_plain_rtol1e-04",
        "iterations": 62,
        "saved_iterations": 62,
        "iteration_count_matches": true,
        "timed_iteration_history": false,
        "field_relative_difference": 3.69875055346918e-09,
        "spd_residual_difference_bound": 0.00029961395971741454
      },
      {
        "intervals": 32,
        "case": 39,
        "method": "cg_identity_rtol1e-04",
        "iterations": 62,
        "saved_iterations": 62,
        "iteration_count_matches": true,
        "timed_iteration_history": true,
        "field_relative_difference": 3.69875055346918e-09,
        "spd_residual_difference_bound": 0.00029961395971741454
      },
      {
        "intervals": 32,
        "case": 40,
        "method": "cg_identity_rtol1e-02",
        "iterations": 36,
        "saved_iterations": 36,
        "iteration_count_matches": true,
        "timed_iteration_history": true,
        "field_relative_difference": 2.2025540632745142e-07,
        "spd_residual_difference_bound": 0.029748880148759864
      },
      {
        "intervals": 32,
        "case": 40,
        "method": "cg_identity_rtol1e-06",
        "iterations": 84,
        "saved_iterations": 84,
        "iteration_count_matches": true,
        "timed_iteration_history": true,
        "field_relative_difference": 1.2960048788458147e-11,
        "spd_residual_difference_bound": 3.204960276666206e-06
      },
      {
        "intervals": 32,
        "case": 40,
        "method": "cg_identity_plain_rtol1e-04",
        "iterations": 64,
        "saved_iterations": 64,
        "iteration_count_matches": true,
        "timed_iteration_history": false,
        "field_relative_difference": 2.7464307170921726e-09,
        "spd_residual_difference_bound": 0.00029955922392816255
      },
      {
        "intervals": 32,
        "case": 40,
        "method": "cg_identity_rtol1e-04",
        "iterations": 64,
        "saved_iterations": 64,
        "iteration_count_matches": true,
        "timed_iteration_history": true,
        "field_relative_difference": 2.7464307170921726e-09,
        "spd_residual_difference_bound": 0.00029955922392816255
      },
      {
        "intervals": 32,
        "case": 40,
        "method": "cg_identity_plain_rtol1e-02",
        "iterations": 36,
        "saved_iterations": 36,
        "iteration_count_matches": true,
        "timed_iteration_history": false,
        "field_relative_difference": 2.2025540632745142e-07,
        "spd_residual_difference_bound": 0.029748880148759864
      },
      {
        "intervals": 32,
        "case": 40,
        "method": "cg_identity_plain_rtol1e-06",
        "iterations": 84,
        "saved_iterations": 84,
        "iteration_count_matches": true,
        "timed_iteration_history": false,
        "field_relative_difference": 1.2960048788458147e-11,
        "spd_residual_difference_bound": 3.204960276666206e-06
      },
      {
        "intervals": 32,
        "case": 41,
        "method": "cg_identity_rtol1e-04",
        "iterations": 59,
        "saved_iterations": 59,
        "iteration_count_matches": true,
        "timed_iteration_history": true,
        "field_relative_difference": 6.736253110343536e-10,
        "spd_residual_difference_bound": 0.00024909851706351755
      },
      {
        "intervals": 32,
        "case": 41,
        "method": "cg_identity_plain_rtol1e-06",
        "iterations": 81,
        "saved_iterations": 81,
        "iteration_count_matches": true,
        "timed_iteration_history": false,
        "field_relative_difference": 3.1941090297328333e-12,
        "spd_residual_difference_bound": 2.218533455667331e-06
      },
      {
        "intervals": 32,
        "case": 41,
        "method": "cg_identity_plain_rtol1e-04",
        "iterations": 59,
        "saved_iterations": 59,
        "iteration_count_matches": true,
        "timed_iteration_history": false,
        "field_relative_difference": 6.736253110343536e-10,
        "spd_residual_difference_bound": 0.00024909851706351755
      },
      {
        "intervals": 32,
        "case": 41,
        "method": "cg_identity_rtol1e-02",
        "iterations": 32,
        "saved_iterations": 32,
        "iteration_count_matches": true,
        "timed_iteration_history": true,
        "field_relative_difference": 1.969725782853388e-08,
        "spd_residual_difference_bound": 0.022419459944724874
      },
      {
        "intervals": 32,
        "case": 41,
        "method": "cg_identity_plain_rtol1e-02",
        "iterations": 32,
        "saved_iterations": 32,
        "iteration_count_matches": true,
        "timed_iteration_history": false,
        "field_relative_difference": 1.969725782853388e-08,
        "spd_residual_difference_bound": 0.022419459944724874
      },
      {
        "intervals": 32,
        "case": 41,
        "method": "cg_identity_rtol1e-06",
        "iterations": 81,
        "saved_iterations": 81,
        "iteration_count_matches": true,
        "timed_iteration_history": true,
        "field_relative_difference": 3.1941090297328333e-12,
        "spd_residual_difference_bound": 2.218533455667331e-06
      },
      {
        "intervals": 32,
        "case": 42,
        "method": "cg_identity_plain_rtol1e-06",
        "iterations": 83,
        "saved_iterations": 83,
        "iteration_count_matches": true,
        "timed_iteration_history": false,
        "field_relative_difference": 3.682153686014546e-11,
        "spd_residual_difference_bound": 2.884520574965395e-06
      },
      {
        "intervals": 32,
        "case": 42,
        "method": "cg_identity_plain_rtol1e-02",
        "iterations": 34,
        "saved_iterations": 34,
        "iteration_count_matches": true,
        "timed_iteration_history": false,
        "field_relative_difference": 3.040749906603051e-07,
        "spd_residual_difference_bound": 0.03296821786864469
      },
      {
        "intervals": 32,
        "case": 42,
        "method": "cg_identity_rtol1e-04",
        "iterations": 63,
        "saved_iterations": 63,
        "iteration_count_matches": true,
        "timed_iteration_history": true,
        "field_relative_difference": 3.6375441649078915e-09,
        "spd_residual_difference_bound": 0.000302870014164641
      },
      {
        "intervals": 32,
        "case": 42,
        "method": "cg_identity_rtol1e-02",
        "iterations": 34,
        "saved_iterations": 34,
        "iteration_count_matches": true,
        "timed_iteration_history": true,
        "field_relative_difference": 3.040749906603051e-07,
        "spd_residual_difference_bound": 0.03296821786864469
      },
      {
        "intervals": 32,
        "case": 42,
        "method": "cg_identity_rtol1e-06",
        "iterations": 83,
        "saved_iterations": 83,
        "iteration_count_matches": true,
        "timed_iteration_history": true,
        "field_relative_difference": 3.682153686014546e-11,
        "spd_residual_difference_bound": 2.884520574965395e-06
      },
      {
        "intervals": 32,
        "case": 42,
        "method": "cg_identity_plain_rtol1e-04",
        "iterations": 63,
        "saved_iterations": 63,
        "iteration_count_matches": true,
        "timed_iteration_history": false,
        "field_relative_difference": 3.6375441649078915e-09,
        "spd_residual_difference_bound": 0.000302870014164641
      },
      {
        "intervals": 32,
        "case": 43,
        "method": "cg_identity_rtol1e-06",
        "iterations": 86,
        "saved_iterations": 86,
        "iteration_count_matches": true,
        "timed_iteration_history": true,
        "field_relative_difference": 1.6441792495706177e-13,
        "spd_residual_difference_bound": 2.8488029452524113e-06
      },
      {
        "intervals": 32,
        "case": 43,
        "method": "cg_identity_plain_rtol1e-02",
        "iterations": 37,
        "saved_iterations": 37,
        "iteration_count_matches": true,
        "timed_iteration_history": false,
        "field_relative_difference": 5.7634714596202766e-09,
        "spd_residual_difference_bound": 0.026655426113729317
      },
      {
        "intervals": 32,
        "case": 43,
        "method": "cg_identity_rtol1e-04",
        "iterations": 65,
        "saved_iterations": 65,
        "iteration_count_matches": true,
        "timed_iteration_history": true,
        "field_relative_difference": 5.427530793297926e-11,
        "spd_residual_difference_bound": 0.00022458564794602858
      },
      {
        "intervals": 32,
        "case": 43,
        "method": "cg_identity_rtol1e-02",
        "iterations": 37,
        "saved_iterations": 37,
        "iteration_count_matches": true,
        "timed_iteration_history": true,
        "field_relative_difference": 5.7634714596202766e-09,
        "spd_residual_difference_bound": 0.026655426113729317
      },
      {
        "intervals": 32,
        "case": 43,
        "method": "cg_identity_plain_rtol1e-04",
        "iterations": 65,
        "saved_iterations": 65,
        "iteration_count_matches": true,
        "timed_iteration_history": false,
        "field_relative_difference": 5.427530793297926e-11,
        "spd_residual_difference_bound": 0.00022458564794602858
      },
      {
        "intervals": 32,
        "case": 43,
        "method": "cg_identity_plain_rtol1e-06",
        "iterations": 86,
        "saved_iterations": 86,
        "iteration_count_matches": true,
        "timed_iteration_history": false,
        "field_relative_difference": 1.6441792495706177e-13,
        "spd_residual_difference_bound": 2.8488029452524113e-06
      },
      {
        "intervals": 32,
        "case": 44,
        "method": "cg_identity_rtol1e-04",
        "iterations": 60,
        "saved_iterations": 60,
        "iteration_count_matches": true,
        "timed_iteration_history": true,
        "field_relative_difference": 1.9590406482894907e-09,
        "spd_residual_difference_bound": 0.0002779795542750436
      },
      {
        "intervals": 32,
        "case": 44,
        "method": "cg_identity_rtol1e-02",
        "iterations": 32,
        "saved_iterations": 32,
        "iteration_count_matches": true,
        "timed_iteration_history": true,
        "field_relative_difference": 1.2683886967987506e-07,
        "spd_residual_difference_bound": 0.02711447686083535
      },
      {
        "intervals": 32,
        "case": 44,
        "method": "cg_identity_plain_rtol1e-02",
        "iterations": 32,
        "saved_iterations": 32,
        "iteration_count_matches": true,
        "timed_iteration_history": false,
        "field_relative_difference": 1.2683886967987506e-07,
        "spd_residual_difference_bound": 0.02711447686083535
      },
      {
        "intervals": 32,
        "case": 44,
        "method": "cg_identity_plain_rtol1e-04",
        "iterations": 60,
        "saved_iterations": 60,
        "iteration_count_matches": true,
        "timed_iteration_history": false,
        "field_relative_difference": 1.9590406482894907e-09,
        "spd_residual_difference_bound": 0.0002779795542750436
      },
      {
        "intervals": 32,
        "case": 44,
        "method": "cg_identity_plain_rtol1e-06",
        "iterations": 81,
        "saved_iterations": 81,
        "iteration_count_matches": true,
        "timed_iteration_history": false,
        "field_relative_difference": 1.302941559496404e-11,
        "spd_residual_difference_bound": 2.5756866101331283e-06
      },
      {
        "intervals": 32,
        "case": 44,
        "method": "cg_identity_rtol1e-06",
        "iterations": 81,
        "saved_iterations": 81,
        "iteration_count_matches": true,
        "timed_iteration_history": true,
        "field_relative_difference": 1.302941559496404e-11,
        "spd_residual_difference_bound": 2.5756866101331283e-06
      },
      {
        "intervals": 32,
        "case": 45,
        "method": "cg_identity_plain_rtol1e-06",
        "iterations": 82,
        "saved_iterations": 82,
        "iteration_count_matches": true,
        "timed_iteration_history": false,
        "field_relative_difference": 2.6777684275372644e-12,
        "spd_residual_difference_bound": 2.5264306223568605e-06
      },
      {
        "intervals": 32,
        "case": 45,
        "method": "cg_identity_rtol1e-02",
        "iterations": 33,
        "saved_iterations": 33,
        "iteration_count_matches": true,
        "timed_iteration_history": true,
        "field_relative_difference": 3.096956740802784e-08,
        "spd_residual_difference_bound": 0.02769381723046868
      },
      {
        "intervals": 32,
        "case": 45,
        "method": "cg_identity_plain_rtol1e-04",
        "iterations": 57,
        "saved_iterations": 57,
        "iteration_count_matches": true,
        "timed_iteration_history": false,
        "field_relative_difference": 3.917121777227086e-10,
        "spd_residual_difference_bound": 0.0002598979066883464
      },
      {
        "intervals": 32,
        "case": 45,
        "method": "cg_identity_rtol1e-04",
        "iterations": 57,
        "saved_iterations": 57,
        "iteration_count_matches": true,
        "timed_iteration_history": true,
        "field_relative_difference": 3.917121777227086e-10,
        "spd_residual_difference_bound": 0.0002598979066883464
      },
      {
        "intervals": 32,
        "case": 45,
        "method": "cg_identity_plain_rtol1e-02",
        "iterations": 33,
        "saved_iterations": 33,
        "iteration_count_matches": true,
        "timed_iteration_history": false,
        "field_relative_difference": 3.096956740802784e-08,
        "spd_residual_difference_bound": 0.02769381723046868
      },
      {
        "intervals": 32,
        "case": 45,
        "method": "cg_identity_rtol1e-06",
        "iterations": 82,
        "saved_iterations": 82,
        "iteration_count_matches": true,
        "timed_iteration_history": true,
        "field_relative_difference": 2.6777684275372644e-12,
        "spd_residual_difference_bound": 2.5264306223568605e-06
      },
      {
        "intervals": 32,
        "case": 46,
        "method": "cg_identity_plain_rtol1e-06",
        "iterations": 82,
        "saved_iterations": 82,
        "iteration_count_matches": true,
        "timed_iteration_history": false,
        "field_relative_difference": 4.791142504127612e-11,
        "spd_residual_difference_bound": 2.962424453063847e-06
      },
      {
        "intervals": 32,
        "case": 46,
        "method": "cg_identity_rtol1e-04",
        "iterations": 61,
        "saved_iterations": 61,
        "iteration_count_matches": true,
        "timed_iteration_history": true,
        "field_relative_difference": 4.423656265575307e-09,
        "spd_residual_difference_bound": 0.00029969164586048986
      },
      {
        "intervals": 32,
        "case": 46,
        "method": "cg_identity_plain_rtol1e-04",
        "iterations": 61,
        "saved_iterations": 61,
        "iteration_count_matches": true,
        "timed_iteration_history": false,
        "field_relative_difference": 4.423656265575307e-09,
        "spd_residual_difference_bound": 0.00029969164586048986
      },
      {
        "intervals": 32,
        "case": 46,
        "method": "cg_identity_rtol1e-02",
        "iterations": 33,
        "saved_iterations": 33,
        "iteration_count_matches": true,
        "timed_iteration_history": true,
        "field_relative_difference": 4.722471191377864e-07,
        "spd_residual_difference_bound": 0.029282407312603696
      },
      {
        "intervals": 32,
        "case": 46,
        "method": "cg_identity_plain_rtol1e-02",
        "iterations": 33,
        "saved_iterations": 33,
        "iteration_count_matches": true,
        "timed_iteration_history": false,
        "field_relative_difference": 4.722471191377864e-07,
        "spd_residual_difference_bound": 0.029282407312603696
      },
      {
        "intervals": 32,
        "case": 46,
        "method": "cg_identity_rtol1e-06",
        "iterations": 82,
        "saved_iterations": 82,
        "iteration_count_matches": true,
        "timed_iteration_history": true,
        "field_relative_difference": 4.791142504127612e-11,
        "spd_residual_difference_bound": 2.962424453063847e-06
      },
      {
        "intervals": 32,
        "case": 47,
        "method": "cg_identity_plain_rtol1e-06",
        "iterations": 83,
        "saved_iterations": 83,
        "iteration_count_matches": true,
        "timed_iteration_history": false,
        "field_relative_difference": 2.2577005734485688e-11,
        "spd_residual_difference_bound": 2.723123211971523e-06
      },
      {
        "intervals": 32,
        "case": 47,
        "method": "cg_identity_rtol1e-02",
        "iterations": 35,
        "saved_iterations": 35,
        "iteration_count_matches": true,
        "timed_iteration_history": true,
        "field_relative_difference": 1.0609162686538725e-07,
        "spd_residual_difference_bound": 0.027485514289114936
      },
      {
        "intervals": 32,
        "case": 47,
        "method": "cg_identity_plain_rtol1e-02",
        "iterations": 35,
        "saved_iterations": 35,
        "iteration_count_matches": true,
        "timed_iteration_history": false,
        "field_relative_difference": 1.0609162686538725e-07,
        "spd_residual_difference_bound": 0.027485514289114936
      },
      {
        "intervals": 32,
        "case": 47,
        "method": "cg_identity_rtol1e-04",
        "iterations": 63,
        "saved_iterations": 63,
        "iteration_count_matches": true,
        "timed_iteration_history": true,
        "field_relative_difference": 2.0333096510157445e-09,
        "spd_residual_difference_bound": 0.0002796305948603983
      },
      {
        "intervals": 32,
        "case": 47,
        "method": "cg_identity_rtol1e-06",
        "iterations": 83,
        "saved_iterations": 83,
        "iteration_count_matches": true,
        "timed_iteration_history": true,
        "field_relative_difference": 2.2577005734485688e-11,
        "spd_residual_difference_bound": 2.723123211971523e-06
      },
      {
        "intervals": 32,
        "case": 47,
        "method": "cg_identity_plain_rtol1e-04",
        "iterations": 63,
        "saved_iterations": 63,
        "iteration_count_matches": true,
        "timed_iteration_history": false,
        "field_relative_difference": 2.0333096510157445e-09,
        "spd_residual_difference_bound": 0.0002796305948603983
      },
      {
        "intervals": 32,
        "case": 48,
        "method": "cg_identity_plain_rtol1e-04",
        "iterations": 63,
        "saved_iterations": 63,
        "iteration_count_matches": true,
        "timed_iteration_history": false,
        "field_relative_difference": 2.2532552966463206e-09,
        "spd_residual_difference_bound": 0.0003310443543878939
      },
      {
        "intervals": 32,
        "case": 48,
        "method": "cg_identity_plain_rtol1e-06",
        "iterations": 83,
        "saved_iterations": 83,
        "iteration_count_matches": true,
        "timed_iteration_history": false,
        "field_relative_difference": 4.751875010603116e-11,
        "spd_residual_difference_bound": 3.13800417678191e-06
      },
      {
        "intervals": 32,
        "case": 48,
        "method": "cg_identity_rtol1e-04",
        "iterations": 63,
        "saved_iterations": 63,
        "iteration_count_matches": true,
        "timed_iteration_history": true,
        "field_relative_difference": 2.2532552966463206e-09,
        "spd_residual_difference_bound": 0.0003310443543878939
      },
      {
        "intervals": 32,
        "case": 48,
        "method": "cg_identity_plain_rtol1e-02",
        "iterations": 35,
        "saved_iterations": 35,
        "iteration_count_matches": true,
        "timed_iteration_history": false,
        "field_relative_difference": 1.8955420714380292e-07,
        "spd_residual_difference_bound": 0.030756008132386395
      },
      {
        "intervals": 32,
        "case": 48,
        "method": "cg_identity_rtol1e-06",
        "iterations": 83,
        "saved_iterations": 83,
        "iteration_count_matches": true,
        "timed_iteration_history": true,
        "field_relative_difference": 4.751875010603116e-11,
        "spd_residual_difference_bound": 3.13800417678191e-06
      },
      {
        "intervals": 32,
        "case": 48,
        "method": "cg_identity_rtol1e-02",
        "iterations": 35,
        "saved_iterations": 35,
        "iteration_count_matches": true,
        "timed_iteration_history": true,
        "field_relative_difference": 1.8955420714380292e-07,
        "spd_residual_difference_bound": 0.030756008132386395
      },
      {
        "intervals": 32,
        "case": 49,
        "method": "cg_identity_plain_rtol1e-06",
        "iterations": 83,
        "saved_iterations": 83,
        "iteration_count_matches": true,
        "timed_iteration_history": false,
        "field_relative_difference": 3.379116616668621e-11,
        "spd_residual_difference_bound": 3.2253620607908227e-06
      },
      {
        "intervals": 32,
        "case": 49,
        "method": "cg_identity_plain_rtol1e-02",
        "iterations": 35,
        "saved_iterations": 35,
        "iteration_count_matches": true,
        "timed_iteration_history": false,
        "field_relative_difference": 3.2642213665413194e-07,
        "spd_residual_difference_bound": 0.03256132713026431
      },
      {
        "intervals": 32,
        "case": 49,
        "method": "cg_identity_rtol1e-02",
        "iterations": 35,
        "saved_iterations": 35,
        "iteration_count_matches": true,
        "timed_iteration_history": true,
        "field_relative_difference": 3.2642213665413194e-07,
        "spd_residual_difference_bound": 0.03256132713026431
      },
      {
        "intervals": 32,
        "case": 49,
        "method": "cg_identity_plain_rtol1e-04",
        "iterations": 63,
        "saved_iterations": 63,
        "iteration_count_matches": true,
        "timed_iteration_history": false,
        "field_relative_difference": 3.358967111600363e-09,
        "spd_residual_difference_bound": 0.0003518622791835217
      },
      {
        "intervals": 32,
        "case": 49,
        "method": "cg_identity_rtol1e-06",
        "iterations": 83,
        "saved_iterations": 83,
        "iteration_count_matches": true,
        "timed_iteration_history": true,
        "field_relative_difference": 3.379116616668621e-11,
        "spd_residual_difference_bound": 3.2253620607908227e-06
      },
      {
        "intervals": 32,
        "case": 49,
        "method": "cg_identity_rtol1e-04",
        "iterations": 63,
        "saved_iterations": 63,
        "iteration_count_matches": true,
        "timed_iteration_history": true,
        "field_relative_difference": 3.358967111600363e-09,
        "spd_residual_difference_bound": 0.0003518622791835217
      },
      {
        "intervals": 32,
        "case": 50,
        "method": "cg_identity_rtol1e-06",
        "iterations": 83,
        "saved_iterations": 83,
        "iteration_count_matches": true,
        "timed_iteration_history": true,
        "field_relative_difference": 1.21211545239623e-11,
        "spd_residual_difference_bound": 3.1914041199319737e-06
      },
      {
        "intervals": 32,
        "case": 50,
        "method": "cg_identity_rtol1e-02",
        "iterations": 35,
        "saved_iterations": 35,
        "iteration_count_matches": true,
        "timed_iteration_history": true,
        "field_relative_difference": 2.195444765527361e-07,
        "spd_residual_difference_bound": 0.03158524012059904
      },
      {
        "intervals": 32,
        "case": 50,
        "method": "cg_identity_plain_rtol1e-02",
        "iterations": 35,
        "saved_iterations": 35,
        "iteration_count_matches": true,
        "timed_iteration_history": false,
        "field_relative_difference": 2.195444765527361e-07,
        "spd_residual_difference_bound": 0.03158524012059904
      },
      {
        "intervals": 32,
        "case": 50,
        "method": "cg_identity_plain_rtol1e-06",
        "iterations": 83,
        "saved_iterations": 83,
        "iteration_count_matches": true,
        "timed_iteration_history": false,
        "field_relative_difference": 1.21211545239623e-11,
        "spd_residual_difference_bound": 3.1914041199319737e-06
      },
      {
        "intervals": 32,
        "case": 50,
        "method": "cg_identity_rtol1e-04",
        "iterations": 63,
        "saved_iterations": 63,
        "iteration_count_matches": true,
        "timed_iteration_history": true,
        "field_relative_difference": 6.290068466743689e-09,
        "spd_residual_difference_bound": 0.00031917416865670213
      },
      {
        "intervals": 32,
        "case": 50,
        "method": "cg_identity_plain_rtol1e-04",
        "iterations": 63,
        "saved_iterations": 63,
        "iteration_count_matches": true,
        "timed_iteration_history": false,
        "field_relative_difference": 6.290068466743689e-09,
        "spd_residual_difference_bound": 0.00031917416865670213
      },
      {
        "intervals": 32,
        "case": 51,
        "method": "cg_identity_plain_rtol1e-04",
        "iterations": 60,
        "saved_iterations": 60,
        "iteration_count_matches": true,
        "timed_iteration_history": false,
        "field_relative_difference": 5.889071138667129e-09,
        "spd_residual_difference_bound": 0.00035864360433614847
      },
      {
        "intervals": 32,
        "case": 51,
        "method": "cg_identity_rtol1e-06",
        "iterations": 82,
        "saved_iterations": 82,
        "iteration_count_matches": true,
        "timed_iteration_history": true,
        "field_relative_difference": 6.954827964119945e-11,
        "spd_residual_difference_bound": 3.34040652382599e-06
      },
      {
        "intervals": 32,
        "case": 51,
        "method": "cg_identity_plain_rtol1e-06",
        "iterations": 82,
        "saved_iterations": 82,
        "iteration_count_matches": true,
        "timed_iteration_history": false,
        "field_relative_difference": 6.954827964119945e-11,
        "spd_residual_difference_bound": 3.34040652382599e-06
      },
      {
        "intervals": 32,
        "case": 51,
        "method": "cg_identity_plain_rtol1e-02",
        "iterations": 33,
        "saved_iterations": 33,
        "iteration_count_matches": true,
        "timed_iteration_history": false,
        "field_relative_difference": 6.387187748165755e-07,
        "spd_residual_difference_bound": 0.031513639663341274
      },
      {
        "intervals": 32,
        "case": 51,
        "method": "cg_identity_rtol1e-02",
        "iterations": 33,
        "saved_iterations": 33,
        "iteration_count_matches": true,
        "timed_iteration_history": true,
        "field_relative_difference": 6.387187748165755e-07,
        "spd_residual_difference_bound": 0.031513639663341274
      },
      {
        "intervals": 32,
        "case": 51,
        "method": "cg_identity_rtol1e-04",
        "iterations": 60,
        "saved_iterations": 60,
        "iteration_count_matches": true,
        "timed_iteration_history": true,
        "field_relative_difference": 5.889071138667129e-09,
        "spd_residual_difference_bound": 0.00035864360433614847
      },
      {
        "intervals": 32,
        "case": 52,
        "method": "cg_identity_rtol1e-02",
        "iterations": 35,
        "saved_iterations": 35,
        "iteration_count_matches": true,
        "timed_iteration_history": true,
        "field_relative_difference": 1.054355842705377e-07,
        "spd_residual_difference_bound": 0.029666616353889515
      },
      {
        "intervals": 32,
        "case": 52,
        "method": "cg_identity_plain_rtol1e-06",
        "iterations": 83,
        "saved_iterations": 83,
        "iteration_count_matches": true,
        "timed_iteration_history": false,
        "field_relative_difference": 5.426529042305907e-12,
        "spd_residual_difference_bound": 2.697908982297845e-06
      },
      {
        "intervals": 32,
        "case": 52,
        "method": "cg_identity_rtol1e-06",
        "iterations": 83,
        "saved_iterations": 83,
        "iteration_count_matches": true,
        "timed_iteration_history": true,
        "field_relative_difference": 5.426529042305907e-12,
        "spd_residual_difference_bound": 2.697908982297845e-06
      },
      {
        "intervals": 32,
        "case": 52,
        "method": "cg_identity_plain_rtol1e-02",
        "iterations": 35,
        "saved_iterations": 35,
        "iteration_count_matches": true,
        "timed_iteration_history": false,
        "field_relative_difference": 1.054355842705377e-07,
        "spd_residual_difference_bound": 0.029666616353889515
      },
      {
        "intervals": 32,
        "case": 52,
        "method": "cg_identity_rtol1e-04",
        "iterations": 63,
        "saved_iterations": 63,
        "iteration_count_matches": true,
        "timed_iteration_history": true,
        "field_relative_difference": 6.108155860180913e-10,
        "spd_residual_difference_bound": 0.0002911549195439319
      },
      {
        "intervals": 32,
        "case": 52,
        "method": "cg_identity_plain_rtol1e-04",
        "iterations": 63,
        "saved_iterations": 63,
        "iteration_count_matches": true,
        "timed_iteration_history": false,
        "field_relative_difference": 6.108155860180913e-10,
        "spd_residual_difference_bound": 0.0002911549195439319
      },
      {
        "intervals": 32,
        "case": 53,
        "method": "cg_identity_rtol1e-02",
        "iterations": 34,
        "saved_iterations": 34,
        "iteration_count_matches": true,
        "timed_iteration_history": true,
        "field_relative_difference": 1.3262235821777837e-07,
        "spd_residual_difference_bound": 0.027040990130049326
      },
      {
        "intervals": 32,
        "case": 53,
        "method": "cg_identity_rtol1e-06",
        "iterations": 82,
        "saved_iterations": 82,
        "iteration_count_matches": true,
        "timed_iteration_history": true,
        "field_relative_difference": 1.3224871962975474e-11,
        "spd_residual_difference_bound": 2.8691963266521646e-06
      },
      {
        "intervals": 32,
        "case": 53,
        "method": "cg_identity_plain_rtol1e-04",
        "iterations": 61,
        "saved_iterations": 61,
        "iteration_count_matches": true,
        "timed_iteration_history": false,
        "field_relative_difference": 1.6538009704886834e-09,
        "spd_residual_difference_bound": 0.0003022407818964356
      },
      {
        "intervals": 32,
        "case": 53,
        "method": "cg_identity_rtol1e-04",
        "iterations": 61,
        "saved_iterations": 61,
        "iteration_count_matches": true,
        "timed_iteration_history": true,
        "field_relative_difference": 1.6538009704886834e-09,
        "spd_residual_difference_bound": 0.0003022407818964356
      },
      {
        "intervals": 32,
        "case": 53,
        "method": "cg_identity_plain_rtol1e-06",
        "iterations": 82,
        "saved_iterations": 82,
        "iteration_count_matches": true,
        "timed_iteration_history": false,
        "field_relative_difference": 1.3224871962975474e-11,
        "spd_residual_difference_bound": 2.8691963266521646e-06
      },
      {
        "intervals": 32,
        "case": 53,
        "method": "cg_identity_plain_rtol1e-02",
        "iterations": 34,
        "saved_iterations": 34,
        "iteration_count_matches": true,
        "timed_iteration_history": false,
        "field_relative_difference": 1.3262235821777837e-07,
        "spd_residual_difference_bound": 0.027040990130049326
      },
      {
        "intervals": 32,
        "case": 54,
        "method": "cg_identity_plain_rtol1e-06",
        "iterations": 81,
        "saved_iterations": 81,
        "iteration_count_matches": true,
        "timed_iteration_history": false,
        "field_relative_difference": 2.150050627998138e-12,
        "spd_residual_difference_bound": 2.680184273852314e-06
      },
      {
        "intervals": 32,
        "case": 54,
        "method": "cg_identity_rtol1e-04",
        "iterations": 60,
        "saved_iterations": 60,
        "iteration_count_matches": true,
        "timed_iteration_history": true,
        "field_relative_difference": 1.6546606359766013e-10,
        "spd_residual_difference_bound": 0.0002483439463608899
      },
      {
        "intervals": 32,
        "case": 54,
        "method": "cg_identity_plain_rtol1e-04",
        "iterations": 60,
        "saved_iterations": 60,
        "iteration_count_matches": true,
        "timed_iteration_history": false,
        "field_relative_difference": 1.6546606359766013e-10,
        "spd_residual_difference_bound": 0.0002483439463608899
      },
      {
        "intervals": 32,
        "case": 54,
        "method": "cg_identity_rtol1e-06",
        "iterations": 81,
        "saved_iterations": 81,
        "iteration_count_matches": true,
        "timed_iteration_history": true,
        "field_relative_difference": 2.150050627998138e-12,
        "spd_residual_difference_bound": 2.680184273852314e-06
      },
      {
        "intervals": 32,
        "case": 54,
        "method": "cg_identity_plain_rtol1e-02",
        "iterations": 32,
        "saved_iterations": 32,
        "iteration_count_matches": true,
        "timed_iteration_history": false,
        "field_relative_difference": 9.49850156126682e-09,
        "spd_residual_difference_bound": 0.027287559327040318
      },
      {
        "intervals": 32,
        "case": 54,
        "method": "cg_identity_rtol1e-02",
        "iterations": 32,
        "saved_iterations": 32,
        "iteration_count_matches": true,
        "timed_iteration_history": true,
        "field_relative_difference": 9.49850156126682e-09,
        "spd_residual_difference_bound": 0.027287559327040318
      },
      {
        "intervals": 32,
        "case": 55,
        "method": "cg_identity_rtol1e-06",
        "iterations": 84,
        "saved_iterations": 84,
        "iteration_count_matches": true,
        "timed_iteration_history": true,
        "field_relative_difference": 2.4534281543708936e-12,
        "spd_residual_difference_bound": 2.9922599199642827e-06
      },
      {
        "intervals": 32,
        "case": 55,
        "method": "cg_identity_rtol1e-02",
        "iterations": 36,
        "saved_iterations": 36,
        "iteration_count_matches": true,
        "timed_iteration_history": true,
        "field_relative_difference": 3.7045322452321776e-08,
        "spd_residual_difference_bound": 0.028190005471023353
      },
      {
        "intervals": 32,
        "case": 55,
        "method": "cg_identity_plain_rtol1e-06",
        "iterations": 84,
        "saved_iterations": 84,
        "iteration_count_matches": true,
        "timed_iteration_history": false,
        "field_relative_difference": 2.4534281543708936e-12,
        "spd_residual_difference_bound": 2.9922599199642827e-06
      },
      {
        "intervals": 32,
        "case": 55,
        "method": "cg_identity_rtol1e-04",
        "iterations": 64,
        "saved_iterations": 64,
        "iteration_count_matches": true,
        "timed_iteration_history": true,
        "field_relative_difference": 1.0912362228877148e-09,
        "spd_residual_difference_bound": 0.00026454676010587445
      },
      {
        "intervals": 32,
        "case": 55,
        "method": "cg_identity_plain_rtol1e-04",
        "iterations": 64,
        "saved_iterations": 64,
        "iteration_count_matches": true,
        "timed_iteration_history": false,
        "field_relative_difference": 1.0912362228877148e-09,
        "spd_residual_difference_bound": 0.00026454676010587445
      },
      {
        "intervals": 32,
        "case": 55,
        "method": "cg_identity_plain_rtol1e-02",
        "iterations": 36,
        "saved_iterations": 36,
        "iteration_count_matches": true,
        "timed_iteration_history": false,
        "field_relative_difference": 3.7045322452321776e-08,
        "spd_residual_difference_bound": 0.028190005471023353
      },
      {
        "intervals": 32,
        "case": 56,
        "method": "cg_identity_rtol1e-06",
        "iterations": 85,
        "saved_iterations": 85,
        "iteration_count_matches": true,
        "timed_iteration_history": true,
        "field_relative_difference": 2.998418443001797e-11,
        "spd_residual_difference_bound": 3.356077610828041e-06
      },
      {
        "intervals": 32,
        "case": 56,
        "method": "cg_identity_rtol1e-02",
        "iterations": 36,
        "saved_iterations": 36,
        "iteration_count_matches": true,
        "timed_iteration_history": true,
        "field_relative_difference": 2.4609233775552195e-07,
        "spd_residual_difference_bound": 0.03438767807296851
      },
      {
        "intervals": 32,
        "case": 56,
        "method": "cg_identity_plain_rtol1e-06",
        "iterations": 85,
        "saved_iterations": 85,
        "iteration_count_matches": true,
        "timed_iteration_history": false,
        "field_relative_difference": 2.998418443001797e-11,
        "spd_residual_difference_bound": 3.356077610828041e-06
      },
      {
        "intervals": 32,
        "case": 56,
        "method": "cg_identity_plain_rtol1e-04",
        "iterations": 64,
        "saved_iterations": 64,
        "iteration_count_matches": true,
        "timed_iteration_history": false,
        "field_relative_difference": 3.107746999690242e-09,
        "spd_residual_difference_bound": 0.0003607610656510849
      },
      {
        "intervals": 32,
        "case": 56,
        "method": "cg_identity_plain_rtol1e-02",
        "iterations": 36,
        "saved_iterations": 36,
        "iteration_count_matches": true,
        "timed_iteration_history": false,
        "field_relative_difference": 2.4609233775552195e-07,
        "spd_residual_difference_bound": 0.03438767807296851
      },
      {
        "intervals": 32,
        "case": 56,
        "method": "cg_identity_rtol1e-04",
        "iterations": 64,
        "saved_iterations": 64,
        "iteration_count_matches": true,
        "timed_iteration_history": true,
        "field_relative_difference": 3.107746999690242e-09,
        "spd_residual_difference_bound": 0.0003607610656510849
      },
      {
        "intervals": 32,
        "case": 57,
        "method": "cg_identity_plain_rtol1e-04",
        "iterations": 65,
        "saved_iterations": 65,
        "iteration_count_matches": true,
        "timed_iteration_history": false,
        "field_relative_difference": 3.015148880137526e-10,
        "spd_residual_difference_bound": 0.00031745391020716543
      },
      {
        "intervals": 32,
        "case": 57,
        "method": "cg_identity_plain_rtol1e-02",
        "iterations": 37,
        "saved_iterations": 37,
        "iteration_count_matches": true,
        "timed_iteration_history": false,
        "field_relative_difference": 2.0867075666118375e-08,
        "spd_residual_difference_bound": 0.03263077481404115
      },
      {
        "intervals": 32,
        "case": 57,
        "method": "cg_identity_rtol1e-06",
        "iterations": 87,
        "saved_iterations": 87,
        "iteration_count_matches": true,
        "timed_iteration_history": true,
        "field_relative_difference": 2.887460916549732e-12,
        "spd_residual_difference_bound": 3.1276831008344713e-06
      },
      {
        "intervals": 32,
        "case": 57,
        "method": "cg_identity_rtol1e-04",
        "iterations": 65,
        "saved_iterations": 65,
        "iteration_count_matches": true,
        "timed_iteration_history": true,
        "field_relative_difference": 3.015148880137526e-10,
        "spd_residual_difference_bound": 0.00031745391020716543
      },
      {
        "intervals": 32,
        "case": 57,
        "method": "cg_identity_plain_rtol1e-06",
        "iterations": 87,
        "saved_iterations": 87,
        "iteration_count_matches": true,
        "timed_iteration_history": false,
        "field_relative_difference": 2.887460916549732e-12,
        "spd_residual_difference_bound": 3.1276831008344713e-06
      },
      {
        "intervals": 32,
        "case": 57,
        "method": "cg_identity_rtol1e-02",
        "iterations": 37,
        "saved_iterations": 37,
        "iteration_count_matches": true,
        "timed_iteration_history": true,
        "field_relative_difference": 2.0867075666118375e-08,
        "spd_residual_difference_bound": 0.03263077481404115
      },
      {
        "intervals": 32,
        "case": 58,
        "method": "cg_identity_plain_rtol1e-06",
        "iterations": 82,
        "saved_iterations": 82,
        "iteration_count_matches": true,
        "timed_iteration_history": false,
        "field_relative_difference": 1.5968375319446913e-11,
        "spd_residual_difference_bound": 3.214195262739336e-06
      },
      {
        "intervals": 32,
        "case": 58,
        "method": "cg_identity_rtol1e-04",
        "iterations": 63,
        "saved_iterations": 63,
        "iteration_count_matches": true,
        "timed_iteration_history": true,
        "field_relative_difference": 6.738720267219884e-10,
        "spd_residual_difference_bound": 0.00027108081122911404
      },
      {
        "intervals": 32,
        "case": 58,
        "method": "cg_identity_rtol1e-02",
        "iterations": 34,
        "saved_iterations": 34,
        "iteration_count_matches": true,
        "timed_iteration_history": true,
        "field_relative_difference": 7.60908261243251e-08,
        "spd_residual_difference_bound": 0.0309028905293238
      },
      {
        "intervals": 32,
        "case": 58,
        "method": "cg_identity_plain_rtol1e-04",
        "iterations": 63,
        "saved_iterations": 63,
        "iteration_count_matches": true,
        "timed_iteration_history": false,
        "field_relative_difference": 6.738720267219884e-10,
        "spd_residual_difference_bound": 0.00027108081122911404
      },
      {
        "intervals": 32,
        "case": 58,
        "method": "cg_identity_plain_rtol1e-02",
        "iterations": 34,
        "saved_iterations": 34,
        "iteration_count_matches": true,
        "timed_iteration_history": false,
        "field_relative_difference": 7.60908261243251e-08,
        "spd_residual_difference_bound": 0.0309028905293238
      },
      {
        "intervals": 32,
        "case": 58,
        "method": "cg_identity_rtol1e-06",
        "iterations": 82,
        "saved_iterations": 82,
        "iteration_count_matches": true,
        "timed_iteration_history": true,
        "field_relative_difference": 1.5968375319446913e-11,
        "spd_residual_difference_bound": 3.214195262739336e-06
      },
      {
        "intervals": 32,
        "case": 59,
        "method": "cg_identity_plain_rtol1e-04",
        "iterations": 61,
        "saved_iterations": 61,
        "iteration_count_matches": true,
        "timed_iteration_history": false,
        "field_relative_difference": 3.5616639236283876e-09,
        "spd_residual_difference_bound": 0.00035619464597545715
      },
      {
        "intervals": 32,
        "case": 59,
        "method": "cg_identity_rtol1e-04",
        "iterations": 61,
        "saved_iterations": 61,
        "iteration_count_matches": true,
        "timed_iteration_history": true,
        "field_relative_difference": 3.5616639236283876e-09,
        "spd_residual_difference_bound": 0.00035619464597545715
      },
      {
        "intervals": 32,
        "case": 59,
        "method": "cg_identity_rtol1e-02",
        "iterations": 33,
        "saved_iterations": 33,
        "iteration_count_matches": true,
        "timed_iteration_history": true,
        "field_relative_difference": 2.449197363317208e-07,
        "spd_residual_difference_bound": 0.03438206241928304
      },
      {
        "intervals": 32,
        "case": 59,
        "method": "cg_identity_plain_rtol1e-06",
        "iterations": 82,
        "saved_iterations": 82,
        "iteration_count_matches": true,
        "timed_iteration_history": false,
        "field_relative_difference": 4.387279137659345e-11,
        "spd_residual_difference_bound": 3.5457352929367603e-06
      },
      {
        "intervals": 32,
        "case": 59,
        "method": "cg_identity_rtol1e-06",
        "iterations": 82,
        "saved_iterations": 82,
        "iteration_count_matches": true,
        "timed_iteration_history": true,
        "field_relative_difference": 4.387279137659345e-11,
        "spd_residual_difference_bound": 3.5457352929367603e-06
      },
      {
        "intervals": 32,
        "case": 59,
        "method": "cg_identity_plain_rtol1e-02",
        "iterations": 33,
        "saved_iterations": 33,
        "iteration_count_matches": true,
        "timed_iteration_history": false,
        "field_relative_difference": 2.449197363317208e-07,
        "spd_residual_difference_bound": 0.03438206241928304
      },
      {
        "intervals": 32,
        "case": 60,
        "method": "cg_identity_plain_rtol1e-04",
        "iterations": 63,
        "saved_iterations": 63,
        "iteration_count_matches": true,
        "timed_iteration_history": false,
        "field_relative_difference": 1.6784623991669573e-09,
        "spd_residual_difference_bound": 0.00027989389605163255
      },
      {
        "intervals": 32,
        "case": 60,
        "method": "cg_identity_rtol1e-02",
        "iterations": 34,
        "saved_iterations": 34,
        "iteration_count_matches": true,
        "timed_iteration_history": true,
        "field_relative_difference": 1.565062539960043e-07,
        "spd_residual_difference_bound": 0.031444768519922894
      },
      {
        "intervals": 32,
        "case": 60,
        "method": "cg_identity_rtol1e-06",
        "iterations": 83,
        "saved_iterations": 83,
        "iteration_count_matches": true,
        "timed_iteration_history": true,
        "field_relative_difference": 1.6624760655770512e-11,
        "spd_residual_difference_bound": 2.7643763921570247e-06
      },
      {
        "intervals": 32,
        "case": 60,
        "method": "cg_identity_plain_rtol1e-02",
        "iterations": 34,
        "saved_iterations": 34,
        "iteration_count_matches": true,
        "timed_iteration_history": false,
        "field_relative_difference": 1.565062539960043e-07,
        "spd_residual_difference_bound": 0.031444768519922894
      },
      {
        "intervals": 32,
        "case": 60,
        "method": "cg_identity_plain_rtol1e-06",
        "iterations": 83,
        "saved_iterations": 83,
        "iteration_count_matches": true,
        "timed_iteration_history": false,
        "field_relative_difference": 1.6624760655770512e-11,
        "spd_residual_difference_bound": 2.7643763921570247e-06
      },
      {
        "intervals": 32,
        "case": 60,
        "method": "cg_identity_rtol1e-04",
        "iterations": 63,
        "saved_iterations": 63,
        "iteration_count_matches": true,
        "timed_iteration_history": true,
        "field_relative_difference": 1.6784623991669573e-09,
        "spd_residual_difference_bound": 0.00027989389605163255
      },
      {
        "intervals": 32,
        "case": 61,
        "method": "cg_identity_plain_rtol1e-04",
        "iterations": 64,
        "saved_iterations": 64,
        "iteration_count_matches": true,
        "timed_iteration_history": false,
        "field_relative_difference": 2.4447250259893863e-09,
        "spd_residual_difference_bound": 0.00028129515796726534
      },
      {
        "intervals": 32,
        "case": 61,
        "method": "cg_identity_rtol1e-04",
        "iterations": 64,
        "saved_iterations": 64,
        "iteration_count_matches": true,
        "timed_iteration_history": true,
        "field_relative_difference": 2.4447250259893863e-09,
        "spd_residual_difference_bound": 0.00028129515796726534
      },
      {
        "intervals": 32,
        "case": 61,
        "method": "cg_identity_plain_rtol1e-02",
        "iterations": 35,
        "saved_iterations": 35,
        "iteration_count_matches": true,
        "timed_iteration_history": false,
        "field_relative_difference": 1.6186598614464602e-07,
        "spd_residual_difference_bound": 0.03151337551536874
      },
      {
        "intervals": 32,
        "case": 61,
        "method": "cg_identity_rtol1e-06",
        "iterations": 83,
        "saved_iterations": 83,
        "iteration_count_matches": true,
        "timed_iteration_history": true,
        "field_relative_difference": 1.8913894682124154e-11,
        "spd_residual_difference_bound": 3.126158405957492e-06
      },
      {
        "intervals": 32,
        "case": 61,
        "method": "cg_identity_rtol1e-02",
        "iterations": 35,
        "saved_iterations": 35,
        "iteration_count_matches": true,
        "timed_iteration_history": true,
        "field_relative_difference": 1.6186598614464602e-07,
        "spd_residual_difference_bound": 0.03151337551536874
      },
      {
        "intervals": 32,
        "case": 61,
        "method": "cg_identity_plain_rtol1e-06",
        "iterations": 83,
        "saved_iterations": 83,
        "iteration_count_matches": true,
        "timed_iteration_history": false,
        "field_relative_difference": 1.8913894682124154e-11,
        "spd_residual_difference_bound": 3.126158405957492e-06
      },
      {
        "intervals": 32,
        "case": 62,
        "method": "cg_identity_rtol1e-02",
        "iterations": 31,
        "saved_iterations": 31,
        "iteration_count_matches": true,
        "timed_iteration_history": true,
        "field_relative_difference": 1.2483127085781564e-07,
        "spd_residual_difference_bound": 0.024580648581029586
      },
      {
        "intervals": 32,
        "case": 62,
        "method": "cg_identity_plain_rtol1e-02",
        "iterations": 31,
        "saved_iterations": 31,
        "iteration_count_matches": true,
        "timed_iteration_history": false,
        "field_relative_difference": 1.2483127085781564e-07,
        "spd_residual_difference_bound": 0.024580648581029586
      },
      {
        "intervals": 32,
        "case": 62,
        "method": "cg_identity_plain_rtol1e-06",
        "iterations": 80,
        "saved_iterations": 80,
        "iteration_count_matches": true,
        "timed_iteration_history": false,
        "field_relative_difference": 1.1673453867675726e-11,
        "spd_residual_difference_bound": 2.567976980575396e-06
      },
      {
        "intervals": 32,
        "case": 62,
        "method": "cg_identity_rtol1e-06",
        "iterations": 80,
        "saved_iterations": 80,
        "iteration_count_matches": true,
        "timed_iteration_history": true,
        "field_relative_difference": 1.1673453867675726e-11,
        "spd_residual_difference_bound": 2.567976980575396e-06
      },
      {
        "intervals": 32,
        "case": 62,
        "method": "cg_identity_rtol1e-04",
        "iterations": 57,
        "saved_iterations": 57,
        "iteration_count_matches": true,
        "timed_iteration_history": true,
        "field_relative_difference": 1.8879340020501425e-09,
        "spd_residual_difference_bound": 0.00027250549788077505
      },
      {
        "intervals": 32,
        "case": 62,
        "method": "cg_identity_plain_rtol1e-04",
        "iterations": 57,
        "saved_iterations": 57,
        "iteration_count_matches": true,
        "timed_iteration_history": false,
        "field_relative_difference": 1.8879340020501425e-09,
        "spd_residual_difference_bound": 0.00027250549788077505
      },
      {
        "intervals": 32,
        "case": 63,
        "method": "cg_identity_rtol1e-06",
        "iterations": 82,
        "saved_iterations": 82,
        "iteration_count_matches": true,
        "timed_iteration_history": true,
        "field_relative_difference": 5.1631980852540755e-11,
        "spd_residual_difference_bound": 3.5929861213284935e-06
      },
      {
        "intervals": 32,
        "case": 63,
        "method": "cg_identity_rtol1e-02",
        "iterations": 34,
        "saved_iterations": 34,
        "iteration_count_matches": true,
        "timed_iteration_history": true,
        "field_relative_difference": 3.233057611765024e-07,
        "spd_residual_difference_bound": 0.030535257093095222
      },
      {
        "intervals": 32,
        "case": 63,
        "method": "cg_identity_plain_rtol1e-06",
        "iterations": 82,
        "saved_iterations": 82,
        "iteration_count_matches": true,
        "timed_iteration_history": false,
        "field_relative_difference": 5.1631980852540755e-11,
        "spd_residual_difference_bound": 3.5929861213284935e-06
      },
      {
        "intervals": 32,
        "case": 63,
        "method": "cg_identity_rtol1e-04",
        "iterations": 62,
        "saved_iterations": 62,
        "iteration_count_matches": true,
        "timed_iteration_history": true,
        "field_relative_difference": 4.106734650173588e-09,
        "spd_residual_difference_bound": 0.0003240407750960948
      },
      {
        "intervals": 32,
        "case": 63,
        "method": "cg_identity_plain_rtol1e-04",
        "iterations": 62,
        "saved_iterations": 62,
        "iteration_count_matches": true,
        "timed_iteration_history": false,
        "field_relative_difference": 4.106734650173588e-09,
        "spd_residual_difference_bound": 0.0003240407750960948
      },
      {
        "intervals": 32,
        "case": 63,
        "method": "cg_identity_plain_rtol1e-02",
        "iterations": 34,
        "saved_iterations": 34,
        "iteration_count_matches": true,
        "timed_iteration_history": false,
        "field_relative_difference": 3.233057611765024e-07,
        "spd_residual_difference_bound": 0.030535257093095222
      },
      {
        "intervals": 64,
        "case": 0,
        "method": "cg_identity_rtol1e-06",
        "iterations": 172,
        "saved_iterations": 172,
        "iteration_count_matches": true,
        "timed_iteration_history": true,
        "field_relative_difference": 1.9579389423734426e-12,
        "spd_residual_difference_bound": 2.8492359713864244e-06
      },
      {
        "intervals": 64,
        "case": 0,
        "method": "cg_identity_rtol1e-02",
        "iterations": 75,
        "saved_iterations": 75,
        "iteration_count_matches": true,
        "timed_iteration_history": true,
        "field_relative_difference": 2.0068060466737257e-08,
        "spd_residual_difference_bound": 0.03037603745534249
      },
      {
        "intervals": 64,
        "case": 0,
        "method": "cg_identity_plain_rtol1e-02",
        "iterations": 75,
        "saved_iterations": 75,
        "iteration_count_matches": true,
        "timed_iteration_history": false,
        "field_relative_difference": 2.0068060466737257e-08,
        "spd_residual_difference_bound": 0.03037603745534249
      },
      {
        "intervals": 64,
        "case": 0,
        "method": "cg_identity_plain_rtol1e-04",
        "iterations": 131,
        "saved_iterations": 131,
        "iteration_count_matches": true,
        "timed_iteration_history": false,
        "field_relative_difference": 1.830560582384348e-10,
        "spd_residual_difference_bound": 0.00028716712922843813
      },
      {
        "intervals": 64,
        "case": 0,
        "method": "cg_identity_rtol1e-04",
        "iterations": 131,
        "saved_iterations": 131,
        "iteration_count_matches": true,
        "timed_iteration_history": true,
        "field_relative_difference": 1.830560582384348e-10,
        "spd_residual_difference_bound": 0.00028716712922843813
      },
      {
        "intervals": 64,
        "case": 0,
        "method": "cg_identity_plain_rtol1e-06",
        "iterations": 172,
        "saved_iterations": 172,
        "iteration_count_matches": true,
        "timed_iteration_history": false,
        "field_relative_difference": 1.9579389423734426e-12,
        "spd_residual_difference_bound": 2.8492359713864244e-06
      },
      {
        "intervals": 64,
        "case": 1,
        "method": "cg_identity_rtol1e-04",
        "iterations": 135,
        "saved_iterations": 135,
        "iteration_count_matches": true,
        "timed_iteration_history": true,
        "field_relative_difference": 1.1804805524882491e-10,
        "spd_residual_difference_bound": 0.00032761372397296267
      },
      {
        "intervals": 64,
        "case": 1,
        "method": "cg_identity_plain_rtol1e-04",
        "iterations": 135,
        "saved_iterations": 135,
        "iteration_count_matches": true,
        "timed_iteration_history": false,
        "field_relative_difference": 1.1804805524882491e-10,
        "spd_residual_difference_bound": 0.00032761372397296267
      },
      {
        "intervals": 64,
        "case": 1,
        "method": "cg_identity_rtol1e-06",
        "iterations": 178,
        "saved_iterations": 178,
        "iteration_count_matches": true,
        "timed_iteration_history": true,
        "field_relative_difference": 1.233888804623148e-12,
        "spd_residual_difference_bound": 3.2643493120186885e-06
      },
      {
        "intervals": 64,
        "case": 1,
        "method": "cg_identity_plain_rtol1e-02",
        "iterations": 81,
        "saved_iterations": 81,
        "iteration_count_matches": true,
        "timed_iteration_history": false,
        "field_relative_difference": 1.0909665229387908e-08,
        "spd_residual_difference_bound": 0.0312425640413272
      },
      {
        "intervals": 64,
        "case": 1,
        "method": "cg_identity_plain_rtol1e-06",
        "iterations": 178,
        "saved_iterations": 178,
        "iteration_count_matches": true,
        "timed_iteration_history": false,
        "field_relative_difference": 1.233888804623148e-12,
        "spd_residual_difference_bound": 3.2643493120186885e-06
      },
      {
        "intervals": 64,
        "case": 1,
        "method": "cg_identity_rtol1e-02",
        "iterations": 81,
        "saved_iterations": 81,
        "iteration_count_matches": true,
        "timed_iteration_history": true,
        "field_relative_difference": 1.0909665229387908e-08,
        "spd_residual_difference_bound": 0.0312425640413272
      },
      {
        "intervals": 64,
        "case": 2,
        "method": "cg_identity_rtol1e-04",
        "iterations": 132,
        "saved_iterations": 132,
        "iteration_count_matches": true,
        "timed_iteration_history": true,
        "field_relative_difference": 7.017990025970723e-11,
        "spd_residual_difference_bound": 0.00028104482657423824
      },
      {
        "intervals": 64,
        "case": 2,
        "method": "cg_identity_plain_rtol1e-02",
        "iterations": 78,
        "saved_iterations": 78,
        "iteration_count_matches": true,
        "timed_iteration_history": false,
        "field_relative_difference": 5.662099753978566e-09,
        "spd_residual_difference_bound": 0.02818478496199729
      },
      {
        "intervals": 64,
        "case": 2,
        "method": "cg_identity_plain_rtol1e-06",
        "iterations": 173,
        "saved_iterations": 173,
        "iteration_count_matches": true,
        "timed_iteration_history": false,
        "field_relative_difference": 8.557990081107059e-13,
        "spd_residual_difference_bound": 2.64578776201172e-06
      },
      {
        "intervals": 64,
        "case": 2,
        "method": "cg_identity_rtol1e-02",
        "iterations": 78,
        "saved_iterations": 78,
        "iteration_count_matches": true,
        "timed_iteration_history": true,
        "field_relative_difference": 5.662099753978566e-09,
        "spd_residual_difference_bound": 0.02818478496199729
      },
      {
        "intervals": 64,
        "case": 2,
        "method": "cg_identity_rtol1e-06",
        "iterations": 173,
        "saved_iterations": 173,
        "iteration_count_matches": true,
        "timed_iteration_history": true,
        "field_relative_difference": 8.557990081107059e-13,
        "spd_residual_difference_bound": 2.64578776201172e-06
      },
      {
        "intervals": 64,
        "case": 2,
        "method": "cg_identity_plain_rtol1e-04",
        "iterations": 132,
        "saved_iterations": 132,
        "iteration_count_matches": true,
        "timed_iteration_history": false,
        "field_relative_difference": 7.017990025970723e-11,
        "spd_residual_difference_bound": 0.00028104482657423824
      },
      {
        "intervals": 64,
        "case": 3,
        "method": "cg_identity_rtol1e-06",
        "iterations": 179,
        "saved_iterations": 179,
        "iteration_count_matches": true,
        "timed_iteration_history": true,
        "field_relative_difference": 3.349966495445254e-12,
        "spd_residual_difference_bound": 3.459898494490392e-06
      },
      {
        "intervals": 64,
        "case": 3,
        "method": "cg_identity_plain_rtol1e-02",
        "iterations": 81,
        "saved_iterations": 81,
        "iteration_count_matches": true,
        "timed_iteration_history": false,
        "field_relative_difference": 3.032797312205784e-08,
        "spd_residual_difference_bound": 0.03376433500632179
      },
      {
        "intervals": 64,
        "case": 3,
        "method": "cg_identity_plain_rtol1e-06",
        "iterations": 179,
        "saved_iterations": 179,
        "iteration_count_matches": true,
        "timed_iteration_history": false,
        "field_relative_difference": 3.349966495445254e-12,
        "spd_residual_difference_bound": 3.459898494490392e-06
      },
      {
        "intervals": 64,
        "case": 3,
        "method": "cg_identity_rtol1e-04",
        "iterations": 136,
        "saved_iterations": 136,
        "iteration_count_matches": true,
        "timed_iteration_history": true,
        "field_relative_difference": 3.300603268270003e-10,
        "spd_residual_difference_bound": 0.0003493584090012481
      },
      {
        "intervals": 64,
        "case": 3,
        "method": "cg_identity_rtol1e-02",
        "iterations": 81,
        "saved_iterations": 81,
        "iteration_count_matches": true,
        "timed_iteration_history": true,
        "field_relative_difference": 3.032797312205784e-08,
        "spd_residual_difference_bound": 0.03376433500632179
      },
      {
        "intervals": 64,
        "case": 3,
        "method": "cg_identity_plain_rtol1e-04",
        "iterations": 136,
        "saved_iterations": 136,
        "iteration_count_matches": true,
        "timed_iteration_history": false,
        "field_relative_difference": 3.300603268270003e-10,
        "spd_residual_difference_bound": 0.0003493584090012481
      },
      {
        "intervals": 64,
        "case": 4,
        "method": "cg_identity_plain_rtol1e-04",
        "iterations": 133,
        "saved_iterations": 133,
        "iteration_count_matches": true,
        "timed_iteration_history": false,
        "field_relative_difference": 3.199982878345621e-10,
        "spd_residual_difference_bound": 0.0003487278359396978
      },
      {
        "intervals": 64,
        "case": 4,
        "method": "cg_identity_rtol1e-06",
        "iterations": 173,
        "saved_iterations": 173,
        "iteration_count_matches": true,
        "timed_iteration_history": true,
        "field_relative_difference": 3.2288656851573317e-12,
        "spd_residual_difference_bound": 3.4583732741586014e-06
      },
      {
        "intervals": 64,
        "case": 4,
        "method": "cg_identity_plain_rtol1e-02",
        "iterations": 78,
        "saved_iterations": 78,
        "iteration_count_matches": true,
        "timed_iteration_history": false,
        "field_relative_difference": 2.861113257839667e-08,
        "spd_residual_difference_bound": 0.03316705658501786
      },
      {
        "intervals": 64,
        "case": 4,
        "method": "cg_identity_rtol1e-02",
        "iterations": 78,
        "saved_iterations": 78,
        "iteration_count_matches": true,
        "timed_iteration_history": true,
        "field_relative_difference": 2.861113257839667e-08,
        "spd_residual_difference_bound": 0.03316705658501786
      },
      {
        "intervals": 64,
        "case": 4,
        "method": "cg_identity_plain_rtol1e-06",
        "iterations": 173,
        "saved_iterations": 173,
        "iteration_count_matches": true,
        "timed_iteration_history": false,
        "field_relative_difference": 3.2288656851573317e-12,
        "spd_residual_difference_bound": 3.4583732741586014e-06
      },
      {
        "intervals": 64,
        "case": 4,
        "method": "cg_identity_rtol1e-04",
        "iterations": 133,
        "saved_iterations": 133,
        "iteration_count_matches": true,
        "timed_iteration_history": true,
        "field_relative_difference": 3.199982878345621e-10,
        "spd_residual_difference_bound": 0.0003487278359396978
      },
      {
        "intervals": 64,
        "case": 5,
        "method": "cg_identity_plain_rtol1e-06",
        "iterations": 174,
        "saved_iterations": 174,
        "iteration_count_matches": true,
        "timed_iteration_history": false,
        "field_relative_difference": 1.240499675807637e-12,
        "spd_residual_difference_bound": 2.8210141825349807e-06
      },
      {
        "intervals": 64,
        "case": 5,
        "method": "cg_identity_rtol1e-04",
        "iterations": 135,
        "saved_iterations": 135,
        "iteration_count_matches": true,
        "timed_iteration_history": true,
        "field_relative_difference": 1.1044628315994713e-10,
        "spd_residual_difference_bound": 0.0002739925908980019
      },
      {
        "intervals": 64,
        "case": 5,
        "method": "cg_identity_plain_rtol1e-02",
        "iterations": 80,
        "saved_iterations": 80,
        "iteration_count_matches": true,
        "timed_iteration_history": false,
        "field_relative_difference": 1.375934952488681e-08,
        "spd_residual_difference_bound": 0.03063792314652009
      },
      {
        "intervals": 64,
        "case": 5,
        "method": "cg_identity_rtol1e-06",
        "iterations": 174,
        "saved_iterations": 174,
        "iteration_count_matches": true,
        "timed_iteration_history": true,
        "field_relative_difference": 1.240499675807637e-12,
        "spd_residual_difference_bound": 2.8210141825349807e-06
      },
      {
        "intervals": 64,
        "case": 5,
        "method": "cg_identity_plain_rtol1e-04",
        "iterations": 135,
        "saved_iterations": 135,
        "iteration_count_matches": true,
        "timed_iteration_history": false,
        "field_relative_difference": 1.1044628315994713e-10,
        "spd_residual_difference_bound": 0.0002739925908980019
      },
      {
        "intervals": 64,
        "case": 5,
        "method": "cg_identity_rtol1e-02",
        "iterations": 80,
        "saved_iterations": 80,
        "iteration_count_matches": true,
        "timed_iteration_history": true,
        "field_relative_difference": 1.375934952488681e-08,
        "spd_residual_difference_bound": 0.03063792314652009
      },
      {
        "intervals": 64,
        "case": 6,
        "method": "cg_identity_rtol1e-06",
        "iterations": 177,
        "saved_iterations": 177,
        "iteration_count_matches": true,
        "timed_iteration_history": true,
        "field_relative_difference": 1.7404763198493058e-12,
        "spd_residual_difference_bound": 3.2060184037015015e-06
      },
      {
        "intervals": 64,
        "case": 6,
        "method": "cg_identity_rtol1e-04",
        "iterations": 136,
        "saved_iterations": 136,
        "iteration_count_matches": true,
        "timed_iteration_history": true,
        "field_relative_difference": 1.814980950835832e-10,
        "spd_residual_difference_bound": 0.0003307980715556181
      },
      {
        "intervals": 64,
        "case": 6,
        "method": "cg_identity_rtol1e-02",
        "iterations": 81,
        "saved_iterations": 81,
        "iteration_count_matches": true,
        "timed_iteration_history": true,
        "field_relative_difference": 1.966701717784964e-08,
        "spd_residual_difference_bound": 0.03313696800972384
      },
      {
        "intervals": 64,
        "case": 6,
        "method": "cg_identity_plain_rtol1e-06",
        "iterations": 177,
        "saved_iterations": 177,
        "iteration_count_matches": true,
        "timed_iteration_history": false,
        "field_relative_difference": 1.7404763198493058e-12,
        "spd_residual_difference_bound": 3.2060184037015015e-06
      },
      {
        "intervals": 64,
        "case": 6,
        "method": "cg_identity_plain_rtol1e-04",
        "iterations": 136,
        "saved_iterations": 136,
        "iteration_count_matches": true,
        "timed_iteration_history": false,
        "field_relative_difference": 1.814980950835832e-10,
        "spd_residual_difference_bound": 0.0003307980715556181
      },
      {
        "intervals": 64,
        "case": 6,
        "method": "cg_identity_plain_rtol1e-02",
        "iterations": 81,
        "saved_iterations": 81,
        "iteration_count_matches": true,
        "timed_iteration_history": false,
        "field_relative_difference": 1.966701717784964e-08,
        "spd_residual_difference_bound": 0.03313696800972384
      },
      {
        "intervals": 64,
        "case": 7,
        "method": "cg_identity_rtol1e-04",
        "iterations": 135,
        "saved_iterations": 135,
        "iteration_count_matches": true,
        "timed_iteration_history": true,
        "field_relative_difference": 4.177961334603913e-10,
        "spd_residual_difference_bound": 0.000384442278631916
      },
      {
        "intervals": 64,
        "case": 7,
        "method": "cg_identity_rtol1e-06",
        "iterations": 175,
        "saved_iterations": 175,
        "iteration_count_matches": true,
        "timed_iteration_history": true,
        "field_relative_difference": 4.18552695134562e-12,
        "spd_residual_difference_bound": 3.891555209082851e-06
      },
      {
        "intervals": 64,
        "case": 7,
        "method": "cg_identity_plain_rtol1e-04",
        "iterations": 135,
        "saved_iterations": 135,
        "iteration_count_matches": true,
        "timed_iteration_history": false,
        "field_relative_difference": 4.177961334603913e-10,
        "spd_residual_difference_bound": 0.000384442278631916
      },
      {
        "intervals": 64,
        "case": 7,
        "method": "cg_identity_rtol1e-02",
        "iterations": 79,
        "saved_iterations": 79,
        "iteration_count_matches": true,
        "timed_iteration_history": true,
        "field_relative_difference": 3.875410237982959e-08,
        "spd_residual_difference_bound": 0.037272164062591095
      },
      {
        "intervals": 64,
        "case": 7,
        "method": "cg_identity_plain_rtol1e-06",
        "iterations": 175,
        "saved_iterations": 175,
        "iteration_count_matches": true,
        "timed_iteration_history": false,
        "field_relative_difference": 4.18552695134562e-12,
        "spd_residual_difference_bound": 3.891555209082851e-06
      },
      {
        "intervals": 64,
        "case": 7,
        "method": "cg_identity_plain_rtol1e-02",
        "iterations": 79,
        "saved_iterations": 79,
        "iteration_count_matches": true,
        "timed_iteration_history": false,
        "field_relative_difference": 3.875410237982959e-08,
        "spd_residual_difference_bound": 0.037272164062591095
      },
      {
        "intervals": 64,
        "case": 8,
        "method": "cg_identity_rtol1e-04",
        "iterations": 137,
        "saved_iterations": 137,
        "iteration_count_matches": true,
        "timed_iteration_history": true,
        "field_relative_difference": 1.7126988828676114e-10,
        "spd_residual_difference_bound": 0.00029961925885670153
      },
      {
        "intervals": 64,
        "case": 8,
        "method": "cg_identity_plain_rtol1e-06",
        "iterations": 179,
        "saved_iterations": 179,
        "iteration_count_matches": true,
        "timed_iteration_history": false,
        "field_relative_difference": 1.8721062121787526e-12,
        "spd_residual_difference_bound": 3.2548142594821255e-06
      },
      {
        "intervals": 64,
        "case": 8,
        "method": "cg_identity_rtol1e-06",
        "iterations": 179,
        "saved_iterations": 179,
        "iteration_count_matches": true,
        "timed_iteration_history": true,
        "field_relative_difference": 1.8721062121787526e-12,
        "spd_residual_difference_bound": 3.2548142594821255e-06
      },
      {
        "intervals": 64,
        "case": 8,
        "method": "cg_identity_plain_rtol1e-04",
        "iterations": 137,
        "saved_iterations": 137,
        "iteration_count_matches": true,
        "timed_iteration_history": false,
        "field_relative_difference": 1.7126988828676114e-10,
        "spd_residual_difference_bound": 0.00029961925885670153
      },
      {
        "intervals": 64,
        "case": 8,
        "method": "cg_identity_plain_rtol1e-02",
        "iterations": 82,
        "saved_iterations": 82,
        "iteration_count_matches": true,
        "timed_iteration_history": false,
        "field_relative_difference": 1.6590352698723128e-08,
        "spd_residual_difference_bound": 0.030910744664662714
      },
      {
        "intervals": 64,
        "case": 8,
        "method": "cg_identity_rtol1e-02",
        "iterations": 82,
        "saved_iterations": 82,
        "iteration_count_matches": true,
        "timed_iteration_history": true,
        "field_relative_difference": 1.6590352698723128e-08,
        "spd_residual_difference_bound": 0.030910744664662714
      },
      {
        "intervals": 64,
        "case": 9,
        "method": "cg_identity_rtol1e-04",
        "iterations": 132,
        "saved_iterations": 132,
        "iteration_count_matches": true,
        "timed_iteration_history": true,
        "field_relative_difference": 2.330376606940515e-10,
        "spd_residual_difference_bound": 0.0003085995525110252
      },
      {
        "intervals": 64,
        "case": 9,
        "method": "cg_identity_plain_rtol1e-04",
        "iterations": 132,
        "saved_iterations": 132,
        "iteration_count_matches": true,
        "timed_iteration_history": false,
        "field_relative_difference": 2.330376606940515e-10,
        "spd_residual_difference_bound": 0.0003085995525110252
      },
      {
        "intervals": 64,
        "case": 9,
        "method": "cg_identity_rtol1e-06",
        "iterations": 173,
        "saved_iterations": 173,
        "iteration_count_matches": true,
        "timed_iteration_history": true,
        "field_relative_difference": 2.2885273707181156e-12,
        "spd_residual_difference_bound": 2.9072253114718167e-06
      },
      {
        "intervals": 64,
        "case": 9,
        "method": "cg_identity_rtol1e-02",
        "iterations": 79,
        "saved_iterations": 79,
        "iteration_count_matches": true,
        "timed_iteration_history": true,
        "field_relative_difference": 2.1329528979845845e-08,
        "spd_residual_difference_bound": 0.028566890739025415
      },
      {
        "intervals": 64,
        "case": 9,
        "method": "cg_identity_plain_rtol1e-02",
        "iterations": 79,
        "saved_iterations": 79,
        "iteration_count_matches": true,
        "timed_iteration_history": false,
        "field_relative_difference": 2.1329528979845845e-08,
        "spd_residual_difference_bound": 0.028566890739025415
      },
      {
        "intervals": 64,
        "case": 9,
        "method": "cg_identity_plain_rtol1e-06",
        "iterations": 173,
        "saved_iterations": 173,
        "iteration_count_matches": true,
        "timed_iteration_history": false,
        "field_relative_difference": 2.2885273707181156e-12,
        "spd_residual_difference_bound": 2.9072253114718167e-06
      },
      {
        "intervals": 64,
        "case": 10,
        "method": "cg_identity_rtol1e-04",
        "iterations": 135,
        "saved_iterations": 135,
        "iteration_count_matches": true,
        "timed_iteration_history": true,
        "field_relative_difference": 3.0037197790404525e-10,
        "spd_residual_difference_bound": 0.00034880177307231703
      },
      {
        "intervals": 64,
        "case": 10,
        "method": "cg_identity_rtol1e-02",
        "iterations": 80,
        "saved_iterations": 80,
        "iteration_count_matches": true,
        "timed_iteration_history": true,
        "field_relative_difference": 3.23085297856521e-08,
        "spd_residual_difference_bound": 0.03402566858524835
      },
      {
        "intervals": 64,
        "case": 10,
        "method": "cg_identity_plain_rtol1e-06",
        "iterations": 175,
        "saved_iterations": 175,
        "iteration_count_matches": true,
        "timed_iteration_history": false,
        "field_relative_difference": 2.7636382966192235e-12,
        "spd_residual_difference_bound": 3.135853366079054e-06
      },
      {
        "intervals": 64,
        "case": 10,
        "method": "cg_identity_plain_rtol1e-04",
        "iterations": 135,
        "saved_iterations": 135,
        "iteration_count_matches": true,
        "timed_iteration_history": false,
        "field_relative_difference": 3.0037197790404525e-10,
        "spd_residual_difference_bound": 0.00034880177307231703
      },
      {
        "intervals": 64,
        "case": 10,
        "method": "cg_identity_rtol1e-06",
        "iterations": 175,
        "saved_iterations": 175,
        "iteration_count_matches": true,
        "timed_iteration_history": true,
        "field_relative_difference": 2.7636382966192235e-12,
        "spd_residual_difference_bound": 3.135853366079054e-06
      },
      {
        "intervals": 64,
        "case": 10,
        "method": "cg_identity_plain_rtol1e-02",
        "iterations": 80,
        "saved_iterations": 80,
        "iteration_count_matches": true,
        "timed_iteration_history": false,
        "field_relative_difference": 3.23085297856521e-08,
        "spd_residual_difference_bound": 0.03402566858524835
      },
      {
        "intervals": 64,
        "case": 11,
        "method": "cg_identity_rtol1e-02",
        "iterations": 80,
        "saved_iterations": 80,
        "iteration_count_matches": true,
        "timed_iteration_history": true,
        "field_relative_difference": 1.5665773763583175e-08,
        "spd_residual_difference_bound": 0.029512068763406157
      },
      {
        "intervals": 64,
        "case": 11,
        "method": "cg_identity_plain_rtol1e-04",
        "iterations": 134,
        "saved_iterations": 134,
        "iteration_count_matches": true,
        "timed_iteration_history": false,
        "field_relative_difference": 1.8290206735060052e-10,
        "spd_residual_difference_bound": 0.00030668228856730337
      },
      {
        "intervals": 64,
        "case": 11,
        "method": "cg_identity_rtol1e-04",
        "iterations": 134,
        "saved_iterations": 134,
        "iteration_count_matches": true,
        "timed_iteration_history": true,
        "field_relative_difference": 1.8290206735060052e-10,
        "spd_residual_difference_bound": 0.00030668228856730337
      },
      {
        "intervals": 64,
        "case": 11,
        "method": "cg_identity_plain_rtol1e-06",
        "iterations": 174,
        "saved_iterations": 174,
        "iteration_count_matches": true,
        "timed_iteration_history": false,
        "field_relative_difference": 1.7395112483686975e-12,
        "spd_residual_difference_bound": 3.150710409775855e-06
      },
      {
        "intervals": 64,
        "case": 11,
        "method": "cg_identity_rtol1e-06",
        "iterations": 174,
        "saved_iterations": 174,
        "iteration_count_matches": true,
        "timed_iteration_history": true,
        "field_relative_difference": 1.7395112483686975e-12,
        "spd_residual_difference_bound": 3.150710409775855e-06
      },
      {
        "intervals": 64,
        "case": 11,
        "method": "cg_identity_plain_rtol1e-02",
        "iterations": 80,
        "saved_iterations": 80,
        "iteration_count_matches": true,
        "timed_iteration_history": false,
        "field_relative_difference": 1.5665773763583175e-08,
        "spd_residual_difference_bound": 0.029512068763406157
      },
      {
        "intervals": 64,
        "case": 12,
        "method": "cg_identity_rtol1e-04",
        "iterations": 128,
        "saved_iterations": 128,
        "iteration_count_matches": true,
        "timed_iteration_history": true,
        "field_relative_difference": 3.522228270755522e-10,
        "spd_residual_difference_bound": 0.0003379878349562699
      },
      {
        "intervals": 64,
        "case": 12,
        "method": "cg_identity_plain_rtol1e-06",
        "iterations": 170,
        "saved_iterations": 170,
        "iteration_count_matches": true,
        "timed_iteration_history": false,
        "field_relative_difference": 3.814632001340401e-12,
        "spd_residual_difference_bound": 3.57951656001355e-06
      },
      {
        "intervals": 64,
        "case": 12,
        "method": "cg_identity_plain_rtol1e-04",
        "iterations": 128,
        "saved_iterations": 128,
        "iteration_count_matches": true,
        "timed_iteration_history": false,
        "field_relative_difference": 3.522228270755522e-10,
        "spd_residual_difference_bound": 0.0003379878349562699
      },
      {
        "intervals": 64,
        "case": 12,
        "method": "cg_identity_rtol1e-02",
        "iterations": 72,
        "saved_iterations": 72,
        "iteration_count_matches": true,
        "timed_iteration_history": true,
        "field_relative_difference": 3.4881126443991106e-08,
        "spd_residual_difference_bound": 0.0341803670649216
      },
      {
        "intervals": 64,
        "case": 12,
        "method": "cg_identity_plain_rtol1e-02",
        "iterations": 72,
        "saved_iterations": 72,
        "iteration_count_matches": true,
        "timed_iteration_history": false,
        "field_relative_difference": 3.4881126443991106e-08,
        "spd_residual_difference_bound": 0.0341803670649216
      },
      {
        "intervals": 64,
        "case": 12,
        "method": "cg_identity_rtol1e-06",
        "iterations": 170,
        "saved_iterations": 170,
        "iteration_count_matches": true,
        "timed_iteration_history": true,
        "field_relative_difference": 3.814632001340401e-12,
        "spd_residual_difference_bound": 3.57951656001355e-06
      },
      {
        "intervals": 64,
        "case": 13,
        "method": "cg_identity_rtol1e-04",
        "iterations": 134,
        "saved_iterations": 134,
        "iteration_count_matches": true,
        "timed_iteration_history": true,
        "field_relative_difference": 5.91888355392318e-11,
        "spd_residual_difference_bound": 0.00026700923280010755
      },
      {
        "intervals": 64,
        "case": 13,
        "method": "cg_identity_rtol1e-02",
        "iterations": 80,
        "saved_iterations": 80,
        "iteration_count_matches": true,
        "timed_iteration_history": true,
        "field_relative_difference": 5.179270893154296e-09,
        "spd_residual_difference_bound": 0.02636494836649848
      },
      {
        "intervals": 64,
        "case": 13,
        "method": "cg_identity_plain_rtol1e-02",
        "iterations": 80,
        "saved_iterations": 80,
        "iteration_count_matches": true,
        "timed_iteration_history": false,
        "field_relative_difference": 5.179270893154296e-09,
        "spd_residual_difference_bound": 0.02636494836649848
      },
      {
        "intervals": 64,
        "case": 13,
        "method": "cg_identity_rtol1e-06",
        "iterations": 173,
        "saved_iterations": 173,
        "iteration_count_matches": true,
        "timed_iteration_history": true,
        "field_relative_difference": 6.473796782144914e-13,
        "spd_residual_difference_bound": 2.730960020637411e-06
      },
      {
        "intervals": 64,
        "case": 13,
        "method": "cg_identity_plain_rtol1e-04",
        "iterations": 134,
        "saved_iterations": 134,
        "iteration_count_matches": true,
        "timed_iteration_history": false,
        "field_relative_difference": 5.91888355392318e-11,
        "spd_residual_difference_bound": 0.00026700923280010755
      },
      {
        "intervals": 64,
        "case": 13,
        "method": "cg_identity_plain_rtol1e-06",
        "iterations": 173,
        "saved_iterations": 173,
        "iteration_count_matches": true,
        "timed_iteration_history": false,
        "field_relative_difference": 6.473796782144914e-13,
        "spd_residual_difference_bound": 2.730960020637411e-06
      },
      {
        "intervals": 64,
        "case": 14,
        "method": "cg_identity_plain_rtol1e-02",
        "iterations": 81,
        "saved_iterations": 81,
        "iteration_count_matches": true,
        "timed_iteration_history": false,
        "field_relative_difference": 3.7753855163464056e-08,
        "spd_residual_difference_bound": 0.03609198332184809
      },
      {
        "intervals": 64,
        "case": 14,
        "method": "cg_identity_rtol1e-02",
        "iterations": 81,
        "saved_iterations": 81,
        "iteration_count_matches": true,
        "timed_iteration_history": true,
        "field_relative_difference": 3.7753855163464056e-08,
        "spd_residual_difference_bound": 0.03609198332184809
      },
      {
        "intervals": 64,
        "case": 14,
        "method": "cg_identity_plain_rtol1e-06",
        "iterations": 176,
        "saved_iterations": 176,
        "iteration_count_matches": true,
        "timed_iteration_history": false,
        "field_relative_difference": 4.025686506587426e-12,
        "spd_residual_difference_bound": 3.6582136680950587e-06
      },
      {
        "intervals": 64,
        "case": 14,
        "method": "cg_identity_rtol1e-04",
        "iterations": 137,
        "saved_iterations": 137,
        "iteration_count_matches": true,
        "timed_iteration_history": true,
        "field_relative_difference": 3.465471137798231e-10,
        "spd_residual_difference_bound": 0.0003229375070099441
      },
      {
        "intervals": 64,
        "case": 14,
        "method": "cg_identity_plain_rtol1e-04",
        "iterations": 137,
        "saved_iterations": 137,
        "iteration_count_matches": true,
        "timed_iteration_history": false,
        "field_relative_difference": 3.465471137798231e-10,
        "spd_residual_difference_bound": 0.0003229375070099441
      },
      {
        "intervals": 64,
        "case": 14,
        "method": "cg_identity_rtol1e-06",
        "iterations": 176,
        "saved_iterations": 176,
        "iteration_count_matches": true,
        "timed_iteration_history": true,
        "field_relative_difference": 4.025686506587426e-12,
        "spd_residual_difference_bound": 3.6582136680950587e-06
      },
      {
        "intervals": 64,
        "case": 15,
        "method": "cg_identity_plain_rtol1e-04",
        "iterations": 138,
        "saved_iterations": 138,
        "iteration_count_matches": true,
        "timed_iteration_history": false,
        "field_relative_difference": 3.014811853347018e-10,
        "spd_residual_difference_bound": 0.00037007508343169204
      },
      {
        "intervals": 64,
        "case": 15,
        "method": "cg_identity_plain_rtol1e-02",
        "iterations": 84,
        "saved_iterations": 84,
        "iteration_count_matches": true,
        "timed_iteration_history": false,
        "field_relative_difference": 2.732652865275598e-08,
        "spd_residual_difference_bound": 0.03599536035288397
      },
      {
        "intervals": 64,
        "case": 15,
        "method": "cg_identity_rtol1e-06",
        "iterations": 185,
        "saved_iterations": 185,
        "iteration_count_matches": true,
        "timed_iteration_history": true,
        "field_relative_difference": 3.0763554648938234e-12,
        "spd_residual_difference_bound": 3.726897814930104e-06
      },
      {
        "intervals": 64,
        "case": 15,
        "method": "cg_identity_rtol1e-04",
        "iterations": 138,
        "saved_iterations": 138,
        "iteration_count_matches": true,
        "timed_iteration_history": true,
        "field_relative_difference": 3.014811853347018e-10,
        "spd_residual_difference_bound": 0.00037007508343169204
      },
      {
        "intervals": 64,
        "case": 15,
        "method": "cg_identity_plain_rtol1e-06",
        "iterations": 185,
        "saved_iterations": 185,
        "iteration_count_matches": true,
        "timed_iteration_history": false,
        "field_relative_difference": 3.0763554648938234e-12,
        "spd_residual_difference_bound": 3.726897814930104e-06
      },
      {
        "intervals": 64,
        "case": 15,
        "method": "cg_identity_rtol1e-02",
        "iterations": 84,
        "saved_iterations": 84,
        "iteration_count_matches": true,
        "timed_iteration_history": true,
        "field_relative_difference": 2.732652865275598e-08,
        "spd_residual_difference_bound": 0.03599536035288397
      },
      {
        "intervals": 64,
        "case": 16,
        "method": "cg_identity_plain_rtol1e-04",
        "iterations": 138,
        "saved_iterations": 138,
        "iteration_count_matches": true,
        "timed_iteration_history": false,
        "field_relative_difference": 5.177353124263293e-10,
        "spd_residual_difference_bound": 0.0004050765869937649
      },
      {
        "intervals": 64,
        "case": 16,
        "method": "cg_identity_rtol1e-04",
        "iterations": 138,
        "saved_iterations": 138,
        "iteration_count_matches": true,
        "timed_iteration_history": true,
        "field_relative_difference": 5.177353124263293e-10,
        "spd_residual_difference_bound": 0.0004050765869937649
      },
      {
        "intervals": 64,
        "case": 16,
        "method": "cg_identity_rtol1e-06",
        "iterations": 184,
        "saved_iterations": 184,
        "iteration_count_matches": true,
        "timed_iteration_history": true,
        "field_relative_difference": 4.690074586318224e-12,
        "spd_residual_difference_bound": 3.8202526086651814e-06
      },
      {
        "intervals": 64,
        "case": 16,
        "method": "cg_identity_plain_rtol1e-06",
        "iterations": 184,
        "saved_iterations": 184,
        "iteration_count_matches": true,
        "timed_iteration_history": false,
        "field_relative_difference": 4.690074586318224e-12,
        "spd_residual_difference_bound": 3.8202526086651814e-06
      },
      {
        "intervals": 64,
        "case": 16,
        "method": "cg_identity_rtol1e-02",
        "iterations": 83,
        "saved_iterations": 83,
        "iteration_count_matches": true,
        "timed_iteration_history": true,
        "field_relative_difference": 6.251833265965766e-08,
        "spd_residual_difference_bound": 0.04113747021800377
      },
      {
        "intervals": 64,
        "case": 16,
        "method": "cg_identity_plain_rtol1e-02",
        "iterations": 83,
        "saved_iterations": 83,
        "iteration_count_matches": true,
        "timed_iteration_history": false,
        "field_relative_difference": 6.251833265965766e-08,
        "spd_residual_difference_bound": 0.04113747021800377
      },
      {
        "intervals": 64,
        "case": 17,
        "method": "cg_identity_plain_rtol1e-06",
        "iterations": 169,
        "saved_iterations": 169,
        "iteration_count_matches": true,
        "timed_iteration_history": false,
        "field_relative_difference": 2.0139490865232417e-12,
        "spd_residual_difference_bound": 2.721435655819273e-06
      },
      {
        "intervals": 64,
        "case": 17,
        "method": "cg_identity_rtol1e-04",
        "iterations": 122,
        "saved_iterations": 122,
        "iteration_count_matches": true,
        "timed_iteration_history": true,
        "field_relative_difference": 1.763351167185766e-10,
        "spd_residual_difference_bound": 0.0002889107994470793
      },
      {
        "intervals": 64,
        "case": 17,
        "method": "cg_identity_plain_rtol1e-02",
        "iterations": 72,
        "saved_iterations": 72,
        "iteration_count_matches": true,
        "timed_iteration_history": false,
        "field_relative_difference": 1.7079763097382166e-08,
        "spd_residual_difference_bound": 0.027418610930105242
      },
      {
        "intervals": 64,
        "case": 17,
        "method": "cg_identity_rtol1e-02",
        "iterations": 72,
        "saved_iterations": 72,
        "iteration_count_matches": true,
        "timed_iteration_history": true,
        "field_relative_difference": 1.7079763097382166e-08,
        "spd_residual_difference_bound": 0.027418610930105242
      },
      {
        "intervals": 64,
        "case": 17,
        "method": "cg_identity_rtol1e-06",
        "iterations": 169,
        "saved_iterations": 169,
        "iteration_count_matches": true,
        "timed_iteration_history": true,
        "field_relative_difference": 2.0139490865232417e-12,
        "spd_residual_difference_bound": 2.721435655819273e-06
      },
      {
        "intervals": 64,
        "case": 17,
        "method": "cg_identity_plain_rtol1e-04",
        "iterations": 122,
        "saved_iterations": 122,
        "iteration_count_matches": true,
        "timed_iteration_history": false,
        "field_relative_difference": 1.763351167185766e-10,
        "spd_residual_difference_bound": 0.0002889107994470793
      },
      {
        "intervals": 64,
        "case": 18,
        "method": "cg_identity_rtol1e-06",
        "iterations": 172,
        "saved_iterations": 172,
        "iteration_count_matches": true,
        "timed_iteration_history": true,
        "field_relative_difference": 1.8855579339772295e-12,
        "spd_residual_difference_bound": 3.156857620878491e-06
      },
      {
        "intervals": 64,
        "case": 18,
        "method": "cg_identity_plain_rtol1e-06",
        "iterations": 172,
        "saved_iterations": 172,
        "iteration_count_matches": true,
        "timed_iteration_history": false,
        "field_relative_difference": 1.8855579339772295e-12,
        "spd_residual_difference_bound": 3.156857620878491e-06
      },
      {
        "intervals": 64,
        "case": 18,
        "method": "cg_identity_rtol1e-04",
        "iterations": 133,
        "saved_iterations": 133,
        "iteration_count_matches": true,
        "timed_iteration_history": true,
        "field_relative_difference": 1.632723257103144e-10,
        "spd_residual_difference_bound": 0.00028730792854772384
      },
      {
        "intervals": 64,
        "case": 18,
        "method": "cg_identity_rtol1e-02",
        "iterations": 76,
        "saved_iterations": 76,
        "iteration_count_matches": true,
        "timed_iteration_history": true,
        "field_relative_difference": 1.63946797189163e-08,
        "spd_residual_difference_bound": 0.03201635369585213
      },
      {
        "intervals": 64,
        "case": 18,
        "method": "cg_identity_plain_rtol1e-04",
        "iterations": 133,
        "saved_iterations": 133,
        "iteration_count_matches": true,
        "timed_iteration_history": false,
        "field_relative_difference": 1.632723257103144e-10,
        "spd_residual_difference_bound": 0.00028730792854772384
      },
      {
        "intervals": 64,
        "case": 18,
        "method": "cg_identity_plain_rtol1e-02",
        "iterations": 76,
        "saved_iterations": 76,
        "iteration_count_matches": true,
        "timed_iteration_history": false,
        "field_relative_difference": 1.63946797189163e-08,
        "spd_residual_difference_bound": 0.03201635369585213
      },
      {
        "intervals": 64,
        "case": 19,
        "method": "cg_identity_plain_rtol1e-06",
        "iterations": 182,
        "saved_iterations": 182,
        "iteration_count_matches": true,
        "timed_iteration_history": false,
        "field_relative_difference": 8.613615255866758e-13,
        "spd_residual_difference_bound": 2.9886112455269867e-06
      },
      {
        "intervals": 64,
        "case": 19,
        "method": "cg_identity_rtol1e-06",
        "iterations": 182,
        "saved_iterations": 182,
        "iteration_count_matches": true,
        "timed_iteration_history": true,
        "field_relative_difference": 8.613615255866758e-13,
        "spd_residual_difference_bound": 2.9886112455269867e-06
      },
      {
        "intervals": 64,
        "case": 19,
        "method": "cg_identity_rtol1e-04",
        "iterations": 137,
        "saved_iterations": 137,
        "iteration_count_matches": true,
        "timed_iteration_history": true,
        "field_relative_difference": 9.856648178547037e-11,
        "spd_residual_difference_bound": 0.0003095114051494206
      },
      {
        "intervals": 64,
        "case": 19,
        "method": "cg_identity_rtol1e-02",
        "iterations": 83,
        "saved_iterations": 83,
        "iteration_count_matches": true,
        "timed_iteration_history": true,
        "field_relative_difference": 9.008342620439125e-09,
        "spd_residual_difference_bound": 0.030557696046066316
      },
      {
        "intervals": 64,
        "case": 19,
        "method": "cg_identity_plain_rtol1e-02",
        "iterations": 83,
        "saved_iterations": 83,
        "iteration_count_matches": true,
        "timed_iteration_history": false,
        "field_relative_difference": 9.008342620439125e-09,
        "spd_residual_difference_bound": 0.030557696046066316
      },
      {
        "intervals": 64,
        "case": 19,
        "method": "cg_identity_plain_rtol1e-04",
        "iterations": 137,
        "saved_iterations": 137,
        "iteration_count_matches": true,
        "timed_iteration_history": false,
        "field_relative_difference": 9.856648178547037e-11,
        "spd_residual_difference_bound": 0.0003095114051494206
      },
      {
        "intervals": 64,
        "case": 20,
        "method": "cg_identity_plain_rtol1e-04",
        "iterations": 135,
        "saved_iterations": 135,
        "iteration_count_matches": true,
        "timed_iteration_history": false,
        "field_relative_difference": 1.0700440287764866e-10,
        "spd_residual_difference_bound": 0.0002856826383816794
      },
      {
        "intervals": 64,
        "case": 20,
        "method": "cg_identity_plain_rtol1e-06",
        "iterations": 176,
        "saved_iterations": 176,
        "iteration_count_matches": true,
        "timed_iteration_history": false,
        "field_relative_difference": 1.024768691761422e-12,
        "spd_residual_difference_bound": 3.0231112966810935e-06
      },
      {
        "intervals": 64,
        "case": 20,
        "method": "cg_identity_rtol1e-02",
        "iterations": 82,
        "saved_iterations": 82,
        "iteration_count_matches": true,
        "timed_iteration_history": true,
        "field_relative_difference": 6.7486508717991466e-09,
        "spd_residual_difference_bound": 0.028809415135582765
      },
      {
        "intervals": 64,
        "case": 20,
        "method": "cg_identity_rtol1e-04",
        "iterations": 135,
        "saved_iterations": 135,
        "iteration_count_matches": true,
        "timed_iteration_history": true,
        "field_relative_difference": 1.0700440287764866e-10,
        "spd_residual_difference_bound": 0.0002856826383816794
      },
      {
        "intervals": 64,
        "case": 20,
        "method": "cg_identity_rtol1e-06",
        "iterations": 176,
        "saved_iterations": 176,
        "iteration_count_matches": true,
        "timed_iteration_history": true,
        "field_relative_difference": 1.024768691761422e-12,
        "spd_residual_difference_bound": 3.0231112966810935e-06
      },
      {
        "intervals": 64,
        "case": 20,
        "method": "cg_identity_plain_rtol1e-02",
        "iterations": 82,
        "saved_iterations": 82,
        "iteration_count_matches": true,
        "timed_iteration_history": false,
        "field_relative_difference": 6.7486508717991466e-09,
        "spd_residual_difference_bound": 0.028809415135582765
      },
      {
        "intervals": 64,
        "case": 21,
        "method": "cg_identity_rtol1e-04",
        "iterations": 134,
        "saved_iterations": 134,
        "iteration_count_matches": true,
        "timed_iteration_history": true,
        "field_relative_difference": 9.483990418751458e-11,
        "spd_residual_difference_bound": 0.00027390981604593387
      },
      {
        "intervals": 64,
        "case": 21,
        "method": "cg_identity_rtol1e-02",
        "iterations": 79,
        "saved_iterations": 79,
        "iteration_count_matches": true,
        "timed_iteration_history": true,
        "field_relative_difference": 9.037941497935396e-09,
        "spd_residual_difference_bound": 0.028035495757496028
      },
      {
        "intervals": 64,
        "case": 21,
        "method": "cg_identity_rtol1e-06",
        "iterations": 173,
        "saved_iterations": 173,
        "iteration_count_matches": true,
        "timed_iteration_history": true,
        "field_relative_difference": 1.0134276694902957e-12,
        "spd_residual_difference_bound": 2.8289849211549776e-06
      },
      {
        "intervals": 64,
        "case": 21,
        "method": "cg_identity_plain_rtol1e-02",
        "iterations": 79,
        "saved_iterations": 79,
        "iteration_count_matches": true,
        "timed_iteration_history": false,
        "field_relative_difference": 9.037941497935396e-09,
        "spd_residual_difference_bound": 0.028035495757496028
      },
      {
        "intervals": 64,
        "case": 21,
        "method": "cg_identity_plain_rtol1e-04",
        "iterations": 134,
        "saved_iterations": 134,
        "iteration_count_matches": true,
        "timed_iteration_history": false,
        "field_relative_difference": 9.483990418751458e-11,
        "spd_residual_difference_bound": 0.00027390981604593387
      },
      {
        "intervals": 64,
        "case": 21,
        "method": "cg_identity_plain_rtol1e-06",
        "iterations": 173,
        "saved_iterations": 173,
        "iteration_count_matches": true,
        "timed_iteration_history": false,
        "field_relative_difference": 1.0134276694902957e-12,
        "spd_residual_difference_bound": 2.8289849211549776e-06
      },
      {
        "intervals": 64,
        "case": 22,
        "method": "cg_identity_plain_rtol1e-06",
        "iterations": 172,
        "saved_iterations": 172,
        "iteration_count_matches": true,
        "timed_iteration_history": false,
        "field_relative_difference": 7.737938407156075e-13,
        "spd_residual_difference_bound": 2.8247357982176357e-06
      },
      {
        "intervals": 64,
        "case": 22,
        "method": "cg_identity_rtol1e-02",
        "iterations": 78,
        "saved_iterations": 78,
        "iteration_count_matches": true,
        "timed_iteration_history": true,
        "field_relative_difference": 6.545323473360473e-09,
        "spd_residual_difference_bound": 0.028157833548111435
      },
      {
        "intervals": 64,
        "case": 22,
        "method": "cg_identity_rtol1e-04",
        "iterations": 132,
        "saved_iterations": 132,
        "iteration_count_matches": true,
        "timed_iteration_history": true,
        "field_relative_difference": 6.921503741000382e-11,
        "spd_residual_difference_bound": 0.0002845079339564717
      },
      {
        "intervals": 64,
        "case": 22,
        "method": "cg_identity_plain_rtol1e-02",
        "iterations": 78,
        "saved_iterations": 78,
        "iteration_count_matches": true,
        "timed_iteration_history": false,
        "field_relative_difference": 6.545323473360473e-09,
        "spd_residual_difference_bound": 0.028157833548111435
      },
      {
        "intervals": 64,
        "case": 22,
        "method": "cg_identity_rtol1e-06",
        "iterations": 172,
        "saved_iterations": 172,
        "iteration_count_matches": true,
        "timed_iteration_history": true,
        "field_relative_difference": 7.737938407156075e-13,
        "spd_residual_difference_bound": 2.8247357982176357e-06
      },
      {
        "intervals": 64,
        "case": 22,
        "method": "cg_identity_plain_rtol1e-04",
        "iterations": 132,
        "saved_iterations": 132,
        "iteration_count_matches": true,
        "timed_iteration_history": false,
        "field_relative_difference": 6.921503741000382e-11,
        "spd_residual_difference_bound": 0.0002845079339564717
      },
      {
        "intervals": 64,
        "case": 23,
        "method": "cg_identity_plain_rtol1e-06",
        "iterations": 174,
        "saved_iterations": 174,
        "iteration_count_matches": true,
        "timed_iteration_history": false,
        "field_relative_difference": 2.848138023602309e-12,
        "spd_residual_difference_bound": 3.2726156504188676e-06
      },
      {
        "intervals": 64,
        "case": 23,
        "method": "cg_identity_rtol1e-04",
        "iterations": 133,
        "saved_iterations": 133,
        "iteration_count_matches": true,
        "timed_iteration_history": true,
        "field_relative_difference": 2.8951618968236527e-10,
        "spd_residual_difference_bound": 0.00034380573804280545
      },
      {
        "intervals": 64,
        "case": 23,
        "method": "cg_identity_plain_rtol1e-04",
        "iterations": 133,
        "saved_iterations": 133,
        "iteration_count_matches": true,
        "timed_iteration_history": false,
        "field_relative_difference": 2.8951618968236527e-10,
        "spd_residual_difference_bound": 0.00034380573804280545
      },
      {
        "intervals": 64,
        "case": 23,
        "method": "cg_identity_rtol1e-06",
        "iterations": 174,
        "saved_iterations": 174,
        "iteration_count_matches": true,
        "timed_iteration_history": true,
        "field_relative_difference": 2.848138023602309e-12,
        "spd_residual_difference_bound": 3.2726156504188676e-06
      },
      {
        "intervals": 64,
        "case": 23,
        "method": "cg_identity_rtol1e-02",
        "iterations": 78,
        "saved_iterations": 78,
        "iteration_count_matches": true,
        "timed_iteration_history": true,
        "field_relative_difference": 2.9802000706581856e-08,
        "spd_residual_difference_bound": 0.03463146109200133
      },
      {
        "intervals": 64,
        "case": 23,
        "method": "cg_identity_plain_rtol1e-02",
        "iterations": 78,
        "saved_iterations": 78,
        "iteration_count_matches": true,
        "timed_iteration_history": false,
        "field_relative_difference": 2.9802000706581856e-08,
        "spd_residual_difference_bound": 0.03463146109200133
      },
      {
        "intervals": 64,
        "case": 24,
        "method": "cg_identity_rtol1e-02",
        "iterations": 77,
        "saved_iterations": 77,
        "iteration_count_matches": true,
        "timed_iteration_history": true,
        "field_relative_difference": 2.46223067892483e-08,
        "spd_residual_difference_bound": 0.032101943992285734
      },
      {
        "intervals": 64,
        "case": 24,
        "method": "cg_identity_plain_rtol1e-04",
        "iterations": 133,
        "saved_iterations": 133,
        "iteration_count_matches": true,
        "timed_iteration_history": false,
        "field_relative_difference": 2.2908100933460503e-10,
        "spd_residual_difference_bound": 0.0003136217586828299
      },
      {
        "intervals": 64,
        "case": 24,
        "method": "cg_identity_rtol1e-04",
        "iterations": 133,
        "saved_iterations": 133,
        "iteration_count_matches": true,
        "timed_iteration_history": true,
        "field_relative_difference": 2.2908100933460503e-10,
        "spd_residual_difference_bound": 0.0003136217586828299
      },
      {
        "intervals": 64,
        "case": 24,
        "method": "cg_identity_rtol1e-06",
        "iterations": 173,
        "saved_iterations": 173,
        "iteration_count_matches": true,
        "timed_iteration_history": true,
        "field_relative_difference": 2.3437366866966594e-12,
        "spd_residual_difference_bound": 3.0699071682969293e-06
      },
      {
        "intervals": 64,
        "case": 24,
        "method": "cg_identity_plain_rtol1e-06",
        "iterations": 173,
        "saved_iterations": 173,
        "iteration_count_matches": true,
        "timed_iteration_history": false,
        "field_relative_difference": 2.3437366866966594e-12,
        "spd_residual_difference_bound": 3.0699071682969293e-06
      },
      {
        "intervals": 64,
        "case": 24,
        "method": "cg_identity_plain_rtol1e-02",
        "iterations": 77,
        "saved_iterations": 77,
        "iteration_count_matches": true,
        "timed_iteration_history": false,
        "field_relative_difference": 2.46223067892483e-08,
        "spd_residual_difference_bound": 0.032101943992285734
      },
      {
        "intervals": 64,
        "case": 25,
        "method": "cg_identity_plain_rtol1e-02",
        "iterations": 77,
        "saved_iterations": 77,
        "iteration_count_matches": true,
        "timed_iteration_history": false,
        "field_relative_difference": 1.080846618320633e-08,
        "spd_residual_difference_bound": 0.028429678880556013
      },
      {
        "intervals": 64,
        "case": 25,
        "method": "cg_identity_rtol1e-04",
        "iterations": 132,
        "saved_iterations": 132,
        "iteration_count_matches": true,
        "timed_iteration_history": true,
        "field_relative_difference": 9.164315715264721e-11,
        "spd_residual_difference_bound": 0.0002709175725288793
      },
      {
        "intervals": 64,
        "case": 25,
        "method": "cg_identity_plain_rtol1e-04",
        "iterations": 132,
        "saved_iterations": 132,
        "iteration_count_matches": true,
        "timed_iteration_history": false,
        "field_relative_difference": 9.164315715264721e-11,
        "spd_residual_difference_bound": 0.0002709175725288793
      },
      {
        "intervals": 64,
        "case": 25,
        "method": "cg_identity_plain_rtol1e-06",
        "iterations": 173,
        "saved_iterations": 173,
        "iteration_count_matches": true,
        "timed_iteration_history": false,
        "field_relative_difference": 9.783143061742267e-13,
        "spd_residual_difference_bound": 2.803008944446835e-06
      },
      {
        "intervals": 64,
        "case": 25,
        "method": "cg_identity_rtol1e-02",
        "iterations": 77,
        "saved_iterations": 77,
        "iteration_count_matches": true,
        "timed_iteration_history": true,
        "field_relative_difference": 1.080846618320633e-08,
        "spd_residual_difference_bound": 0.028429678880556013
      },
      {
        "intervals": 64,
        "case": 25,
        "method": "cg_identity_rtol1e-06",
        "iterations": 173,
        "saved_iterations": 173,
        "iteration_count_matches": true,
        "timed_iteration_history": true,
        "field_relative_difference": 9.783143061742267e-13,
        "spd_residual_difference_bound": 2.803008944446835e-06
      },
      {
        "intervals": 64,
        "case": 26,
        "method": "cg_identity_plain_rtol1e-06",
        "iterations": 176,
        "saved_iterations": 176,
        "iteration_count_matches": true,
        "timed_iteration_history": false,
        "field_relative_difference": 6.359275615676784e-13,
        "spd_residual_difference_bound": 2.7543311965828786e-06
      },
      {
        "intervals": 64,
        "case": 26,
        "method": "cg_identity_rtol1e-06",
        "iterations": 176,
        "saved_iterations": 176,
        "iteration_count_matches": true,
        "timed_iteration_history": true,
        "field_relative_difference": 6.359275615676784e-13,
        "spd_residual_difference_bound": 2.7543311965828786e-06
      },
      {
        "intervals": 64,
        "case": 26,
        "method": "cg_identity_rtol1e-02",
        "iterations": 80,
        "saved_iterations": 80,
        "iteration_count_matches": true,
        "timed_iteration_history": true,
        "field_relative_difference": 6.118459718652352e-09,
        "spd_residual_difference_bound": 0.025984403576503064
      },
      {
        "intervals": 64,
        "case": 26,
        "method": "cg_identity_rtol1e-04",
        "iterations": 134,
        "saved_iterations": 134,
        "iteration_count_matches": true,
        "timed_iteration_history": true,
        "field_relative_difference": 7.564207163222816e-11,
        "spd_residual_difference_bound": 0.0002765037335787855
      },
      {
        "intervals": 64,
        "case": 26,
        "method": "cg_identity_plain_rtol1e-02",
        "iterations": 80,
        "saved_iterations": 80,
        "iteration_count_matches": true,
        "timed_iteration_history": false,
        "field_relative_difference": 6.118459718652352e-09,
        "spd_residual_difference_bound": 0.025984403576503064
      },
      {
        "intervals": 64,
        "case": 26,
        "method": "cg_identity_plain_rtol1e-04",
        "iterations": 134,
        "saved_iterations": 134,
        "iteration_count_matches": true,
        "timed_iteration_history": false,
        "field_relative_difference": 7.564207163222816e-11,
        "spd_residual_difference_bound": 0.0002765037335787855
      },
      {
        "intervals": 64,
        "case": 27,
        "method": "cg_identity_plain_rtol1e-04",
        "iterations": 133,
        "saved_iterations": 133,
        "iteration_count_matches": true,
        "timed_iteration_history": false,
        "field_relative_difference": 4.581059166378277e-10,
        "spd_residual_difference_bound": 0.00038871077135882345
      },
      {
        "intervals": 64,
        "case": 27,
        "method": "cg_identity_plain_rtol1e-02",
        "iterations": 77,
        "saved_iterations": 77,
        "iteration_count_matches": true,
        "timed_iteration_history": false,
        "field_relative_difference": 4.798612261914279e-08,
        "spd_residual_difference_bound": 0.03831755951810106
      },
      {
        "intervals": 64,
        "case": 27,
        "method": "cg_identity_rtol1e-02",
        "iterations": 77,
        "saved_iterations": 77,
        "iteration_count_matches": true,
        "timed_iteration_history": true,
        "field_relative_difference": 4.798612261914279e-08,
        "spd_residual_difference_bound": 0.03831755951810106
      },
      {
        "intervals": 64,
        "case": 27,
        "method": "cg_identity_rtol1e-06",
        "iterations": 174,
        "saved_iterations": 174,
        "iteration_count_matches": true,
        "timed_iteration_history": true,
        "field_relative_difference": 4.2881132732062325e-12,
        "spd_residual_difference_bound": 3.611350446528226e-06
      },
      {
        "intervals": 64,
        "case": 27,
        "method": "cg_identity_plain_rtol1e-06",
        "iterations": 174,
        "saved_iterations": 174,
        "iteration_count_matches": true,
        "timed_iteration_history": false,
        "field_relative_difference": 4.2881132732062325e-12,
        "spd_residual_difference_bound": 3.611350446528226e-06
      },
      {
        "intervals": 64,
        "case": 27,
        "method": "cg_identity_rtol1e-04",
        "iterations": 133,
        "saved_iterations": 133,
        "iteration_count_matches": true,
        "timed_iteration_history": true,
        "field_relative_difference": 4.581059166378277e-10,
        "spd_residual_difference_bound": 0.00038871077135882345
      },
      {
        "intervals": 64,
        "case": 28,
        "method": "cg_identity_plain_rtol1e-06",
        "iterations": 174,
        "saved_iterations": 174,
        "iteration_count_matches": true,
        "timed_iteration_history": false,
        "field_relative_difference": 4.852505011443551e-12,
        "spd_residual_difference_bound": 3.422905718595834e-06
      },
      {
        "intervals": 64,
        "case": 28,
        "method": "cg_identity_plain_rtol1e-02",
        "iterations": 78,
        "saved_iterations": 78,
        "iteration_count_matches": true,
        "timed_iteration_history": false,
        "field_relative_difference": 3.8662546315956234e-08,
        "spd_residual_difference_bound": 0.03537511922814941
      },
      {
        "intervals": 64,
        "case": 28,
        "method": "cg_identity_rtol1e-02",
        "iterations": 78,
        "saved_iterations": 78,
        "iteration_count_matches": true,
        "timed_iteration_history": true,
        "field_relative_difference": 3.8662546315956234e-08,
        "spd_residual_difference_bound": 0.03537511922814941
      },
      {
        "intervals": 64,
        "case": 28,
        "method": "cg_identity_plain_rtol1e-04",
        "iterations": 134,
        "saved_iterations": 134,
        "iteration_count_matches": true,
        "timed_iteration_history": false,
        "field_relative_difference": 4.022926984893539e-10,
        "spd_residual_difference_bound": 0.0003461663642790096
      },
      {
        "intervals": 64,
        "case": 28,
        "method": "cg_identity_rtol1e-06",
        "iterations": 174,
        "saved_iterations": 174,
        "iteration_count_matches": true,
        "timed_iteration_history": true,
        "field_relative_difference": 4.852505011443551e-12,
        "spd_residual_difference_bound": 3.422905718595834e-06
      },
      {
        "intervals": 64,
        "case": 28,
        "method": "cg_identity_rtol1e-04",
        "iterations": 134,
        "saved_iterations": 134,
        "iteration_count_matches": true,
        "timed_iteration_history": true,
        "field_relative_difference": 4.022926984893539e-10,
        "spd_residual_difference_bound": 0.0003461663642790096
      },
      {
        "intervals": 64,
        "case": 29,
        "method": "cg_identity_plain_rtol1e-06",
        "iterations": 175,
        "saved_iterations": 175,
        "iteration_count_matches": true,
        "timed_iteration_history": false,
        "field_relative_difference": 2.8704588386851636e-12,
        "spd_residual_difference_bound": 3.0820935757869963e-06
      },
      {
        "intervals": 64,
        "case": 29,
        "method": "cg_identity_plain_rtol1e-04",
        "iterations": 134,
        "saved_iterations": 134,
        "iteration_count_matches": true,
        "timed_iteration_history": false,
        "field_relative_difference": 2.8331755608771767e-10,
        "spd_residual_difference_bound": 0.0003214430404572278
      },
      {
        "intervals": 64,
        "case": 29,
        "method": "cg_identity_rtol1e-06",
        "iterations": 175,
        "saved_iterations": 175,
        "iteration_count_matches": true,
        "timed_iteration_history": true,
        "field_relative_difference": 2.8704588386851636e-12,
        "spd_residual_difference_bound": 3.0820935757869963e-06
      },
      {
        "intervals": 64,
        "case": 29,
        "method": "cg_identity_plain_rtol1e-02",
        "iterations": 78,
        "saved_iterations": 78,
        "iteration_count_matches": true,
        "timed_iteration_history": false,
        "field_relative_difference": 2.9609309240963288e-08,
        "spd_residual_difference_bound": 0.033627223685751176
      },
      {
        "intervals": 64,
        "case": 29,
        "method": "cg_identity_rtol1e-02",
        "iterations": 78,
        "saved_iterations": 78,
        "iteration_count_matches": true,
        "timed_iteration_history": true,
        "field_relative_difference": 2.9609309240963288e-08,
        "spd_residual_difference_bound": 0.033627223685751176
      },
      {
        "intervals": 64,
        "case": 29,
        "method": "cg_identity_rtol1e-04",
        "iterations": 134,
        "saved_iterations": 134,
        "iteration_count_matches": true,
        "timed_iteration_history": true,
        "field_relative_difference": 2.8331755608771767e-10,
        "spd_residual_difference_bound": 0.0003214430404572278
      },
      {
        "intervals": 64,
        "case": 30,
        "method": "cg_identity_rtol1e-06",
        "iterations": 183,
        "saved_iterations": 183,
        "iteration_count_matches": true,
        "timed_iteration_history": true,
        "field_relative_difference": 1.052903571197202e-12,
        "spd_residual_difference_bound": 3.0538132785145746e-06
      },
      {
        "intervals": 64,
        "case": 30,
        "method": "cg_identity_plain_rtol1e-04",
        "iterations": 137,
        "saved_iterations": 137,
        "iteration_count_matches": true,
        "timed_iteration_history": false,
        "field_relative_difference": 1.7819831266993505e-10,
        "spd_residual_difference_bound": 0.00032863007863478537
      },
      {
        "intervals": 64,
        "case": 30,
        "method": "cg_identity_rtol1e-04",
        "iterations": 137,
        "saved_iterations": 137,
        "iteration_count_matches": true,
        "timed_iteration_history": true,
        "field_relative_difference": 1.7819831266993505e-10,
        "spd_residual_difference_bound": 0.00032863007863478537
      },
      {
        "intervals": 64,
        "case": 30,
        "method": "cg_identity_plain_rtol1e-06",
        "iterations": 183,
        "saved_iterations": 183,
        "iteration_count_matches": true,
        "timed_iteration_history": false,
        "field_relative_difference": 1.052903571197202e-12,
        "spd_residual_difference_bound": 3.0538132785145746e-06
      },
      {
        "intervals": 64,
        "case": 30,
        "method": "cg_identity_plain_rtol1e-02",
        "iterations": 83,
        "saved_iterations": 83,
        "iteration_count_matches": true,
        "timed_iteration_history": false,
        "field_relative_difference": 1.2816542724544386e-08,
        "spd_residual_difference_bound": 0.03211997373411581
      },
      {
        "intervals": 64,
        "case": 30,
        "method": "cg_identity_rtol1e-02",
        "iterations": 83,
        "saved_iterations": 83,
        "iteration_count_matches": true,
        "timed_iteration_history": true,
        "field_relative_difference": 1.2816542724544386e-08,
        "spd_residual_difference_bound": 0.03211997373411581
      },
      {
        "intervals": 64,
        "case": 31,
        "method": "cg_identity_rtol1e-02",
        "iterations": 75,
        "saved_iterations": 75,
        "iteration_count_matches": true,
        "timed_iteration_history": true,
        "field_relative_difference": 2.8499224211111164e-08,
        "spd_residual_difference_bound": 0.032922312813050865
      },
      {
        "intervals": 64,
        "case": 31,
        "method": "cg_identity_rtol1e-06",
        "iterations": 172,
        "saved_iterations": 172,
        "iteration_count_matches": true,
        "timed_iteration_history": true,
        "field_relative_difference": 2.6646359857431657e-12,
        "spd_residual_difference_bound": 3.0506655587392337e-06
      },
      {
        "intervals": 64,
        "case": 31,
        "method": "cg_identity_rtol1e-04",
        "iterations": 132,
        "saved_iterations": 132,
        "iteration_count_matches": true,
        "timed_iteration_history": true,
        "field_relative_difference": 2.684861522647481e-10,
        "spd_residual_difference_bound": 0.00031539291456396894
      },
      {
        "intervals": 64,
        "case": 31,
        "method": "cg_identity_plain_rtol1e-02",
        "iterations": 75,
        "saved_iterations": 75,
        "iteration_count_matches": true,
        "timed_iteration_history": false,
        "field_relative_difference": 2.8499224211111164e-08,
        "spd_residual_difference_bound": 0.032922312813050865
      },
      {
        "intervals": 64,
        "case": 31,
        "method": "cg_identity_plain_rtol1e-06",
        "iterations": 172,
        "saved_iterations": 172,
        "iteration_count_matches": true,
        "timed_iteration_history": false,
        "field_relative_difference": 2.6646359857431657e-12,
        "spd_residual_difference_bound": 3.0506655587392337e-06
      },
      {
        "intervals": 64,
        "case": 31,
        "method": "cg_identity_plain_rtol1e-04",
        "iterations": 132,
        "saved_iterations": 132,
        "iteration_count_matches": true,
        "timed_iteration_history": false,
        "field_relative_difference": 2.684861522647481e-10,
        "spd_residual_difference_bound": 0.00031539291456396894
      },
      {
        "intervals": 64,
        "case": 32,
        "method": "cg_identity_plain_rtol1e-04",
        "iterations": 134,
        "saved_iterations": 134,
        "iteration_count_matches": true,
        "timed_iteration_history": false,
        "field_relative_difference": 6.399138902941616e-11,
        "spd_residual_difference_bound": 0.00027164858982289136
      },
      {
        "intervals": 64,
        "case": 32,
        "method": "cg_identity_plain_rtol1e-06",
        "iterations": 175,
        "saved_iterations": 175,
        "iteration_count_matches": true,
        "timed_iteration_history": false,
        "field_relative_difference": 6.526618593826441e-13,
        "spd_residual_difference_bound": 2.821667728107976e-06
      },
      {
        "intervals": 64,
        "case": 32,
        "method": "cg_identity_plain_rtol1e-02",
        "iterations": 79,
        "saved_iterations": 79,
        "iteration_count_matches": true,
        "timed_iteration_history": false,
        "field_relative_difference": 6.0848590600013135e-09,
        "spd_residual_difference_bound": 0.02878440725034961
      },
      {
        "intervals": 64,
        "case": 32,
        "method": "cg_identity_rtol1e-02",
        "iterations": 79,
        "saved_iterations": 79,
        "iteration_count_matches": true,
        "timed_iteration_history": true,
        "field_relative_difference": 6.0848590600013135e-09,
        "spd_residual_difference_bound": 0.02878440725034961
      },
      {
        "intervals": 64,
        "case": 32,
        "method": "cg_identity_rtol1e-06",
        "iterations": 175,
        "saved_iterations": 175,
        "iteration_count_matches": true,
        "timed_iteration_history": true,
        "field_relative_difference": 6.526618593826441e-13,
        "spd_residual_difference_bound": 2.821667728107976e-06
      },
      {
        "intervals": 64,
        "case": 32,
        "method": "cg_identity_rtol1e-04",
        "iterations": 134,
        "saved_iterations": 134,
        "iteration_count_matches": true,
        "timed_iteration_history": true,
        "field_relative_difference": 6.399138902941616e-11,
        "spd_residual_difference_bound": 0.00027164858982289136
      },
      {
        "intervals": 64,
        "case": 33,
        "method": "cg_identity_plain_rtol1e-02",
        "iterations": 82,
        "saved_iterations": 82,
        "iteration_count_matches": true,
        "timed_iteration_history": false,
        "field_relative_difference": 1.897672566206638e-08,
        "spd_residual_difference_bound": 0.03275608110328646
      },
      {
        "intervals": 64,
        "case": 33,
        "method": "cg_identity_rtol1e-06",
        "iterations": 181,
        "saved_iterations": 181,
        "iteration_count_matches": true,
        "timed_iteration_history": true,
        "field_relative_difference": 2.011138045818467e-12,
        "spd_residual_difference_bound": 3.209862543442041e-06
      },
      {
        "intervals": 64,
        "case": 33,
        "method": "cg_identity_rtol1e-04",
        "iterations": 137,
        "saved_iterations": 137,
        "iteration_count_matches": true,
        "timed_iteration_history": true,
        "field_relative_difference": 1.9153071606465376e-10,
        "spd_residual_difference_bound": 0.0003161288822087043
      },
      {
        "intervals": 64,
        "case": 33,
        "method": "cg_identity_plain_rtol1e-06",
        "iterations": 181,
        "saved_iterations": 181,
        "iteration_count_matches": true,
        "timed_iteration_history": false,
        "field_relative_difference": 2.011138045818467e-12,
        "spd_residual_difference_bound": 3.209862543442041e-06
      },
      {
        "intervals": 64,
        "case": 33,
        "method": "cg_identity_plain_rtol1e-04",
        "iterations": 137,
        "saved_iterations": 137,
        "iteration_count_matches": true,
        "timed_iteration_history": false,
        "field_relative_difference": 1.9153071606465376e-10,
        "spd_residual_difference_bound": 0.0003161288822087043
      },
      {
        "intervals": 64,
        "case": 33,
        "method": "cg_identity_rtol1e-02",
        "iterations": 82,
        "saved_iterations": 82,
        "iteration_count_matches": true,
        "timed_iteration_history": true,
        "field_relative_difference": 1.897672566206638e-08,
        "spd_residual_difference_bound": 0.03275608110328646
      },
      {
        "intervals": 64,
        "case": 34,
        "method": "cg_identity_rtol1e-02",
        "iterations": 79,
        "saved_iterations": 79,
        "iteration_count_matches": true,
        "timed_iteration_history": true,
        "field_relative_difference": 2.4592914131817745e-08,
        "spd_residual_difference_bound": 0.03323099658822894
      },
      {
        "intervals": 64,
        "case": 34,
        "method": "cg_identity_plain_rtol1e-04",
        "iterations": 135,
        "saved_iterations": 135,
        "iteration_count_matches": true,
        "timed_iteration_history": false,
        "field_relative_difference": 2.7560998429701107e-10,
        "spd_residual_difference_bound": 0.00032748185059076884
      },
      {
        "intervals": 64,
        "case": 34,
        "method": "cg_identity_rtol1e-06",
        "iterations": 176,
        "saved_iterations": 176,
        "iteration_count_matches": true,
        "timed_iteration_history": true,
        "field_relative_difference": 2.682983750699222e-12,
        "spd_residual_difference_bound": 3.141489532970277e-06
      },
      {
        "intervals": 64,
        "case": 34,
        "method": "cg_identity_plain_rtol1e-02",
        "iterations": 79,
        "saved_iterations": 79,
        "iteration_count_matches": true,
        "timed_iteration_history": false,
        "field_relative_difference": 2.4592914131817745e-08,
        "spd_residual_difference_bound": 0.03323099658822894
      },
      {
        "intervals": 64,
        "case": 34,
        "method": "cg_identity_plain_rtol1e-06",
        "iterations": 176,
        "saved_iterations": 176,
        "iteration_count_matches": true,
        "timed_iteration_history": false,
        "field_relative_difference": 2.682983750699222e-12,
        "spd_residual_difference_bound": 3.141489532970277e-06
      },
      {
        "intervals": 64,
        "case": 34,
        "method": "cg_identity_rtol1e-04",
        "iterations": 135,
        "saved_iterations": 135,
        "iteration_count_matches": true,
        "timed_iteration_history": true,
        "field_relative_difference": 2.7560998429701107e-10,
        "spd_residual_difference_bound": 0.00032748185059076884
      },
      {
        "intervals": 64,
        "case": 35,
        "method": "cg_identity_plain_rtol1e-04",
        "iterations": 126,
        "saved_iterations": 126,
        "iteration_count_matches": true,
        "timed_iteration_history": false,
        "field_relative_difference": 4.226221942493088e-10,
        "spd_residual_difference_bound": 0.000366231597465098
      },
      {
        "intervals": 64,
        "case": 35,
        "method": "cg_identity_rtol1e-06",
        "iterations": 170,
        "saved_iterations": 170,
        "iteration_count_matches": true,
        "timed_iteration_history": true,
        "field_relative_difference": 3.90613591070714e-12,
        "spd_residual_difference_bound": 3.3902928597401713e-06
      },
      {
        "intervals": 64,
        "case": 35,
        "method": "cg_identity_plain_rtol1e-06",
        "iterations": 170,
        "saved_iterations": 170,
        "iteration_count_matches": true,
        "timed_iteration_history": false,
        "field_relative_difference": 3.90613591070714e-12,
        "spd_residual_difference_bound": 3.3902928597401713e-06
      },
      {
        "intervals": 64,
        "case": 35,
        "method": "cg_identity_rtol1e-04",
        "iterations": 126,
        "saved_iterations": 126,
        "iteration_count_matches": true,
        "timed_iteration_history": true,
        "field_relative_difference": 4.226221942493088e-10,
        "spd_residual_difference_bound": 0.000366231597465098
      },
      {
        "intervals": 64,
        "case": 35,
        "method": "cg_identity_rtol1e-02",
        "iterations": 71,
        "saved_iterations": 71,
        "iteration_count_matches": true,
        "timed_iteration_history": true,
        "field_relative_difference": 3.8425185697370144e-08,
        "spd_residual_difference_bound": 0.03573555201171447
      },
      {
        "intervals": 64,
        "case": 35,
        "method": "cg_identity_plain_rtol1e-02",
        "iterations": 71,
        "saved_iterations": 71,
        "iteration_count_matches": true,
        "timed_iteration_history": false,
        "field_relative_difference": 3.8425185697370144e-08,
        "spd_residual_difference_bound": 0.03573555201171447
      },
      {
        "intervals": 64,
        "case": 36,
        "method": "cg_identity_plain_rtol1e-06",
        "iterations": 175,
        "saved_iterations": 175,
        "iteration_count_matches": true,
        "timed_iteration_history": false,
        "field_relative_difference": 3.0809032927449085e-12,
        "spd_residual_difference_bound": 3.286473623790084e-06
      },
      {
        "intervals": 64,
        "case": 36,
        "method": "cg_identity_rtol1e-02",
        "iterations": 80,
        "saved_iterations": 80,
        "iteration_count_matches": true,
        "timed_iteration_history": true,
        "field_relative_difference": 3.2181518073206e-08,
        "spd_residual_difference_bound": 0.034368818224175264
      },
      {
        "intervals": 64,
        "case": 36,
        "method": "cg_identity_rtol1e-04",
        "iterations": 136,
        "saved_iterations": 136,
        "iteration_count_matches": true,
        "timed_iteration_history": true,
        "field_relative_difference": 2.975300820958237e-10,
        "spd_residual_difference_bound": 0.00032435736071949025
      },
      {
        "intervals": 64,
        "case": 36,
        "method": "cg_identity_plain_rtol1e-04",
        "iterations": 136,
        "saved_iterations": 136,
        "iteration_count_matches": true,
        "timed_iteration_history": false,
        "field_relative_difference": 2.975300820958237e-10,
        "spd_residual_difference_bound": 0.00032435736071949025
      },
      {
        "intervals": 64,
        "case": 36,
        "method": "cg_identity_plain_rtol1e-02",
        "iterations": 80,
        "saved_iterations": 80,
        "iteration_count_matches": true,
        "timed_iteration_history": false,
        "field_relative_difference": 3.2181518073206e-08,
        "spd_residual_difference_bound": 0.034368818224175264
      },
      {
        "intervals": 64,
        "case": 36,
        "method": "cg_identity_rtol1e-06",
        "iterations": 175,
        "saved_iterations": 175,
        "iteration_count_matches": true,
        "timed_iteration_history": true,
        "field_relative_difference": 3.0809032927449085e-12,
        "spd_residual_difference_bound": 3.286473623790084e-06
      },
      {
        "intervals": 64,
        "case": 37,
        "method": "cg_identity_plain_rtol1e-02",
        "iterations": 82,
        "saved_iterations": 82,
        "iteration_count_matches": true,
        "timed_iteration_history": false,
        "field_relative_difference": 9.528935491410345e-09,
        "spd_residual_difference_bound": 0.03248447523311742
      },
      {
        "intervals": 64,
        "case": 37,
        "method": "cg_identity_rtol1e-02",
        "iterations": 82,
        "saved_iterations": 82,
        "iteration_count_matches": true,
        "timed_iteration_history": true,
        "field_relative_difference": 9.528935491410345e-09,
        "spd_residual_difference_bound": 0.03248447523311742
      },
      {
        "intervals": 64,
        "case": 37,
        "method": "cg_identity_plain_rtol1e-04",
        "iterations": 137,
        "saved_iterations": 137,
        "iteration_count_matches": true,
        "timed_iteration_history": false,
        "field_relative_difference": 9.744035994749199e-11,
        "spd_residual_difference_bound": 0.0003105406293763953
      },
      {
        "intervals": 64,
        "case": 37,
        "method": "cg_identity_plain_rtol1e-06",
        "iterations": 182,
        "saved_iterations": 182,
        "iteration_count_matches": true,
        "timed_iteration_history": false,
        "field_relative_difference": 1.009378966245349e-12,
        "spd_residual_difference_bound": 2.9502607794130942e-06
      },
      {
        "intervals": 64,
        "case": 37,
        "method": "cg_identity_rtol1e-06",
        "iterations": 182,
        "saved_iterations": 182,
        "iteration_count_matches": true,
        "timed_iteration_history": true,
        "field_relative_difference": 1.009378966245349e-12,
        "spd_residual_difference_bound": 2.9502607794130942e-06
      },
      {
        "intervals": 64,
        "case": 37,
        "method": "cg_identity_rtol1e-04",
        "iterations": 137,
        "saved_iterations": 137,
        "iteration_count_matches": true,
        "timed_iteration_history": true,
        "field_relative_difference": 9.744035994749199e-11,
        "spd_residual_difference_bound": 0.0003105406293763953
      },
      {
        "intervals": 64,
        "case": 38,
        "method": "cg_identity_rtol1e-06",
        "iterations": 180,
        "saved_iterations": 180,
        "iteration_count_matches": true,
        "timed_iteration_history": true,
        "field_relative_difference": 7.348406291250651e-13,
        "spd_residual_difference_bound": 2.803793571333603e-06
      },
      {
        "intervals": 64,
        "case": 38,
        "method": "cg_identity_rtol1e-04",
        "iterations": 135,
        "saved_iterations": 135,
        "iteration_count_matches": true,
        "timed_iteration_history": true,
        "field_relative_difference": 6.589713607310456e-11,
        "spd_residual_difference_bound": 0.00030203445452307794
      },
      {
        "intervals": 64,
        "case": 38,
        "method": "cg_identity_rtol1e-02",
        "iterations": 82,
        "saved_iterations": 82,
        "iteration_count_matches": true,
        "timed_iteration_history": true,
        "field_relative_difference": 6.485471912844989e-09,
        "spd_residual_difference_bound": 0.02998247621966973
      },
      {
        "intervals": 64,
        "case": 38,
        "method": "cg_identity_plain_rtol1e-04",
        "iterations": 135,
        "saved_iterations": 135,
        "iteration_count_matches": true,
        "timed_iteration_history": false,
        "field_relative_difference": 6.589713607310456e-11,
        "spd_residual_difference_bound": 0.00030203445452307794
      },
      {
        "intervals": 64,
        "case": 38,
        "method": "cg_identity_plain_rtol1e-02",
        "iterations": 82,
        "saved_iterations": 82,
        "iteration_count_matches": true,
        "timed_iteration_history": false,
        "field_relative_difference": 6.485471912844989e-09,
        "spd_residual_difference_bound": 0.02998247621966973
      },
      {
        "intervals": 64,
        "case": 38,
        "method": "cg_identity_plain_rtol1e-06",
        "iterations": 180,
        "saved_iterations": 180,
        "iteration_count_matches": true,
        "timed_iteration_history": false,
        "field_relative_difference": 7.348406291250651e-13,
        "spd_residual_difference_bound": 2.803793571333603e-06
      },
      {
        "intervals": 64,
        "case": 39,
        "method": "cg_identity_rtol1e-04",
        "iterations": 133,
        "saved_iterations": 133,
        "iteration_count_matches": true,
        "timed_iteration_history": true,
        "field_relative_difference": 2.827245547456457e-10,
        "spd_residual_difference_bound": 0.0003068657513076582
      },
      {
        "intervals": 64,
        "case": 39,
        "method": "cg_identity_rtol1e-06",
        "iterations": 173,
        "saved_iterations": 173,
        "iteration_count_matches": true,
        "timed_iteration_history": true,
        "field_relative_difference": 3.0824776240730135e-12,
        "spd_residual_difference_bound": 3.27819987379425e-06
      },
      {
        "intervals": 64,
        "case": 39,
        "method": "cg_identity_plain_rtol1e-04",
        "iterations": 133,
        "saved_iterations": 133,
        "iteration_count_matches": true,
        "timed_iteration_history": false,
        "field_relative_difference": 2.827245547456457e-10,
        "spd_residual_difference_bound": 0.0003068657513076582
      },
      {
        "intervals": 64,
        "case": 39,
        "method": "cg_identity_rtol1e-02",
        "iterations": 77,
        "saved_iterations": 77,
        "iteration_count_matches": true,
        "timed_iteration_history": true,
        "field_relative_difference": 2.6621468782367088e-08,
        "spd_residual_difference_bound": 0.03301480836704313
      },
      {
        "intervals": 64,
        "case": 39,
        "method": "cg_identity_plain_rtol1e-02",
        "iterations": 77,
        "saved_iterations": 77,
        "iteration_count_matches": true,
        "timed_iteration_history": false,
        "field_relative_difference": 2.6621468782367088e-08,
        "spd_residual_difference_bound": 0.03301480836704313
      },
      {
        "intervals": 64,
        "case": 39,
        "method": "cg_identity_plain_rtol1e-06",
        "iterations": 173,
        "saved_iterations": 173,
        "iteration_count_matches": true,
        "timed_iteration_history": false,
        "field_relative_difference": 3.0824776240730135e-12,
        "spd_residual_difference_bound": 3.27819987379425e-06
      },
      {
        "intervals": 64,
        "case": 40,
        "method": "cg_identity_rtol1e-02",
        "iterations": 80,
        "saved_iterations": 80,
        "iteration_count_matches": true,
        "timed_iteration_history": true,
        "field_relative_difference": 1.949331034027894e-08,
        "spd_residual_difference_bound": 0.0331854188159994
      },
      {
        "intervals": 64,
        "case": 40,
        "method": "cg_identity_plain_rtol1e-04",
        "iterations": 136,
        "saved_iterations": 136,
        "iteration_count_matches": true,
        "timed_iteration_history": false,
        "field_relative_difference": 1.8525568844484663e-10,
        "spd_residual_difference_bound": 0.00031913138867289596
      },
      {
        "intervals": 64,
        "case": 40,
        "method": "cg_identity_rtol1e-04",
        "iterations": 136,
        "saved_iterations": 136,
        "iteration_count_matches": true,
        "timed_iteration_history": true,
        "field_relative_difference": 1.8525568844484663e-10,
        "spd_residual_difference_bound": 0.00031913138867289596
      },
      {
        "intervals": 64,
        "case": 40,
        "method": "cg_identity_plain_rtol1e-06",
        "iterations": 177,
        "saved_iterations": 177,
        "iteration_count_matches": true,
        "timed_iteration_history": false,
        "field_relative_difference": 1.9202482077074256e-12,
        "spd_residual_difference_bound": 3.2796661529618438e-06
      },
      {
        "intervals": 64,
        "case": 40,
        "method": "cg_identity_rtol1e-06",
        "iterations": 177,
        "saved_iterations": 177,
        "iteration_count_matches": true,
        "timed_iteration_history": true,
        "field_relative_difference": 1.9202482077074256e-12,
        "spd_residual_difference_bound": 3.2796661529618438e-06
      },
      {
        "intervals": 64,
        "case": 40,
        "method": "cg_identity_plain_rtol1e-02",
        "iterations": 80,
        "saved_iterations": 80,
        "iteration_count_matches": true,
        "timed_iteration_history": false,
        "field_relative_difference": 1.949331034027894e-08,
        "spd_residual_difference_bound": 0.0331854188159994
      },
      {
        "intervals": 64,
        "case": 41,
        "method": "cg_identity_plain_rtol1e-06",
        "iterations": 168,
        "saved_iterations": 168,
        "iteration_count_matches": true,
        "timed_iteration_history": false,
        "field_relative_difference": 1.1793503130108658e-12,
        "spd_residual_difference_bound": 2.6337555074169767e-06
      },
      {
        "intervals": 64,
        "case": 41,
        "method": "cg_identity_rtol1e-02",
        "iterations": 71,
        "saved_iterations": 71,
        "iteration_count_matches": true,
        "timed_iteration_history": true,
        "field_relative_difference": 1.160045339344431e-08,
        "spd_residual_difference_bound": 0.02661262832841511
      },
      {
        "intervals": 64,
        "case": 41,
        "method": "cg_identity_plain_rtol1e-02",
        "iterations": 71,
        "saved_iterations": 71,
        "iteration_count_matches": true,
        "timed_iteration_history": false,
        "field_relative_difference": 1.160045339344431e-08,
        "spd_residual_difference_bound": 0.02661262832841511
      },
      {
        "intervals": 64,
        "case": 41,
        "method": "cg_identity_rtol1e-06",
        "iterations": 168,
        "saved_iterations": 168,
        "iteration_count_matches": true,
        "timed_iteration_history": true,
        "field_relative_difference": 1.1793503130108658e-12,
        "spd_residual_difference_bound": 2.6337555074169767e-06
      },
      {
        "intervals": 64,
        "case": 41,
        "method": "cg_identity_rtol1e-04",
        "iterations": 127,
        "saved_iterations": 127,
        "iteration_count_matches": true,
        "timed_iteration_history": true,
        "field_relative_difference": 1.1069042146745413e-10,
        "spd_residual_difference_bound": 0.0002479570477873156
      },
      {
        "intervals": 64,
        "case": 41,
        "method": "cg_identity_plain_rtol1e-04",
        "iterations": 127,
        "saved_iterations": 127,
        "iteration_count_matches": true,
        "timed_iteration_history": false,
        "field_relative_difference": 1.1069042146745413e-10,
        "spd_residual_difference_bound": 0.0002479570477873156
      },
      {
        "intervals": 64,
        "case": 42,
        "method": "cg_identity_rtol1e-04",
        "iterations": 134,
        "saved_iterations": 134,
        "iteration_count_matches": true,
        "timed_iteration_history": true,
        "field_relative_difference": 2.7354168102615964e-10,
        "spd_residual_difference_bound": 0.00032126237987240074
      },
      {
        "intervals": 64,
        "case": 42,
        "method": "cg_identity_rtol1e-02",
        "iterations": 78,
        "saved_iterations": 78,
        "iteration_count_matches": true,
        "timed_iteration_history": true,
        "field_relative_difference": 2.6746143599148e-08,
        "spd_residual_difference_bound": 0.0343467469829279
      },
      {
        "intervals": 64,
        "case": 42,
        "method": "cg_identity_plain_rtol1e-04",
        "iterations": 134,
        "saved_iterations": 134,
        "iteration_count_matches": true,
        "timed_iteration_history": false,
        "field_relative_difference": 2.7354168102615964e-10,
        "spd_residual_difference_bound": 0.00032126237987240074
      },
      {
        "intervals": 64,
        "case": 42,
        "method": "cg_identity_plain_rtol1e-06",
        "iterations": 174,
        "saved_iterations": 174,
        "iteration_count_matches": true,
        "timed_iteration_history": false,
        "field_relative_difference": 2.869087466507202e-12,
        "spd_residual_difference_bound": 3.2529017114078144e-06
      },
      {
        "intervals": 64,
        "case": 42,
        "method": "cg_identity_rtol1e-06",
        "iterations": 174,
        "saved_iterations": 174,
        "iteration_count_matches": true,
        "timed_iteration_history": true,
        "field_relative_difference": 2.869087466507202e-12,
        "spd_residual_difference_bound": 3.2529017114078144e-06
      },
      {
        "intervals": 64,
        "case": 42,
        "method": "cg_identity_plain_rtol1e-02",
        "iterations": 78,
        "saved_iterations": 78,
        "iteration_count_matches": true,
        "timed_iteration_history": false,
        "field_relative_difference": 2.6746143599148e-08,
        "spd_residual_difference_bound": 0.0343467469829279
      },
      {
        "intervals": 64,
        "case": 43,
        "method": "cg_identity_plain_rtol1e-06",
        "iterations": 180,
        "saved_iterations": 180,
        "iteration_count_matches": true,
        "timed_iteration_history": false,
        "field_relative_difference": 7.538466885880591e-13,
        "spd_residual_difference_bound": 2.7019805664143255e-06
      },
      {
        "intervals": 64,
        "case": 43,
        "method": "cg_identity_rtol1e-06",
        "iterations": 180,
        "saved_iterations": 180,
        "iteration_count_matches": true,
        "timed_iteration_history": true,
        "field_relative_difference": 7.538466885880591e-13,
        "spd_residual_difference_bound": 2.7019805664143255e-06
      },
      {
        "intervals": 64,
        "case": 43,
        "method": "cg_identity_plain_rtol1e-02",
        "iterations": 82,
        "saved_iterations": 82,
        "iteration_count_matches": true,
        "timed_iteration_history": false,
        "field_relative_difference": 7.177429833392574e-09,
        "spd_residual_difference_bound": 0.027456489444606633
      },
      {
        "intervals": 64,
        "case": 43,
        "method": "cg_identity_rtol1e-04",
        "iterations": 135,
        "saved_iterations": 135,
        "iteration_count_matches": true,
        "timed_iteration_history": true,
        "field_relative_difference": 8.663927103641129e-11,
        "spd_residual_difference_bound": 0.0002823335647549604
      },
      {
        "intervals": 64,
        "case": 43,
        "method": "cg_identity_rtol1e-02",
        "iterations": 82,
        "saved_iterations": 82,
        "iteration_count_matches": true,
        "timed_iteration_history": true,
        "field_relative_difference": 7.177429833392574e-09,
        "spd_residual_difference_bound": 0.027456489444606633
      },
      {
        "intervals": 64,
        "case": 43,
        "method": "cg_identity_plain_rtol1e-04",
        "iterations": 135,
        "saved_iterations": 135,
        "iteration_count_matches": true,
        "timed_iteration_history": false,
        "field_relative_difference": 8.663927103641129e-11,
        "spd_residual_difference_bound": 0.0002823335647549604
      },
      {
        "intervals": 64,
        "case": 44,
        "method": "cg_identity_rtol1e-02",
        "iterations": 73,
        "saved_iterations": 73,
        "iteration_count_matches": true,
        "timed_iteration_history": true,
        "field_relative_difference": 1.6003027470152896e-08,
        "spd_residual_difference_bound": 0.02690000596311425
      },
      {
        "intervals": 64,
        "case": 44,
        "method": "cg_identity_rtol1e-06",
        "iterations": 169,
        "saved_iterations": 169,
        "iteration_count_matches": true,
        "timed_iteration_history": true,
        "field_relative_difference": 1.8227049448730533e-12,
        "spd_residual_difference_bound": 2.9289992478245334e-06
      },
      {
        "intervals": 64,
        "case": 44,
        "method": "cg_identity_plain_rtol1e-02",
        "iterations": 73,
        "saved_iterations": 73,
        "iteration_count_matches": true,
        "timed_iteration_history": false,
        "field_relative_difference": 1.6003027470152896e-08,
        "spd_residual_difference_bound": 0.02690000596311425
      },
      {
        "intervals": 64,
        "case": 44,
        "method": "cg_identity_plain_rtol1e-06",
        "iterations": 169,
        "saved_iterations": 169,
        "iteration_count_matches": true,
        "timed_iteration_history": false,
        "field_relative_difference": 1.8227049448730533e-12,
        "spd_residual_difference_bound": 2.9289992478245334e-06
      },
      {
        "intervals": 64,
        "case": 44,
        "method": "cg_identity_plain_rtol1e-04",
        "iterations": 129,
        "saved_iterations": 129,
        "iteration_count_matches": true,
        "timed_iteration_history": false,
        "field_relative_difference": 1.9359111372395505e-10,
        "spd_residual_difference_bound": 0.00028687070906072013
      },
      {
        "intervals": 64,
        "case": 44,
        "method": "cg_identity_rtol1e-04",
        "iterations": 129,
        "saved_iterations": 129,
        "iteration_count_matches": true,
        "timed_iteration_history": true,
        "field_relative_difference": 1.9359111372395505e-10,
        "spd_residual_difference_bound": 0.00028687070906072013
      },
      {
        "intervals": 64,
        "case": 45,
        "method": "cg_identity_rtol1e-06",
        "iterations": 171,
        "saved_iterations": 171,
        "iteration_count_matches": true,
        "timed_iteration_history": true,
        "field_relative_difference": 8.689632483089633e-13,
        "spd_residual_difference_bound": 2.6164517431684844e-06
      },
      {
        "intervals": 64,
        "case": 45,
        "method": "cg_identity_rtol1e-04",
        "iterations": 123,
        "saved_iterations": 123,
        "iteration_count_matches": true,
        "timed_iteration_history": true,
        "field_relative_difference": 7.622404197624732e-11,
        "spd_residual_difference_bound": 0.0002651224574059321
      },
      {
        "intervals": 64,
        "case": 45,
        "method": "cg_identity_plain_rtol1e-06",
        "iterations": 171,
        "saved_iterations": 171,
        "iteration_count_matches": true,
        "timed_iteration_history": false,
        "field_relative_difference": 8.689632483089633e-13,
        "spd_residual_difference_bound": 2.6164517431684844e-06
      },
      {
        "intervals": 64,
        "case": 45,
        "method": "cg_identity_plain_rtol1e-04",
        "iterations": 123,
        "saved_iterations": 123,
        "iteration_count_matches": true,
        "timed_iteration_history": false,
        "field_relative_difference": 7.622404197624732e-11,
        "spd_residual_difference_bound": 0.0002651224574059321
      },
      {
        "intervals": 64,
        "case": 45,
        "method": "cg_identity_plain_rtol1e-02",
        "iterations": 76,
        "saved_iterations": 76,
        "iteration_count_matches": true,
        "timed_iteration_history": false,
        "field_relative_difference": 7.632651067529516e-09,
        "spd_residual_difference_bound": 0.026988906011859336
      },
      {
        "intervals": 64,
        "case": 45,
        "method": "cg_identity_rtol1e-02",
        "iterations": 76,
        "saved_iterations": 76,
        "iteration_count_matches": true,
        "timed_iteration_history": true,
        "field_relative_difference": 7.632651067529516e-09,
        "spd_residual_difference_bound": 0.026988906011859336
      },
      {
        "intervals": 64,
        "case": 46,
        "method": "cg_identity_plain_rtol1e-06",
        "iterations": 172,
        "saved_iterations": 172,
        "iteration_count_matches": true,
        "timed_iteration_history": false,
        "field_relative_difference": 2.805919204292244e-12,
        "spd_residual_difference_bound": 3.054840752443929e-06
      },
      {
        "intervals": 64,
        "case": 46,
        "method": "cg_identity_plain_rtol1e-02",
        "iterations": 74,
        "saved_iterations": 74,
        "iteration_count_matches": true,
        "timed_iteration_history": false,
        "field_relative_difference": 3.23726441557482e-08,
        "spd_residual_difference_bound": 0.03465581464791536
      },
      {
        "intervals": 64,
        "case": 46,
        "method": "cg_identity_rtol1e-02",
        "iterations": 74,
        "saved_iterations": 74,
        "iteration_count_matches": true,
        "timed_iteration_history": true,
        "field_relative_difference": 3.23726441557482e-08,
        "spd_residual_difference_bound": 0.03465581464791536
      },
      {
        "intervals": 64,
        "case": 46,
        "method": "cg_identity_plain_rtol1e-04",
        "iterations": 130,
        "saved_iterations": 130,
        "iteration_count_matches": true,
        "timed_iteration_history": false,
        "field_relative_difference": 3.388497809608336e-10,
        "spd_residual_difference_bound": 0.00033803989516214064
      },
      {
        "intervals": 64,
        "case": 46,
        "method": "cg_identity_rtol1e-04",
        "iterations": 130,
        "saved_iterations": 130,
        "iteration_count_matches": true,
        "timed_iteration_history": true,
        "field_relative_difference": 3.388497809608336e-10,
        "spd_residual_difference_bound": 0.00033803989516214064
      },
      {
        "intervals": 64,
        "case": 46,
        "method": "cg_identity_rtol1e-06",
        "iterations": 172,
        "saved_iterations": 172,
        "iteration_count_matches": true,
        "timed_iteration_history": true,
        "field_relative_difference": 2.805919204292244e-12,
        "spd_residual_difference_bound": 3.054840752443929e-06
      },
      {
        "intervals": 64,
        "case": 47,
        "method": "cg_identity_plain_rtol1e-06",
        "iterations": 173,
        "saved_iterations": 173,
        "iteration_count_matches": true,
        "timed_iteration_history": false,
        "field_relative_difference": 2.039651645211901e-12,
        "spd_residual_difference_bound": 3.140076039590476e-06
      },
      {
        "intervals": 64,
        "case": 47,
        "method": "cg_identity_plain_rtol1e-04",
        "iterations": 134,
        "saved_iterations": 134,
        "iteration_count_matches": true,
        "timed_iteration_history": false,
        "field_relative_difference": 1.840836925285855e-10,
        "spd_residual_difference_bound": 0.0002849250136894001
      },
      {
        "intervals": 64,
        "case": 47,
        "method": "cg_identity_plain_rtol1e-02",
        "iterations": 79,
        "saved_iterations": 79,
        "iteration_count_matches": true,
        "timed_iteration_history": false,
        "field_relative_difference": 1.9061835284407372e-08,
        "spd_residual_difference_bound": 0.030724458470498282
      },
      {
        "intervals": 64,
        "case": 47,
        "method": "cg_identity_rtol1e-06",
        "iterations": 173,
        "saved_iterations": 173,
        "iteration_count_matches": true,
        "timed_iteration_history": true,
        "field_relative_difference": 2.039651645211901e-12,
        "spd_residual_difference_bound": 3.140076039590476e-06
      },
      {
        "intervals": 64,
        "case": 47,
        "method": "cg_identity_rtol1e-04",
        "iterations": 134,
        "saved_iterations": 134,
        "iteration_count_matches": true,
        "timed_iteration_history": true,
        "field_relative_difference": 1.840836925285855e-10,
        "spd_residual_difference_bound": 0.0002849250136894001
      },
      {
        "intervals": 64,
        "case": 47,
        "method": "cg_identity_rtol1e-02",
        "iterations": 79,
        "saved_iterations": 79,
        "iteration_count_matches": true,
        "timed_iteration_history": true,
        "field_relative_difference": 1.9061835284407372e-08,
        "spd_residual_difference_bound": 0.030724458470498282
      },
      {
        "intervals": 64,
        "case": 48,
        "method": "cg_identity_plain_rtol1e-02",
        "iterations": 80,
        "saved_iterations": 80,
        "iteration_count_matches": true,
        "timed_iteration_history": false,
        "field_relative_difference": 2.6568816640000885e-08,
        "spd_residual_difference_bound": 0.03298832803737513
      },
      {
        "intervals": 64,
        "case": 48,
        "method": "cg_identity_plain_rtol1e-06",
        "iterations": 175,
        "saved_iterations": 175,
        "iteration_count_matches": true,
        "timed_iteration_history": false,
        "field_relative_difference": 2.4208983923342796e-12,
        "spd_residual_difference_bound": 3.118156044939648e-06
      },
      {
        "intervals": 64,
        "case": 48,
        "method": "cg_identity_rtol1e-04",
        "iterations": 136,
        "saved_iterations": 136,
        "iteration_count_matches": true,
        "timed_iteration_history": true,
        "field_relative_difference": 2.3224136753956824e-10,
        "spd_residual_difference_bound": 0.0003016228864747557
      },
      {
        "intervals": 64,
        "case": 48,
        "method": "cg_identity_plain_rtol1e-04",
        "iterations": 136,
        "saved_iterations": 136,
        "iteration_count_matches": true,
        "timed_iteration_history": false,
        "field_relative_difference": 2.3224136753956824e-10,
        "spd_residual_difference_bound": 0.0003016228864747557
      },
      {
        "intervals": 64,
        "case": 48,
        "method": "cg_identity_rtol1e-06",
        "iterations": 175,
        "saved_iterations": 175,
        "iteration_count_matches": true,
        "timed_iteration_history": true,
        "field_relative_difference": 2.4208983923342796e-12,
        "spd_residual_difference_bound": 3.118156044939648e-06
      },
      {
        "intervals": 64,
        "case": 48,
        "method": "cg_identity_rtol1e-02",
        "iterations": 80,
        "saved_iterations": 80,
        "iteration_count_matches": true,
        "timed_iteration_history": true,
        "field_relative_difference": 2.6568816640000885e-08,
        "spd_residual_difference_bound": 0.03298832803737513
      },
      {
        "intervals": 64,
        "case": 49,
        "method": "cg_identity_plain_rtol1e-02",
        "iterations": 80,
        "saved_iterations": 80,
        "iteration_count_matches": true,
        "timed_iteration_history": false,
        "field_relative_difference": 2.7082859411138096e-08,
        "spd_residual_difference_bound": 0.034488460625805184
      },
      {
        "intervals": 64,
        "case": 49,
        "method": "cg_identity_plain_rtol1e-06",
        "iterations": 175,
        "saved_iterations": 175,
        "iteration_count_matches": true,
        "timed_iteration_history": false,
        "field_relative_difference": 2.498023469051433e-12,
        "spd_residual_difference_bound": 3.211009052339197e-06
      },
      {
        "intervals": 64,
        "case": 49,
        "method": "cg_identity_plain_rtol1e-04",
        "iterations": 136,
        "saved_iterations": 136,
        "iteration_count_matches": true,
        "timed_iteration_history": false,
        "field_relative_difference": 2.3143576446166942e-10,
        "spd_residual_difference_bound": 0.00031499873535820145
      },
      {
        "intervals": 64,
        "case": 49,
        "method": "cg_identity_rtol1e-04",
        "iterations": 136,
        "saved_iterations": 136,
        "iteration_count_matches": true,
        "timed_iteration_history": true,
        "field_relative_difference": 2.3143576446166942e-10,
        "spd_residual_difference_bound": 0.00031499873535820145
      },
      {
        "intervals": 64,
        "case": 49,
        "method": "cg_identity_rtol1e-06",
        "iterations": 175,
        "saved_iterations": 175,
        "iteration_count_matches": true,
        "timed_iteration_history": true,
        "field_relative_difference": 2.498023469051433e-12,
        "spd_residual_difference_bound": 3.211009052339197e-06
      },
      {
        "intervals": 64,
        "case": 49,
        "method": "cg_identity_rtol1e-02",
        "iterations": 80,
        "saved_iterations": 80,
        "iteration_count_matches": true,
        "timed_iteration_history": true,
        "field_relative_difference": 2.7082859411138096e-08,
        "spd_residual_difference_bound": 0.034488460625805184
      },
      {
        "intervals": 64,
        "case": 50,
        "method": "cg_identity_rtol1e-06",
        "iterations": 175,
        "saved_iterations": 175,
        "iteration_count_matches": true,
        "timed_iteration_history": true,
        "field_relative_difference": 1.4759984199719347e-12,
        "spd_residual_difference_bound": 3.1480990684595954e-06
      },
      {
        "intervals": 64,
        "case": 50,
        "method": "cg_identity_plain_rtol1e-06",
        "iterations": 175,
        "saved_iterations": 175,
        "iteration_count_matches": true,
        "timed_iteration_history": false,
        "field_relative_difference": 1.4759984199719347e-12,
        "spd_residual_difference_bound": 3.1480990684595954e-06
      },
      {
        "intervals": 64,
        "case": 50,
        "method": "cg_identity_plain_rtol1e-02",
        "iterations": 80,
        "saved_iterations": 80,
        "iteration_count_matches": true,
        "timed_iteration_history": false,
        "field_relative_difference": 1.6773542699690357e-08,
        "spd_residual_difference_bound": 0.030732931891473535
      },
      {
        "intervals": 64,
        "case": 50,
        "method": "cg_identity_rtol1e-02",
        "iterations": 80,
        "saved_iterations": 80,
        "iteration_count_matches": true,
        "timed_iteration_history": true,
        "field_relative_difference": 1.6773542699690357e-08,
        "spd_residual_difference_bound": 0.030732931891473535
      },
      {
        "intervals": 64,
        "case": 50,
        "method": "cg_identity_plain_rtol1e-04",
        "iterations": 135,
        "saved_iterations": 135,
        "iteration_count_matches": true,
        "timed_iteration_history": false,
        "field_relative_difference": 1.3091273114286632e-10,
        "spd_residual_difference_bound": 0.0002939115113551611
      },
      {
        "intervals": 64,
        "case": 50,
        "method": "cg_identity_rtol1e-04",
        "iterations": 135,
        "saved_iterations": 135,
        "iteration_count_matches": true,
        "timed_iteration_history": true,
        "field_relative_difference": 1.3091273114286632e-10,
        "spd_residual_difference_bound": 0.0002939115113551611
      },
      {
        "intervals": 64,
        "case": 51,
        "method": "cg_identity_rtol1e-02",
        "iterations": 73,
        "saved_iterations": 73,
        "iteration_count_matches": true,
        "timed_iteration_history": true,
        "field_relative_difference": 3.862289316806663e-08,
        "spd_residual_difference_bound": 0.03760293576344558
      },
      {
        "intervals": 64,
        "case": 51,
        "method": "cg_identity_plain_rtol1e-04",
        "iterations": 131,
        "saved_iterations": 131,
        "iteration_count_matches": true,
        "timed_iteration_history": false,
        "field_relative_difference": 3.304840309396929e-10,
        "spd_residual_difference_bound": 0.0003290567966836984
      },
      {
        "intervals": 64,
        "case": 51,
        "method": "cg_identity_rtol1e-04",
        "iterations": 131,
        "saved_iterations": 131,
        "iteration_count_matches": true,
        "timed_iteration_history": true,
        "field_relative_difference": 3.304840309396929e-10,
        "spd_residual_difference_bound": 0.0003290567966836984
      },
      {
        "intervals": 64,
        "case": 51,
        "method": "cg_identity_rtol1e-06",
        "iterations": 171,
        "saved_iterations": 171,
        "iteration_count_matches": true,
        "timed_iteration_history": true,
        "field_relative_difference": 3.840911683248233e-12,
        "spd_residual_difference_bound": 3.763313126192636e-06
      },
      {
        "intervals": 64,
        "case": 51,
        "method": "cg_identity_plain_rtol1e-02",
        "iterations": 73,
        "saved_iterations": 73,
        "iteration_count_matches": true,
        "timed_iteration_history": false,
        "field_relative_difference": 3.862289316806663e-08,
        "spd_residual_difference_bound": 0.03760293576344558
      },
      {
        "intervals": 64,
        "case": 51,
        "method": "cg_identity_plain_rtol1e-06",
        "iterations": 171,
        "saved_iterations": 171,
        "iteration_count_matches": true,
        "timed_iteration_history": false,
        "field_relative_difference": 3.840911683248233e-12,
        "spd_residual_difference_bound": 3.763313126192636e-06
      },
      {
        "intervals": 64,
        "case": 52,
        "method": "cg_identity_plain_rtol1e-02",
        "iterations": 79,
        "saved_iterations": 79,
        "iteration_count_matches": true,
        "timed_iteration_history": false,
        "field_relative_difference": 1.352236636839963e-08,
        "spd_residual_difference_bound": 0.03084419114184836
      },
      {
        "intervals": 64,
        "case": 52,
        "method": "cg_identity_plain_rtol1e-06",
        "iterations": 173,
        "saved_iterations": 173,
        "iteration_count_matches": true,
        "timed_iteration_history": false,
        "field_relative_difference": 1.4963901415548841e-12,
        "spd_residual_difference_bound": 3.014866102494148e-06
      },
      {
        "intervals": 64,
        "case": 52,
        "method": "cg_identity_plain_rtol1e-04",
        "iterations": 134,
        "saved_iterations": 134,
        "iteration_count_matches": true,
        "timed_iteration_history": false,
        "field_relative_difference": 1.3977969978473466e-10,
        "spd_residual_difference_bound": 0.0002939381718578446
      },
      {
        "intervals": 64,
        "case": 52,
        "method": "cg_identity_rtol1e-06",
        "iterations": 173,
        "saved_iterations": 173,
        "iteration_count_matches": true,
        "timed_iteration_history": true,
        "field_relative_difference": 1.4963901415548841e-12,
        "spd_residual_difference_bound": 3.014866102494148e-06
      },
      {
        "intervals": 64,
        "case": 52,
        "method": "cg_identity_rtol1e-04",
        "iterations": 134,
        "saved_iterations": 134,
        "iteration_count_matches": true,
        "timed_iteration_history": true,
        "field_relative_difference": 1.3977969978473466e-10,
        "spd_residual_difference_bound": 0.0002939381718578446
      },
      {
        "intervals": 64,
        "case": 52,
        "method": "cg_identity_rtol1e-02",
        "iterations": 79,
        "saved_iterations": 79,
        "iteration_count_matches": true,
        "timed_iteration_history": true,
        "field_relative_difference": 1.352236636839963e-08,
        "spd_residual_difference_bound": 0.03084419114184836
      },
      {
        "intervals": 64,
        "case": 53,
        "method": "cg_identity_rtol1e-04",
        "iterations": 132,
        "saved_iterations": 132,
        "iteration_count_matches": true,
        "timed_iteration_history": true,
        "field_relative_difference": 2.2608174456550663e-10,
        "spd_residual_difference_bound": 0.00029943394506950555
      },
      {
        "intervals": 64,
        "case": 53,
        "method": "cg_identity_plain_rtol1e-06",
        "iterations": 172,
        "saved_iterations": 172,
        "iteration_count_matches": true,
        "timed_iteration_history": false,
        "field_relative_difference": 2.292520112062205e-12,
        "spd_residual_difference_bound": 2.9737890226203546e-06
      },
      {
        "intervals": 64,
        "case": 53,
        "method": "cg_identity_rtol1e-02",
        "iterations": 77,
        "saved_iterations": 77,
        "iteration_count_matches": true,
        "timed_iteration_history": true,
        "field_relative_difference": 2.1026947142716346e-08,
        "spd_residual_difference_bound": 0.03019580234538392
      },
      {
        "intervals": 64,
        "case": 53,
        "method": "cg_identity_rtol1e-06",
        "iterations": 172,
        "saved_iterations": 172,
        "iteration_count_matches": true,
        "timed_iteration_history": true,
        "field_relative_difference": 2.292520112062205e-12,
        "spd_residual_difference_bound": 2.9737890226203546e-06
      },
      {
        "intervals": 64,
        "case": 53,
        "method": "cg_identity_plain_rtol1e-04",
        "iterations": 132,
        "saved_iterations": 132,
        "iteration_count_matches": true,
        "timed_iteration_history": false,
        "field_relative_difference": 2.2608174456550663e-10,
        "spd_residual_difference_bound": 0.00029943394506950555
      },
      {
        "intervals": 64,
        "case": 53,
        "method": "cg_identity_plain_rtol1e-02",
        "iterations": 77,
        "saved_iterations": 77,
        "iteration_count_matches": true,
        "timed_iteration_history": false,
        "field_relative_difference": 2.1026947142716346e-08,
        "spd_residual_difference_bound": 0.03019580234538392
      },
      {
        "intervals": 64,
        "case": 54,
        "method": "cg_identity_plain_rtol1e-04",
        "iterations": 128,
        "saved_iterations": 128,
        "iteration_count_matches": true,
        "timed_iteration_history": false,
        "field_relative_difference": 7.147058208024635e-11,
        "spd_residual_difference_bound": 0.00027585536732445317
      },
      {
        "intervals": 64,
        "case": 54,
        "method": "cg_identity_plain_rtol1e-02",
        "iterations": 74,
        "saved_iterations": 74,
        "iteration_count_matches": true,
        "timed_iteration_history": false,
        "field_relative_difference": 6.7501709353464325e-09,
        "spd_residual_difference_bound": 0.026873412517879454
      },
      {
        "intervals": 64,
        "case": 54,
        "method": "cg_identity_rtol1e-06",
        "iterations": 170,
        "saved_iterations": 170,
        "iteration_count_matches": true,
        "timed_iteration_history": true,
        "field_relative_difference": 6.772741354943828e-13,
        "spd_residual_difference_bound": 2.503917484773439e-06
      },
      {
        "intervals": 64,
        "case": 54,
        "method": "cg_identity_rtol1e-04",
        "iterations": 128,
        "saved_iterations": 128,
        "iteration_count_matches": true,
        "timed_iteration_history": true,
        "field_relative_difference": 7.147058208024635e-11,
        "spd_residual_difference_bound": 0.00027585536732445317
      },
      {
        "intervals": 64,
        "case": 54,
        "method": "cg_identity_plain_rtol1e-06",
        "iterations": 170,
        "saved_iterations": 170,
        "iteration_count_matches": true,
        "timed_iteration_history": false,
        "field_relative_difference": 6.772741354943828e-13,
        "spd_residual_difference_bound": 2.503917484773439e-06
      },
      {
        "intervals": 64,
        "case": 54,
        "method": "cg_identity_rtol1e-02",
        "iterations": 74,
        "saved_iterations": 74,
        "iteration_count_matches": true,
        "timed_iteration_history": true,
        "field_relative_difference": 6.7501709353464325e-09,
        "spd_residual_difference_bound": 0.026873412517879454
      },
      {
        "intervals": 64,
        "case": 55,
        "method": "cg_identity_plain_rtol1e-06",
        "iterations": 177,
        "saved_iterations": 177,
        "iteration_count_matches": true,
        "timed_iteration_history": false,
        "field_relative_difference": 6.901844210022017e-13,
        "spd_residual_difference_bound": 2.839958324250429e-06
      },
      {
        "intervals": 64,
        "case": 55,
        "method": "cg_identity_rtol1e-02",
        "iterations": 80,
        "saved_iterations": 80,
        "iteration_count_matches": true,
        "timed_iteration_history": true,
        "field_relative_difference": 5.886613929067999e-09,
        "spd_residual_difference_bound": 0.030351165898799583
      },
      {
        "intervals": 64,
        "case": 55,
        "method": "cg_identity_plain_rtol1e-02",
        "iterations": 80,
        "saved_iterations": 80,
        "iteration_count_matches": true,
        "timed_iteration_history": false,
        "field_relative_difference": 5.886613929067999e-09,
        "spd_residual_difference_bound": 0.030351165898799583
      },
      {
        "intervals": 64,
        "case": 55,
        "method": "cg_identity_plain_rtol1e-04",
        "iterations": 135,
        "saved_iterations": 135,
        "iteration_count_matches": true,
        "timed_iteration_history": false,
        "field_relative_difference": 5.940956552926064e-11,
        "spd_residual_difference_bound": 0.0002743947597240685
      },
      {
        "intervals": 64,
        "case": 55,
        "method": "cg_identity_rtol1e-04",
        "iterations": 135,
        "saved_iterations": 135,
        "iteration_count_matches": true,
        "timed_iteration_history": true,
        "field_relative_difference": 5.940956552926064e-11,
        "spd_residual_difference_bound": 0.0002743947597240685
      },
      {
        "intervals": 64,
        "case": 55,
        "method": "cg_identity_rtol1e-06",
        "iterations": 177,
        "saved_iterations": 177,
        "iteration_count_matches": true,
        "timed_iteration_history": true,
        "field_relative_difference": 6.901844210022017e-13,
        "spd_residual_difference_bound": 2.839958324250429e-06
      },
      {
        "intervals": 64,
        "case": 56,
        "method": "cg_identity_plain_rtol1e-02",
        "iterations": 81,
        "saved_iterations": 81,
        "iteration_count_matches": true,
        "timed_iteration_history": false,
        "field_relative_difference": 2.8156181786739904e-08,
        "spd_residual_difference_bound": 0.03722923201382508
      },
      {
        "intervals": 64,
        "case": 56,
        "method": "cg_identity_rtol1e-06",
        "iterations": 180,
        "saved_iterations": 180,
        "iteration_count_matches": true,
        "timed_iteration_history": true,
        "field_relative_difference": 3.0028074374889162e-12,
        "spd_residual_difference_bound": 3.4954189928617305e-06
      },
      {
        "intervals": 64,
        "case": 56,
        "method": "cg_identity_plain_rtol1e-04",
        "iterations": 137,
        "saved_iterations": 137,
        "iteration_count_matches": true,
        "timed_iteration_history": false,
        "field_relative_difference": 2.894970546076149e-10,
        "spd_residual_difference_bound": 0.00035015724332449513
      },
      {
        "intervals": 64,
        "case": 56,
        "method": "cg_identity_rtol1e-02",
        "iterations": 81,
        "saved_iterations": 81,
        "iteration_count_matches": true,
        "timed_iteration_history": true,
        "field_relative_difference": 2.8156181786739904e-08,
        "spd_residual_difference_bound": 0.03722923201382508
      },
      {
        "intervals": 64,
        "case": 56,
        "method": "cg_identity_rtol1e-04",
        "iterations": 137,
        "saved_iterations": 137,
        "iteration_count_matches": true,
        "timed_iteration_history": true,
        "field_relative_difference": 2.894970546076149e-10,
        "spd_residual_difference_bound": 0.00035015724332449513
      },
      {
        "intervals": 64,
        "case": 56,
        "method": "cg_identity_plain_rtol1e-06",
        "iterations": 180,
        "saved_iterations": 180,
        "iteration_count_matches": true,
        "timed_iteration_history": false,
        "field_relative_difference": 3.0028074374889162e-12,
        "spd_residual_difference_bound": 3.4954189928617305e-06
      },
      {
        "intervals": 64,
        "case": 57,
        "method": "cg_identity_rtol1e-02",
        "iterations": 83,
        "saved_iterations": 83,
        "iteration_count_matches": true,
        "timed_iteration_history": true,
        "field_relative_difference": 8.155355481847878e-08,
        "spd_residual_difference_bound": 0.032210648582786196
      },
      {
        "intervals": 64,
        "case": 57,
        "method": "cg_identity_rtol1e-04",
        "iterations": 137,
        "saved_iterations": 137,
        "iteration_count_matches": true,
        "timed_iteration_history": true,
        "field_relative_difference": 2.2116941680188783e-10,
        "spd_residual_difference_bound": 0.00033552408296497454
      },
      {
        "intervals": 64,
        "case": 57,
        "method": "cg_identity_plain_rtol1e-02",
        "iterations": 83,
        "saved_iterations": 83,
        "iteration_count_matches": true,
        "timed_iteration_history": false,
        "field_relative_difference": 8.155355481847878e-08,
        "spd_residual_difference_bound": 0.032210648582786196
      },
      {
        "intervals": 64,
        "case": 57,
        "method": "cg_identity_rtol1e-06",
        "iterations": 182,
        "saved_iterations": 182,
        "iteration_count_matches": true,
        "timed_iteration_history": true,
        "field_relative_difference": 1.7841538954314304e-12,
        "spd_residual_difference_bound": 3.2585100279744283e-06
      },
      {
        "intervals": 64,
        "case": 57,
        "method": "cg_identity_plain_rtol1e-04",
        "iterations": 137,
        "saved_iterations": 137,
        "iteration_count_matches": true,
        "timed_iteration_history": false,
        "field_relative_difference": 2.2116941680188783e-10,
        "spd_residual_difference_bound": 0.00033552408296497454
      },
      {
        "intervals": 64,
        "case": 57,
        "method": "cg_identity_plain_rtol1e-06",
        "iterations": 182,
        "saved_iterations": 182,
        "iteration_count_matches": true,
        "timed_iteration_history": false,
        "field_relative_difference": 1.7841538954314304e-12,
        "spd_residual_difference_bound": 3.2585100279744283e-06
      },
      {
        "intervals": 64,
        "case": 58,
        "method": "cg_identity_rtol1e-06",
        "iterations": 173,
        "saved_iterations": 173,
        "iteration_count_matches": true,
        "timed_iteration_history": true,
        "field_relative_difference": 2.4827748895901593e-12,
        "spd_residual_difference_bound": 3.0639555501467346e-06
      },
      {
        "intervals": 64,
        "case": 58,
        "method": "cg_identity_rtol1e-04",
        "iterations": 133,
        "saved_iterations": 133,
        "iteration_count_matches": true,
        "timed_iteration_history": true,
        "field_relative_difference": 2.5697115173555996e-10,
        "spd_residual_difference_bound": 0.000321736969419713
      },
      {
        "intervals": 64,
        "case": 58,
        "method": "cg_identity_rtol1e-02",
        "iterations": 78,
        "saved_iterations": 78,
        "iteration_count_matches": true,
        "timed_iteration_history": true,
        "field_relative_difference": 2.6983783971395707e-08,
        "spd_residual_difference_bound": 0.03205511300602658
      },
      {
        "intervals": 64,
        "case": 58,
        "method": "cg_identity_plain_rtol1e-04",
        "iterations": 133,
        "saved_iterations": 133,
        "iteration_count_matches": true,
        "timed_iteration_history": false,
        "field_relative_difference": 2.5697115173555996e-10,
        "spd_residual_difference_bound": 0.000321736969419713
      },
      {
        "intervals": 64,
        "case": 58,
        "method": "cg_identity_plain_rtol1e-02",
        "iterations": 78,
        "saved_iterations": 78,
        "iteration_count_matches": true,
        "timed_iteration_history": false,
        "field_relative_difference": 2.6983783971395707e-08,
        "spd_residual_difference_bound": 0.03205511300602658
      },
      {
        "intervals": 64,
        "case": 58,
        "method": "cg_identity_plain_rtol1e-06",
        "iterations": 173,
        "saved_iterations": 173,
        "iteration_count_matches": true,
        "timed_iteration_history": false,
        "field_relative_difference": 2.4827748895901593e-12,
        "spd_residual_difference_bound": 3.0639555501467346e-06
      },
      {
        "intervals": 64,
        "case": 59,
        "method": "cg_identity_plain_rtol1e-02",
        "iterations": 76,
        "saved_iterations": 76,
        "iteration_count_matches": true,
        "timed_iteration_history": false,
        "field_relative_difference": 2.8950680265958346e-08,
        "spd_residual_difference_bound": 0.032953442992913556
      },
      {
        "intervals": 64,
        "case": 59,
        "method": "cg_identity_rtol1e-04",
        "iterations": 132,
        "saved_iterations": 132,
        "iteration_count_matches": true,
        "timed_iteration_history": true,
        "field_relative_difference": 3.882964088485042e-10,
        "spd_residual_difference_bound": 0.00034516174394240244
      },
      {
        "intervals": 64,
        "case": 59,
        "method": "cg_identity_plain_rtol1e-06",
        "iterations": 172,
        "saved_iterations": 172,
        "iteration_count_matches": true,
        "timed_iteration_history": false,
        "field_relative_difference": 4.171794754456869e-12,
        "spd_residual_difference_bound": 3.7033756218267227e-06
      },
      {
        "intervals": 64,
        "case": 59,
        "method": "cg_identity_plain_rtol1e-04",
        "iterations": 132,
        "saved_iterations": 132,
        "iteration_count_matches": true,
        "timed_iteration_history": false,
        "field_relative_difference": 3.882964088485042e-10,
        "spd_residual_difference_bound": 0.00034516174394240244
      },
      {
        "intervals": 64,
        "case": 59,
        "method": "cg_identity_rtol1e-06",
        "iterations": 172,
        "saved_iterations": 172,
        "iteration_count_matches": true,
        "timed_iteration_history": true,
        "field_relative_difference": 4.171794754456869e-12,
        "spd_residual_difference_bound": 3.7033756218267227e-06
      },
      {
        "intervals": 64,
        "case": 59,
        "method": "cg_identity_rtol1e-02",
        "iterations": 76,
        "saved_iterations": 76,
        "iteration_count_matches": true,
        "timed_iteration_history": true,
        "field_relative_difference": 2.8950680265958346e-08,
        "spd_residual_difference_bound": 0.032953442992913556
      },
      {
        "intervals": 64,
        "case": 60,
        "method": "cg_identity_plain_rtol1e-06",
        "iterations": 174,
        "saved_iterations": 174,
        "iteration_count_matches": true,
        "timed_iteration_history": false,
        "field_relative_difference": 2.338131217940269e-12,
        "spd_residual_difference_bound": 3.0496544331372168e-06
      },
      {
        "intervals": 64,
        "case": 60,
        "method": "cg_identity_plain_rtol1e-02",
        "iterations": 78,
        "saved_iterations": 78,
        "iteration_count_matches": true,
        "timed_iteration_history": false,
        "field_relative_difference": 2.48922067860359e-08,
        "spd_residual_difference_bound": 0.03285667344705928
      },
      {
        "intervals": 64,
        "case": 60,
        "method": "cg_identity_rtol1e-02",
        "iterations": 78,
        "saved_iterations": 78,
        "iteration_count_matches": true,
        "timed_iteration_history": true,
        "field_relative_difference": 2.48922067860359e-08,
        "spd_residual_difference_bound": 0.03285667344705928
      },
      {
        "intervals": 64,
        "case": 60,
        "method": "cg_identity_rtol1e-06",
        "iterations": 174,
        "saved_iterations": 174,
        "iteration_count_matches": true,
        "timed_iteration_history": true,
        "field_relative_difference": 2.338131217940269e-12,
        "spd_residual_difference_bound": 3.0496544331372168e-06
      },
      {
        "intervals": 64,
        "case": 60,
        "method": "cg_identity_rtol1e-04",
        "iterations": 134,
        "saved_iterations": 134,
        "iteration_count_matches": true,
        "timed_iteration_history": true,
        "field_relative_difference": 2.1682374036226253e-10,
        "spd_residual_difference_bound": 0.00030040789823993473
      },
      {
        "intervals": 64,
        "case": 60,
        "method": "cg_identity_plain_rtol1e-04",
        "iterations": 134,
        "saved_iterations": 134,
        "iteration_count_matches": true,
        "timed_iteration_history": false,
        "field_relative_difference": 2.1682374036226253e-10,
        "spd_residual_difference_bound": 0.00030040789823993473
      },
      {
        "intervals": 64,
        "case": 61,
        "method": "cg_identity_rtol1e-02",
        "iterations": 80,
        "saved_iterations": 80,
        "iteration_count_matches": true,
        "timed_iteration_history": true,
        "field_relative_difference": 2.2224429010842732e-08,
        "spd_residual_difference_bound": 0.03168677707567231
      },
      {
        "intervals": 64,
        "case": 61,
        "method": "cg_identity_plain_rtol1e-04",
        "iterations": 135,
        "saved_iterations": 135,
        "iteration_count_matches": true,
        "timed_iteration_history": false,
        "field_relative_difference": 2.3928333545487954e-10,
        "spd_residual_difference_bound": 0.00032463292001661936
      },
      {
        "intervals": 64,
        "case": 61,
        "method": "cg_identity_plain_rtol1e-02",
        "iterations": 80,
        "saved_iterations": 80,
        "iteration_count_matches": true,
        "timed_iteration_history": false,
        "field_relative_difference": 2.2224429010842732e-08,
        "spd_residual_difference_bound": 0.03168677707567231
      },
      {
        "intervals": 64,
        "case": 61,
        "method": "cg_identity_plain_rtol1e-06",
        "iterations": 175,
        "saved_iterations": 175,
        "iteration_count_matches": true,
        "timed_iteration_history": false,
        "field_relative_difference": 2.428493470419e-12,
        "spd_residual_difference_bound": 3.1252311058773807e-06
      },
      {
        "intervals": 64,
        "case": 61,
        "method": "cg_identity_rtol1e-06",
        "iterations": 175,
        "saved_iterations": 175,
        "iteration_count_matches": true,
        "timed_iteration_history": true,
        "field_relative_difference": 2.428493470419e-12,
        "spd_residual_difference_bound": 3.1252311058773807e-06
      },
      {
        "intervals": 64,
        "case": 61,
        "method": "cg_identity_rtol1e-04",
        "iterations": 135,
        "saved_iterations": 135,
        "iteration_count_matches": true,
        "timed_iteration_history": true,
        "field_relative_difference": 2.3928333545487954e-10,
        "spd_residual_difference_bound": 0.00032463292001661936
      },
      {
        "intervals": 64,
        "case": 62,
        "method": "cg_identity_plain_rtol1e-06",
        "iterations": 167,
        "saved_iterations": 167,
        "iteration_count_matches": true,
        "timed_iteration_history": false,
        "field_relative_difference": 1.7329173238200025e-12,
        "spd_residual_difference_bound": 2.893729035192701e-06
      },
      {
        "intervals": 64,
        "case": 62,
        "method": "cg_identity_rtol1e-06",
        "iterations": 167,
        "saved_iterations": 167,
        "iteration_count_matches": true,
        "timed_iteration_history": true,
        "field_relative_difference": 1.7329173238200025e-12,
        "spd_residual_difference_bound": 2.893729035192701e-06
      },
      {
        "intervals": 64,
        "case": 62,
        "method": "cg_identity_plain_rtol1e-04",
        "iterations": 125,
        "saved_iterations": 125,
        "iteration_count_matches": true,
        "timed_iteration_history": false,
        "field_relative_difference": 1.824219676698545e-10,
        "spd_residual_difference_bound": 0.0002912073474282888
      },
      {
        "intervals": 64,
        "case": 62,
        "method": "cg_identity_rtol1e-02",
        "iterations": 70,
        "saved_iterations": 70,
        "iteration_count_matches": true,
        "timed_iteration_history": true,
        "field_relative_difference": 1.3920931997217996e-08,
        "spd_residual_difference_bound": 0.02615138684923524
      },
      {
        "intervals": 64,
        "case": 62,
        "method": "cg_identity_rtol1e-04",
        "iterations": 125,
        "saved_iterations": 125,
        "iteration_count_matches": true,
        "timed_iteration_history": true,
        "field_relative_difference": 1.824219676698545e-10,
        "spd_residual_difference_bound": 0.0002912073474282888
      },
      {
        "intervals": 64,
        "case": 62,
        "method": "cg_identity_plain_rtol1e-02",
        "iterations": 70,
        "saved_iterations": 70,
        "iteration_count_matches": true,
        "timed_iteration_history": false,
        "field_relative_difference": 1.3920931997217996e-08,
        "spd_residual_difference_bound": 0.02615138684923524
      },
      {
        "intervals": 64,
        "case": 63,
        "method": "cg_identity_rtol1e-04",
        "iterations": 133,
        "saved_iterations": 133,
        "iteration_count_matches": true,
        "timed_iteration_history": true,
        "field_relative_difference": 3.237220996910178e-10,
        "spd_residual_difference_bound": 0.00032926404251397526
      },
      {
        "intervals": 64,
        "case": 63,
        "method": "cg_identity_plain_rtol1e-06",
        "iterations": 173,
        "saved_iterations": 173,
        "iteration_count_matches": true,
        "timed_iteration_history": false,
        "field_relative_difference": 3.5120489464846823e-12,
        "spd_residual_difference_bound": 3.4756317324365186e-06
      },
      {
        "intervals": 64,
        "case": 63,
        "method": "cg_identity_plain_rtol1e-02",
        "iterations": 77,
        "saved_iterations": 77,
        "iteration_count_matches": true,
        "timed_iteration_history": false,
        "field_relative_difference": 3.39791080306157e-08,
        "spd_residual_difference_bound": 0.03320347575230321
      },
      {
        "intervals": 64,
        "case": 63,
        "method": "cg_identity_rtol1e-02",
        "iterations": 77,
        "saved_iterations": 77,
        "iteration_count_matches": true,
        "timed_iteration_history": true,
        "field_relative_difference": 3.39791080306157e-08,
        "spd_residual_difference_bound": 0.03320347575230321
      },
      {
        "intervals": 64,
        "case": 63,
        "method": "cg_identity_plain_rtol1e-04",
        "iterations": 133,
        "saved_iterations": 133,
        "iteration_count_matches": true,
        "timed_iteration_history": false,
        "field_relative_difference": 3.237220996910178e-10,
        "spd_residual_difference_bound": 0.00032926404251397526
      },
      {
        "intervals": 64,
        "case": 63,
        "method": "cg_identity_rtol1e-06",
        "iterations": 173,
        "saved_iterations": 173,
        "iteration_count_matches": true,
        "timed_iteration_history": true,
        "field_relative_difference": 3.5120489464846823e-12,
        "spd_residual_difference_bound": 3.4756317324365186e-06
      }
    ],
    "iteration_scope": "Traced control: saved coefficient/recurrence trajectories independently replayed for repetition zero. Efficient untraced CG: true residuals checked on every measured field; independent SciPy iteration counts and SPD residual-based field bounds checked per case. Counts may differ between finite-precision tolerance-stopped trajectories; every difference is reported.",
    "preconditioner": "identity; constant diagonal Jacobi changes only scaling for this constant-coefficient stencil"
  },
  "independent_weak_state_audit": {
    "passed": true,
    "checked_states": 384,
    "checked_meshes": 2,
    "maximum": {
      "bank_node_defect": 3.8926682477558344e-13,
      "weak_operator_defect": 1.0200211711595292e-15,
      "field_relative_defect": 4.041858052173538e-16,
      "coefficient_relative_defect": 1.636120724711559e-15,
      "full_gradient_absolute_defect": 1.6315055630367252e-16,
      "eliminated_gradient_absolute_defect": 8.946817533806865e-16
    },
    "scope": "Independent analytic NumPy head/Jacobian, full-field coefficient reconstruction, sampled bank-coordinate identity and SciPy sine-transform weak operator/gradient; no global optimality claim."
  },
  "independent_pretraining_audit": {
    "passed": true,
    "recipes": [],
    "reused_pretraining_records": [
      {
        "name": "deeponet3d_r128_w16_podinit",
        "checkpoint_sha256": "dd362fdb552dde923d4ef507ea06c124e0b061c9ff04862b174d4379a3bb2224",
        "original_training_source": {
          "source_commit": "38ef2031f3ad182fed873e004ba1fc0dc972f812",
          "job_id": "4025641",
          "result_sha256": "3f5e10323a4f7336b6771c74030db4663a539bd602d1e579b485268c263f1465",
          "checkpoint_sha256": "dd362fdb552dde923d4ef507ea06c124e0b061c9ff04862b174d4379a3bb2224",
          "attempt": "seed06"
        },
        "scope": "Previously audited pretraining archive reused by exact checkpoint and source-result hash; teacher algebra not rerun in this allocation."
      }
    ],
    "scope": "Fresh recipes: independent regenerated training solutions, weighted POD eigenspace, learned-trunk least squares and physical coefficient metric. Reused recipes: exact prior-checkpoint/source-result provenance only. No retraining or global convergence claim."
  },
  "independent_frozen_pod_audit": {
    "passed": true,
    "checks": [
      {
        "intervals": 32,
        "method": "pod16_galerkin",
        "case": 0,
        "relative_field_difference": 1.831173564440206e-15
      },
      {
        "intervals": 32,
        "method": "pod48_galerkin",
        "case": 0,
        "relative_field_difference": 3.613277541333312e-15
      },
      {
        "intervals": 32,
        "method": "pod112_galerkin",
        "case": 0,
        "relative_field_difference": 3.3168039992315697e-15
      },
      {
        "intervals": 32,
        "method": "pod128_galerkin",
        "case": 0,
        "relative_field_difference": 3.920272738041848e-15
      },
      {
        "intervals": 64,
        "method": "pod16_galerkin",
        "case": 0,
        "relative_field_difference": 4.336772980238345e-15
      },
      {
        "intervals": 64,
        "method": "pod48_galerkin",
        "case": 0,
        "relative_field_difference": 2.3910111764770647e-14
      },
      {
        "intervals": 64,
        "method": "pod112_galerkin",
        "case": 0,
        "relative_field_difference": 2.4449242567766134e-14
      },
      {
        "intervals": 64,
        "method": "pod128_galerkin",
        "case": 0,
        "relative_field_difference": 2.4436651643293568e-14
      },
      {
        "intervals": 64,
        "method": "pod16_native32_interpolated_basis_galerkin",
        "case": 0,
        "relative_field_difference": 8.694606315972464e-15
      },
      {
        "intervals": 64,
        "method": "pod48_native32_interpolated_basis_galerkin",
        "case": 0,
        "relative_field_difference": 9.86733687261149e-15
      },
      {
        "intervals": 64,
        "method": "pod112_native32_interpolated_basis_galerkin",
        "case": 0,
        "relative_field_difference": 9.831500606020582e-15
      },
      {
        "intervals": 64,
        "method": "pod128_native32_interpolated_basis_galerkin",
        "case": 0,
        "relative_field_difference": 9.827995827902044e-15
      }
    ],
    "basis_orthogonality": [
      {
        "intervals": 32,
        "maximum_gram_defect": 9.571803059014327e-08
      },
      {
        "intervals": 64,
        "maximum_gram_defect": 3.010753800872898e-08
      }
    ],
    "tolerance": 1e-08,
    "final_assets_frozen": true,
    "scope": "One saved field per POD method/mesh reconstructed through independent finite-difference Galerkin algebra; transferred bases use SciPy interpolation. All saved fields separately receive reference/error/hash audits."
  }
}
out/bank.pkl: OK
out/cohorts.json: OK
out/fields/N32_case0_cg_identity_plain_rtol1e-02_rep0.npz: OK
out/fields/N32_case0_cg_identity_plain_rtol1e-02_rep1.npz: OK
out/fields/N32_case0_cg_identity_plain_rtol1e-02_rep2.npz: OK
out/fields/N32_case0_cg_identity_plain_rtol1e-04_rep0.npz: OK
out/fields/N32_case0_cg_identity_plain_rtol1e-04_rep1.npz: OK
out/fields/N32_case0_cg_identity_plain_rtol1e-04_rep2.npz: OK
out/fields/N32_case0_cg_identity_plain_rtol1e-06_rep0.npz: OK
out/fields/N32_case0_cg_identity_plain_rtol1e-06_rep1.npz: OK
out/fields/N32_case0_cg_identity_plain_rtol1e-06_rep2.npz: OK
out/fields/N32_case0_cg_identity_rtol1e-02_rep0.npz: OK
out/fields/N32_case0_cg_identity_rtol1e-02_rep1.npz: OK
out/fields/N32_case0_cg_identity_rtol1e-02_rep2.npz: OK
out/fields/N32_case0_cg_identity_rtol1e-04_rep0.npz: OK
out/fields/N32_case0_cg_identity_rtol1e-04_rep1.npz: OK
out/fields/N32_case0_cg_identity_rtol1e-04_rep2.npz: OK
out/fields/N32_case0_cg_identity_rtol1e-06_rep0.npz: OK
out/fields/N32_case0_cg_identity_rtol1e-06_rep1.npz: OK
out/fields/N32_case0_cg_identity_rtol1e-06_rep2.npz: OK
out/fields/N32_case0_deeponet3d_r128_w16_podinit.npz: OK
out/fields/N32_case0_dst_exact.npz: OK
out/fields/N32_case0_fno3d_w24_m8.npz: OK
out/fields/N32_case0_linear_bank_galerkin.npz: OK
out/fields/N32_case0_linear_bank_weak_qR.npz: OK
out/fields/N32_case0_nmrom_K16_q0_dense.npz: OK
out/fields/N32_case0_nmrom_K16_q32_dense.npz: OK
out/fields/N32_case0_nmrom_K16_q96_dense.npz: OK
out/fields/N32_case0_pod112_galerkin.npz: OK
out/fields/N32_case0_pod128_galerkin.npz: OK
out/fields/N32_case0_pod16_galerkin.npz: OK
out/fields/N32_case0_pod48_galerkin.npz: OK
out/fields/N32_case0_reference.npz: OK
out/fields/N32_case0_transolver3d_w48_s32.npz: OK
out/fields/N32_case0_unet3d_w16.npz: OK
out/fields/N32_case10_cg_identity_plain_rtol1e-02_rep0.npz: OK
out/fields/N32_case10_cg_identity_plain_rtol1e-02_rep1.npz: OK
out/fields/N32_case10_cg_identity_plain_rtol1e-02_rep2.npz: OK
out/fields/N32_case10_cg_identity_plain_rtol1e-04_rep0.npz: OK
out/fields/N32_case10_cg_identity_plain_rtol1e-04_rep1.npz: OK
out/fields/N32_case10_cg_identity_plain_rtol1e-04_rep2.npz: OK
out/fields/N32_case10_cg_identity_plain_rtol1e-06_rep0.npz: OK
out/fields/N32_case10_cg_identity_plain_rtol1e-06_rep1.npz: OK
out/fields/N32_case10_cg_identity_plain_rtol1e-06_rep2.npz: OK
out/fields/N32_case10_cg_identity_rtol1e-02_rep0.npz: OK
out/fields/N32_case10_cg_identity_rtol1e-02_rep1.npz: OK
out/fields/N32_case10_cg_identity_rtol1e-02_rep2.npz: OK
out/fields/N32_case10_cg_identity_rtol1e-04_rep0.npz: OK
out/fields/N32_case10_cg_identity_rtol1e-04_rep1.npz: OK
out/fields/N32_case10_cg_identity_rtol1e-04_rep2.npz: OK
out/fields/N32_case10_cg_identity_rtol1e-06_rep0.npz: OK
out/fields/N32_case10_cg_identity_rtol1e-06_rep1.npz: OK
out/fields/N32_case10_cg_identity_rtol1e-06_rep2.npz: OK
out/fields/N32_case10_deeponet3d_r128_w16_podinit.npz: OK
out/fields/N32_case10_dst_exact.npz: OK
out/fields/N32_case10_fno3d_w24_m8.npz: OK
out/fields/N32_case10_linear_bank_galerkin.npz: OK
out/fields/N32_case10_linear_bank_weak_qR.npz: OK
out/fields/N32_case10_nmrom_K16_q0_dense.npz: OK
out/fields/N32_case10_nmrom_K16_q32_dense.npz: OK
out/fields/N32_case10_nmrom_K16_q96_dense.npz: OK
out/fields/N32_case10_pod112_galerkin.npz: OK
out/fields/N32_case10_pod128_galerkin.npz: OK
out/fields/N32_case10_pod16_galerkin.npz: OK
out/fields/N32_case10_pod48_galerkin.npz: OK
out/fields/N32_case10_reference.npz: OK
out/fields/N32_case10_transolver3d_w48_s32.npz: OK
out/fields/N32_case10_unet3d_w16.npz: OK
out/fields/N32_case11_cg_identity_plain_rtol1e-02_rep0.npz: OK
out/fields/N32_case11_cg_identity_plain_rtol1e-02_rep1.npz: OK
out/fields/N32_case11_cg_identity_plain_rtol1e-02_rep2.npz: OK
out/fields/N32_case11_cg_identity_plain_rtol1e-04_rep0.npz: OK
out/fields/N32_case11_cg_identity_plain_rtol1e-04_rep1.npz: OK
out/fields/N32_case11_cg_identity_plain_rtol1e-04_rep2.npz: OK
out/fields/N32_case11_cg_identity_plain_rtol1e-06_rep0.npz: OK
out/fields/N32_case11_cg_identity_plain_rtol1e-06_rep1.npz: OK
out/fields/N32_case11_cg_identity_plain_rtol1e-06_rep2.npz: OK
out/fields/N32_case11_cg_identity_rtol1e-02_rep0.npz: OK
out/fields/N32_case11_cg_identity_rtol1e-02_rep1.npz: OK
out/fields/N32_case11_cg_identity_rtol1e-02_rep2.npz: OK
out/fields/N32_case11_cg_identity_rtol1e-04_rep0.npz: OK
out/fields/N32_case11_cg_identity_rtol1e-04_rep1.npz: OK
out/fields/N32_case11_cg_identity_rtol1e-04_rep2.npz: OK
out/fields/N32_case11_cg_identity_rtol1e-06_rep0.npz: OK
out/fields/N32_case11_cg_identity_rtol1e-06_rep1.npz: OK
out/fields/N32_case11_cg_identity_rtol1e-06_rep2.npz: OK
out/fields/N32_case11_deeponet3d_r128_w16_podinit.npz: OK
out/fields/N32_case11_dst_exact.npz: OK
out/fields/N32_case11_fno3d_w24_m8.npz: OK
out/fields/N32_case11_linear_bank_galerkin.npz: OK
out/fields/N32_case11_linear_bank_weak_qR.npz: OK
out/fields/N32_case11_nmrom_K16_q0_dense.npz: OK
out/fields/N32_case11_nmrom_K16_q32_dense.npz: OK
out/fields/N32_case11_nmrom_K16_q96_dense.npz: OK
out/fields/N32_case11_pod112_galerkin.npz: OK
out/fields/N32_case11_pod128_galerkin.npz: OK
out/fields/N32_case11_pod16_galerkin.npz: OK
out/fields/N32_case11_pod48_galerkin.npz: OK
out/fields/N32_case11_reference.npz: OK
out/fields/N32_case11_transolver3d_w48_s32.npz: OK
out/fields/N32_case11_unet3d_w16.npz: OK
out/fields/N32_case12_cg_identity_plain_rtol1e-02_rep0.npz: OK
out/fields/N32_case12_cg_identity_plain_rtol1e-02_rep1.npz: OK
out/fields/N32_case12_cg_identity_plain_rtol1e-02_rep2.npz: OK
out/fields/N32_case12_cg_identity_plain_rtol1e-04_rep0.npz: OK
out/fields/N32_case12_cg_identity_plain_rtol1e-04_rep1.npz: OK
out/fields/N32_case12_cg_identity_plain_rtol1e-04_rep2.npz: OK
out/fields/N32_case12_cg_identity_plain_rtol1e-06_rep0.npz: OK
out/fields/N32_case12_cg_identity_plain_rtol1e-06_rep1.npz: OK
out/fields/N32_case12_cg_identity_plain_rtol1e-06_rep2.npz: OK
out/fields/N32_case12_cg_identity_rtol1e-02_rep0.npz: OK
out/fields/N32_case12_cg_identity_rtol1e-02_rep1.npz: OK
out/fields/N32_case12_cg_identity_rtol1e-02_rep2.npz: OK
out/fields/N32_case12_cg_identity_rtol1e-04_rep0.npz: OK
out/fields/N32_case12_cg_identity_rtol1e-04_rep1.npz: OK
out/fields/N32_case12_cg_identity_rtol1e-04_rep2.npz: OK
out/fields/N32_case12_cg_identity_rtol1e-06_rep0.npz: OK
out/fields/N32_case12_cg_identity_rtol1e-06_rep1.npz: OK
out/fields/N32_case12_cg_identity_rtol1e-06_rep2.npz: OK
out/fields/N32_case12_deeponet3d_r128_w16_podinit.npz: OK
out/fields/N32_case12_dst_exact.npz: OK
out/fields/N32_case12_fno3d_w24_m8.npz: OK
out/fields/N32_case12_linear_bank_galerkin.npz: OK
out/fields/N32_case12_linear_bank_weak_qR.npz: OK
out/fields/N32_case12_nmrom_K16_q0_dense.npz: OK
out/fields/N32_case12_nmrom_K16_q32_dense.npz: OK
out/fields/N32_case12_nmrom_K16_q96_dense.npz: OK
out/fields/N32_case12_pod112_galerkin.npz: OK
out/fields/N32_case12_pod128_galerkin.npz: OK
out/fields/N32_case12_pod16_galerkin.npz: OK
out/fields/N32_case12_pod48_galerkin.npz: OK
out/fields/N32_case12_reference.npz: OK
out/fields/N32_case12_transolver3d_w48_s32.npz: OK
out/fields/N32_case12_unet3d_w16.npz: OK
out/fields/N32_case13_cg_identity_plain_rtol1e-02_rep0.npz: OK
out/fields/N32_case13_cg_identity_plain_rtol1e-02_rep1.npz: OK
out/fields/N32_case13_cg_identity_plain_rtol1e-02_rep2.npz: OK
out/fields/N32_case13_cg_identity_plain_rtol1e-04_rep0.npz: OK
out/fields/N32_case13_cg_identity_plain_rtol1e-04_rep1.npz: OK
out/fields/N32_case13_cg_identity_plain_rtol1e-04_rep2.npz: OK
out/fields/N32_case13_cg_identity_plain_rtol1e-06_rep0.npz: OK
out/fields/N32_case13_cg_identity_plain_rtol1e-06_rep1.npz: OK
out/fields/N32_case13_cg_identity_plain_rtol1e-06_rep2.npz: OK
out/fields/N32_case13_cg_identity_rtol1e-02_rep0.npz: OK
out/fields/N32_case13_cg_identity_rtol1e-02_rep1.npz: OK
out/fields/N32_case13_cg_identity_rtol1e-02_rep2.npz: OK
out/fields/N32_case13_cg_identity_rtol1e-04_rep0.npz: OK
out/fields/N32_case13_cg_identity_rtol1e-04_rep1.npz: OK
out/fields/N32_case13_cg_identity_rtol1e-04_rep2.npz: OK
out/fields/N32_case13_cg_identity_rtol1e-06_rep0.npz: OK
out/fields/N32_case13_cg_identity_rtol1e-06_rep1.npz: OK
out/fields/N32_case13_cg_identity_rtol1e-06_rep2.npz: OK
out/fields/N32_case13_deeponet3d_r128_w16_podinit.npz: OK
out/fields/N32_case13_dst_exact.npz: OK
out/fields/N32_case13_fno3d_w24_m8.npz: OK
out/fields/N32_case13_linear_bank_galerkin.npz: OK
out/fields/N32_case13_linear_bank_weak_qR.npz: OK
out/fields/N32_case13_nmrom_K16_q0_dense.npz: OK
out/fields/N32_case13_nmrom_K16_q32_dense.npz: OK
out/fields/N32_case13_nmrom_K16_q96_dense.npz: OK
out/fields/N32_case13_pod112_galerkin.npz: OK
out/fields/N32_case13_pod128_galerkin.npz: OK
out/fields/N32_case13_pod16_galerkin.npz: OK
out/fields/N32_case13_pod48_galerkin.npz: OK
out/fields/N32_case13_reference.npz: OK
out/fields/N32_case13_transolver3d_w48_s32.npz: OK
out/fields/N32_case13_unet3d_w16.npz: OK
out/fields/N32_case14_cg_identity_plain_rtol1e-02_rep0.npz: OK
out/fields/N32_case14_cg_identity_plain_rtol1e-02_rep1.npz: OK
out/fields/N32_case14_cg_identity_plain_rtol1e-02_rep2.npz: OK
out/fields/N32_case14_cg_identity_plain_rtol1e-04_rep0.npz: OK
out/fields/N32_case14_cg_identity_plain_rtol1e-04_rep1.npz: OK
out/fields/N32_case14_cg_identity_plain_rtol1e-04_rep2.npz: OK
out/fields/N32_case14_cg_identity_plain_rtol1e-06_rep0.npz: OK
out/fields/N32_case14_cg_identity_plain_rtol1e-06_rep1.npz: OK
out/fields/N32_case14_cg_identity_plain_rtol1e-06_rep2.npz: OK
out/fields/N32_case14_cg_identity_rtol1e-02_rep0.npz: OK
out/fields/N32_case14_cg_identity_rtol1e-02_rep1.npz: OK
out/fields/N32_case14_cg_identity_rtol1e-02_rep2.npz: OK
out/fields/N32_case14_cg_identity_rtol1e-04_rep0.npz: OK
out/fields/N32_case14_cg_identity_rtol1e-04_rep1.npz: OK
out/fields/N32_case14_cg_identity_rtol1e-04_rep2.npz: OK
out/fields/N32_case14_cg_identity_rtol1e-06_rep0.npz: OK
out/fields/N32_case14_cg_identity_rtol1e-06_rep1.npz: OK
out/fields/N32_case14_cg_identity_rtol1e-06_rep2.npz: OK
out/fields/N32_case14_deeponet3d_r128_w16_podinit.npz: OK
out/fields/N32_case14_dst_exact.npz: OK
out/fields/N32_case14_fno3d_w24_m8.npz: OK
out/fields/N32_case14_linear_bank_galerkin.npz: OK
out/fields/N32_case14_linear_bank_weak_qR.npz: OK
out/fields/N32_case14_nmrom_K16_q0_dense.npz: OK
out/fields/N32_case14_nmrom_K16_q32_dense.npz: OK
out/fields/N32_case14_nmrom_K16_q96_dense.npz: OK
out/fields/N32_case14_pod112_galerkin.npz: OK
out/fields/N32_case14_pod128_galerkin.npz: OK
out/fields/N32_case14_pod16_galerkin.npz: OK
out/fields/N32_case14_pod48_galerkin.npz: OK
out/fields/N32_case14_reference.npz: OK
out/fields/N32_case14_transolver3d_w48_s32.npz: OK
out/fields/N32_case14_unet3d_w16.npz: OK
out/fields/N32_case15_cg_identity_plain_rtol1e-02_rep0.npz: OK
out/fields/N32_case15_cg_identity_plain_rtol1e-02_rep1.npz: OK
out/fields/N32_case15_cg_identity_plain_rtol1e-02_rep2.npz: OK
out/fields/N32_case15_cg_identity_plain_rtol1e-04_rep0.npz: OK
out/fields/N32_case15_cg_identity_plain_rtol1e-04_rep1.npz: OK
out/fields/N32_case15_cg_identity_plain_rtol1e-04_rep2.npz: OK
out/fields/N32_case15_cg_identity_plain_rtol1e-06_rep0.npz: OK
out/fields/N32_case15_cg_identity_plain_rtol1e-06_rep1.npz: OK
out/fields/N32_case15_cg_identity_plain_rtol1e-06_rep2.npz: OK
out/fields/N32_case15_cg_identity_rtol1e-02_rep0.npz: OK
out/fields/N32_case15_cg_identity_rtol1e-02_rep1.npz: OK
out/fields/N32_case15_cg_identity_rtol1e-02_rep2.npz: OK
out/fields/N32_case15_cg_identity_rtol1e-04_rep0.npz: OK
out/fields/N32_case15_cg_identity_rtol1e-04_rep1.npz: OK
out/fields/N32_case15_cg_identity_rtol1e-04_rep2.npz: OK
out/fields/N32_case15_cg_identity_rtol1e-06_rep0.npz: OK
out/fields/N32_case15_cg_identity_rtol1e-06_rep1.npz: OK
out/fields/N32_case15_cg_identity_rtol1e-06_rep2.npz: OK
out/fields/N32_case15_deeponet3d_r128_w16_podinit.npz: OK
out/fields/N32_case15_dst_exact.npz: OK
out/fields/N32_case15_fno3d_w24_m8.npz: OK
out/fields/N32_case15_linear_bank_galerkin.npz: OK
out/fields/N32_case15_linear_bank_weak_qR.npz: OK
out/fields/N32_case15_nmrom_K16_q0_dense.npz: OK
out/fields/N32_case15_nmrom_K16_q32_dense.npz: OK
out/fields/N32_case15_nmrom_K16_q96_dense.npz: OK
out/fields/N32_case15_pod112_galerkin.npz: OK
out/fields/N32_case15_pod128_galerkin.npz: OK
out/fields/N32_case15_pod16_galerkin.npz: OK
out/fields/N32_case15_pod48_galerkin.npz: OK
out/fields/N32_case15_reference.npz: OK
out/fields/N32_case15_transolver3d_w48_s32.npz: OK
out/fields/N32_case15_unet3d_w16.npz: OK
out/fields/N32_case16_cg_identity_plain_rtol1e-02_rep0.npz: OK
out/fields/N32_case16_cg_identity_plain_rtol1e-02_rep1.npz: OK
out/fields/N32_case16_cg_identity_plain_rtol1e-02_rep2.npz: OK
out/fields/N32_case16_cg_identity_plain_rtol1e-04_rep0.npz: OK
out/fields/N32_case16_cg_identity_plain_rtol1e-04_rep1.npz: OK
out/fields/N32_case16_cg_identity_plain_rtol1e-04_rep2.npz: OK
out/fields/N32_case16_cg_identity_plain_rtol1e-06_rep0.npz: OK
out/fields/N32_case16_cg_identity_plain_rtol1e-06_rep1.npz: OK
out/fields/N32_case16_cg_identity_plain_rtol1e-06_rep2.npz: OK
out/fields/N32_case16_cg_identity_rtol1e-02_rep0.npz: OK
out/fields/N32_case16_cg_identity_rtol1e-02_rep1.npz: OK
out/fields/N32_case16_cg_identity_rtol1e-02_rep2.npz: OK
out/fields/N32_case16_cg_identity_rtol1e-04_rep0.npz: OK
out/fields/N32_case16_cg_identity_rtol1e-04_rep1.npz: OK
out/fields/N32_case16_cg_identity_rtol1e-04_rep2.npz: OK
out/fields/N32_case16_cg_identity_rtol1e-06_rep0.npz: OK
out/fields/N32_case16_cg_identity_rtol1e-06_rep1.npz: OK
out/fields/N32_case16_cg_identity_rtol1e-06_rep2.npz: OK
out/fields/N32_case16_deeponet3d_r128_w16_podinit.npz: OK
out/fields/N32_case16_dst_exact.npz: OK
out/fields/N32_case16_fno3d_w24_m8.npz: OK
out/fields/N32_case16_linear_bank_galerkin.npz: OK
out/fields/N32_case16_linear_bank_weak_qR.npz: OK
out/fields/N32_case16_nmrom_K16_q0_dense.npz: OK
out/fields/N32_case16_nmrom_K16_q32_dense.npz: OK
out/fields/N32_case16_nmrom_K16_q96_dense.npz: OK
out/fields/N32_case16_pod112_galerkin.npz: OK
out/fields/N32_case16_pod128_galerkin.npz: OK
out/fields/N32_case16_pod16_galerkin.npz: OK
out/fields/N32_case16_pod48_galerkin.npz: OK
out/fields/N32_case16_reference.npz: OK
out/fields/N32_case16_transolver3d_w48_s32.npz: OK
out/fields/N32_case16_unet3d_w16.npz: OK
out/fields/N32_case17_cg_identity_plain_rtol1e-02_rep0.npz: OK
out/fields/N32_case17_cg_identity_plain_rtol1e-02_rep1.npz: OK
out/fields/N32_case17_cg_identity_plain_rtol1e-02_rep2.npz: OK
out/fields/N32_case17_cg_identity_plain_rtol1e-04_rep0.npz: OK
out/fields/N32_case17_cg_identity_plain_rtol1e-04_rep1.npz: OK
out/fields/N32_case17_cg_identity_plain_rtol1e-04_rep2.npz: OK
out/fields/N32_case17_cg_identity_plain_rtol1e-06_rep0.npz: OK
out/fields/N32_case17_cg_identity_plain_rtol1e-06_rep1.npz: OK
out/fields/N32_case17_cg_identity_plain_rtol1e-06_rep2.npz: OK
out/fields/N32_case17_cg_identity_rtol1e-02_rep0.npz: OK
out/fields/N32_case17_cg_identity_rtol1e-02_rep1.npz: OK
out/fields/N32_case17_cg_identity_rtol1e-02_rep2.npz: OK
out/fields/N32_case17_cg_identity_rtol1e-04_rep0.npz: OK
out/fields/N32_case17_cg_identity_rtol1e-04_rep1.npz: OK
out/fields/N32_case17_cg_identity_rtol1e-04_rep2.npz: OK
out/fields/N32_case17_cg_identity_rtol1e-06_rep0.npz: OK
out/fields/N32_case17_cg_identity_rtol1e-06_rep1.npz: OK
out/fields/N32_case17_cg_identity_rtol1e-06_rep2.npz: OK
out/fields/N32_case17_deeponet3d_r128_w16_podinit.npz: OK
out/fields/N32_case17_dst_exact.npz: OK
out/fields/N32_case17_fno3d_w24_m8.npz: OK
out/fields/N32_case17_linear_bank_galerkin.npz: OK
out/fields/N32_case17_linear_bank_weak_qR.npz: OK
out/fields/N32_case17_nmrom_K16_q0_dense.npz: OK
out/fields/N32_case17_nmrom_K16_q32_dense.npz: OK
out/fields/N32_case17_nmrom_K16_q96_dense.npz: OK
out/fields/N32_case17_pod112_galerkin.npz: OK
out/fields/N32_case17_pod128_galerkin.npz: OK
out/fields/N32_case17_pod16_galerkin.npz: OK
out/fields/N32_case17_pod48_galerkin.npz: OK
out/fields/N32_case17_reference.npz: OK
out/fields/N32_case17_transolver3d_w48_s32.npz: OK
out/fields/N32_case17_unet3d_w16.npz: OK
out/fields/N32_case18_cg_identity_plain_rtol1e-02_rep0.npz: OK
out/fields/N32_case18_cg_identity_plain_rtol1e-02_rep1.npz: OK
out/fields/N32_case18_cg_identity_plain_rtol1e-02_rep2.npz: OK
out/fields/N32_case18_cg_identity_plain_rtol1e-04_rep0.npz: OK
out/fields/N32_case18_cg_identity_plain_rtol1e-04_rep1.npz: OK
out/fields/N32_case18_cg_identity_plain_rtol1e-04_rep2.npz: OK
out/fields/N32_case18_cg_identity_plain_rtol1e-06_rep0.npz: OK
out/fields/N32_case18_cg_identity_plain_rtol1e-06_rep1.npz: OK
out/fields/N32_case18_cg_identity_plain_rtol1e-06_rep2.npz: OK
out/fields/N32_case18_cg_identity_rtol1e-02_rep0.npz: OK
out/fields/N32_case18_cg_identity_rtol1e-02_rep1.npz: OK
out/fields/N32_case18_cg_identity_rtol1e-02_rep2.npz: OK
out/fields/N32_case18_cg_identity_rtol1e-04_rep0.npz: OK
out/fields/N32_case18_cg_identity_rtol1e-04_rep1.npz: OK
out/fields/N32_case18_cg_identity_rtol1e-04_rep2.npz: OK
out/fields/N32_case18_cg_identity_rtol1e-06_rep0.npz: OK
out/fields/N32_case18_cg_identity_rtol1e-06_rep1.npz: OK
out/fields/N32_case18_cg_identity_rtol1e-06_rep2.npz: OK
out/fields/N32_case18_deeponet3d_r128_w16_podinit.npz: OK
out/fields/N32_case18_dst_exact.npz: OK
out/fields/N32_case18_fno3d_w24_m8.npz: OK
out/fields/N32_case18_linear_bank_galerkin.npz: OK
out/fields/N32_case18_linear_bank_weak_qR.npz: OK
out/fields/N32_case18_nmrom_K16_q0_dense.npz: OK
out/fields/N32_case18_nmrom_K16_q32_dense.npz: OK
out/fields/N32_case18_nmrom_K16_q96_dense.npz: OK
out/fields/N32_case18_pod112_galerkin.npz: OK
out/fields/N32_case18_pod128_galerkin.npz: OK
out/fields/N32_case18_pod16_galerkin.npz: OK
out/fields/N32_case18_pod48_galerkin.npz: OK
out/fields/N32_case18_reference.npz: OK
out/fields/N32_case18_transolver3d_w48_s32.npz: OK
out/fields/N32_case18_unet3d_w16.npz: OK
out/fields/N32_case19_cg_identity_plain_rtol1e-02_rep0.npz: OK
out/fields/N32_case19_cg_identity_plain_rtol1e-02_rep1.npz: OK
out/fields/N32_case19_cg_identity_plain_rtol1e-02_rep2.npz: OK
out/fields/N32_case19_cg_identity_plain_rtol1e-04_rep0.npz: OK
out/fields/N32_case19_cg_identity_plain_rtol1e-04_rep1.npz: OK
out/fields/N32_case19_cg_identity_plain_rtol1e-04_rep2.npz: OK
out/fields/N32_case19_cg_identity_plain_rtol1e-06_rep0.npz: OK
out/fields/N32_case19_cg_identity_plain_rtol1e-06_rep1.npz: OK
out/fields/N32_case19_cg_identity_plain_rtol1e-06_rep2.npz: OK
out/fields/N32_case19_cg_identity_rtol1e-02_rep0.npz: OK
out/fields/N32_case19_cg_identity_rtol1e-02_rep1.npz: OK
out/fields/N32_case19_cg_identity_rtol1e-02_rep2.npz: OK
out/fields/N32_case19_cg_identity_rtol1e-04_rep0.npz: OK
out/fields/N32_case19_cg_identity_rtol1e-04_rep1.npz: OK
out/fields/N32_case19_cg_identity_rtol1e-04_rep2.npz: OK
out/fields/N32_case19_cg_identity_rtol1e-06_rep0.npz: OK
out/fields/N32_case19_cg_identity_rtol1e-06_rep1.npz: OK
out/fields/N32_case19_cg_identity_rtol1e-06_rep2.npz: OK
out/fields/N32_case19_deeponet3d_r128_w16_podinit.npz: OK
out/fields/N32_case19_dst_exact.npz: OK
out/fields/N32_case19_fno3d_w24_m8.npz: OK
out/fields/N32_case19_linear_bank_galerkin.npz: OK
out/fields/N32_case19_linear_bank_weak_qR.npz: OK
out/fields/N32_case19_nmrom_K16_q0_dense.npz: OK
out/fields/N32_case19_nmrom_K16_q32_dense.npz: OK
out/fields/N32_case19_nmrom_K16_q96_dense.npz: OK
out/fields/N32_case19_pod112_galerkin.npz: OK
out/fields/N32_case19_pod128_galerkin.npz: OK
out/fields/N32_case19_pod16_galerkin.npz: OK
out/fields/N32_case19_pod48_galerkin.npz: OK
out/fields/N32_case19_reference.npz: OK
out/fields/N32_case19_transolver3d_w48_s32.npz: OK
out/fields/N32_case19_unet3d_w16.npz: OK
out/fields/N32_case1_cg_identity_plain_rtol1e-02_rep0.npz: OK
out/fields/N32_case1_cg_identity_plain_rtol1e-02_rep1.npz: OK
out/fields/N32_case1_cg_identity_plain_rtol1e-02_rep2.npz: OK
out/fields/N32_case1_cg_identity_plain_rtol1e-04_rep0.npz: OK
out/fields/N32_case1_cg_identity_plain_rtol1e-04_rep1.npz: OK
out/fields/N32_case1_cg_identity_plain_rtol1e-04_rep2.npz: OK
out/fields/N32_case1_cg_identity_plain_rtol1e-06_rep0.npz: OK
out/fields/N32_case1_cg_identity_plain_rtol1e-06_rep1.npz: OK
out/fields/N32_case1_cg_identity_plain_rtol1e-06_rep2.npz: OK
out/fields/N32_case1_cg_identity_rtol1e-02_rep0.npz: OK
out/fields/N32_case1_cg_identity_rtol1e-02_rep1.npz: OK
out/fields/N32_case1_cg_identity_rtol1e-02_rep2.npz: OK
out/fields/N32_case1_cg_identity_rtol1e-04_rep0.npz: OK
out/fields/N32_case1_cg_identity_rtol1e-04_rep1.npz: OK
out/fields/N32_case1_cg_identity_rtol1e-04_rep2.npz: OK
out/fields/N32_case1_cg_identity_rtol1e-06_rep0.npz: OK
out/fields/N32_case1_cg_identity_rtol1e-06_rep1.npz: OK
out/fields/N32_case1_cg_identity_rtol1e-06_rep2.npz: OK
out/fields/N32_case1_deeponet3d_r128_w16_podinit.npz: OK
out/fields/N32_case1_dst_exact.npz: OK
out/fields/N32_case1_fno3d_w24_m8.npz: OK
out/fields/N32_case1_linear_bank_galerkin.npz: OK
out/fields/N32_case1_linear_bank_weak_qR.npz: OK
out/fields/N32_case1_nmrom_K16_q0_dense.npz: OK
out/fields/N32_case1_nmrom_K16_q32_dense.npz: OK
out/fields/N32_case1_nmrom_K16_q96_dense.npz: OK
out/fields/N32_case1_pod112_galerkin.npz: OK
out/fields/N32_case1_pod128_galerkin.npz: OK
out/fields/N32_case1_pod16_galerkin.npz: OK
out/fields/N32_case1_pod48_galerkin.npz: OK
out/fields/N32_case1_reference.npz: OK
out/fields/N32_case1_transolver3d_w48_s32.npz: OK
out/fields/N32_case1_unet3d_w16.npz: OK
out/fields/N32_case20_cg_identity_plain_rtol1e-02_rep0.npz: OK
out/fields/N32_case20_cg_identity_plain_rtol1e-02_rep1.npz: OK
out/fields/N32_case20_cg_identity_plain_rtol1e-02_rep2.npz: OK
out/fields/N32_case20_cg_identity_plain_rtol1e-04_rep0.npz: OK
out/fields/N32_case20_cg_identity_plain_rtol1e-04_rep1.npz: OK
out/fields/N32_case20_cg_identity_plain_rtol1e-04_rep2.npz: OK
out/fields/N32_case20_cg_identity_plain_rtol1e-06_rep0.npz: OK
out/fields/N32_case20_cg_identity_plain_rtol1e-06_rep1.npz: OK
out/fields/N32_case20_cg_identity_plain_rtol1e-06_rep2.npz: OK
out/fields/N32_case20_cg_identity_rtol1e-02_rep0.npz: OK
out/fields/N32_case20_cg_identity_rtol1e-02_rep1.npz: OK
out/fields/N32_case20_cg_identity_rtol1e-02_rep2.npz: OK
out/fields/N32_case20_cg_identity_rtol1e-04_rep0.npz: OK
out/fields/N32_case20_cg_identity_rtol1e-04_rep1.npz: OK
out/fields/N32_case20_cg_identity_rtol1e-04_rep2.npz: OK
out/fields/N32_case20_cg_identity_rtol1e-06_rep0.npz: OK
out/fields/N32_case20_cg_identity_rtol1e-06_rep1.npz: OK
out/fields/N32_case20_cg_identity_rtol1e-06_rep2.npz: OK
out/fields/N32_case20_deeponet3d_r128_w16_podinit.npz: OK
out/fields/N32_case20_dst_exact.npz: OK
out/fields/N32_case20_fno3d_w24_m8.npz: OK
out/fields/N32_case20_linear_bank_galerkin.npz: OK
out/fields/N32_case20_linear_bank_weak_qR.npz: OK
out/fields/N32_case20_nmrom_K16_q0_dense.npz: OK
out/fields/N32_case20_nmrom_K16_q32_dense.npz: OK
out/fields/N32_case20_nmrom_K16_q96_dense.npz: OK
out/fields/N32_case20_pod112_galerkin.npz: OK
out/fields/N32_case20_pod128_galerkin.npz: OK
out/fields/N32_case20_pod16_galerkin.npz: OK
out/fields/N32_case20_pod48_galerkin.npz: OK
out/fields/N32_case20_reference.npz: OK
out/fields/N32_case20_transolver3d_w48_s32.npz: OK
out/fields/N32_case20_unet3d_w16.npz: OK
out/fields/N32_case21_cg_identity_plain_rtol1e-02_rep0.npz: OK
out/fields/N32_case21_cg_identity_plain_rtol1e-02_rep1.npz: OK
out/fields/N32_case21_cg_identity_plain_rtol1e-02_rep2.npz: OK
out/fields/N32_case21_cg_identity_plain_rtol1e-04_rep0.npz: OK
out/fields/N32_case21_cg_identity_plain_rtol1e-04_rep1.npz: OK
out/fields/N32_case21_cg_identity_plain_rtol1e-04_rep2.npz: OK
out/fields/N32_case21_cg_identity_plain_rtol1e-06_rep0.npz: OK
out/fields/N32_case21_cg_identity_plain_rtol1e-06_rep1.npz: OK
out/fields/N32_case21_cg_identity_plain_rtol1e-06_rep2.npz: OK
out/fields/N32_case21_cg_identity_rtol1e-02_rep0.npz: OK
out/fields/N32_case21_cg_identity_rtol1e-02_rep1.npz: OK
out/fields/N32_case21_cg_identity_rtol1e-02_rep2.npz: OK
out/fields/N32_case21_cg_identity_rtol1e-04_rep0.npz: OK
out/fields/N32_case21_cg_identity_rtol1e-04_rep1.npz: OK
out/fields/N32_case21_cg_identity_rtol1e-04_rep2.npz: OK
out/fields/N32_case21_cg_identity_rtol1e-06_rep0.npz: OK
out/fields/N32_case21_cg_identity_rtol1e-06_rep1.npz: OK
out/fields/N32_case21_cg_identity_rtol1e-06_rep2.npz: OK
out/fields/N32_case21_deeponet3d_r128_w16_podinit.npz: OK
out/fields/N32_case21_dst_exact.npz: OK
out/fields/N32_case21_fno3d_w24_m8.npz: OK
out/fields/N32_case21_linear_bank_galerkin.npz: OK
out/fields/N32_case21_linear_bank_weak_qR.npz: OK
out/fields/N32_case21_nmrom_K16_q0_dense.npz: OK
out/fields/N32_case21_nmrom_K16_q32_dense.npz: OK
out/fields/N32_case21_nmrom_K16_q96_dense.npz: OK
out/fields/N32_case21_pod112_galerkin.npz: OK
out/fields/N32_case21_pod128_galerkin.npz: OK
out/fields/N32_case21_pod16_galerkin.npz: OK
out/fields/N32_case21_pod48_galerkin.npz: OK
out/fields/N32_case21_reference.npz: OK
out/fields/N32_case21_transolver3d_w48_s32.npz: OK
out/fields/N32_case21_unet3d_w16.npz: OK
out/fields/N32_case22_cg_identity_plain_rtol1e-02_rep0.npz: OK
out/fields/N32_case22_cg_identity_plain_rtol1e-02_rep1.npz: OK
out/fields/N32_case22_cg_identity_plain_rtol1e-02_rep2.npz: OK
out/fields/N32_case22_cg_identity_plain_rtol1e-04_rep0.npz: OK
out/fields/N32_case22_cg_identity_plain_rtol1e-04_rep1.npz: OK
out/fields/N32_case22_cg_identity_plain_rtol1e-04_rep2.npz: OK
out/fields/N32_case22_cg_identity_plain_rtol1e-06_rep0.npz: OK
out/fields/N32_case22_cg_identity_plain_rtol1e-06_rep1.npz: OK
out/fields/N32_case22_cg_identity_plain_rtol1e-06_rep2.npz: OK
out/fields/N32_case22_cg_identity_rtol1e-02_rep0.npz: OK
out/fields/N32_case22_cg_identity_rtol1e-02_rep1.npz: OK
out/fields/N32_case22_cg_identity_rtol1e-02_rep2.npz: OK
out/fields/N32_case22_cg_identity_rtol1e-04_rep0.npz: OK
out/fields/N32_case22_cg_identity_rtol1e-04_rep1.npz: OK
out/fields/N32_case22_cg_identity_rtol1e-04_rep2.npz: OK
out/fields/N32_case22_cg_identity_rtol1e-06_rep0.npz: OK
out/fields/N32_case22_cg_identity_rtol1e-06_rep1.npz: OK
out/fields/N32_case22_cg_identity_rtol1e-06_rep2.npz: OK
out/fields/N32_case22_deeponet3d_r128_w16_podinit.npz: OK
out/fields/N32_case22_dst_exact.npz: OK
out/fields/N32_case22_fno3d_w24_m8.npz: OK
out/fields/N32_case22_linear_bank_galerkin.npz: OK
out/fields/N32_case22_linear_bank_weak_qR.npz: OK
out/fields/N32_case22_nmrom_K16_q0_dense.npz: OK
out/fields/N32_case22_nmrom_K16_q32_dense.npz: OK
out/fields/N32_case22_nmrom_K16_q96_dense.npz: OK
out/fields/N32_case22_pod112_galerkin.npz: OK
out/fields/N32_case22_pod128_galerkin.npz: OK
out/fields/N32_case22_pod16_galerkin.npz: OK
out/fields/N32_case22_pod48_galerkin.npz: OK
out/fields/N32_case22_reference.npz: OK
out/fields/N32_case22_transolver3d_w48_s32.npz: OK
out/fields/N32_case22_unet3d_w16.npz: OK
out/fields/N32_case23_cg_identity_plain_rtol1e-02_rep0.npz: OK
out/fields/N32_case23_cg_identity_plain_rtol1e-02_rep1.npz: OK
out/fields/N32_case23_cg_identity_plain_rtol1e-02_rep2.npz: OK
out/fields/N32_case23_cg_identity_plain_rtol1e-04_rep0.npz: OK
out/fields/N32_case23_cg_identity_plain_rtol1e-04_rep1.npz: OK
out/fields/N32_case23_cg_identity_plain_rtol1e-04_rep2.npz: OK
out/fields/N32_case23_cg_identity_plain_rtol1e-06_rep0.npz: OK
out/fields/N32_case23_cg_identity_plain_rtol1e-06_rep1.npz: OK
out/fields/N32_case23_cg_identity_plain_rtol1e-06_rep2.npz: OK
out/fields/N32_case23_cg_identity_rtol1e-02_rep0.npz: OK
out/fields/N32_case23_cg_identity_rtol1e-02_rep1.npz: OK
out/fields/N32_case23_cg_identity_rtol1e-02_rep2.npz: OK
out/fields/N32_case23_cg_identity_rtol1e-04_rep0.npz: OK
out/fields/N32_case23_cg_identity_rtol1e-04_rep1.npz: OK
out/fields/N32_case23_cg_identity_rtol1e-04_rep2.npz: OK
out/fields/N32_case23_cg_identity_rtol1e-06_rep0.npz: OK
out/fields/N32_case23_cg_identity_rtol1e-06_rep1.npz: OK
out/fields/N32_case23_cg_identity_rtol1e-06_rep2.npz: OK
out/fields/N32_case23_deeponet3d_r128_w16_podinit.npz: OK
out/fields/N32_case23_dst_exact.npz: OK
out/fields/N32_case23_fno3d_w24_m8.npz: OK
out/fields/N32_case23_linear_bank_galerkin.npz: OK
out/fields/N32_case23_linear_bank_weak_qR.npz: OK
out/fields/N32_case23_nmrom_K16_q0_dense.npz: OK
out/fields/N32_case23_nmrom_K16_q32_dense.npz: OK
out/fields/N32_case23_nmrom_K16_q96_dense.npz: OK
out/fields/N32_case23_pod112_galerkin.npz: OK
out/fields/N32_case23_pod128_galerkin.npz: OK
out/fields/N32_case23_pod16_galerkin.npz: OK
out/fields/N32_case23_pod48_galerkin.npz: OK
out/fields/N32_case23_reference.npz: OK
out/fields/N32_case23_transolver3d_w48_s32.npz: OK
out/fields/N32_case23_unet3d_w16.npz: OK
out/fields/N32_case24_cg_identity_plain_rtol1e-02_rep0.npz: OK
out/fields/N32_case24_cg_identity_plain_rtol1e-02_rep1.npz: OK
out/fields/N32_case24_cg_identity_plain_rtol1e-02_rep2.npz: OK
out/fields/N32_case24_cg_identity_plain_rtol1e-04_rep0.npz: OK
out/fields/N32_case24_cg_identity_plain_rtol1e-04_rep1.npz: OK
out/fields/N32_case24_cg_identity_plain_rtol1e-04_rep2.npz: OK
out/fields/N32_case24_cg_identity_plain_rtol1e-06_rep0.npz: OK
out/fields/N32_case24_cg_identity_plain_rtol1e-06_rep1.npz: OK
out/fields/N32_case24_cg_identity_plain_rtol1e-06_rep2.npz: OK
out/fields/N32_case24_cg_identity_rtol1e-02_rep0.npz: OK
out/fields/N32_case24_cg_identity_rtol1e-02_rep1.npz: OK
out/fields/N32_case24_cg_identity_rtol1e-02_rep2.npz: OK
out/fields/N32_case24_cg_identity_rtol1e-04_rep0.npz: OK
out/fields/N32_case24_cg_identity_rtol1e-04_rep1.npz: OK
out/fields/N32_case24_cg_identity_rtol1e-04_rep2.npz: OK
out/fields/N32_case24_cg_identity_rtol1e-06_rep0.npz: OK
out/fields/N32_case24_cg_identity_rtol1e-06_rep1.npz: OK
out/fields/N32_case24_cg_identity_rtol1e-06_rep2.npz: OK
out/fields/N32_case24_deeponet3d_r128_w16_podinit.npz: OK
out/fields/N32_case24_dst_exact.npz: OK
out/fields/N32_case24_fno3d_w24_m8.npz: OK
out/fields/N32_case24_linear_bank_galerkin.npz: OK
out/fields/N32_case24_linear_bank_weak_qR.npz: OK
out/fields/N32_case24_nmrom_K16_q0_dense.npz: OK
out/fields/N32_case24_nmrom_K16_q32_dense.npz: OK
out/fields/N32_case24_nmrom_K16_q96_dense.npz: OK
out/fields/N32_case24_pod112_galerkin.npz: OK
out/fields/N32_case24_pod128_galerkin.npz: OK
out/fields/N32_case24_pod16_galerkin.npz: OK
out/fields/N32_case24_pod48_galerkin.npz: OK
out/fields/N32_case24_reference.npz: OK
out/fields/N32_case24_transolver3d_w48_s32.npz: OK
out/fields/N32_case24_unet3d_w16.npz: OK
out/fields/N32_case25_cg_identity_plain_rtol1e-02_rep0.npz: OK
out/fields/N32_case25_cg_identity_plain_rtol1e-02_rep1.npz: OK
out/fields/N32_case25_cg_identity_plain_rtol1e-02_rep2.npz: OK
out/fields/N32_case25_cg_identity_plain_rtol1e-04_rep0.npz: OK
out/fields/N32_case25_cg_identity_plain_rtol1e-04_rep1.npz: OK
out/fields/N32_case25_cg_identity_plain_rtol1e-04_rep2.npz: OK
out/fields/N32_case25_cg_identity_plain_rtol1e-06_rep0.npz: OK
out/fields/N32_case25_cg_identity_plain_rtol1e-06_rep1.npz: OK
out/fields/N32_case25_cg_identity_plain_rtol1e-06_rep2.npz: OK
out/fields/N32_case25_cg_identity_rtol1e-02_rep0.npz: OK
out/fields/N32_case25_cg_identity_rtol1e-02_rep1.npz: OK
out/fields/N32_case25_cg_identity_rtol1e-02_rep2.npz: OK
out/fields/N32_case25_cg_identity_rtol1e-04_rep0.npz: OK
out/fields/N32_case25_cg_identity_rtol1e-04_rep1.npz: OK
out/fields/N32_case25_cg_identity_rtol1e-04_rep2.npz: OK
out/fields/N32_case25_cg_identity_rtol1e-06_rep0.npz: OK
out/fields/N32_case25_cg_identity_rtol1e-06_rep1.npz: OK
out/fields/N32_case25_cg_identity_rtol1e-06_rep2.npz: OK
out/fields/N32_case25_deeponet3d_r128_w16_podinit.npz: OK
out/fields/N32_case25_dst_exact.npz: OK
out/fields/N32_case25_fno3d_w24_m8.npz: OK
out/fields/N32_case25_linear_bank_galerkin.npz: OK
out/fields/N32_case25_linear_bank_weak_qR.npz: OK
out/fields/N32_case25_nmrom_K16_q0_dense.npz: OK
out/fields/N32_case25_nmrom_K16_q32_dense.npz: OK
out/fields/N32_case25_nmrom_K16_q96_dense.npz: OK
out/fields/N32_case25_pod112_galerkin.npz: OK
out/fields/N32_case25_pod128_galerkin.npz: OK
out/fields/N32_case25_pod16_galerkin.npz: OK
out/fields/N32_case25_pod48_galerkin.npz: OK
out/fields/N32_case25_reference.npz: OK
out/fields/N32_case25_transolver3d_w48_s32.npz: OK
out/fields/N32_case25_unet3d_w16.npz: OK
out/fields/N32_case26_cg_identity_plain_rtol1e-02_rep0.npz: OK
out/fields/N32_case26_cg_identity_plain_rtol1e-02_rep1.npz: OK
out/fields/N32_case26_cg_identity_plain_rtol1e-02_rep2.npz: OK
out/fields/N32_case26_cg_identity_plain_rtol1e-04_rep0.npz: OK
out/fields/N32_case26_cg_identity_plain_rtol1e-04_rep1.npz: OK
out/fields/N32_case26_cg_identity_plain_rtol1e-04_rep2.npz: OK
out/fields/N32_case26_cg_identity_plain_rtol1e-06_rep0.npz: OK
out/fields/N32_case26_cg_identity_plain_rtol1e-06_rep1.npz: OK
out/fields/N32_case26_cg_identity_plain_rtol1e-06_rep2.npz: OK
out/fields/N32_case26_cg_identity_rtol1e-02_rep0.npz: OK
out/fields/N32_case26_cg_identity_rtol1e-02_rep1.npz: OK
out/fields/N32_case26_cg_identity_rtol1e-02_rep2.npz: OK
out/fields/N32_case26_cg_identity_rtol1e-04_rep0.npz: OK
out/fields/N32_case26_cg_identity_rtol1e-04_rep1.npz: OK
out/fields/N32_case26_cg_identity_rtol1e-04_rep2.npz: OK
out/fields/N32_case26_cg_identity_rtol1e-06_rep0.npz: OK
out/fields/N32_case26_cg_identity_rtol1e-06_rep1.npz: OK
out/fields/N32_case26_cg_identity_rtol1e-06_rep2.npz: OK
out/fields/N32_case26_deeponet3d_r128_w16_podinit.npz: OK
out/fields/N32_case26_dst_exact.npz: OK
out/fields/N32_case26_fno3d_w24_m8.npz: OK
out/fields/N32_case26_linear_bank_galerkin.npz: OK
out/fields/N32_case26_linear_bank_weak_qR.npz: OK
out/fields/N32_case26_nmrom_K16_q0_dense.npz: OK
out/fields/N32_case26_nmrom_K16_q32_dense.npz: OK
out/fields/N32_case26_nmrom_K16_q96_dense.npz: OK
out/fields/N32_case26_pod112_galerkin.npz: OK
out/fields/N32_case26_pod128_galerkin.npz: OK
out/fields/N32_case26_pod16_galerkin.npz: OK
out/fields/N32_case26_pod48_galerkin.npz: OK
out/fields/N32_case26_reference.npz: OK
out/fields/N32_case26_transolver3d_w48_s32.npz: OK
out/fields/N32_case26_unet3d_w16.npz: OK
out/fields/N32_case27_cg_identity_plain_rtol1e-02_rep0.npz: OK
out/fields/N32_case27_cg_identity_plain_rtol1e-02_rep1.npz: OK
out/fields/N32_case27_cg_identity_plain_rtol1e-02_rep2.npz: OK
out/fields/N32_case27_cg_identity_plain_rtol1e-04_rep0.npz: OK
out/fields/N32_case27_cg_identity_plain_rtol1e-04_rep1.npz: OK
out/fields/N32_case27_cg_identity_plain_rtol1e-04_rep2.npz: OK
out/fields/N32_case27_cg_identity_plain_rtol1e-06_rep0.npz: OK
out/fields/N32_case27_cg_identity_plain_rtol1e-06_rep1.npz: OK
out/fields/N32_case27_cg_identity_plain_rtol1e-06_rep2.npz: OK
out/fields/N32_case27_cg_identity_rtol1e-02_rep0.npz: OK
out/fields/N32_case27_cg_identity_rtol1e-02_rep1.npz: OK
out/fields/N32_case27_cg_identity_rtol1e-02_rep2.npz: OK
out/fields/N32_case27_cg_identity_rtol1e-04_rep0.npz: OK
out/fields/N32_case27_cg_identity_rtol1e-04_rep1.npz: OK
out/fields/N32_case27_cg_identity_rtol1e-04_rep2.npz: OK
out/fields/N32_case27_cg_identity_rtol1e-06_rep0.npz: OK
out/fields/N32_case27_cg_identity_rtol1e-06_rep1.npz: OK
out/fields/N32_case27_cg_identity_rtol1e-06_rep2.npz: OK
out/fields/N32_case27_deeponet3d_r128_w16_podinit.npz: OK
out/fields/N32_case27_dst_exact.npz: OK
out/fields/N32_case27_fno3d_w24_m8.npz: OK
out/fields/N32_case27_linear_bank_galerkin.npz: OK
out/fields/N32_case27_linear_bank_weak_qR.npz: OK
out/fields/N32_case27_nmrom_K16_q0_dense.npz: OK
out/fields/N32_case27_nmrom_K16_q32_dense.npz: OK
out/fields/N32_case27_nmrom_K16_q96_dense.npz: OK
out/fields/N32_case27_pod112_galerkin.npz: OK
out/fields/N32_case27_pod128_galerkin.npz: OK
out/fields/N32_case27_pod16_galerkin.npz: OK
out/fields/N32_case27_pod48_galerkin.npz: OK
out/fields/N32_case27_reference.npz: OK
out/fields/N32_case27_transolver3d_w48_s32.npz: OK
out/fields/N32_case27_unet3d_w16.npz: OK
out/fields/N32_case28_cg_identity_plain_rtol1e-02_rep0.npz: OK
out/fields/N32_case28_cg_identity_plain_rtol1e-02_rep1.npz: OK
out/fields/N32_case28_cg_identity_plain_rtol1e-02_rep2.npz: OK
out/fields/N32_case28_cg_identity_plain_rtol1e-04_rep0.npz: OK
out/fields/N32_case28_cg_identity_plain_rtol1e-04_rep1.npz: OK
out/fields/N32_case28_cg_identity_plain_rtol1e-04_rep2.npz: OK
out/fields/N32_case28_cg_identity_plain_rtol1e-06_rep0.npz: OK
out/fields/N32_case28_cg_identity_plain_rtol1e-06_rep1.npz: OK
out/fields/N32_case28_cg_identity_plain_rtol1e-06_rep2.npz: OK
out/fields/N32_case28_cg_identity_rtol1e-02_rep0.npz: OK
out/fields/N32_case28_cg_identity_rtol1e-02_rep1.npz: OK
out/fields/N32_case28_cg_identity_rtol1e-02_rep2.npz: OK
out/fields/N32_case28_cg_identity_rtol1e-04_rep0.npz: OK
out/fields/N32_case28_cg_identity_rtol1e-04_rep1.npz: OK
out/fields/N32_case28_cg_identity_rtol1e-04_rep2.npz: OK
out/fields/N32_case28_cg_identity_rtol1e-06_rep0.npz: OK
out/fields/N32_case28_cg_identity_rtol1e-06_rep1.npz: OK
out/fields/N32_case28_cg_identity_rtol1e-06_rep2.npz: OK
out/fields/N32_case28_deeponet3d_r128_w16_podinit.npz: OK
out/fields/N32_case28_dst_exact.npz: OK
out/fields/N32_case28_fno3d_w24_m8.npz: OK
out/fields/N32_case28_linear_bank_galerkin.npz: OK
out/fields/N32_case28_linear_bank_weak_qR.npz: OK
out/fields/N32_case28_nmrom_K16_q0_dense.npz: OK
out/fields/N32_case28_nmrom_K16_q32_dense.npz: OK
out/fields/N32_case28_nmrom_K16_q96_dense.npz: OK
out/fields/N32_case28_pod112_galerkin.npz: OK
out/fields/N32_case28_pod128_galerkin.npz: OK
out/fields/N32_case28_pod16_galerkin.npz: OK
out/fields/N32_case28_pod48_galerkin.npz: OK
out/fields/N32_case28_reference.npz: OK
out/fields/N32_case28_transolver3d_w48_s32.npz: OK
out/fields/N32_case28_unet3d_w16.npz: OK
out/fields/N32_case29_cg_identity_plain_rtol1e-02_rep0.npz: OK
out/fields/N32_case29_cg_identity_plain_rtol1e-02_rep1.npz: OK
out/fields/N32_case29_cg_identity_plain_rtol1e-02_rep2.npz: OK
out/fields/N32_case29_cg_identity_plain_rtol1e-04_rep0.npz: OK
out/fields/N32_case29_cg_identity_plain_rtol1e-04_rep1.npz: OK
out/fields/N32_case29_cg_identity_plain_rtol1e-04_rep2.npz: OK
out/fields/N32_case29_cg_identity_plain_rtol1e-06_rep0.npz: OK
out/fields/N32_case29_cg_identity_plain_rtol1e-06_rep1.npz: OK
out/fields/N32_case29_cg_identity_plain_rtol1e-06_rep2.npz: OK
out/fields/N32_case29_cg_identity_rtol1e-02_rep0.npz: OK
out/fields/N32_case29_cg_identity_rtol1e-02_rep1.npz: OK
out/fields/N32_case29_cg_identity_rtol1e-02_rep2.npz: OK
out/fields/N32_case29_cg_identity_rtol1e-04_rep0.npz: OK
out/fields/N32_case29_cg_identity_rtol1e-04_rep1.npz: OK
out/fields/N32_case29_cg_identity_rtol1e-04_rep2.npz: OK
out/fields/N32_case29_cg_identity_rtol1e-06_rep0.npz: OK
out/fields/N32_case29_cg_identity_rtol1e-06_rep1.npz: OK
out/fields/N32_case29_cg_identity_rtol1e-06_rep2.npz: OK
out/fields/N32_case29_deeponet3d_r128_w16_podinit.npz: OK
out/fields/N32_case29_dst_exact.npz: OK
out/fields/N32_case29_fno3d_w24_m8.npz: OK
out/fields/N32_case29_linear_bank_galerkin.npz: OK
out/fields/N32_case29_linear_bank_weak_qR.npz: OK
out/fields/N32_case29_nmrom_K16_q0_dense.npz: OK
out/fields/N32_case29_nmrom_K16_q32_dense.npz: OK
out/fields/N32_case29_nmrom_K16_q96_dense.npz: OK
out/fields/N32_case29_pod112_galerkin.npz: OK
out/fields/N32_case29_pod128_galerkin.npz: OK
out/fields/N32_case29_pod16_galerkin.npz: OK
out/fields/N32_case29_pod48_galerkin.npz: OK
out/fields/N32_case29_reference.npz: OK
out/fields/N32_case29_transolver3d_w48_s32.npz: OK
out/fields/N32_case29_unet3d_w16.npz: OK
out/fields/N32_case2_cg_identity_plain_rtol1e-02_rep0.npz: OK
out/fields/N32_case2_cg_identity_plain_rtol1e-02_rep1.npz: OK
out/fields/N32_case2_cg_identity_plain_rtol1e-02_rep2.npz: OK
out/fields/N32_case2_cg_identity_plain_rtol1e-04_rep0.npz: OK
out/fields/N32_case2_cg_identity_plain_rtol1e-04_rep1.npz: OK
out/fields/N32_case2_cg_identity_plain_rtol1e-04_rep2.npz: OK
out/fields/N32_case2_cg_identity_plain_rtol1e-06_rep0.npz: OK
out/fields/N32_case2_cg_identity_plain_rtol1e-06_rep1.npz: OK
out/fields/N32_case2_cg_identity_plain_rtol1e-06_rep2.npz: OK
out/fields/N32_case2_cg_identity_rtol1e-02_rep0.npz: OK
out/fields/N32_case2_cg_identity_rtol1e-02_rep1.npz: OK
out/fields/N32_case2_cg_identity_rtol1e-02_rep2.npz: OK
out/fields/N32_case2_cg_identity_rtol1e-04_rep0.npz: OK
out/fields/N32_case2_cg_identity_rtol1e-04_rep1.npz: OK
out/fields/N32_case2_cg_identity_rtol1e-04_rep2.npz: OK
out/fields/N32_case2_cg_identity_rtol1e-06_rep0.npz: OK
out/fields/N32_case2_cg_identity_rtol1e-06_rep1.npz: OK
out/fields/N32_case2_cg_identity_rtol1e-06_rep2.npz: OK
out/fields/N32_case2_deeponet3d_r128_w16_podinit.npz: OK
out/fields/N32_case2_dst_exact.npz: OK
out/fields/N32_case2_fno3d_w24_m8.npz: OK
out/fields/N32_case2_linear_bank_galerkin.npz: OK
out/fields/N32_case2_linear_bank_weak_qR.npz: OK
out/fields/N32_case2_nmrom_K16_q0_dense.npz: OK
out/fields/N32_case2_nmrom_K16_q32_dense.npz: OK
out/fields/N32_case2_nmrom_K16_q96_dense.npz: OK
out/fields/N32_case2_pod112_galerkin.npz: OK
out/fields/N32_case2_pod128_galerkin.npz: OK
out/fields/N32_case2_pod16_galerkin.npz: OK
out/fields/N32_case2_pod48_galerkin.npz: OK
out/fields/N32_case2_reference.npz: OK
out/fields/N32_case2_transolver3d_w48_s32.npz: OK
out/fields/N32_case2_unet3d_w16.npz: OK
out/fields/N32_case30_cg_identity_plain_rtol1e-02_rep0.npz: OK
out/fields/N32_case30_cg_identity_plain_rtol1e-02_rep1.npz: OK
out/fields/N32_case30_cg_identity_plain_rtol1e-02_rep2.npz: OK
out/fields/N32_case30_cg_identity_plain_rtol1e-04_rep0.npz: OK
out/fields/N32_case30_cg_identity_plain_rtol1e-04_rep1.npz: OK
out/fields/N32_case30_cg_identity_plain_rtol1e-04_rep2.npz: OK
out/fields/N32_case30_cg_identity_plain_rtol1e-06_rep0.npz: OK
out/fields/N32_case30_cg_identity_plain_rtol1e-06_rep1.npz: OK
out/fields/N32_case30_cg_identity_plain_rtol1e-06_rep2.npz: OK
out/fields/N32_case30_cg_identity_rtol1e-02_rep0.npz: OK
out/fields/N32_case30_cg_identity_rtol1e-02_rep1.npz: OK
out/fields/N32_case30_cg_identity_rtol1e-02_rep2.npz: OK
out/fields/N32_case30_cg_identity_rtol1e-04_rep0.npz: OK
out/fields/N32_case30_cg_identity_rtol1e-04_rep1.npz: OK
out/fields/N32_case30_cg_identity_rtol1e-04_rep2.npz: OK
out/fields/N32_case30_cg_identity_rtol1e-06_rep0.npz: OK
out/fields/N32_case30_cg_identity_rtol1e-06_rep1.npz: OK
out/fields/N32_case30_cg_identity_rtol1e-06_rep2.npz: OK
out/fields/N32_case30_deeponet3d_r128_w16_podinit.npz: OK
out/fields/N32_case30_dst_exact.npz: OK
out/fields/N32_case30_fno3d_w24_m8.npz: OK
out/fields/N32_case30_linear_bank_galerkin.npz: OK
out/fields/N32_case30_linear_bank_weak_qR.npz: OK
out/fields/N32_case30_nmrom_K16_q0_dense.npz: OK
out/fields/N32_case30_nmrom_K16_q32_dense.npz: OK
out/fields/N32_case30_nmrom_K16_q96_dense.npz: OK
out/fields/N32_case30_pod112_galerkin.npz: OK
out/fields/N32_case30_pod128_galerkin.npz: OK
out/fields/N32_case30_pod16_galerkin.npz: OK
out/fields/N32_case30_pod48_galerkin.npz: OK
out/fields/N32_case30_reference.npz: OK
out/fields/N32_case30_transolver3d_w48_s32.npz: OK
out/fields/N32_case30_unet3d_w16.npz: OK
out/fields/N32_case31_cg_identity_plain_rtol1e-02_rep0.npz: OK
out/fields/N32_case31_cg_identity_plain_rtol1e-02_rep1.npz: OK
out/fields/N32_case31_cg_identity_plain_rtol1e-02_rep2.npz: OK
out/fields/N32_case31_cg_identity_plain_rtol1e-04_rep0.npz: OK
out/fields/N32_case31_cg_identity_plain_rtol1e-04_rep1.npz: OK
out/fields/N32_case31_cg_identity_plain_rtol1e-04_rep2.npz: OK
out/fields/N32_case31_cg_identity_plain_rtol1e-06_rep0.npz: OK
out/fields/N32_case31_cg_identity_plain_rtol1e-06_rep1.npz: OK
out/fields/N32_case31_cg_identity_plain_rtol1e-06_rep2.npz: OK
out/fields/N32_case31_cg_identity_rtol1e-02_rep0.npz: OK
out/fields/N32_case31_cg_identity_rtol1e-02_rep1.npz: OK
out/fields/N32_case31_cg_identity_rtol1e-02_rep2.npz: OK
out/fields/N32_case31_cg_identity_rtol1e-04_rep0.npz: OK
out/fields/N32_case31_cg_identity_rtol1e-04_rep1.npz: OK
out/fields/N32_case31_cg_identity_rtol1e-04_rep2.npz: OK
out/fields/N32_case31_cg_identity_rtol1e-06_rep0.npz: OK
out/fields/N32_case31_cg_identity_rtol1e-06_rep1.npz: OK
out/fields/N32_case31_cg_identity_rtol1e-06_rep2.npz: OK
out/fields/N32_case31_deeponet3d_r128_w16_podinit.npz: OK
out/fields/N32_case31_dst_exact.npz: OK
out/fields/N32_case31_fno3d_w24_m8.npz: OK
out/fields/N32_case31_linear_bank_galerkin.npz: OK
out/fields/N32_case31_linear_bank_weak_qR.npz: OK
out/fields/N32_case31_nmrom_K16_q0_dense.npz: OK
out/fields/N32_case31_nmrom_K16_q32_dense.npz: OK
out/fields/N32_case31_nmrom_K16_q96_dense.npz: OK
out/fields/N32_case31_pod112_galerkin.npz: OK
out/fields/N32_case31_pod128_galerkin.npz: OK
out/fields/N32_case31_pod16_galerkin.npz: OK
out/fields/N32_case31_pod48_galerkin.npz: OK
out/fields/N32_case31_reference.npz: OK
out/fields/N32_case31_transolver3d_w48_s32.npz: OK
out/fields/N32_case31_unet3d_w16.npz: OK
out/fields/N32_case32_cg_identity_plain_rtol1e-02_rep0.npz: OK
out/fields/N32_case32_cg_identity_plain_rtol1e-02_rep1.npz: OK
out/fields/N32_case32_cg_identity_plain_rtol1e-02_rep2.npz: OK
out/fields/N32_case32_cg_identity_plain_rtol1e-04_rep0.npz: OK
out/fields/N32_case32_cg_identity_plain_rtol1e-04_rep1.npz: OK
out/fields/N32_case32_cg_identity_plain_rtol1e-04_rep2.npz: OK
out/fields/N32_case32_cg_identity_plain_rtol1e-06_rep0.npz: OK
out/fields/N32_case32_cg_identity_plain_rtol1e-06_rep1.npz: OK
out/fields/N32_case32_cg_identity_plain_rtol1e-06_rep2.npz: OK
out/fields/N32_case32_cg_identity_rtol1e-02_rep0.npz: OK
out/fields/N32_case32_cg_identity_rtol1e-02_rep1.npz: OK
out/fields/N32_case32_cg_identity_rtol1e-02_rep2.npz: OK
out/fields/N32_case32_cg_identity_rtol1e-04_rep0.npz: OK
out/fields/N32_case32_cg_identity_rtol1e-04_rep1.npz: OK
out/fields/N32_case32_cg_identity_rtol1e-04_rep2.npz: OK
out/fields/N32_case32_cg_identity_rtol1e-06_rep0.npz: OK
out/fields/N32_case32_cg_identity_rtol1e-06_rep1.npz: OK
out/fields/N32_case32_cg_identity_rtol1e-06_rep2.npz: OK
out/fields/N32_case32_deeponet3d_r128_w16_podinit.npz: OK
out/fields/N32_case32_dst_exact.npz: OK
out/fields/N32_case32_fno3d_w24_m8.npz: OK
out/fields/N32_case32_linear_bank_galerkin.npz: OK
out/fields/N32_case32_linear_bank_weak_qR.npz: OK
out/fields/N32_case32_nmrom_K16_q0_dense.npz: OK
out/fields/N32_case32_nmrom_K16_q32_dense.npz: OK
out/fields/N32_case32_nmrom_K16_q96_dense.npz: OK
out/fields/N32_case32_pod112_galerkin.npz: OK
out/fields/N32_case32_pod128_galerkin.npz: OK
out/fields/N32_case32_pod16_galerkin.npz: OK
out/fields/N32_case32_pod48_galerkin.npz: OK
out/fields/N32_case32_reference.npz: OK
out/fields/N32_case32_transolver3d_w48_s32.npz: OK
out/fields/N32_case32_unet3d_w16.npz: OK
out/fields/N32_case33_cg_identity_plain_rtol1e-02_rep0.npz: OK
out/fields/N32_case33_cg_identity_plain_rtol1e-02_rep1.npz: OK
out/fields/N32_case33_cg_identity_plain_rtol1e-02_rep2.npz: OK
out/fields/N32_case33_cg_identity_plain_rtol1e-04_rep0.npz: OK
out/fields/N32_case33_cg_identity_plain_rtol1e-04_rep1.npz: OK
out/fields/N32_case33_cg_identity_plain_rtol1e-04_rep2.npz: OK
out/fields/N32_case33_cg_identity_plain_rtol1e-06_rep0.npz: OK
out/fields/N32_case33_cg_identity_plain_rtol1e-06_rep1.npz: OK
out/fields/N32_case33_cg_identity_plain_rtol1e-06_rep2.npz: OK
out/fields/N32_case33_cg_identity_rtol1e-02_rep0.npz: OK
out/fields/N32_case33_cg_identity_rtol1e-02_rep1.npz: OK
out/fields/N32_case33_cg_identity_rtol1e-02_rep2.npz: OK
out/fields/N32_case33_cg_identity_rtol1e-04_rep0.npz: OK
out/fields/N32_case33_cg_identity_rtol1e-04_rep1.npz: OK
out/fields/N32_case33_cg_identity_rtol1e-04_rep2.npz: OK
out/fields/N32_case33_cg_identity_rtol1e-06_rep0.npz: OK
out/fields/N32_case33_cg_identity_rtol1e-06_rep1.npz: OK
out/fields/N32_case33_cg_identity_rtol1e-06_rep2.npz: OK
out/fields/N32_case33_deeponet3d_r128_w16_podinit.npz: OK
out/fields/N32_case33_dst_exact.npz: OK
out/fields/N32_case33_fno3d_w24_m8.npz: OK
out/fields/N32_case33_linear_bank_galerkin.npz: OK
out/fields/N32_case33_linear_bank_weak_qR.npz: OK
out/fields/N32_case33_nmrom_K16_q0_dense.npz: OK
out/fields/N32_case33_nmrom_K16_q32_dense.npz: OK
out/fields/N32_case33_nmrom_K16_q96_dense.npz: OK
out/fields/N32_case33_pod112_galerkin.npz: OK
out/fields/N32_case33_pod128_galerkin.npz: OK
out/fields/N32_case33_pod16_galerkin.npz: OK
out/fields/N32_case33_pod48_galerkin.npz: OK
out/fields/N32_case33_reference.npz: OK
out/fields/N32_case33_transolver3d_w48_s32.npz: OK
out/fields/N32_case33_unet3d_w16.npz: OK
out/fields/N32_case34_cg_identity_plain_rtol1e-02_rep0.npz: OK
out/fields/N32_case34_cg_identity_plain_rtol1e-02_rep1.npz: OK
out/fields/N32_case34_cg_identity_plain_rtol1e-02_rep2.npz: OK
out/fields/N32_case34_cg_identity_plain_rtol1e-04_rep0.npz: OK
out/fields/N32_case34_cg_identity_plain_rtol1e-04_rep1.npz: OK
out/fields/N32_case34_cg_identity_plain_rtol1e-04_rep2.npz: OK
out/fields/N32_case34_cg_identity_plain_rtol1e-06_rep0.npz: OK
out/fields/N32_case34_cg_identity_plain_rtol1e-06_rep1.npz: OK
out/fields/N32_case34_cg_identity_plain_rtol1e-06_rep2.npz: OK
out/fields/N32_case34_cg_identity_rtol1e-02_rep0.npz: OK
out/fields/N32_case34_cg_identity_rtol1e-02_rep1.npz: OK
out/fields/N32_case34_cg_identity_rtol1e-02_rep2.npz: OK
out/fields/N32_case34_cg_identity_rtol1e-04_rep0.npz: OK
out/fields/N32_case34_cg_identity_rtol1e-04_rep1.npz: OK
out/fields/N32_case34_cg_identity_rtol1e-04_rep2.npz: OK
out/fields/N32_case34_cg_identity_rtol1e-06_rep0.npz: OK
out/fields/N32_case34_cg_identity_rtol1e-06_rep1.npz: OK
out/fields/N32_case34_cg_identity_rtol1e-06_rep2.npz: OK
out/fields/N32_case34_deeponet3d_r128_w16_podinit.npz: OK
out/fields/N32_case34_dst_exact.npz: OK
out/fields/N32_case34_fno3d_w24_m8.npz: OK
out/fields/N32_case34_linear_bank_galerkin.npz: OK
out/fields/N32_case34_linear_bank_weak_qR.npz: OK
out/fields/N32_case34_nmrom_K16_q0_dense.npz: OK
out/fields/N32_case34_nmrom_K16_q32_dense.npz: OK
out/fields/N32_case34_nmrom_K16_q96_dense.npz: OK
out/fields/N32_case34_pod112_galerkin.npz: OK
out/fields/N32_case34_pod128_galerkin.npz: OK
out/fields/N32_case34_pod16_galerkin.npz: OK
out/fields/N32_case34_pod48_galerkin.npz: OK
out/fields/N32_case34_reference.npz: OK
out/fields/N32_case34_transolver3d_w48_s32.npz: OK
out/fields/N32_case34_unet3d_w16.npz: OK
out/fields/N32_case35_cg_identity_plain_rtol1e-02_rep0.npz: OK
out/fields/N32_case35_cg_identity_plain_rtol1e-02_rep1.npz: OK
out/fields/N32_case35_cg_identity_plain_rtol1e-02_rep2.npz: OK
out/fields/N32_case35_cg_identity_plain_rtol1e-04_rep0.npz: OK
out/fields/N32_case35_cg_identity_plain_rtol1e-04_rep1.npz: OK
out/fields/N32_case35_cg_identity_plain_rtol1e-04_rep2.npz: OK
out/fields/N32_case35_cg_identity_plain_rtol1e-06_rep0.npz: OK
out/fields/N32_case35_cg_identity_plain_rtol1e-06_rep1.npz: OK
out/fields/N32_case35_cg_identity_plain_rtol1e-06_rep2.npz: OK
out/fields/N32_case35_cg_identity_rtol1e-02_rep0.npz: OK
out/fields/N32_case35_cg_identity_rtol1e-02_rep1.npz: OK
out/fields/N32_case35_cg_identity_rtol1e-02_rep2.npz: OK
out/fields/N32_case35_cg_identity_rtol1e-04_rep0.npz: OK
out/fields/N32_case35_cg_identity_rtol1e-04_rep1.npz: OK
out/fields/N32_case35_cg_identity_rtol1e-04_rep2.npz: OK
out/fields/N32_case35_cg_identity_rtol1e-06_rep0.npz: OK
out/fields/N32_case35_cg_identity_rtol1e-06_rep1.npz: OK
out/fields/N32_case35_cg_identity_rtol1e-06_rep2.npz: OK
out/fields/N32_case35_deeponet3d_r128_w16_podinit.npz: OK
out/fields/N32_case35_dst_exact.npz: OK
out/fields/N32_case35_fno3d_w24_m8.npz: OK
out/fields/N32_case35_linear_bank_galerkin.npz: OK
out/fields/N32_case35_linear_bank_weak_qR.npz: OK
out/fields/N32_case35_nmrom_K16_q0_dense.npz: OK
out/fields/N32_case35_nmrom_K16_q32_dense.npz: OK
out/fields/N32_case35_nmrom_K16_q96_dense.npz: OK
out/fields/N32_case35_pod112_galerkin.npz: OK
out/fields/N32_case35_pod128_galerkin.npz: OK
out/fields/N32_case35_pod16_galerkin.npz: OK
out/fields/N32_case35_pod48_galerkin.npz: OK
out/fields/N32_case35_reference.npz: OK
out/fields/N32_case35_transolver3d_w48_s32.npz: OK
out/fields/N32_case35_unet3d_w16.npz: OK
out/fields/N32_case36_cg_identity_plain_rtol1e-02_rep0.npz: OK
out/fields/N32_case36_cg_identity_plain_rtol1e-02_rep1.npz: OK
out/fields/N32_case36_cg_identity_plain_rtol1e-02_rep2.npz: OK
out/fields/N32_case36_cg_identity_plain_rtol1e-04_rep0.npz: OK
out/fields/N32_case36_cg_identity_plain_rtol1e-04_rep1.npz: OK
out/fields/N32_case36_cg_identity_plain_rtol1e-04_rep2.npz: OK
out/fields/N32_case36_cg_identity_plain_rtol1e-06_rep0.npz: OK
out/fields/N32_case36_cg_identity_plain_rtol1e-06_rep1.npz: OK
out/fields/N32_case36_cg_identity_plain_rtol1e-06_rep2.npz: OK
out/fields/N32_case36_cg_identity_rtol1e-02_rep0.npz: OK
out/fields/N32_case36_cg_identity_rtol1e-02_rep1.npz: OK
out/fields/N32_case36_cg_identity_rtol1e-02_rep2.npz: OK
out/fields/N32_case36_cg_identity_rtol1e-04_rep0.npz: OK
out/fields/N32_case36_cg_identity_rtol1e-04_rep1.npz: OK
out/fields/N32_case36_cg_identity_rtol1e-04_rep2.npz: OK
out/fields/N32_case36_cg_identity_rtol1e-06_rep0.npz: OK
out/fields/N32_case36_cg_identity_rtol1e-06_rep1.npz: OK
out/fields/N32_case36_cg_identity_rtol1e-06_rep2.npz: OK
out/fields/N32_case36_deeponet3d_r128_w16_podinit.npz: OK
out/fields/N32_case36_dst_exact.npz: OK
out/fields/N32_case36_fno3d_w24_m8.npz: OK
out/fields/N32_case36_linear_bank_galerkin.npz: OK
out/fields/N32_case36_linear_bank_weak_qR.npz: OK
out/fields/N32_case36_nmrom_K16_q0_dense.npz: OK
out/fields/N32_case36_nmrom_K16_q32_dense.npz: OK
out/fields/N32_case36_nmrom_K16_q96_dense.npz: OK
out/fields/N32_case36_pod112_galerkin.npz: OK
out/fields/N32_case36_pod128_galerkin.npz: OK
out/fields/N32_case36_pod16_galerkin.npz: OK
out/fields/N32_case36_pod48_galerkin.npz: OK
out/fields/N32_case36_reference.npz: OK
out/fields/N32_case36_transolver3d_w48_s32.npz: OK
out/fields/N32_case36_unet3d_w16.npz: OK
out/fields/N32_case37_cg_identity_plain_rtol1e-02_rep0.npz: OK
out/fields/N32_case37_cg_identity_plain_rtol1e-02_rep1.npz: OK
out/fields/N32_case37_cg_identity_plain_rtol1e-02_rep2.npz: OK
out/fields/N32_case37_cg_identity_plain_rtol1e-04_rep0.npz: OK
out/fields/N32_case37_cg_identity_plain_rtol1e-04_rep1.npz: OK
out/fields/N32_case37_cg_identity_plain_rtol1e-04_rep2.npz: OK
out/fields/N32_case37_cg_identity_plain_rtol1e-06_rep0.npz: OK
out/fields/N32_case37_cg_identity_plain_rtol1e-06_rep1.npz: OK
out/fields/N32_case37_cg_identity_plain_rtol1e-06_rep2.npz: OK
out/fields/N32_case37_cg_identity_rtol1e-02_rep0.npz: OK
out/fields/N32_case37_cg_identity_rtol1e-02_rep1.npz: OK
out/fields/N32_case37_cg_identity_rtol1e-02_rep2.npz: OK
out/fields/N32_case37_cg_identity_rtol1e-04_rep0.npz: OK
out/fields/N32_case37_cg_identity_rtol1e-04_rep1.npz: OK
out/fields/N32_case37_cg_identity_rtol1e-04_rep2.npz: OK
out/fields/N32_case37_cg_identity_rtol1e-06_rep0.npz: OK
out/fields/N32_case37_cg_identity_rtol1e-06_rep1.npz: OK
out/fields/N32_case37_cg_identity_rtol1e-06_rep2.npz: OK
out/fields/N32_case37_deeponet3d_r128_w16_podinit.npz: OK
out/fields/N32_case37_dst_exact.npz: OK
out/fields/N32_case37_fno3d_w24_m8.npz: OK
out/fields/N32_case37_linear_bank_galerkin.npz: OK
out/fields/N32_case37_linear_bank_weak_qR.npz: OK
out/fields/N32_case37_nmrom_K16_q0_dense.npz: OK
out/fields/N32_case37_nmrom_K16_q32_dense.npz: OK
out/fields/N32_case37_nmrom_K16_q96_dense.npz: OK
out/fields/N32_case37_pod112_galerkin.npz: OK
out/fields/N32_case37_pod128_galerkin.npz: OK
out/fields/N32_case37_pod16_galerkin.npz: OK
out/fields/N32_case37_pod48_galerkin.npz: OK
out/fields/N32_case37_reference.npz: OK
out/fields/N32_case37_transolver3d_w48_s32.npz: OK
out/fields/N32_case37_unet3d_w16.npz: OK
out/fields/N32_case38_cg_identity_plain_rtol1e-02_rep0.npz: OK
out/fields/N32_case38_cg_identity_plain_rtol1e-02_rep1.npz: OK
out/fields/N32_case38_cg_identity_plain_rtol1e-02_rep2.npz: OK
out/fields/N32_case38_cg_identity_plain_rtol1e-04_rep0.npz: OK
out/fields/N32_case38_cg_identity_plain_rtol1e-04_rep1.npz: OK
out/fields/N32_case38_cg_identity_plain_rtol1e-04_rep2.npz: OK
out/fields/N32_case38_cg_identity_plain_rtol1e-06_rep0.npz: OK
out/fields/N32_case38_cg_identity_plain_rtol1e-06_rep1.npz: OK
out/fields/N32_case38_cg_identity_plain_rtol1e-06_rep2.npz: OK
out/fields/N32_case38_cg_identity_rtol1e-02_rep0.npz: OK
out/fields/N32_case38_cg_identity_rtol1e-02_rep1.npz: OK
out/fields/N32_case38_cg_identity_rtol1e-02_rep2.npz: OK
out/fields/N32_case38_cg_identity_rtol1e-04_rep0.npz: OK
out/fields/N32_case38_cg_identity_rtol1e-04_rep1.npz: OK
out/fields/N32_case38_cg_identity_rtol1e-04_rep2.npz: OK
out/fields/N32_case38_cg_identity_rtol1e-06_rep0.npz: OK
out/fields/N32_case38_cg_identity_rtol1e-06_rep1.npz: OK
out/fields/N32_case38_cg_identity_rtol1e-06_rep2.npz: OK
out/fields/N32_case38_deeponet3d_r128_w16_podinit.npz: OK
out/fields/N32_case38_dst_exact.npz: OK
out/fields/N32_case38_fno3d_w24_m8.npz: OK
out/fields/N32_case38_linear_bank_galerkin.npz: OK
out/fields/N32_case38_linear_bank_weak_qR.npz: OK
out/fields/N32_case38_nmrom_K16_q0_dense.npz: OK
out/fields/N32_case38_nmrom_K16_q32_dense.npz: OK
out/fields/N32_case38_nmrom_K16_q96_dense.npz: OK
out/fields/N32_case38_pod112_galerkin.npz: OK
out/fields/N32_case38_pod128_galerkin.npz: OK
out/fields/N32_case38_pod16_galerkin.npz: OK
out/fields/N32_case38_pod48_galerkin.npz: OK
out/fields/N32_case38_reference.npz: OK
out/fields/N32_case38_transolver3d_w48_s32.npz: OK
out/fields/N32_case38_unet3d_w16.npz: OK
out/fields/N32_case39_cg_identity_plain_rtol1e-02_rep0.npz: OK
out/fields/N32_case39_cg_identity_plain_rtol1e-02_rep1.npz: OK
out/fields/N32_case39_cg_identity_plain_rtol1e-02_rep2.npz: OK
out/fields/N32_case39_cg_identity_plain_rtol1e-04_rep0.npz: OK
out/fields/N32_case39_cg_identity_plain_rtol1e-04_rep1.npz: OK
out/fields/N32_case39_cg_identity_plain_rtol1e-04_rep2.npz: OK
out/fields/N32_case39_cg_identity_plain_rtol1e-06_rep0.npz: OK
out/fields/N32_case39_cg_identity_plain_rtol1e-06_rep1.npz: OK
out/fields/N32_case39_cg_identity_plain_rtol1e-06_rep2.npz: OK
out/fields/N32_case39_cg_identity_rtol1e-02_rep0.npz: OK
out/fields/N32_case39_cg_identity_rtol1e-02_rep1.npz: OK
out/fields/N32_case39_cg_identity_rtol1e-02_rep2.npz: OK
out/fields/N32_case39_cg_identity_rtol1e-04_rep0.npz: OK
out/fields/N32_case39_cg_identity_rtol1e-04_rep1.npz: OK
out/fields/N32_case39_cg_identity_rtol1e-04_rep2.npz: OK
out/fields/N32_case39_cg_identity_rtol1e-06_rep0.npz: OK
out/fields/N32_case39_cg_identity_rtol1e-06_rep1.npz: OK
out/fields/N32_case39_cg_identity_rtol1e-06_rep2.npz: OK
out/fields/N32_case39_deeponet3d_r128_w16_podinit.npz: OK
out/fields/N32_case39_dst_exact.npz: OK
out/fields/N32_case39_fno3d_w24_m8.npz: OK
out/fields/N32_case39_linear_bank_galerkin.npz: OK
out/fields/N32_case39_linear_bank_weak_qR.npz: OK
out/fields/N32_case39_nmrom_K16_q0_dense.npz: OK
out/fields/N32_case39_nmrom_K16_q32_dense.npz: OK
out/fields/N32_case39_nmrom_K16_q96_dense.npz: OK
out/fields/N32_case39_pod112_galerkin.npz: OK
out/fields/N32_case39_pod128_galerkin.npz: OK
out/fields/N32_case39_pod16_galerkin.npz: OK
out/fields/N32_case39_pod48_galerkin.npz: OK
out/fields/N32_case39_reference.npz: OK
out/fields/N32_case39_transolver3d_w48_s32.npz: OK
out/fields/N32_case39_unet3d_w16.npz: OK
out/fields/N32_case3_cg_identity_plain_rtol1e-02_rep0.npz: OK
out/fields/N32_case3_cg_identity_plain_rtol1e-02_rep1.npz: OK
out/fields/N32_case3_cg_identity_plain_rtol1e-02_rep2.npz: OK
out/fields/N32_case3_cg_identity_plain_rtol1e-04_rep0.npz: OK
out/fields/N32_case3_cg_identity_plain_rtol1e-04_rep1.npz: OK
out/fields/N32_case3_cg_identity_plain_rtol1e-04_rep2.npz: OK
out/fields/N32_case3_cg_identity_plain_rtol1e-06_rep0.npz: OK
out/fields/N32_case3_cg_identity_plain_rtol1e-06_rep1.npz: OK
out/fields/N32_case3_cg_identity_plain_rtol1e-06_rep2.npz: OK
out/fields/N32_case3_cg_identity_rtol1e-02_rep0.npz: OK
out/fields/N32_case3_cg_identity_rtol1e-02_rep1.npz: OK
out/fields/N32_case3_cg_identity_rtol1e-02_rep2.npz: OK
out/fields/N32_case3_cg_identity_rtol1e-04_rep0.npz: OK
out/fields/N32_case3_cg_identity_rtol1e-04_rep1.npz: OK
out/fields/N32_case3_cg_identity_rtol1e-04_rep2.npz: OK
out/fields/N32_case3_cg_identity_rtol1e-06_rep0.npz: OK
out/fields/N32_case3_cg_identity_rtol1e-06_rep1.npz: OK
out/fields/N32_case3_cg_identity_rtol1e-06_rep2.npz: OK
out/fields/N32_case3_deeponet3d_r128_w16_podinit.npz: OK
out/fields/N32_case3_dst_exact.npz: OK
out/fields/N32_case3_fno3d_w24_m8.npz: OK
out/fields/N32_case3_linear_bank_galerkin.npz: OK
out/fields/N32_case3_linear_bank_weak_qR.npz: OK
out/fields/N32_case3_nmrom_K16_q0_dense.npz: OK
out/fields/N32_case3_nmrom_K16_q32_dense.npz: OK
out/fields/N32_case3_nmrom_K16_q96_dense.npz: OK
out/fields/N32_case3_pod112_galerkin.npz: OK
out/fields/N32_case3_pod128_galerkin.npz: OK
out/fields/N32_case3_pod16_galerkin.npz: OK
out/fields/N32_case3_pod48_galerkin.npz: OK
out/fields/N32_case3_reference.npz: OK
out/fields/N32_case3_transolver3d_w48_s32.npz: OK
out/fields/N32_case3_unet3d_w16.npz: OK
out/fields/N32_case40_cg_identity_plain_rtol1e-02_rep0.npz: OK
out/fields/N32_case40_cg_identity_plain_rtol1e-02_rep1.npz: OK
out/fields/N32_case40_cg_identity_plain_rtol1e-02_rep2.npz: OK
out/fields/N32_case40_cg_identity_plain_rtol1e-04_rep0.npz: OK
out/fields/N32_case40_cg_identity_plain_rtol1e-04_rep1.npz: OK
out/fields/N32_case40_cg_identity_plain_rtol1e-04_rep2.npz: OK
out/fields/N32_case40_cg_identity_plain_rtol1e-06_rep0.npz: OK
out/fields/N32_case40_cg_identity_plain_rtol1e-06_rep1.npz: OK
out/fields/N32_case40_cg_identity_plain_rtol1e-06_rep2.npz: OK
out/fields/N32_case40_cg_identity_rtol1e-02_rep0.npz: OK
out/fields/N32_case40_cg_identity_rtol1e-02_rep1.npz: OK
out/fields/N32_case40_cg_identity_rtol1e-02_rep2.npz: OK
out/fields/N32_case40_cg_identity_rtol1e-04_rep0.npz: OK
out/fields/N32_case40_cg_identity_rtol1e-04_rep1.npz: OK
out/fields/N32_case40_cg_identity_rtol1e-04_rep2.npz: OK
out/fields/N32_case40_cg_identity_rtol1e-06_rep0.npz: OK
out/fields/N32_case40_cg_identity_rtol1e-06_rep1.npz: OK
out/fields/N32_case40_cg_identity_rtol1e-06_rep2.npz: OK
out/fields/N32_case40_deeponet3d_r128_w16_podinit.npz: OK
out/fields/N32_case40_dst_exact.npz: OK
out/fields/N32_case40_fno3d_w24_m8.npz: OK
out/fields/N32_case40_linear_bank_galerkin.npz: OK
out/fields/N32_case40_linear_bank_weak_qR.npz: OK
out/fields/N32_case40_nmrom_K16_q0_dense.npz: OK
out/fields/N32_case40_nmrom_K16_q32_dense.npz: OK
out/fields/N32_case40_nmrom_K16_q96_dense.npz: OK
out/fields/N32_case40_pod112_galerkin.npz: OK
out/fields/N32_case40_pod128_galerkin.npz: OK
out/fields/N32_case40_pod16_galerkin.npz: OK
out/fields/N32_case40_pod48_galerkin.npz: OK
out/fields/N32_case40_reference.npz: OK
out/fields/N32_case40_transolver3d_w48_s32.npz: OK
out/fields/N32_case40_unet3d_w16.npz: OK
out/fields/N32_case41_cg_identity_plain_rtol1e-02_rep0.npz: OK
out/fields/N32_case41_cg_identity_plain_rtol1e-02_rep1.npz: OK
out/fields/N32_case41_cg_identity_plain_rtol1e-02_rep2.npz: OK
out/fields/N32_case41_cg_identity_plain_rtol1e-04_rep0.npz: OK
out/fields/N32_case41_cg_identity_plain_rtol1e-04_rep1.npz: OK
out/fields/N32_case41_cg_identity_plain_rtol1e-04_rep2.npz: OK
out/fields/N32_case41_cg_identity_plain_rtol1e-06_rep0.npz: OK
out/fields/N32_case41_cg_identity_plain_rtol1e-06_rep1.npz: OK
out/fields/N32_case41_cg_identity_plain_rtol1e-06_rep2.npz: OK
out/fields/N32_case41_cg_identity_rtol1e-02_rep0.npz: OK
out/fields/N32_case41_cg_identity_rtol1e-02_rep1.npz: OK
out/fields/N32_case41_cg_identity_rtol1e-02_rep2.npz: OK
out/fields/N32_case41_cg_identity_rtol1e-04_rep0.npz: OK
out/fields/N32_case41_cg_identity_rtol1e-04_rep1.npz: OK
out/fields/N32_case41_cg_identity_rtol1e-04_rep2.npz: OK
out/fields/N32_case41_cg_identity_rtol1e-06_rep0.npz: OK
out/fields/N32_case41_cg_identity_rtol1e-06_rep1.npz: OK
out/fields/N32_case41_cg_identity_rtol1e-06_rep2.npz: OK
out/fields/N32_case41_deeponet3d_r128_w16_podinit.npz: OK
out/fields/N32_case41_dst_exact.npz: OK
out/fields/N32_case41_fno3d_w24_m8.npz: OK
out/fields/N32_case41_linear_bank_galerkin.npz: OK
out/fields/N32_case41_linear_bank_weak_qR.npz: OK
out/fields/N32_case41_nmrom_K16_q0_dense.npz: OK
out/fields/N32_case41_nmrom_K16_q32_dense.npz: OK
out/fields/N32_case41_nmrom_K16_q96_dense.npz: OK
out/fields/N32_case41_pod112_galerkin.npz: OK
out/fields/N32_case41_pod128_galerkin.npz: OK
out/fields/N32_case41_pod16_galerkin.npz: OK
out/fields/N32_case41_pod48_galerkin.npz: OK
out/fields/N32_case41_reference.npz: OK
out/fields/N32_case41_transolver3d_w48_s32.npz: OK
out/fields/N32_case41_unet3d_w16.npz: OK
out/fields/N32_case42_cg_identity_plain_rtol1e-02_rep0.npz: OK
out/fields/N32_case42_cg_identity_plain_rtol1e-02_rep1.npz: OK
out/fields/N32_case42_cg_identity_plain_rtol1e-02_rep2.npz: OK
out/fields/N32_case42_cg_identity_plain_rtol1e-04_rep0.npz: OK
out/fields/N32_case42_cg_identity_plain_rtol1e-04_rep1.npz: OK
out/fields/N32_case42_cg_identity_plain_rtol1e-04_rep2.npz: OK
out/fields/N32_case42_cg_identity_plain_rtol1e-06_rep0.npz: OK
out/fields/N32_case42_cg_identity_plain_rtol1e-06_rep1.npz: OK
out/fields/N32_case42_cg_identity_plain_rtol1e-06_rep2.npz: OK
out/fields/N32_case42_cg_identity_rtol1e-02_rep0.npz: OK
out/fields/N32_case42_cg_identity_rtol1e-02_rep1.npz: OK
out/fields/N32_case42_cg_identity_rtol1e-02_rep2.npz: OK
out/fields/N32_case42_cg_identity_rtol1e-04_rep0.npz: OK
out/fields/N32_case42_cg_identity_rtol1e-04_rep1.npz: OK
out/fields/N32_case42_cg_identity_rtol1e-04_rep2.npz: OK
out/fields/N32_case42_cg_identity_rtol1e-06_rep0.npz: OK
out/fields/N32_case42_cg_identity_rtol1e-06_rep1.npz: OK
out/fields/N32_case42_cg_identity_rtol1e-06_rep2.npz: OK
out/fields/N32_case42_deeponet3d_r128_w16_podinit.npz: OK
out/fields/N32_case42_dst_exact.npz: OK
out/fields/N32_case42_fno3d_w24_m8.npz: OK
out/fields/N32_case42_linear_bank_galerkin.npz: OK
out/fields/N32_case42_linear_bank_weak_qR.npz: OK
out/fields/N32_case42_nmrom_K16_q0_dense.npz: OK
out/fields/N32_case42_nmrom_K16_q32_dense.npz: OK
out/fields/N32_case42_nmrom_K16_q96_dense.npz: OK
out/fields/N32_case42_pod112_galerkin.npz: OK
out/fields/N32_case42_pod128_galerkin.npz: OK
out/fields/N32_case42_pod16_galerkin.npz: OK
out/fields/N32_case42_pod48_galerkin.npz: OK
out/fields/N32_case42_reference.npz: OK
out/fields/N32_case42_transolver3d_w48_s32.npz: OK
out/fields/N32_case42_unet3d_w16.npz: OK
out/fields/N32_case43_cg_identity_plain_rtol1e-02_rep0.npz: OK
out/fields/N32_case43_cg_identity_plain_rtol1e-02_rep1.npz: OK
out/fields/N32_case43_cg_identity_plain_rtol1e-02_rep2.npz: OK
out/fields/N32_case43_cg_identity_plain_rtol1e-04_rep0.npz: OK
out/fields/N32_case43_cg_identity_plain_rtol1e-04_rep1.npz: OK
out/fields/N32_case43_cg_identity_plain_rtol1e-04_rep2.npz: OK
out/fields/N32_case43_cg_identity_plain_rtol1e-06_rep0.npz: OK
out/fields/N32_case43_cg_identity_plain_rtol1e-06_rep1.npz: OK
out/fields/N32_case43_cg_identity_plain_rtol1e-06_rep2.npz: OK
out/fields/N32_case43_cg_identity_rtol1e-02_rep0.npz: OK
out/fields/N32_case43_cg_identity_rtol1e-02_rep1.npz: OK
out/fields/N32_case43_cg_identity_rtol1e-02_rep2.npz: OK
out/fields/N32_case43_cg_identity_rtol1e-04_rep0.npz: OK
out/fields/N32_case43_cg_identity_rtol1e-04_rep1.npz: OK
out/fields/N32_case43_cg_identity_rtol1e-04_rep2.npz: OK
out/fields/N32_case43_cg_identity_rtol1e-06_rep0.npz: OK
out/fields/N32_case43_cg_identity_rtol1e-06_rep1.npz: OK
out/fields/N32_case43_cg_identity_rtol1e-06_rep2.npz: OK
out/fields/N32_case43_deeponet3d_r128_w16_podinit.npz: OK
out/fields/N32_case43_dst_exact.npz: OK
out/fields/N32_case43_fno3d_w24_m8.npz: OK
out/fields/N32_case43_linear_bank_galerkin.npz: OK
out/fields/N32_case43_linear_bank_weak_qR.npz: OK
out/fields/N32_case43_nmrom_K16_q0_dense.npz: OK
out/fields/N32_case43_nmrom_K16_q32_dense.npz: OK
out/fields/N32_case43_nmrom_K16_q96_dense.npz: OK
out/fields/N32_case43_pod112_galerkin.npz: OK
out/fields/N32_case43_pod128_galerkin.npz: OK
out/fields/N32_case43_pod16_galerkin.npz: OK
out/fields/N32_case43_pod48_galerkin.npz: OK
out/fields/N32_case43_reference.npz: OK
out/fields/N32_case43_transolver3d_w48_s32.npz: OK
out/fields/N32_case43_unet3d_w16.npz: OK
out/fields/N32_case44_cg_identity_plain_rtol1e-02_rep0.npz: OK
out/fields/N32_case44_cg_identity_plain_rtol1e-02_rep1.npz: OK
out/fields/N32_case44_cg_identity_plain_rtol1e-02_rep2.npz: OK
out/fields/N32_case44_cg_identity_plain_rtol1e-04_rep0.npz: OK
out/fields/N32_case44_cg_identity_plain_rtol1e-04_rep1.npz: OK
out/fields/N32_case44_cg_identity_plain_rtol1e-04_rep2.npz: OK
out/fields/N32_case44_cg_identity_plain_rtol1e-06_rep0.npz: OK
out/fields/N32_case44_cg_identity_plain_rtol1e-06_rep1.npz: OK
out/fields/N32_case44_cg_identity_plain_rtol1e-06_rep2.npz: OK
out/fields/N32_case44_cg_identity_rtol1e-02_rep0.npz: OK
out/fields/N32_case44_cg_identity_rtol1e-02_rep1.npz: OK
out/fields/N32_case44_cg_identity_rtol1e-02_rep2.npz: OK
out/fields/N32_case44_cg_identity_rtol1e-04_rep0.npz: OK
out/fields/N32_case44_cg_identity_rtol1e-04_rep1.npz: OK
out/fields/N32_case44_cg_identity_rtol1e-04_rep2.npz: OK
out/fields/N32_case44_cg_identity_rtol1e-06_rep0.npz: OK
out/fields/N32_case44_cg_identity_rtol1e-06_rep1.npz: OK
out/fields/N32_case44_cg_identity_rtol1e-06_rep2.npz: OK
out/fields/N32_case44_deeponet3d_r128_w16_podinit.npz: OK
out/fields/N32_case44_dst_exact.npz: OK
out/fields/N32_case44_fno3d_w24_m8.npz: OK
out/fields/N32_case44_linear_bank_galerkin.npz: OK
out/fields/N32_case44_linear_bank_weak_qR.npz: OK
out/fields/N32_case44_nmrom_K16_q0_dense.npz: OK
out/fields/N32_case44_nmrom_K16_q32_dense.npz: OK
out/fields/N32_case44_nmrom_K16_q96_dense.npz: OK
out/fields/N32_case44_pod112_galerkin.npz: OK
out/fields/N32_case44_pod128_galerkin.npz: OK
out/fields/N32_case44_pod16_galerkin.npz: OK
out/fields/N32_case44_pod48_galerkin.npz: OK
out/fields/N32_case44_reference.npz: OK
out/fields/N32_case44_transolver3d_w48_s32.npz: OK
out/fields/N32_case44_unet3d_w16.npz: OK
out/fields/N32_case45_cg_identity_plain_rtol1e-02_rep0.npz: OK
out/fields/N32_case45_cg_identity_plain_rtol1e-02_rep1.npz: OK
out/fields/N32_case45_cg_identity_plain_rtol1e-02_rep2.npz: OK
out/fields/N32_case45_cg_identity_plain_rtol1e-04_rep0.npz: OK
out/fields/N32_case45_cg_identity_plain_rtol1e-04_rep1.npz: OK
out/fields/N32_case45_cg_identity_plain_rtol1e-04_rep2.npz: OK
out/fields/N32_case45_cg_identity_plain_rtol1e-06_rep0.npz: OK
out/fields/N32_case45_cg_identity_plain_rtol1e-06_rep1.npz: OK
out/fields/N32_case45_cg_identity_plain_rtol1e-06_rep2.npz: OK
out/fields/N32_case45_cg_identity_rtol1e-02_rep0.npz: OK
out/fields/N32_case45_cg_identity_rtol1e-02_rep1.npz: OK
out/fields/N32_case45_cg_identity_rtol1e-02_rep2.npz: OK
out/fields/N32_case45_cg_identity_rtol1e-04_rep0.npz: OK
out/fields/N32_case45_cg_identity_rtol1e-04_rep1.npz: OK
out/fields/N32_case45_cg_identity_rtol1e-04_rep2.npz: OK
out/fields/N32_case45_cg_identity_rtol1e-06_rep0.npz: OK
out/fields/N32_case45_cg_identity_rtol1e-06_rep1.npz: OK
out/fields/N32_case45_cg_identity_rtol1e-06_rep2.npz: OK
out/fields/N32_case45_deeponet3d_r128_w16_podinit.npz: OK
out/fields/N32_case45_dst_exact.npz: OK
out/fields/N32_case45_fno3d_w24_m8.npz: OK
out/fields/N32_case45_linear_bank_galerkin.npz: OK
out/fields/N32_case45_linear_bank_weak_qR.npz: OK
out/fields/N32_case45_nmrom_K16_q0_dense.npz: OK
out/fields/N32_case45_nmrom_K16_q32_dense.npz: OK
out/fields/N32_case45_nmrom_K16_q96_dense.npz: OK
out/fields/N32_case45_pod112_galerkin.npz: OK
out/fields/N32_case45_pod128_galerkin.npz: OK
out/fields/N32_case45_pod16_galerkin.npz: OK
out/fields/N32_case45_pod48_galerkin.npz: OK
out/fields/N32_case45_reference.npz: OK
out/fields/N32_case45_transolver3d_w48_s32.npz: OK
out/fields/N32_case45_unet3d_w16.npz: OK
out/fields/N32_case46_cg_identity_plain_rtol1e-02_rep0.npz: OK
out/fields/N32_case46_cg_identity_plain_rtol1e-02_rep1.npz: OK
out/fields/N32_case46_cg_identity_plain_rtol1e-02_rep2.npz: OK
out/fields/N32_case46_cg_identity_plain_rtol1e-04_rep0.npz: OK
out/fields/N32_case46_cg_identity_plain_rtol1e-04_rep1.npz: OK
out/fields/N32_case46_cg_identity_plain_rtol1e-04_rep2.npz: OK
out/fields/N32_case46_cg_identity_plain_rtol1e-06_rep0.npz: OK
out/fields/N32_case46_cg_identity_plain_rtol1e-06_rep1.npz: OK
out/fields/N32_case46_cg_identity_plain_rtol1e-06_rep2.npz: OK
out/fields/N32_case46_cg_identity_rtol1e-02_rep0.npz: OK
out/fields/N32_case46_cg_identity_rtol1e-02_rep1.npz: OK
out/fields/N32_case46_cg_identity_rtol1e-02_rep2.npz: OK
out/fields/N32_case46_cg_identity_rtol1e-04_rep0.npz: OK
out/fields/N32_case46_cg_identity_rtol1e-04_rep1.npz: OK
out/fields/N32_case46_cg_identity_rtol1e-04_rep2.npz: OK
out/fields/N32_case46_cg_identity_rtol1e-06_rep0.npz: OK
out/fields/N32_case46_cg_identity_rtol1e-06_rep1.npz: OK
out/fields/N32_case46_cg_identity_rtol1e-06_rep2.npz: OK
out/fields/N32_case46_deeponet3d_r128_w16_podinit.npz: OK
out/fields/N32_case46_dst_exact.npz: OK
out/fields/N32_case46_fno3d_w24_m8.npz: OK
out/fields/N32_case46_linear_bank_galerkin.npz: OK
out/fields/N32_case46_linear_bank_weak_qR.npz: OK
out/fields/N32_case46_nmrom_K16_q0_dense.npz: OK
out/fields/N32_case46_nmrom_K16_q32_dense.npz: OK
out/fields/N32_case46_nmrom_K16_q96_dense.npz: OK
out/fields/N32_case46_pod112_galerkin.npz: OK
out/fields/N32_case46_pod128_galerkin.npz: OK
out/fields/N32_case46_pod16_galerkin.npz: OK
out/fields/N32_case46_pod48_galerkin.npz: OK
out/fields/N32_case46_reference.npz: OK
out/fields/N32_case46_transolver3d_w48_s32.npz: OK
out/fields/N32_case46_unet3d_w16.npz: OK
out/fields/N32_case47_cg_identity_plain_rtol1e-02_rep0.npz: OK
out/fields/N32_case47_cg_identity_plain_rtol1e-02_rep1.npz: OK
out/fields/N32_case47_cg_identity_plain_rtol1e-02_rep2.npz: OK
out/fields/N32_case47_cg_identity_plain_rtol1e-04_rep0.npz: OK
out/fields/N32_case47_cg_identity_plain_rtol1e-04_rep1.npz: OK
out/fields/N32_case47_cg_identity_plain_rtol1e-04_rep2.npz: OK
out/fields/N32_case47_cg_identity_plain_rtol1e-06_rep0.npz: OK
out/fields/N32_case47_cg_identity_plain_rtol1e-06_rep1.npz: OK
out/fields/N32_case47_cg_identity_plain_rtol1e-06_rep2.npz: OK
out/fields/N32_case47_cg_identity_rtol1e-02_rep0.npz: OK
out/fields/N32_case47_cg_identity_rtol1e-02_rep1.npz: OK
out/fields/N32_case47_cg_identity_rtol1e-02_rep2.npz: OK
out/fields/N32_case47_cg_identity_rtol1e-04_rep0.npz: OK
out/fields/N32_case47_cg_identity_rtol1e-04_rep1.npz: OK
out/fields/N32_case47_cg_identity_rtol1e-04_rep2.npz: OK
out/fields/N32_case47_cg_identity_rtol1e-06_rep0.npz: OK
out/fields/N32_case47_cg_identity_rtol1e-06_rep1.npz: OK
out/fields/N32_case47_cg_identity_rtol1e-06_rep2.npz: OK
out/fields/N32_case47_deeponet3d_r128_w16_podinit.npz: OK
out/fields/N32_case47_dst_exact.npz: OK
out/fields/N32_case47_fno3d_w24_m8.npz: OK
out/fields/N32_case47_linear_bank_galerkin.npz: OK
out/fields/N32_case47_linear_bank_weak_qR.npz: OK
out/fields/N32_case47_nmrom_K16_q0_dense.npz: OK
out/fields/N32_case47_nmrom_K16_q32_dense.npz: OK
out/fields/N32_case47_nmrom_K16_q96_dense.npz: OK
out/fields/N32_case47_pod112_galerkin.npz: OK
out/fields/N32_case47_pod128_galerkin.npz: OK
out/fields/N32_case47_pod16_galerkin.npz: OK
out/fields/N32_case47_pod48_galerkin.npz: OK
out/fields/N32_case47_reference.npz: OK
out/fields/N32_case47_transolver3d_w48_s32.npz: OK
out/fields/N32_case47_unet3d_w16.npz: OK
out/fields/N32_case48_cg_identity_plain_rtol1e-02_rep0.npz: OK
out/fields/N32_case48_cg_identity_plain_rtol1e-02_rep1.npz: OK
out/fields/N32_case48_cg_identity_plain_rtol1e-02_rep2.npz: OK
out/fields/N32_case48_cg_identity_plain_rtol1e-04_rep0.npz: OK
out/fields/N32_case48_cg_identity_plain_rtol1e-04_rep1.npz: OK
out/fields/N32_case48_cg_identity_plain_rtol1e-04_rep2.npz: OK
out/fields/N32_case48_cg_identity_plain_rtol1e-06_rep0.npz: OK
out/fields/N32_case48_cg_identity_plain_rtol1e-06_rep1.npz: OK
out/fields/N32_case48_cg_identity_plain_rtol1e-06_rep2.npz: OK
out/fields/N32_case48_cg_identity_rtol1e-02_rep0.npz: OK
out/fields/N32_case48_cg_identity_rtol1e-02_rep1.npz: OK
out/fields/N32_case48_cg_identity_rtol1e-02_rep2.npz: OK
out/fields/N32_case48_cg_identity_rtol1e-04_rep0.npz: OK
out/fields/N32_case48_cg_identity_rtol1e-04_rep1.npz: OK
out/fields/N32_case48_cg_identity_rtol1e-04_rep2.npz: OK
out/fields/N32_case48_cg_identity_rtol1e-06_rep0.npz: OK
out/fields/N32_case48_cg_identity_rtol1e-06_rep1.npz: OK
out/fields/N32_case48_cg_identity_rtol1e-06_rep2.npz: OK
out/fields/N32_case48_deeponet3d_r128_w16_podinit.npz: OK
out/fields/N32_case48_dst_exact.npz: OK
out/fields/N32_case48_fno3d_w24_m8.npz: OK
out/fields/N32_case48_linear_bank_galerkin.npz: OK
out/fields/N32_case48_linear_bank_weak_qR.npz: OK
out/fields/N32_case48_nmrom_K16_q0_dense.npz: OK
out/fields/N32_case48_nmrom_K16_q32_dense.npz: OK
out/fields/N32_case48_nmrom_K16_q96_dense.npz: OK
out/fields/N32_case48_pod112_galerkin.npz: OK
out/fields/N32_case48_pod128_galerkin.npz: OK
out/fields/N32_case48_pod16_galerkin.npz: OK
out/fields/N32_case48_pod48_galerkin.npz: OK
out/fields/N32_case48_reference.npz: OK
out/fields/N32_case48_transolver3d_w48_s32.npz: OK
out/fields/N32_case48_unet3d_w16.npz: OK
out/fields/N32_case49_cg_identity_plain_rtol1e-02_rep0.npz: OK
out/fields/N32_case49_cg_identity_plain_rtol1e-02_rep1.npz: OK
out/fields/N32_case49_cg_identity_plain_rtol1e-02_rep2.npz: OK
out/fields/N32_case49_cg_identity_plain_rtol1e-04_rep0.npz: OK
out/fields/N32_case49_cg_identity_plain_rtol1e-04_rep1.npz: OK
out/fields/N32_case49_cg_identity_plain_rtol1e-04_rep2.npz: OK
out/fields/N32_case49_cg_identity_plain_rtol1e-06_rep0.npz: OK
out/fields/N32_case49_cg_identity_plain_rtol1e-06_rep1.npz: OK
out/fields/N32_case49_cg_identity_plain_rtol1e-06_rep2.npz: OK
out/fields/N32_case49_cg_identity_rtol1e-02_rep0.npz: OK
out/fields/N32_case49_cg_identity_rtol1e-02_rep1.npz: OK
out/fields/N32_case49_cg_identity_rtol1e-02_rep2.npz: OK
out/fields/N32_case49_cg_identity_rtol1e-04_rep0.npz: OK
out/fields/N32_case49_cg_identity_rtol1e-04_rep1.npz: OK
out/fields/N32_case49_cg_identity_rtol1e-04_rep2.npz: OK
out/fields/N32_case49_cg_identity_rtol1e-06_rep0.npz: OK
out/fields/N32_case49_cg_identity_rtol1e-06_rep1.npz: OK
out/fields/N32_case49_cg_identity_rtol1e-06_rep2.npz: OK
out/fields/N32_case49_deeponet3d_r128_w16_podinit.npz: OK
out/fields/N32_case49_dst_exact.npz: OK
out/fields/N32_case49_fno3d_w24_m8.npz: OK
out/fields/N32_case49_linear_bank_galerkin.npz: OK
out/fields/N32_case49_linear_bank_weak_qR.npz: OK
out/fields/N32_case49_nmrom_K16_q0_dense.npz: OK
out/fields/N32_case49_nmrom_K16_q32_dense.npz: OK
out/fields/N32_case49_nmrom_K16_q96_dense.npz: OK
out/fields/N32_case49_pod112_galerkin.npz: OK
out/fields/N32_case49_pod128_galerkin.npz: OK
out/fields/N32_case49_pod16_galerkin.npz: OK
out/fields/N32_case49_pod48_galerkin.npz: OK
out/fields/N32_case49_reference.npz: OK
out/fields/N32_case49_transolver3d_w48_s32.npz: OK
out/fields/N32_case49_unet3d_w16.npz: OK
out/fields/N32_case4_cg_identity_plain_rtol1e-02_rep0.npz: OK
out/fields/N32_case4_cg_identity_plain_rtol1e-02_rep1.npz: OK
out/fields/N32_case4_cg_identity_plain_rtol1e-02_rep2.npz: OK
out/fields/N32_case4_cg_identity_plain_rtol1e-04_rep0.npz: OK
out/fields/N32_case4_cg_identity_plain_rtol1e-04_rep1.npz: OK
out/fields/N32_case4_cg_identity_plain_rtol1e-04_rep2.npz: OK
out/fields/N32_case4_cg_identity_plain_rtol1e-06_rep0.npz: OK
out/fields/N32_case4_cg_identity_plain_rtol1e-06_rep1.npz: OK
out/fields/N32_case4_cg_identity_plain_rtol1e-06_rep2.npz: OK
out/fields/N32_case4_cg_identity_rtol1e-02_rep0.npz: OK
out/fields/N32_case4_cg_identity_rtol1e-02_rep1.npz: OK
out/fields/N32_case4_cg_identity_rtol1e-02_rep2.npz: OK
out/fields/N32_case4_cg_identity_rtol1e-04_rep0.npz: OK
out/fields/N32_case4_cg_identity_rtol1e-04_rep1.npz: OK
out/fields/N32_case4_cg_identity_rtol1e-04_rep2.npz: OK
out/fields/N32_case4_cg_identity_rtol1e-06_rep0.npz: OK
out/fields/N32_case4_cg_identity_rtol1e-06_rep1.npz: OK
out/fields/N32_case4_cg_identity_rtol1e-06_rep2.npz: OK
out/fields/N32_case4_deeponet3d_r128_w16_podinit.npz: OK
out/fields/N32_case4_dst_exact.npz: OK
out/fields/N32_case4_fno3d_w24_m8.npz: OK
out/fields/N32_case4_linear_bank_galerkin.npz: OK
out/fields/N32_case4_linear_bank_weak_qR.npz: OK
out/fields/N32_case4_nmrom_K16_q0_dense.npz: OK
out/fields/N32_case4_nmrom_K16_q32_dense.npz: OK
out/fields/N32_case4_nmrom_K16_q96_dense.npz: OK
out/fields/N32_case4_pod112_galerkin.npz: OK
out/fields/N32_case4_pod128_galerkin.npz: OK
out/fields/N32_case4_pod16_galerkin.npz: OK
out/fields/N32_case4_pod48_galerkin.npz: OK
out/fields/N32_case4_reference.npz: OK
out/fields/N32_case4_transolver3d_w48_s32.npz: OK
out/fields/N32_case4_unet3d_w16.npz: OK
out/fields/N32_case50_cg_identity_plain_rtol1e-02_rep0.npz: OK
out/fields/N32_case50_cg_identity_plain_rtol1e-02_rep1.npz: OK
out/fields/N32_case50_cg_identity_plain_rtol1e-02_rep2.npz: OK
out/fields/N32_case50_cg_identity_plain_rtol1e-04_rep0.npz: OK
out/fields/N32_case50_cg_identity_plain_rtol1e-04_rep1.npz: OK
out/fields/N32_case50_cg_identity_plain_rtol1e-04_rep2.npz: OK
out/fields/N32_case50_cg_identity_plain_rtol1e-06_rep0.npz: OK
out/fields/N32_case50_cg_identity_plain_rtol1e-06_rep1.npz: OK
out/fields/N32_case50_cg_identity_plain_rtol1e-06_rep2.npz: OK
out/fields/N32_case50_cg_identity_rtol1e-02_rep0.npz: OK
out/fields/N32_case50_cg_identity_rtol1e-02_rep1.npz: OK
out/fields/N32_case50_cg_identity_rtol1e-02_rep2.npz: OK
out/fields/N32_case50_cg_identity_rtol1e-04_rep0.npz: OK
out/fields/N32_case50_cg_identity_rtol1e-04_rep1.npz: OK
out/fields/N32_case50_cg_identity_rtol1e-04_rep2.npz: OK
out/fields/N32_case50_cg_identity_rtol1e-06_rep0.npz: OK
out/fields/N32_case50_cg_identity_rtol1e-06_rep1.npz: OK
out/fields/N32_case50_cg_identity_rtol1e-06_rep2.npz: OK
out/fields/N32_case50_deeponet3d_r128_w16_podinit.npz: OK
out/fields/N32_case50_dst_exact.npz: OK
out/fields/N32_case50_fno3d_w24_m8.npz: OK
out/fields/N32_case50_linear_bank_galerkin.npz: OK
out/fields/N32_case50_linear_bank_weak_qR.npz: OK
out/fields/N32_case50_nmrom_K16_q0_dense.npz: OK
out/fields/N32_case50_nmrom_K16_q32_dense.npz: OK
out/fields/N32_case50_nmrom_K16_q96_dense.npz: OK
out/fields/N32_case50_pod112_galerkin.npz: OK
out/fields/N32_case50_pod128_galerkin.npz: OK
out/fields/N32_case50_pod16_galerkin.npz: OK
out/fields/N32_case50_pod48_galerkin.npz: OK
out/fields/N32_case50_reference.npz: OK
out/fields/N32_case50_transolver3d_w48_s32.npz: OK
out/fields/N32_case50_unet3d_w16.npz: OK
out/fields/N32_case51_cg_identity_plain_rtol1e-02_rep0.npz: OK
out/fields/N32_case51_cg_identity_plain_rtol1e-02_rep1.npz: OK
out/fields/N32_case51_cg_identity_plain_rtol1e-02_rep2.npz: OK
out/fields/N32_case51_cg_identity_plain_rtol1e-04_rep0.npz: OK
out/fields/N32_case51_cg_identity_plain_rtol1e-04_rep1.npz: OK
out/fields/N32_case51_cg_identity_plain_rtol1e-04_rep2.npz: OK
out/fields/N32_case51_cg_identity_plain_rtol1e-06_rep0.npz: OK
out/fields/N32_case51_cg_identity_plain_rtol1e-06_rep1.npz: OK
out/fields/N32_case51_cg_identity_plain_rtol1e-06_rep2.npz: OK
out/fields/N32_case51_cg_identity_rtol1e-02_rep0.npz: OK
out/fields/N32_case51_cg_identity_rtol1e-02_rep1.npz: OK
out/fields/N32_case51_cg_identity_rtol1e-02_rep2.npz: OK
out/fields/N32_case51_cg_identity_rtol1e-04_rep0.npz: OK
out/fields/N32_case51_cg_identity_rtol1e-04_rep1.npz: OK
out/fields/N32_case51_cg_identity_rtol1e-04_rep2.npz: OK
out/fields/N32_case51_cg_identity_rtol1e-06_rep0.npz: OK
out/fields/N32_case51_cg_identity_rtol1e-06_rep1.npz: OK
out/fields/N32_case51_cg_identity_rtol1e-06_rep2.npz: OK
out/fields/N32_case51_deeponet3d_r128_w16_podinit.npz: OK
out/fields/N32_case51_dst_exact.npz: OK
out/fields/N32_case51_fno3d_w24_m8.npz: OK
out/fields/N32_case51_linear_bank_galerkin.npz: OK
out/fields/N32_case51_linear_bank_weak_qR.npz: OK
out/fields/N32_case51_nmrom_K16_q0_dense.npz: OK
out/fields/N32_case51_nmrom_K16_q32_dense.npz: OK
out/fields/N32_case51_nmrom_K16_q96_dense.npz: OK
out/fields/N32_case51_pod112_galerkin.npz: OK
out/fields/N32_case51_pod128_galerkin.npz: OK
out/fields/N32_case51_pod16_galerkin.npz: OK
out/fields/N32_case51_pod48_galerkin.npz: OK
out/fields/N32_case51_reference.npz: OK
out/fields/N32_case51_transolver3d_w48_s32.npz: OK
out/fields/N32_case51_unet3d_w16.npz: OK
out/fields/N32_case52_cg_identity_plain_rtol1e-02_rep0.npz: OK
out/fields/N32_case52_cg_identity_plain_rtol1e-02_rep1.npz: OK
out/fields/N32_case52_cg_identity_plain_rtol1e-02_rep2.npz: OK
out/fields/N32_case52_cg_identity_plain_rtol1e-04_rep0.npz: OK
out/fields/N32_case52_cg_identity_plain_rtol1e-04_rep1.npz: OK
out/fields/N32_case52_cg_identity_plain_rtol1e-04_rep2.npz: OK
out/fields/N32_case52_cg_identity_plain_rtol1e-06_rep0.npz: OK
out/fields/N32_case52_cg_identity_plain_rtol1e-06_rep1.npz: OK
out/fields/N32_case52_cg_identity_plain_rtol1e-06_rep2.npz: OK
out/fields/N32_case52_cg_identity_rtol1e-02_rep0.npz: OK
out/fields/N32_case52_cg_identity_rtol1e-02_rep1.npz: OK
out/fields/N32_case52_cg_identity_rtol1e-02_rep2.npz: OK
out/fields/N32_case52_cg_identity_rtol1e-04_rep0.npz: OK
out/fields/N32_case52_cg_identity_rtol1e-04_rep1.npz: OK
out/fields/N32_case52_cg_identity_rtol1e-04_rep2.npz: OK
out/fields/N32_case52_cg_identity_rtol1e-06_rep0.npz: OK
out/fields/N32_case52_cg_identity_rtol1e-06_rep1.npz: OK
out/fields/N32_case52_cg_identity_rtol1e-06_rep2.npz: OK
out/fields/N32_case52_deeponet3d_r128_w16_podinit.npz: OK
out/fields/N32_case52_dst_exact.npz: OK
out/fields/N32_case52_fno3d_w24_m8.npz: OK
out/fields/N32_case52_linear_bank_galerkin.npz: OK
out/fields/N32_case52_linear_bank_weak_qR.npz: OK
out/fields/N32_case52_nmrom_K16_q0_dense.npz: OK
out/fields/N32_case52_nmrom_K16_q32_dense.npz: OK
out/fields/N32_case52_nmrom_K16_q96_dense.npz: OK
out/fields/N32_case52_pod112_galerkin.npz: OK
out/fields/N32_case52_pod128_galerkin.npz: OK
out/fields/N32_case52_pod16_galerkin.npz: OK
out/fields/N32_case52_pod48_galerkin.npz: OK
out/fields/N32_case52_reference.npz: OK
out/fields/N32_case52_transolver3d_w48_s32.npz: OK
out/fields/N32_case52_unet3d_w16.npz: OK
out/fields/N32_case53_cg_identity_plain_rtol1e-02_rep0.npz: OK
out/fields/N32_case53_cg_identity_plain_rtol1e-02_rep1.npz: OK
out/fields/N32_case53_cg_identity_plain_rtol1e-02_rep2.npz: OK
out/fields/N32_case53_cg_identity_plain_rtol1e-04_rep0.npz: OK
out/fields/N32_case53_cg_identity_plain_rtol1e-04_rep1.npz: OK
out/fields/N32_case53_cg_identity_plain_rtol1e-04_rep2.npz: OK
out/fields/N32_case53_cg_identity_plain_rtol1e-06_rep0.npz: OK
out/fields/N32_case53_cg_identity_plain_rtol1e-06_rep1.npz: OK
out/fields/N32_case53_cg_identity_plain_rtol1e-06_rep2.npz: OK
out/fields/N32_case53_cg_identity_rtol1e-02_rep0.npz: OK
out/fields/N32_case53_cg_identity_rtol1e-02_rep1.npz: OK
out/fields/N32_case53_cg_identity_rtol1e-02_rep2.npz: OK
out/fields/N32_case53_cg_identity_rtol1e-04_rep0.npz: OK
out/fields/N32_case53_cg_identity_rtol1e-04_rep1.npz: OK
out/fields/N32_case53_cg_identity_rtol1e-04_rep2.npz: OK
out/fields/N32_case53_cg_identity_rtol1e-06_rep0.npz: OK
out/fields/N32_case53_cg_identity_rtol1e-06_rep1.npz: OK
out/fields/N32_case53_cg_identity_rtol1e-06_rep2.npz: OK
out/fields/N32_case53_deeponet3d_r128_w16_podinit.npz: OK
out/fields/N32_case53_dst_exact.npz: OK
out/fields/N32_case53_fno3d_w24_m8.npz: OK
out/fields/N32_case53_linear_bank_galerkin.npz: OK
out/fields/N32_case53_linear_bank_weak_qR.npz: OK
out/fields/N32_case53_nmrom_K16_q0_dense.npz: OK
out/fields/N32_case53_nmrom_K16_q32_dense.npz: OK
out/fields/N32_case53_nmrom_K16_q96_dense.npz: OK
out/fields/N32_case53_pod112_galerkin.npz: OK
out/fields/N32_case53_pod128_galerkin.npz: OK
out/fields/N32_case53_pod16_galerkin.npz: OK
out/fields/N32_case53_pod48_galerkin.npz: OK
out/fields/N32_case53_reference.npz: OK
out/fields/N32_case53_transolver3d_w48_s32.npz: OK
out/fields/N32_case53_unet3d_w16.npz: OK
out/fields/N32_case54_cg_identity_plain_rtol1e-02_rep0.npz: OK
out/fields/N32_case54_cg_identity_plain_rtol1e-02_rep1.npz: OK
out/fields/N32_case54_cg_identity_plain_rtol1e-02_rep2.npz: OK
out/fields/N32_case54_cg_identity_plain_rtol1e-04_rep0.npz: OK
out/fields/N32_case54_cg_identity_plain_rtol1e-04_rep1.npz: OK
out/fields/N32_case54_cg_identity_plain_rtol1e-04_rep2.npz: OK
out/fields/N32_case54_cg_identity_plain_rtol1e-06_rep0.npz: OK
out/fields/N32_case54_cg_identity_plain_rtol1e-06_rep1.npz: OK
out/fields/N32_case54_cg_identity_plain_rtol1e-06_rep2.npz: OK
out/fields/N32_case54_cg_identity_rtol1e-02_rep0.npz: OK
out/fields/N32_case54_cg_identity_rtol1e-02_rep1.npz: OK
out/fields/N32_case54_cg_identity_rtol1e-02_rep2.npz: OK
out/fields/N32_case54_cg_identity_rtol1e-04_rep0.npz: OK
out/fields/N32_case54_cg_identity_rtol1e-04_rep1.npz: OK
out/fields/N32_case54_cg_identity_rtol1e-04_rep2.npz: OK
out/fields/N32_case54_cg_identity_rtol1e-06_rep0.npz: OK
out/fields/N32_case54_cg_identity_rtol1e-06_rep1.npz: OK
out/fields/N32_case54_cg_identity_rtol1e-06_rep2.npz: OK
out/fields/N32_case54_deeponet3d_r128_w16_podinit.npz: OK
out/fields/N32_case54_dst_exact.npz: OK
out/fields/N32_case54_fno3d_w24_m8.npz: OK
out/fields/N32_case54_linear_bank_galerkin.npz: OK
out/fields/N32_case54_linear_bank_weak_qR.npz: OK
out/fields/N32_case54_nmrom_K16_q0_dense.npz: OK
out/fields/N32_case54_nmrom_K16_q32_dense.npz: OK
out/fields/N32_case54_nmrom_K16_q96_dense.npz: OK
out/fields/N32_case54_pod112_galerkin.npz: OK
out/fields/N32_case54_pod128_galerkin.npz: OK
out/fields/N32_case54_pod16_galerkin.npz: OK
out/fields/N32_case54_pod48_galerkin.npz: OK
out/fields/N32_case54_reference.npz: OK
out/fields/N32_case54_transolver3d_w48_s32.npz: OK
out/fields/N32_case54_unet3d_w16.npz: OK
out/fields/N32_case55_cg_identity_plain_rtol1e-02_rep0.npz: OK
out/fields/N32_case55_cg_identity_plain_rtol1e-02_rep1.npz: OK
out/fields/N32_case55_cg_identity_plain_rtol1e-02_rep2.npz: OK
out/fields/N32_case55_cg_identity_plain_rtol1e-04_rep0.npz: OK
out/fields/N32_case55_cg_identity_plain_rtol1e-04_rep1.npz: OK
out/fields/N32_case55_cg_identity_plain_rtol1e-04_rep2.npz: OK
out/fields/N32_case55_cg_identity_plain_rtol1e-06_rep0.npz: OK
out/fields/N32_case55_cg_identity_plain_rtol1e-06_rep1.npz: OK
out/fields/N32_case55_cg_identity_plain_rtol1e-06_rep2.npz: OK
out/fields/N32_case55_cg_identity_rtol1e-02_rep0.npz: OK
out/fields/N32_case55_cg_identity_rtol1e-02_rep1.npz: OK
out/fields/N32_case55_cg_identity_rtol1e-02_rep2.npz: OK
out/fields/N32_case55_cg_identity_rtol1e-04_rep0.npz: OK
out/fields/N32_case55_cg_identity_rtol1e-04_rep1.npz: OK
out/fields/N32_case55_cg_identity_rtol1e-04_rep2.npz: OK
out/fields/N32_case55_cg_identity_rtol1e-06_rep0.npz: OK
out/fields/N32_case55_cg_identity_rtol1e-06_rep1.npz: OK
out/fields/N32_case55_cg_identity_rtol1e-06_rep2.npz: OK
out/fields/N32_case55_deeponet3d_r128_w16_podinit.npz: OK
out/fields/N32_case55_dst_exact.npz: OK
out/fields/N32_case55_fno3d_w24_m8.npz: OK
out/fields/N32_case55_linear_bank_galerkin.npz: OK
out/fields/N32_case55_linear_bank_weak_qR.npz: OK
out/fields/N32_case55_nmrom_K16_q0_dense.npz: OK
out/fields/N32_case55_nmrom_K16_q32_dense.npz: OK
out/fields/N32_case55_nmrom_K16_q96_dense.npz: OK
out/fields/N32_case55_pod112_galerkin.npz: OK
out/fields/N32_case55_pod128_galerkin.npz: OK
out/fields/N32_case55_pod16_galerkin.npz: OK
out/fields/N32_case55_pod48_galerkin.npz: OK
out/fields/N32_case55_reference.npz: OK
out/fields/N32_case55_transolver3d_w48_s32.npz: OK
out/fields/N32_case55_unet3d_w16.npz: OK
out/fields/N32_case56_cg_identity_plain_rtol1e-02_rep0.npz: OK
out/fields/N32_case56_cg_identity_plain_rtol1e-02_rep1.npz: OK
out/fields/N32_case56_cg_identity_plain_rtol1e-02_rep2.npz: OK
out/fields/N32_case56_cg_identity_plain_rtol1e-04_rep0.npz: OK
out/fields/N32_case56_cg_identity_plain_rtol1e-04_rep1.npz: OK
out/fields/N32_case56_cg_identity_plain_rtol1e-04_rep2.npz: OK
out/fields/N32_case56_cg_identity_plain_rtol1e-06_rep0.npz: OK
out/fields/N32_case56_cg_identity_plain_rtol1e-06_rep1.npz: OK
out/fields/N32_case56_cg_identity_plain_rtol1e-06_rep2.npz: OK
out/fields/N32_case56_cg_identity_rtol1e-02_rep0.npz: OK
out/fields/N32_case56_cg_identity_rtol1e-02_rep1.npz: OK
out/fields/N32_case56_cg_identity_rtol1e-02_rep2.npz: OK
out/fields/N32_case56_cg_identity_rtol1e-04_rep0.npz: OK
out/fields/N32_case56_cg_identity_rtol1e-04_rep1.npz: OK
out/fields/N32_case56_cg_identity_rtol1e-04_rep2.npz: OK
out/fields/N32_case56_cg_identity_rtol1e-06_rep0.npz: OK
out/fields/N32_case56_cg_identity_rtol1e-06_rep1.npz: OK
out/fields/N32_case56_cg_identity_rtol1e-06_rep2.npz: OK
out/fields/N32_case56_deeponet3d_r128_w16_podinit.npz: OK
out/fields/N32_case56_dst_exact.npz: OK
out/fields/N32_case56_fno3d_w24_m8.npz: OK
out/fields/N32_case56_linear_bank_galerkin.npz: OK
out/fields/N32_case56_linear_bank_weak_qR.npz: OK
out/fields/N32_case56_nmrom_K16_q0_dense.npz: OK
out/fields/N32_case56_nmrom_K16_q32_dense.npz: OK
out/fields/N32_case56_nmrom_K16_q96_dense.npz: OK
out/fields/N32_case56_pod112_galerkin.npz: OK
out/fields/N32_case56_pod128_galerkin.npz: OK
out/fields/N32_case56_pod16_galerkin.npz: OK
out/fields/N32_case56_pod48_galerkin.npz: OK
out/fields/N32_case56_reference.npz: OK
out/fields/N32_case56_transolver3d_w48_s32.npz: OK
out/fields/N32_case56_unet3d_w16.npz: OK
out/fields/N32_case57_cg_identity_plain_rtol1e-02_rep0.npz: OK
out/fields/N32_case57_cg_identity_plain_rtol1e-02_rep1.npz: OK
out/fields/N32_case57_cg_identity_plain_rtol1e-02_rep2.npz: OK
out/fields/N32_case57_cg_identity_plain_rtol1e-04_rep0.npz: OK
out/fields/N32_case57_cg_identity_plain_rtol1e-04_rep1.npz: OK
out/fields/N32_case57_cg_identity_plain_rtol1e-04_rep2.npz: OK
out/fields/N32_case57_cg_identity_plain_rtol1e-06_rep0.npz: OK
out/fields/N32_case57_cg_identity_plain_rtol1e-06_rep1.npz: OK
out/fields/N32_case57_cg_identity_plain_rtol1e-06_rep2.npz: OK
out/fields/N32_case57_cg_identity_rtol1e-02_rep0.npz: OK
out/fields/N32_case57_cg_identity_rtol1e-02_rep1.npz: OK
out/fields/N32_case57_cg_identity_rtol1e-02_rep2.npz: OK
out/fields/N32_case57_cg_identity_rtol1e-04_rep0.npz: OK
out/fields/N32_case57_cg_identity_rtol1e-04_rep1.npz: OK
out/fields/N32_case57_cg_identity_rtol1e-04_rep2.npz: OK
out/fields/N32_case57_cg_identity_rtol1e-06_rep0.npz: OK
out/fields/N32_case57_cg_identity_rtol1e-06_rep1.npz: OK
out/fields/N32_case57_cg_identity_rtol1e-06_rep2.npz: OK
out/fields/N32_case57_deeponet3d_r128_w16_podinit.npz: OK
out/fields/N32_case57_dst_exact.npz: OK
out/fields/N32_case57_fno3d_w24_m8.npz: OK
out/fields/N32_case57_linear_bank_galerkin.npz: OK
out/fields/N32_case57_linear_bank_weak_qR.npz: OK
out/fields/N32_case57_nmrom_K16_q0_dense.npz: OK
out/fields/N32_case57_nmrom_K16_q32_dense.npz: OK
out/fields/N32_case57_nmrom_K16_q96_dense.npz: OK
out/fields/N32_case57_pod112_galerkin.npz: OK
out/fields/N32_case57_pod128_galerkin.npz: OK
out/fields/N32_case57_pod16_galerkin.npz: OK
out/fields/N32_case57_pod48_galerkin.npz: OK
out/fields/N32_case57_reference.npz: OK
out/fields/N32_case57_transolver3d_w48_s32.npz: OK
out/fields/N32_case57_unet3d_w16.npz: OK
out/fields/N32_case58_cg_identity_plain_rtol1e-02_rep0.npz: OK
out/fields/N32_case58_cg_identity_plain_rtol1e-02_rep1.npz: OK
out/fields/N32_case58_cg_identity_plain_rtol1e-02_rep2.npz: OK
out/fields/N32_case58_cg_identity_plain_rtol1e-04_rep0.npz: OK
out/fields/N32_case58_cg_identity_plain_rtol1e-04_rep1.npz: OK
out/fields/N32_case58_cg_identity_plain_rtol1e-04_rep2.npz: OK
out/fields/N32_case58_cg_identity_plain_rtol1e-06_rep0.npz: OK
out/fields/N32_case58_cg_identity_plain_rtol1e-06_rep1.npz: OK
out/fields/N32_case58_cg_identity_plain_rtol1e-06_rep2.npz: OK
out/fields/N32_case58_cg_identity_rtol1e-02_rep0.npz: OK
out/fields/N32_case58_cg_identity_rtol1e-02_rep1.npz: OK
out/fields/N32_case58_cg_identity_rtol1e-02_rep2.npz: OK
out/fields/N32_case58_cg_identity_rtol1e-04_rep0.npz: OK
out/fields/N32_case58_cg_identity_rtol1e-04_rep1.npz: OK
out/fields/N32_case58_cg_identity_rtol1e-04_rep2.npz: OK
out/fields/N32_case58_cg_identity_rtol1e-06_rep0.npz: OK
out/fields/N32_case58_cg_identity_rtol1e-06_rep1.npz: OK
out/fields/N32_case58_cg_identity_rtol1e-06_rep2.npz: OK
out/fields/N32_case58_deeponet3d_r128_w16_podinit.npz: OK
out/fields/N32_case58_dst_exact.npz: OK
out/fields/N32_case58_fno3d_w24_m8.npz: OK
out/fields/N32_case58_linear_bank_galerkin.npz: OK
out/fields/N32_case58_linear_bank_weak_qR.npz: OK
out/fields/N32_case58_nmrom_K16_q0_dense.npz: OK
out/fields/N32_case58_nmrom_K16_q32_dense.npz: OK
out/fields/N32_case58_nmrom_K16_q96_dense.npz: OK
out/fields/N32_case58_pod112_galerkin.npz: OK
out/fields/N32_case58_pod128_galerkin.npz: OK
out/fields/N32_case58_pod16_galerkin.npz: OK
out/fields/N32_case58_pod48_galerkin.npz: OK
out/fields/N32_case58_reference.npz: OK
out/fields/N32_case58_transolver3d_w48_s32.npz: OK
out/fields/N32_case58_unet3d_w16.npz: OK
out/fields/N32_case59_cg_identity_plain_rtol1e-02_rep0.npz: OK
out/fields/N32_case59_cg_identity_plain_rtol1e-02_rep1.npz: OK
out/fields/N32_case59_cg_identity_plain_rtol1e-02_rep2.npz: OK
out/fields/N32_case59_cg_identity_plain_rtol1e-04_rep0.npz: OK
out/fields/N32_case59_cg_identity_plain_rtol1e-04_rep1.npz: OK
out/fields/N32_case59_cg_identity_plain_rtol1e-04_rep2.npz: OK
out/fields/N32_case59_cg_identity_plain_rtol1e-06_rep0.npz: OK
out/fields/N32_case59_cg_identity_plain_rtol1e-06_rep1.npz: OK
out/fields/N32_case59_cg_identity_plain_rtol1e-06_rep2.npz: OK
out/fields/N32_case59_cg_identity_rtol1e-02_rep0.npz: OK
out/fields/N32_case59_cg_identity_rtol1e-02_rep1.npz: OK
out/fields/N32_case59_cg_identity_rtol1e-02_rep2.npz: OK
out/fields/N32_case59_cg_identity_rtol1e-04_rep0.npz: OK
out/fields/N32_case59_cg_identity_rtol1e-04_rep1.npz: OK
out/fields/N32_case59_cg_identity_rtol1e-04_rep2.npz: OK
out/fields/N32_case59_cg_identity_rtol1e-06_rep0.npz: OK
out/fields/N32_case59_cg_identity_rtol1e-06_rep1.npz: OK
out/fields/N32_case59_cg_identity_rtol1e-06_rep2.npz: OK
out/fields/N32_case59_deeponet3d_r128_w16_podinit.npz: OK
out/fields/N32_case59_dst_exact.npz: OK
out/fields/N32_case59_fno3d_w24_m8.npz: OK
out/fields/N32_case59_linear_bank_galerkin.npz: OK
out/fields/N32_case59_linear_bank_weak_qR.npz: OK
out/fields/N32_case59_nmrom_K16_q0_dense.npz: OK
out/fields/N32_case59_nmrom_K16_q32_dense.npz: OK
out/fields/N32_case59_nmrom_K16_q96_dense.npz: OK
out/fields/N32_case59_pod112_galerkin.npz: OK
out/fields/N32_case59_pod128_galerkin.npz: OK
out/fields/N32_case59_pod16_galerkin.npz: OK
out/fields/N32_case59_pod48_galerkin.npz: OK
out/fields/N32_case59_reference.npz: OK
out/fields/N32_case59_transolver3d_w48_s32.npz: OK
out/fields/N32_case59_unet3d_w16.npz: OK
out/fields/N32_case5_cg_identity_plain_rtol1e-02_rep0.npz: OK
out/fields/N32_case5_cg_identity_plain_rtol1e-02_rep1.npz: OK
out/fields/N32_case5_cg_identity_plain_rtol1e-02_rep2.npz: OK
out/fields/N32_case5_cg_identity_plain_rtol1e-04_rep0.npz: OK
out/fields/N32_case5_cg_identity_plain_rtol1e-04_rep1.npz: OK
out/fields/N32_case5_cg_identity_plain_rtol1e-04_rep2.npz: OK
out/fields/N32_case5_cg_identity_plain_rtol1e-06_rep0.npz: OK
out/fields/N32_case5_cg_identity_plain_rtol1e-06_rep1.npz: OK
out/fields/N32_case5_cg_identity_plain_rtol1e-06_rep2.npz: OK
out/fields/N32_case5_cg_identity_rtol1e-02_rep0.npz: OK
out/fields/N32_case5_cg_identity_rtol1e-02_rep1.npz: OK
out/fields/N32_case5_cg_identity_rtol1e-02_rep2.npz: OK
out/fields/N32_case5_cg_identity_rtol1e-04_rep0.npz: OK
out/fields/N32_case5_cg_identity_rtol1e-04_rep1.npz: OK
out/fields/N32_case5_cg_identity_rtol1e-04_rep2.npz: OK
out/fields/N32_case5_cg_identity_rtol1e-06_rep0.npz: OK
out/fields/N32_case5_cg_identity_rtol1e-06_rep1.npz: OK
out/fields/N32_case5_cg_identity_rtol1e-06_rep2.npz: OK
out/fields/N32_case5_deeponet3d_r128_w16_podinit.npz: OK
out/fields/N32_case5_dst_exact.npz: OK
out/fields/N32_case5_fno3d_w24_m8.npz: OK
out/fields/N32_case5_linear_bank_galerkin.npz: OK
out/fields/N32_case5_linear_bank_weak_qR.npz: OK
out/fields/N32_case5_nmrom_K16_q0_dense.npz: OK
out/fields/N32_case5_nmrom_K16_q32_dense.npz: OK
out/fields/N32_case5_nmrom_K16_q96_dense.npz: OK
out/fields/N32_case5_pod112_galerkin.npz: OK
out/fields/N32_case5_pod128_galerkin.npz: OK
out/fields/N32_case5_pod16_galerkin.npz: OK
out/fields/N32_case5_pod48_galerkin.npz: OK
out/fields/N32_case5_reference.npz: OK
out/fields/N32_case5_transolver3d_w48_s32.npz: OK
out/fields/N32_case5_unet3d_w16.npz: OK
out/fields/N32_case60_cg_identity_plain_rtol1e-02_rep0.npz: OK
out/fields/N32_case60_cg_identity_plain_rtol1e-02_rep1.npz: OK
out/fields/N32_case60_cg_identity_plain_rtol1e-02_rep2.npz: OK
out/fields/N32_case60_cg_identity_plain_rtol1e-04_rep0.npz: OK
out/fields/N32_case60_cg_identity_plain_rtol1e-04_rep1.npz: OK
out/fields/N32_case60_cg_identity_plain_rtol1e-04_rep2.npz: OK
out/fields/N32_case60_cg_identity_plain_rtol1e-06_rep0.npz: OK
out/fields/N32_case60_cg_identity_plain_rtol1e-06_rep1.npz: OK
out/fields/N32_case60_cg_identity_plain_rtol1e-06_rep2.npz: OK
out/fields/N32_case60_cg_identity_rtol1e-02_rep0.npz: OK
out/fields/N32_case60_cg_identity_rtol1e-02_rep1.npz: OK
out/fields/N32_case60_cg_identity_rtol1e-02_rep2.npz: OK
out/fields/N32_case60_cg_identity_rtol1e-04_rep0.npz: OK
out/fields/N32_case60_cg_identity_rtol1e-04_rep1.npz: OK
out/fields/N32_case60_cg_identity_rtol1e-04_rep2.npz: OK
out/fields/N32_case60_cg_identity_rtol1e-06_rep0.npz: OK
out/fields/N32_case60_cg_identity_rtol1e-06_rep1.npz: OK
out/fields/N32_case60_cg_identity_rtol1e-06_rep2.npz: OK
out/fields/N32_case60_deeponet3d_r128_w16_podinit.npz: OK
out/fields/N32_case60_dst_exact.npz: OK
out/fields/N32_case60_fno3d_w24_m8.npz: OK
out/fields/N32_case60_linear_bank_galerkin.npz: OK
out/fields/N32_case60_linear_bank_weak_qR.npz: OK
out/fields/N32_case60_nmrom_K16_q0_dense.npz: OK
out/fields/N32_case60_nmrom_K16_q32_dense.npz: OK
out/fields/N32_case60_nmrom_K16_q96_dense.npz: OK
out/fields/N32_case60_pod112_galerkin.npz: OK
out/fields/N32_case60_pod128_galerkin.npz: OK
out/fields/N32_case60_pod16_galerkin.npz: OK
out/fields/N32_case60_pod48_galerkin.npz: OK
out/fields/N32_case60_reference.npz: OK
out/fields/N32_case60_transolver3d_w48_s32.npz: OK
out/fields/N32_case60_unet3d_w16.npz: OK
out/fields/N32_case61_cg_identity_plain_rtol1e-02_rep0.npz: OK
out/fields/N32_case61_cg_identity_plain_rtol1e-02_rep1.npz: OK
out/fields/N32_case61_cg_identity_plain_rtol1e-02_rep2.npz: OK
out/fields/N32_case61_cg_identity_plain_rtol1e-04_rep0.npz: OK
out/fields/N32_case61_cg_identity_plain_rtol1e-04_rep1.npz: OK
out/fields/N32_case61_cg_identity_plain_rtol1e-04_rep2.npz: OK
out/fields/N32_case61_cg_identity_plain_rtol1e-06_rep0.npz: OK
out/fields/N32_case61_cg_identity_plain_rtol1e-06_rep1.npz: OK
out/fields/N32_case61_cg_identity_plain_rtol1e-06_rep2.npz: OK
out/fields/N32_case61_cg_identity_rtol1e-02_rep0.npz: OK
out/fields/N32_case61_cg_identity_rtol1e-02_rep1.npz: OK
out/fields/N32_case61_cg_identity_rtol1e-02_rep2.npz: OK
out/fields/N32_case61_cg_identity_rtol1e-04_rep0.npz: OK
out/fields/N32_case61_cg_identity_rtol1e-04_rep1.npz: OK
out/fields/N32_case61_cg_identity_rtol1e-04_rep2.npz: OK
out/fields/N32_case61_cg_identity_rtol1e-06_rep0.npz: OK
out/fields/N32_case61_cg_identity_rtol1e-06_rep1.npz: OK
out/fields/N32_case61_cg_identity_rtol1e-06_rep2.npz: OK
out/fields/N32_case61_deeponet3d_r128_w16_podinit.npz: OK
out/fields/N32_case61_dst_exact.npz: OK
out/fields/N32_case61_fno3d_w24_m8.npz: OK
out/fields/N32_case61_linear_bank_galerkin.npz: OK
out/fields/N32_case61_linear_bank_weak_qR.npz: OK
out/fields/N32_case61_nmrom_K16_q0_dense.npz: OK
out/fields/N32_case61_nmrom_K16_q32_dense.npz: OK
out/fields/N32_case61_nmrom_K16_q96_dense.npz: OK
out/fields/N32_case61_pod112_galerkin.npz: OK
out/fields/N32_case61_pod128_galerkin.npz: OK
out/fields/N32_case61_pod16_galerkin.npz: OK
out/fields/N32_case61_pod48_galerkin.npz: OK
out/fields/N32_case61_reference.npz: OK
out/fields/N32_case61_transolver3d_w48_s32.npz: OK
out/fields/N32_case61_unet3d_w16.npz: OK
out/fields/N32_case62_cg_identity_plain_rtol1e-02_rep0.npz: OK
out/fields/N32_case62_cg_identity_plain_rtol1e-02_rep1.npz: OK
out/fields/N32_case62_cg_identity_plain_rtol1e-02_rep2.npz: OK
out/fields/N32_case62_cg_identity_plain_rtol1e-04_rep0.npz: OK
out/fields/N32_case62_cg_identity_plain_rtol1e-04_rep1.npz: OK
out/fields/N32_case62_cg_identity_plain_rtol1e-04_rep2.npz: OK
out/fields/N32_case62_cg_identity_plain_rtol1e-06_rep0.npz: OK
out/fields/N32_case62_cg_identity_plain_rtol1e-06_rep1.npz: OK
out/fields/N32_case62_cg_identity_plain_rtol1e-06_rep2.npz: OK
out/fields/N32_case62_cg_identity_rtol1e-02_rep0.npz: OK
out/fields/N32_case62_cg_identity_rtol1e-02_rep1.npz: OK
out/fields/N32_case62_cg_identity_rtol1e-02_rep2.npz: OK
out/fields/N32_case62_cg_identity_rtol1e-04_rep0.npz: OK
out/fields/N32_case62_cg_identity_rtol1e-04_rep1.npz: OK
out/fields/N32_case62_cg_identity_rtol1e-04_rep2.npz: OK
out/fields/N32_case62_cg_identity_rtol1e-06_rep0.npz: OK
out/fields/N32_case62_cg_identity_rtol1e-06_rep1.npz: OK
out/fields/N32_case62_cg_identity_rtol1e-06_rep2.npz: OK
out/fields/N32_case62_deeponet3d_r128_w16_podinit.npz: OK
out/fields/N32_case62_dst_exact.npz: OK
out/fields/N32_case62_fno3d_w24_m8.npz: OK
out/fields/N32_case62_linear_bank_galerkin.npz: OK
out/fields/N32_case62_linear_bank_weak_qR.npz: OK
out/fields/N32_case62_nmrom_K16_q0_dense.npz: OK
out/fields/N32_case62_nmrom_K16_q32_dense.npz: OK
out/fields/N32_case62_nmrom_K16_q96_dense.npz: OK
out/fields/N32_case62_pod112_galerkin.npz: OK
out/fields/N32_case62_pod128_galerkin.npz: OK
out/fields/N32_case62_pod16_galerkin.npz: OK
out/fields/N32_case62_pod48_galerkin.npz: OK
out/fields/N32_case62_reference.npz: OK
out/fields/N32_case62_transolver3d_w48_s32.npz: OK
out/fields/N32_case62_unet3d_w16.npz: OK
out/fields/N32_case63_cg_identity_plain_rtol1e-02_rep0.npz: OK
out/fields/N32_case63_cg_identity_plain_rtol1e-02_rep1.npz: OK
out/fields/N32_case63_cg_identity_plain_rtol1e-02_rep2.npz: OK
out/fields/N32_case63_cg_identity_plain_rtol1e-04_rep0.npz: OK
out/fields/N32_case63_cg_identity_plain_rtol1e-04_rep1.npz: OK
out/fields/N32_case63_cg_identity_plain_rtol1e-04_rep2.npz: OK
out/fields/N32_case63_cg_identity_plain_rtol1e-06_rep0.npz: OK
out/fields/N32_case63_cg_identity_plain_rtol1e-06_rep1.npz: OK
out/fields/N32_case63_cg_identity_plain_rtol1e-06_rep2.npz: OK
out/fields/N32_case63_cg_identity_rtol1e-02_rep0.npz: OK
out/fields/N32_case63_cg_identity_rtol1e-02_rep1.npz: OK
out/fields/N32_case63_cg_identity_rtol1e-02_rep2.npz: OK
out/fields/N32_case63_cg_identity_rtol1e-04_rep0.npz: OK
out/fields/N32_case63_cg_identity_rtol1e-04_rep1.npz: OK
out/fields/N32_case63_cg_identity_rtol1e-04_rep2.npz: OK
out/fields/N32_case63_cg_identity_rtol1e-06_rep0.npz: OK
out/fields/N32_case63_cg_identity_rtol1e-06_rep1.npz: OK
out/fields/N32_case63_cg_identity_rtol1e-06_rep2.npz: OK
out/fields/N32_case63_deeponet3d_r128_w16_podinit.npz: OK
out/fields/N32_case63_dst_exact.npz: OK
out/fields/N32_case63_fno3d_w24_m8.npz: OK
out/fields/N32_case63_linear_bank_galerkin.npz: OK
out/fields/N32_case63_linear_bank_weak_qR.npz: OK
out/fields/N32_case63_nmrom_K16_q0_dense.npz: OK
out/fields/N32_case63_nmrom_K16_q32_dense.npz: OK
out/fields/N32_case63_nmrom_K16_q96_dense.npz: OK
out/fields/N32_case63_pod112_galerkin.npz: OK
out/fields/N32_case63_pod128_galerkin.npz: OK
out/fields/N32_case63_pod16_galerkin.npz: OK
out/fields/N32_case63_pod48_galerkin.npz: OK
out/fields/N32_case63_reference.npz: OK
out/fields/N32_case63_transolver3d_w48_s32.npz: OK
out/fields/N32_case63_unet3d_w16.npz: OK
out/fields/N32_case6_cg_identity_plain_rtol1e-02_rep0.npz: OK
out/fields/N32_case6_cg_identity_plain_rtol1e-02_rep1.npz: OK
out/fields/N32_case6_cg_identity_plain_rtol1e-02_rep2.npz: OK
out/fields/N32_case6_cg_identity_plain_rtol1e-04_rep0.npz: OK
out/fields/N32_case6_cg_identity_plain_rtol1e-04_rep1.npz: OK
out/fields/N32_case6_cg_identity_plain_rtol1e-04_rep2.npz: OK
out/fields/N32_case6_cg_identity_plain_rtol1e-06_rep0.npz: OK
out/fields/N32_case6_cg_identity_plain_rtol1e-06_rep1.npz: OK
out/fields/N32_case6_cg_identity_plain_rtol1e-06_rep2.npz: OK
out/fields/N32_case6_cg_identity_rtol1e-02_rep0.npz: OK
out/fields/N32_case6_cg_identity_rtol1e-02_rep1.npz: OK
out/fields/N32_case6_cg_identity_rtol1e-02_rep2.npz: OK
out/fields/N32_case6_cg_identity_rtol1e-04_rep0.npz: OK
out/fields/N32_case6_cg_identity_rtol1e-04_rep1.npz: OK
out/fields/N32_case6_cg_identity_rtol1e-04_rep2.npz: OK
out/fields/N32_case6_cg_identity_rtol1e-06_rep0.npz: OK
out/fields/N32_case6_cg_identity_rtol1e-06_rep1.npz: OK
out/fields/N32_case6_cg_identity_rtol1e-06_rep2.npz: OK
out/fields/N32_case6_deeponet3d_r128_w16_podinit.npz: OK
out/fields/N32_case6_dst_exact.npz: OK
out/fields/N32_case6_fno3d_w24_m8.npz: OK
out/fields/N32_case6_linear_bank_galerkin.npz: OK
out/fields/N32_case6_linear_bank_weak_qR.npz: OK
out/fields/N32_case6_nmrom_K16_q0_dense.npz: OK
out/fields/N32_case6_nmrom_K16_q32_dense.npz: OK
out/fields/N32_case6_nmrom_K16_q96_dense.npz: OK
out/fields/N32_case6_pod112_galerkin.npz: OK
out/fields/N32_case6_pod128_galerkin.npz: OK
out/fields/N32_case6_pod16_galerkin.npz: OK
out/fields/N32_case6_pod48_galerkin.npz: OK
out/fields/N32_case6_reference.npz: OK
out/fields/N32_case6_transolver3d_w48_s32.npz: OK
out/fields/N32_case6_unet3d_w16.npz: OK
out/fields/N32_case7_cg_identity_plain_rtol1e-02_rep0.npz: OK
out/fields/N32_case7_cg_identity_plain_rtol1e-02_rep1.npz: OK
out/fields/N32_case7_cg_identity_plain_rtol1e-02_rep2.npz: OK
out/fields/N32_case7_cg_identity_plain_rtol1e-04_rep0.npz: OK
out/fields/N32_case7_cg_identity_plain_rtol1e-04_rep1.npz: OK
out/fields/N32_case7_cg_identity_plain_rtol1e-04_rep2.npz: OK
out/fields/N32_case7_cg_identity_plain_rtol1e-06_rep0.npz: OK
out/fields/N32_case7_cg_identity_plain_rtol1e-06_rep1.npz: OK
out/fields/N32_case7_cg_identity_plain_rtol1e-06_rep2.npz: OK
out/fields/N32_case7_cg_identity_rtol1e-02_rep0.npz: OK
out/fields/N32_case7_cg_identity_rtol1e-02_rep1.npz: OK
out/fields/N32_case7_cg_identity_rtol1e-02_rep2.npz: OK
out/fields/N32_case7_cg_identity_rtol1e-04_rep0.npz: OK
out/fields/N32_case7_cg_identity_rtol1e-04_rep1.npz: OK
out/fields/N32_case7_cg_identity_rtol1e-04_rep2.npz: OK
out/fields/N32_case7_cg_identity_rtol1e-06_rep0.npz: OK
out/fields/N32_case7_cg_identity_rtol1e-06_rep1.npz: OK
out/fields/N32_case7_cg_identity_rtol1e-06_rep2.npz: OK
out/fields/N32_case7_deeponet3d_r128_w16_podinit.npz: OK
out/fields/N32_case7_dst_exact.npz: OK
out/fields/N32_case7_fno3d_w24_m8.npz: OK
out/fields/N32_case7_linear_bank_galerkin.npz: OK
out/fields/N32_case7_linear_bank_weak_qR.npz: OK
out/fields/N32_case7_nmrom_K16_q0_dense.npz: OK
out/fields/N32_case7_nmrom_K16_q32_dense.npz: OK
out/fields/N32_case7_nmrom_K16_q96_dense.npz: OK
out/fields/N32_case7_pod112_galerkin.npz: OK
out/fields/N32_case7_pod128_galerkin.npz: OK
out/fields/N32_case7_pod16_galerkin.npz: OK
out/fields/N32_case7_pod48_galerkin.npz: OK
out/fields/N32_case7_reference.npz: OK
out/fields/N32_case7_transolver3d_w48_s32.npz: OK
out/fields/N32_case7_unet3d_w16.npz: OK
out/fields/N32_case8_cg_identity_plain_rtol1e-02_rep0.npz: OK
out/fields/N32_case8_cg_identity_plain_rtol1e-02_rep1.npz: OK
out/fields/N32_case8_cg_identity_plain_rtol1e-02_rep2.npz: OK
out/fields/N32_case8_cg_identity_plain_rtol1e-04_rep0.npz: OK
out/fields/N32_case8_cg_identity_plain_rtol1e-04_rep1.npz: OK
out/fields/N32_case8_cg_identity_plain_rtol1e-04_rep2.npz: OK
out/fields/N32_case8_cg_identity_plain_rtol1e-06_rep0.npz: OK
out/fields/N32_case8_cg_identity_plain_rtol1e-06_rep1.npz: OK
out/fields/N32_case8_cg_identity_plain_rtol1e-06_rep2.npz: OK
out/fields/N32_case8_cg_identity_rtol1e-02_rep0.npz: OK
out/fields/N32_case8_cg_identity_rtol1e-02_rep1.npz: OK
out/fields/N32_case8_cg_identity_rtol1e-02_rep2.npz: OK
out/fields/N32_case8_cg_identity_rtol1e-04_rep0.npz: OK
out/fields/N32_case8_cg_identity_rtol1e-04_rep1.npz: OK
out/fields/N32_case8_cg_identity_rtol1e-04_rep2.npz: OK
out/fields/N32_case8_cg_identity_rtol1e-06_rep0.npz: OK
out/fields/N32_case8_cg_identity_rtol1e-06_rep1.npz: OK
out/fields/N32_case8_cg_identity_rtol1e-06_rep2.npz: OK
out/fields/N32_case8_deeponet3d_r128_w16_podinit.npz: OK
out/fields/N32_case8_dst_exact.npz: OK
out/fields/N32_case8_fno3d_w24_m8.npz: OK
out/fields/N32_case8_linear_bank_galerkin.npz: OK
out/fields/N32_case8_linear_bank_weak_qR.npz: OK
out/fields/N32_case8_nmrom_K16_q0_dense.npz: OK
out/fields/N32_case8_nmrom_K16_q32_dense.npz: OK
out/fields/N32_case8_nmrom_K16_q96_dense.npz: OK
out/fields/N32_case8_pod112_galerkin.npz: OK
out/fields/N32_case8_pod128_galerkin.npz: OK
out/fields/N32_case8_pod16_galerkin.npz: OK
out/fields/N32_case8_pod48_galerkin.npz: OK
out/fields/N32_case8_reference.npz: OK
out/fields/N32_case8_transolver3d_w48_s32.npz: OK
out/fields/N32_case8_unet3d_w16.npz: OK
out/fields/N32_case9_cg_identity_plain_rtol1e-02_rep0.npz: OK
out/fields/N32_case9_cg_identity_plain_rtol1e-02_rep1.npz: OK
out/fields/N32_case9_cg_identity_plain_rtol1e-02_rep2.npz: OK
out/fields/N32_case9_cg_identity_plain_rtol1e-04_rep0.npz: OK
out/fields/N32_case9_cg_identity_plain_rtol1e-04_rep1.npz: OK
out/fields/N32_case9_cg_identity_plain_rtol1e-04_rep2.npz: OK
out/fields/N32_case9_cg_identity_plain_rtol1e-06_rep0.npz: OK
out/fields/N32_case9_cg_identity_plain_rtol1e-06_rep1.npz: OK
out/fields/N32_case9_cg_identity_plain_rtol1e-06_rep2.npz: OK
out/fields/N32_case9_cg_identity_rtol1e-02_rep0.npz: OK
out/fields/N32_case9_cg_identity_rtol1e-02_rep1.npz: OK
out/fields/N32_case9_cg_identity_rtol1e-02_rep2.npz: OK
out/fields/N32_case9_cg_identity_rtol1e-04_rep0.npz: OK
out/fields/N32_case9_cg_identity_rtol1e-04_rep1.npz: OK
out/fields/N32_case9_cg_identity_rtol1e-04_rep2.npz: OK
out/fields/N32_case9_cg_identity_rtol1e-06_rep0.npz: OK
out/fields/N32_case9_cg_identity_rtol1e-06_rep1.npz: OK
out/fields/N32_case9_cg_identity_rtol1e-06_rep2.npz: OK
out/fields/N32_case9_deeponet3d_r128_w16_podinit.npz: OK
out/fields/N32_case9_dst_exact.npz: OK
out/fields/N32_case9_fno3d_w24_m8.npz: OK
out/fields/N32_case9_linear_bank_galerkin.npz: OK
out/fields/N32_case9_linear_bank_weak_qR.npz: OK
out/fields/N32_case9_nmrom_K16_q0_dense.npz: OK
out/fields/N32_case9_nmrom_K16_q32_dense.npz: OK
out/fields/N32_case9_nmrom_K16_q96_dense.npz: OK
out/fields/N32_case9_pod112_galerkin.npz: OK
out/fields/N32_case9_pod128_galerkin.npz: OK
out/fields/N32_case9_pod16_galerkin.npz: OK
out/fields/N32_case9_pod48_galerkin.npz: OK
out/fields/N32_case9_reference.npz: OK
out/fields/N32_case9_transolver3d_w48_s32.npz: OK
out/fields/N32_case9_unet3d_w16.npz: OK
out/fields/N64_case0_cg_identity_plain_rtol1e-02_rep0.npz: OK
out/fields/N64_case0_cg_identity_plain_rtol1e-02_rep1.npz: OK
out/fields/N64_case0_cg_identity_plain_rtol1e-02_rep2.npz: OK
out/fields/N64_case0_cg_identity_plain_rtol1e-04_rep0.npz: OK
out/fields/N64_case0_cg_identity_plain_rtol1e-04_rep1.npz: OK
out/fields/N64_case0_cg_identity_plain_rtol1e-04_rep2.npz: OK
out/fields/N64_case0_cg_identity_plain_rtol1e-06_rep0.npz: OK
out/fields/N64_case0_cg_identity_plain_rtol1e-06_rep1.npz: OK
out/fields/N64_case0_cg_identity_plain_rtol1e-06_rep2.npz: OK
out/fields/N64_case0_cg_identity_rtol1e-02_rep0.npz: OK
out/fields/N64_case0_cg_identity_rtol1e-02_rep1.npz: OK
out/fields/N64_case0_cg_identity_rtol1e-02_rep2.npz: OK
out/fields/N64_case0_cg_identity_rtol1e-04_rep0.npz: OK
out/fields/N64_case0_cg_identity_rtol1e-04_rep1.npz: OK
out/fields/N64_case0_cg_identity_rtol1e-04_rep2.npz: OK
out/fields/N64_case0_cg_identity_rtol1e-06_rep0.npz: OK
out/fields/N64_case0_cg_identity_rtol1e-06_rep1.npz: OK
out/fields/N64_case0_cg_identity_rtol1e-06_rep2.npz: OK
out/fields/N64_case0_deeponet3d_r128_w16_podinit.npz: OK
out/fields/N64_case0_deeponet3d_r128_w16_podinit_native32_continuous_trunk.npz: OK
out/fields/N64_case0_deeponet3d_r128_w16_podinit_native32_interpolate.npz: OK
out/fields/N64_case0_dst_exact.npz: OK
out/fields/N64_case0_fno3d_w24_m8.npz: OK
out/fields/N64_case0_fno3d_w24_m8_native32_interpolate.npz: OK
out/fields/N64_case0_fno3d_w24_m8_physical_padding17.npz: OK
out/fields/N64_case0_linear_bank_galerkin.npz: OK
out/fields/N64_case0_linear_bank_weak_qR.npz: OK
out/fields/N64_case0_nmrom_K16_q0_dense.npz: OK
out/fields/N64_case0_nmrom_K16_q32_dense.npz: OK
out/fields/N64_case0_nmrom_K16_q96_dense.npz: OK
out/fields/N64_case0_pod112_galerkin.npz: OK
out/fields/N64_case0_pod112_native32_interpolated_basis_galerkin.npz: OK
out/fields/N64_case0_pod128_galerkin.npz: OK
out/fields/N64_case0_pod128_native32_interpolated_basis_galerkin.npz: OK
out/fields/N64_case0_pod16_galerkin.npz: OK
out/fields/N64_case0_pod16_native32_interpolated_basis_galerkin.npz: OK
out/fields/N64_case0_pod48_galerkin.npz: OK
out/fields/N64_case0_pod48_native32_interpolated_basis_galerkin.npz: OK
out/fields/N64_case0_reference.npz: OK
out/fields/N64_case0_transolver3d_w48_s32.npz: OK
out/fields/N64_case0_transolver3d_w48_s32_native32_interpolate.npz: OK
out/fields/N64_case0_unet3d_w16.npz: OK
out/fields/N64_case0_unet3d_w16_native32_interpolate.npz: OK
out/fields/N64_case10_cg_identity_plain_rtol1e-02_rep0.npz: OK
out/fields/N64_case10_cg_identity_plain_rtol1e-02_rep1.npz: OK
out/fields/N64_case10_cg_identity_plain_rtol1e-02_rep2.npz: OK
out/fields/N64_case10_cg_identity_plain_rtol1e-04_rep0.npz: OK
out/fields/N64_case10_cg_identity_plain_rtol1e-04_rep1.npz: OK
out/fields/N64_case10_cg_identity_plain_rtol1e-04_rep2.npz: OK
out/fields/N64_case10_cg_identity_plain_rtol1e-06_rep0.npz: OK
out/fields/N64_case10_cg_identity_plain_rtol1e-06_rep1.npz: OK
out/fields/N64_case10_cg_identity_plain_rtol1e-06_rep2.npz: OK
out/fields/N64_case10_cg_identity_rtol1e-02_rep0.npz: OK
out/fields/N64_case10_cg_identity_rtol1e-02_rep1.npz: OK
out/fields/N64_case10_cg_identity_rtol1e-02_rep2.npz: OK
out/fields/N64_case10_cg_identity_rtol1e-04_rep0.npz: OK
out/fields/N64_case10_cg_identity_rtol1e-04_rep1.npz: OK
out/fields/N64_case10_cg_identity_rtol1e-04_rep2.npz: OK
out/fields/N64_case10_cg_identity_rtol1e-06_rep0.npz: OK
out/fields/N64_case10_cg_identity_rtol1e-06_rep1.npz: OK
out/fields/N64_case10_cg_identity_rtol1e-06_rep2.npz: OK
out/fields/N64_case10_deeponet3d_r128_w16_podinit.npz: OK
out/fields/N64_case10_deeponet3d_r128_w16_podinit_native32_continuous_trunk.npz: OK
out/fields/N64_case10_deeponet3d_r128_w16_podinit_native32_interpolate.npz: OK
out/fields/N64_case10_dst_exact.npz: OK
out/fields/N64_case10_fno3d_w24_m8.npz: OK
out/fields/N64_case10_fno3d_w24_m8_native32_interpolate.npz: OK
out/fields/N64_case10_fno3d_w24_m8_physical_padding17.npz: OK
out/fields/N64_case10_linear_bank_galerkin.npz: OK
out/fields/N64_case10_linear_bank_weak_qR.npz: OK
out/fields/N64_case10_nmrom_K16_q0_dense.npz: OK
out/fields/N64_case10_nmrom_K16_q32_dense.npz: OK
out/fields/N64_case10_nmrom_K16_q96_dense.npz: OK
out/fields/N64_case10_pod112_galerkin.npz: OK
out/fields/N64_case10_pod112_native32_interpolated_basis_galerkin.npz: OK
out/fields/N64_case10_pod128_galerkin.npz: OK
out/fields/N64_case10_pod128_native32_interpolated_basis_galerkin.npz: OK
out/fields/N64_case10_pod16_galerkin.npz: OK
out/fields/N64_case10_pod16_native32_interpolated_basis_galerkin.npz: OK
out/fields/N64_case10_pod48_galerkin.npz: OK
out/fields/N64_case10_pod48_native32_interpolated_basis_galerkin.npz: OK
out/fields/N64_case10_reference.npz: OK
out/fields/N64_case10_transolver3d_w48_s32.npz: OK
out/fields/N64_case10_transolver3d_w48_s32_native32_interpolate.npz: OK
out/fields/N64_case10_unet3d_w16.npz: OK
out/fields/N64_case10_unet3d_w16_native32_interpolate.npz: OK
out/fields/N64_case11_cg_identity_plain_rtol1e-02_rep0.npz: OK
out/fields/N64_case11_cg_identity_plain_rtol1e-02_rep1.npz: OK
out/fields/N64_case11_cg_identity_plain_rtol1e-02_rep2.npz: OK
out/fields/N64_case11_cg_identity_plain_rtol1e-04_rep0.npz: OK
out/fields/N64_case11_cg_identity_plain_rtol1e-04_rep1.npz: OK
out/fields/N64_case11_cg_identity_plain_rtol1e-04_rep2.npz: OK
out/fields/N64_case11_cg_identity_plain_rtol1e-06_rep0.npz: OK
out/fields/N64_case11_cg_identity_plain_rtol1e-06_rep1.npz: OK
out/fields/N64_case11_cg_identity_plain_rtol1e-06_rep2.npz: OK
out/fields/N64_case11_cg_identity_rtol1e-02_rep0.npz: OK
out/fields/N64_case11_cg_identity_rtol1e-02_rep1.npz: OK
out/fields/N64_case11_cg_identity_rtol1e-02_rep2.npz: OK
out/fields/N64_case11_cg_identity_rtol1e-04_rep0.npz: OK
out/fields/N64_case11_cg_identity_rtol1e-04_rep1.npz: OK
out/fields/N64_case11_cg_identity_rtol1e-04_rep2.npz: OK
out/fields/N64_case11_cg_identity_rtol1e-06_rep0.npz: OK
out/fields/N64_case11_cg_identity_rtol1e-06_rep1.npz: OK
out/fields/N64_case11_cg_identity_rtol1e-06_rep2.npz: OK
out/fields/N64_case11_deeponet3d_r128_w16_podinit.npz: OK
out/fields/N64_case11_deeponet3d_r128_w16_podinit_native32_continuous_trunk.npz: OK
out/fields/N64_case11_deeponet3d_r128_w16_podinit_native32_interpolate.npz: OK
out/fields/N64_case11_dst_exact.npz: OK
out/fields/N64_case11_fno3d_w24_m8.npz: OK
out/fields/N64_case11_fno3d_w24_m8_native32_interpolate.npz: OK
out/fields/N64_case11_fno3d_w24_m8_physical_padding17.npz: OK
out/fields/N64_case11_linear_bank_galerkin.npz: OK
out/fields/N64_case11_linear_bank_weak_qR.npz: OK
out/fields/N64_case11_nmrom_K16_q0_dense.npz: OK
out/fields/N64_case11_nmrom_K16_q32_dense.npz: OK
out/fields/N64_case11_nmrom_K16_q96_dense.npz: OK
out/fields/N64_case11_pod112_galerkin.npz: OK
out/fields/N64_case11_pod112_native32_interpolated_basis_galerkin.npz: OK
out/fields/N64_case11_pod128_galerkin.npz: OK
out/fields/N64_case11_pod128_native32_interpolated_basis_galerkin.npz: OK
out/fields/N64_case11_pod16_galerkin.npz: OK
out/fields/N64_case11_pod16_native32_interpolated_basis_galerkin.npz: OK
out/fields/N64_case11_pod48_galerkin.npz: OK
out/fields/N64_case11_pod48_native32_interpolated_basis_galerkin.npz: OK
out/fields/N64_case11_reference.npz: OK
out/fields/N64_case11_transolver3d_w48_s32.npz: OK
out/fields/N64_case11_transolver3d_w48_s32_native32_interpolate.npz: OK
out/fields/N64_case11_unet3d_w16.npz: OK
out/fields/N64_case11_unet3d_w16_native32_interpolate.npz: OK
out/fields/N64_case12_cg_identity_plain_rtol1e-02_rep0.npz: OK
out/fields/N64_case12_cg_identity_plain_rtol1e-02_rep1.npz: OK
out/fields/N64_case12_cg_identity_plain_rtol1e-02_rep2.npz: OK
out/fields/N64_case12_cg_identity_plain_rtol1e-04_rep0.npz: OK
out/fields/N64_case12_cg_identity_plain_rtol1e-04_rep1.npz: OK
out/fields/N64_case12_cg_identity_plain_rtol1e-04_rep2.npz: OK
out/fields/N64_case12_cg_identity_plain_rtol1e-06_rep0.npz: OK
out/fields/N64_case12_cg_identity_plain_rtol1e-06_rep1.npz: OK
out/fields/N64_case12_cg_identity_plain_rtol1e-06_rep2.npz: OK
out/fields/N64_case12_cg_identity_rtol1e-02_rep0.npz: OK
out/fields/N64_case12_cg_identity_rtol1e-02_rep1.npz: OK
out/fields/N64_case12_cg_identity_rtol1e-02_rep2.npz: OK
out/fields/N64_case12_cg_identity_rtol1e-04_rep0.npz: OK
out/fields/N64_case12_cg_identity_rtol1e-04_rep1.npz: OK
out/fields/N64_case12_cg_identity_rtol1e-04_rep2.npz: OK
out/fields/N64_case12_cg_identity_rtol1e-06_rep0.npz: OK
out/fields/N64_case12_cg_identity_rtol1e-06_rep1.npz: OK
out/fields/N64_case12_cg_identity_rtol1e-06_rep2.npz: OK
out/fields/N64_case12_deeponet3d_r128_w16_podinit.npz: OK
out/fields/N64_case12_deeponet3d_r128_w16_podinit_native32_continuous_trunk.npz: OK
out/fields/N64_case12_deeponet3d_r128_w16_podinit_native32_interpolate.npz: OK
out/fields/N64_case12_dst_exact.npz: OK
out/fields/N64_case12_fno3d_w24_m8.npz: OK
out/fields/N64_case12_fno3d_w24_m8_native32_interpolate.npz: OK
out/fields/N64_case12_fno3d_w24_m8_physical_padding17.npz: OK
out/fields/N64_case12_linear_bank_galerkin.npz: OK
out/fields/N64_case12_linear_bank_weak_qR.npz: OK
out/fields/N64_case12_nmrom_K16_q0_dense.npz: OK
out/fields/N64_case12_nmrom_K16_q32_dense.npz: OK
out/fields/N64_case12_nmrom_K16_q96_dense.npz: OK
out/fields/N64_case12_pod112_galerkin.npz: OK
out/fields/N64_case12_pod112_native32_interpolated_basis_galerkin.npz: OK
out/fields/N64_case12_pod128_galerkin.npz: OK
out/fields/N64_case12_pod128_native32_interpolated_basis_galerkin.npz: OK
out/fields/N64_case12_pod16_galerkin.npz: OK
out/fields/N64_case12_pod16_native32_interpolated_basis_galerkin.npz: OK
out/fields/N64_case12_pod48_galerkin.npz: OK
out/fields/N64_case12_pod48_native32_interpolated_basis_galerkin.npz: OK
out/fields/N64_case12_reference.npz: OK
out/fields/N64_case12_transolver3d_w48_s32.npz: OK
out/fields/N64_case12_transolver3d_w48_s32_native32_interpolate.npz: OK
out/fields/N64_case12_unet3d_w16.npz: OK
out/fields/N64_case12_unet3d_w16_native32_interpolate.npz: OK
out/fields/N64_case13_cg_identity_plain_rtol1e-02_rep0.npz: OK
out/fields/N64_case13_cg_identity_plain_rtol1e-02_rep1.npz: OK
out/fields/N64_case13_cg_identity_plain_rtol1e-02_rep2.npz: OK
out/fields/N64_case13_cg_identity_plain_rtol1e-04_rep0.npz: OK
out/fields/N64_case13_cg_identity_plain_rtol1e-04_rep1.npz: OK
out/fields/N64_case13_cg_identity_plain_rtol1e-04_rep2.npz: OK
out/fields/N64_case13_cg_identity_plain_rtol1e-06_rep0.npz: OK
out/fields/N64_case13_cg_identity_plain_rtol1e-06_rep1.npz: OK
out/fields/N64_case13_cg_identity_plain_rtol1e-06_rep2.npz: OK
out/fields/N64_case13_cg_identity_rtol1e-02_rep0.npz: OK
out/fields/N64_case13_cg_identity_rtol1e-02_rep1.npz: OK
out/fields/N64_case13_cg_identity_rtol1e-02_rep2.npz: OK
out/fields/N64_case13_cg_identity_rtol1e-04_rep0.npz: OK
out/fields/N64_case13_cg_identity_rtol1e-04_rep1.npz: OK
out/fields/N64_case13_cg_identity_rtol1e-04_rep2.npz: OK
out/fields/N64_case13_cg_identity_rtol1e-06_rep0.npz: OK
out/fields/N64_case13_cg_identity_rtol1e-06_rep1.npz: OK
out/fields/N64_case13_cg_identity_rtol1e-06_rep2.npz: OK
out/fields/N64_case13_deeponet3d_r128_w16_podinit.npz: OK
out/fields/N64_case13_deeponet3d_r128_w16_podinit_native32_continuous_trunk.npz: OK
out/fields/N64_case13_deeponet3d_r128_w16_podinit_native32_interpolate.npz: OK
out/fields/N64_case13_dst_exact.npz: OK
out/fields/N64_case13_fno3d_w24_m8.npz: OK
out/fields/N64_case13_fno3d_w24_m8_native32_interpolate.npz: OK
out/fields/N64_case13_fno3d_w24_m8_physical_padding17.npz: OK
out/fields/N64_case13_linear_bank_galerkin.npz: OK
out/fields/N64_case13_linear_bank_weak_qR.npz: OK
out/fields/N64_case13_nmrom_K16_q0_dense.npz: OK
out/fields/N64_case13_nmrom_K16_q32_dense.npz: OK
out/fields/N64_case13_nmrom_K16_q96_dense.npz: OK
out/fields/N64_case13_pod112_galerkin.npz: OK
out/fields/N64_case13_pod112_native32_interpolated_basis_galerkin.npz: OK
out/fields/N64_case13_pod128_galerkin.npz: OK
out/fields/N64_case13_pod128_native32_interpolated_basis_galerkin.npz: OK
out/fields/N64_case13_pod16_galerkin.npz: OK
out/fields/N64_case13_pod16_native32_interpolated_basis_galerkin.npz: OK
out/fields/N64_case13_pod48_galerkin.npz: OK
out/fields/N64_case13_pod48_native32_interpolated_basis_galerkin.npz: OK
out/fields/N64_case13_reference.npz: OK
out/fields/N64_case13_transolver3d_w48_s32.npz: OK
out/fields/N64_case13_transolver3d_w48_s32_native32_interpolate.npz: OK
out/fields/N64_case13_unet3d_w16.npz: OK
out/fields/N64_case13_unet3d_w16_native32_interpolate.npz: OK
out/fields/N64_case14_cg_identity_plain_rtol1e-02_rep0.npz: OK
out/fields/N64_case14_cg_identity_plain_rtol1e-02_rep1.npz: OK
out/fields/N64_case14_cg_identity_plain_rtol1e-02_rep2.npz: OK
out/fields/N64_case14_cg_identity_plain_rtol1e-04_rep0.npz: OK
out/fields/N64_case14_cg_identity_plain_rtol1e-04_rep1.npz: OK
out/fields/N64_case14_cg_identity_plain_rtol1e-04_rep2.npz: OK
out/fields/N64_case14_cg_identity_plain_rtol1e-06_rep0.npz: OK
out/fields/N64_case14_cg_identity_plain_rtol1e-06_rep1.npz: OK
out/fields/N64_case14_cg_identity_plain_rtol1e-06_rep2.npz: OK
out/fields/N64_case14_cg_identity_rtol1e-02_rep0.npz: OK
out/fields/N64_case14_cg_identity_rtol1e-02_rep1.npz: OK
out/fields/N64_case14_cg_identity_rtol1e-02_rep2.npz: OK
out/fields/N64_case14_cg_identity_rtol1e-04_rep0.npz: OK
out/fields/N64_case14_cg_identity_rtol1e-04_rep1.npz: OK
out/fields/N64_case14_cg_identity_rtol1e-04_rep2.npz: OK
out/fields/N64_case14_cg_identity_rtol1e-06_rep0.npz: OK
out/fields/N64_case14_cg_identity_rtol1e-06_rep1.npz: OK
out/fields/N64_case14_cg_identity_rtol1e-06_rep2.npz: OK
out/fields/N64_case14_deeponet3d_r128_w16_podinit.npz: OK
out/fields/N64_case14_deeponet3d_r128_w16_podinit_native32_continuous_trunk.npz: OK
out/fields/N64_case14_deeponet3d_r128_w16_podinit_native32_interpolate.npz: OK
out/fields/N64_case14_dst_exact.npz: OK
out/fields/N64_case14_fno3d_w24_m8.npz: OK
out/fields/N64_case14_fno3d_w24_m8_native32_interpolate.npz: OK
out/fields/N64_case14_fno3d_w24_m8_physical_padding17.npz: OK
out/fields/N64_case14_linear_bank_galerkin.npz: OK
out/fields/N64_case14_linear_bank_weak_qR.npz: OK
out/fields/N64_case14_nmrom_K16_q0_dense.npz: OK
out/fields/N64_case14_nmrom_K16_q32_dense.npz: OK
out/fields/N64_case14_nmrom_K16_q96_dense.npz: OK
out/fields/N64_case14_pod112_galerkin.npz: OK
out/fields/N64_case14_pod112_native32_interpolated_basis_galerkin.npz: OK
out/fields/N64_case14_pod128_galerkin.npz: OK
out/fields/N64_case14_pod128_native32_interpolated_basis_galerkin.npz: OK
out/fields/N64_case14_pod16_galerkin.npz: OK
out/fields/N64_case14_pod16_native32_interpolated_basis_galerkin.npz: OK
out/fields/N64_case14_pod48_galerkin.npz: OK
out/fields/N64_case14_pod48_native32_interpolated_basis_galerkin.npz: OK
out/fields/N64_case14_reference.npz: OK
out/fields/N64_case14_transolver3d_w48_s32.npz: OK
out/fields/N64_case14_transolver3d_w48_s32_native32_interpolate.npz: OK
out/fields/N64_case14_unet3d_w16.npz: OK
out/fields/N64_case14_unet3d_w16_native32_interpolate.npz: OK
out/fields/N64_case15_cg_identity_plain_rtol1e-02_rep0.npz: OK
out/fields/N64_case15_cg_identity_plain_rtol1e-02_rep1.npz: OK
out/fields/N64_case15_cg_identity_plain_rtol1e-02_rep2.npz: OK
out/fields/N64_case15_cg_identity_plain_rtol1e-04_rep0.npz: OK
out/fields/N64_case15_cg_identity_plain_rtol1e-04_rep1.npz: OK
out/fields/N64_case15_cg_identity_plain_rtol1e-04_rep2.npz: OK
out/fields/N64_case15_cg_identity_plain_rtol1e-06_rep0.npz: OK
out/fields/N64_case15_cg_identity_plain_rtol1e-06_rep1.npz: OK
out/fields/N64_case15_cg_identity_plain_rtol1e-06_rep2.npz: OK
out/fields/N64_case15_cg_identity_rtol1e-02_rep0.npz: OK
out/fields/N64_case15_cg_identity_rtol1e-02_rep1.npz: OK
out/fields/N64_case15_cg_identity_rtol1e-02_rep2.npz: OK
out/fields/N64_case15_cg_identity_rtol1e-04_rep0.npz: OK
out/fields/N64_case15_cg_identity_rtol1e-04_rep1.npz: OK
out/fields/N64_case15_cg_identity_rtol1e-04_rep2.npz: OK
out/fields/N64_case15_cg_identity_rtol1e-06_rep0.npz: OK
out/fields/N64_case15_cg_identity_rtol1e-06_rep1.npz: OK
out/fields/N64_case15_cg_identity_rtol1e-06_rep2.npz: OK
out/fields/N64_case15_deeponet3d_r128_w16_podinit.npz: OK
out/fields/N64_case15_deeponet3d_r128_w16_podinit_native32_continuous_trunk.npz: OK
out/fields/N64_case15_deeponet3d_r128_w16_podinit_native32_interpolate.npz: OK
out/fields/N64_case15_dst_exact.npz: OK
out/fields/N64_case15_fno3d_w24_m8.npz: OK
out/fields/N64_case15_fno3d_w24_m8_native32_interpolate.npz: OK
out/fields/N64_case15_fno3d_w24_m8_physical_padding17.npz: OK
out/fields/N64_case15_linear_bank_galerkin.npz: OK
out/fields/N64_case15_linear_bank_weak_qR.npz: OK
out/fields/N64_case15_nmrom_K16_q0_dense.npz: OK
out/fields/N64_case15_nmrom_K16_q32_dense.npz: OK
out/fields/N64_case15_nmrom_K16_q96_dense.npz: OK
out/fields/N64_case15_pod112_galerkin.npz: OK
out/fields/N64_case15_pod112_native32_interpolated_basis_galerkin.npz: OK
out/fields/N64_case15_pod128_galerkin.npz: OK
out/fields/N64_case15_pod128_native32_interpolated_basis_galerkin.npz: OK
out/fields/N64_case15_pod16_galerkin.npz: OK
out/fields/N64_case15_pod16_native32_interpolated_basis_galerkin.npz: OK
out/fields/N64_case15_pod48_galerkin.npz: OK
out/fields/N64_case15_pod48_native32_interpolated_basis_galerkin.npz: OK
out/fields/N64_case15_reference.npz: OK
out/fields/N64_case15_transolver3d_w48_s32.npz: OK
out/fields/N64_case15_transolver3d_w48_s32_native32_interpolate.npz: OK
out/fields/N64_case15_unet3d_w16.npz: OK
out/fields/N64_case15_unet3d_w16_native32_interpolate.npz: OK
out/fields/N64_case16_cg_identity_plain_rtol1e-02_rep0.npz: OK
out/fields/N64_case16_cg_identity_plain_rtol1e-02_rep1.npz: OK
out/fields/N64_case16_cg_identity_plain_rtol1e-02_rep2.npz: OK
out/fields/N64_case16_cg_identity_plain_rtol1e-04_rep0.npz: OK
out/fields/N64_case16_cg_identity_plain_rtol1e-04_rep1.npz: OK
out/fields/N64_case16_cg_identity_plain_rtol1e-04_rep2.npz: OK
out/fields/N64_case16_cg_identity_plain_rtol1e-06_rep0.npz: OK
out/fields/N64_case16_cg_identity_plain_rtol1e-06_rep1.npz: OK
out/fields/N64_case16_cg_identity_plain_rtol1e-06_rep2.npz: OK
out/fields/N64_case16_cg_identity_rtol1e-02_rep0.npz: OK
out/fields/N64_case16_cg_identity_rtol1e-02_rep1.npz: OK
out/fields/N64_case16_cg_identity_rtol1e-02_rep2.npz: OK
out/fields/N64_case16_cg_identity_rtol1e-04_rep0.npz: OK
out/fields/N64_case16_cg_identity_rtol1e-04_rep1.npz: OK
out/fields/N64_case16_cg_identity_rtol1e-04_rep2.npz: OK
out/fields/N64_case16_cg_identity_rtol1e-06_rep0.npz: OK
out/fields/N64_case16_cg_identity_rtol1e-06_rep1.npz: OK
out/fields/N64_case16_cg_identity_rtol1e-06_rep2.npz: OK
out/fields/N64_case16_deeponet3d_r128_w16_podinit.npz: OK
out/fields/N64_case16_deeponet3d_r128_w16_podinit_native32_continuous_trunk.npz: OK
out/fields/N64_case16_deeponet3d_r128_w16_podinit_native32_interpolate.npz: OK
out/fields/N64_case16_dst_exact.npz: OK
out/fields/N64_case16_fno3d_w24_m8.npz: OK
out/fields/N64_case16_fno3d_w24_m8_native32_interpolate.npz: OK
out/fields/N64_case16_fno3d_w24_m8_physical_padding17.npz: OK
out/fields/N64_case16_linear_bank_galerkin.npz: OK
out/fields/N64_case16_linear_bank_weak_qR.npz: OK
out/fields/N64_case16_nmrom_K16_q0_dense.npz: OK
out/fields/N64_case16_nmrom_K16_q32_dense.npz: OK
out/fields/N64_case16_nmrom_K16_q96_dense.npz: OK
out/fields/N64_case16_pod112_galerkin.npz: OK
out/fields/N64_case16_pod112_native32_interpolated_basis_galerkin.npz: OK
out/fields/N64_case16_pod128_galerkin.npz: OK
out/fields/N64_case16_pod128_native32_interpolated_basis_galerkin.npz: OK
out/fields/N64_case16_pod16_galerkin.npz: OK
out/fields/N64_case16_pod16_native32_interpolated_basis_galerkin.npz: OK
out/fields/N64_case16_pod48_galerkin.npz: OK
out/fields/N64_case16_pod48_native32_interpolated_basis_galerkin.npz: OK
out/fields/N64_case16_reference.npz: OK
out/fields/N64_case16_transolver3d_w48_s32.npz: OK
out/fields/N64_case16_transolver3d_w48_s32_native32_interpolate.npz: OK
out/fields/N64_case16_unet3d_w16.npz: OK
out/fields/N64_case16_unet3d_w16_native32_interpolate.npz: OK
out/fields/N64_case17_cg_identity_plain_rtol1e-02_rep0.npz: OK
out/fields/N64_case17_cg_identity_plain_rtol1e-02_rep1.npz: OK
out/fields/N64_case17_cg_identity_plain_rtol1e-02_rep2.npz: OK
out/fields/N64_case17_cg_identity_plain_rtol1e-04_rep0.npz: OK
out/fields/N64_case17_cg_identity_plain_rtol1e-04_rep1.npz: OK
out/fields/N64_case17_cg_identity_plain_rtol1e-04_rep2.npz: OK
out/fields/N64_case17_cg_identity_plain_rtol1e-06_rep0.npz: OK
out/fields/N64_case17_cg_identity_plain_rtol1e-06_rep1.npz: OK
out/fields/N64_case17_cg_identity_plain_rtol1e-06_rep2.npz: OK
out/fields/N64_case17_cg_identity_rtol1e-02_rep0.npz: OK
out/fields/N64_case17_cg_identity_rtol1e-02_rep1.npz: OK
out/fields/N64_case17_cg_identity_rtol1e-02_rep2.npz: OK
out/fields/N64_case17_cg_identity_rtol1e-04_rep0.npz: OK
out/fields/N64_case17_cg_identity_rtol1e-04_rep1.npz: OK
out/fields/N64_case17_cg_identity_rtol1e-04_rep2.npz: OK
out/fields/N64_case17_cg_identity_rtol1e-06_rep0.npz: OK
out/fields/N64_case17_cg_identity_rtol1e-06_rep1.npz: OK
out/fields/N64_case17_cg_identity_rtol1e-06_rep2.npz: OK
out/fields/N64_case17_deeponet3d_r128_w16_podinit.npz: OK
out/fields/N64_case17_deeponet3d_r128_w16_podinit_native32_continuous_trunk.npz: OK
out/fields/N64_case17_deeponet3d_r128_w16_podinit_native32_interpolate.npz: OK
out/fields/N64_case17_dst_exact.npz: OK
out/fields/N64_case17_fno3d_w24_m8.npz: OK
out/fields/N64_case17_fno3d_w24_m8_native32_interpolate.npz: OK
out/fields/N64_case17_fno3d_w24_m8_physical_padding17.npz: OK
out/fields/N64_case17_linear_bank_galerkin.npz: OK
out/fields/N64_case17_linear_bank_weak_qR.npz: OK
out/fields/N64_case17_nmrom_K16_q0_dense.npz: OK
out/fields/N64_case17_nmrom_K16_q32_dense.npz: OK
out/fields/N64_case17_nmrom_K16_q96_dense.npz: OK
out/fields/N64_case17_pod112_galerkin.npz: OK
out/fields/N64_case17_pod112_native32_interpolated_basis_galerkin.npz: OK
out/fields/N64_case17_pod128_galerkin.npz: OK
out/fields/N64_case17_pod128_native32_interpolated_basis_galerkin.npz: OK
out/fields/N64_case17_pod16_galerkin.npz: OK
out/fields/N64_case17_pod16_native32_interpolated_basis_galerkin.npz: OK
out/fields/N64_case17_pod48_galerkin.npz: OK
out/fields/N64_case17_pod48_native32_interpolated_basis_galerkin.npz: OK
out/fields/N64_case17_reference.npz: OK
out/fields/N64_case17_transolver3d_w48_s32.npz: OK
out/fields/N64_case17_transolver3d_w48_s32_native32_interpolate.npz: OK
out/fields/N64_case17_unet3d_w16.npz: OK
out/fields/N64_case17_unet3d_w16_native32_interpolate.npz: OK
out/fields/N64_case18_cg_identity_plain_rtol1e-02_rep0.npz: OK
out/fields/N64_case18_cg_identity_plain_rtol1e-02_rep1.npz: OK
out/fields/N64_case18_cg_identity_plain_rtol1e-02_rep2.npz: OK
out/fields/N64_case18_cg_identity_plain_rtol1e-04_rep0.npz: OK
out/fields/N64_case18_cg_identity_plain_rtol1e-04_rep1.npz: OK
out/fields/N64_case18_cg_identity_plain_rtol1e-04_rep2.npz: OK
out/fields/N64_case18_cg_identity_plain_rtol1e-06_rep0.npz: OK
out/fields/N64_case18_cg_identity_plain_rtol1e-06_rep1.npz: OK
out/fields/N64_case18_cg_identity_plain_rtol1e-06_rep2.npz: OK
out/fields/N64_case18_cg_identity_rtol1e-02_rep0.npz: OK
out/fields/N64_case18_cg_identity_rtol1e-02_rep1.npz: OK
out/fields/N64_case18_cg_identity_rtol1e-02_rep2.npz: OK
out/fields/N64_case18_cg_identity_rtol1e-04_rep0.npz: OK
out/fields/N64_case18_cg_identity_rtol1e-04_rep1.npz: OK
out/fields/N64_case18_cg_identity_rtol1e-04_rep2.npz: OK
out/fields/N64_case18_cg_identity_rtol1e-06_rep0.npz: OK
out/fields/N64_case18_cg_identity_rtol1e-06_rep1.npz: OK
out/fields/N64_case18_cg_identity_rtol1e-06_rep2.npz: OK
out/fields/N64_case18_deeponet3d_r128_w16_podinit.npz: OK
out/fields/N64_case18_deeponet3d_r128_w16_podinit_native32_continuous_trunk.npz: OK
out/fields/N64_case18_deeponet3d_r128_w16_podinit_native32_interpolate.npz: OK
out/fields/N64_case18_dst_exact.npz: OK
out/fields/N64_case18_fno3d_w24_m8.npz: OK
out/fields/N64_case18_fno3d_w24_m8_native32_interpolate.npz: OK
out/fields/N64_case18_fno3d_w24_m8_physical_padding17.npz: OK
out/fields/N64_case18_linear_bank_galerkin.npz: OK
out/fields/N64_case18_linear_bank_weak_qR.npz: OK
out/fields/N64_case18_nmrom_K16_q0_dense.npz: OK
out/fields/N64_case18_nmrom_K16_q32_dense.npz: OK
out/fields/N64_case18_nmrom_K16_q96_dense.npz: OK
out/fields/N64_case18_pod112_galerkin.npz: OK
out/fields/N64_case18_pod112_native32_interpolated_basis_galerkin.npz: OK
out/fields/N64_case18_pod128_galerkin.npz: OK
out/fields/N64_case18_pod128_native32_interpolated_basis_galerkin.npz: OK
out/fields/N64_case18_pod16_galerkin.npz: OK
out/fields/N64_case18_pod16_native32_interpolated_basis_galerkin.npz: OK
out/fields/N64_case18_pod48_galerkin.npz: OK
out/fields/N64_case18_pod48_native32_interpolated_basis_galerkin.npz: OK
out/fields/N64_case18_reference.npz: OK
out/fields/N64_case18_transolver3d_w48_s32.npz: OK
out/fields/N64_case18_transolver3d_w48_s32_native32_interpolate.npz: OK
out/fields/N64_case18_unet3d_w16.npz: OK
out/fields/N64_case18_unet3d_w16_native32_interpolate.npz: OK
out/fields/N64_case19_cg_identity_plain_rtol1e-02_rep0.npz: OK
out/fields/N64_case19_cg_identity_plain_rtol1e-02_rep1.npz: OK
out/fields/N64_case19_cg_identity_plain_rtol1e-02_rep2.npz: OK
out/fields/N64_case19_cg_identity_plain_rtol1e-04_rep0.npz: OK
out/fields/N64_case19_cg_identity_plain_rtol1e-04_rep1.npz: OK
out/fields/N64_case19_cg_identity_plain_rtol1e-04_rep2.npz: OK
out/fields/N64_case19_cg_identity_plain_rtol1e-06_rep0.npz: OK
out/fields/N64_case19_cg_identity_plain_rtol1e-06_rep1.npz: OK
out/fields/N64_case19_cg_identity_plain_rtol1e-06_rep2.npz: OK
out/fields/N64_case19_cg_identity_rtol1e-02_rep0.npz: OK
out/fields/N64_case19_cg_identity_rtol1e-02_rep1.npz: OK
out/fields/N64_case19_cg_identity_rtol1e-02_rep2.npz: OK
out/fields/N64_case19_cg_identity_rtol1e-04_rep0.npz: OK
out/fields/N64_case19_cg_identity_rtol1e-04_rep1.npz: OK
out/fields/N64_case19_cg_identity_rtol1e-04_rep2.npz: OK
out/fields/N64_case19_cg_identity_rtol1e-06_rep0.npz: OK
out/fields/N64_case19_cg_identity_rtol1e-06_rep1.npz: OK
out/fields/N64_case19_cg_identity_rtol1e-06_rep2.npz: OK
out/fields/N64_case19_deeponet3d_r128_w16_podinit.npz: OK
out/fields/N64_case19_deeponet3d_r128_w16_podinit_native32_continuous_trunk.npz: OK
out/fields/N64_case19_deeponet3d_r128_w16_podinit_native32_interpolate.npz: OK
out/fields/N64_case19_dst_exact.npz: OK
out/fields/N64_case19_fno3d_w24_m8.npz: OK
out/fields/N64_case19_fno3d_w24_m8_native32_interpolate.npz: OK
out/fields/N64_case19_fno3d_w24_m8_physical_padding17.npz: OK
out/fields/N64_case19_linear_bank_galerkin.npz: OK
out/fields/N64_case19_linear_bank_weak_qR.npz: OK
out/fields/N64_case19_nmrom_K16_q0_dense.npz: OK
out/fields/N64_case19_nmrom_K16_q32_dense.npz: OK
out/fields/N64_case19_nmrom_K16_q96_dense.npz: OK
out/fields/N64_case19_pod112_galerkin.npz: OK
out/fields/N64_case19_pod112_native32_interpolated_basis_galerkin.npz: OK
out/fields/N64_case19_pod128_galerkin.npz: OK
out/fields/N64_case19_pod128_native32_interpolated_basis_galerkin.npz: OK
out/fields/N64_case19_pod16_galerkin.npz: OK
out/fields/N64_case19_pod16_native32_interpolated_basis_galerkin.npz: OK
out/fields/N64_case19_pod48_galerkin.npz: OK
out/fields/N64_case19_pod48_native32_interpolated_basis_galerkin.npz: OK
out/fields/N64_case19_reference.npz: OK
out/fields/N64_case19_transolver3d_w48_s32.npz: OK
out/fields/N64_case19_transolver3d_w48_s32_native32_interpolate.npz: OK
out/fields/N64_case19_unet3d_w16.npz: OK
out/fields/N64_case19_unet3d_w16_native32_interpolate.npz: OK
out/fields/N64_case1_cg_identity_plain_rtol1e-02_rep0.npz: OK
out/fields/N64_case1_cg_identity_plain_rtol1e-02_rep1.npz: OK
out/fields/N64_case1_cg_identity_plain_rtol1e-02_rep2.npz: OK
out/fields/N64_case1_cg_identity_plain_rtol1e-04_rep0.npz: OK
out/fields/N64_case1_cg_identity_plain_rtol1e-04_rep1.npz: OK
out/fields/N64_case1_cg_identity_plain_rtol1e-04_rep2.npz: OK
out/fields/N64_case1_cg_identity_plain_rtol1e-06_rep0.npz: OK
out/fields/N64_case1_cg_identity_plain_rtol1e-06_rep1.npz: OK
out/fields/N64_case1_cg_identity_plain_rtol1e-06_rep2.npz: OK
out/fields/N64_case1_cg_identity_rtol1e-02_rep0.npz: OK
out/fields/N64_case1_cg_identity_rtol1e-02_rep1.npz: OK
out/fields/N64_case1_cg_identity_rtol1e-02_rep2.npz: OK
out/fields/N64_case1_cg_identity_rtol1e-04_rep0.npz: OK
out/fields/N64_case1_cg_identity_rtol1e-04_rep1.npz: OK
out/fields/N64_case1_cg_identity_rtol1e-04_rep2.npz: OK
out/fields/N64_case1_cg_identity_rtol1e-06_rep0.npz: OK
out/fields/N64_case1_cg_identity_rtol1e-06_rep1.npz: OK
out/fields/N64_case1_cg_identity_rtol1e-06_rep2.npz: OK
out/fields/N64_case1_deeponet3d_r128_w16_podinit.npz: OK
out/fields/N64_case1_deeponet3d_r128_w16_podinit_native32_continuous_trunk.npz: OK
out/fields/N64_case1_deeponet3d_r128_w16_podinit_native32_interpolate.npz: OK
out/fields/N64_case1_dst_exact.npz: OK
out/fields/N64_case1_fno3d_w24_m8.npz: OK
out/fields/N64_case1_fno3d_w24_m8_native32_interpolate.npz: OK
out/fields/N64_case1_fno3d_w24_m8_physical_padding17.npz: OK
out/fields/N64_case1_linear_bank_galerkin.npz: OK
out/fields/N64_case1_linear_bank_weak_qR.npz: OK
out/fields/N64_case1_nmrom_K16_q0_dense.npz: OK
out/fields/N64_case1_nmrom_K16_q32_dense.npz: OK
out/fields/N64_case1_nmrom_K16_q96_dense.npz: OK
out/fields/N64_case1_pod112_galerkin.npz: OK
out/fields/N64_case1_pod112_native32_interpolated_basis_galerkin.npz: OK
out/fields/N64_case1_pod128_galerkin.npz: OK
out/fields/N64_case1_pod128_native32_interpolated_basis_galerkin.npz: OK
out/fields/N64_case1_pod16_galerkin.npz: OK
out/fields/N64_case1_pod16_native32_interpolated_basis_galerkin.npz: OK
out/fields/N64_case1_pod48_galerkin.npz: OK
out/fields/N64_case1_pod48_native32_interpolated_basis_galerkin.npz: OK
out/fields/N64_case1_reference.npz: OK
out/fields/N64_case1_transolver3d_w48_s32.npz: OK
out/fields/N64_case1_transolver3d_w48_s32_native32_interpolate.npz: OK
out/fields/N64_case1_unet3d_w16.npz: OK
out/fields/N64_case1_unet3d_w16_native32_interpolate.npz: OK
out/fields/N64_case20_cg_identity_plain_rtol1e-02_rep0.npz: OK
out/fields/N64_case20_cg_identity_plain_rtol1e-02_rep1.npz: OK
out/fields/N64_case20_cg_identity_plain_rtol1e-02_rep2.npz: OK
out/fields/N64_case20_cg_identity_plain_rtol1e-04_rep0.npz: OK
out/fields/N64_case20_cg_identity_plain_rtol1e-04_rep1.npz: OK
out/fields/N64_case20_cg_identity_plain_rtol1e-04_rep2.npz: OK
out/fields/N64_case20_cg_identity_plain_rtol1e-06_rep0.npz: OK
out/fields/N64_case20_cg_identity_plain_rtol1e-06_rep1.npz: OK
out/fields/N64_case20_cg_identity_plain_rtol1e-06_rep2.npz: OK
out/fields/N64_case20_cg_identity_rtol1e-02_rep0.npz: OK
out/fields/N64_case20_cg_identity_rtol1e-02_rep1.npz: OK
out/fields/N64_case20_cg_identity_rtol1e-02_rep2.npz: OK
out/fields/N64_case20_cg_identity_rtol1e-04_rep0.npz: OK
out/fields/N64_case20_cg_identity_rtol1e-04_rep1.npz: OK
out/fields/N64_case20_cg_identity_rtol1e-04_rep2.npz: OK
out/fields/N64_case20_cg_identity_rtol1e-06_rep0.npz: OK
out/fields/N64_case20_cg_identity_rtol1e-06_rep1.npz: OK
out/fields/N64_case20_cg_identity_rtol1e-06_rep2.npz: OK
out/fields/N64_case20_deeponet3d_r128_w16_podinit.npz: OK
out/fields/N64_case20_deeponet3d_r128_w16_podinit_native32_continuous_trunk.npz: OK
out/fields/N64_case20_deeponet3d_r128_w16_podinit_native32_interpolate.npz: OK
out/fields/N64_case20_dst_exact.npz: OK
out/fields/N64_case20_fno3d_w24_m8.npz: OK
out/fields/N64_case20_fno3d_w24_m8_native32_interpolate.npz: OK
out/fields/N64_case20_fno3d_w24_m8_physical_padding17.npz: OK
out/fields/N64_case20_linear_bank_galerkin.npz: OK
out/fields/N64_case20_linear_bank_weak_qR.npz: OK
out/fields/N64_case20_nmrom_K16_q0_dense.npz: OK
out/fields/N64_case20_nmrom_K16_q32_dense.npz: OK
out/fields/N64_case20_nmrom_K16_q96_dense.npz: OK
out/fields/N64_case20_pod112_galerkin.npz: OK
out/fields/N64_case20_pod112_native32_interpolated_basis_galerkin.npz: OK
out/fields/N64_case20_pod128_galerkin.npz: OK
out/fields/N64_case20_pod128_native32_interpolated_basis_galerkin.npz: OK
out/fields/N64_case20_pod16_galerkin.npz: OK
out/fields/N64_case20_pod16_native32_interpolated_basis_galerkin.npz: OK
out/fields/N64_case20_pod48_galerkin.npz: OK
out/fields/N64_case20_pod48_native32_interpolated_basis_galerkin.npz: OK
out/fields/N64_case20_reference.npz: OK
out/fields/N64_case20_transolver3d_w48_s32.npz: OK
out/fields/N64_case20_transolver3d_w48_s32_native32_interpolate.npz: OK
out/fields/N64_case20_unet3d_w16.npz: OK
out/fields/N64_case20_unet3d_w16_native32_interpolate.npz: OK
out/fields/N64_case21_cg_identity_plain_rtol1e-02_rep0.npz: OK
out/fields/N64_case21_cg_identity_plain_rtol1e-02_rep1.npz: OK
out/fields/N64_case21_cg_identity_plain_rtol1e-02_rep2.npz: OK
out/fields/N64_case21_cg_identity_plain_rtol1e-04_rep0.npz: OK
out/fields/N64_case21_cg_identity_plain_rtol1e-04_rep1.npz: OK
out/fields/N64_case21_cg_identity_plain_rtol1e-04_rep2.npz: OK
out/fields/N64_case21_cg_identity_plain_rtol1e-06_rep0.npz: OK
out/fields/N64_case21_cg_identity_plain_rtol1e-06_rep1.npz: OK
out/fields/N64_case21_cg_identity_plain_rtol1e-06_rep2.npz: OK
out/fields/N64_case21_cg_identity_rtol1e-02_rep0.npz: OK
out/fields/N64_case21_cg_identity_rtol1e-02_rep1.npz: OK
out/fields/N64_case21_cg_identity_rtol1e-02_rep2.npz: OK
out/fields/N64_case21_cg_identity_rtol1e-04_rep0.npz: OK
out/fields/N64_case21_cg_identity_rtol1e-04_rep1.npz: OK
out/fields/N64_case21_cg_identity_rtol1e-04_rep2.npz: OK
out/fields/N64_case21_cg_identity_rtol1e-06_rep0.npz: OK
out/fields/N64_case21_cg_identity_rtol1e-06_rep1.npz: OK
out/fields/N64_case21_cg_identity_rtol1e-06_rep2.npz: OK
out/fields/N64_case21_deeponet3d_r128_w16_podinit.npz: OK
out/fields/N64_case21_deeponet3d_r128_w16_podinit_native32_continuous_trunk.npz: OK
out/fields/N64_case21_deeponet3d_r128_w16_podinit_native32_interpolate.npz: OK
out/fields/N64_case21_dst_exact.npz: OK
out/fields/N64_case21_fno3d_w24_m8.npz: OK
out/fields/N64_case21_fno3d_w24_m8_native32_interpolate.npz: OK
out/fields/N64_case21_fno3d_w24_m8_physical_padding17.npz: OK
out/fields/N64_case21_linear_bank_galerkin.npz: OK
out/fields/N64_case21_linear_bank_weak_qR.npz: OK
out/fields/N64_case21_nmrom_K16_q0_dense.npz: OK
out/fields/N64_case21_nmrom_K16_q32_dense.npz: OK
out/fields/N64_case21_nmrom_K16_q96_dense.npz: OK
out/fields/N64_case21_pod112_galerkin.npz: OK
out/fields/N64_case21_pod112_native32_interpolated_basis_galerkin.npz: OK
out/fields/N64_case21_pod128_galerkin.npz: OK
out/fields/N64_case21_pod128_native32_interpolated_basis_galerkin.npz: OK
out/fields/N64_case21_pod16_galerkin.npz: OK
out/fields/N64_case21_pod16_native32_interpolated_basis_galerkin.npz: OK
out/fields/N64_case21_pod48_galerkin.npz: OK
out/fields/N64_case21_pod48_native32_interpolated_basis_galerkin.npz: OK
out/fields/N64_case21_reference.npz: OK
out/fields/N64_case21_transolver3d_w48_s32.npz: OK
out/fields/N64_case21_transolver3d_w48_s32_native32_interpolate.npz: OK
out/fields/N64_case21_unet3d_w16.npz: OK
out/fields/N64_case21_unet3d_w16_native32_interpolate.npz: OK
out/fields/N64_case22_cg_identity_plain_rtol1e-02_rep0.npz: OK
out/fields/N64_case22_cg_identity_plain_rtol1e-02_rep1.npz: OK
out/fields/N64_case22_cg_identity_plain_rtol1e-02_rep2.npz: OK
out/fields/N64_case22_cg_identity_plain_rtol1e-04_rep0.npz: OK
out/fields/N64_case22_cg_identity_plain_rtol1e-04_rep1.npz: OK
out/fields/N64_case22_cg_identity_plain_rtol1e-04_rep2.npz: OK
out/fields/N64_case22_cg_identity_plain_rtol1e-06_rep0.npz: OK
out/fields/N64_case22_cg_identity_plain_rtol1e-06_rep1.npz: OK
out/fields/N64_case22_cg_identity_plain_rtol1e-06_rep2.npz: OK
out/fields/N64_case22_cg_identity_rtol1e-02_rep0.npz: OK
out/fields/N64_case22_cg_identity_rtol1e-02_rep1.npz: OK
out/fields/N64_case22_cg_identity_rtol1e-02_rep2.npz: OK
out/fields/N64_case22_cg_identity_rtol1e-04_rep0.npz: OK
out/fields/N64_case22_cg_identity_rtol1e-04_rep1.npz: OK
out/fields/N64_case22_cg_identity_rtol1e-04_rep2.npz: OK
out/fields/N64_case22_cg_identity_rtol1e-06_rep0.npz: OK
out/fields/N64_case22_cg_identity_rtol1e-06_rep1.npz: OK
out/fields/N64_case22_cg_identity_rtol1e-06_rep2.npz: OK
out/fields/N64_case22_deeponet3d_r128_w16_podinit.npz: OK
out/fields/N64_case22_deeponet3d_r128_w16_podinit_native32_continuous_trunk.npz: OK
out/fields/N64_case22_deeponet3d_r128_w16_podinit_native32_interpolate.npz: OK
out/fields/N64_case22_dst_exact.npz: OK
out/fields/N64_case22_fno3d_w24_m8.npz: OK
out/fields/N64_case22_fno3d_w24_m8_native32_interpolate.npz: OK
out/fields/N64_case22_fno3d_w24_m8_physical_padding17.npz: OK
out/fields/N64_case22_linear_bank_galerkin.npz: OK
out/fields/N64_case22_linear_bank_weak_qR.npz: OK
out/fields/N64_case22_nmrom_K16_q0_dense.npz: OK
out/fields/N64_case22_nmrom_K16_q32_dense.npz: OK
out/fields/N64_case22_nmrom_K16_q96_dense.npz: OK
out/fields/N64_case22_pod112_galerkin.npz: OK
out/fields/N64_case22_pod112_native32_interpolated_basis_galerkin.npz: OK
out/fields/N64_case22_pod128_galerkin.npz: OK
out/fields/N64_case22_pod128_native32_interpolated_basis_galerkin.npz: OK
out/fields/N64_case22_pod16_galerkin.npz: OK
out/fields/N64_case22_pod16_native32_interpolated_basis_galerkin.npz: OK
out/fields/N64_case22_pod48_galerkin.npz: OK
out/fields/N64_case22_pod48_native32_interpolated_basis_galerkin.npz: OK
out/fields/N64_case22_reference.npz: OK
out/fields/N64_case22_transolver3d_w48_s32.npz: OK
out/fields/N64_case22_transolver3d_w48_s32_native32_interpolate.npz: OK
out/fields/N64_case22_unet3d_w16.npz: OK
out/fields/N64_case22_unet3d_w16_native32_interpolate.npz: OK
out/fields/N64_case23_cg_identity_plain_rtol1e-02_rep0.npz: OK
out/fields/N64_case23_cg_identity_plain_rtol1e-02_rep1.npz: OK
out/fields/N64_case23_cg_identity_plain_rtol1e-02_rep2.npz: OK
out/fields/N64_case23_cg_identity_plain_rtol1e-04_rep0.npz: OK
out/fields/N64_case23_cg_identity_plain_rtol1e-04_rep1.npz: OK
out/fields/N64_case23_cg_identity_plain_rtol1e-04_rep2.npz: OK
out/fields/N64_case23_cg_identity_plain_rtol1e-06_rep0.npz: OK
out/fields/N64_case23_cg_identity_plain_rtol1e-06_rep1.npz: OK
out/fields/N64_case23_cg_identity_plain_rtol1e-06_rep2.npz: OK
out/fields/N64_case23_cg_identity_rtol1e-02_rep0.npz: OK
out/fields/N64_case23_cg_identity_rtol1e-02_rep1.npz: OK
out/fields/N64_case23_cg_identity_rtol1e-02_rep2.npz: OK
out/fields/N64_case23_cg_identity_rtol1e-04_rep0.npz: OK
out/fields/N64_case23_cg_identity_rtol1e-04_rep1.npz: OK
out/fields/N64_case23_cg_identity_rtol1e-04_rep2.npz: OK
out/fields/N64_case23_cg_identity_rtol1e-06_rep0.npz: OK
out/fields/N64_case23_cg_identity_rtol1e-06_rep1.npz: OK
out/fields/N64_case23_cg_identity_rtol1e-06_rep2.npz: OK
out/fields/N64_case23_deeponet3d_r128_w16_podinit.npz: OK
out/fields/N64_case23_deeponet3d_r128_w16_podinit_native32_continuous_trunk.npz: OK
out/fields/N64_case23_deeponet3d_r128_w16_podinit_native32_interpolate.npz: OK
out/fields/N64_case23_dst_exact.npz: OK
out/fields/N64_case23_fno3d_w24_m8.npz: OK
out/fields/N64_case23_fno3d_w24_m8_native32_interpolate.npz: OK
out/fields/N64_case23_fno3d_w24_m8_physical_padding17.npz: OK
out/fields/N64_case23_linear_bank_galerkin.npz: OK
out/fields/N64_case23_linear_bank_weak_qR.npz: OK
out/fields/N64_case23_nmrom_K16_q0_dense.npz: OK
out/fields/N64_case23_nmrom_K16_q32_dense.npz: OK
out/fields/N64_case23_nmrom_K16_q96_dense.npz: OK
out/fields/N64_case23_pod112_galerkin.npz: OK
out/fields/N64_case23_pod112_native32_interpolated_basis_galerkin.npz: OK
out/fields/N64_case23_pod128_galerkin.npz: OK
out/fields/N64_case23_pod128_native32_interpolated_basis_galerkin.npz: OK
out/fields/N64_case23_pod16_galerkin.npz: OK
out/fields/N64_case23_pod16_native32_interpolated_basis_galerkin.npz: OK
out/fields/N64_case23_pod48_galerkin.npz: OK
out/fields/N64_case23_pod48_native32_interpolated_basis_galerkin.npz: OK
out/fields/N64_case23_reference.npz: OK
out/fields/N64_case23_transolver3d_w48_s32.npz: OK
out/fields/N64_case23_transolver3d_w48_s32_native32_interpolate.npz: OK
out/fields/N64_case23_unet3d_w16.npz: OK
out/fields/N64_case23_unet3d_w16_native32_interpolate.npz: OK
out/fields/N64_case24_cg_identity_plain_rtol1e-02_rep0.npz: OK
out/fields/N64_case24_cg_identity_plain_rtol1e-02_rep1.npz: OK
out/fields/N64_case24_cg_identity_plain_rtol1e-02_rep2.npz: OK
out/fields/N64_case24_cg_identity_plain_rtol1e-04_rep0.npz: OK
out/fields/N64_case24_cg_identity_plain_rtol1e-04_rep1.npz: OK
out/fields/N64_case24_cg_identity_plain_rtol1e-04_rep2.npz: OK
out/fields/N64_case24_cg_identity_plain_rtol1e-06_rep0.npz: OK
out/fields/N64_case24_cg_identity_plain_rtol1e-06_rep1.npz: OK
out/fields/N64_case24_cg_identity_plain_rtol1e-06_rep2.npz: OK
out/fields/N64_case24_cg_identity_rtol1e-02_rep0.npz: OK
out/fields/N64_case24_cg_identity_rtol1e-02_rep1.npz: OK
out/fields/N64_case24_cg_identity_rtol1e-02_rep2.npz: OK
out/fields/N64_case24_cg_identity_rtol1e-04_rep0.npz: OK
out/fields/N64_case24_cg_identity_rtol1e-04_rep1.npz: OK
out/fields/N64_case24_cg_identity_rtol1e-04_rep2.npz: OK
out/fields/N64_case24_cg_identity_rtol1e-06_rep0.npz: OK
out/fields/N64_case24_cg_identity_rtol1e-06_rep1.npz: OK
out/fields/N64_case24_cg_identity_rtol1e-06_rep2.npz: OK
out/fields/N64_case24_deeponet3d_r128_w16_podinit.npz: OK
out/fields/N64_case24_deeponet3d_r128_w16_podinit_native32_continuous_trunk.npz: OK
out/fields/N64_case24_deeponet3d_r128_w16_podinit_native32_interpolate.npz: OK
out/fields/N64_case24_dst_exact.npz: OK
out/fields/N64_case24_fno3d_w24_m8.npz: OK
out/fields/N64_case24_fno3d_w24_m8_native32_interpolate.npz: OK
out/fields/N64_case24_fno3d_w24_m8_physical_padding17.npz: OK
out/fields/N64_case24_linear_bank_galerkin.npz: OK
out/fields/N64_case24_linear_bank_weak_qR.npz: OK
out/fields/N64_case24_nmrom_K16_q0_dense.npz: OK
out/fields/N64_case24_nmrom_K16_q32_dense.npz: OK
out/fields/N64_case24_nmrom_K16_q96_dense.npz: OK
out/fields/N64_case24_pod112_galerkin.npz: OK
out/fields/N64_case24_pod112_native32_interpolated_basis_galerkin.npz: OK
out/fields/N64_case24_pod128_galerkin.npz: OK
out/fields/N64_case24_pod128_native32_interpolated_basis_galerkin.npz: OK
out/fields/N64_case24_pod16_galerkin.npz: OK
out/fields/N64_case24_pod16_native32_interpolated_basis_galerkin.npz: OK
out/fields/N64_case24_pod48_galerkin.npz: OK
out/fields/N64_case24_pod48_native32_interpolated_basis_galerkin.npz: OK
out/fields/N64_case24_reference.npz: OK
out/fields/N64_case24_transolver3d_w48_s32.npz: OK
out/fields/N64_case24_transolver3d_w48_s32_native32_interpolate.npz: OK
out/fields/N64_case24_unet3d_w16.npz: OK
out/fields/N64_case24_unet3d_w16_native32_interpolate.npz: OK
out/fields/N64_case25_cg_identity_plain_rtol1e-02_rep0.npz: OK
out/fields/N64_case25_cg_identity_plain_rtol1e-02_rep1.npz: OK
out/fields/N64_case25_cg_identity_plain_rtol1e-02_rep2.npz: OK
out/fields/N64_case25_cg_identity_plain_rtol1e-04_rep0.npz: OK
out/fields/N64_case25_cg_identity_plain_rtol1e-04_rep1.npz: OK
out/fields/N64_case25_cg_identity_plain_rtol1e-04_rep2.npz: OK
out/fields/N64_case25_cg_identity_plain_rtol1e-06_rep0.npz: OK
out/fields/N64_case25_cg_identity_plain_rtol1e-06_rep1.npz: OK
out/fields/N64_case25_cg_identity_plain_rtol1e-06_rep2.npz: OK
out/fields/N64_case25_cg_identity_rtol1e-02_rep0.npz: OK
out/fields/N64_case25_cg_identity_rtol1e-02_rep1.npz: OK
out/fields/N64_case25_cg_identity_rtol1e-02_rep2.npz: OK
out/fields/N64_case25_cg_identity_rtol1e-04_rep0.npz: OK
out/fields/N64_case25_cg_identity_rtol1e-04_rep1.npz: OK
out/fields/N64_case25_cg_identity_rtol1e-04_rep2.npz: OK
out/fields/N64_case25_cg_identity_rtol1e-06_rep0.npz: OK
out/fields/N64_case25_cg_identity_rtol1e-06_rep1.npz: OK
out/fields/N64_case25_cg_identity_rtol1e-06_rep2.npz: OK
out/fields/N64_case25_deeponet3d_r128_w16_podinit.npz: OK
out/fields/N64_case25_deeponet3d_r128_w16_podinit_native32_continuous_trunk.npz: OK
out/fields/N64_case25_deeponet3d_r128_w16_podinit_native32_interpolate.npz: OK
out/fields/N64_case25_dst_exact.npz: OK
out/fields/N64_case25_fno3d_w24_m8.npz: OK
out/fields/N64_case25_fno3d_w24_m8_native32_interpolate.npz: OK
out/fields/N64_case25_fno3d_w24_m8_physical_padding17.npz: OK
out/fields/N64_case25_linear_bank_galerkin.npz: OK
out/fields/N64_case25_linear_bank_weak_qR.npz: OK
out/fields/N64_case25_nmrom_K16_q0_dense.npz: OK
out/fields/N64_case25_nmrom_K16_q32_dense.npz: OK
out/fields/N64_case25_nmrom_K16_q96_dense.npz: OK
out/fields/N64_case25_pod112_galerkin.npz: OK
out/fields/N64_case25_pod112_native32_interpolated_basis_galerkin.npz: OK
out/fields/N64_case25_pod128_galerkin.npz: OK
out/fields/N64_case25_pod128_native32_interpolated_basis_galerkin.npz: OK
out/fields/N64_case25_pod16_galerkin.npz: OK
out/fields/N64_case25_pod16_native32_interpolated_basis_galerkin.npz: OK
out/fields/N64_case25_pod48_galerkin.npz: OK
out/fields/N64_case25_pod48_native32_interpolated_basis_galerkin.npz: OK
out/fields/N64_case25_reference.npz: OK
out/fields/N64_case25_transolver3d_w48_s32.npz: OK
out/fields/N64_case25_transolver3d_w48_s32_native32_interpolate.npz: OK
out/fields/N64_case25_unet3d_w16.npz: OK
out/fields/N64_case25_unet3d_w16_native32_interpolate.npz: OK
out/fields/N64_case26_cg_identity_plain_rtol1e-02_rep0.npz: OK
out/fields/N64_case26_cg_identity_plain_rtol1e-02_rep1.npz: OK
out/fields/N64_case26_cg_identity_plain_rtol1e-02_rep2.npz: OK
out/fields/N64_case26_cg_identity_plain_rtol1e-04_rep0.npz: OK
out/fields/N64_case26_cg_identity_plain_rtol1e-04_rep1.npz: OK
out/fields/N64_case26_cg_identity_plain_rtol1e-04_rep2.npz: OK
out/fields/N64_case26_cg_identity_plain_rtol1e-06_rep0.npz: OK
out/fields/N64_case26_cg_identity_plain_rtol1e-06_rep1.npz: OK
out/fields/N64_case26_cg_identity_plain_rtol1e-06_rep2.npz: OK
out/fields/N64_case26_cg_identity_rtol1e-02_rep0.npz: OK
out/fields/N64_case26_cg_identity_rtol1e-02_rep1.npz: OK
out/fields/N64_case26_cg_identity_rtol1e-02_rep2.npz: OK
out/fields/N64_case26_cg_identity_rtol1e-04_rep0.npz: OK
out/fields/N64_case26_cg_identity_rtol1e-04_rep1.npz: OK
out/fields/N64_case26_cg_identity_rtol1e-04_rep2.npz: OK
out/fields/N64_case26_cg_identity_rtol1e-06_rep0.npz: OK
out/fields/N64_case26_cg_identity_rtol1e-06_rep1.npz: OK
out/fields/N64_case26_cg_identity_rtol1e-06_rep2.npz: OK
out/fields/N64_case26_deeponet3d_r128_w16_podinit.npz: OK
out/fields/N64_case26_deeponet3d_r128_w16_podinit_native32_continuous_trunk.npz: OK
out/fields/N64_case26_deeponet3d_r128_w16_podinit_native32_interpolate.npz: OK
out/fields/N64_case26_dst_exact.npz: OK
out/fields/N64_case26_fno3d_w24_m8.npz: OK
out/fields/N64_case26_fno3d_w24_m8_native32_interpolate.npz: OK
out/fields/N64_case26_fno3d_w24_m8_physical_padding17.npz: OK
out/fields/N64_case26_linear_bank_galerkin.npz: OK
out/fields/N64_case26_linear_bank_weak_qR.npz: OK
out/fields/N64_case26_nmrom_K16_q0_dense.npz: OK
out/fields/N64_case26_nmrom_K16_q32_dense.npz: OK
out/fields/N64_case26_nmrom_K16_q96_dense.npz: OK
out/fields/N64_case26_pod112_galerkin.npz: OK
out/fields/N64_case26_pod112_native32_interpolated_basis_galerkin.npz: OK
out/fields/N64_case26_pod128_galerkin.npz: OK
out/fields/N64_case26_pod128_native32_interpolated_basis_galerkin.npz: OK
out/fields/N64_case26_pod16_galerkin.npz: OK
out/fields/N64_case26_pod16_native32_interpolated_basis_galerkin.npz: OK
out/fields/N64_case26_pod48_galerkin.npz: OK
out/fields/N64_case26_pod48_native32_interpolated_basis_galerkin.npz: OK
out/fields/N64_case26_reference.npz: OK
out/fields/N64_case26_transolver3d_w48_s32.npz: OK
out/fields/N64_case26_transolver3d_w48_s32_native32_interpolate.npz: OK
out/fields/N64_case26_unet3d_w16.npz: OK
out/fields/N64_case26_unet3d_w16_native32_interpolate.npz: OK
out/fields/N64_case27_cg_identity_plain_rtol1e-02_rep0.npz: OK
out/fields/N64_case27_cg_identity_plain_rtol1e-02_rep1.npz: OK
out/fields/N64_case27_cg_identity_plain_rtol1e-02_rep2.npz: OK
out/fields/N64_case27_cg_identity_plain_rtol1e-04_rep0.npz: OK
out/fields/N64_case27_cg_identity_plain_rtol1e-04_rep1.npz: OK
out/fields/N64_case27_cg_identity_plain_rtol1e-04_rep2.npz: OK
out/fields/N64_case27_cg_identity_plain_rtol1e-06_rep0.npz: OK
out/fields/N64_case27_cg_identity_plain_rtol1e-06_rep1.npz: OK
out/fields/N64_case27_cg_identity_plain_rtol1e-06_rep2.npz: OK
out/fields/N64_case27_cg_identity_rtol1e-02_rep0.npz: OK
out/fields/N64_case27_cg_identity_rtol1e-02_rep1.npz: OK
out/fields/N64_case27_cg_identity_rtol1e-02_rep2.npz: OK
out/fields/N64_case27_cg_identity_rtol1e-04_rep0.npz: OK
out/fields/N64_case27_cg_identity_rtol1e-04_rep1.npz: OK
out/fields/N64_case27_cg_identity_rtol1e-04_rep2.npz: OK
out/fields/N64_case27_cg_identity_rtol1e-06_rep0.npz: OK
out/fields/N64_case27_cg_identity_rtol1e-06_rep1.npz: OK
out/fields/N64_case27_cg_identity_rtol1e-06_rep2.npz: OK
out/fields/N64_case27_deeponet3d_r128_w16_podinit.npz: OK
out/fields/N64_case27_deeponet3d_r128_w16_podinit_native32_continuous_trunk.npz: OK
out/fields/N64_case27_deeponet3d_r128_w16_podinit_native32_interpolate.npz: OK
out/fields/N64_case27_dst_exact.npz: OK
out/fields/N64_case27_fno3d_w24_m8.npz: OK
out/fields/N64_case27_fno3d_w24_m8_native32_interpolate.npz: OK
out/fields/N64_case27_fno3d_w24_m8_physical_padding17.npz: OK
out/fields/N64_case27_linear_bank_galerkin.npz: OK
out/fields/N64_case27_linear_bank_weak_qR.npz: OK
out/fields/N64_case27_nmrom_K16_q0_dense.npz: OK
out/fields/N64_case27_nmrom_K16_q32_dense.npz: OK
out/fields/N64_case27_nmrom_K16_q96_dense.npz: OK
out/fields/N64_case27_pod112_galerkin.npz: OK
out/fields/N64_case27_pod112_native32_interpolated_basis_galerkin.npz: OK
out/fields/N64_case27_pod128_galerkin.npz: OK
out/fields/N64_case27_pod128_native32_interpolated_basis_galerkin.npz: OK
out/fields/N64_case27_pod16_galerkin.npz: OK
out/fields/N64_case27_pod16_native32_interpolated_basis_galerkin.npz: OK
out/fields/N64_case27_pod48_galerkin.npz: OK
out/fields/N64_case27_pod48_native32_interpolated_basis_galerkin.npz: OK
out/fields/N64_case27_reference.npz: OK
out/fields/N64_case27_transolver3d_w48_s32.npz: OK
out/fields/N64_case27_transolver3d_w48_s32_native32_interpolate.npz: OK
out/fields/N64_case27_unet3d_w16.npz: OK
out/fields/N64_case27_unet3d_w16_native32_interpolate.npz: OK
out/fields/N64_case28_cg_identity_plain_rtol1e-02_rep0.npz: OK
out/fields/N64_case28_cg_identity_plain_rtol1e-02_rep1.npz: OK
out/fields/N64_case28_cg_identity_plain_rtol1e-02_rep2.npz: OK
out/fields/N64_case28_cg_identity_plain_rtol1e-04_rep0.npz: OK
out/fields/N64_case28_cg_identity_plain_rtol1e-04_rep1.npz: OK
out/fields/N64_case28_cg_identity_plain_rtol1e-04_rep2.npz: OK
out/fields/N64_case28_cg_identity_plain_rtol1e-06_rep0.npz: OK
out/fields/N64_case28_cg_identity_plain_rtol1e-06_rep1.npz: OK
out/fields/N64_case28_cg_identity_plain_rtol1e-06_rep2.npz: OK
out/fields/N64_case28_cg_identity_rtol1e-02_rep0.npz: OK
out/fields/N64_case28_cg_identity_rtol1e-02_rep1.npz: OK
out/fields/N64_case28_cg_identity_rtol1e-02_rep2.npz: OK
out/fields/N64_case28_cg_identity_rtol1e-04_rep0.npz: OK
out/fields/N64_case28_cg_identity_rtol1e-04_rep1.npz: OK
out/fields/N64_case28_cg_identity_rtol1e-04_rep2.npz: OK
out/fields/N64_case28_cg_identity_rtol1e-06_rep0.npz: OK
out/fields/N64_case28_cg_identity_rtol1e-06_rep1.npz: OK
out/fields/N64_case28_cg_identity_rtol1e-06_rep2.npz: OK
out/fields/N64_case28_deeponet3d_r128_w16_podinit.npz: OK
out/fields/N64_case28_deeponet3d_r128_w16_podinit_native32_continuous_trunk.npz: OK
out/fields/N64_case28_deeponet3d_r128_w16_podinit_native32_interpolate.npz: OK
out/fields/N64_case28_dst_exact.npz: OK
out/fields/N64_case28_fno3d_w24_m8.npz: OK
out/fields/N64_case28_fno3d_w24_m8_native32_interpolate.npz: OK
out/fields/N64_case28_fno3d_w24_m8_physical_padding17.npz: OK
out/fields/N64_case28_linear_bank_galerkin.npz: OK
out/fields/N64_case28_linear_bank_weak_qR.npz: OK
out/fields/N64_case28_nmrom_K16_q0_dense.npz: OK
out/fields/N64_case28_nmrom_K16_q32_dense.npz: OK
out/fields/N64_case28_nmrom_K16_q96_dense.npz: OK
out/fields/N64_case28_pod112_galerkin.npz: OK
out/fields/N64_case28_pod112_native32_interpolated_basis_galerkin.npz: OK
out/fields/N64_case28_pod128_galerkin.npz: OK
out/fields/N64_case28_pod128_native32_interpolated_basis_galerkin.npz: OK
out/fields/N64_case28_pod16_galerkin.npz: OK
out/fields/N64_case28_pod16_native32_interpolated_basis_galerkin.npz: OK
out/fields/N64_case28_pod48_galerkin.npz: OK
out/fields/N64_case28_pod48_native32_interpolated_basis_galerkin.npz: OK
out/fields/N64_case28_reference.npz: OK
out/fields/N64_case28_transolver3d_w48_s32.npz: OK
out/fields/N64_case28_transolver3d_w48_s32_native32_interpolate.npz: OK
out/fields/N64_case28_unet3d_w16.npz: OK
out/fields/N64_case28_unet3d_w16_native32_interpolate.npz: OK
out/fields/N64_case29_cg_identity_plain_rtol1e-02_rep0.npz: OK
out/fields/N64_case29_cg_identity_plain_rtol1e-02_rep1.npz: OK
out/fields/N64_case29_cg_identity_plain_rtol1e-02_rep2.npz: OK
out/fields/N64_case29_cg_identity_plain_rtol1e-04_rep0.npz: OK
out/fields/N64_case29_cg_identity_plain_rtol1e-04_rep1.npz: OK
out/fields/N64_case29_cg_identity_plain_rtol1e-04_rep2.npz: OK
out/fields/N64_case29_cg_identity_plain_rtol1e-06_rep0.npz: OK
out/fields/N64_case29_cg_identity_plain_rtol1e-06_rep1.npz: OK
out/fields/N64_case29_cg_identity_plain_rtol1e-06_rep2.npz: OK
out/fields/N64_case29_cg_identity_rtol1e-02_rep0.npz: OK
out/fields/N64_case29_cg_identity_rtol1e-02_rep1.npz: OK
out/fields/N64_case29_cg_identity_rtol1e-02_rep2.npz: OK
out/fields/N64_case29_cg_identity_rtol1e-04_rep0.npz: OK
out/fields/N64_case29_cg_identity_rtol1e-04_rep1.npz: OK
out/fields/N64_case29_cg_identity_rtol1e-04_rep2.npz: OK
out/fields/N64_case29_cg_identity_rtol1e-06_rep0.npz: OK
out/fields/N64_case29_cg_identity_rtol1e-06_rep1.npz: OK
out/fields/N64_case29_cg_identity_rtol1e-06_rep2.npz: OK
out/fields/N64_case29_deeponet3d_r128_w16_podinit.npz: OK
out/fields/N64_case29_deeponet3d_r128_w16_podinit_native32_continuous_trunk.npz: OK
out/fields/N64_case29_deeponet3d_r128_w16_podinit_native32_interpolate.npz: OK
out/fields/N64_case29_dst_exact.npz: OK
out/fields/N64_case29_fno3d_w24_m8.npz: OK
out/fields/N64_case29_fno3d_w24_m8_native32_interpolate.npz: OK
out/fields/N64_case29_fno3d_w24_m8_physical_padding17.npz: OK
out/fields/N64_case29_linear_bank_galerkin.npz: OK
out/fields/N64_case29_linear_bank_weak_qR.npz: OK
out/fields/N64_case29_nmrom_K16_q0_dense.npz: OK
out/fields/N64_case29_nmrom_K16_q32_dense.npz: OK
out/fields/N64_case29_nmrom_K16_q96_dense.npz: OK
out/fields/N64_case29_pod112_galerkin.npz: OK
out/fields/N64_case29_pod112_native32_interpolated_basis_galerkin.npz: OK
out/fields/N64_case29_pod128_galerkin.npz: OK
out/fields/N64_case29_pod128_native32_interpolated_basis_galerkin.npz: OK
out/fields/N64_case29_pod16_galerkin.npz: OK
out/fields/N64_case29_pod16_native32_interpolated_basis_galerkin.npz: OK
out/fields/N64_case29_pod48_galerkin.npz: OK
out/fields/N64_case29_pod48_native32_interpolated_basis_galerkin.npz: OK
out/fields/N64_case29_reference.npz: OK
out/fields/N64_case29_transolver3d_w48_s32.npz: OK
out/fields/N64_case29_transolver3d_w48_s32_native32_interpolate.npz: OK
out/fields/N64_case29_unet3d_w16.npz: OK
out/fields/N64_case29_unet3d_w16_native32_interpolate.npz: OK
out/fields/N64_case2_cg_identity_plain_rtol1e-02_rep0.npz: OK
out/fields/N64_case2_cg_identity_plain_rtol1e-02_rep1.npz: OK
out/fields/N64_case2_cg_identity_plain_rtol1e-02_rep2.npz: OK
out/fields/N64_case2_cg_identity_plain_rtol1e-04_rep0.npz: OK
out/fields/N64_case2_cg_identity_plain_rtol1e-04_rep1.npz: OK
out/fields/N64_case2_cg_identity_plain_rtol1e-04_rep2.npz: OK
out/fields/N64_case2_cg_identity_plain_rtol1e-06_rep0.npz: OK
out/fields/N64_case2_cg_identity_plain_rtol1e-06_rep1.npz: OK
out/fields/N64_case2_cg_identity_plain_rtol1e-06_rep2.npz: OK
out/fields/N64_case2_cg_identity_rtol1e-02_rep0.npz: OK
out/fields/N64_case2_cg_identity_rtol1e-02_rep1.npz: OK
out/fields/N64_case2_cg_identity_rtol1e-02_rep2.npz: OK
out/fields/N64_case2_cg_identity_rtol1e-04_rep0.npz: OK
out/fields/N64_case2_cg_identity_rtol1e-04_rep1.npz: OK
out/fields/N64_case2_cg_identity_rtol1e-04_rep2.npz: OK
out/fields/N64_case2_cg_identity_rtol1e-06_rep0.npz: OK
out/fields/N64_case2_cg_identity_rtol1e-06_rep1.npz: OK
out/fields/N64_case2_cg_identity_rtol1e-06_rep2.npz: OK
out/fields/N64_case2_deeponet3d_r128_w16_podinit.npz: OK
out/fields/N64_case2_deeponet3d_r128_w16_podinit_native32_continuous_trunk.npz: OK
out/fields/N64_case2_deeponet3d_r128_w16_podinit_native32_interpolate.npz: OK
out/fields/N64_case2_dst_exact.npz: OK
out/fields/N64_case2_fno3d_w24_m8.npz: OK
out/fields/N64_case2_fno3d_w24_m8_native32_interpolate.npz: OK
out/fields/N64_case2_fno3d_w24_m8_physical_padding17.npz: OK
out/fields/N64_case2_linear_bank_galerkin.npz: OK
out/fields/N64_case2_linear_bank_weak_qR.npz: OK
out/fields/N64_case2_nmrom_K16_q0_dense.npz: OK
out/fields/N64_case2_nmrom_K16_q32_dense.npz: OK
out/fields/N64_case2_nmrom_K16_q96_dense.npz: OK
out/fields/N64_case2_pod112_galerkin.npz: OK
out/fields/N64_case2_pod112_native32_interpolated_basis_galerkin.npz: OK
out/fields/N64_case2_pod128_galerkin.npz: OK
out/fields/N64_case2_pod128_native32_interpolated_basis_galerkin.npz: OK
out/fields/N64_case2_pod16_galerkin.npz: OK
out/fields/N64_case2_pod16_native32_interpolated_basis_galerkin.npz: OK
out/fields/N64_case2_pod48_galerkin.npz: OK
out/fields/N64_case2_pod48_native32_interpolated_basis_galerkin.npz: OK
out/fields/N64_case2_reference.npz: OK
out/fields/N64_case2_transolver3d_w48_s32.npz: OK
out/fields/N64_case2_transolver3d_w48_s32_native32_interpolate.npz: OK
out/fields/N64_case2_unet3d_w16.npz: OK
out/fields/N64_case2_unet3d_w16_native32_interpolate.npz: OK
out/fields/N64_case30_cg_identity_plain_rtol1e-02_rep0.npz: OK
out/fields/N64_case30_cg_identity_plain_rtol1e-02_rep1.npz: OK
out/fields/N64_case30_cg_identity_plain_rtol1e-02_rep2.npz: OK
out/fields/N64_case30_cg_identity_plain_rtol1e-04_rep0.npz: OK
out/fields/N64_case30_cg_identity_plain_rtol1e-04_rep1.npz: OK
out/fields/N64_case30_cg_identity_plain_rtol1e-04_rep2.npz: OK
out/fields/N64_case30_cg_identity_plain_rtol1e-06_rep0.npz: OK
out/fields/N64_case30_cg_identity_plain_rtol1e-06_rep1.npz: OK
out/fields/N64_case30_cg_identity_plain_rtol1e-06_rep2.npz: OK
out/fields/N64_case30_cg_identity_rtol1e-02_rep0.npz: OK
out/fields/N64_case30_cg_identity_rtol1e-02_rep1.npz: OK
out/fields/N64_case30_cg_identity_rtol1e-02_rep2.npz: OK
out/fields/N64_case30_cg_identity_rtol1e-04_rep0.npz: OK
out/fields/N64_case30_cg_identity_rtol1e-04_rep1.npz: OK
out/fields/N64_case30_cg_identity_rtol1e-04_rep2.npz: OK
out/fields/N64_case30_cg_identity_rtol1e-06_rep0.npz: OK
out/fields/N64_case30_cg_identity_rtol1e-06_rep1.npz: OK
out/fields/N64_case30_cg_identity_rtol1e-06_rep2.npz: OK
out/fields/N64_case30_deeponet3d_r128_w16_podinit.npz: OK
out/fields/N64_case30_deeponet3d_r128_w16_podinit_native32_continuous_trunk.npz: OK
out/fields/N64_case30_deeponet3d_r128_w16_podinit_native32_interpolate.npz: OK
out/fields/N64_case30_dst_exact.npz: OK
out/fields/N64_case30_fno3d_w24_m8.npz: OK
out/fields/N64_case30_fno3d_w24_m8_native32_interpolate.npz: OK
out/fields/N64_case30_fno3d_w24_m8_physical_padding17.npz: OK
out/fields/N64_case30_linear_bank_galerkin.npz: OK
out/fields/N64_case30_linear_bank_weak_qR.npz: OK
out/fields/N64_case30_nmrom_K16_q0_dense.npz: OK
out/fields/N64_case30_nmrom_K16_q32_dense.npz: OK
out/fields/N64_case30_nmrom_K16_q96_dense.npz: OK
out/fields/N64_case30_pod112_galerkin.npz: OK
out/fields/N64_case30_pod112_native32_interpolated_basis_galerkin.npz: OK
out/fields/N64_case30_pod128_galerkin.npz: OK
out/fields/N64_case30_pod128_native32_interpolated_basis_galerkin.npz: OK
out/fields/N64_case30_pod16_galerkin.npz: OK
out/fields/N64_case30_pod16_native32_interpolated_basis_galerkin.npz: OK
out/fields/N64_case30_pod48_galerkin.npz: OK
out/fields/N64_case30_pod48_native32_interpolated_basis_galerkin.npz: OK
out/fields/N64_case30_reference.npz: OK
out/fields/N64_case30_transolver3d_w48_s32.npz: OK
out/fields/N64_case30_transolver3d_w48_s32_native32_interpolate.npz: OK
out/fields/N64_case30_unet3d_w16.npz: OK
out/fields/N64_case30_unet3d_w16_native32_interpolate.npz: OK
out/fields/N64_case31_cg_identity_plain_rtol1e-02_rep0.npz: OK
out/fields/N64_case31_cg_identity_plain_rtol1e-02_rep1.npz: OK
out/fields/N64_case31_cg_identity_plain_rtol1e-02_rep2.npz: OK
out/fields/N64_case31_cg_identity_plain_rtol1e-04_rep0.npz: OK
out/fields/N64_case31_cg_identity_plain_rtol1e-04_rep1.npz: OK
out/fields/N64_case31_cg_identity_plain_rtol1e-04_rep2.npz: OK
out/fields/N64_case31_cg_identity_plain_rtol1e-06_rep0.npz: OK
out/fields/N64_case31_cg_identity_plain_rtol1e-06_rep1.npz: OK
out/fields/N64_case31_cg_identity_plain_rtol1e-06_rep2.npz: OK
out/fields/N64_case31_cg_identity_rtol1e-02_rep0.npz: OK
out/fields/N64_case31_cg_identity_rtol1e-02_rep1.npz: OK
out/fields/N64_case31_cg_identity_rtol1e-02_rep2.npz: OK
out/fields/N64_case31_cg_identity_rtol1e-04_rep0.npz: OK
out/fields/N64_case31_cg_identity_rtol1e-04_rep1.npz: OK
out/fields/N64_case31_cg_identity_rtol1e-04_rep2.npz: OK
out/fields/N64_case31_cg_identity_rtol1e-06_rep0.npz: OK
out/fields/N64_case31_cg_identity_rtol1e-06_rep1.npz: OK
out/fields/N64_case31_cg_identity_rtol1e-06_rep2.npz: OK
out/fields/N64_case31_deeponet3d_r128_w16_podinit.npz: OK
out/fields/N64_case31_deeponet3d_r128_w16_podinit_native32_continuous_trunk.npz: OK
out/fields/N64_case31_deeponet3d_r128_w16_podinit_native32_interpolate.npz: OK
out/fields/N64_case31_dst_exact.npz: OK
out/fields/N64_case31_fno3d_w24_m8.npz: OK
out/fields/N64_case31_fno3d_w24_m8_native32_interpolate.npz: OK
out/fields/N64_case31_fno3d_w24_m8_physical_padding17.npz: OK
out/fields/N64_case31_linear_bank_galerkin.npz: OK
out/fields/N64_case31_linear_bank_weak_qR.npz: OK
out/fields/N64_case31_nmrom_K16_q0_dense.npz: OK
out/fields/N64_case31_nmrom_K16_q32_dense.npz: OK
out/fields/N64_case31_nmrom_K16_q96_dense.npz: OK
out/fields/N64_case31_pod112_galerkin.npz: OK
out/fields/N64_case31_pod112_native32_interpolated_basis_galerkin.npz: OK
out/fields/N64_case31_pod128_galerkin.npz: OK
out/fields/N64_case31_pod128_native32_interpolated_basis_galerkin.npz: OK
out/fields/N64_case31_pod16_galerkin.npz: OK
out/fields/N64_case31_pod16_native32_interpolated_basis_galerkin.npz: OK
out/fields/N64_case31_pod48_galerkin.npz: OK
out/fields/N64_case31_pod48_native32_interpolated_basis_galerkin.npz: OK
out/fields/N64_case31_reference.npz: OK
out/fields/N64_case31_transolver3d_w48_s32.npz: OK
out/fields/N64_case31_transolver3d_w48_s32_native32_interpolate.npz: OK
out/fields/N64_case31_unet3d_w16.npz: OK
out/fields/N64_case31_unet3d_w16_native32_interpolate.npz: OK
out/fields/N64_case32_cg_identity_plain_rtol1e-02_rep0.npz: OK
out/fields/N64_case32_cg_identity_plain_rtol1e-02_rep1.npz: OK
out/fields/N64_case32_cg_identity_plain_rtol1e-02_rep2.npz: OK
out/fields/N64_case32_cg_identity_plain_rtol1e-04_rep0.npz: OK
out/fields/N64_case32_cg_identity_plain_rtol1e-04_rep1.npz: OK
out/fields/N64_case32_cg_identity_plain_rtol1e-04_rep2.npz: OK
out/fields/N64_case32_cg_identity_plain_rtol1e-06_rep0.npz: OK
out/fields/N64_case32_cg_identity_plain_rtol1e-06_rep1.npz: OK
out/fields/N64_case32_cg_identity_plain_rtol1e-06_rep2.npz: OK
out/fields/N64_case32_cg_identity_rtol1e-02_rep0.npz: OK
out/fields/N64_case32_cg_identity_rtol1e-02_rep1.npz: OK
out/fields/N64_case32_cg_identity_rtol1e-02_rep2.npz: OK
out/fields/N64_case32_cg_identity_rtol1e-04_rep0.npz: OK
out/fields/N64_case32_cg_identity_rtol1e-04_rep1.npz: OK
out/fields/N64_case32_cg_identity_rtol1e-04_rep2.npz: OK
out/fields/N64_case32_cg_identity_rtol1e-06_rep0.npz: OK
out/fields/N64_case32_cg_identity_rtol1e-06_rep1.npz: OK
out/fields/N64_case32_cg_identity_rtol1e-06_rep2.npz: OK
out/fields/N64_case32_deeponet3d_r128_w16_podinit.npz: OK
out/fields/N64_case32_deeponet3d_r128_w16_podinit_native32_continuous_trunk.npz: OK
out/fields/N64_case32_deeponet3d_r128_w16_podinit_native32_interpolate.npz: OK
out/fields/N64_case32_dst_exact.npz: OK
out/fields/N64_case32_fno3d_w24_m8.npz: OK
out/fields/N64_case32_fno3d_w24_m8_native32_interpolate.npz: OK
out/fields/N64_case32_fno3d_w24_m8_physical_padding17.npz: OK
out/fields/N64_case32_linear_bank_galerkin.npz: OK
out/fields/N64_case32_linear_bank_weak_qR.npz: OK
out/fields/N64_case32_nmrom_K16_q0_dense.npz: OK
out/fields/N64_case32_nmrom_K16_q32_dense.npz: OK
out/fields/N64_case32_nmrom_K16_q96_dense.npz: OK
out/fields/N64_case32_pod112_galerkin.npz: OK
out/fields/N64_case32_pod112_native32_interpolated_basis_galerkin.npz: OK
out/fields/N64_case32_pod128_galerkin.npz: OK
out/fields/N64_case32_pod128_native32_interpolated_basis_galerkin.npz: OK
out/fields/N64_case32_pod16_galerkin.npz: OK
out/fields/N64_case32_pod16_native32_interpolated_basis_galerkin.npz: OK
out/fields/N64_case32_pod48_galerkin.npz: OK
out/fields/N64_case32_pod48_native32_interpolated_basis_galerkin.npz: OK
out/fields/N64_case32_reference.npz: OK
out/fields/N64_case32_transolver3d_w48_s32.npz: OK
out/fields/N64_case32_transolver3d_w48_s32_native32_interpolate.npz: OK
out/fields/N64_case32_unet3d_w16.npz: OK
out/fields/N64_case32_unet3d_w16_native32_interpolate.npz: OK
out/fields/N64_case33_cg_identity_plain_rtol1e-02_rep0.npz: OK
out/fields/N64_case33_cg_identity_plain_rtol1e-02_rep1.npz: OK
out/fields/N64_case33_cg_identity_plain_rtol1e-02_rep2.npz: OK
out/fields/N64_case33_cg_identity_plain_rtol1e-04_rep0.npz: OK
out/fields/N64_case33_cg_identity_plain_rtol1e-04_rep1.npz: OK
out/fields/N64_case33_cg_identity_plain_rtol1e-04_rep2.npz: OK
out/fields/N64_case33_cg_identity_plain_rtol1e-06_rep0.npz: OK
out/fields/N64_case33_cg_identity_plain_rtol1e-06_rep1.npz: OK
out/fields/N64_case33_cg_identity_plain_rtol1e-06_rep2.npz: OK
out/fields/N64_case33_cg_identity_rtol1e-02_rep0.npz: OK
out/fields/N64_case33_cg_identity_rtol1e-02_rep1.npz: OK
out/fields/N64_case33_cg_identity_rtol1e-02_rep2.npz: OK
out/fields/N64_case33_cg_identity_rtol1e-04_rep0.npz: OK
out/fields/N64_case33_cg_identity_rtol1e-04_rep1.npz: OK
out/fields/N64_case33_cg_identity_rtol1e-04_rep2.npz: OK
out/fields/N64_case33_cg_identity_rtol1e-06_rep0.npz: OK
out/fields/N64_case33_cg_identity_rtol1e-06_rep1.npz: OK
out/fields/N64_case33_cg_identity_rtol1e-06_rep2.npz: OK
out/fields/N64_case33_deeponet3d_r128_w16_podinit.npz: OK
out/fields/N64_case33_deeponet3d_r128_w16_podinit_native32_continuous_trunk.npz: OK
out/fields/N64_case33_deeponet3d_r128_w16_podinit_native32_interpolate.npz: OK
out/fields/N64_case33_dst_exact.npz: OK
out/fields/N64_case33_fno3d_w24_m8.npz: OK
out/fields/N64_case33_fno3d_w24_m8_native32_interpolate.npz: OK
out/fields/N64_case33_fno3d_w24_m8_physical_padding17.npz: OK
out/fields/N64_case33_linear_bank_galerkin.npz: OK
out/fields/N64_case33_linear_bank_weak_qR.npz: OK
out/fields/N64_case33_nmrom_K16_q0_dense.npz: OK
out/fields/N64_case33_nmrom_K16_q32_dense.npz: OK
out/fields/N64_case33_nmrom_K16_q96_dense.npz: OK
out/fields/N64_case33_pod112_galerkin.npz: OK
out/fields/N64_case33_pod112_native32_interpolated_basis_galerkin.npz: OK
out/fields/N64_case33_pod128_galerkin.npz: OK
out/fields/N64_case33_pod128_native32_interpolated_basis_galerkin.npz: OK
out/fields/N64_case33_pod16_galerkin.npz: OK
out/fields/N64_case33_pod16_native32_interpolated_basis_galerkin.npz: OK
out/fields/N64_case33_pod48_galerkin.npz: OK
out/fields/N64_case33_pod48_native32_interpolated_basis_galerkin.npz: OK
out/fields/N64_case33_reference.npz: OK
out/fields/N64_case33_transolver3d_w48_s32.npz: OK
out/fields/N64_case33_transolver3d_w48_s32_native32_interpolate.npz: OK
out/fields/N64_case33_unet3d_w16.npz: OK
out/fields/N64_case33_unet3d_w16_native32_interpolate.npz: OK
out/fields/N64_case34_cg_identity_plain_rtol1e-02_rep0.npz: OK
out/fields/N64_case34_cg_identity_plain_rtol1e-02_rep1.npz: OK
out/fields/N64_case34_cg_identity_plain_rtol1e-02_rep2.npz: OK
out/fields/N64_case34_cg_identity_plain_rtol1e-04_rep0.npz: OK
out/fields/N64_case34_cg_identity_plain_rtol1e-04_rep1.npz: OK
out/fields/N64_case34_cg_identity_plain_rtol1e-04_rep2.npz: OK
out/fields/N64_case34_cg_identity_plain_rtol1e-06_rep0.npz: OK
out/fields/N64_case34_cg_identity_plain_rtol1e-06_rep1.npz: OK
out/fields/N64_case34_cg_identity_plain_rtol1e-06_rep2.npz: OK
out/fields/N64_case34_cg_identity_rtol1e-02_rep0.npz: OK
out/fields/N64_case34_cg_identity_rtol1e-02_rep1.npz: OK
out/fields/N64_case34_cg_identity_rtol1e-02_rep2.npz: OK
out/fields/N64_case34_cg_identity_rtol1e-04_rep0.npz: OK
out/fields/N64_case34_cg_identity_rtol1e-04_rep1.npz: OK
out/fields/N64_case34_cg_identity_rtol1e-04_rep2.npz: OK
out/fields/N64_case34_cg_identity_rtol1e-06_rep0.npz: OK
out/fields/N64_case34_cg_identity_rtol1e-06_rep1.npz: OK
out/fields/N64_case34_cg_identity_rtol1e-06_rep2.npz: OK
out/fields/N64_case34_deeponet3d_r128_w16_podinit.npz: OK
out/fields/N64_case34_deeponet3d_r128_w16_podinit_native32_continuous_trunk.npz: OK
out/fields/N64_case34_deeponet3d_r128_w16_podinit_native32_interpolate.npz: OK
out/fields/N64_case34_dst_exact.npz: OK
out/fields/N64_case34_fno3d_w24_m8.npz: OK
out/fields/N64_case34_fno3d_w24_m8_native32_interpolate.npz: OK
out/fields/N64_case34_fno3d_w24_m8_physical_padding17.npz: OK
out/fields/N64_case34_linear_bank_galerkin.npz: OK
out/fields/N64_case34_linear_bank_weak_qR.npz: OK
out/fields/N64_case34_nmrom_K16_q0_dense.npz: OK
out/fields/N64_case34_nmrom_K16_q32_dense.npz: OK
out/fields/N64_case34_nmrom_K16_q96_dense.npz: OK
out/fields/N64_case34_pod112_galerkin.npz: OK
out/fields/N64_case34_pod112_native32_interpolated_basis_galerkin.npz: OK
out/fields/N64_case34_pod128_galerkin.npz: OK
out/fields/N64_case34_pod128_native32_interpolated_basis_galerkin.npz: OK
out/fields/N64_case34_pod16_galerkin.npz: OK
out/fields/N64_case34_pod16_native32_interpolated_basis_galerkin.npz: OK
out/fields/N64_case34_pod48_galerkin.npz: OK
out/fields/N64_case34_pod48_native32_interpolated_basis_galerkin.npz: OK
out/fields/N64_case34_reference.npz: OK
out/fields/N64_case34_transolver3d_w48_s32.npz: OK
out/fields/N64_case34_transolver3d_w48_s32_native32_interpolate.npz: OK
out/fields/N64_case34_unet3d_w16.npz: OK
out/fields/N64_case34_unet3d_w16_native32_interpolate.npz: OK
out/fields/N64_case35_cg_identity_plain_rtol1e-02_rep0.npz: OK
out/fields/N64_case35_cg_identity_plain_rtol1e-02_rep1.npz: OK
out/fields/N64_case35_cg_identity_plain_rtol1e-02_rep2.npz: OK
out/fields/N64_case35_cg_identity_plain_rtol1e-04_rep0.npz: OK
out/fields/N64_case35_cg_identity_plain_rtol1e-04_rep1.npz: OK
out/fields/N64_case35_cg_identity_plain_rtol1e-04_rep2.npz: OK
out/fields/N64_case35_cg_identity_plain_rtol1e-06_rep0.npz: OK
out/fields/N64_case35_cg_identity_plain_rtol1e-06_rep1.npz: OK
out/fields/N64_case35_cg_identity_plain_rtol1e-06_rep2.npz: OK
out/fields/N64_case35_cg_identity_rtol1e-02_rep0.npz: OK
out/fields/N64_case35_cg_identity_rtol1e-02_rep1.npz: OK
out/fields/N64_case35_cg_identity_rtol1e-02_rep2.npz: OK
out/fields/N64_case35_cg_identity_rtol1e-04_rep0.npz: OK
out/fields/N64_case35_cg_identity_rtol1e-04_rep1.npz: OK
out/fields/N64_case35_cg_identity_rtol1e-04_rep2.npz: OK
out/fields/N64_case35_cg_identity_rtol1e-06_rep0.npz: OK
out/fields/N64_case35_cg_identity_rtol1e-06_rep1.npz: OK
out/fields/N64_case35_cg_identity_rtol1e-06_rep2.npz: OK
out/fields/N64_case35_deeponet3d_r128_w16_podinit.npz: OK
out/fields/N64_case35_deeponet3d_r128_w16_podinit_native32_continuous_trunk.npz: OK
out/fields/N64_case35_deeponet3d_r128_w16_podinit_native32_interpolate.npz: OK
out/fields/N64_case35_dst_exact.npz: OK
out/fields/N64_case35_fno3d_w24_m8.npz: OK
out/fields/N64_case35_fno3d_w24_m8_native32_interpolate.npz: OK
out/fields/N64_case35_fno3d_w24_m8_physical_padding17.npz: OK
out/fields/N64_case35_linear_bank_galerkin.npz: OK
out/fields/N64_case35_linear_bank_weak_qR.npz: OK
out/fields/N64_case35_nmrom_K16_q0_dense.npz: OK
out/fields/N64_case35_nmrom_K16_q32_dense.npz: OK
out/fields/N64_case35_nmrom_K16_q96_dense.npz: OK
out/fields/N64_case35_pod112_galerkin.npz: OK
out/fields/N64_case35_pod112_native32_interpolated_basis_galerkin.npz: OK
out/fields/N64_case35_pod128_galerkin.npz: OK
out/fields/N64_case35_pod128_native32_interpolated_basis_galerkin.npz: OK
out/fields/N64_case35_pod16_galerkin.npz: OK
out/fields/N64_case35_pod16_native32_interpolated_basis_galerkin.npz: OK
out/fields/N64_case35_pod48_galerkin.npz: OK
out/fields/N64_case35_pod48_native32_interpolated_basis_galerkin.npz: OK
out/fields/N64_case35_reference.npz: OK
out/fields/N64_case35_transolver3d_w48_s32.npz: OK
out/fields/N64_case35_transolver3d_w48_s32_native32_interpolate.npz: OK
out/fields/N64_case35_unet3d_w16.npz: OK
out/fields/N64_case35_unet3d_w16_native32_interpolate.npz: OK
out/fields/N64_case36_cg_identity_plain_rtol1e-02_rep0.npz: OK
out/fields/N64_case36_cg_identity_plain_rtol1e-02_rep1.npz: OK
out/fields/N64_case36_cg_identity_plain_rtol1e-02_rep2.npz: OK
out/fields/N64_case36_cg_identity_plain_rtol1e-04_rep0.npz: OK
out/fields/N64_case36_cg_identity_plain_rtol1e-04_rep1.npz: OK
out/fields/N64_case36_cg_identity_plain_rtol1e-04_rep2.npz: OK
out/fields/N64_case36_cg_identity_plain_rtol1e-06_rep0.npz: OK
out/fields/N64_case36_cg_identity_plain_rtol1e-06_rep1.npz: OK
out/fields/N64_case36_cg_identity_plain_rtol1e-06_rep2.npz: OK
out/fields/N64_case36_cg_identity_rtol1e-02_rep0.npz: OK
out/fields/N64_case36_cg_identity_rtol1e-02_rep1.npz: OK
out/fields/N64_case36_cg_identity_rtol1e-02_rep2.npz: OK
out/fields/N64_case36_cg_identity_rtol1e-04_rep0.npz: OK
out/fields/N64_case36_cg_identity_rtol1e-04_rep1.npz: OK
out/fields/N64_case36_cg_identity_rtol1e-04_rep2.npz: OK
out/fields/N64_case36_cg_identity_rtol1e-06_rep0.npz: OK
out/fields/N64_case36_cg_identity_rtol1e-06_rep1.npz: OK
out/fields/N64_case36_cg_identity_rtol1e-06_rep2.npz: OK
out/fields/N64_case36_deeponet3d_r128_w16_podinit.npz: OK
out/fields/N64_case36_deeponet3d_r128_w16_podinit_native32_continuous_trunk.npz: OK
out/fields/N64_case36_deeponet3d_r128_w16_podinit_native32_interpolate.npz: OK
out/fields/N64_case36_dst_exact.npz: OK
out/fields/N64_case36_fno3d_w24_m8.npz: OK
out/fields/N64_case36_fno3d_w24_m8_native32_interpolate.npz: OK
out/fields/N64_case36_fno3d_w24_m8_physical_padding17.npz: OK
out/fields/N64_case36_linear_bank_galerkin.npz: OK
out/fields/N64_case36_linear_bank_weak_qR.npz: OK
out/fields/N64_case36_nmrom_K16_q0_dense.npz: OK
out/fields/N64_case36_nmrom_K16_q32_dense.npz: OK
out/fields/N64_case36_nmrom_K16_q96_dense.npz: OK
out/fields/N64_case36_pod112_galerkin.npz: OK
out/fields/N64_case36_pod112_native32_interpolated_basis_galerkin.npz: OK
out/fields/N64_case36_pod128_galerkin.npz: OK
out/fields/N64_case36_pod128_native32_interpolated_basis_galerkin.npz: OK
out/fields/N64_case36_pod16_galerkin.npz: OK
out/fields/N64_case36_pod16_native32_interpolated_basis_galerkin.npz: OK
out/fields/N64_case36_pod48_galerkin.npz: OK
out/fields/N64_case36_pod48_native32_interpolated_basis_galerkin.npz: OK
out/fields/N64_case36_reference.npz: OK
out/fields/N64_case36_transolver3d_w48_s32.npz: OK
out/fields/N64_case36_transolver3d_w48_s32_native32_interpolate.npz: OK
out/fields/N64_case36_unet3d_w16.npz: OK
out/fields/N64_case36_unet3d_w16_native32_interpolate.npz: OK
out/fields/N64_case37_cg_identity_plain_rtol1e-02_rep0.npz: OK
out/fields/N64_case37_cg_identity_plain_rtol1e-02_rep1.npz: OK
out/fields/N64_case37_cg_identity_plain_rtol1e-02_rep2.npz: OK
out/fields/N64_case37_cg_identity_plain_rtol1e-04_rep0.npz: OK
out/fields/N64_case37_cg_identity_plain_rtol1e-04_rep1.npz: OK
out/fields/N64_case37_cg_identity_plain_rtol1e-04_rep2.npz: OK
out/fields/N64_case37_cg_identity_plain_rtol1e-06_rep0.npz: OK
out/fields/N64_case37_cg_identity_plain_rtol1e-06_rep1.npz: OK
out/fields/N64_case37_cg_identity_plain_rtol1e-06_rep2.npz: OK
out/fields/N64_case37_cg_identity_rtol1e-02_rep0.npz: OK
out/fields/N64_case37_cg_identity_rtol1e-02_rep1.npz: OK
out/fields/N64_case37_cg_identity_rtol1e-02_rep2.npz: OK
out/fields/N64_case37_cg_identity_rtol1e-04_rep0.npz: OK
out/fields/N64_case37_cg_identity_rtol1e-04_rep1.npz: OK
out/fields/N64_case37_cg_identity_rtol1e-04_rep2.npz: OK
out/fields/N64_case37_cg_identity_rtol1e-06_rep0.npz: OK
out/fields/N64_case37_cg_identity_rtol1e-06_rep1.npz: OK
out/fields/N64_case37_cg_identity_rtol1e-06_rep2.npz: OK
out/fields/N64_case37_deeponet3d_r128_w16_podinit.npz: OK
out/fields/N64_case37_deeponet3d_r128_w16_podinit_native32_continuous_trunk.npz: OK
out/fields/N64_case37_deeponet3d_r128_w16_podinit_native32_interpolate.npz: OK
out/fields/N64_case37_dst_exact.npz: OK
out/fields/N64_case37_fno3d_w24_m8.npz: OK
out/fields/N64_case37_fno3d_w24_m8_native32_interpolate.npz: OK
out/fields/N64_case37_fno3d_w24_m8_physical_padding17.npz: OK
out/fields/N64_case37_linear_bank_galerkin.npz: OK
out/fields/N64_case37_linear_bank_weak_qR.npz: OK
out/fields/N64_case37_nmrom_K16_q0_dense.npz: OK
out/fields/N64_case37_nmrom_K16_q32_dense.npz: OK
out/fields/N64_case37_nmrom_K16_q96_dense.npz: OK
out/fields/N64_case37_pod112_galerkin.npz: OK
out/fields/N64_case37_pod112_native32_interpolated_basis_galerkin.npz: OK
out/fields/N64_case37_pod128_galerkin.npz: OK
out/fields/N64_case37_pod128_native32_interpolated_basis_galerkin.npz: OK
out/fields/N64_case37_pod16_galerkin.npz: OK
out/fields/N64_case37_pod16_native32_interpolated_basis_galerkin.npz: OK
out/fields/N64_case37_pod48_galerkin.npz: OK
out/fields/N64_case37_pod48_native32_interpolated_basis_galerkin.npz: OK
out/fields/N64_case37_reference.npz: OK
out/fields/N64_case37_transolver3d_w48_s32.npz: OK
out/fields/N64_case37_transolver3d_w48_s32_native32_interpolate.npz: OK
out/fields/N64_case37_unet3d_w16.npz: OK
out/fields/N64_case37_unet3d_w16_native32_interpolate.npz: OK
out/fields/N64_case38_cg_identity_plain_rtol1e-02_rep0.npz: OK
out/fields/N64_case38_cg_identity_plain_rtol1e-02_rep1.npz: OK
out/fields/N64_case38_cg_identity_plain_rtol1e-02_rep2.npz: OK
out/fields/N64_case38_cg_identity_plain_rtol1e-04_rep0.npz: OK
out/fields/N64_case38_cg_identity_plain_rtol1e-04_rep1.npz: OK
out/fields/N64_case38_cg_identity_plain_rtol1e-04_rep2.npz: OK
out/fields/N64_case38_cg_identity_plain_rtol1e-06_rep0.npz: OK
out/fields/N64_case38_cg_identity_plain_rtol1e-06_rep1.npz: OK
out/fields/N64_case38_cg_identity_plain_rtol1e-06_rep2.npz: OK
out/fields/N64_case38_cg_identity_rtol1e-02_rep0.npz: OK
out/fields/N64_case38_cg_identity_rtol1e-02_rep1.npz: OK
out/fields/N64_case38_cg_identity_rtol1e-02_rep2.npz: OK
out/fields/N64_case38_cg_identity_rtol1e-04_rep0.npz: OK
out/fields/N64_case38_cg_identity_rtol1e-04_rep1.npz: OK
out/fields/N64_case38_cg_identity_rtol1e-04_rep2.npz: OK
out/fields/N64_case38_cg_identity_rtol1e-06_rep0.npz: OK
out/fields/N64_case38_cg_identity_rtol1e-06_rep1.npz: OK
out/fields/N64_case38_cg_identity_rtol1e-06_rep2.npz: OK
out/fields/N64_case38_deeponet3d_r128_w16_podinit.npz: OK
out/fields/N64_case38_deeponet3d_r128_w16_podinit_native32_continuous_trunk.npz: OK
out/fields/N64_case38_deeponet3d_r128_w16_podinit_native32_interpolate.npz: OK
out/fields/N64_case38_dst_exact.npz: OK
out/fields/N64_case38_fno3d_w24_m8.npz: OK
out/fields/N64_case38_fno3d_w24_m8_native32_interpolate.npz: OK
out/fields/N64_case38_fno3d_w24_m8_physical_padding17.npz: OK
out/fields/N64_case38_linear_bank_galerkin.npz: OK
out/fields/N64_case38_linear_bank_weak_qR.npz: OK
out/fields/N64_case38_nmrom_K16_q0_dense.npz: OK
out/fields/N64_case38_nmrom_K16_q32_dense.npz: OK
out/fields/N64_case38_nmrom_K16_q96_dense.npz: OK
out/fields/N64_case38_pod112_galerkin.npz: OK
out/fields/N64_case38_pod112_native32_interpolated_basis_galerkin.npz: OK
out/fields/N64_case38_pod128_galerkin.npz: OK
out/fields/N64_case38_pod128_native32_interpolated_basis_galerkin.npz: OK
out/fields/N64_case38_pod16_galerkin.npz: OK
out/fields/N64_case38_pod16_native32_interpolated_basis_galerkin.npz: OK
out/fields/N64_case38_pod48_galerkin.npz: OK
out/fields/N64_case38_pod48_native32_interpolated_basis_galerkin.npz: OK
out/fields/N64_case38_reference.npz: OK
out/fields/N64_case38_transolver3d_w48_s32.npz: OK
out/fields/N64_case38_transolver3d_w48_s32_native32_interpolate.npz: OK
out/fields/N64_case38_unet3d_w16.npz: OK
out/fields/N64_case38_unet3d_w16_native32_interpolate.npz: OK
out/fields/N64_case39_cg_identity_plain_rtol1e-02_rep0.npz: OK
out/fields/N64_case39_cg_identity_plain_rtol1e-02_rep1.npz: OK
out/fields/N64_case39_cg_identity_plain_rtol1e-02_rep2.npz: OK
out/fields/N64_case39_cg_identity_plain_rtol1e-04_rep0.npz: OK
out/fields/N64_case39_cg_identity_plain_rtol1e-04_rep1.npz: OK
out/fields/N64_case39_cg_identity_plain_rtol1e-04_rep2.npz: OK
out/fields/N64_case39_cg_identity_plain_rtol1e-06_rep0.npz: OK
out/fields/N64_case39_cg_identity_plain_rtol1e-06_rep1.npz: OK
out/fields/N64_case39_cg_identity_plain_rtol1e-06_rep2.npz: OK
out/fields/N64_case39_cg_identity_rtol1e-02_rep0.npz: OK
out/fields/N64_case39_cg_identity_rtol1e-02_rep1.npz: OK
out/fields/N64_case39_cg_identity_rtol1e-02_rep2.npz: OK
out/fields/N64_case39_cg_identity_rtol1e-04_rep0.npz: OK
out/fields/N64_case39_cg_identity_rtol1e-04_rep1.npz: OK
out/fields/N64_case39_cg_identity_rtol1e-04_rep2.npz: OK
out/fields/N64_case39_cg_identity_rtol1e-06_rep0.npz: OK
out/fields/N64_case39_cg_identity_rtol1e-06_rep1.npz: OK
out/fields/N64_case39_cg_identity_rtol1e-06_rep2.npz: OK
out/fields/N64_case39_deeponet3d_r128_w16_podinit.npz: OK
out/fields/N64_case39_deeponet3d_r128_w16_podinit_native32_continuous_trunk.npz: OK
out/fields/N64_case39_deeponet3d_r128_w16_podinit_native32_interpolate.npz: OK
out/fields/N64_case39_dst_exact.npz: OK
out/fields/N64_case39_fno3d_w24_m8.npz: OK
out/fields/N64_case39_fno3d_w24_m8_native32_interpolate.npz: OK
out/fields/N64_case39_fno3d_w24_m8_physical_padding17.npz: OK
out/fields/N64_case39_linear_bank_galerkin.npz: OK
out/fields/N64_case39_linear_bank_weak_qR.npz: OK
out/fields/N64_case39_nmrom_K16_q0_dense.npz: OK
out/fields/N64_case39_nmrom_K16_q32_dense.npz: OK
out/fields/N64_case39_nmrom_K16_q96_dense.npz: OK
out/fields/N64_case39_pod112_galerkin.npz: OK
out/fields/N64_case39_pod112_native32_interpolated_basis_galerkin.npz: OK
out/fields/N64_case39_pod128_galerkin.npz: OK
out/fields/N64_case39_pod128_native32_interpolated_basis_galerkin.npz: OK
out/fields/N64_case39_pod16_galerkin.npz: OK
out/fields/N64_case39_pod16_native32_interpolated_basis_galerkin.npz: OK
out/fields/N64_case39_pod48_galerkin.npz: OK
out/fields/N64_case39_pod48_native32_interpolated_basis_galerkin.npz: OK
out/fields/N64_case39_reference.npz: OK
out/fields/N64_case39_transolver3d_w48_s32.npz: OK
out/fields/N64_case39_transolver3d_w48_s32_native32_interpolate.npz: OK
out/fields/N64_case39_unet3d_w16.npz: OK
out/fields/N64_case39_unet3d_w16_native32_interpolate.npz: OK
out/fields/N64_case3_cg_identity_plain_rtol1e-02_rep0.npz: OK
out/fields/N64_case3_cg_identity_plain_rtol1e-02_rep1.npz: OK
out/fields/N64_case3_cg_identity_plain_rtol1e-02_rep2.npz: OK
out/fields/N64_case3_cg_identity_plain_rtol1e-04_rep0.npz: OK
out/fields/N64_case3_cg_identity_plain_rtol1e-04_rep1.npz: OK
out/fields/N64_case3_cg_identity_plain_rtol1e-04_rep2.npz: OK
out/fields/N64_case3_cg_identity_plain_rtol1e-06_rep0.npz: OK
out/fields/N64_case3_cg_identity_plain_rtol1e-06_rep1.npz: OK
out/fields/N64_case3_cg_identity_plain_rtol1e-06_rep2.npz: OK
out/fields/N64_case3_cg_identity_rtol1e-02_rep0.npz: OK
out/fields/N64_case3_cg_identity_rtol1e-02_rep1.npz: OK
out/fields/N64_case3_cg_identity_rtol1e-02_rep2.npz: OK
out/fields/N64_case3_cg_identity_rtol1e-04_rep0.npz: OK
out/fields/N64_case3_cg_identity_rtol1e-04_rep1.npz: OK
out/fields/N64_case3_cg_identity_rtol1e-04_rep2.npz: OK
out/fields/N64_case3_cg_identity_rtol1e-06_rep0.npz: OK
out/fields/N64_case3_cg_identity_rtol1e-06_rep1.npz: OK
out/fields/N64_case3_cg_identity_rtol1e-06_rep2.npz: OK
out/fields/N64_case3_deeponet3d_r128_w16_podinit.npz: OK
out/fields/N64_case3_deeponet3d_r128_w16_podinit_native32_continuous_trunk.npz: OK
out/fields/N64_case3_deeponet3d_r128_w16_podinit_native32_interpolate.npz: OK
out/fields/N64_case3_dst_exact.npz: OK
out/fields/N64_case3_fno3d_w24_m8.npz: OK
out/fields/N64_case3_fno3d_w24_m8_native32_interpolate.npz: OK
out/fields/N64_case3_fno3d_w24_m8_physical_padding17.npz: OK
out/fields/N64_case3_linear_bank_galerkin.npz: OK
out/fields/N64_case3_linear_bank_weak_qR.npz: OK
out/fields/N64_case3_nmrom_K16_q0_dense.npz: OK
out/fields/N64_case3_nmrom_K16_q32_dense.npz: OK
out/fields/N64_case3_nmrom_K16_q96_dense.npz: OK
out/fields/N64_case3_pod112_galerkin.npz: OK
out/fields/N64_case3_pod112_native32_interpolated_basis_galerkin.npz: OK
out/fields/N64_case3_pod128_galerkin.npz: OK
out/fields/N64_case3_pod128_native32_interpolated_basis_galerkin.npz: OK
out/fields/N64_case3_pod16_galerkin.npz: OK
out/fields/N64_case3_pod16_native32_interpolated_basis_galerkin.npz: OK
out/fields/N64_case3_pod48_galerkin.npz: OK
out/fields/N64_case3_pod48_native32_interpolated_basis_galerkin.npz: OK
out/fields/N64_case3_reference.npz: OK
out/fields/N64_case3_transolver3d_w48_s32.npz: OK
out/fields/N64_case3_transolver3d_w48_s32_native32_interpolate.npz: OK
out/fields/N64_case3_unet3d_w16.npz: OK
out/fields/N64_case3_unet3d_w16_native32_interpolate.npz: OK
out/fields/N64_case40_cg_identity_plain_rtol1e-02_rep0.npz: OK
out/fields/N64_case40_cg_identity_plain_rtol1e-02_rep1.npz: OK
out/fields/N64_case40_cg_identity_plain_rtol1e-02_rep2.npz: OK
out/fields/N64_case40_cg_identity_plain_rtol1e-04_rep0.npz: OK
out/fields/N64_case40_cg_identity_plain_rtol1e-04_rep1.npz: OK
out/fields/N64_case40_cg_identity_plain_rtol1e-04_rep2.npz: OK
out/fields/N64_case40_cg_identity_plain_rtol1e-06_rep0.npz: OK
out/fields/N64_case40_cg_identity_plain_rtol1e-06_rep1.npz: OK
out/fields/N64_case40_cg_identity_plain_rtol1e-06_rep2.npz: OK
out/fields/N64_case40_cg_identity_rtol1e-02_rep0.npz: OK
out/fields/N64_case40_cg_identity_rtol1e-02_rep1.npz: OK
out/fields/N64_case40_cg_identity_rtol1e-02_rep2.npz: OK
out/fields/N64_case40_cg_identity_rtol1e-04_rep0.npz: OK
out/fields/N64_case40_cg_identity_rtol1e-04_rep1.npz: OK
out/fields/N64_case40_cg_identity_rtol1e-04_rep2.npz: OK
out/fields/N64_case40_cg_identity_rtol1e-06_rep0.npz: OK
out/fields/N64_case40_cg_identity_rtol1e-06_rep1.npz: OK
out/fields/N64_case40_cg_identity_rtol1e-06_rep2.npz: OK
out/fields/N64_case40_deeponet3d_r128_w16_podinit.npz: OK
out/fields/N64_case40_deeponet3d_r128_w16_podinit_native32_continuous_trunk.npz: OK
out/fields/N64_case40_deeponet3d_r128_w16_podinit_native32_interpolate.npz: OK
out/fields/N64_case40_dst_exact.npz: OK
out/fields/N64_case40_fno3d_w24_m8.npz: OK
out/fields/N64_case40_fno3d_w24_m8_native32_interpolate.npz: OK
out/fields/N64_case40_fno3d_w24_m8_physical_padding17.npz: OK
out/fields/N64_case40_linear_bank_galerkin.npz: OK
out/fields/N64_case40_linear_bank_weak_qR.npz: OK
out/fields/N64_case40_nmrom_K16_q0_dense.npz: OK
out/fields/N64_case40_nmrom_K16_q32_dense.npz: OK
out/fields/N64_case40_nmrom_K16_q96_dense.npz: OK
out/fields/N64_case40_pod112_galerkin.npz: OK
out/fields/N64_case40_pod112_native32_interpolated_basis_galerkin.npz: OK
out/fields/N64_case40_pod128_galerkin.npz: OK
out/fields/N64_case40_pod128_native32_interpolated_basis_galerkin.npz: OK
out/fields/N64_case40_pod16_galerkin.npz: OK
out/fields/N64_case40_pod16_native32_interpolated_basis_galerkin.npz: OK
out/fields/N64_case40_pod48_galerkin.npz: OK
out/fields/N64_case40_pod48_native32_interpolated_basis_galerkin.npz: OK
out/fields/N64_case40_reference.npz: OK
out/fields/N64_case40_transolver3d_w48_s32.npz: OK
out/fields/N64_case40_transolver3d_w48_s32_native32_interpolate.npz: OK
out/fields/N64_case40_unet3d_w16.npz: OK
out/fields/N64_case40_unet3d_w16_native32_interpolate.npz: OK
out/fields/N64_case41_cg_identity_plain_rtol1e-02_rep0.npz: OK
out/fields/N64_case41_cg_identity_plain_rtol1e-02_rep1.npz: OK
out/fields/N64_case41_cg_identity_plain_rtol1e-02_rep2.npz: OK
out/fields/N64_case41_cg_identity_plain_rtol1e-04_rep0.npz: OK
out/fields/N64_case41_cg_identity_plain_rtol1e-04_rep1.npz: OK
out/fields/N64_case41_cg_identity_plain_rtol1e-04_rep2.npz: OK
out/fields/N64_case41_cg_identity_plain_rtol1e-06_rep0.npz: OK
out/fields/N64_case41_cg_identity_plain_rtol1e-06_rep1.npz: OK
out/fields/N64_case41_cg_identity_plain_rtol1e-06_rep2.npz: OK
out/fields/N64_case41_cg_identity_rtol1e-02_rep0.npz: OK
out/fields/N64_case41_cg_identity_rtol1e-02_rep1.npz: OK
out/fields/N64_case41_cg_identity_rtol1e-02_rep2.npz: OK
out/fields/N64_case41_cg_identity_rtol1e-04_rep0.npz: OK
out/fields/N64_case41_cg_identity_rtol1e-04_rep1.npz: OK
out/fields/N64_case41_cg_identity_rtol1e-04_rep2.npz: OK
out/fields/N64_case41_cg_identity_rtol1e-06_rep0.npz: OK
out/fields/N64_case41_cg_identity_rtol1e-06_rep1.npz: OK
out/fields/N64_case41_cg_identity_rtol1e-06_rep2.npz: OK
out/fields/N64_case41_deeponet3d_r128_w16_podinit.npz: OK
out/fields/N64_case41_deeponet3d_r128_w16_podinit_native32_continuous_trunk.npz: OK
out/fields/N64_case41_deeponet3d_r128_w16_podinit_native32_interpolate.npz: OK
out/fields/N64_case41_dst_exact.npz: OK
out/fields/N64_case41_fno3d_w24_m8.npz: OK
out/fields/N64_case41_fno3d_w24_m8_native32_interpolate.npz: OK
out/fields/N64_case41_fno3d_w24_m8_physical_padding17.npz: OK
out/fields/N64_case41_linear_bank_galerkin.npz: OK
out/fields/N64_case41_linear_bank_weak_qR.npz: OK
out/fields/N64_case41_nmrom_K16_q0_dense.npz: OK
out/fields/N64_case41_nmrom_K16_q32_dense.npz: OK
out/fields/N64_case41_nmrom_K16_q96_dense.npz: OK
out/fields/N64_case41_pod112_galerkin.npz: OK
out/fields/N64_case41_pod112_native32_interpolated_basis_galerkin.npz: OK
out/fields/N64_case41_pod128_galerkin.npz: OK
out/fields/N64_case41_pod128_native32_interpolated_basis_galerkin.npz: OK
out/fields/N64_case41_pod16_galerkin.npz: OK
out/fields/N64_case41_pod16_native32_interpolated_basis_galerkin.npz: OK
out/fields/N64_case41_pod48_galerkin.npz: OK
out/fields/N64_case41_pod48_native32_interpolated_basis_galerkin.npz: OK
out/fields/N64_case41_reference.npz: OK
out/fields/N64_case41_transolver3d_w48_s32.npz: OK
out/fields/N64_case41_transolver3d_w48_s32_native32_interpolate.npz: OK
out/fields/N64_case41_unet3d_w16.npz: OK
out/fields/N64_case41_unet3d_w16_native32_interpolate.npz: OK
out/fields/N64_case42_cg_identity_plain_rtol1e-02_rep0.npz: OK
out/fields/N64_case42_cg_identity_plain_rtol1e-02_rep1.npz: OK
out/fields/N64_case42_cg_identity_plain_rtol1e-02_rep2.npz: OK
out/fields/N64_case42_cg_identity_plain_rtol1e-04_rep0.npz: OK
out/fields/N64_case42_cg_identity_plain_rtol1e-04_rep1.npz: OK
out/fields/N64_case42_cg_identity_plain_rtol1e-04_rep2.npz: OK
out/fields/N64_case42_cg_identity_plain_rtol1e-06_rep0.npz: OK
out/fields/N64_case42_cg_identity_plain_rtol1e-06_rep1.npz: OK
out/fields/N64_case42_cg_identity_plain_rtol1e-06_rep2.npz: OK
out/fields/N64_case42_cg_identity_rtol1e-02_rep0.npz: OK
out/fields/N64_case42_cg_identity_rtol1e-02_rep1.npz: OK
out/fields/N64_case42_cg_identity_rtol1e-02_rep2.npz: OK
out/fields/N64_case42_cg_identity_rtol1e-04_rep0.npz: OK
out/fields/N64_case42_cg_identity_rtol1e-04_rep1.npz: OK
out/fields/N64_case42_cg_identity_rtol1e-04_rep2.npz: OK
out/fields/N64_case42_cg_identity_rtol1e-06_rep0.npz: OK
out/fields/N64_case42_cg_identity_rtol1e-06_rep1.npz: OK
out/fields/N64_case42_cg_identity_rtol1e-06_rep2.npz: OK
out/fields/N64_case42_deeponet3d_r128_w16_podinit.npz: OK
out/fields/N64_case42_deeponet3d_r128_w16_podinit_native32_continuous_trunk.npz: OK
out/fields/N64_case42_deeponet3d_r128_w16_podinit_native32_interpolate.npz: OK
out/fields/N64_case42_dst_exact.npz: OK
out/fields/N64_case42_fno3d_w24_m8.npz: OK
out/fields/N64_case42_fno3d_w24_m8_native32_interpolate.npz: OK
out/fields/N64_case42_fno3d_w24_m8_physical_padding17.npz: OK
out/fields/N64_case42_linear_bank_galerkin.npz: OK
out/fields/N64_case42_linear_bank_weak_qR.npz: OK
out/fields/N64_case42_nmrom_K16_q0_dense.npz: OK
out/fields/N64_case42_nmrom_K16_q32_dense.npz: OK
out/fields/N64_case42_nmrom_K16_q96_dense.npz: OK
out/fields/N64_case42_pod112_galerkin.npz: OK
out/fields/N64_case42_pod112_native32_interpolated_basis_galerkin.npz: OK
out/fields/N64_case42_pod128_galerkin.npz: OK
out/fields/N64_case42_pod128_native32_interpolated_basis_galerkin.npz: OK
out/fields/N64_case42_pod16_galerkin.npz: OK
out/fields/N64_case42_pod16_native32_interpolated_basis_galerkin.npz: OK
out/fields/N64_case42_pod48_galerkin.npz: OK
out/fields/N64_case42_pod48_native32_interpolated_basis_galerkin.npz: OK
out/fields/N64_case42_reference.npz: OK
out/fields/N64_case42_transolver3d_w48_s32.npz: OK
out/fields/N64_case42_transolver3d_w48_s32_native32_interpolate.npz: OK
out/fields/N64_case42_unet3d_w16.npz: OK
out/fields/N64_case42_unet3d_w16_native32_interpolate.npz: OK
out/fields/N64_case43_cg_identity_plain_rtol1e-02_rep0.npz: OK
out/fields/N64_case43_cg_identity_plain_rtol1e-02_rep1.npz: OK
out/fields/N64_case43_cg_identity_plain_rtol1e-02_rep2.npz: OK
out/fields/N64_case43_cg_identity_plain_rtol1e-04_rep0.npz: OK
out/fields/N64_case43_cg_identity_plain_rtol1e-04_rep1.npz: OK
out/fields/N64_case43_cg_identity_plain_rtol1e-04_rep2.npz: OK
out/fields/N64_case43_cg_identity_plain_rtol1e-06_rep0.npz: OK
out/fields/N64_case43_cg_identity_plain_rtol1e-06_rep1.npz: OK
out/fields/N64_case43_cg_identity_plain_rtol1e-06_rep2.npz: OK
out/fields/N64_case43_cg_identity_rtol1e-02_rep0.npz: OK
out/fields/N64_case43_cg_identity_rtol1e-02_rep1.npz: OK
out/fields/N64_case43_cg_identity_rtol1e-02_rep2.npz: OK
out/fields/N64_case43_cg_identity_rtol1e-04_rep0.npz: OK
out/fields/N64_case43_cg_identity_rtol1e-04_rep1.npz: OK
out/fields/N64_case43_cg_identity_rtol1e-04_rep2.npz: OK
out/fields/N64_case43_cg_identity_rtol1e-06_rep0.npz: OK
out/fields/N64_case43_cg_identity_rtol1e-06_rep1.npz: OK
out/fields/N64_case43_cg_identity_rtol1e-06_rep2.npz: OK
out/fields/N64_case43_deeponet3d_r128_w16_podinit.npz: OK
out/fields/N64_case43_deeponet3d_r128_w16_podinit_native32_continuous_trunk.npz: OK
out/fields/N64_case43_deeponet3d_r128_w16_podinit_native32_interpolate.npz: OK
out/fields/N64_case43_dst_exact.npz: OK
out/fields/N64_case43_fno3d_w24_m8.npz: OK
out/fields/N64_case43_fno3d_w24_m8_native32_interpolate.npz: OK
out/fields/N64_case43_fno3d_w24_m8_physical_padding17.npz: OK
out/fields/N64_case43_linear_bank_galerkin.npz: OK
out/fields/N64_case43_linear_bank_weak_qR.npz: OK
out/fields/N64_case43_nmrom_K16_q0_dense.npz: OK
out/fields/N64_case43_nmrom_K16_q32_dense.npz: OK
out/fields/N64_case43_nmrom_K16_q96_dense.npz: OK
out/fields/N64_case43_pod112_galerkin.npz: OK
out/fields/N64_case43_pod112_native32_interpolated_basis_galerkin.npz: OK
out/fields/N64_case43_pod128_galerkin.npz: OK
out/fields/N64_case43_pod128_native32_interpolated_basis_galerkin.npz: OK
out/fields/N64_case43_pod16_galerkin.npz: OK
out/fields/N64_case43_pod16_native32_interpolated_basis_galerkin.npz: OK
out/fields/N64_case43_pod48_galerkin.npz: OK
out/fields/N64_case43_pod48_native32_interpolated_basis_galerkin.npz: OK
out/fields/N64_case43_reference.npz: OK
out/fields/N64_case43_transolver3d_w48_s32.npz: OK
out/fields/N64_case43_transolver3d_w48_s32_native32_interpolate.npz: OK
out/fields/N64_case43_unet3d_w16.npz: OK
out/fields/N64_case43_unet3d_w16_native32_interpolate.npz: OK
out/fields/N64_case44_cg_identity_plain_rtol1e-02_rep0.npz: OK
out/fields/N64_case44_cg_identity_plain_rtol1e-02_rep1.npz: OK
out/fields/N64_case44_cg_identity_plain_rtol1e-02_rep2.npz: OK
out/fields/N64_case44_cg_identity_plain_rtol1e-04_rep0.npz: OK
out/fields/N64_case44_cg_identity_plain_rtol1e-04_rep1.npz: OK
out/fields/N64_case44_cg_identity_plain_rtol1e-04_rep2.npz: OK
out/fields/N64_case44_cg_identity_plain_rtol1e-06_rep0.npz: OK
out/fields/N64_case44_cg_identity_plain_rtol1e-06_rep1.npz: OK
out/fields/N64_case44_cg_identity_plain_rtol1e-06_rep2.npz: OK
out/fields/N64_case44_cg_identity_rtol1e-02_rep0.npz: OK
out/fields/N64_case44_cg_identity_rtol1e-02_rep1.npz: OK
out/fields/N64_case44_cg_identity_rtol1e-02_rep2.npz: OK
out/fields/N64_case44_cg_identity_rtol1e-04_rep0.npz: OK
out/fields/N64_case44_cg_identity_rtol1e-04_rep1.npz: OK
out/fields/N64_case44_cg_identity_rtol1e-04_rep2.npz: OK
out/fields/N64_case44_cg_identity_rtol1e-06_rep0.npz: OK
out/fields/N64_case44_cg_identity_rtol1e-06_rep1.npz: OK
out/fields/N64_case44_cg_identity_rtol1e-06_rep2.npz: OK
out/fields/N64_case44_deeponet3d_r128_w16_podinit.npz: OK
out/fields/N64_case44_deeponet3d_r128_w16_podinit_native32_continuous_trunk.npz: OK
out/fields/N64_case44_deeponet3d_r128_w16_podinit_native32_interpolate.npz: OK
out/fields/N64_case44_dst_exact.npz: OK
out/fields/N64_case44_fno3d_w24_m8.npz: OK
out/fields/N64_case44_fno3d_w24_m8_native32_interpolate.npz: OK
out/fields/N64_case44_fno3d_w24_m8_physical_padding17.npz: OK
out/fields/N64_case44_linear_bank_galerkin.npz: OK
out/fields/N64_case44_linear_bank_weak_qR.npz: OK
out/fields/N64_case44_nmrom_K16_q0_dense.npz: OK
out/fields/N64_case44_nmrom_K16_q32_dense.npz: OK
out/fields/N64_case44_nmrom_K16_q96_dense.npz: OK
out/fields/N64_case44_pod112_galerkin.npz: OK
out/fields/N64_case44_pod112_native32_interpolated_basis_galerkin.npz: OK
out/fields/N64_case44_pod128_galerkin.npz: OK
out/fields/N64_case44_pod128_native32_interpolated_basis_galerkin.npz: OK
out/fields/N64_case44_pod16_galerkin.npz: OK
out/fields/N64_case44_pod16_native32_interpolated_basis_galerkin.npz: OK
out/fields/N64_case44_pod48_galerkin.npz: OK
out/fields/N64_case44_pod48_native32_interpolated_basis_galerkin.npz: OK
out/fields/N64_case44_reference.npz: OK
out/fields/N64_case44_transolver3d_w48_s32.npz: OK
out/fields/N64_case44_transolver3d_w48_s32_native32_interpolate.npz: OK
out/fields/N64_case44_unet3d_w16.npz: OK
out/fields/N64_case44_unet3d_w16_native32_interpolate.npz: OK
out/fields/N64_case45_cg_identity_plain_rtol1e-02_rep0.npz: OK
out/fields/N64_case45_cg_identity_plain_rtol1e-02_rep1.npz: OK
out/fields/N64_case45_cg_identity_plain_rtol1e-02_rep2.npz: OK
out/fields/N64_case45_cg_identity_plain_rtol1e-04_rep0.npz: OK
out/fields/N64_case45_cg_identity_plain_rtol1e-04_rep1.npz: OK
out/fields/N64_case45_cg_identity_plain_rtol1e-04_rep2.npz: OK
out/fields/N64_case45_cg_identity_plain_rtol1e-06_rep0.npz: OK
out/fields/N64_case45_cg_identity_plain_rtol1e-06_rep1.npz: OK
out/fields/N64_case45_cg_identity_plain_rtol1e-06_rep2.npz: OK
out/fields/N64_case45_cg_identity_rtol1e-02_rep0.npz: OK
out/fields/N64_case45_cg_identity_rtol1e-02_rep1.npz: OK
out/fields/N64_case45_cg_identity_rtol1e-02_rep2.npz: OK
out/fields/N64_case45_cg_identity_rtol1e-04_rep0.npz: OK
out/fields/N64_case45_cg_identity_rtol1e-04_rep1.npz: OK
out/fields/N64_case45_cg_identity_rtol1e-04_rep2.npz: OK
out/fields/N64_case45_cg_identity_rtol1e-06_rep0.npz: OK
out/fields/N64_case45_cg_identity_rtol1e-06_rep1.npz: OK
out/fields/N64_case45_cg_identity_rtol1e-06_rep2.npz: OK
out/fields/N64_case45_deeponet3d_r128_w16_podinit.npz: OK
out/fields/N64_case45_deeponet3d_r128_w16_podinit_native32_continuous_trunk.npz: OK
out/fields/N64_case45_deeponet3d_r128_w16_podinit_native32_interpolate.npz: OK
out/fields/N64_case45_dst_exact.npz: OK
out/fields/N64_case45_fno3d_w24_m8.npz: OK
out/fields/N64_case45_fno3d_w24_m8_native32_interpolate.npz: OK
out/fields/N64_case45_fno3d_w24_m8_physical_padding17.npz: OK
out/fields/N64_case45_linear_bank_galerkin.npz: OK
out/fields/N64_case45_linear_bank_weak_qR.npz: OK
out/fields/N64_case45_nmrom_K16_q0_dense.npz: OK
out/fields/N64_case45_nmrom_K16_q32_dense.npz: OK
out/fields/N64_case45_nmrom_K16_q96_dense.npz: OK
out/fields/N64_case45_pod112_galerkin.npz: OK
out/fields/N64_case45_pod112_native32_interpolated_basis_galerkin.npz: OK
out/fields/N64_case45_pod128_galerkin.npz: OK
out/fields/N64_case45_pod128_native32_interpolated_basis_galerkin.npz: OK
out/fields/N64_case45_pod16_galerkin.npz: OK
out/fields/N64_case45_pod16_native32_interpolated_basis_galerkin.npz: OK
out/fields/N64_case45_pod48_galerkin.npz: OK
out/fields/N64_case45_pod48_native32_interpolated_basis_galerkin.npz: OK
out/fields/N64_case45_reference.npz: OK
out/fields/N64_case45_transolver3d_w48_s32.npz: OK
out/fields/N64_case45_transolver3d_w48_s32_native32_interpolate.npz: OK
out/fields/N64_case45_unet3d_w16.npz: OK
out/fields/N64_case45_unet3d_w16_native32_interpolate.npz: OK
out/fields/N64_case46_cg_identity_plain_rtol1e-02_rep0.npz: OK
out/fields/N64_case46_cg_identity_plain_rtol1e-02_rep1.npz: OK
out/fields/N64_case46_cg_identity_plain_rtol1e-02_rep2.npz: OK
out/fields/N64_case46_cg_identity_plain_rtol1e-04_rep0.npz: OK
out/fields/N64_case46_cg_identity_plain_rtol1e-04_rep1.npz: OK
out/fields/N64_case46_cg_identity_plain_rtol1e-04_rep2.npz: OK
out/fields/N64_case46_cg_identity_plain_rtol1e-06_rep0.npz: OK
out/fields/N64_case46_cg_identity_plain_rtol1e-06_rep1.npz: OK
out/fields/N64_case46_cg_identity_plain_rtol1e-06_rep2.npz: OK
out/fields/N64_case46_cg_identity_rtol1e-02_rep0.npz: OK
out/fields/N64_case46_cg_identity_rtol1e-02_rep1.npz: OK
out/fields/N64_case46_cg_identity_rtol1e-02_rep2.npz: OK
out/fields/N64_case46_cg_identity_rtol1e-04_rep0.npz: OK
out/fields/N64_case46_cg_identity_rtol1e-04_rep1.npz: OK
out/fields/N64_case46_cg_identity_rtol1e-04_rep2.npz: OK
out/fields/N64_case46_cg_identity_rtol1e-06_rep0.npz: OK
out/fields/N64_case46_cg_identity_rtol1e-06_rep1.npz: OK
out/fields/N64_case46_cg_identity_rtol1e-06_rep2.npz: OK
out/fields/N64_case46_deeponet3d_r128_w16_podinit.npz: OK
out/fields/N64_case46_deeponet3d_r128_w16_podinit_native32_continuous_trunk.npz: OK
out/fields/N64_case46_deeponet3d_r128_w16_podinit_native32_interpolate.npz: OK
out/fields/N64_case46_dst_exact.npz: OK
out/fields/N64_case46_fno3d_w24_m8.npz: OK
out/fields/N64_case46_fno3d_w24_m8_native32_interpolate.npz: OK
out/fields/N64_case46_fno3d_w24_m8_physical_padding17.npz: OK
out/fields/N64_case46_linear_bank_galerkin.npz: OK
out/fields/N64_case46_linear_bank_weak_qR.npz: OK
out/fields/N64_case46_nmrom_K16_q0_dense.npz: OK
out/fields/N64_case46_nmrom_K16_q32_dense.npz: OK
out/fields/N64_case46_nmrom_K16_q96_dense.npz: OK
out/fields/N64_case46_pod112_galerkin.npz: OK
out/fields/N64_case46_pod112_native32_interpolated_basis_galerkin.npz: OK
out/fields/N64_case46_pod128_galerkin.npz: OK
out/fields/N64_case46_pod128_native32_interpolated_basis_galerkin.npz: OK
out/fields/N64_case46_pod16_galerkin.npz: OK
out/fields/N64_case46_pod16_native32_interpolated_basis_galerkin.npz: OK
out/fields/N64_case46_pod48_galerkin.npz: OK
out/fields/N64_case46_pod48_native32_interpolated_basis_galerkin.npz: OK
out/fields/N64_case46_reference.npz: OK
out/fields/N64_case46_transolver3d_w48_s32.npz: OK
out/fields/N64_case46_transolver3d_w48_s32_native32_interpolate.npz: OK
out/fields/N64_case46_unet3d_w16.npz: OK
out/fields/N64_case46_unet3d_w16_native32_interpolate.npz: OK
out/fields/N64_case47_cg_identity_plain_rtol1e-02_rep0.npz: OK
out/fields/N64_case47_cg_identity_plain_rtol1e-02_rep1.npz: OK
out/fields/N64_case47_cg_identity_plain_rtol1e-02_rep2.npz: OK
out/fields/N64_case47_cg_identity_plain_rtol1e-04_rep0.npz: OK
out/fields/N64_case47_cg_identity_plain_rtol1e-04_rep1.npz: OK
out/fields/N64_case47_cg_identity_plain_rtol1e-04_rep2.npz: OK
out/fields/N64_case47_cg_identity_plain_rtol1e-06_rep0.npz: OK
out/fields/N64_case47_cg_identity_plain_rtol1e-06_rep1.npz: OK
out/fields/N64_case47_cg_identity_plain_rtol1e-06_rep2.npz: OK
out/fields/N64_case47_cg_identity_rtol1e-02_rep0.npz: OK
out/fields/N64_case47_cg_identity_rtol1e-02_rep1.npz: OK
out/fields/N64_case47_cg_identity_rtol1e-02_rep2.npz: OK
out/fields/N64_case47_cg_identity_rtol1e-04_rep0.npz: OK
out/fields/N64_case47_cg_identity_rtol1e-04_rep1.npz: OK
out/fields/N64_case47_cg_identity_rtol1e-04_rep2.npz: OK
out/fields/N64_case47_cg_identity_rtol1e-06_rep0.npz: OK
out/fields/N64_case47_cg_identity_rtol1e-06_rep1.npz: OK
out/fields/N64_case47_cg_identity_rtol1e-06_rep2.npz: OK
out/fields/N64_case47_deeponet3d_r128_w16_podinit.npz: OK
out/fields/N64_case47_deeponet3d_r128_w16_podinit_native32_continuous_trunk.npz: OK
out/fields/N64_case47_deeponet3d_r128_w16_podinit_native32_interpolate.npz: OK
out/fields/N64_case47_dst_exact.npz: OK
out/fields/N64_case47_fno3d_w24_m8.npz: OK
out/fields/N64_case47_fno3d_w24_m8_native32_interpolate.npz: OK
out/fields/N64_case47_fno3d_w24_m8_physical_padding17.npz: OK
out/fields/N64_case47_linear_bank_galerkin.npz: OK
out/fields/N64_case47_linear_bank_weak_qR.npz: OK
out/fields/N64_case47_nmrom_K16_q0_dense.npz: OK
out/fields/N64_case47_nmrom_K16_q32_dense.npz: OK
out/fields/N64_case47_nmrom_K16_q96_dense.npz: OK
out/fields/N64_case47_pod112_galerkin.npz: OK
out/fields/N64_case47_pod112_native32_interpolated_basis_galerkin.npz: OK
out/fields/N64_case47_pod128_galerkin.npz: OK
out/fields/N64_case47_pod128_native32_interpolated_basis_galerkin.npz: OK
out/fields/N64_case47_pod16_galerkin.npz: OK
out/fields/N64_case47_pod16_native32_interpolated_basis_galerkin.npz: OK
out/fields/N64_case47_pod48_galerkin.npz: OK
out/fields/N64_case47_pod48_native32_interpolated_basis_galerkin.npz: OK
out/fields/N64_case47_reference.npz: OK
out/fields/N64_case47_transolver3d_w48_s32.npz: OK
out/fields/N64_case47_transolver3d_w48_s32_native32_interpolate.npz: OK
out/fields/N64_case47_unet3d_w16.npz: OK
out/fields/N64_case47_unet3d_w16_native32_interpolate.npz: OK
out/fields/N64_case48_cg_identity_plain_rtol1e-02_rep0.npz: OK
out/fields/N64_case48_cg_identity_plain_rtol1e-02_rep1.npz: OK
out/fields/N64_case48_cg_identity_plain_rtol1e-02_rep2.npz: OK
out/fields/N64_case48_cg_identity_plain_rtol1e-04_rep0.npz: OK
out/fields/N64_case48_cg_identity_plain_rtol1e-04_rep1.npz: OK
out/fields/N64_case48_cg_identity_plain_rtol1e-04_rep2.npz: OK
out/fields/N64_case48_cg_identity_plain_rtol1e-06_rep0.npz: OK
out/fields/N64_case48_cg_identity_plain_rtol1e-06_rep1.npz: OK
out/fields/N64_case48_cg_identity_plain_rtol1e-06_rep2.npz: OK
out/fields/N64_case48_cg_identity_rtol1e-02_rep0.npz: OK
out/fields/N64_case48_cg_identity_rtol1e-02_rep1.npz: OK
out/fields/N64_case48_cg_identity_rtol1e-02_rep2.npz: OK
out/fields/N64_case48_cg_identity_rtol1e-04_rep0.npz: OK
out/fields/N64_case48_cg_identity_rtol1e-04_rep1.npz: OK
out/fields/N64_case48_cg_identity_rtol1e-04_rep2.npz: OK
out/fields/N64_case48_cg_identity_rtol1e-06_rep0.npz: OK
out/fields/N64_case48_cg_identity_rtol1e-06_rep1.npz: OK
out/fields/N64_case48_cg_identity_rtol1e-06_rep2.npz: OK
out/fields/N64_case48_deeponet3d_r128_w16_podinit.npz: OK
out/fields/N64_case48_deeponet3d_r128_w16_podinit_native32_continuous_trunk.npz: OK
out/fields/N64_case48_deeponet3d_r128_w16_podinit_native32_interpolate.npz: OK
out/fields/N64_case48_dst_exact.npz: OK
out/fields/N64_case48_fno3d_w24_m8.npz: OK
out/fields/N64_case48_fno3d_w24_m8_native32_interpolate.npz: OK
out/fields/N64_case48_fno3d_w24_m8_physical_padding17.npz: OK
out/fields/N64_case48_linear_bank_galerkin.npz: OK
out/fields/N64_case48_linear_bank_weak_qR.npz: OK
out/fields/N64_case48_nmrom_K16_q0_dense.npz: OK
out/fields/N64_case48_nmrom_K16_q32_dense.npz: OK
out/fields/N64_case48_nmrom_K16_q96_dense.npz: OK
out/fields/N64_case48_pod112_galerkin.npz: OK
out/fields/N64_case48_pod112_native32_interpolated_basis_galerkin.npz: OK
out/fields/N64_case48_pod128_galerkin.npz: OK
out/fields/N64_case48_pod128_native32_interpolated_basis_galerkin.npz: OK
out/fields/N64_case48_pod16_galerkin.npz: OK
out/fields/N64_case48_pod16_native32_interpolated_basis_galerkin.npz: OK
out/fields/N64_case48_pod48_galerkin.npz: OK
out/fields/N64_case48_pod48_native32_interpolated_basis_galerkin.npz: OK
out/fields/N64_case48_reference.npz: OK
out/fields/N64_case48_transolver3d_w48_s32.npz: OK
out/fields/N64_case48_transolver3d_w48_s32_native32_interpolate.npz: OK
out/fields/N64_case48_unet3d_w16.npz: OK
out/fields/N64_case48_unet3d_w16_native32_interpolate.npz: OK
out/fields/N64_case49_cg_identity_plain_rtol1e-02_rep0.npz: OK
out/fields/N64_case49_cg_identity_plain_rtol1e-02_rep1.npz: OK
out/fields/N64_case49_cg_identity_plain_rtol1e-02_rep2.npz: OK
out/fields/N64_case49_cg_identity_plain_rtol1e-04_rep0.npz: OK
out/fields/N64_case49_cg_identity_plain_rtol1e-04_rep1.npz: OK
out/fields/N64_case49_cg_identity_plain_rtol1e-04_rep2.npz: OK
out/fields/N64_case49_cg_identity_plain_rtol1e-06_rep0.npz: OK
out/fields/N64_case49_cg_identity_plain_rtol1e-06_rep1.npz: OK
out/fields/N64_case49_cg_identity_plain_rtol1e-06_rep2.npz: OK
out/fields/N64_case49_cg_identity_rtol1e-02_rep0.npz: OK
out/fields/N64_case49_cg_identity_rtol1e-02_rep1.npz: OK
out/fields/N64_case49_cg_identity_rtol1e-02_rep2.npz: OK
out/fields/N64_case49_cg_identity_rtol1e-04_rep0.npz: OK
out/fields/N64_case49_cg_identity_rtol1e-04_rep1.npz: OK
out/fields/N64_case49_cg_identity_rtol1e-04_rep2.npz: OK
out/fields/N64_case49_cg_identity_rtol1e-06_rep0.npz: OK
out/fields/N64_case49_cg_identity_rtol1e-06_rep1.npz: OK
out/fields/N64_case49_cg_identity_rtol1e-06_rep2.npz: OK
out/fields/N64_case49_deeponet3d_r128_w16_podinit.npz: OK
out/fields/N64_case49_deeponet3d_r128_w16_podinit_native32_continuous_trunk.npz: OK
out/fields/N64_case49_deeponet3d_r128_w16_podinit_native32_interpolate.npz: OK
out/fields/N64_case49_dst_exact.npz: OK
out/fields/N64_case49_fno3d_w24_m8.npz: OK
out/fields/N64_case49_fno3d_w24_m8_native32_interpolate.npz: OK
out/fields/N64_case49_fno3d_w24_m8_physical_padding17.npz: OK
out/fields/N64_case49_linear_bank_galerkin.npz: OK
out/fields/N64_case49_linear_bank_weak_qR.npz: OK
out/fields/N64_case49_nmrom_K16_q0_dense.npz: OK
out/fields/N64_case49_nmrom_K16_q32_dense.npz: OK
out/fields/N64_case49_nmrom_K16_q96_dense.npz: OK
out/fields/N64_case49_pod112_galerkin.npz: OK
out/fields/N64_case49_pod112_native32_interpolated_basis_galerkin.npz: OK
out/fields/N64_case49_pod128_galerkin.npz: OK
out/fields/N64_case49_pod128_native32_interpolated_basis_galerkin.npz: OK
out/fields/N64_case49_pod16_galerkin.npz: OK
out/fields/N64_case49_pod16_native32_interpolated_basis_galerkin.npz: OK
out/fields/N64_case49_pod48_galerkin.npz: OK
out/fields/N64_case49_pod48_native32_interpolated_basis_galerkin.npz: OK
out/fields/N64_case49_reference.npz: OK
out/fields/N64_case49_transolver3d_w48_s32.npz: OK
out/fields/N64_case49_transolver3d_w48_s32_native32_interpolate.npz: OK
out/fields/N64_case49_unet3d_w16.npz: OK
out/fields/N64_case49_unet3d_w16_native32_interpolate.npz: OK
out/fields/N64_case4_cg_identity_plain_rtol1e-02_rep0.npz: OK
out/fields/N64_case4_cg_identity_plain_rtol1e-02_rep1.npz: OK
out/fields/N64_case4_cg_identity_plain_rtol1e-02_rep2.npz: OK
out/fields/N64_case4_cg_identity_plain_rtol1e-04_rep0.npz: OK
out/fields/N64_case4_cg_identity_plain_rtol1e-04_rep1.npz: OK
out/fields/N64_case4_cg_identity_plain_rtol1e-04_rep2.npz: OK
out/fields/N64_case4_cg_identity_plain_rtol1e-06_rep0.npz: OK
out/fields/N64_case4_cg_identity_plain_rtol1e-06_rep1.npz: OK
out/fields/N64_case4_cg_identity_plain_rtol1e-06_rep2.npz: OK
out/fields/N64_case4_cg_identity_rtol1e-02_rep0.npz: OK
out/fields/N64_case4_cg_identity_rtol1e-02_rep1.npz: OK
out/fields/N64_case4_cg_identity_rtol1e-02_rep2.npz: OK
out/fields/N64_case4_cg_identity_rtol1e-04_rep0.npz: OK
out/fields/N64_case4_cg_identity_rtol1e-04_rep1.npz: OK
out/fields/N64_case4_cg_identity_rtol1e-04_rep2.npz: OK
out/fields/N64_case4_cg_identity_rtol1e-06_rep0.npz: OK
out/fields/N64_case4_cg_identity_rtol1e-06_rep1.npz: OK
out/fields/N64_case4_cg_identity_rtol1e-06_rep2.npz: OK
out/fields/N64_case4_deeponet3d_r128_w16_podinit.npz: OK
out/fields/N64_case4_deeponet3d_r128_w16_podinit_native32_continuous_trunk.npz: OK
out/fields/N64_case4_deeponet3d_r128_w16_podinit_native32_interpolate.npz: OK
out/fields/N64_case4_dst_exact.npz: OK
out/fields/N64_case4_fno3d_w24_m8.npz: OK
out/fields/N64_case4_fno3d_w24_m8_native32_interpolate.npz: OK
out/fields/N64_case4_fno3d_w24_m8_physical_padding17.npz: OK
out/fields/N64_case4_linear_bank_galerkin.npz: OK
out/fields/N64_case4_linear_bank_weak_qR.npz: OK
out/fields/N64_case4_nmrom_K16_q0_dense.npz: OK
out/fields/N64_case4_nmrom_K16_q32_dense.npz: OK
out/fields/N64_case4_nmrom_K16_q96_dense.npz: OK
out/fields/N64_case4_pod112_galerkin.npz: OK
out/fields/N64_case4_pod112_native32_interpolated_basis_galerkin.npz: OK
out/fields/N64_case4_pod128_galerkin.npz: OK
out/fields/N64_case4_pod128_native32_interpolated_basis_galerkin.npz: OK
out/fields/N64_case4_pod16_galerkin.npz: OK
out/fields/N64_case4_pod16_native32_interpolated_basis_galerkin.npz: OK
out/fields/N64_case4_pod48_galerkin.npz: OK
out/fields/N64_case4_pod48_native32_interpolated_basis_galerkin.npz: OK
out/fields/N64_case4_reference.npz: OK
out/fields/N64_case4_transolver3d_w48_s32.npz: OK
out/fields/N64_case4_transolver3d_w48_s32_native32_interpolate.npz: OK
out/fields/N64_case4_unet3d_w16.npz: OK
out/fields/N64_case4_unet3d_w16_native32_interpolate.npz: OK
out/fields/N64_case50_cg_identity_plain_rtol1e-02_rep0.npz: OK
out/fields/N64_case50_cg_identity_plain_rtol1e-02_rep1.npz: OK
out/fields/N64_case50_cg_identity_plain_rtol1e-02_rep2.npz: OK
out/fields/N64_case50_cg_identity_plain_rtol1e-04_rep0.npz: OK
out/fields/N64_case50_cg_identity_plain_rtol1e-04_rep1.npz: OK
out/fields/N64_case50_cg_identity_plain_rtol1e-04_rep2.npz: OK
out/fields/N64_case50_cg_identity_plain_rtol1e-06_rep0.npz: OK
out/fields/N64_case50_cg_identity_plain_rtol1e-06_rep1.npz: OK
out/fields/N64_case50_cg_identity_plain_rtol1e-06_rep2.npz: OK
out/fields/N64_case50_cg_identity_rtol1e-02_rep0.npz: OK
out/fields/N64_case50_cg_identity_rtol1e-02_rep1.npz: OK
out/fields/N64_case50_cg_identity_rtol1e-02_rep2.npz: OK
out/fields/N64_case50_cg_identity_rtol1e-04_rep0.npz: OK
out/fields/N64_case50_cg_identity_rtol1e-04_rep1.npz: OK
out/fields/N64_case50_cg_identity_rtol1e-04_rep2.npz: OK
out/fields/N64_case50_cg_identity_rtol1e-06_rep0.npz: OK
out/fields/N64_case50_cg_identity_rtol1e-06_rep1.npz: OK
out/fields/N64_case50_cg_identity_rtol1e-06_rep2.npz: OK
out/fields/N64_case50_deeponet3d_r128_w16_podinit.npz: OK
out/fields/N64_case50_deeponet3d_r128_w16_podinit_native32_continuous_trunk.npz: OK
out/fields/N64_case50_deeponet3d_r128_w16_podinit_native32_interpolate.npz: OK
out/fields/N64_case50_dst_exact.npz: OK
out/fields/N64_case50_fno3d_w24_m8.npz: OK
out/fields/N64_case50_fno3d_w24_m8_native32_interpolate.npz: OK
out/fields/N64_case50_fno3d_w24_m8_physical_padding17.npz: OK
out/fields/N64_case50_linear_bank_galerkin.npz: OK
out/fields/N64_case50_linear_bank_weak_qR.npz: OK
out/fields/N64_case50_nmrom_K16_q0_dense.npz: OK
out/fields/N64_case50_nmrom_K16_q32_dense.npz: OK
out/fields/N64_case50_nmrom_K16_q96_dense.npz: OK
out/fields/N64_case50_pod112_galerkin.npz: OK
out/fields/N64_case50_pod112_native32_interpolated_basis_galerkin.npz: OK
out/fields/N64_case50_pod128_galerkin.npz: OK
out/fields/N64_case50_pod128_native32_interpolated_basis_galerkin.npz: OK
out/fields/N64_case50_pod16_galerkin.npz: OK
out/fields/N64_case50_pod16_native32_interpolated_basis_galerkin.npz: OK
out/fields/N64_case50_pod48_galerkin.npz: OK
out/fields/N64_case50_pod48_native32_interpolated_basis_galerkin.npz: OK
out/fields/N64_case50_reference.npz: OK
out/fields/N64_case50_transolver3d_w48_s32.npz: OK
out/fields/N64_case50_transolver3d_w48_s32_native32_interpolate.npz: OK
out/fields/N64_case50_unet3d_w16.npz: OK
out/fields/N64_case50_unet3d_w16_native32_interpolate.npz: OK
out/fields/N64_case51_cg_identity_plain_rtol1e-02_rep0.npz: OK
out/fields/N64_case51_cg_identity_plain_rtol1e-02_rep1.npz: OK
out/fields/N64_case51_cg_identity_plain_rtol1e-02_rep2.npz: OK
out/fields/N64_case51_cg_identity_plain_rtol1e-04_rep0.npz: OK
out/fields/N64_case51_cg_identity_plain_rtol1e-04_rep1.npz: OK
out/fields/N64_case51_cg_identity_plain_rtol1e-04_rep2.npz: OK
out/fields/N64_case51_cg_identity_plain_rtol1e-06_rep0.npz: OK
out/fields/N64_case51_cg_identity_plain_rtol1e-06_rep1.npz: OK
out/fields/N64_case51_cg_identity_plain_rtol1e-06_rep2.npz: OK
out/fields/N64_case51_cg_identity_rtol1e-02_rep0.npz: OK
out/fields/N64_case51_cg_identity_rtol1e-02_rep1.npz: OK
out/fields/N64_case51_cg_identity_rtol1e-02_rep2.npz: OK
out/fields/N64_case51_cg_identity_rtol1e-04_rep0.npz: OK
out/fields/N64_case51_cg_identity_rtol1e-04_rep1.npz: OK
out/fields/N64_case51_cg_identity_rtol1e-04_rep2.npz: OK
out/fields/N64_case51_cg_identity_rtol1e-06_rep0.npz: OK
out/fields/N64_case51_cg_identity_rtol1e-06_rep1.npz: OK
out/fields/N64_case51_cg_identity_rtol1e-06_rep2.npz: OK
out/fields/N64_case51_deeponet3d_r128_w16_podinit.npz: OK
out/fields/N64_case51_deeponet3d_r128_w16_podinit_native32_continuous_trunk.npz: OK
out/fields/N64_case51_deeponet3d_r128_w16_podinit_native32_interpolate.npz: OK
out/fields/N64_case51_dst_exact.npz: OK
out/fields/N64_case51_fno3d_w24_m8.npz: OK
out/fields/N64_case51_fno3d_w24_m8_native32_interpolate.npz: OK
out/fields/N64_case51_fno3d_w24_m8_physical_padding17.npz: OK
out/fields/N64_case51_linear_bank_galerkin.npz: OK
out/fields/N64_case51_linear_bank_weak_qR.npz: OK
out/fields/N64_case51_nmrom_K16_q0_dense.npz: OK
out/fields/N64_case51_nmrom_K16_q32_dense.npz: OK
out/fields/N64_case51_nmrom_K16_q96_dense.npz: OK
out/fields/N64_case51_pod112_galerkin.npz: OK
out/fields/N64_case51_pod112_native32_interpolated_basis_galerkin.npz: OK
out/fields/N64_case51_pod128_galerkin.npz: OK
out/fields/N64_case51_pod128_native32_interpolated_basis_galerkin.npz: OK
out/fields/N64_case51_pod16_galerkin.npz: OK
out/fields/N64_case51_pod16_native32_interpolated_basis_galerkin.npz: OK
out/fields/N64_case51_pod48_galerkin.npz: OK
out/fields/N64_case51_pod48_native32_interpolated_basis_galerkin.npz: OK
out/fields/N64_case51_reference.npz: OK
out/fields/N64_case51_transolver3d_w48_s32.npz: OK
out/fields/N64_case51_transolver3d_w48_s32_native32_interpolate.npz: OK
out/fields/N64_case51_unet3d_w16.npz: OK
out/fields/N64_case51_unet3d_w16_native32_interpolate.npz: OK
out/fields/N64_case52_cg_identity_plain_rtol1e-02_rep0.npz: OK
out/fields/N64_case52_cg_identity_plain_rtol1e-02_rep1.npz: OK
out/fields/N64_case52_cg_identity_plain_rtol1e-02_rep2.npz: OK
out/fields/N64_case52_cg_identity_plain_rtol1e-04_rep0.npz: OK
out/fields/N64_case52_cg_identity_plain_rtol1e-04_rep1.npz: OK
out/fields/N64_case52_cg_identity_plain_rtol1e-04_rep2.npz: OK
out/fields/N64_case52_cg_identity_plain_rtol1e-06_rep0.npz: OK
out/fields/N64_case52_cg_identity_plain_rtol1e-06_rep1.npz: OK
out/fields/N64_case52_cg_identity_plain_rtol1e-06_rep2.npz: OK
out/fields/N64_case52_cg_identity_rtol1e-02_rep0.npz: OK
out/fields/N64_case52_cg_identity_rtol1e-02_rep1.npz: OK
out/fields/N64_case52_cg_identity_rtol1e-02_rep2.npz: OK
out/fields/N64_case52_cg_identity_rtol1e-04_rep0.npz: OK
out/fields/N64_case52_cg_identity_rtol1e-04_rep1.npz: OK
out/fields/N64_case52_cg_identity_rtol1e-04_rep2.npz: OK
out/fields/N64_case52_cg_identity_rtol1e-06_rep0.npz: OK
out/fields/N64_case52_cg_identity_rtol1e-06_rep1.npz: OK
out/fields/N64_case52_cg_identity_rtol1e-06_rep2.npz: OK
out/fields/N64_case52_deeponet3d_r128_w16_podinit.npz: OK
out/fields/N64_case52_deeponet3d_r128_w16_podinit_native32_continuous_trunk.npz: OK
out/fields/N64_case52_deeponet3d_r128_w16_podinit_native32_interpolate.npz: OK
out/fields/N64_case52_dst_exact.npz: OK
out/fields/N64_case52_fno3d_w24_m8.npz: OK
out/fields/N64_case52_fno3d_w24_m8_native32_interpolate.npz: OK
out/fields/N64_case52_fno3d_w24_m8_physical_padding17.npz: OK
out/fields/N64_case52_linear_bank_galerkin.npz: OK
out/fields/N64_case52_linear_bank_weak_qR.npz: OK
out/fields/N64_case52_nmrom_K16_q0_dense.npz: OK
out/fields/N64_case52_nmrom_K16_q32_dense.npz: OK
out/fields/N64_case52_nmrom_K16_q96_dense.npz: OK
out/fields/N64_case52_pod112_galerkin.npz: OK
out/fields/N64_case52_pod112_native32_interpolated_basis_galerkin.npz: OK
out/fields/N64_case52_pod128_galerkin.npz: OK
out/fields/N64_case52_pod128_native32_interpolated_basis_galerkin.npz: OK
out/fields/N64_case52_pod16_galerkin.npz: OK
out/fields/N64_case52_pod16_native32_interpolated_basis_galerkin.npz: OK
out/fields/N64_case52_pod48_galerkin.npz: OK
out/fields/N64_case52_pod48_native32_interpolated_basis_galerkin.npz: OK
out/fields/N64_case52_reference.npz: OK
out/fields/N64_case52_transolver3d_w48_s32.npz: OK
out/fields/N64_case52_transolver3d_w48_s32_native32_interpolate.npz: OK
out/fields/N64_case52_unet3d_w16.npz: OK
out/fields/N64_case52_unet3d_w16_native32_interpolate.npz: OK
out/fields/N64_case53_cg_identity_plain_rtol1e-02_rep0.npz: OK
out/fields/N64_case53_cg_identity_plain_rtol1e-02_rep1.npz: OK
out/fields/N64_case53_cg_identity_plain_rtol1e-02_rep2.npz: OK
out/fields/N64_case53_cg_identity_plain_rtol1e-04_rep0.npz: OK
out/fields/N64_case53_cg_identity_plain_rtol1e-04_rep1.npz: OK
out/fields/N64_case53_cg_identity_plain_rtol1e-04_rep2.npz: OK
out/fields/N64_case53_cg_identity_plain_rtol1e-06_rep0.npz: OK
out/fields/N64_case53_cg_identity_plain_rtol1e-06_rep1.npz: OK
out/fields/N64_case53_cg_identity_plain_rtol1e-06_rep2.npz: OK
out/fields/N64_case53_cg_identity_rtol1e-02_rep0.npz: OK
out/fields/N64_case53_cg_identity_rtol1e-02_rep1.npz: OK
out/fields/N64_case53_cg_identity_rtol1e-02_rep2.npz: OK
out/fields/N64_case53_cg_identity_rtol1e-04_rep0.npz: OK
out/fields/N64_case53_cg_identity_rtol1e-04_rep1.npz: OK
out/fields/N64_case53_cg_identity_rtol1e-04_rep2.npz: OK
out/fields/N64_case53_cg_identity_rtol1e-06_rep0.npz: OK
out/fields/N64_case53_cg_identity_rtol1e-06_rep1.npz: OK
out/fields/N64_case53_cg_identity_rtol1e-06_rep2.npz: OK
out/fields/N64_case53_deeponet3d_r128_w16_podinit.npz: OK
out/fields/N64_case53_deeponet3d_r128_w16_podinit_native32_continuous_trunk.npz: OK
out/fields/N64_case53_deeponet3d_r128_w16_podinit_native32_interpolate.npz: OK
out/fields/N64_case53_dst_exact.npz: OK
out/fields/N64_case53_fno3d_w24_m8.npz: OK
out/fields/N64_case53_fno3d_w24_m8_native32_interpolate.npz: OK
out/fields/N64_case53_fno3d_w24_m8_physical_padding17.npz: OK
out/fields/N64_case53_linear_bank_galerkin.npz: OK
out/fields/N64_case53_linear_bank_weak_qR.npz: OK
out/fields/N64_case53_nmrom_K16_q0_dense.npz: OK
out/fields/N64_case53_nmrom_K16_q32_dense.npz: OK
out/fields/N64_case53_nmrom_K16_q96_dense.npz: OK
out/fields/N64_case53_pod112_galerkin.npz: OK
out/fields/N64_case53_pod112_native32_interpolated_basis_galerkin.npz: OK
out/fields/N64_case53_pod128_galerkin.npz: OK
out/fields/N64_case53_pod128_native32_interpolated_basis_galerkin.npz: OK
out/fields/N64_case53_pod16_galerkin.npz: OK
out/fields/N64_case53_pod16_native32_interpolated_basis_galerkin.npz: OK
out/fields/N64_case53_pod48_galerkin.npz: OK
out/fields/N64_case53_pod48_native32_interpolated_basis_galerkin.npz: OK
out/fields/N64_case53_reference.npz: OK
out/fields/N64_case53_transolver3d_w48_s32.npz: OK
out/fields/N64_case53_transolver3d_w48_s32_native32_interpolate.npz: OK
out/fields/N64_case53_unet3d_w16.npz: OK
out/fields/N64_case53_unet3d_w16_native32_interpolate.npz: OK
out/fields/N64_case54_cg_identity_plain_rtol1e-02_rep0.npz: OK
out/fields/N64_case54_cg_identity_plain_rtol1e-02_rep1.npz: OK
out/fields/N64_case54_cg_identity_plain_rtol1e-02_rep2.npz: OK
out/fields/N64_case54_cg_identity_plain_rtol1e-04_rep0.npz: OK
out/fields/N64_case54_cg_identity_plain_rtol1e-04_rep1.npz: OK
out/fields/N64_case54_cg_identity_plain_rtol1e-04_rep2.npz: OK
out/fields/N64_case54_cg_identity_plain_rtol1e-06_rep0.npz: OK
out/fields/N64_case54_cg_identity_plain_rtol1e-06_rep1.npz: OK
out/fields/N64_case54_cg_identity_plain_rtol1e-06_rep2.npz: OK
out/fields/N64_case54_cg_identity_rtol1e-02_rep0.npz: OK
out/fields/N64_case54_cg_identity_rtol1e-02_rep1.npz: OK
out/fields/N64_case54_cg_identity_rtol1e-02_rep2.npz: OK
out/fields/N64_case54_cg_identity_rtol1e-04_rep0.npz: OK
out/fields/N64_case54_cg_identity_rtol1e-04_rep1.npz: OK
out/fields/N64_case54_cg_identity_rtol1e-04_rep2.npz: OK
out/fields/N64_case54_cg_identity_rtol1e-06_rep0.npz: OK
out/fields/N64_case54_cg_identity_rtol1e-06_rep1.npz: OK
out/fields/N64_case54_cg_identity_rtol1e-06_rep2.npz: OK
out/fields/N64_case54_deeponet3d_r128_w16_podinit.npz: OK
out/fields/N64_case54_deeponet3d_r128_w16_podinit_native32_continuous_trunk.npz: OK
out/fields/N64_case54_deeponet3d_r128_w16_podinit_native32_interpolate.npz: OK
out/fields/N64_case54_dst_exact.npz: OK
out/fields/N64_case54_fno3d_w24_m8.npz: OK
out/fields/N64_case54_fno3d_w24_m8_native32_interpolate.npz: OK
out/fields/N64_case54_fno3d_w24_m8_physical_padding17.npz: OK
out/fields/N64_case54_linear_bank_galerkin.npz: OK
out/fields/N64_case54_linear_bank_weak_qR.npz: OK
out/fields/N64_case54_nmrom_K16_q0_dense.npz: OK
out/fields/N64_case54_nmrom_K16_q32_dense.npz: OK
out/fields/N64_case54_nmrom_K16_q96_dense.npz: OK
out/fields/N64_case54_pod112_galerkin.npz: OK
out/fields/N64_case54_pod112_native32_interpolated_basis_galerkin.npz: OK
out/fields/N64_case54_pod128_galerkin.npz: OK
out/fields/N64_case54_pod128_native32_interpolated_basis_galerkin.npz: OK
out/fields/N64_case54_pod16_galerkin.npz: OK
out/fields/N64_case54_pod16_native32_interpolated_basis_galerkin.npz: OK
out/fields/N64_case54_pod48_galerkin.npz: OK
out/fields/N64_case54_pod48_native32_interpolated_basis_galerkin.npz: OK
out/fields/N64_case54_reference.npz: OK
out/fields/N64_case54_transolver3d_w48_s32.npz: OK
out/fields/N64_case54_transolver3d_w48_s32_native32_interpolate.npz: OK
out/fields/N64_case54_unet3d_w16.npz: OK
out/fields/N64_case54_unet3d_w16_native32_interpolate.npz: OK
out/fields/N64_case55_cg_identity_plain_rtol1e-02_rep0.npz: OK
out/fields/N64_case55_cg_identity_plain_rtol1e-02_rep1.npz: OK
out/fields/N64_case55_cg_identity_plain_rtol1e-02_rep2.npz: OK
out/fields/N64_case55_cg_identity_plain_rtol1e-04_rep0.npz: OK
out/fields/N64_case55_cg_identity_plain_rtol1e-04_rep1.npz: OK
out/fields/N64_case55_cg_identity_plain_rtol1e-04_rep2.npz: OK
out/fields/N64_case55_cg_identity_plain_rtol1e-06_rep0.npz: OK
out/fields/N64_case55_cg_identity_plain_rtol1e-06_rep1.npz: OK
out/fields/N64_case55_cg_identity_plain_rtol1e-06_rep2.npz: OK
out/fields/N64_case55_cg_identity_rtol1e-02_rep0.npz: OK
out/fields/N64_case55_cg_identity_rtol1e-02_rep1.npz: OK
out/fields/N64_case55_cg_identity_rtol1e-02_rep2.npz: OK
out/fields/N64_case55_cg_identity_rtol1e-04_rep0.npz: OK
out/fields/N64_case55_cg_identity_rtol1e-04_rep1.npz: OK
out/fields/N64_case55_cg_identity_rtol1e-04_rep2.npz: OK
out/fields/N64_case55_cg_identity_rtol1e-06_rep0.npz: OK
out/fields/N64_case55_cg_identity_rtol1e-06_rep1.npz: OK
out/fields/N64_case55_cg_identity_rtol1e-06_rep2.npz: OK
out/fields/N64_case55_deeponet3d_r128_w16_podinit.npz: OK
out/fields/N64_case55_deeponet3d_r128_w16_podinit_native32_continuous_trunk.npz: OK
out/fields/N64_case55_deeponet3d_r128_w16_podinit_native32_interpolate.npz: OK
out/fields/N64_case55_dst_exact.npz: OK
out/fields/N64_case55_fno3d_w24_m8.npz: OK
out/fields/N64_case55_fno3d_w24_m8_native32_interpolate.npz: OK
out/fields/N64_case55_fno3d_w24_m8_physical_padding17.npz: OK
out/fields/N64_case55_linear_bank_galerkin.npz: OK
out/fields/N64_case55_linear_bank_weak_qR.npz: OK
out/fields/N64_case55_nmrom_K16_q0_dense.npz: OK
out/fields/N64_case55_nmrom_K16_q32_dense.npz: OK
out/fields/N64_case55_nmrom_K16_q96_dense.npz: OK
out/fields/N64_case55_pod112_galerkin.npz: OK
out/fields/N64_case55_pod112_native32_interpolated_basis_galerkin.npz: OK
out/fields/N64_case55_pod128_galerkin.npz: OK
out/fields/N64_case55_pod128_native32_interpolated_basis_galerkin.npz: OK
out/fields/N64_case55_pod16_galerkin.npz: OK
out/fields/N64_case55_pod16_native32_interpolated_basis_galerkin.npz: OK
out/fields/N64_case55_pod48_galerkin.npz: OK
out/fields/N64_case55_pod48_native32_interpolated_basis_galerkin.npz: OK
out/fields/N64_case55_reference.npz: OK
out/fields/N64_case55_transolver3d_w48_s32.npz: OK
out/fields/N64_case55_transolver3d_w48_s32_native32_interpolate.npz: OK
out/fields/N64_case55_unet3d_w16.npz: OK
out/fields/N64_case55_unet3d_w16_native32_interpolate.npz: OK
out/fields/N64_case56_cg_identity_plain_rtol1e-02_rep0.npz: OK
out/fields/N64_case56_cg_identity_plain_rtol1e-02_rep1.npz: OK
out/fields/N64_case56_cg_identity_plain_rtol1e-02_rep2.npz: OK
out/fields/N64_case56_cg_identity_plain_rtol1e-04_rep0.npz: OK
out/fields/N64_case56_cg_identity_plain_rtol1e-04_rep1.npz: OK
out/fields/N64_case56_cg_identity_plain_rtol1e-04_rep2.npz: OK
out/fields/N64_case56_cg_identity_plain_rtol1e-06_rep0.npz: OK
out/fields/N64_case56_cg_identity_plain_rtol1e-06_rep1.npz: OK
out/fields/N64_case56_cg_identity_plain_rtol1e-06_rep2.npz: OK
out/fields/N64_case56_cg_identity_rtol1e-02_rep0.npz: OK
out/fields/N64_case56_cg_identity_rtol1e-02_rep1.npz: OK
out/fields/N64_case56_cg_identity_rtol1e-02_rep2.npz: OK
out/fields/N64_case56_cg_identity_rtol1e-04_rep0.npz: OK
out/fields/N64_case56_cg_identity_rtol1e-04_rep1.npz: OK
out/fields/N64_case56_cg_identity_rtol1e-04_rep2.npz: OK
out/fields/N64_case56_cg_identity_rtol1e-06_rep0.npz: OK
out/fields/N64_case56_cg_identity_rtol1e-06_rep1.npz: OK
out/fields/N64_case56_cg_identity_rtol1e-06_rep2.npz: OK
out/fields/N64_case56_deeponet3d_r128_w16_podinit.npz: OK
out/fields/N64_case56_deeponet3d_r128_w16_podinit_native32_continuous_trunk.npz: OK
out/fields/N64_case56_deeponet3d_r128_w16_podinit_native32_interpolate.npz: OK
out/fields/N64_case56_dst_exact.npz: OK
out/fields/N64_case56_fno3d_w24_m8.npz: OK
out/fields/N64_case56_fno3d_w24_m8_native32_interpolate.npz: OK
out/fields/N64_case56_fno3d_w24_m8_physical_padding17.npz: OK
out/fields/N64_case56_linear_bank_galerkin.npz: OK
out/fields/N64_case56_linear_bank_weak_qR.npz: OK
out/fields/N64_case56_nmrom_K16_q0_dense.npz: OK
out/fields/N64_case56_nmrom_K16_q32_dense.npz: OK
out/fields/N64_case56_nmrom_K16_q96_dense.npz: OK
out/fields/N64_case56_pod112_galerkin.npz: OK
out/fields/N64_case56_pod112_native32_interpolated_basis_galerkin.npz: OK
out/fields/N64_case56_pod128_galerkin.npz: OK
out/fields/N64_case56_pod128_native32_interpolated_basis_galerkin.npz: OK
out/fields/N64_case56_pod16_galerkin.npz: OK
out/fields/N64_case56_pod16_native32_interpolated_basis_galerkin.npz: OK
out/fields/N64_case56_pod48_galerkin.npz: OK
out/fields/N64_case56_pod48_native32_interpolated_basis_galerkin.npz: OK
out/fields/N64_case56_reference.npz: OK
out/fields/N64_case56_transolver3d_w48_s32.npz: OK
out/fields/N64_case56_transolver3d_w48_s32_native32_interpolate.npz: OK
out/fields/N64_case56_unet3d_w16.npz: OK
out/fields/N64_case56_unet3d_w16_native32_interpolate.npz: OK
out/fields/N64_case57_cg_identity_plain_rtol1e-02_rep0.npz: OK
out/fields/N64_case57_cg_identity_plain_rtol1e-02_rep1.npz: OK
out/fields/N64_case57_cg_identity_plain_rtol1e-02_rep2.npz: OK
out/fields/N64_case57_cg_identity_plain_rtol1e-04_rep0.npz: OK
out/fields/N64_case57_cg_identity_plain_rtol1e-04_rep1.npz: OK
out/fields/N64_case57_cg_identity_plain_rtol1e-04_rep2.npz: OK
out/fields/N64_case57_cg_identity_plain_rtol1e-06_rep0.npz: OK
out/fields/N64_case57_cg_identity_plain_rtol1e-06_rep1.npz: OK
out/fields/N64_case57_cg_identity_plain_rtol1e-06_rep2.npz: OK
out/fields/N64_case57_cg_identity_rtol1e-02_rep0.npz: OK
out/fields/N64_case57_cg_identity_rtol1e-02_rep1.npz: OK
out/fields/N64_case57_cg_identity_rtol1e-02_rep2.npz: OK
out/fields/N64_case57_cg_identity_rtol1e-04_rep0.npz: OK
out/fields/N64_case57_cg_identity_rtol1e-04_rep1.npz: OK
out/fields/N64_case57_cg_identity_rtol1e-04_rep2.npz: OK
out/fields/N64_case57_cg_identity_rtol1e-06_rep0.npz: OK
out/fields/N64_case57_cg_identity_rtol1e-06_rep1.npz: OK
out/fields/N64_case57_cg_identity_rtol1e-06_rep2.npz: OK
out/fields/N64_case57_deeponet3d_r128_w16_podinit.npz: OK
out/fields/N64_case57_deeponet3d_r128_w16_podinit_native32_continuous_trunk.npz: OK
out/fields/N64_case57_deeponet3d_r128_w16_podinit_native32_interpolate.npz: OK
out/fields/N64_case57_dst_exact.npz: OK
out/fields/N64_case57_fno3d_w24_m8.npz: OK
out/fields/N64_case57_fno3d_w24_m8_native32_interpolate.npz: OK
out/fields/N64_case57_fno3d_w24_m8_physical_padding17.npz: OK
out/fields/N64_case57_linear_bank_galerkin.npz: OK
out/fields/N64_case57_linear_bank_weak_qR.npz: OK
out/fields/N64_case57_nmrom_K16_q0_dense.npz: OK
out/fields/N64_case57_nmrom_K16_q32_dense.npz: OK
out/fields/N64_case57_nmrom_K16_q96_dense.npz: OK
out/fields/N64_case57_pod112_galerkin.npz: OK
out/fields/N64_case57_pod112_native32_interpolated_basis_galerkin.npz: OK
out/fields/N64_case57_pod128_galerkin.npz: OK
out/fields/N64_case57_pod128_native32_interpolated_basis_galerkin.npz: OK
out/fields/N64_case57_pod16_galerkin.npz: OK
out/fields/N64_case57_pod16_native32_interpolated_basis_galerkin.npz: OK
out/fields/N64_case57_pod48_galerkin.npz: OK
out/fields/N64_case57_pod48_native32_interpolated_basis_galerkin.npz: OK
out/fields/N64_case57_reference.npz: OK
out/fields/N64_case57_transolver3d_w48_s32.npz: OK
out/fields/N64_case57_transolver3d_w48_s32_native32_interpolate.npz: OK
out/fields/N64_case57_unet3d_w16.npz: OK
out/fields/N64_case57_unet3d_w16_native32_interpolate.npz: OK
out/fields/N64_case58_cg_identity_plain_rtol1e-02_rep0.npz: OK
out/fields/N64_case58_cg_identity_plain_rtol1e-02_rep1.npz: OK
out/fields/N64_case58_cg_identity_plain_rtol1e-02_rep2.npz: OK
out/fields/N64_case58_cg_identity_plain_rtol1e-04_rep0.npz: OK
out/fields/N64_case58_cg_identity_plain_rtol1e-04_rep1.npz: OK
out/fields/N64_case58_cg_identity_plain_rtol1e-04_rep2.npz: OK
out/fields/N64_case58_cg_identity_plain_rtol1e-06_rep0.npz: OK
out/fields/N64_case58_cg_identity_plain_rtol1e-06_rep1.npz: OK
out/fields/N64_case58_cg_identity_plain_rtol1e-06_rep2.npz: OK
out/fields/N64_case58_cg_identity_rtol1e-02_rep0.npz: OK
out/fields/N64_case58_cg_identity_rtol1e-02_rep1.npz: OK
out/fields/N64_case58_cg_identity_rtol1e-02_rep2.npz: OK
out/fields/N64_case58_cg_identity_rtol1e-04_rep0.npz: OK
out/fields/N64_case58_cg_identity_rtol1e-04_rep1.npz: OK
out/fields/N64_case58_cg_identity_rtol1e-04_rep2.npz: OK
out/fields/N64_case58_cg_identity_rtol1e-06_rep0.npz: OK
out/fields/N64_case58_cg_identity_rtol1e-06_rep1.npz: OK
out/fields/N64_case58_cg_identity_rtol1e-06_rep2.npz: OK
out/fields/N64_case58_deeponet3d_r128_w16_podinit.npz: OK
out/fields/N64_case58_deeponet3d_r128_w16_podinit_native32_continuous_trunk.npz: OK
out/fields/N64_case58_deeponet3d_r128_w16_podinit_native32_interpolate.npz: OK
out/fields/N64_case58_dst_exact.npz: OK
out/fields/N64_case58_fno3d_w24_m8.npz: OK
out/fields/N64_case58_fno3d_w24_m8_native32_interpolate.npz: OK
out/fields/N64_case58_fno3d_w24_m8_physical_padding17.npz: OK
out/fields/N64_case58_linear_bank_galerkin.npz: OK
out/fields/N64_case58_linear_bank_weak_qR.npz: OK
out/fields/N64_case58_nmrom_K16_q0_dense.npz: OK
out/fields/N64_case58_nmrom_K16_q32_dense.npz: OK
out/fields/N64_case58_nmrom_K16_q96_dense.npz: OK
out/fields/N64_case58_pod112_galerkin.npz: OK
out/fields/N64_case58_pod112_native32_interpolated_basis_galerkin.npz: OK
out/fields/N64_case58_pod128_galerkin.npz: OK
out/fields/N64_case58_pod128_native32_interpolated_basis_galerkin.npz: OK
out/fields/N64_case58_pod16_galerkin.npz: OK
out/fields/N64_case58_pod16_native32_interpolated_basis_galerkin.npz: OK
out/fields/N64_case58_pod48_galerkin.npz: OK
out/fields/N64_case58_pod48_native32_interpolated_basis_galerkin.npz: OK
out/fields/N64_case58_reference.npz: OK
out/fields/N64_case58_transolver3d_w48_s32.npz: OK
out/fields/N64_case58_transolver3d_w48_s32_native32_interpolate.npz: OK
out/fields/N64_case58_unet3d_w16.npz: OK
out/fields/N64_case58_unet3d_w16_native32_interpolate.npz: OK
out/fields/N64_case59_cg_identity_plain_rtol1e-02_rep0.npz: OK
out/fields/N64_case59_cg_identity_plain_rtol1e-02_rep1.npz: OK
out/fields/N64_case59_cg_identity_plain_rtol1e-02_rep2.npz: OK
out/fields/N64_case59_cg_identity_plain_rtol1e-04_rep0.npz: OK
out/fields/N64_case59_cg_identity_plain_rtol1e-04_rep1.npz: OK
out/fields/N64_case59_cg_identity_plain_rtol1e-04_rep2.npz: OK
out/fields/N64_case59_cg_identity_plain_rtol1e-06_rep0.npz: OK
out/fields/N64_case59_cg_identity_plain_rtol1e-06_rep1.npz: OK
out/fields/N64_case59_cg_identity_plain_rtol1e-06_rep2.npz: OK
out/fields/N64_case59_cg_identity_rtol1e-02_rep0.npz: OK
out/fields/N64_case59_cg_identity_rtol1e-02_rep1.npz: OK
out/fields/N64_case59_cg_identity_rtol1e-02_rep2.npz: OK
out/fields/N64_case59_cg_identity_rtol1e-04_rep0.npz: OK
out/fields/N64_case59_cg_identity_rtol1e-04_rep1.npz: OK
out/fields/N64_case59_cg_identity_rtol1e-04_rep2.npz: OK
out/fields/N64_case59_cg_identity_rtol1e-06_rep0.npz: OK
out/fields/N64_case59_cg_identity_rtol1e-06_rep1.npz: OK
out/fields/N64_case59_cg_identity_rtol1e-06_rep2.npz: OK
out/fields/N64_case59_deeponet3d_r128_w16_podinit.npz: OK
out/fields/N64_case59_deeponet3d_r128_w16_podinit_native32_continuous_trunk.npz: OK
out/fields/N64_case59_deeponet3d_r128_w16_podinit_native32_interpolate.npz: OK
out/fields/N64_case59_dst_exact.npz: OK
out/fields/N64_case59_fno3d_w24_m8.npz: OK
out/fields/N64_case59_fno3d_w24_m8_native32_interpolate.npz: OK
out/fields/N64_case59_fno3d_w24_m8_physical_padding17.npz: OK
out/fields/N64_case59_linear_bank_galerkin.npz: OK
out/fields/N64_case59_linear_bank_weak_qR.npz: OK
out/fields/N64_case59_nmrom_K16_q0_dense.npz: OK
out/fields/N64_case59_nmrom_K16_q32_dense.npz: OK
out/fields/N64_case59_nmrom_K16_q96_dense.npz: OK
out/fields/N64_case59_pod112_galerkin.npz: OK
out/fields/N64_case59_pod112_native32_interpolated_basis_galerkin.npz: OK
out/fields/N64_case59_pod128_galerkin.npz: OK
out/fields/N64_case59_pod128_native32_interpolated_basis_galerkin.npz: OK
out/fields/N64_case59_pod16_galerkin.npz: OK
out/fields/N64_case59_pod16_native32_interpolated_basis_galerkin.npz: OK
out/fields/N64_case59_pod48_galerkin.npz: OK
out/fields/N64_case59_pod48_native32_interpolated_basis_galerkin.npz: OK
out/fields/N64_case59_reference.npz: OK
out/fields/N64_case59_transolver3d_w48_s32.npz: OK
out/fields/N64_case59_transolver3d_w48_s32_native32_interpolate.npz: OK
out/fields/N64_case59_unet3d_w16.npz: OK
out/fields/N64_case59_unet3d_w16_native32_interpolate.npz: OK
out/fields/N64_case5_cg_identity_plain_rtol1e-02_rep0.npz: OK
out/fields/N64_case5_cg_identity_plain_rtol1e-02_rep1.npz: OK
out/fields/N64_case5_cg_identity_plain_rtol1e-02_rep2.npz: OK
out/fields/N64_case5_cg_identity_plain_rtol1e-04_rep0.npz: OK
out/fields/N64_case5_cg_identity_plain_rtol1e-04_rep1.npz: OK
out/fields/N64_case5_cg_identity_plain_rtol1e-04_rep2.npz: OK
out/fields/N64_case5_cg_identity_plain_rtol1e-06_rep0.npz: OK
out/fields/N64_case5_cg_identity_plain_rtol1e-06_rep1.npz: OK
out/fields/N64_case5_cg_identity_plain_rtol1e-06_rep2.npz: OK
out/fields/N64_case5_cg_identity_rtol1e-02_rep0.npz: OK
out/fields/N64_case5_cg_identity_rtol1e-02_rep1.npz: OK
out/fields/N64_case5_cg_identity_rtol1e-02_rep2.npz: OK
out/fields/N64_case5_cg_identity_rtol1e-04_rep0.npz: OK
out/fields/N64_case5_cg_identity_rtol1e-04_rep1.npz: OK
out/fields/N64_case5_cg_identity_rtol1e-04_rep2.npz: OK
out/fields/N64_case5_cg_identity_rtol1e-06_rep0.npz: OK
out/fields/N64_case5_cg_identity_rtol1e-06_rep1.npz: OK
out/fields/N64_case5_cg_identity_rtol1e-06_rep2.npz: OK
out/fields/N64_case5_deeponet3d_r128_w16_podinit.npz: OK
out/fields/N64_case5_deeponet3d_r128_w16_podinit_native32_continuous_trunk.npz: OK
out/fields/N64_case5_deeponet3d_r128_w16_podinit_native32_interpolate.npz: OK
out/fields/N64_case5_dst_exact.npz: OK
out/fields/N64_case5_fno3d_w24_m8.npz: OK
out/fields/N64_case5_fno3d_w24_m8_native32_interpolate.npz: OK
out/fields/N64_case5_fno3d_w24_m8_physical_padding17.npz: OK
out/fields/N64_case5_linear_bank_galerkin.npz: OK
out/fields/N64_case5_linear_bank_weak_qR.npz: OK
out/fields/N64_case5_nmrom_K16_q0_dense.npz: OK
out/fields/N64_case5_nmrom_K16_q32_dense.npz: OK
out/fields/N64_case5_nmrom_K16_q96_dense.npz: OK
out/fields/N64_case5_pod112_galerkin.npz: OK
out/fields/N64_case5_pod112_native32_interpolated_basis_galerkin.npz: OK
out/fields/N64_case5_pod128_galerkin.npz: OK
out/fields/N64_case5_pod128_native32_interpolated_basis_galerkin.npz: OK
out/fields/N64_case5_pod16_galerkin.npz: OK
out/fields/N64_case5_pod16_native32_interpolated_basis_galerkin.npz: OK
out/fields/N64_case5_pod48_galerkin.npz: OK
out/fields/N64_case5_pod48_native32_interpolated_basis_galerkin.npz: OK
out/fields/N64_case5_reference.npz: OK
out/fields/N64_case5_transolver3d_w48_s32.npz: OK
out/fields/N64_case5_transolver3d_w48_s32_native32_interpolate.npz: OK
out/fields/N64_case5_unet3d_w16.npz: OK
out/fields/N64_case5_unet3d_w16_native32_interpolate.npz: OK
out/fields/N64_case60_cg_identity_plain_rtol1e-02_rep0.npz: OK
out/fields/N64_case60_cg_identity_plain_rtol1e-02_rep1.npz: OK
out/fields/N64_case60_cg_identity_plain_rtol1e-02_rep2.npz: OK
out/fields/N64_case60_cg_identity_plain_rtol1e-04_rep0.npz: OK
out/fields/N64_case60_cg_identity_plain_rtol1e-04_rep1.npz: OK
out/fields/N64_case60_cg_identity_plain_rtol1e-04_rep2.npz: OK
out/fields/N64_case60_cg_identity_plain_rtol1e-06_rep0.npz: OK
out/fields/N64_case60_cg_identity_plain_rtol1e-06_rep1.npz: OK
out/fields/N64_case60_cg_identity_plain_rtol1e-06_rep2.npz: OK
out/fields/N64_case60_cg_identity_rtol1e-02_rep0.npz: OK
out/fields/N64_case60_cg_identity_rtol1e-02_rep1.npz: OK
out/fields/N64_case60_cg_identity_rtol1e-02_rep2.npz: OK
out/fields/N64_case60_cg_identity_rtol1e-04_rep0.npz: OK
out/fields/N64_case60_cg_identity_rtol1e-04_rep1.npz: OK
out/fields/N64_case60_cg_identity_rtol1e-04_rep2.npz: OK
out/fields/N64_case60_cg_identity_rtol1e-06_rep0.npz: OK
out/fields/N64_case60_cg_identity_rtol1e-06_rep1.npz: OK
out/fields/N64_case60_cg_identity_rtol1e-06_rep2.npz: OK
out/fields/N64_case60_deeponet3d_r128_w16_podinit.npz: OK
out/fields/N64_case60_deeponet3d_r128_w16_podinit_native32_continuous_trunk.npz: OK
out/fields/N64_case60_deeponet3d_r128_w16_podinit_native32_interpolate.npz: OK
out/fields/N64_case60_dst_exact.npz: OK
out/fields/N64_case60_fno3d_w24_m8.npz: OK
out/fields/N64_case60_fno3d_w24_m8_native32_interpolate.npz: OK
out/fields/N64_case60_fno3d_w24_m8_physical_padding17.npz: OK
out/fields/N64_case60_linear_bank_galerkin.npz: OK
out/fields/N64_case60_linear_bank_weak_qR.npz: OK
out/fields/N64_case60_nmrom_K16_q0_dense.npz: OK
out/fields/N64_case60_nmrom_K16_q32_dense.npz: OK
out/fields/N64_case60_nmrom_K16_q96_dense.npz: OK
out/fields/N64_case60_pod112_galerkin.npz: OK
out/fields/N64_case60_pod112_native32_interpolated_basis_galerkin.npz: OK
out/fields/N64_case60_pod128_galerkin.npz: OK
out/fields/N64_case60_pod128_native32_interpolated_basis_galerkin.npz: OK
out/fields/N64_case60_pod16_galerkin.npz: OK
out/fields/N64_case60_pod16_native32_interpolated_basis_galerkin.npz: OK
out/fields/N64_case60_pod48_galerkin.npz: OK
out/fields/N64_case60_pod48_native32_interpolated_basis_galerkin.npz: OK
out/fields/N64_case60_reference.npz: OK
out/fields/N64_case60_transolver3d_w48_s32.npz: OK
out/fields/N64_case60_transolver3d_w48_s32_native32_interpolate.npz: OK
out/fields/N64_case60_unet3d_w16.npz: OK
out/fields/N64_case60_unet3d_w16_native32_interpolate.npz: OK
out/fields/N64_case61_cg_identity_plain_rtol1e-02_rep0.npz: OK
out/fields/N64_case61_cg_identity_plain_rtol1e-02_rep1.npz: OK
out/fields/N64_case61_cg_identity_plain_rtol1e-02_rep2.npz: OK
out/fields/N64_case61_cg_identity_plain_rtol1e-04_rep0.npz: OK
out/fields/N64_case61_cg_identity_plain_rtol1e-04_rep1.npz: OK
out/fields/N64_case61_cg_identity_plain_rtol1e-04_rep2.npz: OK
out/fields/N64_case61_cg_identity_plain_rtol1e-06_rep0.npz: OK
out/fields/N64_case61_cg_identity_plain_rtol1e-06_rep1.npz: OK
out/fields/N64_case61_cg_identity_plain_rtol1e-06_rep2.npz: OK
out/fields/N64_case61_cg_identity_rtol1e-02_rep0.npz: OK
out/fields/N64_case61_cg_identity_rtol1e-02_rep1.npz: OK
out/fields/N64_case61_cg_identity_rtol1e-02_rep2.npz: OK
out/fields/N64_case61_cg_identity_rtol1e-04_rep0.npz: OK
out/fields/N64_case61_cg_identity_rtol1e-04_rep1.npz: OK
out/fields/N64_case61_cg_identity_rtol1e-04_rep2.npz: OK
out/fields/N64_case61_cg_identity_rtol1e-06_rep0.npz: OK
out/fields/N64_case61_cg_identity_rtol1e-06_rep1.npz: OK
out/fields/N64_case61_cg_identity_rtol1e-06_rep2.npz: OK
out/fields/N64_case61_deeponet3d_r128_w16_podinit.npz: OK
out/fields/N64_case61_deeponet3d_r128_w16_podinit_native32_continuous_trunk.npz: OK
out/fields/N64_case61_deeponet3d_r128_w16_podinit_native32_interpolate.npz: OK
out/fields/N64_case61_dst_exact.npz: OK
out/fields/N64_case61_fno3d_w24_m8.npz: OK
out/fields/N64_case61_fno3d_w24_m8_native32_interpolate.npz: OK
out/fields/N64_case61_fno3d_w24_m8_physical_padding17.npz: OK
out/fields/N64_case61_linear_bank_galerkin.npz: OK
out/fields/N64_case61_linear_bank_weak_qR.npz: OK
out/fields/N64_case61_nmrom_K16_q0_dense.npz: OK
out/fields/N64_case61_nmrom_K16_q32_dense.npz: OK
out/fields/N64_case61_nmrom_K16_q96_dense.npz: OK
out/fields/N64_case61_pod112_galerkin.npz: OK
out/fields/N64_case61_pod112_native32_interpolated_basis_galerkin.npz: OK
out/fields/N64_case61_pod128_galerkin.npz: OK
out/fields/N64_case61_pod128_native32_interpolated_basis_galerkin.npz: OK
out/fields/N64_case61_pod16_galerkin.npz: OK
out/fields/N64_case61_pod16_native32_interpolated_basis_galerkin.npz: OK
out/fields/N64_case61_pod48_galerkin.npz: OK
out/fields/N64_case61_pod48_native32_interpolated_basis_galerkin.npz: OK
out/fields/N64_case61_reference.npz: OK
out/fields/N64_case61_transolver3d_w48_s32.npz: OK
out/fields/N64_case61_transolver3d_w48_s32_native32_interpolate.npz: OK
out/fields/N64_case61_unet3d_w16.npz: OK
out/fields/N64_case61_unet3d_w16_native32_interpolate.npz: OK
out/fields/N64_case62_cg_identity_plain_rtol1e-02_rep0.npz: OK
out/fields/N64_case62_cg_identity_plain_rtol1e-02_rep1.npz: OK
out/fields/N64_case62_cg_identity_plain_rtol1e-02_rep2.npz: OK
out/fields/N64_case62_cg_identity_plain_rtol1e-04_rep0.npz: OK
out/fields/N64_case62_cg_identity_plain_rtol1e-04_rep1.npz: OK
out/fields/N64_case62_cg_identity_plain_rtol1e-04_rep2.npz: OK
out/fields/N64_case62_cg_identity_plain_rtol1e-06_rep0.npz: OK
out/fields/N64_case62_cg_identity_plain_rtol1e-06_rep1.npz: OK
out/fields/N64_case62_cg_identity_plain_rtol1e-06_rep2.npz: OK
out/fields/N64_case62_cg_identity_rtol1e-02_rep0.npz: OK
out/fields/N64_case62_cg_identity_rtol1e-02_rep1.npz: OK
out/fields/N64_case62_cg_identity_rtol1e-02_rep2.npz: OK
out/fields/N64_case62_cg_identity_rtol1e-04_rep0.npz: OK
out/fields/N64_case62_cg_identity_rtol1e-04_rep1.npz: OK
out/fields/N64_case62_cg_identity_rtol1e-04_rep2.npz: OK
out/fields/N64_case62_cg_identity_rtol1e-06_rep0.npz: OK
out/fields/N64_case62_cg_identity_rtol1e-06_rep1.npz: OK
out/fields/N64_case62_cg_identity_rtol1e-06_rep2.npz: OK
out/fields/N64_case62_deeponet3d_r128_w16_podinit.npz: OK
out/fields/N64_case62_deeponet3d_r128_w16_podinit_native32_continuous_trunk.npz: OK
out/fields/N64_case62_deeponet3d_r128_w16_podinit_native32_interpolate.npz: OK
out/fields/N64_case62_dst_exact.npz: OK
out/fields/N64_case62_fno3d_w24_m8.npz: OK
out/fields/N64_case62_fno3d_w24_m8_native32_interpolate.npz: OK
out/fields/N64_case62_fno3d_w24_m8_physical_padding17.npz: OK
out/fields/N64_case62_linear_bank_galerkin.npz: OK
out/fields/N64_case62_linear_bank_weak_qR.npz: OK
out/fields/N64_case62_nmrom_K16_q0_dense.npz: OK
out/fields/N64_case62_nmrom_K16_q32_dense.npz: OK
out/fields/N64_case62_nmrom_K16_q96_dense.npz: OK
out/fields/N64_case62_pod112_galerkin.npz: OK
out/fields/N64_case62_pod112_native32_interpolated_basis_galerkin.npz: OK
out/fields/N64_case62_pod128_galerkin.npz: OK
out/fields/N64_case62_pod128_native32_interpolated_basis_galerkin.npz: OK
out/fields/N64_case62_pod16_galerkin.npz: OK
out/fields/N64_case62_pod16_native32_interpolated_basis_galerkin.npz: OK
out/fields/N64_case62_pod48_galerkin.npz: OK
out/fields/N64_case62_pod48_native32_interpolated_basis_galerkin.npz: OK
out/fields/N64_case62_reference.npz: OK
out/fields/N64_case62_transolver3d_w48_s32.npz: OK
out/fields/N64_case62_transolver3d_w48_s32_native32_interpolate.npz: OK
out/fields/N64_case62_unet3d_w16.npz: OK
out/fields/N64_case62_unet3d_w16_native32_interpolate.npz: OK
out/fields/N64_case63_cg_identity_plain_rtol1e-02_rep0.npz: OK
out/fields/N64_case63_cg_identity_plain_rtol1e-02_rep1.npz: OK
out/fields/N64_case63_cg_identity_plain_rtol1e-02_rep2.npz: OK
out/fields/N64_case63_cg_identity_plain_rtol1e-04_rep0.npz: OK
out/fields/N64_case63_cg_identity_plain_rtol1e-04_rep1.npz: OK
out/fields/N64_case63_cg_identity_plain_rtol1e-04_rep2.npz: OK
out/fields/N64_case63_cg_identity_plain_rtol1e-06_rep0.npz: OK
out/fields/N64_case63_cg_identity_plain_rtol1e-06_rep1.npz: OK
out/fields/N64_case63_cg_identity_plain_rtol1e-06_rep2.npz: OK
out/fields/N64_case63_cg_identity_rtol1e-02_rep0.npz: OK
out/fields/N64_case63_cg_identity_rtol1e-02_rep1.npz: OK
out/fields/N64_case63_cg_identity_rtol1e-02_rep2.npz: OK
out/fields/N64_case63_cg_identity_rtol1e-04_rep0.npz: OK
out/fields/N64_case63_cg_identity_rtol1e-04_rep1.npz: OK
out/fields/N64_case63_cg_identity_rtol1e-04_rep2.npz: OK
out/fields/N64_case63_cg_identity_rtol1e-06_rep0.npz: OK
out/fields/N64_case63_cg_identity_rtol1e-06_rep1.npz: OK
out/fields/N64_case63_cg_identity_rtol1e-06_rep2.npz: OK
out/fields/N64_case63_deeponet3d_r128_w16_podinit.npz: OK
out/fields/N64_case63_deeponet3d_r128_w16_podinit_native32_continuous_trunk.npz: OK
out/fields/N64_case63_deeponet3d_r128_w16_podinit_native32_interpolate.npz: OK
out/fields/N64_case63_dst_exact.npz: OK
out/fields/N64_case63_fno3d_w24_m8.npz: OK
out/fields/N64_case63_fno3d_w24_m8_native32_interpolate.npz: OK
out/fields/N64_case63_fno3d_w24_m8_physical_padding17.npz: OK
out/fields/N64_case63_linear_bank_galerkin.npz: OK
out/fields/N64_case63_linear_bank_weak_qR.npz: OK
out/fields/N64_case63_nmrom_K16_q0_dense.npz: OK
out/fields/N64_case63_nmrom_K16_q32_dense.npz: OK
out/fields/N64_case63_nmrom_K16_q96_dense.npz: OK
out/fields/N64_case63_pod112_galerkin.npz: OK
out/fields/N64_case63_pod112_native32_interpolated_basis_galerkin.npz: OK
out/fields/N64_case63_pod128_galerkin.npz: OK
out/fields/N64_case63_pod128_native32_interpolated_basis_galerkin.npz: OK
out/fields/N64_case63_pod16_galerkin.npz: OK
out/fields/N64_case63_pod16_native32_interpolated_basis_galerkin.npz: OK
out/fields/N64_case63_pod48_galerkin.npz: OK
out/fields/N64_case63_pod48_native32_interpolated_basis_galerkin.npz: OK
out/fields/N64_case63_reference.npz: OK
out/fields/N64_case63_transolver3d_w48_s32.npz: OK
out/fields/N64_case63_transolver3d_w48_s32_native32_interpolate.npz: OK
out/fields/N64_case63_unet3d_w16.npz: OK
out/fields/N64_case63_unet3d_w16_native32_interpolate.npz: OK
out/fields/N64_case6_cg_identity_plain_rtol1e-02_rep0.npz: OK
out/fields/N64_case6_cg_identity_plain_rtol1e-02_rep1.npz: OK
out/fields/N64_case6_cg_identity_plain_rtol1e-02_rep2.npz: OK
out/fields/N64_case6_cg_identity_plain_rtol1e-04_rep0.npz: OK
out/fields/N64_case6_cg_identity_plain_rtol1e-04_rep1.npz: OK
out/fields/N64_case6_cg_identity_plain_rtol1e-04_rep2.npz: OK
out/fields/N64_case6_cg_identity_plain_rtol1e-06_rep0.npz: OK
out/fields/N64_case6_cg_identity_plain_rtol1e-06_rep1.npz: OK
out/fields/N64_case6_cg_identity_plain_rtol1e-06_rep2.npz: OK
out/fields/N64_case6_cg_identity_rtol1e-02_rep0.npz: OK
out/fields/N64_case6_cg_identity_rtol1e-02_rep1.npz: OK
out/fields/N64_case6_cg_identity_rtol1e-02_rep2.npz: OK
out/fields/N64_case6_cg_identity_rtol1e-04_rep0.npz: OK
out/fields/N64_case6_cg_identity_rtol1e-04_rep1.npz: OK
out/fields/N64_case6_cg_identity_rtol1e-04_rep2.npz: OK
out/fields/N64_case6_cg_identity_rtol1e-06_rep0.npz: OK
out/fields/N64_case6_cg_identity_rtol1e-06_rep1.npz: OK
out/fields/N64_case6_cg_identity_rtol1e-06_rep2.npz: OK
out/fields/N64_case6_deeponet3d_r128_w16_podinit.npz: OK
out/fields/N64_case6_deeponet3d_r128_w16_podinit_native32_continuous_trunk.npz: OK
out/fields/N64_case6_deeponet3d_r128_w16_podinit_native32_interpolate.npz: OK
out/fields/N64_case6_dst_exact.npz: OK
out/fields/N64_case6_fno3d_w24_m8.npz: OK
out/fields/N64_case6_fno3d_w24_m8_native32_interpolate.npz: OK
out/fields/N64_case6_fno3d_w24_m8_physical_padding17.npz: OK
out/fields/N64_case6_linear_bank_galerkin.npz: OK
out/fields/N64_case6_linear_bank_weak_qR.npz: OK
out/fields/N64_case6_nmrom_K16_q0_dense.npz: OK
out/fields/N64_case6_nmrom_K16_q32_dense.npz: OK
out/fields/N64_case6_nmrom_K16_q96_dense.npz: OK
out/fields/N64_case6_pod112_galerkin.npz: OK
out/fields/N64_case6_pod112_native32_interpolated_basis_galerkin.npz: OK
out/fields/N64_case6_pod128_galerkin.npz: OK
out/fields/N64_case6_pod128_native32_interpolated_basis_galerkin.npz: OK
out/fields/N64_case6_pod16_galerkin.npz: OK
out/fields/N64_case6_pod16_native32_interpolated_basis_galerkin.npz: OK
out/fields/N64_case6_pod48_galerkin.npz: OK
out/fields/N64_case6_pod48_native32_interpolated_basis_galerkin.npz: OK
out/fields/N64_case6_reference.npz: OK
out/fields/N64_case6_transolver3d_w48_s32.npz: OK
out/fields/N64_case6_transolver3d_w48_s32_native32_interpolate.npz: OK
out/fields/N64_case6_unet3d_w16.npz: OK
out/fields/N64_case6_unet3d_w16_native32_interpolate.npz: OK
out/fields/N64_case7_cg_identity_plain_rtol1e-02_rep0.npz: OK
out/fields/N64_case7_cg_identity_plain_rtol1e-02_rep1.npz: OK
out/fields/N64_case7_cg_identity_plain_rtol1e-02_rep2.npz: OK
out/fields/N64_case7_cg_identity_plain_rtol1e-04_rep0.npz: OK
out/fields/N64_case7_cg_identity_plain_rtol1e-04_rep1.npz: OK
out/fields/N64_case7_cg_identity_plain_rtol1e-04_rep2.npz: OK
out/fields/N64_case7_cg_identity_plain_rtol1e-06_rep0.npz: OK
out/fields/N64_case7_cg_identity_plain_rtol1e-06_rep1.npz: OK
out/fields/N64_case7_cg_identity_plain_rtol1e-06_rep2.npz: OK
out/fields/N64_case7_cg_identity_rtol1e-02_rep0.npz: OK
out/fields/N64_case7_cg_identity_rtol1e-02_rep1.npz: OK
out/fields/N64_case7_cg_identity_rtol1e-02_rep2.npz: OK
out/fields/N64_case7_cg_identity_rtol1e-04_rep0.npz: OK
out/fields/N64_case7_cg_identity_rtol1e-04_rep1.npz: OK
out/fields/N64_case7_cg_identity_rtol1e-04_rep2.npz: OK
out/fields/N64_case7_cg_identity_rtol1e-06_rep0.npz: OK
out/fields/N64_case7_cg_identity_rtol1e-06_rep1.npz: OK
out/fields/N64_case7_cg_identity_rtol1e-06_rep2.npz: OK
out/fields/N64_case7_deeponet3d_r128_w16_podinit.npz: OK
out/fields/N64_case7_deeponet3d_r128_w16_podinit_native32_continuous_trunk.npz: OK
out/fields/N64_case7_deeponet3d_r128_w16_podinit_native32_interpolate.npz: OK
out/fields/N64_case7_dst_exact.npz: OK
out/fields/N64_case7_fno3d_w24_m8.npz: OK
out/fields/N64_case7_fno3d_w24_m8_native32_interpolate.npz: OK
out/fields/N64_case7_fno3d_w24_m8_physical_padding17.npz: OK
out/fields/N64_case7_linear_bank_galerkin.npz: OK
out/fields/N64_case7_linear_bank_weak_qR.npz: OK
out/fields/N64_case7_nmrom_K16_q0_dense.npz: OK
out/fields/N64_case7_nmrom_K16_q32_dense.npz: OK
out/fields/N64_case7_nmrom_K16_q96_dense.npz: OK
out/fields/N64_case7_pod112_galerkin.npz: OK
out/fields/N64_case7_pod112_native32_interpolated_basis_galerkin.npz: OK
out/fields/N64_case7_pod128_galerkin.npz: OK
out/fields/N64_case7_pod128_native32_interpolated_basis_galerkin.npz: OK
out/fields/N64_case7_pod16_galerkin.npz: OK
out/fields/N64_case7_pod16_native32_interpolated_basis_galerkin.npz: OK
out/fields/N64_case7_pod48_galerkin.npz: OK
out/fields/N64_case7_pod48_native32_interpolated_basis_galerkin.npz: OK
out/fields/N64_case7_reference.npz: OK
out/fields/N64_case7_transolver3d_w48_s32.npz: OK
out/fields/N64_case7_transolver3d_w48_s32_native32_interpolate.npz: OK
out/fields/N64_case7_unet3d_w16.npz: OK
out/fields/N64_case7_unet3d_w16_native32_interpolate.npz: OK
out/fields/N64_case8_cg_identity_plain_rtol1e-02_rep0.npz: OK
out/fields/N64_case8_cg_identity_plain_rtol1e-02_rep1.npz: OK
out/fields/N64_case8_cg_identity_plain_rtol1e-02_rep2.npz: OK
out/fields/N64_case8_cg_identity_plain_rtol1e-04_rep0.npz: OK
out/fields/N64_case8_cg_identity_plain_rtol1e-04_rep1.npz: OK
out/fields/N64_case8_cg_identity_plain_rtol1e-04_rep2.npz: OK
out/fields/N64_case8_cg_identity_plain_rtol1e-06_rep0.npz: OK
out/fields/N64_case8_cg_identity_plain_rtol1e-06_rep1.npz: OK
out/fields/N64_case8_cg_identity_plain_rtol1e-06_rep2.npz: OK
out/fields/N64_case8_cg_identity_rtol1e-02_rep0.npz: OK
out/fields/N64_case8_cg_identity_rtol1e-02_rep1.npz: OK
out/fields/N64_case8_cg_identity_rtol1e-02_rep2.npz: OK
out/fields/N64_case8_cg_identity_rtol1e-04_rep0.npz: OK
out/fields/N64_case8_cg_identity_rtol1e-04_rep1.npz: OK
out/fields/N64_case8_cg_identity_rtol1e-04_rep2.npz: OK
out/fields/N64_case8_cg_identity_rtol1e-06_rep0.npz: OK
out/fields/N64_case8_cg_identity_rtol1e-06_rep1.npz: OK
out/fields/N64_case8_cg_identity_rtol1e-06_rep2.npz: OK
out/fields/N64_case8_deeponet3d_r128_w16_podinit.npz: OK
out/fields/N64_case8_deeponet3d_r128_w16_podinit_native32_continuous_trunk.npz: OK
out/fields/N64_case8_deeponet3d_r128_w16_podinit_native32_interpolate.npz: OK
out/fields/N64_case8_dst_exact.npz: OK
out/fields/N64_case8_fno3d_w24_m8.npz: OK
out/fields/N64_case8_fno3d_w24_m8_native32_interpolate.npz: OK
out/fields/N64_case8_fno3d_w24_m8_physical_padding17.npz: OK
out/fields/N64_case8_linear_bank_galerkin.npz: OK
out/fields/N64_case8_linear_bank_weak_qR.npz: OK
out/fields/N64_case8_nmrom_K16_q0_dense.npz: OK
out/fields/N64_case8_nmrom_K16_q32_dense.npz: OK
out/fields/N64_case8_nmrom_K16_q96_dense.npz: OK
out/fields/N64_case8_pod112_galerkin.npz: OK
out/fields/N64_case8_pod112_native32_interpolated_basis_galerkin.npz: OK
out/fields/N64_case8_pod128_galerkin.npz: OK
out/fields/N64_case8_pod128_native32_interpolated_basis_galerkin.npz: OK
out/fields/N64_case8_pod16_galerkin.npz: OK
out/fields/N64_case8_pod16_native32_interpolated_basis_galerkin.npz: OK
out/fields/N64_case8_pod48_galerkin.npz: OK
out/fields/N64_case8_pod48_native32_interpolated_basis_galerkin.npz: OK
out/fields/N64_case8_reference.npz: OK
out/fields/N64_case8_transolver3d_w48_s32.npz: OK
out/fields/N64_case8_transolver3d_w48_s32_native32_interpolate.npz: OK
out/fields/N64_case8_unet3d_w16.npz: OK
out/fields/N64_case8_unet3d_w16_native32_interpolate.npz: OK
out/fields/N64_case9_cg_identity_plain_rtol1e-02_rep0.npz: OK
out/fields/N64_case9_cg_identity_plain_rtol1e-02_rep1.npz: OK
out/fields/N64_case9_cg_identity_plain_rtol1e-02_rep2.npz: OK
out/fields/N64_case9_cg_identity_plain_rtol1e-04_rep0.npz: OK
out/fields/N64_case9_cg_identity_plain_rtol1e-04_rep1.npz: OK
out/fields/N64_case9_cg_identity_plain_rtol1e-04_rep2.npz: OK
out/fields/N64_case9_cg_identity_plain_rtol1e-06_rep0.npz: OK
out/fields/N64_case9_cg_identity_plain_rtol1e-06_rep1.npz: OK
out/fields/N64_case9_cg_identity_plain_rtol1e-06_rep2.npz: OK
out/fields/N64_case9_cg_identity_rtol1e-02_rep0.npz: OK
out/fields/N64_case9_cg_identity_rtol1e-02_rep1.npz: OK
out/fields/N64_case9_cg_identity_rtol1e-02_rep2.npz: OK
out/fields/N64_case9_cg_identity_rtol1e-04_rep0.npz: OK
out/fields/N64_case9_cg_identity_rtol1e-04_rep1.npz: OK
out/fields/N64_case9_cg_identity_rtol1e-04_rep2.npz: OK
out/fields/N64_case9_cg_identity_rtol1e-06_rep0.npz: OK
out/fields/N64_case9_cg_identity_rtol1e-06_rep1.npz: OK
out/fields/N64_case9_cg_identity_rtol1e-06_rep2.npz: OK
out/fields/N64_case9_deeponet3d_r128_w16_podinit.npz: OK
out/fields/N64_case9_deeponet3d_r128_w16_podinit_native32_continuous_trunk.npz: OK
out/fields/N64_case9_deeponet3d_r128_w16_podinit_native32_interpolate.npz: OK
out/fields/N64_case9_dst_exact.npz: OK
out/fields/N64_case9_fno3d_w24_m8.npz: OK
out/fields/N64_case9_fno3d_w24_m8_native32_interpolate.npz: OK
out/fields/N64_case9_fno3d_w24_m8_physical_padding17.npz: OK
out/fields/N64_case9_linear_bank_galerkin.npz: OK
out/fields/N64_case9_linear_bank_weak_qR.npz: OK
out/fields/N64_case9_nmrom_K16_q0_dense.npz: OK
out/fields/N64_case9_nmrom_K16_q32_dense.npz: OK
out/fields/N64_case9_nmrom_K16_q96_dense.npz: OK
out/fields/N64_case9_pod112_galerkin.npz: OK
out/fields/N64_case9_pod112_native32_interpolated_basis_galerkin.npz: OK
out/fields/N64_case9_pod128_galerkin.npz: OK
out/fields/N64_case9_pod128_native32_interpolated_basis_galerkin.npz: OK
out/fields/N64_case9_pod16_galerkin.npz: OK
out/fields/N64_case9_pod16_native32_interpolated_basis_galerkin.npz: OK
out/fields/N64_case9_pod48_galerkin.npz: OK
out/fields/N64_case9_pod48_native32_interpolated_basis_galerkin.npz: OK
out/fields/N64_case9_reference.npz: OK
out/fields/N64_case9_transolver3d_w48_s32.npz: OK
out/fields/N64_case9_transolver3d_w48_s32_native32_interpolate.npz: OK
out/fields/N64_case9_unet3d_w16.npz: OK
out/fields/N64_case9_unet3d_w16_native32_interpolate.npz: OK
out/head_K16.pkl: OK
out/offline/pod_N32.json: OK
out/offline/pod_N32.npy: OK
out/offline/pod_N64.json: OK
out/offline/pod_N64.npy: OK
out/operators/deeponet3d_r128_w16_podinit/best.pkl: OK
out/operators/deeponet3d_r128_w16_podinit/training.json: OK
out/operators/fno3d_w24_m8/best.pkl: OK
out/operators/fno3d_w24_m8/training.json: OK
out/operators/transolver3d_w48_s32/best.pkl: OK
out/operators/transolver3d_w48_s32/training.json: OK
out/operators/unet3d_w16/best.pkl: OK
out/operators/unet3d_w16/training.json: OK
out/result.json: OK
out/summary.json: OK
out/weak_setup_N32.npz: OK
out/weak_setup_N64.npz: OK
