host=pax050 job_id=4306588
NVIDIA A100 80GB PCIe, GPU-7e4a47f7-94ae-5071-1329-bd1dd16a77be, 81920 MiB, 575.57.08
10.235.106.34:/projects/paralab  4.6T  4.2T  371G  93% /cluster/tufts/paralab
jax_backend=gpu
torch_cuda True NVIDIA A100 80GB PCIe
torch_backend=cuda NVIDIA A100 80GB PCIe
{"arm": "deeponet", "epoch": 0, "steps": 64, "train": 0.32246631656171787, "val_mean_case_max": 0.41935763553827254, "val_worst": 0.5323054594301857, "lr": 0.0009999972773329262, "wall": 3.3}
{"arm": "deeponet", "epoch": 1, "steps": 128, "train": 0.07798330620699637, "val_mean_case_max": 0.27875846955479383, "val_worst": 0.36613848348338285, "lr": 0.0009999888471302289, "wall": 6.6}
{"arm": "deeponet", "epoch": 2, "steps": 192, "train": 0.036187911024667674, "val_mean_case_max": 0.17956378642849335, "val_worst": 0.2926170231672159, "lr": 0.0009999748370005184, "wall": 9.8}
{"arm": "deeponet", "epoch": 3, "steps": 256, "train": 0.021790410117801508, "val_mean_case_max": 0.17984895396569345, "val_worst": 0.2973789409444077, "lr": 0.0009999551809444544, "wall": 13.0}
{"arm": "deeponet", "epoch": 4, "steps": 320, "train": 0.016483526207925387, "val_mean_case_max": 0.14385319286254106, "val_worst": 0.27411442069531705, "lr": 0.000999930115193093, "wall": 16.2}
{"arm": "deeponet", "epoch": 5, "steps": 384, "train": 0.013642179773362519, "val_mean_case_max": 0.1363649287406477, "val_worst": 0.21163904229515268, "lr": 0.0009998990500947825, "wall": 19.4}
{"arm": "deeponet", "epoch": 6, "steps": 448, "train": 0.008207250928609112, "val_mean_case_max": 0.12882110768135324, "val_worst": 0.2049756963946969, "lr": 0.0009998621320082958, "wall": 22.7}
{"arm": "deeponet", "epoch": 7, "steps": 512, "train": 0.01662556076572836, "val_mean_case_max": 0.14671810300681665, "val_worst": 0.2266245398676442, "lr": 0.0009998196306081628, "wall": 25.9}
{"arm": "deeponet", "epoch": 8, "steps": 576, "train": 0.014563379781892875, "val_mean_case_max": 0.12616025438505993, "val_worst": 0.21562802444215787, "lr": 0.0009997704657972227, "wall": 29.2}
{"arm": "deeponet", "epoch": 9, "steps": 640, "train": 0.006177832603322725, "val_mean_case_max": 0.09186641576678359, "val_worst": 0.16834838408257366, "lr": 0.0009997166141827688, "wall": 32.5}
{"arm": "deeponet", "epoch": 10, "steps": 704, "train": 0.004880940348028092, "val_mean_case_max": 0.10242991468853894, "val_worst": 0.17197001437858658, "lr": 0.0009996566969521043, "wall": 35.7}
{"arm": "deeponet", "epoch": 11, "steps": 768, "train": 0.003955343740140532, "val_mean_case_max": 0.08032762429754747, "val_worst": 0.14761688632567652, "lr": 0.0009995900894598521, "wall": 39.0}
{"arm": "deeponet", "epoch": 12, "steps": 832, "train": 0.0027970630768810413, "val_mean_case_max": 0.07370332100875393, "val_worst": 0.13807583277105195, "lr": 0.000999518719243596, "wall": 42.3}
{"arm": "deeponet", "epoch": 13, "steps": 896, "train": 0.002823629372034929, "val_mean_case_max": 0.07525566076381783, "val_worst": 0.13105246903405424, "lr": 0.0009994414290578815, "wall": 45.5}
{"arm": "deeponet", "epoch": 14, "steps": 960, "train": 0.004878126160702602, "val_mean_case_max": 0.12493797917651485, "val_worst": 0.23073594079205828, "lr": 0.0009993591847399876, "wall": 48.7}
{"arm": "deeponet", "epoch": 15, "steps": 1024, "train": 0.005376917975546404, "val_mean_case_max": 0.0688263993996571, "val_worst": 0.13755224239456082, "lr": 0.0009992716911358705, "wall": 52.0}
{"arm": "deeponet", "epoch": 16, "steps": 1088, "train": 0.002430847684271848, "val_mean_case_max": 0.0618418880134358, "val_worst": 0.1215792822777543, "lr": 0.0009991774474138724, "wall": 55.2}
{"arm": "deeponet", "epoch": 17, "steps": 1152, "train": 0.006553255411992367, "val_mean_case_max": 0.12908482385336206, "val_worst": 0.23504135426694558, "lr": 0.0009990773241111462, "wall": 58.4}
{"arm": "deeponet", "epoch": 18, "steps": 1216, "train": 0.007623050739399026, "val_mean_case_max": 0.07351029037379193, "val_worst": 0.14922088080238538, "lr": 0.0009989720057972155, "wall": 61.7}
{"arm": "deeponet", "epoch": 19, "steps": 1280, "train": 0.004227355951698189, "val_mean_case_max": 0.06643589045533599, "val_worst": 0.14646055411816875, "lr": 0.000998861194491201, "wall": 64.9}
{"arm": "deeponet", "epoch": 20, "steps": 1344, "train": 0.0018453619889879612, "val_mean_case_max": 0.05018862812629987, "val_worst": 0.10356773443139683, "lr": 0.0009987448248259749, "wall": 68.2}
{"arm": "deeponet", "epoch": 21, "steps": 1408, "train": 0.0016490469355650607, "val_mean_case_max": 0.05227855481682264, "val_worst": 0.10734896837200542, "lr": 0.0009986216760742674, "wall": 71.4}
{"arm": "deeponet", "epoch": 22, "steps": 1472, "train": 0.0016035211284954644, "val_mean_case_max": 0.048821879782367406, "val_worst": 0.10092637640229313, "lr": 0.0009984936581476963, "wall": 74.7}
{"arm": "deeponet", "epoch": 23, "steps": 1536, "train": 0.0012346018056708305, "val_mean_case_max": 0.04514730053938114, "val_worst": 0.09587652687302317, "lr": 0.0009983582078574112, "wall": 77.9}
{"arm": "deeponet", "epoch": 24, "steps": 1600, "train": 0.0011202857462949177, "val_mean_case_max": 0.04446042856987283, "val_worst": 0.09762923408191991, "lr": 0.0009982179494536616, "wall": 81.2}
{"arm": "deeponet", "epoch": 25, "steps": 1664, "train": 0.0014797950035122295, "val_mean_case_max": 0.05789598298522417, "val_worst": 0.10853259597175102, "lr": 0.0009980715962945082, "wall": 84.4}
{"arm": "deeponet", "epoch": 26, "steps": 1728, "train": 0.0030881884174997526, "val_mean_case_max": 0.08217582866691046, "val_worst": 0.12870571422844193, "lr": 0.0009979207134050508, "wall": 87.7}
{"arm": "deeponet", "epoch": 27, "steps": 1792, "train": 0.004495501906660607, "val_mean_case_max": 0.07026038907296131, "val_worst": 0.1324420886212779, "lr": 0.0009977643875859294, "wall": 90.9}
{"arm": "deeponet", "epoch": 28, "steps": 1856, "train": 0.006213557878165809, "val_mean_case_max": 0.10783804252685449, "val_worst": 0.15394238768035212, "lr": 0.000997602386836448, "wall": 94.2}
{"arm": "deeponet", "epoch": 29, "steps": 1920, "train": 0.005790707774303464, "val_mean_case_max": 0.06867156187136209, "val_worst": 0.15390036078057745, "lr": 0.0009974340825136855, "wall": 97.4}
{"arm": "deeponet", "epoch": 30, "steps": 1984, "train": 0.0016703643734227115, "val_mean_case_max": 0.04173338798581337, "val_worst": 0.08216198802049247, "lr": 0.0009972603968074081, "wall": 100.7}
{"arm": "deeponet", "epoch": 31, "steps": 2048, "train": 0.001182837908664793, "val_mean_case_max": 0.0442823477308811, "val_worst": 0.07987183678444151, "lr": 0.000997079628693957, "wall": 103.9}
{"arm": "deeponet", "epoch": 32, "steps": 2112, "train": 0.0016416890485257795, "val_mean_case_max": 0.05648625567631184, "val_worst": 0.09499887400802638, "lr": 0.000996894015574516, "wall": 107.2}
{"arm": "deeponet", "epoch": 33, "steps": 2176, "train": 0.0013903235793202016, "val_mean_case_max": 0.041173689084620664, "val_worst": 0.08407528906557551, "lr": 0.0009967028640308563, "wall": 110.4}
{"arm": "deeponet", "epoch": 34, "steps": 2240, "train": 0.0011521511629087045, "val_mean_case_max": 0.040777988825852804, "val_worst": 0.07424304339193714, "lr": 0.0009965046597826869, "wall": 113.7}
{"arm": "deeponet", "epoch": 35, "steps": 2304, "train": 0.0015970838488396756, "val_mean_case_max": 0.050460299626462216, "val_worst": 0.07977760327175265, "lr": 0.0009963006315843316, "wall": 116.9}
{"arm": "deeponet", "epoch": 36, "steps": 2368, "train": 0.001117644973602002, "val_mean_case_max": 0.05304857095427646, "val_worst": 0.13580406889449295, "lr": 0.000996092124317293, "wall": 120.2}
{"arm": "deeponet", "epoch": 37, "steps": 2432, "train": 0.003001692005385424, "val_mean_case_max": 0.049663696072036786, "val_worst": 0.09860990137587584, "lr": 0.0009958780336026887, "wall": 123.4}
{"arm": "deeponet", "epoch": 38, "steps": 2496, "train": 0.0018192397095685923, "val_mean_case_max": 0.043670710825713964, "val_worst": 0.10158435118406065, "lr": 0.0009956587229414194, "wall": 126.7}
{"arm": "deeponet", "epoch": 39, "steps": 2560, "train": 0.00341828174491039, "val_mean_case_max": 0.0643505566507642, "val_worst": 0.09633577880414651, "lr": 0.0009954340778511894, "wall": 129.9}
{"arm": "deeponet", "epoch": 40, "steps": 2624, "train": 0.0027050116106037587, "val_mean_case_max": 0.04803343256568721, "val_worst": 0.0878578862280903, "lr": 0.0009952027601053302, "wall": 133.2}
{"arm": "deeponet", "epoch": 41, "steps": 2688, "train": 0.002756573244000588, "val_mean_case_max": 0.051756565869012276, "val_worst": 0.09175151058660572, "lr": 0.0009949665608555156, "wall": 136.4}
{"arm": "deeponet", "epoch": 42, "steps": 2752, "train": 0.001784032686717063, "val_mean_case_max": 0.049270411653737994, "val_worst": 0.07318438412435042, "lr": 0.0009947238141090457, "wall": 139.7}
{"arm": "deeponet", "epoch": 43, "steps": 2816, "train": 0.0012078509542281196, "val_mean_case_max": 0.03499125723248264, "val_worst": 0.08254108832808443, "lr": 0.0009944756492030644, "wall": 143.0}
{"arm": "deeponet", "epoch": 44, "steps": 2880, "train": 0.0008633577221857574, "val_mean_case_max": 0.03929566934422931, "val_worst": 0.07598298152641672, "lr": 0.0009942196232836141, "wall": 146.2}
{"arm": "deeponet", "epoch": 45, "steps": 2944, "train": 0.0005629146375321381, "val_mean_case_max": 0.03385077071894628, "val_worst": 0.067129626049569, "lr": 0.0009939602522220188, "wall": 149.5}
{"arm": "deeponet", "epoch": 46, "steps": 3008, "train": 0.00061443506217213, "val_mean_case_max": 0.032817170840041696, "val_worst": 0.06602953438984081, "lr": 0.0009936919228749716, "wall": 152.8}
{"arm": "deeponet", "epoch": 47, "steps": 3072, "train": 0.0005676179050112479, "val_mean_case_max": 0.0364985000656875, "val_worst": 0.05289461149269379, "lr": 0.0009934183443133938, "wall": 156.0}
{"arm": "deeponet", "epoch": 48, "steps": 3136, "train": 0.0011297809015490393, "val_mean_case_max": 0.03654924991712441, "val_worst": 0.07837180173251616, "lr": 0.0009931418692193253, "wall": 159.3}
{"arm": "deeponet", "epoch": 49, "steps": 3200, "train": 0.0008561322769650283, "val_mean_case_max": 0.04003960119095281, "val_worst": 0.09810688951037348, "lr": 0.000992859537555191, "wall": 162.5}
{"arm": "deeponet", "epoch": 50, "steps": 3264, "train": 0.001068015689777327, "val_mean_case_max": 0.044319677296998525, "val_worst": 0.06508265542504711, "lr": 0.0009925709151978144, "wall": 165.8}
{"arm": "deeponet", "epoch": 51, "steps": 3328, "train": 0.0016479837603057457, "val_mean_case_max": 0.09454742884000553, "val_worst": 0.15654007059266384, "lr": 0.0009922772873086332, "wall": 169.0}
{"arm": "deeponet", "epoch": 52, "steps": 3392, "train": 0.004041488408348158, "val_mean_case_max": 0.08265553885635374, "val_worst": 0.1069866372589979, "lr": 0.0009919782503766265, "wall": 172.3}
{"arm": "deeponet", "epoch": 53, "steps": 3456, "train": 11.700889748036417, "val_mean_case_max": 0.7681766300489336, "val_worst": 1.2559311069981673, "lr": 0.0009916735734242818, "wall": 175.5}
{"arm": "deeponet", "epoch": 54, "steps": 3520, "train": 0.38001425382891324, "val_mean_case_max": 0.3158622027068088, "val_worst": 0.49612745514715795, "lr": 0.0009913634185591627, "wall": 178.8}
{"arm": "deeponet", "epoch": 55, "steps": 3584, "train": 0.04125220453955279, "val_mean_case_max": 0.17416583354067708, "val_worst": 0.2799588585363436, "lr": 0.0009910477674572675, "wall": 182.0}
{"arm": "deeponet", "epoch": 56, "steps": 3648, "train": 0.013667972069999479, "val_mean_case_max": 0.12580158304378938, "val_worst": 0.20546874394016995, "lr": 0.0009907260776368346, "wall": 185.3}
{"arm": "deeponet", "epoch": 57, "steps": 3712, "train": 0.008546886925568195, "val_mean_case_max": 0.107673072559548, "val_worst": 0.17014940969431308, "lr": 0.0009903995721495089, "wall": 188.5}
{"arm": "deeponet", "epoch": 58, "steps": 3776, "train": 0.006725156853074028, "val_mean_case_max": 0.09405639167851787, "val_worst": 0.15671850479760283, "lr": 0.0009900676206242459, "wall": 191.7}
{"arm": "deeponet", "epoch": 59, "steps": 3840, "train": 0.0053514606217359975, "val_mean_case_max": 0.09452845330148481, "val_worst": 0.13534238777009364, "lr": 0.0009897294024783358, "wall": 195.0}
{"arm": "deeponet", "epoch": 60, "steps": 3904, "train": 0.0057266774005991315, "val_mean_case_max": 0.09458451586050924, "val_worst": 0.166491331286332, "lr": 0.000989385720856826, "wall": 198.2}
{"arm": "deeponet", "epoch": 61, "steps": 3968, "train": 0.005282169823655276, "val_mean_case_max": 0.08186894371582033, "val_worst": 0.15528854781095303, "lr": 0.000989037238653683, "wall": 201.5}
{"arm": "deeponet", "epoch": 62, "steps": 4032, "train": 0.0034703815784922205, "val_mean_case_max": 0.0756299855594734, "val_worst": 0.13329337374600597, "lr": 0.0009886816928033877, "wall": 204.7}
{"arm": "deeponet", "epoch": 63, "steps": 4096, "train": 0.0030792041619170317, "val_mean_case_max": 0.07285751505000898, "val_worst": 0.12770073588539546, "lr": 0.0009883209356323433, "wall": 208.0}
{"arm": "deeponet", "epoch": 64, "steps": 4160, "train": 0.002642533878710095, "val_mean_case_max": 0.07142334347895783, "val_worst": 0.12028733988437047, "lr": 0.0009879545486901468, "wall": 211.2}
{"arm": "deeponet", "epoch": 65, "steps": 4224, "train": 0.0025896473286959234, "val_mean_case_max": 0.06627859100140898, "val_worst": 0.12222483493189587, "lr": 0.000987582627888397, "wall": 214.5}
{"arm": "deeponet", "epoch": 66, "steps": 4288, "train": 0.0023598250419290946, "val_mean_case_max": 0.06866394839366693, "val_worst": 0.11357056118121084, "lr": 0.0009872043616231559, "wall": 217.7}
{"arm": "deeponet", "epoch": 67, "steps": 4352, "train": 0.003055832002660483, "val_mean_case_max": 0.07224699429654086, "val_worst": 0.12307474110149356, "lr": 0.0009868207262640652, "wall": 221.0}
{"arm": "deeponet", "epoch": 68, "steps": 4416, "train": 0.0025979981022649546, "val_mean_case_max": 0.06561211502790802, "val_worst": 0.12077585801517825, "lr": 0.0009864327587804254, "wall": 224.2}
{"arm": "deeponet", "epoch": 69, "steps": 4480, "train": 0.0034550256615121094, "val_mean_case_max": 0.07460064589866164, "val_worst": 0.13543956570818289, "lr": 0.0009860396505618906, "wall": 227.5}
{"arm": "deeponet", "epoch": 70, "steps": 4544, "train": 0.00375940192309992, "val_mean_case_max": 0.06472209026158898, "val_worst": 0.11971085085064151, "lr": 0.0009856397991634042, "wall": 230.7}
{"arm": "deeponet", "epoch": 71, "steps": 4608, "train": 0.0035287837669123545, "val_mean_case_max": 0.07651298157973416, "val_worst": 0.12530491828803744, "lr": 0.0009852333636375728, "wall": 234.0}
{"arm": "deeponet", "epoch": 72, "steps": 4672, "train": 0.004126713396123025, "val_mean_case_max": 0.06920568456131058, "val_worst": 0.1209422711710443, "lr": 0.0009848233928500265, "wall": 237.2}
{"arm": "deeponet", "epoch": 73, "steps": 4736, "train": 0.0020552303677829286, "val_mean_case_max": 0.05793171499842201, "val_worst": 0.11358447047039029, "lr": 0.00098440756946792, "wall": 240.4}
{"arm": "deeponet", "epoch": 74, "steps": 4800, "train": 0.0016355842691045453, "val_mean_case_max": 0.05293826692854206, "val_worst": 0.10933172073999944, "lr": 0.0009839851510952261, "wall": 243.7}
{"arm": "deeponet", "epoch": 75, "steps": 4864, "train": 0.0014796323748243918, "val_mean_case_max": 0.05426225079926242, "val_worst": 0.10664063691055338, "lr": 0.000983557474085454, "wall": 246.9}
{"arm": "deeponet", "epoch": 76, "steps": 4928, "train": 0.0015393827616418223, "val_mean_case_max": 0.05874459043311547, "val_worst": 0.10526466866529416, "lr": 0.000983123269041959, "wall": 250.2}
{"arm": "deeponet", "epoch": 77, "steps": 4992, "train": 0.002150771385391694, "val_mean_case_max": 0.05335112384227887, "val_worst": 0.10737494293055218, "lr": 0.0009826844445853082, "wall": 253.4}
{"arm": "deeponet", "epoch": 78, "steps": 5056, "train": 0.0015455700192737554, "val_mean_case_max": 0.05127560024649945, "val_worst": 0.10809439660478133, "lr": 0.0009822392559488222, "wall": 256.7}
{"arm": "deeponet", "epoch": 79, "steps": 5120, "train": 0.0014392185406044312, "val_mean_case_max": 0.04916223421336375, "val_worst": 0.09758051420219195, "lr": 0.0009817899010718572, "wall": 259.9}
{"arm": "deeponet", "epoch": 80, "steps": 5184, "train": 0.0011250571108760471, "val_mean_case_max": 0.04617041638017222, "val_worst": 0.09761648016484288, "lr": 0.0009813344442931484, "wall": 263.2}
{"arm": "deeponet", "epoch": 81, "steps": 5248, "train": 0.00122662566231873, "val_mean_case_max": 0.0459616317883436, "val_worst": 0.0923683065240474, "lr": 0.0009808747177476053, "wall": 266.4}
{"arm": "deeponet", "epoch": 82, "steps": 5312, "train": 0.001383106577932724, "val_mean_case_max": 0.06309237894433338, "val_worst": 0.10042965320397045, "lr": 0.0009804090587247037, "wall": 269.7}
{"arm": "deeponet", "epoch": 83, "steps": 5376, "train": 0.0030870496921947726, "val_mean_case_max": 0.056453569067262635, "val_worst": 0.10175225798004844, "lr": 0.000979938448255543, "wall": 272.9}
{"arm": "deeponet", "epoch": 84, "steps": 5440, "train": 0.006288600723426581, "val_mean_case_max": 0.06994443282063573, "val_worst": 0.11247167745051545, "lr": 0.000979460320850178, "wall": 276.2}
{"arm": "deeponet", "epoch": 85, "steps": 5504, "train": 0.0023839087987353094, "val_mean_case_max": 0.057023434007656554, "val_worst": 0.10387725566351413, "lr": 0.0009789770096458941, "wall": 279.4}
{"arm": "deeponet", "epoch": 86, "steps": 5568, "train": 0.0017593886971477666, "val_mean_case_max": 0.0490568163994852, "val_worst": 0.08838751216360144, "lr": 0.0009784883101326852, "wall": 282.7}
{"arm": "deeponet", "epoch": 87, "steps": 5632, "train": 0.000976259925877272, "val_mean_case_max": 0.042163099505982196, "val_worst": 0.08026463341296425, "lr": 0.000977995902809801, "wall": 285.9}
{"arm": "deeponet", "epoch": 88, "steps": 5696, "train": 0.001015358240381068, "val_mean_case_max": 0.038756134934479713, "val_worst": 0.08220884822783783, "lr": 0.0009774970577842062, "wall": 289.2}
{"arm": "deeponet", "epoch": 89, "steps": 5760, "train": 0.0007398490991539462, "val_mean_case_max": 0.03957435650304829, "val_worst": 0.08623055000028029, "lr": 0.0009769914745068062, "wall": 292.4}
{"arm": "deeponet", "epoch": 90, "steps": 5824, "train": 0.0007570328041744834, "val_mean_case_max": 0.039001187143412094, "val_worst": 0.07673762126227894, "lr": 0.0009764809366376956, "wall": 295.7}
{"arm": "deeponet", "epoch": 91, "steps": 5888, "train": 0.0011415885853412178, "val_mean_case_max": 0.042258686508159594, "val_worst": 0.08555901735849264, "lr": 0.0009759650001919589, "wall": 298.9}
{"arm": "deeponet", "epoch": 92, "steps": 5952, "train": 0.0010816236660755553, "val_mean_case_max": 0.043038116785769756, "val_worst": 0.0870708056406061, "lr": 0.0009754445596148763, "wall": 302.2}
{"arm": "deeponet", "epoch": 93, "steps": 6016, "train": 0.0008455111762548484, "val_mean_case_max": 0.036663959404859496, "val_worst": 0.0753186919158508, "lr": 0.0009749184761980933, "wall": 305.4}
{"arm": "deeponet", "epoch": 94, "steps": 6080, "train": 0.000700652214047534, "val_mean_case_max": 0.036297204277764006, "val_worst": 0.07400228830467413, "lr": 0.0009743863356847947, "wall": 308.7}
{"arm": "deeponet", "epoch": 95, "steps": 6144, "train": 0.0006643050731502086, "val_mean_case_max": 0.03299032438712665, "val_worst": 0.06967130987639425, "lr": 0.0009738485590814372, "wall": 311.9}
{"arm": "deeponet", "epoch": 96, "steps": 6208, "train": 0.0006099691608392548, "val_mean_case_max": 0.03436304508921314, "val_worst": 0.07175815036517658, "lr": 0.0009733054493761123, "wall": 315.2}
{"arm": "deeponet", "epoch": 97, "steps": 6272, "train": 0.0006601526230654066, "val_mean_case_max": 0.03985017063188018, "val_worst": 0.06955610578643472, "lr": 0.0009727547759706358, "wall": 318.4}
{"arm": "deeponet", "epoch": 98, "steps": 6336, "train": 0.0009244717777533698, "val_mean_case_max": 0.037291118296280144, "val_worst": 0.07173418014687752, "lr": 0.0009722021050196536, "wall": 321.7}
{"arm": "deeponet", "epoch": 99, "steps": 6400, "train": 0.0014230847239362814, "val_mean_case_max": 0.03956813775710716, "val_worst": 0.07862235026362775, "lr": 0.0009716438964063327, "wall": 324.9}
{"arm": "deeponet", "epoch": 100, "steps": 6464, "train": 0.001865877404932549, "val_mean_case_max": 0.04652959086207009, "val_worst": 0.09649056569369897, "lr": 0.0009710780990171416, "wall": 328.2}
{"arm": "deeponet", "epoch": 101, "steps": 6528, "train": 0.0017758037189050191, "val_mean_case_max": 0.04203136488886616, "val_worst": 0.07543039488734468, "lr": 0.0009705077430521344, "wall": 331.4}
{"arm": "deeponet", "epoch": 102, "steps": 6592, "train": 0.0013865274269992283, "val_mean_case_max": 0.0396825502656022, "val_worst": 0.07995233085704204, "lr": 0.0009699311703027205, "wall": 334.7}
{"arm": "deeponet", "epoch": 103, "steps": 6656, "train": 0.0011162644933257022, "val_mean_case_max": 0.04219429890300717, "val_worst": 0.0771993399788326, "lr": 0.0009693507159437352, "wall": 337.9}
{"arm": "deeponet", "epoch": 104, "steps": 6720, "train": 0.0016258225355369155, "val_mean_case_max": 0.04612205486154414, "val_worst": 0.10262658691866482, "lr": 0.0009687640253639184, "wall": 341.2}
{"arm": "deeponet", "epoch": 105, "steps": 6784, "train": 0.0010496315418856794, "val_mean_case_max": 0.035603762607171976, "val_worst": 0.07531387843261655, "lr": 0.0009681709100381974, "wall": 344.4}
{"arm": "deeponet", "epoch": 106, "steps": 6848, "train": 0.0006325007883337981, "val_mean_case_max": 0.03266228724671877, "val_worst": 0.06452045389289865, "lr": 0.0009675738450333491, "wall": 347.7}
{"arm": "deeponet", "epoch": 107, "steps": 6912, "train": 0.0007055602464365541, "val_mean_case_max": 0.04337841971028736, "val_worst": 0.08190857313126564, "lr": 0.0009669641392090029, "wall": 351.0}
{"arm": "deeponet", "epoch": 108, "steps": 6976, "train": 0.001100421269280724, "val_mean_case_max": 0.03444514999062023, "val_worst": 0.07365294220717013, "lr": 0.0009663561623559677, "wall": 354.2}
{"arm": "deeponet", "epoch": 109, "steps": 7040, "train": 0.0005921587436180107, "val_mean_case_max": 0.03247536690421807, "val_worst": 0.06634038339817805, "lr": 0.000965742828814159, "wall": 357.5}
{"arm": "deeponet", "epoch": 110, "steps": 7104, "train": 0.0005255802783625044, "val_mean_case_max": 0.029429328170231563, "val_worst": 0.07065616579496102, "lr": 0.0009651198935264295, "wall": 360.8}
{"arm": "deeponet", "epoch": 111, "steps": 7168, "train": 0.0007348226220906262, "val_mean_case_max": 0.0351742336251118, "val_worst": 0.06461074210478623, "lr": 0.0009644912871231195, "wall": 364.0}
{"arm": "deeponet", "epoch": 112, "steps": 7232, "train": 0.0011113750932909856, "val_mean_case_max": 0.052103114515719154, "val_worst": 0.0907475538617231, "lr": 0.0009638608134337707, "wall": 367.3}
{"arm": "deeponet", "epoch": 113, "steps": 7296, "train": 0.0010839807050652655, "val_mean_case_max": 0.0345665350913, "val_worst": 0.06369524431087219, "lr": 0.0009632254645673354, "wall": 370.5}
{"arm": "deeponet", "epoch": 114, "steps": 7360, "train": 0.0007328027694133579, "val_mean_case_max": 0.0347117106677374, "val_worst": 0.07297841139457904, "lr": 0.0009625845347617272, "wall": 373.8}
{"arm": "deeponet", "epoch": 115, "steps": 7424, "train": 0.0007691518508969944, "val_mean_case_max": 0.039543526853294805, "val_worst": 0.060881344280504845, "lr": 0.0009619393015923725, "wall": 377.0}
{"arm": "deeponet", "epoch": 116, "steps": 7488, "train": 0.0006528155819477821, "val_mean_case_max": 0.036629592231651936, "val_worst": 0.06497212664448758, "lr": 0.0009612867715858308, "wall": 380.3}
{"arm": "deeponet", "epoch": 117, "steps": 7552, "train": 0.00156561683656165, "val_mean_case_max": 0.05571179296009514, "val_worst": 0.09589559536709584, "lr": 0.0009606306392885196, "wall": 383.6}
{"arm": "deeponet", "epoch": 118, "steps": 7616, "train": 0.0014818547003066218, "val_mean_case_max": 0.04033552124805047, "val_worst": 0.0651074389103395, "lr": 0.0009599706964090578, "wall": 386.8}
{"arm": "deeponet", "epoch": 119, "steps": 7680, "train": 0.001586918119041812, "val_mean_case_max": 0.0488286472644729, "val_worst": 0.0884838411944893, "lr": 0.0009593058855340454, "wall": 390.0}
{"arm": "deeponet", "epoch": 120, "steps": 7744, "train": 0.0014716902021085485, "val_mean_case_max": 0.05959775455963346, "val_worst": 0.1305780403450304, "lr": 0.0009586355572916496, "wall": 393.3}
{"arm": "deeponet", "epoch": 121, "steps": 7808, "train": 0.0017041706917771096, "val_mean_case_max": 0.061570553752510665, "val_worst": 0.08809377235262829, "lr": 0.0009579577045707257, "wall": 396.5}
{"arm": "deeponet", "epoch": 122, "steps": 7872, "train": 0.00746197118300677, "val_mean_case_max": 0.06321106411782251, "val_worst": 0.1003479057980671, "lr": 0.0009572741312845068, "wall": 399.8}
{"arm": "deeponet", "epoch": 123, "steps": 7936, "train": 0.002481284803613424, "val_mean_case_max": 0.03699707219515769, "val_worst": 0.06836737847659785, "lr": 0.0009565862916802454, "wall": 403.0}
{"arm": "deeponet", "epoch": 124, "steps": 8000, "train": 0.0009599662554451538, "val_mean_case_max": 0.03502114446214547, "val_worst": 0.06316143321011618, "lr": 0.0009558928717648098, "wall": 406.3}
{"arm": "deeponet", "epoch": 125, "steps": 8064, "train": 0.0005864374942174057, "val_mean_case_max": 0.030270351460566378, "val_worst": 0.05874247840958959, "lr": 0.0009551946498980658, "wall": 409.6}
{"arm": "deeponet", "epoch": 126, "steps": 8128, "train": 0.00045740915849434816, "val_mean_case_max": 0.030887617329413485, "val_worst": 0.0533307885622247, "lr": 0.0009544911299684135, "wall": 412.8}
{"arm": "deeponet", "epoch": 127, "steps": 8192, "train": 0.0005471078006061958, "val_mean_case_max": 0.027323023392288412, "val_worst": 0.05908866437110873, "lr": 0.0009537812490339267, "wall": 416.1}
{"arm": "deeponet", "epoch": 128, "steps": 8256, "train": 0.0004576913888950859, "val_mean_case_max": 0.027101271699342018, "val_worst": 0.053360481315362814, "lr": 0.0009530600430965766, "wall": 419.4}
{"arm": "deeponet", "epoch": 129, "steps": 8320, "train": 0.0003763720979419929, "val_mean_case_max": 0.024930958074583492, "val_worst": 0.052755768703938416, "lr": 0.0009523354294649131, "wall": 422.7}
{"arm": "deeponet", "epoch": 130, "steps": 8384, "train": 0.0004747468184570044, "val_mean_case_max": 0.0276104371348212, "val_worst": 0.05283268043858624, "lr": 0.0009516038773522265, "wall": 425.9}
{"arm": "deeponet", "epoch": 131, "steps": 8448, "train": 0.0010799171774682238, "val_mean_case_max": 0.07885134954341878, "val_worst": 0.11358693724703088, "lr": 0.0009508737701736309, "wall": 429.2}
{"arm": "deeponet", "epoch": 132, "steps": 8512, "train": 0.0013847010169548081, "val_mean_case_max": 0.034414776470631174, "val_worst": 0.07389528473109332, "lr": 0.0009501368355830576, "wall": 432.4}
{"arm": "deeponet", "epoch": 133, "steps": 8576, "train": 0.0006907807421428277, "val_mean_case_max": 0.02825385564399794, "val_worst": 0.05845358759841963, "lr": 0.0009493978272419466, "wall": 435.7}
{"arm": "deeponet", "epoch": 134, "steps": 8640, "train": 0.00043557290592297266, "val_mean_case_max": 0.027818876048885624, "val_worst": 0.057147677479537785, "lr": 0.0009486537312860993, "wall": 438.9}
{"arm": "deeponet", "epoch": 135, "steps": 8704, "train": 0.0007347163681407591, "val_mean_case_max": 0.02767022526489351, "val_worst": 0.05682741406118809, "lr": 0.0009479030167850787, "wall": 442.2}
{"arm": "deeponet", "epoch": 136, "steps": 8768, "train": 0.00045329838334748053, "val_mean_case_max": 0.026160632631543945, "val_worst": 0.06169879374095078, "lr": 0.0009471487524552312, "wall": 445.4}
{"arm": "deeponet", "epoch": 137, "steps": 8832, "train": 0.0004957654752570286, "val_mean_case_max": 0.02509683391397419, "val_worst": 0.04967585361328375, "lr": 0.0009463863229978546, "wall": 448.7}
{"arm": "deeponet", "epoch": 138, "steps": 8896, "train": 0.00043004581001493836, "val_mean_case_max": 0.027380294943389963, "val_worst": 0.05498130304450883, "lr": 0.0009456214511831796, "wall": 451.9}
{"arm": "deeponet", "epoch": 139, "steps": 8960, "train": 0.00044528477781656084, "val_mean_case_max": 0.03150325340102714, "val_worst": 0.05616913309952312, "lr": 0.0009448512500112991, "wall": 455.2}
{"arm": "deeponet", "epoch": 140, "steps": 9024, "train": 0.0010625913410968859, "val_mean_case_max": 0.050525849998977135, "val_worst": 0.08705012566964593, "lr": 0.000944073132516688, "wall": 458.4}
{"arm": "deeponet", "epoch": 141, "steps": 9088, "train": 0.001722707252673196, "val_mean_case_max": 0.046366032153840955, "val_worst": 0.067104900719861, "lr": 0.0009432911508908666, "wall": 461.7}
{"arm": "deeponet", "epoch": 142, "steps": 9152, "train": 0.002102673540101187, "val_mean_case_max": 0.04554828423212566, "val_worst": 0.07711503230104863, "lr": 0.0009425019328983465, "wall": 465.0}
{"arm": "deeponet", "epoch": 143, "steps": 9216, "train": 0.0010746690670471715, "val_mean_case_max": 0.040205674940513345, "val_worst": 0.06504911643126579, "lr": 0.0009417105658583763, "wall": 468.2}
{"arm": "deeponet", "epoch": 144, "steps": 9280, "train": 0.0014532776870440818, "val_mean_case_max": 0.04153369445861168, "val_worst": 0.0788717511029125, "lr": 0.0009409132687825284, "wall": 471.5}
{"arm": "deeponet", "epoch": 145, "steps": 9344, "train": 0.0012102604658409026, "val_mean_case_max": 0.03232332811828245, "val_worst": 0.07862299568567388, "lr": 0.0009401091106868587, "wall": 474.7}
{"arm": "deeponet", "epoch": 146, "steps": 9408, "train": 0.0005559665238364178, "val_mean_case_max": 0.030404492679203043, "val_worst": 0.05597268443507905, "lr": 0.0009393019237552202, "wall": 478.0}
{"arm": "deeponet", "epoch": 147, "steps": 9472, "train": 0.0005173275163915249, "val_mean_case_max": 0.02637790777920182, "val_worst": 0.04902484582905558, "lr": 0.0009384900601250084, "wall": 481.3}
{"arm": "deeponet", "epoch": 148, "steps": 9536, "train": 0.0003496551819010898, "val_mean_case_max": 0.025522721970045396, "val_worst": 0.05110261052458728, "lr": 0.0009376730111714148, "wall": 484.5}
{"arm": "deeponet", "epoch": 149, "steps": 9600, "train": 0.00041790192002025213, "val_mean_case_max": 0.029845668324716093, "val_worst": 0.05344641727318248, "lr": 0.0009368506794661171, "wall": 487.8}
{"arm": "deeponet", "epoch": 150, "steps": 9664, "train": 0.00043592558111978856, "val_mean_case_max": 0.026868764465615768, "val_worst": 0.05978455374576707, "lr": 0.0009360255766582661, "wall": 491.0}
{"arm": "deeponet", "epoch": 151, "steps": 9728, "train": 0.0006680857918548609, "val_mean_case_max": 0.034439072402066125, "val_worst": 0.06591008284701483, "lr": 0.0009351936510690057, "wall": 494.3}
{"arm": "deeponet", "epoch": 152, "steps": 9792, "train": 0.0010201358132967487, "val_mean_case_max": 0.03121622993737591, "val_worst": 0.053044099124398746, "lr": 0.0009343568044742299, "wall": 497.5}
{"arm": "deeponet", "epoch": 153, "steps": 9856, "train": 0.000602864066521403, "val_mean_case_max": 0.031991713614265546, "val_worst": 0.0663341839205929, "lr": 0.000933515509795615, "wall": 500.8}
{"arm": "deeponet", "epoch": 154, "steps": 9920, "train": 0.0005144261109037865, "val_mean_case_max": 0.02860811373070858, "val_worst": 0.04995377557903832, "lr": 0.0009326703114055088, "wall": 504.0}
{"arm": "deeponet", "epoch": 155, "steps": 9984, "train": 0.0006860945702701195, "val_mean_case_max": 0.04123668121067979, "val_worst": 0.06282550265981443, "lr": 0.000931817622224632, "wall": 507.3}
{"arm": "deeponet", "epoch": 156, "steps": 10048, "train": 0.0015977646346493784, "val_mean_case_max": 0.04248262055065974, "val_worst": 0.0776046999195112, "lr": 0.0009309584356031699, "wall": 510.5}
{"arm": "deeponet", "epoch": 157, "steps": 10112, "train": 0.0006025244353923639, "val_mean_case_max": 0.028027371224693842, "val_worst": 0.04729975890644582, "lr": 0.000930094924241803, "wall": 513.8}
{"arm": "deeponet", "epoch": 158, "steps": 10176, "train": 0.00041890356277485594, "val_mean_case_max": 0.025008169313967224, "val_worst": 0.04367753464891074, "lr": 0.0009292270684712354, "wall": 517.1}
{"arm": "deeponet", "epoch": 159, "steps": 10240, "train": 0.0005747094161280852, "val_mean_case_max": 0.033758185032911975, "val_worst": 0.06526915960353036, "lr": 0.0009283568264514543, "wall": 520.3}
{"arm": "deeponet", "epoch": 160, "steps": 10304, "train": 0.0005543019027864747, "val_mean_case_max": 0.025539496158570513, "val_worst": 0.05878534151976088, "lr": 0.0009274818718097004, "wall": 523.6}
{"arm": "deeponet", "epoch": 161, "steps": 10368, "train": 0.00043016215154131844, "val_mean_case_max": 0.026714468158088242, "val_worst": 0.06237452435805633, "lr": 0.000926599268300132, "wall": 526.8}
{"arm": "deeponet", "epoch": 162, "steps": 10432, "train": 0.0006363089587341647, "val_mean_case_max": 0.03243617747083339, "val_worst": 0.053191519828741436, "lr": 0.0009257114484506406, "wall": 530.1}
{"arm": "deeponet", "epoch": 163, "steps": 10496, "train": 0.0008723166095031991, "val_mean_case_max": 0.033369847541334284, "val_worst": 0.06763761595150469, "lr": 0.0009248078946128481, "wall": 533.4}
{"arm": "deeponet", "epoch": 164, "steps": 10560, "train": 0.001621223628346237, "val_mean_case_max": 0.03804553215236654, "val_worst": 0.06936064899277943, "lr": 0.0009239097497030467, "wall": 536.6}
{"arm": "deeponet", "epoch": 165, "steps": 10624, "train": 0.0013639980243819424, "val_mean_case_max": 0.02723338080127699, "val_worst": 0.05383398111052992, "lr": 0.0009230054817079733, "wall": 539.9}
{"arm": "deeponet", "epoch": 166, "steps": 10688, "train": 0.0004474466086254037, "val_mean_case_max": 0.024324808244570444, "val_worst": 0.040873225192654045, "lr": 0.0009220980856746815, "wall": 543.2}
{"arm": "deeponet", "epoch": 167, "steps": 10752, "train": 0.0004907780290701234, "val_mean_case_max": 0.026160392816575583, "val_worst": 0.04263953635717452, "lr": 0.0009211762700784404, "wall": 546.4}
{"arm": "deeponet", "epoch": 168, "steps": 10816, "train": 0.0004299806133014286, "val_mean_case_max": 0.030335381850102636, "val_worst": 0.0497828870703022, "lr": 0.0009202590206131198, "wall": 549.7}
{"arm": "deeponet", "epoch": 169, "steps": 10880, "train": 0.0005626999586125187, "val_mean_case_max": 0.02549147851299634, "val_worst": 0.059668614722200995, "lr": 0.000919338343325258, "wall": 553.0}
{"arm": "deeponet", "epoch": 170, "steps": 10944, "train": 0.0005798844991618012, "val_mean_case_max": 0.032072406906519295, "val_worst": 0.05311939230346337, "lr": 0.0009184116884362489, "wall": 556.2}
{"arm": "deeponet", "epoch": 171, "steps": 11008, "train": 0.0007108538270262927, "val_mean_case_max": 0.028685296392065705, "val_worst": 0.05166201165208613, "lr": 0.0009174826557236686, "wall": 559.5}
{"arm": "deeponet", "epoch": 172, "steps": 11072, "train": 0.0004947882308309714, "val_mean_case_max": 0.03600109643092393, "val_worst": 0.06086341409972394, "lr": 0.0009165480638207682, "wall": 562.7}
{"arm": "deeponet", "epoch": 173, "steps": 11136, "train": 0.0007345737732707227, "val_mean_case_max": 0.02994037904358163, "val_worst": 0.08271043732355395, "lr": 0.0009156054855105656, "wall": 566.0}
{"arm": "deeponet", "epoch": 174, "steps": 11200, "train": 0.0005232173483809835, "val_mean_case_max": 0.034502107314310144, "val_worst": 0.05708895616826499, "lr": 0.0009146615652232757, "wall": 569.2}
{"arm": "deeponet", "epoch": 175, "steps": 11264, "train": 0.0008142663149068193, "val_mean_case_max": 0.03161563413335121, "val_worst": 0.05484501282344957, "lr": 0.0009137114774378158, "wall": 572.5}
{"arm": "deeponet", "epoch": 176, "steps": 11328, "train": 0.000818499208459462, "val_mean_case_max": 0.03658042926795134, "val_worst": 0.05138994791164175, "lr": 0.000912755584864012, "wall": 575.8}
{"arm": "deeponet", "epoch": 177, "steps": 11392, "train": 0.0012315202114376038, "val_mean_case_max": 0.03658645383322939, "val_worst": 0.06675706707262383, "lr": 0.0009117950563662995, "wall": 579.0}
{"arm": "deeponet", "epoch": 178, "steps": 11456, "train": 0.0008698113431797755, "val_mean_case_max": 0.045526918268453925, "val_worst": 0.07623826935597305, "lr": 0.0009108296182631896, "wall": 582.3}
{"arm": "deeponet", "epoch": 179, "steps": 11520, "train": 0.002240213692783621, "val_mean_case_max": 0.04987434010783107, "val_worst": 0.0895109365314034, "lr": 0.0009098597516512688, "wall": 585.5}
{"arm": "deeponet", "epoch": 180, "steps": 11584, "train": 0.0013263621251450256, "val_mean_case_max": 0.06384306604650912, "val_worst": 0.08060326973357873, "lr": 0.0009088856167842609, "wall": 588.8}
{"arm": "deeponet", "epoch": 181, "steps": 11648, "train": 0.001421870745982863, "val_mean_case_max": 0.029640276845892554, "val_worst": 0.05313167679857234, "lr": 0.0009079035293552584, "wall": 592.1}
{"arm": "deeponet", "epoch": 182, "steps": 11712, "train": 0.0004970177397422043, "val_mean_case_max": 0.023357995926888385, "val_worst": 0.046719402357803766, "lr": 0.0009069169988457972, "wall": 595.4}
{"arm": "deeponet", "epoch": 183, "steps": 11776, "train": 0.0002652704517577627, "val_mean_case_max": 0.022060944032709216, "val_worst": 0.039677053427900066, "lr": 0.0009059162408212688, "wall": 598.7}
{"arm": "deeponet", "epoch": 184, "steps": 11840, "train": 0.00018287591217757272, "val_mean_case_max": 0.01962089135887341, "val_worst": 0.03738651600481535, "lr": 0.0009049086003657529, "wall": 602.0}
{"arm": "deeponet", "epoch": 185, "steps": 11904, "train": 0.00020487451668318838, "val_mean_case_max": 0.020589762659732197, "val_worst": 0.04714813923537749, "lr": 0.0009038980169727001, "wall": 605.2}
{"arm": "deeponet", "epoch": 186, "steps": 11968, "train": 0.00020565561250381916, "val_mean_case_max": 0.019280699039359188, "val_worst": 0.043137747693017196, "lr": 0.0009028939108121924, "wall": 608.6}
{"arm": "deeponet", "epoch": 187, "steps": 12032, "train": 0.0002197513178888811, "val_mean_case_max": 0.019786694039408782, "val_worst": 0.041082572358093525, "lr": 0.000901868866632113, "wall": 611.8}
{"arm": "deeponet", "epoch": 188, "steps": 12096, "train": 0.00021509153524362085, "val_mean_case_max": 0.01918181639668409, "val_worst": 0.040899064338173814, "lr": 0.0009008538780295545, "wall": 615.1}
{"arm": "deeponet", "epoch": 189, "steps": 12160, "train": 0.0002875993680829987, "val_mean_case_max": 0.024772516897063983, "val_worst": 0.04284600350430947, "lr": 0.0008998261267989627, "wall": 618.4}
{"arm": "deeponet", "epoch": 190, "steps": 12224, "train": 0.00033480605465079424, "val_mean_case_max": 0.027740240899090343, "val_worst": 0.044804332500812775, "lr": 0.0008988031582762607, "wall": 621.7}
{"arm": "deeponet", "epoch": 191, "steps": 12288, "train": 0.0008623023242846304, "val_mean_case_max": 0.03760250733078963, "val_worst": 0.06505250238707225, "lr": 0.0008977777684550687, "wall": 624.9}
{"arm": "deeponet", "epoch": 192, "steps": 12352, "train": 0.0007829459172122989, "val_mean_case_max": 0.03003740332543267, "val_worst": 0.059300078822651495, "lr": 0.0008967433165196922, "wall": 628.2}
{"arm": "deeponet", "epoch": 193, "steps": 12416, "train": 0.0007215254883560492, "val_mean_case_max": 0.04096223384908086, "val_worst": 0.06471255126306232, "lr": 0.0008957074656981621, "wall": 631.4}
{"arm": "deeponet", "epoch": 194, "steps": 12480, "train": 0.001053313679918043, "val_mean_case_max": 0.03319758332364981, "val_worst": 0.05671352537388372, "lr": 0.0008946681874435876, "wall": 634.7}
{"arm": "deeponet", "epoch": 195, "steps": 12544, "train": 0.0007246239529594758, "val_mean_case_max": 0.027136905582218256, "val_worst": 0.05689743865145385, "lr": 0.0008936248148526102, "wall": 638.0}
{"arm": "deeponet", "epoch": 196, "steps": 12608, "train": 0.00029514215134997425, "val_mean_case_max": 0.025152261790564755, "val_worst": 0.04857041860764712, "lr": 0.0008925750792498957, "wall": 641.2}
{"arm": "deeponet", "epoch": 197, "steps": 12672, "train": 0.0003524290217090423, "val_mean_case_max": 0.02276851470313678, "val_worst": 0.04460246071521446, "lr": 0.0008915199030762974, "wall": 644.5}
{"arm": "deeponet", "epoch": 198, "steps": 12736, "train": 0.0004331672740579886, "val_mean_case_max": 0.028436388446180936, "val_worst": 0.06105261670315802, "lr": 0.0008904624202493151, "wall": 647.7}
{"arm": "deeponet", "epoch": 199, "steps": 12800, "train": 0.000355254642258273, "val_mean_case_max": 0.020848340555765094, "val_worst": 0.04775488862118056, "lr": 0.000889400576575145, "wall": 651.0}
{"arm": "deeponet", "epoch": 200, "steps": 12864, "train": 0.0003708111338406218, "val_mean_case_max": 0.020748029621883195, "val_worst": 0.0350210807958036, "lr": 0.0008883352809195225, "wall": 654.3}
{"arm": "deeponet", "epoch": 201, "steps": 12928, "train": 0.0004468933591823869, "val_mean_case_max": 0.03198062139829204, "val_worst": 0.08498913016440647, "lr": 0.0008872621262341886, "wall": 657.5}
{"arm": "deeponet", "epoch": 202, "steps": 12992, "train": 0.0010480705615020102, "val_mean_case_max": 0.030615591936070743, "val_worst": 0.0776818563161666, "lr": 0.000886184725194698, "wall": 660.8}
{"arm": "deeponet", "epoch": 203, "steps": 13056, "train": 0.0013067072330715142, "val_mean_case_max": 0.04590877203023448, "val_worst": 0.0635645093578924, "lr": 0.00088510262993611, "wall": 664.1}
{"arm": "deeponet", "epoch": 204, "steps": 13120, "train": 0.0009344509640130832, "val_mean_case_max": 0.04982428783080935, "val_worst": 0.08213592390838019, "lr": 0.000884014278578999, "wall": 667.3}
{"arm": "deeponet", "epoch": 205, "steps": 13184, "train": 0.000968229987961327, "val_mean_case_max": 0.021937974281754136, "val_worst": 0.03926199161470588, "lr": 0.0008829244514120292, "wall": 670.6}
{"arm": "deeponet", "epoch": 206, "steps": 13248, "train": 0.0003050234382673116, "val_mean_case_max": 0.021483176831679277, "val_worst": 0.036949684447154935, "lr": 0.0008818263565592592, "wall": 673.9}
{"arm": "deeponet", "epoch": 207, "steps": 13312, "train": 0.0002217717039902556, "val_mean_case_max": 0.020341769724511093, "val_worst": 0.04018905785575981, "lr": 0.000880725521331061, "wall": 677.1}
{"arm": "deeponet", "epoch": 208, "steps": 13376, "train": 0.00027119313872603145, "val_mean_case_max": 0.022963172438705774, "val_worst": 0.04942142256723827, "lr": 0.0008796166020005587, "wall": 680.4}
{"arm": "deeponet", "epoch": 209, "steps": 13440, "train": 0.00029795512431351546, "val_mean_case_max": 0.017093549365411128, "val_worst": 0.02939230992168498, "lr": 0.0008785035096017859, "wall": 683.7}
{"arm": "deeponet", "epoch": 210, "steps": 13504, "train": 0.0003289972875204773, "val_mean_case_max": 0.033135994038215516, "val_worst": 0.05220343587585255, "lr": 0.0008773754096488998, "wall": 687.0}
{"arm": "deeponet", "epoch": 211, "steps": 13568, "train": 0.0004791534332229696, "val_mean_case_max": 0.01956195422497061, "val_worst": 0.033650046192483164, "lr": 0.0008762509170591942, "wall": 690.3}
{"arm": "deeponet", "epoch": 212, "steps": 13632, "train": 0.00024172494028206384, "val_mean_case_max": 0.019551172214587194, "val_worst": 0.03353691188837486, "lr": 0.0008751182046444937, "wall": 693.6}
{"arm": "deeponet", "epoch": 213, "steps": 13696, "train": 0.00031991573306895064, "val_mean_case_max": 0.0221788854039911, "val_worst": 0.04359035813672974, "lr": 0.000873980139797776, "wall": 696.9}
{"arm": "deeponet", "epoch": 214, "steps": 13760, "train": 0.00024253911277898822, "val_mean_case_max": 0.024264026564776546, "val_worst": 0.054956632415912525, "lr": 0.0008728397694340835, "wall": 700.2}
{"arm": "deeponet", "epoch": 215, "steps": 13824, "train": 0.0002580316669184686, "val_mean_case_max": 0.028913295000406083, "val_worst": 0.04439530205664883, "lr": 0.0008716943656803171, "wall": 703.5}
{"arm": "deeponet", "epoch": 216, "steps": 13888, "train": 0.001005222677348798, "val_mean_case_max": 0.03896984522365027, "val_worst": 0.06347984405709721, "lr": 0.0008705449494322892, "wall": 706.8}
{"arm": "deeponet", "epoch": 217, "steps": 13952, "train": 0.001512003646875142, "val_mean_case_max": 0.03456831092024154, "val_worst": 0.04703165590517265, "lr": 0.0008693945074398299, "wall": 710.0}
{"arm": "deeponet", "epoch": 218, "steps": 14016, "train": 0.000775713389631697, "val_mean_case_max": 0.025803397580582983, "val_worst": 0.04296848074812992, "lr": 0.0008682471449365906, "wall": 713.3}
{"arm": "deeponet", "epoch": 219, "steps": 14080, "train": 0.0006334076247970239, "val_mean_case_max": 0.023386065921899443, "val_worst": 0.03438146653964295, "lr": 0.0008670897755034273, "wall": 716.6}
{"arm": "deeponet", "epoch": 220, "steps": 14144, "train": 0.0004545781063601749, "val_mean_case_max": 0.054565281231744436, "val_worst": 0.10172701110352382, "lr": 0.0008659276364363901, "wall": 719.9}
{"arm": "deeponet", "epoch": 221, "steps": 14208, "train": 0.001069697927160918, "val_mean_case_max": 0.035816339546201295, "val_worst": 0.06380832767348098, "lr": 0.000864763905527805, "wall": 723.1}
{"arm": "deeponet", "epoch": 222, "steps": 14272, "train": 0.0006172399794021214, "val_mean_case_max": 0.02744410201307404, "val_worst": 0.0364008786601225, "lr": 0.0008635968034926095, "wall": 726.4}
{"arm": "deeponet", "epoch": 223, "steps": 14336, "train": 0.0003451102893803251, "val_mean_case_max": 0.020196924926439708, "val_worst": 0.030129542537940066, "lr": 0.0008624253291051031, "wall": 729.7}
{"arm": "deeponet", "epoch": 224, "steps": 14400, "train": 0.00030624706753796437, "val_mean_case_max": 0.021390854319188066, "val_worst": 0.0376184930909217, "lr": 0.0008612434156033813, "wall": 733.0}
{"arm": "deeponet", "epoch": 225, "steps": 14464, "train": 0.00019767019055012876, "val_mean_case_max": 0.01985741600036322, "val_worst": 0.03693057447597243, "lr": 0.0008600613774595158, "wall": 736.3}
{"arm": "deeponet", "epoch": 226, "steps": 14528, "train": 0.00022879073218928239, "val_mean_case_max": 0.01910413793254113, "val_worst": 0.041454960743169594, "lr": 0.0008588716514635768, "wall": 739.6}
{"arm": "deeponet", "epoch": 227, "steps": 14592, "train": 0.00019667598521191958, "val_mean_case_max": 0.015763448850030302, "val_worst": 0.031090540993296074, "lr": 0.0008576816746269538, "wall": 742.9}
{"arm": "deeponet", "epoch": 228, "steps": 14656, "train": 0.0001411796036851688, "val_mean_case_max": 0.01757274678819317, "val_worst": 0.034878316693039674, "lr": 0.0008564731631488148, "wall": 746.1}
{"arm": "deeponet", "epoch": 229, "steps": 14720, "train": 0.0002505844031227783, "val_mean_case_max": 0.021763569985856428, "val_worst": 0.03542948912962798, "lr": 0.0008552737703871697, "wall": 749.4}
{"arm": "deeponet", "epoch": 230, "steps": 14784, "train": 0.00040119411775985065, "val_mean_case_max": 0.022920379073248856, "val_worst": 0.038120085099584027, "lr": 0.0008540715409943458, "wall": 752.7}
{"arm": "deeponet", "epoch": 231, "steps": 14848, "train": 0.40413568490766477, "val_mean_case_max": 0.08693716531965365, "val_worst": 0.1510771245400465, "lr": 0.0008528665797874689, "wall": 756.0}
{"arm": "deeponet", "epoch": 232, "steps": 14912, "train": 0.005839326487165044, "val_mean_case_max": 0.05781963960879696, "val_worst": 0.08637203101891436, "lr": 0.0008516584893329525, "wall": 759.2}
{"arm": "deeponet", "epoch": 233, "steps": 14976, "train": 0.0016439484151877892, "val_mean_case_max": 0.03621134286361158, "val_worst": 0.07009274366852936, "lr": 0.0008504407333588998, "wall": 762.5}
{"arm": "deeponet", "epoch": 234, "steps": 15040, "train": 0.0005554904513639289, "val_mean_case_max": 0.024171529427681006, "val_worst": 0.033751821310684375, "lr": 0.0008492257468292037, "wall": 765.8}
{"arm": "deeponet", "epoch": 235, "steps": 15104, "train": 0.0002756027253492503, "val_mean_case_max": 0.0225139091328577, "val_worst": 0.03482870321542952, "lr": 0.0008480039748835679, "wall": 769.1}
{"arm": "deeponet", "epoch": 236, "steps": 15168, "train": 0.000277265695426373, "val_mean_case_max": 0.02227684102640063, "val_worst": 0.04161144917911352, "lr": 0.0008467799166884758, "wall": 772.3}
{"arm": "deeponet", "epoch": 237, "steps": 15232, "train": 0.00021556364314833317, "val_mean_case_max": 0.018904817278917532, "val_worst": 0.03586148240533157, "lr": 0.000845551712406017, "wall": 775.6}
{"arm": "deeponet", "epoch": 238, "steps": 15296, "train": 0.00018872715593672477, "val_mean_case_max": 0.01699407636260096, "val_worst": 0.02751276313322313, "lr": 0.000844317544152458, "wall": 778.9}
{"arm": "deeponet", "epoch": 239, "steps": 15360, "train": 0.0001875520479465538, "val_mean_case_max": 0.019925610840211723, "val_worst": 0.03857480173862007, "lr": 0.0008430806526669619, "wall": 782.2}
{"arm": "deeponet", "epoch": 240, "steps": 15424, "train": 0.0005062471269295019, "val_mean_case_max": 0.027633466222799177, "val_worst": 0.060652542217344715, "lr": 0.0008418425434293569, "wall": 785.4}
{"arm": "deeponet", "epoch": 241, "steps": 15488, "train": 0.0007092707356276123, "val_mean_case_max": 0.036970587660367565, "val_worst": 0.05488998913181015, "lr": 0.0008406000408362243, "wall": 788.7}
{"arm": "deeponet", "epoch": 242, "steps": 15552, "train": 0.0005049045416488248, "val_mean_case_max": 0.024913902803675787, "val_worst": 0.052179074741288994, "lr": 0.0008393501640028493, "wall": 792.0}
{"arm": "deeponet", "epoch": 243, "steps": 15616, "train": 0.00030927087162861943, "val_mean_case_max": 0.020963902036637592, "val_worst": 0.03545194735685367, "lr": 0.0008380975907298697, "wall": 795.2}
{"arm": "deeponet", "epoch": 244, "steps": 15680, "train": 0.00019266554032402013, "val_mean_case_max": 0.01888494696459689, "val_worst": 0.039131201700007404, "lr": 0.0008368433387039788, "wall": 798.5}
{"arm": "deeponet", "epoch": 245, "steps": 15744, "train": 0.00022977673528879757, "val_mean_case_max": 0.019823006539226265, "val_worst": 0.024450868661785488, "lr": 0.0008355907829054623, "wall": 801.8}
{"arm": "deeponet", "epoch": 246, "steps": 15808, "train": 0.00017967601172975874, "val_mean_case_max": 0.015472397989652498, "val_worst": 0.03231575004707336, "lr": 0.0008343313276810713, "wall": 805.0}
{"arm": "deeponet", "epoch": 247, "steps": 15872, "train": 0.00020888074126140314, "val_mean_case_max": 0.01788197446259966, "val_worst": 0.02744103789707129, "lr": 0.0008330482244314863, "wall": 808.3}
{"arm": "deeponet", "epoch": 248, "steps": 15936, "train": 0.0001597368954702596, "val_mean_case_max": 0.01563391521041677, "val_worst": 0.022969095916598174, "lr": 0.000831776032337041, "wall": 811.6}
{"arm": "deeponet", "epoch": 249, "steps": 16000, "train": 0.00016848580794383473, "val_mean_case_max": 0.017784941722321857, "val_worst": 0.030640644813768252, "lr": 0.0008304994616435715, "wall": 814.9}
{"arm": "deeponet", "epoch": 250, "steps": 16064, "train": 0.0003687292346848554, "val_mean_case_max": 0.025222726598402127, "val_worst": 0.049805933844287234, "lr": 0.0008292203912815809, "wall": 818.1}
{"arm": "deeponet", "epoch": 251, "steps": 16128, "train": 0.000355748022658649, "val_mean_case_max": 0.021418067578973278, "val_worst": 0.0283499236934591, "lr": 0.0008279354793695843, "wall": 821.4}
{"arm": "deeponet", "epoch": 252, "steps": 16192, "train": 0.00036236659602481927, "val_mean_case_max": 0.023610857216693454, "val_worst": 0.03233956847035025, "lr": 0.0008266492134236784, "wall": 824.7}
{"arm": "deeponet", "epoch": 253, "steps": 16256, "train": 0.0002607315536487773, "val_mean_case_max": 0.01686942354038106, "val_worst": 0.03012888731629464, "lr": 0.0008253560527634222, "wall": 828.0}
{"arm": "deeponet", "epoch": 254, "steps": 16320, "train": 0.00016094415698017517, "val_mean_case_max": 0.018472775151259335, "val_worst": 0.02748114490452227, "lr": 0.0008240608064038355, "wall": 831.2}
{"arm": "deeponet", "epoch": 255, "steps": 16384, "train": 0.00017333174943773972, "val_mean_case_max": 0.0163716151596423, "val_worst": 0.025912500060998867, "lr": 0.0008227635426842364, "wall": 834.5}
{"arm": "deeponet", "epoch": 256, "steps": 16448, "train": 0.00017103556961280863, "val_mean_case_max": 0.01908783831174026, "val_worst": 0.03468608696891998, "lr": 0.0008214588860936321, "wall": 837.8}
{"arm": "deeponet", "epoch": 257, "steps": 16512, "train": 0.00026364433416858603, "val_mean_case_max": 0.02064850943463277, "val_worst": 0.03189727282282504, "lr": 0.0008201493318188355, "wall": 841.1}
{"arm": "deeponet", "epoch": 258, "steps": 16576, "train": 0.00024158895992273268, "val_mean_case_max": 0.021132243589103962, "val_worst": 0.03646279705378294, "lr": 0.0008188410934684991, "wall": 844.3}
{"arm": "deeponet", "epoch": 259, "steps": 16640, "train": 0.0003054964931762512, "val_mean_case_max": 0.03214525118828211, "val_worst": 0.048587935424945626, "lr": 0.0008175265338703153, "wall": 847.6}
{"arm": "deeponet", "epoch": 260, "steps": 16704, "train": 0.0006253892352327602, "val_mean_case_max": 0.03608346175004143, "val_worst": 0.0923095558689039, "lr": 0.0008161962331103254, "wall": 850.9}
{"arm": "deeponet", "epoch": 261, "steps": 16768, "train": 0.0005552906473487225, "val_mean_case_max": 0.02625544852650411, "val_worst": 0.03878348441444772, "lr": 0.0008148740961936176, "wall": 854.2}
{"arm": "deeponet", "epoch": 262, "steps": 16832, "train": 0.0006500609772130761, "val_mean_case_max": 0.0419197661486872, "val_worst": 0.07559443422606936, "lr": 0.0008135478685621889, "wall": 857.5}
{"arm": "deeponet", "epoch": 263, "steps": 16896, "train": 0.0012401009639425563, "val_mean_case_max": 0.03498758846323014, "val_worst": 0.06370291052000492, "lr": 0.0008122160854487094, "wall": 860.7}
{"arm": "deeponet", "epoch": 264, "steps": 16960, "train": 0.00039324640912888256, "val_mean_case_max": 0.02074169305962134, "val_worst": 0.028092100907137322, "lr": 0.0008108837208345559, "wall": 864.0}
{"arm": "deeponet", "epoch": 265, "steps": 17024, "train": 0.00033523188526332, "val_mean_case_max": 0.019940277940910266, "val_worst": 0.03023571598620821, "lr": 0.0008095474845066593, "wall": 867.3}
{"arm": "deeponet", "epoch": 266, "steps": 17088, "train": 0.00020056962637982477, "val_mean_case_max": 0.016998458057448235, "val_worst": 0.028744369375921393, "lr": 0.0008082085785086137, "wall": 870.6}
{"arm": "deeponet", "epoch": 267, "steps": 17152, "train": 0.00024469420756754404, "val_mean_case_max": 0.017712578880155053, "val_worst": 0.03739748166683558, "lr": 0.000806869189748618, "wall": 873.8}
{"arm": "deeponet", "epoch": 268, "steps": 17216, "train": 0.0002945058731973285, "val_mean_case_max": 0.02254464985825267, "val_worst": 0.04552101837688757, "lr": 0.0008055207248331527, "wall": 877.1}
{"arm": "deeponet", "epoch": 269, "steps": 17280, "train": 0.0005627858588036599, "val_mean_case_max": 0.02810579235891931, "val_worst": 0.05026793797302998, "lr": 0.0008041668919759012, "wall": 880.4}
{"arm": "deeponet", "epoch": 270, "steps": 17344, "train": 0.0003055171011337556, "val_mean_case_max": 0.021655776636656875, "val_worst": 0.041923141949759955, "lr": 0.0008028094795974934, "wall": 883.7}
{"arm": "deeponet", "epoch": 271, "steps": 17408, "train": 0.00021990864139821812, "val_mean_case_max": 0.019552628076957502, "val_worst": 0.03826398786969312, "lr": 0.0008014480938144146, "wall": 887.0}
{"arm": "deeponet", "epoch": 272, "steps": 17472, "train": 0.0002468733028903457, "val_mean_case_max": 0.017143947960546968, "val_worst": 0.032110068361710487, "lr": 0.0008000816850828542, "wall": 890.2}
{"arm": "deeponet", "epoch": 273, "steps": 17536, "train": 0.00015391811956437228, "val_mean_case_max": 0.016319025288073996, "val_worst": 0.024602607712472864, "lr": 0.0007987115208950343, "wall": 893.5}
{"arm": "deeponet", "epoch": 274, "steps": 17600, "train": 0.00029206335340662906, "val_mean_case_max": 0.021515437156518172, "val_worst": 0.034236821327208226, "lr": 0.0007973390835298631, "wall": 896.8}
{"arm": "deeponet", "epoch": 275, "steps": 17664, "train": 0.0019287372683392543, "val_mean_case_max": 0.046000252000812925, "val_worst": 0.0636310893172796, "lr": 0.0007959607751113497, "wall": 900.1}
{"arm": "deeponet", "epoch": 276, "steps": 17728, "train": 0.0013324351305063092, "val_mean_case_max": 0.026796078313589773, "val_worst": 0.048950405615715564, "lr": 0.0007945812794869015, "wall": 903.4}
{"arm": "deeponet", "epoch": 277, "steps": 17792, "train": 0.00025874253336803524, "val_mean_case_max": 0.014864689736765697, "val_worst": 0.023919962749884515, "lr": 0.0007932010089117823, "wall": 906.7}
{"arm": "deeponet", "epoch": 278, "steps": 17856, "train": 0.00016197767373831394, "val_mean_case_max": 0.016813012245822476, "val_worst": 0.03159580157715584, "lr": 0.0007918045878115153, "wall": 910.0}
{"arm": "deeponet", "epoch": 279, "steps": 17920, "train": 0.00013705527505342385, "val_mean_case_max": 0.013947062788459775, "val_worst": 0.02400414633281153, "lr": 0.0007904148473246598, "wall": 913.3}
{"arm": "deeponet", "epoch": 280, "steps": 17984, "train": 9.198434631188578e-05, "val_mean_case_max": 0.013237954521791672, "val_worst": 0.02603367439162839, "lr": 0.0007889981922074897, "wall": 916.6}
{"arm": "deeponet", "epoch": 281, "steps": 18048, "train": 8.407273209543636e-05, "val_mean_case_max": 0.0126380986766839, "val_worst": 0.026451851214945664, "lr": 0.0007875865510516152, "wall": 920.0}
{"arm": "deeponet", "epoch": 282, "steps": 18112, "train": 0.00011977147344201902, "val_mean_case_max": 0.016271261390688137, "val_worst": 0.02361635778135772, "lr": 0.0007861728579650451, "wall": 923.2}
{"arm": "deeponet", "epoch": 283, "steps": 18176, "train": 0.00012113232506516077, "val_mean_case_max": 0.015578108613242284, "val_worst": 0.02734283336558156, "lr": 0.0007847666444140229, "wall": 926.5}
{"arm": "deeponet", "epoch": 284, "steps": 18240, "train": 0.00016487094576298007, "val_mean_case_max": 0.01934839861053878, "val_worst": 0.03276986532790653, "lr": 0.0007833574620689564, "wall": 929.8}
{"arm": "deeponet", "epoch": 285, "steps": 18304, "train": 0.00018271601471174187, "val_mean_case_max": 0.01826698855753378, "val_worst": 0.02678909817941564, "lr": 0.0007819461786176411, "wall": 933.1}
{"arm": "deeponet", "epoch": 286, "steps": 18368, "train": 0.0001341038832161137, "val_mean_case_max": 0.012994848669966133, "val_worst": 0.024782709191145204, "lr": 0.0007805302523002815, "wall": 936.4}
{"arm": "deeponet", "epoch": 287, "steps": 18432, "train": 0.00014073660839047418, "val_mean_case_max": 0.017001919200965433, "val_worst": 0.034362450791000684, "lr": 0.0007791119326255286, "wall": 939.7}
{"arm": "deeponet", "epoch": 288, "steps": 18496, "train": 0.00019017905038175322, "val_mean_case_max": 0.018253786738415583, "val_worst": 0.03522161269650565, "lr": 0.0007776887388855656, "wall": 943.0}
{"arm": "deeponet", "epoch": 289, "steps": 18560, "train": 0.00022203179887515546, "val_mean_case_max": 0.0175870226231077, "val_worst": 0.031723929207967586, "lr": 0.000776263663880884, "wall": 946.3}
{"arm": "deeponet", "epoch": 290, "steps": 18624, "train": 0.00022648060848469838, "val_mean_case_max": 0.01960659841568648, "val_worst": 0.029179938924837466, "lr": 0.000774835810459117, "wall": 949.6}
{"arm": "deeponet", "epoch": 291, "steps": 18688, "train": 0.0004718469238533305, "val_mean_case_max": 0.030344656894623248, "val_worst": 0.04821585809991622, "lr": 0.0007734049725639646, "wall": 952.9}
{"arm": "deeponet", "epoch": 292, "steps": 18752, "train": 0.0011552631203924498, "val_mean_case_max": 0.03276489137883089, "val_worst": 0.06420795377640862, "lr": 0.0007719726885292182, "wall": 956.1}
{"arm": "deeponet", "epoch": 293, "steps": 18816, "train": 0.0005214285174185927, "val_mean_case_max": 0.02337616622259847, "val_worst": 0.04173003405272801, "lr": 0.0007705360898398499, "wall": 959.4}
{"arm": "deeponet", "epoch": 294, "steps": 18880, "train": 0.00028972658015811927, "val_mean_case_max": 0.01949400854322116, "val_worst": 0.031853361544183854, "lr": 0.0007690960706411431, "wall": 962.7}
{"arm": "deeponet", "epoch": 295, "steps": 18944, "train": 0.00025614903461688255, "val_mean_case_max": 0.01749701851270815, "val_worst": 0.025827128352973426, "lr": 0.0007676538533229255, "wall": 966.0}
{"arm": "deeponet", "epoch": 296, "steps": 19008, "train": 0.0003225684242437621, "val_mean_case_max": 0.019107701852250747, "val_worst": 0.02949439102093682, "lr": 0.0007662091440849503, "wall": 969.3}
{"arm": "deeponet", "epoch": 297, "steps": 19072, "train": 0.00034848913237005513, "val_mean_case_max": 0.03108543977389974, "val_worst": 0.0583486249661345, "lr": 0.0007647585383701423, "wall": 972.6}
{"arm": "deeponet", "epoch": 298, "steps": 19136, "train": 0.00025536793957239975, "val_mean_case_max": 0.016221229525618254, "val_worst": 0.030520409809379485, "lr": 0.0007633052160746805, "wall": 975.9}
{"arm": "deeponet", "epoch": 299, "steps": 19200, "train": 0.00013628271212536082, "val_mean_case_max": 0.015427490928441354, "val_worst": 0.029706182985651326, "lr": 0.0007618469296308506, "wall": 979.2}
{"arm": "deeponet", "epoch": 300, "steps": 19264, "train": 0.0001741768997834472, "val_mean_case_max": 0.017560704727482952, "val_worst": 0.02564191111732142, "lr": 0.0007603863209567953, "wall": 982.5}
{"arm": "deeponet", "epoch": 301, "steps": 19328, "train": 0.0002538507158505256, "val_mean_case_max": 0.018732508168840378, "val_worst": 0.026856689882923408, "lr": 0.0007589233460302762, "wall": 985.8}
{"arm": "deeponet", "epoch": 302, "steps": 19392, "train": 0.000309145014473181, "val_mean_case_max": 0.02084473106702152, "val_worst": 0.03995140252627116, "lr": 0.0007574575280431805, "wall": 989.0}
{"arm": "deeponet", "epoch": 303, "steps": 19456, "train": 0.000295411188214851, "val_mean_case_max": 0.018686554620470742, "val_worst": 0.029956830095363096, "lr": 0.000755989303302238, "wall": 992.3}
{"arm": "deeponet", "epoch": 304, "steps": 19520, "train": 0.00019009554711334415, "val_mean_case_max": 0.014159456705112127, "val_worst": 0.021176022697045084, "lr": 0.000754518528212174, "wall": 995.6}
{"arm": "deeponet", "epoch": 305, "steps": 19584, "train": 0.000144175468064118, "val_mean_case_max": 0.014677795861106405, "val_worst": 0.024057294010917864, "lr": 0.0007530461326369775, "wall": 998.9}
{"arm": "deeponet", "epoch": 306, "steps": 19648, "train": 0.00015023552696868692, "val_mean_case_max": 0.016631776281650176, "val_worst": 0.03247393562015991, "lr": 0.0007515713834736788, "wall": 1002.2}
{"arm": "deeponet", "epoch": 307, "steps": 19712, "train": 0.00013196807072084213, "val_mean_case_max": 0.01614549688065093, "val_worst": 0.028061031210948453, "lr": 0.0007500949540445701, "wall": 1005.5}
{"arm": "deeponet", "epoch": 308, "steps": 19776, "train": 0.00020589093458134154, "val_mean_case_max": 0.021713650385898463, "val_worst": 0.036777640508219675, "lr": 0.0007486152015075758, "wall": 1008.8}
{"arm": "deeponet", "epoch": 309, "steps": 19840, "train": 0.0006897214367631243, "val_mean_case_max": 0.04032595935361185, "val_worst": 0.0646376065722462, "lr": 0.0007471341515603833, "wall": 1012.0}
{"arm": "deeponet", "epoch": 310, "steps": 19904, "train": 0.0007929487061365366, "val_mean_case_max": 0.029475750270970037, "val_worst": 0.0496625508411077, "lr": 0.0007456498531468129, "wall": 1015.3}
{"arm": "deeponet", "epoch": 311, "steps": 19968, "train": 0.0007526261560022397, "val_mean_case_max": 0.029148850082322462, "val_worst": 0.04976864970445231, "lr": 0.0007441634250980222, "wall": 1018.6}
{"arm": "deeponet", "epoch": 312, "steps": 20032, "train": 0.0004195753866404427, "val_mean_case_max": 0.018217433485789823, "val_worst": 0.028251286878494437, "lr": 0.0007426745133124874, "wall": 1021.9}
{"arm": "deeponet", "epoch": 313, "steps": 20096, "train": 0.00013812248242305053, "val_mean_case_max": 0.013152282639515879, "val_worst": 0.02187439706105246, "lr": 0.0007411818646410355, "wall": 1025.1}
{"arm": "deeponet", "epoch": 314, "steps": 20160, "train": 8.966685642024682e-05, "val_mean_case_max": 0.012920085069184566, "val_worst": 0.0222191725188588, "lr": 0.0007396869025544892, "wall": 1028.4}
{"arm": "deeponet", "epoch": 315, "steps": 20224, "train": 0.00013165113095558903, "val_mean_case_max": 0.018143468668534137, "val_worst": 0.025710641781012594, "lr": 0.00073818985021136, "wall": 1031.7}
{"arm": "deeponet", "epoch": 316, "steps": 20288, "train": 0.0001877286272075937, "val_mean_case_max": 0.01691615733169452, "val_worst": 0.025766656435694188, "lr": 0.0007366859814761838, "wall": 1035.0}
{"arm": "deeponet", "epoch": 317, "steps": 20352, "train": 0.00018791070376784387, "val_mean_case_max": 0.016000621860887465, "val_worst": 0.02930549273069195, "lr": 0.0007351829836483442, "wall": 1038.3}
{"arm": "deeponet", "epoch": 318, "steps": 20416, "train": 0.0003277454321542576, "val_mean_case_max": 0.018150729044268846, "val_worst": 0.02655614020935894, "lr": 0.0007336768833806074, "wall": 1041.5}
{"arm": "deeponet", "epoch": 319, "steps": 20480, "train": 0.0002746812609752059, "val_mean_case_max": 0.016032992717961787, "val_worst": 0.024758917842498417, "lr": 0.000732166093336419, "wall": 1044.8}
{"arm": "deeponet", "epoch": 320, "steps": 20544, "train": 0.00019591226394009406, "val_mean_case_max": 0.014186985301129856, "val_worst": 0.02010503287049317, "lr": 0.0007306553208285777, "wall": 1048.1}
{"arm": "deeponet", "epoch": 321, "steps": 20608, "train": 9.776426018826627e-05, "val_mean_case_max": 0.013032693205596229, "val_worst": 0.02361218667742687, "lr": 0.000729139803526593, "wall": 1051.4}
{"arm": "deeponet", "epoch": 322, "steps": 20672, "train": 0.00016383414916593735, "val_mean_case_max": 0.01817632843535029, "val_worst": 0.03412351137374748, "lr": 0.0007276230095712051, "wall": 1054.7}
{"arm": "deeponet", "epoch": 323, "steps": 20736, "train": 0.0002307640567106461, "val_mean_case_max": 0.01994966874137525, "val_worst": 0.03487821158105691, "lr": 0.0007261044345665278, "wall": 1057.9}
{"arm": "deeponet", "epoch": 324, "steps": 20800, "train": 0.0002450187319128995, "val_mean_case_max": 0.015078922116685978, "val_worst": 0.022667099877628806, "lr": 0.0007245833883262566, "wall": 1061.2}
{"arm": "deeponet", "epoch": 325, "steps": 20864, "train": 0.00017380936793341375, "val_mean_case_max": 0.016378025967570608, "val_worst": 0.025672859140903607, "lr": 0.0007230577702332627, "wall": 1064.5}
{"arm": "deeponet", "epoch": 326, "steps": 20928, "train": 0.0001556166168665867, "val_mean_case_max": 0.01696551939373546, "val_worst": 0.0250445971195443, "lr": 0.000721532466950929, "wall": 1067.8}
{"arm": "deeponet", "epoch": 327, "steps": 20992, "train": 0.0001529785737070193, "val_mean_case_max": 0.016347832859580178, "val_worst": 0.029401536041406152, "lr": 0.0007200018813369146, "wall": 1071.1}
{"arm": "deeponet", "epoch": 328, "steps": 21056, "train": 0.0001998870892065813, "val_mean_case_max": 0.016346030944842625, "val_worst": 0.032849077641933816, "lr": 0.0007184705470543665, "wall": 1074.3}
{"arm": "deeponet", "epoch": 329, "steps": 21120, "train": 0.00024852474438157924, "val_mean_case_max": 0.019241226973998868, "val_worst": 0.03128198461656528, "lr": 0.0007169358321689054, "wall": 1077.6}
{"arm": "deeponet", "epoch": 330, "steps": 21184, "train": 0.0002461433787966936, "val_mean_case_max": 0.018988662879370427, "val_worst": 0.04458226499989718, "lr": 0.0007153986332155202, "wall": 1080.9}
{"arm": "deeponet", "epoch": 331, "steps": 21248, "train": 0.00028051952386511553, "val_mean_case_max": 0.02704347086721302, "val_worst": 0.04647522444137222, "lr": 0.0007138602460882705, "wall": 1084.2}
{"arm": "deeponet", "epoch": 332, "steps": 21312, "train": 0.0005425776817765931, "val_mean_case_max": 0.024999446340659037, "val_worst": 0.05222037218459421, "lr": 0.0007123195645285174, "wall": 1087.4}
{"arm": "deeponet", "epoch": 333, "steps": 21376, "train": 0.0003518117725620384, "val_mean_case_max": 0.01807671875671006, "val_worst": 0.033230878079441084, "lr": 0.0007107748795587469, "wall": 1090.7}
{"arm": "deeponet", "epoch": 334, "steps": 21440, "train": 0.0002537038480362894, "val_mean_case_max": 0.02575782794041217, "val_worst": 0.03472986416724512, "lr": 0.000709226393984176, "wall": 1094.0}
{"arm": "deeponet", "epoch": 335, "steps": 21504, "train": 0.000350136030465265, "val_mean_case_max": 0.016811737619830465, "val_worst": 0.038180900293369145, "lr": 0.0007076770185526809, "wall": 1097.3}
{"arm": "deeponet", "epoch": 336, "steps": 21568, "train": 0.00015025250467363743, "val_mean_case_max": 0.013804660984765276, "val_worst": 0.029170951758909894, "lr": 0.0007061231222312657, "wall": 1100.6}
{"arm": "deeponet", "epoch": 337, "steps": 21632, "train": 9.061132944264332e-05, "val_mean_case_max": 0.012824124688415671, "val_worst": 0.02415332122299379, "lr": 0.0007045683129863235, "wall": 1103.8}
{"arm": "deeponet", "epoch": 338, "steps": 21696, "train": 0.00011064668901608203, "val_mean_case_max": 0.022111373257920525, "val_worst": 0.032328660692739236, "lr": 0.000703012282258041, "wall": 1107.1}
{"arm": "deeponet", "epoch": 339, "steps": 21760, "train": 0.00026153511657965155, "val_mean_case_max": 0.016478504209709026, "val_worst": 0.03691183816412135, "lr": 0.0007014516451234222, "wall": 1110.4}
{"arm": "deeponet", "epoch": 340, "steps": 21824, "train": 0.00020336548092445898, "val_mean_case_max": 0.015127397865076468, "val_worst": 0.024753994380719475, "lr": 0.0006998903462466529, "wall": 1113.7}
{"arm": "deeponet", "epoch": 341, "steps": 21888, "train": 0.00015577989891086294, "val_mean_case_max": 0.015084711991772436, "val_worst": 0.027773674790987538, "lr": 0.0006983262541295309, "wall": 1117.0}
{"arm": "deeponet", "epoch": 342, "steps": 21952, "train": 0.0002214867664848373, "val_mean_case_max": 0.02264720215786402, "val_worst": 0.03093468922048531, "lr": 0.0006967602238374685, "wall": 1120.2}
{"arm": "deeponet", "epoch": 343, "steps": 22016, "train": 0.00016002836171553466, "val_mean_case_max": 0.013885517212546602, "val_worst": 0.02187587111053743, "lr": 0.000695192825645436, "wall": 1123.5}
{"arm": "deeponet", "epoch": 344, "steps": 22080, "train": 0.00018200957077759583, "val_mean_case_max": 0.017011839994278334, "val_worst": 0.02822662210763326, "lr": 0.0006936206307149782, "wall": 1126.8}
{"arm": "deeponet", "epoch": 345, "steps": 22144, "train": 0.00020235658008900146, "val_mean_case_max": 0.024088017026811404, "val_worst": 0.032712106210565146, "lr": 0.0006920479208223064, "wall": 1130.1}
{"arm": "deeponet", "epoch": 346, "steps": 22208, "train": 0.00027726170910995793, "val_mean_case_max": 0.019609086203945594, "val_worst": 0.033093091591732245, "lr": 0.0006904730767274446, "wall": 1133.4}
{"arm": "deeponet", "epoch": 347, "steps": 22272, "train": 0.00021635873534199472, "val_mean_case_max": 0.016317905634766074, "val_worst": 0.03215644418213163, "lr": 0.0006888960643784459, "wall": 1136.6}
{"arm": "deeponet", "epoch": 348, "steps": 22336, "train": 0.00018254453483413974, "val_mean_case_max": 0.02096384863923596, "val_worst": 0.02945440682732926, "lr": 0.0006873170405227947, "wall": 1139.9}
{"arm": "deeponet", "epoch": 349, "steps": 22400, "train": 0.0005104312468040776, "val_mean_case_max": 0.023044119407131122, "val_worst": 0.034609326664350994, "lr": 0.0006857365203868685, "wall": 1143.2}
{"arm": "deeponet", "epoch": 350, "steps": 22464, "train": 0.00026585907388723294, "val_mean_case_max": 0.018051824699136323, "val_worst": 0.034645699888770545, "lr": 0.0006841523021655139, "wall": 1146.5}
{"arm": "deeponet", "epoch": 351, "steps": 22528, "train": 0.0002075778052655777, "val_mean_case_max": 0.025797471338948504, "val_worst": 0.03534772597534208, "lr": 0.0006825658584120889, "wall": 1149.8}
{"arm": "deeponet", "epoch": 352, "steps": 22592, "train": 0.00023353006514494878, "val_mean_case_max": 0.016724292400698185, "val_worst": 0.0272637982753866, "lr": 0.0006809780140742565, "wall": 1153.0}
{"arm": "deeponet", "epoch": 353, "steps": 22656, "train": 0.00020337974801669972, "val_mean_case_max": 0.018996287496101858, "val_worst": 0.02802923701175438, "lr": 0.0006793873856309585, "wall": 1156.3}
{"arm": "deeponet", "epoch": 354, "steps": 22720, "train": 0.0006379091612829712, "val_mean_case_max": 0.06088363100082439, "val_worst": 0.16437768869070638, "lr": 0.0006777954227787947, "wall": 1159.6}
{"arm": "deeponet", "epoch": 355, "steps": 22784, "train": 0.0011181445772729837, "val_mean_case_max": 0.023315881534242126, "val_worst": 0.0339068315968744, "lr": 0.0006762005031360386, "wall": 1162.9}
{"arm": "deeponet", "epoch": 356, "steps": 22848, "train": 0.00022571474474894184, "val_mean_case_max": 0.014686326571328692, "val_worst": 0.022217383385462273, "lr": 0.0006746073351950037, "wall": 1166.2}
{"arm": "deeponet", "epoch": 357, "steps": 22912, "train": 0.00014602021253669938, "val_mean_case_max": 0.014204284786429003, "val_worst": 0.021290391999401734, "lr": 0.0006730083331981536, "wall": 1169.4}
{"arm": "deeponet", "epoch": 358, "steps": 22976, "train": 0.00017566390039966073, "val_mean_case_max": 0.018854285699804196, "val_worst": 0.0351873857970785, "lr": 0.0006714117412406471, "wall": 1172.7}
{"arm": "deeponet", "epoch": 359, "steps": 23040, "train": 0.0003495458733102056, "val_mean_case_max": 0.02246997170740167, "val_worst": 0.031217261514780686, "lr": 0.000669809827319409, "wall": 1176.0}
{"arm": "deeponet", "epoch": 360, "steps": 23104, "train": 0.0002732410042515428, "val_mean_case_max": 0.015836036221379836, "val_worst": 0.024371803364437544, "lr": 0.0006682077778363734, "wall": 1179.3}
{"arm": "deeponet", "epoch": 361, "steps": 23168, "train": 0.00012276550176331814, "val_mean_case_max": 0.012535075541722162, "val_worst": 0.025464023950102804, "lr": 0.0006666014486461436, "wall": 1182.6}
{"arm": "deeponet", "epoch": 362, "steps": 23232, "train": 6.686719544774812e-05, "val_mean_case_max": 0.011887212990665242, "val_worst": 0.01867418174792656, "lr": 0.000664978676001325, "wall": 1185.9}
{"arm": "deeponet", "epoch": 363, "steps": 23296, "train": 5.725087616353201e-05, "val_mean_case_max": 0.01228190963440548, "val_worst": 0.019753631603606825, "lr": 0.0006633555362210836, "wall": 1189.2}
{"arm": "deeponet", "epoch": 364, "steps": 23360, "train": 0.00013559290989311704, "val_mean_case_max": 0.017901148078567214, "val_worst": 0.022639796005749318, "lr": 0.0006617451557032526, "wall": 1192.4}
{"arm": "deeponet", "epoch": 365, "steps": 23424, "train": 0.00023018943347191613, "val_mean_case_max": 0.018419871666942457, "val_worst": 0.028873240481576412, "lr": 0.0006601343682696799, "wall": 1195.7}
{"arm": "deeponet", "epoch": 366, "steps": 23488, "train": 0.000248726288057662, "val_mean_case_max": 0.025141893149153684, "val_worst": 0.03705186408047791, "lr": 0.0006585176325924745, "wall": 1199.0}
{"arm": "deeponet", "epoch": 367, "steps": 23552, "train": 0.00028322832276063924, "val_mean_case_max": 0.015869924671088435, "val_worst": 0.028034078754945468, "lr": 0.0006568974339749425, "wall": 1202.3}
{"arm": "deeponet", "epoch": 368, "steps": 23616, "train": 0.0001735885528217635, "val_mean_case_max": 0.016753078907994802, "val_worst": 0.02609722001427258, "lr": 0.0006552773014245497, "wall": 1205.6}
{"arm": "deeponet", "epoch": 369, "steps": 23680, "train": 0.000161118211847911, "val_mean_case_max": 0.013213705592997001, "val_worst": 0.022867464353875277, "lr": 0.0006536552235115413, "wall": 1208.9}
{"arm": "deeponet", "epoch": 370, "steps": 23744, "train": 8.923271737164499e-05, "val_mean_case_max": 0.011507830213245411, "val_worst": 0.021539917237372704, "lr": 0.0006520325735931742, "wall": 1212.2}
{"arm": "deeponet", "epoch": 371, "steps": 23808, "train": 7.248366871667744e-05, "val_mean_case_max": 0.011759614335203719, "val_worst": 0.026343221897893922, "lr": 0.0006503896233752248, "wall": 1215.4}
{"arm": "deeponet", "epoch": 372, "steps": 23872, "train": 8.999683419450561e-05, "val_mean_case_max": 0.012067488997039336, "val_worst": 0.019068207763411407, "lr": 0.0006487595022664287, "wall": 1218.7}
{"arm": "deeponet", "epoch": 373, "steps": 23936, "train": 8.432456747111596e-05, "val_mean_case_max": 0.013069230621892036, "val_worst": 0.027305844217978402, "lr": 0.0006471289991977219, "wall": 1222.0}
{"arm": "deeponet", "epoch": 374, "steps": 24000, "train": 0.00017218709011714625, "val_mean_case_max": 0.013203627589126533, "val_worst": 0.024522924459810847, "lr": 0.0006455004807331752, "wall": 1225.3}
{"arm": "deeponet", "epoch": 375, "steps": 24064, "train": 0.00018293469532847654, "val_mean_case_max": 0.01582613964289783, "val_worst": 0.025818129045562497, "lr": 0.0006438662037030827, "wall": 1228.6}
{"arm": "deeponet", "epoch": 376, "steps": 24128, "train": 0.0002187782805624935, "val_mean_case_max": 0.018277501993390143, "val_worst": 0.029764708743947148, "lr": 0.0006422312804986634, "wall": 1231.9}
{"arm": "deeponet", "epoch": 377, "steps": 24192, "train": 0.0001947619517311494, "val_mean_case_max": 0.013565924867396969, "val_worst": 0.02619178998911615, "lr": 0.0006405957747010228, "wall": 1235.2}
{"arm": "deeponet", "epoch": 378, "steps": 24256, "train": 0.00012056385505843884, "val_mean_case_max": 0.01621305308657574, "val_worst": 0.023527651015123222, "lr": 0.0006389566638486955, "wall": 1238.4}
{"arm": "deeponet", "epoch": 379, "steps": 24320, "train": 0.00010862314085605095, "val_mean_case_max": 0.01139582444909395, "val_worst": 0.02573459950122189, "lr": 0.0006373149668387994, "wall": 1241.8}
{"arm": "deeponet", "epoch": 380, "steps": 24384, "train": 0.00014276987286669445, "val_mean_case_max": 0.018399787389477777, "val_worst": 0.032464004839417984, "lr": 0.0006356550719322494, "wall": 1245.0}
{"arm": "deeponet", "epoch": 381, "steps": 24448, "train": 0.0004590774159163347, "val_mean_case_max": 0.02284599081289268, "val_worst": 0.03923299832444648, "lr": 0.0006340086125818049, "wall": 1248.3}
{"arm": "deeponet", "epoch": 382, "steps": 24512, "train": 0.0006879794630238467, "val_mean_case_max": 0.02553017022047082, "val_worst": 0.04876382888051032, "lr": 0.00063235378799088, "wall": 1251.6}
{"arm": "deeponet", "epoch": 383, "steps": 24576, "train": 0.0003908488703061626, "val_mean_case_max": 0.017809167101041433, "val_worst": 0.027507355416951765, "lr": 0.0006306998642197706, "wall": 1254.9}
{"arm": "deeponet", "epoch": 384, "steps": 24640, "train": 0.00016813075344984348, "val_mean_case_max": 0.017613694946735106, "val_worst": 0.03040231285801365, "lr": 0.0006290487205400311, "wall": 1258.2}
{"arm": "deeponet", "epoch": 385, "steps": 24704, "train": 0.00018705937590063633, "val_mean_case_max": 0.01944730181093248, "val_worst": 0.02637800177110698, "lr": 0.0006273991883168314, "wall": 1261.5}
{"arm": "deeponet", "epoch": 386, "steps": 24768, "train": 0.00015604193498463907, "val_mean_case_max": 0.012485690191721167, "val_worst": 0.024577167057420166, "lr": 0.0006257459483464824, "wall": 1264.8}
{"arm": "deeponet", "epoch": 387, "steps": 24832, "train": 0.00011557316431405398, "val_mean_case_max": 0.015120047326783135, "val_worst": 0.02268434925429833, "lr": 0.0006240934115944167, "wall": 1268.1}
{"arm": "deeponet", "epoch": 388, "steps": 24896, "train": 0.00014147480086544096, "val_mean_case_max": 0.017721912667676813, "val_worst": 0.02876858197631186, "lr": 0.0006224389533705431, "wall": 1271.4}
{"arm": "deeponet", "epoch": 389, "steps": 24960, "train": 0.00017037937649082058, "val_mean_case_max": 0.01388966874515974, "val_worst": 0.024731043248940644, "lr": 0.0006207788082016434, "wall": 1274.7}
{"arm": "deeponet", "epoch": 390, "steps": 25024, "train": 9.996398064617736e-05, "val_mean_case_max": 0.010833074479920643, "val_worst": 0.019740861150068824, "lr": 0.0006191221319716227, "wall": 1278.0}
{"arm": "deeponet", "epoch": 391, "steps": 25088, "train": 0.00011252080047341009, "val_mean_case_max": 0.013408585020574165, "val_worst": 0.026636290239822925, "lr": 0.0006174491572570055, "wall": 1281.3}
{"arm": "deeponet", "epoch": 392, "steps": 25152, "train": 0.00010293564345910657, "val_mean_case_max": 0.01061282829291363, "val_worst": 0.028085097503641174, "lr": 0.0006157872080876608, "wall": 1284.6}
{"arm": "deeponet", "epoch": 393, "steps": 25216, "train": 7.821163143705644e-05, "val_mean_case_max": 0.01167544985965941, "val_worst": 0.0256488135853453, "lr": 0.0006141118652344346, "wall": 1287.9}
{"arm": "deeponet", "epoch": 394, "steps": 25280, "train": 0.00014272203342940065, "val_mean_case_max": 0.021987632757213597, "val_worst": 0.04274503956254765, "lr": 0.000612448605520843, "wall": 1291.2}
{"arm": "deeponet", "epoch": 395, "steps": 25344, "train": 0.000606971472550887, "val_mean_case_max": 0.03437443165348495, "val_worst": 0.07900658154099907, "lr": 0.0006107856979129738, "wall": 1294.5}
{"arm": "deeponet", "epoch": 396, "steps": 25408, "train": 0.00027415463844345926, "val_mean_case_max": 0.016233053174831577, "val_worst": 0.024022210326164146, "lr": 0.000609121239192163, "wall": 1297.7}
{"arm": "deeponet", "epoch": 397, "steps": 25472, "train": 0.00016307164147886583, "val_mean_case_max": 0.015296571963981036, "val_worst": 0.025999911631218772, "lr": 0.0006074523700029194, "wall": 1301.0}
{"arm": "deeponet", "epoch": 398, "steps": 25536, "train": 0.0002858319349290588, "val_mean_case_max": 0.02080825994007901, "val_worst": 0.029875649226214565, "lr": 0.0006057839429071184, "wall": 1304.3}
{"arm": "deeponet", "epoch": 399, "steps": 25600, "train": 0.0002060943095614254, "val_mean_case_max": 0.016414812358225936, "val_worst": 0.030914634094904424, "lr": 0.0006041155364718937, "wall": 1307.6}
{"arm": "deeponet", "epoch": 400, "steps": 25664, "train": 0.0001233206700719986, "val_mean_case_max": 0.012638927924319754, "val_worst": 0.02035354129774158, "lr": 0.0006024459912870612, "wall": 1310.9}
{"arm": "deeponet", "epoch": 401, "steps": 25728, "train": 9.768148765951553e-05, "val_mean_case_max": 0.01175484725885699, "val_worst": 0.028213845412540912, "lr": 0.0006007750100091778, "wall": 1314.2}
{"arm": "deeponet", "epoch": 402, "steps": 25792, "train": 7.436890558055941e-05, "val_mean_case_max": 0.013208218313800993, "val_worst": 0.02444402731984732, "lr": 0.000599102026800844, "wall": 1317.5}
{"arm": "deeponet", "epoch": 403, "steps": 25856, "train": 0.00014809174377661703, "val_mean_case_max": 0.014508190570757463, "val_worst": 0.03322687460995986, "lr": 0.0005974267307313892, "wall": 1320.8}
{"arm": "deeponet", "epoch": 404, "steps": 25920, "train": 0.00011925663188617812, "val_mean_case_max": 0.021052177310835057, "val_worst": 0.033703669244723684, "lr": 0.0005957486158284214, "wall": 1324.1}
{"arm": "deeponet", "epoch": 405, "steps": 25984, "train": 0.0001655576805165777, "val_mean_case_max": 0.013136503370594289, "val_worst": 0.022076938180963953, "lr": 0.0005940483251261759, "wall": 1327.4}
{"arm": "deeponet", "epoch": 406, "steps": 26048, "train": 8.528634878606635e-05, "val_mean_case_max": 0.010663890178687555, "val_worst": 0.018834397201139438, "lr": 0.000592371037457774, "wall": 1330.7}
{"arm": "deeponet", "epoch": 407, "steps": 26112, "train": 4.947213339134503e-05, "val_mean_case_max": 0.009076723913052934, "val_worst": 0.01829747797754315, "lr": 0.0005906938054954004, "wall": 1334.0}
{"arm": "deeponet", "epoch": 408, "steps": 26176, "train": 6.319864429850755e-05, "val_mean_case_max": 0.010808069587180558, "val_worst": 0.019579265507891866, "lr": 0.0005889988047410565, "wall": 1337.3}
{"arm": "deeponet", "epoch": 409, "steps": 26240, "train": 0.00011730308243489802, "val_mean_case_max": 0.013212617129336395, "val_worst": 0.02387951327764615, "lr": 0.0005873194332714177, "wall": 1340.6}
{"arm": "deeponet", "epoch": 410, "steps": 26304, "train": 0.00010216657323200253, "val_mean_case_max": 0.016333207179273643, "val_worst": 0.02610446660780221, "lr": 0.0005856379286512265, "wall": 1343.9}
{"arm": "deeponet", "epoch": 411, "steps": 26368, "train": 0.00016057196847480345, "val_mean_case_max": 0.022585959377953668, "val_worst": 0.036794309838588606, "lr": 0.000583957118101747, "wall": 1347.2}
{"arm": "deeponet", "epoch": 412, "steps": 26432, "train": 0.00026393370788494033, "val_mean_case_max": 0.027330690956263372, "val_worst": 0.04586293698763459, "lr": 0.0005822739397858639, "wall": 1350.4}
{"arm": "deeponet", "epoch": 413, "steps": 26496, "train": 0.0002396057813224312, "val_mean_case_max": 0.013321543482527643, "val_worst": 0.02278957517277723, "lr": 0.000580590050156804, "wall": 1353.7}
{"arm": "deeponet", "epoch": 414, "steps": 26560, "train": 0.00011356758491732656, "val_mean_case_max": 0.013409090796193526, "val_worst": 0.01812239250982241, "lr": 0.0005789034769593136, "wall": 1357.0}
{"arm": "deeponet", "epoch": 415, "steps": 26624, "train": 0.00010099443303678796, "val_mean_case_max": 0.014225077501937024, "val_worst": 0.02291275875751493, "lr": 0.0005772181879339009, "wall": 1360.3}
{"arm": "deeponet", "epoch": 416, "steps": 26688, "train": 8.944115406027718e-05, "val_mean_case_max": 0.012091607994412834, "val_worst": 0.02194223346467523, "lr": 0.0005755320827099231, "wall": 1363.6}
{"arm": "deeponet", "epoch": 417, "steps": 26752, "train": 0.00020250309743235074, "val_mean_case_max": 0.020149662229832083, "val_worst": 0.029409877099426895, "lr": 0.0005738433971355906, "wall": 1366.9}
{"arm": "deeponet", "epoch": 418, "steps": 26816, "train": 0.00028885187936829716, "val_mean_case_max": 0.0179641031617545, "val_worst": 0.02794876930338723, "lr": 0.0005721559442428491, "wall": 1370.2}
{"arm": "deeponet", "epoch": 419, "steps": 26880, "train": 0.0001454890374923256, "val_mean_case_max": 0.013091165845910175, "val_worst": 0.027759646393244096, "lr": 0.000570466266739886, "wall": 1373.5}
{"arm": "deeponet", "epoch": 420, "steps": 26944, "train": 5.264096773518134e-05, "val_mean_case_max": 0.009391898558560067, "val_worst": 0.016140609459047616, "lr": 0.0005687745721813455, "wall": 1376.8}
{"arm": "deeponet", "epoch": 421, "steps": 27008, "train": 5.855706375898597e-05, "val_mean_case_max": 0.012440928449913471, "val_worst": 0.017958780518217976, "lr": 0.0005670832025883923, "wall": 1380.0}
{"arm": "deeponet", "epoch": 422, "steps": 27072, "train": 0.00014347696874196603, "val_mean_case_max": 0.013356809347414261, "val_worst": 0.023719490353579557, "lr": 0.0005653492240957289, "wall": 1383.4}
{"arm": "deeponet", "epoch": 423, "steps": 27136, "train": 0.00010124252255705056, "val_mean_case_max": 0.010504529787831143, "val_worst": 0.026218372938312792, "lr": 0.0005636563429879432, "wall": 1386.7}
{"arm": "deeponet", "epoch": 424, "steps": 27200, "train": 7.272032688812252e-05, "val_mean_case_max": 0.010483457793230004, "val_worst": 0.017128345116230185, "lr": 0.0005619638286114205, "wall": 1390.0}
{"arm": "deeponet", "epoch": 425, "steps": 27264, "train": 7.483383308634129e-05, "val_mean_case_max": 0.013415851036708656, "val_worst": 0.02614146441663567, "lr": 0.0005602680940153236, "wall": 1393.3}
{"arm": "deeponet", "epoch": 426, "steps": 27328, "train": 9.407007474177757e-05, "val_mean_case_max": 0.012065236787045838, "val_worst": 0.020373303776039263, "lr": 0.0005585733301446178, "wall": 1396.6}
{"arm": "deeponet", "epoch": 427, "steps": 27392, "train": 9.143915490524136e-05, "val_mean_case_max": 0.012673959123755203, "val_worst": 0.019999877075737728, "lr": 0.0005568752658891224, "wall": 1399.9}
{"arm": "deeponet", "epoch": 428, "steps": 27456, "train": 0.00014672239313631689, "val_mean_case_max": 0.01668602143288494, "val_worst": 0.026506473379875085, "lr": 0.0005551781057812703, "wall": 1403.2}
{"arm": "deeponet", "epoch": 429, "steps": 27520, "train": 0.00019637578549090836, "val_mean_case_max": 0.02669453913321455, "val_worst": 0.04813346878018813, "lr": 0.000553479356907069, "wall": 1406.4}
{"arm": "deeponet", "epoch": 430, "steps": 27584, "train": 0.000499698548044207, "val_mean_case_max": 0.0293709531096204, "val_worst": 0.04919316349385071, "lr": 0.0005517801198152792, "wall": 1409.7}
{"arm": "deeponet", "epoch": 431, "steps": 27648, "train": 0.000748431601004893, "val_mean_case_max": 0.027872986195206936, "val_worst": 0.044489406500876655, "lr": 0.0005500798460724024, "wall": 1413.0}
{"arm": "deeponet", "epoch": 432, "steps": 27712, "train": 0.0003229996465128527, "val_mean_case_max": 0.016449673002665956, "val_worst": 0.025928289793935546, "lr": 0.0005483798717291019, "wall": 1416.3}
{"arm": "deeponet", "epoch": 433, "steps": 27776, "train": 8.639420256910452e-05, "val_mean_case_max": 0.010057978714651717, "val_worst": 0.019791661190479592, "lr": 0.0005466779430436749, "wall": 1419.6}
{"arm": "deeponet", "epoch": 434, "steps": 27840, "train": 4.5549107180072537e-05, "val_mean_case_max": 0.008584637140617107, "val_worst": 0.017171461813524695, "lr": 0.0005449786159576313, "wall": 1422.9}
{"arm": "deeponet", "epoch": 435, "steps": 27904, "train": 4.3916754841688454e-05, "val_mean_case_max": 0.010344503610543496, "val_worst": 0.02397913546267928, "lr": 0.0005432622353403811, "wall": 1426.2}
{"arm": "deeponet", "epoch": 436, "steps": 27968, "train": 4.8092913452066136e-05, "val_mean_case_max": 0.008910662515021909, "val_worst": 0.01840787972564277, "lr": 0.0005415607913672851, "wall": 1429.5}
{"arm": "deeponet", "epoch": 437, "steps": 28032, "train": 4.4591247466623135e-05, "val_mean_case_max": 0.008430866352121261, "val_worst": 0.015281012417027263, "lr": 0.000539859586435928, "wall": 1432.9}
{"arm": "deeponet", "epoch": 438, "steps": 28096, "train": 4.447362028403542e-05, "val_mean_case_max": 0.009867316490031254, "val_worst": 0.02196409654430772, "lr": 0.0005381416944334305, "wall": 1436.1}
{"arm": "deeponet", "epoch": 439, "steps": 28160, "train": 5.185214608540533e-05, "val_mean_case_max": 0.009095148285421222, "val_worst": 0.01832173307296574, "lr": 0.0005364378749326559, "wall": 1439.4}
{"arm": "deeponet", "epoch": 440, "steps": 28224, "train": 5.012396500549971e-05, "val_mean_case_max": 0.009614339822820868, "val_worst": 0.018282484154352636, "lr": 0.0005347361938841309, "wall": 1442.7}
{"arm": "deeponet", "epoch": 441, "steps": 28288, "train": 5.9533872042599394e-05, "val_mean_case_max": 0.009511823026981708, "val_worst": 0.017195855384600042, "lr": 0.0005330314011782856, "wall": 1446.0}
{"arm": "deeponet", "epoch": 442, "steps": 28352, "train": 8.854314620938505e-05, "val_mean_case_max": 0.016923023511399543, "val_worst": 0.03316292029241279, "lr": 0.000531325026093445, "wall": 1449.3}
{"arm": "deeponet", "epoch": 443, "steps": 28416, "train": 0.00016767342184798576, "val_mean_case_max": 0.019254120362041417, "val_worst": 0.03572913652986562, "lr": 0.0005296210621549624, "wall": 1452.6}
{"arm": "deeponet", "epoch": 444, "steps": 28480, "train": 0.00010151974271926669, "val_mean_case_max": 0.013128046440193218, "val_worst": 0.024535388403850177, "lr": 0.00052791254182382, "wall": 1455.9}
{"arm": "deeponet", "epoch": 445, "steps": 28544, "train": 0.0002880141394340386, "val_mean_case_max": 0.02411435368566308, "val_worst": 0.040397522072921174, "lr": 0.0005262063135760987, "wall": 1459.2}
{"arm": "deeponet", "epoch": 446, "steps": 28608, "train": 0.0002187922320070925, "val_mean_case_max": 0.014703039813759623, "val_worst": 0.034229779744130585, "lr": 0.0005244992828414459, "wall": 1462.5}
{"arm": "deeponet", "epoch": 447, "steps": 28672, "train": 7.168331863143649e-05, "val_mean_case_max": 0.009223918338667775, "val_worst": 0.01813610542107252, "lr": 0.0005227903524210007, "wall": 1465.8}
{"arm": "deeponet", "epoch": 448, "steps": 28736, "train": 3.9124365718625916e-05, "val_mean_case_max": 0.00862951856709369, "val_worst": 0.01593665606407951, "lr": 0.0005210809348278741, "wall": 1469.1}
{"arm": "deeponet", "epoch": 449, "steps": 28800, "train": 4.6445639607812555e-05, "val_mean_case_max": 0.010824708892510203, "val_worst": 0.017360515961522036, "lr": 0.0005193750199888357, "wall": 1472.4}
{"arm": "deeponet", "epoch": 450, "steps": 28864, "train": 7.830326749579789e-05, "val_mean_case_max": 0.01205896589760309, "val_worst": 0.021567919555357674, "lr": 0.0005176671989763888, "wall": 1475.7}
{"arm": "deeponet", "epoch": 451, "steps": 28928, "train": 0.0001453345540058436, "val_mean_case_max": 0.01806253602339168, "val_worst": 0.03247403080210821, "lr": 0.0005159596288553763, "wall": 1479.0}
{"arm": "deeponet", "epoch": 452, "steps": 28992, "train": 0.0001993332564427335, "val_mean_case_max": 0.01584654383143478, "val_worst": 0.026648256528247694, "lr": 0.0005142509178474023, "wall": 1482.3}
{"arm": "deeponet", "epoch": 453, "steps": 29056, "train": 0.00010957741725583318, "val_mean_case_max": 0.010816171864668935, "val_worst": 0.015870887590339295, "lr": 0.0005125403801629548, "wall": 1485.6}
{"arm": "deeponet", "epoch": 454, "steps": 29120, "train": 0.00011635522590485033, "val_mean_case_max": 0.014696938876681108, "val_worst": 0.02089673038561979, "lr": 0.0005108332396316944, "wall": 1488.9}
{"arm": "deeponet", "epoch": 455, "steps": 29184, "train": 0.00010253731727390803, "val_mean_case_max": 0.010580911883904493, "val_worst": 0.020171105098215535, "lr": 0.0005091194299385219, "wall": 1492.2}
{"arm": "deeponet", "epoch": 456, "steps": 29248, "train": 9.975251411859901e-05, "val_mean_case_max": 0.013165074446405968, "val_worst": 0.019761683092310623, "lr": 0.0005074113342736449, "wall": 1495.5}
{"arm": "deeponet", "epoch": 457, "steps": 29312, "train": 0.00010649228061567406, "val_mean_case_max": 0.011390411975581691, "val_worst": 0.020276787756981295, "lr": 0.0005057023546621907, "wall": 1498.8}
{"arm": "deeponet", "epoch": 458, "steps": 29376, "train": 7.749401461832116e-05, "val_mean_case_max": 0.013455447177198293, "val_worst": 0.020498951494854523, "lr": 0.0005039731345231602, "wall": 1502.1}
{"arm": "deeponet", "epoch": 459, "steps": 29440, "train": 7.022027298039365e-05, "val_mean_case_max": 0.012873098132522279, "val_worst": 0.021727842624758586, "lr": 0.000502264666491167, "wall": 1505.4}
{"arm": "deeponet", "epoch": 460, "steps": 29504, "train": 9.641257212188909e-05, "val_mean_case_max": 0.013526966632428816, "val_worst": 0.02898439007030511, "lr": 0.0005005495707459428, "wall": 1508.7}
{"arm": "deeponet", "epoch": 461, "steps": 29568, "train": 9.971127488493717e-05, "val_mean_case_max": 0.013329021620290309, "val_worst": 0.02404625255012867, "lr": 0.0004988408935113599, "wall": 1512.0}
{"arm": "deeponet", "epoch": 462, "steps": 29632, "train": 0.00013596186040494638, "val_mean_case_max": 0.014750005989397004, "val_worst": 0.03259606185705063, "lr": 0.0004971312872678906, "wall": 1515.3}
{"arm": "deeponet", "epoch": 463, "steps": 29696, "train": 9.610739891780918e-05, "val_mean_case_max": 0.01198749806332437, "val_worst": 0.021015402345419675, "lr": 0.0004954213215463974, "wall": 1518.6}
{"arm": "deeponet", "epoch": 464, "steps": 29760, "train": 9.804139087579819e-05, "val_mean_case_max": 0.011073692150978889, "val_worst": 0.01986508373659089, "lr": 0.0004937132048602068, "wall": 1521.9}
{"arm": "deeponet", "epoch": 465, "steps": 29824, "train": 8.539251458233269e-05, "val_mean_case_max": 0.01308062044142331, "val_worst": 0.01774252232553721, "lr": 0.0004920036637498223, "wall": 1525.2}
{"arm": "deeponet", "epoch": 466, "steps": 29888, "train": 0.00016712302266249496, "val_mean_case_max": 0.017178747802391175, "val_worst": 0.032266195794830324, "lr": 0.0004902936126620528, "wall": 1528.5}
{"arm": "deeponet", "epoch": 467, "steps": 29952, "train": 0.00018641775714645878, "val_mean_case_max": 0.014089918737505716, "val_worst": 0.024849484547063882, "lr": 0.0004885880956048764, "wall": 1531.8}
{"arm": "deeponet", "epoch": 468, "steps": 30016, "train": 7.93340189618775e-05, "val_mean_case_max": 0.008876330529440299, "val_worst": 0.014943948552494589, "lr": 0.00048688112546284274, "wall": 1535.1}
{"arm": "deeponet", "epoch": 469, "steps": 30080, "train": 8.402277624345702e-05, "val_mean_case_max": 0.011411843429102671, "val_worst": 0.024095639152911668, "lr": 0.00048517407148955077, "wall": 1538.4}
{"arm": "deeponet", "epoch": 470, "steps": 30144, "train": 7.966829776851974e-05, "val_mean_case_max": 0.011384605213643807, "val_worst": 0.023881371451937618, "lr": 0.00048346580405717905, "wall": 1541.7}
{"arm": "deeponet", "epoch": 471, "steps": 30208, "train": 8.902515526625746e-05, "val_mean_case_max": 0.013216288034063056, "val_worst": 0.02152274318499439, "lr": 0.00048175651156554244, "wall": 1545.0}
{"arm": "deeponet", "epoch": 472, "steps": 30272, "train": 6.937370815723198e-05, "val_mean_case_max": 0.010601011938845, "val_worst": 0.017113047474225675, "lr": 0.00048005347509384104, "wall": 1548.3}
{"arm": "deeponet", "epoch": 473, "steps": 30336, "train": 6.620928620205919e-05, "val_mean_case_max": 0.010259277961718636, "val_worst": 0.020320882766771364, "lr": 0.0004783592799037428, "wall": 1551.5}
{"arm": "deeponet", "epoch": 474, "steps": 30400, "train": 5.867494069575853e-05, "val_mean_case_max": 0.012248506897460303, "val_worst": 0.02265618380329046, "lr": 0.00047666507778701465, "wall": 1554.8}
{"arm": "deeponet", "epoch": 475, "steps": 30464, "train": 6.879199253060988e-05, "val_mean_case_max": 0.011888202497881785, "val_worst": 0.021864126361014865, "lr": 0.0004749684928730506, "wall": 1558.1}
{"arm": "deeponet", "epoch": 476, "steps": 30528, "train": 0.00022978007254571706, "val_mean_case_max": 0.03402398464885199, "val_worst": 0.050736321343112706, "lr": 0.0004732745693074922, "wall": 1561.4}
{"arm": "deeponet", "epoch": 477, "steps": 30592, "train": 0.0007750496458476723, "val_mean_case_max": 0.027390216737509986, "val_worst": 0.032593381752563926, "lr": 0.00047158274187604845, "wall": 1564.6}
{"arm": "deeponet", "epoch": 478, "steps": 30656, "train": 0.0002139215527664945, "val_mean_case_max": 0.013347065590262792, "val_worst": 0.022691981209202582, "lr": 0.00046988986738829674, "wall": 1567.9}
{"arm": "deeponet", "epoch": 479, "steps": 30720, "train": 9.565006154599955e-05, "val_mean_case_max": 0.01110936112472476, "val_worst": 0.02414461250603515, "lr": 0.00046820010238904743, "wall": 1571.2}
{"arm": "deeponet", "epoch": 480, "steps": 30784, "train": 7.628710173699796e-05, "val_mean_case_max": 0.01080854716698138, "val_worst": 0.015278230679258192, "lr": 0.0004665092303456481, "wall": 1574.5}
{"arm": "deeponet", "epoch": 481, "steps": 30848, "train": 6.434728498240036e-05, "val_mean_case_max": 0.009511670265284348, "val_worst": 0.01952266213688541, "lr": 0.0004648194652448865, "wall": 1577.7}
{"arm": "deeponet", "epoch": 482, "steps": 30912, "train": 4.827593647444996e-05, "val_mean_case_max": 0.01009383931458112, "val_worst": 0.02638863132731336, "lr": 0.0004631314978442288, "wall": 1581.0}
{"arm": "deeponet", "epoch": 483, "steps": 30976, "train": 4.800907466061938e-05, "val_mean_case_max": 0.009320037679705202, "val_worst": 0.016387884663037037, "lr": 0.00046144281427506985, "wall": 1584.3}
{"arm": "deeponet", "epoch": 484, "steps": 31040, "train": 5.434732281399274e-05, "val_mean_case_max": 0.010306074723766302, "val_worst": 0.016630455102898373, "lr": 0.00045975381224290203, "wall": 1587.5}
{"arm": "deeponet", "epoch": 485, "steps": 31104, "train": 7.438765366078115e-05, "val_mean_case_max": 0.010411009834528924, "val_worst": 0.018323141382969765, "lr": 0.0004580668987756185, "wall": 1590.8}
{"arm": "deeponet", "epoch": 486, "steps": 31168, "train": 5.0344541650879474e-05, "val_mean_case_max": 0.009973305615633723, "val_worst": 0.021432279486598628, "lr": 0.00045638053790777376, "wall": 1594.1}
{"arm": "deeponet", "epoch": 487, "steps": 31232, "train": 5.406959069919138e-05, "val_mean_case_max": 0.009943160041127035, "val_worst": 0.021434967645007914, "lr": 0.0004546948775714207, "wall": 1597.3}
{"arm": "deeponet", "epoch": 488, "steps": 31296, "train": 5.0649920121444906e-05, "val_mean_case_max": 0.008530221792859873, "val_worst": 0.01587959643061564, "lr": 0.00045300823789201655, "wall": 1600.6}
{"arm": "deeponet", "epoch": 489, "steps": 31360, "train": 4.238238690864388e-05, "val_mean_case_max": 0.007937353618438015, "val_worst": 0.01358766078491012, "lr": 0.0004513227352734693, "wall": 1603.9}
{"arm": "deeponet", "epoch": 490, "steps": 31424, "train": 5.4430343986740065e-05, "val_mean_case_max": 0.010065624893590065, "val_worst": 0.014164952237795162, "lr": 0.0004496128426394473, "wall": 1607.2}
{"arm": "deeponet", "epoch": 491, "steps": 31488, "train": 6.370974370050192e-05, "val_mean_case_max": 0.009866800670784982, "val_worst": 0.020058193060420365, "lr": 0.00044792740667692183, "wall": 1610.5}
{"arm": "deeponet", "epoch": 492, "steps": 31552, "train": 4.566876558257647e-05, "val_mean_case_max": 0.008584566233254584, "val_worst": 0.01761592114180563, "lr": 0.00044624137900673274, "wall": 1613.7}
{"arm": "deeponet", "epoch": 493, "steps": 31616, "train": 7.534701968875107e-05, "val_mean_case_max": 0.012446942431638155, "val_worst": 0.023001032974305537, "lr": 0.0004445588977790135, "wall": 1617.0}
{"arm": "deeponet", "epoch": 494, "steps": 31680, "train": 6.584149070044524e-05, "val_mean_case_max": 0.009072198731227665, "val_worst": 0.0177077007254685, "lr": 0.00044287561824027973, "wall": 1620.3}
{"arm": "deeponet", "epoch": 495, "steps": 31744, "train": 7.494839016745112e-05, "val_mean_case_max": 0.012178510039577296, "val_worst": 0.018281082445059577, "lr": 0.00044119150087509624, "wall": 1623.6}
{"arm": "deeponet", "epoch": 496, "steps": 31808, "train": 5.446866223078575e-05, "val_mean_case_max": 0.011067014303708322, "val_worst": 0.019863840679062862, "lr": 0.0004395079458691822, "wall": 1626.8}
{"arm": "deeponet", "epoch": 497, "steps": 31872, "train": 4.362620848074527e-05, "val_mean_case_max": 0.008888746166873, "val_worst": 0.014855778166766254, "lr": 0.0004378291802405984, "wall": 1630.1}
{"arm": "deeponet", "epoch": 498, "steps": 31936, "train": 4.7635356149856406e-05, "val_mean_case_max": 0.009383185273833227, "val_worst": 0.022572612867875784, "lr": 0.0004361502987097346, "wall": 1633.4}
{"arm": "deeponet", "epoch": 499, "steps": 32000, "train": 0.00012346428189054408, "val_mean_case_max": 0.017844030453728836, "val_worst": 0.038925446132486906, "lr": 0.0004344704695550609, "wall": 1636.7}
{"arm": "deeponet", "epoch": 500, "steps": 32064, "train": 0.00017616727495171027, "val_mean_case_max": 0.014349885445602945, "val_worst": 0.030412387077594822, "lr": 0.00043278721570821476, "wall": 1639.9}
{"arm": "deeponet", "epoch": 501, "steps": 32128, "train": 8.786230298551623e-05, "val_mean_case_max": 0.011701909559888344, "val_worst": 0.026463337986855958, "lr": 0.0004311081846898422, "wall": 1643.2}
{"arm": "deeponet", "epoch": 502, "steps": 32192, "train": 0.00016278293284779355, "val_mean_case_max": 0.020094655859786828, "val_worst": 0.028218039122156348, "lr": 0.00042943050431598184, "wall": 1646.5}
{"arm": "deeponet", "epoch": 503, "steps": 32256, "train": 0.00016770602460593588, "val_mean_case_max": 0.011816747456911702, "val_worst": 0.02254769247062986, "lr": 0.00042775341313343725, "wall": 1649.8}
{"arm": "deeponet", "epoch": 504, "steps": 32320, "train": 0.00012769131439314512, "val_mean_case_max": 0.01202684214831222, "val_worst": 0.016649075632679467, "lr": 0.0004260722380061706, "wall": 1653.0}
{"arm": "deeponet", "epoch": 505, "steps": 32384, "train": 8.686440457014786e-05, "val_mean_case_max": 0.010148692129016194, "val_worst": 0.023147516300011644, "lr": 0.0004243972389530923, "wall": 1656.3}
{"arm": "deeponet", "epoch": 506, "steps": 32448, "train": 4.892179307782307e-05, "val_mean_case_max": 0.009339730934481927, "val_worst": 0.01635984951948733, "lr": 0.0004227224382327432, "wall": 1659.6}
{"arm": "deeponet", "epoch": 507, "steps": 32512, "train": 5.111059791972137e-05, "val_mean_case_max": 0.009489329186190845, "val_worst": 0.015217050393171373, "lr": 0.0004210482654748236, "wall": 1662.9}
{"arm": "deeponet", "epoch": 508, "steps": 32576, "train": 5.56922163832033e-05, "val_mean_case_max": 0.009701854919597405, "val_worst": 0.016409062360520824, "lr": 0.00041937228701513556, "wall": 1666.1}
{"arm": "deeponet", "epoch": 509, "steps": 32640, "train": 4.8157757364399324e-05, "val_mean_case_max": 0.010879216171820114, "val_worst": 0.01877092805990736, "lr": 0.0004176980980369465, "wall": 1669.4}
{"arm": "deeponet", "epoch": 510, "steps": 32704, "train": 8.062869055687433e-05, "val_mean_case_max": 0.014644798673436838, "val_worst": 0.022396882284652957, "lr": 0.0004160246054263157, "wall": 1672.7}
{"arm": "deeponet", "epoch": 511, "steps": 32768, "train": 7.600227683674483e-05, "val_mean_case_max": 0.00828947312894976, "val_worst": 0.01707293547516827, "lr": 0.000414352155201187, "wall": 1676.0}
{"arm": "deeponet", "epoch": 512, "steps": 32832, "train": 4.7006444600894055e-05, "val_mean_case_max": 0.009649533013945812, "val_worst": 0.018287271083070322, "lr": 0.00041268129470530896, "wall": 1679.3}
{"arm": "deeponet", "epoch": 513, "steps": 32896, "train": 4.695638174601931e-05, "val_mean_case_max": 0.009299821487893958, "val_worst": 0.016214848757385734, "lr": 0.000411012079280551, "wall": 1682.5}
{"arm": "deeponet", "epoch": 514, "steps": 32960, "train": 4.013897590969744e-05, "val_mean_case_max": 0.00875676807188263, "val_worst": 0.018720281253813465, "lr": 0.0004093429867875211, "wall": 1685.8}
{"arm": "deeponet", "epoch": 515, "steps": 33024, "train": 4.3328237331928296e-05, "val_mean_case_max": 0.008819215450590884, "val_worst": 0.01819857270756996, "lr": 0.00040766932564635194, "wall": 1689.1}
{"arm": "deeponet", "epoch": 516, "steps": 33088, "train": 0.0001754887664744126, "val_mean_case_max": 0.02076543460299667, "val_worst": 0.04149502377627454, "lr": 0.00040600430485485833, "wall": 1692.4}
{"arm": "deeponet", "epoch": 517, "steps": 33152, "train": 0.00013886598409799532, "val_mean_case_max": 0.012792311256257826, "val_worst": 0.021284964988289273, "lr": 0.00040433979333191235, "wall": 1695.7}
{"arm": "deeponet", "epoch": 518, "steps": 33216, "train": 0.00011303144947161658, "val_mean_case_max": 0.009561643051286706, "val_worst": 0.01732311473099293, "lr": 0.00040267849897629324, "wall": 1699.0}
{"arm": "deeponet", "epoch": 519, "steps": 33280, "train": 5.35661121312247e-05, "val_mean_case_max": 0.0093931498499357, "val_worst": 0.01792368620308339, "lr": 0.00040101843079787865, "wall": 1702.2}
{"arm": "deeponet", "epoch": 520, "steps": 33344, "train": 4.1348558685259376e-05, "val_mean_case_max": 0.008577150713789125, "val_worst": 0.018854241979562675, "lr": 0.00039936030756909744, "wall": 1705.5}
{"arm": "deeponet", "epoch": 521, "steps": 33408, "train": 3.297749474061505e-05, "val_mean_case_max": 0.008702773805942057, "val_worst": 0.017356855538430922, "lr": 0.00039770345289282205, "wall": 1708.8}
{"arm": "deeponet", "epoch": 522, "steps": 33472, "train": 2.875622355778989e-05, "val_mean_case_max": 0.00811647476051212, "val_worst": 0.01388548252937206, "lr": 0.00039604655896183623, "wall": 1712.0}
{"arm": "deeponet", "epoch": 523, "steps": 33536, "train": 7.37081157457298e-05, "val_mean_case_max": 0.012376701484511726, "val_worst": 0.028818866388867992, "lr": 0.0003943873318617985, "wall": 1715.3}
{"arm": "deeponet", "epoch": 524, "steps": 33600, "train": 8.005768058480831e-05, "val_mean_case_max": 0.010798741394059265, "val_worst": 0.014876579402663716, "lr": 0.0003927311110010494, "wall": 1718.6}
{"arm": "deeponet", "epoch": 525, "steps": 33664, "train": 9.340543514260893e-05, "val_mean_case_max": 0.011143491141561494, "val_worst": 0.016820688156511172, "lr": 0.00039107736164070955, "wall": 1721.9}
{"arm": "deeponet", "epoch": 526, "steps": 33728, "train": 7.297371944594726e-05, "val_mean_case_max": 0.012249982050165425, "val_worst": 0.023607771742996178, "lr": 0.0003894241288626219, "wall": 1725.2}
{"arm": "deeponet", "epoch": 527, "steps": 33792, "train": 9.084724054071458e-05, "val_mean_case_max": 0.015739880781368572, "val_worst": 0.021901820960615152, "lr": 0.000387773865382605, "wall": 1728.4}
{"arm": "deeponet", "epoch": 528, "steps": 33856, "train": 0.00012173362896790861, "val_mean_case_max": 0.014153349773870815, "val_worst": 0.027510705269337382, "lr": 0.000386119249747341, "wall": 1731.7}
{"arm": "deeponet", "epoch": 529, "steps": 33920, "train": 8.335371178718095e-05, "val_mean_case_max": 0.008558715284753982, "val_worst": 0.018186301649798238, "lr": 0.00038447159720148005, "wall": 1735.0}
{"arm": "deeponet", "epoch": 530, "steps": 33984, "train": 3.769574032503887e-05, "val_mean_case_max": 0.00875695375956688, "val_worst": 0.01981813322680636, "lr": 0.0003828244113712793, "wall": 1738.3}
{"arm": "deeponet", "epoch": 531, "steps": 34048, "train": 4.22694970473998e-05, "val_mean_case_max": 0.008476414446493687, "val_worst": 0.014176249766726611, "lr": 0.0003811754484932383, "wall": 1741.6}
{"arm": "deeponet", "epoch": 532, "steps": 34112, "train": 3.480101693238992e-05, "val_mean_case_max": 0.00962354886603958, "val_worst": 0.0186380234375933, "lr": 0.00037953149862893996, "wall": 1744.8}
{"arm": "deeponet", "epoch": 533, "steps": 34176, "train": 5.974373888660235e-05, "val_mean_case_max": 0.01107219807673258, "val_worst": 0.015568712883589624, "lr": 0.0003778835956017726, "wall": 1748.1}
{"arm": "deeponet", "epoch": 534, "steps": 34240, "train": 6.365152101039796e-05, "val_mean_case_max": 0.009794467022158684, "val_worst": 0.0180089410518723, "lr": 0.0003762429012305467, "wall": 1751.4}
{"arm": "deeponet", "epoch": 535, "steps": 34304, "train": 4.519154949253814e-05, "val_mean_case_max": 0.008629888900471967, "val_worst": 0.01765101261562586, "lr": 0.0003746028689531858, "wall": 1754.7}
{"arm": "deeponet", "epoch": 536, "steps": 34368, "train": 5.6730569046546036e-05, "val_mean_case_max": 0.009594550391835766, "val_worst": 0.013449195052935297, "lr": 0.00037296396450065195, "wall": 1758.0}
{"arm": "deeponet", "epoch": 537, "steps": 34432, "train": 9.904480477949926e-05, "val_mean_case_max": 0.012922560902872311, "val_worst": 0.019430133516796025, "lr": 0.0003713264630250899, "wall": 1761.2}
{"arm": "deeponet", "epoch": 538, "steps": 34496, "train": 6.681260727136706e-05, "val_mean_case_max": 0.009274483641517953, "val_worst": 0.014141573131020492, "lr": 0.00036968831881066126, "wall": 1764.5}
{"arm": "deeponet", "epoch": 539, "steps": 34560, "train": 6.025361469060162e-05, "val_mean_case_max": 0.010384843624094173, "val_worst": 0.0171743068796178, "lr": 0.00036805346632699283, "wall": 1767.8}
{"arm": "deeponet", "epoch": 540, "steps": 34624, "train": 0.0001184819078652291, "val_mean_case_max": 0.012174653896083666, "val_worst": 0.017365423585126234, "lr": 0.00036642241014344377, "wall": 1771.1}
{"arm": "deeponet", "epoch": 541, "steps": 34688, "train": 9.014084117297199e-05, "val_mean_case_max": 0.01049613219085849, "val_worst": 0.01302016119932259, "lr": 0.000364792645785578, "wall": 1774.4}
{"arm": "deeponet", "epoch": 542, "steps": 34752, "train": 4.6649750007109525e-05, "val_mean_case_max": 0.007867858989828658, "val_worst": 0.019067901132703926, "lr": 0.00036313766357892806, "wall": 1777.7}
{"arm": "deeponet", "epoch": 543, "steps": 34816, "train": 3.489272459507584e-05, "val_mean_case_max": 0.008599623277484491, "val_worst": 0.016999151838667053, "lr": 0.0003614977591634462, "wall": 1781.0}
{"arm": "deeponet", "epoch": 544, "steps": 34880, "train": 3.339701709653946e-05, "val_mean_case_max": 0.009191996447667352, "val_worst": 0.01676700629615318, "lr": 0.0003598712610621374, "wall": 1784.3}
{"arm": "deeponet", "epoch": 545, "steps": 34944, "train": 4.219018903735641e-05, "val_mean_case_max": 0.009171132578653995, "val_worst": 0.01633866552634049, "lr": 0.0003582464971516667, "wall": 1787.6}
{"arm": "deeponet", "epoch": 546, "steps": 35008, "train": 5.8688786080666805e-05, "val_mean_case_max": 0.011033964605288375, "val_worst": 0.0312650302674015, "lr": 0.0003566244102824535, "wall": 1790.8}
{"arm": "deeponet", "epoch": 547, "steps": 35072, "train": 7.402118295508548e-05, "val_mean_case_max": 0.010597496515045554, "val_worst": 0.019996768689121366, "lr": 0.000355003643852556, "wall": 1794.1}
{"arm": "deeponet", "epoch": 548, "steps": 35136, "train": 4.9309314731731526e-05, "val_mean_case_max": 0.00906796481405339, "val_worst": 0.016300608354310308, "lr": 0.000353384807764629, "wall": 1797.4}
{"arm": "deeponet", "epoch": 549, "steps": 35200, "train": 3.499724600072938e-05, "val_mean_case_max": 0.008752092462653821, "val_worst": 0.0173237876549116, "lr": 0.00035176831504320623, "wall": 1800.7}
{"arm": "deeponet", "epoch": 550, "steps": 35264, "train": 4.078053714540102e-05, "val_mean_case_max": 0.008191888552561682, "val_worst": 0.012979705855093445, "lr": 0.00035015343789436494, "wall": 1803.9}
{"arm": "deeponet", "epoch": 551, "steps": 35328, "train": 4.196807302450714e-05, "val_mean_case_max": 0.010880913742770195, "val_worst": 0.02291063585828449, "lr": 0.0003485397685072626, "wall": 1807.2}
{"arm": "deeponet", "epoch": 552, "steps": 35392, "train": 5.146674410576287e-05, "val_mean_case_max": 0.010218008234542079, "val_worst": 0.015130975293102176, "lr": 0.0003469271081550272, "wall": 1810.5}
{"arm": "deeponet", "epoch": 553, "steps": 35456, "train": 4.769922524793138e-05, "val_mean_case_max": 0.008801886644240916, "val_worst": 0.016684490001021623, "lr": 0.0003453151727473904, "wall": 1813.8}
{"arm": "deeponet", "epoch": 554, "steps": 35520, "train": 3.931266454475981e-05, "val_mean_case_max": 0.008378690842733695, "val_worst": 0.015661201454884803, "lr": 0.000343704252086303, "wall": 1817.1}
{"arm": "deeponet", "epoch": 555, "steps": 35584, "train": 2.686466924741544e-05, "val_mean_case_max": 0.0078116158262451895, "val_worst": 0.014426409558943289, "lr": 0.00034209767936772503, "wall": 1820.4}
{"arm": "deeponet", "epoch": 556, "steps": 35648, "train": 2.4910641068120907e-05, "val_mean_case_max": 0.00755857261036216, "val_worst": 0.014731578410823138, "lr": 0.0003404769758779016, "wall": 1823.7}
{"arm": "deeponet", "epoch": 557, "steps": 35712, "train": 5.2796827545733255e-05, "val_mean_case_max": 0.010254666322423254, "val_worst": 0.019928909706986513, "lr": 0.00033885901927308834, "wall": 1827.0}
{"arm": "deeponet", "epoch": 558, "steps": 35776, "train": 5.364630155204491e-05, "val_mean_case_max": 0.00873754524550812, "val_worst": 0.0170439319455933, "lr": 0.00033725828020372866, "wall": 1830.3}
{"arm": "deeponet", "epoch": 559, "steps": 35840, "train": 5.6985820294014854e-05, "val_mean_case_max": 0.009575685460187864, "val_worst": 0.019019951699616046, "lr": 0.000335658049815791, "wall": 1833.5}
{"arm": "deeponet", "epoch": 560, "steps": 35904, "train": 0.00010264258102533593, "val_mean_case_max": 0.012415151125719288, "val_worst": 0.021977814106094395, "lr": 0.00033406174487206325, "wall": 1836.8}
{"arm": "deeponet", "epoch": 561, "steps": 35968, "train": 0.00011135883912913408, "val_mean_case_max": 0.01007310990633241, "val_worst": 0.015993578752503877, "lr": 0.00033246752009851073, "wall": 1840.1}
{"arm": "deeponet", "epoch": 562, "steps": 36032, "train": 8.610129164847373e-05, "val_mean_case_max": 0.01142659074512492, "val_worst": 0.019322353761973034, "lr": 0.00033087292010743844, "wall": 1843.4}
{"arm": "deeponet", "epoch": 563, "steps": 36096, "train": 4.562609883373022e-05, "val_mean_case_max": 0.007543053135631984, "val_worst": 0.013530010939634119, "lr": 0.0003292816976301559, "wall": 1846.7}
{"arm": "deeponet", "epoch": 564, "steps": 36160, "train": 4.9866382026391275e-05, "val_mean_case_max": 0.009797493799293771, "val_worst": 0.017141738065570712, "lr": 0.0003276786543420448, "wall": 1850.0}
{"arm": "deeponet", "epoch": 565, "steps": 36224, "train": 4.5863069060426246e-05, "val_mean_case_max": 0.00885600463082279, "val_worst": 0.01306808890568586, "lr": 0.0003260903292272003, "wall": 1853.3}
{"arm": "deeponet", "epoch": 566, "steps": 36288, "train": 4.705569120064914e-05, "val_mean_case_max": 0.008417148499866484, "val_worst": 0.016981546855017036, "lr": 0.00032450517676969084, "wall": 1856.5}
{"arm": "deeponet", "epoch": 567, "steps": 36352, "train": 3.3276277905985724e-05, "val_mean_case_max": 0.008111792577446377, "val_worst": 0.013729379441128418, "lr": 0.0003229021972058272, "wall": 1859.9}
{"arm": "deeponet", "epoch": 568, "steps": 36416, "train": 4.2478876923589335e-05, "val_mean_case_max": 0.009049429153484579, "val_worst": 0.01836278460560042, "lr": 0.00032132222017291036, "wall": 1863.1}
{"arm": "deeponet", "epoch": 569, "steps": 36480, "train": 5.426636682922956e-05, "val_mean_case_max": 0.0082145063555904, "val_worst": 0.017229059687587044, "lr": 0.00031974443913651573, "wall": 1866.4}
{"arm": "deeponet", "epoch": 570, "steps": 36544, "train": 3.2373406370386244e-05, "val_mean_case_max": 0.008530383727237039, "val_worst": 0.017691444904405926, "lr": 0.0003181685051906113, "wall": 1869.7}
{"arm": "deeponet", "epoch": 571, "steps": 36608, "train": 2.780496875221121e-05, "val_mean_case_max": 0.008387996751227113, "val_worst": 0.014449499538510852, "lr": 0.000316594898573324, "wall": 1873.0}
{"arm": "deeponet", "epoch": 572, "steps": 36672, "train": 4.2542909242579415e-05, "val_mean_case_max": 0.010167068188870247, "val_worst": 0.018993234092279848, "lr": 0.00031502137544281325, "wall": 1876.3}
{"arm": "deeponet", "epoch": 573, "steps": 36736, "train": 5.992054839427283e-05, "val_mean_case_max": 0.009906030467872126, "val_worst": 0.022192243808211522, "lr": 0.0003134527321922653, "wall": 1879.6}
{"arm": "deeponet", "epoch": 574, "steps": 36800, "train": 3.91851239387952e-05, "val_mean_case_max": 0.00792589475878278, "val_worst": 0.01334847991458634, "lr": 0.0003118824235680723, "wall": 1882.8}
{"arm": "deeponet", "epoch": 575, "steps": 36864, "train": 3.1982278818368777e-05, "val_mean_case_max": 0.007956839456717118, "val_worst": 0.01901851499334867, "lr": 0.0003103073654364713, "wall": 1886.1}
{"arm": "deeponet", "epoch": 576, "steps": 36928, "train": 5.057689223083231e-05, "val_mean_case_max": 0.008634552746675208, "val_worst": 0.016099401938490486, "lr": 0.00030873477888503835, "wall": 1889.4}
{"arm": "deeponet", "epoch": 577, "steps": 36992, "train": 3.9461980298728105e-05, "val_mean_case_max": 0.008866956280781362, "val_worst": 0.014820087837347744, "lr": 0.00030716727414836445, "wall": 1892.7}
{"arm": "deeponet", "epoch": 578, "steps": 37056, "train": 3.320218159434531e-05, "val_mean_case_max": 0.008977600534993108, "val_worst": 0.018577434619526507, "lr": 0.0003056011294573031, "wall": 1896.0}
{"arm": "deeponet", "epoch": 579, "steps": 37120, "train": 0.00012744027284395732, "val_mean_case_max": 0.016493152744358724, "val_worst": 0.025343637771220083, "lr": 0.0003040446516079351, "wall": 1899.3}
{"arm": "deeponet", "epoch": 580, "steps": 37184, "train": 0.00011996156053419062, "val_mean_case_max": 0.01128575241734872, "val_worst": 0.01642483209872633, "lr": 0.0003024930148124121, "wall": 1902.6}
{"arm": "deeponet", "epoch": 581, "steps": 37248, "train": 6.393735593349502e-05, "val_mean_case_max": 0.00901757472332108, "val_worst": 0.01249534907910617, "lr": 0.0003009422740919162, "wall": 1905.9}
{"arm": "deeponet", "epoch": 582, "steps": 37312, "train": 4.015400043480011e-05, "val_mean_case_max": 0.008810104297016008, "val_worst": 0.015563488745743106, "lr": 0.00029939515702894425, "wall": 1909.2}
{"arm": "deeponet", "epoch": 583, "steps": 37376, "train": 3.929326217074901e-05, "val_mean_case_max": 0.007771099683406874, "val_worst": 0.01418517353838228, "lr": 0.0002978481189515838, "wall": 1912.4}
{"arm": "deeponet", "epoch": 584, "steps": 37440, "train": 2.872402842246421e-05, "val_mean_case_max": 0.006689639376391769, "val_worst": 0.013973920578865545, "lr": 0.00029630420649120033, "wall": 1915.8}
{"arm": "deeponet", "epoch": 585, "steps": 37504, "train": 2.537288683230069e-05, "val_mean_case_max": 0.007787945277934838, "val_worst": 0.013534207149890558, "lr": 0.00029474837861184137, "wall": 1919.0}
{"arm": "deeponet", "epoch": 586, "steps": 37568, "train": 3.2377190042813875e-05, "val_mean_case_max": 0.008352071892770523, "val_worst": 0.015516497955813252, "lr": 0.0002932089499290406, "wall": 1922.3}
{"arm": "deeponet", "epoch": 587, "steps": 37632, "train": 3.727461873806628e-05, "val_mean_case_max": 0.007950264482931213, "val_worst": 0.014340417567453174, "lr": 0.0002916713440831367, "wall": 1925.6}
{"arm": "deeponet", "epoch": 588, "steps": 37696, "train": 3.47551280390407e-05, "val_mean_case_max": 0.007417796124486039, "val_worst": 0.017100651520199375, "lr": 0.0002901249635966344, "wall": 1928.9}
{"arm": "deeponet", "epoch": 589, "steps": 37760, "train": 3.028031991519726e-05, "val_mean_case_max": 0.010837869524513238, "val_worst": 0.016932027875505965, "lr": 0.00028857095879048823, "wall": 1932.2}
{"arm": "deeponet", "epoch": 590, "steps": 37824, "train": 6.186814961998979e-05, "val_mean_case_max": 0.008697180565163568, "val_worst": 0.017295412412817058, "lr": 0.0002870427849473213, "wall": 1935.5}
{"arm": "deeponet", "epoch": 591, "steps": 37888, "train": 5.039562365604045e-05, "val_mean_case_max": 0.008272482384170155, "val_worst": 0.01726772889485506, "lr": 0.00028551690145995685, "wall": 1938.8}
{"arm": "deeponet", "epoch": 592, "steps": 37952, "train": 2.8698573040904166e-05, "val_mean_case_max": 0.006848436498232813, "val_worst": 0.012644682329096484, "lr": 0.00028399445847680815, "wall": 1942.1}
{"arm": "deeponet", "epoch": 593, "steps": 38016, "train": 2.5810251496327126e-05, "val_mean_case_max": 0.007996653345764977, "val_worst": 0.0130281962121807, "lr": 0.0002824735825240498, "wall": 1945.4}
{"arm": "deeponet", "epoch": 594, "steps": 38080, "train": 6.0245428115126076e-05, "val_mean_case_max": 0.012553376529357577, "val_worst": 0.018431364747569293, "lr": 0.00028095551328069735, "wall": 1948.6}
{"arm": "deeponet", "epoch": 595, "steps": 38144, "train": 8.130738884266382e-05, "val_mean_case_max": 0.009584223874720653, "val_worst": 0.019782941835224995, "lr": 0.00027944169918568294, "wall": 1951.9}
{"arm": "deeponet", "epoch": 596, "steps": 38208, "train": 4.85153326043039e-05, "val_mean_case_max": 0.007555928544055747, "val_worst": 0.014460411464731102, "lr": 0.00027792755635336824, "wall": 1955.2}
{"arm": "deeponet", "epoch": 597, "steps": 38272, "train": 3.210566474466731e-05, "val_mean_case_max": 0.008064349437441476, "val_worst": 0.013921698499950702, "lr": 0.00027641729655999547, "wall": 1958.5}
{"arm": "deeponet", "epoch": 598, "steps": 38336, "train": 4.0424121185656505e-05, "val_mean_case_max": 0.00805351447174098, "val_worst": 0.014172001329973054, "lr": 0.0002749114171023342, "wall": 1961.8}
{"arm": "deeponet", "epoch": 599, "steps": 38400, "train": 2.602853390024964e-05, "val_mean_case_max": 0.0067081222464098, "val_worst": 0.016677809391583868, "lr": 0.00027340708600226567, "wall": 1965.1}
{"arm": "deeponet", "epoch": 600, "steps": 38464, "train": 2.1398414190279118e-05, "val_mean_case_max": 0.007647000834925561, "val_worst": 0.012282940670762105, "lr": 0.00027190661232727003, "wall": 1968.3}
{"arm": "deeponet", "epoch": 601, "steps": 38528, "train": 2.6338924818478435e-05, "val_mean_case_max": 0.006805796499524227, "val_worst": 0.011886988182332001, "lr": 0.00027040738126076847, "wall": 1971.6}
{"arm": "deeponet", "epoch": 602, "steps": 38592, "train": 2.349934321815277e-05, "val_mean_case_max": 0.006271807875573271, "val_worst": 0.011192264641629184, "lr": 0.000268909976490944, "wall": 1974.9}
{"arm": "deeponet", "epoch": 603, "steps": 38656, "train": 2.1425194712900736e-05, "val_mean_case_max": 0.007013223455286985, "val_worst": 0.011904302841050686, "lr": 0.00026740225178197344, "wall": 1978.2}
{"arm": "deeponet", "epoch": 604, "steps": 38720, "train": 3.405179832721021e-05, "val_mean_case_max": 0.009875282102959236, "val_worst": 0.0235626945754609, "lr": 0.00026589379535987915, "wall": 1981.5}
{"arm": "deeponet", "epoch": 605, "steps": 38784, "train": 5.074205121903278e-05, "val_mean_case_max": 0.011668371491130512, "val_worst": 0.02221007782356994, "lr": 0.0002644045435064699, "wall": 1984.8}
{"arm": "deeponet", "epoch": 606, "steps": 38848, "train": 7.104862245042068e-05, "val_mean_case_max": 0.013614879822126872, "val_worst": 0.022191880076972193, "lr": 0.0002629178032881673, "wall": 1988.1}
{"arm": "deeponet", "epoch": 607, "steps": 38912, "train": 0.00017150135339870202, "val_mean_case_max": 0.01191805848934912, "val_worst": 0.021970127258693396, "lr": 0.0002614356833880633, "wall": 1991.4}
{"arm": "deeponet", "epoch": 608, "steps": 38976, "train": 4.044093026691665e-05, "val_mean_case_max": 0.007705390604192701, "val_worst": 0.015591295420999483, "lr": 0.00025995388029254046, "wall": 1994.7}
{"arm": "deeponet", "epoch": 609, "steps": 39040, "train": 2.4948683336969995e-05, "val_mean_case_max": 0.006804695047970231, "val_worst": 0.011732242516495406, "lr": 0.00025847763676987, "wall": 1997.9}
{"arm": "deeponet", "epoch": 610, "steps": 39104, "train": 2.1516691116055053e-05, "val_mean_case_max": 0.007251880208595596, "val_worst": 0.01243360021576623, "lr": 0.0002570038985353751, "wall": 2001.2}
{"arm": "deeponet", "epoch": 611, "steps": 39168, "train": 2.58498878509833e-05, "val_mean_case_max": 0.007295081263089292, "val_worst": 0.017005556041800107, "lr": 0.00025553278437618287, "wall": 2004.5}
{"arm": "deeponet", "epoch": 612, "steps": 39232, "train": 5.251790115172068e-05, "val_mean_case_max": 0.010644945761978393, "val_worst": 0.015435451877853935, "lr": 0.00025406433289845015, "wall": 2007.8}
{"arm": "deeponet", "epoch": 613, "steps": 39296, "train": 6.018986698250776e-05, "val_mean_case_max": 0.008446685705510321, "val_worst": 0.01563697372493362, "lr": 0.00025259878187642334, "wall": 2011.1}
{"arm": "deeponet", "epoch": 614, "steps": 39360, "train": 3.223519213865971e-05, "val_mean_case_max": 0.006626835067242181, "val_worst": 0.01290662817357918, "lr": 0.00025113586386985644, "wall": 2014.4}
{"arm": "deeponet", "epoch": 615, "steps": 39424, "train": 2.4621443130911848e-05, "val_mean_case_max": 0.007538394897602579, "val_worst": 0.015087930301292221, "lr": 0.00024967534185583323, "wall": 2017.6}
{"arm": "deeponet", "epoch": 616, "steps": 39488, "train": 2.7839441375109823e-05, "val_mean_case_max": 0.007559928245726219, "val_worst": 0.013754638717368354, "lr": 0.00024821869229507866, "wall": 2020.9}
{"arm": "deeponet", "epoch": 617, "steps": 39552, "train": 1.8040780579610487e-05, "val_mean_case_max": 0.006510551778284014, "val_worst": 0.013388750791407432, "lr": 0.0002467648426493036, "wall": 2024.2}
{"arm": "deeponet", "epoch": 618, "steps": 39616, "train": 1.680372308229399e-05, "val_mean_case_max": 0.006329796200089184, "val_worst": 0.012440589172779527, "lr": 0.0002453154745894983, "wall": 2027.5}
{"arm": "deeponet", "epoch": 619, "steps": 39680, "train": 1.5767015885258888e-05, "val_mean_case_max": 0.005969753998057145, "val_worst": 0.012847823946769088, "lr": 0.0002438692547915261, "wall": 2030.8}
{"arm": "deeponet", "epoch": 620, "steps": 39744, "train": 1.8154646018958627e-05, "val_mean_case_max": 0.007124842541296226, "val_worst": 0.013966782637073566, "lr": 0.0002424084769752935, "wall": 2034.1}
{"arm": "deeponet", "epoch": 621, "steps": 39808, "train": 2.2352508298612072e-05, "val_mean_case_max": 0.006804117245821713, "val_worst": 0.013742057467168028, "lr": 0.00024096522710841513, "wall": 2037.4}
{"arm": "deeponet", "epoch": 622, "steps": 39872, "train": 2.395249506880592e-05, "val_mean_case_max": 0.008209050221676353, "val_worst": 0.013068092095790412, "lr": 0.0002395284812940213, "wall": 2040.7}
{"arm": "deeponet", "epoch": 623, "steps": 39936, "train": 4.4566220957458364e-05, "val_mean_case_max": 0.007452034437280285, "val_worst": 0.014204856489901071, "lr": 0.00023809449844533964, "wall": 2043.9}
{"arm": "deeponet", "epoch": 624, "steps": 40000, "train": 2.785104196572161e-05, "val_mean_case_max": 0.007777359780606822, "val_worst": 0.016820295169606713, "lr": 0.0002366615941618664, "wall": 2047.2}
{"arm": "deeponet", "epoch": 625, "steps": 40064, "train": 3.213971247493452e-05, "val_mean_case_max": 0.00875768575903151, "val_worst": 0.01703447563675652, "lr": 0.000235231950583212, "wall": 2050.5}
{"arm": "deeponet", "epoch": 626, "steps": 40128, "train": 3.5380530773387735e-05, "val_mean_case_max": 0.007272950615579729, "val_worst": 0.010970319012146814, "lr": 0.00023380654885344498, "wall": 2053.8}
{"arm": "deeponet", "epoch": 627, "steps": 40192, "train": 3.068798500693991e-05, "val_mean_case_max": 0.007666589825054353, "val_worst": 0.014864293577518879, "lr": 0.00023238556008877085, "wall": 2057.1}
{"arm": "deeponet", "epoch": 628, "steps": 40256, "train": 2.3224689200108747e-05, "val_mean_case_max": 0.007091762081578624, "val_worst": 0.014618992654305229, "lr": 0.0002309680362246312, "wall": 2060.4}
{"arm": "deeponet", "epoch": 629, "steps": 40320, "train": 1.8024660777665836e-05, "val_mean_case_max": 0.006975083867497404, "val_worst": 0.015393722794105266, "lr": 0.00022955361622354557, "wall": 2063.6}
{"arm": "deeponet", "epoch": 630, "steps": 40384, "train": 2.122440870524553e-05, "val_mean_case_max": 0.00697979660561494, "val_worst": 0.012661214052196583, "lr": 0.00022813995308746068, "wall": 2066.9}
{"arm": "deeponet", "epoch": 631, "steps": 40448, "train": 1.7733164576642483e-05, "val_mean_case_max": 0.007581205828439326, "val_worst": 0.012145367919549755, "lr": 0.00022673174638434282, "wall": 2070.2}
{"arm": "deeponet", "epoch": 632, "steps": 40512, "train": 2.279609806517068e-05, "val_mean_case_max": 0.006903235885541128, "val_worst": 0.014774868714317919, "lr": 0.00022532682618284564, "wall": 2073.5}
{"arm": "deeponet", "epoch": 633, "steps": 40576, "train": 1.99739317504448e-05, "val_mean_case_max": 0.0067675350650487935, "val_worst": 0.014418226603810877, "lr": 0.0002239240531662667, "wall": 2076.8}
{"arm": "deeponet", "epoch": 634, "steps": 40640, "train": 2.4540063498786625e-05, "val_mean_case_max": 0.00649591450558608, "val_worst": 0.011784541916560516, "lr": 0.00022251443033859342, "wall": 2080.1}
{"arm": "deeponet", "epoch": 635, "steps": 40704, "train": 2.3411288958152317e-05, "val_mean_case_max": 0.006531819731713413, "val_worst": 0.011740917243790717, "lr": 0.00022111803571354713, "wall": 2083.4}
{"arm": "deeponet", "epoch": 636, "steps": 40768, "train": 2.157517766370216e-05, "val_mean_case_max": 0.006202157422537782, "val_worst": 0.011613460783960087, "lr": 0.00021972556927849746, "wall": 2086.6}
{"arm": "deeponet", "epoch": 637, "steps": 40832, "train": 1.8675923548958944e-05, "val_mean_case_max": 0.007206572178905288, "val_worst": 0.013792012308900505, "lr": 0.0002183353224573352, "wall": 2089.9}
{"arm": "deeponet", "epoch": 638, "steps": 40896, "train": 3.279308074166327e-05, "val_mean_case_max": 0.007840645907230308, "val_worst": 0.017725960389653354, "lr": 0.00021694889970464622, "wall": 2093.2}
{"arm": "deeponet", "epoch": 639, "steps": 40960, "train": 2.963417426492635e-05, "val_mean_case_max": 0.007519423987080363, "val_worst": 0.012881919508948469, "lr": 0.0002155669525643003, "wall": 2096.5}
{"arm": "deeponet", "epoch": 640, "steps": 41024, "train": 4.035527231943293e-05, "val_mean_case_max": 0.008100012516799478, "val_worst": 0.01910036895673309, "lr": 0.00021418763061305747, "wall": 2099.8}
{"arm": "deeponet", "epoch": 641, "steps": 41088, "train": 2.809393000144516e-05, "val_mean_case_max": 0.007485439466628828, "val_worst": 0.012903058168891141, "lr": 0.00021281127578533213, "wall": 2103.1}
{"arm": "deeponet", "epoch": 642, "steps": 41152, "train": 2.7982622010915394e-05, "val_mean_case_max": 0.006875156645460626, "val_worst": 0.013794331350104503, "lr": 0.00021143598712181446, "wall": 2106.4}
{"arm": "deeponet", "epoch": 643, "steps": 41216, "train": 1.9162091179422245e-05, "val_mean_case_max": 0.007142786754602884, "val_worst": 0.012112627451392239, "lr": 0.00021006410025684578, "wall": 2109.7}
{"arm": "deeponet", "epoch": 644, "steps": 41280, "train": 2.4236953658510467e-05, "val_mean_case_max": 0.007473732855965274, "val_worst": 0.01628650836963222, "lr": 0.00020869649073696874, "wall": 2112.9}
{"arm": "deeponet", "epoch": 645, "steps": 41344, "train": 1.9923634867386356e-05, "val_mean_case_max": 0.006602913367556419, "val_worst": 0.011465524947541578, "lr": 0.0002073322658873458, "wall": 2116.2}
{"arm": "deeponet", "epoch": 646, "steps": 41408, "train": 1.995250659253781e-05, "val_mean_case_max": 0.0075651524922738635, "val_worst": 0.01688796447326314, "lr": 0.00020597024835000339, "wall": 2119.5}
{"arm": "deeponet", "epoch": 647, "steps": 41472, "train": 2.8406290444045112e-05, "val_mean_case_max": 0.007152212282526065, "val_worst": 0.013330976635042699, "lr": 0.00020461217696800257, "wall": 2122.8}
{"arm": "deeponet", "epoch": 648, "steps": 41536, "train": 2.1147478804407112e-05, "val_mean_case_max": 0.006720708910220757, "val_worst": 0.011810223533703224, "lr": 0.0002032602460763435, "wall": 2126.1}
{"arm": "deeponet", "epoch": 649, "steps": 41600, "train": 2.7797930998331618e-05, "val_mean_case_max": 0.007918131010569533, "val_worst": 0.01811237042364785, "lr": 0.00020191176219568857, "wall": 2129.4}
{"arm": "deeponet", "epoch": 650, "steps": 41664, "train": 3.603251164498981e-05, "val_mean_case_max": 0.006918669661266042, "val_worst": 0.012798062223546796, "lr": 0.00020056637040722665, "wall": 2132.7}
{"arm": "deeponet", "epoch": 651, "steps": 41728, "train": 2.5859800590791514e-05, "val_mean_case_max": 0.00658324670520299, "val_worst": 0.011406513613896394, "lr": 0.00019922411738386496, "wall": 2136.0}
{"arm": "deeponet", "epoch": 652, "steps": 41792, "train": 2.091508214391228e-05, "val_mean_case_max": 0.006557417742460197, "val_worst": 0.012982404717663694, "lr": 0.0001978846523308783, "wall": 2139.3}
{"arm": "deeponet", "epoch": 653, "steps": 41856, "train": 1.9490493881997776e-05, "val_mean_case_max": 0.006317030927497773, "val_worst": 0.012860912856011843, "lr": 0.00019654927719425195, "wall": 2142.5}
{"arm": "deeponet", "epoch": 654, "steps": 41920, "train": 2.2679433407942955e-05, "val_mean_case_max": 0.007228448210205249, "val_worst": 0.010784364762031621, "lr": 0.00019519759369674038, "wall": 2145.9}
{"arm": "deeponet", "epoch": 655, "steps": 41984, "train": 1.9378194280065204e-05, "val_mean_case_max": 0.006836616361015415, "val_worst": 0.015563615329406732, "lr": 0.00019386939758511503, "wall": 2149.2}
{"arm": "deeponet", "epoch": 656, "steps": 42048, "train": 2.5997862611795818e-05, "val_mean_case_max": 0.0074810514124863045, "val_worst": 0.015842375224927787, "lr": 0.0001925438483417384, "wall": 2152.5}
{"arm": "deeponet", "epoch": 657, "steps": 42112, "train": 3.065097395757401e-05, "val_mean_case_max": 0.00736689210331118, "val_worst": 0.013200678052648223, "lr": 0.00019122261412654284, "wall": 2155.8}
{"arm": "deeponet", "epoch": 658, "steps": 42176, "train": 2.496689378104976e-05, "val_mean_case_max": 0.008202625896601732, "val_worst": 0.011642507111220998, "lr": 0.00018990576146886583, "wall": 2159.0}
{"arm": "deeponet", "epoch": 659, "steps": 42240, "train": 3.439630741257364e-05, "val_mean_case_max": 0.008161998534774468, "val_worst": 0.015086492446596456, "lr": 0.00018859298861313405, "wall": 2162.3}
{"arm": "deeponet", "epoch": 660, "steps": 42304, "train": 2.1598054433079997e-05, "val_mean_case_max": 0.006614715581050212, "val_worst": 0.014382800646106744, "lr": 0.00018728413331345166, "wall": 2165.6}
{"arm": "deeponet", "epoch": 661, "steps": 42368, "train": 1.5508370517811617e-05, "val_mean_case_max": 0.005963137724141097, "val_worst": 0.011236417834097841, "lr": 0.00018597847347717923, "wall": 2168.9}
{"arm": "deeponet", "epoch": 662, "steps": 42432, "train": 1.4900979726394425e-05, "val_mean_case_max": 0.006367250953386748, "val_worst": 0.011574763970045254, "lr": 0.0001846642948045831, "wall": 2172.2}
{"arm": "deeponet", "epoch": 663, "steps": 42496, "train": 1.5165257707324469e-05, "val_mean_case_max": 0.005748762778276832, "val_worst": 0.0111108934166631, "lr": 0.0001833658884617597, "wall": 2175.6}
{"arm": "deeponet", "epoch": 664, "steps": 42560, "train": 1.4166309693292788e-05, "val_mean_case_max": 0.006006718294386495, "val_worst": 0.011515866060132917, "lr": 0.00018206072991476237, "wall": 2178.8}
{"arm": "deeponet", "epoch": 665, "steps": 42624, "train": 1.4443685087611519e-05, "val_mean_case_max": 0.006157793326273456, "val_worst": 0.011955434115879151, "lr": 0.00018077056056292447, "wall": 2182.1}
{"arm": "deeponet", "epoch": 666, "steps": 42688, "train": 1.9485724468011183e-05, "val_mean_case_max": 0.009132735662162732, "val_worst": 0.021614977296107, "lr": 0.00017948330548610747, "wall": 2185.4}
{"arm": "deeponet", "epoch": 667, "steps": 42752, "train": 4.285557690534125e-05, "val_mean_case_max": 0.007391194219174807, "val_worst": 0.013904957485868294, "lr": 0.00017819952549761407, "wall": 2188.7}
{"arm": "deeponet", "epoch": 668, "steps": 42816, "train": 2.677215685811907e-05, "val_mean_case_max": 0.007350998416490102, "val_worst": 0.011203502605170852, "lr": 0.00017692014995611288, "wall": 2192.0}
{"arm": "deeponet", "epoch": 669, "steps": 42880, "train": 2.2283648921247415e-05, "val_mean_case_max": 0.006733209370399359, "val_worst": 0.014704654096702019, "lr": 0.00017564273381652338, "wall": 2195.3}
{"arm": "deeponet", "epoch": 670, "steps": 42944, "train": 1.7155751949657164e-05, "val_mean_case_max": 0.006372242278604352, "val_worst": 0.012663231076145353, "lr": 0.0001743712054982052, "wall": 2198.6}
{"arm": "deeponet", "epoch": 671, "steps": 43008, "train": 1.8830713457916563e-05, "val_mean_case_max": 0.006444389186410788, "val_worst": 0.012092934652319037, "lr": 0.00017310433861820917, "wall": 2201.9}
{"arm": "deeponet", "epoch": 672, "steps": 43072, "train": 2.2472528799730442e-05, "val_mean_case_max": 0.006063926668115911, "val_worst": 0.010391851558018968, "lr": 0.0001718410947081709, "wall": 2205.2}
{"arm": "deeponet", "epoch": 673, "steps": 43136, "train": 1.7919511944461628e-05, "val_mean_case_max": 0.007436972336689146, "val_worst": 0.017031432358435742, "lr": 0.00017058155978577524, "wall": 2208.5}
{"arm": "deeponet", "epoch": 674, "steps": 43200, "train": 1.7020246057849615e-05, "val_mean_case_max": 0.006444395605907807, "val_worst": 0.013238942713656405, "lr": 0.00016932640037673589, "wall": 2211.8}
{"arm": "deeponet", "epoch": 675, "steps": 43264, "train": 1.6923859806226712e-05, "val_mean_case_max": 0.0067561964602359526, "val_worst": 0.013613998789501548, "lr": 0.00016807568442730046, "wall": 2215.0}
{"arm": "deeponet", "epoch": 676, "steps": 43328, "train": 1.4634304388350509e-05, "val_mean_case_max": 0.005853010138297628, "val_worst": 0.011866214682121082, "lr": 0.00016682655354564695, "wall": 2218.3}
{"arm": "deeponet", "epoch": 677, "steps": 43392, "train": 1.7175578073431595e-05, "val_mean_case_max": 0.007315532292496365, "val_worst": 0.012999685943164802, "lr": 0.00016558239366054104, "wall": 2221.6}
{"arm": "deeponet", "epoch": 678, "steps": 43456, "train": 1.6589255449195962e-05, "val_mean_case_max": 0.0062076652208281, "val_worst": 0.012726218360397822, "lr": 0.00016434297042845498, "wall": 2224.9}
{"arm": "deeponet", "epoch": 679, "steps": 43520, "train": 2.323247030983362e-05, "val_mean_case_max": 0.006364348561624393, "val_worst": 0.013450771391256423, "lr": 0.00016310718481951108, "wall": 2228.2}
{"arm": "deeponet", "epoch": 680, "steps": 43584, "train": 1.4320532211219406e-05, "val_mean_case_max": 0.006195711899435826, "val_worst": 0.014479407793307548, "lr": 0.00016187413588774802, "wall": 2231.5}
{"arm": "deeponet", "epoch": 681, "steps": 43648, "train": 1.610863424115619e-05, "val_mean_case_max": 0.006187832988286238, "val_worst": 0.015463769505704114, "lr": 0.00016064349256772025, "wall": 2234.8}
{"arm": "deeponet", "epoch": 682, "steps": 43712, "train": 1.4310124760331035e-05, "val_mean_case_max": 0.005962511386183408, "val_worst": 0.012002923417333063, "lr": 0.0001594202072411895, "wall": 2238.1}
{"arm": "deeponet", "epoch": 683, "steps": 43776, "train": 1.4602267634417529e-05, "val_mean_case_max": 0.0063765656600431875, "val_worst": 0.014887367148896137, "lr": 0.00015819917539454075, "wall": 2241.4}
{"arm": "deeponet", "epoch": 684, "steps": 43840, "train": 1.4220838114123214e-05, "val_mean_case_max": 0.005714683079481389, "val_worst": 0.011778386336400576, "lr": 0.0001569827961731737, "wall": 2244.7}
{"arm": "deeponet", "epoch": 685, "steps": 43904, "train": 1.3510991389059958e-05, "val_mean_case_max": 0.006113691551325876, "val_worst": 0.01208418024602417, "lr": 0.00015575942606125387, "wall": 2248.0}
{"arm": "deeponet", "epoch": 686, "steps": 43968, "train": 1.520248139212281e-05, "val_mean_case_max": 0.005701147016535622, "val_worst": 0.012863817005283188, "lr": 0.0001545502809172718, "wall": 2251.3}
{"arm": "deeponet", "epoch": 687, "steps": 44032, "train": 1.6455849433571998e-05, "val_mean_case_max": 0.005768515230639336, "val_worst": 0.012415021480354883, "lr": 0.00015333678680972123, "wall": 2254.6}
{"arm": "deeponet", "epoch": 688, "steps": 44096, "train": 1.3193254482127727e-05, "val_mean_case_max": 0.005631165116663653, "val_worst": 0.012640370938747472, "lr": 0.00015213647637530165, "wall": 2258.0}
{"arm": "deeponet", "epoch": 689, "steps": 44160, "train": 1.666130042863286e-05, "val_mean_case_max": 0.006598479744319251, "val_worst": 0.014089177460488838, "lr": 0.00015092855028322604, "wall": 2261.2}
{"arm": "deeponet", "epoch": 690, "steps": 44224, "train": 1.9590471335042414e-05, "val_mean_case_max": 0.007805235176624723, "val_worst": 0.016037446724145657, "lr": 0.0001497370628284424, "wall": 2264.5}
{"arm": "deeponet", "epoch": 691, "steps": 44288, "train": 2.2164951974454585e-05, "val_mean_case_max": 0.005906613753151241, "val_worst": 0.010949489950282894, "lr": 0.00014855060999832603, "wall": 2267.8}
{"arm": "deeponet", "epoch": 692, "steps": 44352, "train": 1.4796554881869353e-05, "val_mean_case_max": 0.00587410709804643, "val_worst": 0.014497487533633797, "lr": 0.000147369408042371, "wall": 2271.1}
{"arm": "deeponet", "epoch": 693, "steps": 44416, "train": 1.9008428708482768e-05, "val_mean_case_max": 0.007009316261082307, "val_worst": 0.013723726762485278, "lr": 0.00014619086023654696, "wall": 2274.4}
{"arm": "deeponet", "epoch": 694, "steps": 44480, "train": 2.3627317843692517e-05, "val_mean_case_max": 0.006673437825903317, "val_worst": 0.011973911295286412, "lr": 0.00014501752930028074, "wall": 2277.7}
{"arm": "deeponet", "epoch": 695, "steps": 44544, "train": 1.8730863034316055e-05, "val_mean_case_max": 0.006467151790861658, "val_worst": 0.012484060489056835, "lr": 0.00014384799010265655, "wall": 2281.0}
{"arm": "deeponet", "epoch": 696, "steps": 44608, "train": 2.0798386161051706e-05, "val_mean_case_max": 0.006155246272637747, "val_worst": 0.012993422621179177, "lr": 0.00014268211043964702, "wall": 2284.3}
{"arm": "deeponet", "epoch": 697, "steps": 44672, "train": 1.2711782188509124e-05, "val_mean_case_max": 0.005915197650066659, "val_worst": 0.01155709670908749, "lr": 0.0001415214122756556, "wall": 2287.6}
{"arm": "deeponet", "epoch": 698, "steps": 44736, "train": 1.4746898864355087e-05, "val_mean_case_max": 0.005829727500719704, "val_worst": 0.012567844760051128, "lr": 0.00014036614337695647, "wall": 2290.9}
{"arm": "deeponet", "epoch": 699, "steps": 44800, "train": 1.2427434801644125e-05, "val_mean_case_max": 0.0057333800806998805, "val_worst": 0.010804676852694666, "lr": 0.00013921412278408536, "wall": 2294.2}
{"arm": "deeponet", "epoch": 700, "steps": 44864, "train": 2.3857153588321862e-05, "val_mean_case_max": 0.006386674427214676, "val_worst": 0.011510298729886343, "lr": 0.00013806722893199895, "wall": 2297.5}
{"arm": "deeponet", "epoch": 701, "steps": 44928, "train": 2.454961487617396e-05, "val_mean_case_max": 0.006125953206000578, "val_worst": 0.012512344836611624, "lr": 0.00013692370747833194, "wall": 2300.8}
{"arm": "deeponet", "epoch": 702, "steps": 44992, "train": 1.1742929930512064e-05, "val_mean_case_max": 0.006086111709948081, "val_worst": 0.013265856980884656, "lr": 0.00013578378116090386, "wall": 2304.1}
{"arm": "deeponet", "epoch": 703, "steps": 45056, "train": 1.1129356080018496e-05, "val_mean_case_max": 0.005958068418813519, "val_worst": 0.012568584755657386, "lr": 0.0001346486660484783, "wall": 2307.3}
{"arm": "deeponet", "epoch": 704, "steps": 45120, "train": 1.1237501521934477e-05, "val_mean_case_max": 0.005557764393755936, "val_worst": 0.011685725459917128, "lr": 0.00013351886417015243, "wall": 2310.7}
{"arm": "deeponet", "epoch": 705, "steps": 45184, "train": 1.149561646899603e-05, "val_mean_case_max": 0.005962420351969731, "val_worst": 0.011415983769312157, "lr": 0.00013238339833420343, "wall": 2314.0}
{"arm": "deeponet", "epoch": 706, "steps": 45248, "train": 1.4719236310928095e-05, "val_mean_case_max": 0.00572771000316573, "val_worst": 0.012323023380547466, "lr": 0.00013126233628886288, "wall": 2317.3}
{"arm": "deeponet", "epoch": 707, "steps": 45312, "train": 1.2981294179758974e-05, "val_mean_case_max": 0.006148415967385889, "val_worst": 0.013133850609223481, "lr": 0.00013014584233012085, "wall": 2320.5}
{"arm": "deeponet", "epoch": 708, "steps": 45376, "train": 1.2042718493525663e-05, "val_mean_case_max": 0.00548522977273087, "val_worst": 0.012078054510015078, "lr": 0.00012903313164517807, "wall": 2323.9}
{"arm": "deeponet", "epoch": 709, "steps": 45440, "train": 1.1229201654681296e-05, "val_mean_case_max": 0.0056859338651516775, "val_worst": 0.011256768525611957, "lr": 0.0001279139932948199, "wall": 2327.2}
{"arm": "deeponet", "epoch": 710, "steps": 45504, "train": 1.2150161838645936e-05, "val_mean_case_max": 0.0059939709985382785, "val_worst": 0.014422166179441216, "lr": 0.0001268102164593559, "wall": 2330.5}
{"arm": "deeponet", "epoch": 711, "steps": 45568, "train": 1.657128532705359e-05, "val_mean_case_max": 0.006597923838392368, "val_worst": 0.01380609534851825, "lr": 0.00012571080527828317, "wall": 2333.7}
{"arm": "deeponet", "epoch": 712, "steps": 45632, "train": 1.4501843837716315e-05, "val_mean_case_max": 0.005983796716287353, "val_worst": 0.011986601972000884, "lr": 0.00012461613855187684, "wall": 2337.0}
{"arm": "deeponet", "epoch": 713, "steps": 45696, "train": 1.886988228720538e-05, "val_mean_case_max": 0.006332576171345386, "val_worst": 0.012631842591858945, "lr": 0.00012352782645632808, "wall": 2340.3}
{"arm": "deeponet", "epoch": 714, "steps": 45760, "train": 1.7386751663517046e-05, "val_mean_case_max": 0.006519639672951967, "val_worst": 0.01177685328766343, "lr": 0.00012244361258339614, "wall": 2343.6}
{"arm": "deeponet", "epoch": 715, "steps": 45824, "train": 1.778119527524089e-05, "val_mean_case_max": 0.005581292708626971, "val_worst": 0.011514997701970607, "lr": 0.00012136359591784365, "wall": 2346.9}
{"arm": "deeponet", "epoch": 716, "steps": 45888, "train": 1.366739114654458e-05, "val_mean_case_max": 0.006345419835200032, "val_worst": 0.011338053922595131, "lr": 0.00012028775264562322, "wall": 2350.2}
{"arm": "deeponet", "epoch": 717, "steps": 45952, "train": 1.2968350717916718e-05, "val_mean_case_max": 0.005885761193616518, "val_worst": 0.012688357186293513, "lr": 0.00011921259435159378, "wall": 2353.5}
{"arm": "deeponet", "epoch": 718, "steps": 46016, "train": 1.1690151530538927e-05, "val_mean_case_max": 0.006155914963649701, "val_worst": 0.01289415988544422, "lr": 0.00011814540778657408, "wall": 2356.8}
{"arm": "deeponet", "epoch": 719, "steps": 46080, "train": 1.2077988452513461e-05, "val_mean_case_max": 0.005557449685108116, "val_worst": 0.0126897680113861, "lr": 0.00011708465856653577, "wall": 2360.1}
{"arm": "deeponet", "epoch": 720, "steps": 46144, "train": 1.0327790980274818e-05, "val_mean_case_max": 0.005505885370662862, "val_worst": 0.011271869672591887, "lr": 0.00011602739231736145, "wall": 2363.4}
{"arm": "deeponet", "epoch": 721, "steps": 46208, "train": 1.0430420207945402e-05, "val_mean_case_max": 0.005394094435107447, "val_worst": 0.01139728415760055, "lr": 0.00011497443070179811, "wall": 2366.7}
{"arm": "deeponet", "epoch": 722, "steps": 46272, "train": 1.2232237168615604e-05, "val_mean_case_max": 0.00569918693933677, "val_worst": 0.012542644967142849, "lr": 0.00011391658670019824, "wall": 2370.0}
{"arm": "deeponet", "epoch": 723, "steps": 46336, "train": 1.3053077213745204e-05, "val_mean_case_max": 0.005630771590072121, "val_worst": 0.011986999805398614, "lr": 0.00011286961441006401, "wall": 2373.3}
{"arm": "deeponet", "epoch": 724, "steps": 46400, "train": 1.0320372914918363e-05, "val_mean_case_max": 0.005568831982965792, "val_worst": 0.012405555598988772, "lr": 0.00011183142619445314, "wall": 2376.6}
{"arm": "deeponet", "epoch": 725, "steps": 46464, "train": 9.91683472538196e-06, "val_mean_case_max": 0.005594593607035975, "val_worst": 0.011362842851206985, "lr": 0.00011079590743723718, "wall": 2379.9}
{"arm": "deeponet", "epoch": 726, "steps": 46528, "train": 9.339304463289768e-06, "val_mean_case_max": 0.005451221392111121, "val_worst": 0.01285953185607527, "lr": 0.00010976640000029815, "wall": 2383.2}
{"arm": "deeponet", "epoch": 727, "steps": 46592, "train": 1.2379414594958277e-05, "val_mean_case_max": 0.005693203985841486, "val_worst": 0.012531115943384135, "lr": 0.00010874196897533493, "wall": 2386.5}
{"arm": "deeponet", "epoch": 728, "steps": 46656, "train": 1.1355976445834847e-05, "val_mean_case_max": 0.005292034893952467, "val_worst": 0.011046657591325124, "lr": 0.00010772172746306062, "wall": 2389.8}
{"arm": "deeponet", "epoch": 729, "steps": 46720, "train": 1.2311796057093292e-05, "val_mean_case_max": 0.005554760971440027, "val_worst": 0.012914705151337086, "lr": 0.00010669702942705404, "wall": 2393.1}
{"arm": "deeponet", "epoch": 730, "steps": 46784, "train": 1.0598200983853701e-05, "val_mean_case_max": 0.00540197375243059, "val_worst": 0.010832582994720313, "lr": 0.00010568676485764711, "wall": 2396.4}
{"arm": "deeponet", "epoch": 731, "steps": 46848, "train": 1.3660562737881331e-05, "val_mean_case_max": 0.006255921933967753, "val_worst": 0.012999123642600138, "lr": 0.00010468112917416614, "wall": 2399.6}
{"arm": "deeponet", "epoch": 732, "steps": 46912, "train": 1.3495845397369947e-05, "val_mean_case_max": 0.005340564286408807, "val_worst": 0.011737160781228584, "lr": 0.00010368037032424334, "wall": 2402.9}
{"arm": "deeponet", "epoch": 733, "steps": 46976, "train": 1.0455224222316279e-05, "val_mean_case_max": 0.005841907027257756, "val_worst": 0.011863595774127388, "lr": 0.00010268418073669115, "wall": 2406.2}
{"arm": "deeponet", "epoch": 734, "steps": 47040, "train": 1.0310869287215552e-05, "val_mean_case_max": 0.005408270368341507, "val_worst": 0.01132360556277754, "lr": 0.00010168786736827744, "wall": 2409.5}
{"arm": "deeponet", "epoch": 735, "steps": 47104, "train": 1.1620623340945098e-05, "val_mean_case_max": 0.0057210610958879984, "val_worst": 0.014285876368737103, "lr": 0.00010069808510608038, "wall": 2412.8}
{"arm": "deeponet", "epoch": 736, "steps": 47168, "train": 1.3815121417195155e-05, "val_mean_case_max": 0.006107257796290589, "val_worst": 0.01184198735256255, "lr": 9.971443019587246e-05, "wall": 2416.1}
{"arm": "deeponet", "epoch": 737, "steps": 47232, "train": 1.3830866828266855e-05, "val_mean_case_max": 0.005459692763306025, "val_worst": 0.012552831493692757, "lr": 9.87360567306608e-05, "wall": 2419.4}
{"arm": "deeponet", "epoch": 738, "steps": 47296, "train": 1.0493505359397366e-05, "val_mean_case_max": 0.0053262026807073745, "val_worst": 0.012098178349166697, "lr": 9.776504541829559e-05, "wall": 2422.7}
{"arm": "deeponet", "epoch": 739, "steps": 47360, "train": 9.232343403641205e-06, "val_mean_case_max": 0.00526583681208479, "val_worst": 0.011390153163957858, "lr": 9.679786098175525e-05, "wall": 2426.0}
{"arm": "deeponet", "epoch": 740, "steps": 47424, "train": 1.1071703724331003e-05, "val_mean_case_max": 0.005664270561853048, "val_worst": 0.013711956636822693, "lr": 9.582792935426758e-05, "wall": 2429.3}
{"arm": "deeponet", "epoch": 741, "steps": 47488, "train": 1.0978103787608437e-05, "val_mean_case_max": 0.005356314684236547, "val_worst": 0.010573851236724255, "lr": 9.486948014258612e-05, "wall": 2432.6}
{"arm": "deeponet", "epoch": 742, "steps": 47552, "train": 9.104778364946354e-06, "val_mean_case_max": 0.0053799991217219996, "val_worst": 0.011904400723513344, "lr": 9.391676254101971e-05, "wall": 2435.9}
{"arm": "deeponet", "epoch": 743, "steps": 47616, "train": 9.435618705819435e-06, "val_mean_case_max": 0.005477406974433624, "val_worst": 0.011530832469641376, "lr": 9.296983018550321e-05, "wall": 2439.2}
{"arm": "deeponet", "epoch": 744, "steps": 47680, "train": 9.999185352065317e-06, "val_mean_case_max": 0.005484844305041045, "val_worst": 0.012965157690656075, "lr": 9.202664012223627e-05, "wall": 2442.5}
{"arm": "deeponet", "epoch": 745, "steps": 47744, "train": 1.0771628639774399e-05, "val_mean_case_max": 0.005621613530434031, "val_worst": 0.012098490118268416, "lr": 9.10882414163295e-05, "wall": 2445.8}
{"arm": "deeponet", "epoch": 746, "steps": 47808, "train": 1.0102532430571532e-05, "val_mean_case_max": 0.005781973888488649, "val_worst": 0.012412892500617445, "lr": 9.015570110023263e-05, "wall": 2449.1}
{"arm": "deeponet", "epoch": 747, "steps": 47872, "train": 9.423799607157533e-06, "val_mean_case_max": 0.005194305672264028, "val_worst": 0.011526145444419317, "lr": 8.922454618675029e-05, "wall": 2452.4}
{"arm": "deeponet", "epoch": 748, "steps": 47936, "train": 8.255442710119433e-06, "val_mean_case_max": 0.005225941172509151, "val_worst": 0.011666321274136748, "lr": 8.829202617571145e-05, "wall": 2455.7}
{"arm": "deeponet", "epoch": 749, "steps": 48000, "train": 9.471446105249364e-06, "val_mean_case_max": 0.005458694931213, "val_worst": 0.012712988031506403, "lr": 8.737465491397077e-05, "wall": 2459.0}
{"arm": "deeponet", "epoch": 750, "steps": 48064, "train": 1.088787406514037e-05, "val_mean_case_max": 0.005688257462978889, "val_worst": 0.011950111242398578, "lr": 8.646154215608405e-05, "wall": 2462.3}
{"arm": "deeponet", "epoch": 751, "steps": 48128, "train": 9.352841678032542e-06, "val_mean_case_max": 0.005139979427257308, "val_worst": 0.011404450455864234, "lr": 8.555367957122952e-05, "wall": 2465.6}
{"arm": "deeponet", "epoch": 752, "steps": 48192, "train": 8.672719361911882e-06, "val_mean_case_max": 0.005149528521125022, "val_worst": 0.010428800703744166, "lr": 8.464107636462246e-05, "wall": 2468.9}
{"arm": "deeponet", "epoch": 753, "steps": 48256, "train": 1.023763888705363e-05, "val_mean_case_max": 0.005455853893674911, "val_worst": 0.011918972933652825, "lr": 8.374253289157391e-05, "wall": 2472.2}
{"arm": "deeponet", "epoch": 754, "steps": 48320, "train": 1.1336023047941154e-05, "val_mean_case_max": 0.005729028224604131, "val_worst": 0.01237475511010761, "lr": 8.284993282079625e-05, "wall": 2475.5}
{"arm": "deeponet", "epoch": 755, "steps": 48384, "train": 1.0660126407678798e-05, "val_mean_case_max": 0.0056097578815614575, "val_worst": 0.010813207341250798, "lr": 8.196114872430972e-05, "wall": 2478.8}
{"arm": "deeponet", "epoch": 756, "steps": 48448, "train": 9.959049768342267e-06, "val_mean_case_max": 0.00536625020517578, "val_worst": 0.010847890741904391, "lr": 8.107724357415535e-05, "wall": 2482.1}
{"arm": "deeponet", "epoch": 757, "steps": 48512, "train": 9.181143700848115e-06, "val_mean_case_max": 0.005196865338653503, "val_worst": 0.011902807123406979, "lr": 8.019894712239875e-05, "wall": 2485.3}
{"arm": "deeponet", "epoch": 758, "steps": 48576, "train": 9.593471129722506e-06, "val_mean_case_max": 0.0055533171064697925, "val_worst": 0.011889298590415018, "lr": 7.932633075453936e-05, "wall": 2488.6}
{"arm": "deeponet", "epoch": 759, "steps": 48640, "train": 9.242576834992475e-06, "val_mean_case_max": 0.005293010081406244, "val_worst": 0.011331130931929794, "lr": 7.845861880540304e-05, "wall": 2491.9}
{"arm": "deeponet", "epoch": 760, "steps": 48704, "train": 8.825964069541652e-06, "val_mean_case_max": 0.005148691546561224, "val_worst": 0.010916473782602047, "lr": 7.759600291577837e-05, "wall": 2495.2}
{"arm": "deeponet", "epoch": 761, "steps": 48768, "train": 9.058056731176936e-06, "val_mean_case_max": 0.005217875098127883, "val_worst": 0.011652988156526132, "lr": 7.673810680944295e-05, "wall": 2498.5}
{"arm": "deeponet", "epoch": 762, "steps": 48832, "train": 8.332740208440987e-06, "val_mean_case_max": 0.005183847398041907, "val_worst": 0.012252937885099914, "lr": 7.588514617575598e-05, "wall": 2501.8}
{"arm": "deeponet", "epoch": 763, "steps": 48896, "train": 8.658867263852007e-06, "val_mean_case_max": 0.005296169298233391, "val_worst": 0.012153758991562137, "lr": 7.503728636872964e-05, "wall": 2505.1}
{"arm": "deeponet", "epoch": 764, "steps": 48960, "train": 9.87284169665811e-06, "val_mean_case_max": 0.005338189489677655, "val_worst": 0.012419056081059051, "lr": 7.4194811666342e-05, "wall": 2508.4}
{"arm": "deeponet", "epoch": 765, "steps": 49024, "train": 8.802275803306935e-06, "val_mean_case_max": 0.005327654322630509, "val_worst": 0.011755049055170342, "lr": 7.335764480603689e-05, "wall": 2511.7}
{"arm": "deeponet", "epoch": 766, "steps": 49088, "train": 8.220349757552752e-06, "val_mean_case_max": 0.00535437072355762, "val_worst": 0.012182944196229997, "lr": 7.252468081306634e-05, "wall": 2515.0}
{"arm": "deeponet", "epoch": 767, "steps": 49152, "train": 8.307830012744914e-06, "val_mean_case_max": 0.005012451262844212, "val_worst": 0.010642433679318117, "lr": 7.169716239858486e-05, "wall": 2518.3}
{"arm": "deeponet", "epoch": 768, "steps": 49216, "train": 8.198408643922047e-06, "val_mean_case_max": 0.005226720872466811, "val_worst": 0.011621227928398013, "lr": 7.086692428575822e-05, "wall": 2521.6}
{"arm": "deeponet", "epoch": 769, "steps": 49280, "train": 7.99903196035396e-06, "val_mean_case_max": 0.005181814626764071, "val_worst": 0.011387302873231205, "lr": 7.004927222335348e-05, "wall": 2524.9}
{"arm": "deeponet", "epoch": 770, "steps": 49344, "train": 8.6628918915265e-06, "val_mean_case_max": 0.005118259700843083, "val_worst": 0.011848431625195298, "lr": 6.923370354834477e-05, "wall": 2528.2}
{"arm": "deeponet", "epoch": 771, "steps": 49408, "train": 7.992945100147818e-06, "val_mean_case_max": 0.005002834935692131, "val_worst": 0.011998686339063602, "lr": 6.842619598046459e-05, "wall": 2531.5}
{"arm": "deeponet", "epoch": 772, "steps": 49472, "train": 7.721230953154185e-06, "val_mean_case_max": 0.00518023810452181, "val_worst": 0.012024005104416311, "lr": 6.761606297883911e-05, "wall": 2534.8}
{"arm": "deeponet", "epoch": 773, "steps": 49536, "train": 7.941297057135401e-06, "val_mean_case_max": 0.005144065339251774, "val_worst": 0.012639636298176155, "lr": 6.681987668803731e-05, "wall": 2538.1}
{"arm": "deeponet", "epoch": 774, "steps": 49600, "train": 7.94734509203013e-06, "val_mean_case_max": 0.005393615358632812, "val_worst": 0.01329637419249892, "lr": 6.602876524495558e-05, "wall": 2541.4}
{"arm": "deeponet", "epoch": 775, "steps": 49664, "train": 8.552724722647878e-06, "val_mean_case_max": 0.005309099527128508, "val_worst": 0.010822645274776844, "lr": 6.524170975379927e-05, "wall": 2544.7}
{"arm": "deeponet", "epoch": 776, "steps": 49728, "train": 8.262836298079053e-06, "val_mean_case_max": 0.005154675920694756, "val_worst": 0.012122877165210528, "lr": 6.446119084367085e-05, "wall": 2548.0}
{"arm": "deeponet", "epoch": 777, "steps": 49792, "train": 7.64698222125576e-06, "val_mean_case_max": 0.004871549909351053, "val_worst": 0.010876586810089446, "lr": 6.368570246068607e-05, "wall": 2551.3}
{"arm": "deeponet", "epoch": 778, "steps": 49856, "train": 7.2693471071847725e-06, "val_mean_case_max": 0.005040399925040803, "val_worst": 0.012353056094046633, "lr": 6.290814935811165e-05, "wall": 2554.6}
{"arm": "deeponet", "epoch": 779, "steps": 49920, "train": 7.929529824306352e-06, "val_mean_case_max": 0.005173263421341431, "val_worst": 0.011750930515478016, "lr": 6.214379998476671e-05, "wall": 2557.9}
{"arm": "deeponet", "epoch": 780, "steps": 49984, "train": 7.97220206854852e-06, "val_mean_case_max": 0.0050373917826334914, "val_worst": 0.011513124776111756, "lr": 6.138406763759112e-05, "wall": 2561.2}
{"arm": "deeponet", "epoch": 781, "steps": 50048, "train": 7.825103402190748e-06, "val_mean_case_max": 0.005048152622773463, "val_worst": 0.010729697803584678, "lr": 6.062990427886606e-05, "wall": 2564.5}
{"arm": "deeponet", "epoch": 782, "steps": 50112, "train": 7.3665796864200175e-06, "val_mean_case_max": 0.005193997717302245, "val_worst": 0.012389124841972628, "lr": 5.9880201031066335e-05, "wall": 2567.7}
{"arm": "deeponet", "epoch": 783, "steps": 50176, "train": 7.502761696435926e-06, "val_mean_case_max": 0.004939015090174097, "val_worst": 0.011063471648034676, "lr": 5.9136714153555524e-05, "wall": 2571.0}
{"arm": "deeponet", "epoch": 784, "steps": 50240, "train": 8.29950720030319e-06, "val_mean_case_max": 0.004987056357056105, "val_worst": 0.011345943115401363, "lr": 5.839728968149101e-05, "wall": 2574.3}
{"arm": "deeponet", "epoch": 785, "steps": 50304, "train": 7.3064270335587285e-06, "val_mean_case_max": 0.005153050682091561, "val_worst": 0.01145200359240647, "lr": 5.766433719181548e-05, "wall": 2577.6}
{"arm": "deeponet", "epoch": 786, "steps": 50368, "train": 7.517568948575709e-06, "val_mean_case_max": 0.005376117783275631, "val_worst": 0.011869031904681094, "lr": 5.693636636828219e-05, "wall": 2580.9}
{"arm": "deeponet", "epoch": 787, "steps": 50432, "train": 7.980530299279755e-06, "val_mean_case_max": 0.0050816916014122335, "val_worst": 0.011610103925784975, "lr": 5.62096616718007e-05, "wall": 2584.2}
{"arm": "deeponet", "epoch": 788, "steps": 50496, "train": 7.833159100789161e-06, "val_mean_case_max": 0.005044478452784737, "val_worst": 0.01144065052955765, "lr": 5.5491759876294504e-05, "wall": 2587.5}
{"arm": "deeponet", "epoch": 789, "steps": 50560, "train": 7.896272154594386e-06, "val_mean_case_max": 0.004927065260891943, "val_worst": 0.010869694098733155, "lr": 5.477965198171154e-05, "wall": 2590.8}
{"arm": "deeponet", "epoch": 790, "steps": 50624, "train": 7.58827051085432e-06, "val_mean_case_max": 0.004828714345553879, "val_worst": 0.011417500953514128, "lr": 5.4073116958540565e-05, "wall": 2594.1}
{"arm": "deeponet", "epoch": 791, "steps": 50688, "train": 6.941281858495639e-06, "val_mean_case_max": 0.004985305208382473, "val_worst": 0.011036979670839232, "lr": 5.336503091276705e-05, "wall": 2597.4}
{"arm": "deeponet", "epoch": 792, "steps": 50752, "train": 7.533697830583302e-06, "val_mean_case_max": 0.00477339857638682, "val_worst": 0.010878101474048432, "lr": 5.266941493968273e-05, "wall": 2600.8}
{"arm": "deeponet", "epoch": 793, "steps": 50816, "train": 7.0876895793115255e-06, "val_mean_case_max": 0.004975564426613253, "val_worst": 0.011755431799698903, "lr": 5.197039682381768e-05, "wall": 2604.1}
{"arm": "deeponet", "epoch": 794, "steps": 50880, "train": 7.111975542137531e-06, "val_mean_case_max": 0.004947368056927019, "val_worst": 0.011887680536588377, "lr": 5.1285843242378966e-05, "wall": 2607.3}
{"arm": "deeponet", "epoch": 795, "steps": 50944, "train": 7.252597790628384e-06, "val_mean_case_max": 0.0050025191774622415, "val_worst": 0.011252982960644073, "lr": 5.0606417702482035e-05, "wall": 2610.6}
{"arm": "deeponet", "epoch": 796, "steps": 51008, "train": 6.854882835276289e-06, "val_mean_case_max": 0.004971196658813902, "val_worst": 0.011678701367770236, "lr": 4.993194039177887e-05, "wall": 2613.9}
{"arm": "deeponet", "epoch": 797, "steps": 51072, "train": 7.732942231336461e-06, "val_mean_case_max": 0.005243276564892862, "val_worst": 0.01231119246156831, "lr": 4.926330201256022e-05, "wall": 2617.2}
{"arm": "deeponet", "epoch": 798, "steps": 51136, "train": 7.323152784475307e-06, "val_mean_case_max": 0.004809082847279851, "val_worst": 0.011090889819952768, "lr": 4.859975092252177e-05, "wall": 2620.5}
{"arm": "deeponet", "epoch": 799, "steps": 51200, "train": 7.216255666337451e-06, "val_mean_case_max": 0.004824682447017822, "val_worst": 0.01031652405491298, "lr": 4.794201569230559e-05, "wall": 2623.8}
{"arm": "deeponet", "epoch": 800, "steps": 51264, "train": 7.2715357184986745e-06, "val_mean_case_max": 0.004850462811790645, "val_worst": 0.010975577041337174, "lr": 4.728988732636485e-05, "wall": 2627.1}
{"arm": "deeponet", "epoch": 801, "steps": 51328, "train": 7.135529833205774e-06, "val_mean_case_max": 0.004983353324092658, "val_worst": 0.011814808519999645, "lr": 4.6643121421016213e-05, "wall": 2630.4}
{"arm": "deeponet", "epoch": 802, "steps": 51392, "train": 6.7682035651807864e-06, "val_mean_case_max": 0.004904973343580271, "val_worst": 0.01209075557037406, "lr": 4.6000677648436734e-05, "wall": 2633.7}
{"arm": "deeponet", "epoch": 803, "steps": 51456, "train": 6.778128347136921e-06, "val_mean_case_max": 0.0049407350299275786, "val_worst": 0.01092752427478857, "lr": 4.536494415789426e-05, "wall": 2637.0}
{"arm": "deeponet", "epoch": 804, "steps": 51520, "train": 7.101206195520616e-06, "val_mean_case_max": 0.004754473471731019, "val_worst": 0.011506810395466704, "lr": 4.4734431629025614e-05, "wall": 2640.3}
{"arm": "deeponet", "epoch": 805, "steps": 51584, "train": 7.199594759276611e-06, "val_mean_case_max": 0.005057240788779335, "val_worst": 0.011584616197136157, "lr": 4.41033849735633e-05, "wall": 2643.6}
{"arm": "deeponet", "epoch": 806, "steps": 51648, "train": 7.202668025591517e-06, "val_mean_case_max": 0.004718638700825615, "val_worst": 0.011417020201043352, "lr": 4.348365320958876e-05, "wall": 2646.9}
{"arm": "deeponet", "epoch": 807, "steps": 51712, "train": 6.815918906289464e-06, "val_mean_case_max": 0.004945652565309424, "val_worst": 0.010896856725930767, "lr": 4.286263299278774e-05, "wall": 2650.2}
{"arm": "deeponet", "epoch": 808, "steps": 51776, "train": 6.625622011287574e-06, "val_mean_case_max": 0.005106342201969942, "val_worst": 0.012104014478198493, "lr": 4.225327248930002e-05, "wall": 2653.5}
{"arm": "deeponet", "epoch": 809, "steps": 51840, "train": 6.646692822513384e-06, "val_mean_case_max": 0.005214974865294873, "val_worst": 0.013054939071673533, "lr": 4.1650177050623636e-05, "wall": 2656.8}
{"arm": "deeponet", "epoch": 810, "steps": 51904, "train": 7.157228785652156e-06, "val_mean_case_max": 0.004783771480462092, "val_worst": 0.010617902113586666, "lr": 4.105219264971577e-05, "wall": 2660.1}
{"arm": "deeponet", "epoch": 811, "steps": 51968, "train": 6.585866373083744e-06, "val_mean_case_max": 0.004786478206079448, "val_worst": 0.011504620788843742, "lr": 4.045968924385835e-05, "wall": 2663.4}
{"arm": "deeponet", "epoch": 812, "steps": 52032, "train": 6.556941916253268e-06, "val_mean_case_max": 0.004826959138925702, "val_worst": 0.010646141947828647, "lr": 3.9858107340892844e-05, "wall": 2666.8}
{"arm": "deeponet", "epoch": 813, "steps": 52096, "train": 6.650375959599047e-06, "val_mean_case_max": 0.004828565818122965, "val_worst": 0.010907321097324086, "lr": 3.927725423268461e-05, "wall": 2670.0}
{"arm": "deeponet", "epoch": 814, "steps": 52160, "train": 6.339103834570633e-06, "val_mean_case_max": 0.004865364562018276, "val_worst": 0.011321545386671393, "lr": 3.8702254705291285e-05, "wall": 2673.3}
{"arm": "deeponet", "epoch": 815, "steps": 52224, "train": 6.439845138115045e-06, "val_mean_case_max": 0.004795737879780158, "val_worst": 0.010703708226749535, "lr": 3.813194919530891e-05, "wall": 2676.6}
{"arm": "deeponet", "epoch": 816, "steps": 52288, "train": 6.281419576551029e-06, "val_mean_case_max": 0.004800183988454252, "val_worst": 0.010924267068346233, "lr": 3.756769855220823e-05, "wall": 2679.9}
{"arm": "deeponet", "epoch": 817, "steps": 52352, "train": 6.2377632303045605e-06, "val_mean_case_max": 0.004775038599497908, "val_worst": 0.010593838591235999, "lr": 3.700867509913347e-05, "wall": 2683.2}
{"arm": "deeponet", "epoch": 818, "steps": 52416, "train": 6.256152315690306e-06, "val_mean_case_max": 0.0048137012170591156, "val_worst": 0.01106966127838589, "lr": 3.6455040396698494e-05, "wall": 2686.5}
{"arm": "deeponet", "epoch": 819, "steps": 52480, "train": 6.2746641894029664e-06, "val_mean_case_max": 0.004811975714855427, "val_worst": 0.011697174464434067, "lr": 3.590719473100651e-05, "wall": 2689.8}
{"arm": "deeponet", "epoch": 820, "steps": 52544, "train": 6.055870740909435e-06, "val_mean_case_max": 0.004936190082974978, "val_worst": 0.010993074575074981, "lr": 3.53652087784398e-05, "wall": 2693.1}
{"arm": "deeponet", "epoch": 821, "steps": 52608, "train": 6.414329665883589e-06, "val_mean_case_max": 0.005003639549409895, "val_worst": 0.011219525301021114, "lr": 3.482861860075266e-05, "wall": 2696.4}
{"arm": "deeponet", "epoch": 822, "steps": 52672, "train": 6.283662838381148e-06, "val_mean_case_max": 0.004839544358569093, "val_worst": 0.011093723255669803, "lr": 3.429811699993967e-05, "wall": 2699.7}
{"arm": "deeponet", "epoch": 823, "steps": 52736, "train": 6.930277656446171e-06, "val_mean_case_max": 0.005100443472836173, "val_worst": 0.01167579501808137, "lr": 3.377222289785633e-05, "wall": 2703.0}
{"arm": "deeponet", "epoch": 824, "steps": 52800, "train": 6.165491383134338e-06, "val_mean_case_max": 0.00469716046462056, "val_worst": 0.010557581898837938, "lr": 3.3252179647867145e-05, "wall": 2706.3}
{"arm": "deeponet", "epoch": 825, "steps": 52864, "train": 6.336685822463648e-06, "val_mean_case_max": 0.004751364701287811, "val_worst": 0.010290831483024685, "lr": 3.273292747296636e-05, "wall": 2709.6}
{"arm": "deeponet", "epoch": 826, "steps": 52928, "train": 6.045582005370051e-06, "val_mean_case_max": 0.004764781055987442, "val_worst": 0.01077942277391407, "lr": 3.2224034821641164e-05, "wall": 2712.9}
{"arm": "deeponet", "epoch": 827, "steps": 52992, "train": 6.014097276743544e-06, "val_mean_case_max": 0.004780176828178815, "val_worst": 0.011731729995786476, "lr": 3.172057932508025e-05, "wall": 2716.2}
{"arm": "deeponet", "epoch": 828, "steps": 53056, "train": 6.078808437017784e-06, "val_mean_case_max": 0.004661696091406937, "val_worst": 0.0111558284471752, "lr": 3.122269339056205e-05, "wall": 2719.5}
{"arm": "deeponet", "epoch": 829, "steps": 53120, "train": 6.04891754854957e-06, "val_mean_case_max": 0.0047741677206376695, "val_worst": 0.011517358243698535, "lr": 3.0725843362354705e-05, "wall": 2722.8}
{"arm": "deeponet", "epoch": 830, "steps": 53184, "train": 6.258866982718101e-06, "val_mean_case_max": 0.0047210869643090365, "val_worst": 0.010910339312298957, "lr": 3.0239304854655327e-05, "wall": 2726.1}
{"arm": "deeponet", "epoch": 831, "steps": 53248, "train": 6.037039212308425e-06, "val_mean_case_max": 0.0049394546706263654, "val_worst": 0.011405921082852084, "lr": 2.9758803848602837e-05, "wall": 2729.4}
{"arm": "deeponet", "epoch": 832, "steps": 53312, "train": 6.100926541482583e-06, "val_mean_case_max": 0.004707442755990344, "val_worst": 0.011304394465903558, "lr": 2.9284060183360553e-05, "wall": 2732.7}
{"arm": "deeponet", "epoch": 833, "steps": 53376, "train": 5.9562701489501895e-06, "val_mean_case_max": 0.004696120664867242, "val_worst": 0.011455857508806047, "lr": 2.8814420877280475e-05, "wall": 2736.0}
{"arm": "deeponet", "epoch": 834, "steps": 53440, "train": 5.856949211496699e-06, "val_mean_case_max": 0.004709574304472806, "val_worst": 0.011086720160864807, "lr": 2.8350083206911953e-05, "wall": 2739.3}
{"arm": "deeponet", "epoch": 835, "steps": 53504, "train": 6.019003848206008e-06, "val_mean_case_max": 0.004772157769203245, "val_worst": 0.011658898808099618, "lr": 2.7892442485091722e-05, "wall": 2742.6}
{"arm": "deeponet", "epoch": 836, "steps": 53568, "train": 5.794415235227761e-06, "val_mean_case_max": 0.0047207854538520565, "val_worst": 0.011015490620616603, "lr": 2.7439898558631262e-05, "wall": 2745.9}
{"arm": "deeponet", "epoch": 837, "steps": 53632, "train": 5.848276128145708e-06, "val_mean_case_max": 0.004820557083727767, "val_worst": 0.011446368161384413, "lr": 2.699301121835321e-05, "wall": 2749.2}
{"arm": "deeponet", "epoch": 838, "steps": 53696, "train": 5.9092849021696564e-06, "val_mean_case_max": 0.0045930731914634055, "val_worst": 0.010574784738384012, "lr": 2.6551933360738406e-05, "wall": 2752.5}
{"arm": "deeponet", "epoch": 839, "steps": 53760, "train": 5.945025852092375e-06, "val_mean_case_max": 0.004751820924521397, "val_worst": 0.01108788854844892, "lr": 2.611254001105868e-05, "wall": 2755.8}
{"arm": "deeponet", "epoch": 840, "steps": 53824, "train": 6.106717371840532e-06, "val_mean_case_max": 0.004843035424345793, "val_worst": 0.011793393094123073, "lr": 2.5683103152593405e-05, "wall": 2759.1}
{"arm": "deeponet", "epoch": 841, "steps": 53888, "train": 5.859280306354157e-06, "val_mean_case_max": 0.004750646185636339, "val_worst": 0.011376318742628158, "lr": 2.52591524591408e-05, "wall": 2762.4}
{"arm": "deeponet", "epoch": 842, "steps": 53952, "train": 5.6983974539931575e-06, "val_mean_case_max": 0.00482994557378082, "val_worst": 0.01163706536175883, "lr": 2.4841145473707456e-05, "wall": 2765.7}
{"arm": "deeponet", "epoch": 843, "steps": 54016, "train": 5.758471240624461e-06, "val_mean_case_max": 0.004707120128910508, "val_worst": 0.01055636389171512, "lr": 2.4428711888162233e-05, "wall": 2769.0}
{"arm": "deeponet", "epoch": 844, "steps": 54080, "train": 5.892454213455592e-06, "val_mean_case_max": 0.004824893569755646, "val_worst": 0.01236959794023906, "lr": 2.4022226611665435e-05, "wall": 2772.3}
{"arm": "deeponet", "epoch": 845, "steps": 54144, "train": 5.768368639040966e-06, "val_mean_case_max": 0.004692192367513207, "val_worst": 0.010625349323935067, "lr": 2.362113071789097e-05, "wall": 2775.6}
{"arm": "deeponet", "epoch": 846, "steps": 54208, "train": 5.7613734694636385e-06, "val_mean_case_max": 0.004692461739540034, "val_worst": 0.0106943375726274, "lr": 2.3225666996643425e-05, "wall": 2778.9}
{"arm": "deeponet", "epoch": 847, "steps": 54272, "train": 5.6640815245456154e-06, "val_mean_case_max": 0.004642199685957647, "val_worst": 0.01056638961271085, "lr": 2.283636685133688e-05, "wall": 2782.2}
{"arm": "deeponet", "epoch": 848, "steps": 54336, "train": 5.5923733557660854e-06, "val_mean_case_max": 0.004691929500471738, "val_worst": 0.011045268040416225, "lr": 2.2452473957184596e-05, "wall": 2785.5}
{"arm": "deeponet", "epoch": 849, "steps": 54400, "train": 5.737765846633259e-06, "val_mean_case_max": 0.0046466446098953375, "val_worst": 0.01102201935152861, "lr": 2.2074186878662368e-05, "wall": 2788.8}
{"arm": "deeponet", "epoch": 850, "steps": 54464, "train": 5.6072742374566915e-06, "val_mean_case_max": 0.004773836044457553, "val_worst": 0.01122988909924193, "lr": 2.1701938889744103e-05, "wall": 2792.1}
{"arm": "deeponet", "epoch": 851, "steps": 54528, "train": 5.651395480809636e-06, "val_mean_case_max": 0.004692797558837328, "val_worst": 0.010953914505330566, "lr": 2.1335536349453726e-05, "wall": 2795.4}
{"arm": "deeponet", "epoch": 852, "steps": 54592, "train": 5.657649757077158e-06, "val_mean_case_max": 0.004717310807415701, "val_worst": 0.01075999667032262, "lr": 2.0974351420726618e-05, "wall": 2798.7}
{"arm": "deeponet", "epoch": 853, "steps": 54656, "train": 5.787427109951532e-06, "val_mean_case_max": 0.004624078390738352, "val_worst": 0.010470953066198429, "lr": 2.0619451504759314e-05, "wall": 2802.0}
{"arm": "deeponet", "epoch": 854, "steps": 54720, "train": 5.619988534834059e-06, "val_mean_case_max": 0.004616705533617124, "val_worst": 0.011328205412865987, "lr": 2.0270405364773074e-05, "wall": 2805.3}
{"arm": "deeponet", "epoch": 855, "steps": 54784, "train": 5.68061115216642e-06, "val_mean_case_max": 0.0046982932709081476, "val_worst": 0.011355232746641134, "lr": 1.9927294331347846e-05, "wall": 2808.6}
{"arm": "deeponet", "epoch": 856, "steps": 54848, "train": 5.4891220489150285e-06, "val_mean_case_max": 0.004731017544489387, "val_worst": 0.011438028448428353, "lr": 1.95899546925758e-05, "wall": 2811.8}
{"arm": "deeponet", "epoch": 857, "steps": 54912, "train": 5.577615260921715e-06, "val_mean_case_max": 0.004648084085399551, "val_worst": 0.010569398155921582, "lr": 1.925832108045159e-05, "wall": 2815.1}
{"arm": "deeponet", "epoch": 858, "steps": 54976, "train": 5.428426210030842e-06, "val_mean_case_max": 0.004644720118014157, "val_worst": 0.011073428928152456, "lr": 1.8932627968312327e-05, "wall": 2818.4}
{"arm": "deeponet", "epoch": 859, "steps": 55040, "train": 5.453015608354897e-06, "val_mean_case_max": 0.004600896678146149, "val_worst": 0.011081236728258755, "lr": 1.861263517106763e-05, "wall": 2821.7}
{"arm": "deeponet", "epoch": 860, "steps": 55104, "train": 5.3747900326138406e-06, "val_mean_case_max": 0.004650716749783934, "val_worst": 0.010880905223267437, "lr": 1.8298330888918472e-05, "wall": 2825.0}
{"arm": "deeponet", "epoch": 861, "steps": 55168, "train": 5.424412210592055e-06, "val_mean_case_max": 0.004684097170165739, "val_worst": 0.010874051134104104, "lr": 1.798966253490478e-05, "wall": 2828.3}
{"arm": "deeponet", "epoch": 862, "steps": 55232, "train": 5.500401053219592e-06, "val_mean_case_max": 0.004690763462005709, "val_worst": 0.011207607654884499, "lr": 1.7687008515896696e-05, "wall": 2831.6}
{"arm": "deeponet", "epoch": 863, "steps": 55296, "train": 5.446559218781769e-06, "val_mean_case_max": 0.004624096749446945, "val_worst": 0.011040605681570293, "lr": 1.738996251551391e-05, "wall": 2834.9}
{"arm": "deeponet", "epoch": 864, "steps": 55360, "train": 5.392919176529556e-06, "val_mean_case_max": 0.004680646255299137, "val_worst": 0.010956699100110816, "lr": 1.7098686813324422e-05, "wall": 2838.2}
{"arm": "deeponet", "epoch": 865, "steps": 55424, "train": 5.3496236749772495e-06, "val_mean_case_max": 0.004528709001222145, "val_worst": 0.011041201502615451, "lr": 1.6813423091998234e-05, "wall": 2841.5}
{"arm": "deeponet", "epoch": 866, "steps": 55488, "train": 5.4094963636906055e-06, "val_mean_case_max": 0.004624708844642429, "val_worst": 0.011014944997824327, "lr": 1.6531391981821423e-05, "wall": 2844.8}
{"arm": "deeponet", "epoch": 867, "steps": 55552, "train": 5.397312748299578e-06, "val_mean_case_max": 0.004732166721907426, "val_worst": 0.010829574728496449, "lr": 1.625764510948553e-05, "wall": 2848.1}
{"arm": "deeponet", "epoch": 868, "steps": 55616, "train": 5.412502472038912e-06, "val_mean_case_max": 0.004598201673517639, "val_worst": 0.01119312686408162, "lr": 1.598963547053995e-05, "wall": 2851.4}
{"arm": "deeponet", "epoch": 869, "steps": 55680, "train": 5.408183152485563e-06, "val_mean_case_max": 0.004717870465359899, "val_worst": 0.011216877711455476, "lr": 1.5727459372530578e-05, "wall": 2854.7}
{"arm": "deeponet", "epoch": 870, "steps": 55744, "train": 5.349574556710706e-06, "val_mean_case_max": 0.004607033118364858, "val_worst": 0.010836106497092511, "lr": 1.547097422935348e-05, "wall": 2858.0}
{"arm": "deeponet", "epoch": 871, "steps": 55808, "train": 5.322049085488271e-06, "val_mean_case_max": 0.004735248205406039, "val_worst": 0.011617371007634584, "lr": 1.5220711277413683e-05, "wall": 2861.3}
{"arm": "deeponet", "epoch": 872, "steps": 55872, "train": 5.381660232177782e-06, "val_mean_case_max": 0.00460300760442815, "val_worst": 0.010507768699433128, "lr": 1.4971416839839524e-05, "wall": 2864.7}
{"arm": "deeponet", "epoch": 873, "steps": 55936, "train": 5.399918706416238e-06, "val_mean_case_max": 0.004693182430113713, "val_worst": 0.011228601259030564, "lr": 1.4732716563287738e-05, "wall": 2868.0}
{"arm": "deeponet", "epoch": 874, "steps": 56000, "train": 5.250671773942907e-06, "val_mean_case_max": 0.004556713861169507, "val_worst": 0.010551272668759848, "lr": 1.4499921969129749e-05, "wall": 2871.3}
{"arm": "deeponet", "epoch": 875, "steps": 56064, "train": 5.30236289497475e-06, "val_mean_case_max": 0.004595849439289127, "val_worst": 0.010857255749316735, "lr": 1.427256839951471e-05, "wall": 2874.6}
{"arm": "deeponet", "epoch": 876, "steps": 56128, "train": 5.265699544070632e-06, "val_mean_case_max": 0.004684608174037253, "val_worst": 0.011274513586324168, "lr": 1.405152376662784e-05, "wall": 2877.9}
{"arm": "deeponet", "epoch": 877, "steps": 56192, "train": 5.364224197043542e-06, "val_mean_case_max": 0.004525185035470679, "val_worst": 0.010980720042123462, "lr": 1.3836197972574252e-05, "wall": 2881.2}
{"arm": "deeponet", "epoch": 878, "steps": 56256, "train": 5.288357373010705e-06, "val_mean_case_max": 0.004678816058541606, "val_worst": 0.011134223046725528, "lr": 1.3624771738998187e-05, "wall": 2884.5}
{"arm": "deeponet", "epoch": 879, "steps": 56320, "train": 5.195510793034673e-06, "val_mean_case_max": 0.004657175922243472, "val_worst": 0.011103368940425127, "lr": 1.3421441095548612e-05, "wall": 2887.8}
{"arm": "deeponet", "epoch": 880, "steps": 56384, "train": 5.2965670743435405e-06, "val_mean_case_max": 0.004596969725611045, "val_worst": 0.011367796070169757, "lr": 1.3223759278502863e-05, "wall": 2891.1}
{"arm": "deeponet", "epoch": 881, "steps": 56448, "train": 5.31657867238585e-06, "val_mean_case_max": 0.004683140680490154, "val_worst": 0.010814873768213802, "lr": 1.3032000444139825e-05, "wall": 2894.4}
{"arm": "deeponet", "epoch": 882, "steps": 56512, "train": 5.3107636591134495e-06, "val_mean_case_max": 0.004569011091193228, "val_worst": 0.011072477213710588, "lr": 1.2846021896002186e-05, "wall": 2897.7}
{"arm": "deeponet", "epoch": 883, "steps": 56576, "train": 5.241437551907852e-06, "val_mean_case_max": 0.004533436591642314, "val_worst": 0.010873386160368852, "lr": 1.2666085154016339e-05, "wall": 2901.0}
{"arm": "deeponet", "epoch": 884, "steps": 56640, "train": 5.170039980268539e-06, "val_mean_case_max": 0.004652171078352765, "val_worst": 0.011152130679428496, "lr": 1.2491878299310848e-05, "wall": 2904.3}
{"arm": "deeponet", "epoch": 885, "steps": 56704, "train": 5.208587161300211e-06, "val_mean_case_max": 0.00453281850138431, "val_worst": 0.010946384635353487, "lr": 1.2323561169831626e-05, "wall": 2907.6}
{"arm": "deeponet", "epoch": 886, "steps": 56768, "train": 5.159891931829322e-06, "val_mean_case_max": 0.00454888413683186, "val_worst": 0.010979411035731173, "lr": 1.2161101665976077e-05, "wall": 2910.9}
{"arm": "deeponet", "epoch": 887, "steps": 56832, "train": 5.247084765046364e-06, "val_mean_case_max": 0.004626069549789433, "val_worst": 0.011227813692607747, "lr": 1.2004455653285008e-05, "wall": 2914.2}
{"arm": "deeponet", "epoch": 888, "steps": 56896, "train": 5.275166809415173e-06, "val_mean_case_max": 0.004637383483560933, "val_worst": 0.0111825567865913, "lr": 1.18535896387339e-05, "wall": 2917.5}
{"arm": "deeponet", "epoch": 889, "steps": 56960, "train": 5.102063922294507e-06, "val_mean_case_max": 0.004627554485870546, "val_worst": 0.01116868588254857, "lr": 1.1708530122812657e-05, "wall": 2920.8}
{"arm": "deeponet", "epoch": 890, "steps": 57024, "train": 5.237160729200046e-06, "val_mean_case_max": 0.004577238762697803, "val_worst": 0.011063060169557831, "lr": 1.1569337471124424e-05, "wall": 2924.1}
{"arm": "deeponet", "epoch": 891, "steps": 57088, "train": 5.160669727214621e-06, "val_mean_case_max": 0.004587979518559079, "val_worst": 0.011311926087569184, "lr": 1.1436036806987844e-05, "wall": 2927.4}
{"arm": "deeponet", "epoch": 892, "steps": 57152, "train": 5.19354658429914e-06, "val_mean_case_max": 0.00465130500621141, "val_worst": 0.011164985510570581, "lr": 1.1308614574620931e-05, "wall": 2930.7}
{"arm": "deeponet", "epoch": 893, "steps": 57216, "train": 5.1510098848905765e-06, "val_mean_case_max": 0.004640134554221433, "val_worst": 0.01127636416378236, "lr": 1.1187291932995906e-05, "wall": 2934.0}
{"arm": "deeponet", "epoch": 894, "steps": 57280, "train": 5.093574545963941e-06, "val_mean_case_max": 0.004631834393059308, "val_worst": 0.01124970886590715, "lr": 1.1071839558454665e-05, "wall": 2937.3}
{"arm": "deeponet", "epoch": 895, "steps": 57344, "train": 5.145170706184985e-06, "val_mean_case_max": 0.004594880114899313, "val_worst": 0.011200270891733375, "lr": 1.0960377247032863e-05, "wall": 2940.6}
{"arm": "deeponet", "epoch": 896, "steps": 57408, "train": 5.081934792224971e-06, "val_mean_case_max": 0.0046065967321598554, "val_worst": 0.011030651675605394, "lr": 1.0856681169927197e-05, "wall": 2943.9}
{"arm": "deeponet", "epoch": 897, "steps": 57472, "train": 5.090771742174652e-06, "val_mean_case_max": 0.0045548086169765, "val_worst": 0.010974440713996031, "lr": 1.075901355598623e-05, "wall": 2947.2}
{"arm": "deeponet", "epoch": 898, "steps": 57536, "train": 5.153666204062307e-06, "val_mean_case_max": 0.004589767832404395, "val_worst": 0.01137856354724468, "lr": 1.0664220205095652e-05, "wall": 2950.6}
{"arm": "deeponet", "epoch": 899, "steps": 57600, "train": 5.143486697967284e-06, "val_mean_case_max": 0.004651537530790868, "val_worst": 0.01130615304724194, "lr": 1.057857535293556e-05, "wall": 2953.9}
{"arm": "deeponet", "epoch": 900, "steps": 57664, "train": 5.0969448963791934e-06, "val_mean_case_max": 0.004676038604171519, "val_worst": 0.011277425410419454, "lr": 1.0498821304402729e-05, "wall": 2957.2}
{"arm": "deeponet", "epoch": 901, "steps": 57728, "train": 5.101136914752044e-06, "val_mean_case_max": 0.004562312657184705, "val_worst": 0.011297438211021053, "lr": 1.0425033640091844e-05, "wall": 2960.5}
{"arm": "deeponet", "epoch": 902, "steps": 57792, "train": 5.083605963825297e-06, "val_mean_case_max": 0.004627198015361805, "val_worst": 0.011293788905996072, "lr": 1.035700701180731e-05, "wall": 2963.9}
{"arm": "deeponet", "epoch": 903, "steps": 57856, "train": 5.153350566097283e-06, "val_mean_case_max": 0.004523945464167244, "val_worst": 0.011038735211796685, "lr": 1.0294990283752998e-05, "wall": 2967.2}
{"arm": "deeponet", "epoch": 904, "steps": 57920, "train": 5.070077493381036e-06, "val_mean_case_max": 0.004595900233375355, "val_worst": 0.011095228749948905, "lr": 1.0238380138778197e-05, "wall": 2970.5}
{"arm": "deeponet", "epoch": 905, "steps": 57984, "train": 5.0916263368944265e-06, "val_mean_case_max": 0.004489072131505964, "val_worst": 0.010717428954532439, "lr": 1.0188254720470619e-05, "wall": 2973.8}
{"arm": "deeponet", "epoch": 906, "steps": 58048, "train": 5.058807158954304e-06, "val_mean_case_max": 0.004517974522413017, "val_worst": 0.010601773812218766, "lr": 1.0143637820440407e-05, "wall": 2977.1}
{"arm": "deeponet", "epoch": 907, "steps": 58112, "train": 5.078712032970201e-06, "val_mean_case_max": 0.004578571112144263, "val_worst": 0.011188264378507617, "lr": 1.0105382686523494e-05, "wall": 2980.4}
{"arm": "deeponet", "epoch": 908, "steps": 58176, "train": 5.08624855425599e-06, "val_mean_case_max": 0.004563990668904009, "val_worst": 0.010966368811817204, "lr": 1.0073026730761833e-05, "wall": 2983.7}
{"arm": "deeponet", "epoch": 909, "steps": 58240, "train": 5.070685469774793e-06, "val_mean_case_max": 0.004546253940024857, "val_worst": 0.01091273489466316, "lr": 1.0046590938605167e-05, "wall": 2987.0}
{"arm": "deeponet", "epoch": 910, "steps": 58304, "train": 5.163899978409037e-06, "val_mean_case_max": 0.004604646622492454, "val_worst": 0.01122711413525008, "lr": 1.0026066638901928e-05, "wall": 2990.3}
{"arm": "deeponet", "epoch": 911, "steps": 58368, "train": 5.157462164907644e-06, "val_mean_case_max": 0.004615845402611462, "val_worst": 0.010961608991835627, "lr": 1.0011356098561501e-05, "wall": 2993.7}
{"arm": "deeponet", "epoch": 912, "steps": 58432, "train": 5.124621370213016e-06, "val_mean_case_max": 0.004603732743637472, "val_worst": 0.011251503005347814, "lr": 1.000272154776785e-05, "wall": 2997.0}
{"arm": "deeponet", "epoch": 913, "steps": 58491, "train": 5.107668731682006e-06, "val_mean_case_max": 0.004587968575877524, "val_worst": 0.010974574526035766, "lr": 1.0000000624543517e-05, "wall": 3000.1}
ARM DONE deeponet {"stop_reason": "wall_budget", "epochs_completed": 914, "optimisation_steps": 58491, "micro_batch": 8} val_mean_case_max 0.004489072131505964
TRAIN OPS COMPLETE
run_exit=0
