[exp/2026-09-20-paper-p3d fb5dc0fc] Retain audited Poisson3D paired CG and independent DeepONet panel
 1029 files changed, 419005 insertions(+)
 create mode 100644 experiments/paper-p3d/runs/seed06/.gitignore
 create mode 100644 experiments/paper-p3d/runs/seed06/COLLECTED.json
 create mode 100644 experiments/paper-p3d/runs/seed06/COMPLETION.json
 create mode 100644 experiments/paper-p3d/runs/seed06/archive/COMMIT.txt
 create mode 100644 experiments/paper-p3d/runs/seed06/archive/OUTPUTS.sha256
 create mode 100644 experiments/paper-p3d/runs/seed06/archive/PROVENANCE.json
 create mode 100644 experiments/paper-p3d/runs/seed06/archive/SOURCE.sha256
 create mode 100644 experiments/paper-p3d/runs/seed06/archive/checkpoints/ORIGINAL_TRAINING_SOURCES.json
 create mode 100644 experiments/paper-p3d/runs/seed06/archive/checkpoints/bank.pkl
 create mode 100644 experiments/paper-p3d/runs/seed06/archive/checkpoints/cohorts.json
 create mode 100644 experiments/paper-p3d/runs/seed06/archive/checkpoints/head_K16.pkl
 create mode 100644 experiments/paper-p3d/runs/seed06/archive/checkpoints/operators/fno3d_w24_m8/SOURCE_RESULT.json
 create mode 100644 experiments/paper-p3d/runs/seed06/archive/checkpoints/operators/fno3d_w24_m8/best.pkl
 create mode 100644 experiments/paper-p3d/runs/seed06/archive/checkpoints/operators/transolver3d_w48_s32/SOURCE_RESULT.json
 create mode 100644 experiments/paper-p3d/runs/seed06/archive/checkpoints/operators/transolver3d_w48_s32/best.pkl
 create mode 100644 experiments/paper-p3d/runs/seed06/archive/checkpoints/operators/unet3d_w16/SOURCE_RESULT.json
 create mode 100644 experiments/paper-p3d/runs/seed06/archive/checkpoints/operators/unet3d_w16/best.pkl
 create mode 100644 experiments/paper-p3d/runs/seed06/archive/checkpoints/result.json
 create mode 100644 experiments/paper-p3d/runs/seed06/archive/code/DESIGN.md
 create mode 100644 experiments/paper-p3d/runs/seed06/archive/code/IMPORTS.json
 create mode 100644 experiments/paper-p3d/runs/seed06/archive/code/audit.py
 create mode 100644 experiments/paper-p3d/runs/seed06/archive/code/audit_cg.py
 create mode 100644 experiments/paper-p3d/runs/seed06/archive/code/audit_offline_assets.py
 create mode 100644 experiments/paper-p3d/runs/seed06/archive/code/audit_pretraining.py
 create mode 100644 experiments/paper-p3d/runs/seed06/archive/code/cluster/collect.py
 create mode 100644 experiments/paper-p3d/runs/seed06/archive/code/cluster/stage.py
 create mode 100644 experiments/paper-p3d/runs/seed06/archive/code/common.py
 create mode 100644 experiments/paper-p3d/runs/seed06/archive/code/config.json
 create mode 100644 experiments/paper-p3d/runs/seed06/archive/code/freeze.py
 create mode 100644 experiments/paper-p3d/runs/seed06/archive/code/iterative_cg.py
 create mode 100644 experiments/paper-p3d/runs/seed06/archive/code/offline_assets.py
 create mode 100644 experiments/paper-p3d/runs/seed06/archive/code/operators/EXTRA_IMPORTS.json
 create mode 100644 experiments/paper-p3d/runs/seed06/archive/code/operators/IMPORTS.json
 create mode 100644 experiments/paper-p3d/runs/seed06/archive/code/operators/LOCAL_EXTENSIONS.json
 create mode 100644 experiments/paper-p3d/runs/seed06/archive/code/operators/README.md
 create mode 100644 experiments/paper-p3d/runs/seed06/archive/code/operators/__init__.py
 create mode 100644 experiments/paper-p3d/runs/seed06/archive/code/operators/extra_models3d.py
 create mode 100644 experiments/paper-p3d/runs/seed06/archive/code/operators/models3d.py
 create mode 100644 experiments/paper-p3d/runs/seed06/archive/code/operators/poisson_adapter.py
 create mode 100644 experiments/paper-p3d/runs/seed06/archive/code/operators/pretrained_deeponet.py
 create mode 100644 experiments/paper-p3d/runs/seed06/archive/code/operators/training.py
 create mode 100644 experiments/paper-p3d/runs/seed06/archive/code/operators/upstream/LICENSE
 create mode 100644 experiments/paper-p3d/runs/seed06/archive/code/operators/upstream/PROVENANCE.json
 create mode 100644 experiments/paper-p3d/runs/seed06/archive/code/operators/upstream/Physics_Attention.py
 create mode 100644 experiments/paper-p3d/runs/seed06/archive/code/operators/upstream/prior_families.py
 create mode 100644 experiments/paper-p3d/runs/seed06/archive/code/pod_transfer.py
 create mode 100644 experiments/paper-p3d/runs/seed06/archive/code/poisson.py
 create mode 100644 experiments/paper-p3d/runs/seed06/archive/code/run.py
 create mode 100644 experiments/paper-p3d/runs/seed06/archive/code/shared_rom.py
 create mode 100644 experiments/paper-p3d/runs/seed06/archive/code/state_audit.py
 create mode 100644 experiments/paper-p3d/runs/seed06/archive/code/train.py
 create mode 100644 experiments/paper-p3d/runs/seed06/archive/code/trunk_diagnostic.py
 create mode 100644 experiments/paper-p3d/runs/seed06/archive/job.err
 create mode 100644 experiments/paper-p3d/runs/seed06/archive/job.out
 create mode 100644 experiments/paper-p3d/runs/seed06/archive/out/bank.pkl
 create mode 100644 experiments/paper-p3d/runs/seed06/archive/out/cohorts.json
 create mode 100644 experiments/paper-p3d/runs/seed06/archive/out/fields/N32_case0_cg_identity_rtol1e-02_rep0.npz
 create mode 100644 experiments/paper-p3d/runs/seed06/archive/out/fields/N32_case0_cg_identity_rtol1e-02_rep1.npz
 create mode 100644 experiments/paper-p3d/runs/seed06/archive/out/fields/N32_case0_cg_identity_rtol1e-02_rep2.npz
 create mode 100644 experiments/paper-p3d/runs/seed06/archive/out/fields/N32_case0_cg_identity_rtol1e-04_rep0.npz
 create mode 100644 experiments/paper-p3d/runs/seed06/archive/out/fields/N32_case0_cg_identity_rtol1e-04_rep1.npz
 create mode 100644 experiments/paper-p3d/runs/seed06/archive/out/fields/N32_case0_cg_identity_rtol1e-04_rep2.npz
 create mode 100644 experiments/paper-p3d/runs/seed06/archive/out/fields/N32_case0_cg_identity_rtol1e-06_rep0.npz
 create mode 100644 experiments/paper-p3d/runs/seed06/archive/out/fields/N32_case0_cg_identity_rtol1e-06_rep1.npz
 create mode 100644 experiments/paper-p3d/runs/seed06/archive/out/fields/N32_case0_cg_identity_rtol1e-06_rep2.npz
 create mode 100644 experiments/paper-p3d/runs/seed06/archive/out/fields/N32_case0_deeponet3d_r128_w16_podinit.npz
 create mode 100644 experiments/paper-p3d/runs/seed06/archive/out/fields/N32_case0_dst_exact.npz
 create mode 100644 experiments/paper-p3d/runs/seed06/archive/out/fields/N32_case0_fno3d_w24_m8.npz
 create mode 100644 experiments/paper-p3d/runs/seed06/archive/out/fields/N32_case0_linear_bank_galerkin.npz
 create mode 100644 experiments/paper-p3d/runs/seed06/archive/out/fields/N32_case0_linear_bank_weak_qR.npz
 create mode 100644 experiments/paper-p3d/runs/seed06/archive/out/fields/N32_case0_nmrom_K16_q0_dense.npz
 create mode 100644 experiments/paper-p3d/runs/seed06/archive/out/fields/N32_case0_nmrom_K16_q32_dense.npz
 create mode 100644 experiments/paper-p3d/runs/seed06/archive/out/fields/N32_case0_nmrom_K16_q96_dense.npz
 create mode 100644 experiments/paper-p3d/runs/seed06/archive/out/fields/N32_case0_pod112_galerkin.npz
 create mode 100644 experiments/paper-p3d/runs/seed06/archive/out/fields/N32_case0_pod128_galerkin.npz
 create mode 100644 experiments/paper-p3d/runs/seed06/archive/out/fields/N32_case0_pod16_galerkin.npz
 create mode 100644 experiments/paper-p3d/runs/seed06/archive/out/fields/N32_case0_pod48_galerkin.npz
 create mode 100644 experiments/paper-p3d/runs/seed06/archive/out/fields/N32_case0_reference.npz
 create mode 100644 experiments/paper-p3d/runs/seed06/archive/out/fields/N32_case0_transolver3d_w48_s32.npz
 create mode 100644 experiments/paper-p3d/runs/seed06/archive/out/fields/N32_case0_unet3d_w16.npz
 create mode 100644 experiments/paper-p3d/runs/seed06/archive/out/fields/N32_case10_cg_identity_rtol1e-02_rep0.npz
 create mode 100644 experiments/paper-p3d/runs/seed06/archive/out/fields/N32_case10_cg_identity_rtol1e-02_rep1.npz
 create mode 100644 experiments/paper-p3d/runs/seed06/archive/out/fields/N32_case10_cg_identity_rtol1e-02_rep2.npz
 create mode 100644 experiments/paper-p3d/runs/seed06/archive/out/fields/N32_case10_cg_identity_rtol1e-04_rep0.npz
 create mode 100644 experiments/paper-p3d/runs/seed06/archive/out/fields/N32_case10_cg_identity_rtol1e-04_rep1.npz
 create mode 100644 experiments/paper-p3d/runs/seed06/archive/out/fields/N32_case10_cg_identity_rtol1e-04_rep2.npz
 create mode 100644 experiments/paper-p3d/runs/seed06/archive/out/fields/N32_case10_cg_identity_rtol1e-06_rep0.npz
 create mode 100644 experiments/paper-p3d/runs/seed06/archive/out/fields/N32_case10_cg_identity_rtol1e-06_rep1.npz
 create mode 100644 experiments/paper-p3d/runs/seed06/archive/out/fields/N32_case10_cg_identity_rtol1e-06_rep2.npz
 create mode 100644 experiments/paper-p3d/runs/seed06/archive/out/fields/N32_case10_deeponet3d_r128_w16_podinit.npz
 create mode 100644 experiments/paper-p3d/runs/seed06/archive/out/fields/N32_case10_dst_exact.npz
 create mode 100644 experiments/paper-p3d/runs/seed06/archive/out/fields/N32_case10_fno3d_w24_m8.npz
 create mode 100644 experiments/paper-p3d/runs/seed06/archive/out/fields/N32_case10_linear_bank_galerkin.npz
 create mode 100644 experiments/paper-p3d/runs/seed06/archive/out/fields/N32_case10_linear_bank_weak_qR.npz
 create mode 100644 experiments/paper-p3d/runs/seed06/archive/out/fields/N32_case10_nmrom_K16_q0_dense.npz
 create mode 100644 experiments/paper-p3d/runs/seed06/archive/out/fields/N32_case10_nmrom_K16_q32_dense.npz
 create mode 100644 experiments/paper-p3d/runs/seed06/archive/out/fields/N32_case10_nmrom_K16_q96_dense.npz
 create mode 100644 experiments/paper-p3d/runs/seed06/archive/out/fields/N32_case10_pod112_galerkin.npz
 create mode 100644 experiments/paper-p3d/runs/seed06/archive/out/fields/N32_case10_pod128_galerkin.npz
 create mode 100644 experiments/paper-p3d/runs/seed06/archive/out/fields/N32_case10_pod16_galerkin.npz
 create mode 100644 experiments/paper-p3d/runs/seed06/archive/out/fields/N32_case10_pod48_galerkin.npz
 create mode 100644 experiments/paper-p3d/runs/seed06/archive/out/fields/N32_case10_reference.npz
 create mode 100644 experiments/paper-p3d/runs/seed06/archive/out/fields/N32_case10_transolver3d_w48_s32.npz
 create mode 100644 experiments/paper-p3d/runs/seed06/archive/out/fields/N32_case10_unet3d_w16.npz
 create mode 100644 experiments/paper-p3d/runs/seed06/archive/out/fields/N32_case11_cg_identity_rtol1e-02_rep0.npz
 create mode 100644 experiments/paper-p3d/runs/seed06/archive/out/fields/N32_case11_cg_identity_rtol1e-02_rep1.npz
 create mode 100644 experiments/paper-p3d/runs/seed06/archive/out/fields/N32_case11_cg_identity_rtol1e-02_rep2.npz
 create mode 100644 experiments/paper-p3d/runs/seed06/archive/out/fields/N32_case11_cg_identity_rtol1e-04_rep0.npz
 create mode 100644 experiments/paper-p3d/runs/seed06/archive/out/fields/N32_case11_cg_identity_rtol1e-04_rep1.npz
 create mode 100644 experiments/paper-p3d/runs/seed06/archive/out/fields/N32_case11_cg_identity_rtol1e-04_rep2.npz
 create mode 100644 experiments/paper-p3d/runs/seed06/archive/out/fields/N32_case11_cg_identity_rtol1e-06_rep0.npz
 create mode 100644 experiments/paper-p3d/runs/seed06/archive/out/fields/N32_case11_cg_identity_rtol1e-06_rep1.npz
 create mode 100644 experiments/paper-p3d/runs/seed06/archive/out/fields/N32_case11_cg_identity_rtol1e-06_rep2.npz
 create mode 100644 experiments/paper-p3d/runs/seed06/archive/out/fields/N32_case11_deeponet3d_r128_w16_podinit.npz
 create mode 100644 experiments/paper-p3d/runs/seed06/archive/out/fields/N32_case11_dst_exact.npz
 create mode 100644 experiments/paper-p3d/runs/seed06/archive/out/fields/N32_case11_fno3d_w24_m8.npz
 create mode 100644 experiments/paper-p3d/runs/seed06/archive/out/fields/N32_case11_linear_bank_galerkin.npz
 create mode 100644 experiments/paper-p3d/runs/seed06/archive/out/fields/N32_case11_linear_bank_weak_qR.npz
 create mode 100644 experiments/paper-p3d/runs/seed06/archive/out/fields/N32_case11_nmrom_K16_q0_dense.npz
 create mode 100644 experiments/paper-p3d/runs/seed06/archive/out/fields/N32_case11_nmrom_K16_q32_dense.npz
 create mode 100644 experiments/paper-p3d/runs/seed06/archive/out/fields/N32_case11_nmrom_K16_q96_dense.npz
 create mode 100644 experiments/paper-p3d/runs/seed06/archive/out/fields/N32_case11_pod112_galerkin.npz
 create mode 100644 experiments/paper-p3d/runs/seed06/archive/out/fields/N32_case11_pod128_galerkin.npz
 create mode 100644 experiments/paper-p3d/runs/seed06/archive/out/fields/N32_case11_pod16_galerkin.npz
 create mode 100644 experiments/paper-p3d/runs/seed06/archive/out/fields/N32_case11_pod48_galerkin.npz
 create mode 100644 experiments/paper-p3d/runs/seed06/archive/out/fields/N32_case11_reference.npz
 create mode 100644 experiments/paper-p3d/runs/seed06/archive/out/fields/N32_case11_transolver3d_w48_s32.npz
 create mode 100644 experiments/paper-p3d/runs/seed06/archive/out/fields/N32_case11_unet3d_w16.npz
 create mode 100644 experiments/paper-p3d/runs/seed06/archive/out/fields/N32_case12_cg_identity_rtol1e-02_rep0.npz
 create mode 100644 experiments/paper-p3d/runs/seed06/archive/out/fields/N32_case12_cg_identity_rtol1e-02_rep1.npz
 create mode 100644 experiments/paper-p3d/runs/seed06/archive/out/fields/N32_case12_cg_identity_rtol1e-02_rep2.npz
 create mode 100644 experiments/paper-p3d/runs/seed06/archive/out/fields/N32_case12_cg_identity_rtol1e-04_rep0.npz
 create mode 100644 experiments/paper-p3d/runs/seed06/archive/out/fields/N32_case12_cg_identity_rtol1e-04_rep1.npz
 create mode 100644 experiments/paper-p3d/runs/seed06/archive/out/fields/N32_case12_cg_identity_rtol1e-04_rep2.npz
 create mode 100644 experiments/paper-p3d/runs/seed06/archive/out/fields/N32_case12_cg_identity_rtol1e-06_rep0.npz
 create mode 100644 experiments/paper-p3d/runs/seed06/archive/out/fields/N32_case12_cg_identity_rtol1e-06_rep1.npz
 create mode 100644 experiments/paper-p3d/runs/seed06/archive/out/fields/N32_case12_cg_identity_rtol1e-06_rep2.npz
 create mode 100644 experiments/paper-p3d/runs/seed06/archive/out/fields/N32_case12_deeponet3d_r128_w16_podinit.npz
 create mode 100644 experiments/paper-p3d/runs/seed06/archive/out/fields/N32_case12_dst_exact.npz
 create mode 100644 experiments/paper-p3d/runs/seed06/archive/out/fields/N32_case12_fno3d_w24_m8.npz
 create mode 100644 experiments/paper-p3d/runs/seed06/archive/out/fields/N32_case12_linear_bank_galerkin.npz
 create mode 100644 experiments/paper-p3d/runs/seed06/archive/out/fields/N32_case12_linear_bank_weak_qR.npz
 create mode 100644 experiments/paper-p3d/runs/seed06/archive/out/fields/N32_case12_nmrom_K16_q0_dense.npz
 create mode 100644 experiments/paper-p3d/runs/seed06/archive/out/fields/N32_case12_nmrom_K16_q32_dense.npz
 create mode 100644 experiments/paper-p3d/runs/seed06/archive/out/fields/N32_case12_nmrom_K16_q96_dense.npz
 create mode 100644 experiments/paper-p3d/runs/seed06/archive/out/fields/N32_case12_pod112_galerkin.npz
 create mode 100644 experiments/paper-p3d/runs/seed06/archive/out/fields/N32_case12_pod128_galerkin.npz
 create mode 100644 experiments/paper-p3d/runs/seed06/archive/out/fields/N32_case12_pod16_galerkin.npz
 create mode 100644 experiments/paper-p3d/runs/seed06/archive/out/fields/N32_case12_pod48_galerkin.npz
 create mode 100644 experiments/paper-p3d/runs/seed06/archive/out/fields/N32_case12_reference.npz
 create mode 100644 experiments/paper-p3d/runs/seed06/archive/out/fields/N32_case12_transolver3d_w48_s32.npz
 create mode 100644 experiments/paper-p3d/runs/seed06/archive/out/fields/N32_case12_unet3d_w16.npz
 create mode 100644 experiments/paper-p3d/runs/seed06/archive/out/fields/N32_case13_cg_identity_rtol1e-02_rep0.npz
 create mode 100644 experiments/paper-p3d/runs/seed06/archive/out/fields/N32_case13_cg_identity_rtol1e-02_rep1.npz
 create mode 100644 experiments/paper-p3d/runs/seed06/archive/out/fields/N32_case13_cg_identity_rtol1e-02_rep2.npz
 create mode 100644 experiments/paper-p3d/runs/seed06/archive/out/fields/N32_case13_cg_identity_rtol1e-04_rep0.npz
 create mode 100644 experiments/paper-p3d/runs/seed06/archive/out/fields/N32_case13_cg_identity_rtol1e-04_rep1.npz
 create mode 100644 experiments/paper-p3d/runs/seed06/archive/out/fields/N32_case13_cg_identity_rtol1e-04_rep2.npz
 create mode 100644 experiments/paper-p3d/runs/seed06/archive/out/fields/N32_case13_cg_identity_rtol1e-06_rep0.npz
 create mode 100644 experiments/paper-p3d/runs/seed06/archive/out/fields/N32_case13_cg_identity_rtol1e-06_rep1.npz
 create mode 100644 experiments/paper-p3d/runs/seed06/archive/out/fields/N32_case13_cg_identity_rtol1e-06_rep2.npz
 create mode 100644 experiments/paper-p3d/runs/seed06/archive/out/fields/N32_case13_deeponet3d_r128_w16_podinit.npz
 create mode 100644 experiments/paper-p3d/runs/seed06/archive/out/fields/N32_case13_dst_exact.npz
 create mode 100644 experiments/paper-p3d/runs/seed06/archive/out/fields/N32_case13_fno3d_w24_m8.npz
 create mode 100644 experiments/paper-p3d/runs/seed06/archive/out/fields/N32_case13_linear_bank_galerkin.npz
 create mode 100644 experiments/paper-p3d/runs/seed06/archive/out/fields/N32_case13_linear_bank_weak_qR.npz
 create mode 100644 experiments/paper-p3d/runs/seed06/archive/out/fields/N32_case13_nmrom_K16_q0_dense.npz
 create mode 100644 experiments/paper-p3d/runs/seed06/archive/out/fields/N32_case13_nmrom_K16_q32_dense.npz
 create mode 100644 experiments/paper-p3d/runs/seed06/archive/out/fields/N32_case13_nmrom_K16_q96_dense.npz
 create mode 100644 experiments/paper-p3d/runs/seed06/archive/out/fields/N32_case13_pod112_galerkin.npz
 create mode 100644 experiments/paper-p3d/runs/seed06/archive/out/fields/N32_case13_pod128_galerkin.npz
 create mode 100644 experiments/paper-p3d/runs/seed06/archive/out/fields/N32_case13_pod16_galerkin.npz
 create mode 100644 experiments/paper-p3d/runs/seed06/archive/out/fields/N32_case13_pod48_galerkin.npz
 create mode 100644 experiments/paper-p3d/runs/seed06/archive/out/fields/N32_case13_reference.npz
 create mode 100644 experiments/paper-p3d/runs/seed06/archive/out/fields/N32_case13_transolver3d_w48_s32.npz
 create mode 100644 experiments/paper-p3d/runs/seed06/archive/out/fields/N32_case13_unet3d_w16.npz
 create mode 100644 experiments/paper-p3d/runs/seed06/archive/out/fields/N32_case14_cg_identity_rtol1e-02_rep0.npz
 create mode 100644 experiments/paper-p3d/runs/seed06/archive/out/fields/N32_case14_cg_identity_rtol1e-02_rep1.npz
 create mode 100644 experiments/paper-p3d/runs/seed06/archive/out/fields/N32_case14_cg_identity_rtol1e-02_rep2.npz
 create mode 100644 experiments/paper-p3d/runs/seed06/archive/out/fields/N32_case14_cg_identity_rtol1e-04_rep0.npz
 create mode 100644 experiments/paper-p3d/runs/seed06/archive/out/fields/N32_case14_cg_identity_rtol1e-04_rep1.npz
 create mode 100644 experiments/paper-p3d/runs/seed06/archive/out/fields/N32_case14_cg_identity_rtol1e-04_rep2.npz
 create mode 100644 experiments/paper-p3d/runs/seed06/archive/out/fields/N32_case14_cg_identity_rtol1e-06_rep0.npz
 create mode 100644 experiments/paper-p3d/runs/seed06/archive/out/fields/N32_case14_cg_identity_rtol1e-06_rep1.npz
 create mode 100644 experiments/paper-p3d/runs/seed06/archive/out/fields/N32_case14_cg_identity_rtol1e-06_rep2.npz
 create mode 100644 experiments/paper-p3d/runs/seed06/archive/out/fields/N32_case14_deeponet3d_r128_w16_podinit.npz
 create mode 100644 experiments/paper-p3d/runs/seed06/archive/out/fields/N32_case14_dst_exact.npz
 create mode 100644 experiments/paper-p3d/runs/seed06/archive/out/fields/N32_case14_fno3d_w24_m8.npz
 create mode 100644 experiments/paper-p3d/runs/seed06/archive/out/fields/N32_case14_linear_bank_galerkin.npz
 create mode 100644 experiments/paper-p3d/runs/seed06/archive/out/fields/N32_case14_linear_bank_weak_qR.npz
 create mode 100644 experiments/paper-p3d/runs/seed06/archive/out/fields/N32_case14_nmrom_K16_q0_dense.npz
 create mode 100644 experiments/paper-p3d/runs/seed06/archive/out/fields/N32_case14_nmrom_K16_q32_dense.npz
 create mode 100644 experiments/paper-p3d/runs/seed06/archive/out/fields/N32_case14_nmrom_K16_q96_dense.npz
 create mode 100644 experiments/paper-p3d/runs/seed06/archive/out/fields/N32_case14_pod112_galerkin.npz
 create mode 100644 experiments/paper-p3d/runs/seed06/archive/out/fields/N32_case14_pod128_galerkin.npz
 create mode 100644 experiments/paper-p3d/runs/seed06/archive/out/fields/N32_case14_pod16_galerkin.npz
 create mode 100644 experiments/paper-p3d/runs/seed06/archive/out/fields/N32_case14_pod48_galerkin.npz
 create mode 100644 experiments/paper-p3d/runs/seed06/archive/out/fields/N32_case14_reference.npz
 create mode 100644 experiments/paper-p3d/runs/seed06/archive/out/fields/N32_case14_transolver3d_w48_s32.npz
 create mode 100644 experiments/paper-p3d/runs/seed06/archive/out/fields/N32_case14_unet3d_w16.npz
 create mode 100644 experiments/paper-p3d/runs/seed06/archive/out/fields/N32_case15_cg_identity_rtol1e-02_rep0.npz
 create mode 100644 experiments/paper-p3d/runs/seed06/archive/out/fields/N32_case15_cg_identity_rtol1e-02_rep1.npz
 create mode 100644 experiments/paper-p3d/runs/seed06/archive/out/fields/N32_case15_cg_identity_rtol1e-02_rep2.npz
 create mode 100644 experiments/paper-p3d/runs/seed06/archive/out/fields/N32_case15_cg_identity_rtol1e-04_rep0.npz
 create mode 100644 experiments/paper-p3d/runs/seed06/archive/out/fields/N32_case15_cg_identity_rtol1e-04_rep1.npz
 create mode 100644 experiments/paper-p3d/runs/seed06/archive/out/fields/N32_case15_cg_identity_rtol1e-04_rep2.npz
 create mode 100644 experiments/paper-p3d/runs/seed06/archive/out/fields/N32_case15_cg_identity_rtol1e-06_rep0.npz
 create mode 100644 experiments/paper-p3d/runs/seed06/archive/out/fields/N32_case15_cg_identity_rtol1e-06_rep1.npz
 create mode 100644 experiments/paper-p3d/runs/seed06/archive/out/fields/N32_case15_cg_identity_rtol1e-06_rep2.npz
 create mode 100644 experiments/paper-p3d/runs/seed06/archive/out/fields/N32_case15_deeponet3d_r128_w16_podinit.npz
 create mode 100644 experiments/paper-p3d/runs/seed06/archive/out/fields/N32_case15_dst_exact.npz
 create mode 100644 experiments/paper-p3d/runs/seed06/archive/out/fields/N32_case15_fno3d_w24_m8.npz
 create mode 100644 experiments/paper-p3d/runs/seed06/archive/out/fields/N32_case15_linear_bank_galerkin.npz
 create mode 100644 experiments/paper-p3d/runs/seed06/archive/out/fields/N32_case15_linear_bank_weak_qR.npz
 create mode 100644 experiments/paper-p3d/runs/seed06/archive/out/fields/N32_case15_nmrom_K16_q0_dense.npz
 create mode 100644 experiments/paper-p3d/runs/seed06/archive/out/fields/N32_case15_nmrom_K16_q32_dense.npz
 create mode 100644 experiments/paper-p3d/runs/seed06/archive/out/fields/N32_case15_nmrom_K16_q96_dense.npz
 create mode 100644 experiments/paper-p3d/runs/seed06/archive/out/fields/N32_case15_pod112_galerkin.npz
 create mode 100644 experiments/paper-p3d/runs/seed06/archive/out/fields/N32_case15_pod128_galerkin.npz
 create mode 100644 experiments/paper-p3d/runs/seed06/archive/out/fields/N32_case15_pod16_galerkin.npz
 create mode 100644 experiments/paper-p3d/runs/seed06/archive/out/fields/N32_case15_pod48_galerkin.npz
 create mode 100644 experiments/paper-p3d/runs/seed06/archive/out/fields/N32_case15_reference.npz
 create mode 100644 experiments/paper-p3d/runs/seed06/archive/out/fields/N32_case15_transolver3d_w48_s32.npz
 create mode 100644 experiments/paper-p3d/runs/seed06/archive/out/fields/N32_case15_unet3d_w16.npz
 create mode 100644 experiments/paper-p3d/runs/seed06/archive/out/fields/N32_case1_cg_identity_rtol1e-02_rep0.npz
 create mode 100644 experiments/paper-p3d/runs/seed06/archive/out/fields/N32_case1_cg_identity_rtol1e-02_rep1.npz
 create mode 100644 experiments/paper-p3d/runs/seed06/archive/out/fields/N32_case1_cg_identity_rtol1e-02_rep2.npz
 create mode 100644 experiments/paper-p3d/runs/seed06/archive/out/fields/N32_case1_cg_identity_rtol1e-04_rep0.npz
 create mode 100644 experiments/paper-p3d/runs/seed06/archive/out/fields/N32_case1_cg_identity_rtol1e-04_rep1.npz
 create mode 100644 experiments/paper-p3d/runs/seed06/archive/out/fields/N32_case1_cg_identity_rtol1e-04_rep2.npz
 create mode 100644 experiments/paper-p3d/runs/seed06/archive/out/fields/N32_case1_cg_identity_rtol1e-06_rep0.npz
 create mode 100644 experiments/paper-p3d/runs/seed06/archive/out/fields/N32_case1_cg_identity_rtol1e-06_rep1.npz
 create mode 100644 experiments/paper-p3d/runs/seed06/archive/out/fields/N32_case1_cg_identity_rtol1e-06_rep2.npz
 create mode 100644 experiments/paper-p3d/runs/seed06/archive/out/fields/N32_case1_deeponet3d_r128_w16_podinit.npz
 create mode 100644 experiments/paper-p3d/runs/seed06/archive/out/fields/N32_case1_dst_exact.npz
 create mode 100644 experiments/paper-p3d/runs/seed06/archive/out/fields/N32_case1_fno3d_w24_m8.npz
 create mode 100644 experiments/paper-p3d/runs/seed06/archive/out/fields/N32_case1_linear_bank_galerkin.npz
 create mode 100644 experiments/paper-p3d/runs/seed06/archive/out/fields/N32_case1_linear_bank_weak_qR.npz
 create mode 100644 experiments/paper-p3d/runs/seed06/archive/out/fields/N32_case1_nmrom_K16_q0_dense.npz
 create mode 100644 experiments/paper-p3d/runs/seed06/archive/out/fields/N32_case1_nmrom_K16_q32_dense.npz
 create mode 100644 experiments/paper-p3d/runs/seed06/archive/out/fields/N32_case1_nmrom_K16_q96_dense.npz
 create mode 100644 experiments/paper-p3d/runs/seed06/archive/out/fields/N32_case1_pod112_galerkin.npz
 create mode 100644 experiments/paper-p3d/runs/seed06/archive/out/fields/N32_case1_pod128_galerkin.npz
 create mode 100644 experiments/paper-p3d/runs/seed06/archive/out/fields/N32_case1_pod16_galerkin.npz
 create mode 100644 experiments/paper-p3d/runs/seed06/archive/out/fields/N32_case1_pod48_galerkin.npz
 create mode 100644 experiments/paper-p3d/runs/seed06/archive/out/fields/N32_case1_reference.npz
 create mode 100644 experiments/paper-p3d/runs/seed06/archive/out/fields/N32_case1_transolver3d_w48_s32.npz
 create mode 100644 experiments/paper-p3d/runs/seed06/archive/out/fields/N32_case1_unet3d_w16.npz
 create mode 100644 experiments/paper-p3d/runs/seed06/archive/out/fields/N32_case2_cg_identity_rtol1e-02_rep0.npz
 create mode 100644 experiments/paper-p3d/runs/seed06/archive/out/fields/N32_case2_cg_identity_rtol1e-02_rep1.npz
 create mode 100644 experiments/paper-p3d/runs/seed06/archive/out/fields/N32_case2_cg_identity_rtol1e-02_rep2.npz
 create mode 100644 experiments/paper-p3d/runs/seed06/archive/out/fields/N32_case2_cg_identity_rtol1e-04_rep0.npz
 create mode 100644 experiments/paper-p3d/runs/seed06/archive/out/fields/N32_case2_cg_identity_rtol1e-04_rep1.npz
 create mode 100644 experiments/paper-p3d/runs/seed06/archive/out/fields/N32_case2_cg_identity_rtol1e-04_rep2.npz
 create mode 100644 experiments/paper-p3d/runs/seed06/archive/out/fields/N32_case2_cg_identity_rtol1e-06_rep0.npz
 create mode 100644 experiments/paper-p3d/runs/seed06/archive/out/fields/N32_case2_cg_identity_rtol1e-06_rep1.npz
 create mode 100644 experiments/paper-p3d/runs/seed06/archive/out/fields/N32_case2_cg_identity_rtol1e-06_rep2.npz
 create mode 100644 experiments/paper-p3d/runs/seed06/archive/out/fields/N32_case2_deeponet3d_r128_w16_podinit.npz
 create mode 100644 experiments/paper-p3d/runs/seed06/archive/out/fields/N32_case2_dst_exact.npz
 create mode 100644 experiments/paper-p3d/runs/seed06/archive/out/fields/N32_case2_fno3d_w24_m8.npz
 create mode 100644 experiments/paper-p3d/runs/seed06/archive/out/fields/N32_case2_linear_bank_galerkin.npz
 create mode 100644 experiments/paper-p3d/runs/seed06/archive/out/fields/N32_case2_linear_bank_weak_qR.npz
 create mode 100644 experiments/paper-p3d/runs/seed06/archive/out/fields/N32_case2_nmrom_K16_q0_dense.npz
 create mode 100644 experiments/paper-p3d/runs/seed06/archive/out/fields/N32_case2_nmrom_K16_q32_dense.npz
 create mode 100644 experiments/paper-p3d/runs/seed06/archive/out/fields/N32_case2_nmrom_K16_q96_dense.npz
 create mode 100644 experiments/paper-p3d/runs/seed06/archive/out/fields/N32_case2_pod112_galerkin.npz
 create mode 100644 experiments/paper-p3d/runs/seed06/archive/out/fields/N32_case2_pod128_galerkin.npz
 create mode 100644 experiments/paper-p3d/runs/seed06/archive/out/fields/N32_case2_pod16_galerkin.npz
 create mode 100644 experiments/paper-p3d/runs/seed06/archive/out/fields/N32_case2_pod48_galerkin.npz
 create mode 100644 experiments/paper-p3d/runs/seed06/archive/out/fields/N32_case2_reference.npz
 create mode 100644 experiments/paper-p3d/runs/seed06/archive/out/fields/N32_case2_transolver3d_w48_s32.npz
 create mode 100644 experiments/paper-p3d/runs/seed06/archive/out/fields/N32_case2_unet3d_w16.npz
 create mode 100644 experiments/paper-p3d/runs/seed06/archive/out/fields/N32_case3_cg_identity_rtol1e-02_rep0.npz
 create mode 100644 experiments/paper-p3d/runs/seed06/archive/out/fields/N32_case3_cg_identity_rtol1e-02_rep1.npz
 create mode 100644 experiments/paper-p3d/runs/seed06/archive/out/fields/N32_case3_cg_identity_rtol1e-02_rep2.npz
 create mode 100644 experiments/paper-p3d/runs/seed06/archive/out/fields/N32_case3_cg_identity_rtol1e-04_rep0.npz
 create mode 100644 experiments/paper-p3d/runs/seed06/archive/out/fields/N32_case3_cg_identity_rtol1e-04_rep1.npz
 create mode 100644 experiments/paper-p3d/runs/seed06/archive/out/fields/N32_case3_cg_identity_rtol1e-04_rep2.npz
 create mode 100644 experiments/paper-p3d/runs/seed06/archive/out/fields/N32_case3_cg_identity_rtol1e-06_rep0.npz
 create mode 100644 experiments/paper-p3d/runs/seed06/archive/out/fields/N32_case3_cg_identity_rtol1e-06_rep1.npz
 create mode 100644 experiments/paper-p3d/runs/seed06/archive/out/fields/N32_case3_cg_identity_rtol1e-06_rep2.npz
 create mode 100644 experiments/paper-p3d/runs/seed06/archive/out/fields/N32_case3_deeponet3d_r128_w16_podinit.npz
 create mode 100644 experiments/paper-p3d/runs/seed06/archive/out/fields/N32_case3_dst_exact.npz
 create mode 100644 experiments/paper-p3d/runs/seed06/archive/out/fields/N32_case3_fno3d_w24_m8.npz
 create mode 100644 experiments/paper-p3d/runs/seed06/archive/out/fields/N32_case3_linear_bank_galerkin.npz
 create mode 100644 experiments/paper-p3d/runs/seed06/archive/out/fields/N32_case3_linear_bank_weak_qR.npz
 create mode 100644 experiments/paper-p3d/runs/seed06/archive/out/fields/N32_case3_nmrom_K16_q0_dense.npz
 create mode 100644 experiments/paper-p3d/runs/seed06/archive/out/fields/N32_case3_nmrom_K16_q32_dense.npz
 create mode 100644 experiments/paper-p3d/runs/seed06/archive/out/fields/N32_case3_nmrom_K16_q96_dense.npz
 create mode 100644 experiments/paper-p3d/runs/seed06/archive/out/fields/N32_case3_pod112_galerkin.npz
 create mode 100644 experiments/paper-p3d/runs/seed06/archive/out/fields/N32_case3_pod128_galerkin.npz
 create mode 100644 experiments/paper-p3d/runs/seed06/archive/out/fields/N32_case3_pod16_galerkin.npz
 create mode 100644 experiments/paper-p3d/runs/seed06/archive/out/fields/N32_case3_pod48_galerkin.npz
 create mode 100644 experiments/paper-p3d/runs/seed06/archive/out/fields/N32_case3_reference.npz
 create mode 100644 experiments/paper-p3d/runs/seed06/archive/out/fields/N32_case3_transolver3d_w48_s32.npz
 create mode 100644 experiments/paper-p3d/runs/seed06/archive/out/fields/N32_case3_unet3d_w16.npz
 create mode 100644 experiments/paper-p3d/runs/seed06/archive/out/fields/N32_case4_cg_identity_rtol1e-02_rep0.npz
 create mode 100644 experiments/paper-p3d/runs/seed06/archive/out/fields/N32_case4_cg_identity_rtol1e-02_rep1.npz
 create mode 100644 experiments/paper-p3d/runs/seed06/archive/out/fields/N32_case4_cg_identity_rtol1e-02_rep2.npz
 create mode 100644 experiments/paper-p3d/runs/seed06/archive/out/fields/N32_case4_cg_identity_rtol1e-04_rep0.npz
 create mode 100644 experiments/paper-p3d/runs/seed06/archive/out/fields/N32_case4_cg_identity_rtol1e-04_rep1.npz
 create mode 100644 experiments/paper-p3d/runs/seed06/archive/out/fields/N32_case4_cg_identity_rtol1e-04_rep2.npz
 create mode 100644 experiments/paper-p3d/runs/seed06/archive/out/fields/N32_case4_cg_identity_rtol1e-06_rep0.npz
 create mode 100644 experiments/paper-p3d/runs/seed06/archive/out/fields/N32_case4_cg_identity_rtol1e-06_rep1.npz
 create mode 100644 experiments/paper-p3d/runs/seed06/archive/out/fields/N32_case4_cg_identity_rtol1e-06_rep2.npz
 create mode 100644 experiments/paper-p3d/runs/seed06/archive/out/fields/N32_case4_deeponet3d_r128_w16_podinit.npz
 create mode 100644 experiments/paper-p3d/runs/seed06/archive/out/fields/N32_case4_dst_exact.npz
 create mode 100644 experiments/paper-p3d/runs/seed06/archive/out/fields/N32_case4_fno3d_w24_m8.npz
 create mode 100644 experiments/paper-p3d/runs/seed06/archive/out/fields/N32_case4_linear_bank_galerkin.npz
 create mode 100644 experiments/paper-p3d/runs/seed06/archive/out/fields/N32_case4_linear_bank_weak_qR.npz
 create mode 100644 experiments/paper-p3d/runs/seed06/archive/out/fields/N32_case4_nmrom_K16_q0_dense.npz
 create mode 100644 experiments/paper-p3d/runs/seed06/archive/out/fields/N32_case4_nmrom_K16_q32_dense.npz
 create mode 100644 experiments/paper-p3d/runs/seed06/archive/out/fields/N32_case4_nmrom_K16_q96_dense.npz
 create mode 100644 experiments/paper-p3d/runs/seed06/archive/out/fields/N32_case4_pod112_galerkin.npz
 create mode 100644 experiments/paper-p3d/runs/seed06/archive/out/fields/N32_case4_pod128_galerkin.npz
 create mode 100644 experiments/paper-p3d/runs/seed06/archive/out/fields/N32_case4_pod16_galerkin.npz
 create mode 100644 experiments/paper-p3d/runs/seed06/archive/out/fields/N32_case4_pod48_galerkin.npz
 create mode 100644 experiments/paper-p3d/runs/seed06/archive/out/fields/N32_case4_reference.npz
 create mode 100644 experiments/paper-p3d/runs/seed06/archive/out/fields/N32_case4_transolver3d_w48_s32.npz
 create mode 100644 experiments/paper-p3d/runs/seed06/archive/out/fields/N32_case4_unet3d_w16.npz
 create mode 100644 experiments/paper-p3d/runs/seed06/archive/out/fields/N32_case5_cg_identity_rtol1e-02_rep0.npz
 create mode 100644 experiments/paper-p3d/runs/seed06/archive/out/fields/N32_case5_cg_identity_rtol1e-02_rep1.npz
 create mode 100644 experiments/paper-p3d/runs/seed06/archive/out/fields/N32_case5_cg_identity_rtol1e-02_rep2.npz
 create mode 100644 experiments/paper-p3d/runs/seed06/archive/out/fields/N32_case5_cg_identity_rtol1e-04_rep0.npz
 create mode 100644 experiments/paper-p3d/runs/seed06/archive/out/fields/N32_case5_cg_identity_rtol1e-04_rep1.npz
 create mode 100644 experiments/paper-p3d/runs/seed06/archive/out/fields/N32_case5_cg_identity_rtol1e-04_rep2.npz
 create mode 100644 experiments/paper-p3d/runs/seed06/archive/out/fields/N32_case5_cg_identity_rtol1e-06_rep0.npz
 create mode 100644 experiments/paper-p3d/runs/seed06/archive/out/fields/N32_case5_cg_identity_rtol1e-06_rep1.npz
 create mode 100644 experiments/paper-p3d/runs/seed06/archive/out/fields/N32_case5_cg_identity_rtol1e-06_rep2.npz
 create mode 100644 experiments/paper-p3d/runs/seed06/archive/out/fields/N32_case5_deeponet3d_r128_w16_podinit.npz
 create mode 100644 experiments/paper-p3d/runs/seed06/archive/out/fields/N32_case5_dst_exact.npz
 create mode 100644 experiments/paper-p3d/runs/seed06/archive/out/fields/N32_case5_fno3d_w24_m8.npz
 create mode 100644 experiments/paper-p3d/runs/seed06/archive/out/fields/N32_case5_linear_bank_galerkin.npz
 create mode 100644 experiments/paper-p3d/runs/seed06/archive/out/fields/N32_case5_linear_bank_weak_qR.npz
 create mode 100644 experiments/paper-p3d/runs/seed06/archive/out/fields/N32_case5_nmrom_K16_q0_dense.npz
 create mode 100644 experiments/paper-p3d/runs/seed06/archive/out/fields/N32_case5_nmrom_K16_q32_dense.npz
 create mode 100644 experiments/paper-p3d/runs/seed06/archive/out/fields/N32_case5_nmrom_K16_q96_dense.npz
 create mode 100644 experiments/paper-p3d/runs/seed06/archive/out/fields/N32_case5_pod112_galerkin.npz
 create mode 100644 experiments/paper-p3d/runs/seed06/archive/out/fields/N32_case5_pod128_galerkin.npz
 create mode 100644 experiments/paper-p3d/runs/seed06/archive/out/fields/N32_case5_pod16_galerkin.npz
 create mode 100644 experiments/paper-p3d/runs/seed06/archive/out/fields/N32_case5_pod48_galerkin.npz
 create mode 100644 experiments/paper-p3d/runs/seed06/archive/out/fields/N32_case5_reference.npz
 create mode 100644 experiments/paper-p3d/runs/seed06/archive/out/fields/N32_case5_transolver3d_w48_s32.npz
 create mode 100644 experiments/paper-p3d/runs/seed06/archive/out/fields/N32_case5_unet3d_w16.npz
 create mode 100644 experiments/paper-p3d/runs/seed06/archive/out/fields/N32_case6_cg_identity_rtol1e-02_rep0.npz
 create mode 100644 experiments/paper-p3d/runs/seed06/archive/out/fields/N32_case6_cg_identity_rtol1e-02_rep1.npz
 create mode 100644 experiments/paper-p3d/runs/seed06/archive/out/fields/N32_case6_cg_identity_rtol1e-02_rep2.npz
 create mode 100644 experiments/paper-p3d/runs/seed06/archive/out/fields/N32_case6_cg_identity_rtol1e-04_rep0.npz
 create mode 100644 experiments/paper-p3d/runs/seed06/archive/out/fields/N32_case6_cg_identity_rtol1e-04_rep1.npz
 create mode 100644 experiments/paper-p3d/runs/seed06/archive/out/fields/N32_case6_cg_identity_rtol1e-04_rep2.npz
 create mode 100644 experiments/paper-p3d/runs/seed06/archive/out/fields/N32_case6_cg_identity_rtol1e-06_rep0.npz
 create mode 100644 experiments/paper-p3d/runs/seed06/archive/out/fields/N32_case6_cg_identity_rtol1e-06_rep1.npz
 create mode 100644 experiments/paper-p3d/runs/seed06/archive/out/fields/N32_case6_cg_identity_rtol1e-06_rep2.npz
 create mode 100644 experiments/paper-p3d/runs/seed06/archive/out/fields/N32_case6_deeponet3d_r128_w16_podinit.npz
 create mode 100644 experiments/paper-p3d/runs/seed06/archive/out/fields/N32_case6_dst_exact.npz
 create mode 100644 experiments/paper-p3d/runs/seed06/archive/out/fields/N32_case6_fno3d_w24_m8.npz
 create mode 100644 experiments/paper-p3d/runs/seed06/archive/out/fields/N32_case6_linear_bank_galerkin.npz
 create mode 100644 experiments/paper-p3d/runs/seed06/archive/out/fields/N32_case6_linear_bank_weak_qR.npz
 create mode 100644 experiments/paper-p3d/runs/seed06/archive/out/fields/N32_case6_nmrom_K16_q0_dense.npz
 create mode 100644 experiments/paper-p3d/runs/seed06/archive/out/fields/N32_case6_nmrom_K16_q32_dense.npz
 create mode 100644 experiments/paper-p3d/runs/seed06/archive/out/fields/N32_case6_nmrom_K16_q96_dense.npz
 create mode 100644 experiments/paper-p3d/runs/seed06/archive/out/fields/N32_case6_pod112_galerkin.npz
 create mode 100644 experiments/paper-p3d/runs/seed06/archive/out/fields/N32_case6_pod128_galerkin.npz
 create mode 100644 experiments/paper-p3d/runs/seed06/archive/out/fields/N32_case6_pod16_galerkin.npz
 create mode 100644 experiments/paper-p3d/runs/seed06/archive/out/fields/N32_case6_pod48_galerkin.npz
 create mode 100644 experiments/paper-p3d/runs/seed06/archive/out/fields/N32_case6_reference.npz
 create mode 100644 experiments/paper-p3d/runs/seed06/archive/out/fields/N32_case6_transolver3d_w48_s32.npz
 create mode 100644 experiments/paper-p3d/runs/seed06/archive/out/fields/N32_case6_unet3d_w16.npz
 create mode 100644 experiments/paper-p3d/runs/seed06/archive/out/fields/N32_case7_cg_identity_rtol1e-02_rep0.npz
 create mode 100644 experiments/paper-p3d/runs/seed06/archive/out/fields/N32_case7_cg_identity_rtol1e-02_rep1.npz
 create mode 100644 experiments/paper-p3d/runs/seed06/archive/out/fields/N32_case7_cg_identity_rtol1e-02_rep2.npz
 create mode 100644 experiments/paper-p3d/runs/seed06/archive/out/fields/N32_case7_cg_identity_rtol1e-04_rep0.npz
 create mode 100644 experiments/paper-p3d/runs/seed06/archive/out/fields/N32_case7_cg_identity_rtol1e-04_rep1.npz
 create mode 100644 experiments/paper-p3d/runs/seed06/archive/out/fields/N32_case7_cg_identity_rtol1e-04_rep2.npz
 create mode 100644 experiments/paper-p3d/runs/seed06/archive/out/fields/N32_case7_cg_identity_rtol1e-06_rep0.npz
 create mode 100644 experiments/paper-p3d/runs/seed06/archive/out/fields/N32_case7_cg_identity_rtol1e-06_rep1.npz
 create mode 100644 experiments/paper-p3d/runs/seed06/archive/out/fields/N32_case7_cg_identity_rtol1e-06_rep2.npz
 create mode 100644 experiments/paper-p3d/runs/seed06/archive/out/fields/N32_case7_deeponet3d_r128_w16_podinit.npz
 create mode 100644 experiments/paper-p3d/runs/seed06/archive/out/fields/N32_case7_dst_exact.npz
 create mode 100644 experiments/paper-p3d/runs/seed06/archive/out/fields/N32_case7_fno3d_w24_m8.npz
 create mode 100644 experiments/paper-p3d/runs/seed06/archive/out/fields/N32_case7_linear_bank_galerkin.npz
 create mode 100644 experiments/paper-p3d/runs/seed06/archive/out/fields/N32_case7_linear_bank_weak_qR.npz
 create mode 100644 experiments/paper-p3d/runs/seed06/archive/out/fields/N32_case7_nmrom_K16_q0_dense.npz
 create mode 100644 experiments/paper-p3d/runs/seed06/archive/out/fields/N32_case7_nmrom_K16_q32_dense.npz
 create mode 100644 experiments/paper-p3d/runs/seed06/archive/out/fields/N32_case7_nmrom_K16_q96_dense.npz
 create mode 100644 experiments/paper-p3d/runs/seed06/archive/out/fields/N32_case7_pod112_galerkin.npz
 create mode 100644 experiments/paper-p3d/runs/seed06/archive/out/fields/N32_case7_pod128_galerkin.npz
 create mode 100644 experiments/paper-p3d/runs/seed06/archive/out/fields/N32_case7_pod16_galerkin.npz
 create mode 100644 experiments/paper-p3d/runs/seed06/archive/out/fields/N32_case7_pod48_galerkin.npz
 create mode 100644 experiments/paper-p3d/runs/seed06/archive/out/fields/N32_case7_reference.npz
 create mode 100644 experiments/paper-p3d/runs/seed06/archive/out/fields/N32_case7_transolver3d_w48_s32.npz
 create mode 100644 experiments/paper-p3d/runs/seed06/archive/out/fields/N32_case7_unet3d_w16.npz
 create mode 100644 experiments/paper-p3d/runs/seed06/archive/out/fields/N32_case8_cg_identity_rtol1e-02_rep0.npz
 create mode 100644 experiments/paper-p3d/runs/seed06/archive/out/fields/N32_case8_cg_identity_rtol1e-02_rep1.npz
 create mode 100644 experiments/paper-p3d/runs/seed06/archive/out/fields/N32_case8_cg_identity_rtol1e-02_rep2.npz
 create mode 100644 experiments/paper-p3d/runs/seed06/archive/out/fields/N32_case8_cg_identity_rtol1e-04_rep0.npz
 create mode 100644 experiments/paper-p3d/runs/seed06/archive/out/fields/N32_case8_cg_identity_rtol1e-04_rep1.npz
 create mode 100644 experiments/paper-p3d/runs/seed06/archive/out/fields/N32_case8_cg_identity_rtol1e-04_rep2.npz
 create mode 100644 experiments/paper-p3d/runs/seed06/archive/out/fields/N32_case8_cg_identity_rtol1e-06_rep0.npz
 create mode 100644 experiments/paper-p3d/runs/seed06/archive/out/fields/N32_case8_cg_identity_rtol1e-06_rep1.npz
 create mode 100644 experiments/paper-p3d/runs/seed06/archive/out/fields/N32_case8_cg_identity_rtol1e-06_rep2.npz
 create mode 100644 experiments/paper-p3d/runs/seed06/archive/out/fields/N32_case8_deeponet3d_r128_w16_podinit.npz
 create mode 100644 experiments/paper-p3d/runs/seed06/archive/out/fields/N32_case8_dst_exact.npz
 create mode 100644 experiments/paper-p3d/runs/seed06/archive/out/fields/N32_case8_fno3d_w24_m8.npz
 create mode 100644 experiments/paper-p3d/runs/seed06/archive/out/fields/N32_case8_linear_bank_galerkin.npz
 create mode 100644 experiments/paper-p3d/runs/seed06/archive/out/fields/N32_case8_linear_bank_weak_qR.npz
 create mode 100644 experiments/paper-p3d/runs/seed06/archive/out/fields/N32_case8_nmrom_K16_q0_dense.npz
 create mode 100644 experiments/paper-p3d/runs/seed06/archive/out/fields/N32_case8_nmrom_K16_q32_dense.npz
 create mode 100644 experiments/paper-p3d/runs/seed06/archive/out/fields/N32_case8_nmrom_K16_q96_dense.npz
 create mode 100644 experiments/paper-p3d/runs/seed06/archive/out/fields/N32_case8_pod112_galerkin.npz
 create mode 100644 experiments/paper-p3d/runs/seed06/archive/out/fields/N32_case8_pod128_galerkin.npz
 create mode 100644 experiments/paper-p3d/runs/seed06/archive/out/fields/N32_case8_pod16_galerkin.npz
 create mode 100644 experiments/paper-p3d/runs/seed06/archive/out/fields/N32_case8_pod48_galerkin.npz
 create mode 100644 experiments/paper-p3d/runs/seed06/archive/out/fields/N32_case8_reference.npz
 create mode 100644 experiments/paper-p3d/runs/seed06/archive/out/fields/N32_case8_transolver3d_w48_s32.npz
 create mode 100644 experiments/paper-p3d/runs/seed06/archive/out/fields/N32_case8_unet3d_w16.npz
 create mode 100644 experiments/paper-p3d/runs/seed06/archive/out/fields/N32_case9_cg_identity_rtol1e-02_rep0.npz
 create mode 100644 experiments/paper-p3d/runs/seed06/archive/out/fields/N32_case9_cg_identity_rtol1e-02_rep1.npz
 create mode 100644 experiments/paper-p3d/runs/seed06/archive/out/fields/N32_case9_cg_identity_rtol1e-02_rep2.npz
 create mode 100644 experiments/paper-p3d/runs/seed06/archive/out/fields/N32_case9_cg_identity_rtol1e-04_rep0.npz
 create mode 100644 experiments/paper-p3d/runs/seed06/archive/out/fields/N32_case9_cg_identity_rtol1e-04_rep1.npz
 create mode 100644 experiments/paper-p3d/runs/seed06/archive/out/fields/N32_case9_cg_identity_rtol1e-04_rep2.npz
 create mode 100644 experiments/paper-p3d/runs/seed06/archive/out/fields/N32_case9_cg_identity_rtol1e-06_rep0.npz
 create mode 100644 experiments/paper-p3d/runs/seed06/archive/out/fields/N32_case9_cg_identity_rtol1e-06_rep1.npz
 create mode 100644 experiments/paper-p3d/runs/seed06/archive/out/fields/N32_case9_cg_identity_rtol1e-06_rep2.npz
 create mode 100644 experiments/paper-p3d/runs/seed06/archive/out/fields/N32_case9_deeponet3d_r128_w16_podinit.npz
 create mode 100644 experiments/paper-p3d/runs/seed06/archive/out/fields/N32_case9_dst_exact.npz
 create mode 100644 experiments/paper-p3d/runs/seed06/archive/out/fields/N32_case9_fno3d_w24_m8.npz
 create mode 100644 experiments/paper-p3d/runs/seed06/archive/out/fields/N32_case9_linear_bank_galerkin.npz
 create mode 100644 experiments/paper-p3d/runs/seed06/archive/out/fields/N32_case9_linear_bank_weak_qR.npz
 create mode 100644 experiments/paper-p3d/runs/seed06/archive/out/fields/N32_case9_nmrom_K16_q0_dense.npz
 create mode 100644 experiments/paper-p3d/runs/seed06/archive/out/fields/N32_case9_nmrom_K16_q32_dense.npz
 create mode 100644 experiments/paper-p3d/runs/seed06/archive/out/fields/N32_case9_nmrom_K16_q96_dense.npz
 create mode 100644 experiments/paper-p3d/runs/seed06/archive/out/fields/N32_case9_pod112_galerkin.npz
 create mode 100644 experiments/paper-p3d/runs/seed06/archive/out/fields/N32_case9_pod128_galerkin.npz
 create mode 100644 experiments/paper-p3d/runs/seed06/archive/out/fields/N32_case9_pod16_galerkin.npz
 create mode 100644 experiments/paper-p3d/runs/seed06/archive/out/fields/N32_case9_pod48_galerkin.npz
 create mode 100644 experiments/paper-p3d/runs/seed06/archive/out/fields/N32_case9_reference.npz
 create mode 100644 experiments/paper-p3d/runs/seed06/archive/out/fields/N32_case9_transolver3d_w48_s32.npz
 create mode 100644 experiments/paper-p3d/runs/seed06/archive/out/fields/N32_case9_unet3d_w16.npz
 create mode 100644 experiments/paper-p3d/runs/seed06/archive/out/fields/N64_case0_cg_identity_rtol1e-02_rep0.npz
 create mode 100644 experiments/paper-p3d/runs/seed06/archive/out/fields/N64_case0_cg_identity_rtol1e-02_rep1.npz
 create mode 100644 experiments/paper-p3d/runs/seed06/archive/out/fields/N64_case0_cg_identity_rtol1e-02_rep2.npz
 create mode 100644 experiments/paper-p3d/runs/seed06/archive/out/fields/N64_case0_cg_identity_rtol1e-04_rep0.npz
 create mode 100644 experiments/paper-p3d/runs/seed06/archive/out/fields/N64_case0_cg_identity_rtol1e-04_rep1.npz
 create mode 100644 experiments/paper-p3d/runs/seed06/archive/out/fields/N64_case0_cg_identity_rtol1e-04_rep2.npz
 create mode 100644 experiments/paper-p3d/runs/seed06/archive/out/fields/N64_case0_cg_identity_rtol1e-06_rep0.npz
 create mode 100644 experiments/paper-p3d/runs/seed06/archive/out/fields/N64_case0_cg_identity_rtol1e-06_rep1.npz
 create mode 100644 experiments/paper-p3d/runs/seed06/archive/out/fields/N64_case0_cg_identity_rtol1e-06_rep2.npz
 create mode 100644 experiments/paper-p3d/runs/seed06/archive/out/fields/N64_case0_deeponet3d_r128_w16_podinit.npz
 create mode 100644 experiments/paper-p3d/runs/seed06/archive/out/fields/N64_case0_deeponet3d_r128_w16_podinit_native32_continuous_trunk.npz
 create mode 100644 experiments/paper-p3d/runs/seed06/archive/out/fields/N64_case0_deeponet3d_r128_w16_podinit_native32_interpolate.npz
 create mode 100644 experiments/paper-p3d/runs/seed06/archive/out/fields/N64_case0_dst_exact.npz
 create mode 100644 experiments/paper-p3d/runs/seed06/archive/out/fields/N64_case0_fno3d_w24_m8.npz
 create mode 100644 experiments/paper-p3d/runs/seed06/archive/out/fields/N64_case0_fno3d_w24_m8_native32_interpolate.npz
 create mode 100644 experiments/paper-p3d/runs/seed06/archive/out/fields/N64_case0_fno3d_w24_m8_physical_padding17.npz
 create mode 100644 experiments/paper-p3d/runs/seed06/archive/out/fields/N64_case0_linear_bank_galerkin.npz
 create mode 100644 experiments/paper-p3d/runs/seed06/archive/out/fields/N64_case0_linear_bank_weak_qR.npz
 create mode 100644 experiments/paper-p3d/runs/seed06/archive/out/fields/N64_case0_nmrom_K16_q0_dense.npz
 create mode 100644 experiments/paper-p3d/runs/seed06/archive/out/fields/N64_case0_nmrom_K16_q32_dense.npz
 create mode 100644 experiments/paper-p3d/runs/seed06/archive/out/fields/N64_case0_nmrom_K16_q96_dense.npz
 create mode 100644 experiments/paper-p3d/runs/seed06/archive/out/fields/N64_case0_pod112_galerkin.npz
 create mode 100644 experiments/paper-p3d/runs/seed06/archive/out/fields/N64_case0_pod112_native32_interpolated_basis_galerkin.npz
 create mode 100644 experiments/paper-p3d/runs/seed06/archive/out/fields/N64_case0_pod128_galerkin.npz
 create mode 100644 experiments/paper-p3d/runs/seed06/archive/out/fields/N64_case0_pod128_native32_interpolated_basis_galerkin.npz
 create mode 100644 experiments/paper-p3d/runs/seed06/archive/out/fields/N64_case0_pod16_galerkin.npz
 create mode 100644 experiments/paper-p3d/runs/seed06/archive/out/fields/N64_case0_pod16_native32_interpolated_basis_galerkin.npz
 create mode 100644 experiments/paper-p3d/runs/seed06/archive/out/fields/N64_case0_pod48_galerkin.npz
 create mode 100644 experiments/paper-p3d/runs/seed06/archive/out/fields/N64_case0_pod48_native32_interpolated_basis_galerkin.npz
 create mode 100644 experiments/paper-p3d/runs/seed06/archive/out/fields/N64_case0_reference.npz
 create mode 100644 experiments/paper-p3d/runs/seed06/archive/out/fields/N64_case0_transolver3d_w48_s32.npz
 create mode 100644 experiments/paper-p3d/runs/seed06/archive/out/fields/N64_case0_transolver3d_w48_s32_native32_interpolate.npz
 create mode 100644 experiments/paper-p3d/runs/seed06/archive/out/fields/N64_case0_unet3d_w16.npz
 create mode 100644 experiments/paper-p3d/runs/seed06/archive/out/fields/N64_case0_unet3d_w16_native32_interpolate.npz
 create mode 100644 experiments/paper-p3d/runs/seed06/archive/out/fields/N64_case10_cg_identity_rtol1e-02_rep0.npz
 create mode 100644 experiments/paper-p3d/runs/seed06/archive/out/fields/N64_case10_cg_identity_rtol1e-02_rep1.npz
 create mode 100644 experiments/paper-p3d/runs/seed06/archive/out/fields/N64_case10_cg_identity_rtol1e-02_rep2.npz
 create mode 100644 experiments/paper-p3d/runs/seed06/archive/out/fields/N64_case10_cg_identity_rtol1e-04_rep0.npz
 create mode 100644 experiments/paper-p3d/runs/seed06/archive/out/fields/N64_case10_cg_identity_rtol1e-04_rep1.npz
 create mode 100644 experiments/paper-p3d/runs/seed06/archive/out/fields/N64_case10_cg_identity_rtol1e-04_rep2.npz
 create mode 100644 experiments/paper-p3d/runs/seed06/archive/out/fields/N64_case10_cg_identity_rtol1e-06_rep0.npz
 create mode 100644 experiments/paper-p3d/runs/seed06/archive/out/fields/N64_case10_cg_identity_rtol1e-06_rep1.npz
 create mode 100644 experiments/paper-p3d/runs/seed06/archive/out/fields/N64_case10_cg_identity_rtol1e-06_rep2.npz
 create mode 100644 experiments/paper-p3d/runs/seed06/archive/out/fields/N64_case10_deeponet3d_r128_w16_podinit.npz
 create mode 100644 experiments/paper-p3d/runs/seed06/archive/out/fields/N64_case10_deeponet3d_r128_w16_podinit_native32_continuous_trunk.npz
 create mode 100644 experiments/paper-p3d/runs/seed06/archive/out/fields/N64_case10_deeponet3d_r128_w16_podinit_native32_interpolate.npz
 create mode 100644 experiments/paper-p3d/runs/seed06/archive/out/fields/N64_case10_dst_exact.npz
 create mode 100644 experiments/paper-p3d/runs/seed06/archive/out/fields/N64_case10_fno3d_w24_m8.npz
 create mode 100644 experiments/paper-p3d/runs/seed06/archive/out/fields/N64_case10_fno3d_w24_m8_native32_interpolate.npz
 create mode 100644 experiments/paper-p3d/runs/seed06/archive/out/fields/N64_case10_fno3d_w24_m8_physical_padding17.npz
 create mode 100644 experiments/paper-p3d/runs/seed06/archive/out/fields/N64_case10_linear_bank_galerkin.npz
 create mode 100644 experiments/paper-p3d/runs/seed06/archive/out/fields/N64_case10_linear_bank_weak_qR.npz
 create mode 100644 experiments/paper-p3d/runs/seed06/archive/out/fields/N64_case10_nmrom_K16_q0_dense.npz
 create mode 100644 experiments/paper-p3d/runs/seed06/archive/out/fields/N64_case10_nmrom_K16_q32_dense.npz
 create mode 100644 experiments/paper-p3d/runs/seed06/archive/out/fields/N64_case10_nmrom_K16_q96_dense.npz
 create mode 100644 experiments/paper-p3d/runs/seed06/archive/out/fields/N64_case10_pod112_galerkin.npz
 create mode 100644 experiments/paper-p3d/runs/seed06/archive/out/fields/N64_case10_pod112_native32_interpolated_basis_galerkin.npz
 create mode 100644 experiments/paper-p3d/runs/seed06/archive/out/fields/N64_case10_pod128_galerkin.npz
 create mode 100644 experiments/paper-p3d/runs/seed06/archive/out/fields/N64_case10_pod128_native32_interpolated_basis_galerkin.npz
 create mode 100644 experiments/paper-p3d/runs/seed06/archive/out/fields/N64_case10_pod16_galerkin.npz
 create mode 100644 experiments/paper-p3d/runs/seed06/archive/out/fields/N64_case10_pod16_native32_interpolated_basis_galerkin.npz
 create mode 100644 experiments/paper-p3d/runs/seed06/archive/out/fields/N64_case10_pod48_galerkin.npz
 create mode 100644 experiments/paper-p3d/runs/seed06/archive/out/fields/N64_case10_pod48_native32_interpolated_basis_galerkin.npz
 create mode 100644 experiments/paper-p3d/runs/seed06/archive/out/fields/N64_case10_reference.npz
 create mode 100644 experiments/paper-p3d/runs/seed06/archive/out/fields/N64_case10_transolver3d_w48_s32.npz
 create mode 100644 experiments/paper-p3d/runs/seed06/archive/out/fields/N64_case10_transolver3d_w48_s32_native32_interpolate.npz
 create mode 100644 experiments/paper-p3d/runs/seed06/archive/out/fields/N64_case10_unet3d_w16.npz
 create mode 100644 experiments/paper-p3d/runs/seed06/archive/out/fields/N64_case10_unet3d_w16_native32_interpolate.npz
 create mode 100644 experiments/paper-p3d/runs/seed06/archive/out/fields/N64_case11_cg_identity_rtol1e-02_rep0.npz
 create mode 100644 experiments/paper-p3d/runs/seed06/archive/out/fields/N64_case11_cg_identity_rtol1e-02_rep1.npz
 create mode 100644 experiments/paper-p3d/runs/seed06/archive/out/fields/N64_case11_cg_identity_rtol1e-02_rep2.npz
 create mode 100644 experiments/paper-p3d/runs/seed06/archive/out/fields/N64_case11_cg_identity_rtol1e-04_rep0.npz
 create mode 100644 experiments/paper-p3d/runs/seed06/archive/out/fields/N64_case11_cg_identity_rtol1e-04_rep1.npz
 create mode 100644 experiments/paper-p3d/runs/seed06/archive/out/fields/N64_case11_cg_identity_rtol1e-04_rep2.npz
 create mode 100644 experiments/paper-p3d/runs/seed06/archive/out/fields/N64_case11_cg_identity_rtol1e-06_rep0.npz
 create mode 100644 experiments/paper-p3d/runs/seed06/archive/out/fields/N64_case11_cg_identity_rtol1e-06_rep1.npz
 create mode 100644 experiments/paper-p3d/runs/seed06/archive/out/fields/N64_case11_cg_identity_rtol1e-06_rep2.npz
 create mode 100644 experiments/paper-p3d/runs/seed06/archive/out/fields/N64_case11_deeponet3d_r128_w16_podinit.npz
 create mode 100644 experiments/paper-p3d/runs/seed06/archive/out/fields/N64_case11_deeponet3d_r128_w16_podinit_native32_continuous_trunk.npz
 create mode 100644 experiments/paper-p3d/runs/seed06/archive/out/fields/N64_case11_deeponet3d_r128_w16_podinit_native32_interpolate.npz
 create mode 100644 experiments/paper-p3d/runs/seed06/archive/out/fields/N64_case11_dst_exact.npz
 create mode 100644 experiments/paper-p3d/runs/seed06/archive/out/fields/N64_case11_fno3d_w24_m8.npz
 create mode 100644 experiments/paper-p3d/runs/seed06/archive/out/fields/N64_case11_fno3d_w24_m8_native32_interpolate.npz
 create mode 100644 experiments/paper-p3d/runs/seed06/archive/out/fields/N64_case11_fno3d_w24_m8_physical_padding17.npz
 create mode 100644 experiments/paper-p3d/runs/seed06/archive/out/fields/N64_case11_linear_bank_galerkin.npz
 create mode 100644 experiments/paper-p3d/runs/seed06/archive/out/fields/N64_case11_linear_bank_weak_qR.npz
 create mode 100644 experiments/paper-p3d/runs/seed06/archive/out/fields/N64_case11_nmrom_K16_q0_dense.npz
 create mode 100644 experiments/paper-p3d/runs/seed06/archive/out/fields/N64_case11_nmrom_K16_q32_dense.npz
 create mode 100644 experiments/paper-p3d/runs/seed06/archive/out/fields/N64_case11_nmrom_K16_q96_dense.npz
 create mode 100644 experiments/paper-p3d/runs/seed06/archive/out/fields/N64_case11_pod112_galerkin.npz
 create mode 100644 experiments/paper-p3d/runs/seed06/archive/out/fields/N64_case11_pod112_native32_interpolated_basis_galerkin.npz
 create mode 100644 experiments/paper-p3d/runs/seed06/archive/out/fields/N64_case11_pod128_galerkin.npz
 create mode 100644 experiments/paper-p3d/runs/seed06/archive/out/fields/N64_case11_pod128_native32_interpolated_basis_galerkin.npz
 create mode 100644 experiments/paper-p3d/runs/seed06/archive/out/fields/N64_case11_pod16_galerkin.npz
 create mode 100644 experiments/paper-p3d/runs/seed06/archive/out/fields/N64_case11_pod16_native32_interpolated_basis_galerkin.npz
 create mode 100644 experiments/paper-p3d/runs/seed06/archive/out/fields/N64_case11_pod48_galerkin.npz
 create mode 100644 experiments/paper-p3d/runs/seed06/archive/out/fields/N64_case11_pod48_native32_interpolated_basis_galerkin.npz
 create mode 100644 experiments/paper-p3d/runs/seed06/archive/out/fields/N64_case11_reference.npz
 create mode 100644 experiments/paper-p3d/runs/seed06/archive/out/fields/N64_case11_transolver3d_w48_s32.npz
 create mode 100644 experiments/paper-p3d/runs/seed06/archive/out/fields/N64_case11_transolver3d_w48_s32_native32_interpolate.npz
 create mode 100644 experiments/paper-p3d/runs/seed06/archive/out/fields/N64_case11_unet3d_w16.npz
 create mode 100644 experiments/paper-p3d/runs/seed06/archive/out/fields/N64_case11_unet3d_w16_native32_interpolate.npz
 create mode 100644 experiments/paper-p3d/runs/seed06/archive/out/fields/N64_case12_cg_identity_rtol1e-02_rep0.npz
 create mode 100644 experiments/paper-p3d/runs/seed06/archive/out/fields/N64_case12_cg_identity_rtol1e-02_rep1.npz
 create mode 100644 experiments/paper-p3d/runs/seed06/archive/out/fields/N64_case12_cg_identity_rtol1e-02_rep2.npz
 create mode 100644 experiments/paper-p3d/runs/seed06/archive/out/fields/N64_case12_cg_identity_rtol1e-04_rep0.npz
 create mode 100644 experiments/paper-p3d/runs/seed06/archive/out/fields/N64_case12_cg_identity_rtol1e-04_rep1.npz
 create mode 100644 experiments/paper-p3d/runs/seed06/archive/out/fields/N64_case12_cg_identity_rtol1e-04_rep2.npz
 create mode 100644 experiments/paper-p3d/runs/seed06/archive/out/fields/N64_case12_cg_identity_rtol1e-06_rep0.npz
 create mode 100644 experiments/paper-p3d/runs/seed06/archive/out/fields/N64_case12_cg_identity_rtol1e-06_rep1.npz
 create mode 100644 experiments/paper-p3d/runs/seed06/archive/out/fields/N64_case12_cg_identity_rtol1e-06_rep2.npz
 create mode 100644 experiments/paper-p3d/runs/seed06/archive/out/fields/N64_case12_deeponet3d_r128_w16_podinit.npz
 create mode 100644 experiments/paper-p3d/runs/seed06/archive/out/fields/N64_case12_deeponet3d_r128_w16_podinit_native32_continuous_trunk.npz
 create mode 100644 experiments/paper-p3d/runs/seed06/archive/out/fields/N64_case12_deeponet3d_r128_w16_podinit_native32_interpolate.npz
 create mode 100644 experiments/paper-p3d/runs/seed06/archive/out/fields/N64_case12_dst_exact.npz
 create mode 100644 experiments/paper-p3d/runs/seed06/archive/out/fields/N64_case12_fno3d_w24_m8.npz
 create mode 100644 experiments/paper-p3d/runs/seed06/archive/out/fields/N64_case12_fno3d_w24_m8_native32_interpolate.npz
 create mode 100644 experiments/paper-p3d/runs/seed06/archive/out/fields/N64_case12_fno3d_w24_m8_physical_padding17.npz
 create mode 100644 experiments/paper-p3d/runs/seed06/archive/out/fields/N64_case12_linear_bank_galerkin.npz
 create mode 100644 experiments/paper-p3d/runs/seed06/archive/out/fields/N64_case12_linear_bank_weak_qR.npz
 create mode 100644 experiments/paper-p3d/runs/seed06/archive/out/fields/N64_case12_nmrom_K16_q0_dense.npz
 create mode 100644 experiments/paper-p3d/runs/seed06/archive/out/fields/N64_case12_nmrom_K16_q32_dense.npz
 create mode 100644 experiments/paper-p3d/runs/seed06/archive/out/fields/N64_case12_nmrom_K16_q96_dense.npz
 create mode 100644 experiments/paper-p3d/runs/seed06/archive/out/fields/N64_case12_pod112_galerkin.npz
 create mode 100644 experiments/paper-p3d/runs/seed06/archive/out/fields/N64_case12_pod112_native32_interpolated_basis_galerkin.npz
 create mode 100644 experiments/paper-p3d/runs/seed06/archive/out/fields/N64_case12_pod128_galerkin.npz
 create mode 100644 experiments/paper-p3d/runs/seed06/archive/out/fields/N64_case12_pod128_native32_interpolated_basis_galerkin.npz
 create mode 100644 experiments/paper-p3d/runs/seed06/archive/out/fields/N64_case12_pod16_galerkin.npz
 create mode 100644 experiments/paper-p3d/runs/seed06/archive/out/fields/N64_case12_pod16_native32_interpolated_basis_galerkin.npz
 create mode 100644 experiments/paper-p3d/runs/seed06/archive/out/fields/N64_case12_pod48_galerkin.npz
 create mode 100644 experiments/paper-p3d/runs/seed06/archive/out/fields/N64_case12_pod48_native32_interpolated_basis_galerkin.npz
 create mode 100644 experiments/paper-p3d/runs/seed06/archive/out/fields/N64_case12_reference.npz
 create mode 100644 experiments/paper-p3d/runs/seed06/archive/out/fields/N64_case12_transolver3d_w48_s32.npz
 create mode 100644 experiments/paper-p3d/runs/seed06/archive/out/fields/N64_case12_transolver3d_w48_s32_native32_interpolate.npz
 create mode 100644 experiments/paper-p3d/runs/seed06/archive/out/fields/N64_case12_unet3d_w16.npz
 create mode 100644 experiments/paper-p3d/runs/seed06/archive/out/fields/N64_case12_unet3d_w16_native32_interpolate.npz
 create mode 100644 experiments/paper-p3d/runs/seed06/archive/out/fields/N64_case13_cg_identity_rtol1e-02_rep0.npz
 create mode 100644 experiments/paper-p3d/runs/seed06/archive/out/fields/N64_case13_cg_identity_rtol1e-02_rep1.npz
 create mode 100644 experiments/paper-p3d/runs/seed06/archive/out/fields/N64_case13_cg_identity_rtol1e-02_rep2.npz
 create mode 100644 experiments/paper-p3d/runs/seed06/archive/out/fields/N64_case13_cg_identity_rtol1e-04_rep0.npz
 create mode 100644 experiments/paper-p3d/runs/seed06/archive/out/fields/N64_case13_cg_identity_rtol1e-04_rep1.npz
 create mode 100644 experiments/paper-p3d/runs/seed06/archive/out/fields/N64_case13_cg_identity_rtol1e-04_rep2.npz
 create mode 100644 experiments/paper-p3d/runs/seed06/archive/out/fields/N64_case13_cg_identity_rtol1e-06_rep0.npz
 create mode 100644 experiments/paper-p3d/runs/seed06/archive/out/fields/N64_case13_cg_identity_rtol1e-06_rep1.npz
 create mode 100644 experiments/paper-p3d/runs/seed06/archive/out/fields/N64_case13_cg_identity_rtol1e-06_rep2.npz
 create mode 100644 experiments/paper-p3d/runs/seed06/archive/out/fields/N64_case13_deeponet3d_r128_w16_podinit.npz
 create mode 100644 experiments/paper-p3d/runs/seed06/archive/out/fields/N64_case13_deeponet3d_r128_w16_podinit_native32_continuous_trunk.npz
 create mode 100644 experiments/paper-p3d/runs/seed06/archive/out/fields/N64_case13_deeponet3d_r128_w16_podinit_native32_interpolate.npz
 create mode 100644 experiments/paper-p3d/runs/seed06/archive/out/fields/N64_case13_dst_exact.npz
 create mode 100644 experiments/paper-p3d/runs/seed06/archive/out/fields/N64_case13_fno3d_w24_m8.npz
 create mode 100644 experiments/paper-p3d/runs/seed06/archive/out/fields/N64_case13_fno3d_w24_m8_native32_interpolate.npz
 create mode 100644 experiments/paper-p3d/runs/seed06/archive/out/fields/N64_case13_fno3d_w24_m8_physical_padding17.npz
 create mode 100644 experiments/paper-p3d/runs/seed06/archive/out/fields/N64_case13_linear_bank_galerkin.npz
 create mode 100644 experiments/paper-p3d/runs/seed06/archive/out/fields/N64_case13_linear_bank_weak_qR.npz
 create mode 100644 experiments/paper-p3d/runs/seed06/archive/out/fields/N64_case13_nmrom_K16_q0_dense.npz
 create mode 100644 experiments/paper-p3d/runs/seed06/archive/out/fields/N64_case13_nmrom_K16_q32_dense.npz
 create mode 100644 experiments/paper-p3d/runs/seed06/archive/out/fields/N64_case13_nmrom_K16_q96_dense.npz
 create mode 100644 experiments/paper-p3d/runs/seed06/archive/out/fields/N64_case13_pod112_galerkin.npz
 create mode 100644 experiments/paper-p3d/runs/seed06/archive/out/fields/N64_case13_pod112_native32_interpolated_basis_galerkin.npz
 create mode 100644 experiments/paper-p3d/runs/seed06/archive/out/fields/N64_case13_pod128_galerkin.npz
 create mode 100644 experiments/paper-p3d/runs/seed06/archive/out/fields/N64_case13_pod128_native32_interpolated_basis_galerkin.npz
 create mode 100644 experiments/paper-p3d/runs/seed06/archive/out/fields/N64_case13_pod16_galerkin.npz
 create mode 100644 experiments/paper-p3d/runs/seed06/archive/out/fields/N64_case13_pod16_native32_interpolated_basis_galerkin.npz
 create mode 100644 experiments/paper-p3d/runs/seed06/archive/out/fields/N64_case13_pod48_galerkin.npz
 create mode 100644 experiments/paper-p3d/runs/seed06/archive/out/fields/N64_case13_pod48_native32_interpolated_basis_galerkin.npz
 create mode 100644 experiments/paper-p3d/runs/seed06/archive/out/fields/N64_case13_reference.npz
 create mode 100644 experiments/paper-p3d/runs/seed06/archive/out/fields/N64_case13_transolver3d_w48_s32.npz
 create mode 100644 experiments/paper-p3d/runs/seed06/archive/out/fields/N64_case13_transolver3d_w48_s32_native32_interpolate.npz
 create mode 100644 experiments/paper-p3d/runs/seed06/archive/out/fields/N64_case13_unet3d_w16.npz
 create mode 100644 experiments/paper-p3d/runs/seed06/archive/out/fields/N64_case13_unet3d_w16_native32_interpolate.npz
 create mode 100644 experiments/paper-p3d/runs/seed06/archive/out/fields/N64_case14_cg_identity_rtol1e-02_rep0.npz
 create mode 100644 experiments/paper-p3d/runs/seed06/archive/out/fields/N64_case14_cg_identity_rtol1e-02_rep1.npz
 create mode 100644 experiments/paper-p3d/runs/seed06/archive/out/fields/N64_case14_cg_identity_rtol1e-02_rep2.npz
 create mode 100644 experiments/paper-p3d/runs/seed06/archive/out/fields/N64_case14_cg_identity_rtol1e-04_rep0.npz
 create mode 100644 experiments/paper-p3d/runs/seed06/archive/out/fields/N64_case14_cg_identity_rtol1e-04_rep1.npz
 create mode 100644 experiments/paper-p3d/runs/seed06/archive/out/fields/N64_case14_cg_identity_rtol1e-04_rep2.npz
 create mode 100644 experiments/paper-p3d/runs/seed06/archive/out/fields/N64_case14_cg_identity_rtol1e-06_rep0.npz
 create mode 100644 experiments/paper-p3d/runs/seed06/archive/out/fields/N64_case14_cg_identity_rtol1e-06_rep1.npz
 create mode 100644 experiments/paper-p3d/runs/seed06/archive/out/fields/N64_case14_cg_identity_rtol1e-06_rep2.npz
 create mode 100644 experiments/paper-p3d/runs/seed06/archive/out/fields/N64_case14_deeponet3d_r128_w16_podinit.npz
 create mode 100644 experiments/paper-p3d/runs/seed06/archive/out/fields/N64_case14_deeponet3d_r128_w16_podinit_native32_continuous_trunk.npz
 create mode 100644 experiments/paper-p3d/runs/seed06/archive/out/fields/N64_case14_deeponet3d_r128_w16_podinit_native32_interpolate.npz
 create mode 100644 experiments/paper-p3d/runs/seed06/archive/out/fields/N64_case14_dst_exact.npz
 create mode 100644 experiments/paper-p3d/runs/seed06/archive/out/fields/N64_case14_fno3d_w24_m8.npz
 create mode 100644 experiments/paper-p3d/runs/seed06/archive/out/fields/N64_case14_fno3d_w24_m8_native32_interpolate.npz
 create mode 100644 experiments/paper-p3d/runs/seed06/archive/out/fields/N64_case14_fno3d_w24_m8_physical_padding17.npz
 create mode 100644 experiments/paper-p3d/runs/seed06/archive/out/fields/N64_case14_linear_bank_galerkin.npz
 create mode 100644 experiments/paper-p3d/runs/seed06/archive/out/fields/N64_case14_linear_bank_weak_qR.npz
 create mode 100644 experiments/paper-p3d/runs/seed06/archive/out/fields/N64_case14_nmrom_K16_q0_dense.npz
 create mode 100644 experiments/paper-p3d/runs/seed06/archive/out/fields/N64_case14_nmrom_K16_q32_dense.npz
 create mode 100644 experiments/paper-p3d/runs/seed06/archive/out/fields/N64_case14_nmrom_K16_q96_dense.npz
 create mode 100644 experiments/paper-p3d/runs/seed06/archive/out/fields/N64_case14_pod112_galerkin.npz
 create mode 100644 experiments/paper-p3d/runs/seed06/archive/out/fields/N64_case14_pod112_native32_interpolated_basis_galerkin.npz
 create mode 100644 experiments/paper-p3d/runs/seed06/archive/out/fields/N64_case14_pod128_galerkin.npz
 create mode 100644 experiments/paper-p3d/runs/seed06/archive/out/fields/N64_case14_pod128_native32_interpolated_basis_galerkin.npz
 create mode 100644 experiments/paper-p3d/runs/seed06/archive/out/fields/N64_case14_pod16_galerkin.npz
 create mode 100644 experiments/paper-p3d/runs/seed06/archive/out/fields/N64_case14_pod16_native32_interpolated_basis_galerkin.npz
 create mode 100644 experiments/paper-p3d/runs/seed06/archive/out/fields/N64_case14_pod48_galerkin.npz
 create mode 100644 experiments/paper-p3d/runs/seed06/archive/out/fields/N64_case14_pod48_native32_interpolated_basis_galerkin.npz
 create mode 100644 experiments/paper-p3d/runs/seed06/archive/out/fields/N64_case14_reference.npz
 create mode 100644 experiments/paper-p3d/runs/seed06/archive/out/fields/N64_case14_transolver3d_w48_s32.npz
 create mode 100644 experiments/paper-p3d/runs/seed06/archive/out/fields/N64_case14_transolver3d_w48_s32_native32_interpolate.npz
 create mode 100644 experiments/paper-p3d/runs/seed06/archive/out/fields/N64_case14_unet3d_w16.npz
 create mode 100644 experiments/paper-p3d/runs/seed06/archive/out/fields/N64_case14_unet3d_w16_native32_interpolate.npz
 create mode 100644 experiments/paper-p3d/runs/seed06/archive/out/fields/N64_case15_cg_identity_rtol1e-02_rep0.npz
 create mode 100644 experiments/paper-p3d/runs/seed06/archive/out/fields/N64_case15_cg_identity_rtol1e-02_rep1.npz
 create mode 100644 experiments/paper-p3d/runs/seed06/archive/out/fields/N64_case15_cg_identity_rtol1e-02_rep2.npz
 create mode 100644 experiments/paper-p3d/runs/seed06/archive/out/fields/N64_case15_cg_identity_rtol1e-04_rep0.npz
 create mode 100644 experiments/paper-p3d/runs/seed06/archive/out/fields/N64_case15_cg_identity_rtol1e-04_rep1.npz
 create mode 100644 experiments/paper-p3d/runs/seed06/archive/out/fields/N64_case15_cg_identity_rtol1e-04_rep2.npz
 create mode 100644 experiments/paper-p3d/runs/seed06/archive/out/fields/N64_case15_cg_identity_rtol1e-06_rep0.npz
 create mode 100644 experiments/paper-p3d/runs/seed06/archive/out/fields/N64_case15_cg_identity_rtol1e-06_rep1.npz
 create mode 100644 experiments/paper-p3d/runs/seed06/archive/out/fields/N64_case15_cg_identity_rtol1e-06_rep2.npz
 create mode 100644 experiments/paper-p3d/runs/seed06/archive/out/fields/N64_case15_deeponet3d_r128_w16_podinit.npz
 create mode 100644 experiments/paper-p3d/runs/seed06/archive/out/fields/N64_case15_deeponet3d_r128_w16_podinit_native32_continuous_trunk.npz
 create mode 100644 experiments/paper-p3d/runs/seed06/archive/out/fields/N64_case15_deeponet3d_r128_w16_podinit_native32_interpolate.npz
 create mode 100644 experiments/paper-p3d/runs/seed06/archive/out/fields/N64_case15_dst_exact.npz
 create mode 100644 experiments/paper-p3d/runs/seed06/archive/out/fields/N64_case15_fno3d_w24_m8.npz
 create mode 100644 experiments/paper-p3d/runs/seed06/archive/out/fields/N64_case15_fno3d_w24_m8_native32_interpolate.npz
 create mode 100644 experiments/paper-p3d/runs/seed06/archive/out/fields/N64_case15_fno3d_w24_m8_physical_padding17.npz
 create mode 100644 experiments/paper-p3d/runs/seed06/archive/out/fields/N64_case15_linear_bank_galerkin.npz
 create mode 100644 experiments/paper-p3d/runs/seed06/archive/out/fields/N64_case15_linear_bank_weak_qR.npz
 create mode 100644 experiments/paper-p3d/runs/seed06/archive/out/fields/N64_case15_nmrom_K16_q0_dense.npz
 create mode 100644 experiments/paper-p3d/runs/seed06/archive/out/fields/N64_case15_nmrom_K16_q32_dense.npz
 create mode 100644 experiments/paper-p3d/runs/seed06/archive/out/fields/N64_case15_nmrom_K16_q96_dense.npz
 create mode 100644 experiments/paper-p3d/runs/seed06/archive/out/fields/N64_case15_pod112_galerkin.npz
 create mode 100644 experiments/paper-p3d/runs/seed06/archive/out/fields/N64_case15_pod112_native32_interpolated_basis_galerkin.npz
 create mode 100644 experiments/paper-p3d/runs/seed06/archive/out/fields/N64_case15_pod128_galerkin.npz
 create mode 100644 experiments/paper-p3d/runs/seed06/archive/out/fields/N64_case15_pod128_native32_interpolated_basis_galerkin.npz
 create mode 100644 experiments/paper-p3d/runs/seed06/archive/out/fields/N64_case15_pod16_galerkin.npz
 create mode 100644 experiments/paper-p3d/runs/seed06/archive/out/fields/N64_case15_pod16_native32_interpolated_basis_galerkin.npz
 create mode 100644 experiments/paper-p3d/runs/seed06/archive/out/fields/N64_case15_pod48_galerkin.npz
 create mode 100644 experiments/paper-p3d/runs/seed06/archive/out/fields/N64_case15_pod48_native32_interpolated_basis_galerkin.npz
 create mode 100644 experiments/paper-p3d/runs/seed06/archive/out/fields/N64_case15_reference.npz
 create mode 100644 experiments/paper-p3d/runs/seed06/archive/out/fields/N64_case15_transolver3d_w48_s32.npz
 create mode 100644 experiments/paper-p3d/runs/seed06/archive/out/fields/N64_case15_transolver3d_w48_s32_native32_interpolate.npz
 create mode 100644 experiments/paper-p3d/runs/seed06/archive/out/fields/N64_case15_unet3d_w16.npz
 create mode 100644 experiments/paper-p3d/runs/seed06/archive/out/fields/N64_case15_unet3d_w16_native32_interpolate.npz
 create mode 100644 experiments/paper-p3d/runs/seed06/archive/out/fields/N64_case1_cg_identity_rtol1e-02_rep0.npz
 create mode 100644 experiments/paper-p3d/runs/seed06/archive/out/fields/N64_case1_cg_identity_rtol1e-02_rep1.npz
 create mode 100644 experiments/paper-p3d/runs/seed06/archive/out/fields/N64_case1_cg_identity_rtol1e-02_rep2.npz
 create mode 100644 experiments/paper-p3d/runs/seed06/archive/out/fields/N64_case1_cg_identity_rtol1e-04_rep0.npz
 create mode 100644 experiments/paper-p3d/runs/seed06/archive/out/fields/N64_case1_cg_identity_rtol1e-04_rep1.npz
 create mode 100644 experiments/paper-p3d/runs/seed06/archive/out/fields/N64_case1_cg_identity_rtol1e-04_rep2.npz
 create mode 100644 experiments/paper-p3d/runs/seed06/archive/out/fields/N64_case1_cg_identity_rtol1e-06_rep0.npz
 create mode 100644 experiments/paper-p3d/runs/seed06/archive/out/fields/N64_case1_cg_identity_rtol1e-06_rep1.npz
 create mode 100644 experiments/paper-p3d/runs/seed06/archive/out/fields/N64_case1_cg_identity_rtol1e-06_rep2.npz
 create mode 100644 experiments/paper-p3d/runs/seed06/archive/out/fields/N64_case1_deeponet3d_r128_w16_podinit.npz
 create mode 100644 experiments/paper-p3d/runs/seed06/archive/out/fields/N64_case1_deeponet3d_r128_w16_podinit_native32_continuous_trunk.npz
 create mode 100644 experiments/paper-p3d/runs/seed06/archive/out/fields/N64_case1_deeponet3d_r128_w16_podinit_native32_interpolate.npz
 create mode 100644 experiments/paper-p3d/runs/seed06/archive/out/fields/N64_case1_dst_exact.npz
 create mode 100644 experiments/paper-p3d/runs/seed06/archive/out/fields/N64_case1_fno3d_w24_m8.npz
 create mode 100644 experiments/paper-p3d/runs/seed06/archive/out/fields/N64_case1_fno3d_w24_m8_native32_interpolate.npz
 create mode 100644 experiments/paper-p3d/runs/seed06/archive/out/fields/N64_case1_fno3d_w24_m8_physical_padding17.npz
 create mode 100644 experiments/paper-p3d/runs/seed06/archive/out/fields/N64_case1_linear_bank_galerkin.npz
 create mode 100644 experiments/paper-p3d/runs/seed06/archive/out/fields/N64_case1_linear_bank_weak_qR.npz
 create mode 100644 experiments/paper-p3d/runs/seed06/archive/out/fields/N64_case1_nmrom_K16_q0_dense.npz
 create mode 100644 experiments/paper-p3d/runs/seed06/archive/out/fields/N64_case1_nmrom_K16_q32_dense.npz
 create mode 100644 experiments/paper-p3d/runs/seed06/archive/out/fields/N64_case1_nmrom_K16_q96_dense.npz
 create mode 100644 experiments/paper-p3d/runs/seed06/archive/out/fields/N64_case1_pod112_galerkin.npz
 create mode 100644 experiments/paper-p3d/runs/seed06/archive/out/fields/N64_case1_pod112_native32_interpolated_basis_galerkin.npz
 create mode 100644 experiments/paper-p3d/runs/seed06/archive/out/fields/N64_case1_pod128_galerkin.npz
 create mode 100644 experiments/paper-p3d/runs/seed06/archive/out/fields/N64_case1_pod128_native32_interpolated_basis_galerkin.npz
 create mode 100644 experiments/paper-p3d/runs/seed06/archive/out/fields/N64_case1_pod16_galerkin.npz
 create mode 100644 experiments/paper-p3d/runs/seed06/archive/out/fields/N64_case1_pod16_native32_interpolated_basis_galerkin.npz
 create mode 100644 experiments/paper-p3d/runs/seed06/archive/out/fields/N64_case1_pod48_galerkin.npz
 create mode 100644 experiments/paper-p3d/runs/seed06/archive/out/fields/N64_case1_pod48_native32_interpolated_basis_galerkin.npz
 create mode 100644 experiments/paper-p3d/runs/seed06/archive/out/fields/N64_case1_reference.npz
 create mode 100644 experiments/paper-p3d/runs/seed06/archive/out/fields/N64_case1_transolver3d_w48_s32.npz
 create mode 100644 experiments/paper-p3d/runs/seed06/archive/out/fields/N64_case1_transolver3d_w48_s32_native32_interpolate.npz
 create mode 100644 experiments/paper-p3d/runs/seed06/archive/out/fields/N64_case1_unet3d_w16.npz
 create mode 100644 experiments/paper-p3d/runs/seed06/archive/out/fields/N64_case1_unet3d_w16_native32_interpolate.npz
 create mode 100644 experiments/paper-p3d/runs/seed06/archive/out/fields/N64_case2_cg_identity_rtol1e-02_rep0.npz
 create mode 100644 experiments/paper-p3d/runs/seed06/archive/out/fields/N64_case2_cg_identity_rtol1e-02_rep1.npz
 create mode 100644 experiments/paper-p3d/runs/seed06/archive/out/fields/N64_case2_cg_identity_rtol1e-02_rep2.npz
 create mode 100644 experiments/paper-p3d/runs/seed06/archive/out/fields/N64_case2_cg_identity_rtol1e-04_rep0.npz
 create mode 100644 experiments/paper-p3d/runs/seed06/archive/out/fields/N64_case2_cg_identity_rtol1e-04_rep1.npz
 create mode 100644 experiments/paper-p3d/runs/seed06/archive/out/fields/N64_case2_cg_identity_rtol1e-04_rep2.npz
 create mode 100644 experiments/paper-p3d/runs/seed06/archive/out/fields/N64_case2_cg_identity_rtol1e-06_rep0.npz
 create mode 100644 experiments/paper-p3d/runs/seed06/archive/out/fields/N64_case2_cg_identity_rtol1e-06_rep1.npz
 create mode 100644 experiments/paper-p3d/runs/seed06/archive/out/fields/N64_case2_cg_identity_rtol1e-06_rep2.npz
 create mode 100644 experiments/paper-p3d/runs/seed06/archive/out/fields/N64_case2_deeponet3d_r128_w16_podinit.npz
 create mode 100644 experiments/paper-p3d/runs/seed06/archive/out/fields/N64_case2_deeponet3d_r128_w16_podinit_native32_continuous_trunk.npz
 create mode 100644 experiments/paper-p3d/runs/seed06/archive/out/fields/N64_case2_deeponet3d_r128_w16_podinit_native32_interpolate.npz
 create mode 100644 experiments/paper-p3d/runs/seed06/archive/out/fields/N64_case2_dst_exact.npz
 create mode 100644 experiments/paper-p3d/runs/seed06/archive/out/fields/N64_case2_fno3d_w24_m8.npz
 create mode 100644 experiments/paper-p3d/runs/seed06/archive/out/fields/N64_case2_fno3d_w24_m8_native32_interpolate.npz
 create mode 100644 experiments/paper-p3d/runs/seed06/archive/out/fields/N64_case2_fno3d_w24_m8_physical_padding17.npz
 create mode 100644 experiments/paper-p3d/runs/seed06/archive/out/fields/N64_case2_linear_bank_galerkin.npz
 create mode 100644 experiments/paper-p3d/runs/seed06/archive/out/fields/N64_case2_linear_bank_weak_qR.npz
 create mode 100644 experiments/paper-p3d/runs/seed06/archive/out/fields/N64_case2_nmrom_K16_q0_dense.npz
 create mode 100644 experiments/paper-p3d/runs/seed06/archive/out/fields/N64_case2_nmrom_K16_q32_dense.npz
 create mode 100644 experiments/paper-p3d/runs/seed06/archive/out/fields/N64_case2_nmrom_K16_q96_dense.npz
 create mode 100644 experiments/paper-p3d/runs/seed06/archive/out/fields/N64_case2_pod112_galerkin.npz
 create mode 100644 experiments/paper-p3d/runs/seed06/archive/out/fields/N64_case2_pod112_native32_interpolated_basis_galerkin.npz
 create mode 100644 experiments/paper-p3d/runs/seed06/archive/out/fields/N64_case2_pod128_galerkin.npz
 create mode 100644 experiments/paper-p3d/runs/seed06/archive/out/fields/N64_case2_pod128_native32_interpolated_basis_galerkin.npz
 create mode 100644 experiments/paper-p3d/runs/seed06/archive/out/fields/N64_case2_pod16_galerkin.npz
 create mode 100644 experiments/paper-p3d/runs/seed06/archive/out/fields/N64_case2_pod16_native32_interpolated_basis_galerkin.npz
 create mode 100644 experiments/paper-p3d/runs/seed06/archive/out/fields/N64_case2_pod48_galerkin.npz
 create mode 100644 experiments/paper-p3d/runs/seed06/archive/out/fields/N64_case2_pod48_native32_interpolated_basis_galerkin.npz
 create mode 100644 experiments/paper-p3d/runs/seed06/archive/out/fields/N64_case2_reference.npz
 create mode 100644 experiments/paper-p3d/runs/seed06/archive/out/fields/N64_case2_transolver3d_w48_s32.npz
 create mode 100644 experiments/paper-p3d/runs/seed06/archive/out/fields/N64_case2_transolver3d_w48_s32_native32_interpolate.npz
 create mode 100644 experiments/paper-p3d/runs/seed06/archive/out/fields/N64_case2_unet3d_w16.npz
 create mode 100644 experiments/paper-p3d/runs/seed06/archive/out/fields/N64_case2_unet3d_w16_native32_interpolate.npz
 create mode 100644 experiments/paper-p3d/runs/seed06/archive/out/fields/N64_case3_cg_identity_rtol1e-02_rep0.npz
 create mode 100644 experiments/paper-p3d/runs/seed06/archive/out/fields/N64_case3_cg_identity_rtol1e-02_rep1.npz
 create mode 100644 experiments/paper-p3d/runs/seed06/archive/out/fields/N64_case3_cg_identity_rtol1e-02_rep2.npz
 create mode 100644 experiments/paper-p3d/runs/seed06/archive/out/fields/N64_case3_cg_identity_rtol1e-04_rep0.npz
 create mode 100644 experiments/paper-p3d/runs/seed06/archive/out/fields/N64_case3_cg_identity_rtol1e-04_rep1.npz
 create mode 100644 experiments/paper-p3d/runs/seed06/archive/out/fields/N64_case3_cg_identity_rtol1e-04_rep2.npz
 create mode 100644 experiments/paper-p3d/runs/seed06/archive/out/fields/N64_case3_cg_identity_rtol1e-06_rep0.npz
 create mode 100644 experiments/paper-p3d/runs/seed06/archive/out/fields/N64_case3_cg_identity_rtol1e-06_rep1.npz
 create mode 100644 experiments/paper-p3d/runs/seed06/archive/out/fields/N64_case3_cg_identity_rtol1e-06_rep2.npz
 create mode 100644 experiments/paper-p3d/runs/seed06/archive/out/fields/N64_case3_deeponet3d_r128_w16_podinit.npz
 create mode 100644 experiments/paper-p3d/runs/seed06/archive/out/fields/N64_case3_deeponet3d_r128_w16_podinit_native32_continuous_trunk.npz
 create mode 100644 experiments/paper-p3d/runs/seed06/archive/out/fields/N64_case3_deeponet3d_r128_w16_podinit_native32_interpolate.npz
 create mode 100644 experiments/paper-p3d/runs/seed06/archive/out/fields/N64_case3_dst_exact.npz
 create mode 100644 experiments/paper-p3d/runs/seed06/archive/out/fields/N64_case3_fno3d_w24_m8.npz
 create mode 100644 experiments/paper-p3d/runs/seed06/archive/out/fields/N64_case3_fno3d_w24_m8_native32_interpolate.npz
 create mode 100644 experiments/paper-p3d/runs/seed06/archive/out/fields/N64_case3_fno3d_w24_m8_physical_padding17.npz
 create mode 100644 experiments/paper-p3d/runs/seed06/archive/out/fields/N64_case3_linear_bank_galerkin.npz
 create mode 100644 experiments/paper-p3d/runs/seed06/archive/out/fields/N64_case3_linear_bank_weak_qR.npz
 create mode 100644 experiments/paper-p3d/runs/seed06/archive/out/fields/N64_case3_nmrom_K16_q0_dense.npz
 create mode 100644 experiments/paper-p3d/runs/seed06/archive/out/fields/N64_case3_nmrom_K16_q32_dense.npz
 create mode 100644 experiments/paper-p3d/runs/seed06/archive/out/fields/N64_case3_nmrom_K16_q96_dense.npz
 create mode 100644 experiments/paper-p3d/runs/seed06/archive/out/fields/N64_case3_pod112_galerkin.npz
 create mode 100644 experiments/paper-p3d/runs/seed06/archive/out/fields/N64_case3_pod112_native32_interpolated_basis_galerkin.npz
 create mode 100644 experiments/paper-p3d/runs/seed06/archive/out/fields/N64_case3_pod128_galerkin.npz
 create mode 100644 experiments/paper-p3d/runs/seed06/archive/out/fields/N64_case3_pod128_native32_interpolated_basis_galerkin.npz
 create mode 100644 experiments/paper-p3d/runs/seed06/archive/out/fields/N64_case3_pod16_galerkin.npz
 create mode 100644 experiments/paper-p3d/runs/seed06/archive/out/fields/N64_case3_pod16_native32_interpolated_basis_galerkin.npz
 create mode 100644 experiments/paper-p3d/runs/seed06/archive/out/fields/N64_case3_pod48_galerkin.npz
 create mode 100644 experiments/paper-p3d/runs/seed06/archive/out/fields/N64_case3_pod48_native32_interpolated_basis_galerkin.npz
 create mode 100644 experiments/paper-p3d/runs/seed06/archive/out/fields/N64_case3_reference.npz
 create mode 100644 experiments/paper-p3d/runs/seed06/archive/out/fields/N64_case3_transolver3d_w48_s32.npz
 create mode 100644 experiments/paper-p3d/runs/seed06/archive/out/fields/N64_case3_transolver3d_w48_s32_native32_interpolate.npz
 create mode 100644 experiments/paper-p3d/runs/seed06/archive/out/fields/N64_case3_unet3d_w16.npz
 create mode 100644 experiments/paper-p3d/runs/seed06/archive/out/fields/N64_case3_unet3d_w16_native32_interpolate.npz
 create mode 100644 experiments/paper-p3d/runs/seed06/archive/out/fields/N64_case4_cg_identity_rtol1e-02_rep0.npz
 create mode 100644 experiments/paper-p3d/runs/seed06/archive/out/fields/N64_case4_cg_identity_rtol1e-02_rep1.npz
 create mode 100644 experiments/paper-p3d/runs/seed06/archive/out/fields/N64_case4_cg_identity_rtol1e-02_rep2.npz
 create mode 100644 experiments/paper-p3d/runs/seed06/archive/out/fields/N64_case4_cg_identity_rtol1e-04_rep0.npz
 create mode 100644 experiments/paper-p3d/runs/seed06/archive/out/fields/N64_case4_cg_identity_rtol1e-04_rep1.npz
 create mode 100644 experiments/paper-p3d/runs/seed06/archive/out/fields/N64_case4_cg_identity_rtol1e-04_rep2.npz
 create mode 100644 experiments/paper-p3d/runs/seed06/archive/out/fields/N64_case4_cg_identity_rtol1e-06_rep0.npz
 create mode 100644 experiments/paper-p3d/runs/seed06/archive/out/fields/N64_case4_cg_identity_rtol1e-06_rep1.npz
 create mode 100644 experiments/paper-p3d/runs/seed06/archive/out/fields/N64_case4_cg_identity_rtol1e-06_rep2.npz
 create mode 100644 experiments/paper-p3d/runs/seed06/archive/out/fields/N64_case4_deeponet3d_r128_w16_podinit.npz
 create mode 100644 experiments/paper-p3d/runs/seed06/archive/out/fields/N64_case4_deeponet3d_r128_w16_podinit_native32_continuous_trunk.npz
 create mode 100644 experiments/paper-p3d/runs/seed06/archive/out/fields/N64_case4_deeponet3d_r128_w16_podinit_native32_interpolate.npz
 create mode 100644 experiments/paper-p3d/runs/seed06/archive/out/fields/N64_case4_dst_exact.npz
 create mode 100644 experiments/paper-p3d/runs/seed06/archive/out/fields/N64_case4_fno3d_w24_m8.npz
 create mode 100644 experiments/paper-p3d/runs/seed06/archive/out/fields/N64_case4_fno3d_w24_m8_native32_interpolate.npz
 create mode 100644 experiments/paper-p3d/runs/seed06/archive/out/fields/N64_case4_fno3d_w24_m8_physical_padding17.npz
 create mode 100644 experiments/paper-p3d/runs/seed06/archive/out/fields/N64_case4_linear_bank_galerkin.npz
 create mode 100644 experiments/paper-p3d/runs/seed06/archive/out/fields/N64_case4_linear_bank_weak_qR.npz
 create mode 100644 experiments/paper-p3d/runs/seed06/archive/out/fields/N64_case4_nmrom_K16_q0_dense.npz
 create mode 100644 experiments/paper-p3d/runs/seed06/archive/out/fields/N64_case4_nmrom_K16_q32_dense.npz
 create mode 100644 experiments/paper-p3d/runs/seed06/archive/out/fields/N64_case4_nmrom_K16_q96_dense.npz
 create mode 100644 experiments/paper-p3d/runs/seed06/archive/out/fields/N64_case4_pod112_galerkin.npz
 create mode 100644 experiments/paper-p3d/runs/seed06/archive/out/fields/N64_case4_pod112_native32_interpolated_basis_galerkin.npz
 create mode 100644 experiments/paper-p3d/runs/seed06/archive/out/fields/N64_case4_pod128_galerkin.npz
 create mode 100644 experiments/paper-p3d/runs/seed06/archive/out/fields/N64_case4_pod128_native32_interpolated_basis_galerkin.npz
 create mode 100644 experiments/paper-p3d/runs/seed06/archive/out/fields/N64_case4_pod16_galerkin.npz
 create mode 100644 experiments/paper-p3d/runs/seed06/archive/out/fields/N64_case4_pod16_native32_interpolated_basis_galerkin.npz
 create mode 100644 experiments/paper-p3d/runs/seed06/archive/out/fields/N64_case4_pod48_galerkin.npz
 create mode 100644 experiments/paper-p3d/runs/seed06/archive/out/fields/N64_case4_pod48_native32_interpolated_basis_galerkin.npz
 create mode 100644 experiments/paper-p3d/runs/seed06/archive/out/fields/N64_case4_reference.npz
 create mode 100644 experiments/paper-p3d/runs/seed06/archive/out/fields/N64_case4_transolver3d_w48_s32.npz
 create mode 100644 experiments/paper-p3d/runs/seed06/archive/out/fields/N64_case4_transolver3d_w48_s32_native32_interpolate.npz
 create mode 100644 experiments/paper-p3d/runs/seed06/archive/out/fields/N64_case4_unet3d_w16.npz
 create mode 100644 experiments/paper-p3d/runs/seed06/archive/out/fields/N64_case4_unet3d_w16_native32_interpolate.npz
 create mode 100644 experiments/paper-p3d/runs/seed06/archive/out/fields/N64_case5_cg_identity_rtol1e-02_rep0.npz
 create mode 100644 experiments/paper-p3d/runs/seed06/archive/out/fields/N64_case5_cg_identity_rtol1e-02_rep1.npz
 create mode 100644 experiments/paper-p3d/runs/seed06/archive/out/fields/N64_case5_cg_identity_rtol1e-02_rep2.npz
 create mode 100644 experiments/paper-p3d/runs/seed06/archive/out/fields/N64_case5_cg_identity_rtol1e-04_rep0.npz
 create mode 100644 experiments/paper-p3d/runs/seed06/archive/out/fields/N64_case5_cg_identity_rtol1e-04_rep1.npz
 create mode 100644 experiments/paper-p3d/runs/seed06/archive/out/fields/N64_case5_cg_identity_rtol1e-04_rep2.npz
 create mode 100644 experiments/paper-p3d/runs/seed06/archive/out/fields/N64_case5_cg_identity_rtol1e-06_rep0.npz
 create mode 100644 experiments/paper-p3d/runs/seed06/archive/out/fields/N64_case5_cg_identity_rtol1e-06_rep1.npz
 create mode 100644 experiments/paper-p3d/runs/seed06/archive/out/fields/N64_case5_cg_identity_rtol1e-06_rep2.npz
 create mode 100644 experiments/paper-p3d/runs/seed06/archive/out/fields/N64_case5_deeponet3d_r128_w16_podinit.npz
 create mode 100644 experiments/paper-p3d/runs/seed06/archive/out/fields/N64_case5_deeponet3d_r128_w16_podinit_native32_continuous_trunk.npz
 create mode 100644 experiments/paper-p3d/runs/seed06/archive/out/fields/N64_case5_deeponet3d_r128_w16_podinit_native32_interpolate.npz
 create mode 100644 experiments/paper-p3d/runs/seed06/archive/out/fields/N64_case5_dst_exact.npz
 create mode 100644 experiments/paper-p3d/runs/seed06/archive/out/fields/N64_case5_fno3d_w24_m8.npz
 create mode 100644 experiments/paper-p3d/runs/seed06/archive/out/fields/N64_case5_fno3d_w24_m8_native32_interpolate.npz
 create mode 100644 experiments/paper-p3d/runs/seed06/archive/out/fields/N64_case5_fno3d_w24_m8_physical_padding17.npz
 create mode 100644 experiments/paper-p3d/runs/seed06/archive/out/fields/N64_case5_linear_bank_galerkin.npz
 create mode 100644 experiments/paper-p3d/runs/seed06/archive/out/fields/N64_case5_linear_bank_weak_qR.npz
 create mode 100644 experiments/paper-p3d/runs/seed06/archive/out/fields/N64_case5_nmrom_K16_q0_dense.npz
 create mode 100644 experiments/paper-p3d/runs/seed06/archive/out/fields/N64_case5_nmrom_K16_q32_dense.npz
 create mode 100644 experiments/paper-p3d/runs/seed06/archive/out/fields/N64_case5_nmrom_K16_q96_dense.npz
 create mode 100644 experiments/paper-p3d/runs/seed06/archive/out/fields/N64_case5_pod112_galerkin.npz
 create mode 100644 experiments/paper-p3d/runs/seed06/archive/out/fields/N64_case5_pod112_native32_interpolated_basis_galerkin.npz
 create mode 100644 experiments/paper-p3d/runs/seed06/archive/out/fields/N64_case5_pod128_galerkin.npz
 create mode 100644 experiments/paper-p3d/runs/seed06/archive/out/fields/N64_case5_pod128_native32_interpolated_basis_galerkin.npz
 create mode 100644 experiments/paper-p3d/runs/seed06/archive/out/fields/N64_case5_pod16_galerkin.npz
 create mode 100644 experiments/paper-p3d/runs/seed06/archive/out/fields/N64_case5_pod16_native32_interpolated_basis_galerkin.npz
 create mode 100644 experiments/paper-p3d/runs/seed06/archive/out/fields/N64_case5_pod48_galerkin.npz
 create mode 100644 experiments/paper-p3d/runs/seed06/archive/out/fields/N64_case5_pod48_native32_interpolated_basis_galerkin.npz
 create mode 100644 experiments/paper-p3d/runs/seed06/archive/out/fields/N64_case5_reference.npz
 create mode 100644 experiments/paper-p3d/runs/seed06/archive/out/fields/N64_case5_transolver3d_w48_s32.npz
 create mode 100644 experiments/paper-p3d/runs/seed06/archive/out/fields/N64_case5_transolver3d_w48_s32_native32_interpolate.npz
 create mode 100644 experiments/paper-p3d/runs/seed06/archive/out/fields/N64_case5_unet3d_w16.npz
 create mode 100644 experiments/paper-p3d/runs/seed06/archive/out/fields/N64_case5_unet3d_w16_native32_interpolate.npz
 create mode 100644 experiments/paper-p3d/runs/seed06/archive/out/fields/N64_case6_cg_identity_rtol1e-02_rep0.npz
 create mode 100644 experiments/paper-p3d/runs/seed06/archive/out/fields/N64_case6_cg_identity_rtol1e-02_rep1.npz
 create mode 100644 experiments/paper-p3d/runs/seed06/archive/out/fields/N64_case6_cg_identity_rtol1e-02_rep2.npz
 create mode 100644 experiments/paper-p3d/runs/seed06/archive/out/fields/N64_case6_cg_identity_rtol1e-04_rep0.npz
 create mode 100644 experiments/paper-p3d/runs/seed06/archive/out/fields/N64_case6_cg_identity_rtol1e-04_rep1.npz
 create mode 100644 experiments/paper-p3d/runs/seed06/archive/out/fields/N64_case6_cg_identity_rtol1e-04_rep2.npz
 create mode 100644 experiments/paper-p3d/runs/seed06/archive/out/fields/N64_case6_cg_identity_rtol1e-06_rep0.npz
 create mode 100644 experiments/paper-p3d/runs/seed06/archive/out/fields/N64_case6_cg_identity_rtol1e-06_rep1.npz
 create mode 100644 experiments/paper-p3d/runs/seed06/archive/out/fields/N64_case6_cg_identity_rtol1e-06_rep2.npz
 create mode 100644 experiments/paper-p3d/runs/seed06/archive/out/fields/N64_case6_deeponet3d_r128_w16_podinit.npz
 create mode 100644 experiments/paper-p3d/runs/seed06/archive/out/fields/N64_case6_deeponet3d_r128_w16_podinit_native32_continuous_trunk.npz
 create mode 100644 experiments/paper-p3d/runs/seed06/archive/out/fields/N64_case6_deeponet3d_r128_w16_podinit_native32_interpolate.npz
 create mode 100644 experiments/paper-p3d/runs/seed06/archive/out/fields/N64_case6_dst_exact.npz
 create mode 100644 experiments/paper-p3d/runs/seed06/archive/out/fields/N64_case6_fno3d_w24_m8.npz
 create mode 100644 experiments/paper-p3d/runs/seed06/archive/out/fields/N64_case6_fno3d_w24_m8_native32_interpolate.npz
 create mode 100644 experiments/paper-p3d/runs/seed06/archive/out/fields/N64_case6_fno3d_w24_m8_physical_padding17.npz
 create mode 100644 experiments/paper-p3d/runs/seed06/archive/out/fields/N64_case6_linear_bank_galerkin.npz
 create mode 100644 experiments/paper-p3d/runs/seed06/archive/out/fields/N64_case6_linear_bank_weak_qR.npz
 create mode 100644 experiments/paper-p3d/runs/seed06/archive/out/fields/N64_case6_nmrom_K16_q0_dense.npz
 create mode 100644 experiments/paper-p3d/runs/seed06/archive/out/fields/N64_case6_nmrom_K16_q32_dense.npz
 create mode 100644 experiments/paper-p3d/runs/seed06/archive/out/fields/N64_case6_nmrom_K16_q96_dense.npz
 create mode 100644 experiments/paper-p3d/runs/seed06/archive/out/fields/N64_case6_pod112_galerkin.npz
 create mode 100644 experiments/paper-p3d/runs/seed06/archive/out/fields/N64_case6_pod112_native32_interpolated_basis_galerkin.npz
 create mode 100644 experiments/paper-p3d/runs/seed06/archive/out/fields/N64_case6_pod128_galerkin.npz
 create mode 100644 experiments/paper-p3d/runs/seed06/archive/out/fields/N64_case6_pod128_native32_interpolated_basis_galerkin.npz
 create mode 100644 experiments/paper-p3d/runs/seed06/archive/out/fields/N64_case6_pod16_galerkin.npz
 create mode 100644 experiments/paper-p3d/runs/seed06/archive/out/fields/N64_case6_pod16_native32_interpolated_basis_galerkin.npz
 create mode 100644 experiments/paper-p3d/runs/seed06/archive/out/fields/N64_case6_pod48_galerkin.npz
 create mode 100644 experiments/paper-p3d/runs/seed06/archive/out/fields/N64_case6_pod48_native32_interpolated_basis_galerkin.npz
 create mode 100644 experiments/paper-p3d/runs/seed06/archive/out/fields/N64_case6_reference.npz
 create mode 100644 experiments/paper-p3d/runs/seed06/archive/out/fields/N64_case6_transolver3d_w48_s32.npz
 create mode 100644 experiments/paper-p3d/runs/seed06/archive/out/fields/N64_case6_transolver3d_w48_s32_native32_interpolate.npz
 create mode 100644 experiments/paper-p3d/runs/seed06/archive/out/fields/N64_case6_unet3d_w16.npz
 create mode 100644 experiments/paper-p3d/runs/seed06/archive/out/fields/N64_case6_unet3d_w16_native32_interpolate.npz
 create mode 100644 experiments/paper-p3d/runs/seed06/archive/out/fields/N64_case7_cg_identity_rtol1e-02_rep0.npz
 create mode 100644 experiments/paper-p3d/runs/seed06/archive/out/fields/N64_case7_cg_identity_rtol1e-02_rep1.npz
 create mode 100644 experiments/paper-p3d/runs/seed06/archive/out/fields/N64_case7_cg_identity_rtol1e-02_rep2.npz
 create mode 100644 experiments/paper-p3d/runs/seed06/archive/out/fields/N64_case7_cg_identity_rtol1e-04_rep0.npz
 create mode 100644 experiments/paper-p3d/runs/seed06/archive/out/fields/N64_case7_cg_identity_rtol1e-04_rep1.npz
 create mode 100644 experiments/paper-p3d/runs/seed06/archive/out/fields/N64_case7_cg_identity_rtol1e-04_rep2.npz
 create mode 100644 experiments/paper-p3d/runs/seed06/archive/out/fields/N64_case7_cg_identity_rtol1e-06_rep0.npz
 create mode 100644 experiments/paper-p3d/runs/seed06/archive/out/fields/N64_case7_cg_identity_rtol1e-06_rep1.npz
 create mode 100644 experiments/paper-p3d/runs/seed06/archive/out/fields/N64_case7_cg_identity_rtol1e-06_rep2.npz
 create mode 100644 experiments/paper-p3d/runs/seed06/archive/out/fields/N64_case7_deeponet3d_r128_w16_podinit.npz
 create mode 100644 experiments/paper-p3d/runs/seed06/archive/out/fields/N64_case7_deeponet3d_r128_w16_podinit_native32_continuous_trunk.npz
 create mode 100644 experiments/paper-p3d/runs/seed06/archive/out/fields/N64_case7_deeponet3d_r128_w16_podinit_native32_interpolate.npz
 create mode 100644 experiments/paper-p3d/runs/seed06/archive/out/fields/N64_case7_dst_exact.npz
 create mode 100644 experiments/paper-p3d/runs/seed06/archive/out/fields/N64_case7_fno3d_w24_m8.npz
 create mode 100644 experiments/paper-p3d/runs/seed06/archive/out/fields/N64_case7_fno3d_w24_m8_native32_interpolate.npz
 create mode 100644 experiments/paper-p3d/runs/seed06/archive/out/fields/N64_case7_fno3d_w24_m8_physical_padding17.npz
 create mode 100644 experiments/paper-p3d/runs/seed06/archive/out/fields/N64_case7_linear_bank_galerkin.npz
 create mode 100644 experiments/paper-p3d/runs/seed06/archive/out/fields/N64_case7_linear_bank_weak_qR.npz
 create mode 100644 experiments/paper-p3d/runs/seed06/archive/out/fields/N64_case7_nmrom_K16_q0_dense.npz
 create mode 100644 experiments/paper-p3d/runs/seed06/archive/out/fields/N64_case7_nmrom_K16_q32_dense.npz
 create mode 100644 experiments/paper-p3d/runs/seed06/archive/out/fields/N64_case7_nmrom_K16_q96_dense.npz
 create mode 100644 experiments/paper-p3d/runs/seed06/archive/out/fields/N64_case7_pod112_galerkin.npz
 create mode 100644 experiments/paper-p3d/runs/seed06/archive/out/fields/N64_case7_pod112_native32_interpolated_basis_galerkin.npz
 create mode 100644 experiments/paper-p3d/runs/seed06/archive/out/fields/N64_case7_pod128_galerkin.npz
 create mode 100644 experiments/paper-p3d/runs/seed06/archive/out/fields/N64_case7_pod128_native32_interpolated_basis_galerkin.npz
 create mode 100644 experiments/paper-p3d/runs/seed06/archive/out/fields/N64_case7_pod16_galerkin.npz
 create mode 100644 experiments/paper-p3d/runs/seed06/archive/out/fields/N64_case7_pod16_native32_interpolated_basis_galerkin.npz
 create mode 100644 experiments/paper-p3d/runs/seed06/archive/out/fields/N64_case7_pod48_galerkin.npz
 create mode 100644 experiments/paper-p3d/runs/seed06/archive/out/fields/N64_case7_pod48_native32_interpolated_basis_galerkin.npz
 create mode 100644 experiments/paper-p3d/runs/seed06/archive/out/fields/N64_case7_reference.npz
 create mode 100644 experiments/paper-p3d/runs/seed06/archive/out/fields/N64_case7_transolver3d_w48_s32.npz
 create mode 100644 experiments/paper-p3d/runs/seed06/archive/out/fields/N64_case7_transolver3d_w48_s32_native32_interpolate.npz
 create mode 100644 experiments/paper-p3d/runs/seed06/archive/out/fields/N64_case7_unet3d_w16.npz
 create mode 100644 experiments/paper-p3d/runs/seed06/archive/out/fields/N64_case7_unet3d_w16_native32_interpolate.npz
 create mode 100644 experiments/paper-p3d/runs/seed06/archive/out/fields/N64_case8_cg_identity_rtol1e-02_rep0.npz
 create mode 100644 experiments/paper-p3d/runs/seed06/archive/out/fields/N64_case8_cg_identity_rtol1e-02_rep1.npz
 create mode 100644 experiments/paper-p3d/runs/seed06/archive/out/fields/N64_case8_cg_identity_rtol1e-02_rep2.npz
 create mode 100644 experiments/paper-p3d/runs/seed06/archive/out/fields/N64_case8_cg_identity_rtol1e-04_rep0.npz
 create mode 100644 experiments/paper-p3d/runs/seed06/archive/out/fields/N64_case8_cg_identity_rtol1e-04_rep1.npz
 create mode 100644 experiments/paper-p3d/runs/seed06/archive/out/fields/N64_case8_cg_identity_rtol1e-04_rep2.npz
 create mode 100644 experiments/paper-p3d/runs/seed06/archive/out/fields/N64_case8_cg_identity_rtol1e-06_rep0.npz
 create mode 100644 experiments/paper-p3d/runs/seed06/archive/out/fields/N64_case8_cg_identity_rtol1e-06_rep1.npz
 create mode 100644 experiments/paper-p3d/runs/seed06/archive/out/fields/N64_case8_cg_identity_rtol1e-06_rep2.npz
 create mode 100644 experiments/paper-p3d/runs/seed06/archive/out/fields/N64_case8_deeponet3d_r128_w16_podinit.npz
 create mode 100644 experiments/paper-p3d/runs/seed06/archive/out/fields/N64_case8_deeponet3d_r128_w16_podinit_native32_continuous_trunk.npz
 create mode 100644 experiments/paper-p3d/runs/seed06/archive/out/fields/N64_case8_deeponet3d_r128_w16_podinit_native32_interpolate.npz
 create mode 100644 experiments/paper-p3d/runs/seed06/archive/out/fields/N64_case8_dst_exact.npz
 create mode 100644 experiments/paper-p3d/runs/seed06/archive/out/fields/N64_case8_fno3d_w24_m8.npz
 create mode 100644 experiments/paper-p3d/runs/seed06/archive/out/fields/N64_case8_fno3d_w24_m8_native32_interpolate.npz
 create mode 100644 experiments/paper-p3d/runs/seed06/archive/out/fields/N64_case8_fno3d_w24_m8_physical_padding17.npz
 create mode 100644 experiments/paper-p3d/runs/seed06/archive/out/fields/N64_case8_linear_bank_galerkin.npz
 create mode 100644 experiments/paper-p3d/runs/seed06/archive/out/fields/N64_case8_linear_bank_weak_qR.npz
 create mode 100644 experiments/paper-p3d/runs/seed06/archive/out/fields/N64_case8_nmrom_K16_q0_dense.npz
 create mode 100644 experiments/paper-p3d/runs/seed06/archive/out/fields/N64_case8_nmrom_K16_q32_dense.npz
 create mode 100644 experiments/paper-p3d/runs/seed06/archive/out/fields/N64_case8_nmrom_K16_q96_dense.npz
 create mode 100644 experiments/paper-p3d/runs/seed06/archive/out/fields/N64_case8_pod112_galerkin.npz
 create mode 100644 experiments/paper-p3d/runs/seed06/archive/out/fields/N64_case8_pod112_native32_interpolated_basis_galerkin.npz
 create mode 100644 experiments/paper-p3d/runs/seed06/archive/out/fields/N64_case8_pod128_galerkin.npz
 create mode 100644 experiments/paper-p3d/runs/seed06/archive/out/fields/N64_case8_pod128_native32_interpolated_basis_galerkin.npz
 create mode 100644 experiments/paper-p3d/runs/seed06/archive/out/fields/N64_case8_pod16_galerkin.npz
 create mode 100644 experiments/paper-p3d/runs/seed06/archive/out/fields/N64_case8_pod16_native32_interpolated_basis_galerkin.npz
 create mode 100644 experiments/paper-p3d/runs/seed06/archive/out/fields/N64_case8_pod48_galerkin.npz
 create mode 100644 experiments/paper-p3d/runs/seed06/archive/out/fields/N64_case8_pod48_native32_interpolated_basis_galerkin.npz
 create mode 100644 experiments/paper-p3d/runs/seed06/archive/out/fields/N64_case8_reference.npz
 create mode 100644 experiments/paper-p3d/runs/seed06/archive/out/fields/N64_case8_transolver3d_w48_s32.npz
 create mode 100644 experiments/paper-p3d/runs/seed06/archive/out/fields/N64_case8_transolver3d_w48_s32_native32_interpolate.npz
 create mode 100644 experiments/paper-p3d/runs/seed06/archive/out/fields/N64_case8_unet3d_w16.npz
 create mode 100644 experiments/paper-p3d/runs/seed06/archive/out/fields/N64_case8_unet3d_w16_native32_interpolate.npz
 create mode 100644 experiments/paper-p3d/runs/seed06/archive/out/fields/N64_case9_cg_identity_rtol1e-02_rep0.npz
 create mode 100644 experiments/paper-p3d/runs/seed06/archive/out/fields/N64_case9_cg_identity_rtol1e-02_rep1.npz
 create mode 100644 experiments/paper-p3d/runs/seed06/archive/out/fields/N64_case9_cg_identity_rtol1e-02_rep2.npz
 create mode 100644 experiments/paper-p3d/runs/seed06/archive/out/fields/N64_case9_cg_identity_rtol1e-04_rep0.npz
 create mode 100644 experiments/paper-p3d/runs/seed06/archive/out/fields/N64_case9_cg_identity_rtol1e-04_rep1.npz
 create mode 100644 experiments/paper-p3d/runs/seed06/archive/out/fields/N64_case9_cg_identity_rtol1e-04_rep2.npz
 create mode 100644 experiments/paper-p3d/runs/seed06/archive/out/fields/N64_case9_cg_identity_rtol1e-06_rep0.npz
 create mode 100644 experiments/paper-p3d/runs/seed06/archive/out/fields/N64_case9_cg_identity_rtol1e-06_rep1.npz
 create mode 100644 experiments/paper-p3d/runs/seed06/archive/out/fields/N64_case9_cg_identity_rtol1e-06_rep2.npz
 create mode 100644 experiments/paper-p3d/runs/seed06/archive/out/fields/N64_case9_deeponet3d_r128_w16_podinit.npz
 create mode 100644 experiments/paper-p3d/runs/seed06/archive/out/fields/N64_case9_deeponet3d_r128_w16_podinit_native32_continuous_trunk.npz
 create mode 100644 experiments/paper-p3d/runs/seed06/archive/out/fields/N64_case9_deeponet3d_r128_w16_podinit_native32_interpolate.npz
 create mode 100644 experiments/paper-p3d/runs/seed06/archive/out/fields/N64_case9_dst_exact.npz
 create mode 100644 experiments/paper-p3d/runs/seed06/archive/out/fields/N64_case9_fno3d_w24_m8.npz
 create mode 100644 experiments/paper-p3d/runs/seed06/archive/out/fields/N64_case9_fno3d_w24_m8_native32_interpolate.npz
 create mode 100644 experiments/paper-p3d/runs/seed06/archive/out/fields/N64_case9_fno3d_w24_m8_physical_padding17.npz
 create mode 100644 experiments/paper-p3d/runs/seed06/archive/out/fields/N64_case9_linear_bank_galerkin.npz
 create mode 100644 experiments/paper-p3d/runs/seed06/archive/out/fields/N64_case9_linear_bank_weak_qR.npz
 create mode 100644 experiments/paper-p3d/runs/seed06/archive/out/fields/N64_case9_nmrom_K16_q0_dense.npz
 create mode 100644 experiments/paper-p3d/runs/seed06/archive/out/fields/N64_case9_nmrom_K16_q32_dense.npz
 create mode 100644 experiments/paper-p3d/runs/seed06/archive/out/fields/N64_case9_nmrom_K16_q96_dense.npz
 create mode 100644 experiments/paper-p3d/runs/seed06/archive/out/fields/N64_case9_pod112_galerkin.npz
 create mode 100644 experiments/paper-p3d/runs/seed06/archive/out/fields/N64_case9_pod112_native32_interpolated_basis_galerkin.npz
 create mode 100644 experiments/paper-p3d/runs/seed06/archive/out/fields/N64_case9_pod128_galerkin.npz
 create mode 100644 experiments/paper-p3d/runs/seed06/archive/out/fields/N64_case9_pod128_native32_interpolated_basis_galerkin.npz
 create mode 100644 experiments/paper-p3d/runs/seed06/archive/out/fields/N64_case9_pod16_galerkin.npz
 create mode 100644 experiments/paper-p3d/runs/seed06/archive/out/fields/N64_case9_pod16_native32_interpolated_basis_galerkin.npz
 create mode 100644 experiments/paper-p3d/runs/seed06/archive/out/fields/N64_case9_pod48_galerkin.npz
 create mode 100644 experiments/paper-p3d/runs/seed06/archive/out/fields/N64_case9_pod48_native32_interpolated_basis_galerkin.npz
 create mode 100644 experiments/paper-p3d/runs/seed06/archive/out/fields/N64_case9_reference.npz
 create mode 100644 experiments/paper-p3d/runs/seed06/archive/out/fields/N64_case9_transolver3d_w48_s32.npz
 create mode 100644 experiments/paper-p3d/runs/seed06/archive/out/fields/N64_case9_transolver3d_w48_s32_native32_interpolate.npz
 create mode 100644 experiments/paper-p3d/runs/seed06/archive/out/fields/N64_case9_unet3d_w16.npz
 create mode 100644 experiments/paper-p3d/runs/seed06/archive/out/fields/N64_case9_unet3d_w16_native32_interpolate.npz
 create mode 100644 experiments/paper-p3d/runs/seed06/archive/out/head_K16.pkl
 create mode 100644 experiments/paper-p3d/runs/seed06/archive/out/offline/pod_N32.json
 create mode 100644 experiments/paper-p3d/runs/seed06/archive/out/offline/pod_N32.npy
 create mode 100644 experiments/paper-p3d/runs/seed06/archive/out/offline/pod_N64.json
 create mode 100644 experiments/paper-p3d/runs/seed06/archive/out/operators/deeponet3d_r128_w16_podinit/best.pkl
 create mode 100644 experiments/paper-p3d/runs/seed06/archive/out/operators/deeponet3d_r128_w16_podinit/curve.json
 create mode 100644 experiments/paper-p3d/runs/seed06/archive/out/operators/deeponet3d_r128_w16_podinit/latest.pkl
 create mode 100644 experiments/paper-p3d/runs/seed06/archive/out/operators/deeponet3d_r128_w16_podinit/pretraining/branch_curve.json
 create mode 100644 experiments/paper-p3d/runs/seed06/archive/out/operators/deeponet3d_r128_w16_podinit/pretraining/branch_latest.pkl
 create mode 100644 experiments/paper-p3d/runs/seed06/archive/out/operators/deeponet3d_r128_w16_podinit/pretraining/branch_teacher.npz
 create mode 100644 experiments/paper-p3d/runs/seed06/archive/out/operators/deeponet3d_r128_w16_podinit/pretraining/initialized.pkl
 create mode 100644 experiments/paper-p3d/runs/seed06/archive/out/operators/deeponet3d_r128_w16_podinit/pretraining/pretraining.json
 create mode 100644 experiments/paper-p3d/runs/seed06/archive/out/operators/deeponet3d_r128_w16_podinit/pretraining/random_initialization.pkl
 create mode 100644 experiments/paper-p3d/runs/seed06/archive/out/operators/deeponet3d_r128_w16_podinit/pretraining/training_teacher.npz
 create mode 100644 experiments/paper-p3d/runs/seed06/archive/out/operators/deeponet3d_r128_w16_podinit/pretraining/trunk_curve.json
 create mode 100644 experiments/paper-p3d/runs/seed06/archive/out/operators/deeponet3d_r128_w16_podinit/pretraining/trunk_latest.pkl
 create mode 100644 experiments/paper-p3d/runs/seed06/archive/out/operators/deeponet3d_r128_w16_podinit/pretraining/trunk_selected.pkl
 create mode 100644 experiments/paper-p3d/runs/seed06/archive/out/operators/deeponet3d_r128_w16_podinit/training.json
 create mode 100644 experiments/paper-p3d/runs/seed06/archive/out/operators/fno3d_w24_m8/best.pkl
 create mode 100644 experiments/paper-p3d/runs/seed06/archive/out/operators/fno3d_w24_m8/training.json
 create mode 100644 experiments/paper-p3d/runs/seed06/archive/out/operators/transolver3d_w48_s32/best.pkl
 create mode 100644 experiments/paper-p3d/runs/seed06/archive/out/operators/transolver3d_w48_s32/training.json
 create mode 100644 experiments/paper-p3d/runs/seed06/archive/out/operators/unet3d_w16/best.pkl
 create mode 100644 experiments/paper-p3d/runs/seed06/archive/out/operators/unet3d_w16/training.json
 create mode 100644 experiments/paper-p3d/runs/seed06/archive/out/result.json
 create mode 100644 experiments/paper-p3d/runs/seed06/archive/out/summary.json
 create mode 100644 experiments/paper-p3d/runs/seed06/archive/out/weak_setup_N32.npz
 create mode 100644 experiments/paper-p3d/runs/seed06/archive/run.sbatch
 create mode 100644 experiments/paper-p3d/runs/seed06/audit-local.json
 create mode 100644 experiments/paper-p3d/runs/seed06/collect.stderr
 create mode 100644 experiments/paper-p3d/runs/seed06/collect.stdout
 create mode 100644 experiments/paper-p3d/runs/seed06/diagnostics.json
 create mode 100644 experiments/paper-p3d/runs/seed06/large-artifact-retention.json
 create mode 100644 experiments/paper-p3d/runs/seed06/large-artifacts/archive__out__offline__pod_N64.npy/MANIFEST.json
 create mode 100644 experiments/paper-p3d/runs/seed06/large-artifacts/archive__out__offline__pod_N64.npy/pod_N64.npy.part000
 create mode 100644 experiments/paper-p3d/runs/seed06/large-artifacts/archive__out__offline__pod_N64.npy/pod_N64.npy.part001
 create mode 100644 experiments/paper-p3d/runs/seed06/large-artifacts/archive__out__offline__pod_N64.npy/pod_N64.npy.part002
 create mode 100644 experiments/paper-p3d/runs/seed06/large-artifacts/archive__out__offline__pod_N64.npy/pod_N64.npy.part003
 create mode 100644 experiments/paper-p3d/runs/seed06/large-artifacts/archive__out__weak_setup_N64.npz/MANIFEST.json
 create mode 100644 experiments/paper-p3d/runs/seed06/large-artifacts/archive__out__weak_setup_N64.npz/weak_setup_N64.npz.part000
 create mode 100644 experiments/paper-p3d/runs/seed06/large-artifacts/archive__out__weak_setup_N64.npz/weak_setup_N64.npz.part001
 create mode 100644 experiments/paper-p3d/runs/seed06/large-artifacts/archive__out__weak_setup_N64.npz/weak_setup_N64.npz.part002
 create mode 100644 experiments/paper-p3d/runs/seed06/large-artifacts/archive__out__weak_setup_N64.npz/weak_setup_N64.npz.part003
 create mode 100644 experiments/paper-p3d/runs/seed06/large-artifacts/restore.py
 create mode 100644 experiments/paper-p3d/runs/seed06/source-audit.json
