COMMIT.txt: OK
PROVENANCE.json: OK
checkpoints/ORIGINAL_TRAINING_SOURCES.json: OK
checkpoints/bank.pkl: OK
checkpoints/cohorts.json: OK
checkpoints/head_K16.pkl: OK
checkpoints/operators/fno3d_w24_m8/SOURCE_RESULT.json: OK
checkpoints/operators/fno3d_w24_m8/best.pkl: OK
checkpoints/operators/transolver3d_w48_s32/SOURCE_RESULT.json: OK
checkpoints/operators/transolver3d_w48_s32/best.pkl: OK
checkpoints/operators/unet3d_w16/SOURCE_RESULT.json: OK
checkpoints/operators/unet3d_w16/best.pkl: OK
checkpoints/result.json: OK
code/DESIGN.md: OK
code/IMPORTS.json: OK
code/audit.py: OK
code/audit_cg.py: OK
code/audit_offline_assets.py: OK
code/audit_pretraining.py: OK
code/cluster/collect.py: OK
code/cluster/stage.py: OK
code/common.py: OK
code/config.json: OK
code/freeze.py: OK
code/iterative_cg.py: OK
code/offline_assets.py: OK
code/operators/EXTRA_IMPORTS.json: OK
code/operators/IMPORTS.json: OK
code/operators/LOCAL_EXTENSIONS.json: OK
code/operators/README.md: OK
code/operators/__init__.py: OK
code/operators/extra_models3d.py: OK
code/operators/models3d.py: OK
code/operators/poisson_adapter.py: OK
code/operators/pretrained_deeponet.py: OK
code/operators/training.py: OK
code/operators/upstream/LICENSE: OK
code/operators/upstream/PROVENANCE.json: OK
code/operators/upstream/Physics_Attention.py: OK
code/operators/upstream/prior_families.py: OK
code/pod_transfer.py: OK
code/poisson.py: OK
code/run.py: OK
code/shared_rom.py: OK
code/state_audit.py: OK
code/train.py: OK
code/trunk_diagnostic.py: OK
run.sbatch: OK
out/bank.pkl: OK
out/cohorts.json: OK
out/fields/N32_case0_cg_identity_rtol1e-02_rep0.npz: OK
out/fields/N32_case0_cg_identity_rtol1e-02_rep1.npz: OK
out/fields/N32_case0_cg_identity_rtol1e-02_rep2.npz: OK
out/fields/N32_case0_cg_identity_rtol1e-04_rep0.npz: OK
out/fields/N32_case0_cg_identity_rtol1e-04_rep1.npz: OK
out/fields/N32_case0_cg_identity_rtol1e-04_rep2.npz: OK
out/fields/N32_case0_cg_identity_rtol1e-06_rep0.npz: OK
out/fields/N32_case0_cg_identity_rtol1e-06_rep1.npz: OK
out/fields/N32_case0_cg_identity_rtol1e-06_rep2.npz: OK
out/fields/N32_case0_deeponet3d_r128_w16_podinit.npz: OK
out/fields/N32_case0_dst_exact.npz: OK
out/fields/N32_case0_fno3d_w24_m8.npz: OK
out/fields/N32_case0_linear_bank_galerkin.npz: OK
out/fields/N32_case0_linear_bank_weak_qR.npz: OK
out/fields/N32_case0_nmrom_K16_q0_dense.npz: OK
out/fields/N32_case0_nmrom_K16_q32_dense.npz: OK
out/fields/N32_case0_nmrom_K16_q96_dense.npz: OK
out/fields/N32_case0_pod112_galerkin.npz: OK
out/fields/N32_case0_pod128_galerkin.npz: OK
out/fields/N32_case0_pod16_galerkin.npz: OK
out/fields/N32_case0_pod48_galerkin.npz: OK
out/fields/N32_case0_reference.npz: OK
out/fields/N32_case0_transolver3d_w48_s32.npz: OK
out/fields/N32_case0_unet3d_w16.npz: OK
out/fields/N32_case10_cg_identity_rtol1e-02_rep0.npz: OK
out/fields/N32_case10_cg_identity_rtol1e-02_rep1.npz: OK
out/fields/N32_case10_cg_identity_rtol1e-02_rep2.npz: OK
out/fields/N32_case10_cg_identity_rtol1e-04_rep0.npz: OK
out/fields/N32_case10_cg_identity_rtol1e-04_rep1.npz: OK
out/fields/N32_case10_cg_identity_rtol1e-04_rep2.npz: OK
out/fields/N32_case10_cg_identity_rtol1e-06_rep0.npz: OK
out/fields/N32_case10_cg_identity_rtol1e-06_rep1.npz: OK
out/fields/N32_case10_cg_identity_rtol1e-06_rep2.npz: OK
out/fields/N32_case10_deeponet3d_r128_w16_podinit.npz: OK
out/fields/N32_case10_dst_exact.npz: OK
out/fields/N32_case10_fno3d_w24_m8.npz: OK
out/fields/N32_case10_linear_bank_galerkin.npz: OK
out/fields/N32_case10_linear_bank_weak_qR.npz: OK
out/fields/N32_case10_nmrom_K16_q0_dense.npz: OK
out/fields/N32_case10_nmrom_K16_q32_dense.npz: OK
out/fields/N32_case10_nmrom_K16_q96_dense.npz: OK
out/fields/N32_case10_pod112_galerkin.npz: OK
out/fields/N32_case10_pod128_galerkin.npz: OK
out/fields/N32_case10_pod16_galerkin.npz: OK
out/fields/N32_case10_pod48_galerkin.npz: OK
out/fields/N32_case10_reference.npz: OK
out/fields/N32_case10_transolver3d_w48_s32.npz: OK
out/fields/N32_case10_unet3d_w16.npz: OK
out/fields/N32_case11_cg_identity_rtol1e-02_rep0.npz: OK
out/fields/N32_case11_cg_identity_rtol1e-02_rep1.npz: OK
out/fields/N32_case11_cg_identity_rtol1e-02_rep2.npz: OK
out/fields/N32_case11_cg_identity_rtol1e-04_rep0.npz: OK
out/fields/N32_case11_cg_identity_rtol1e-04_rep1.npz: OK
out/fields/N32_case11_cg_identity_rtol1e-04_rep2.npz: OK
out/fields/N32_case11_cg_identity_rtol1e-06_rep0.npz: OK
out/fields/N32_case11_cg_identity_rtol1e-06_rep1.npz: OK
out/fields/N32_case11_cg_identity_rtol1e-06_rep2.npz: OK
out/fields/N32_case11_deeponet3d_r128_w16_podinit.npz: OK
out/fields/N32_case11_dst_exact.npz: OK
out/fields/N32_case11_fno3d_w24_m8.npz: OK
out/fields/N32_case11_linear_bank_galerkin.npz: OK
out/fields/N32_case11_linear_bank_weak_qR.npz: OK
out/fields/N32_case11_nmrom_K16_q0_dense.npz: OK
out/fields/N32_case11_nmrom_K16_q32_dense.npz: OK
out/fields/N32_case11_nmrom_K16_q96_dense.npz: OK
out/fields/N32_case11_pod112_galerkin.npz: OK
out/fields/N32_case11_pod128_galerkin.npz: OK
out/fields/N32_case11_pod16_galerkin.npz: OK
out/fields/N32_case11_pod48_galerkin.npz: OK
out/fields/N32_case11_reference.npz: OK
out/fields/N32_case11_transolver3d_w48_s32.npz: OK
out/fields/N32_case11_unet3d_w16.npz: OK
out/fields/N32_case12_cg_identity_rtol1e-02_rep0.npz: OK
out/fields/N32_case12_cg_identity_rtol1e-02_rep1.npz: OK
out/fields/N32_case12_cg_identity_rtol1e-02_rep2.npz: OK
out/fields/N32_case12_cg_identity_rtol1e-04_rep0.npz: OK
out/fields/N32_case12_cg_identity_rtol1e-04_rep1.npz: OK
out/fields/N32_case12_cg_identity_rtol1e-04_rep2.npz: OK
out/fields/N32_case12_cg_identity_rtol1e-06_rep0.npz: OK
out/fields/N32_case12_cg_identity_rtol1e-06_rep1.npz: OK
out/fields/N32_case12_cg_identity_rtol1e-06_rep2.npz: OK
out/fields/N32_case12_deeponet3d_r128_w16_podinit.npz: OK
out/fields/N32_case12_dst_exact.npz: OK
out/fields/N32_case12_fno3d_w24_m8.npz: OK
out/fields/N32_case12_linear_bank_galerkin.npz: OK
out/fields/N32_case12_linear_bank_weak_qR.npz: OK
out/fields/N32_case12_nmrom_K16_q0_dense.npz: OK
out/fields/N32_case12_nmrom_K16_q32_dense.npz: OK
out/fields/N32_case12_nmrom_K16_q96_dense.npz: OK
out/fields/N32_case12_pod112_galerkin.npz: OK
out/fields/N32_case12_pod128_galerkin.npz: OK
out/fields/N32_case12_pod16_galerkin.npz: OK
out/fields/N32_case12_pod48_galerkin.npz: OK
out/fields/N32_case12_reference.npz: OK
out/fields/N32_case12_transolver3d_w48_s32.npz: OK
out/fields/N32_case12_unet3d_w16.npz: OK
out/fields/N32_case13_cg_identity_rtol1e-02_rep0.npz: OK
out/fields/N32_case13_cg_identity_rtol1e-02_rep1.npz: OK
out/fields/N32_case13_cg_identity_rtol1e-02_rep2.npz: OK
out/fields/N32_case13_cg_identity_rtol1e-04_rep0.npz: OK
out/fields/N32_case13_cg_identity_rtol1e-04_rep1.npz: OK
out/fields/N32_case13_cg_identity_rtol1e-04_rep2.npz: OK
out/fields/N32_case13_cg_identity_rtol1e-06_rep0.npz: OK
out/fields/N32_case13_cg_identity_rtol1e-06_rep1.npz: OK
out/fields/N32_case13_cg_identity_rtol1e-06_rep2.npz: OK
out/fields/N32_case13_deeponet3d_r128_w16_podinit.npz: OK
out/fields/N32_case13_dst_exact.npz: OK
out/fields/N32_case13_fno3d_w24_m8.npz: OK
out/fields/N32_case13_linear_bank_galerkin.npz: OK
out/fields/N32_case13_linear_bank_weak_qR.npz: OK
out/fields/N32_case13_nmrom_K16_q0_dense.npz: OK
out/fields/N32_case13_nmrom_K16_q32_dense.npz: OK
out/fields/N32_case13_nmrom_K16_q96_dense.npz: OK
out/fields/N32_case13_pod112_galerkin.npz: OK
out/fields/N32_case13_pod128_galerkin.npz: OK
out/fields/N32_case13_pod16_galerkin.npz: OK
out/fields/N32_case13_pod48_galerkin.npz: OK
out/fields/N32_case13_reference.npz: OK
out/fields/N32_case13_transolver3d_w48_s32.npz: OK
out/fields/N32_case13_unet3d_w16.npz: OK
out/fields/N32_case14_cg_identity_rtol1e-02_rep0.npz: OK
out/fields/N32_case14_cg_identity_rtol1e-02_rep1.npz: OK
out/fields/N32_case14_cg_identity_rtol1e-02_rep2.npz: OK
out/fields/N32_case14_cg_identity_rtol1e-04_rep0.npz: OK
out/fields/N32_case14_cg_identity_rtol1e-04_rep1.npz: OK
out/fields/N32_case14_cg_identity_rtol1e-04_rep2.npz: OK
out/fields/N32_case14_cg_identity_rtol1e-06_rep0.npz: OK
out/fields/N32_case14_cg_identity_rtol1e-06_rep1.npz: OK
out/fields/N32_case14_cg_identity_rtol1e-06_rep2.npz: OK
out/fields/N32_case14_deeponet3d_r128_w16_podinit.npz: OK
out/fields/N32_case14_dst_exact.npz: OK
out/fields/N32_case14_fno3d_w24_m8.npz: OK
out/fields/N32_case14_linear_bank_galerkin.npz: OK
out/fields/N32_case14_linear_bank_weak_qR.npz: OK
out/fields/N32_case14_nmrom_K16_q0_dense.npz: OK
out/fields/N32_case14_nmrom_K16_q32_dense.npz: OK
out/fields/N32_case14_nmrom_K16_q96_dense.npz: OK
out/fields/N32_case14_pod112_galerkin.npz: OK
out/fields/N32_case14_pod128_galerkin.npz: OK
out/fields/N32_case14_pod16_galerkin.npz: OK
out/fields/N32_case14_pod48_galerkin.npz: OK
out/fields/N32_case14_reference.npz: OK
out/fields/N32_case14_transolver3d_w48_s32.npz: OK
out/fields/N32_case14_unet3d_w16.npz: OK
out/fields/N32_case15_cg_identity_rtol1e-02_rep0.npz: OK
out/fields/N32_case15_cg_identity_rtol1e-02_rep1.npz: OK
out/fields/N32_case15_cg_identity_rtol1e-02_rep2.npz: OK
out/fields/N32_case15_cg_identity_rtol1e-04_rep0.npz: OK
out/fields/N32_case15_cg_identity_rtol1e-04_rep1.npz: OK
out/fields/N32_case15_cg_identity_rtol1e-04_rep2.npz: OK
out/fields/N32_case15_cg_identity_rtol1e-06_rep0.npz: OK
out/fields/N32_case15_cg_identity_rtol1e-06_rep1.npz: OK
out/fields/N32_case15_cg_identity_rtol1e-06_rep2.npz: OK
out/fields/N32_case15_deeponet3d_r128_w16_podinit.npz: OK
out/fields/N32_case15_dst_exact.npz: OK
out/fields/N32_case15_fno3d_w24_m8.npz: OK
out/fields/N32_case15_linear_bank_galerkin.npz: OK
out/fields/N32_case15_linear_bank_weak_qR.npz: OK
out/fields/N32_case15_nmrom_K16_q0_dense.npz: OK
out/fields/N32_case15_nmrom_K16_q32_dense.npz: OK
out/fields/N32_case15_nmrom_K16_q96_dense.npz: OK
out/fields/N32_case15_pod112_galerkin.npz: OK
out/fields/N32_case15_pod128_galerkin.npz: OK
out/fields/N32_case15_pod16_galerkin.npz: OK
out/fields/N32_case15_pod48_galerkin.npz: OK
out/fields/N32_case15_reference.npz: OK
out/fields/N32_case15_transolver3d_w48_s32.npz: OK
out/fields/N32_case15_unet3d_w16.npz: OK
out/fields/N32_case1_cg_identity_rtol1e-02_rep0.npz: OK
out/fields/N32_case1_cg_identity_rtol1e-02_rep1.npz: OK
out/fields/N32_case1_cg_identity_rtol1e-02_rep2.npz: OK
out/fields/N32_case1_cg_identity_rtol1e-04_rep0.npz: OK
out/fields/N32_case1_cg_identity_rtol1e-04_rep1.npz: OK
out/fields/N32_case1_cg_identity_rtol1e-04_rep2.npz: OK
out/fields/N32_case1_cg_identity_rtol1e-06_rep0.npz: OK
out/fields/N32_case1_cg_identity_rtol1e-06_rep1.npz: OK
out/fields/N32_case1_cg_identity_rtol1e-06_rep2.npz: OK
out/fields/N32_case1_deeponet3d_r128_w16_podinit.npz: OK
out/fields/N32_case1_dst_exact.npz: OK
out/fields/N32_case1_fno3d_w24_m8.npz: OK
out/fields/N32_case1_linear_bank_galerkin.npz: OK
out/fields/N32_case1_linear_bank_weak_qR.npz: OK
out/fields/N32_case1_nmrom_K16_q0_dense.npz: OK
out/fields/N32_case1_nmrom_K16_q32_dense.npz: OK
out/fields/N32_case1_nmrom_K16_q96_dense.npz: OK
out/fields/N32_case1_pod112_galerkin.npz: OK
out/fields/N32_case1_pod128_galerkin.npz: OK
out/fields/N32_case1_pod16_galerkin.npz: OK
out/fields/N32_case1_pod48_galerkin.npz: OK
out/fields/N32_case1_reference.npz: OK
out/fields/N32_case1_transolver3d_w48_s32.npz: OK
out/fields/N32_case1_unet3d_w16.npz: OK
out/fields/N32_case2_cg_identity_rtol1e-02_rep0.npz: OK
out/fields/N32_case2_cg_identity_rtol1e-02_rep1.npz: OK
out/fields/N32_case2_cg_identity_rtol1e-02_rep2.npz: OK
out/fields/N32_case2_cg_identity_rtol1e-04_rep0.npz: OK
out/fields/N32_case2_cg_identity_rtol1e-04_rep1.npz: OK
out/fields/N32_case2_cg_identity_rtol1e-04_rep2.npz: OK
out/fields/N32_case2_cg_identity_rtol1e-06_rep0.npz: OK
out/fields/N32_case2_cg_identity_rtol1e-06_rep1.npz: OK
out/fields/N32_case2_cg_identity_rtol1e-06_rep2.npz: OK
out/fields/N32_case2_deeponet3d_r128_w16_podinit.npz: OK
out/fields/N32_case2_dst_exact.npz: OK
out/fields/N32_case2_fno3d_w24_m8.npz: OK
out/fields/N32_case2_linear_bank_galerkin.npz: OK
out/fields/N32_case2_linear_bank_weak_qR.npz: OK
out/fields/N32_case2_nmrom_K16_q0_dense.npz: OK
out/fields/N32_case2_nmrom_K16_q32_dense.npz: OK
out/fields/N32_case2_nmrom_K16_q96_dense.npz: OK
out/fields/N32_case2_pod112_galerkin.npz: OK
out/fields/N32_case2_pod128_galerkin.npz: OK
out/fields/N32_case2_pod16_galerkin.npz: OK
out/fields/N32_case2_pod48_galerkin.npz: OK
out/fields/N32_case2_reference.npz: OK
out/fields/N32_case2_transolver3d_w48_s32.npz: OK
out/fields/N32_case2_unet3d_w16.npz: OK
out/fields/N32_case3_cg_identity_rtol1e-02_rep0.npz: OK
out/fields/N32_case3_cg_identity_rtol1e-02_rep1.npz: OK
out/fields/N32_case3_cg_identity_rtol1e-02_rep2.npz: OK
out/fields/N32_case3_cg_identity_rtol1e-04_rep0.npz: OK
out/fields/N32_case3_cg_identity_rtol1e-04_rep1.npz: OK
out/fields/N32_case3_cg_identity_rtol1e-04_rep2.npz: OK
out/fields/N32_case3_cg_identity_rtol1e-06_rep0.npz: OK
out/fields/N32_case3_cg_identity_rtol1e-06_rep1.npz: OK
out/fields/N32_case3_cg_identity_rtol1e-06_rep2.npz: OK
out/fields/N32_case3_deeponet3d_r128_w16_podinit.npz: OK
out/fields/N32_case3_dst_exact.npz: OK
out/fields/N32_case3_fno3d_w24_m8.npz: OK
out/fields/N32_case3_linear_bank_galerkin.npz: OK
out/fields/N32_case3_linear_bank_weak_qR.npz: OK
out/fields/N32_case3_nmrom_K16_q0_dense.npz: OK
out/fields/N32_case3_nmrom_K16_q32_dense.npz: OK
out/fields/N32_case3_nmrom_K16_q96_dense.npz: OK
out/fields/N32_case3_pod112_galerkin.npz: OK
out/fields/N32_case3_pod128_galerkin.npz: OK
out/fields/N32_case3_pod16_galerkin.npz: OK
out/fields/N32_case3_pod48_galerkin.npz: OK
out/fields/N32_case3_reference.npz: OK
out/fields/N32_case3_transolver3d_w48_s32.npz: OK
out/fields/N32_case3_unet3d_w16.npz: OK
out/fields/N32_case4_cg_identity_rtol1e-02_rep0.npz: OK
out/fields/N32_case4_cg_identity_rtol1e-02_rep1.npz: OK
out/fields/N32_case4_cg_identity_rtol1e-02_rep2.npz: OK
out/fields/N32_case4_cg_identity_rtol1e-04_rep0.npz: OK
out/fields/N32_case4_cg_identity_rtol1e-04_rep1.npz: OK
out/fields/N32_case4_cg_identity_rtol1e-04_rep2.npz: OK
out/fields/N32_case4_cg_identity_rtol1e-06_rep0.npz: OK
out/fields/N32_case4_cg_identity_rtol1e-06_rep1.npz: OK
out/fields/N32_case4_cg_identity_rtol1e-06_rep2.npz: OK
out/fields/N32_case4_deeponet3d_r128_w16_podinit.npz: OK
out/fields/N32_case4_dst_exact.npz: OK
out/fields/N32_case4_fno3d_w24_m8.npz: OK
out/fields/N32_case4_linear_bank_galerkin.npz: OK
out/fields/N32_case4_linear_bank_weak_qR.npz: OK
out/fields/N32_case4_nmrom_K16_q0_dense.npz: OK
out/fields/N32_case4_nmrom_K16_q32_dense.npz: OK
out/fields/N32_case4_nmrom_K16_q96_dense.npz: OK
out/fields/N32_case4_pod112_galerkin.npz: OK
out/fields/N32_case4_pod128_galerkin.npz: OK
out/fields/N32_case4_pod16_galerkin.npz: OK
out/fields/N32_case4_pod48_galerkin.npz: OK
out/fields/N32_case4_reference.npz: OK
out/fields/N32_case4_transolver3d_w48_s32.npz: OK
out/fields/N32_case4_unet3d_w16.npz: OK
out/fields/N32_case5_cg_identity_rtol1e-02_rep0.npz: OK
out/fields/N32_case5_cg_identity_rtol1e-02_rep1.npz: OK
out/fields/N32_case5_cg_identity_rtol1e-02_rep2.npz: OK
out/fields/N32_case5_cg_identity_rtol1e-04_rep0.npz: OK
out/fields/N32_case5_cg_identity_rtol1e-04_rep1.npz: OK
out/fields/N32_case5_cg_identity_rtol1e-04_rep2.npz: OK
out/fields/N32_case5_cg_identity_rtol1e-06_rep0.npz: OK
out/fields/N32_case5_cg_identity_rtol1e-06_rep1.npz: OK
out/fields/N32_case5_cg_identity_rtol1e-06_rep2.npz: OK
out/fields/N32_case5_deeponet3d_r128_w16_podinit.npz: OK
out/fields/N32_case5_dst_exact.npz: OK
out/fields/N32_case5_fno3d_w24_m8.npz: OK
out/fields/N32_case5_linear_bank_galerkin.npz: OK
out/fields/N32_case5_linear_bank_weak_qR.npz: OK
out/fields/N32_case5_nmrom_K16_q0_dense.npz: OK
out/fields/N32_case5_nmrom_K16_q32_dense.npz: OK
out/fields/N32_case5_nmrom_K16_q96_dense.npz: OK
out/fields/N32_case5_pod112_galerkin.npz: OK
out/fields/N32_case5_pod128_galerkin.npz: OK
out/fields/N32_case5_pod16_galerkin.npz: OK
out/fields/N32_case5_pod48_galerkin.npz: OK
out/fields/N32_case5_reference.npz: OK
out/fields/N32_case5_transolver3d_w48_s32.npz: OK
out/fields/N32_case5_unet3d_w16.npz: OK
out/fields/N32_case6_cg_identity_rtol1e-02_rep0.npz: OK
out/fields/N32_case6_cg_identity_rtol1e-02_rep1.npz: OK
out/fields/N32_case6_cg_identity_rtol1e-02_rep2.npz: OK
out/fields/N32_case6_cg_identity_rtol1e-04_rep0.npz: OK
out/fields/N32_case6_cg_identity_rtol1e-04_rep1.npz: OK
out/fields/N32_case6_cg_identity_rtol1e-04_rep2.npz: OK
out/fields/N32_case6_cg_identity_rtol1e-06_rep0.npz: OK
out/fields/N32_case6_cg_identity_rtol1e-06_rep1.npz: OK
out/fields/N32_case6_cg_identity_rtol1e-06_rep2.npz: OK
out/fields/N32_case6_deeponet3d_r128_w16_podinit.npz: OK
out/fields/N32_case6_dst_exact.npz: OK
out/fields/N32_case6_fno3d_w24_m8.npz: OK
out/fields/N32_case6_linear_bank_galerkin.npz: OK
out/fields/N32_case6_linear_bank_weak_qR.npz: OK
out/fields/N32_case6_nmrom_K16_q0_dense.npz: OK
out/fields/N32_case6_nmrom_K16_q32_dense.npz: OK
out/fields/N32_case6_nmrom_K16_q96_dense.npz: OK
out/fields/N32_case6_pod112_galerkin.npz: OK
out/fields/N32_case6_pod128_galerkin.npz: OK
out/fields/N32_case6_pod16_galerkin.npz: OK
out/fields/N32_case6_pod48_galerkin.npz: OK
out/fields/N32_case6_reference.npz: OK
out/fields/N32_case6_transolver3d_w48_s32.npz: OK
out/fields/N32_case6_unet3d_w16.npz: OK
out/fields/N32_case7_cg_identity_rtol1e-02_rep0.npz: OK
out/fields/N32_case7_cg_identity_rtol1e-02_rep1.npz: OK
out/fields/N32_case7_cg_identity_rtol1e-02_rep2.npz: OK
out/fields/N32_case7_cg_identity_rtol1e-04_rep0.npz: OK
out/fields/N32_case7_cg_identity_rtol1e-04_rep1.npz: OK
out/fields/N32_case7_cg_identity_rtol1e-04_rep2.npz: OK
out/fields/N32_case7_cg_identity_rtol1e-06_rep0.npz: OK
out/fields/N32_case7_cg_identity_rtol1e-06_rep1.npz: OK
out/fields/N32_case7_cg_identity_rtol1e-06_rep2.npz: OK
out/fields/N32_case7_deeponet3d_r128_w16_podinit.npz: OK
out/fields/N32_case7_dst_exact.npz: OK
out/fields/N32_case7_fno3d_w24_m8.npz: OK
out/fields/N32_case7_linear_bank_galerkin.npz: OK
out/fields/N32_case7_linear_bank_weak_qR.npz: OK
out/fields/N32_case7_nmrom_K16_q0_dense.npz: OK
out/fields/N32_case7_nmrom_K16_q32_dense.npz: OK
out/fields/N32_case7_nmrom_K16_q96_dense.npz: OK
out/fields/N32_case7_pod112_galerkin.npz: OK
out/fields/N32_case7_pod128_galerkin.npz: OK
out/fields/N32_case7_pod16_galerkin.npz: OK
out/fields/N32_case7_pod48_galerkin.npz: OK
out/fields/N32_case7_reference.npz: OK
out/fields/N32_case7_transolver3d_w48_s32.npz: OK
out/fields/N32_case7_unet3d_w16.npz: OK
out/fields/N32_case8_cg_identity_rtol1e-02_rep0.npz: OK
out/fields/N32_case8_cg_identity_rtol1e-02_rep1.npz: OK
out/fields/N32_case8_cg_identity_rtol1e-02_rep2.npz: OK
out/fields/N32_case8_cg_identity_rtol1e-04_rep0.npz: OK
out/fields/N32_case8_cg_identity_rtol1e-04_rep1.npz: OK
out/fields/N32_case8_cg_identity_rtol1e-04_rep2.npz: OK
out/fields/N32_case8_cg_identity_rtol1e-06_rep0.npz: OK
out/fields/N32_case8_cg_identity_rtol1e-06_rep1.npz: OK
out/fields/N32_case8_cg_identity_rtol1e-06_rep2.npz: OK
out/fields/N32_case8_deeponet3d_r128_w16_podinit.npz: OK
out/fields/N32_case8_dst_exact.npz: OK
out/fields/N32_case8_fno3d_w24_m8.npz: OK
out/fields/N32_case8_linear_bank_galerkin.npz: OK
out/fields/N32_case8_linear_bank_weak_qR.npz: OK
out/fields/N32_case8_nmrom_K16_q0_dense.npz: OK
out/fields/N32_case8_nmrom_K16_q32_dense.npz: OK
out/fields/N32_case8_nmrom_K16_q96_dense.npz: OK
out/fields/N32_case8_pod112_galerkin.npz: OK
out/fields/N32_case8_pod128_galerkin.npz: OK
out/fields/N32_case8_pod16_galerkin.npz: OK
out/fields/N32_case8_pod48_galerkin.npz: OK
out/fields/N32_case8_reference.npz: OK
out/fields/N32_case8_transolver3d_w48_s32.npz: OK
out/fields/N32_case8_unet3d_w16.npz: OK
out/fields/N32_case9_cg_identity_rtol1e-02_rep0.npz: OK
out/fields/N32_case9_cg_identity_rtol1e-02_rep1.npz: OK
out/fields/N32_case9_cg_identity_rtol1e-02_rep2.npz: OK
out/fields/N32_case9_cg_identity_rtol1e-04_rep0.npz: OK
out/fields/N32_case9_cg_identity_rtol1e-04_rep1.npz: OK
out/fields/N32_case9_cg_identity_rtol1e-04_rep2.npz: OK
out/fields/N32_case9_cg_identity_rtol1e-06_rep0.npz: OK
out/fields/N32_case9_cg_identity_rtol1e-06_rep1.npz: OK
out/fields/N32_case9_cg_identity_rtol1e-06_rep2.npz: OK
out/fields/N32_case9_deeponet3d_r128_w16_podinit.npz: OK
out/fields/N32_case9_dst_exact.npz: OK
out/fields/N32_case9_fno3d_w24_m8.npz: OK
out/fields/N32_case9_linear_bank_galerkin.npz: OK
out/fields/N32_case9_linear_bank_weak_qR.npz: OK
out/fields/N32_case9_nmrom_K16_q0_dense.npz: OK
out/fields/N32_case9_nmrom_K16_q32_dense.npz: OK
out/fields/N32_case9_nmrom_K16_q96_dense.npz: OK
out/fields/N32_case9_pod112_galerkin.npz: OK
out/fields/N32_case9_pod128_galerkin.npz: OK
out/fields/N32_case9_pod16_galerkin.npz: OK
out/fields/N32_case9_pod48_galerkin.npz: OK
out/fields/N32_case9_reference.npz: OK
out/fields/N32_case9_transolver3d_w48_s32.npz: OK
out/fields/N32_case9_unet3d_w16.npz: OK
out/fields/N64_case0_cg_identity_rtol1e-02_rep0.npz: OK
out/fields/N64_case0_cg_identity_rtol1e-02_rep1.npz: OK
out/fields/N64_case0_cg_identity_rtol1e-02_rep2.npz: OK
out/fields/N64_case0_cg_identity_rtol1e-04_rep0.npz: OK
out/fields/N64_case0_cg_identity_rtol1e-04_rep1.npz: OK
out/fields/N64_case0_cg_identity_rtol1e-04_rep2.npz: OK
out/fields/N64_case0_cg_identity_rtol1e-06_rep0.npz: OK
out/fields/N64_case0_cg_identity_rtol1e-06_rep1.npz: OK
out/fields/N64_case0_cg_identity_rtol1e-06_rep2.npz: OK
out/fields/N64_case0_deeponet3d_r128_w16_podinit.npz: OK
out/fields/N64_case0_deeponet3d_r128_w16_podinit_native32_continuous_trunk.npz: OK
out/fields/N64_case0_deeponet3d_r128_w16_podinit_native32_interpolate.npz: OK
out/fields/N64_case0_dst_exact.npz: OK
out/fields/N64_case0_fno3d_w24_m8.npz: OK
out/fields/N64_case0_fno3d_w24_m8_native32_interpolate.npz: OK
out/fields/N64_case0_fno3d_w24_m8_physical_padding17.npz: OK
out/fields/N64_case0_linear_bank_galerkin.npz: OK
out/fields/N64_case0_linear_bank_weak_qR.npz: OK
out/fields/N64_case0_nmrom_K16_q0_dense.npz: OK
out/fields/N64_case0_nmrom_K16_q32_dense.npz: OK
out/fields/N64_case0_nmrom_K16_q96_dense.npz: OK
out/fields/N64_case0_pod112_galerkin.npz: OK
out/fields/N64_case0_pod112_native32_interpolated_basis_galerkin.npz: OK
out/fields/N64_case0_pod128_galerkin.npz: OK
out/fields/N64_case0_pod128_native32_interpolated_basis_galerkin.npz: OK
out/fields/N64_case0_pod16_galerkin.npz: OK
out/fields/N64_case0_pod16_native32_interpolated_basis_galerkin.npz: OK
out/fields/N64_case0_pod48_galerkin.npz: OK
out/fields/N64_case0_pod48_native32_interpolated_basis_galerkin.npz: OK
out/fields/N64_case0_reference.npz: OK
out/fields/N64_case0_transolver3d_w48_s32.npz: OK
out/fields/N64_case0_transolver3d_w48_s32_native32_interpolate.npz: OK
out/fields/N64_case0_unet3d_w16.npz: OK
out/fields/N64_case0_unet3d_w16_native32_interpolate.npz: OK
out/fields/N64_case10_cg_identity_rtol1e-02_rep0.npz: OK
out/fields/N64_case10_cg_identity_rtol1e-02_rep1.npz: OK
out/fields/N64_case10_cg_identity_rtol1e-02_rep2.npz: OK
out/fields/N64_case10_cg_identity_rtol1e-04_rep0.npz: OK
out/fields/N64_case10_cg_identity_rtol1e-04_rep1.npz: OK
out/fields/N64_case10_cg_identity_rtol1e-04_rep2.npz: OK
out/fields/N64_case10_cg_identity_rtol1e-06_rep0.npz: OK
out/fields/N64_case10_cg_identity_rtol1e-06_rep1.npz: OK
out/fields/N64_case10_cg_identity_rtol1e-06_rep2.npz: OK
out/fields/N64_case10_deeponet3d_r128_w16_podinit.npz: OK
out/fields/N64_case10_deeponet3d_r128_w16_podinit_native32_continuous_trunk.npz: OK
out/fields/N64_case10_deeponet3d_r128_w16_podinit_native32_interpolate.npz: OK
out/fields/N64_case10_dst_exact.npz: OK
out/fields/N64_case10_fno3d_w24_m8.npz: OK
out/fields/N64_case10_fno3d_w24_m8_native32_interpolate.npz: OK
out/fields/N64_case10_fno3d_w24_m8_physical_padding17.npz: OK
out/fields/N64_case10_linear_bank_galerkin.npz: OK
out/fields/N64_case10_linear_bank_weak_qR.npz: OK
out/fields/N64_case10_nmrom_K16_q0_dense.npz: OK
out/fields/N64_case10_nmrom_K16_q32_dense.npz: OK
out/fields/N64_case10_nmrom_K16_q96_dense.npz: OK
out/fields/N64_case10_pod112_galerkin.npz: OK
out/fields/N64_case10_pod112_native32_interpolated_basis_galerkin.npz: OK
out/fields/N64_case10_pod128_galerkin.npz: OK
out/fields/N64_case10_pod128_native32_interpolated_basis_galerkin.npz: OK
out/fields/N64_case10_pod16_galerkin.npz: OK
out/fields/N64_case10_pod16_native32_interpolated_basis_galerkin.npz: OK
out/fields/N64_case10_pod48_galerkin.npz: OK
out/fields/N64_case10_pod48_native32_interpolated_basis_galerkin.npz: OK
out/fields/N64_case10_reference.npz: OK
out/fields/N64_case10_transolver3d_w48_s32.npz: OK
out/fields/N64_case10_transolver3d_w48_s32_native32_interpolate.npz: OK
out/fields/N64_case10_unet3d_w16.npz: OK
out/fields/N64_case10_unet3d_w16_native32_interpolate.npz: OK
out/fields/N64_case11_cg_identity_rtol1e-02_rep0.npz: OK
out/fields/N64_case11_cg_identity_rtol1e-02_rep1.npz: OK
out/fields/N64_case11_cg_identity_rtol1e-02_rep2.npz: OK
out/fields/N64_case11_cg_identity_rtol1e-04_rep0.npz: OK
out/fields/N64_case11_cg_identity_rtol1e-04_rep1.npz: OK
out/fields/N64_case11_cg_identity_rtol1e-04_rep2.npz: OK
out/fields/N64_case11_cg_identity_rtol1e-06_rep0.npz: OK
out/fields/N64_case11_cg_identity_rtol1e-06_rep1.npz: OK
out/fields/N64_case11_cg_identity_rtol1e-06_rep2.npz: OK
out/fields/N64_case11_deeponet3d_r128_w16_podinit.npz: OK
out/fields/N64_case11_deeponet3d_r128_w16_podinit_native32_continuous_trunk.npz: OK
out/fields/N64_case11_deeponet3d_r128_w16_podinit_native32_interpolate.npz: OK
out/fields/N64_case11_dst_exact.npz: OK
out/fields/N64_case11_fno3d_w24_m8.npz: OK
out/fields/N64_case11_fno3d_w24_m8_native32_interpolate.npz: OK
out/fields/N64_case11_fno3d_w24_m8_physical_padding17.npz: OK
out/fields/N64_case11_linear_bank_galerkin.npz: OK
out/fields/N64_case11_linear_bank_weak_qR.npz: OK
out/fields/N64_case11_nmrom_K16_q0_dense.npz: OK
out/fields/N64_case11_nmrom_K16_q32_dense.npz: OK
out/fields/N64_case11_nmrom_K16_q96_dense.npz: OK
out/fields/N64_case11_pod112_galerkin.npz: OK
out/fields/N64_case11_pod112_native32_interpolated_basis_galerkin.npz: OK
out/fields/N64_case11_pod128_galerkin.npz: OK
out/fields/N64_case11_pod128_native32_interpolated_basis_galerkin.npz: OK
out/fields/N64_case11_pod16_galerkin.npz: OK
out/fields/N64_case11_pod16_native32_interpolated_basis_galerkin.npz: OK
out/fields/N64_case11_pod48_galerkin.npz: OK
out/fields/N64_case11_pod48_native32_interpolated_basis_galerkin.npz: OK
out/fields/N64_case11_reference.npz: OK
out/fields/N64_case11_transolver3d_w48_s32.npz: OK
out/fields/N64_case11_transolver3d_w48_s32_native32_interpolate.npz: OK
out/fields/N64_case11_unet3d_w16.npz: OK
out/fields/N64_case11_unet3d_w16_native32_interpolate.npz: OK
out/fields/N64_case12_cg_identity_rtol1e-02_rep0.npz: OK
out/fields/N64_case12_cg_identity_rtol1e-02_rep1.npz: OK
out/fields/N64_case12_cg_identity_rtol1e-02_rep2.npz: OK
out/fields/N64_case12_cg_identity_rtol1e-04_rep0.npz: OK
out/fields/N64_case12_cg_identity_rtol1e-04_rep1.npz: OK
out/fields/N64_case12_cg_identity_rtol1e-04_rep2.npz: OK
out/fields/N64_case12_cg_identity_rtol1e-06_rep0.npz: OK
out/fields/N64_case12_cg_identity_rtol1e-06_rep1.npz: OK
out/fields/N64_case12_cg_identity_rtol1e-06_rep2.npz: OK
out/fields/N64_case12_deeponet3d_r128_w16_podinit.npz: OK
out/fields/N64_case12_deeponet3d_r128_w16_podinit_native32_continuous_trunk.npz: OK
out/fields/N64_case12_deeponet3d_r128_w16_podinit_native32_interpolate.npz: OK
out/fields/N64_case12_dst_exact.npz: OK
out/fields/N64_case12_fno3d_w24_m8.npz: OK
out/fields/N64_case12_fno3d_w24_m8_native32_interpolate.npz: OK
out/fields/N64_case12_fno3d_w24_m8_physical_padding17.npz: OK
out/fields/N64_case12_linear_bank_galerkin.npz: OK
out/fields/N64_case12_linear_bank_weak_qR.npz: OK
out/fields/N64_case12_nmrom_K16_q0_dense.npz: OK
out/fields/N64_case12_nmrom_K16_q32_dense.npz: OK
out/fields/N64_case12_nmrom_K16_q96_dense.npz: OK
out/fields/N64_case12_pod112_galerkin.npz: OK
out/fields/N64_case12_pod112_native32_interpolated_basis_galerkin.npz: OK
out/fields/N64_case12_pod128_galerkin.npz: OK
out/fields/N64_case12_pod128_native32_interpolated_basis_galerkin.npz: OK
out/fields/N64_case12_pod16_galerkin.npz: OK
out/fields/N64_case12_pod16_native32_interpolated_basis_galerkin.npz: OK
out/fields/N64_case12_pod48_galerkin.npz: OK
out/fields/N64_case12_pod48_native32_interpolated_basis_galerkin.npz: OK
out/fields/N64_case12_reference.npz: OK
out/fields/N64_case12_transolver3d_w48_s32.npz: OK
out/fields/N64_case12_transolver3d_w48_s32_native32_interpolate.npz: OK
out/fields/N64_case12_unet3d_w16.npz: OK
out/fields/N64_case12_unet3d_w16_native32_interpolate.npz: OK
out/fields/N64_case13_cg_identity_rtol1e-02_rep0.npz: OK
out/fields/N64_case13_cg_identity_rtol1e-02_rep1.npz: OK
out/fields/N64_case13_cg_identity_rtol1e-02_rep2.npz: OK
out/fields/N64_case13_cg_identity_rtol1e-04_rep0.npz: OK
out/fields/N64_case13_cg_identity_rtol1e-04_rep1.npz: OK
out/fields/N64_case13_cg_identity_rtol1e-04_rep2.npz: OK
out/fields/N64_case13_cg_identity_rtol1e-06_rep0.npz: OK
out/fields/N64_case13_cg_identity_rtol1e-06_rep1.npz: OK
out/fields/N64_case13_cg_identity_rtol1e-06_rep2.npz: OK
out/fields/N64_case13_deeponet3d_r128_w16_podinit.npz: OK
out/fields/N64_case13_deeponet3d_r128_w16_podinit_native32_continuous_trunk.npz: OK
out/fields/N64_case13_deeponet3d_r128_w16_podinit_native32_interpolate.npz: OK
out/fields/N64_case13_dst_exact.npz: OK
out/fields/N64_case13_fno3d_w24_m8.npz: OK
out/fields/N64_case13_fno3d_w24_m8_native32_interpolate.npz: OK
out/fields/N64_case13_fno3d_w24_m8_physical_padding17.npz: OK
out/fields/N64_case13_linear_bank_galerkin.npz: OK
out/fields/N64_case13_linear_bank_weak_qR.npz: OK
out/fields/N64_case13_nmrom_K16_q0_dense.npz: OK
out/fields/N64_case13_nmrom_K16_q32_dense.npz: OK
out/fields/N64_case13_nmrom_K16_q96_dense.npz: OK
out/fields/N64_case13_pod112_galerkin.npz: OK
out/fields/N64_case13_pod112_native32_interpolated_basis_galerkin.npz: OK
out/fields/N64_case13_pod128_galerkin.npz: OK
out/fields/N64_case13_pod128_native32_interpolated_basis_galerkin.npz: OK
out/fields/N64_case13_pod16_galerkin.npz: OK
out/fields/N64_case13_pod16_native32_interpolated_basis_galerkin.npz: OK
out/fields/N64_case13_pod48_galerkin.npz: OK
out/fields/N64_case13_pod48_native32_interpolated_basis_galerkin.npz: OK
out/fields/N64_case13_reference.npz: OK
out/fields/N64_case13_transolver3d_w48_s32.npz: OK
out/fields/N64_case13_transolver3d_w48_s32_native32_interpolate.npz: OK
out/fields/N64_case13_unet3d_w16.npz: OK
out/fields/N64_case13_unet3d_w16_native32_interpolate.npz: OK
out/fields/N64_case14_cg_identity_rtol1e-02_rep0.npz: OK
out/fields/N64_case14_cg_identity_rtol1e-02_rep1.npz: OK
out/fields/N64_case14_cg_identity_rtol1e-02_rep2.npz: OK
out/fields/N64_case14_cg_identity_rtol1e-04_rep0.npz: OK
out/fields/N64_case14_cg_identity_rtol1e-04_rep1.npz: OK
out/fields/N64_case14_cg_identity_rtol1e-04_rep2.npz: OK
out/fields/N64_case14_cg_identity_rtol1e-06_rep0.npz: OK
out/fields/N64_case14_cg_identity_rtol1e-06_rep1.npz: OK
out/fields/N64_case14_cg_identity_rtol1e-06_rep2.npz: OK
out/fields/N64_case14_deeponet3d_r128_w16_podinit.npz: OK
out/fields/N64_case14_deeponet3d_r128_w16_podinit_native32_continuous_trunk.npz: OK
out/fields/N64_case14_deeponet3d_r128_w16_podinit_native32_interpolate.npz: OK
out/fields/N64_case14_dst_exact.npz: OK
out/fields/N64_case14_fno3d_w24_m8.npz: OK
out/fields/N64_case14_fno3d_w24_m8_native32_interpolate.npz: OK
out/fields/N64_case14_fno3d_w24_m8_physical_padding17.npz: OK
out/fields/N64_case14_linear_bank_galerkin.npz: OK
out/fields/N64_case14_linear_bank_weak_qR.npz: OK
out/fields/N64_case14_nmrom_K16_q0_dense.npz: OK
out/fields/N64_case14_nmrom_K16_q32_dense.npz: OK
out/fields/N64_case14_nmrom_K16_q96_dense.npz: OK
out/fields/N64_case14_pod112_galerkin.npz: OK
out/fields/N64_case14_pod112_native32_interpolated_basis_galerkin.npz: OK
out/fields/N64_case14_pod128_galerkin.npz: OK
out/fields/N64_case14_pod128_native32_interpolated_basis_galerkin.npz: OK
out/fields/N64_case14_pod16_galerkin.npz: OK
out/fields/N64_case14_pod16_native32_interpolated_basis_galerkin.npz: OK
out/fields/N64_case14_pod48_galerkin.npz: OK
out/fields/N64_case14_pod48_native32_interpolated_basis_galerkin.npz: OK
out/fields/N64_case14_reference.npz: OK
out/fields/N64_case14_transolver3d_w48_s32.npz: OK
out/fields/N64_case14_transolver3d_w48_s32_native32_interpolate.npz: OK
out/fields/N64_case14_unet3d_w16.npz: OK
out/fields/N64_case14_unet3d_w16_native32_interpolate.npz: OK
out/fields/N64_case15_cg_identity_rtol1e-02_rep0.npz: OK
out/fields/N64_case15_cg_identity_rtol1e-02_rep1.npz: OK
out/fields/N64_case15_cg_identity_rtol1e-02_rep2.npz: OK
out/fields/N64_case15_cg_identity_rtol1e-04_rep0.npz: OK
out/fields/N64_case15_cg_identity_rtol1e-04_rep1.npz: OK
out/fields/N64_case15_cg_identity_rtol1e-04_rep2.npz: OK
out/fields/N64_case15_cg_identity_rtol1e-06_rep0.npz: OK
out/fields/N64_case15_cg_identity_rtol1e-06_rep1.npz: OK
out/fields/N64_case15_cg_identity_rtol1e-06_rep2.npz: OK
out/fields/N64_case15_deeponet3d_r128_w16_podinit.npz: OK
out/fields/N64_case15_deeponet3d_r128_w16_podinit_native32_continuous_trunk.npz: OK
out/fields/N64_case15_deeponet3d_r128_w16_podinit_native32_interpolate.npz: OK
out/fields/N64_case15_dst_exact.npz: OK
out/fields/N64_case15_fno3d_w24_m8.npz: OK
out/fields/N64_case15_fno3d_w24_m8_native32_interpolate.npz: OK
out/fields/N64_case15_fno3d_w24_m8_physical_padding17.npz: OK
out/fields/N64_case15_linear_bank_galerkin.npz: OK
out/fields/N64_case15_linear_bank_weak_qR.npz: OK
out/fields/N64_case15_nmrom_K16_q0_dense.npz: OK
out/fields/N64_case15_nmrom_K16_q32_dense.npz: OK
out/fields/N64_case15_nmrom_K16_q96_dense.npz: OK
out/fields/N64_case15_pod112_galerkin.npz: OK
out/fields/N64_case15_pod112_native32_interpolated_basis_galerkin.npz: OK
out/fields/N64_case15_pod128_galerkin.npz: OK
out/fields/N64_case15_pod128_native32_interpolated_basis_galerkin.npz: OK
out/fields/N64_case15_pod16_galerkin.npz: OK
out/fields/N64_case15_pod16_native32_interpolated_basis_galerkin.npz: OK
out/fields/N64_case15_pod48_galerkin.npz: OK
out/fields/N64_case15_pod48_native32_interpolated_basis_galerkin.npz: OK
out/fields/N64_case15_reference.npz: OK
out/fields/N64_case15_transolver3d_w48_s32.npz: OK
out/fields/N64_case15_transolver3d_w48_s32_native32_interpolate.npz: OK
out/fields/N64_case15_unet3d_w16.npz: OK
out/fields/N64_case15_unet3d_w16_native32_interpolate.npz: OK
out/fields/N64_case1_cg_identity_rtol1e-02_rep0.npz: OK
out/fields/N64_case1_cg_identity_rtol1e-02_rep1.npz: OK
out/fields/N64_case1_cg_identity_rtol1e-02_rep2.npz: OK
out/fields/N64_case1_cg_identity_rtol1e-04_rep0.npz: OK
out/fields/N64_case1_cg_identity_rtol1e-04_rep1.npz: OK
out/fields/N64_case1_cg_identity_rtol1e-04_rep2.npz: OK
out/fields/N64_case1_cg_identity_rtol1e-06_rep0.npz: OK
out/fields/N64_case1_cg_identity_rtol1e-06_rep1.npz: OK
out/fields/N64_case1_cg_identity_rtol1e-06_rep2.npz: OK
out/fields/N64_case1_deeponet3d_r128_w16_podinit.npz: OK
out/fields/N64_case1_deeponet3d_r128_w16_podinit_native32_continuous_trunk.npz: OK
out/fields/N64_case1_deeponet3d_r128_w16_podinit_native32_interpolate.npz: OK
out/fields/N64_case1_dst_exact.npz: OK
out/fields/N64_case1_fno3d_w24_m8.npz: OK
out/fields/N64_case1_fno3d_w24_m8_native32_interpolate.npz: OK
out/fields/N64_case1_fno3d_w24_m8_physical_padding17.npz: OK
out/fields/N64_case1_linear_bank_galerkin.npz: OK
out/fields/N64_case1_linear_bank_weak_qR.npz: OK
out/fields/N64_case1_nmrom_K16_q0_dense.npz: OK
out/fields/N64_case1_nmrom_K16_q32_dense.npz: OK
out/fields/N64_case1_nmrom_K16_q96_dense.npz: OK
out/fields/N64_case1_pod112_galerkin.npz: OK
out/fields/N64_case1_pod112_native32_interpolated_basis_galerkin.npz: OK
out/fields/N64_case1_pod128_galerkin.npz: OK
out/fields/N64_case1_pod128_native32_interpolated_basis_galerkin.npz: OK
out/fields/N64_case1_pod16_galerkin.npz: OK
out/fields/N64_case1_pod16_native32_interpolated_basis_galerkin.npz: OK
out/fields/N64_case1_pod48_galerkin.npz: OK
out/fields/N64_case1_pod48_native32_interpolated_basis_galerkin.npz: OK
out/fields/N64_case1_reference.npz: OK
out/fields/N64_case1_transolver3d_w48_s32.npz: OK
out/fields/N64_case1_transolver3d_w48_s32_native32_interpolate.npz: OK
out/fields/N64_case1_unet3d_w16.npz: OK
out/fields/N64_case1_unet3d_w16_native32_interpolate.npz: OK
out/fields/N64_case2_cg_identity_rtol1e-02_rep0.npz: OK
out/fields/N64_case2_cg_identity_rtol1e-02_rep1.npz: OK
out/fields/N64_case2_cg_identity_rtol1e-02_rep2.npz: OK
out/fields/N64_case2_cg_identity_rtol1e-04_rep0.npz: OK
out/fields/N64_case2_cg_identity_rtol1e-04_rep1.npz: OK
out/fields/N64_case2_cg_identity_rtol1e-04_rep2.npz: OK
out/fields/N64_case2_cg_identity_rtol1e-06_rep0.npz: OK
out/fields/N64_case2_cg_identity_rtol1e-06_rep1.npz: OK
out/fields/N64_case2_cg_identity_rtol1e-06_rep2.npz: OK
out/fields/N64_case2_deeponet3d_r128_w16_podinit.npz: OK
out/fields/N64_case2_deeponet3d_r128_w16_podinit_native32_continuous_trunk.npz: OK
out/fields/N64_case2_deeponet3d_r128_w16_podinit_native32_interpolate.npz: OK
out/fields/N64_case2_dst_exact.npz: OK
out/fields/N64_case2_fno3d_w24_m8.npz: OK
out/fields/N64_case2_fno3d_w24_m8_native32_interpolate.npz: OK
out/fields/N64_case2_fno3d_w24_m8_physical_padding17.npz: OK
out/fields/N64_case2_linear_bank_galerkin.npz: OK
out/fields/N64_case2_linear_bank_weak_qR.npz: OK
out/fields/N64_case2_nmrom_K16_q0_dense.npz: OK
out/fields/N64_case2_nmrom_K16_q32_dense.npz: OK
out/fields/N64_case2_nmrom_K16_q96_dense.npz: OK
out/fields/N64_case2_pod112_galerkin.npz: OK
out/fields/N64_case2_pod112_native32_interpolated_basis_galerkin.npz: OK
out/fields/N64_case2_pod128_galerkin.npz: OK
out/fields/N64_case2_pod128_native32_interpolated_basis_galerkin.npz: OK
out/fields/N64_case2_pod16_galerkin.npz: OK
out/fields/N64_case2_pod16_native32_interpolated_basis_galerkin.npz: OK
out/fields/N64_case2_pod48_galerkin.npz: OK
out/fields/N64_case2_pod48_native32_interpolated_basis_galerkin.npz: OK
out/fields/N64_case2_reference.npz: OK
out/fields/N64_case2_transolver3d_w48_s32.npz: OK
out/fields/N64_case2_transolver3d_w48_s32_native32_interpolate.npz: OK
out/fields/N64_case2_unet3d_w16.npz: OK
out/fields/N64_case2_unet3d_w16_native32_interpolate.npz: OK
out/fields/N64_case3_cg_identity_rtol1e-02_rep0.npz: OK
out/fields/N64_case3_cg_identity_rtol1e-02_rep1.npz: OK
out/fields/N64_case3_cg_identity_rtol1e-02_rep2.npz: OK
out/fields/N64_case3_cg_identity_rtol1e-04_rep0.npz: OK
out/fields/N64_case3_cg_identity_rtol1e-04_rep1.npz: OK
out/fields/N64_case3_cg_identity_rtol1e-04_rep2.npz: OK
out/fields/N64_case3_cg_identity_rtol1e-06_rep0.npz: OK
out/fields/N64_case3_cg_identity_rtol1e-06_rep1.npz: OK
out/fields/N64_case3_cg_identity_rtol1e-06_rep2.npz: OK
out/fields/N64_case3_deeponet3d_r128_w16_podinit.npz: OK
out/fields/N64_case3_deeponet3d_r128_w16_podinit_native32_continuous_trunk.npz: OK
out/fields/N64_case3_deeponet3d_r128_w16_podinit_native32_interpolate.npz: OK
out/fields/N64_case3_dst_exact.npz: OK
out/fields/N64_case3_fno3d_w24_m8.npz: OK
out/fields/N64_case3_fno3d_w24_m8_native32_interpolate.npz: OK
out/fields/N64_case3_fno3d_w24_m8_physical_padding17.npz: OK
out/fields/N64_case3_linear_bank_galerkin.npz: OK
out/fields/N64_case3_linear_bank_weak_qR.npz: OK
out/fields/N64_case3_nmrom_K16_q0_dense.npz: OK
out/fields/N64_case3_nmrom_K16_q32_dense.npz: OK
out/fields/N64_case3_nmrom_K16_q96_dense.npz: OK
out/fields/N64_case3_pod112_galerkin.npz: OK
out/fields/N64_case3_pod112_native32_interpolated_basis_galerkin.npz: OK
out/fields/N64_case3_pod128_galerkin.npz: OK
out/fields/N64_case3_pod128_native32_interpolated_basis_galerkin.npz: OK
out/fields/N64_case3_pod16_galerkin.npz: OK
out/fields/N64_case3_pod16_native32_interpolated_basis_galerkin.npz: OK
out/fields/N64_case3_pod48_galerkin.npz: OK
out/fields/N64_case3_pod48_native32_interpolated_basis_galerkin.npz: OK
out/fields/N64_case3_reference.npz: OK
out/fields/N64_case3_transolver3d_w48_s32.npz: OK
out/fields/N64_case3_transolver3d_w48_s32_native32_interpolate.npz: OK
out/fields/N64_case3_unet3d_w16.npz: OK
out/fields/N64_case3_unet3d_w16_native32_interpolate.npz: OK
out/fields/N64_case4_cg_identity_rtol1e-02_rep0.npz: OK
out/fields/N64_case4_cg_identity_rtol1e-02_rep1.npz: OK
out/fields/N64_case4_cg_identity_rtol1e-02_rep2.npz: OK
out/fields/N64_case4_cg_identity_rtol1e-04_rep0.npz: OK
out/fields/N64_case4_cg_identity_rtol1e-04_rep1.npz: OK
out/fields/N64_case4_cg_identity_rtol1e-04_rep2.npz: OK
out/fields/N64_case4_cg_identity_rtol1e-06_rep0.npz: OK
out/fields/N64_case4_cg_identity_rtol1e-06_rep1.npz: OK
out/fields/N64_case4_cg_identity_rtol1e-06_rep2.npz: OK
out/fields/N64_case4_deeponet3d_r128_w16_podinit.npz: OK
out/fields/N64_case4_deeponet3d_r128_w16_podinit_native32_continuous_trunk.npz: OK
out/fields/N64_case4_deeponet3d_r128_w16_podinit_native32_interpolate.npz: OK
out/fields/N64_case4_dst_exact.npz: OK
out/fields/N64_case4_fno3d_w24_m8.npz: OK
out/fields/N64_case4_fno3d_w24_m8_native32_interpolate.npz: OK
out/fields/N64_case4_fno3d_w24_m8_physical_padding17.npz: OK
out/fields/N64_case4_linear_bank_galerkin.npz: OK
out/fields/N64_case4_linear_bank_weak_qR.npz: OK
out/fields/N64_case4_nmrom_K16_q0_dense.npz: OK
out/fields/N64_case4_nmrom_K16_q32_dense.npz: OK
out/fields/N64_case4_nmrom_K16_q96_dense.npz: OK
out/fields/N64_case4_pod112_galerkin.npz: OK
out/fields/N64_case4_pod112_native32_interpolated_basis_galerkin.npz: OK
out/fields/N64_case4_pod128_galerkin.npz: OK
out/fields/N64_case4_pod128_native32_interpolated_basis_galerkin.npz: OK
out/fields/N64_case4_pod16_galerkin.npz: OK
out/fields/N64_case4_pod16_native32_interpolated_basis_galerkin.npz: OK
out/fields/N64_case4_pod48_galerkin.npz: OK
out/fields/N64_case4_pod48_native32_interpolated_basis_galerkin.npz: OK
out/fields/N64_case4_reference.npz: OK
out/fields/N64_case4_transolver3d_w48_s32.npz: OK
out/fields/N64_case4_transolver3d_w48_s32_native32_interpolate.npz: OK
out/fields/N64_case4_unet3d_w16.npz: OK
out/fields/N64_case4_unet3d_w16_native32_interpolate.npz: OK
out/fields/N64_case5_cg_identity_rtol1e-02_rep0.npz: OK
out/fields/N64_case5_cg_identity_rtol1e-02_rep1.npz: OK
out/fields/N64_case5_cg_identity_rtol1e-02_rep2.npz: OK
out/fields/N64_case5_cg_identity_rtol1e-04_rep0.npz: OK
out/fields/N64_case5_cg_identity_rtol1e-04_rep1.npz: OK
out/fields/N64_case5_cg_identity_rtol1e-04_rep2.npz: OK
out/fields/N64_case5_cg_identity_rtol1e-06_rep0.npz: OK
out/fields/N64_case5_cg_identity_rtol1e-06_rep1.npz: OK
out/fields/N64_case5_cg_identity_rtol1e-06_rep2.npz: OK
out/fields/N64_case5_deeponet3d_r128_w16_podinit.npz: OK
out/fields/N64_case5_deeponet3d_r128_w16_podinit_native32_continuous_trunk.npz: OK
out/fields/N64_case5_deeponet3d_r128_w16_podinit_native32_interpolate.npz: OK
out/fields/N64_case5_dst_exact.npz: OK
out/fields/N64_case5_fno3d_w24_m8.npz: OK
out/fields/N64_case5_fno3d_w24_m8_native32_interpolate.npz: OK
out/fields/N64_case5_fno3d_w24_m8_physical_padding17.npz: OK
out/fields/N64_case5_linear_bank_galerkin.npz: OK
out/fields/N64_case5_linear_bank_weak_qR.npz: OK
out/fields/N64_case5_nmrom_K16_q0_dense.npz: OK
out/fields/N64_case5_nmrom_K16_q32_dense.npz: OK
out/fields/N64_case5_nmrom_K16_q96_dense.npz: OK
out/fields/N64_case5_pod112_galerkin.npz: OK
out/fields/N64_case5_pod112_native32_interpolated_basis_galerkin.npz: OK
out/fields/N64_case5_pod128_galerkin.npz: OK
out/fields/N64_case5_pod128_native32_interpolated_basis_galerkin.npz: OK
out/fields/N64_case5_pod16_galerkin.npz: OK
out/fields/N64_case5_pod16_native32_interpolated_basis_galerkin.npz: OK
out/fields/N64_case5_pod48_galerkin.npz: OK
out/fields/N64_case5_pod48_native32_interpolated_basis_galerkin.npz: OK
out/fields/N64_case5_reference.npz: OK
out/fields/N64_case5_transolver3d_w48_s32.npz: OK
out/fields/N64_case5_transolver3d_w48_s32_native32_interpolate.npz: OK
out/fields/N64_case5_unet3d_w16.npz: OK
out/fields/N64_case5_unet3d_w16_native32_interpolate.npz: OK
out/fields/N64_case6_cg_identity_rtol1e-02_rep0.npz: OK
out/fields/N64_case6_cg_identity_rtol1e-02_rep1.npz: OK
out/fields/N64_case6_cg_identity_rtol1e-02_rep2.npz: OK
out/fields/N64_case6_cg_identity_rtol1e-04_rep0.npz: OK
out/fields/N64_case6_cg_identity_rtol1e-04_rep1.npz: OK
out/fields/N64_case6_cg_identity_rtol1e-04_rep2.npz: OK
out/fields/N64_case6_cg_identity_rtol1e-06_rep0.npz: OK
out/fields/N64_case6_cg_identity_rtol1e-06_rep1.npz: OK
out/fields/N64_case6_cg_identity_rtol1e-06_rep2.npz: OK
out/fields/N64_case6_deeponet3d_r128_w16_podinit.npz: OK
out/fields/N64_case6_deeponet3d_r128_w16_podinit_native32_continuous_trunk.npz: OK
out/fields/N64_case6_deeponet3d_r128_w16_podinit_native32_interpolate.npz: OK
out/fields/N64_case6_dst_exact.npz: OK
out/fields/N64_case6_fno3d_w24_m8.npz: OK
out/fields/N64_case6_fno3d_w24_m8_native32_interpolate.npz: OK
out/fields/N64_case6_fno3d_w24_m8_physical_padding17.npz: OK
out/fields/N64_case6_linear_bank_galerkin.npz: OK
out/fields/N64_case6_linear_bank_weak_qR.npz: OK
out/fields/N64_case6_nmrom_K16_q0_dense.npz: OK
out/fields/N64_case6_nmrom_K16_q32_dense.npz: OK
out/fields/N64_case6_nmrom_K16_q96_dense.npz: OK
out/fields/N64_case6_pod112_galerkin.npz: OK
out/fields/N64_case6_pod112_native32_interpolated_basis_galerkin.npz: OK
out/fields/N64_case6_pod128_galerkin.npz: OK
out/fields/N64_case6_pod128_native32_interpolated_basis_galerkin.npz: OK
out/fields/N64_case6_pod16_galerkin.npz: OK
out/fields/N64_case6_pod16_native32_interpolated_basis_galerkin.npz: OK
out/fields/N64_case6_pod48_galerkin.npz: OK
out/fields/N64_case6_pod48_native32_interpolated_basis_galerkin.npz: OK
out/fields/N64_case6_reference.npz: OK
out/fields/N64_case6_transolver3d_w48_s32.npz: OK
out/fields/N64_case6_transolver3d_w48_s32_native32_interpolate.npz: OK
out/fields/N64_case6_unet3d_w16.npz: OK
out/fields/N64_case6_unet3d_w16_native32_interpolate.npz: OK
out/fields/N64_case7_cg_identity_rtol1e-02_rep0.npz: OK
out/fields/N64_case7_cg_identity_rtol1e-02_rep1.npz: OK
out/fields/N64_case7_cg_identity_rtol1e-02_rep2.npz: OK
out/fields/N64_case7_cg_identity_rtol1e-04_rep0.npz: OK
out/fields/N64_case7_cg_identity_rtol1e-04_rep1.npz: OK
out/fields/N64_case7_cg_identity_rtol1e-04_rep2.npz: OK
out/fields/N64_case7_cg_identity_rtol1e-06_rep0.npz: OK
out/fields/N64_case7_cg_identity_rtol1e-06_rep1.npz: OK
out/fields/N64_case7_cg_identity_rtol1e-06_rep2.npz: OK
out/fields/N64_case7_deeponet3d_r128_w16_podinit.npz: OK
out/fields/N64_case7_deeponet3d_r128_w16_podinit_native32_continuous_trunk.npz: OK
out/fields/N64_case7_deeponet3d_r128_w16_podinit_native32_interpolate.npz: OK
out/fields/N64_case7_dst_exact.npz: OK
out/fields/N64_case7_fno3d_w24_m8.npz: OK
out/fields/N64_case7_fno3d_w24_m8_native32_interpolate.npz: OK
out/fields/N64_case7_fno3d_w24_m8_physical_padding17.npz: OK
out/fields/N64_case7_linear_bank_galerkin.npz: OK
out/fields/N64_case7_linear_bank_weak_qR.npz: OK
out/fields/N64_case7_nmrom_K16_q0_dense.npz: OK
out/fields/N64_case7_nmrom_K16_q32_dense.npz: OK
out/fields/N64_case7_nmrom_K16_q96_dense.npz: OK
out/fields/N64_case7_pod112_galerkin.npz: OK
out/fields/N64_case7_pod112_native32_interpolated_basis_galerkin.npz: OK
out/fields/N64_case7_pod128_galerkin.npz: OK
out/fields/N64_case7_pod128_native32_interpolated_basis_galerkin.npz: OK
out/fields/N64_case7_pod16_galerkin.npz: OK
out/fields/N64_case7_pod16_native32_interpolated_basis_galerkin.npz: OK
out/fields/N64_case7_pod48_galerkin.npz: OK
out/fields/N64_case7_pod48_native32_interpolated_basis_galerkin.npz: OK
out/fields/N64_case7_reference.npz: OK
out/fields/N64_case7_transolver3d_w48_s32.npz: OK
out/fields/N64_case7_transolver3d_w48_s32_native32_interpolate.npz: OK
out/fields/N64_case7_unet3d_w16.npz: OK
out/fields/N64_case7_unet3d_w16_native32_interpolate.npz: OK
out/fields/N64_case8_cg_identity_rtol1e-02_rep0.npz: OK
out/fields/N64_case8_cg_identity_rtol1e-02_rep1.npz: OK
out/fields/N64_case8_cg_identity_rtol1e-02_rep2.npz: OK
out/fields/N64_case8_cg_identity_rtol1e-04_rep0.npz: OK
out/fields/N64_case8_cg_identity_rtol1e-04_rep1.npz: OK
out/fields/N64_case8_cg_identity_rtol1e-04_rep2.npz: OK
out/fields/N64_case8_cg_identity_rtol1e-06_rep0.npz: OK
out/fields/N64_case8_cg_identity_rtol1e-06_rep1.npz: OK
out/fields/N64_case8_cg_identity_rtol1e-06_rep2.npz: OK
out/fields/N64_case8_deeponet3d_r128_w16_podinit.npz: OK
out/fields/N64_case8_deeponet3d_r128_w16_podinit_native32_continuous_trunk.npz: OK
out/fields/N64_case8_deeponet3d_r128_w16_podinit_native32_interpolate.npz: OK
out/fields/N64_case8_dst_exact.npz: OK
out/fields/N64_case8_fno3d_w24_m8.npz: OK
out/fields/N64_case8_fno3d_w24_m8_native32_interpolate.npz: OK
out/fields/N64_case8_fno3d_w24_m8_physical_padding17.npz: OK
out/fields/N64_case8_linear_bank_galerkin.npz: OK
out/fields/N64_case8_linear_bank_weak_qR.npz: OK
out/fields/N64_case8_nmrom_K16_q0_dense.npz: OK
out/fields/N64_case8_nmrom_K16_q32_dense.npz: OK
out/fields/N64_case8_nmrom_K16_q96_dense.npz: OK
out/fields/N64_case8_pod112_galerkin.npz: OK
out/fields/N64_case8_pod112_native32_interpolated_basis_galerkin.npz: OK
out/fields/N64_case8_pod128_galerkin.npz: OK
out/fields/N64_case8_pod128_native32_interpolated_basis_galerkin.npz: OK
out/fields/N64_case8_pod16_galerkin.npz: OK
out/fields/N64_case8_pod16_native32_interpolated_basis_galerkin.npz: OK
out/fields/N64_case8_pod48_galerkin.npz: OK
out/fields/N64_case8_pod48_native32_interpolated_basis_galerkin.npz: OK
out/fields/N64_case8_reference.npz: OK
out/fields/N64_case8_transolver3d_w48_s32.npz: OK
out/fields/N64_case8_transolver3d_w48_s32_native32_interpolate.npz: OK
out/fields/N64_case8_unet3d_w16.npz: OK
out/fields/N64_case8_unet3d_w16_native32_interpolate.npz: OK
out/fields/N64_case9_cg_identity_rtol1e-02_rep0.npz: OK
out/fields/N64_case9_cg_identity_rtol1e-02_rep1.npz: OK
out/fields/N64_case9_cg_identity_rtol1e-02_rep2.npz: OK
out/fields/N64_case9_cg_identity_rtol1e-04_rep0.npz: OK
out/fields/N64_case9_cg_identity_rtol1e-04_rep1.npz: OK
out/fields/N64_case9_cg_identity_rtol1e-04_rep2.npz: OK
out/fields/N64_case9_cg_identity_rtol1e-06_rep0.npz: OK
out/fields/N64_case9_cg_identity_rtol1e-06_rep1.npz: OK
out/fields/N64_case9_cg_identity_rtol1e-06_rep2.npz: OK
out/fields/N64_case9_deeponet3d_r128_w16_podinit.npz: OK
out/fields/N64_case9_deeponet3d_r128_w16_podinit_native32_continuous_trunk.npz: OK
out/fields/N64_case9_deeponet3d_r128_w16_podinit_native32_interpolate.npz: OK
out/fields/N64_case9_dst_exact.npz: OK
out/fields/N64_case9_fno3d_w24_m8.npz: OK
out/fields/N64_case9_fno3d_w24_m8_native32_interpolate.npz: OK
out/fields/N64_case9_fno3d_w24_m8_physical_padding17.npz: OK
out/fields/N64_case9_linear_bank_galerkin.npz: OK
out/fields/N64_case9_linear_bank_weak_qR.npz: OK
out/fields/N64_case9_nmrom_K16_q0_dense.npz: OK
out/fields/N64_case9_nmrom_K16_q32_dense.npz: OK
out/fields/N64_case9_nmrom_K16_q96_dense.npz: OK
out/fields/N64_case9_pod112_galerkin.npz: OK
out/fields/N64_case9_pod112_native32_interpolated_basis_galerkin.npz: OK
out/fields/N64_case9_pod128_galerkin.npz: OK
out/fields/N64_case9_pod128_native32_interpolated_basis_galerkin.npz: OK
out/fields/N64_case9_pod16_galerkin.npz: OK
out/fields/N64_case9_pod16_native32_interpolated_basis_galerkin.npz: OK
out/fields/N64_case9_pod48_galerkin.npz: OK
out/fields/N64_case9_pod48_native32_interpolated_basis_galerkin.npz: OK
out/fields/N64_case9_reference.npz: OK
out/fields/N64_case9_transolver3d_w48_s32.npz: OK
out/fields/N64_case9_transolver3d_w48_s32_native32_interpolate.npz: OK
out/fields/N64_case9_unet3d_w16.npz: OK
out/fields/N64_case9_unet3d_w16_native32_interpolate.npz: OK
out/head_K16.pkl: OK
out/offline/pod_N32.json: OK
out/offline/pod_N32.npy: OK
out/offline/pod_N64.json: OK
out/offline/pod_N64.npy: OK
out/operators/deeponet3d_r128_w16_podinit/best.pkl: OK
out/operators/deeponet3d_r128_w16_podinit/curve.json: OK
out/operators/deeponet3d_r128_w16_podinit/latest.pkl: OK
out/operators/deeponet3d_r128_w16_podinit/pretraining/branch_curve.json: OK
out/operators/deeponet3d_r128_w16_podinit/pretraining/branch_latest.pkl: OK
out/operators/deeponet3d_r128_w16_podinit/pretraining/branch_teacher.npz: OK
out/operators/deeponet3d_r128_w16_podinit/pretraining/initialized.pkl: OK
out/operators/deeponet3d_r128_w16_podinit/pretraining/pretraining.json: OK
out/operators/deeponet3d_r128_w16_podinit/pretraining/random_initialization.pkl: OK
out/operators/deeponet3d_r128_w16_podinit/pretraining/training_teacher.npz: OK
out/operators/deeponet3d_r128_w16_podinit/pretraining/trunk_curve.json: OK
out/operators/deeponet3d_r128_w16_podinit/pretraining/trunk_latest.pkl: OK
out/operators/deeponet3d_r128_w16_podinit/pretraining/trunk_selected.pkl: OK
out/operators/deeponet3d_r128_w16_podinit/training.json: OK
out/operators/fno3d_w24_m8/best.pkl: OK
out/operators/fno3d_w24_m8/training.json: OK
out/operators/transolver3d_w48_s32/best.pkl: OK
out/operators/transolver3d_w48_s32/training.json: OK
out/operators/unet3d_w16/best.pkl: OK
out/operators/unet3d_w16/training.json: OK
out/result.json: OK
out/summary.json: OK
out/weak_setup_N32.npz: OK
out/weak_setup_N64.npz: OK
{
  "passed": true,
  "checked_fields": 896,
  "checked_references": 32,
  "checked_summary_rows": 44,
  "maximum_reference_relative_defect": 7.637563663211995e-16,
  "maximum_metric_absolute_defect": 2.220446049250313e-15,
  "maximum_forcing_relative_defect": 4.696364824938291e-17,
  "maximum_physical_reference_defect": 4.883482778704202e-16,
  "independently_regenerated_cohorts": true,
  "checked_physical_refinement_cases": 16,
  "complete_cohort_method_repetition_coverage": true,
  "limitation": "independent field/cohort/discrete and physical reference/aggregation audit; no independent retraining or global-optimality proof",
  "independent_cg_audit": {
    "passed": true,
    "checked_invocation_fields": 288,
    "independent_scipy_replays": 96,
    "failed_invocations": 0,
    "maximum_true_residual_absolute_defect": 1.3877787807814457e-17,
    "independent_saved_coefficient_history_replays": [
      {
        "field_relative_defect": 0.0,
        "maximum_history_pap_relative_defect": 7.826886387856481e-16
      },
      {
        "field_relative_defect": 0.0,
        "maximum_history_pap_relative_defect": 7.826886387856481e-16
      },
      {
        "field_relative_defect": 0.0,
        "maximum_history_pap_relative_defect": 6.928465449263197e-16
      },
      {
        "field_relative_defect": 0.0,
        "maximum_history_pap_relative_defect": 4.2267960340999855e-16
      },
      {
        "field_relative_defect": 0.0,
        "maximum_history_pap_relative_defect": 3.9989748770939485e-16
      },
      {
        "field_relative_defect": 0.0,
        "maximum_history_pap_relative_defect": 4.2267960340999855e-16
      },
      {
        "field_relative_defect": 0.0,
        "maximum_history_pap_relative_defect": 5.657734655522561e-16
      },
      {
        "field_relative_defect": 0.0,
        "maximum_history_pap_relative_defect": 5.657734655522561e-16
      },
      {
        "field_relative_defect": 0.0,
        "maximum_history_pap_relative_defect": 5.657734655522561e-16
      },
      {
        "field_relative_defect": 0.0,
        "maximum_history_pap_relative_defect": 5.043545468496887e-16
      },
      {
        "field_relative_defect": 0.0,
        "maximum_history_pap_relative_defect": 5.043545468496887e-16
      },
      {
        "field_relative_defect": 0.0,
        "maximum_history_pap_relative_defect": 4.034048202664744e-16
      },
      {
        "field_relative_defect": 0.0,
        "maximum_history_pap_relative_defect": 6.32494120236165e-16
      },
      {
        "field_relative_defect": 0.0,
        "maximum_history_pap_relative_defect": 6.32494120236165e-16
      },
      {
        "field_relative_defect": 0.0,
        "maximum_history_pap_relative_defect": 6.32494120236165e-16
      },
      {
        "field_relative_defect": 0.0,
        "maximum_history_pap_relative_defect": 4.878109402549183e-16
      },
      {
        "field_relative_defect": 0.0,
        "maximum_history_pap_relative_defect": 5.833308319326495e-16
      },
      {
        "field_relative_defect": 0.0,
        "maximum_history_pap_relative_defect": 5.833308319326495e-16
      },
      {
        "field_relative_defect": 0.0,
        "maximum_history_pap_relative_defect": 4.483598835114677e-16
      },
      {
        "field_relative_defect": 0.0,
        "maximum_history_pap_relative_defect": 4.483598835114677e-16
      },
      {
        "field_relative_defect": 0.0,
        "maximum_history_pap_relative_defect": 4.483598835114677e-16
      },
      {
        "field_relative_defect": 0.0,
        "maximum_history_pap_relative_defect": 6.141078630125196e-16
      },
      {
        "field_relative_defect": 0.0,
        "maximum_history_pap_relative_defect": 6.141078630125196e-16
      },
      {
        "field_relative_defect": 0.0,
        "maximum_history_pap_relative_defect": 6.141078630125196e-16
      },
      {
        "field_relative_defect": 0.0,
        "maximum_history_pap_relative_defect": 4.338768057055324e-16
      },
      {
        "field_relative_defect": 0.0,
        "maximum_history_pap_relative_defect": 4.859690398260365e-16
      },
      {
        "field_relative_defect": 0.0,
        "maximum_history_pap_relative_defect": 4.906070072035472e-16
      },
      {
        "field_relative_defect": 0.0,
        "maximum_history_pap_relative_defect": 4.985347625685593e-16
      },
      {
        "field_relative_defect": 0.0,
        "maximum_history_pap_relative_defect": 4.985347625685593e-16
      },
      {
        "field_relative_defect": 0.0,
        "maximum_history_pap_relative_defect": 6.333921869211217e-16
      },
      {
        "field_relative_defect": 0.0,
        "maximum_history_pap_relative_defect": 5.615910579095223e-16
      },
      {
        "field_relative_defect": 0.0,
        "maximum_history_pap_relative_defect": 5.615910579095223e-16
      },
      {
        "field_relative_defect": 0.0,
        "maximum_history_pap_relative_defect": 5.615910579095223e-16
      },
      {
        "field_relative_defect": 0.0,
        "maximum_history_pap_relative_defect": 5.816254894126712e-16
      },
      {
        "field_relative_defect": 0.0,
        "maximum_history_pap_relative_defect": 5.816254894126712e-16
      },
      {
        "field_relative_defect": 0.0,
        "maximum_history_pap_relative_defect": 5.816254894126712e-16
      },
      {
        "field_relative_defect": 0.0,
        "maximum_history_pap_relative_defect": 6.867843020266788e-16
      },
      {
        "field_relative_defect": 0.0,
        "maximum_history_pap_relative_defect": 6.867843020266788e-16
      },
      {
        "field_relative_defect": 0.0,
        "maximum_history_pap_relative_defect": 6.867843020266788e-16
      },
      {
        "field_relative_defect": 0.0,
        "maximum_history_pap_relative_defect": 7.217160767746731e-16
      },
      {
        "field_relative_defect": 0.0,
        "maximum_history_pap_relative_defect": 7.217160767746731e-16
      },
      {
        "field_relative_defect": 0.0,
        "maximum_history_pap_relative_defect": 7.217160767746731e-16
      },
      {
        "field_relative_defect": 0.0,
        "maximum_history_pap_relative_defect": 4.822822952987085e-16
      },
      {
        "field_relative_defect": 0.0,
        "maximum_history_pap_relative_defect": 4.822822952987085e-16
      },
      {
        "field_relative_defect": 0.0,
        "maximum_history_pap_relative_defect": 4.652409028274301e-16
      },
      {
        "field_relative_defect": 0.0,
        "maximum_history_pap_relative_defect": 9.964699684021703e-16
      },
      {
        "field_relative_defect": 0.0,
        "maximum_history_pap_relative_defect": 9.964699684021703e-16
      },
      {
        "field_relative_defect": 0.0,
        "maximum_history_pap_relative_defect": 9.964699684021703e-16
      },
      {
        "field_relative_defect": 0.0,
        "maximum_history_pap_relative_defect": 3.859542440879232e-15
      },
      {
        "field_relative_defect": 0.0,
        "maximum_history_pap_relative_defect": 3.859542440879232e-15
      },
      {
        "field_relative_defect": 0.0,
        "maximum_history_pap_relative_defect": 3.859542440879232e-15
      },
      {
        "field_relative_defect": 0.0,
        "maximum_history_pap_relative_defect": 2.2186302291915196e-15
      },
      {
        "field_relative_defect": 0.0,
        "maximum_history_pap_relative_defect": 2.2186302291915196e-15
      },
      {
        "field_relative_defect": 0.0,
        "maximum_history_pap_relative_defect": 2.2186302291915196e-15
      },
      {
        "field_relative_defect": 0.0,
        "maximum_history_pap_relative_defect": 1.5388120792208587e-15
      },
      {
        "field_relative_defect": 0.0,
        "maximum_history_pap_relative_defect": 1.5388120792208587e-15
      },
      {
        "field_relative_defect": 0.0,
        "maximum_history_pap_relative_defect": 1.5388120792208587e-15
      },
      {
        "field_relative_defect": 0.0,
        "maximum_history_pap_relative_defect": 2.4769550699175278e-15
      },
      {
        "field_relative_defect": 0.0,
        "maximum_history_pap_relative_defect": 2.4769550699175278e-15
      },
      {
        "field_relative_defect": 0.0,
        "maximum_history_pap_relative_defect": 2.4769550699175278e-15
      },
      {
        "field_relative_defect": 0.0,
        "maximum_history_pap_relative_defect": 1.6136541148529007e-15
      },
      {
        "field_relative_defect": 0.0,
        "maximum_history_pap_relative_defect": 1.4623401492253244e-15
      },
      {
        "field_relative_defect": 0.0,
        "maximum_history_pap_relative_defect": 1.4623401492253244e-15
      },
      {
        "field_relative_defect": 0.0,
        "maximum_history_pap_relative_defect": 1.8464320655855517e-15
      },
      {
        "field_relative_defect": 0.0,
        "maximum_history_pap_relative_defect": 1.8464320655855517e-15
      },
      {
        "field_relative_defect": 0.0,
        "maximum_history_pap_relative_defect": 1.8464320655855517e-15
      },
      {
        "field_relative_defect": 0.0,
        "maximum_history_pap_relative_defect": 1.9067605459330948e-15
      },
      {
        "field_relative_defect": 0.0,
        "maximum_history_pap_relative_defect": 1.9067605459330948e-15
      },
      {
        "field_relative_defect": 0.0,
        "maximum_history_pap_relative_defect": 1.9067605459330948e-15
      },
      {
        "field_relative_defect": 0.0,
        "maximum_history_pap_relative_defect": 1.870279525190308e-15
      },
      {
        "field_relative_defect": 0.0,
        "maximum_history_pap_relative_defect": 1.870279525190308e-15
      },
      {
        "field_relative_defect": 0.0,
        "maximum_history_pap_relative_defect": 1.870279525190308e-15
      },
      {
        "field_relative_defect": 0.0,
        "maximum_history_pap_relative_defect": 2.1606350082285987e-15
      },
      {
        "field_relative_defect": 0.0,
        "maximum_history_pap_relative_defect": 2.1606350082285987e-15
      },
      {
        "field_relative_defect": 0.0,
        "maximum_history_pap_relative_defect": 2.1606350082285987e-15
      },
      {
        "field_relative_defect": 0.0,
        "maximum_history_pap_relative_defect": 1.350108368410232e-15
      },
      {
        "field_relative_defect": 0.0,
        "maximum_history_pap_relative_defect": 1.603104572155111e-15
      },
      {
        "field_relative_defect": 0.0,
        "maximum_history_pap_relative_defect": 1.603104572155111e-15
      },
      {
        "field_relative_defect": 0.0,
        "maximum_history_pap_relative_defect": 2.341095495528031e-15
      },
      {
        "field_relative_defect": 0.0,
        "maximum_history_pap_relative_defect": 2.341095495528031e-15
      },
      {
        "field_relative_defect": 0.0,
        "maximum_history_pap_relative_defect": 2.341095495528031e-15
      },
      {
        "field_relative_defect": 0.0,
        "maximum_history_pap_relative_defect": 2.6171105681901996e-15
      },
      {
        "field_relative_defect": 0.0,
        "maximum_history_pap_relative_defect": 2.6171105681901996e-15
      },
      {
        "field_relative_defect": 0.0,
        "maximum_history_pap_relative_defect": 2.6171105681901996e-15
      },
      {
        "field_relative_defect": 0.0,
        "maximum_history_pap_relative_defect": 1.5657177909217656e-15
      },
      {
        "field_relative_defect": 0.0,
        "maximum_history_pap_relative_defect": 1.5657177909217656e-15
      },
      {
        "field_relative_defect": 0.0,
        "maximum_history_pap_relative_defect": 1.5657177909217656e-15
      },
      {
        "field_relative_defect": 0.0,
        "maximum_history_pap_relative_defect": 1.8255135736120924e-15
      },
      {
        "field_relative_defect": 0.0,
        "maximum_history_pap_relative_defect": 1.8255135736120924e-15
      },
      {
        "field_relative_defect": 0.0,
        "maximum_history_pap_relative_defect": 1.8255135736120924e-15
      },
      {
        "field_relative_defect": 0.0,
        "maximum_history_pap_relative_defect": 1.6069738400340112e-15
      },
      {
        "field_relative_defect": 0.0,
        "maximum_history_pap_relative_defect": 1.6069738400340112e-15
      },
      {
        "field_relative_defect": 0.0,
        "maximum_history_pap_relative_defect": 1.6069738400340112e-15
      },
      {
        "field_relative_defect": 0.0,
        "maximum_history_pap_relative_defect": 2.0951579492436416e-15
      },
      {
        "field_relative_defect": 0.0,
        "maximum_history_pap_relative_defect": 2.0951579492436416e-15
      },
      {
        "field_relative_defect": 0.0,
        "maximum_history_pap_relative_defect": 2.0951579492436416e-15
      }
    ],
    "scipy_comparisons": [
      {
        "intervals": 32,
        "case": 0,
        "method": "cg_identity_rtol1e-04",
        "iterations": 65,
        "saved_iterations": 65,
        "field_relative_difference": 2.718201867071934e-09,
        "spd_residual_difference_bound": 0.00034619469256298366
      },
      {
        "intervals": 32,
        "case": 0,
        "method": "cg_identity_rtol1e-06",
        "iterations": 87,
        "saved_iterations": 87,
        "field_relative_difference": 2.8249855196155106e-11,
        "spd_residual_difference_bound": 3.6215240905078614e-06
      },
      {
        "intervals": 32,
        "case": 0,
        "method": "cg_identity_rtol1e-02",
        "iterations": 37,
        "saved_iterations": 37,
        "field_relative_difference": 2.447477375004295e-07,
        "spd_residual_difference_bound": 0.03529892851145212
      },
      {
        "intervals": 32,
        "case": 1,
        "method": "cg_identity_rtol1e-06",
        "iterations": 82,
        "saved_iterations": 82,
        "field_relative_difference": 5.0096814641830003e-11,
        "spd_residual_difference_bound": 3.20875074468955e-06
      },
      {
        "intervals": 32,
        "case": 1,
        "method": "cg_identity_rtol1e-02",
        "iterations": 33,
        "saved_iterations": 33,
        "field_relative_difference": 5.417022730620418e-07,
        "spd_residual_difference_bound": 0.0302427274136798
      },
      {
        "intervals": 32,
        "case": 1,
        "method": "cg_identity_rtol1e-04",
        "iterations": 61,
        "saved_iterations": 61,
        "field_relative_difference": 5.8594415933864584e-09,
        "spd_residual_difference_bound": 0.00033981306096631913
      },
      {
        "intervals": 32,
        "case": 2,
        "method": "cg_identity_rtol1e-02",
        "iterations": 32,
        "saved_iterations": 32,
        "field_relative_difference": 2.559469134282415e-08,
        "spd_residual_difference_bound": 0.026237301452095615
      },
      {
        "intervals": 32,
        "case": 2,
        "method": "cg_identity_rtol1e-04",
        "iterations": 60,
        "saved_iterations": 60,
        "field_relative_difference": 4.959254361906446e-10,
        "spd_residual_difference_bound": 0.00023912488391016903
      },
      {
        "intervals": 32,
        "case": 2,
        "method": "cg_identity_rtol1e-06",
        "iterations": 81,
        "saved_iterations": 81,
        "field_relative_difference": 2.451729375844778e-12,
        "spd_residual_difference_bound": 2.5907487869992704e-06
      },
      {
        "intervals": 32,
        "case": 3,
        "method": "cg_identity_rtol1e-06",
        "iterations": 83,
        "saved_iterations": 83,
        "field_relative_difference": 5.2984112598824205e-11,
        "spd_residual_difference_bound": 2.9848351212685315e-06
      },
      {
        "intervals": 32,
        "case": 3,
        "method": "cg_identity_rtol1e-04",
        "iterations": 62,
        "saved_iterations": 62,
        "field_relative_difference": 5.850253217711169e-09,
        "spd_residual_difference_bound": 0.000332995917343995
      },
      {
        "intervals": 32,
        "case": 3,
        "method": "cg_identity_rtol1e-02",
        "iterations": 34,
        "saved_iterations": 34,
        "field_relative_difference": 6.498160286100084e-07,
        "spd_residual_difference_bound": 0.029964247389456942
      },
      {
        "intervals": 32,
        "case": 4,
        "method": "cg_identity_rtol1e-02",
        "iterations": 33,
        "saved_iterations": 33,
        "field_relative_difference": 1.9015526513456562e-07,
        "spd_residual_difference_bound": 0.03213141071676495
      },
      {
        "intervals": 32,
        "case": 4,
        "method": "cg_identity_rtol1e-04",
        "iterations": 62,
        "saved_iterations": 62,
        "field_relative_difference": 1.9683505705068843e-09,
        "spd_residual_difference_bound": 0.0002909849556110562
      },
      {
        "intervals": 32,
        "case": 4,
        "method": "cg_identity_rtol1e-06",
        "iterations": 82,
        "saved_iterations": 82,
        "field_relative_difference": 3.742022259310994e-11,
        "spd_residual_difference_bound": 2.968482363689471e-06
      },
      {
        "intervals": 32,
        "case": 5,
        "method": "cg_identity_rtol1e-02",
        "iterations": 36,
        "saved_iterations": 36,
        "field_relative_difference": 4.505711612468135e-09,
        "spd_residual_difference_bound": 0.02542846617837014
      },
      {
        "intervals": 32,
        "case": 5,
        "method": "cg_identity_rtol1e-04",
        "iterations": 64,
        "saved_iterations": 64,
        "field_relative_difference": 1.1415758409275248e-10,
        "spd_residual_difference_bound": 0.0002580806783257129
      },
      {
        "intervals": 32,
        "case": 5,
        "method": "cg_identity_rtol1e-06",
        "iterations": 85,
        "saved_iterations": 85,
        "field_relative_difference": 2.2738103924072196e-13,
        "spd_residual_difference_bound": 2.5302833525651653e-06
      },
      {
        "intervals": 32,
        "case": 6,
        "method": "cg_identity_rtol1e-04",
        "iterations": 64,
        "saved_iterations": 64,
        "field_relative_difference": 3.765462531354504e-10,
        "spd_residual_difference_bound": 0.00026486419473050626
      },
      {
        "intervals": 32,
        "case": 6,
        "method": "cg_identity_rtol1e-02",
        "iterations": 36,
        "saved_iterations": 36,
        "field_relative_difference": 8.926388030294828e-09,
        "spd_residual_difference_bound": 0.02669888024640883
      },
      {
        "intervals": 32,
        "case": 6,
        "method": "cg_identity_rtol1e-06",
        "iterations": 83,
        "saved_iterations": 83,
        "field_relative_difference": 9.111142481084263e-13,
        "spd_residual_difference_bound": 2.8570125443789084e-06
      },
      {
        "intervals": 32,
        "case": 7,
        "method": "cg_identity_rtol1e-04",
        "iterations": 62,
        "saved_iterations": 62,
        "field_relative_difference": 2.0944850252015954e-09,
        "spd_residual_difference_bound": 0.0003346667919610827
      },
      {
        "intervals": 32,
        "case": 7,
        "method": "cg_identity_rtol1e-06",
        "iterations": 82,
        "saved_iterations": 82,
        "field_relative_difference": 2.16749438757514e-11,
        "spd_residual_difference_bound": 3.3543208151485175e-06
      },
      {
        "intervals": 32,
        "case": 7,
        "method": "cg_identity_rtol1e-02",
        "iterations": 34,
        "saved_iterations": 34,
        "field_relative_difference": 2.1473739131543278e-07,
        "spd_residual_difference_bound": 0.03200969308896337
      },
      {
        "intervals": 32,
        "case": 8,
        "method": "cg_identity_rtol1e-02",
        "iterations": 36,
        "saved_iterations": 36,
        "field_relative_difference": 2.5351936707349955e-08,
        "spd_residual_difference_bound": 0.028702268253104412
      },
      {
        "intervals": 32,
        "case": 8,
        "method": "cg_identity_rtol1e-04",
        "iterations": 64,
        "saved_iterations": 64,
        "field_relative_difference": 4.3983916341391334e-10,
        "spd_residual_difference_bound": 0.00028967909089843883
      },
      {
        "intervals": 32,
        "case": 8,
        "method": "cg_identity_rtol1e-06",
        "iterations": 85,
        "saved_iterations": 85,
        "field_relative_difference": 9.926188251466856e-12,
        "spd_residual_difference_bound": 2.9561852553719624e-06
      },
      {
        "intervals": 32,
        "case": 9,
        "method": "cg_identity_rtol1e-02",
        "iterations": 33,
        "saved_iterations": 33,
        "field_relative_difference": 4.185989769407433e-08,
        "spd_residual_difference_bound": 0.027612792417450797
      },
      {
        "intervals": 32,
        "case": 9,
        "method": "cg_identity_rtol1e-04",
        "iterations": 62,
        "saved_iterations": 62,
        "field_relative_difference": 6.904809727316616e-10,
        "spd_residual_difference_bound": 0.00025793240620616836
      },
      {
        "intervals": 32,
        "case": 9,
        "method": "cg_identity_rtol1e-06",
        "iterations": 82,
        "saved_iterations": 82,
        "field_relative_difference": 3.967462625727302e-12,
        "spd_residual_difference_bound": 2.5308482707571627e-06
      },
      {
        "intervals": 32,
        "case": 10,
        "method": "cg_identity_rtol1e-04",
        "iterations": 64,
        "saved_iterations": 64,
        "field_relative_difference": 2.2131550403607464e-09,
        "spd_residual_difference_bound": 0.0003103684946209421
      },
      {
        "intervals": 32,
        "case": 10,
        "method": "cg_identity_rtol1e-02",
        "iterations": 35,
        "saved_iterations": 35,
        "field_relative_difference": 2.628541102895922e-07,
        "spd_residual_difference_bound": 0.03413905978884987
      },
      {
        "intervals": 32,
        "case": 10,
        "method": "cg_identity_rtol1e-06",
        "iterations": 84,
        "saved_iterations": 84,
        "field_relative_difference": 3.7633076986779336e-11,
        "spd_residual_difference_bound": 3.0456772486352882e-06
      },
      {
        "intervals": 32,
        "case": 11,
        "method": "cg_identity_rtol1e-06",
        "iterations": 83,
        "saved_iterations": 83,
        "field_relative_difference": 3.9434187124237054e-11,
        "spd_residual_difference_bound": 3.111849703634723e-06
      },
      {
        "intervals": 32,
        "case": 11,
        "method": "cg_identity_rtol1e-04",
        "iterations": 63,
        "saved_iterations": 63,
        "field_relative_difference": 4.329127116868072e-09,
        "spd_residual_difference_bound": 0.00033188692206441136
      },
      {
        "intervals": 32,
        "case": 11,
        "method": "cg_identity_rtol1e-02",
        "iterations": 34,
        "saved_iterations": 34,
        "field_relative_difference": 4.0156998406177386e-07,
        "spd_residual_difference_bound": 0.034544802630585986
      },
      {
        "intervals": 32,
        "case": 12,
        "method": "cg_identity_rtol1e-04",
        "iterations": 64,
        "saved_iterations": 64,
        "field_relative_difference": 2.5018539416774116e-09,
        "spd_residual_difference_bound": 0.0003349529305823575
      },
      {
        "intervals": 32,
        "case": 12,
        "method": "cg_identity_rtol1e-06",
        "iterations": 84,
        "saved_iterations": 84,
        "field_relative_difference": 5.27682677729208e-11,
        "spd_residual_difference_bound": 3.3505648848586752e-06
      },
      {
        "intervals": 32,
        "case": 12,
        "method": "cg_identity_rtol1e-02",
        "iterations": 36,
        "saved_iterations": 36,
        "field_relative_difference": 1.9603510192183524e-07,
        "spd_residual_difference_bound": 0.032319483262064325
      },
      {
        "intervals": 32,
        "case": 13,
        "method": "cg_identity_rtol1e-02",
        "iterations": 34,
        "saved_iterations": 34,
        "field_relative_difference": 2.6886306069084432e-08,
        "spd_residual_difference_bound": 0.02599508674802486
      },
      {
        "intervals": 32,
        "case": 13,
        "method": "cg_identity_rtol1e-06",
        "iterations": 82,
        "saved_iterations": 82,
        "field_relative_difference": 1.4753606559420068e-12,
        "spd_residual_difference_bound": 2.7175986908154007e-06
      },
      {
        "intervals": 32,
        "case": 13,
        "method": "cg_identity_rtol1e-04",
        "iterations": 62,
        "saved_iterations": 62,
        "field_relative_difference": 2.7283632154499007e-10,
        "spd_residual_difference_bound": 0.0002863140941053956
      },
      {
        "intervals": 32,
        "case": 14,
        "method": "cg_identity_rtol1e-06",
        "iterations": 86,
        "saved_iterations": 86,
        "field_relative_difference": 1.8280080697509797e-12,
        "spd_residual_difference_bound": 3.1147707250902114e-06
      },
      {
        "intervals": 32,
        "case": 14,
        "method": "cg_identity_rtol1e-04",
        "iterations": 64,
        "saved_iterations": 64,
        "field_relative_difference": 1.973881850553112e-10,
        "spd_residual_difference_bound": 0.0003115168859593175
      },
      {
        "intervals": 32,
        "case": 14,
        "method": "cg_identity_rtol1e-02",
        "iterations": 37,
        "saved_iterations": 37,
        "field_relative_difference": 1.4880319229916561e-08,
        "spd_residual_difference_bound": 0.028635951454737157
      },
      {
        "intervals": 32,
        "case": 15,
        "method": "cg_identity_rtol1e-02",
        "iterations": 33,
        "saved_iterations": 33,
        "field_relative_difference": 1.736354211883852e-07,
        "spd_residual_difference_bound": 0.028188481734988485
      },
      {
        "intervals": 32,
        "case": 15,
        "method": "cg_identity_rtol1e-04",
        "iterations": 62,
        "saved_iterations": 62,
        "field_relative_difference": 9.262348135714321e-10,
        "spd_residual_difference_bound": 0.0002558833496679128
      },
      {
        "intervals": 32,
        "case": 15,
        "method": "cg_identity_rtol1e-06",
        "iterations": 82,
        "saved_iterations": 82,
        "field_relative_difference": 5.768575526660843e-12,
        "spd_residual_difference_bound": 2.623213253588941e-06
      },
      {
        "intervals": 64,
        "case": 0,
        "method": "cg_identity_rtol1e-02",
        "iterations": 82,
        "saved_iterations": 82,
        "field_relative_difference": 3.6597968755586785e-08,
        "spd_residual_difference_bound": 0.03955557758141031
      },
      {
        "intervals": 64,
        "case": 0,
        "method": "cg_identity_rtol1e-04",
        "iterations": 137,
        "saved_iterations": 137,
        "field_relative_difference": 3.8230430091325004e-10,
        "spd_residual_difference_bound": 0.00039212660952029255
      },
      {
        "intervals": 64,
        "case": 0,
        "method": "cg_identity_rtol1e-06",
        "iterations": 183,
        "saved_iterations": 183,
        "field_relative_difference": 3.649244411579161e-12,
        "spd_residual_difference_bound": 3.829950640570389e-06
      },
      {
        "intervals": 64,
        "case": 1,
        "method": "cg_identity_rtol1e-04",
        "iterations": 132,
        "saved_iterations": 132,
        "field_relative_difference": 3.7185162840800957e-10,
        "spd_residual_difference_bound": 0.00032532138445598083
      },
      {
        "intervals": 64,
        "case": 1,
        "method": "cg_identity_rtol1e-02",
        "iterations": 74,
        "saved_iterations": 74,
        "field_relative_difference": 8.516311017563359e-08,
        "spd_residual_difference_bound": 0.034959704631860114
      },
      {
        "intervals": 64,
        "case": 1,
        "method": "cg_identity_rtol1e-06",
        "iterations": 172,
        "saved_iterations": 172,
        "field_relative_difference": 3.797839001823684e-12,
        "spd_residual_difference_bound": 3.2821611607901435e-06
      },
      {
        "intervals": 64,
        "case": 2,
        "method": "cg_identity_rtol1e-02",
        "iterations": 74,
        "saved_iterations": 74,
        "field_relative_difference": 7.205490514194411e-09,
        "spd_residual_difference_bound": 0.026114439864370478
      },
      {
        "intervals": 64,
        "case": 2,
        "method": "cg_identity_rtol1e-06",
        "iterations": 170,
        "saved_iterations": 170,
        "field_relative_difference": 7.51682242234303e-13,
        "spd_residual_difference_bound": 2.4264288912579423e-06
      },
      {
        "intervals": 64,
        "case": 2,
        "method": "cg_identity_rtol1e-04",
        "iterations": 128,
        "saved_iterations": 128,
        "field_relative_difference": 7.631871765572032e-11,
        "spd_residual_difference_bound": 0.0002663659965713811
      },
      {
        "intervals": 64,
        "case": 3,
        "method": "cg_identity_rtol1e-04",
        "iterations": 133,
        "saved_iterations": 133,
        "field_relative_difference": 4.853595783285457e-10,
        "spd_residual_difference_bound": 0.00033269278777985485
      },
      {
        "intervals": 64,
        "case": 3,
        "method": "cg_identity_rtol1e-06",
        "iterations": 174,
        "saved_iterations": 174,
        "field_relative_difference": 4.364366293362296e-12,
        "spd_residual_difference_bound": 3.301990532726625e-06
      },
      {
        "intervals": 64,
        "case": 3,
        "method": "cg_identity_rtol1e-02",
        "iterations": 77,
        "saved_iterations": 77,
        "field_relative_difference": 3.296183240813855e-08,
        "spd_residual_difference_bound": 0.03379251108471264
      },
      {
        "intervals": 64,
        "case": 4,
        "method": "cg_identity_rtol1e-06",
        "iterations": 172,
        "saved_iterations": 172,
        "field_relative_difference": 2.744012194970342e-12,
        "spd_residual_difference_bound": 3.196227579092505e-06
      },
      {
        "intervals": 64,
        "case": 4,
        "method": "cg_identity_rtol1e-04",
        "iterations": 133,
        "saved_iterations": 133,
        "field_relative_difference": 2.6216192138318513e-10,
        "spd_residual_difference_bound": 0.0002956978606529554
      },
      {
        "intervals": 64,
        "case": 4,
        "method": "cg_identity_rtol1e-02",
        "iterations": 77,
        "saved_iterations": 77,
        "field_relative_difference": 2.5847277443175763e-08,
        "spd_residual_difference_bound": 0.030412401757873474
      },
      {
        "intervals": 64,
        "case": 5,
        "method": "cg_identity_rtol1e-04",
        "iterations": 134,
        "saved_iterations": 134,
        "field_relative_difference": 5.3608266139756304e-11,
        "spd_residual_difference_bound": 0.00028894769302472887
      },
      {
        "intervals": 64,
        "case": 5,
        "method": "cg_identity_rtol1e-02",
        "iterations": 80,
        "saved_iterations": 80,
        "field_relative_difference": 4.70287304589127e-09,
        "spd_residual_difference_bound": 0.02691637296721821
      },
      {
        "intervals": 64,
        "case": 5,
        "method": "cg_identity_rtol1e-06",
        "iterations": 177,
        "saved_iterations": 177,
        "field_relative_difference": 5.396616868479598e-13,
        "spd_residual_difference_bound": 2.7246739305926758e-06
      },
      {
        "intervals": 64,
        "case": 6,
        "method": "cg_identity_rtol1e-06",
        "iterations": 174,
        "saved_iterations": 174,
        "field_relative_difference": 5.782079077400954e-13,
        "spd_residual_difference_bound": 2.7075260365381267e-06
      },
      {
        "intervals": 64,
        "case": 6,
        "method": "cg_identity_rtol1e-02",
        "iterations": 80,
        "saved_iterations": 80,
        "field_relative_difference": 5.906647135317627e-09,
        "spd_residual_difference_bound": 0.02840797596524457
      },
      {
        "intervals": 64,
        "case": 6,
        "method": "cg_identity_rtol1e-04",
        "iterations": 135,
        "saved_iterations": 135,
        "field_relative_difference": 4.5114596313584736e-11,
        "spd_residual_difference_bound": 0.00023880928423018768
      },
      {
        "intervals": 64,
        "case": 7,
        "method": "cg_identity_rtol1e-06",
        "iterations": 173,
        "saved_iterations": 173,
        "field_relative_difference": 2.6818834232862937e-12,
        "spd_residual_difference_bound": 3.324949511473135e-06
      },
      {
        "intervals": 64,
        "case": 7,
        "method": "cg_identity_rtol1e-02",
        "iterations": 78,
        "saved_iterations": 78,
        "field_relative_difference": 2.4328074130359232e-08,
        "spd_residual_difference_bound": 0.03330554057531416
      },
      {
        "intervals": 64,
        "case": 7,
        "method": "cg_identity_rtol1e-04",
        "iterations": 134,
        "saved_iterations": 134,
        "field_relative_difference": 2.3218335039216217e-10,
        "spd_residual_difference_bound": 0.0003054128669951681
      },
      {
        "intervals": 64,
        "case": 8,
        "method": "cg_identity_rtol1e-02",
        "iterations": 81,
        "saved_iterations": 81,
        "field_relative_difference": 1.32854961883522e-08,
        "spd_residual_difference_bound": 0.029239833650902044
      },
      {
        "intervals": 64,
        "case": 8,
        "method": "cg_identity_rtol1e-04",
        "iterations": 135,
        "saved_iterations": 135,
        "field_relative_difference": 1.521219539400916e-10,
        "spd_residual_difference_bound": 0.00031399713289142887
      },
      {
        "intervals": 64,
        "case": 8,
        "method": "cg_identity_rtol1e-06",
        "iterations": 178,
        "saved_iterations": 178,
        "field_relative_difference": 1.5476688430474368e-12,
        "spd_residual_difference_bound": 3.1909732413144066e-06
      },
      {
        "intervals": 64,
        "case": 9,
        "method": "cg_identity_rtol1e-02",
        "iterations": 76,
        "saved_iterations": 76,
        "field_relative_difference": 2.0341945080123338e-08,
        "spd_residual_difference_bound": 0.026505437549033443
      },
      {
        "intervals": 64,
        "case": 9,
        "method": "cg_identity_rtol1e-06",
        "iterations": 171,
        "saved_iterations": 171,
        "field_relative_difference": 2.5705096325111036e-12,
        "spd_residual_difference_bound": 2.6724421036361425e-06
      },
      {
        "intervals": 64,
        "case": 9,
        "method": "cg_identity_rtol1e-04",
        "iterations": 131,
        "saved_iterations": 131,
        "field_relative_difference": 1.5053104735525534e-10,
        "spd_residual_difference_bound": 0.0002463460337395639
      },
      {
        "intervals": 64,
        "case": 10,
        "method": "cg_identity_rtol1e-04",
        "iterations": 136,
        "saved_iterations": 136,
        "field_relative_difference": 3.1928138491101483e-10,
        "spd_residual_difference_bound": 0.0003390292828839487
      },
      {
        "intervals": 64,
        "case": 10,
        "method": "cg_identity_rtol1e-02",
        "iterations": 81,
        "saved_iterations": 81,
        "field_relative_difference": 2.8874835763287524e-08,
        "spd_residual_difference_bound": 0.032325277061535936
      },
      {
        "intervals": 64,
        "case": 10,
        "method": "cg_identity_rtol1e-06",
        "iterations": 176,
        "saved_iterations": 176,
        "field_relative_difference": 3.135501367329461e-12,
        "spd_residual_difference_bound": 3.3802231754283985e-06
      },
      {
        "intervals": 64,
        "case": 11,
        "method": "cg_identity_rtol1e-02",
        "iterations": 79,
        "saved_iterations": 79,
        "field_relative_difference": 3.924562910535097e-08,
        "spd_residual_difference_bound": 0.03533491945018686
      },
      {
        "intervals": 64,
        "case": 11,
        "method": "cg_identity_rtol1e-06",
        "iterations": 174,
        "saved_iterations": 174,
        "field_relative_difference": 3.9674244846056815e-12,
        "spd_residual_difference_bound": 3.505038517465583e-06
      },
      {
        "intervals": 64,
        "case": 11,
        "method": "cg_identity_rtol1e-04",
        "iterations": 135,
        "saved_iterations": 135,
        "field_relative_difference": 3.8718015058862027e-10,
        "spd_residual_difference_bound": 0.0003431660140732586
      },
      {
        "intervals": 64,
        "case": 12,
        "method": "cg_identity_rtol1e-02",
        "iterations": 81,
        "saved_iterations": 81,
        "field_relative_difference": 3.282601181699695e-08,
        "spd_residual_difference_bound": 0.03489518946318384
      },
      {
        "intervals": 64,
        "case": 12,
        "method": "cg_identity_rtol1e-06",
        "iterations": 177,
        "saved_iterations": 177,
        "field_relative_difference": 3.4855019951176504e-12,
        "spd_residual_difference_bound": 3.5787648346823702e-06
      },
      {
        "intervals": 64,
        "case": 12,
        "method": "cg_identity_rtol1e-04",
        "iterations": 136,
        "saved_iterations": 136,
        "field_relative_difference": 3.7984943963235443e-10,
        "spd_residual_difference_bound": 0.00036161402999237416
      },
      {
        "intervals": 64,
        "case": 13,
        "method": "cg_identity_rtol1e-06",
        "iterations": 171,
        "saved_iterations": 171,
        "field_relative_difference": 1.0729772091594343e-12,
        "spd_residual_difference_bound": 2.8907299662949697e-06
      },
      {
        "intervals": 64,
        "case": 13,
        "method": "cg_identity_rtol1e-02",
        "iterations": 76,
        "saved_iterations": 76,
        "field_relative_difference": 8.476690381123068e-09,
        "spd_residual_difference_bound": 0.028253431483226253
      },
      {
        "intervals": 64,
        "case": 13,
        "method": "cg_identity_rtol1e-04",
        "iterations": 131,
        "saved_iterations": 131,
        "field_relative_difference": 1.0071774683332063e-10,
        "spd_residual_difference_bound": 0.00027364235273241694
      },
      {
        "intervals": 64,
        "case": 14,
        "method": "cg_identity_rtol1e-06",
        "iterations": 180,
        "saved_iterations": 180,
        "field_relative_difference": 1.7059079605839134e-12,
        "spd_residual_difference_bound": 3.100787730640238e-06
      },
      {
        "intervals": 64,
        "case": 14,
        "method": "cg_identity_rtol1e-02",
        "iterations": 82,
        "saved_iterations": 82,
        "field_relative_difference": 4.772183159411073e-08,
        "spd_residual_difference_bound": 0.030827284843205523
      },
      {
        "intervals": 64,
        "case": 14,
        "method": "cg_identity_rtol1e-04",
        "iterations": 136,
        "saved_iterations": 136,
        "field_relative_difference": 9.35808993717647e-10,
        "spd_residual_difference_bound": 0.0003122582464465941
      },
      {
        "intervals": 64,
        "case": 15,
        "method": "cg_identity_rtol1e-04",
        "iterations": 131,
        "saved_iterations": 131,
        "field_relative_difference": 2.1124925702102432e-10,
        "spd_residual_difference_bound": 0.0002742776846381852
      },
      {
        "intervals": 64,
        "case": 15,
        "method": "cg_identity_rtol1e-02",
        "iterations": 76,
        "saved_iterations": 76,
        "field_relative_difference": 1.4051653263426903e-08,
        "spd_residual_difference_bound": 0.0285028439931663
      },
      {
        "intervals": 64,
        "case": 15,
        "method": "cg_identity_rtol1e-06",
        "iterations": 171,
        "saved_iterations": 171,
        "field_relative_difference": 5.390971900832245e-12,
        "spd_residual_difference_bound": 2.8877957775870937e-06
      }
    ],
    "iteration_scope": "Every saved CG coefficient/recurrence trajectory independently replayed for repetition zero; SciPy tolerance-stopped solutions may follow a different finite-precision trajectory and are checked against the SPD residual bound.",
    "preconditioner": "identity; constant diagonal Jacobi changes only scaling for this constant-coefficient stencil"
  },
  "independent_weak_state_audit": {
    "passed": true,
    "checked_states": 96,
    "checked_meshes": 2,
    "maximum": {
      "bank_node_defect": 3.8926682477558344e-13,
      "weak_operator_defect": 1.0194480564709197e-15,
      "field_relative_defect": 4.0488431184956604e-16,
      "coefficient_relative_defect": 1.2611675480973483e-15,
      "full_gradient_absolute_defect": 1.2891543672189932e-16,
      "eliminated_gradient_absolute_defect": 4.586133367361913e-16
    },
    "scope": "Independent analytic NumPy head/Jacobian, full-field coefficient reconstruction, sampled bank-coordinate identity and SciPy sine-transform weak operator/gradient; no global optimality claim."
  },
  "independent_pretraining_audit": {
    "passed": true,
    "recipes": [
      {
        "name": "deeponet3d_r128_w16_podinit",
        "passed": true,
        "training_cases": 512,
        "orthogonality": 3.613027548254877e-07,
        "weighted_pod_eigen_residual": 5.433568107962923e-12,
        "gram_relative_defect": 6.442363948179501e-16,
        "least_squares_normal_defect": 1.451807059143641e-15,
        "physical_metric_identity_defect": 0.0,
        "teacher_projection_worst": 0.00012646047461207382,
        "learned_trunk_projection_worst": 0.013389224907155176
      }
    ],
    "reused_pretraining_records": [],
    "scope": "Fresh recipes: independent regenerated training solutions, weighted POD eigenspace, learned-trunk least squares and physical coefficient metric. Reused recipes: exact prior-checkpoint/source-result provenance only. No retraining or global convergence claim."
  },
  "independent_frozen_pod_audit": {
    "passed": true,
    "checks": [
      {
        "intervals": 32,
        "method": "pod16_galerkin",
        "case": 0,
        "relative_field_difference": 1.5614170049079488e-15
      },
      {
        "intervals": 32,
        "method": "pod48_galerkin",
        "case": 0,
        "relative_field_difference": 1.0980546940140771e-14
      },
      {
        "intervals": 32,
        "method": "pod112_galerkin",
        "case": 0,
        "relative_field_difference": 1.1161506762298726e-14
      },
      {
        "intervals": 32,
        "method": "pod128_galerkin",
        "case": 0,
        "relative_field_difference": 1.1539219107959022e-14
      },
      {
        "intervals": 64,
        "method": "pod16_galerkin",
        "case": 0,
        "relative_field_difference": 6.942716780441191e-15
      },
      {
        "intervals": 64,
        "method": "pod48_galerkin",
        "case": 0,
        "relative_field_difference": 1.361442823373208e-13
      },
      {
        "intervals": 64,
        "method": "pod112_galerkin",
        "case": 0,
        "relative_field_difference": 1.372985456797516e-13
      },
      {
        "intervals": 64,
        "method": "pod128_galerkin",
        "case": 0,
        "relative_field_difference": 1.3780634090656642e-13
      },
      {
        "intervals": 64,
        "method": "pod16_native32_interpolated_basis_galerkin",
        "case": 0,
        "relative_field_difference": 5.672508277164123e-15
      },
      {
        "intervals": 64,
        "method": "pod48_native32_interpolated_basis_galerkin",
        "case": 0,
        "relative_field_difference": 1.4024859434917891e-13
      },
      {
        "intervals": 64,
        "method": "pod112_native32_interpolated_basis_galerkin",
        "case": 0,
        "relative_field_difference": 1.42279952938211e-13
      },
      {
        "intervals": 64,
        "method": "pod128_native32_interpolated_basis_galerkin",
        "case": 0,
        "relative_field_difference": 1.4224253048823252e-13
      }
    ],
    "basis_orthogonality": [
      {
        "intervals": 32,
        "maximum_gram_defect": 9.571803059014327e-08
      },
      {
        "intervals": 64,
        "maximum_gram_defect": 3.010753800872898e-08
      }
    ],
    "tolerance": 1e-08,
    "final_assets_frozen": false,
    "scope": "One saved field per POD method/mesh reconstructed through independent finite-difference Galerkin algebra; transferred bases use SciPy interpolation. All saved fields separately receive reference/error/hash audits."
  }
}
out/bank.pkl: OK
out/cohorts.json: OK
out/fields/N32_case0_cg_identity_rtol1e-02_rep0.npz: OK
out/fields/N32_case0_cg_identity_rtol1e-02_rep1.npz: OK
out/fields/N32_case0_cg_identity_rtol1e-02_rep2.npz: OK
out/fields/N32_case0_cg_identity_rtol1e-04_rep0.npz: OK
out/fields/N32_case0_cg_identity_rtol1e-04_rep1.npz: OK
out/fields/N32_case0_cg_identity_rtol1e-04_rep2.npz: OK
out/fields/N32_case0_cg_identity_rtol1e-06_rep0.npz: OK
out/fields/N32_case0_cg_identity_rtol1e-06_rep1.npz: OK
out/fields/N32_case0_cg_identity_rtol1e-06_rep2.npz: OK
out/fields/N32_case0_deeponet3d_r128_w16_podinit.npz: OK
out/fields/N32_case0_dst_exact.npz: OK
out/fields/N32_case0_fno3d_w24_m8.npz: OK
out/fields/N32_case0_linear_bank_galerkin.npz: OK
out/fields/N32_case0_linear_bank_weak_qR.npz: OK
out/fields/N32_case0_nmrom_K16_q0_dense.npz: OK
out/fields/N32_case0_nmrom_K16_q32_dense.npz: OK
out/fields/N32_case0_nmrom_K16_q96_dense.npz: OK
out/fields/N32_case0_pod112_galerkin.npz: OK
out/fields/N32_case0_pod128_galerkin.npz: OK
out/fields/N32_case0_pod16_galerkin.npz: OK
out/fields/N32_case0_pod48_galerkin.npz: OK
out/fields/N32_case0_reference.npz: OK
out/fields/N32_case0_transolver3d_w48_s32.npz: OK
out/fields/N32_case0_unet3d_w16.npz: OK
out/fields/N32_case10_cg_identity_rtol1e-02_rep0.npz: OK
out/fields/N32_case10_cg_identity_rtol1e-02_rep1.npz: OK
out/fields/N32_case10_cg_identity_rtol1e-02_rep2.npz: OK
out/fields/N32_case10_cg_identity_rtol1e-04_rep0.npz: OK
out/fields/N32_case10_cg_identity_rtol1e-04_rep1.npz: OK
out/fields/N32_case10_cg_identity_rtol1e-04_rep2.npz: OK
out/fields/N32_case10_cg_identity_rtol1e-06_rep0.npz: OK
out/fields/N32_case10_cg_identity_rtol1e-06_rep1.npz: OK
out/fields/N32_case10_cg_identity_rtol1e-06_rep2.npz: OK
out/fields/N32_case10_deeponet3d_r128_w16_podinit.npz: OK
out/fields/N32_case10_dst_exact.npz: OK
out/fields/N32_case10_fno3d_w24_m8.npz: OK
out/fields/N32_case10_linear_bank_galerkin.npz: OK
out/fields/N32_case10_linear_bank_weak_qR.npz: OK
out/fields/N32_case10_nmrom_K16_q0_dense.npz: OK
out/fields/N32_case10_nmrom_K16_q32_dense.npz: OK
out/fields/N32_case10_nmrom_K16_q96_dense.npz: OK
out/fields/N32_case10_pod112_galerkin.npz: OK
out/fields/N32_case10_pod128_galerkin.npz: OK
out/fields/N32_case10_pod16_galerkin.npz: OK
out/fields/N32_case10_pod48_galerkin.npz: OK
out/fields/N32_case10_reference.npz: OK
out/fields/N32_case10_transolver3d_w48_s32.npz: OK
out/fields/N32_case10_unet3d_w16.npz: OK
out/fields/N32_case11_cg_identity_rtol1e-02_rep0.npz: OK
out/fields/N32_case11_cg_identity_rtol1e-02_rep1.npz: OK
out/fields/N32_case11_cg_identity_rtol1e-02_rep2.npz: OK
out/fields/N32_case11_cg_identity_rtol1e-04_rep0.npz: OK
out/fields/N32_case11_cg_identity_rtol1e-04_rep1.npz: OK
out/fields/N32_case11_cg_identity_rtol1e-04_rep2.npz: OK
out/fields/N32_case11_cg_identity_rtol1e-06_rep0.npz: OK
out/fields/N32_case11_cg_identity_rtol1e-06_rep1.npz: OK
out/fields/N32_case11_cg_identity_rtol1e-06_rep2.npz: OK
out/fields/N32_case11_deeponet3d_r128_w16_podinit.npz: OK
out/fields/N32_case11_dst_exact.npz: OK
out/fields/N32_case11_fno3d_w24_m8.npz: OK
out/fields/N32_case11_linear_bank_galerkin.npz: OK
out/fields/N32_case11_linear_bank_weak_qR.npz: OK
out/fields/N32_case11_nmrom_K16_q0_dense.npz: OK
out/fields/N32_case11_nmrom_K16_q32_dense.npz: OK
out/fields/N32_case11_nmrom_K16_q96_dense.npz: OK
out/fields/N32_case11_pod112_galerkin.npz: OK
out/fields/N32_case11_pod128_galerkin.npz: OK
out/fields/N32_case11_pod16_galerkin.npz: OK
out/fields/N32_case11_pod48_galerkin.npz: OK
out/fields/N32_case11_reference.npz: OK
out/fields/N32_case11_transolver3d_w48_s32.npz: OK
out/fields/N32_case11_unet3d_w16.npz: OK
out/fields/N32_case12_cg_identity_rtol1e-02_rep0.npz: OK
out/fields/N32_case12_cg_identity_rtol1e-02_rep1.npz: OK
out/fields/N32_case12_cg_identity_rtol1e-02_rep2.npz: OK
out/fields/N32_case12_cg_identity_rtol1e-04_rep0.npz: OK
out/fields/N32_case12_cg_identity_rtol1e-04_rep1.npz: OK
out/fields/N32_case12_cg_identity_rtol1e-04_rep2.npz: OK
out/fields/N32_case12_cg_identity_rtol1e-06_rep0.npz: OK
out/fields/N32_case12_cg_identity_rtol1e-06_rep1.npz: OK
out/fields/N32_case12_cg_identity_rtol1e-06_rep2.npz: OK
out/fields/N32_case12_deeponet3d_r128_w16_podinit.npz: OK
out/fields/N32_case12_dst_exact.npz: OK
out/fields/N32_case12_fno3d_w24_m8.npz: OK
out/fields/N32_case12_linear_bank_galerkin.npz: OK
out/fields/N32_case12_linear_bank_weak_qR.npz: OK
out/fields/N32_case12_nmrom_K16_q0_dense.npz: OK
out/fields/N32_case12_nmrom_K16_q32_dense.npz: OK
out/fields/N32_case12_nmrom_K16_q96_dense.npz: OK
out/fields/N32_case12_pod112_galerkin.npz: OK
out/fields/N32_case12_pod128_galerkin.npz: OK
out/fields/N32_case12_pod16_galerkin.npz: OK
out/fields/N32_case12_pod48_galerkin.npz: OK
out/fields/N32_case12_reference.npz: OK
out/fields/N32_case12_transolver3d_w48_s32.npz: OK
out/fields/N32_case12_unet3d_w16.npz: OK
out/fields/N32_case13_cg_identity_rtol1e-02_rep0.npz: OK
out/fields/N32_case13_cg_identity_rtol1e-02_rep1.npz: OK
out/fields/N32_case13_cg_identity_rtol1e-02_rep2.npz: OK
out/fields/N32_case13_cg_identity_rtol1e-04_rep0.npz: OK
out/fields/N32_case13_cg_identity_rtol1e-04_rep1.npz: OK
out/fields/N32_case13_cg_identity_rtol1e-04_rep2.npz: OK
out/fields/N32_case13_cg_identity_rtol1e-06_rep0.npz: OK
out/fields/N32_case13_cg_identity_rtol1e-06_rep1.npz: OK
out/fields/N32_case13_cg_identity_rtol1e-06_rep2.npz: OK
out/fields/N32_case13_deeponet3d_r128_w16_podinit.npz: OK
out/fields/N32_case13_dst_exact.npz: OK
out/fields/N32_case13_fno3d_w24_m8.npz: OK
out/fields/N32_case13_linear_bank_galerkin.npz: OK
out/fields/N32_case13_linear_bank_weak_qR.npz: OK
out/fields/N32_case13_nmrom_K16_q0_dense.npz: OK
out/fields/N32_case13_nmrom_K16_q32_dense.npz: OK
out/fields/N32_case13_nmrom_K16_q96_dense.npz: OK
out/fields/N32_case13_pod112_galerkin.npz: OK
out/fields/N32_case13_pod128_galerkin.npz: OK
out/fields/N32_case13_pod16_galerkin.npz: OK
out/fields/N32_case13_pod48_galerkin.npz: OK
out/fields/N32_case13_reference.npz: OK
out/fields/N32_case13_transolver3d_w48_s32.npz: OK
out/fields/N32_case13_unet3d_w16.npz: OK
out/fields/N32_case14_cg_identity_rtol1e-02_rep0.npz: OK
out/fields/N32_case14_cg_identity_rtol1e-02_rep1.npz: OK
out/fields/N32_case14_cg_identity_rtol1e-02_rep2.npz: OK
out/fields/N32_case14_cg_identity_rtol1e-04_rep0.npz: OK
out/fields/N32_case14_cg_identity_rtol1e-04_rep1.npz: OK
out/fields/N32_case14_cg_identity_rtol1e-04_rep2.npz: OK
out/fields/N32_case14_cg_identity_rtol1e-06_rep0.npz: OK
out/fields/N32_case14_cg_identity_rtol1e-06_rep1.npz: OK
out/fields/N32_case14_cg_identity_rtol1e-06_rep2.npz: OK
out/fields/N32_case14_deeponet3d_r128_w16_podinit.npz: OK
out/fields/N32_case14_dst_exact.npz: OK
out/fields/N32_case14_fno3d_w24_m8.npz: OK
out/fields/N32_case14_linear_bank_galerkin.npz: OK
out/fields/N32_case14_linear_bank_weak_qR.npz: OK
out/fields/N32_case14_nmrom_K16_q0_dense.npz: OK
out/fields/N32_case14_nmrom_K16_q32_dense.npz: OK
out/fields/N32_case14_nmrom_K16_q96_dense.npz: OK
out/fields/N32_case14_pod112_galerkin.npz: OK
out/fields/N32_case14_pod128_galerkin.npz: OK
out/fields/N32_case14_pod16_galerkin.npz: OK
out/fields/N32_case14_pod48_galerkin.npz: OK
out/fields/N32_case14_reference.npz: OK
out/fields/N32_case14_transolver3d_w48_s32.npz: OK
out/fields/N32_case14_unet3d_w16.npz: OK
out/fields/N32_case15_cg_identity_rtol1e-02_rep0.npz: OK
out/fields/N32_case15_cg_identity_rtol1e-02_rep1.npz: OK
out/fields/N32_case15_cg_identity_rtol1e-02_rep2.npz: OK
out/fields/N32_case15_cg_identity_rtol1e-04_rep0.npz: OK
out/fields/N32_case15_cg_identity_rtol1e-04_rep1.npz: OK
out/fields/N32_case15_cg_identity_rtol1e-04_rep2.npz: OK
out/fields/N32_case15_cg_identity_rtol1e-06_rep0.npz: OK
out/fields/N32_case15_cg_identity_rtol1e-06_rep1.npz: OK
out/fields/N32_case15_cg_identity_rtol1e-06_rep2.npz: OK
out/fields/N32_case15_deeponet3d_r128_w16_podinit.npz: OK
out/fields/N32_case15_dst_exact.npz: OK
out/fields/N32_case15_fno3d_w24_m8.npz: OK
out/fields/N32_case15_linear_bank_galerkin.npz: OK
out/fields/N32_case15_linear_bank_weak_qR.npz: OK
out/fields/N32_case15_nmrom_K16_q0_dense.npz: OK
out/fields/N32_case15_nmrom_K16_q32_dense.npz: OK
out/fields/N32_case15_nmrom_K16_q96_dense.npz: OK
out/fields/N32_case15_pod112_galerkin.npz: OK
out/fields/N32_case15_pod128_galerkin.npz: OK
out/fields/N32_case15_pod16_galerkin.npz: OK
out/fields/N32_case15_pod48_galerkin.npz: OK
out/fields/N32_case15_reference.npz: OK
out/fields/N32_case15_transolver3d_w48_s32.npz: OK
out/fields/N32_case15_unet3d_w16.npz: OK
out/fields/N32_case1_cg_identity_rtol1e-02_rep0.npz: OK
out/fields/N32_case1_cg_identity_rtol1e-02_rep1.npz: OK
out/fields/N32_case1_cg_identity_rtol1e-02_rep2.npz: OK
out/fields/N32_case1_cg_identity_rtol1e-04_rep0.npz: OK
out/fields/N32_case1_cg_identity_rtol1e-04_rep1.npz: OK
out/fields/N32_case1_cg_identity_rtol1e-04_rep2.npz: OK
out/fields/N32_case1_cg_identity_rtol1e-06_rep0.npz: OK
out/fields/N32_case1_cg_identity_rtol1e-06_rep1.npz: OK
out/fields/N32_case1_cg_identity_rtol1e-06_rep2.npz: OK
out/fields/N32_case1_deeponet3d_r128_w16_podinit.npz: OK
out/fields/N32_case1_dst_exact.npz: OK
out/fields/N32_case1_fno3d_w24_m8.npz: OK
out/fields/N32_case1_linear_bank_galerkin.npz: OK
out/fields/N32_case1_linear_bank_weak_qR.npz: OK
out/fields/N32_case1_nmrom_K16_q0_dense.npz: OK
out/fields/N32_case1_nmrom_K16_q32_dense.npz: OK
out/fields/N32_case1_nmrom_K16_q96_dense.npz: OK
out/fields/N32_case1_pod112_galerkin.npz: OK
out/fields/N32_case1_pod128_galerkin.npz: OK
out/fields/N32_case1_pod16_galerkin.npz: OK
out/fields/N32_case1_pod48_galerkin.npz: OK
out/fields/N32_case1_reference.npz: OK
out/fields/N32_case1_transolver3d_w48_s32.npz: OK
out/fields/N32_case1_unet3d_w16.npz: OK
out/fields/N32_case2_cg_identity_rtol1e-02_rep0.npz: OK
out/fields/N32_case2_cg_identity_rtol1e-02_rep1.npz: OK
out/fields/N32_case2_cg_identity_rtol1e-02_rep2.npz: OK
out/fields/N32_case2_cg_identity_rtol1e-04_rep0.npz: OK
out/fields/N32_case2_cg_identity_rtol1e-04_rep1.npz: OK
out/fields/N32_case2_cg_identity_rtol1e-04_rep2.npz: OK
out/fields/N32_case2_cg_identity_rtol1e-06_rep0.npz: OK
out/fields/N32_case2_cg_identity_rtol1e-06_rep1.npz: OK
out/fields/N32_case2_cg_identity_rtol1e-06_rep2.npz: OK
out/fields/N32_case2_deeponet3d_r128_w16_podinit.npz: OK
out/fields/N32_case2_dst_exact.npz: OK
out/fields/N32_case2_fno3d_w24_m8.npz: OK
out/fields/N32_case2_linear_bank_galerkin.npz: OK
out/fields/N32_case2_linear_bank_weak_qR.npz: OK
out/fields/N32_case2_nmrom_K16_q0_dense.npz: OK
out/fields/N32_case2_nmrom_K16_q32_dense.npz: OK
out/fields/N32_case2_nmrom_K16_q96_dense.npz: OK
out/fields/N32_case2_pod112_galerkin.npz: OK
out/fields/N32_case2_pod128_galerkin.npz: OK
out/fields/N32_case2_pod16_galerkin.npz: OK
out/fields/N32_case2_pod48_galerkin.npz: OK
out/fields/N32_case2_reference.npz: OK
out/fields/N32_case2_transolver3d_w48_s32.npz: OK
out/fields/N32_case2_unet3d_w16.npz: OK
out/fields/N32_case3_cg_identity_rtol1e-02_rep0.npz: OK
out/fields/N32_case3_cg_identity_rtol1e-02_rep1.npz: OK
out/fields/N32_case3_cg_identity_rtol1e-02_rep2.npz: OK
out/fields/N32_case3_cg_identity_rtol1e-04_rep0.npz: OK
out/fields/N32_case3_cg_identity_rtol1e-04_rep1.npz: OK
out/fields/N32_case3_cg_identity_rtol1e-04_rep2.npz: OK
out/fields/N32_case3_cg_identity_rtol1e-06_rep0.npz: OK
out/fields/N32_case3_cg_identity_rtol1e-06_rep1.npz: OK
out/fields/N32_case3_cg_identity_rtol1e-06_rep2.npz: OK
out/fields/N32_case3_deeponet3d_r128_w16_podinit.npz: OK
out/fields/N32_case3_dst_exact.npz: OK
out/fields/N32_case3_fno3d_w24_m8.npz: OK
out/fields/N32_case3_linear_bank_galerkin.npz: OK
out/fields/N32_case3_linear_bank_weak_qR.npz: OK
out/fields/N32_case3_nmrom_K16_q0_dense.npz: OK
out/fields/N32_case3_nmrom_K16_q32_dense.npz: OK
out/fields/N32_case3_nmrom_K16_q96_dense.npz: OK
out/fields/N32_case3_pod112_galerkin.npz: OK
out/fields/N32_case3_pod128_galerkin.npz: OK
out/fields/N32_case3_pod16_galerkin.npz: OK
out/fields/N32_case3_pod48_galerkin.npz: OK
out/fields/N32_case3_reference.npz: OK
out/fields/N32_case3_transolver3d_w48_s32.npz: OK
out/fields/N32_case3_unet3d_w16.npz: OK
out/fields/N32_case4_cg_identity_rtol1e-02_rep0.npz: OK
out/fields/N32_case4_cg_identity_rtol1e-02_rep1.npz: OK
out/fields/N32_case4_cg_identity_rtol1e-02_rep2.npz: OK
out/fields/N32_case4_cg_identity_rtol1e-04_rep0.npz: OK
out/fields/N32_case4_cg_identity_rtol1e-04_rep1.npz: OK
out/fields/N32_case4_cg_identity_rtol1e-04_rep2.npz: OK
out/fields/N32_case4_cg_identity_rtol1e-06_rep0.npz: OK
out/fields/N32_case4_cg_identity_rtol1e-06_rep1.npz: OK
out/fields/N32_case4_cg_identity_rtol1e-06_rep2.npz: OK
out/fields/N32_case4_deeponet3d_r128_w16_podinit.npz: OK
out/fields/N32_case4_dst_exact.npz: OK
out/fields/N32_case4_fno3d_w24_m8.npz: OK
out/fields/N32_case4_linear_bank_galerkin.npz: OK
out/fields/N32_case4_linear_bank_weak_qR.npz: OK
out/fields/N32_case4_nmrom_K16_q0_dense.npz: OK
out/fields/N32_case4_nmrom_K16_q32_dense.npz: OK
out/fields/N32_case4_nmrom_K16_q96_dense.npz: OK
out/fields/N32_case4_pod112_galerkin.npz: OK
out/fields/N32_case4_pod128_galerkin.npz: OK
out/fields/N32_case4_pod16_galerkin.npz: OK
out/fields/N32_case4_pod48_galerkin.npz: OK
out/fields/N32_case4_reference.npz: OK
out/fields/N32_case4_transolver3d_w48_s32.npz: OK
out/fields/N32_case4_unet3d_w16.npz: OK
out/fields/N32_case5_cg_identity_rtol1e-02_rep0.npz: OK
out/fields/N32_case5_cg_identity_rtol1e-02_rep1.npz: OK
out/fields/N32_case5_cg_identity_rtol1e-02_rep2.npz: OK
out/fields/N32_case5_cg_identity_rtol1e-04_rep0.npz: OK
out/fields/N32_case5_cg_identity_rtol1e-04_rep1.npz: OK
out/fields/N32_case5_cg_identity_rtol1e-04_rep2.npz: OK
out/fields/N32_case5_cg_identity_rtol1e-06_rep0.npz: OK
out/fields/N32_case5_cg_identity_rtol1e-06_rep1.npz: OK
out/fields/N32_case5_cg_identity_rtol1e-06_rep2.npz: OK
out/fields/N32_case5_deeponet3d_r128_w16_podinit.npz: OK
out/fields/N32_case5_dst_exact.npz: OK
out/fields/N32_case5_fno3d_w24_m8.npz: OK
out/fields/N32_case5_linear_bank_galerkin.npz: OK
out/fields/N32_case5_linear_bank_weak_qR.npz: OK
out/fields/N32_case5_nmrom_K16_q0_dense.npz: OK
out/fields/N32_case5_nmrom_K16_q32_dense.npz: OK
out/fields/N32_case5_nmrom_K16_q96_dense.npz: OK
out/fields/N32_case5_pod112_galerkin.npz: OK
out/fields/N32_case5_pod128_galerkin.npz: OK
out/fields/N32_case5_pod16_galerkin.npz: OK
out/fields/N32_case5_pod48_galerkin.npz: OK
out/fields/N32_case5_reference.npz: OK
out/fields/N32_case5_transolver3d_w48_s32.npz: OK
out/fields/N32_case5_unet3d_w16.npz: OK
out/fields/N32_case6_cg_identity_rtol1e-02_rep0.npz: OK
out/fields/N32_case6_cg_identity_rtol1e-02_rep1.npz: OK
out/fields/N32_case6_cg_identity_rtol1e-02_rep2.npz: OK
out/fields/N32_case6_cg_identity_rtol1e-04_rep0.npz: OK
out/fields/N32_case6_cg_identity_rtol1e-04_rep1.npz: OK
out/fields/N32_case6_cg_identity_rtol1e-04_rep2.npz: OK
out/fields/N32_case6_cg_identity_rtol1e-06_rep0.npz: OK
out/fields/N32_case6_cg_identity_rtol1e-06_rep1.npz: OK
out/fields/N32_case6_cg_identity_rtol1e-06_rep2.npz: OK
out/fields/N32_case6_deeponet3d_r128_w16_podinit.npz: OK
out/fields/N32_case6_dst_exact.npz: OK
out/fields/N32_case6_fno3d_w24_m8.npz: OK
out/fields/N32_case6_linear_bank_galerkin.npz: OK
out/fields/N32_case6_linear_bank_weak_qR.npz: OK
out/fields/N32_case6_nmrom_K16_q0_dense.npz: OK
out/fields/N32_case6_nmrom_K16_q32_dense.npz: OK
out/fields/N32_case6_nmrom_K16_q96_dense.npz: OK
out/fields/N32_case6_pod112_galerkin.npz: OK
out/fields/N32_case6_pod128_galerkin.npz: OK
out/fields/N32_case6_pod16_galerkin.npz: OK
out/fields/N32_case6_pod48_galerkin.npz: OK
out/fields/N32_case6_reference.npz: OK
out/fields/N32_case6_transolver3d_w48_s32.npz: OK
out/fields/N32_case6_unet3d_w16.npz: OK
out/fields/N32_case7_cg_identity_rtol1e-02_rep0.npz: OK
out/fields/N32_case7_cg_identity_rtol1e-02_rep1.npz: OK
out/fields/N32_case7_cg_identity_rtol1e-02_rep2.npz: OK
out/fields/N32_case7_cg_identity_rtol1e-04_rep0.npz: OK
out/fields/N32_case7_cg_identity_rtol1e-04_rep1.npz: OK
out/fields/N32_case7_cg_identity_rtol1e-04_rep2.npz: OK
out/fields/N32_case7_cg_identity_rtol1e-06_rep0.npz: OK
out/fields/N32_case7_cg_identity_rtol1e-06_rep1.npz: OK
out/fields/N32_case7_cg_identity_rtol1e-06_rep2.npz: OK
out/fields/N32_case7_deeponet3d_r128_w16_podinit.npz: OK
out/fields/N32_case7_dst_exact.npz: OK
out/fields/N32_case7_fno3d_w24_m8.npz: OK
out/fields/N32_case7_linear_bank_galerkin.npz: OK
out/fields/N32_case7_linear_bank_weak_qR.npz: OK
out/fields/N32_case7_nmrom_K16_q0_dense.npz: OK
out/fields/N32_case7_nmrom_K16_q32_dense.npz: OK
out/fields/N32_case7_nmrom_K16_q96_dense.npz: OK
out/fields/N32_case7_pod112_galerkin.npz: OK
out/fields/N32_case7_pod128_galerkin.npz: OK
out/fields/N32_case7_pod16_galerkin.npz: OK
out/fields/N32_case7_pod48_galerkin.npz: OK
out/fields/N32_case7_reference.npz: OK
out/fields/N32_case7_transolver3d_w48_s32.npz: OK
out/fields/N32_case7_unet3d_w16.npz: OK
out/fields/N32_case8_cg_identity_rtol1e-02_rep0.npz: OK
out/fields/N32_case8_cg_identity_rtol1e-02_rep1.npz: OK
out/fields/N32_case8_cg_identity_rtol1e-02_rep2.npz: OK
out/fields/N32_case8_cg_identity_rtol1e-04_rep0.npz: OK
out/fields/N32_case8_cg_identity_rtol1e-04_rep1.npz: OK
out/fields/N32_case8_cg_identity_rtol1e-04_rep2.npz: OK
out/fields/N32_case8_cg_identity_rtol1e-06_rep0.npz: OK
out/fields/N32_case8_cg_identity_rtol1e-06_rep1.npz: OK
out/fields/N32_case8_cg_identity_rtol1e-06_rep2.npz: OK
out/fields/N32_case8_deeponet3d_r128_w16_podinit.npz: OK
out/fields/N32_case8_dst_exact.npz: OK
out/fields/N32_case8_fno3d_w24_m8.npz: OK
out/fields/N32_case8_linear_bank_galerkin.npz: OK
out/fields/N32_case8_linear_bank_weak_qR.npz: OK
out/fields/N32_case8_nmrom_K16_q0_dense.npz: OK
out/fields/N32_case8_nmrom_K16_q32_dense.npz: OK
out/fields/N32_case8_nmrom_K16_q96_dense.npz: OK
out/fields/N32_case8_pod112_galerkin.npz: OK
out/fields/N32_case8_pod128_galerkin.npz: OK
out/fields/N32_case8_pod16_galerkin.npz: OK
out/fields/N32_case8_pod48_galerkin.npz: OK
out/fields/N32_case8_reference.npz: OK
out/fields/N32_case8_transolver3d_w48_s32.npz: OK
out/fields/N32_case8_unet3d_w16.npz: OK
out/fields/N32_case9_cg_identity_rtol1e-02_rep0.npz: OK
out/fields/N32_case9_cg_identity_rtol1e-02_rep1.npz: OK
out/fields/N32_case9_cg_identity_rtol1e-02_rep2.npz: OK
out/fields/N32_case9_cg_identity_rtol1e-04_rep0.npz: OK
out/fields/N32_case9_cg_identity_rtol1e-04_rep1.npz: OK
out/fields/N32_case9_cg_identity_rtol1e-04_rep2.npz: OK
out/fields/N32_case9_cg_identity_rtol1e-06_rep0.npz: OK
out/fields/N32_case9_cg_identity_rtol1e-06_rep1.npz: OK
out/fields/N32_case9_cg_identity_rtol1e-06_rep2.npz: OK
out/fields/N32_case9_deeponet3d_r128_w16_podinit.npz: OK
out/fields/N32_case9_dst_exact.npz: OK
out/fields/N32_case9_fno3d_w24_m8.npz: OK
out/fields/N32_case9_linear_bank_galerkin.npz: OK
out/fields/N32_case9_linear_bank_weak_qR.npz: OK
out/fields/N32_case9_nmrom_K16_q0_dense.npz: OK
out/fields/N32_case9_nmrom_K16_q32_dense.npz: OK
out/fields/N32_case9_nmrom_K16_q96_dense.npz: OK
out/fields/N32_case9_pod112_galerkin.npz: OK
out/fields/N32_case9_pod128_galerkin.npz: OK
out/fields/N32_case9_pod16_galerkin.npz: OK
out/fields/N32_case9_pod48_galerkin.npz: OK
out/fields/N32_case9_reference.npz: OK
out/fields/N32_case9_transolver3d_w48_s32.npz: OK
out/fields/N32_case9_unet3d_w16.npz: OK
out/fields/N64_case0_cg_identity_rtol1e-02_rep0.npz: OK
out/fields/N64_case0_cg_identity_rtol1e-02_rep1.npz: OK
out/fields/N64_case0_cg_identity_rtol1e-02_rep2.npz: OK
out/fields/N64_case0_cg_identity_rtol1e-04_rep0.npz: OK
out/fields/N64_case0_cg_identity_rtol1e-04_rep1.npz: OK
out/fields/N64_case0_cg_identity_rtol1e-04_rep2.npz: OK
out/fields/N64_case0_cg_identity_rtol1e-06_rep0.npz: OK
out/fields/N64_case0_cg_identity_rtol1e-06_rep1.npz: OK
out/fields/N64_case0_cg_identity_rtol1e-06_rep2.npz: OK
out/fields/N64_case0_deeponet3d_r128_w16_podinit.npz: OK
out/fields/N64_case0_deeponet3d_r128_w16_podinit_native32_continuous_trunk.npz: OK
out/fields/N64_case0_deeponet3d_r128_w16_podinit_native32_interpolate.npz: OK
out/fields/N64_case0_dst_exact.npz: OK
out/fields/N64_case0_fno3d_w24_m8.npz: OK
out/fields/N64_case0_fno3d_w24_m8_native32_interpolate.npz: OK
out/fields/N64_case0_fno3d_w24_m8_physical_padding17.npz: OK
out/fields/N64_case0_linear_bank_galerkin.npz: OK
out/fields/N64_case0_linear_bank_weak_qR.npz: OK
out/fields/N64_case0_nmrom_K16_q0_dense.npz: OK
out/fields/N64_case0_nmrom_K16_q32_dense.npz: OK
out/fields/N64_case0_nmrom_K16_q96_dense.npz: OK
out/fields/N64_case0_pod112_galerkin.npz: OK
out/fields/N64_case0_pod112_native32_interpolated_basis_galerkin.npz: OK
out/fields/N64_case0_pod128_galerkin.npz: OK
out/fields/N64_case0_pod128_native32_interpolated_basis_galerkin.npz: OK
out/fields/N64_case0_pod16_galerkin.npz: OK
out/fields/N64_case0_pod16_native32_interpolated_basis_galerkin.npz: OK
out/fields/N64_case0_pod48_galerkin.npz: OK
out/fields/N64_case0_pod48_native32_interpolated_basis_galerkin.npz: OK
out/fields/N64_case0_reference.npz: OK
out/fields/N64_case0_transolver3d_w48_s32.npz: OK
out/fields/N64_case0_transolver3d_w48_s32_native32_interpolate.npz: OK
out/fields/N64_case0_unet3d_w16.npz: OK
out/fields/N64_case0_unet3d_w16_native32_interpolate.npz: OK
out/fields/N64_case10_cg_identity_rtol1e-02_rep0.npz: OK
out/fields/N64_case10_cg_identity_rtol1e-02_rep1.npz: OK
out/fields/N64_case10_cg_identity_rtol1e-02_rep2.npz: OK
out/fields/N64_case10_cg_identity_rtol1e-04_rep0.npz: OK
out/fields/N64_case10_cg_identity_rtol1e-04_rep1.npz: OK
out/fields/N64_case10_cg_identity_rtol1e-04_rep2.npz: OK
out/fields/N64_case10_cg_identity_rtol1e-06_rep0.npz: OK
out/fields/N64_case10_cg_identity_rtol1e-06_rep1.npz: OK
out/fields/N64_case10_cg_identity_rtol1e-06_rep2.npz: OK
out/fields/N64_case10_deeponet3d_r128_w16_podinit.npz: OK
out/fields/N64_case10_deeponet3d_r128_w16_podinit_native32_continuous_trunk.npz: OK
out/fields/N64_case10_deeponet3d_r128_w16_podinit_native32_interpolate.npz: OK
out/fields/N64_case10_dst_exact.npz: OK
out/fields/N64_case10_fno3d_w24_m8.npz: OK
out/fields/N64_case10_fno3d_w24_m8_native32_interpolate.npz: OK
out/fields/N64_case10_fno3d_w24_m8_physical_padding17.npz: OK
out/fields/N64_case10_linear_bank_galerkin.npz: OK
out/fields/N64_case10_linear_bank_weak_qR.npz: OK
out/fields/N64_case10_nmrom_K16_q0_dense.npz: OK
out/fields/N64_case10_nmrom_K16_q32_dense.npz: OK
out/fields/N64_case10_nmrom_K16_q96_dense.npz: OK
out/fields/N64_case10_pod112_galerkin.npz: OK
out/fields/N64_case10_pod112_native32_interpolated_basis_galerkin.npz: OK
out/fields/N64_case10_pod128_galerkin.npz: OK
out/fields/N64_case10_pod128_native32_interpolated_basis_galerkin.npz: OK
out/fields/N64_case10_pod16_galerkin.npz: OK
out/fields/N64_case10_pod16_native32_interpolated_basis_galerkin.npz: OK
out/fields/N64_case10_pod48_galerkin.npz: OK
out/fields/N64_case10_pod48_native32_interpolated_basis_galerkin.npz: OK
out/fields/N64_case10_reference.npz: OK
out/fields/N64_case10_transolver3d_w48_s32.npz: OK
out/fields/N64_case10_transolver3d_w48_s32_native32_interpolate.npz: OK
out/fields/N64_case10_unet3d_w16.npz: OK
out/fields/N64_case10_unet3d_w16_native32_interpolate.npz: OK
out/fields/N64_case11_cg_identity_rtol1e-02_rep0.npz: OK
out/fields/N64_case11_cg_identity_rtol1e-02_rep1.npz: OK
out/fields/N64_case11_cg_identity_rtol1e-02_rep2.npz: OK
out/fields/N64_case11_cg_identity_rtol1e-04_rep0.npz: OK
out/fields/N64_case11_cg_identity_rtol1e-04_rep1.npz: OK
out/fields/N64_case11_cg_identity_rtol1e-04_rep2.npz: OK
out/fields/N64_case11_cg_identity_rtol1e-06_rep0.npz: OK
out/fields/N64_case11_cg_identity_rtol1e-06_rep1.npz: OK
out/fields/N64_case11_cg_identity_rtol1e-06_rep2.npz: OK
out/fields/N64_case11_deeponet3d_r128_w16_podinit.npz: OK
out/fields/N64_case11_deeponet3d_r128_w16_podinit_native32_continuous_trunk.npz: OK
out/fields/N64_case11_deeponet3d_r128_w16_podinit_native32_interpolate.npz: OK
out/fields/N64_case11_dst_exact.npz: OK
out/fields/N64_case11_fno3d_w24_m8.npz: OK
out/fields/N64_case11_fno3d_w24_m8_native32_interpolate.npz: OK
out/fields/N64_case11_fno3d_w24_m8_physical_padding17.npz: OK
out/fields/N64_case11_linear_bank_galerkin.npz: OK
out/fields/N64_case11_linear_bank_weak_qR.npz: OK
out/fields/N64_case11_nmrom_K16_q0_dense.npz: OK
out/fields/N64_case11_nmrom_K16_q32_dense.npz: OK
out/fields/N64_case11_nmrom_K16_q96_dense.npz: OK
out/fields/N64_case11_pod112_galerkin.npz: OK
out/fields/N64_case11_pod112_native32_interpolated_basis_galerkin.npz: OK
out/fields/N64_case11_pod128_galerkin.npz: OK
out/fields/N64_case11_pod128_native32_interpolated_basis_galerkin.npz: OK
out/fields/N64_case11_pod16_galerkin.npz: OK
out/fields/N64_case11_pod16_native32_interpolated_basis_galerkin.npz: OK
out/fields/N64_case11_pod48_galerkin.npz: OK
out/fields/N64_case11_pod48_native32_interpolated_basis_galerkin.npz: OK
out/fields/N64_case11_reference.npz: OK
out/fields/N64_case11_transolver3d_w48_s32.npz: OK
out/fields/N64_case11_transolver3d_w48_s32_native32_interpolate.npz: OK
out/fields/N64_case11_unet3d_w16.npz: OK
out/fields/N64_case11_unet3d_w16_native32_interpolate.npz: OK
out/fields/N64_case12_cg_identity_rtol1e-02_rep0.npz: OK
out/fields/N64_case12_cg_identity_rtol1e-02_rep1.npz: OK
out/fields/N64_case12_cg_identity_rtol1e-02_rep2.npz: OK
out/fields/N64_case12_cg_identity_rtol1e-04_rep0.npz: OK
out/fields/N64_case12_cg_identity_rtol1e-04_rep1.npz: OK
out/fields/N64_case12_cg_identity_rtol1e-04_rep2.npz: OK
out/fields/N64_case12_cg_identity_rtol1e-06_rep0.npz: OK
out/fields/N64_case12_cg_identity_rtol1e-06_rep1.npz: OK
out/fields/N64_case12_cg_identity_rtol1e-06_rep2.npz: OK
out/fields/N64_case12_deeponet3d_r128_w16_podinit.npz: OK
out/fields/N64_case12_deeponet3d_r128_w16_podinit_native32_continuous_trunk.npz: OK
out/fields/N64_case12_deeponet3d_r128_w16_podinit_native32_interpolate.npz: OK
out/fields/N64_case12_dst_exact.npz: OK
out/fields/N64_case12_fno3d_w24_m8.npz: OK
out/fields/N64_case12_fno3d_w24_m8_native32_interpolate.npz: OK
out/fields/N64_case12_fno3d_w24_m8_physical_padding17.npz: OK
out/fields/N64_case12_linear_bank_galerkin.npz: OK
out/fields/N64_case12_linear_bank_weak_qR.npz: OK
out/fields/N64_case12_nmrom_K16_q0_dense.npz: OK
out/fields/N64_case12_nmrom_K16_q32_dense.npz: OK
out/fields/N64_case12_nmrom_K16_q96_dense.npz: OK
out/fields/N64_case12_pod112_galerkin.npz: OK
out/fields/N64_case12_pod112_native32_interpolated_basis_galerkin.npz: OK
out/fields/N64_case12_pod128_galerkin.npz: OK
out/fields/N64_case12_pod128_native32_interpolated_basis_galerkin.npz: OK
out/fields/N64_case12_pod16_galerkin.npz: OK
out/fields/N64_case12_pod16_native32_interpolated_basis_galerkin.npz: OK
out/fields/N64_case12_pod48_galerkin.npz: OK
out/fields/N64_case12_pod48_native32_interpolated_basis_galerkin.npz: OK
out/fields/N64_case12_reference.npz: OK
out/fields/N64_case12_transolver3d_w48_s32.npz: OK
out/fields/N64_case12_transolver3d_w48_s32_native32_interpolate.npz: OK
out/fields/N64_case12_unet3d_w16.npz: OK
out/fields/N64_case12_unet3d_w16_native32_interpolate.npz: OK
out/fields/N64_case13_cg_identity_rtol1e-02_rep0.npz: OK
out/fields/N64_case13_cg_identity_rtol1e-02_rep1.npz: OK
out/fields/N64_case13_cg_identity_rtol1e-02_rep2.npz: OK
out/fields/N64_case13_cg_identity_rtol1e-04_rep0.npz: OK
out/fields/N64_case13_cg_identity_rtol1e-04_rep1.npz: OK
out/fields/N64_case13_cg_identity_rtol1e-04_rep2.npz: OK
out/fields/N64_case13_cg_identity_rtol1e-06_rep0.npz: OK
out/fields/N64_case13_cg_identity_rtol1e-06_rep1.npz: OK
out/fields/N64_case13_cg_identity_rtol1e-06_rep2.npz: OK
out/fields/N64_case13_deeponet3d_r128_w16_podinit.npz: OK
out/fields/N64_case13_deeponet3d_r128_w16_podinit_native32_continuous_trunk.npz: OK
out/fields/N64_case13_deeponet3d_r128_w16_podinit_native32_interpolate.npz: OK
out/fields/N64_case13_dst_exact.npz: OK
out/fields/N64_case13_fno3d_w24_m8.npz: OK
out/fields/N64_case13_fno3d_w24_m8_native32_interpolate.npz: OK
out/fields/N64_case13_fno3d_w24_m8_physical_padding17.npz: OK
out/fields/N64_case13_linear_bank_galerkin.npz: OK
out/fields/N64_case13_linear_bank_weak_qR.npz: OK
out/fields/N64_case13_nmrom_K16_q0_dense.npz: OK
out/fields/N64_case13_nmrom_K16_q32_dense.npz: OK
out/fields/N64_case13_nmrom_K16_q96_dense.npz: OK
out/fields/N64_case13_pod112_galerkin.npz: OK
out/fields/N64_case13_pod112_native32_interpolated_basis_galerkin.npz: OK
out/fields/N64_case13_pod128_galerkin.npz: OK
out/fields/N64_case13_pod128_native32_interpolated_basis_galerkin.npz: OK
out/fields/N64_case13_pod16_galerkin.npz: OK
out/fields/N64_case13_pod16_native32_interpolated_basis_galerkin.npz: OK
out/fields/N64_case13_pod48_galerkin.npz: OK
out/fields/N64_case13_pod48_native32_interpolated_basis_galerkin.npz: OK
out/fields/N64_case13_reference.npz: OK
out/fields/N64_case13_transolver3d_w48_s32.npz: OK
out/fields/N64_case13_transolver3d_w48_s32_native32_interpolate.npz: OK
out/fields/N64_case13_unet3d_w16.npz: OK
out/fields/N64_case13_unet3d_w16_native32_interpolate.npz: OK
out/fields/N64_case14_cg_identity_rtol1e-02_rep0.npz: OK
out/fields/N64_case14_cg_identity_rtol1e-02_rep1.npz: OK
out/fields/N64_case14_cg_identity_rtol1e-02_rep2.npz: OK
out/fields/N64_case14_cg_identity_rtol1e-04_rep0.npz: OK
out/fields/N64_case14_cg_identity_rtol1e-04_rep1.npz: OK
out/fields/N64_case14_cg_identity_rtol1e-04_rep2.npz: OK
out/fields/N64_case14_cg_identity_rtol1e-06_rep0.npz: OK
out/fields/N64_case14_cg_identity_rtol1e-06_rep1.npz: OK
out/fields/N64_case14_cg_identity_rtol1e-06_rep2.npz: OK
out/fields/N64_case14_deeponet3d_r128_w16_podinit.npz: OK
out/fields/N64_case14_deeponet3d_r128_w16_podinit_native32_continuous_trunk.npz: OK
out/fields/N64_case14_deeponet3d_r128_w16_podinit_native32_interpolate.npz: OK
out/fields/N64_case14_dst_exact.npz: OK
out/fields/N64_case14_fno3d_w24_m8.npz: OK
out/fields/N64_case14_fno3d_w24_m8_native32_interpolate.npz: OK
out/fields/N64_case14_fno3d_w24_m8_physical_padding17.npz: OK
out/fields/N64_case14_linear_bank_galerkin.npz: OK
out/fields/N64_case14_linear_bank_weak_qR.npz: OK
out/fields/N64_case14_nmrom_K16_q0_dense.npz: OK
out/fields/N64_case14_nmrom_K16_q32_dense.npz: OK
out/fields/N64_case14_nmrom_K16_q96_dense.npz: OK
out/fields/N64_case14_pod112_galerkin.npz: OK
out/fields/N64_case14_pod112_native32_interpolated_basis_galerkin.npz: OK
out/fields/N64_case14_pod128_galerkin.npz: OK
out/fields/N64_case14_pod128_native32_interpolated_basis_galerkin.npz: OK
out/fields/N64_case14_pod16_galerkin.npz: OK
out/fields/N64_case14_pod16_native32_interpolated_basis_galerkin.npz: OK
out/fields/N64_case14_pod48_galerkin.npz: OK
out/fields/N64_case14_pod48_native32_interpolated_basis_galerkin.npz: OK
out/fields/N64_case14_reference.npz: OK
out/fields/N64_case14_transolver3d_w48_s32.npz: OK
out/fields/N64_case14_transolver3d_w48_s32_native32_interpolate.npz: OK
out/fields/N64_case14_unet3d_w16.npz: OK
out/fields/N64_case14_unet3d_w16_native32_interpolate.npz: OK
out/fields/N64_case15_cg_identity_rtol1e-02_rep0.npz: OK
out/fields/N64_case15_cg_identity_rtol1e-02_rep1.npz: OK
out/fields/N64_case15_cg_identity_rtol1e-02_rep2.npz: OK
out/fields/N64_case15_cg_identity_rtol1e-04_rep0.npz: OK
out/fields/N64_case15_cg_identity_rtol1e-04_rep1.npz: OK
out/fields/N64_case15_cg_identity_rtol1e-04_rep2.npz: OK
out/fields/N64_case15_cg_identity_rtol1e-06_rep0.npz: OK
out/fields/N64_case15_cg_identity_rtol1e-06_rep1.npz: OK
out/fields/N64_case15_cg_identity_rtol1e-06_rep2.npz: OK
out/fields/N64_case15_deeponet3d_r128_w16_podinit.npz: OK
out/fields/N64_case15_deeponet3d_r128_w16_podinit_native32_continuous_trunk.npz: OK
out/fields/N64_case15_deeponet3d_r128_w16_podinit_native32_interpolate.npz: OK
out/fields/N64_case15_dst_exact.npz: OK
out/fields/N64_case15_fno3d_w24_m8.npz: OK
out/fields/N64_case15_fno3d_w24_m8_native32_interpolate.npz: OK
out/fields/N64_case15_fno3d_w24_m8_physical_padding17.npz: OK
out/fields/N64_case15_linear_bank_galerkin.npz: OK
out/fields/N64_case15_linear_bank_weak_qR.npz: OK
out/fields/N64_case15_nmrom_K16_q0_dense.npz: OK
out/fields/N64_case15_nmrom_K16_q32_dense.npz: OK
out/fields/N64_case15_nmrom_K16_q96_dense.npz: OK
out/fields/N64_case15_pod112_galerkin.npz: OK
out/fields/N64_case15_pod112_native32_interpolated_basis_galerkin.npz: OK
out/fields/N64_case15_pod128_galerkin.npz: OK
out/fields/N64_case15_pod128_native32_interpolated_basis_galerkin.npz: OK
out/fields/N64_case15_pod16_galerkin.npz: OK
out/fields/N64_case15_pod16_native32_interpolated_basis_galerkin.npz: OK
out/fields/N64_case15_pod48_galerkin.npz: OK
out/fields/N64_case15_pod48_native32_interpolated_basis_galerkin.npz: OK
out/fields/N64_case15_reference.npz: OK
out/fields/N64_case15_transolver3d_w48_s32.npz: OK
out/fields/N64_case15_transolver3d_w48_s32_native32_interpolate.npz: OK
out/fields/N64_case15_unet3d_w16.npz: OK
out/fields/N64_case15_unet3d_w16_native32_interpolate.npz: OK
out/fields/N64_case1_cg_identity_rtol1e-02_rep0.npz: OK
out/fields/N64_case1_cg_identity_rtol1e-02_rep1.npz: OK
out/fields/N64_case1_cg_identity_rtol1e-02_rep2.npz: OK
out/fields/N64_case1_cg_identity_rtol1e-04_rep0.npz: OK
out/fields/N64_case1_cg_identity_rtol1e-04_rep1.npz: OK
out/fields/N64_case1_cg_identity_rtol1e-04_rep2.npz: OK
out/fields/N64_case1_cg_identity_rtol1e-06_rep0.npz: OK
out/fields/N64_case1_cg_identity_rtol1e-06_rep1.npz: OK
out/fields/N64_case1_cg_identity_rtol1e-06_rep2.npz: OK
out/fields/N64_case1_deeponet3d_r128_w16_podinit.npz: OK
out/fields/N64_case1_deeponet3d_r128_w16_podinit_native32_continuous_trunk.npz: OK
out/fields/N64_case1_deeponet3d_r128_w16_podinit_native32_interpolate.npz: OK
out/fields/N64_case1_dst_exact.npz: OK
out/fields/N64_case1_fno3d_w24_m8.npz: OK
out/fields/N64_case1_fno3d_w24_m8_native32_interpolate.npz: OK
out/fields/N64_case1_fno3d_w24_m8_physical_padding17.npz: OK
out/fields/N64_case1_linear_bank_galerkin.npz: OK
out/fields/N64_case1_linear_bank_weak_qR.npz: OK
out/fields/N64_case1_nmrom_K16_q0_dense.npz: OK
out/fields/N64_case1_nmrom_K16_q32_dense.npz: OK
out/fields/N64_case1_nmrom_K16_q96_dense.npz: OK
out/fields/N64_case1_pod112_galerkin.npz: OK
out/fields/N64_case1_pod112_native32_interpolated_basis_galerkin.npz: OK
out/fields/N64_case1_pod128_galerkin.npz: OK
out/fields/N64_case1_pod128_native32_interpolated_basis_galerkin.npz: OK
out/fields/N64_case1_pod16_galerkin.npz: OK
out/fields/N64_case1_pod16_native32_interpolated_basis_galerkin.npz: OK
out/fields/N64_case1_pod48_galerkin.npz: OK
out/fields/N64_case1_pod48_native32_interpolated_basis_galerkin.npz: OK
out/fields/N64_case1_reference.npz: OK
out/fields/N64_case1_transolver3d_w48_s32.npz: OK
out/fields/N64_case1_transolver3d_w48_s32_native32_interpolate.npz: OK
out/fields/N64_case1_unet3d_w16.npz: OK
out/fields/N64_case1_unet3d_w16_native32_interpolate.npz: OK
out/fields/N64_case2_cg_identity_rtol1e-02_rep0.npz: OK
out/fields/N64_case2_cg_identity_rtol1e-02_rep1.npz: OK
out/fields/N64_case2_cg_identity_rtol1e-02_rep2.npz: OK
out/fields/N64_case2_cg_identity_rtol1e-04_rep0.npz: OK
out/fields/N64_case2_cg_identity_rtol1e-04_rep1.npz: OK
out/fields/N64_case2_cg_identity_rtol1e-04_rep2.npz: OK
out/fields/N64_case2_cg_identity_rtol1e-06_rep0.npz: OK
out/fields/N64_case2_cg_identity_rtol1e-06_rep1.npz: OK
out/fields/N64_case2_cg_identity_rtol1e-06_rep2.npz: OK
out/fields/N64_case2_deeponet3d_r128_w16_podinit.npz: OK
out/fields/N64_case2_deeponet3d_r128_w16_podinit_native32_continuous_trunk.npz: OK
out/fields/N64_case2_deeponet3d_r128_w16_podinit_native32_interpolate.npz: OK
out/fields/N64_case2_dst_exact.npz: OK
out/fields/N64_case2_fno3d_w24_m8.npz: OK
out/fields/N64_case2_fno3d_w24_m8_native32_interpolate.npz: OK
out/fields/N64_case2_fno3d_w24_m8_physical_padding17.npz: OK
out/fields/N64_case2_linear_bank_galerkin.npz: OK
out/fields/N64_case2_linear_bank_weak_qR.npz: OK
out/fields/N64_case2_nmrom_K16_q0_dense.npz: OK
out/fields/N64_case2_nmrom_K16_q32_dense.npz: OK
out/fields/N64_case2_nmrom_K16_q96_dense.npz: OK
out/fields/N64_case2_pod112_galerkin.npz: OK
out/fields/N64_case2_pod112_native32_interpolated_basis_galerkin.npz: OK
out/fields/N64_case2_pod128_galerkin.npz: OK
out/fields/N64_case2_pod128_native32_interpolated_basis_galerkin.npz: OK
out/fields/N64_case2_pod16_galerkin.npz: OK
out/fields/N64_case2_pod16_native32_interpolated_basis_galerkin.npz: OK
out/fields/N64_case2_pod48_galerkin.npz: OK
out/fields/N64_case2_pod48_native32_interpolated_basis_galerkin.npz: OK
out/fields/N64_case2_reference.npz: OK
out/fields/N64_case2_transolver3d_w48_s32.npz: OK
out/fields/N64_case2_transolver3d_w48_s32_native32_interpolate.npz: OK
out/fields/N64_case2_unet3d_w16.npz: OK
out/fields/N64_case2_unet3d_w16_native32_interpolate.npz: OK
out/fields/N64_case3_cg_identity_rtol1e-02_rep0.npz: OK
out/fields/N64_case3_cg_identity_rtol1e-02_rep1.npz: OK
out/fields/N64_case3_cg_identity_rtol1e-02_rep2.npz: OK
out/fields/N64_case3_cg_identity_rtol1e-04_rep0.npz: OK
out/fields/N64_case3_cg_identity_rtol1e-04_rep1.npz: OK
out/fields/N64_case3_cg_identity_rtol1e-04_rep2.npz: OK
out/fields/N64_case3_cg_identity_rtol1e-06_rep0.npz: OK
out/fields/N64_case3_cg_identity_rtol1e-06_rep1.npz: OK
out/fields/N64_case3_cg_identity_rtol1e-06_rep2.npz: OK
out/fields/N64_case3_deeponet3d_r128_w16_podinit.npz: OK
out/fields/N64_case3_deeponet3d_r128_w16_podinit_native32_continuous_trunk.npz: OK
out/fields/N64_case3_deeponet3d_r128_w16_podinit_native32_interpolate.npz: OK
out/fields/N64_case3_dst_exact.npz: OK
out/fields/N64_case3_fno3d_w24_m8.npz: OK
out/fields/N64_case3_fno3d_w24_m8_native32_interpolate.npz: OK
out/fields/N64_case3_fno3d_w24_m8_physical_padding17.npz: OK
out/fields/N64_case3_linear_bank_galerkin.npz: OK
out/fields/N64_case3_linear_bank_weak_qR.npz: OK
out/fields/N64_case3_nmrom_K16_q0_dense.npz: OK
out/fields/N64_case3_nmrom_K16_q32_dense.npz: OK
out/fields/N64_case3_nmrom_K16_q96_dense.npz: OK
out/fields/N64_case3_pod112_galerkin.npz: OK
out/fields/N64_case3_pod112_native32_interpolated_basis_galerkin.npz: OK
out/fields/N64_case3_pod128_galerkin.npz: OK
out/fields/N64_case3_pod128_native32_interpolated_basis_galerkin.npz: OK
out/fields/N64_case3_pod16_galerkin.npz: OK
out/fields/N64_case3_pod16_native32_interpolated_basis_galerkin.npz: OK
out/fields/N64_case3_pod48_galerkin.npz: OK
out/fields/N64_case3_pod48_native32_interpolated_basis_galerkin.npz: OK
out/fields/N64_case3_reference.npz: OK
out/fields/N64_case3_transolver3d_w48_s32.npz: OK
out/fields/N64_case3_transolver3d_w48_s32_native32_interpolate.npz: OK
out/fields/N64_case3_unet3d_w16.npz: OK
out/fields/N64_case3_unet3d_w16_native32_interpolate.npz: OK
out/fields/N64_case4_cg_identity_rtol1e-02_rep0.npz: OK
out/fields/N64_case4_cg_identity_rtol1e-02_rep1.npz: OK
out/fields/N64_case4_cg_identity_rtol1e-02_rep2.npz: OK
out/fields/N64_case4_cg_identity_rtol1e-04_rep0.npz: OK
out/fields/N64_case4_cg_identity_rtol1e-04_rep1.npz: OK
out/fields/N64_case4_cg_identity_rtol1e-04_rep2.npz: OK
out/fields/N64_case4_cg_identity_rtol1e-06_rep0.npz: OK
out/fields/N64_case4_cg_identity_rtol1e-06_rep1.npz: OK
out/fields/N64_case4_cg_identity_rtol1e-06_rep2.npz: OK
out/fields/N64_case4_deeponet3d_r128_w16_podinit.npz: OK
out/fields/N64_case4_deeponet3d_r128_w16_podinit_native32_continuous_trunk.npz: OK
out/fields/N64_case4_deeponet3d_r128_w16_podinit_native32_interpolate.npz: OK
out/fields/N64_case4_dst_exact.npz: OK
out/fields/N64_case4_fno3d_w24_m8.npz: OK
out/fields/N64_case4_fno3d_w24_m8_native32_interpolate.npz: OK
out/fields/N64_case4_fno3d_w24_m8_physical_padding17.npz: OK
out/fields/N64_case4_linear_bank_galerkin.npz: OK
out/fields/N64_case4_linear_bank_weak_qR.npz: OK
out/fields/N64_case4_nmrom_K16_q0_dense.npz: OK
out/fields/N64_case4_nmrom_K16_q32_dense.npz: OK
out/fields/N64_case4_nmrom_K16_q96_dense.npz: OK
out/fields/N64_case4_pod112_galerkin.npz: OK
out/fields/N64_case4_pod112_native32_interpolated_basis_galerkin.npz: OK
out/fields/N64_case4_pod128_galerkin.npz: OK
out/fields/N64_case4_pod128_native32_interpolated_basis_galerkin.npz: OK
out/fields/N64_case4_pod16_galerkin.npz: OK
out/fields/N64_case4_pod16_native32_interpolated_basis_galerkin.npz: OK
out/fields/N64_case4_pod48_galerkin.npz: OK
out/fields/N64_case4_pod48_native32_interpolated_basis_galerkin.npz: OK
out/fields/N64_case4_reference.npz: OK
out/fields/N64_case4_transolver3d_w48_s32.npz: OK
out/fields/N64_case4_transolver3d_w48_s32_native32_interpolate.npz: OK
out/fields/N64_case4_unet3d_w16.npz: OK
out/fields/N64_case4_unet3d_w16_native32_interpolate.npz: OK
out/fields/N64_case5_cg_identity_rtol1e-02_rep0.npz: OK
out/fields/N64_case5_cg_identity_rtol1e-02_rep1.npz: OK
out/fields/N64_case5_cg_identity_rtol1e-02_rep2.npz: OK
out/fields/N64_case5_cg_identity_rtol1e-04_rep0.npz: OK
out/fields/N64_case5_cg_identity_rtol1e-04_rep1.npz: OK
out/fields/N64_case5_cg_identity_rtol1e-04_rep2.npz: OK
out/fields/N64_case5_cg_identity_rtol1e-06_rep0.npz: OK
out/fields/N64_case5_cg_identity_rtol1e-06_rep1.npz: OK
out/fields/N64_case5_cg_identity_rtol1e-06_rep2.npz: OK
out/fields/N64_case5_deeponet3d_r128_w16_podinit.npz: OK
out/fields/N64_case5_deeponet3d_r128_w16_podinit_native32_continuous_trunk.npz: OK
out/fields/N64_case5_deeponet3d_r128_w16_podinit_native32_interpolate.npz: OK
out/fields/N64_case5_dst_exact.npz: OK
out/fields/N64_case5_fno3d_w24_m8.npz: OK
out/fields/N64_case5_fno3d_w24_m8_native32_interpolate.npz: OK
out/fields/N64_case5_fno3d_w24_m8_physical_padding17.npz: OK
out/fields/N64_case5_linear_bank_galerkin.npz: OK
out/fields/N64_case5_linear_bank_weak_qR.npz: OK
out/fields/N64_case5_nmrom_K16_q0_dense.npz: OK
out/fields/N64_case5_nmrom_K16_q32_dense.npz: OK
out/fields/N64_case5_nmrom_K16_q96_dense.npz: OK
out/fields/N64_case5_pod112_galerkin.npz: OK
out/fields/N64_case5_pod112_native32_interpolated_basis_galerkin.npz: OK
out/fields/N64_case5_pod128_galerkin.npz: OK
out/fields/N64_case5_pod128_native32_interpolated_basis_galerkin.npz: OK
out/fields/N64_case5_pod16_galerkin.npz: OK
out/fields/N64_case5_pod16_native32_interpolated_basis_galerkin.npz: OK
out/fields/N64_case5_pod48_galerkin.npz: OK
out/fields/N64_case5_pod48_native32_interpolated_basis_galerkin.npz: OK
out/fields/N64_case5_reference.npz: OK
out/fields/N64_case5_transolver3d_w48_s32.npz: OK
out/fields/N64_case5_transolver3d_w48_s32_native32_interpolate.npz: OK
out/fields/N64_case5_unet3d_w16.npz: OK
out/fields/N64_case5_unet3d_w16_native32_interpolate.npz: OK
out/fields/N64_case6_cg_identity_rtol1e-02_rep0.npz: OK
out/fields/N64_case6_cg_identity_rtol1e-02_rep1.npz: OK
out/fields/N64_case6_cg_identity_rtol1e-02_rep2.npz: OK
out/fields/N64_case6_cg_identity_rtol1e-04_rep0.npz: OK
out/fields/N64_case6_cg_identity_rtol1e-04_rep1.npz: OK
out/fields/N64_case6_cg_identity_rtol1e-04_rep2.npz: OK
out/fields/N64_case6_cg_identity_rtol1e-06_rep0.npz: OK
out/fields/N64_case6_cg_identity_rtol1e-06_rep1.npz: OK
out/fields/N64_case6_cg_identity_rtol1e-06_rep2.npz: OK
out/fields/N64_case6_deeponet3d_r128_w16_podinit.npz: OK
out/fields/N64_case6_deeponet3d_r128_w16_podinit_native32_continuous_trunk.npz: OK
out/fields/N64_case6_deeponet3d_r128_w16_podinit_native32_interpolate.npz: OK
out/fields/N64_case6_dst_exact.npz: OK
out/fields/N64_case6_fno3d_w24_m8.npz: OK
out/fields/N64_case6_fno3d_w24_m8_native32_interpolate.npz: OK
out/fields/N64_case6_fno3d_w24_m8_physical_padding17.npz: OK
out/fields/N64_case6_linear_bank_galerkin.npz: OK
out/fields/N64_case6_linear_bank_weak_qR.npz: OK
out/fields/N64_case6_nmrom_K16_q0_dense.npz: OK
out/fields/N64_case6_nmrom_K16_q32_dense.npz: OK
out/fields/N64_case6_nmrom_K16_q96_dense.npz: OK
out/fields/N64_case6_pod112_galerkin.npz: OK
out/fields/N64_case6_pod112_native32_interpolated_basis_galerkin.npz: OK
out/fields/N64_case6_pod128_galerkin.npz: OK
out/fields/N64_case6_pod128_native32_interpolated_basis_galerkin.npz: OK
out/fields/N64_case6_pod16_galerkin.npz: OK
out/fields/N64_case6_pod16_native32_interpolated_basis_galerkin.npz: OK
out/fields/N64_case6_pod48_galerkin.npz: OK
out/fields/N64_case6_pod48_native32_interpolated_basis_galerkin.npz: OK
out/fields/N64_case6_reference.npz: OK
out/fields/N64_case6_transolver3d_w48_s32.npz: OK
out/fields/N64_case6_transolver3d_w48_s32_native32_interpolate.npz: OK
out/fields/N64_case6_unet3d_w16.npz: OK
out/fields/N64_case6_unet3d_w16_native32_interpolate.npz: OK
out/fields/N64_case7_cg_identity_rtol1e-02_rep0.npz: OK
out/fields/N64_case7_cg_identity_rtol1e-02_rep1.npz: OK
out/fields/N64_case7_cg_identity_rtol1e-02_rep2.npz: OK
out/fields/N64_case7_cg_identity_rtol1e-04_rep0.npz: OK
out/fields/N64_case7_cg_identity_rtol1e-04_rep1.npz: OK
out/fields/N64_case7_cg_identity_rtol1e-04_rep2.npz: OK
out/fields/N64_case7_cg_identity_rtol1e-06_rep0.npz: OK
out/fields/N64_case7_cg_identity_rtol1e-06_rep1.npz: OK
out/fields/N64_case7_cg_identity_rtol1e-06_rep2.npz: OK
out/fields/N64_case7_deeponet3d_r128_w16_podinit.npz: OK
out/fields/N64_case7_deeponet3d_r128_w16_podinit_native32_continuous_trunk.npz: OK
out/fields/N64_case7_deeponet3d_r128_w16_podinit_native32_interpolate.npz: OK
out/fields/N64_case7_dst_exact.npz: OK
out/fields/N64_case7_fno3d_w24_m8.npz: OK
out/fields/N64_case7_fno3d_w24_m8_native32_interpolate.npz: OK
out/fields/N64_case7_fno3d_w24_m8_physical_padding17.npz: OK
out/fields/N64_case7_linear_bank_galerkin.npz: OK
out/fields/N64_case7_linear_bank_weak_qR.npz: OK
out/fields/N64_case7_nmrom_K16_q0_dense.npz: OK
out/fields/N64_case7_nmrom_K16_q32_dense.npz: OK
out/fields/N64_case7_nmrom_K16_q96_dense.npz: OK
out/fields/N64_case7_pod112_galerkin.npz: OK
out/fields/N64_case7_pod112_native32_interpolated_basis_galerkin.npz: OK
out/fields/N64_case7_pod128_galerkin.npz: OK
out/fields/N64_case7_pod128_native32_interpolated_basis_galerkin.npz: OK
out/fields/N64_case7_pod16_galerkin.npz: OK
out/fields/N64_case7_pod16_native32_interpolated_basis_galerkin.npz: OK
out/fields/N64_case7_pod48_galerkin.npz: OK
out/fields/N64_case7_pod48_native32_interpolated_basis_galerkin.npz: OK
out/fields/N64_case7_reference.npz: OK
out/fields/N64_case7_transolver3d_w48_s32.npz: OK
out/fields/N64_case7_transolver3d_w48_s32_native32_interpolate.npz: OK
out/fields/N64_case7_unet3d_w16.npz: OK
out/fields/N64_case7_unet3d_w16_native32_interpolate.npz: OK
out/fields/N64_case8_cg_identity_rtol1e-02_rep0.npz: OK
out/fields/N64_case8_cg_identity_rtol1e-02_rep1.npz: OK
out/fields/N64_case8_cg_identity_rtol1e-02_rep2.npz: OK
out/fields/N64_case8_cg_identity_rtol1e-04_rep0.npz: OK
out/fields/N64_case8_cg_identity_rtol1e-04_rep1.npz: OK
out/fields/N64_case8_cg_identity_rtol1e-04_rep2.npz: OK
out/fields/N64_case8_cg_identity_rtol1e-06_rep0.npz: OK
out/fields/N64_case8_cg_identity_rtol1e-06_rep1.npz: OK
out/fields/N64_case8_cg_identity_rtol1e-06_rep2.npz: OK
out/fields/N64_case8_deeponet3d_r128_w16_podinit.npz: OK
out/fields/N64_case8_deeponet3d_r128_w16_podinit_native32_continuous_trunk.npz: OK
out/fields/N64_case8_deeponet3d_r128_w16_podinit_native32_interpolate.npz: OK
out/fields/N64_case8_dst_exact.npz: OK
out/fields/N64_case8_fno3d_w24_m8.npz: OK
out/fields/N64_case8_fno3d_w24_m8_native32_interpolate.npz: OK
out/fields/N64_case8_fno3d_w24_m8_physical_padding17.npz: OK
out/fields/N64_case8_linear_bank_galerkin.npz: OK
out/fields/N64_case8_linear_bank_weak_qR.npz: OK
out/fields/N64_case8_nmrom_K16_q0_dense.npz: OK
out/fields/N64_case8_nmrom_K16_q32_dense.npz: OK
out/fields/N64_case8_nmrom_K16_q96_dense.npz: OK
out/fields/N64_case8_pod112_galerkin.npz: OK
out/fields/N64_case8_pod112_native32_interpolated_basis_galerkin.npz: OK
out/fields/N64_case8_pod128_galerkin.npz: OK
out/fields/N64_case8_pod128_native32_interpolated_basis_galerkin.npz: OK
out/fields/N64_case8_pod16_galerkin.npz: OK
out/fields/N64_case8_pod16_native32_interpolated_basis_galerkin.npz: OK
out/fields/N64_case8_pod48_galerkin.npz: OK
out/fields/N64_case8_pod48_native32_interpolated_basis_galerkin.npz: OK
out/fields/N64_case8_reference.npz: OK
out/fields/N64_case8_transolver3d_w48_s32.npz: OK
out/fields/N64_case8_transolver3d_w48_s32_native32_interpolate.npz: OK
out/fields/N64_case8_unet3d_w16.npz: OK
out/fields/N64_case8_unet3d_w16_native32_interpolate.npz: OK
out/fields/N64_case9_cg_identity_rtol1e-02_rep0.npz: OK
out/fields/N64_case9_cg_identity_rtol1e-02_rep1.npz: OK
out/fields/N64_case9_cg_identity_rtol1e-02_rep2.npz: OK
out/fields/N64_case9_cg_identity_rtol1e-04_rep0.npz: OK
out/fields/N64_case9_cg_identity_rtol1e-04_rep1.npz: OK
out/fields/N64_case9_cg_identity_rtol1e-04_rep2.npz: OK
out/fields/N64_case9_cg_identity_rtol1e-06_rep0.npz: OK
out/fields/N64_case9_cg_identity_rtol1e-06_rep1.npz: OK
out/fields/N64_case9_cg_identity_rtol1e-06_rep2.npz: OK
out/fields/N64_case9_deeponet3d_r128_w16_podinit.npz: OK
out/fields/N64_case9_deeponet3d_r128_w16_podinit_native32_continuous_trunk.npz: OK
out/fields/N64_case9_deeponet3d_r128_w16_podinit_native32_interpolate.npz: OK
out/fields/N64_case9_dst_exact.npz: OK
out/fields/N64_case9_fno3d_w24_m8.npz: OK
out/fields/N64_case9_fno3d_w24_m8_native32_interpolate.npz: OK
out/fields/N64_case9_fno3d_w24_m8_physical_padding17.npz: OK
out/fields/N64_case9_linear_bank_galerkin.npz: OK
out/fields/N64_case9_linear_bank_weak_qR.npz: OK
out/fields/N64_case9_nmrom_K16_q0_dense.npz: OK
out/fields/N64_case9_nmrom_K16_q32_dense.npz: OK
out/fields/N64_case9_nmrom_K16_q96_dense.npz: OK
out/fields/N64_case9_pod112_galerkin.npz: OK
out/fields/N64_case9_pod112_native32_interpolated_basis_galerkin.npz: OK
out/fields/N64_case9_pod128_galerkin.npz: OK
out/fields/N64_case9_pod128_native32_interpolated_basis_galerkin.npz: OK
out/fields/N64_case9_pod16_galerkin.npz: OK
out/fields/N64_case9_pod16_native32_interpolated_basis_galerkin.npz: OK
out/fields/N64_case9_pod48_galerkin.npz: OK
out/fields/N64_case9_pod48_native32_interpolated_basis_galerkin.npz: OK
out/fields/N64_case9_reference.npz: OK
out/fields/N64_case9_transolver3d_w48_s32.npz: OK
out/fields/N64_case9_transolver3d_w48_s32_native32_interpolate.npz: OK
out/fields/N64_case9_unet3d_w16.npz: OK
out/fields/N64_case9_unet3d_w16_native32_interpolate.npz: OK
out/head_K16.pkl: OK
out/offline/pod_N32.json: OK
out/offline/pod_N32.npy: OK
out/offline/pod_N64.json: OK
out/offline/pod_N64.npy: OK
out/operators/deeponet3d_r128_w16_podinit/best.pkl: OK
out/operators/deeponet3d_r128_w16_podinit/curve.json: OK
out/operators/deeponet3d_r128_w16_podinit/latest.pkl: OK
out/operators/deeponet3d_r128_w16_podinit/pretraining/branch_curve.json: OK
out/operators/deeponet3d_r128_w16_podinit/pretraining/branch_latest.pkl: OK
out/operators/deeponet3d_r128_w16_podinit/pretraining/branch_teacher.npz: OK
out/operators/deeponet3d_r128_w16_podinit/pretraining/initialized.pkl: OK
out/operators/deeponet3d_r128_w16_podinit/pretraining/pretraining.json: OK
out/operators/deeponet3d_r128_w16_podinit/pretraining/random_initialization.pkl: OK
out/operators/deeponet3d_r128_w16_podinit/pretraining/training_teacher.npz: OK
out/operators/deeponet3d_r128_w16_podinit/pretraining/trunk_curve.json: OK
out/operators/deeponet3d_r128_w16_podinit/pretraining/trunk_latest.pkl: OK
out/operators/deeponet3d_r128_w16_podinit/pretraining/trunk_selected.pkl: OK
out/operators/deeponet3d_r128_w16_podinit/training.json: OK
out/operators/fno3d_w24_m8/best.pkl: OK
out/operators/fno3d_w24_m8/training.json: OK
out/operators/transolver3d_w48_s32/best.pkl: OK
out/operators/transolver3d_w48_s32/training.json: OK
out/operators/unet3d_w16/best.pkl: OK
out/operators/unet3d_w16/training.json: OK
out/result.json: OK
out/summary.json: OK
out/weak_setup_N32.npz: OK
out/weak_setup_N64.npz: OK
