host=pax050 source_commit=5f008882ff5b23e3f016d810aef9c537033347e2
NVIDIA A100 80GB PCIe, GPU-e2c95937-bb0e-947d-02fc-290362a2286b, 81920 MiB
10.235.106.32:/projects/paralab  4.6T  4.2T  385G  92% /cluster/tufts/paralab
jax_backend=gpu
jax_backend=gpu
FOM mu=0.9 16.5s newton_max=3 relres_max=9.92e-12
FOM mu=0.95 13.9s newton_max=3 relres_max=9.98e-12
FOM mu=1.05 14.2s newton_max=3 relres_max=9.93e-12
FOM mu=1.1 14.3s newton_max=3 relres_max=9.94e-12
FOM mu=1.0 14.1s newton_max=3 relres_max=9.95e-12
n=3364 M1=6728 M2=33730 P=320 nnz=1063720 train=5404 val=600
LS-LSPG {'error': {'u': 0.31595478053611603, 'v': 0.31595478053611475, 'max': 0.31595478053611603}, 'gn_iterations_max': 3, 'gn_cap_hits': 0, 'last_step_norm_max': 1.8792790417389685e-07, 'finite': True} LS projection {'u': 0.17961430897851755, 'v': 0.17961430897851755, 'max': 0.17961430897851755}
seed0-u ep=0 lr=1.0e-03 train=3.9253e-02 val=8.9547e-03 best=8.9547e-03 t=0s
seed0-u ep=5 lr=1.0e-03 train=8.0743e-04 val=7.2361e-04 best=7.2361e-04 t=1s
seed0-u ep=10 lr=1.0e-03 train=3.3765e-04 val=3.0734e-04 best=3.0734e-04 t=1s
seed0-u ep=15 lr=1.0e-03 train=2.0664e-04 val=1.8053e-04 best=1.8053e-04 t=2s
seed0-u ep=20 lr=1.0e-03 train=1.4002e-04 val=1.1988e-04 best=1.1988e-04 t=3s
seed0-u ep=25 lr=1.0e-03 train=1.5933e-04 val=9.3601e-05 best=9.1399e-05 t=4s
seed0-u ep=50 lr=1.0e-03 train=7.9193e-05 val=1.2561e-04 best=4.4943e-05 t=7s
seed0-u ep=55 lr=1.0e-03 train=6.9066e-05 val=3.2494e-05 best=3.2494e-05 t=8s
seed0-u ep=75 lr=1.0e-03 train=1.1446e-04 val=5.7982e-05 best=2.7479e-05 t=11s
seed0-u ep=95 lr=1.0e-04 train=1.2452e-05 val=1.2144e-05 best=1.2144e-05 t=14s
seed0-u ep=100 lr=1.0e-04 train=1.2291e-05 val=1.1986e-05 best=1.1986e-05 t=15s
seed0-u ep=110 lr=1.0e-04 train=1.2005e-05 val=1.1681e-05 best=1.1681e-05 t=16s
seed0-u ep=115 lr=1.0e-04 train=1.1821e-05 val=1.1552e-05 best=1.1552e-05 t=17s
seed0-u ep=120 lr=1.0e-04 train=1.1693e-05 val=1.1429e-05 best=1.1429e-05 t=18s
seed0-u ep=125 lr=1.0e-04 train=1.1538e-05 val=1.1268e-05 best=1.1268e-05 t=18s
seed0-u ep=140 lr=1.0e-04 train=1.1049e-05 val=1.0806e-05 best=1.0806e-05 t=21s
seed0-u ep=145 lr=1.0e-04 train=1.0929e-05 val=1.0640e-05 best=1.0640e-05 t=21s
seed0-u ep=150 lr=1.0e-04 train=1.0709e-05 val=1.0464e-05 best=1.0464e-05 t=22s
seed0-u ep=155 lr=1.0e-04 train=1.0513e-05 val=1.0280e-05 best=1.0280e-05 t=23s
seed0-u ep=165 lr=1.0e-04 train=1.0145e-05 val=9.9060e-06 best=9.9060e-06 t=24s
seed0-u ep=170 lr=1.0e-04 train=9.9766e-06 val=9.7219e-06 best=9.7219e-06 t=25s
seed0-u ep=175 lr=1.0e-04 train=9.7952e-06 val=9.5043e-06 best=9.5043e-06 t=26s
seed0-u ep=180 lr=1.0e-04 train=9.5815e-06 val=9.4179e-06 best=9.4179e-06 t=27s
seed0-u ep=185 lr=1.0e-04 train=9.3917e-06 val=9.1554e-06 best=9.1554e-06 t=27s
seed0-u ep=195 lr=1.0e-04 train=8.9851e-06 val=8.7421e-06 best=8.7421e-06 t=29s
seed0-u ep=200 lr=1.0e-04 train=8.9181e-06 val=8.6563e-06 best=8.6563e-06 t=30s
seed0-u ep=220 lr=1.0e-04 train=8.0121e-06 val=7.8730e-06 best=7.8730e-06 t=33s
seed0-u ep=225 lr=1.0e-04 train=7.9456e-06 val=7.8474e-06 best=7.8474e-06 t=33s
seed0-u ep=235 lr=1.0e-04 train=7.5528e-06 val=7.3794e-06 best=7.3794e-06 t=35s
seed0-u ep=250 lr=1.0e-04 train=7.2073e-06 val=7.2456e-06 best=7.0204e-06 t=37s
seed0-u ep=255 lr=1.0e-04 train=7.0262e-06 val=6.8445e-06 best=6.8445e-06 t=38s
seed0-u ep=260 lr=1.0e-04 train=6.6966e-06 val=6.5472e-06 best=6.5472e-06 t=38s
seed0-u ep=270 lr=1.0e-04 train=6.5541e-06 val=6.2863e-06 best=6.2863e-06 t=40s
seed0-u ep=275 lr=1.0e-04 train=7.1893e-06 val=7.2639e-06 best=6.2863e-06 t=41s
seed0-u ep=300 lr=1.0e-04 train=5.6041e-06 val=5.7597e-06 best=5.6227e-06 t=44s
seed0-u ep=315 lr=1.0e-05 train=4.8736e-06 val=4.8357e-06 best=4.8357e-06 t=47s
seed0-u ep=325 lr=1.0e-05 train=4.8501e-06 val=4.8252e-06 best=4.8131e-06 t=48s
seed0-u ep=340 lr=1.0e-05 train=4.8084e-06 val=4.7694e-06 best=4.7694e-06 t=50s
seed0-u ep=350 lr=1.0e-05 train=4.7883e-06 val=4.7534e-06 best=4.7409e-06 t=52s
seed0-u ep=370 lr=1.0e-05 train=4.7235e-06 val=4.6904e-06 best=4.6904e-06 t=55s
seed0-u ep=375 lr=1.0e-05 train=4.7084e-06 val=4.7095e-06 best=4.6850e-06 t=56s
seed0-u ep=385 lr=1.0e-05 train=4.6764e-06 val=4.6348e-06 best=4.6348e-06 t=57s
seed0-u ep=400 lr=1.0e-05 train=4.6312e-06 val=4.5901e-06 best=4.5901e-06 t=59s
seed0-u ep=410 lr=1.0e-05 train=4.5787e-06 val=4.5566e-06 best=4.5566e-06 t=61s
seed0-u ep=420 lr=1.0e-05 train=4.5465e-06 val=4.5021e-06 best=4.5021e-06 t=62s
seed0-u ep=425 lr=1.0e-05 train=4.5345e-06 val=4.5094e-06 best=4.5021e-06 t=63s
seed0-u ep=430 lr=1.0e-05 train=4.5136e-06 val=4.4793e-06 best=4.4793e-06 t=64s
seed0-u ep=450 lr=1.0e-05 train=4.4458e-06 val=4.4078e-06 best=4.3904e-06 t=67s
seed0-u ep=475 lr=1.0e-05 train=4.3357e-06 val=4.3022e-06 best=4.3022e-06 t=70s
seed0-u ep=480 lr=1.0e-05 train=4.3135e-06 val=4.2830e-06 best=4.2830e-06 t=71s
seed0-u ep=490 lr=1.0e-05 train=4.2695e-06 val=4.2329e-06 best=4.2329e-06 t=73s
seed0-u ep=500 lr=1.0e-05 train=4.2340e-06 val=4.2209e-06 best=4.2126e-06 t=74s
seed0-u ep=505 lr=1.0e-05 train=4.2097e-06 val=4.1830e-06 best=4.1830e-06 t=75s
seed0-u ep=515 lr=1.0e-05 train=4.1796e-06 val=4.1430e-06 best=4.1430e-06 t=76s
seed0-u ep=525 lr=1.0e-05 train=4.1289e-06 val=4.1435e-06 best=4.1110e-06 t=78s
seed0-u ep=530 lr=1.0e-05 train=4.1752e-06 val=4.0955e-06 best=4.0955e-06 t=79s
seed0-u ep=550 lr=1.0e-05 train=4.0429e-06 val=4.0236e-06 best=4.0185e-06 t=82s
seed0-u ep=555 lr=1.0e-05 train=4.0194e-06 val=4.0073e-06 best=4.0073e-06 t=82s
seed0-u ep=565 lr=1.0e-05 train=3.9865e-06 val=3.9638e-06 best=3.9638e-06 t=84s
seed0-u ep=575 lr=1.0e-05 train=3.9390e-06 val=3.9381e-06 best=3.9313e-06 t=85s
seed0-u ep=600 lr=1.0e-05 train=3.8531e-06 val=3.8436e-06 best=3.8296e-06 t=89s
seed0-u ep=625 lr=1.0e-05 train=3.7722e-06 val=3.7678e-06 best=3.7629e-06 t=93s
seed0-u ep=630 lr=1.0e-05 train=3.7520e-06 val=3.7358e-06 best=3.7358e-06 t=93s
seed0-u ep=650 lr=1.0e-05 train=3.7178e-06 val=3.7127e-06 best=3.6815e-06 t=96s
seed0-u ep=670 lr=1.0e-05 train=3.6326e-06 val=3.6213e-06 best=3.6213e-06 t=99s
seed0-u ep=675 lr=1.0e-05 train=3.6269e-06 val=3.6360e-06 best=3.6213e-06 t=100s
seed0-u ep=700 lr=1.0e-05 train=3.5481e-06 val=3.5495e-06 best=3.5436e-06 t=104s
seed0-u ep=715 lr=1.0e-05 train=3.4887e-06 val=3.4826e-06 best=3.4826e-06 t=106s
seed0-u ep=725 lr=1.0e-05 train=3.4500e-06 val=3.4520e-06 best=3.4520e-06 t=108s
seed0-u ep=745 lr=1.0e-05 train=3.3994e-06 val=3.3856e-06 best=3.3856e-06 t=111s
seed0-u ep=750 lr=1.0e-05 train=3.3877e-06 val=3.4026e-06 best=3.3795e-06 t=111s
seed0-u ep=755 lr=1.0e-05 train=3.3804e-06 val=3.3786e-06 best=3.3786e-06 t=112s
seed0-u ep=760 lr=1.0e-05 train=3.3849e-06 val=3.3695e-06 best=3.3695e-06 t=113s
seed0-u ep=770 lr=1.0e-05 train=3.3406e-06 val=3.3337e-06 best=3.3337e-06 t=114s
seed0-u ep=775 lr=1.0e-05 train=3.3205e-06 val=3.3137e-06 best=3.3137e-06 t=115s
seed0-u ep=790 lr=1.0e-05 train=3.2882e-06 val=3.2857e-06 best=3.2857e-06 t=117s
seed0-u ep=795 lr=1.0e-05 train=3.2732e-06 val=3.2642e-06 best=3.2642e-06 t=118s
seed0-u ep=800 lr=1.0e-05 train=3.2599e-06 val=3.2541e-06 best=3.2541e-06 t=119s
seed0-u ep=815 lr=1.0e-05 train=3.2401e-06 val=3.2107e-06 best=3.2107e-06 t=121s
seed0-u ep=825 lr=1.0e-05 train=3.2016e-06 val=3.2001e-06 best=3.2001e-06 t=122s
seed0-u ep=830 lr=1.0e-05 train=3.2094e-06 val=3.1989e-06 best=3.1989e-06 t=123s
seed0-u ep=835 lr=1.0e-05 train=3.1790e-06 val=3.1562e-06 best=3.1562e-06 t=124s
seed0-u ep=850 lr=1.0e-05 train=3.1408e-06 val=3.1510e-06 best=3.1416e-06 t=126s
seed0-u ep=855 lr=1.0e-05 train=3.1245e-06 val=3.1278e-06 best=3.1278e-06 t=127s
seed0-u ep=865 lr=1.0e-05 train=3.0944e-06 val=3.1084e-06 best=3.1084e-06 t=128s
seed0-u ep=870 lr=1.0e-05 train=3.1036e-06 val=3.0951e-06 best=3.0951e-06 t=129s
seed0-u ep=875 lr=1.0e-05 train=3.0755e-06 val=3.0878e-06 best=3.0860e-06 t=130s
seed0-u ep=880 lr=1.0e-05 train=3.0628e-06 val=3.0758e-06 best=3.0758e-06 t=131s
seed0-u ep=890 lr=1.0e-05 train=3.0526e-06 val=3.0420e-06 best=3.0420e-06 t=132s
seed0-u ep=895 lr=1.0e-05 train=3.0241e-06 val=3.0217e-06 best=3.0217e-06 t=133s
seed0-u ep=900 lr=1.0e-05 train=3.0365e-06 val=3.0471e-06 best=3.0209e-06 t=134s
seed0-u ep=925 lr=1.0e-05 train=2.9690e-06 val=2.9762e-06 best=2.9759e-06 t=137s
seed0-u ep=930 lr=1.0e-05 train=2.9509e-06 val=2.9603e-06 best=2.9603e-06 t=138s
seed0-u ep=950 lr=1.0e-05 train=2.9290e-06 val=2.9480e-06 best=2.9203e-06 t=141s
seed0-u ep=975 lr=1.0e-05 train=2.8659e-06 val=2.8656e-06 best=2.8656e-06 t=145s
seed0-u ep=1000 lr=1.0e-05 train=2.8524e-06 val=2.8451e-06 best=2.8220e-06 t=148s
seed0-u ep=1025 lr=1.0e-05 train=2.7691e-06 val=2.7785e-06 best=2.7642e-06 t=152s
seed0-u ep=1040 lr=1.0e-05 train=2.7390e-06 val=2.7415e-06 best=2.7415e-06 t=154s
seed0-u ep=1050 lr=1.0e-05 train=2.7160e-06 val=2.7376e-06 best=2.7286e-06 t=156s
seed0-u ep=1055 lr=1.0e-05 train=2.7108e-06 val=2.7181e-06 best=2.7181e-06 t=157s
seed0-u ep=1075 lr=1.0e-05 train=2.6795e-06 val=2.6875e-06 best=2.6821e-06 t=160s
seed0-u ep=1100 lr=1.0e-05 train=2.6474e-06 val=2.6576e-06 best=2.6353e-06 t=163s
seed0-u ep=1105 lr=1.0e-05 train=2.6202e-06 val=2.6176e-06 best=2.6176e-06 t=164s
seed0-u ep=1125 lr=1.0e-05 train=2.5853e-06 val=2.5827e-06 best=2.5827e-06 t=167s
seed0-u ep=1150 lr=1.0e-05 train=2.5664e-06 val=2.5433e-06 best=2.5433e-06 t=171s
seed0-u ep=1155 lr=1.0e-05 train=2.5456e-06 val=2.5313e-06 best=2.5313e-06 t=172s
seed0-u ep=1175 lr=1.0e-05 train=2.5134e-06 val=2.5158e-06 best=2.5044e-06 t=175s
seed0-u ep=1185 lr=1.0e-05 train=2.4962e-06 val=2.4901e-06 best=2.4901e-06 t=176s
seed0-u ep=1190 lr=1.0e-05 train=2.4769e-06 val=2.4815e-06 best=2.4815e-06 t=177s
seed0-u ep=1195 lr=1.0e-05 train=2.4820e-06 val=2.4715e-06 best=2.4715e-06 t=177s
seed0-u ep=1200 lr=1.0e-05 train=2.4649e-06 val=2.4870e-06 best=2.4657e-06 t=178s
seed0-u ep=1210 lr=1.0e-05 train=2.4498e-06 val=2.4582e-06 best=2.4582e-06 t=180s
seed0-u ep=1220 lr=1.0e-05 train=2.4343e-06 val=2.4288e-06 best=2.4288e-06 t=181s
seed0-u ep=1225 lr=1.0e-05 train=2.4387e-06 val=2.4494e-06 best=2.4288e-06 t=182s
seed0-u ep=1250 lr=1.0e-05 train=2.3874e-06 val=2.4373e-06 best=2.3825e-06 t=186s
seed0-u ep=1260 lr=1.0e-05 train=2.3723e-06 val=2.3656e-06 best=2.3656e-06 t=187s
seed0-u ep=1275 lr=1.0e-05 train=2.3509e-06 val=2.3746e-06 best=2.3514e-06 t=189s
seed0-u ep=1280 lr=1.0e-05 train=2.3437e-06 val=2.3414e-06 best=2.3414e-06 t=190s
seed0-u ep=1300 lr=1.0e-05 train=2.3337e-06 val=2.3211e-06 best=2.3182e-06 t=193s
seed0-u ep=1320 lr=1.0e-05 train=2.2910e-06 val=2.2920e-06 best=2.2920e-06 t=196s
seed0-u ep=1325 lr=1.0e-05 train=2.2896e-06 val=2.2763e-06 best=2.2763e-06 t=197s
seed0-u ep=1330 lr=1.0e-05 train=2.2855e-06 val=2.2698e-06 best=2.2698e-06 t=198s
seed0-u ep=1350 lr=1.0e-05 train=2.2447e-06 val=2.2504e-06 best=2.2504e-06 t=201s
seed0-u ep=1375 lr=1.0e-05 train=2.2253e-06 val=2.2231e-06 best=2.2168e-06 t=204s
seed0-u ep=1385 lr=1.0e-05 train=2.2008e-06 val=2.2047e-06 best=2.2047e-06 t=206s
seed0-u ep=1400 lr=1.0e-05 train=2.1837e-06 val=2.1885e-06 best=2.1781e-06 t=208s
seed0-u ep=1405 lr=1.0e-05 train=2.1712e-06 val=2.1617e-06 best=2.1617e-06 t=209s
seed0-u ep=1425 lr=1.0e-05 train=2.1438e-06 val=2.1386e-06 best=2.1386e-06 t=212s
seed0-u ep=1450 lr=1.0e-05 train=2.1133e-06 val=2.1118e-06 best=2.1118e-06 t=215s
seed0-u ep=1460 lr=1.0e-05 train=2.1029e-06 val=2.1004e-06 best=2.1004e-06 t=217s
seed0-u ep=1465 lr=1.0e-05 train=2.0936e-06 val=2.0822e-06 best=2.0822e-06 t=218s
seed0-u ep=1475 lr=1.0e-05 train=2.0923e-06 val=2.1036e-06 best=2.0822e-06 t=219s
seed0-u ep=1500 lr=1.0e-05 train=2.0587e-06 val=2.0664e-06 best=2.0548e-06 t=223s
seed0-u ep=1505 lr=1.0e-05 train=2.0472e-06 val=2.0459e-06 best=2.0459e-06 t=224s
seed0-u ep=1515 lr=1.0e-05 train=2.0342e-06 val=2.0291e-06 best=2.0291e-06 t=225s
seed0-u ep=1525 lr=1.0e-05 train=2.0273e-06 val=2.0564e-06 best=2.0263e-06 t=227s
seed0-u ep=1530 lr=1.0e-05 train=2.0266e-06 val=2.0207e-06 best=2.0207e-06 t=227s
seed0-u ep=1550 lr=1.0e-05 train=1.9976e-06 val=1.9889e-06 best=1.9889e-06 t=230s
seed0-u ep=1575 lr=1.0e-05 train=1.9734e-06 val=1.9517e-06 best=1.9517e-06 t=234s
seed0-u ep=1590 lr=1.0e-05 train=1.9535e-06 val=1.9402e-06 best=1.9402e-06 t=236s
seed0-u ep=1600 lr=1.0e-05 train=1.9442e-06 val=1.9419e-06 best=1.9366e-06 t=238s
seed0-u ep=1615 lr=1.0e-05 train=1.9377e-06 val=1.9159e-06 best=1.9159e-06 t=240s
seed0-u ep=1620 lr=1.0e-05 train=1.9160e-06 val=1.9116e-06 best=1.9116e-06 t=241s
seed0-u ep=1625 lr=1.0e-05 train=1.9147e-06 val=1.9149e-06 best=1.9053e-06 t=241s
seed0-u ep=1650 lr=1.0e-05 train=1.9108e-06 val=1.8915e-06 best=1.8833e-06 t=245s
seed0-u ep=1675 lr=1.0e-05 train=1.8551e-06 val=1.8597e-06 best=1.8491e-06 t=249s
seed0-u ep=1700 lr=1.0e-05 train=1.8400e-06 val=1.8311e-06 best=1.8311e-06 t=253s
seed0-u ep=1720 lr=1.0e-05 train=1.8153e-06 val=1.8007e-06 best=1.8007e-06 t=256s
seed0-u ep=1725 lr=1.0e-05 train=1.8454e-06 val=1.8323e-06 best=1.7983e-06 t=256s
seed0-u ep=1735 lr=1.0e-05 train=1.8007e-06 val=1.7957e-06 best=1.7957e-06 t=258s
seed0-u ep=1740 lr=1.0e-05 train=1.8008e-06 val=1.7788e-06 best=1.7788e-06 t=259s
seed0-u ep=1750 lr=1.0e-05 train=1.8036e-06 val=1.7874e-06 best=1.7760e-06 t=260s
seed0-u ep=1775 lr=1.0e-05 train=1.7617e-06 val=1.7600e-06 best=1.7532e-06 t=264s
seed0-u ep=1780 lr=1.0e-05 train=1.7544e-06 val=1.7506e-06 best=1.7506e-06 t=265s
seed0-u ep=1795 lr=1.0e-05 train=1.7528e-06 val=1.7256e-06 best=1.7256e-06 t=267s
seed0-u ep=1800 lr=1.0e-05 train=1.7425e-06 val=1.7381e-06 best=1.7256e-06 t=267s
seed0-u ep=1810 lr=1.0e-06 train=1.6812e-06 val=1.6799e-06 best=1.6799e-06 t=269s
seed0-u ep=1825 lr=1.0e-06 train=1.6797e-06 val=1.6789e-06 best=1.6786e-06 t=271s
seed0-u ep=1850 lr=1.0e-06 train=1.6774e-06 val=1.6763e-06 best=1.6757e-06 t=275s
seed0-u ep=1865 lr=1.0e-06 train=1.6758e-06 val=1.6732e-06 best=1.6732e-06 t=277s
seed0-u ep=1875 lr=1.0e-06 train=1.6752e-06 val=1.6744e-06 best=1.6732e-06 t=279s
seed0-u ep=1885 lr=1.0e-06 train=1.6737e-06 val=1.6726e-06 best=1.6726e-06 t=280s
seed0-u ep=1890 lr=1.0e-06 train=1.6742e-06 val=1.6720e-06 best=1.6720e-06 t=281s
seed0-u ep=1900 lr=1.0e-06 train=1.6724e-06 val=1.6700e-06 best=1.6700e-06 t=282s
seed0-u ep=1920 lr=1.0e-06 train=1.6695e-06 val=1.6663e-06 best=1.6663e-06 t=285s
seed0-u ep=1925 lr=1.0e-06 train=1.6687e-06 val=1.6689e-06 best=1.6663e-06 t=286s
seed0-u ep=1950 lr=1.0e-06 train=1.6660e-06 val=1.6671e-06 best=1.6638e-06 t=290s
seed0-u ep=1960 lr=1.0e-06 train=1.6645e-06 val=1.6629e-06 best=1.6629e-06 t=291s
seed0-u ep=1975 lr=1.0e-06 train=1.6627e-06 val=1.6616e-06 best=1.6604e-06 t=294s
seed0-u ep=1990 lr=1.0e-06 train=1.6605e-06 val=1.6580e-06 best=1.6580e-06 t=296s
seed0-u ep=2000 lr=1.0e-06 train=1.6601e-06 val=1.6594e-06 best=1.6559e-06 t=297s
seed0-u ep=2005 lr=1.0e-06 train=1.6588e-06 val=1.6545e-06 best=1.6545e-06 t=298s
seed0-u ep=2025 lr=1.0e-06 train=1.6562e-06 val=1.6550e-06 best=1.6529e-06 t=301s
seed0-u ep=2050 lr=1.0e-06 train=1.6531e-06 val=1.6497e-06 best=1.6494e-06 t=305s
seed0-u ep=2065 lr=1.0e-06 train=1.6495e-06 val=1.6477e-06 best=1.6477e-06 t=307s
seed0-u ep=2075 lr=1.0e-06 train=1.6491e-06 val=1.6510e-06 best=1.6466e-06 t=308s
seed0-u ep=2085 lr=1.0e-06 train=1.6470e-06 val=1.6456e-06 best=1.6456e-06 t=310s
seed0-u ep=2100 lr=1.0e-06 train=1.6459e-06 val=1.6437e-06 best=1.6431e-06 t=312s
seed0-u ep=2105 lr=1.0e-06 train=1.6447e-06 val=1.6426e-06 best=1.6426e-06 t=313s
seed0-u ep=2120 lr=1.0e-06 train=1.6423e-06 val=1.6391e-06 best=1.6391e-06 t=315s
seed0-u ep=2125 lr=1.0e-06 train=1.6413e-06 val=1.6391e-06 best=1.6389e-06 t=316s
seed0-u ep=2140 lr=1.0e-06 train=1.6397e-06 val=1.6353e-06 best=1.6353e-06 t=318s
seed0-u ep=2150 lr=1.0e-06 train=1.6378e-06 val=1.6359e-06 best=1.6353e-06 t=320s
seed0-u ep=2155 lr=1.0e-06 train=1.6373e-06 val=1.6347e-06 best=1.6347e-06 t=320s
seed0-u ep=2160 lr=1.0e-06 train=1.6370e-06 val=1.6343e-06 best=1.6343e-06 t=321s
seed0-u ep=2175 lr=1.0e-06 train=1.6351e-06 val=1.6365e-06 best=1.6327e-06 t=323s
seed0-u ep=2190 lr=1.0e-06 train=1.6318e-06 val=1.6294e-06 best=1.6294e-06 t=326s
seed0-u ep=2200 lr=1.0e-06 train=1.6312e-06 val=1.6315e-06 best=1.6285e-06 t=327s
seed0-u ep=2210 lr=1.0e-06 train=1.6302e-06 val=1.6272e-06 best=1.6272e-06 t=329s
seed0-u ep=2225 lr=1.0e-06 train=1.6278e-06 val=1.6271e-06 best=1.6255e-06 t=331s
seed0-u ep=2250 lr=1.0e-06 train=1.6242e-06 val=1.6244e-06 best=1.6215e-06 t=334s
seed0-u ep=2255 lr=1.0e-06 train=1.6231e-06 val=1.6206e-06 best=1.6206e-06 t=335s
seed0-u ep=2275 lr=1.0e-06 train=1.6211e-06 val=1.6210e-06 best=1.6175e-06 t=338s
seed0-u ep=2295 lr=1.0e-06 train=1.6180e-06 val=1.6156e-06 best=1.6156e-06 t=341s
seed0-u ep=2300 lr=1.0e-06 train=1.6172e-06 val=1.6152e-06 best=1.6152e-06 t=342s
seed0-u ep=2315 lr=1.0e-06 train=1.6153e-06 val=1.6122e-06 best=1.6122e-06 t=344s
seed0-u ep=2325 lr=1.0e-06 train=1.6145e-06 val=1.6114e-06 best=1.6114e-06 t=346s
seed0-u ep=2350 lr=1.0e-06 train=1.6111e-06 val=1.6067e-06 best=1.6067e-06 t=349s
seed0-u ep=2360 lr=1.0e-07 train=1.6037e-06 val=1.6033e-06 best=1.6033e-06 t=351s
seed0-u ep=2375 lr=1.0e-07 train=1.6035e-06 val=1.6036e-06 best=1.6029e-06 t=353s
seed0-u ep=2400 lr=1.0e-08 train=1.6028e-06 val=1.6030e-06 best=1.6029e-06 t=357s
seed0-u ep=2425 lr=1.0e-08 train=1.6028e-06 val=1.6030e-06 best=1.6029e-06 t=361s
seed0-u ep=2450 lr=1.0e-08 train=1.6028e-06 val=1.6030e-06 best=1.6029e-06 t=364s
seed0-u ep=2475 lr=1.0e-08 train=1.6028e-06 val=1.6030e-06 best=1.6029e-06 t=368s
seed0-u ep=2500 lr=1.0e-08 train=1.6027e-06 val=1.6029e-06 best=1.6029e-06 t=372s
seed0-u ep=2525 lr=1.0e-08 train=1.6027e-06 val=1.6029e-06 best=1.6029e-06 t=375s
seed0-u ep=2540 lr=1.0e-08 train=1.6027e-06 val=1.6028e-06 best=1.6028e-06 t=378s
seed0-u ep=2550 lr=1.0e-08 train=1.6027e-06 val=1.6029e-06 best=1.6028e-06 t=379s
seed0-u ep=2575 lr=1.0e-08 train=1.6026e-06 val=1.6028e-06 best=1.6028e-06 t=383s
seed0-u ep=2600 lr=1.0e-08 train=1.6026e-06 val=1.6028e-06 best=1.6028e-06 t=387s
seed0-u ep=2625 lr=1.0e-08 train=1.6026e-06 val=1.6028e-06 best=1.6028e-06 t=390s
seed0-u ep=2630 lr=1.0e-08 train=1.6026e-06 val=1.6028e-06 best=1.6028e-06 t=391s
seed0-u ep=2650 lr=1.0e-08 train=1.6025e-06 val=1.6028e-06 best=1.6027e-06 t=394s
seed0-u ep=2675 lr=1.0e-08 train=1.6025e-06 val=1.6029e-06 best=1.6027e-06 t=398s
seed0-u ep=2700 lr=1.0e-08 train=1.6025e-06 val=1.6028e-06 best=1.6027e-06 t=401s
seed0-u ep=2725 lr=1.0e-08 train=1.6025e-06 val=1.6027e-06 best=1.6027e-06 t=405s
seed0-u ep=2750 lr=1.0e-08 train=1.6024e-06 val=1.6027e-06 best=1.6026e-06 t=409s
seed0-u ep=2770 lr=1.0e-08 train=1.6024e-06 val=1.6026e-06 best=1.6026e-06 t=412s
seed0-u ep=2775 lr=1.0e-08 train=1.6024e-06 val=1.6027e-06 best=1.6026e-06 t=413s
seed0-u ep=2800 lr=1.0e-08 train=1.6024e-06 val=1.6026e-06 best=1.6026e-06 t=416s
seed0-u ep=2825 lr=1.0e-08 train=1.6023e-06 val=1.6026e-06 best=1.6026e-06 t=420s
seed0-u ep=2840 lr=1.0e-08 train=1.6023e-06 val=1.6025e-06 best=1.6025e-06 t=422s
seed0-u ep=2850 lr=1.0e-08 train=1.6023e-06 val=1.6026e-06 best=1.6025e-06 t=424s
seed0-u ep=2875 lr=1.0e-08 train=1.6023e-06 val=1.6026e-06 best=1.6025e-06 t=427s
seed0-u ep=2900 lr=1.0e-08 train=1.6023e-06 val=1.6025e-06 best=1.6024e-06 t=431s
seed0-u ep=2925 lr=1.0e-08 train=1.6022e-06 val=1.6025e-06 best=1.6024e-06 t=435s
seed0-u ep=2950 lr=1.0e-08 train=1.6022e-06 val=1.6025e-06 best=1.6024e-06 t=439s
seed0-u ep=2975 lr=1.0e-08 train=1.6022e-06 val=1.6024e-06 best=1.6024e-06 t=442s
seed0-u ep=2980 lr=1.0e-08 train=1.6022e-06 val=1.6023e-06 best=1.6023e-06 t=443s
seed0-u ep=2985 lr=1.0e-08 train=1.6022e-06 val=1.6023e-06 best=1.6023e-06 t=444s
seed0-u ep=3000 lr=1.0e-08 train=1.6021e-06 val=1.6024e-06 best=1.6023e-06 t=446s
seed0-u ep=3025 lr=1.0e-08 train=1.6021e-06 val=1.6023e-06 best=1.6023e-06 t=450s
seed0-u ep=3050 lr=1.0e-08 train=1.6021e-06 val=1.6023e-06 best=1.6023e-06 t=453s
seed0-u ep=3075 lr=1.0e-08 train=1.6021e-06 val=1.6023e-06 best=1.6022e-06 t=457s
seed0-u ep=3095 lr=1.0e-08 train=1.6020e-06 val=1.6022e-06 best=1.6022e-06 t=460s
seed0-u ep=3100 lr=1.0e-08 train=1.6020e-06 val=1.6022e-06 best=1.6022e-06 t=461s
seed0-u ep=3120 lr=1.0e-08 train=1.6020e-06 val=1.6021e-06 best=1.6021e-06 t=464s
seed0-u ep=3125 lr=1.0e-08 train=1.6020e-06 val=1.6023e-06 best=1.6021e-06 t=465s
seed0-u ep=3150 lr=1.0e-08 train=1.6020e-06 val=1.6022e-06 best=1.6021e-06 t=468s
seed0-u ep=3160 lr=1.0e-08 train=1.6020e-06 val=1.6021e-06 best=1.6021e-06 t=470s
seed0-u ep=3175 lr=1.0e-08 train=1.6020e-06 val=1.6021e-06 best=1.6021e-06 t=472s
seed0-u ep=3190 lr=1.0e-08 train=1.6019e-06 val=1.6020e-06 best=1.6020e-06 t=474s
seed0-u ep=3200 lr=1.0e-08 train=1.6019e-06 val=1.6021e-06 best=1.6020e-06 t=476s
seed0-u ep=3225 lr=1.0e-08 train=1.6019e-06 val=1.6020e-06 best=1.6020e-06 t=480s
seed0-u ep=3250 lr=1.0e-08 train=1.6019e-06 val=1.6020e-06 best=1.6019e-06 t=483s
seed0-u ep=3275 lr=1.0e-08 train=1.6018e-06 val=1.6021e-06 best=1.6019e-06 t=487s
seed0-u ep=3300 lr=1.0e-08 train=1.6018e-06 val=1.6020e-06 best=1.6019e-06 t=491s
seed0-u ep=3305 lr=1.0e-08 train=1.6018e-06 val=1.6019e-06 best=1.6019e-06 t=491s
seed0-u ep=3325 lr=1.0e-08 train=1.6018e-06 val=1.6019e-06 best=1.6019e-06 t=494s
seed0-u ep=3350 lr=1.0e-08 train=1.6017e-06 val=1.6019e-06 best=1.6019e-06 t=498s
seed0-u ep=3375 lr=1.0e-08 train=1.6017e-06 val=1.6019e-06 best=1.6019e-06 t=502s
seed0-u ep=3400 lr=1.0e-08 train=1.6017e-06 val=1.6020e-06 best=1.6019e-06 t=506s
seed0-u ep=3420 lr=1.0e-08 train=1.6017e-06 val=1.6018e-06 best=1.6018e-06 t=509s
seed0-u ep=3425 lr=1.0e-08 train=1.6017e-06 val=1.6019e-06 best=1.6018e-06 t=509s
seed0-u ep=3450 lr=1.0e-08 train=1.6016e-06 val=1.6019e-06 best=1.6018e-06 t=513s
seed0-u ep=3475 lr=1.0e-08 train=1.6016e-06 val=1.6018e-06 best=1.6018e-06 t=517s
seed0-u ep=3500 lr=1.0e-08 train=1.6016e-06 val=1.6018e-06 best=1.6018e-06 t=520s
seed0-u ep=3515 lr=1.0e-08 train=1.6016e-06 val=1.6018e-06 best=1.6018e-06 t=523s
seed0-u ep=3520 lr=1.0e-08 train=1.6016e-06 val=1.6017e-06 best=1.6017e-06 t=523s
seed0-u ep=3525 lr=1.0e-08 train=1.6015e-06 val=1.6018e-06 best=1.6017e-06 t=524s
seed0-u ep=3550 lr=1.0e-08 train=1.6015e-06 val=1.6017e-06 best=1.6017e-06 t=528s
seed0-u ep=3565 lr=1.0e-08 train=1.6015e-06 val=1.6016e-06 best=1.6016e-06 t=530s
seed0-u ep=3575 lr=1.0e-08 train=1.6015e-06 val=1.6017e-06 best=1.6016e-06 t=532s
seed0-u ep=3600 lr=1.0e-08 train=1.6014e-06 val=1.6016e-06 best=1.6016e-06 t=535s
seed0-u ep=3625 lr=1.0e-08 train=1.6014e-06 val=1.6016e-06 best=1.6016e-06 t=539s
seed0-u ep=3630 lr=1.0e-08 train=1.6014e-06 val=1.6015e-06 best=1.6015e-06 t=540s
seed0-u ep=3650 lr=1.0e-08 train=1.6014e-06 val=1.6017e-06 best=1.6015e-06 t=543s
seed0-u ep=3675 lr=1.0e-08 train=1.6014e-06 val=1.6016e-06 best=1.6015e-06 t=546s
seed0-u ep=3700 lr=1.0e-08 train=1.6013e-06 val=1.6016e-06 best=1.6015e-06 t=550s
seed0-u ep=3715 lr=1.0e-08 train=1.6013e-06 val=1.6015e-06 best=1.6015e-06 t=552s
seed0-u ep=3720 lr=1.0e-08 train=1.6013e-06 val=1.6015e-06 best=1.6015e-06 t=553s
seed0-u ep=3725 lr=1.0e-08 train=1.6013e-06 val=1.6016e-06 best=1.6015e-06 t=554s
seed0-u ep=3750 lr=1.0e-08 train=1.6013e-06 val=1.6015e-06 best=1.6015e-06 t=558s
seed0-u ep=3775 lr=1.0e-08 train=1.6012e-06 val=1.6014e-06 best=1.6014e-06 t=561s
seed0-u ep=3800 lr=1.0e-08 train=1.6012e-06 val=1.6014e-06 best=1.6014e-06 t=565s
seed0-u ep=3825 lr=1.0e-08 train=1.6012e-06 val=1.6014e-06 best=1.6013e-06 t=569s
seed0-u ep=3850 lr=1.0e-08 train=1.6012e-06 val=1.6014e-06 best=1.6013e-06 t=572s
seed0-u ep=3875 lr=1.0e-08 train=1.6011e-06 val=1.6014e-06 best=1.6013e-06 t=576s
seed0-u ep=3900 lr=1.0e-08 train=1.6011e-06 val=1.6014e-06 best=1.6013e-06 t=580s
seed0-u ep=3925 lr=1.0e-08 train=1.6011e-06 val=1.6014e-06 best=1.6013e-06 t=584s
seed0-u ep=3935 lr=1.0e-08 train=1.6011e-06 val=1.6013e-06 best=1.6013e-06 t=585s
seed0-u ep=3950 lr=1.0e-08 train=1.6011e-06 val=1.6013e-06 best=1.6013e-06 t=587s
seed0-u ep=3975 lr=1.0e-08 train=1.6010e-06 val=1.6012e-06 best=1.6012e-06 t=591s
seed0-u ep=4000 lr=1.0e-08 train=1.6010e-06 val=1.6013e-06 best=1.6012e-06 t=595s
seed0-u ep=4025 lr=1.0e-08 train=1.6010e-06 val=1.6013e-06 best=1.6012e-06 t=599s
seed0-u ep=4030 lr=1.0e-08 train=1.6010e-06 val=1.6011e-06 best=1.6011e-06 t=599s
seed0-u ep=4050 lr=1.0e-08 train=1.6009e-06 val=1.6012e-06 best=1.6011e-06 t=602s
seed0-u ep=4075 lr=1.0e-08 train=1.6009e-06 val=1.6011e-06 best=1.6011e-06 t=606s
seed0-u ep=4080 lr=1.0e-08 train=1.6009e-06 val=1.6011e-06 best=1.6011e-06 t=607s
seed0-u ep=4100 lr=1.0e-08 train=1.6009e-06 val=1.6011e-06 best=1.6011e-06 t=610s
seed0-u ep=4125 lr=1.0e-08 train=1.6008e-06 val=1.6010e-06 best=1.6010e-06 t=613s
seed0-u ep=4145 lr=1.0e-08 train=1.6008e-06 val=1.6009e-06 best=1.6009e-06 t=616s
seed0-u ep=4150 lr=1.0e-08 train=1.6008e-06 val=1.6009e-06 best=1.6009e-06 t=617s
seed0-u ep=4155 lr=1.0e-08 train=1.6008e-06 val=1.6009e-06 best=1.6009e-06 t=618s
seed0-u ep=4160 lr=1.0e-08 train=1.6008e-06 val=1.6009e-06 best=1.6009e-06 t=619s
seed0-u ep=4175 lr=1.0e-08 train=1.6008e-06 val=1.6010e-06 best=1.6009e-06 t=621s
seed0-u ep=4200 lr=1.0e-08 train=1.6008e-06 val=1.6010e-06 best=1.6009e-06 t=625s
seed0-u ep=4225 lr=1.0e-08 train=1.6007e-06 val=1.6010e-06 best=1.6009e-06 t=628s
seed0-u ep=4240 lr=1.0e-08 train=1.6007e-06 val=1.6009e-06 best=1.6009e-06 t=630s
seed0-u ep=4250 lr=1.0e-08 train=1.6007e-06 val=1.6009e-06 best=1.6009e-06 t=632s
seed0-u ep=4255 lr=1.0e-08 train=1.6007e-06 val=1.6008e-06 best=1.6008e-06 t=633s
seed0-u ep=4265 lr=1.0e-08 train=1.6007e-06 val=1.6008e-06 best=1.6008e-06 t=634s
seed0-u ep=4275 lr=1.0e-08 train=1.6007e-06 val=1.6009e-06 best=1.6008e-06 t=636s
seed0-u ep=4295 lr=1.0e-08 train=1.6006e-06 val=1.6008e-06 best=1.6008e-06 t=639s
seed0-u ep=4300 lr=1.0e-08 train=1.6006e-06 val=1.6008e-06 best=1.6007e-06 t=639s
seed0-u ep=4310 lr=1.0e-08 train=1.6007e-06 val=1.6007e-06 best=1.6007e-06 t=641s
seed0-u ep=4325 lr=1.0e-08 train=1.6006e-06 val=1.6007e-06 best=1.6007e-06 t=643s
seed0-u ep=4350 lr=1.0e-08 train=1.6006e-06 val=1.6007e-06 best=1.6007e-06 t=647s
seed0-u ep=4375 lr=1.0e-08 train=1.6006e-06 val=1.6007e-06 best=1.6006e-06 t=651s
seed0-u ep=4400 lr=1.0e-08 train=1.6005e-06 val=1.6007e-06 best=1.6006e-06 t=654s
seed0-u ep=4425 lr=1.0e-08 train=1.6005e-06 val=1.6005e-06 best=1.6005e-06 t=658s
seed0-u ep=4450 lr=1.0e-08 train=1.6005e-06 val=1.6006e-06 best=1.6005e-06 t=662s
seed0-u ep=4475 lr=1.0e-08 train=1.6004e-06 val=1.6006e-06 best=1.6005e-06 t=665s
seed0-u ep=4500 lr=1.0e-08 train=1.6004e-06 val=1.6005e-06 best=1.6005e-06 t=669s
seed0-u ep=4505 lr=1.0e-08 train=1.6004e-06 val=1.6005e-06 best=1.6005e-06 t=670s
seed0-u ep=4525 lr=1.0e-08 train=1.6004e-06 val=1.6005e-06 best=1.6005e-06 t=673s
seed0-u ep=4550 lr=1.0e-08 train=1.6004e-06 val=1.6005e-06 best=1.6004e-06 t=677s
seed0-u ep=4575 lr=1.0e-08 train=1.6003e-06 val=1.6005e-06 best=1.6004e-06 t=680s
seed0-u ep=4600 lr=1.0e-08 train=1.6003e-06 val=1.6005e-06 best=1.6004e-06 t=684s
seed0-u ep=4625 lr=1.0e-08 train=1.6003e-06 val=1.6004e-06 best=1.6004e-06 t=688s
seed0-u ep=4650 lr=1.0e-08 train=1.6003e-06 val=1.6004e-06 best=1.6004e-06 t=692s
seed0-u ep=4675 lr=1.0e-08 train=1.6002e-06 val=1.6003e-06 best=1.6003e-06 t=695s
seed0-u ep=4700 lr=1.0e-08 train=1.6002e-06 val=1.6003e-06 best=1.6003e-06 t=699s
seed0-u ep=4725 lr=1.0e-08 train=1.6002e-06 val=1.6003e-06 best=1.6002e-06 t=703s
seed0-u ep=4750 lr=1.0e-08 train=1.6002e-06 val=1.6003e-06 best=1.6002e-06 t=706s
seed0-u ep=4775 lr=1.0e-08 train=1.6001e-06 val=1.6003e-06 best=1.6002e-06 t=710s
seed0-u ep=4785 lr=1.0e-08 train=1.6001e-06 val=1.6002e-06 best=1.6002e-06 t=712s
seed0-u ep=4800 lr=1.0e-08 train=1.6001e-06 val=1.6002e-06 best=1.6001e-06 t=714s
seed0-u ep=4825 lr=1.0e-08 train=1.6000e-06 val=1.6002e-06 best=1.6001e-06 t=718s
seed0-u ep=4850 lr=1.0e-08 train=1.6000e-06 val=1.6002e-06 best=1.6001e-06 t=721s
seed0-u ep=4875 lr=1.0e-08 train=1.6000e-06 val=1.6001e-06 best=1.6001e-06 t=725s
seed0-u ep=4900 lr=1.0e-08 train=1.6000e-06 val=1.6001e-06 best=1.6000e-06 t=729s
seed0-u ep=4920 lr=1.0e-08 train=1.5999e-06 val=1.6000e-06 best=1.6000e-06 t=732s
seed0-u ep=4925 lr=1.0e-08 train=1.5999e-06 val=1.6001e-06 best=1.6000e-06 t=732s
seed0-u ep=4950 lr=1.0e-08 train=1.5999e-06 val=1.6001e-06 best=1.6000e-06 t=736s
seed0-u ep=4965 lr=1.0e-08 train=1.5999e-06 val=1.5999e-06 best=1.5999e-06 t=738s
seed0-u ep=4975 lr=1.0e-08 train=1.5999e-06 val=1.6000e-06 best=1.5999e-06 t=740s
seed0-u ep=5000 lr=1.0e-08 train=1.5998e-06 val=1.6000e-06 best=1.5999e-06 t=744s
seed0-u ep=5025 lr=1.0e-08 train=1.5998e-06 val=1.5999e-06 best=1.5999e-06 t=747s
seed0-u ep=5030 lr=1.0e-08 train=1.5998e-06 val=1.5999e-06 best=1.5999e-06 t=748s
seed0-u ep=5050 lr=1.0e-08 train=1.5998e-06 val=1.5999e-06 best=1.5999e-06 t=751s
seed0-u ep=5075 lr=1.0e-08 train=1.5998e-06 val=1.5999e-06 best=1.5998e-06 t=755s
seed0-u ep=5100 lr=1.0e-08 train=1.5997e-06 val=1.5999e-06 best=1.5998e-06 t=758s
seed0-u ep=5120 lr=1.0e-08 train=1.5997e-06 val=1.5998e-06 best=1.5998e-06 t=761s
seed0-u ep=5125 lr=1.0e-08 train=1.5997e-06 val=1.5999e-06 best=1.5998e-06 t=762s
seed0-u ep=5150 lr=1.0e-08 train=1.5997e-06 val=1.5998e-06 best=1.5997e-06 t=766s
seed0-u ep=5175 lr=1.0e-08 train=1.5996e-06 val=1.5998e-06 best=1.5997e-06 t=770s
seed0-u ep=5200 lr=1.0e-08 train=1.5996e-06 val=1.5997e-06 best=1.5997e-06 t=773s
seed0-u ep=5225 lr=1.0e-08 train=1.5996e-06 val=1.5998e-06 best=1.5997e-06 t=777s
seed0-u ep=5250 lr=1.0e-08 train=1.5996e-06 val=1.5997e-06 best=1.5997e-06 t=781s
seed0-u ep=5260 lr=1.0e-08 train=1.5996e-06 val=1.5996e-06 best=1.5996e-06 t=782s
seed0-u ep=5275 lr=1.0e-08 train=1.5995e-06 val=1.5997e-06 best=1.5996e-06 t=784s
seed0-u ep=5300 lr=1.0e-08 train=1.5995e-06 val=1.5997e-06 best=1.5996e-06 t=788s
seed0-u ep=5325 lr=1.0e-08 train=1.5995e-06 val=1.5995e-06 best=1.5995e-06 t=792s
seed0-u ep=5350 lr=1.0e-08 train=1.5994e-06 val=1.5995e-06 best=1.5995e-06 t=796s
seed0-u ep=5375 lr=1.0e-08 train=1.5994e-06 val=1.5996e-06 best=1.5995e-06 t=799s
seed0-u ep=5400 lr=1.0e-08 train=1.5994e-06 val=1.5995e-06 best=1.5995e-06 t=803s
seed0-u ep=5425 lr=1.0e-08 train=1.5994e-06 val=1.5995e-06 best=1.5994e-06 t=807s
seed0-u ep=5440 lr=1.0e-08 train=1.5993e-06 val=1.5994e-06 best=1.5994e-06 t=809s
seed0-u ep=5445 lr=1.0e-08 train=1.5993e-06 val=1.5994e-06 best=1.5994e-06 t=810s
seed0-u ep=5450 lr=1.0e-08 train=1.5993e-06 val=1.5995e-06 best=1.5994e-06 t=811s
seed0-u ep=5475 lr=1.0e-08 train=1.5993e-06 val=1.5995e-06 best=1.5994e-06 t=814s
seed0-u ep=5500 lr=1.0e-08 train=1.5993e-06 val=1.5995e-06 best=1.5994e-06 t=818s
seed0-u ep=5525 lr=1.0e-08 train=1.5992e-06 val=1.5994e-06 best=1.5993e-06 t=822s
seed0-u ep=5550 lr=1.0e-08 train=1.5992e-06 val=1.5994e-06 best=1.5993e-06 t=825s
seed0-u ep=5565 lr=1.0e-08 train=1.5992e-06 val=1.5993e-06 best=1.5993e-06 t=828s
seed0-u ep=5570 lr=1.0e-08 train=1.5992e-06 val=1.5993e-06 best=1.5993e-06 t=828s
seed0-u ep=5575 lr=1.0e-08 train=1.5992e-06 val=1.5993e-06 best=1.5993e-06 t=829s
seed0-u ep=5600 lr=1.0e-08 train=1.5992e-06 val=1.5994e-06 best=1.5993e-06 t=833s
seed0-u ep=5625 lr=1.0e-08 train=1.5991e-06 val=1.5993e-06 best=1.5992e-06 t=837s
seed0-u ep=5650 lr=1.0e-08 train=1.5991e-06 val=1.5993e-06 best=1.5992e-06 t=840s
seed0-u ep=5675 lr=1.0e-08 train=1.5991e-06 val=1.5992e-06 best=1.5991e-06 t=844s
seed0-u ep=5700 lr=1.0e-08 train=1.5991e-06 val=1.5992e-06 best=1.5991e-06 t=848s
seed0-u ep=5725 lr=1.0e-08 train=1.5990e-06 val=1.5992e-06 best=1.5991e-06 t=851s
seed0-u ep=5750 lr=1.0e-08 train=1.5990e-06 val=1.5991e-06 best=1.5991e-06 t=855s
seed0-u ep=5775 lr=1.0e-08 train=1.5990e-06 val=1.5991e-06 best=1.5990e-06 t=859s
seed0-u ep=5800 lr=1.0e-08 train=1.5989e-06 val=1.5990e-06 best=1.5990e-06 t=863s
seed0-u ep=5805 lr=1.0e-08 train=1.5989e-06 val=1.5990e-06 best=1.5990e-06 t=863s
seed0-u ep=5825 lr=1.0e-08 train=1.5989e-06 val=1.5990e-06 best=1.5989e-06 t=866s
seed0-u ep=5850 lr=1.0e-08 train=1.5989e-06 val=1.5990e-06 best=1.5989e-06 t=870s
seed0-u ep=5875 lr=1.0e-08 train=1.5988e-06 val=1.5990e-06 best=1.5989e-06 t=874s
seed0-u ep=5900 lr=1.0e-08 train=1.5988e-06 val=1.5989e-06 best=1.5989e-06 t=877s
seed0-u ep=5905 lr=1.0e-08 train=1.5988e-06 val=1.5989e-06 best=1.5989e-06 t=878s
seed0-u ep=5910 lr=1.0e-08 train=1.5988e-06 val=1.5988e-06 best=1.5988e-06 t=879s
seed0-u ep=5920 lr=1.0e-08 train=1.5988e-06 val=1.5988e-06 best=1.5988e-06 t=880s
seed0-u ep=5925 lr=1.0e-08 train=1.5988e-06 val=1.5989e-06 best=1.5988e-06 t=881s
seed0-u ep=5935 lr=1.0e-08 train=1.5988e-06 val=1.5988e-06 best=1.5988e-06 t=883s
seed0-u ep=5950 lr=1.0e-08 train=1.5988e-06 val=1.5989e-06 best=1.5988e-06 t=885s
seed0-u ep=5975 lr=1.0e-08 train=1.5987e-06 val=1.5989e-06 best=1.5988e-06 t=889s
seed0-u ep=6000 lr=1.0e-08 train=1.5987e-06 val=1.5988e-06 best=1.5988e-06 t=892s
seed0-u ep=6025 lr=1.0e-08 train=1.5987e-06 val=1.5988e-06 best=1.5988e-06 t=896s
seed0-u ep=6030 lr=1.0e-08 train=1.5987e-06 val=1.5987e-06 best=1.5987e-06 t=897s
seed0-u ep=6045 lr=1.0e-08 train=1.5987e-06 val=1.5987e-06 best=1.5987e-06 t=899s
seed0-u ep=6050 lr=1.0e-08 train=1.5987e-06 val=1.5988e-06 best=1.5987e-06 t=900s
seed0-u ep=6070 lr=1.0e-08 train=1.5986e-06 val=1.5987e-06 best=1.5987e-06 t=903s
seed0-u ep=6075 lr=1.0e-08 train=1.5986e-06 val=1.5987e-06 best=1.5987e-06 t=903s
seed0-u ep=6100 lr=1.0e-08 train=1.5986e-06 val=1.5987e-06 best=1.5986e-06 t=907s
seed0-u ep=6120 lr=1.0e-08 train=1.5986e-06 val=1.5986e-06 best=1.5986e-06 t=910s
seed0-u ep=6125 lr=1.0e-08 train=1.5986e-06 val=1.5986e-06 best=1.5986e-06 t=911s
seed0-u ep=6150 lr=1.0e-08 train=1.5985e-06 val=1.5986e-06 best=1.5985e-06 t=915s
seed0-u ep=6175 lr=1.0e-08 train=1.5985e-06 val=1.5986e-06 best=1.5985e-06 t=918s
seed0-u ep=6200 lr=1.0e-08 train=1.5985e-06 val=1.5985e-06 best=1.5985e-06 t=922s
seed0-u ep=6225 lr=1.0e-08 train=1.5984e-06 val=1.5985e-06 best=1.5985e-06 t=926s
seed0-u ep=6250 lr=1.0e-08 train=1.5984e-06 val=1.5985e-06 best=1.5984e-06 t=930s
seed0-u ep=6275 lr=1.0e-08 train=1.5984e-06 val=1.5985e-06 best=1.5984e-06 t=933s
seed0-u ep=6300 lr=1.0e-08 train=1.5984e-06 val=1.5985e-06 best=1.5984e-06 t=937s
seed0-u ep=6325 lr=1.0e-08 train=1.5983e-06 val=1.5985e-06 best=1.5984e-06 t=941s
seed0-u ep=6350 lr=1.0e-08 train=1.5983e-06 val=1.5984e-06 best=1.5984e-06 t=944s
seed0-u ep=6355 lr=1.0e-08 train=1.5983e-06 val=1.5983e-06 best=1.5983e-06 t=945s
seed0-u ep=6375 lr=1.0e-08 train=1.5983e-06 val=1.5984e-06 best=1.5983e-06 t=948s
seed0-u ep=6400 lr=1.0e-08 train=1.5982e-06 val=1.5983e-06 best=1.5982e-06 t=952s
seed0-u ep=6425 lr=1.0e-08 train=1.5982e-06 val=1.5982e-06 best=1.5982e-06 t=956s
seed0-u ep=6450 lr=1.0e-08 train=1.5982e-06 val=1.5982e-06 best=1.5981e-06 t=959s
seed0-u ep=6475 lr=1.0e-08 train=1.5982e-06 val=1.5983e-06 best=1.5981e-06 t=963s
seed0-u ep=6500 lr=1.0e-08 train=1.5981e-06 val=1.5982e-06 best=1.5981e-06 t=967s
seed0-u ep=6525 lr=1.0e-08 train=1.5981e-06 val=1.5981e-06 best=1.5980e-06 t=970s
seed0-u ep=6550 lr=1.0e-08 train=1.5981e-06 val=1.5981e-06 best=1.5980e-06 t=974s
seed0-u ep=6570 lr=1.0e-08 train=1.5981e-06 val=1.5980e-06 best=1.5980e-06 t=977s
seed0-u ep=6575 lr=1.0e-08 train=1.5981e-06 val=1.5980e-06 best=1.5980e-06 t=978s
seed0-u ep=6600 lr=1.0e-08 train=1.5980e-06 val=1.5980e-06 best=1.5980e-06 t=982s
seed0-u ep=6625 lr=1.0e-08 train=1.5980e-06 val=1.5981e-06 best=1.5980e-06 t=985s
seed0-u ep=6650 lr=1.0e-08 train=1.5980e-06 val=1.5980e-06 best=1.5980e-06 t=989s
seed0-u ep=6675 lr=1.0e-08 train=1.5979e-06 val=1.5980e-06 best=1.5979e-06 t=993s
seed0-u ep=6700 lr=1.0e-08 train=1.5979e-06 val=1.5979e-06 best=1.5978e-06 t=996s
seed0-u ep=6725 lr=1.0e-08 train=1.5979e-06 val=1.5980e-06 best=1.5978e-06 t=1000s
seed0-u ep=6740 lr=1.0e-08 train=1.5979e-06 val=1.5978e-06 best=1.5978e-06 t=1002s
seed0-u ep=6750 lr=1.0e-08 train=1.5979e-06 val=1.5979e-06 best=1.5978e-06 t=1004s
seed0-u ep=6775 lr=1.0e-08 train=1.5978e-06 val=1.5979e-06 best=1.5978e-06 t=1008s
seed0-u ep=6800 lr=1.0e-08 train=1.5978e-06 val=1.5980e-06 best=1.5978e-06 t=1011s
seed0-u ep=6825 lr=1.0e-08 train=1.5978e-06 val=1.5979e-06 best=1.5978e-06 t=1015s
seed0-u ep=6845 lr=1.0e-08 train=1.5977e-06 val=1.5978e-06 best=1.5978e-06 t=1018s
seed0-u ep=6850 lr=1.0e-08 train=1.5977e-06 val=1.5978e-06 best=1.5978e-06 t=1019s
seed0-u ep=6855 lr=1.0e-08 train=1.5977e-06 val=1.5977e-06 best=1.5977e-06 t=1020s
seed0-u ep=6865 lr=1.0e-08 train=1.5977e-06 val=1.5977e-06 best=1.5977e-06 t=1021s
seed0-u ep=6875 lr=1.0e-08 train=1.5977e-06 val=1.5976e-06 best=1.5976e-06 t=1023s
seed0-u ep=6900 lr=1.0e-08 train=1.5977e-06 val=1.5978e-06 best=1.5976e-06 t=1026s
seed0-u ep=6925 lr=1.0e-08 train=1.5977e-06 val=1.5977e-06 best=1.5976e-06 t=1030s
seed0-u ep=6950 lr=1.0e-08 train=1.5976e-06 val=1.5977e-06 best=1.5976e-06 t=1034s
seed0-u ep=6975 lr=1.0e-08 train=1.5976e-06 val=1.5977e-06 best=1.5976e-06 t=1037s
seed0-u ep=7000 lr=1.0e-08 train=1.5976e-06 val=1.5976e-06 best=1.5976e-06 t=1041s
seed0-u ep=7025 lr=1.0e-08 train=1.5975e-06 val=1.5976e-06 best=1.5975e-06 t=1045s
seed0-u ep=7050 lr=1.0e-08 train=1.5975e-06 val=1.5976e-06 best=1.5975e-06 t=1049s
seed0-u ep=7075 lr=1.0e-08 train=1.5975e-06 val=1.5976e-06 best=1.5975e-06 t=1052s
seed0-u ep=7100 lr=1.0e-08 train=1.5975e-06 val=1.5975e-06 best=1.5975e-06 t=1056s
seed0-u ep=7125 lr=1.0e-08 train=1.5974e-06 val=1.5975e-06 best=1.5974e-06 t=1060s
seed0-u ep=7150 lr=1.0e-08 train=1.5974e-06 val=1.5976e-06 best=1.5974e-06 t=1063s
seed0-u ep=7175 lr=1.0e-08 train=1.5974e-06 val=1.5975e-06 best=1.5974e-06 t=1067s
seed0-u ep=7200 lr=1.0e-08 train=1.5974e-06 val=1.5974e-06 best=1.5973e-06 t=1071s
seed0-u ep=7225 lr=1.0e-08 train=1.5973e-06 val=1.5974e-06 best=1.5973e-06 t=1075s
seed0-u ep=7245 lr=1.0e-08 train=1.5973e-06 val=1.5973e-06 best=1.5973e-06 t=1078s
seed0-u ep=7250 lr=1.0e-08 train=1.5973e-06 val=1.5973e-06 best=1.5973e-06 t=1078s
seed0-u ep=7275 lr=1.0e-08 train=1.5973e-06 val=1.5973e-06 best=1.5973e-06 t=1082s
seed0-u ep=7300 lr=1.0e-08 train=1.5972e-06 val=1.5974e-06 best=1.5972e-06 t=1086s
seed0-u ep=7325 lr=1.0e-08 train=1.5972e-06 val=1.5972e-06 best=1.5971e-06 t=1089s
seed0-u ep=7340 lr=1.0e-08 train=1.5972e-06 val=1.5971e-06 best=1.5971e-06 t=1092s
seed0-u ep=7350 lr=1.0e-08 train=1.5972e-06 val=1.5972e-06 best=1.5971e-06 t=1093s
seed0-u ep=7375 lr=1.0e-08 train=1.5972e-06 val=1.5971e-06 best=1.5971e-06 t=1097s
seed0-u ep=7400 lr=1.0e-08 train=1.5971e-06 val=1.5970e-06 best=1.5970e-06 t=1101s
seed0-u ep=7425 lr=1.0e-08 train=1.5971e-06 val=1.5971e-06 best=1.5970e-06 t=1104s
seed0-u ep=7450 lr=1.0e-08 train=1.5971e-06 val=1.5970e-06 best=1.5970e-06 t=1108s
seed0-u ep=7475 lr=1.0e-08 train=1.5970e-06 val=1.5971e-06 best=1.5969e-06 t=1112s
seed0-u ep=7500 lr=1.0e-08 train=1.5970e-06 val=1.5970e-06 best=1.5969e-06 t=1115s
seed0-u ep=7520 lr=1.0e-08 train=1.5970e-06 val=1.5969e-06 best=1.5969e-06 t=1118s
seed0-u ep=7525 lr=1.0e-08 train=1.5970e-06 val=1.5970e-06 best=1.5969e-06 t=1119s
seed0-u ep=7550 lr=1.0e-08 train=1.5970e-06 val=1.5969e-06 best=1.5969e-06 t=1123s
seed0-u ep=7575 lr=1.0e-08 train=1.5969e-06 val=1.5969e-06 best=1.5968e-06 t=1127s
seed0-u ep=7600 lr=1.0e-08 train=1.5969e-06 val=1.5970e-06 best=1.5968e-06 t=1130s
seed0-u ep=7625 lr=1.0e-08 train=1.5969e-06 val=1.5970e-06 best=1.5968e-06 t=1134s
seed0-u ep=7650 lr=1.0e-08 train=1.5968e-06 val=1.5968e-06 best=1.5968e-06 t=1138s
seed0-u ep=7655 lr=1.0e-08 train=1.5968e-06 val=1.5968e-06 best=1.5968e-06 t=1139s
seed0-u ep=7675 lr=1.0e-08 train=1.5968e-06 val=1.5968e-06 best=1.5968e-06 t=1141s
seed0-u ep=7700 lr=1.0e-08 train=1.5968e-06 val=1.5968e-06 best=1.5967e-06 t=1145s
seed0-u ep=7725 lr=1.0e-08 train=1.5968e-06 val=1.5969e-06 best=1.5967e-06 t=1149s
seed0-u ep=7750 lr=1.0e-08 train=1.5967e-06 val=1.5968e-06 best=1.5967e-06 t=1153s
seed0-u ep=7775 lr=1.0e-08 train=1.5967e-06 val=1.5968e-06 best=1.5967e-06 t=1156s
seed0-u ep=7800 lr=1.0e-08 train=1.5967e-06 val=1.5966e-06 best=1.5966e-06 t=1160s
seed0-u ep=7825 lr=1.0e-08 train=1.5966e-06 val=1.5967e-06 best=1.5966e-06 t=1164s
seed0-u ep=7850 lr=1.0e-08 train=1.5966e-06 val=1.5967e-06 best=1.5966e-06 t=1168s
seed0-u ep=7875 lr=1.0e-08 train=1.5966e-06 val=1.5966e-06 best=1.5966e-06 t=1171s
seed0-u ep=7885 lr=1.0e-08 train=1.5966e-06 val=1.5965e-06 best=1.5965e-06 t=1173s
seed0-u ep=7900 lr=1.0e-08 train=1.5966e-06 val=1.5965e-06 best=1.5965e-06 t=1175s
seed0-u ep=7920 lr=1.0e-08 train=1.5965e-06 val=1.5965e-06 best=1.5965e-06 t=1178s
seed0-u ep=7925 lr=1.0e-08 train=1.5965e-06 val=1.5964e-06 best=1.5964e-06 t=1179s
seed0-u ep=7950 lr=1.0e-08 train=1.5965e-06 val=1.5965e-06 best=1.5964e-06 t=1182s
seed0-u ep=7975 lr=1.0e-08 train=1.5965e-06 val=1.5965e-06 best=1.5964e-06 t=1186s
seed0-u ep=8000 lr=1.0e-08 train=1.5965e-06 val=1.5965e-06 best=1.5964e-06 t=1190s
seed0-u ep=8025 lr=1.0e-08 train=1.5964e-06 val=1.5964e-06 best=1.5964e-06 t=1194s
seed0-u ep=8050 lr=1.0e-08 train=1.5964e-06 val=1.5964e-06 best=1.5964e-06 t=1197s
seed0-u ep=8075 lr=1.0e-08 train=1.5963e-06 val=1.5964e-06 best=1.5963e-06 t=1201s
seed0-u ep=8100 lr=1.0e-08 train=1.5963e-06 val=1.5963e-06 best=1.5963e-06 t=1205s
seed0-u ep=8125 lr=1.0e-08 train=1.5963e-06 val=1.5962e-06 best=1.5962e-06 t=1208s
seed0-u ep=8130 lr=1.0e-08 train=1.5963e-06 val=1.5962e-06 best=1.5962e-06 t=1209s
seed0-u ep=8150 lr=1.0e-08 train=1.5963e-06 val=1.5963e-06 best=1.5962e-06 t=1212s
seed0-u ep=8175 lr=1.0e-08 train=1.5962e-06 val=1.5963e-06 best=1.5962e-06 t=1216s
seed0-u ep=8200 lr=1.0e-08 train=1.5962e-06 val=1.5962e-06 best=1.5961e-06 t=1220s
seed0-u ep=8225 lr=1.0e-08 train=1.5962e-06 val=1.5962e-06 best=1.5961e-06 t=1223s
seed0-u ep=8250 lr=1.0e-08 train=1.5962e-06 val=1.5962e-06 best=1.5961e-06 t=1227s
seed0-u ep=8275 lr=1.0e-08 train=1.5961e-06 val=1.5961e-06 best=1.5960e-06 t=1231s
seed0-u ep=8300 lr=1.0e-08 train=1.5961e-06 val=1.5961e-06 best=1.5960e-06 t=1234s
seed0-u ep=8320 lr=1.0e-08 train=1.5961e-06 val=1.5959e-06 best=1.5959e-06 t=1237s
seed0-u ep=8325 lr=1.0e-08 train=1.5961e-06 val=1.5960e-06 best=1.5959e-06 t=1238s
seed0-u ep=8350 lr=1.0e-08 train=1.5960e-06 val=1.5961e-06 best=1.5959e-06 t=1242s
seed0-u ep=8375 lr=1.0e-08 train=1.5960e-06 val=1.5960e-06 best=1.5959e-06 t=1246s
seed0-u ep=8400 lr=1.0e-08 train=1.5960e-06 val=1.5960e-06 best=1.5959e-06 t=1249s
seed0-u ep=8415 lr=1.0e-08 train=1.5960e-06 val=1.5959e-06 best=1.5959e-06 t=1252s
seed0-u ep=8420 lr=1.0e-08 train=1.5960e-06 val=1.5959e-06 best=1.5959e-06 t=1252s
seed0-u ep=8425 lr=1.0e-08 train=1.5960e-06 val=1.5958e-06 best=1.5958e-06 t=1253s
seed0-u ep=8450 lr=1.0e-08 train=1.5959e-06 val=1.5959e-06 best=1.5958e-06 t=1257s
seed0-u ep=8475 lr=1.0e-08 train=1.5959e-06 val=1.5959e-06 best=1.5958e-06 t=1261s
seed0-u ep=8500 lr=1.0e-08 train=1.5959e-06 val=1.5959e-06 best=1.5958e-06 t=1264s
seed0-u ep=8525 lr=1.0e-08 train=1.5958e-06 val=1.5958e-06 best=1.5958e-06 t=1268s
seed0-u ep=8550 lr=1.0e-08 train=1.5958e-06 val=1.5959e-06 best=1.5958e-06 t=1272s
seed0-u ep=8575 lr=1.0e-08 train=1.5958e-06 val=1.5958e-06 best=1.5958e-06 t=1275s
seed0-u ep=8590 lr=1.0e-08 train=1.5958e-06 val=1.5957e-06 best=1.5957e-06 t=1278s
seed0-u ep=8600 lr=1.0e-08 train=1.5958e-06 val=1.5957e-06 best=1.5957e-06 t=1279s
seed0-u ep=8620 lr=1.0e-08 train=1.5957e-06 val=1.5957e-06 best=1.5957e-06 t=1282s
seed0-u ep=8625 lr=1.0e-08 train=1.5957e-06 val=1.5958e-06 best=1.5957e-06 t=1283s
seed0-u ep=8640 lr=1.0e-08 train=1.5957e-06 val=1.5956e-06 best=1.5956e-06 t=1285s
seed0-u ep=8650 lr=1.0e-08 train=1.5957e-06 val=1.5957e-06 best=1.5956e-06 t=1287s
seed0-u ep=8675 lr=1.0e-08 train=1.5957e-06 val=1.5957e-06 best=1.5956e-06 t=1290s
seed0-u ep=8700 lr=1.0e-08 train=1.5956e-06 val=1.5957e-06 best=1.5956e-06 t=1294s
seed0-u ep=8725 lr=1.0e-08 train=1.5956e-06 val=1.5956e-06 best=1.5955e-06 t=1298s
seed0-u ep=8750 lr=1.0e-08 train=1.5956e-06 val=1.5956e-06 best=1.5955e-06 t=1301s
seed0-u ep=8775 lr=1.0e-08 train=1.5956e-06 val=1.5955e-06 best=1.5955e-06 t=1305s
seed0-u ep=8800 lr=1.0e-08 train=1.5956e-06 val=1.5954e-06 best=1.5954e-06 t=1309s
seed0-u ep=8825 lr=1.0e-08 train=1.5955e-06 val=1.5955e-06 best=1.5954e-06 t=1313s
seed0-u ep=8840 lr=1.0e-08 train=1.5955e-06 val=1.5954e-06 best=1.5954e-06 t=1315s
seed0-u ep=8850 lr=1.0e-08 train=1.5955e-06 val=1.5954e-06 best=1.5954e-06 t=1316s
seed0-u ep=8875 lr=1.0e-08 train=1.5955e-06 val=1.5954e-06 best=1.5953e-06 t=1320s
seed0-u ep=8900 lr=1.0e-08 train=1.5954e-06 val=1.5955e-06 best=1.5953e-06 t=1324s
seed0-u ep=8925 lr=1.0e-08 train=1.5954e-06 val=1.5954e-06 best=1.5953e-06 t=1327s
seed0-u ep=8950 lr=1.0e-08 train=1.5954e-06 val=1.5953e-06 best=1.5953e-06 t=1331s
seed0-u ep=8960 lr=1.0e-08 train=1.5954e-06 val=1.5952e-06 best=1.5952e-06 t=1333s
seed0-u ep=8975 lr=1.0e-08 train=1.5953e-06 val=1.5953e-06 best=1.5952e-06 t=1335s
seed0-u ep=9000 lr=1.0e-08 train=1.5953e-06 val=1.5953e-06 best=1.5952e-06 t=1339s
seed0-u ep=9025 lr=1.0e-08 train=1.5953e-06 val=1.5953e-06 best=1.5952e-06 t=1342s
seed0-u ep=9030 lr=1.0e-08 train=1.5953e-06 val=1.5952e-06 best=1.5952e-06 t=1343s
seed0-u ep=9050 lr=1.0e-08 train=1.5953e-06 val=1.5953e-06 best=1.5952e-06 t=1346s
seed0-u ep=9075 lr=1.0e-08 train=1.5952e-06 val=1.5952e-06 best=1.5952e-06 t=1350s
seed0-u ep=9100 lr=1.0e-08 train=1.5952e-06 val=1.5952e-06 best=1.5951e-06 t=1354s
seed0-u ep=9105 lr=1.0e-08 train=1.5952e-06 val=1.5951e-06 best=1.5951e-06 t=1354s
seed0-u ep=9125 lr=1.0e-08 train=1.5952e-06 val=1.5952e-06 best=1.5951e-06 t=1357s
seed0-u ep=9150 lr=1.0e-08 train=1.5952e-06 val=1.5952e-06 best=1.5950e-06 t=1361s
seed0-u ep=9160 lr=1.0e-08 train=1.5952e-06 val=1.5950e-06 best=1.5950e-06 t=1362s
seed0-u ep=9175 lr=1.0e-08 train=1.5951e-06 val=1.5950e-06 best=1.5950e-06 t=1365s
seed0-u ep=9200 lr=1.0e-08 train=1.5951e-06 val=1.5949e-06 best=1.5949e-06 t=1368s
seed0-u ep=9205 lr=1.0e-08 train=1.5951e-06 val=1.5949e-06 best=1.5949e-06 t=1369s
seed0-u ep=9225 lr=1.0e-08 train=1.5951e-06 val=1.5951e-06 best=1.5949e-06 t=1372s
seed0-u ep=9250 lr=1.0e-08 train=1.5950e-06 val=1.5949e-06 best=1.5949e-06 t=1376s
seed0-u ep=9275 lr=1.0e-08 train=1.5950e-06 val=1.5949e-06 best=1.5949e-06 t=1380s
seed0-u ep=9300 lr=1.0e-08 train=1.5950e-06 val=1.5949e-06 best=1.5948e-06 t=1383s
seed0-u ep=9310 lr=1.0e-08 train=1.5950e-06 val=1.5948e-06 best=1.5948e-06 t=1385s
seed0-u ep=9315 lr=1.0e-08 train=1.5950e-06 val=1.5948e-06 best=1.5948e-06 t=1386s
seed0-u ep=9325 lr=1.0e-08 train=1.5950e-06 val=1.5948e-06 best=1.5948e-06 t=1387s
seed0-u ep=9345 lr=1.0e-08 train=1.5949e-06 val=1.5948e-06 best=1.5948e-06 t=1390s
seed0-u ep=9350 lr=1.0e-08 train=1.5949e-06 val=1.5948e-06 best=1.5948e-06 t=1391s
seed0-u ep=9375 lr=1.0e-08 train=1.5949e-06 val=1.5947e-06 best=1.5947e-06 t=1394s
seed0-u ep=9400 lr=1.0e-08 train=1.5949e-06 val=1.5947e-06 best=1.5947e-06 t=1398s
seed0-u ep=9425 lr=1.0e-08 train=1.5948e-06 val=1.5947e-06 best=1.5947e-06 t=1402s
seed0-u ep=9450 lr=1.0e-08 train=1.5948e-06 val=1.5948e-06 best=1.5947e-06 t=1406s
seed0-u ep=9475 lr=1.0e-08 train=1.5948e-06 val=1.5947e-06 best=1.5947e-06 t=1409s
seed0-u ep=9500 lr=1.0e-08 train=1.5948e-06 val=1.5946e-06 best=1.5946e-06 t=1413s
seed0-u ep=9520 lr=1.0e-08 train=1.5947e-06 val=1.5945e-06 best=1.5945e-06 t=1416s
seed0-u ep=9525 lr=1.0e-08 train=1.5947e-06 val=1.5946e-06 best=1.5945e-06 t=1417s
seed0-u ep=9550 lr=1.0e-08 train=1.5947e-06 val=1.5946e-06 best=1.5945e-06 t=1421s
seed0-u ep=9575 lr=1.0e-08 train=1.5947e-06 val=1.5945e-06 best=1.5945e-06 t=1424s
seed0-u ep=9600 lr=1.0e-08 train=1.5947e-06 val=1.5945e-06 best=1.5945e-06 t=1428s
seed0-u ep=9620 lr=1.0e-08 train=1.5946e-06 val=1.5945e-06 best=1.5945e-06 t=1431s
seed0-u ep=9625 lr=1.0e-08 train=1.5946e-06 val=1.5945e-06 best=1.5945e-06 t=1432s
seed0-u ep=9650 lr=1.0e-08 train=1.5946e-06 val=1.5945e-06 best=1.5945e-06 t=1435s
seed0-u ep=9675 lr=1.0e-08 train=1.5946e-06 val=1.5945e-06 best=1.5945e-06 t=1439s
seed0-u ep=9680 lr=1.0e-08 train=1.5946e-06 val=1.5945e-06 best=1.5945e-06 t=1440s
seed0-u ep=9700 lr=1.0e-08 train=1.5945e-06 val=1.5945e-06 best=1.5945e-06 t=1443s
seed0-u ep=9725 lr=1.0e-08 train=1.5945e-06 val=1.5944e-06 best=1.5944e-06 t=1447s
seed0-u ep=9735 lr=1.0e-08 train=1.5945e-06 val=1.5943e-06 best=1.5943e-06 t=1448s
seed0-u ep=9750 lr=1.0e-08 train=1.5945e-06 val=1.5944e-06 best=1.5943e-06 t=1450s
seed0-u ep=9775 lr=1.0e-08 train=1.5944e-06 val=1.5943e-06 best=1.5942e-06 t=1454s
seed0-u ep=9800 lr=1.0e-08 train=1.5944e-06 val=1.5944e-06 best=1.5942e-06 t=1458s
seed0-u ep=9825 lr=1.0e-08 train=1.5944e-06 val=1.5943e-06 best=1.5942e-06 t=1461s
seed0-u ep=9850 lr=1.0e-08 train=1.5944e-06 val=1.5943e-06 best=1.5942e-06 t=1465s
seed0-u ep=9875 lr=1.0e-08 train=1.5943e-06 val=1.5943e-06 best=1.5942e-06 t=1469s
seed0-u ep=9900 lr=1.0e-08 train=1.5943e-06 val=1.5942e-06 best=1.5941e-06 t=1473s
seed0-u ep=9925 lr=1.0e-08 train=1.5943e-06 val=1.5942e-06 best=1.5941e-06 t=1476s
seed0-u ep=9940 lr=1.0e-08 train=1.5943e-06 val=1.5941e-06 best=1.5941e-06 t=1479s
seed0-u ep=9950 lr=1.0e-08 train=1.5942e-06 val=1.5942e-06 best=1.5941e-06 t=1480s
seed0-u ep=9955 lr=1.0e-08 train=1.5942e-06 val=1.5941e-06 best=1.5941e-06 t=1481s
seed0-u ep=9965 lr=1.0e-08 train=1.5942e-06 val=1.5940e-06 best=1.5940e-06 t=1482s
seed0-u ep=9970 lr=1.0e-08 train=1.5942e-06 val=1.5940e-06 best=1.5940e-06 t=1483s
seed0-u ep=9975 lr=1.0e-08 train=1.5942e-06 val=1.5941e-06 best=1.5940e-06 t=1484s
TRAINED seed=0 u {'stop_reason': 'max_epochs', 'truncated': False, 'epochs': 10000, 'best_val': 1.5940061075525591e-06, 'final_lr': 1e-08, 'seconds': 1487.344411534723}
seed0-v ep=0 lr=1.0e-03 train=4.0056e-02 val=6.5797e-03 best=6.5797e-03 t=0s
seed0-v ep=5 lr=1.0e-03 train=8.1911e-04 val=7.3900e-04 best=7.3900e-04 t=1s
seed0-v ep=10 lr=1.0e-03 train=3.1600e-04 val=3.0352e-04 best=3.0352e-04 t=1s
seed0-v ep=15 lr=1.0e-03 train=3.2258e-04 val=2.0967e-04 best=2.0967e-04 t=2s
seed0-v ep=25 lr=1.0e-03 train=1.2616e-04 val=9.3121e-05 best=9.3121e-05 t=4s
seed0-v ep=35 lr=1.0e-03 train=5.7266e-05 val=5.1061e-05 best=5.1061e-05 t=5s
seed0-v ep=40 lr=1.0e-03 train=4.5681e-05 val=4.0810e-05 best=4.0810e-05 t=6s
seed0-v ep=45 lr=1.0e-03 train=4.1234e-05 val=3.9816e-05 best=3.9816e-05 t=7s
seed0-v ep=50 lr=1.0e-03 train=1.1166e-04 val=5.4874e-05 best=3.9816e-05 t=7s
seed0-v ep=75 lr=1.0e-03 train=6.8300e-05 val=1.4561e-04 best=2.0084e-05 t=11s
seed0-v ep=80 lr=1.0e-04 train=1.4920e-05 val=1.4618e-05 best=1.4618e-05 t=12s
seed0-v ep=85 lr=1.0e-04 train=1.4180e-05 val=1.4204e-05 best=1.4204e-05 t=13s
seed0-v ep=90 lr=1.0e-04 train=1.3917e-05 val=1.3932e-05 best=1.3932e-05 t=13s
seed0-v ep=95 lr=1.0e-04 train=1.3661e-05 val=1.3654e-05 best=1.3654e-05 t=14s
seed0-v ep=100 lr=1.0e-04 train=1.3431e-05 val=1.3421e-05 best=1.3421e-05 t=15s
seed0-v ep=110 lr=1.0e-04 train=1.2948e-05 val=1.2889e-05 best=1.2889e-05 t=16s
seed0-v ep=115 lr=1.0e-04 train=1.2714e-05 val=1.2711e-05 best=1.2711e-05 t=17s
seed0-v ep=120 lr=1.0e-04 train=1.2481e-05 val=1.2451e-05 best=1.2451e-05 t=18s
seed0-v ep=125 lr=1.0e-04 train=1.2262e-05 val=1.2254e-05 best=1.2254e-05 t=19s
seed0-v ep=130 lr=1.0e-04 train=1.2003e-05 val=1.2079e-05 best=1.2079e-05 t=19s
seed0-v ep=135 lr=1.0e-04 train=1.1846e-05 val=1.1836e-05 best=1.1836e-05 t=20s
seed0-v ep=140 lr=1.0e-04 train=1.1528e-05 val=1.1565e-05 best=1.1565e-05 t=21s
seed0-v ep=145 lr=1.0e-04 train=1.1357e-05 val=1.1271e-05 best=1.1271e-05 t=22s
seed0-v ep=150 lr=1.0e-04 train=1.1061e-05 val=1.1007e-05 best=1.1007e-05 t=22s
seed0-v ep=155 lr=1.0e-04 train=1.0796e-05 val=1.0799e-05 best=1.0799e-05 t=23s
seed0-v ep=160 lr=1.0e-04 train=1.0596e-05 val=1.0640e-05 best=1.0640e-05 t=24s
seed0-v ep=170 lr=1.0e-04 train=1.0041e-05 val=1.0058e-05 best=1.0058e-05 t=25s
seed0-v ep=175 lr=1.0e-04 train=9.8469e-06 val=9.7631e-06 best=9.7631e-06 t=26s
seed0-v ep=180 lr=1.0e-04 train=9.5539e-06 val=9.6441e-06 best=9.6441e-06 t=27s
seed0-v ep=185 lr=1.0e-04 train=9.3176e-06 val=9.3359e-06 best=9.3359e-06 t=28s
seed0-v ep=195 lr=1.0e-04 train=8.8567e-06 val=8.8958e-06 best=8.8958e-06 t=29s
seed0-v ep=200 lr=1.0e-04 train=8.6627e-06 val=8.7896e-06 best=8.7030e-06 t=30s
seed0-v ep=215 lr=1.0e-04 train=7.9765e-06 val=7.9451e-06 best=7.9451e-06 t=32s
seed0-v ep=225 lr=1.0e-04 train=7.5226e-06 val=7.5817e-06 best=7.5817e-06 t=33s
seed0-v ep=230 lr=1.0e-04 train=7.3441e-06 val=7.3914e-06 best=7.3914e-06 t=34s
seed0-v ep=235 lr=1.0e-04 train=7.1588e-06 val=7.1784e-06 best=7.1784e-06 t=35s
seed0-v ep=250 lr=1.0e-04 train=6.7406e-06 val=6.6955e-06 best=6.6955e-06 t=37s
seed0-v ep=275 lr=1.0e-04 train=6.4780e-06 val=6.2509e-06 best=5.9877e-06 t=41s
seed0-v ep=300 lr=1.0e-05 train=4.8019e-06 val=4.8688e-06 best=4.8688e-06 t=45s
seed0-v ep=305 lr=1.0e-05 train=4.7911e-06 val=4.8562e-06 best=4.8562e-06 t=45s
seed0-v ep=310 lr=1.0e-05 train=4.7788e-06 val=4.8365e-06 best=4.8365e-06 t=46s
seed0-v ep=325 lr=1.0e-05 train=4.7386e-06 val=4.8253e-06 best=4.8028e-06 t=48s
seed0-v ep=330 lr=1.0e-05 train=4.7183e-06 val=4.7835e-06 best=4.7835e-06 t=49s
seed0-v ep=340 lr=1.0e-05 train=4.6900e-06 val=4.7469e-06 best=4.7469e-06 t=51s
seed0-v ep=350 lr=1.0e-05 train=4.6564e-06 val=4.7357e-06 best=4.7205e-06 t=52s
seed0-v ep=365 lr=1.0e-05 train=4.5974e-06 val=4.6696e-06 best=4.6696e-06 t=54s
seed0-v ep=375 lr=1.0e-05 train=4.5612e-06 val=4.6433e-06 best=4.6432e-06 t=56s
seed0-v ep=385 lr=1.0e-05 train=4.5261e-06 val=4.5686e-06 best=4.5686e-06 t=57s
seed0-v ep=400 lr=1.0e-05 train=4.4611e-06 val=4.5463e-06 best=4.5272e-06 t=60s
seed0-v ep=420 lr=1.0e-05 train=4.3794e-06 val=4.4329e-06 best=4.4329e-06 t=63s
seed0-v ep=425 lr=1.0e-05 train=4.3674e-06 val=4.4367e-06 best=4.4288e-06 t=63s
seed0-v ep=430 lr=1.0e-05 train=4.3366e-06 val=4.3942e-06 best=4.3942e-06 t=64s
seed0-v ep=440 lr=1.0e-05 train=4.2957e-06 val=4.3583e-06 best=4.3583e-06 t=65s
seed0-v ep=450 lr=1.0e-05 train=4.2617e-06 val=4.3660e-06 best=4.2937e-06 t=67s
seed0-v ep=460 lr=1.0e-05 train=4.2084e-06 val=4.2612e-06 best=4.2612e-06 t=68s
seed0-v ep=465 lr=1.0e-05 train=4.1793e-06 val=4.2279e-06 best=4.2279e-06 t=69s
seed0-v ep=475 lr=1.0e-05 train=4.1389e-06 val=4.2026e-06 best=4.1928e-06 t=71s
seed0-v ep=490 lr=1.0e-05 train=4.0710e-06 val=4.1100e-06 best=4.1100e-06 t=73s
seed0-v ep=500 lr=1.0e-05 train=4.0342e-06 val=4.1191e-06 best=4.0880e-06 t=74s
seed0-v ep=525 lr=1.0e-05 train=3.9191e-06 val=3.9946e-06 best=3.9883e-06 t=78s
seed0-v ep=550 lr=1.0e-05 train=3.8283e-06 val=3.8936e-06 best=3.8776e-06 t=82s
seed0-v ep=555 lr=1.0e-05 train=3.7950e-06 val=3.8511e-06 best=3.8511e-06 t=83s
seed0-v ep=560 lr=1.0e-05 train=3.7783e-06 val=3.8424e-06 best=3.8424e-06 t=83s
seed0-v ep=575 lr=1.0e-05 train=3.7269e-06 val=3.7723e-06 best=3.7723e-06 t=86s
seed0-v ep=585 lr=1.0e-05 train=3.6887e-06 val=3.7382e-06 best=3.7382e-06 t=87s
seed0-v ep=590 lr=1.0e-05 train=3.6670e-06 val=3.7178e-06 best=3.7178e-06 t=88s
seed0-v ep=600 lr=1.0e-05 train=3.6334e-06 val=3.6805e-06 best=3.6805e-06 t=89s
seed0-v ep=625 lr=1.0e-05 train=3.5538e-06 val=3.6167e-06 best=3.6000e-06 t=93s
seed0-v ep=630 lr=1.0e-05 train=3.5245e-06 val=3.5740e-06 best=3.5740e-06 t=94s
seed0-v ep=650 lr=1.0e-05 train=3.4825e-06 val=3.5230e-06 best=3.4991e-06 t=97s
seed0-v ep=665 lr=1.0e-05 train=3.4201e-06 val=3.4568e-06 best=3.4568e-06 t=99s
seed0-v ep=670 lr=1.0e-05 train=3.3927e-06 val=3.4207e-06 best=3.4207e-06 t=100s
seed0-v ep=675 lr=1.0e-05 train=3.3739e-06 val=3.4523e-06 best=3.4207e-06 t=100s
seed0-v ep=685 lr=1.0e-05 train=3.3458e-06 val=3.3825e-06 best=3.3825e-06 t=102s
seed0-v ep=700 lr=1.0e-05 train=3.3048e-06 val=3.3565e-06 best=3.3513e-06 t=104s
seed0-v ep=715 lr=1.0e-05 train=3.2502e-06 val=3.2932e-06 best=3.2932e-06 t=106s
seed0-v ep=725 lr=1.0e-05 train=3.2110e-06 val=3.2656e-06 best=3.2656e-06 t=108s
seed0-v ep=745 lr=1.0e-05 train=3.1512e-06 val=3.2011e-06 best=3.2011e-06 t=111s
seed0-v ep=750 lr=1.0e-05 train=3.1402e-06 val=3.2261e-06 best=3.1841e-06 t=112s
seed0-v ep=755 lr=1.0e-05 train=3.1333e-06 val=3.1828e-06 best=3.1828e-06 t=112s
seed0-v ep=775 lr=1.0e-05 train=3.0666e-06 val=3.1316e-06 best=3.1316e-06 t=115s
seed0-v ep=780 lr=1.0e-05 train=3.0797e-06 val=3.1124e-06 best=3.1124e-06 t=116s
seed0-v ep=785 lr=1.0e-05 train=3.0519e-06 val=3.0842e-06 best=3.0842e-06 t=117s
seed0-v ep=800 lr=1.0e-05 train=3.0170e-06 val=3.0707e-06 best=3.0546e-06 t=119s
seed0-v ep=810 lr=1.0e-05 train=2.9806e-06 val=3.0128e-06 best=3.0128e-06 t=121s
seed0-v ep=825 lr=1.0e-05 train=2.9468e-06 val=2.9879e-06 best=2.9879e-06 t=123s
seed0-v ep=850 lr=1.0e-05 train=2.8769e-06 val=2.9269e-06 best=2.9269e-06 t=127s
seed0-v ep=875 lr=1.0e-05 train=2.8292e-06 val=2.8964e-06 best=2.8758e-06 t=130s
seed0-v ep=900 lr=1.0e-05 train=2.7789e-06 val=2.8415e-06 best=2.8145e-06 t=134s
seed0-v ep=925 lr=1.0e-05 train=2.7097e-06 val=2.7781e-06 best=2.7591e-06 t=138s
seed0-v ep=940 lr=1.0e-05 train=2.6808e-06 val=2.7230e-06 best=2.7230e-06 t=140s
seed0-v ep=950 lr=1.0e-05 train=2.6587e-06 val=2.6960e-06 best=2.6960e-06 t=141s
seed0-v ep=975 lr=1.0e-05 train=2.6004e-06 val=2.6538e-06 best=2.6522e-06 t=145s
seed0-v ep=995 lr=1.0e-05 train=2.5655e-06 val=2.6017e-06 best=2.6017e-06 t=148s
seed0-v ep=1000 lr=1.0e-05 train=2.5563e-06 val=2.6036e-06 best=2.5997e-06 t=149s
seed0-v ep=1025 lr=1.0e-05 train=2.5102e-06 val=2.5844e-06 best=2.5470e-06 t=153s
seed0-v ep=1035 lr=1.0e-05 train=2.4951e-06 val=2.5386e-06 best=2.5386e-06 t=154s
seed0-v ep=1040 lr=1.0e-05 train=2.4771e-06 val=2.5221e-06 best=2.5221e-06 t=155s
seed0-v ep=1050 lr=1.0e-05 train=2.4550e-06 val=2.5189e-06 best=2.5121e-06 t=156s
seed0-v ep=1075 lr=1.0e-05 train=2.4148e-06 val=2.4744e-06 best=2.4581e-06 t=160s
seed0-v ep=1085 lr=1.0e-05 train=2.3971e-06 val=2.4358e-06 best=2.4358e-06 t=162s
seed0-v ep=1090 lr=1.0e-05 train=2.3927e-06 val=2.4207e-06 best=2.4207e-06 t=162s
seed0-v ep=1100 lr=1.0e-05 train=2.3774e-06 val=2.4452e-06 best=2.4044e-06 t=164s
seed0-v ep=1125 lr=1.0e-05 train=2.3305e-06 val=2.3784e-06 best=2.3763e-06 t=168s
seed0-v ep=1150 lr=1.0e-05 train=2.2976e-06 val=2.3112e-06 best=2.3112e-06 t=171s
seed0-v ep=1160 lr=1.0e-05 train=2.2971e-06 val=2.3078e-06 best=2.3078e-06 t=173s
seed0-v ep=1175 lr=1.0e-05 train=2.2432e-06 val=2.3004e-06 best=2.2803e-06 t=175s
seed0-v ep=1190 lr=1.0e-05 train=2.2264e-06 val=2.2564e-06 best=2.2564e-06 t=177s
seed0-v ep=1200 lr=1.0e-05 train=2.2024e-06 val=2.2609e-06 best=2.2472e-06 t=179s
seed0-v ep=1205 lr=1.0e-05 train=2.1978e-06 val=2.2324e-06 best=2.2324e-06 t=179s
seed0-v ep=1220 lr=1.0e-05 train=2.1715e-06 val=2.2061e-06 best=2.2061e-06 t=182s
seed0-v ep=1225 lr=1.0e-05 train=2.1826e-06 val=2.2269e-06 best=2.2061e-06 t=182s
seed0-v ep=1230 lr=1.0e-05 train=2.1533e-06 val=2.2046e-06 best=2.2046e-06 t=183s
seed0-v ep=1235 lr=1.0e-05 train=2.1485e-06 val=2.1988e-06 best=2.1988e-06 t=184s
seed0-v ep=1240 lr=1.0e-05 train=2.1395e-06 val=2.1774e-06 best=2.1774e-06 t=185s
seed0-v ep=1250 lr=1.0e-05 train=2.1219e-06 val=2.1987e-06 best=2.1620e-06 t=186s
seed0-v ep=1260 lr=1.0e-05 train=2.1105e-06 val=2.1506e-06 best=2.1506e-06 t=188s
seed0-v ep=1275 lr=1.0e-05 train=2.0871e-06 val=2.1664e-06 best=2.1258e-06 t=190s
seed0-v ep=1280 lr=1.0e-05 train=2.0867e-06 val=2.1162e-06 best=2.1162e-06 t=191s
seed0-v ep=1300 lr=1.0e-05 train=2.0591e-06 val=2.1101e-06 best=2.1022e-06 t=194s
seed0-v ep=1315 lr=1.0e-05 train=2.0394e-06 val=2.0687e-06 best=2.0687e-06 t=196s
seed0-v ep=1325 lr=1.0e-05 train=2.0292e-06 val=2.0755e-06 best=2.0537e-06 t=197s
seed0-v ep=1330 lr=1.0e-05 train=2.0314e-06 val=2.0482e-06 best=2.0482e-06 t=198s
seed0-v ep=1340 lr=1.0e-05 train=2.0048e-06 val=2.0430e-06 best=2.0430e-06 t=200s
seed0-v ep=1350 lr=1.0e-05 train=1.9847e-06 val=2.0305e-06 best=2.0277e-06 t=201s
seed0-v ep=1375 lr=1.0e-05 train=1.9631e-06 val=2.0361e-06 best=1.9980e-06 t=205s
seed0-v ep=1395 lr=1.0e-05 train=1.9269e-06 val=1.9585e-06 best=1.9585e-06 t=208s
seed0-v ep=1400 lr=1.0e-05 train=1.9298e-06 val=1.9605e-06 best=1.9585e-06 t=208s
seed0-v ep=1420 lr=1.0e-05 train=1.9234e-06 val=1.9457e-06 best=1.9457e-06 t=211s
seed0-v ep=1425 lr=1.0e-05 train=1.8952e-06 val=1.9297e-06 best=1.9244e-06 t=212s
seed0-v ep=1450 lr=1.0e-05 train=1.8596e-06 val=1.9023e-06 best=1.8955e-06 t=216s
seed0-v ep=1460 lr=1.0e-05 train=1.8503e-06 val=1.8846e-06 best=1.8846e-06 t=217s
seed0-v ep=1475 lr=1.0e-05 train=1.8455e-06 val=1.8734e-06 best=1.8734e-06 t=220s
seed0-v ep=1480 lr=1.0e-05 train=1.8406e-06 val=1.8677e-06 best=1.8677e-06 t=220s
seed0-v ep=1500 lr=1.0e-05 train=1.8163e-06 val=1.8619e-06 best=1.8367e-06 t=223s
seed0-v ep=1525 lr=1.0e-05 train=1.7851e-06 val=1.8304e-06 best=1.8006e-06 t=227s
seed0-v ep=1550 lr=1.0e-05 train=1.7498e-06 val=1.7776e-06 best=1.7776e-06 t=231s
seed0-v ep=1565 lr=1.0e-05 train=1.7458e-06 val=1.7721e-06 best=1.7721e-06 t=233s
seed0-v ep=1575 lr=1.0e-05 train=1.7324e-06 val=1.7763e-06 best=1.7636e-06 t=235s
seed0-v ep=1600 lr=1.0e-05 train=1.7006e-06 val=1.7590e-06 best=1.7233e-06 t=238s
seed0-v ep=1615 lr=1.0e-05 train=1.6799e-06 val=1.7022e-06 best=1.7022e-06 t=240s
seed0-v ep=1620 lr=1.0e-05 train=1.6722e-06 val=1.6991e-06 best=1.6991e-06 t=241s
seed0-v ep=1625 lr=1.0e-05 train=1.6721e-06 val=1.7415e-06 best=1.6991e-06 t=242s
seed0-v ep=1650 lr=1.0e-05 train=1.6918e-06 val=1.6838e-06 best=1.6736e-06 t=246s
seed0-v ep=1675 lr=1.0e-05 train=1.6171e-06 val=1.6514e-06 best=1.6455e-06 t=249s
seed0-v ep=1700 lr=1.0e-05 train=1.6018e-06 val=1.6413e-06 best=1.6298e-06 t=253s
seed0-v ep=1705 lr=1.0e-05 train=1.5946e-06 val=1.6216e-06 best=1.6216e-06 t=254s
seed0-v ep=1720 lr=1.0e-05 train=1.5764e-06 val=1.5952e-06 best=1.5952e-06 t=256s
seed0-v ep=1725 lr=1.0e-05 train=1.6109e-06 val=1.6434e-06 best=1.5952e-06 t=257s
seed0-v ep=1735 lr=1.0e-05 train=1.5659e-06 val=1.5943e-06 best=1.5943e-06 t=258s
seed0-v ep=1740 lr=1.0e-05 train=1.5620e-06 val=1.5793e-06 best=1.5793e-06 t=259s
seed0-v ep=1750 lr=1.0e-05 train=1.5553e-06 val=1.5904e-06 best=1.5793e-06 t=261s
seed0-v ep=1765 lr=1.0e-05 train=1.5363e-06 val=1.5635e-06 best=1.5635e-06 t=263s
seed0-v ep=1775 lr=1.0e-05 train=1.5241e-06 val=1.5568e-06 best=1.5498e-06 t=264s
seed0-v ep=1795 lr=1.0e-05 train=1.5438e-06 val=1.5318e-06 best=1.5318e-06 t=267s
seed0-v ep=1800 lr=1.0e-05 train=1.5100e-06 val=1.5525e-06 best=1.5318e-06 t=268s
seed0-v ep=1810 lr=1.0e-05 train=1.5001e-06 val=1.5245e-06 best=1.5245e-06 t=269s
seed0-v ep=1820 lr=1.0e-05 train=1.4872e-06 val=1.5144e-06 best=1.5144e-06 t=271s
seed0-v ep=1825 lr=1.0e-05 train=1.4802e-06 val=1.5126e-06 best=1.5049e-06 t=272s
seed0-v ep=1835 lr=1.0e-05 train=1.4821e-06 val=1.5041e-06 best=1.5041e-06 t=273s
seed0-v ep=1850 lr=1.0e-05 train=1.4667e-06 val=1.4989e-06 best=1.4901e-06 t=275s
seed0-v ep=1865 lr=1.0e-05 train=1.4531e-06 val=1.4748e-06 best=1.4748e-06 t=278s
seed0-v ep=1875 lr=1.0e-05 train=1.4536e-06 val=1.4778e-06 best=1.4690e-06 t=279s
seed0-v ep=1895 lr=1.0e-05 train=1.4276e-06 val=1.4550e-06 best=1.4550e-06 t=282s
seed0-v ep=1900 lr=1.0e-05 train=1.4904e-06 val=1.4767e-06 best=1.4550e-06 t=283s
seed0-v ep=1925 lr=1.0e-05 train=1.3988e-06 val=1.4422e-06 best=1.4284e-06 t=287s
seed0-v ep=1935 lr=1.0e-05 train=1.3986e-06 val=1.4214e-06 best=1.4214e-06 t=288s
seed0-v ep=1950 lr=1.0e-05 train=1.3924e-06 val=1.4540e-06 best=1.4071e-06 t=290s
seed0-v ep=1975 lr=1.0e-06 train=1.3237e-06 val=1.3571e-06 best=1.3551e-06 t=294s
seed0-v ep=1995 lr=1.0e-07 train=1.3193e-06 val=1.3524e-06 best=1.3524e-06 t=297s
seed0-v ep=2000 lr=1.0e-07 train=1.3193e-06 val=1.3527e-06 best=1.3524e-06 t=298s
seed0-v ep=2025 lr=1.0e-08 train=1.3188e-06 val=1.3525e-06 best=1.3524e-06 t=302s
seed0-v ep=2050 lr=1.0e-08 train=1.3187e-06 val=1.3526e-06 best=1.3524e-06 t=305s
seed0-v ep=2075 lr=1.0e-08 train=1.3187e-06 val=1.3526e-06 best=1.3524e-06 t=309s
seed0-v ep=2100 lr=1.0e-08 train=1.3187e-06 val=1.3525e-06 best=1.3524e-06 t=313s
seed0-v ep=2125 lr=1.0e-08 train=1.3187e-06 val=1.3525e-06 best=1.3524e-06 t=316s
seed0-v ep=2150 lr=1.0e-08 train=1.3187e-06 val=1.3525e-06 best=1.3524e-06 t=320s
seed0-v ep=2175 lr=1.0e-08 train=1.3187e-06 val=1.3524e-06 best=1.3524e-06 t=324s
seed0-v ep=2200 lr=1.0e-08 train=1.3186e-06 val=1.3524e-06 best=1.3524e-06 t=328s
seed0-v ep=2225 lr=1.0e-08 train=1.3186e-06 val=1.3525e-06 best=1.3524e-06 t=331s
seed0-v ep=2250 lr=1.0e-08 train=1.3186e-06 val=1.3524e-06 best=1.3524e-06 t=335s
seed0-v ep=2275 lr=1.0e-08 train=1.3186e-06 val=1.3524e-06 best=1.3524e-06 t=339s
seed0-v ep=2300 lr=1.0e-08 train=1.3185e-06 val=1.3524e-06 best=1.3523e-06 t=342s
seed0-v ep=2325 lr=1.0e-08 train=1.3185e-06 val=1.3524e-06 best=1.3523e-06 t=346s
seed0-v ep=2350 lr=1.0e-08 train=1.3185e-06 val=1.3524e-06 best=1.3523e-06 t=350s
seed0-v ep=2375 lr=1.0e-08 train=1.3184e-06 val=1.3523e-06 best=1.3522e-06 t=354s
seed0-v ep=2400 lr=1.0e-08 train=1.3184e-06 val=1.3523e-06 best=1.3522e-06 t=357s
seed0-v ep=2405 lr=1.0e-08 train=1.3184e-06 val=1.3522e-06 best=1.3522e-06 t=358s
seed0-v ep=2425 lr=1.0e-08 train=1.3184e-06 val=1.3523e-06 best=1.3522e-06 t=361s
seed0-v ep=2450 lr=1.0e-08 train=1.3184e-06 val=1.3522e-06 best=1.3522e-06 t=365s
seed0-v ep=2475 lr=1.0e-08 train=1.3183e-06 val=1.3523e-06 best=1.3521e-06 t=368s
seed0-v ep=2500 lr=1.0e-08 train=1.3183e-06 val=1.3522e-06 best=1.3521e-06 t=372s
seed0-v ep=2525 lr=1.0e-08 train=1.3183e-06 val=1.3521e-06 best=1.3521e-06 t=376s
seed0-v ep=2535 lr=1.0e-08 train=1.3183e-06 val=1.3521e-06 best=1.3521e-06 t=377s
seed0-v ep=2550 lr=1.0e-08 train=1.3182e-06 val=1.3521e-06 best=1.3520e-06 t=380s
seed0-v ep=2575 lr=1.0e-08 train=1.3182e-06 val=1.3519e-06 best=1.3519e-06 t=383s
seed0-v ep=2600 lr=1.0e-08 train=1.3182e-06 val=1.3520e-06 best=1.3519e-06 t=387s
seed0-v ep=2625 lr=1.0e-08 train=1.3182e-06 val=1.3519e-06 best=1.3519e-06 t=391s
seed0-v ep=2650 lr=1.0e-08 train=1.3181e-06 val=1.3520e-06 best=1.3519e-06 t=394s
seed0-v ep=2675 lr=1.0e-08 train=1.3181e-06 val=1.3521e-06 best=1.3519e-06 t=398s
seed0-v ep=2700 lr=1.0e-08 train=1.3181e-06 val=1.3520e-06 best=1.3519e-06 t=402s
seed0-v ep=2725 lr=1.0e-08 train=1.3181e-06 val=1.3519e-06 best=1.3519e-06 t=406s
seed0-v ep=2750 lr=1.0e-08 train=1.3180e-06 val=1.3519e-06 best=1.3518e-06 t=409s
seed0-v ep=2775 lr=1.0e-08 train=1.3180e-06 val=1.3519e-06 best=1.3518e-06 t=413s
seed0-v ep=2800 lr=1.0e-08 train=1.3180e-06 val=1.3518e-06 best=1.3517e-06 t=417s
seed0-v ep=2825 lr=1.0e-08 train=1.3180e-06 val=1.3518e-06 best=1.3517e-06 t=421s
seed0-v ep=2850 lr=1.0e-08 train=1.3179e-06 val=1.3519e-06 best=1.3517e-06 t=424s
seed0-v ep=2875 lr=1.0e-08 train=1.3179e-06 val=1.3518e-06 best=1.3517e-06 t=428s
seed0-v ep=2900 lr=1.0e-08 train=1.3179e-06 val=1.3516e-06 best=1.3516e-06 t=432s
seed0-v ep=2925 lr=1.0e-08 train=1.3179e-06 val=1.3517e-06 best=1.3516e-06 t=435s
seed0-v ep=2950 lr=1.0e-08 train=1.3178e-06 val=1.3517e-06 best=1.3516e-06 t=439s
seed0-v ep=2965 lr=1.0e-08 train=1.3178e-06 val=1.3516e-06 best=1.3516e-06 t=441s
seed0-v ep=2975 lr=1.0e-08 train=1.3178e-06 val=1.3516e-06 best=1.3516e-06 t=443s
seed0-v ep=3000 lr=1.0e-08 train=1.3178e-06 val=1.3516e-06 best=1.3515e-06 t=447s
seed0-v ep=3025 lr=1.0e-08 train=1.3177e-06 val=1.3516e-06 best=1.3515e-06 t=450s
seed0-v ep=3050 lr=1.0e-08 train=1.3177e-06 val=1.3517e-06 best=1.3515e-06 t=454s
seed0-v ep=3070 lr=1.0e-08 train=1.3177e-06 val=1.3515e-06 best=1.3515e-06 t=457s
seed0-v ep=3075 lr=1.0e-08 train=1.3177e-06 val=1.3515e-06 best=1.3515e-06 t=458s
seed0-v ep=3095 lr=1.0e-08 train=1.3177e-06 val=1.3515e-06 best=1.3515e-06 t=461s
seed0-v ep=3100 lr=1.0e-08 train=1.3177e-06 val=1.3515e-06 best=1.3515e-06 t=461s
seed0-v ep=3125 lr=1.0e-08 train=1.3177e-06 val=1.3516e-06 best=1.3514e-06 t=465s
seed0-v ep=3150 lr=1.0e-08 train=1.3176e-06 val=1.3514e-06 best=1.3514e-06 t=469s
seed0-v ep=3175 lr=1.0e-08 train=1.3176e-06 val=1.3515e-06 best=1.3513e-06 t=473s
seed0-v ep=3190 lr=1.0e-08 train=1.3176e-06 val=1.3513e-06 best=1.3513e-06 t=475s
seed0-v ep=3200 lr=1.0e-08 train=1.3176e-06 val=1.3514e-06 best=1.3513e-06 t=476s
seed0-v ep=3225 lr=1.0e-08 train=1.3175e-06 val=1.3513e-06 best=1.3513e-06 t=480s
seed0-v ep=3245 lr=1.0e-08 train=1.3175e-06 val=1.3512e-06 best=1.3512e-06 t=483s
seed0-v ep=3250 lr=1.0e-08 train=1.3175e-06 val=1.3514e-06 best=1.3512e-06 t=484s
seed0-v ep=3275 lr=1.0e-08 train=1.3175e-06 val=1.3513e-06 best=1.3512e-06 t=487s
seed0-v ep=3300 lr=1.0e-08 train=1.3175e-06 val=1.3512e-06 best=1.3512e-06 t=491s
seed0-v ep=3305 lr=1.0e-08 train=1.3175e-06 val=1.3512e-06 best=1.3512e-06 t=492s
seed0-v ep=3325 lr=1.0e-08 train=1.3174e-06 val=1.3512e-06 best=1.3512e-06 t=495s
seed0-v ep=3350 lr=1.0e-08 train=1.3174e-06 val=1.3513e-06 best=1.3512e-06 t=499s
seed0-v ep=3375 lr=1.0e-08 train=1.3174e-06 val=1.3513e-06 best=1.3512e-06 t=502s
seed0-v ep=3400 lr=1.0e-08 train=1.3174e-06 val=1.3513e-06 best=1.3512e-06 t=506s
seed0-v ep=3420 lr=1.0e-08 train=1.3173e-06 val=1.3511e-06 best=1.3511e-06 t=509s
seed0-v ep=3425 lr=1.0e-08 train=1.3173e-06 val=1.3512e-06 best=1.3511e-06 t=510s
seed0-v ep=3450 lr=1.0e-08 train=1.3173e-06 val=1.3512e-06 best=1.3511e-06 t=514s
seed0-v ep=3470 lr=1.0e-08 train=1.3173e-06 val=1.3510e-06 best=1.3510e-06 t=516s
seed0-v ep=3475 lr=1.0e-08 train=1.3173e-06 val=1.3511e-06 best=1.3510e-06 t=517s
seed0-v ep=3500 lr=1.0e-08 train=1.3172e-06 val=1.3511e-06 best=1.3510e-06 t=521s
seed0-v ep=3520 lr=1.0e-08 train=1.3173e-06 val=1.3510e-06 best=1.3510e-06 t=524s
seed0-v ep=3525 lr=1.0e-08 train=1.3172e-06 val=1.3511e-06 best=1.3510e-06 t=525s
seed0-v ep=3550 lr=1.0e-08 train=1.3172e-06 val=1.3511e-06 best=1.3510e-06 t=528s
seed0-v ep=3565 lr=1.0e-08 train=1.3172e-06 val=1.3510e-06 best=1.3510e-06 t=531s
seed0-v ep=3575 lr=1.0e-08 train=1.3172e-06 val=1.3511e-06 best=1.3510e-06 t=532s
seed0-v ep=3600 lr=1.0e-08 train=1.3172e-06 val=1.3510e-06 best=1.3510e-06 t=536s
seed0-v ep=3625 lr=1.0e-08 train=1.3171e-06 val=1.3510e-06 best=1.3509e-06 t=540s
seed0-v ep=3630 lr=1.0e-08 train=1.3171e-06 val=1.3509e-06 best=1.3509e-06 t=540s
seed0-v ep=3650 lr=1.0e-08 train=1.3171e-06 val=1.3511e-06 best=1.3509e-06 t=543s
seed0-v ep=3675 lr=1.0e-08 train=1.3171e-06 val=1.3509e-06 best=1.3509e-06 t=547s
seed0-v ep=3685 lr=1.0e-08 train=1.3171e-06 val=1.3509e-06 best=1.3509e-06 t=548s
seed0-v ep=3695 lr=1.0e-08 train=1.3171e-06 val=1.3508e-06 best=1.3508e-06 t=550s
seed0-v ep=3700 lr=1.0e-08 train=1.3170e-06 val=1.3509e-06 best=1.3508e-06 t=551s
seed0-v ep=3715 lr=1.0e-08 train=1.3170e-06 val=1.3508e-06 best=1.3508e-06 t=553s
seed0-v ep=3725 lr=1.0e-08 train=1.3170e-06 val=1.3509e-06 best=1.3508e-06 t=554s
seed0-v ep=3750 lr=1.0e-08 train=1.3170e-06 val=1.3509e-06 best=1.3508e-06 t=558s
seed0-v ep=3775 lr=1.0e-08 train=1.3170e-06 val=1.3508e-06 best=1.3507e-06 t=562s
seed0-v ep=3800 lr=1.0e-08 train=1.3170e-06 val=1.3509e-06 best=1.3507e-06 t=566s
seed0-v ep=3825 lr=1.0e-08 train=1.3169e-06 val=1.3508e-06 best=1.3507e-06 t=569s
seed0-v ep=3850 lr=1.0e-08 train=1.3169e-06 val=1.3508e-06 best=1.3507e-06 t=573s
seed0-v ep=3875 lr=1.0e-08 train=1.3169e-06 val=1.3508e-06 best=1.3507e-06 t=577s
seed0-v ep=3900 lr=1.0e-08 train=1.3168e-06 val=1.3507e-06 best=1.3507e-06 t=580s
seed0-v ep=3925 lr=1.0e-08 train=1.3168e-06 val=1.3508e-06 best=1.3507e-06 t=584s
seed0-v ep=3950 lr=1.0e-08 train=1.3168e-06 val=1.3507e-06 best=1.3506e-06 t=588s
seed0-v ep=3975 lr=1.0e-08 train=1.3168e-06 val=1.3506e-06 best=1.3506e-06 t=592s
seed0-v ep=4000 lr=1.0e-08 train=1.3167e-06 val=1.3507e-06 best=1.3506e-06 t=595s
seed0-v ep=4025 lr=1.0e-08 train=1.3167e-06 val=1.3507e-06 best=1.3506e-06 t=599s
seed0-v ep=4030 lr=1.0e-08 train=1.3167e-06 val=1.3505e-06 best=1.3505e-06 t=600s
seed0-v ep=4050 lr=1.0e-08 train=1.3167e-06 val=1.3507e-06 best=1.3505e-06 t=603s
seed0-v ep=4075 lr=1.0e-08 train=1.3167e-06 val=1.3505e-06 best=1.3505e-06 t=606s
seed0-v ep=4100 lr=1.0e-08 train=1.3166e-06 val=1.3505e-06 best=1.3505e-06 t=610s
seed0-v ep=4125 lr=1.0e-08 train=1.3166e-06 val=1.3504e-06 best=1.3504e-06 t=614s
seed0-v ep=4150 lr=1.0e-08 train=1.3166e-06 val=1.3503e-06 best=1.3503e-06 t=618s
seed0-v ep=4155 lr=1.0e-08 train=1.3166e-06 val=1.3503e-06 best=1.3503e-06 t=618s
seed0-v ep=4160 lr=1.0e-08 train=1.3166e-06 val=1.3503e-06 best=1.3503e-06 t=619s
seed0-v ep=4175 lr=1.0e-08 train=1.3166e-06 val=1.3504e-06 best=1.3503e-06 t=621s
seed0-v ep=4200 lr=1.0e-08 train=1.3165e-06 val=1.3505e-06 best=1.3503e-06 t=625s
seed0-v ep=4225 lr=1.0e-08 train=1.3165e-06 val=1.3505e-06 best=1.3503e-06 t=629s
seed0-v ep=4250 lr=1.0e-08 train=1.3165e-06 val=1.3503e-06 best=1.3503e-06 t=633s
seed0-v ep=4275 lr=1.0e-08 train=1.3165e-06 val=1.3503e-06 best=1.3502e-06 t=636s
seed0-v ep=4295 lr=1.0e-08 train=1.3164e-06 val=1.3501e-06 best=1.3501e-06 t=639s
seed0-v ep=4300 lr=1.0e-08 train=1.3164e-06 val=1.3502e-06 best=1.3501e-06 t=640s
seed0-v ep=4325 lr=1.0e-08 train=1.3164e-06 val=1.3502e-06 best=1.3501e-06 t=644s
seed0-v ep=4350 lr=1.0e-08 train=1.3164e-06 val=1.3502e-06 best=1.3501e-06 t=647s
seed0-v ep=4375 lr=1.0e-08 train=1.3164e-06 val=1.3502e-06 best=1.3500e-06 t=651s
seed0-v ep=4400 lr=1.0e-08 train=1.3163e-06 val=1.3503e-06 best=1.3500e-06 t=655s
seed0-v ep=4425 lr=1.0e-08 train=1.3163e-06 val=1.3500e-06 best=1.3500e-06 t=659s
seed0-v ep=4450 lr=1.0e-08 train=1.3163e-06 val=1.3501e-06 best=1.3500e-06 t=662s
seed0-v ep=4475 lr=1.0e-08 train=1.3162e-06 val=1.3501e-06 best=1.3500e-06 t=666s
seed0-v ep=4500 lr=1.0e-08 train=1.3162e-06 val=1.3500e-06 best=1.3500e-06 t=670s
seed0-v ep=4525 lr=1.0e-08 train=1.3162e-06 val=1.3500e-06 best=1.3499e-06 t=673s
seed0-v ep=4550 lr=1.0e-08 train=1.3162e-06 val=1.3500e-06 best=1.3499e-06 t=677s
seed0-v ep=4575 lr=1.0e-08 train=1.3161e-06 val=1.3500e-06 best=1.3499e-06 t=681s
seed0-v ep=4600 lr=1.0e-08 train=1.3161e-06 val=1.3501e-06 best=1.3499e-06 t=685s
seed0-v ep=4625 lr=1.0e-08 train=1.3161e-06 val=1.3499e-06 best=1.3499e-06 t=688s
seed0-v ep=4650 lr=1.0e-08 train=1.3161e-06 val=1.3499e-06 best=1.3499e-06 t=692s
seed0-v ep=4675 lr=1.0e-08 train=1.3160e-06 val=1.3499e-06 best=1.3499e-06 t=696s
seed0-v ep=4700 lr=1.0e-08 train=1.3160e-06 val=1.3498e-06 best=1.3498e-06 t=699s
seed0-v ep=4710 lr=1.0e-08 train=1.3160e-06 val=1.3498e-06 best=1.3498e-06 t=701s
seed0-v ep=4725 lr=1.0e-08 train=1.3160e-06 val=1.3498e-06 best=1.3497e-06 t=703s
seed0-v ep=4750 lr=1.0e-08 train=1.3160e-06 val=1.3498e-06 best=1.3497e-06 t=707s
seed0-v ep=4775 lr=1.0e-08 train=1.3159e-06 val=1.3498e-06 best=1.3497e-06 t=711s
seed0-v ep=4785 lr=1.0e-08 train=1.3159e-06 val=1.3497e-06 best=1.3497e-06 t=712s
seed0-v ep=4800 lr=1.0e-08 train=1.3159e-06 val=1.3498e-06 best=1.3496e-06 t=714s
seed0-v ep=4825 lr=1.0e-08 train=1.3159e-06 val=1.3498e-06 best=1.3496e-06 t=718s
seed0-v ep=4850 lr=1.0e-08 train=1.3159e-06 val=1.3498e-06 best=1.3496e-06 t=722s
seed0-v ep=4875 lr=1.0e-08 train=1.3159e-06 val=1.3497e-06 best=1.3496e-06 t=725s
seed0-v ep=4900 lr=1.0e-08 train=1.3158e-06 val=1.3497e-06 best=1.3496e-06 t=729s
seed0-v ep=4925 lr=1.0e-08 train=1.3158e-06 val=1.3496e-06 best=1.3496e-06 t=733s
seed0-v ep=4950 lr=1.0e-08 train=1.3158e-06 val=1.3497e-06 best=1.3496e-06 t=737s
seed0-v ep=4975 lr=1.0e-08 train=1.3158e-06 val=1.3497e-06 best=1.3495e-06 t=740s
seed0-v ep=5000 lr=1.0e-08 train=1.3157e-06 val=1.3496e-06 best=1.3495e-06 t=744s
seed0-v ep=5025 lr=1.0e-08 train=1.3157e-06 val=1.3495e-06 best=1.3494e-06 t=748s
seed0-v ep=5050 lr=1.0e-08 train=1.3157e-06 val=1.3495e-06 best=1.3494e-06 t=751s
seed0-v ep=5075 lr=1.0e-08 train=1.3156e-06 val=1.3495e-06 best=1.3494e-06 t=755s
seed0-v ep=5100 lr=1.0e-08 train=1.3156e-06 val=1.3495e-06 best=1.3494e-06 t=759s
seed0-v ep=5125 lr=1.0e-08 train=1.3156e-06 val=1.3495e-06 best=1.3494e-06 t=763s
seed0-v ep=5150 lr=1.0e-08 train=1.3156e-06 val=1.3495e-06 best=1.3493e-06 t=766s
seed0-v ep=5175 lr=1.0e-08 train=1.3155e-06 val=1.3494e-06 best=1.3493e-06 t=770s
seed0-v ep=5200 lr=1.0e-08 train=1.3155e-06 val=1.3494e-06 best=1.3493e-06 t=774s
seed0-v ep=5225 lr=1.0e-08 train=1.3155e-06 val=1.3494e-06 best=1.3493e-06 t=778s
seed0-v ep=5250 lr=1.0e-08 train=1.3154e-06 val=1.3493e-06 best=1.3493e-06 t=781s
seed0-v ep=5265 lr=1.0e-08 train=1.3154e-06 val=1.3492e-06 best=1.3492e-06 t=783s
seed0-v ep=5275 lr=1.0e-08 train=1.3154e-06 val=1.3494e-06 best=1.3492e-06 t=785s
seed0-v ep=5300 lr=1.0e-08 train=1.3154e-06 val=1.3494e-06 best=1.3492e-06 t=789s
seed0-v ep=5325 lr=1.0e-08 train=1.3154e-06 val=1.3492e-06 best=1.3491e-06 t=792s
seed0-v ep=5350 lr=1.0e-08 train=1.3153e-06 val=1.3491e-06 best=1.3491e-06 t=796s
seed0-v ep=5375 lr=1.0e-08 train=1.3153e-06 val=1.3493e-06 best=1.3491e-06 t=800s
seed0-v ep=5395 lr=1.0e-08 train=1.3153e-06 val=1.3491e-06 best=1.3491e-06 t=803s
seed0-v ep=5400 lr=1.0e-08 train=1.3153e-06 val=1.3491e-06 best=1.3491e-06 t=804s
seed0-v ep=5425 lr=1.0e-08 train=1.3153e-06 val=1.3491e-06 best=1.3490e-06 t=807s
seed0-v ep=5450 lr=1.0e-08 train=1.3153e-06 val=1.3491e-06 best=1.3490e-06 t=811s
seed0-v ep=5475 lr=1.0e-08 train=1.3152e-06 val=1.3491e-06 best=1.3490e-06 t=815s
seed0-v ep=5500 lr=1.0e-08 train=1.3152e-06 val=1.3491e-06 best=1.3490e-06 t=818s
seed0-v ep=5525 lr=1.0e-08 train=1.3152e-06 val=1.3490e-06 best=1.3489e-06 t=822s
seed0-v ep=5550 lr=1.0e-08 train=1.3151e-06 val=1.3490e-06 best=1.3489e-06 t=826s
seed0-v ep=5565 lr=1.0e-08 train=1.3151e-06 val=1.3488e-06 best=1.3488e-06 t=828s
seed0-v ep=5575 lr=1.0e-08 train=1.3151e-06 val=1.3490e-06 best=1.3488e-06 t=830s
seed0-v ep=5600 lr=1.0e-08 train=1.3151e-06 val=1.3490e-06 best=1.3488e-06 t=833s
seed0-v ep=5625 lr=1.0e-08 train=1.3151e-06 val=1.3489e-06 best=1.3488e-06 t=837s
seed0-v ep=5650 lr=1.0e-08 train=1.3150e-06 val=1.3489e-06 best=1.3488e-06 t=841s
seed0-v ep=5675 lr=1.0e-08 train=1.3150e-06 val=1.3488e-06 best=1.3487e-06 t=844s
seed0-v ep=5700 lr=1.0e-08 train=1.3150e-06 val=1.3488e-06 best=1.3487e-06 t=848s
seed0-v ep=5725 lr=1.0e-08 train=1.3150e-06 val=1.3489e-06 best=1.3487e-06 t=852s
seed0-v ep=5750 lr=1.0e-08 train=1.3149e-06 val=1.3487e-06 best=1.3487e-06 t=856s
seed0-v ep=5775 lr=1.0e-08 train=1.3149e-06 val=1.3488e-06 best=1.3487e-06 t=859s
seed0-v ep=5800 lr=1.0e-08 train=1.3149e-06 val=1.3487e-06 best=1.3487e-06 t=863s
seed0-v ep=5825 lr=1.0e-08 train=1.3149e-06 val=1.3488e-06 best=1.3486e-06 t=867s
seed0-v ep=5850 lr=1.0e-08 train=1.3148e-06 val=1.3487e-06 best=1.3486e-06 t=870s
seed0-v ep=5875 lr=1.0e-08 train=1.3148e-06 val=1.3487e-06 best=1.3486e-06 t=874s
seed0-v ep=5900 lr=1.0e-08 train=1.3148e-06 val=1.3486e-06 best=1.3486e-06 t=878s
seed0-v ep=5920 lr=1.0e-08 train=1.3148e-06 val=1.3485e-06 best=1.3485e-06 t=881s
seed0-v ep=5925 lr=1.0e-08 train=1.3148e-06 val=1.3486e-06 best=1.3485e-06 t=882s
seed0-v ep=5950 lr=1.0e-08 train=1.3147e-06 val=1.3486e-06 best=1.3485e-06 t=885s
seed0-v ep=5975 lr=1.0e-08 train=1.3147e-06 val=1.3486e-06 best=1.3485e-06 t=889s
seed0-v ep=6000 lr=1.0e-08 train=1.3147e-06 val=1.3485e-06 best=1.3485e-06 t=893s
seed0-v ep=6025 lr=1.0e-08 train=1.3147e-06 val=1.3484e-06 best=1.3484e-06 t=896s
seed0-v ep=6050 lr=1.0e-08 train=1.3146e-06 val=1.3485e-06 best=1.3483e-06 t=900s
seed0-v ep=6075 lr=1.0e-08 train=1.3146e-06 val=1.3484e-06 best=1.3483e-06 t=904s
seed0-v ep=6100 lr=1.0e-08 train=1.3146e-06 val=1.3485e-06 best=1.3483e-06 t=908s
seed0-v ep=6120 lr=1.0e-08 train=1.3146e-06 val=1.3483e-06 best=1.3483e-06 t=911s
seed0-v ep=6125 lr=1.0e-08 train=1.3146e-06 val=1.3483e-06 best=1.3483e-06 t=911s
seed0-v ep=6150 lr=1.0e-08 train=1.3145e-06 val=1.3484e-06 best=1.3482e-06 t=915s
seed0-v ep=6175 lr=1.0e-08 train=1.3145e-06 val=1.3484e-06 best=1.3482e-06 t=919s
seed0-v ep=6200 lr=1.0e-08 train=1.3145e-06 val=1.3482e-06 best=1.3482e-06 t=922s
seed0-v ep=6225 lr=1.0e-08 train=1.3145e-06 val=1.3483e-06 best=1.3482e-06 t=926s
seed0-v ep=6250 lr=1.0e-08 train=1.3144e-06 val=1.3482e-06 best=1.3482e-06 t=930s
seed0-v ep=6275 lr=1.0e-08 train=1.3144e-06 val=1.3483e-06 best=1.3482e-06 t=934s
seed0-v ep=6300 lr=1.0e-08 train=1.3144e-06 val=1.3481e-06 best=1.3481e-06 t=937s
seed0-v ep=6325 lr=1.0e-08 train=1.3144e-06 val=1.3483e-06 best=1.3481e-06 t=941s
seed0-v ep=6350 lr=1.0e-08 train=1.3143e-06 val=1.3482e-06 best=1.3481e-06 t=945s
seed0-v ep=6375 lr=1.0e-08 train=1.3143e-06 val=1.3481e-06 best=1.3480e-06 t=949s
seed0-v ep=6400 lr=1.0e-08 train=1.3143e-06 val=1.3481e-06 best=1.3479e-06 t=952s
seed0-v ep=6425 lr=1.0e-08 train=1.3143e-06 val=1.3480e-06 best=1.3479e-06 t=956s
seed0-v ep=6450 lr=1.0e-08 train=1.3142e-06 val=1.3480e-06 best=1.3479e-06 t=960s
seed0-v ep=6475 lr=1.0e-08 train=1.3142e-06 val=1.3481e-06 best=1.3479e-06 t=963s
seed0-v ep=6500 lr=1.0e-08 train=1.3142e-06 val=1.3480e-06 best=1.3479e-06 t=967s
seed0-v ep=6525 lr=1.0e-08 train=1.3142e-06 val=1.3480e-06 best=1.3479e-06 t=971s
seed0-v ep=6550 lr=1.0e-08 train=1.3141e-06 val=1.3479e-06 best=1.3479e-06 t=975s
seed0-v ep=6575 lr=1.0e-08 train=1.3141e-06 val=1.3479e-06 best=1.3479e-06 t=978s
seed0-v ep=6600 lr=1.0e-08 train=1.3141e-06 val=1.3478e-06 best=1.3478e-06 t=982s
seed0-v ep=6625 lr=1.0e-08 train=1.3141e-06 val=1.3479e-06 best=1.3478e-06 t=986s
seed0-v ep=6650 lr=1.0e-08 train=1.3140e-06 val=1.3478e-06 best=1.3477e-06 t=989s
seed0-v ep=6675 lr=1.0e-08 train=1.3140e-06 val=1.3478e-06 best=1.3476e-06 t=993s
seed0-v ep=6700 lr=1.0e-08 train=1.3140e-06 val=1.3477e-06 best=1.3476e-06 t=997s
seed0-v ep=6725 lr=1.0e-08 train=1.3140e-06 val=1.3478e-06 best=1.3476e-06 t=1001s
seed0-v ep=6750 lr=1.0e-08 train=1.3139e-06 val=1.3479e-06 best=1.3476e-06 t=1004s
seed0-v ep=6770 lr=1.0e-08 train=1.3139e-06 val=1.3476e-06 best=1.3476e-06 t=1007s
seed0-v ep=6775 lr=1.0e-08 train=1.3139e-06 val=1.3477e-06 best=1.3476e-06 t=1008s
seed0-v ep=6800 lr=1.0e-08 train=1.3139e-06 val=1.3478e-06 best=1.3476e-06 t=1012s
seed0-v ep=6825 lr=1.0e-08 train=1.3139e-06 val=1.3477e-06 best=1.3476e-06 t=1015s
seed0-v ep=6845 lr=1.0e-08 train=1.3138e-06 val=1.3476e-06 best=1.3476e-06 t=1018s
seed0-v ep=6850 lr=1.0e-08 train=1.3138e-06 val=1.3477e-06 best=1.3476e-06 t=1019s
seed0-v ep=6855 lr=1.0e-08 train=1.3138e-06 val=1.3475e-06 best=1.3475e-06 t=1020s
seed0-v ep=6865 lr=1.0e-08 train=1.3138e-06 val=1.3475e-06 best=1.3475e-06 t=1021s
seed0-v ep=6875 lr=1.0e-08 train=1.3138e-06 val=1.3474e-06 best=1.3474e-06 t=1023s
seed0-v ep=6900 lr=1.0e-08 train=1.3138e-06 val=1.3476e-06 best=1.3474e-06 t=1027s
seed0-v ep=6925 lr=1.0e-08 train=1.3137e-06 val=1.3476e-06 best=1.3474e-06 t=1030s
seed0-v ep=6950 lr=1.0e-08 train=1.3137e-06 val=1.3476e-06 best=1.3474e-06 t=1034s
seed0-v ep=6975 lr=1.0e-08 train=1.3137e-06 val=1.3476e-06 best=1.3474e-06 t=1038s
seed0-v ep=7000 lr=1.0e-08 train=1.3137e-06 val=1.3475e-06 best=1.3474e-06 t=1041s
seed0-v ep=7025 lr=1.0e-08 train=1.3136e-06 val=1.3476e-06 best=1.3474e-06 t=1045s
seed0-v ep=7050 lr=1.0e-08 train=1.3136e-06 val=1.3475e-06 best=1.3474e-06 t=1049s
seed0-v ep=7075 lr=1.0e-08 train=1.3136e-06 val=1.3475e-06 best=1.3474e-06 t=1053s
seed0-v ep=7100 lr=1.0e-08 train=1.3136e-06 val=1.3473e-06 best=1.3473e-06 t=1056s
seed0-v ep=7125 lr=1.0e-08 train=1.3135e-06 val=1.3474e-06 best=1.3472e-06 t=1060s
seed0-v ep=7150 lr=1.0e-08 train=1.3135e-06 val=1.3475e-06 best=1.3472e-06 t=1064s
seed0-v ep=7175 lr=1.0e-08 train=1.3135e-06 val=1.3474e-06 best=1.3472e-06 t=1067s
seed0-v ep=7200 lr=1.0e-08 train=1.3135e-06 val=1.3473e-06 best=1.3472e-06 t=1071s
seed0-v ep=7225 lr=1.0e-08 train=1.3135e-06 val=1.3473e-06 best=1.3471e-06 t=1075s
seed0-v ep=7250 lr=1.0e-08 train=1.3134e-06 val=1.3473e-06 best=1.3471e-06 t=1079s
seed0-v ep=7275 lr=1.0e-08 train=1.3134e-06 val=1.3472e-06 best=1.3471e-06 t=1082s
seed0-v ep=7300 lr=1.0e-08 train=1.3134e-06 val=1.3473e-06 best=1.3471e-06 t=1086s
seed0-v ep=7325 lr=1.0e-08 train=1.3134e-06 val=1.3472e-06 best=1.3471e-06 t=1090s
seed0-v ep=7350 lr=1.0e-08 train=1.3133e-06 val=1.3471e-06 best=1.3469e-06 t=1093s
seed0-v ep=7375 lr=1.0e-08 train=1.3133e-06 val=1.3470e-06 best=1.3469e-06 t=1097s
seed0-v ep=7400 lr=1.0e-08 train=1.3133e-06 val=1.3469e-06 best=1.3469e-06 t=1101s
seed0-v ep=7425 lr=1.0e-08 train=1.3132e-06 val=1.3469e-06 best=1.3469e-06 t=1105s
seed0-v ep=7450 lr=1.0e-08 train=1.3132e-06 val=1.3469e-06 best=1.3469e-06 t=1108s
seed0-v ep=7475 lr=1.0e-08 train=1.3132e-06 val=1.3470e-06 best=1.3469e-06 t=1112s
seed0-v ep=7500 lr=1.0e-08 train=1.3132e-06 val=1.3470e-06 best=1.3469e-06 t=1116s
seed0-v ep=7520 lr=1.0e-08 train=1.3132e-06 val=1.3469e-06 best=1.3469e-06 t=1119s
seed0-v ep=7525 lr=1.0e-08 train=1.3132e-06 val=1.3469e-06 best=1.3468e-06 t=1119s
seed0-v ep=7550 lr=1.0e-08 train=1.3131e-06 val=1.3468e-06 best=1.3468e-06 t=1123s
seed0-v ep=7555 lr=1.0e-08 train=1.3131e-06 val=1.3468e-06 best=1.3468e-06 t=1124s
seed0-v ep=7575 lr=1.0e-08 train=1.3131e-06 val=1.3470e-06 best=1.3468e-06 t=1127s
seed0-v ep=7600 lr=1.0e-08 train=1.3131e-06 val=1.3470e-06 best=1.3468e-06 t=1131s
seed0-v ep=7625 lr=1.0e-08 train=1.3131e-06 val=1.3469e-06 best=1.3468e-06 t=1134s
seed0-v ep=7650 lr=1.0e-08 train=1.3130e-06 val=1.3467e-06 best=1.3467e-06 t=1138s
seed0-v ep=7655 lr=1.0e-08 train=1.3130e-06 val=1.3467e-06 best=1.3467e-06 t=1139s
seed0-v ep=7675 lr=1.0e-08 train=1.3130e-06 val=1.3467e-06 best=1.3467e-06 t=1142s
seed0-v ep=7700 lr=1.0e-08 train=1.3130e-06 val=1.3467e-06 best=1.3467e-06 t=1146s
seed0-v ep=7725 lr=1.0e-08 train=1.3130e-06 val=1.3469e-06 best=1.3467e-06 t=1149s
seed0-v ep=7750 lr=1.0e-08 train=1.3129e-06 val=1.3468e-06 best=1.3467e-06 t=1153s
seed0-v ep=7775 lr=1.0e-08 train=1.3129e-06 val=1.3468e-06 best=1.3467e-06 t=1157s
seed0-v ep=7800 lr=1.0e-08 train=1.3129e-06 val=1.3466e-06 best=1.3466e-06 t=1160s
seed0-v ep=7825 lr=1.0e-08 train=1.3128e-06 val=1.3467e-06 best=1.3466e-06 t=1164s
seed0-v ep=7850 lr=1.0e-08 train=1.3128e-06 val=1.3467e-06 best=1.3466e-06 t=1168s
seed0-v ep=7875 lr=1.0e-08 train=1.3128e-06 val=1.3465e-06 best=1.3465e-06 t=1172s
seed0-v ep=7885 lr=1.0e-08 train=1.3128e-06 val=1.3464e-06 best=1.3464e-06 t=1173s
seed0-v ep=7900 lr=1.0e-08 train=1.3128e-06 val=1.3465e-06 best=1.3464e-06 t=1175s
seed0-v ep=7925 lr=1.0e-08 train=1.3127e-06 val=1.3464e-06 best=1.3464e-06 t=1179s
seed0-v ep=7950 lr=1.0e-08 train=1.3127e-06 val=1.3465e-06 best=1.3464e-06 t=1183s
seed0-v ep=7975 lr=1.0e-08 train=1.3127e-06 val=1.3465e-06 best=1.3464e-06 t=1186s
seed0-v ep=8000 lr=1.0e-08 train=1.3127e-06 val=1.3465e-06 best=1.3464e-06 t=1190s
seed0-v ep=8025 lr=1.0e-08 train=1.3127e-06 val=1.3464e-06 best=1.3464e-06 t=1194s
seed0-v ep=8050 lr=1.0e-08 train=1.3126e-06 val=1.3464e-06 best=1.3464e-06 t=1198s
seed0-v ep=8075 lr=1.0e-08 train=1.3126e-06 val=1.3465e-06 best=1.3463e-06 t=1201s
seed0-v ep=8100 lr=1.0e-08 train=1.3126e-06 val=1.3464e-06 best=1.3463e-06 t=1205s
seed0-v ep=8125 lr=1.0e-08 train=1.3125e-06 val=1.3463e-06 best=1.3463e-06 t=1209s
seed0-v ep=8130 lr=1.0e-08 train=1.3125e-06 val=1.3463e-06 best=1.3463e-06 t=1209s
seed0-v ep=8150 lr=1.0e-08 train=1.3125e-06 val=1.3464e-06 best=1.3463e-06 t=1212s
seed0-v ep=8170 lr=1.0e-08 train=1.3125e-06 val=1.3462e-06 best=1.3462e-06 t=1215s
seed0-v ep=8175 lr=1.0e-08 train=1.3125e-06 val=1.3463e-06 best=1.3462e-06 t=1216s
seed0-v ep=8200 lr=1.0e-08 train=1.3125e-06 val=1.3463e-06 best=1.3462e-06 t=1220s
seed0-v ep=8225 lr=1.0e-08 train=1.3124e-06 val=1.3462e-06 best=1.3462e-06 t=1224s
seed0-v ep=8250 lr=1.0e-08 train=1.3124e-06 val=1.3462e-06 best=1.3462e-06 t=1227s
seed0-v ep=8275 lr=1.0e-08 train=1.3124e-06 val=1.3462e-06 best=1.3461e-06 t=1231s
seed0-v ep=8300 lr=1.0e-08 train=1.3124e-06 val=1.3461e-06 best=1.3460e-06 t=1235s
seed0-v ep=8320 lr=1.0e-08 train=1.3124e-06 val=1.3460e-06 best=1.3460e-06 t=1238s
seed0-v ep=8325 lr=1.0e-08 train=1.3124e-06 val=1.3460e-06 best=1.3460e-06 t=1238s
seed0-v ep=8350 lr=1.0e-08 train=1.3123e-06 val=1.3462e-06 best=1.3459e-06 t=1242s
seed0-v ep=8375 lr=1.0e-08 train=1.3123e-06 val=1.3461e-06 best=1.3459e-06 t=1246s
seed0-v ep=8400 lr=1.0e-08 train=1.3123e-06 val=1.3461e-06 best=1.3459e-06 t=1250s
seed0-v ep=8425 lr=1.0e-08 train=1.3123e-06 val=1.3460e-06 best=1.3459e-06 t=1253s
seed0-v ep=8450 lr=1.0e-08 train=1.3122e-06 val=1.3460e-06 best=1.3459e-06 t=1257s
seed0-v ep=8475 lr=1.0e-08 train=1.3122e-06 val=1.3460e-06 best=1.3458e-06 t=1261s
seed0-v ep=8500 lr=1.0e-08 train=1.3122e-06 val=1.3460e-06 best=1.3458e-06 t=1264s
seed0-v ep=8525 lr=1.0e-08 train=1.3121e-06 val=1.3460e-06 best=1.3458e-06 t=1268s
seed0-v ep=8550 lr=1.0e-08 train=1.3121e-06 val=1.3460e-06 best=1.3458e-06 t=1272s
seed0-v ep=8575 lr=1.0e-08 train=1.3121e-06 val=1.3459e-06 best=1.3458e-06 t=1276s
seed0-v ep=8600 lr=1.0e-08 train=1.3121e-06 val=1.3459e-06 best=1.3458e-06 t=1279s
seed0-v ep=8625 lr=1.0e-08 train=1.3120e-06 val=1.3459e-06 best=1.3458e-06 t=1283s
seed0-v ep=8650 lr=1.0e-08 train=1.3120e-06 val=1.3459e-06 best=1.3458e-06 t=1287s
seed0-v ep=8665 lr=1.0e-08 train=1.3120e-06 val=1.3458e-06 best=1.3458e-06 t=1289s
seed0-v ep=8675 lr=1.0e-08 train=1.3120e-06 val=1.3458e-06 best=1.3458e-06 t=1290s
seed0-v ep=8700 lr=1.0e-08 train=1.3120e-06 val=1.3458e-06 best=1.3457e-06 t=1294s
seed0-v ep=8725 lr=1.0e-08 train=1.3120e-06 val=1.3458e-06 best=1.3457e-06 t=1298s
seed0-v ep=8750 lr=1.0e-08 train=1.3119e-06 val=1.3457e-06 best=1.3456e-06 t=1302s
seed0-v ep=8775 lr=1.0e-08 train=1.3119e-06 val=1.3457e-06 best=1.3456e-06 t=1305s
seed0-v ep=8795 lr=1.0e-08 train=1.3119e-06 val=1.3456e-06 best=1.3456e-06 t=1308s
seed0-v ep=8800 lr=1.0e-08 train=1.3119e-06 val=1.3456e-06 best=1.3456e-06 t=1309s
seed0-v ep=8825 lr=1.0e-08 train=1.3118e-06 val=1.3456e-06 best=1.3455e-06 t=1313s
seed0-v ep=8850 lr=1.0e-08 train=1.3118e-06 val=1.3455e-06 best=1.3455e-06 t=1317s
seed0-v ep=8875 lr=1.0e-08 train=1.3118e-06 val=1.3455e-06 best=1.3454e-06 t=1320s
seed0-v ep=8900 lr=1.0e-08 train=1.3118e-06 val=1.3457e-06 best=1.3454e-06 t=1324s
seed0-v ep=8925 lr=1.0e-08 train=1.3117e-06 val=1.3455e-06 best=1.3454e-06 t=1328s
seed0-v ep=8950 lr=1.0e-08 train=1.3117e-06 val=1.3455e-06 best=1.3454e-06 t=1331s
seed0-v ep=8960 lr=1.0e-08 train=1.3117e-06 val=1.3454e-06 best=1.3454e-06 t=1333s
seed0-v ep=8975 lr=1.0e-08 train=1.3117e-06 val=1.3454e-06 best=1.3454e-06 t=1335s
seed0-v ep=9000 lr=1.0e-08 train=1.3117e-06 val=1.3454e-06 best=1.3454e-06 t=1339s
seed0-v ep=9025 lr=1.0e-08 train=1.3117e-06 val=1.3454e-06 best=1.3453e-06 t=1343s
seed0-v ep=9050 lr=1.0e-08 train=1.3116e-06 val=1.3455e-06 best=1.3453e-06 t=1346s
seed0-v ep=9075 lr=1.0e-08 train=1.3116e-06 val=1.3454e-06 best=1.3453e-06 t=1350s
seed0-v ep=9100 lr=1.0e-08 train=1.3116e-06 val=1.3454e-06 best=1.3453e-06 t=1354s
seed0-v ep=9105 lr=1.0e-08 train=1.3116e-06 val=1.3453e-06 best=1.3453e-06 t=1354s
seed0-v ep=9125 lr=1.0e-08 train=1.3116e-06 val=1.3454e-06 best=1.3453e-06 t=1357s
seed0-v ep=9150 lr=1.0e-08 train=1.3115e-06 val=1.3454e-06 best=1.3452e-06 t=1361s
seed0-v ep=9175 lr=1.0e-08 train=1.3115e-06 val=1.3452e-06 best=1.3451e-06 t=1365s
seed0-v ep=9200 lr=1.0e-08 train=1.3115e-06 val=1.3452e-06 best=1.3451e-06 t=1369s
seed0-v ep=9205 lr=1.0e-08 train=1.3115e-06 val=1.3451e-06 best=1.3451e-06 t=1369s
seed0-v ep=9225 lr=1.0e-08 train=1.3114e-06 val=1.3453e-06 best=1.3451e-06 t=1372s
seed0-v ep=9250 lr=1.0e-08 train=1.3114e-06 val=1.3452e-06 best=1.3451e-06 t=1376s
seed0-v ep=9275 lr=1.0e-08 train=1.3114e-06 val=1.3452e-06 best=1.3451e-06 t=1380s
seed0-v ep=9300 lr=1.0e-08 train=1.3114e-06 val=1.3451e-06 best=1.3450e-06 t=1383s
seed0-v ep=9310 lr=1.0e-08 train=1.3113e-06 val=1.3450e-06 best=1.3450e-06 t=1385s
seed0-v ep=9320 lr=1.0e-08 train=1.3113e-06 val=1.3450e-06 best=1.3450e-06 t=1386s
seed0-v ep=9325 lr=1.0e-08 train=1.3114e-06 val=1.3451e-06 best=1.3450e-06 t=1387s
seed0-v ep=9350 lr=1.0e-08 train=1.3113e-06 val=1.3451e-06 best=1.3450e-06 t=1391s
seed0-v ep=9375 lr=1.0e-08 train=1.3113e-06 val=1.3449e-06 best=1.3449e-06 t=1395s
seed0-v ep=9400 lr=1.0e-08 train=1.3113e-06 val=1.3450e-06 best=1.3449e-06 t=1398s
seed0-v ep=9405 lr=1.0e-08 train=1.3113e-06 val=1.3449e-06 best=1.3449e-06 t=1399s
seed0-v ep=9425 lr=1.0e-08 train=1.3112e-06 val=1.3450e-06 best=1.3449e-06 t=1402s
seed0-v ep=9450 lr=1.0e-08 train=1.3112e-06 val=1.3450e-06 best=1.3449e-06 t=1406s
seed0-v ep=9460 lr=1.0e-08 train=1.3112e-06 val=1.3449e-06 best=1.3449e-06 t=1407s
seed0-v ep=9475 lr=1.0e-08 train=1.3112e-06 val=1.3450e-06 best=1.3449e-06 t=1409s
seed0-v ep=9500 lr=1.0e-08 train=1.3112e-06 val=1.3449e-06 best=1.3449e-06 t=1413s
seed0-v ep=9525 lr=1.0e-08 train=1.3112e-06 val=1.3448e-06 best=1.3448e-06 t=1417s
seed0-v ep=9530 lr=1.0e-08 train=1.3111e-06 val=1.3448e-06 best=1.3448e-06 t=1418s
seed0-v ep=9535 lr=1.0e-08 train=1.3111e-06 val=1.3448e-06 best=1.3448e-06 t=1418s
seed0-v ep=9550 lr=1.0e-08 train=1.3111e-06 val=1.3448e-06 best=1.3447e-06 t=1421s
seed0-v ep=9575 lr=1.0e-08 train=1.3111e-06 val=1.3448e-06 best=1.3447e-06 t=1424s
seed0-v ep=9600 lr=1.0e-08 train=1.3111e-06 val=1.3448e-06 best=1.3447e-06 t=1428s
seed0-v ep=9620 lr=1.0e-08 train=1.3111e-06 val=1.3447e-06 best=1.3447e-06 t=1431s
seed0-v ep=9625 lr=1.0e-08 train=1.3110e-06 val=1.3448e-06 best=1.3447e-06 t=1432s
seed0-v ep=9650 lr=1.0e-08 train=1.3110e-06 val=1.3448e-06 best=1.3447e-06 t=1435s
seed0-v ep=9675 lr=1.0e-08 train=1.3110e-06 val=1.3448e-06 best=1.3447e-06 t=1439s
seed0-v ep=9700 lr=1.0e-08 train=1.3110e-06 val=1.3449e-06 best=1.3447e-06 t=1443s
seed0-v ep=9725 lr=1.0e-08 train=1.3110e-06 val=1.3446e-06 best=1.3446e-06 t=1447s
seed0-v ep=9730 lr=1.0e-08 train=1.3109e-06 val=1.3446e-06 best=1.3446e-06 t=1447s
seed0-v ep=9735 lr=1.0e-08 train=1.3109e-06 val=1.3446e-06 best=1.3446e-06 t=1448s
seed0-v ep=9750 lr=1.0e-08 train=1.3109e-06 val=1.3448e-06 best=1.3446e-06 t=1450s
seed0-v ep=9775 lr=1.0e-08 train=1.3109e-06 val=1.3446e-06 best=1.3446e-06 t=1454s
seed0-v ep=9800 lr=1.0e-08 train=1.3109e-06 val=1.3447e-06 best=1.3445e-06 t=1458s
seed0-v ep=9825 lr=1.0e-08 train=1.3108e-06 val=1.3445e-06 best=1.3445e-06 t=1461s
seed0-v ep=9850 lr=1.0e-08 train=1.3108e-06 val=1.3447e-06 best=1.3445e-06 t=1465s
seed0-v ep=9875 lr=1.0e-08 train=1.3108e-06 val=1.3447e-06 best=1.3445e-06 t=1469s
seed0-v ep=9900 lr=1.0e-08 train=1.3108e-06 val=1.3445e-06 best=1.3445e-06 t=1473s
seed0-v ep=9925 lr=1.0e-08 train=1.3108e-06 val=1.3445e-06 best=1.3444e-06 t=1476s
seed0-v ep=9940 lr=1.0e-08 train=1.3107e-06 val=1.3444e-06 best=1.3444e-06 t=1479s
seed0-v ep=9950 lr=1.0e-08 train=1.3107e-06 val=1.3445e-06 best=1.3444e-06 t=1480s
seed0-v ep=9970 lr=1.0e-08 train=1.3107e-06 val=1.3443e-06 best=1.3443e-06 t=1483s
seed0-v ep=9975 lr=1.0e-08 train=1.3107e-06 val=1.3445e-06 best=1.3443e-06 t=1484s
TRAINED seed=0 v {'stop_reason': 'max_epochs', 'truncated': False, 'epochs': 10000, 'best_val': 1.3443427633319516e-06, 'final_lr': 1e-08, 'seconds': 1487.3000126197003}
NM-LSPG seed=0 {'error': {'u': 0.016662899821837662, 'v': 0.014012854279688501, 'max': 0.016662899821837662}, 'seconds_warm': 2.122645376250148, 'gn_iterations_mean': 3.31333327293396, 'gn_iterations_max': 5, 'gn_cap_hits': 0, 'last_step_norm_max': 1.7900401679845128e-07, 'finite': True, 'ic_error': 0.003635561651759184} projection {'u': 0.010434172945878202, 'v': 0.01002171030653499, 'max': 0.010434172945878202}
NM-LSPG-HR seed=0 {'subnet_parity': 4.872813946300646e-13, 'residual_basis': 55, 'samples': 58, 'nodes_evaluated': 89, 'active_hidden': [2820, 2820], 'error': {'u': 1.0763583606468534, 'v': 1.316887747295924, 'max': 1.316887747295924}, 'finite': True, 'sampled_basis_singular_values': [0.969462821699611, 0.06782746654048802], 'seconds_warm': 1.0083978441543877, 'gn_iterations_mean': 4.122666835784912}
NM-LSPG-HR seed=0 {'subnet_parity': 4.1716009702688303e-13, 'residual_basis': 51, 'samples': 54, 'nodes_evaluated': 88, 'active_hidden': [2820, 2820], 'error': {'u': 1.1011873742202274, 'v': 1.5206821702282445, 'max': 1.5206821702282445}, 'finite': True, 'sampled_basis_singular_values': [0.9629960744736389, 0.0684619767682269], 'seconds_warm': 0.995510587003082, 'gn_iterations_mean': 4.061333179473877}
NM-LSPG-HR seed=0 {'subnet_parity': 0.0, 'residual_basis': 44, 'samples': 47, 'nodes_evaluated': 81, 'active_hidden': [2750, 2750], 'error': {'u': 188.39093520973083, 'v': 53.37751600363332, 'max': 188.39093520973083}, 'finite': True, 'sampled_basis_singular_values': [0.9461065988780416, 0.0711902128588539], 'seconds_warm': 1.9514998639933765, 'gn_iterations_mean': 8.265999794006348}
NM-LSPG-HR seed=0 {'subnet_parity': 0.0, 'residual_basis': 40, 'samples': 40, 'nodes_evaluated': 81, 'active_hidden': [2700, 2700], 'error': {'u': 1.9917927387407124, 'v': 1.7215278460918486, 'max': 1.9917927387407124}, 'finite': True, 'sampled_basis_singular_values': [0.9064606793214752, 0.05491353699833541], 'seconds_warm': 0.9534142692573369, 'gn_iterations_mean': 3.9213333129882812}
NM-LSPG-HR seed=0 {'subnet_parity': 0.0, 'residual_basis': 60, 'samples': 60, 'nodes_evaluated': 95, 'active_hidden': [3060, 3060], 'error': {'u': 40.08965805446349, 'v': 26.34446159666959, 'max': 40.08965805446349}, 'finite': True, 'sampled_basis_singular_values': [0.9650403098943816, 0.04476318140215243], 'seconds_warm': 3.1620722990483046, 'gn_iterations_mean': 13.5}
seed1-u ep=0 lr=1.0e-03 train=3.3373e-02 val=5.6520e-03 best=5.6520e-03 t=0s
seed1-u ep=5 lr=1.0e-03 train=6.6915e-04 val=5.8366e-04 best=5.8366e-04 t=1s
seed1-u ep=10 lr=1.0e-03 train=2.9995e-04 val=2.8193e-04 best=2.8193e-04 t=1s
seed1-u ep=25 lr=1.0e-03 train=9.0125e-05 val=8.2680e-05 best=8.2680e-05 t=4s
seed1-u ep=30 lr=1.0e-03 train=8.0843e-05 val=6.9733e-05 best=6.9733e-05 t=4s
seed1-u ep=45 lr=1.0e-03 train=4.4635e-05 val=3.7381e-05 best=3.7381e-05 t=7s
seed1-u ep=50 lr=1.0e-03 train=7.0839e-05 val=5.3276e-05 best=3.7381e-05 t=7s
seed1-u ep=75 lr=1.0e-03 train=4.5500e-05 val=2.4039e-05 best=1.8898e-05 t=11s
seed1-u ep=95 lr=1.0e-04 train=1.2223e-05 val=1.1228e-05 best=1.1228e-05 t=14s
seed1-u ep=100 lr=1.0e-04 train=1.0352e-05 val=1.0396e-05 best=1.0396e-05 t=15s
seed1-u ep=105 lr=1.0e-04 train=1.0179e-05 val=1.0167e-05 best=1.0167e-05 t=16s
seed1-u ep=120 lr=1.0e-04 train=9.7636e-06 val=9.7825e-06 best=9.7825e-06 t=18s
seed1-u ep=125 lr=1.0e-04 train=9.6143e-06 val=9.6188e-06 best=9.6188e-06 t=18s
seed1-u ep=135 lr=1.0e-04 train=9.3509e-06 val=9.3599e-06 best=9.3599e-06 t=20s
seed1-u ep=140 lr=1.0e-04 train=9.2180e-06 val=9.1845e-06 best=9.1845e-06 t=21s
seed1-u ep=150 lr=1.0e-04 train=8.9181e-06 val=8.9522e-06 best=8.9522e-06 t=22s
seed1-u ep=160 lr=1.0e-04 train=8.6396e-06 val=8.7079e-06 best=8.7079e-06 t=24s
seed1-u ep=165 lr=1.0e-04 train=8.5171e-06 val=8.5636e-06 best=8.5636e-06 t=24s
seed1-u ep=170 lr=1.0e-04 train=8.3449e-06 val=8.3243e-06 best=8.3243e-06 t=25s
seed1-u ep=175 lr=1.0e-04 train=8.2440e-06 val=8.1592e-06 best=8.1592e-06 t=26s
seed1-u ep=185 lr=1.0e-04 train=7.9233e-06 val=7.9663e-06 best=7.9663e-06 t=27s
seed1-u ep=195 lr=1.0e-04 train=7.6528e-06 val=7.6330e-06 best=7.6330e-06 t=29s
seed1-u ep=200 lr=1.0e-04 train=7.4471e-06 val=7.4019e-06 best=7.4019e-06 t=30s
seed1-u ep=205 lr=1.0e-04 train=7.3516e-06 val=7.3537e-06 best=7.3537e-06 t=30s
seed1-u ep=215 lr=1.0e-04 train=7.0947e-06 val=7.0248e-06 best=7.0248e-06 t=32s
seed1-u ep=225 lr=1.0e-04 train=6.7894e-06 val=6.7920e-06 best=6.7920e-06 t=33s
seed1-u ep=230 lr=1.0e-04 train=6.7428e-06 val=6.5945e-06 best=6.5945e-06 t=34s
seed1-u ep=235 lr=1.0e-04 train=6.5246e-06 val=6.5149e-06 best=6.5149e-06 t=35s
seed1-u ep=250 lr=1.0e-04 train=6.2831e-06 val=6.6015e-06 best=6.1693e-06 t=37s
seed1-u ep=255 lr=1.0e-04 train=6.0699e-06 val=5.9530e-06 best=5.9530e-06 t=38s
seed1-u ep=275 lr=1.0e-04 train=5.6814e-06 val=5.5707e-06 best=5.5707e-06 t=41s
seed1-u ep=300 lr=1.0e-04 train=5.5634e-06 val=5.9250e-06 best=5.2323e-06 t=44s
seed1-u ep=305 lr=1.0e-05 train=4.6200e-06 val=4.6055e-06 best=4.6055e-06 t=45s
seed1-u ep=325 lr=1.0e-05 train=4.5504e-06 val=4.5468e-06 best=4.5468e-06 t=48s
seed1-u ep=350 lr=1.0e-05 train=4.5014e-06 val=4.5066e-06 best=4.4981e-06 t=52s
seed1-u ep=360 lr=1.0e-05 train=4.4722e-06 val=4.4596e-06 best=4.4596e-06 t=53s
seed1-u ep=370 lr=1.0e-05 train=4.4405e-06 val=4.4508e-06 best=4.4508e-06 t=55s
seed1-u ep=375 lr=1.0e-05 train=4.4263e-06 val=4.4333e-06 best=4.4157e-06 t=56s
seed1-u ep=400 lr=1.0e-05 train=4.3423e-06 val=4.3330e-06 best=4.3303e-06 t=59s
seed1-u ep=410 lr=1.0e-05 train=4.3186e-06 val=4.3077e-06 best=4.3077e-06 t=61s
seed1-u ep=415 lr=1.0e-05 train=4.3038e-06 val=4.2979e-06 best=4.2979e-06 t=62s
seed1-u ep=420 lr=1.0e-05 train=4.2883e-06 val=4.2719e-06 best=4.2719e-06 t=62s
seed1-u ep=425 lr=1.0e-05 train=4.2689e-06 val=4.2732e-06 best=4.2517e-06 t=63s
seed1-u ep=440 lr=1.0e-05 train=4.2146e-06 val=4.1987e-06 best=4.1987e-06 t=65s
seed1-u ep=450 lr=1.0e-05 train=4.1850e-06 val=4.1948e-06 best=4.1933e-06 t=67s
seed1-u ep=455 lr=1.0e-05 train=4.1617e-06 val=4.1535e-06 best=4.1535e-06 t=67s
seed1-u ep=470 lr=1.0e-05 train=4.1143e-06 val=4.1139e-06 best=4.1139e-06 t=70s
seed1-u ep=475 lr=1.0e-05 train=4.0967e-06 val=4.1089e-06 best=4.0867e-06 t=70s
seed1-u ep=480 lr=1.0e-05 train=4.0612e-06 val=4.0633e-06 best=4.0633e-06 t=71s
seed1-u ep=495 lr=1.0e-05 train=4.0374e-06 val=4.0187e-06 best=4.0187e-06 t=73s
seed1-u ep=500 lr=1.0e-05 train=4.0140e-06 val=4.0299e-06 best=4.0030e-06 t=74s
seed1-u ep=520 lr=1.0e-05 train=3.9221e-06 val=3.9196e-06 best=3.9196e-06 t=77s
seed1-u ep=525 lr=1.0e-05 train=3.9082e-06 val=3.9070e-06 best=3.9070e-06 t=78s
seed1-u ep=540 lr=1.0e-05 train=3.8646e-06 val=3.8602e-06 best=3.8602e-06 t=80s
seed1-u ep=550 lr=1.0e-05 train=3.8381e-06 val=3.8830e-06 best=3.8260e-06 t=82s
seed1-u ep=575 lr=1.0e-05 train=3.7615e-06 val=3.7896e-06 best=3.7395e-06 t=85s
seed1-u ep=585 lr=1.0e-05 train=3.7100e-06 val=3.7049e-06 best=3.7049e-06 t=87s
seed1-u ep=600 lr=1.0e-05 train=3.6775e-06 val=3.6857e-06 best=3.6808e-06 t=89s
seed1-u ep=605 lr=1.0e-05 train=3.6609e-06 val=3.6508e-06 best=3.6508e-06 t=90s
seed1-u ep=610 lr=1.0e-05 train=3.6475e-06 val=3.6461e-06 best=3.6461e-06 t=90s
seed1-u ep=615 lr=1.0e-05 train=3.6105e-06 val=3.6014e-06 best=3.6014e-06 t=91s
seed1-u ep=625 lr=1.0e-05 train=3.5939e-06 val=3.6038e-06 best=3.5915e-06 t=93s
seed1-u ep=640 lr=1.0e-05 train=3.5494e-06 val=3.5470e-06 best=3.5470e-06 t=95s
seed1-u ep=645 lr=1.0e-05 train=3.5304e-06 val=3.5373e-06 best=3.5373e-06 t=96s
seed1-u ep=650 lr=1.0e-05 train=3.5402e-06 val=3.5584e-06 best=3.5251e-06 t=96s
seed1-u ep=675 lr=1.0e-05 train=3.4634e-06 val=3.4748e-06 best=3.4620e-06 t=100s
seed1-u ep=695 lr=1.0e-05 train=3.3857e-06 val=3.3976e-06 best=3.3976e-06 t=103s
seed1-u ep=700 lr=1.0e-05 train=3.3715e-06 val=3.4036e-06 best=3.3884e-06 t=104s
seed1-u ep=725 lr=1.0e-05 train=3.3216e-06 val=3.3154e-06 best=3.3154e-06 t=108s
seed1-u ep=735 lr=1.0e-05 train=3.2992e-06 val=3.2909e-06 best=3.2909e-06 t=109s
seed1-u ep=750 lr=1.0e-05 train=3.2662e-06 val=3.2783e-06 best=3.2685e-06 t=111s
seed1-u ep=755 lr=1.0e-05 train=3.2502e-06 val=3.2422e-06 best=3.2422e-06 t=112s
seed1-u ep=760 lr=1.0e-05 train=3.2454e-06 val=3.2341e-06 best=3.2341e-06 t=113s
seed1-u ep=765 lr=1.0e-05 train=3.2189e-06 val=3.2296e-06 best=3.2296e-06 t=114s
seed1-u ep=775 lr=1.0e-05 train=3.1912e-06 val=3.2204e-06 best=3.1954e-06 t=115s
seed1-u ep=800 lr=1.0e-05 train=3.1375e-06 val=3.1460e-06 best=3.1460e-06 t=119s
seed1-u ep=815 lr=1.0e-05 train=3.1162e-06 val=3.1181e-06 best=3.1181e-06 t=121s
seed1-u ep=825 lr=1.0e-05 train=3.0828e-06 val=3.1141e-06 best=3.0906e-06 t=122s
seed1-u ep=850 lr=1.0e-05 train=3.0306e-06 val=3.0499e-06 best=3.0336e-06 t=126s
seed1-u ep=860 lr=1.0e-05 train=3.0073e-06 val=3.0072e-06 best=3.0072e-06 t=128s
seed1-u ep=870 lr=1.0e-05 train=3.0038e-06 val=2.9932e-06 best=2.9932e-06 t=129s
seed1-u ep=875 lr=1.0e-05 train=2.9792e-06 val=3.0044e-06 best=2.9924e-06 t=130s
seed1-u ep=890 lr=1.0e-05 train=2.9556e-06 val=2.9459e-06 best=2.9459e-06 t=132s
seed1-u ep=900 lr=1.0e-05 train=2.9332e-06 val=2.9322e-06 best=2.9322e-06 t=134s
seed1-u ep=910 lr=1.0e-05 train=2.9037e-06 val=2.9204e-06 best=2.9204e-06 t=135s
seed1-u ep=920 lr=1.0e-05 train=2.8980e-06 val=2.8970e-06 best=2.8970e-06 t=137s
seed1-u ep=925 lr=1.0e-05 train=2.8705e-06 val=2.8956e-06 best=2.8941e-06 t=137s
seed1-u ep=940 lr=1.0e-05 train=2.8568e-06 val=2.8514e-06 best=2.8514e-06 t=140s
seed1-u ep=950 lr=1.0e-05 train=2.8457e-06 val=2.8495e-06 best=2.8408e-06 t=141s
seed1-u ep=975 lr=1.0e-05 train=2.7836e-06 val=2.7888e-06 best=2.7888e-06 t=145s
seed1-u ep=980 lr=1.0e-05 train=2.7843e-06 val=2.7854e-06 best=2.7854e-06 t=146s
seed1-u ep=985 lr=1.0e-05 train=2.7608e-06 val=2.7722e-06 best=2.7722e-06 t=146s
seed1-u ep=990 lr=1.0e-05 train=2.7547e-06 val=2.7567e-06 best=2.7567e-06 t=147s
seed1-u ep=1000 lr=1.0e-05 train=2.7377e-06 val=2.7560e-06 best=2.7329e-06 t=148s
seed1-u ep=1025 lr=1.0e-05 train=2.6965e-06 val=2.7102e-06 best=2.6988e-06 t=152s
seed1-u ep=1030 lr=1.0e-05 train=2.6796e-06 val=2.6869e-06 best=2.6869e-06 t=153s
seed1-u ep=1050 lr=1.0e-05 train=2.6596e-06 val=2.6661e-06 best=2.6617e-06 t=156s
seed1-u ep=1070 lr=1.0e-05 train=2.6154e-06 val=2.6214e-06 best=2.6214e-06 t=159s
seed1-u ep=1075 lr=1.0e-05 train=2.6100e-06 val=2.6291e-06 best=2.6099e-06 t=160s
seed1-u ep=1085 lr=1.0e-05 train=2.5967e-06 val=2.5876e-06 best=2.5876e-06 t=161s
seed1-u ep=1100 lr=1.0e-05 train=2.5804e-06 val=2.5736e-06 best=2.5736e-06 t=163s
seed1-u ep=1115 lr=1.0e-05 train=2.5339e-06 val=2.5563e-06 best=2.5563e-06 t=166s
seed1-u ep=1125 lr=1.0e-05 train=2.5264e-06 val=2.5454e-06 best=2.5314e-06 t=167s
seed1-u ep=1145 lr=1.0e-05 train=2.4937e-06 val=2.4989e-06 best=2.4989e-06 t=170s
seed1-u ep=1150 lr=1.0e-05 train=2.4885e-06 val=2.5105e-06 best=2.4989e-06 t=171s
seed1-u ep=1160 lr=1.0e-05 train=2.4733e-06 val=2.4679e-06 best=2.4679e-06 t=172s
seed1-u ep=1175 lr=1.0e-05 train=2.4469e-06 val=2.4712e-06 best=2.4673e-06 t=175s
seed1-u ep=1180 lr=1.0e-05 train=2.4613e-06 val=2.4558e-06 best=2.4558e-06 t=175s
seed1-u ep=1190 lr=1.0e-05 train=2.4423e-06 val=2.4364e-06 best=2.4364e-06 t=177s
seed1-u ep=1200 lr=1.0e-05 train=2.4180e-06 val=2.4207e-06 best=2.4196e-06 t=178s
seed1-u ep=1225 lr=1.0e-05 train=2.3799e-06 val=2.3811e-06 best=2.3811e-06 t=182s
seed1-u ep=1250 lr=1.0e-05 train=2.3491e-06 val=2.3431e-06 best=2.3431e-06 t=186s
seed1-u ep=1275 lr=1.0e-05 train=2.3034e-06 val=2.3357e-06 best=2.3081e-06 t=189s
seed1-u ep=1300 lr=1.0e-05 train=2.2691e-06 val=2.3058e-06 best=2.2843e-06 t=193s
seed1-u ep=1305 lr=1.0e-05 train=2.2707e-06 val=2.2627e-06 best=2.2627e-06 t=194s
seed1-u ep=1325 lr=1.0e-05 train=2.2497e-06 val=2.2466e-06 best=2.2466e-06 t=197s
seed1-u ep=1350 lr=1.0e-05 train=2.2131e-06 val=2.2607e-06 best=2.2229e-06 t=201s
seed1-u ep=1355 lr=1.0e-05 train=2.2054e-06 val=2.2105e-06 best=2.2105e-06 t=201s
seed1-u ep=1360 lr=1.0e-05 train=2.1932e-06 val=2.2030e-06 best=2.2030e-06 t=202s
seed1-u ep=1375 lr=1.0e-05 train=2.1722e-06 val=2.1845e-06 best=2.1800e-06 t=204s
seed1-u ep=1385 lr=1.0e-05 train=2.1651e-06 val=2.1703e-06 best=2.1703e-06 t=206s
seed1-u ep=1390 lr=1.0e-05 train=2.1662e-06 val=2.1666e-06 best=2.1666e-06 t=207s
seed1-u ep=1400 lr=1.0e-05 train=2.1448e-06 val=2.1764e-06 best=2.1577e-06 t=208s
seed1-u ep=1405 lr=1.0e-05 train=2.1451e-06 val=2.1439e-06 best=2.1439e-06 t=209s
seed1-u ep=1415 lr=1.0e-05 train=2.1257e-06 val=2.1237e-06 best=2.1237e-06 t=210s
seed1-u ep=1425 lr=1.0e-05 train=2.1145e-06 val=2.1377e-06 best=2.1237e-06 t=212s
seed1-u ep=1450 lr=1.0e-05 train=2.0933e-06 val=2.1073e-06 best=2.1033e-06 t=215s
seed1-u ep=1455 lr=1.0e-05 train=2.0830e-06 val=2.0759e-06 best=2.0759e-06 t=216s
seed1-u ep=1470 lr=1.0e-05 train=2.0566e-06 val=2.0663e-06 best=2.0663e-06 t=218s
seed1-u ep=1475 lr=1.0e-05 train=2.0535e-06 val=2.0566e-06 best=2.0566e-06 t=219s
seed1-u ep=1500 lr=1.0e-05 train=2.0345e-06 val=2.0407e-06 best=2.0358e-06 t=223s
seed1-u ep=1505 lr=1.0e-05 train=2.0261e-06 val=2.0263e-06 best=2.0263e-06 t=224s
seed1-u ep=1515 lr=1.0e-05 train=2.0146e-06 val=2.0183e-06 best=2.0183e-06 t=225s
seed1-u ep=1525 lr=1.0e-05 train=2.0082e-06 val=2.0102e-06 best=1.9967e-06 t=227s
seed1-u ep=1530 lr=1.0e-05 train=1.9928e-06 val=1.9937e-06 best=1.9937e-06 t=227s
seed1-u ep=1540 lr=1.0e-05 train=2.0021e-06 val=1.9917e-06 best=1.9917e-06 t=229s
seed1-u ep=1550 lr=1.0e-05 train=1.9751e-06 val=1.9943e-06 best=1.9796e-06 t=230s
seed1-u ep=1575 lr=1.0e-05 train=1.9458e-06 val=1.9665e-06 best=1.9469e-06 t=234s
seed1-u ep=1585 lr=1.0e-05 train=1.9299e-06 val=1.9331e-06 best=1.9331e-06 t=236s
seed1-u ep=1590 lr=1.0e-05 train=1.9307e-06 val=1.9304e-06 best=1.9304e-06 t=236s
seed1-u ep=1600 lr=1.0e-05 train=1.9279e-06 val=1.9620e-06 best=1.9275e-06 t=238s
seed1-u ep=1610 lr=1.0e-05 train=1.9154e-06 val=1.9205e-06 best=1.9205e-06 t=239s
seed1-u ep=1625 lr=1.0e-05 train=1.8926e-06 val=1.9011e-06 best=1.9011e-06 t=242s
seed1-u ep=1635 lr=1.0e-05 train=1.8851e-06 val=1.8834e-06 best=1.8834e-06 t=243s
seed1-u ep=1640 lr=1.0e-05 train=1.8884e-06 val=1.8796e-06 best=1.8796e-06 t=244s
seed1-u ep=1645 lr=1.0e-05 train=1.8714e-06 val=1.8747e-06 best=1.8747e-06 t=244s
seed1-u ep=1650 lr=1.0e-05 train=1.8740e-06 val=1.8889e-06 best=1.8747e-06 t=245s
seed1-u ep=1675 lr=1.0e-05 train=1.8444e-06 val=1.8425e-06 best=1.8425e-06 t=249s
seed1-u ep=1700 lr=1.0e-05 train=1.8134e-06 val=1.8277e-06 best=1.8208e-06 t=253s
seed1-u ep=1725 lr=1.0e-05 train=1.8000e-06 val=1.8025e-06 best=1.7946e-06 t=256s
seed1-u ep=1740 lr=1.0e-05 train=1.7925e-06 val=1.7898e-06 best=1.7898e-06 t=259s
seed1-u ep=1750 lr=1.0e-05 train=1.7833e-06 val=1.7918e-06 best=1.7784e-06 t=260s
seed1-u ep=1760 lr=1.0e-05 train=1.7593e-06 val=1.7690e-06 best=1.7690e-06 t=262s
seed1-u ep=1765 lr=1.0e-05 train=1.7562e-06 val=1.7564e-06 best=1.7564e-06 t=262s
seed1-u ep=1775 lr=1.0e-05 train=1.7502e-06 val=1.7570e-06 best=1.7564e-06 t=264s
seed1-u ep=1780 lr=1.0e-05 train=1.7565e-06 val=1.7499e-06 best=1.7499e-06 t=265s
seed1-u ep=1785 lr=1.0e-05 train=1.7495e-06 val=1.7383e-06 best=1.7383e-06 t=265s
seed1-u ep=1800 lr=1.0e-05 train=1.7301e-06 val=1.7351e-06 best=1.7254e-06 t=268s
seed1-u ep=1810 lr=1.0e-05 train=1.7203e-06 val=1.7162e-06 best=1.7162e-06 t=269s
seed1-u ep=1815 lr=1.0e-05 train=1.7202e-06 val=1.7155e-06 best=1.7155e-06 t=270s
seed1-u ep=1825 lr=1.0e-05 train=1.7139e-06 val=1.7133e-06 best=1.7128e-06 t=271s
seed1-u ep=1850 lr=1.0e-05 train=1.6905e-06 val=1.7037e-06 best=1.6876e-06 t=275s
seed1-u ep=1870 lr=1.0e-06 train=1.6264e-06 val=1.6347e-06 best=1.6347e-06 t=278s
seed1-u ep=1875 lr=1.0e-06 train=1.6255e-06 val=1.6356e-06 best=1.6316e-06 t=279s
seed1-u ep=1900 lr=1.0e-06 train=1.6235e-06 val=1.6335e-06 best=1.6302e-06 t=282s
seed1-u ep=1925 lr=1.0e-06 train=1.6207e-06 val=1.6311e-06 best=1.6287e-06 t=286s
seed1-u ep=1930 lr=1.0e-06 train=1.6210e-06 val=1.6271e-06 best=1.6271e-06 t=287s
seed1-u ep=1950 lr=1.0e-06 train=1.6196e-06 val=1.6276e-06 best=1.6253e-06 t=290s
seed1-u ep=1965 lr=1.0e-06 train=1.6176e-06 val=1.6243e-06 best=1.6243e-06 t=292s
seed1-u ep=1975 lr=1.0e-06 train=1.6166e-06 val=1.6241e-06 best=1.6234e-06 t=294s
seed1-u ep=1980 lr=1.0e-06 train=1.6161e-06 val=1.6229e-06 best=1.6229e-06 t=294s
seed1-u ep=2000 lr=1.0e-06 train=1.6139e-06 val=1.6217e-06 best=1.6200e-06 t=297s
seed1-u ep=2025 lr=1.0e-06 train=1.6105e-06 val=1.6197e-06 best=1.6174e-06 t=301s
seed1-u ep=2050 lr=1.0e-06 train=1.6077e-06 val=1.6155e-06 best=1.6155e-06 t=305s
seed1-u ep=2060 lr=1.0e-06 train=1.6071e-06 val=1.6134e-06 best=1.6134e-06 t=306s
seed1-u ep=2070 lr=1.0e-06 train=1.6050e-06 val=1.6115e-06 best=1.6115e-06 t=308s
seed1-u ep=2075 lr=1.0e-06 train=1.6057e-06 val=1.6118e-06 best=1.6112e-06 t=308s
seed1-u ep=2085 lr=1.0e-06 train=1.6043e-06 val=1.6099e-06 best=1.6099e-06 t=310s
seed1-u ep=2100 lr=1.0e-06 train=1.6029e-06 val=1.6117e-06 best=1.6084e-06 t=312s
seed1-u ep=2110 lr=1.0e-06 train=1.6006e-06 val=1.6080e-06 best=1.6080e-06 t=314s
seed1-u ep=2125 lr=1.0e-06 train=1.5986e-06 val=1.6065e-06 best=1.6046e-06 t=316s
seed1-u ep=2150 lr=1.0e-06 train=1.5960e-06 val=1.6035e-06 best=1.6020e-06 t=320s
seed1-u ep=2160 lr=1.0e-06 train=1.5953e-06 val=1.6015e-06 best=1.6015e-06 t=321s
seed1-u ep=2170 lr=1.0e-06 train=1.5934e-06 val=1.6011e-06 best=1.6011e-06 t=323s
seed1-u ep=2175 lr=1.0e-06 train=1.5931e-06 val=1.6008e-06 best=1.5988e-06 t=323s
seed1-u ep=2195 lr=1.0e-06 train=1.5904e-06 val=1.5967e-06 best=1.5967e-06 t=326s
seed1-u ep=2200 lr=1.0e-06 train=1.5906e-06 val=1.5981e-06 best=1.5966e-06 t=327s
seed1-u ep=2225 lr=1.0e-08 train=1.5835e-06 val=1.5929e-06 best=1.5928e-06 t=331s
seed1-u ep=2250 lr=1.0e-08 train=1.5834e-06 val=1.5929e-06 best=1.5928e-06 t=335s
seed1-u ep=2275 lr=1.0e-08 train=1.5834e-06 val=1.5929e-06 best=1.5928e-06 t=338s
seed1-u ep=2300 lr=1.0e-08 train=1.5834e-06 val=1.5927e-06 best=1.5927e-06 t=342s
seed1-u ep=2325 lr=1.0e-08 train=1.5833e-06 val=1.5928e-06 best=1.5927e-06 t=346s
seed1-u ep=2350 lr=1.0e-08 train=1.5833e-06 val=1.5928e-06 best=1.5927e-06 t=349s
seed1-u ep=2375 lr=1.0e-08 train=1.5833e-06 val=1.5928e-06 best=1.5926e-06 t=353s
seed1-u ep=2400 lr=1.0e-08 train=1.5833e-06 val=1.5927e-06 best=1.5926e-06 t=357s
seed1-u ep=2410 lr=1.0e-08 train=1.5833e-06 val=1.5926e-06 best=1.5926e-06 t=358s
seed1-u ep=2425 lr=1.0e-08 train=1.5832e-06 val=1.5926e-06 best=1.5926e-06 t=361s
seed1-u ep=2450 lr=1.0e-08 train=1.5832e-06 val=1.5927e-06 best=1.5926e-06 t=364s
seed1-u ep=2475 lr=1.0e-08 train=1.5832e-06 val=1.5927e-06 best=1.5925e-06 t=368s
seed1-u ep=2495 lr=1.0e-08 train=1.5832e-06 val=1.5925e-06 best=1.5925e-06 t=371s
seed1-u ep=2500 lr=1.0e-08 train=1.5832e-06 val=1.5926e-06 best=1.5925e-06 t=372s
seed1-u ep=2525 lr=1.0e-08 train=1.5831e-06 val=1.5926e-06 best=1.5925e-06 t=375s
seed1-u ep=2550 lr=1.0e-08 train=1.5831e-06 val=1.5926e-06 best=1.5925e-06 t=379s
seed1-u ep=2570 lr=1.0e-08 train=1.5831e-06 val=1.5924e-06 best=1.5924e-06 t=382s
seed1-u ep=2575 lr=1.0e-08 train=1.5831e-06 val=1.5925e-06 best=1.5924e-06 t=383s
seed1-u ep=2600 lr=1.0e-08 train=1.5831e-06 val=1.5925e-06 best=1.5924e-06 t=387s
seed1-u ep=2625 lr=1.0e-08 train=1.5831e-06 val=1.5925e-06 best=1.5924e-06 t=390s
seed1-u ep=2630 lr=1.0e-08 train=1.5830e-06 val=1.5924e-06 best=1.5924e-06 t=391s
seed1-u ep=2635 lr=1.0e-08 train=1.5830e-06 val=1.5924e-06 best=1.5924e-06 t=392s
seed1-u ep=2650 lr=1.0e-08 train=1.5830e-06 val=1.5925e-06 best=1.5924e-06 t=394s
seed1-u ep=2675 lr=1.0e-08 train=1.5830e-06 val=1.5924e-06 best=1.5923e-06 t=398s
seed1-u ep=2700 lr=1.0e-08 train=1.5830e-06 val=1.5924e-06 best=1.5923e-06 t=401s
seed1-u ep=2725 lr=1.0e-08 train=1.5829e-06 val=1.5923e-06 best=1.5923e-06 t=405s
seed1-u ep=2750 lr=1.0e-08 train=1.5829e-06 val=1.5923e-06 best=1.5923e-06 t=409s
seed1-u ep=2775 lr=1.0e-08 train=1.5829e-06 val=1.5923e-06 best=1.5922e-06 t=413s
seed1-u ep=2785 lr=1.0e-08 train=1.5829e-06 val=1.5922e-06 best=1.5922e-06 t=414s
seed1-u ep=2800 lr=1.0e-08 train=1.5829e-06 val=1.5922e-06 best=1.5922e-06 t=416s
seed1-u ep=2825 lr=1.0e-08 train=1.5828e-06 val=1.5922e-06 best=1.5921e-06 t=420s
seed1-u ep=2835 lr=1.0e-08 train=1.5828e-06 val=1.5921e-06 best=1.5921e-06 t=422s
seed1-u ep=2850 lr=1.0e-08 train=1.5828e-06 val=1.5922e-06 best=1.5921e-06 t=424s
seed1-u ep=2875 lr=1.0e-08 train=1.5828e-06 val=1.5922e-06 best=1.5921e-06 t=428s
seed1-u ep=2890 lr=1.0e-08 train=1.5828e-06 val=1.5921e-06 best=1.5921e-06 t=430s
seed1-u ep=2900 lr=1.0e-08 train=1.5828e-06 val=1.5922e-06 best=1.5920e-06 t=431s
seed1-u ep=2925 lr=1.0e-08 train=1.5828e-06 val=1.5921e-06 best=1.5920e-06 t=435s
seed1-u ep=2950 lr=1.0e-08 train=1.5827e-06 val=1.5921e-06 best=1.5920e-06 t=439s
seed1-u ep=2975 lr=1.0e-08 train=1.5827e-06 val=1.5921e-06 best=1.5920e-06 t=442s
seed1-u ep=3000 lr=1.0e-08 train=1.5827e-06 val=1.5920e-06 best=1.5920e-06 t=446s
seed1-u ep=3015 lr=1.0e-08 train=1.5827e-06 val=1.5919e-06 best=1.5919e-06 t=448s
seed1-u ep=3025 lr=1.0e-08 train=1.5827e-06 val=1.5920e-06 best=1.5919e-06 t=450s
seed1-u ep=3030 lr=1.0e-08 train=1.5827e-06 val=1.5919e-06 best=1.5919e-06 t=451s
seed1-u ep=3050 lr=1.0e-08 train=1.5826e-06 val=1.5920e-06 best=1.5919e-06 t=454s
seed1-u ep=3075 lr=1.0e-08 train=1.5826e-06 val=1.5920e-06 best=1.5919e-06 t=457s
seed1-u ep=3100 lr=1.0e-08 train=1.5826e-06 val=1.5920e-06 best=1.5919e-06 t=461s
seed1-u ep=3125 lr=1.0e-08 train=1.5825e-06 val=1.5919e-06 best=1.5919e-06 t=465s
seed1-u ep=3135 lr=1.0e-08 train=1.5826e-06 val=1.5919e-06 best=1.5919e-06 t=466s
seed1-u ep=3150 lr=1.0e-08 train=1.5825e-06 val=1.5919e-06 best=1.5918e-06 t=468s
seed1-u ep=3175 lr=1.0e-08 train=1.5825e-06 val=1.5919e-06 best=1.5918e-06 t=472s
seed1-u ep=3200 lr=1.0e-08 train=1.5825e-06 val=1.5918e-06 best=1.5917e-06 t=476s
seed1-u ep=3225 lr=1.0e-08 train=1.5825e-06 val=1.5919e-06 best=1.5917e-06 t=480s
seed1-u ep=3250 lr=1.0e-08 train=1.5824e-06 val=1.5917e-06 best=1.5917e-06 t=483s
seed1-u ep=3275 lr=1.0e-08 train=1.5824e-06 val=1.5918e-06 best=1.5917e-06 t=487s
seed1-u ep=3280 lr=1.0e-08 train=1.5824e-06 val=1.5917e-06 best=1.5917e-06 t=488s
seed1-u ep=3300 lr=1.0e-08 train=1.5824e-06 val=1.5918e-06 best=1.5917e-06 t=491s
seed1-u ep=3325 lr=1.0e-08 train=1.5824e-06 val=1.5918e-06 best=1.5916e-06 t=494s
seed1-u ep=3350 lr=1.0e-08 train=1.5823e-06 val=1.5918e-06 best=1.5916e-06 t=498s
seed1-u ep=3375 lr=1.0e-08 train=1.5823e-06 val=1.5917e-06 best=1.5915e-06 t=502s
seed1-u ep=3400 lr=1.0e-08 train=1.5823e-06 val=1.5916e-06 best=1.5915e-06 t=506s
seed1-u ep=3425 lr=1.0e-08 train=1.5823e-06 val=1.5916e-06 best=1.5915e-06 t=509s
seed1-u ep=3450 lr=1.0e-08 train=1.5822e-06 val=1.5916e-06 best=1.5915e-06 t=513s
seed1-u ep=3475 lr=1.0e-08 train=1.5822e-06 val=1.5916e-06 best=1.5915e-06 t=517s
seed1-u ep=3500 lr=1.0e-08 train=1.5822e-06 val=1.5915e-06 best=1.5914e-06 t=521s
seed1-u ep=3520 lr=1.0e-08 train=1.5822e-06 val=1.5914e-06 best=1.5914e-06 t=523s
seed1-u ep=3525 lr=1.0e-08 train=1.5822e-06 val=1.5914e-06 best=1.5914e-06 t=524s
seed1-u ep=3550 lr=1.0e-08 train=1.5821e-06 val=1.5914e-06 best=1.5914e-06 t=528s
seed1-u ep=3575 lr=1.0e-08 train=1.5821e-06 val=1.5915e-06 best=1.5914e-06 t=532s
seed1-u ep=3600 lr=1.0e-08 train=1.5821e-06 val=1.5914e-06 best=1.5914e-06 t=535s
seed1-u ep=3625 lr=1.0e-08 train=1.5821e-06 val=1.5914e-06 best=1.5914e-06 t=539s
seed1-u ep=3650 lr=1.0e-08 train=1.5820e-06 val=1.5914e-06 best=1.5914e-06 t=543s
seed1-u ep=3675 lr=1.0e-08 train=1.5820e-06 val=1.5914e-06 best=1.5913e-06 t=547s
seed1-u ep=3700 lr=1.0e-08 train=1.5820e-06 val=1.5914e-06 best=1.5913e-06 t=550s
seed1-u ep=3725 lr=1.0e-08 train=1.5820e-06 val=1.5914e-06 best=1.5913e-06 t=554s
seed1-u ep=3750 lr=1.0e-08 train=1.5819e-06 val=1.5913e-06 best=1.5913e-06 t=558s
seed1-u ep=3775 lr=1.0e-08 train=1.5819e-06 val=1.5913e-06 best=1.5912e-06 t=561s
seed1-u ep=3800 lr=1.0e-08 train=1.5819e-06 val=1.5912e-06 best=1.5912e-06 t=565s
seed1-u ep=3825 lr=1.0e-08 train=1.5819e-06 val=1.5911e-06 best=1.5911e-06 t=569s
seed1-u ep=3850 lr=1.0e-08 train=1.5818e-06 val=1.5911e-06 best=1.5911e-06 t=573s
seed1-u ep=3875 lr=1.0e-08 train=1.5818e-06 val=1.5912e-06 best=1.5911e-06 t=576s
seed1-u ep=3895 lr=1.0e-08 train=1.5818e-06 val=1.5911e-06 best=1.5911e-06 t=579s
seed1-u ep=3900 lr=1.0e-08 train=1.5818e-06 val=1.5911e-06 best=1.5911e-06 t=580s
seed1-u ep=3925 lr=1.0e-08 train=1.5818e-06 val=1.5911e-06 best=1.5911e-06 t=584s
seed1-u ep=3950 lr=1.0e-08 train=1.5817e-06 val=1.5911e-06 best=1.5910e-06 t=587s
seed1-u ep=3975 lr=1.0e-08 train=1.5817e-06 val=1.5911e-06 best=1.5910e-06 t=591s
seed1-u ep=4000 lr=1.0e-08 train=1.5817e-06 val=1.5910e-06 best=1.5910e-06 t=595s
seed1-u ep=4025 lr=1.0e-08 train=1.5817e-06 val=1.5910e-06 best=1.5909e-06 t=599s
seed1-u ep=4050 lr=1.0e-08 train=1.5816e-06 val=1.5910e-06 best=1.5909e-06 t=602s
seed1-u ep=4075 lr=1.0e-08 train=1.5816e-06 val=1.5910e-06 best=1.5909e-06 t=606s
seed1-u ep=4100 lr=1.0e-08 train=1.5816e-06 val=1.5909e-06 best=1.5909e-06 t=610s
seed1-u ep=4115 lr=1.0e-08 train=1.5816e-06 val=1.5909e-06 best=1.5909e-06 t=612s
seed1-u ep=4125 lr=1.0e-08 train=1.5816e-06 val=1.5909e-06 best=1.5909e-06 t=614s
seed1-u ep=4150 lr=1.0e-08 train=1.5815e-06 val=1.5909e-06 best=1.5908e-06 t=617s
seed1-u ep=4175 lr=1.0e-08 train=1.5815e-06 val=1.5909e-06 best=1.5908e-06 t=621s
seed1-u ep=4200 lr=1.0e-08 train=1.5815e-06 val=1.5909e-06 best=1.5908e-06 t=625s
seed1-u ep=4225 lr=1.0e-08 train=1.5815e-06 val=1.5909e-06 best=1.5908e-06 t=628s
seed1-u ep=4250 lr=1.0e-08 train=1.5814e-06 val=1.5908e-06 best=1.5907e-06 t=632s
seed1-u ep=4260 lr=1.0e-08 train=1.5814e-06 val=1.5907e-06 best=1.5907e-06 t=634s
seed1-u ep=4275 lr=1.0e-08 train=1.5814e-06 val=1.5907e-06 best=1.5907e-06 t=636s
seed1-u ep=4300 lr=1.0e-08 train=1.5814e-06 val=1.5907e-06 best=1.5906e-06 t=640s
seed1-u ep=4325 lr=1.0e-08 train=1.5814e-06 val=1.5907e-06 best=1.5906e-06 t=643s
seed1-u ep=4350 lr=1.0e-08 train=1.5813e-06 val=1.5906e-06 best=1.5906e-06 t=647s
seed1-u ep=4365 lr=1.0e-08 train=1.5813e-06 val=1.5906e-06 best=1.5906e-06 t=649s
seed1-u ep=4370 lr=1.0e-08 train=1.5813e-06 val=1.5906e-06 best=1.5906e-06 t=650s
seed1-u ep=4375 lr=1.0e-08 train=1.5813e-06 val=1.5906e-06 best=1.5906e-06 t=651s
seed1-u ep=4400 lr=1.0e-08 train=1.5813e-06 val=1.5906e-06 best=1.5906e-06 t=654s
seed1-u ep=4425 lr=1.0e-08 train=1.5813e-06 val=1.5907e-06 best=1.5906e-06 t=658s
seed1-u ep=4450 lr=1.0e-08 train=1.5812e-06 val=1.5906e-06 best=1.5906e-06 t=662s
seed1-u ep=4475 lr=1.0e-08 train=1.5812e-06 val=1.5905e-06 best=1.5905e-06 t=666s
seed1-u ep=4495 lr=1.0e-08 train=1.5812e-06 val=1.5905e-06 best=1.5905e-06 t=669s
seed1-u ep=4500 lr=1.0e-08 train=1.5812e-06 val=1.5905e-06 best=1.5905e-06 t=669s
seed1-u ep=4510 lr=1.0e-08 train=1.5812e-06 val=1.5905e-06 best=1.5905e-06 t=671s
seed1-u ep=4515 lr=1.0e-08 train=1.5812e-06 val=1.5905e-06 best=1.5905e-06 t=672s
seed1-u ep=4525 lr=1.0e-08 train=1.5812e-06 val=1.5905e-06 best=1.5905e-06 t=673s
seed1-u ep=4535 lr=1.0e-08 train=1.5812e-06 val=1.5904e-06 best=1.5904e-06 t=675s
seed1-u ep=4550 lr=1.0e-08 train=1.5812e-06 val=1.5904e-06 best=1.5904e-06 t=677s
seed1-u ep=4560 lr=1.0e-08 train=1.5811e-06 val=1.5904e-06 best=1.5904e-06 t=678s
seed1-u ep=4575 lr=1.0e-08 train=1.5811e-06 val=1.5904e-06 best=1.5903e-06 t=680s
seed1-u ep=4600 lr=1.0e-08 train=1.5811e-06 val=1.5904e-06 best=1.5903e-06 t=684s
seed1-u ep=4625 lr=1.0e-08 train=1.5811e-06 val=1.5904e-06 best=1.5903e-06 t=688s
seed1-u ep=4630 lr=1.0e-08 train=1.5811e-06 val=1.5903e-06 best=1.5903e-06 t=689s
seed1-u ep=4635 lr=1.0e-08 train=1.5811e-06 val=1.5903e-06 best=1.5903e-06 t=689s
seed1-u ep=4650 lr=1.0e-08 train=1.5811e-06 val=1.5904e-06 best=1.5903e-06 t=692s
seed1-u ep=4675 lr=1.0e-08 train=1.5810e-06 val=1.5904e-06 best=1.5903e-06 t=695s
seed1-u ep=4700 lr=1.0e-08 train=1.5810e-06 val=1.5903e-06 best=1.5903e-06 t=699s
seed1-u ep=4725 lr=1.0e-08 train=1.5810e-06 val=1.5903e-06 best=1.5903e-06 t=703s
seed1-u ep=4750 lr=1.0e-08 train=1.5810e-06 val=1.5903e-06 best=1.5902e-06 t=707s
seed1-u ep=4775 lr=1.0e-08 train=1.5809e-06 val=1.5903e-06 best=1.5902e-06 t=710s
seed1-u ep=4800 lr=1.0e-08 train=1.5809e-06 val=1.5903e-06 best=1.5902e-06 t=714s
seed1-u ep=4820 lr=1.0e-08 train=1.5809e-06 val=1.5902e-06 best=1.5902e-06 t=717s
seed1-u ep=4825 lr=1.0e-08 train=1.5809e-06 val=1.5902e-06 best=1.5901e-06 t=718s
seed1-u ep=4850 lr=1.0e-08 train=1.5809e-06 val=1.5902e-06 best=1.5901e-06 t=721s
seed1-u ep=4875 lr=1.0e-08 train=1.5808e-06 val=1.5901e-06 best=1.5901e-06 t=725s
seed1-u ep=4900 lr=1.0e-08 train=1.5808e-06 val=1.5901e-06 best=1.5901e-06 t=729s
seed1-u ep=4925 lr=1.0e-08 train=1.5808e-06 val=1.5902e-06 best=1.5901e-06 t=733s
seed1-u ep=4950 lr=1.0e-08 train=1.5808e-06 val=1.5902e-06 best=1.5900e-06 t=736s
seed1-u ep=4970 lr=1.0e-08 train=1.5807e-06 val=1.5900e-06 best=1.5900e-06 t=739s
seed1-u ep=4975 lr=1.0e-08 train=1.5807e-06 val=1.5900e-06 best=1.5900e-06 t=740s
seed1-u ep=5000 lr=1.0e-08 train=1.5807e-06 val=1.5900e-06 best=1.5899e-06 t=744s
seed1-u ep=5025 lr=1.0e-08 train=1.5807e-06 val=1.5900e-06 best=1.5899e-06 t=747s
seed1-u ep=5030 lr=1.0e-08 train=1.5807e-06 val=1.5899e-06 best=1.5899e-06 t=748s
seed1-u ep=5050 lr=1.0e-08 train=1.5807e-06 val=1.5900e-06 best=1.5899e-06 t=751s
seed1-u ep=5075 lr=1.0e-08 train=1.5806e-06 val=1.5900e-06 best=1.5899e-06 t=755s
seed1-u ep=5100 lr=1.0e-08 train=1.5806e-06 val=1.5899e-06 best=1.5899e-06 t=759s
seed1-u ep=5115 lr=1.0e-08 train=1.5806e-06 val=1.5899e-06 best=1.5899e-06 t=761s
seed1-u ep=5125 lr=1.0e-08 train=1.5806e-06 val=1.5898e-06 best=1.5898e-06 t=762s
seed1-u ep=5150 lr=1.0e-08 train=1.5806e-06 val=1.5898e-06 best=1.5898e-06 t=766s
seed1-u ep=5175 lr=1.0e-08 train=1.5805e-06 val=1.5898e-06 best=1.5898e-06 t=770s
seed1-u ep=5200 lr=1.0e-08 train=1.5805e-06 val=1.5898e-06 best=1.5898e-06 t=773s
seed1-u ep=5215 lr=1.0e-08 train=1.5805e-06 val=1.5897e-06 best=1.5897e-06 t=776s
seed1-u ep=5225 lr=1.0e-08 train=1.5805e-06 val=1.5898e-06 best=1.5897e-06 t=777s
seed1-u ep=5250 lr=1.0e-08 train=1.5805e-06 val=1.5898e-06 best=1.5897e-06 t=781s
seed1-u ep=5275 lr=1.0e-08 train=1.5805e-06 val=1.5898e-06 best=1.5897e-06 t=785s
seed1-u ep=5300 lr=1.0e-08 train=1.5804e-06 val=1.5898e-06 best=1.5897e-06 t=788s
seed1-u ep=5315 lr=1.0e-08 train=1.5804e-06 val=1.5897e-06 best=1.5897e-06 t=791s
seed1-u ep=5325 lr=1.0e-08 train=1.5804e-06 val=1.5897e-06 best=1.5897e-06 t=792s
seed1-u ep=5350 lr=1.0e-08 train=1.5804e-06 val=1.5897e-06 best=1.5896e-06 t=796s
seed1-u ep=5375 lr=1.0e-08 train=1.5803e-06 val=1.5896e-06 best=1.5896e-06 t=799s
seed1-u ep=5400 lr=1.0e-08 train=1.5803e-06 val=1.5897e-06 best=1.5895e-06 t=803s
seed1-u ep=5405 lr=1.0e-08 train=1.5803e-06 val=1.5895e-06 best=1.5895e-06 t=804s
seed1-u ep=5425 lr=1.0e-08 train=1.5803e-06 val=1.5896e-06 best=1.5895e-06 t=807s
seed1-u ep=5450 lr=1.0e-08 train=1.5803e-06 val=1.5896e-06 best=1.5895e-06 t=811s
seed1-u ep=5475 lr=1.0e-08 train=1.5802e-06 val=1.5895e-06 best=1.5895e-06 t=814s
seed1-u ep=5500 lr=1.0e-08 train=1.5802e-06 val=1.5895e-06 best=1.5895e-06 t=818s
seed1-u ep=5510 lr=1.0e-08 train=1.5802e-06 val=1.5894e-06 best=1.5894e-06 t=820s
seed1-u ep=5525 lr=1.0e-08 train=1.5802e-06 val=1.5895e-06 best=1.5894e-06 t=822s
seed1-u ep=5550 lr=1.0e-08 train=1.5802e-06 val=1.5895e-06 best=1.5894e-06 t=826s
seed1-u ep=5575 lr=1.0e-08 train=1.5802e-06 val=1.5894e-06 best=1.5893e-06 t=829s
seed1-u ep=5600 lr=1.0e-08 train=1.5801e-06 val=1.5894e-06 best=1.5893e-06 t=833s
seed1-u ep=5610 lr=1.0e-08 train=1.5801e-06 val=1.5893e-06 best=1.5893e-06 t=834s
seed1-u ep=5615 lr=1.0e-08 train=1.5801e-06 val=1.5893e-06 best=1.5893e-06 t=835s
seed1-u ep=5625 lr=1.0e-08 train=1.5801e-06 val=1.5894e-06 best=1.5893e-06 t=837s
seed1-u ep=5650 lr=1.0e-08 train=1.5801e-06 val=1.5893e-06 best=1.5893e-06 t=840s
seed1-u ep=5675 lr=1.0e-08 train=1.5801e-06 val=1.5893e-06 best=1.5893e-06 t=844s
seed1-u ep=5700 lr=1.0e-08 train=1.5800e-06 val=1.5893e-06 best=1.5893e-06 t=848s
seed1-u ep=5725 lr=1.0e-08 train=1.5800e-06 val=1.5892e-06 best=1.5892e-06 t=852s
seed1-u ep=5750 lr=1.0e-08 train=1.5800e-06 val=1.5892e-06 best=1.5891e-06 t=855s
seed1-u ep=5760 lr=1.0e-08 train=1.5800e-06 val=1.5891e-06 best=1.5891e-06 t=857s
seed1-u ep=5775 lr=1.0e-08 train=1.5800e-06 val=1.5892e-06 best=1.5891e-06 t=859s
seed1-u ep=5800 lr=1.0e-08 train=1.5799e-06 val=1.5892e-06 best=1.5891e-06 t=863s
seed1-u ep=5825 lr=1.0e-08 train=1.5799e-06 val=1.5892e-06 best=1.5891e-06 t=866s
seed1-u ep=5850 lr=1.0e-08 train=1.5799e-06 val=1.5892e-06 best=1.5891e-06 t=870s
seed1-u ep=5870 lr=1.0e-08 train=1.5799e-06 val=1.5891e-06 best=1.5891e-06 t=873s
seed1-u ep=5875 lr=1.0e-08 train=1.5799e-06 val=1.5891e-06 best=1.5891e-06 t=874s
seed1-u ep=5900 lr=1.0e-08 train=1.5798e-06 val=1.5891e-06 best=1.5890e-06 t=878s
seed1-u ep=5920 lr=1.0e-08 train=1.5798e-06 val=1.5890e-06 best=1.5890e-06 t=881s
seed1-u ep=5925 lr=1.0e-08 train=1.5798e-06 val=1.5890e-06 best=1.5890e-06 t=881s
seed1-u ep=5950 lr=1.0e-08 train=1.5798e-06 val=1.5891e-06 best=1.5890e-06 t=885s
seed1-u ep=5975 lr=1.0e-08 train=1.5798e-06 val=1.5890e-06 best=1.5890e-06 t=889s
seed1-u ep=6000 lr=1.0e-08 train=1.5797e-06 val=1.5890e-06 best=1.5890e-06 t=892s
seed1-u ep=6025 lr=1.0e-08 train=1.5797e-06 val=1.5891e-06 best=1.5889e-06 t=896s
seed1-u ep=6050 lr=1.0e-08 train=1.5797e-06 val=1.5891e-06 best=1.5889e-06 t=900s
seed1-u ep=6075 lr=1.0e-08 train=1.5797e-06 val=1.5891e-06 best=1.5889e-06 t=904s
seed1-u ep=6080 lr=1.0e-08 train=1.5797e-06 val=1.5889e-06 best=1.5889e-06 t=904s
seed1-u ep=6100 lr=1.0e-08 train=1.5796e-06 val=1.5890e-06 best=1.5888e-06 t=907s
seed1-u ep=6125 lr=1.0e-08 train=1.5796e-06 val=1.5889e-06 best=1.5888e-06 t=911s
seed1-u ep=6140 lr=1.0e-08 train=1.5796e-06 val=1.5888e-06 best=1.5888e-06 t=913s
seed1-u ep=6150 lr=1.0e-08 train=1.5796e-06 val=1.5888e-06 best=1.5887e-06 t=915s
seed1-u ep=6175 lr=1.0e-08 train=1.5796e-06 val=1.5888e-06 best=1.5887e-06 t=919s
seed1-u ep=6200 lr=1.0e-08 train=1.5795e-06 val=1.5889e-06 best=1.5887e-06 t=922s
seed1-u ep=6225 lr=1.0e-08 train=1.5795e-06 val=1.5887e-06 best=1.5887e-06 t=926s
seed1-u ep=6245 lr=1.0e-08 train=1.5795e-06 val=1.5887e-06 best=1.5887e-06 t=929s
seed1-u ep=6250 lr=1.0e-08 train=1.5795e-06 val=1.5887e-06 best=1.5886e-06 t=930s
seed1-u ep=6275 lr=1.0e-08 train=1.5795e-06 val=1.5887e-06 best=1.5886e-06 t=933s
seed1-u ep=6300 lr=1.0e-08 train=1.5795e-06 val=1.5887e-06 best=1.5886e-06 t=937s
seed1-u ep=6325 lr=1.0e-08 train=1.5794e-06 val=1.5887e-06 best=1.5886e-06 t=941s
seed1-u ep=6350 lr=1.0e-08 train=1.5794e-06 val=1.5887e-06 best=1.5886e-06 t=945s
seed1-u ep=6375 lr=1.0e-08 train=1.5794e-06 val=1.5887e-06 best=1.5886e-06 t=948s
seed1-u ep=6400 lr=1.0e-08 train=1.5794e-06 val=1.5887e-06 best=1.5886e-06 t=952s
seed1-u ep=6415 lr=1.0e-08 train=1.5793e-06 val=1.5885e-06 best=1.5885e-06 t=954s
seed1-u ep=6425 lr=1.0e-08 train=1.5793e-06 val=1.5885e-06 best=1.5885e-06 t=956s
seed1-u ep=6450 lr=1.0e-08 train=1.5793e-06 val=1.5886e-06 best=1.5885e-06 t=959s
seed1-u ep=6475 lr=1.0e-08 train=1.5793e-06 val=1.5886e-06 best=1.5885e-06 t=963s
seed1-u ep=6480 lr=1.0e-08 train=1.5793e-06 val=1.5885e-06 best=1.5885e-06 t=964s
seed1-u ep=6500 lr=1.0e-08 train=1.5793e-06 val=1.5886e-06 best=1.5885e-06 t=967s
seed1-u ep=6525 lr=1.0e-08 train=1.5792e-06 val=1.5886e-06 best=1.5885e-06 t=971s
seed1-u ep=6550 lr=1.0e-08 train=1.5792e-06 val=1.5885e-06 best=1.5884e-06 t=974s
seed1-u ep=6575 lr=1.0e-08 train=1.5792e-06 val=1.5883e-06 best=1.5883e-06 t=978s
seed1-u ep=6600 lr=1.0e-08 train=1.5792e-06 val=1.5884e-06 best=1.5883e-06 t=982s
seed1-u ep=6625 lr=1.0e-08 train=1.5791e-06 val=1.5883e-06 best=1.5883e-06 t=985s
seed1-u ep=6650 lr=1.0e-08 train=1.5791e-06 val=1.5884e-06 best=1.5883e-06 t=989s
seed1-u ep=6675 lr=1.0e-08 train=1.5791e-06 val=1.5883e-06 best=1.5883e-06 t=993s
seed1-u ep=6700 lr=1.0e-08 train=1.5791e-06 val=1.5883e-06 best=1.5882e-06 t=997s
seed1-u ep=6725 lr=1.0e-08 train=1.5790e-06 val=1.5883e-06 best=1.5882e-06 t=1000s
seed1-u ep=6750 lr=1.0e-08 train=1.5790e-06 val=1.5882e-06 best=1.5882e-06 t=1004s
seed1-u ep=6775 lr=1.0e-08 train=1.5790e-06 val=1.5882e-06 best=1.5882e-06 t=1008s
seed1-u ep=6800 lr=1.0e-08 train=1.5790e-06 val=1.5883e-06 best=1.5881e-06 t=1012s
seed1-u ep=6810 lr=1.0e-08 train=1.5790e-06 val=1.5881e-06 best=1.5881e-06 t=1013s
seed1-u ep=6825 lr=1.0e-08 train=1.5789e-06 val=1.5881e-06 best=1.5881e-06 t=1015s
seed1-u ep=6840 lr=1.0e-08 train=1.5789e-06 val=1.5880e-06 best=1.5880e-06 t=1017s
seed1-u ep=6850 lr=1.0e-08 train=1.5789e-06 val=1.5882e-06 best=1.5880e-06 t=1019s
seed1-u ep=6875 lr=1.0e-08 train=1.5789e-06 val=1.5881e-06 best=1.5880e-06 t=1023s
seed1-u ep=6900 lr=1.0e-08 train=1.5789e-06 val=1.5881e-06 best=1.5880e-06 t=1026s
seed1-u ep=6925 lr=1.0e-08 train=1.5788e-06 val=1.5881e-06 best=1.5880e-06 t=1030s
seed1-u ep=6950 lr=1.0e-08 train=1.5788e-06 val=1.5881e-06 best=1.5880e-06 t=1034s
seed1-u ep=6975 lr=1.0e-08 train=1.5788e-06 val=1.5881e-06 best=1.5880e-06 t=1038s
seed1-u ep=7000 lr=1.0e-08 train=1.5788e-06 val=1.5879e-06 best=1.5879e-06 t=1041s
seed1-u ep=7025 lr=1.0e-08 train=1.5787e-06 val=1.5879e-06 best=1.5879e-06 t=1045s
seed1-u ep=7050 lr=1.0e-08 train=1.5787e-06 val=1.5880e-06 best=1.5878e-06 t=1049s
seed1-u ep=7075 lr=1.0e-08 train=1.5787e-06 val=1.5879e-06 best=1.5878e-06 t=1052s
seed1-u ep=7100 lr=1.0e-08 train=1.5787e-06 val=1.5879e-06 best=1.5878e-06 t=1056s
seed1-u ep=7125 lr=1.0e-08 train=1.5786e-06 val=1.5878e-06 best=1.5878e-06 t=1060s
seed1-u ep=7145 lr=1.0e-08 train=1.5786e-06 val=1.5878e-06 best=1.5878e-06 t=1063s
seed1-u ep=7150 lr=1.0e-08 train=1.5786e-06 val=1.5878e-06 best=1.5878e-06 t=1064s
seed1-u ep=7155 lr=1.0e-08 train=1.5786e-06 val=1.5878e-06 best=1.5878e-06 t=1064s
seed1-u ep=7175 lr=1.0e-08 train=1.5786e-06 val=1.5878e-06 best=1.5877e-06 t=1067s
seed1-u ep=7200 lr=1.0e-08 train=1.5786e-06 val=1.5878e-06 best=1.5877e-06 t=1071s
seed1-u ep=7225 lr=1.0e-08 train=1.5786e-06 val=1.5879e-06 best=1.5877e-06 t=1075s
seed1-u ep=7250 lr=1.0e-08 train=1.5785e-06 val=1.5877e-06 best=1.5877e-06 t=1078s
seed1-u ep=7275 lr=1.0e-08 train=1.5785e-06 val=1.5878e-06 best=1.5877e-06 t=1082s
seed1-u ep=7300 lr=1.0e-08 train=1.5785e-06 val=1.5877e-06 best=1.5877e-06 t=1086s
seed1-u ep=7325 lr=1.0e-08 train=1.5785e-06 val=1.5876e-06 best=1.5875e-06 t=1090s
seed1-u ep=7350 lr=1.0e-08 train=1.5784e-06 val=1.5877e-06 best=1.5875e-06 t=1093s
seed1-u ep=7375 lr=1.0e-08 train=1.5784e-06 val=1.5876e-06 best=1.5875e-06 t=1097s
seed1-u ep=7400 lr=1.0e-08 train=1.5784e-06 val=1.5877e-06 best=1.5875e-06 t=1101s
seed1-u ep=7420 lr=1.0e-08 train=1.5784e-06 val=1.5875e-06 best=1.5875e-06 t=1104s
seed1-u ep=7425 lr=1.0e-08 train=1.5784e-06 val=1.5876e-06 best=1.5875e-06 t=1105s
seed1-u ep=7450 lr=1.0e-08 train=1.5783e-06 val=1.5875e-06 best=1.5875e-06 t=1108s
seed1-u ep=7475 lr=1.0e-08 train=1.5783e-06 val=1.5875e-06 best=1.5875e-06 t=1112s
seed1-u ep=7500 lr=1.0e-08 train=1.5783e-06 val=1.5875e-06 best=1.5874e-06 t=1116s
seed1-u ep=7525 lr=1.0e-08 train=1.5783e-06 val=1.5875e-06 best=1.5874e-06 t=1119s
seed1-u ep=7550 lr=1.0e-08 train=1.5782e-06 val=1.5875e-06 best=1.5874e-06 t=1123s
seed1-u ep=7575 lr=1.0e-08 train=1.5782e-06 val=1.5874e-06 best=1.5874e-06 t=1127s
seed1-u ep=7600 lr=1.0e-08 train=1.5782e-06 val=1.5874e-06 best=1.5874e-06 t=1130s
seed1-u ep=7625 lr=1.0e-08 train=1.5782e-06 val=1.5874e-06 best=1.5873e-06 t=1134s
seed1-u ep=7650 lr=1.0e-08 train=1.5781e-06 val=1.5873e-06 best=1.5873e-06 t=1138s
seed1-u ep=7675 lr=1.0e-08 train=1.5781e-06 val=1.5872e-06 best=1.5871e-06 t=1141s
seed1-u ep=7700 lr=1.0e-08 train=1.5781e-06 val=1.5873e-06 best=1.5871e-06 t=1145s
seed1-u ep=7725 lr=1.0e-08 train=1.5781e-06 val=1.5872e-06 best=1.5871e-06 t=1149s
seed1-u ep=7750 lr=1.0e-08 train=1.5780e-06 val=1.5873e-06 best=1.5871e-06 t=1153s
seed1-u ep=7775 lr=1.0e-08 train=1.5780e-06 val=1.5872e-06 best=1.5871e-06 t=1156s
seed1-u ep=7800 lr=1.0e-08 train=1.5780e-06 val=1.5871e-06 best=1.5871e-06 t=1160s
seed1-u ep=7825 lr=1.0e-08 train=1.5780e-06 val=1.5872e-06 best=1.5871e-06 t=1164s
seed1-u ep=7850 lr=1.0e-08 train=1.5779e-06 val=1.5871e-06 best=1.5871e-06 t=1167s
seed1-u ep=7875 lr=1.0e-08 train=1.5779e-06 val=1.5871e-06 best=1.5871e-06 t=1171s
seed1-u ep=7900 lr=1.0e-08 train=1.5779e-06 val=1.5871e-06 best=1.5871e-06 t=1175s
seed1-u ep=7925 lr=1.0e-08 train=1.5779e-06 val=1.5871e-06 best=1.5870e-06 t=1178s
seed1-u ep=7950 lr=1.0e-08 train=1.5779e-06 val=1.5871e-06 best=1.5870e-06 t=1182s
seed1-u ep=7975 lr=1.0e-08 train=1.5778e-06 val=1.5871e-06 best=1.5869e-06 t=1186s
seed1-u ep=8000 lr=1.0e-08 train=1.5778e-06 val=1.5870e-06 best=1.5869e-06 t=1190s
seed1-u ep=8025 lr=1.0e-08 train=1.5778e-06 val=1.5870e-06 best=1.5869e-06 t=1193s
seed1-u ep=8050 lr=1.0e-08 train=1.5777e-06 val=1.5870e-06 best=1.5869e-06 t=1197s
seed1-u ep=8075 lr=1.0e-08 train=1.5777e-06 val=1.5871e-06 best=1.5869e-06 t=1201s
seed1-u ep=8100 lr=1.0e-08 train=1.5777e-06 val=1.5869e-06 best=1.5869e-06 t=1204s
seed1-u ep=8125 lr=1.0e-08 train=1.5777e-06 val=1.5869e-06 best=1.5868e-06 t=1208s
seed1-u ep=8150 lr=1.0e-08 train=1.5777e-06 val=1.5868e-06 best=1.5868e-06 t=1212s
seed1-u ep=8160 lr=1.0e-08 train=1.5776e-06 val=1.5868e-06 best=1.5868e-06 t=1213s
seed1-u ep=8175 lr=1.0e-08 train=1.5777e-06 val=1.5868e-06 best=1.5867e-06 t=1215s
seed1-u ep=8200 lr=1.0e-08 train=1.5776e-06 val=1.5867e-06 best=1.5867e-06 t=1219s
seed1-u ep=8225 lr=1.0e-08 train=1.5776e-06 val=1.5868e-06 best=1.5867e-06 t=1223s
seed1-u ep=8250 lr=1.0e-08 train=1.5776e-06 val=1.5867e-06 best=1.5867e-06 t=1226s
seed1-u ep=8255 lr=1.0e-08 train=1.5776e-06 val=1.5866e-06 best=1.5866e-06 t=1227s
seed1-u ep=8275 lr=1.0e-08 train=1.5775e-06 val=1.5867e-06 best=1.5866e-06 t=1230s
seed1-u ep=8300 lr=1.0e-08 train=1.5775e-06 val=1.5867e-06 best=1.5866e-06 t=1234s
seed1-u ep=8310 lr=1.0e-08 train=1.5775e-06 val=1.5866e-06 best=1.5866e-06 t=1235s
seed1-u ep=8325 lr=1.0e-08 train=1.5775e-06 val=1.5866e-06 best=1.5866e-06 t=1238s
seed1-u ep=8350 lr=1.0e-08 train=1.5775e-06 val=1.5867e-06 best=1.5866e-06 t=1241s
seed1-u ep=8360 lr=1.0e-08 train=1.5775e-06 val=1.5865e-06 best=1.5865e-06 t=1243s
seed1-u ep=8370 lr=1.0e-08 train=1.5775e-06 val=1.5865e-06 best=1.5865e-06 t=1244s
seed1-u ep=8375 lr=1.0e-08 train=1.5774e-06 val=1.5866e-06 best=1.5865e-06 t=1245s
seed1-u ep=8400 lr=1.0e-08 train=1.5774e-06 val=1.5866e-06 best=1.5865e-06 t=1249s
seed1-u ep=8425 lr=1.0e-08 train=1.5774e-06 val=1.5865e-06 best=1.5865e-06 t=1252s
seed1-u ep=8450 lr=1.0e-08 train=1.5774e-06 val=1.5866e-06 best=1.5865e-06 t=1256s
seed1-u ep=8475 lr=1.0e-08 train=1.5774e-06 val=1.5865e-06 best=1.5865e-06 t=1260s
seed1-u ep=8500 lr=1.0e-08 train=1.5773e-06 val=1.5865e-06 best=1.5864e-06 t=1263s
seed1-u ep=8525 lr=1.0e-08 train=1.5773e-06 val=1.5865e-06 best=1.5864e-06 t=1267s
seed1-u ep=8530 lr=1.0e-08 train=1.5773e-06 val=1.5864e-06 best=1.5864e-06 t=1268s
seed1-u ep=8550 lr=1.0e-08 train=1.5773e-06 val=1.5865e-06 best=1.5863e-06 t=1271s
seed1-u ep=8575 lr=1.0e-08 train=1.5772e-06 val=1.5864e-06 best=1.5863e-06 t=1275s
seed1-u ep=8600 lr=1.0e-08 train=1.5772e-06 val=1.5864e-06 best=1.5863e-06 t=1278s
seed1-u ep=8625 lr=1.0e-08 train=1.5772e-06 val=1.5864e-06 best=1.5863e-06 t=1282s
seed1-u ep=8650 lr=1.0e-08 train=1.5772e-06 val=1.5863e-06 best=1.5863e-06 t=1286s
seed1-u ep=8675 lr=1.0e-08 train=1.5771e-06 val=1.5863e-06 best=1.5863e-06 t=1289s
seed1-u ep=8690 lr=1.0e-08 train=1.5772e-06 val=1.5863e-06 best=1.5863e-06 t=1292s
seed1-u ep=8695 lr=1.0e-08 train=1.5771e-06 val=1.5863e-06 best=1.5863e-06 t=1292s
seed1-u ep=8700 lr=1.0e-08 train=1.5771e-06 val=1.5862e-06 best=1.5862e-06 t=1293s
seed1-u ep=8725 lr=1.0e-08 train=1.5771e-06 val=1.5865e-06 best=1.5862e-06 t=1297s
seed1-u ep=8750 lr=1.0e-08 train=1.5771e-06 val=1.5863e-06 best=1.5862e-06 t=1300s
seed1-u ep=8775 lr=1.0e-08 train=1.5771e-06 val=1.5863e-06 best=1.5862e-06 t=1304s
seed1-u ep=8800 lr=1.0e-08 train=1.5770e-06 val=1.5862e-06 best=1.5862e-06 t=1308s
seed1-u ep=8805 lr=1.0e-08 train=1.5770e-06 val=1.5862e-06 best=1.5862e-06 t=1309s
seed1-u ep=8825 lr=1.0e-08 train=1.5770e-06 val=1.5863e-06 best=1.5862e-06 t=1311s
seed1-u ep=8850 lr=1.0e-08 train=1.5770e-06 val=1.5862e-06 best=1.5861e-06 t=1315s
seed1-u ep=8875 lr=1.0e-08 train=1.5770e-06 val=1.5862e-06 best=1.5861e-06 t=1319s
seed1-u ep=8900 lr=1.0e-08 train=1.5769e-06 val=1.5862e-06 best=1.5861e-06 t=1323s
seed1-u ep=8925 lr=1.0e-08 train=1.5769e-06 val=1.5862e-06 best=1.5861e-06 t=1326s
seed1-u ep=8950 lr=1.0e-08 train=1.5769e-06 val=1.5862e-06 best=1.5861e-06 t=1330s
seed1-u ep=8975 lr=1.0e-08 train=1.5769e-06 val=1.5861e-06 best=1.5860e-06 t=1334s
seed1-u ep=8985 lr=1.0e-08 train=1.5769e-06 val=1.5860e-06 best=1.5860e-06 t=1335s
seed1-u ep=9000 lr=1.0e-08 train=1.5768e-06 val=1.5861e-06 best=1.5860e-06 t=1337s
seed1-u ep=9025 lr=1.0e-08 train=1.5768e-06 val=1.5860e-06 best=1.5859e-06 t=1341s
seed1-u ep=9050 lr=1.0e-08 train=1.5768e-06 val=1.5860e-06 best=1.5859e-06 t=1345s
seed1-u ep=9065 lr=1.0e-08 train=1.5768e-06 val=1.5859e-06 best=1.5859e-06 t=1347s
seed1-u ep=9075 lr=1.0e-08 train=1.5768e-06 val=1.5860e-06 best=1.5859e-06 t=1348s
seed1-u ep=9100 lr=1.0e-08 train=1.5767e-06 val=1.5859e-06 best=1.5859e-06 t=1352s
seed1-u ep=9125 lr=1.0e-08 train=1.5767e-06 val=1.5859e-06 best=1.5858e-06 t=1356s
seed1-u ep=9150 lr=1.0e-08 train=1.5767e-06 val=1.5859e-06 best=1.5858e-06 t=1360s
seed1-u ep=9175 lr=1.0e-08 train=1.5767e-06 val=1.5859e-06 best=1.5858e-06 t=1363s
seed1-u ep=9200 lr=1.0e-08 train=1.5767e-06 val=1.5858e-06 best=1.5858e-06 t=1367s
seed1-u ep=9225 lr=1.0e-08 train=1.5766e-06 val=1.5858e-06 best=1.5857e-06 t=1371s
seed1-u ep=9250 lr=1.0e-08 train=1.5766e-06 val=1.5859e-06 best=1.5857e-06 t=1374s
seed1-u ep=9275 lr=1.0e-08 train=1.5766e-06 val=1.5858e-06 best=1.5857e-06 t=1378s
seed1-u ep=9300 lr=1.0e-08 train=1.5766e-06 val=1.5857e-06 best=1.5857e-06 t=1382s
seed1-u ep=9325 lr=1.0e-08 train=1.5765e-06 val=1.5858e-06 best=1.5857e-06 t=1385s
seed1-u ep=9350 lr=1.0e-08 train=1.5765e-06 val=1.5857e-06 best=1.5856e-06 t=1389s
seed1-u ep=9375 lr=1.0e-08 train=1.5765e-06 val=1.5856e-06 best=1.5856e-06 t=1393s
seed1-u ep=9400 lr=1.0e-08 train=1.5764e-06 val=1.5856e-06 best=1.5856e-06 t=1396s
seed1-u ep=9405 lr=1.0e-08 train=1.5765e-06 val=1.5856e-06 best=1.5856e-06 t=1397s
seed1-u ep=9425 lr=1.0e-08 train=1.5764e-06 val=1.5855e-06 best=1.5855e-06 t=1400s
seed1-u ep=9450 lr=1.0e-08 train=1.5764e-06 val=1.5856e-06 best=1.5855e-06 t=1404s
seed1-u ep=9475 lr=1.0e-08 train=1.5764e-06 val=1.5855e-06 best=1.5854e-06 t=1408s
seed1-u ep=9500 lr=1.0e-08 train=1.5764e-06 val=1.5856e-06 best=1.5854e-06 t=1411s
seed1-u ep=9525 lr=1.0e-08 train=1.5763e-06 val=1.5854e-06 best=1.5854e-06 t=1415s
seed1-u ep=9540 lr=1.0e-08 train=1.5763e-06 val=1.5853e-06 best=1.5853e-06 t=1417s
seed1-u ep=9550 lr=1.0e-08 train=1.5763e-06 val=1.5855e-06 best=1.5853e-06 t=1419s
seed1-u ep=9575 lr=1.0e-08 train=1.5763e-06 val=1.5855e-06 best=1.5853e-06 t=1422s
seed1-u ep=9600 lr=1.0e-08 train=1.5763e-06 val=1.5854e-06 best=1.5853e-06 t=1426s
seed1-u ep=9625 lr=1.0e-08 train=1.5762e-06 val=1.5854e-06 best=1.5853e-06 t=1430s
seed1-u ep=9650 lr=1.0e-08 train=1.5762e-06 val=1.5853e-06 best=1.5853e-06 t=1433s
seed1-u ep=9675 lr=1.0e-08 train=1.5762e-06 val=1.5853e-06 best=1.5853e-06 t=1437s
seed1-u ep=9700 lr=1.0e-08 train=1.5762e-06 val=1.5853e-06 best=1.5853e-06 t=1441s
seed1-u ep=9725 lr=1.0e-08 train=1.5761e-06 val=1.5853e-06 best=1.5852e-06 t=1445s
seed1-u ep=9750 lr=1.0e-08 train=1.5761e-06 val=1.5853e-06 best=1.5852e-06 t=1448s
seed1-u ep=9755 lr=1.0e-08 train=1.5761e-06 val=1.5852e-06 best=1.5852e-06 t=1449s
seed1-u ep=9775 lr=1.0e-08 train=1.5761e-06 val=1.5852e-06 best=1.5851e-06 t=1452s
seed1-u ep=9800 lr=1.0e-08 train=1.5761e-06 val=1.5852e-06 best=1.5851e-06 t=1456s
seed1-u ep=9820 lr=1.0e-08 train=1.5761e-06 val=1.5851e-06 best=1.5851e-06 t=1459s
seed1-u ep=9825 lr=1.0e-08 train=1.5760e-06 val=1.5852e-06 best=1.5851e-06 t=1459s
seed1-u ep=9850 lr=1.0e-08 train=1.5760e-06 val=1.5852e-06 best=1.5851e-06 t=1463s
seed1-u ep=9875 lr=1.0e-08 train=1.5760e-06 val=1.5851e-06 best=1.5850e-06 t=1467s
seed1-u ep=9900 lr=1.0e-08 train=1.5760e-06 val=1.5852e-06 best=1.5850e-06 t=1470s
seed1-u ep=9925 lr=1.0e-08 train=1.5760e-06 val=1.5852e-06 best=1.5850e-06 t=1474s
seed1-u ep=9950 lr=1.0e-08 train=1.5759e-06 val=1.5851e-06 best=1.5850e-06 t=1478s
seed1-u ep=9975 lr=1.0e-08 train=1.5759e-06 val=1.5851e-06 best=1.5850e-06 t=1481s
TRAINED seed=1 u {'stop_reason': 'max_epochs', 'truncated': False, 'epochs': 10000, 'best_val': 1.585008249094244e-06, 'final_lr': 1e-08, 'seconds': 1485.011365732178}
seed1-v ep=0 lr=1.0e-03 train=3.7565e-02 val=5.8954e-03 best=5.8954e-03 t=0s
seed1-v ep=5 lr=1.0e-03 train=7.4986e-04 val=7.0438e-04 best=7.0438e-04 t=1s
seed1-v ep=15 lr=1.0e-03 train=1.9544e-04 val=1.8729e-04 best=1.8729e-04 t=2s
seed1-v ep=20 lr=1.0e-03 train=1.3442e-04 val=1.3656e-04 best=1.3656e-04 t=3s
seed1-v ep=25 lr=1.0e-03 train=1.1206e-04 val=9.4867e-05 best=9.4867e-05 t=4s
seed1-v ep=35 lr=1.0e-03 train=6.1223e-05 val=5.5257e-05 best=5.5257e-05 t=5s
seed1-v ep=50 lr=1.0e-03 train=6.8653e-05 val=4.4882e-05 best=3.7613e-05 t=7s
seed1-v ep=55 lr=1.0e-03 train=3.0352e-05 val=2.7133e-05 best=2.7133e-05 t=8s
seed1-v ep=70 lr=1.0e-04 train=1.7787e-05 val=1.7279e-05 best=1.7279e-05 t=10s
seed1-v ep=75 lr=1.0e-04 train=1.7128e-05 val=1.6764e-05 best=1.6764e-05 t=11s
seed1-v ep=80 lr=1.0e-04 train=1.6788e-05 val=1.6462e-05 best=1.6462e-05 t=12s
seed1-v ep=85 lr=1.0e-04 train=1.6482e-05 val=1.6149e-05 best=1.6149e-05 t=13s
seed1-v ep=100 lr=1.0e-04 train=1.5591e-05 val=1.5331e-05 best=1.5331e-05 t=15s
seed1-v ep=105 lr=1.0e-04 train=1.5331e-05 val=1.5029e-05 best=1.5029e-05 t=16s
seed1-v ep=125 lr=1.0e-04 train=1.4091e-05 val=1.3802e-05 best=1.3802e-05 t=18s
seed1-v ep=135 lr=1.0e-04 train=1.3471e-05 val=1.3267e-05 best=1.3267e-05 t=20s
seed1-v ep=140 lr=1.0e-04 train=1.3188e-05 val=1.2925e-05 best=1.2925e-05 t=21s
seed1-v ep=145 lr=1.0e-04 train=1.2837e-05 val=1.2619e-05 best=1.2619e-05 t=21s
seed1-v ep=150 lr=1.0e-04 train=1.2593e-05 val=1.2345e-05 best=1.2345e-05 t=22s
seed1-v ep=160 lr=1.0e-04 train=1.1962e-05 val=1.1758e-05 best=1.1758e-05 t=24s
seed1-v ep=170 lr=1.0e-04 train=1.1349e-05 val=1.1094e-05 best=1.1094e-05 t=25s
seed1-v ep=175 lr=1.0e-04 train=1.1175e-05 val=1.0944e-05 best=1.0944e-05 t=26s
seed1-v ep=180 lr=1.0e-04 train=1.0816e-05 val=1.0619e-05 best=1.0619e-05 t=27s
seed1-v ep=185 lr=1.0e-04 train=1.0459e-05 val=1.0183e-05 best=1.0183e-05 t=27s
seed1-v ep=195 lr=1.0e-04 train=9.9317e-06 val=9.8193e-06 best=9.8193e-06 t=29s
seed1-v ep=200 lr=1.0e-04 train=9.6036e-06 val=9.5032e-06 best=9.5032e-06 t=30s
seed1-v ep=205 lr=1.0e-04 train=9.3919e-06 val=9.1940e-06 best=9.1940e-06 t=30s
seed1-v ep=225 lr=1.0e-04 train=8.4156e-06 val=8.4972e-06 best=8.3522e-06 t=33s
seed1-v ep=230 lr=1.0e-04 train=8.2500e-06 val=8.0396e-06 best=8.0396e-06 t=34s
seed1-v ep=235 lr=1.0e-04 train=7.9548e-06 val=7.8679e-06 best=7.8679e-06 t=35s
seed1-v ep=250 lr=1.0e-04 train=8.1569e-06 val=7.3460e-06 best=7.3460e-06 t=37s
seed1-v ep=275 lr=1.0e-04 train=6.5365e-06 val=6.9908e-06 best=6.2967e-06 t=41s
seed1-v ep=280 lr=1.0e-04 train=6.5479e-06 val=5.9962e-06 best=5.9962e-06 t=41s
seed1-v ep=290 lr=1.0e-04 train=6.1348e-06 val=5.9678e-06 best=5.9678e-06 t=43s
seed1-v ep=300 lr=1.0e-05 train=5.0871e-06 val=5.0174e-06 best=5.0174e-06 t=44s
seed1-v ep=325 lr=1.0e-05 train=4.9880e-06 val=4.9237e-06 best=4.9237e-06 t=48s
seed1-v ep=330 lr=1.0e-05 train=4.9718e-06 val=4.9126e-06 best=4.9126e-06 t=49s
seed1-v ep=345 lr=1.0e-05 train=4.9168e-06 val=4.8658e-06 best=4.8658e-06 t=51s
seed1-v ep=350 lr=1.0e-05 train=4.9037e-06 val=4.8630e-06 best=4.8567e-06 t=52s
seed1-v ep=360 lr=1.0e-05 train=4.8613e-06 val=4.7928e-06 best=4.7928e-06 t=53s
seed1-v ep=370 lr=1.0e-05 train=4.8151e-06 val=4.7731e-06 best=4.7731e-06 t=55s
seed1-v ep=375 lr=1.0e-05 train=4.7955e-06 val=4.7486e-06 best=4.7302e-06 t=55s
seed1-v ep=390 lr=1.0e-05 train=4.7274e-06 val=4.6872e-06 best=4.6872e-06 t=58s
seed1-v ep=400 lr=1.0e-05 train=4.6738e-06 val=4.6242e-06 best=4.6173e-06 t=59s
seed1-v ep=410 lr=1.0e-05 train=4.6430e-06 val=4.5912e-06 best=4.5912e-06 t=61s
seed1-v ep=415 lr=1.0e-05 train=4.6154e-06 val=4.5603e-06 best=4.5603e-06 t=61s
seed1-v ep=420 lr=1.0e-05 train=4.5890e-06 val=4.5279e-06 best=4.5279e-06 t=62s
seed1-v ep=425 lr=1.0e-05 train=4.5616e-06 val=4.5102e-06 best=4.5016e-06 t=63s
seed1-v ep=450 lr=1.0e-05 train=4.4461e-06 val=4.3963e-06 best=4.3885e-06 t=66s
seed1-v ep=475 lr=1.0e-05 train=4.3147e-06 val=4.3030e-06 best=4.2789e-06 t=70s
seed1-v ep=495 lr=1.0e-05 train=4.2182e-06 val=4.1698e-06 best=4.1698e-06 t=73s
seed1-v ep=500 lr=1.0e-05 train=4.2149e-06 val=4.2562e-06 best=4.1679e-06 t=74s
seed1-v ep=520 lr=1.0e-05 train=4.0791e-06 val=4.0447e-06 best=4.0447e-06 t=77s
seed1-v ep=525 lr=1.0e-05 train=4.0646e-06 val=4.0508e-06 best=4.0275e-06 t=78s
seed1-v ep=540 lr=1.0e-05 train=3.9938e-06 val=3.9521e-06 best=3.9521e-06 t=80s
seed1-v ep=550 lr=1.0e-05 train=3.9459e-06 val=3.9554e-06 best=3.9006e-06 t=81s
seed1-v ep=570 lr=1.0e-05 train=3.8656e-06 val=3.8126e-06 best=3.8126e-06 t=84s
seed1-v ep=575 lr=1.0e-05 train=3.8466e-06 val=3.8338e-06 best=3.7833e-06 t=85s
seed1-v ep=585 lr=1.0e-05 train=3.7941e-06 val=3.7487e-06 best=3.7487e-06 t=86s
seed1-v ep=600 lr=1.0e-05 train=3.7361e-06 val=3.6967e-06 best=3.6919e-06 t=89s
seed1-v ep=615 lr=1.0e-05 train=3.6535e-06 val=3.6193e-06 best=3.6193e-06 t=91s
seed1-v ep=625 lr=1.0e-05 train=3.6282e-06 val=3.6040e-06 best=3.5907e-06 t=92s
seed1-v ep=635 lr=1.0e-05 train=3.5987e-06 val=3.5706e-06 best=3.5706e-06 t=94s
seed1-v ep=640 lr=1.0e-05 train=3.5660e-06 val=3.5269e-06 best=3.5269e-06 t=95s
seed1-v ep=650 lr=1.0e-05 train=3.5655e-06 val=3.5232e-06 best=3.5003e-06 t=96s
seed1-v ep=665 lr=1.0e-05 train=3.4723e-06 val=3.4397e-06 best=3.4397e-06 t=98s
seed1-v ep=675 lr=1.0e-05 train=3.4544e-06 val=3.4413e-06 best=3.4221e-06 t=100s
seed1-v ep=680 lr=1.0e-05 train=3.4242e-06 val=3.3824e-06 best=3.3824e-06 t=100s
seed1-v ep=690 lr=1.0e-05 train=3.3809e-06 val=3.3486e-06 best=3.3486e-06 t=102s
seed1-v ep=700 lr=1.0e-05 train=3.3412e-06 val=3.3480e-06 best=3.3269e-06 t=103s
seed1-v ep=705 lr=1.0e-05 train=3.3276e-06 val=3.2964e-06 best=3.2964e-06 t=104s
seed1-v ep=725 lr=1.0e-05 train=3.2687e-06 val=3.2309e-06 best=3.2309e-06 t=107s
seed1-v ep=740 lr=1.0e-05 train=3.2239e-06 val=3.1976e-06 best=3.1976e-06 t=109s
seed1-v ep=750 lr=1.0e-05 train=3.1914e-06 val=3.1804e-06 best=3.1648e-06 t=111s
seed1-v ep=775 lr=1.0e-05 train=3.1055e-06 val=3.1061e-06 best=3.0777e-06 t=115s
seed1-v ep=795 lr=1.0e-05 train=3.0477e-06 val=3.0071e-06 best=3.0071e-06 t=117s
seed1-v ep=800 lr=1.0e-05 train=3.0310e-06 val=3.0281e-06 best=3.0071e-06 t=118s
seed1-v ep=815 lr=1.0e-05 train=3.0080e-06 val=2.9677e-06 best=2.9677e-06 t=120s
seed1-v ep=825 lr=1.0e-05 train=2.9542e-06 val=2.9808e-06 best=2.9479e-06 t=122s
seed1-v ep=850 lr=1.0e-05 train=2.9010e-06 val=2.8986e-06 best=2.8732e-06 t=126s
seed1-v ep=870 lr=1.0e-05 train=2.8514e-06 val=2.8259e-06 best=2.8259e-06 t=129s
seed1-v ep=875 lr=1.0e-05 train=2.8453e-06 val=2.8466e-06 best=2.8100e-06 t=129s
seed1-v ep=880 lr=1.0e-05 train=2.8214e-06 val=2.8073e-06 best=2.8073e-06 t=130s
seed1-v ep=890 lr=1.0e-05 train=2.8256e-06 val=2.7687e-06 best=2.7687e-06 t=132s
seed1-v ep=900 lr=1.0e-05 train=2.7717e-06 val=2.7747e-06 best=2.7467e-06 t=133s
seed1-v ep=920 lr=1.0e-05 train=2.7299e-06 val=2.7106e-06 best=2.7106e-06 t=136s
seed1-v ep=925 lr=1.0e-05 train=2.7204e-06 val=2.7294e-06 best=2.6846e-06 t=137s
seed1-v ep=950 lr=1.0e-05 train=2.6517e-06 val=2.6397e-06 best=2.6394e-06 t=140s
seed1-v ep=965 lr=1.0e-05 train=2.6218e-06 val=2.6184e-06 best=2.6184e-06 t=143s
seed1-v ep=975 lr=1.0e-05 train=2.6064e-06 val=2.5756e-06 best=2.5756e-06 t=144s
seed1-v ep=980 lr=1.0e-05 train=2.5929e-06 val=2.5734e-06 best=2.5734e-06 t=145s
seed1-v ep=990 lr=1.0e-05 train=2.5607e-06 val=2.5538e-06 best=2.5538e-06 t=146s
seed1-v ep=995 lr=1.0e-05 train=2.5458e-06 val=2.5248e-06 best=2.5248e-06 t=147s
seed1-v ep=1000 lr=1.0e-05 train=2.5409e-06 val=2.5475e-06 best=2.5211e-06 t=148s
seed1-v ep=1020 lr=1.0e-05 train=2.5263e-06 val=2.4880e-06 best=2.4880e-06 t=151s
seed1-v ep=1025 lr=1.0e-05 train=2.4899e-06 val=2.4796e-06 best=2.4671e-06 t=152s
seed1-v ep=1030 lr=1.0e-05 train=2.4778e-06 val=2.4569e-06 best=2.4569e-06 t=152s
seed1-v ep=1050 lr=1.0e-05 train=2.4487e-06 val=2.4318e-06 best=2.4318e-06 t=155s
seed1-v ep=1065 lr=1.0e-05 train=2.4089e-06 val=2.3933e-06 best=2.3933e-06 t=157s
seed1-v ep=1070 lr=1.0e-05 train=2.3965e-06 val=2.3821e-06 best=2.3821e-06 t=158s
seed1-v ep=1075 lr=1.0e-05 train=2.3978e-06 val=2.3978e-06 best=2.3787e-06 t=159s
seed1-v ep=1100 lr=1.0e-05 train=2.3610e-06 val=2.3431e-06 best=2.3312e-06 t=163s
seed1-v ep=1105 lr=1.0e-05 train=2.3340e-06 val=2.3189e-06 best=2.3189e-06 t=163s
seed1-v ep=1115 lr=1.0e-05 train=2.3121e-06 val=2.3078e-06 best=2.3078e-06 t=165s
seed1-v ep=1125 lr=1.0e-05 train=2.2907e-06 val=2.2867e-06 best=2.2773e-06 t=166s
seed1-v ep=1150 lr=1.0e-05 train=2.2691e-06 val=2.2576e-06 best=2.2463e-06 t=170s
seed1-v ep=1160 lr=1.0e-05 train=2.2198e-06 val=2.2310e-06 best=2.2310e-06 t=171s
seed1-v ep=1165 lr=1.0e-05 train=2.2213e-06 val=2.2290e-06 best=2.2290e-06 t=172s
seed1-v ep=1175 lr=1.0e-05 train=2.2011e-06 val=2.2343e-06 best=2.1975e-06 t=174s
seed1-v ep=1180 lr=1.0e-05 train=2.2099e-06 val=2.1909e-06 best=2.1909e-06 t=174s
seed1-v ep=1190 lr=1.0e-05 train=2.1872e-06 val=2.1629e-06 best=2.1629e-06 t=176s
seed1-v ep=1200 lr=1.0e-05 train=2.1599e-06 val=2.1565e-06 best=2.1538e-06 t=177s
seed1-v ep=1225 lr=1.0e-05 train=2.1163e-06 val=2.1114e-06 best=2.1070e-06 t=181s
seed1-v ep=1250 lr=1.0e-05 train=2.0850e-06 val=2.0774e-06 best=2.0774e-06 t=185s
seed1-v ep=1275 lr=1.0e-05 train=2.0558e-06 val=2.0536e-06 best=2.0382e-06 t=188s
seed1-v ep=1300 lr=1.0e-05 train=1.9976e-06 val=2.0197e-06 best=1.9906e-06 t=192s
seed1-v ep=1305 lr=1.0e-05 train=2.0205e-06 val=1.9819e-06 best=1.9819e-06 t=193s
seed1-v ep=1325 lr=1.0e-05 train=1.9712e-06 val=1.9708e-06 best=1.9611e-06 t=196s
seed1-v ep=1350 lr=1.0e-05 train=1.9493e-06 val=2.0193e-06 best=1.9410e-06 t=200s
seed1-v ep=1355 lr=1.0e-05 train=1.9230e-06 val=1.9293e-06 best=1.9293e-06 t=200s
seed1-v ep=1375 lr=1.0e-05 train=1.8948e-06 val=1.8972e-06 best=1.8933e-06 t=203s
seed1-v ep=1400 lr=1.0e-05 train=1.8643e-06 val=1.8912e-06 best=1.8567e-06 t=207s
seed1-v ep=1415 lr=1.0e-05 train=1.8392e-06 val=1.8449e-06 best=1.8449e-06 t=209s
seed1-v ep=1425 lr=1.0e-05 train=1.8321e-06 val=1.8334e-06 best=1.8334e-06 t=211s
seed1-v ep=1430 lr=1.0e-05 train=1.8461e-06 val=1.8241e-06 best=1.8241e-06 t=211s
seed1-v ep=1450 lr=1.0e-05 train=1.8103e-06 val=1.8214e-06 best=1.8044e-06 t=214s
seed1-v ep=1455 lr=1.0e-05 train=1.7928e-06 val=1.7819e-06 best=1.7819e-06 t=215s
seed1-v ep=1475 lr=1.0e-05 train=1.7677e-06 val=1.7742e-06 best=1.7655e-06 t=218s
seed1-v ep=1485 lr=1.0e-05 train=1.7555e-06 val=1.7433e-06 best=1.7433e-06 t=220s
seed1-v ep=1500 lr=1.0e-05 train=1.7353e-06 val=1.7491e-06 best=1.7298e-06 t=222s
seed1-v ep=1525 lr=1.0e-05 train=1.7292e-06 val=1.7110e-06 best=1.6961e-06 t=225s
seed1-v ep=1550 lr=1.0e-05 train=1.6823e-06 val=1.6825e-06 best=1.6817e-06 t=229s
seed1-v ep=1575 lr=1.0e-05 train=1.6457e-06 val=1.6769e-06 best=1.6516e-06 t=233s
seed1-v ep=1580 lr=1.0e-05 train=1.6400e-06 val=1.6391e-06 best=1.6391e-06 t=234s
seed1-v ep=1600 lr=1.0e-05 train=1.6214e-06 val=1.6469e-06 best=1.6192e-06 t=237s
seed1-v ep=1625 lr=1.0e-05 train=1.5982e-06 val=1.6072e-06 best=1.6043e-06 t=240s
seed1-v ep=1650 lr=1.0e-05 train=1.5689e-06 val=1.5954e-06 best=1.5655e-06 t=244s
seed1-v ep=1675 lr=1.0e-05 train=1.5672e-06 val=1.5541e-06 best=1.5540e-06 t=248s
seed1-v ep=1700 lr=1.0e-05 train=1.5218e-06 val=1.5188e-06 best=1.5188e-06 t=251s
seed1-v ep=1725 lr=1.0e-05 train=1.5009e-06 val=1.4952e-06 best=1.4952e-06 t=255s
seed1-v ep=1730 lr=1.0e-05 train=1.4926e-06 val=1.4948e-06 best=1.4948e-06 t=256s
seed1-v ep=1745 lr=1.0e-06 train=1.4430e-06 val=1.4379e-06 best=1.4379e-06 t=258s
seed1-v ep=1750 lr=1.0e-06 train=1.4246e-06 val=1.4372e-06 best=1.4361e-06 t=259s
seed1-v ep=1760 lr=1.0e-06 train=1.4231e-06 val=1.4345e-06 best=1.4345e-06 t=260s
seed1-v ep=1765 lr=1.0e-06 train=1.4226e-06 val=1.4336e-06 best=1.4336e-06 t=261s
seed1-v ep=1775 lr=1.0e-06 train=1.4224e-06 val=1.4354e-06 best=1.4321e-06 t=262s
seed1-v ep=1800 lr=1.0e-06 train=1.4199e-06 val=1.4302e-06 best=1.4302e-06 t=266s
seed1-v ep=1825 lr=1.0e-06 train=1.4165e-06 val=1.4285e-06 best=1.4276e-06 t=270s
seed1-v ep=1830 lr=1.0e-06 train=1.4162e-06 val=1.4252e-06 best=1.4252e-06 t=271s
seed1-v ep=1850 lr=1.0e-06 train=1.4138e-06 val=1.4250e-06 best=1.4250e-06 t=273s
seed1-v ep=1860 lr=1.0e-06 train=1.4128e-06 val=1.4236e-06 best=1.4236e-06 t=275s
seed1-v ep=1875 lr=1.0e-06 train=1.4112e-06 val=1.4252e-06 best=1.4206e-06 t=277s
seed1-v ep=1900 lr=1.0e-06 train=1.4074e-06 val=1.4229e-06 best=1.4168e-06 t=281s
seed1-v ep=1925 lr=1.0e-06 train=1.4040e-06 val=1.4187e-06 best=1.4154e-06 t=285s
seed1-v ep=1930 lr=1.0e-06 train=1.4039e-06 val=1.4139e-06 best=1.4139e-06 t=285s
seed1-v ep=1950 lr=1.0e-06 train=1.4018e-06 val=1.4136e-06 best=1.4125e-06 t=288s
seed1-v ep=1975 lr=1.0e-06 train=1.3979e-06 val=1.4115e-06 best=1.4091e-06 t=292s
seed1-v ep=1980 lr=1.0e-06 train=1.3970e-06 val=1.4082e-06 best=1.4082e-06 t=293s
seed1-v ep=2000 lr=1.0e-06 train=1.3947e-06 val=1.4068e-06 best=1.4056e-06 t=296s
seed1-v ep=2015 lr=1.0e-06 train=1.3927e-06 val=1.4035e-06 best=1.4035e-06 t=298s
seed1-v ep=2025 lr=1.0e-06 train=1.3903e-06 val=1.4041e-06 best=1.4017e-06 t=299s
seed1-v ep=2050 lr=1.0e-06 train=1.3872e-06 val=1.3996e-06 best=1.3996e-06 t=303s
seed1-v ep=2060 lr=1.0e-06 train=1.3853e-06 val=1.3974e-06 best=1.3974e-06 t=305s
seed1-v ep=2070 lr=1.0e-06 train=1.3840e-06 val=1.3952e-06 best=1.3952e-06 t=306s
seed1-v ep=2075 lr=1.0e-06 train=1.3839e-06 val=1.3960e-06 best=1.3947e-06 t=307s
seed1-v ep=2085 lr=1.0e-06 train=1.3831e-06 val=1.3937e-06 best=1.3937e-06 t=308s
seed1-v ep=2100 lr=1.0e-06 train=1.3803e-06 val=1.3955e-06 best=1.3918e-06 t=310s
seed1-v ep=2115 lr=1.0e-06 train=1.3782e-06 val=1.3906e-06 best=1.3906e-06 t=313s
seed1-v ep=2125 lr=1.0e-06 train=1.3765e-06 val=1.3912e-06 best=1.3888e-06 t=314s
seed1-v ep=2150 lr=1.0e-06 train=1.3738e-06 val=1.3860e-06 best=1.3860e-06 t=318s
seed1-v ep=2155 lr=1.0e-06 train=1.3733e-06 val=1.3855e-06 best=1.3855e-06 t=319s
seed1-v ep=2160 lr=1.0e-06 train=1.3723e-06 val=1.3844e-06 best=1.3844e-06 t=319s
seed1-v ep=2165 lr=1.0e-06 train=1.3716e-06 val=1.3844e-06 best=1.3844e-06 t=320s
seed1-v ep=2170 lr=1.0e-06 train=1.3711e-06 val=1.3832e-06 best=1.3832e-06 t=321s
seed1-v ep=2175 lr=1.0e-06 train=1.3705e-06 val=1.3838e-06 best=1.3817e-06 t=322s
seed1-v ep=2200 lr=1.0e-06 train=1.3671e-06 val=1.3800e-06 best=1.3791e-06 t=325s
seed1-v ep=2225 lr=1.0e-06 train=1.3643e-06 val=1.3762e-06 best=1.3742e-06 t=329s
seed1-v ep=2245 lr=1.0e-06 train=1.3605e-06 val=1.3713e-06 best=1.3713e-06 t=332s
seed1-v ep=2250 lr=1.0e-06 train=1.3596e-06 val=1.3728e-06 best=1.3713e-06 t=333s
seed1-v ep=2275 lr=1.0e-06 train=1.3573e-06 val=1.3696e-06 best=1.3679e-06 t=336s
seed1-v ep=2300 lr=1.0e-06 train=1.3545e-06 val=1.3682e-06 best=1.3662e-06 t=340s
seed1-v ep=2325 lr=1.0e-06 train=1.3505e-06 val=1.3636e-06 best=1.3621e-06 t=344s
seed1-v ep=2350 lr=1.0e-06 train=1.3478e-06 val=1.3623e-06 best=1.3597e-06 t=347s
seed1-v ep=2375 lr=1.0e-06 train=1.3438e-06 val=1.3550e-06 best=1.3550e-06 t=351s
seed1-v ep=2390 lr=1.0e-06 train=1.3419e-06 val=1.3543e-06 best=1.3543e-06 t=353s
seed1-v ep=2400 lr=1.0e-06 train=1.3408e-06 val=1.3524e-06 best=1.3524e-06 t=355s
seed1-v ep=2425 lr=1.0e-06 train=1.3375e-06 val=1.3533e-06 best=1.3505e-06 t=358s
seed1-v ep=2435 lr=1.0e-06 train=1.3356e-06 val=1.3492e-06 best=1.3492e-06 t=360s
seed1-v ep=2450 lr=1.0e-06 train=1.3336e-06 val=1.3463e-06 best=1.3462e-06 t=362s
seed1-v ep=2475 lr=1.0e-06 train=1.3303e-06 val=1.3430e-06 best=1.3430e-06 t=366s
seed1-v ep=2500 lr=1.0e-06 train=1.3281e-06 val=1.3421e-06 best=1.3403e-06 t=370s
seed1-v ep=2505 lr=1.0e-06 train=1.3269e-06 val=1.3386e-06 best=1.3386e-06 t=370s
seed1-v ep=2515 lr=1.0e-06 train=1.3246e-06 val=1.3378e-06 best=1.3378e-06 t=372s
seed1-v ep=2525 lr=1.0e-06 train=1.3248e-06 val=1.3386e-06 best=1.3367e-06 t=373s
seed1-v ep=2530 lr=1.0e-06 train=1.3241e-06 val=1.3349e-06 best=1.3349e-06 t=374s
seed1-v ep=2540 lr=1.0e-06 train=1.3217e-06 val=1.3347e-06 best=1.3347e-06 t=375s
seed1-v ep=2550 lr=1.0e-06 train=1.3204e-06 val=1.3339e-06 best=1.3339e-06 t=377s
seed1-v ep=2555 lr=1.0e-06 train=1.3196e-06 val=1.3334e-06 best=1.3334e-06 t=378s
seed1-v ep=2565 lr=1.0e-06 train=1.3189e-06 val=1.3311e-06 best=1.3311e-06 t=379s
seed1-v ep=2575 lr=1.0e-06 train=1.3179e-06 val=1.3310e-06 best=1.3305e-06 t=381s
seed1-v ep=2590 lr=1.0e-07 train=1.3103e-06 val=1.3259e-06 best=1.3259e-06 t=383s
seed1-v ep=2600 lr=1.0e-07 train=1.3099e-06 val=1.3260e-06 best=1.3258e-06 t=384s
seed1-v ep=2620 lr=1.0e-08 train=1.3092e-06 val=1.3256e-06 best=1.3256e-06 t=387s
seed1-v ep=2625 lr=1.0e-08 train=1.3092e-06 val=1.3257e-06 best=1.3256e-06 t=388s
seed1-v ep=2635 lr=1.0e-08 train=1.3092e-06 val=1.3256e-06 best=1.3256e-06 t=390s
seed1-v ep=2650 lr=1.0e-08 train=1.3092e-06 val=1.3256e-06 best=1.3256e-06 t=392s
seed1-v ep=2675 lr=1.0e-08 train=1.3092e-06 val=1.3256e-06 best=1.3255e-06 t=395s
seed1-v ep=2700 lr=1.0e-08 train=1.3091e-06 val=1.3256e-06 best=1.3255e-06 t=399s
seed1-v ep=2725 lr=1.0e-08 train=1.3091e-06 val=1.3255e-06 best=1.3254e-06 t=403s
seed1-v ep=2750 lr=1.0e-08 train=1.3091e-06 val=1.3255e-06 best=1.3254e-06 t=407s
seed1-v ep=2775 lr=1.0e-08 train=1.3090e-06 val=1.3254e-06 best=1.3253e-06 t=410s
seed1-v ep=2785 lr=1.0e-08 train=1.3090e-06 val=1.3253e-06 best=1.3253e-06 t=412s
seed1-v ep=2800 lr=1.0e-08 train=1.3090e-06 val=1.3254e-06 best=1.3253e-06 t=414s
seed1-v ep=2825 lr=1.0e-08 train=1.3090e-06 val=1.3254e-06 best=1.3253e-06 t=418s
seed1-v ep=2835 lr=1.0e-08 train=1.3090e-06 val=1.3253e-06 best=1.3253e-06 t=419s
seed1-v ep=2850 lr=1.0e-08 train=1.3090e-06 val=1.3254e-06 best=1.3253e-06 t=421s
seed1-v ep=2875 lr=1.0e-08 train=1.3089e-06 val=1.3253e-06 best=1.3253e-06 t=425s
seed1-v ep=2900 lr=1.0e-08 train=1.3089e-06 val=1.3254e-06 best=1.3252e-06 t=429s
seed1-v ep=2925 lr=1.0e-08 train=1.3089e-06 val=1.3252e-06 best=1.3252e-06 t=432s
seed1-v ep=2950 lr=1.0e-08 train=1.3088e-06 val=1.3253e-06 best=1.3252e-06 t=436s
seed1-v ep=2975 lr=1.0e-08 train=1.3088e-06 val=1.3253e-06 best=1.3252e-06 t=440s
seed1-v ep=3000 lr=1.0e-08 train=1.3088e-06 val=1.3252e-06 best=1.3252e-06 t=443s
seed1-v ep=3025 lr=1.0e-08 train=1.3088e-06 val=1.3252e-06 best=1.3251e-06 t=447s
seed1-v ep=3030 lr=1.0e-08 train=1.3088e-06 val=1.3251e-06 best=1.3251e-06 t=448s
seed1-v ep=3050 lr=1.0e-08 train=1.3087e-06 val=1.3252e-06 best=1.3250e-06 t=451s
seed1-v ep=3075 lr=1.0e-08 train=1.3087e-06 val=1.3252e-06 best=1.3250e-06 t=455s
seed1-v ep=3100 lr=1.0e-08 train=1.3087e-06 val=1.3252e-06 best=1.3250e-06 t=458s
seed1-v ep=3125 lr=1.0e-08 train=1.3086e-06 val=1.3251e-06 best=1.3250e-06 t=462s
seed1-v ep=3135 lr=1.0e-08 train=1.3087e-06 val=1.3250e-06 best=1.3250e-06 t=463s
seed1-v ep=3150 lr=1.0e-08 train=1.3086e-06 val=1.3251e-06 best=1.3250e-06 t=466s
seed1-v ep=3175 lr=1.0e-08 train=1.3086e-06 val=1.3250e-06 best=1.3250e-06 t=469s
seed1-v ep=3200 lr=1.0e-08 train=1.3086e-06 val=1.3250e-06 best=1.3249e-06 t=473s
seed1-v ep=3225 lr=1.0e-08 train=1.3085e-06 val=1.3252e-06 best=1.3249e-06 t=477s
seed1-v ep=3250 lr=1.0e-08 train=1.3085e-06 val=1.3249e-06 best=1.3249e-06 t=480s
seed1-v ep=3275 lr=1.0e-08 train=1.3085e-06 val=1.3250e-06 best=1.3249e-06 t=484s
seed1-v ep=3300 lr=1.0e-08 train=1.3085e-06 val=1.3250e-06 best=1.3249e-06 t=488s
seed1-v ep=3325 lr=1.0e-08 train=1.3084e-06 val=1.3250e-06 best=1.3248e-06 t=492s
seed1-v ep=3350 lr=1.0e-08 train=1.3084e-06 val=1.3250e-06 best=1.3248e-06 t=495s
seed1-v ep=3375 lr=1.0e-08 train=1.3084e-06 val=1.3249e-06 best=1.3248e-06 t=499s
seed1-v ep=3400 lr=1.0e-08 train=1.3084e-06 val=1.3248e-06 best=1.3247e-06 t=503s
seed1-v ep=3425 lr=1.0e-08 train=1.3083e-06 val=1.3248e-06 best=1.3247e-06 t=506s
seed1-v ep=3450 lr=1.0e-08 train=1.3083e-06 val=1.3247e-06 best=1.3247e-06 t=510s
seed1-v ep=3475 lr=1.0e-08 train=1.3083e-06 val=1.3248e-06 best=1.3246e-06 t=514s
seed1-v ep=3500 lr=1.0e-08 train=1.3082e-06 val=1.3247e-06 best=1.3246e-06 t=517s
seed1-v ep=3510 lr=1.0e-08 train=1.3082e-06 val=1.3246e-06 best=1.3246e-06 t=519s
seed1-v ep=3520 lr=1.0e-08 train=1.3082e-06 val=1.3245e-06 best=1.3245e-06 t=520s
seed1-v ep=3525 lr=1.0e-08 train=1.3082e-06 val=1.3246e-06 best=1.3245e-06 t=521s
seed1-v ep=3550 lr=1.0e-08 train=1.3082e-06 val=1.3246e-06 best=1.3245e-06 t=525s
seed1-v ep=3575 lr=1.0e-08 train=1.3082e-06 val=1.3247e-06 best=1.3245e-06 t=528s
seed1-v ep=3600 lr=1.0e-08 train=1.3081e-06 val=1.3246e-06 best=1.3245e-06 t=532s
seed1-v ep=3625 lr=1.0e-08 train=1.3081e-06 val=1.3246e-06 best=1.3245e-06 t=536s
seed1-v ep=3650 lr=1.0e-08 train=1.3081e-06 val=1.3246e-06 best=1.3245e-06 t=540s
seed1-v ep=3675 lr=1.0e-08 train=1.3081e-06 val=1.3246e-06 best=1.3245e-06 t=543s
seed1-v ep=3700 lr=1.0e-08 train=1.3080e-06 val=1.3246e-06 best=1.3245e-06 t=547s
seed1-v ep=3725 lr=1.0e-08 train=1.3080e-06 val=1.3246e-06 best=1.3245e-06 t=551s
seed1-v ep=3750 lr=1.0e-08 train=1.3079e-06 val=1.3244e-06 best=1.3244e-06 t=554s
seed1-v ep=3775 lr=1.0e-08 train=1.3079e-06 val=1.3244e-06 best=1.3243e-06 t=558s
seed1-v ep=3800 lr=1.0e-08 train=1.3079e-06 val=1.3244e-06 best=1.3243e-06 t=562s
seed1-v ep=3825 lr=1.0e-08 train=1.3079e-06 val=1.3243e-06 best=1.3243e-06 t=565s
seed1-v ep=3850 lr=1.0e-08 train=1.3078e-06 val=1.3243e-06 best=1.3243e-06 t=569s
seed1-v ep=3875 lr=1.0e-08 train=1.3078e-06 val=1.3243e-06 best=1.3243e-06 t=573s
seed1-v ep=3895 lr=1.0e-08 train=1.3078e-06 val=1.3243e-06 best=1.3243e-06 t=576s
seed1-v ep=3900 lr=1.0e-08 train=1.3078e-06 val=1.3243e-06 best=1.3243e-06 t=577s
seed1-v ep=3925 lr=1.0e-08 train=1.3078e-06 val=1.3243e-06 best=1.3242e-06 t=580s
seed1-v ep=3950 lr=1.0e-08 train=1.3077e-06 val=1.3243e-06 best=1.3242e-06 t=584s
seed1-v ep=3955 lr=1.0e-08 train=1.3077e-06 val=1.3242e-06 best=1.3242e-06 t=585s
seed1-v ep=3975 lr=1.0e-08 train=1.3077e-06 val=1.3243e-06 best=1.3242e-06 t=588s
seed1-v ep=4000 lr=1.0e-08 train=1.3077e-06 val=1.3242e-06 best=1.3242e-06 t=591s
seed1-v ep=4025 lr=1.0e-08 train=1.3076e-06 val=1.3242e-06 best=1.3241e-06 t=595s
seed1-v ep=4050 lr=1.0e-08 train=1.3076e-06 val=1.3242e-06 best=1.3241e-06 t=599s
seed1-v ep=4055 lr=1.0e-08 train=1.3076e-06 val=1.3241e-06 best=1.3241e-06 t=599s
seed1-v ep=4065 lr=1.0e-08 train=1.3076e-06 val=1.3241e-06 best=1.3241e-06 t=601s
seed1-v ep=4075 lr=1.0e-08 train=1.3076e-06 val=1.3241e-06 best=1.3241e-06 t=602s
seed1-v ep=4100 lr=1.0e-08 train=1.3076e-06 val=1.3241e-06 best=1.3241e-06 t=606s
seed1-v ep=4125 lr=1.0e-08 train=1.3076e-06 val=1.3241e-06 best=1.3240e-06 t=610s
seed1-v ep=4150 lr=1.0e-08 train=1.3075e-06 val=1.3241e-06 best=1.3240e-06 t=613s
seed1-v ep=4175 lr=1.0e-08 train=1.3075e-06 val=1.3241e-06 best=1.3240e-06 t=617s
seed1-v ep=4200 lr=1.0e-08 train=1.3075e-06 val=1.3240e-06 best=1.3239e-06 t=621s
seed1-v ep=4225 lr=1.0e-08 train=1.3074e-06 val=1.3241e-06 best=1.3239e-06 t=625s
seed1-v ep=4250 lr=1.0e-08 train=1.3074e-06 val=1.3240e-06 best=1.3239e-06 t=628s
seed1-v ep=4260 lr=1.0e-08 train=1.3074e-06 val=1.3239e-06 best=1.3239e-06 t=630s
seed1-v ep=4275 lr=1.0e-08 train=1.3074e-06 val=1.3239e-06 best=1.3238e-06 t=632s
seed1-v ep=4300 lr=1.0e-08 train=1.3073e-06 val=1.3238e-06 best=1.3238e-06 t=636s
seed1-v ep=4325 lr=1.0e-08 train=1.3073e-06 val=1.3239e-06 best=1.3238e-06 t=639s
seed1-v ep=4350 lr=1.0e-08 train=1.3073e-06 val=1.3238e-06 best=1.3238e-06 t=643s
seed1-v ep=4365 lr=1.0e-08 train=1.3073e-06 val=1.3238e-06 best=1.3238e-06 t=645s
seed1-v ep=4370 lr=1.0e-08 train=1.3073e-06 val=1.3237e-06 best=1.3237e-06 t=646s
seed1-v ep=4375 lr=1.0e-08 train=1.3073e-06 val=1.3238e-06 best=1.3237e-06 t=647s
seed1-v ep=4400 lr=1.0e-08 train=1.3072e-06 val=1.3238e-06 best=1.3237e-06 t=650s
seed1-v ep=4425 lr=1.0e-08 train=1.3072e-06 val=1.3238e-06 best=1.3237e-06 t=654s
seed1-v ep=4450 lr=1.0e-08 train=1.3072e-06 val=1.3238e-06 best=1.3237e-06 t=658s
seed1-v ep=4475 lr=1.0e-08 train=1.3072e-06 val=1.3237e-06 best=1.3237e-06 t=662s
seed1-v ep=4495 lr=1.0e-08 train=1.3072e-06 val=1.3236e-06 best=1.3236e-06 t=664s
seed1-v ep=4500 lr=1.0e-08 train=1.3071e-06 val=1.3237e-06 best=1.3236e-06 t=665s
seed1-v ep=4515 lr=1.0e-08 train=1.3071e-06 val=1.3236e-06 best=1.3236e-06 t=667s
seed1-v ep=4525 lr=1.0e-08 train=1.3071e-06 val=1.3237e-06 best=1.3236e-06 t=669s
seed1-v ep=4550 lr=1.0e-08 train=1.3071e-06 val=1.3236e-06 best=1.3236e-06 t=673s
seed1-v ep=4575 lr=1.0e-08 train=1.3070e-06 val=1.3235e-06 best=1.3235e-06 t=676s
seed1-v ep=4600 lr=1.0e-08 train=1.3070e-06 val=1.3236e-06 best=1.3235e-06 t=680s
seed1-v ep=4625 lr=1.0e-08 train=1.3070e-06 val=1.3235e-06 best=1.3235e-06 t=684s
seed1-v ep=4650 lr=1.0e-08 train=1.3070e-06 val=1.3235e-06 best=1.3234e-06 t=687s
seed1-v ep=4675 lr=1.0e-08 train=1.3069e-06 val=1.3236e-06 best=1.3234e-06 t=691s
seed1-v ep=4700 lr=1.0e-08 train=1.3069e-06 val=1.3235e-06 best=1.3234e-06 t=695s
seed1-v ep=4725 lr=1.0e-08 train=1.3069e-06 val=1.3234e-06 best=1.3234e-06 t=698s
seed1-v ep=4750 lr=1.0e-08 train=1.3068e-06 val=1.3234e-06 best=1.3234e-06 t=702s
seed1-v ep=4775 lr=1.0e-08 train=1.3068e-06 val=1.3234e-06 best=1.3234e-06 t=706s
seed1-v ep=4800 lr=1.0e-08 train=1.3068e-06 val=1.3234e-06 best=1.3234e-06 t=710s
seed1-v ep=4820 lr=1.0e-08 train=1.3068e-06 val=1.3233e-06 best=1.3233e-06 t=713s
seed1-v ep=4825 lr=1.0e-08 train=1.3068e-06 val=1.3233e-06 best=1.3233e-06 t=713s
seed1-v ep=4850 lr=1.0e-08 train=1.3067e-06 val=1.3234e-06 best=1.3233e-06 t=717s
seed1-v ep=4875 lr=1.0e-08 train=1.3067e-06 val=1.3233e-06 best=1.3233e-06 t=721s
seed1-v ep=4900 lr=1.0e-08 train=1.3067e-06 val=1.3233e-06 best=1.3233e-06 t=724s
seed1-v ep=4925 lr=1.0e-08 train=1.3066e-06 val=1.3234e-06 best=1.3233e-06 t=728s
seed1-v ep=4950 lr=1.0e-08 train=1.3066e-06 val=1.3233e-06 best=1.3232e-06 t=732s
seed1-v ep=4975 lr=1.0e-08 train=1.3066e-06 val=1.3232e-06 best=1.3231e-06 t=735s
seed1-v ep=5000 lr=1.0e-08 train=1.3066e-06 val=1.3232e-06 best=1.3231e-06 t=739s
seed1-v ep=5025 lr=1.0e-08 train=1.3065e-06 val=1.3231e-06 best=1.3231e-06 t=743s
seed1-v ep=5030 lr=1.0e-08 train=1.3065e-06 val=1.3230e-06 best=1.3230e-06 t=744s
seed1-v ep=5050 lr=1.0e-08 train=1.3065e-06 val=1.3231e-06 best=1.3230e-06 t=747s
seed1-v ep=5075 lr=1.0e-08 train=1.3065e-06 val=1.3232e-06 best=1.3230e-06 t=750s
seed1-v ep=5100 lr=1.0e-08 train=1.3065e-06 val=1.3231e-06 best=1.3230e-06 t=754s
seed1-v ep=5115 lr=1.0e-08 train=1.3064e-06 val=1.3230e-06 best=1.3230e-06 t=756s
seed1-v ep=5125 lr=1.0e-08 train=1.3064e-06 val=1.3230e-06 best=1.3230e-06 t=758s
seed1-v ep=5150 lr=1.0e-08 train=1.3064e-06 val=1.3229e-06 best=1.3229e-06 t=761s
seed1-v ep=5175 lr=1.0e-08 train=1.3064e-06 val=1.3230e-06 best=1.3229e-06 t=765s
seed1-v ep=5200 lr=1.0e-08 train=1.3064e-06 val=1.3230e-06 best=1.3229e-06 t=769s
seed1-v ep=5215 lr=1.0e-08 train=1.3063e-06 val=1.3229e-06 best=1.3229e-06 t=771s
seed1-v ep=5225 lr=1.0e-08 train=1.3063e-06 val=1.3229e-06 best=1.3228e-06 t=772s
seed1-v ep=5250 lr=1.0e-08 train=1.3063e-06 val=1.3229e-06 best=1.3228e-06 t=776s
seed1-v ep=5275 lr=1.0e-08 train=1.3063e-06 val=1.3229e-06 best=1.3228e-06 t=780s
seed1-v ep=5300 lr=1.0e-08 train=1.3063e-06 val=1.3229e-06 best=1.3228e-06 t=783s
seed1-v ep=5325 lr=1.0e-08 train=1.3062e-06 val=1.3229e-06 best=1.3228e-06 t=787s
seed1-v ep=5350 lr=1.0e-08 train=1.3062e-06 val=1.3229e-06 best=1.3227e-06 t=791s
seed1-v ep=5375 lr=1.0e-08 train=1.3062e-06 val=1.3227e-06 best=1.3227e-06 t=795s
seed1-v ep=5400 lr=1.0e-08 train=1.3061e-06 val=1.3228e-06 best=1.3227e-06 t=798s
seed1-v ep=5425 lr=1.0e-08 train=1.3061e-06 val=1.3227e-06 best=1.3226e-06 t=802s
seed1-v ep=5450 lr=1.0e-08 train=1.3061e-06 val=1.3227e-06 best=1.3226e-06 t=806s
seed1-v ep=5475 lr=1.0e-08 train=1.3060e-06 val=1.3227e-06 best=1.3226e-06 t=809s
seed1-v ep=5500 lr=1.0e-08 train=1.3060e-06 val=1.3226e-06 best=1.3226e-06 t=813s
seed1-v ep=5510 lr=1.0e-08 train=1.3060e-06 val=1.3225e-06 best=1.3225e-06 t=815s
seed1-v ep=5525 lr=1.0e-08 train=1.3060e-06 val=1.3226e-06 best=1.3225e-06 t=817s
seed1-v ep=5550 lr=1.0e-08 train=1.3060e-06 val=1.3226e-06 best=1.3225e-06 t=820s
seed1-v ep=5575 lr=1.0e-08 train=1.3059e-06 val=1.3225e-06 best=1.3225e-06 t=824s
seed1-v ep=5600 lr=1.0e-08 train=1.3059e-06 val=1.3225e-06 best=1.3225e-06 t=828s
seed1-v ep=5605 lr=1.0e-08 train=1.3059e-06 val=1.3224e-06 best=1.3224e-06 t=829s
seed1-v ep=5625 lr=1.0e-08 train=1.3059e-06 val=1.3225e-06 best=1.3224e-06 t=832s
seed1-v ep=5650 lr=1.0e-08 train=1.3059e-06 val=1.3224e-06 best=1.3223e-06 t=835s
seed1-v ep=5675 lr=1.0e-08 train=1.3058e-06 val=1.3225e-06 best=1.3223e-06 t=839s
seed1-v ep=5700 lr=1.0e-08 train=1.3058e-06 val=1.3224e-06 best=1.3223e-06 t=843s
seed1-v ep=5725 lr=1.0e-08 train=1.3058e-06 val=1.3224e-06 best=1.3223e-06 t=846s
seed1-v ep=5745 lr=1.0e-08 train=1.3057e-06 val=1.3223e-06 best=1.3223e-06 t=849s
seed1-v ep=5750 lr=1.0e-08 train=1.3058e-06 val=1.3223e-06 best=1.3222e-06 t=850s
seed1-v ep=5760 lr=1.0e-08 train=1.3057e-06 val=1.3222e-06 best=1.3222e-06 t=852s
seed1-v ep=5775 lr=1.0e-08 train=1.3057e-06 val=1.3223e-06 best=1.3222e-06 t=854s
seed1-v ep=5800 lr=1.0e-08 train=1.3057e-06 val=1.3223e-06 best=1.3222e-06 t=858s
seed1-v ep=5825 lr=1.0e-08 train=1.3057e-06 val=1.3223e-06 best=1.3222e-06 t=861s
seed1-v ep=5850 lr=1.0e-08 train=1.3056e-06 val=1.3223e-06 best=1.3222e-06 t=865s
seed1-v ep=5875 lr=1.0e-08 train=1.3056e-06 val=1.3222e-06 best=1.3222e-06 t=869s
seed1-v ep=5900 lr=1.0e-08 train=1.3056e-06 val=1.3222e-06 best=1.3221e-06 t=872s
seed1-v ep=5910 lr=1.0e-08 train=1.3056e-06 val=1.3221e-06 best=1.3221e-06 t=874s
seed1-v ep=5920 lr=1.0e-08 train=1.3056e-06 val=1.3221e-06 best=1.3221e-06 t=875s
seed1-v ep=5925 lr=1.0e-08 train=1.3055e-06 val=1.3221e-06 best=1.3221e-06 t=876s
seed1-v ep=5950 lr=1.0e-08 train=1.3055e-06 val=1.3223e-06 best=1.3221e-06 t=880s
seed1-v ep=5975 lr=1.0e-08 train=1.3055e-06 val=1.3221e-06 best=1.3221e-06 t=884s
seed1-v ep=6000 lr=1.0e-08 train=1.3055e-06 val=1.3222e-06 best=1.3221e-06 t=887s
seed1-v ep=6025 lr=1.0e-08 train=1.3054e-06 val=1.3222e-06 best=1.3220e-06 t=891s
seed1-v ep=6050 lr=1.0e-08 train=1.3054e-06 val=1.3222e-06 best=1.3220e-06 t=895s
seed1-v ep=6075 lr=1.0e-08 train=1.3054e-06 val=1.3222e-06 best=1.3220e-06 t=899s
seed1-v ep=6080 lr=1.0e-08 train=1.3054e-06 val=1.3220e-06 best=1.3220e-06 t=899s
seed1-v ep=6100 lr=1.0e-08 train=1.3054e-06 val=1.3221e-06 best=1.3219e-06 t=902s
seed1-v ep=6125 lr=1.0e-08 train=1.3053e-06 val=1.3220e-06 best=1.3219e-06 t=906s
seed1-v ep=6140 lr=1.0e-08 train=1.3053e-06 val=1.3219e-06 best=1.3219e-06 t=908s
seed1-v ep=6150 lr=1.0e-08 train=1.3053e-06 val=1.3220e-06 best=1.3218e-06 t=910s
seed1-v ep=6175 lr=1.0e-08 train=1.3053e-06 val=1.3219e-06 best=1.3218e-06 t=913s
seed1-v ep=6200 lr=1.0e-08 train=1.3052e-06 val=1.3220e-06 best=1.3218e-06 t=917s
seed1-v ep=6225 lr=1.0e-08 train=1.3052e-06 val=1.3218e-06 best=1.3218e-06 t=921s
seed1-v ep=6250 lr=1.0e-08 train=1.3052e-06 val=1.3218e-06 best=1.3217e-06 t=925s
seed1-v ep=6275 lr=1.0e-08 train=1.3052e-06 val=1.3218e-06 best=1.3217e-06 t=928s
seed1-v ep=6300 lr=1.0e-08 train=1.3052e-06 val=1.3217e-06 best=1.3217e-06 t=932s
seed1-v ep=6325 lr=1.0e-08 train=1.3051e-06 val=1.3219e-06 best=1.3217e-06 t=936s
seed1-v ep=6350 lr=1.0e-08 train=1.3051e-06 val=1.3218e-06 best=1.3217e-06 t=939s
seed1-v ep=6375 lr=1.0e-08 train=1.3051e-06 val=1.3218e-06 best=1.3217e-06 t=943s
seed1-v ep=6400 lr=1.0e-08 train=1.3050e-06 val=1.3217e-06 best=1.3217e-06 t=947s
seed1-v ep=6415 lr=1.0e-08 train=1.3050e-06 val=1.3216e-06 best=1.3216e-06 t=949s
seed1-v ep=6425 lr=1.0e-08 train=1.3050e-06 val=1.3216e-06 best=1.3216e-06 t=951s
seed1-v ep=6450 lr=1.0e-08 train=1.3050e-06 val=1.3217e-06 best=1.3216e-06 t=954s
seed1-v ep=6475 lr=1.0e-08 train=1.3050e-06 val=1.3217e-06 best=1.3216e-06 t=958s
seed1-v ep=6500 lr=1.0e-08 train=1.3049e-06 val=1.3216e-06 best=1.3216e-06 t=962s
seed1-v ep=6525 lr=1.0e-08 train=1.3049e-06 val=1.3217e-06 best=1.3215e-06 t=965s
seed1-v ep=6550 lr=1.0e-08 train=1.3049e-06 val=1.3216e-06 best=1.3215e-06 t=969s
seed1-v ep=6575 lr=1.0e-08 train=1.3048e-06 val=1.3214e-06 best=1.3214e-06 t=973s
seed1-v ep=6600 lr=1.0e-08 train=1.3048e-06 val=1.3215e-06 best=1.3214e-06 t=977s
seed1-v ep=6625 lr=1.0e-08 train=1.3048e-06 val=1.3214e-06 best=1.3213e-06 t=980s
seed1-v ep=6650 lr=1.0e-08 train=1.3048e-06 val=1.3215e-06 best=1.3213e-06 t=984s
seed1-v ep=6675 lr=1.0e-08 train=1.3047e-06 val=1.3214e-06 best=1.3213e-06 t=988s
seed1-v ep=6700 lr=1.0e-08 train=1.3047e-06 val=1.3214e-06 best=1.3213e-06 t=991s
seed1-v ep=6725 lr=1.0e-08 train=1.3047e-06 val=1.3214e-06 best=1.3213e-06 t=995s
seed1-v ep=6750 lr=1.0e-08 train=1.3047e-06 val=1.3213e-06 best=1.3212e-06 t=999s
seed1-v ep=6775 lr=1.0e-08 train=1.3046e-06 val=1.3213e-06 best=1.3212e-06 t=1002s
seed1-v ep=6800 lr=1.0e-08 train=1.3046e-06 val=1.3213e-06 best=1.3212e-06 t=1006s
seed1-v ep=6825 lr=1.0e-08 train=1.3046e-06 val=1.3212e-06 best=1.3211e-06 t=1010s
seed1-v ep=6840 lr=1.0e-08 train=1.3046e-06 val=1.3211e-06 best=1.3211e-06 t=1012s
seed1-v ep=6850 lr=1.0e-08 train=1.3045e-06 val=1.3212e-06 best=1.3211e-06 t=1014s
seed1-v ep=6875 lr=1.0e-08 train=1.3045e-06 val=1.3212e-06 best=1.3211e-06 t=1017s
seed1-v ep=6900 lr=1.0e-08 train=1.3045e-06 val=1.3212e-06 best=1.3211e-06 t=1021s
seed1-v ep=6925 lr=1.0e-08 train=1.3045e-06 val=1.3212e-06 best=1.3211e-06 t=1025s
seed1-v ep=6950 lr=1.0e-08 train=1.3044e-06 val=1.3212e-06 best=1.3210e-06 t=1028s
seed1-v ep=6975 lr=1.0e-08 train=1.3044e-06 val=1.3212e-06 best=1.3210e-06 t=1032s
seed1-v ep=7000 lr=1.0e-08 train=1.3044e-06 val=1.3210e-06 best=1.3210e-06 t=1036s
seed1-v ep=7025 lr=1.0e-08 train=1.3043e-06 val=1.3210e-06 best=1.3209e-06 t=1039s
seed1-v ep=7050 lr=1.0e-08 train=1.3043e-06 val=1.3211e-06 best=1.3209e-06 t=1043s
seed1-v ep=7075 lr=1.0e-08 train=1.3043e-06 val=1.3210e-06 best=1.3209e-06 t=1047s
seed1-v ep=7100 lr=1.0e-08 train=1.3043e-06 val=1.3210e-06 best=1.3209e-06 t=1050s
seed1-v ep=7125 lr=1.0e-08 train=1.3042e-06 val=1.3209e-06 best=1.3209e-06 t=1054s
seed1-v ep=7150 lr=1.0e-08 train=1.3042e-06 val=1.3209e-06 best=1.3208e-06 t=1058s
seed1-v ep=7155 lr=1.0e-08 train=1.3042e-06 val=1.3208e-06 best=1.3208e-06 t=1059s
seed1-v ep=7175 lr=1.0e-08 train=1.3042e-06 val=1.3208e-06 best=1.3208e-06 t=1062s
seed1-v ep=7200 lr=1.0e-08 train=1.3042e-06 val=1.3209e-06 best=1.3208e-06 t=1065s
seed1-v ep=7225 lr=1.0e-08 train=1.3041e-06 val=1.3210e-06 best=1.3208e-06 t=1069s
seed1-v ep=7250 lr=1.0e-08 train=1.3041e-06 val=1.3208e-06 best=1.3208e-06 t=1073s
seed1-v ep=7275 lr=1.0e-08 train=1.3041e-06 val=1.3209e-06 best=1.3207e-06 t=1076s
seed1-v ep=7300 lr=1.0e-08 train=1.3040e-06 val=1.3208e-06 best=1.3207e-06 t=1080s
seed1-v ep=7325 lr=1.0e-08 train=1.3040e-06 val=1.3207e-06 best=1.3206e-06 t=1084s
seed1-v ep=7350 lr=1.0e-08 train=1.3040e-06 val=1.3207e-06 best=1.3206e-06 t=1087s
seed1-v ep=7375 lr=1.0e-08 train=1.3040e-06 val=1.3207e-06 best=1.3206e-06 t=1091s
seed1-v ep=7400 lr=1.0e-08 train=1.3039e-06 val=1.3207e-06 best=1.3206e-06 t=1095s
seed1-v ep=7420 lr=1.0e-08 train=1.3039e-06 val=1.3205e-06 best=1.3205e-06 t=1098s
seed1-v ep=7425 lr=1.0e-08 train=1.3039e-06 val=1.3206e-06 best=1.3205e-06 t=1099s
seed1-v ep=7450 lr=1.0e-08 train=1.3039e-06 val=1.3206e-06 best=1.3205e-06 t=1102s
seed1-v ep=7475 lr=1.0e-08 train=1.3039e-06 val=1.3206e-06 best=1.3205e-06 t=1106s
seed1-v ep=7500 lr=1.0e-08 train=1.3038e-06 val=1.3205e-06 best=1.3205e-06 t=1110s
seed1-v ep=7525 lr=1.0e-08 train=1.3038e-06 val=1.3206e-06 best=1.3205e-06 t=1113s
seed1-v ep=7550 lr=1.0e-08 train=1.3038e-06 val=1.3206e-06 best=1.3205e-06 t=1117s
seed1-v ep=7575 lr=1.0e-08 train=1.3037e-06 val=1.3205e-06 best=1.3205e-06 t=1121s
seed1-v ep=7580 lr=1.0e-08 train=1.3037e-06 val=1.3204e-06 best=1.3204e-06 t=1121s
seed1-v ep=7600 lr=1.0e-08 train=1.3037e-06 val=1.3204e-06 best=1.3204e-06 t=1124s
seed1-v ep=7625 lr=1.0e-08 train=1.3037e-06 val=1.3204e-06 best=1.3203e-06 t=1128s
seed1-v ep=7650 lr=1.0e-08 train=1.3037e-06 val=1.3203e-06 best=1.3203e-06 t=1132s
seed1-v ep=7675 lr=1.0e-08 train=1.3036e-06 val=1.3202e-06 best=1.3202e-06 t=1135s
seed1-v ep=7700 lr=1.0e-08 train=1.3036e-06 val=1.3204e-06 best=1.3202e-06 t=1139s
seed1-v ep=7725 lr=1.0e-08 train=1.3036e-06 val=1.3203e-06 best=1.3202e-06 t=1143s
seed1-v ep=7750 lr=1.0e-08 train=1.3036e-06 val=1.3203e-06 best=1.3202e-06 t=1147s
seed1-v ep=7775 lr=1.0e-08 train=1.3035e-06 val=1.3202e-06 best=1.3202e-06 t=1150s
seed1-v ep=7800 lr=1.0e-08 train=1.3035e-06 val=1.3202e-06 best=1.3201e-06 t=1154s
seed1-v ep=7825 lr=1.0e-08 train=1.3035e-06 val=1.3203e-06 best=1.3201e-06 t=1158s
seed1-v ep=7850 lr=1.0e-08 train=1.3035e-06 val=1.3202e-06 best=1.3201e-06 t=1161s
seed1-v ep=7875 lr=1.0e-08 train=1.3034e-06 val=1.3201e-06 best=1.3201e-06 t=1165s
seed1-v ep=7895 lr=1.0e-08 train=1.3034e-06 val=1.3201e-06 best=1.3201e-06 t=1168s
seed1-v ep=7900 lr=1.0e-08 train=1.3034e-06 val=1.3201e-06 best=1.3201e-06 t=1169s
seed1-v ep=7925 lr=1.0e-08 train=1.3034e-06 val=1.3201e-06 best=1.3200e-06 t=1173s
seed1-v ep=7950 lr=1.0e-08 train=1.3033e-06 val=1.3202e-06 best=1.3200e-06 t=1176s
seed1-v ep=7975 lr=1.0e-08 train=1.3033e-06 val=1.3201e-06 best=1.3199e-06 t=1180s
seed1-v ep=8000 lr=1.0e-08 train=1.3033e-06 val=1.3200e-06 best=1.3199e-06 t=1184s
seed1-v ep=8025 lr=1.0e-08 train=1.3033e-06 val=1.3200e-06 best=1.3199e-06 t=1187s
seed1-v ep=8050 lr=1.0e-08 train=1.3032e-06 val=1.3200e-06 best=1.3199e-06 t=1191s
seed1-v ep=8075 lr=1.0e-08 train=1.3032e-06 val=1.3201e-06 best=1.3199e-06 t=1195s
seed1-v ep=8100 lr=1.0e-08 train=1.3032e-06 val=1.3199e-06 best=1.3199e-06 t=1199s
seed1-v ep=8125 lr=1.0e-08 train=1.3031e-06 val=1.3200e-06 best=1.3199e-06 t=1202s
seed1-v ep=8150 lr=1.0e-08 train=1.3031e-06 val=1.3199e-06 best=1.3199e-06 t=1206s
seed1-v ep=8175 lr=1.0e-08 train=1.3031e-06 val=1.3199e-06 best=1.3198e-06 t=1210s
seed1-v ep=8200 lr=1.0e-08 train=1.3031e-06 val=1.3198e-06 best=1.3197e-06 t=1213s
seed1-v ep=8205 lr=1.0e-08 train=1.3030e-06 val=1.3197e-06 best=1.3197e-06 t=1214s
seed1-v ep=8225 lr=1.0e-08 train=1.3030e-06 val=1.3199e-06 best=1.3197e-06 t=1217s
seed1-v ep=8250 lr=1.0e-08 train=1.3030e-06 val=1.3198e-06 best=1.3197e-06 t=1221s
seed1-v ep=8275 lr=1.0e-08 train=1.3030e-06 val=1.3197e-06 best=1.3197e-06 t=1225s
seed1-v ep=8300 lr=1.0e-08 train=1.3030e-06 val=1.3197e-06 best=1.3197e-06 t=1228s
seed1-v ep=8310 lr=1.0e-08 train=1.3029e-06 val=1.3197e-06 best=1.3197e-06 t=1230s
seed1-v ep=8325 lr=1.0e-08 train=1.3029e-06 val=1.3197e-06 best=1.3197e-06 t=1232s
seed1-v ep=8350 lr=1.0e-08 train=1.3029e-06 val=1.3197e-06 best=1.3196e-06 t=1236s
seed1-v ep=8370 lr=1.0e-08 train=1.3029e-06 val=1.3196e-06 best=1.3196e-06 t=1239s
seed1-v ep=8375 lr=1.0e-08 train=1.3029e-06 val=1.3196e-06 best=1.3196e-06 t=1239s
seed1-v ep=8400 lr=1.0e-08 train=1.3028e-06 val=1.3197e-06 best=1.3195e-06 t=1243s
seed1-v ep=8425 lr=1.0e-08 train=1.3028e-06 val=1.3196e-06 best=1.3195e-06 t=1247s
seed1-v ep=8450 lr=1.0e-08 train=1.3028e-06 val=1.3196e-06 best=1.3195e-06 t=1251s
seed1-v ep=8475 lr=1.0e-08 train=1.3028e-06 val=1.3195e-06 best=1.3194e-06 t=1254s
seed1-v ep=8500 lr=1.0e-08 train=1.3027e-06 val=1.3195e-06 best=1.3194e-06 t=1258s
seed1-v ep=8525 lr=1.0e-08 train=1.3027e-06 val=1.3195e-06 best=1.3194e-06 t=1262s
seed1-v ep=8550 lr=1.0e-08 train=1.3027e-06 val=1.3195e-06 best=1.3193e-06 t=1265s
seed1-v ep=8575 lr=1.0e-08 train=1.3027e-06 val=1.3193e-06 best=1.3193e-06 t=1269s
seed1-v ep=8600 lr=1.0e-08 train=1.3026e-06 val=1.3194e-06 best=1.3193e-06 t=1273s
seed1-v ep=8625 lr=1.0e-08 train=1.3026e-06 val=1.3194e-06 best=1.3193e-06 t=1277s
seed1-v ep=8650 lr=1.0e-08 train=1.3026e-06 val=1.3193e-06 best=1.3193e-06 t=1280s
seed1-v ep=8675 lr=1.0e-08 train=1.3025e-06 val=1.3194e-06 best=1.3193e-06 t=1284s
seed1-v ep=8700 lr=1.0e-08 train=1.3025e-06 val=1.3192e-06 best=1.3192e-06 t=1288s
seed1-v ep=8725 lr=1.0e-08 train=1.3025e-06 val=1.3195e-06 best=1.3192e-06 t=1291s
seed1-v ep=8750 lr=1.0e-08 train=1.3025e-06 val=1.3193e-06 best=1.3192e-06 t=1295s
seed1-v ep=8775 lr=1.0e-08 train=1.3024e-06 val=1.3193e-06 best=1.3192e-06 t=1299s
seed1-v ep=8800 lr=1.0e-08 train=1.3024e-06 val=1.3192e-06 best=1.3192e-06 t=1303s
seed1-v ep=8805 lr=1.0e-08 train=1.3024e-06 val=1.3191e-06 best=1.3191e-06 t=1303s
seed1-v ep=8825 lr=1.0e-08 train=1.3024e-06 val=1.3193e-06 best=1.3191e-06 t=1306s
seed1-v ep=8840 lr=1.0e-08 train=1.3024e-06 val=1.3191e-06 best=1.3191e-06 t=1309s
seed1-v ep=8850 lr=1.0e-08 train=1.3024e-06 val=1.3192e-06 best=1.3191e-06 t=1310s
seed1-v ep=8875 lr=1.0e-08 train=1.3023e-06 val=1.3192e-06 best=1.3191e-06 t=1314s
seed1-v ep=8900 lr=1.0e-08 train=1.3023e-06 val=1.3192e-06 best=1.3191e-06 t=1317s
seed1-v ep=8925 lr=1.0e-08 train=1.3023e-06 val=1.3192e-06 best=1.3191e-06 t=1321s
seed1-v ep=8950 lr=1.0e-08 train=1.3023e-06 val=1.3192e-06 best=1.3190e-06 t=1325s
seed1-v ep=8975 lr=1.0e-08 train=1.3022e-06 val=1.3190e-06 best=1.3190e-06 t=1329s
seed1-v ep=9000 lr=1.0e-08 train=1.3022e-06 val=1.3191e-06 best=1.3190e-06 t=1332s
seed1-v ep=9025 lr=1.0e-08 train=1.3022e-06 val=1.3190e-06 best=1.3189e-06 t=1336s
seed1-v ep=9050 lr=1.0e-08 train=1.3022e-06 val=1.3190e-06 best=1.3189e-06 t=1340s
seed1-v ep=9075 lr=1.0e-08 train=1.3021e-06 val=1.3190e-06 best=1.3189e-06 t=1343s
seed1-v ep=9085 lr=1.0e-08 train=1.3021e-06 val=1.3189e-06 best=1.3189e-06 t=1345s
seed1-v ep=9100 lr=1.0e-08 train=1.3021e-06 val=1.3189e-06 best=1.3188e-06 t=1347s
seed1-v ep=9125 lr=1.0e-08 train=1.3021e-06 val=1.3189e-06 best=1.3188e-06 t=1351s
seed1-v ep=9150 lr=1.0e-08 train=1.3020e-06 val=1.3190e-06 best=1.3188e-06 t=1355s
seed1-v ep=9175 lr=1.0e-08 train=1.3020e-06 val=1.3189e-06 best=1.3188e-06 t=1358s
seed1-v ep=9200 lr=1.0e-08 train=1.3020e-06 val=1.3187e-06 best=1.3187e-06 t=1362s
seed1-v ep=9225 lr=1.0e-08 train=1.3020e-06 val=1.3187e-06 best=1.3187e-06 t=1366s
seed1-v ep=9250 lr=1.0e-08 train=1.3019e-06 val=1.3188e-06 best=1.3187e-06 t=1369s
seed1-v ep=9275 lr=1.0e-08 train=1.3019e-06 val=1.3187e-06 best=1.3187e-06 t=1373s
seed1-v ep=9300 lr=1.0e-08 train=1.3019e-06 val=1.3187e-06 best=1.3186e-06 t=1377s
seed1-v ep=9325 lr=1.0e-08 train=1.3018e-06 val=1.3188e-06 best=1.3186e-06 t=1381s
seed1-v ep=9350 lr=1.0e-08 train=1.3018e-06 val=1.3186e-06 best=1.3186e-06 t=1384s
seed1-v ep=9375 lr=1.0e-08 train=1.3018e-06 val=1.3186e-06 best=1.3186e-06 t=1388s
seed1-v ep=9400 lr=1.0e-08 train=1.3018e-06 val=1.3187e-06 best=1.3186e-06 t=1392s
seed1-v ep=9405 lr=1.0e-08 train=1.3018e-06 val=1.3186e-06 best=1.3186e-06 t=1392s
seed1-v ep=9425 lr=1.0e-08 train=1.3017e-06 val=1.3185e-06 best=1.3185e-06 t=1395s
seed1-v ep=9440 lr=1.0e-08 train=1.3017e-06 val=1.3185e-06 best=1.3185e-06 t=1398s
seed1-v ep=9450 lr=1.0e-08 train=1.3017e-06 val=1.3186e-06 best=1.3185e-06 t=1399s
seed1-v ep=9475 lr=1.0e-08 train=1.3017e-06 val=1.3185e-06 best=1.3184e-06 t=1403s
seed1-v ep=9500 lr=1.0e-08 train=1.3017e-06 val=1.3186e-06 best=1.3184e-06 t=1407s
seed1-v ep=9525 lr=1.0e-08 train=1.3016e-06 val=1.3184e-06 best=1.3184e-06 t=1410s
seed1-v ep=9540 lr=1.0e-08 train=1.3016e-06 val=1.3183e-06 best=1.3183e-06 t=1413s
seed1-v ep=9550 lr=1.0e-08 train=1.3016e-06 val=1.3184e-06 best=1.3183e-06 t=1414s
seed1-v ep=9575 lr=1.0e-08 train=1.3016e-06 val=1.3185e-06 best=1.3183e-06 t=1418s
seed1-v ep=9600 lr=1.0e-08 train=1.3016e-06 val=1.3184e-06 best=1.3183e-06 t=1421s
seed1-v ep=9625 lr=1.0e-08 train=1.3015e-06 val=1.3183e-06 best=1.3183e-06 t=1425s
seed1-v ep=9650 lr=1.0e-08 train=1.3015e-06 val=1.3183e-06 best=1.3183e-06 t=1429s
seed1-v ep=9675 lr=1.0e-08 train=1.3015e-06 val=1.3183e-06 best=1.3183e-06 t=1433s
seed1-v ep=9700 lr=1.0e-08 train=1.3015e-06 val=1.3183e-06 best=1.3182e-06 t=1436s
seed1-v ep=9725 lr=1.0e-08 train=1.3014e-06 val=1.3182e-06 best=1.3182e-06 t=1440s
seed1-v ep=9750 lr=1.0e-08 train=1.3014e-06 val=1.3183e-06 best=1.3181e-06 t=1444s
seed1-v ep=9775 lr=1.0e-08 train=1.3014e-06 val=1.3182e-06 best=1.3181e-06 t=1447s
seed1-v ep=9800 lr=1.0e-08 train=1.3013e-06 val=1.3182e-06 best=1.3181e-06 t=1451s
seed1-v ep=9825 lr=1.0e-08 train=1.3013e-06 val=1.3182e-06 best=1.3181e-06 t=1455s
seed1-v ep=9850 lr=1.0e-08 train=1.3013e-06 val=1.3181e-06 best=1.3181e-06 t=1459s
seed1-v ep=9875 lr=1.0e-08 train=1.3012e-06 val=1.3181e-06 best=1.3180e-06 t=1462s
seed1-v ep=9900 lr=1.0e-08 train=1.3012e-06 val=1.3181e-06 best=1.3180e-06 t=1466s
seed1-v ep=9925 lr=1.0e-08 train=1.3012e-06 val=1.3181e-06 best=1.3180e-06 t=1470s
seed1-v ep=9950 lr=1.0e-08 train=1.3012e-06 val=1.3180e-06 best=1.3180e-06 t=1473s
seed1-v ep=9975 lr=1.0e-08 train=1.3011e-06 val=1.3181e-06 best=1.3180e-06 t=1477s
TRAINED seed=1 v {'stop_reason': 'max_epochs', 'truncated': False, 'epochs': 10000, 'best_val': 1.3179286497688736e-06, 'final_lr': 1e-08, 'seconds': 1480.7502418202348}
NM-LSPG seed=1 {'error': {'u': 0.014460925369739542, 'v': 0.012120616703960764, 'max': 0.014460925369739542}, 'seconds_warm': 2.1365524041466415, 'gn_iterations_mean': 3.328000068664551, 'gn_iterations_max': 5, 'gn_cap_hits': 0, 'last_step_norm_max': 1.6705565541398333e-07, 'finite': True, 'ic_error': 0.003147441749426542} projection {'u': 0.008466497569758074, 'v': 0.0077483840645174345, 'max': 0.008466497569758074}
NM-LSPG-HR seed=1 {'subnet_parity': 0.0, 'residual_basis': 55, 'samples': 58, 'nodes_evaluated': 92, 'active_hidden': [2880, 2880], 'error': {'u': 3.1889146515507574, 'v': 2.8807112538484763, 'max': 3.1889146515507574}, 'finite': True, 'sampled_basis_singular_values': [0.947939753014091, 0.079147957494426], 'seconds_warm': 0.8641166440211236, 'gn_iterations_mean': 3.5246665477752686}
NM-LSPG-HR seed=1 {'subnet_parity': 1.1788941460236952e-13, 'residual_basis': 51, 'samples': 54, 'nodes_evaluated': 88, 'active_hidden': [2820, 2820], 'error': {'u': 52.59325295305974, 'v': 23.266472603482047, 'max': 52.59325295305974}, 'finite': True, 'sampled_basis_singular_values': [0.9341191551332148, 0.07471777714842397], 'seconds_warm': 1.1220400109887123, 'gn_iterations_mean': 4.664000034332275}
NM-LSPG-HR seed=1 {'subnet_parity': 0.0, 'residual_basis': 44, 'samples': 47, 'nodes_evaluated': 81, 'active_hidden': [2540, 2540], 'error': {'u': 47.34601802052592, 'v': 52.323088462689284, 'max': 52.323088462689284}, 'finite': True, 'sampled_basis_singular_values': [0.9156677501220738, 0.07252684765644668], 'seconds_warm': 1.3116403096355498, 'gn_iterations_mean': 5.502666473388672}
NM-LSPG-HR seed=1 {'subnet_parity': 0.0, 'residual_basis': 40, 'samples': 40, 'nodes_evaluated': 73, 'active_hidden': [2420, 2420], 'error': {'u': 12.140566357242047, 'v': 9.67455809049348, 'max': 12.140566357242047}, 'finite': True, 'sampled_basis_singular_values': [0.9101321643452027, 0.06038777849496352], 'seconds_warm': 1.1415342073887587, 'gn_iterations_mean': 4.751999855041504}
NM-LSPG-HR seed=1 {'subnet_parity': 1.7175554311254106e-13, 'residual_basis': 60, 'samples': 60, 'nodes_evaluated': 91, 'active_hidden': [2680, 2680], 'error': {'u': 1.6354694909626077, 'v': 2.6018267520343827, 'max': 2.6018267520343827}, 'finite': True, 'sampled_basis_singular_values': [0.9611348783862412, 0.04532307792766294], 'seconds_warm': 1.0454105660319328, 'gn_iterations_mean': 4.314666748046875}
seed2-u ep=0 lr=1.0e-03 train=3.3032e-02 val=4.8331e-03 best=4.8331e-03 t=0s
seed2-u ep=5 lr=1.0e-03 train=5.7140e-04 val=5.3439e-04 best=5.3439e-04 t=1s
seed2-u ep=10 lr=1.0e-03 train=2.9479e-04 val=2.7786e-04 best=2.7786e-04 t=1s
seed2-u ep=15 lr=1.0e-03 train=2.0982e-04 val=1.7023e-04 best=1.7023e-04 t=2s
seed2-u ep=25 lr=1.0e-03 train=1.2477e-04 val=2.4443e-04 best=8.2713e-05 t=4s
seed2-u ep=30 lr=1.0e-03 train=7.0608e-05 val=5.3182e-05 best=5.3182e-05 t=4s
seed2-u ep=50 lr=1.0e-03 train=3.3102e-05 val=2.8898e-05 best=2.8898e-05 t=7s
seed2-u ep=60 lr=1.0e-03 train=2.1253e-05 val=1.9910e-05 best=1.9910e-05 t=9s
seed2-u ep=75 lr=1.0e-04 train=1.3148e-05 val=1.3053e-05 best=1.3053e-05 t=11s
seed2-u ep=85 lr=1.0e-04 train=1.2758e-05 val=1.2693e-05 best=1.2693e-05 t=13s
seed2-u ep=90 lr=1.0e-04 train=1.2551e-05 val=1.2416e-05 best=1.2416e-05 t=13s
seed2-u ep=95 lr=1.0e-04 train=1.2376e-05 val=1.2300e-05 best=1.2300e-05 t=14s
seed2-u ep=100 lr=1.0e-04 train=1.2143e-05 val=1.2016e-05 best=1.2016e-05 t=15s
seed2-u ep=105 lr=1.0e-04 train=1.1983e-05 val=1.1889e-05 best=1.1889e-05 t=16s
seed2-u ep=110 lr=1.0e-04 train=1.1766e-05 val=1.1640e-05 best=1.1640e-05 t=16s
seed2-u ep=120 lr=1.0e-04 train=1.1383e-05 val=1.1305e-05 best=1.1305e-05 t=18s
seed2-u ep=125 lr=1.0e-04 train=1.1169e-05 val=1.1211e-05 best=1.1128e-05 t=18s
seed2-u ep=145 lr=1.0e-04 train=1.0263e-05 val=1.0177e-05 best=1.0177e-05 t=21s
seed2-u ep=150 lr=1.0e-04 train=1.0052e-05 val=1.0149e-05 best=1.0101e-05 t=22s
seed2-u ep=160 lr=1.0e-04 train=9.5969e-06 val=9.5928e-06 best=9.5928e-06 t=24s
seed2-u ep=165 lr=1.0e-04 train=9.4044e-06 val=9.3568e-06 best=9.3568e-06 t=24s
seed2-u ep=170 lr=1.0e-04 train=9.2415e-06 val=9.0486e-06 best=9.0486e-06 t=25s
seed2-u ep=175 lr=1.0e-04 train=9.0165e-06 val=8.9392e-06 best=8.9392e-06 t=26s
seed2-u ep=190 lr=1.0e-04 train=8.3494e-06 val=8.3279e-06 best=8.3279e-06 t=28s
seed2-u ep=200 lr=1.0e-04 train=7.9483e-06 val=8.0241e-06 best=7.9243e-06 t=30s
seed2-u ep=205 lr=1.0e-04 train=7.7657e-06 val=7.7050e-06 best=7.7050e-06 t=30s
seed2-u ep=210 lr=1.0e-04 train=7.4722e-06 val=7.3958e-06 best=7.3958e-06 t=31s
seed2-u ep=225 lr=1.0e-04 train=6.9272e-06 val=6.8898e-06 best=6.8898e-06 t=33s
seed2-u ep=235 lr=1.0e-04 train=7.0394e-06 val=6.6240e-06 best=6.6240e-06 t=35s
seed2-u ep=250 lr=1.0e-04 train=6.3722e-06 val=6.0756e-06 best=6.0756e-06 t=37s
seed2-u ep=275 lr=1.0e-04 train=5.5098e-06 val=5.7100e-06 best=5.5468e-06 t=41s
seed2-u ep=290 lr=1.0e-05 train=4.6815e-06 val=4.6891e-06 best=4.6891e-06 t=43s
seed2-u ep=295 lr=1.0e-05 train=4.6685e-06 val=4.6738e-06 best=4.6738e-06 t=44s
seed2-u ep=300 lr=1.0e-05 train=4.6577e-06 val=4.6486e-06 best=4.6486e-06 t=44s
seed2-u ep=305 lr=1.0e-05 train=4.6404e-06 val=4.6448e-06 best=4.6448e-06 t=45s
seed2-u ep=310 lr=1.0e-05 train=4.6247e-06 val=4.6351e-06 best=4.6351e-06 t=46s
seed2-u ep=320 lr=1.0e-05 train=4.6018e-06 val=4.6010e-06 best=4.6010e-06 t=47s
seed2-u ep=325 lr=1.0e-05 train=4.5927e-06 val=4.5913e-06 best=4.5913e-06 t=48s
seed2-u ep=335 lr=1.0e-05 train=4.5590e-06 val=4.5552e-06 best=4.5552e-06 t=50s
seed2-u ep=340 lr=1.0e-05 train=4.5469e-06 val=4.5383e-06 best=4.5383e-06 t=50s
seed2-u ep=350 lr=1.0e-05 train=4.5115e-06 val=4.5284e-06 best=4.5222e-06 t=52s
seed2-u ep=355 lr=1.0e-05 train=4.5001e-06 val=4.4899e-06 best=4.4899e-06 t=53s
seed2-u ep=365 lr=1.0e-05 train=4.4666e-06 val=4.4580e-06 best=4.4580e-06 t=54s
seed2-u ep=375 lr=1.0e-05 train=4.4380e-06 val=4.4710e-06 best=4.4323e-06 t=55s
seed2-u ep=385 lr=1.0e-05 train=4.3889e-06 val=4.3945e-06 best=4.3945e-06 t=57s
seed2-u ep=395 lr=1.0e-05 train=4.3462e-06 val=4.3440e-06 best=4.3440e-06 t=58s
seed2-u ep=400 lr=1.0e-05 train=4.3310e-06 val=4.3382e-06 best=4.3356e-06 t=59s
seed2-u ep=410 lr=1.0e-05 train=4.3037e-06 val=4.3010e-06 best=4.3010e-06 t=61s
seed2-u ep=425 lr=1.0e-05 train=4.2135e-06 val=4.2388e-06 best=4.2325e-06 t=63s
seed2-u ep=435 lr=1.0e-05 train=4.1845e-06 val=4.1911e-06 best=4.1911e-06 t=64s
seed2-u ep=450 lr=1.0e-05 train=4.1452e-06 val=4.1821e-06 best=4.1119e-06 t=67s
seed2-u ep=460 lr=1.0e-05 train=4.0843e-06 val=4.0928e-06 best=4.0928e-06 t=68s
seed2-u ep=465 lr=1.0e-05 train=4.0574e-06 val=4.0499e-06 best=4.0499e-06 t=69s
seed2-u ep=475 lr=1.0e-05 train=4.0322e-06 val=4.0333e-06 best=4.0333e-06 t=70s
seed2-u ep=485 lr=1.0e-05 train=3.9688e-06 val=3.9722e-06 best=3.9722e-06 t=72s
seed2-u ep=490 lr=1.0e-05 train=3.9446e-06 val=3.9525e-06 best=3.9525e-06 t=73s
seed2-u ep=500 lr=1.0e-05 train=3.9076e-06 val=3.9201e-06 best=3.9201e-06 t=74s
seed2-u ep=505 lr=1.0e-05 train=3.8932e-06 val=3.8978e-06 best=3.8978e-06 t=75s
seed2-u ep=520 lr=1.0e-05 train=3.8449e-06 val=3.8437e-06 best=3.8437e-06 t=77s
seed2-u ep=525 lr=1.0e-05 train=3.8146e-06 val=3.8414e-06 best=3.8337e-06 t=78s
seed2-u ep=535 lr=1.0e-05 train=3.7834e-06 val=3.7820e-06 best=3.7820e-06 t=79s
seed2-u ep=540 lr=1.0e-05 train=3.7620e-06 val=3.7502e-06 best=3.7502e-06 t=80s
seed2-u ep=550 lr=1.0e-05 train=3.7129e-06 val=3.7690e-06 best=3.7228e-06 t=81s
seed2-u ep=560 lr=1.0e-05 train=3.6804e-06 val=3.6790e-06 best=3.6790e-06 t=83s
seed2-u ep=575 lr=1.0e-05 train=3.6231e-06 val=3.6434e-06 best=3.6351e-06 t=85s
seed2-u ep=600 lr=1.0e-05 train=3.5627e-06 val=3.5626e-06 best=3.5458e-06 t=89s
seed2-u ep=625 lr=1.0e-05 train=3.4669e-06 val=3.4927e-06 best=3.4459e-06 t=93s
seed2-u ep=630 lr=1.0e-05 train=3.4442e-06 val=3.4381e-06 best=3.4381e-06 t=93s
seed2-u ep=635 lr=1.0e-05 train=3.4262e-06 val=3.4348e-06 best=3.4348e-06 t=94s
seed2-u ep=650 lr=1.0e-05 train=3.3714e-06 val=3.3663e-06 best=3.3663e-06 t=96s
seed2-u ep=655 lr=1.0e-05 train=3.3551e-06 val=3.3641e-06 best=3.3641e-06 t=97s
seed2-u ep=675 lr=1.0e-05 train=3.2942e-06 val=3.3034e-06 best=3.3034e-06 t=100s
seed2-u ep=700 lr=1.0e-05 train=3.2284e-06 val=3.2489e-06 best=3.2216e-06 t=104s
seed2-u ep=720 lr=1.0e-05 train=3.1647e-06 val=3.1676e-06 best=3.1676e-06 t=107s
seed2-u ep=725 lr=1.0e-05 train=3.1451e-06 val=3.1493e-06 best=3.1439e-06 t=107s
seed2-u ep=745 lr=1.0e-05 train=3.0934e-06 val=3.0969e-06 best=3.0969e-06 t=110s
seed2-u ep=750 lr=1.0e-05 train=3.0869e-06 val=3.1282e-06 best=3.0796e-06 t=111s
seed2-u ep=760 lr=1.0e-05 train=3.0515e-06 val=3.0556e-06 best=3.0556e-06 t=113s
seed2-u ep=775 lr=1.0e-05 train=3.0253e-06 val=3.0504e-06 best=3.0299e-06 t=115s
seed2-u ep=780 lr=1.0e-05 train=3.0048e-06 val=3.0031e-06 best=3.0031e-06 t=116s
seed2-u ep=790 lr=1.0e-05 train=2.9894e-06 val=2.9745e-06 best=2.9745e-06 t=117s
seed2-u ep=800 lr=1.0e-05 train=2.9670e-06 val=2.9475e-06 best=2.9475e-06 t=119s
seed2-u ep=820 lr=1.0e-05 train=2.9137e-06 val=2.9115e-06 best=2.9115e-06 t=122s
seed2-u ep=825 lr=1.0e-05 train=2.9013e-06 val=2.9115e-06 best=2.8955e-06 t=122s
seed2-u ep=830 lr=1.0e-05 train=2.8835e-06 val=2.8594e-06 best=2.8594e-06 t=123s
seed2-u ep=835 lr=1.0e-05 train=2.8607e-06 val=2.8546e-06 best=2.8546e-06 t=124s
seed2-u ep=845 lr=1.0e-05 train=2.8502e-06 val=2.8376e-06 best=2.8376e-06 t=125s
seed2-u ep=850 lr=1.0e-05 train=2.8380e-06 val=2.8361e-06 best=2.8345e-06 t=126s
seed2-u ep=860 lr=1.0e-05 train=2.8179e-06 val=2.8095e-06 best=2.8095e-06 t=128s
seed2-u ep=865 lr=1.0e-05 train=2.7950e-06 val=2.7849e-06 best=2.7849e-06 t=128s
seed2-u ep=875 lr=1.0e-05 train=2.7834e-06 val=2.7872e-06 best=2.7849e-06 t=130s
seed2-u ep=900 lr=1.0e-05 train=2.7160e-06 val=2.7209e-06 best=2.7145e-06 t=133s
seed2-u ep=910 lr=1.0e-05 train=2.7012e-06 val=2.6884e-06 best=2.6884e-06 t=135s
seed2-u ep=920 lr=1.0e-05 train=2.6748e-06 val=2.6773e-06 best=2.6773e-06 t=136s
seed2-u ep=925 lr=1.0e-05 train=2.6637e-06 val=2.6618e-06 best=2.6570e-06 t=137s
seed2-u ep=935 lr=1.0e-05 train=2.6581e-06 val=2.6321e-06 best=2.6321e-06 t=139s
seed2-u ep=945 lr=1.0e-05 train=2.6327e-06 val=2.6234e-06 best=2.6234e-06 t=140s
seed2-u ep=950 lr=1.0e-05 train=2.6250e-06 val=2.6151e-06 best=2.6151e-06 t=141s
seed2-u ep=970 lr=1.0e-05 train=2.5807e-06 val=2.5681e-06 best=2.5681e-06 t=144s
seed2-u ep=975 lr=1.0e-05 train=2.5556e-06 val=2.5818e-06 best=2.5681e-06 t=145s
seed2-u ep=980 lr=1.0e-05 train=2.5496e-06 val=2.5496e-06 best=2.5496e-06 t=145s
seed2-u ep=1000 lr=1.0e-05 train=2.5324e-06 val=2.5088e-06 best=2.5088e-06 t=148s
seed2-u ep=1020 lr=1.0e-05 train=2.4750e-06 val=2.4654e-06 best=2.4654e-06 t=151s
seed2-u ep=1025 lr=1.0e-05 train=2.4714e-06 val=2.5224e-06 best=2.4602e-06 t=152s
seed2-u ep=1030 lr=1.0e-05 train=2.4617e-06 val=2.4501e-06 best=2.4501e-06 t=153s
seed2-u ep=1045 lr=1.0e-05 train=2.4269e-06 val=2.4200e-06 best=2.4200e-06 t=155s
seed2-u ep=1050 lr=1.0e-05 train=2.4308e-06 val=2.4409e-06 best=2.4200e-06 t=156s
seed2-u ep=1075 lr=1.0e-05 train=2.3701e-06 val=2.3715e-06 best=2.3688e-06 t=159s
seed2-u ep=1090 lr=1.0e-05 train=2.3449e-06 val=2.3369e-06 best=2.3369e-06 t=162s
seed2-u ep=1100 lr=1.0e-05 train=2.3387e-06 val=2.3289e-06 best=2.3289e-06 t=163s
seed2-u ep=1110 lr=1.0e-05 train=2.3174e-06 val=2.3133e-06 best=2.3133e-06 t=165s
seed2-u ep=1115 lr=1.0e-05 train=2.3113e-06 val=2.3118e-06 best=2.3118e-06 t=165s
seed2-u ep=1125 lr=1.0e-05 train=2.2974e-06 val=2.3173e-06 best=2.2855e-06 t=167s
seed2-u ep=1150 lr=1.0e-05 train=2.2563e-06 val=2.2535e-06 best=2.2447e-06 t=171s
seed2-u ep=1165 lr=1.0e-05 train=2.2241e-06 val=2.2178e-06 best=2.2178e-06 t=173s
seed2-u ep=1175 lr=1.0e-05 train=2.2083e-06 val=2.2052e-06 best=2.2052e-06 t=174s
seed2-u ep=1195 lr=1.0e-05 train=2.1810e-06 val=2.1809e-06 best=2.1809e-06 t=177s
seed2-u ep=1200 lr=1.0e-05 train=2.1771e-06 val=2.1662e-06 best=2.1662e-06 t=178s
seed2-u ep=1215 lr=1.0e-05 train=2.1520e-06 val=2.1457e-06 best=2.1457e-06 t=180s
seed2-u ep=1225 lr=1.0e-05 train=2.1290e-06 val=2.1335e-06 best=2.1335e-06 t=182s
seed2-u ep=1240 lr=1.0e-05 train=2.1235e-06 val=2.1145e-06 best=2.1145e-06 t=184s
seed2-u ep=1250 lr=1.0e-05 train=2.1076e-06 val=2.1212e-06 best=2.1043e-06 t=185s
seed2-u ep=1255 lr=1.0e-05 train=2.0899e-06 val=2.0916e-06 best=2.0916e-06 t=186s
seed2-u ep=1270 lr=1.0e-05 train=2.0667e-06 val=2.0583e-06 best=2.0583e-06 t=188s
seed2-u ep=1275 lr=1.0e-05 train=2.0645e-06 val=2.0682e-06 best=2.0574e-06 t=189s
seed2-u ep=1285 lr=1.0e-05 train=2.0543e-06 val=2.0469e-06 best=2.0469e-06 t=191s
seed2-u ep=1300 lr=1.0e-05 train=2.0211e-06 val=2.0269e-06 best=2.0239e-06 t=193s
seed2-u ep=1310 lr=1.0e-05 train=2.0141e-06 val=2.0056e-06 best=2.0056e-06 t=194s
seed2-u ep=1325 lr=1.0e-05 train=2.0068e-06 val=1.9891e-06 best=1.9877e-06 t=197s
seed2-u ep=1335 lr=1.0e-05 train=1.9903e-06 val=1.9721e-06 best=1.9721e-06 t=198s
seed2-u ep=1350 lr=1.0e-05 train=1.9574e-06 val=1.9744e-06 best=1.9513e-06 t=200s
seed2-u ep=1375 lr=1.0e-05 train=1.9404e-06 val=1.9236e-06 best=1.9233e-06 t=204s
seed2-u ep=1395 lr=1.0e-05 train=1.8952e-06 val=1.8847e-06 best=1.8847e-06 t=207s
seed2-u ep=1400 lr=1.0e-05 train=1.9003e-06 val=1.9080e-06 best=1.8847e-06 t=208s
seed2-u ep=1425 lr=1.0e-05 train=1.8585e-06 val=1.8736e-06 best=1.8651e-06 t=211s
seed2-u ep=1435 lr=1.0e-05 train=1.8485e-06 val=1.8456e-06 best=1.8456e-06 t=213s
seed2-u ep=1450 lr=1.0e-05 train=1.8361e-06 val=1.8380e-06 best=1.8346e-06 t=215s
seed2-u ep=1475 lr=1.0e-05 train=1.8028e-06 val=1.8060e-06 best=1.8060e-06 t=219s
seed2-u ep=1490 lr=1.0e-05 train=1.7873e-06 val=1.7832e-06 best=1.7832e-06 t=221s
seed2-u ep=1500 lr=1.0e-05 train=1.7820e-06 val=1.7853e-06 best=1.7785e-06 t=222s
seed2-u ep=1505 lr=1.0e-05 train=1.7646e-06 val=1.7638e-06 best=1.7638e-06 t=223s
seed2-u ep=1525 lr=1.0e-05 train=1.7469e-06 val=1.7559e-06 best=1.7411e-06 t=226s
seed2-u ep=1535 lr=1.0e-05 train=1.7382e-06 val=1.7360e-06 best=1.7360e-06 t=228s
seed2-u ep=1550 lr=1.0e-05 train=1.7242e-06 val=1.7089e-06 best=1.7089e-06 t=230s
seed2-u ep=1575 lr=1.0e-05 train=1.6926e-06 val=1.7014e-06 best=1.6882e-06 t=234s
seed2-u ep=1580 lr=1.0e-05 train=1.6875e-06 val=1.6869e-06 best=1.6869e-06 t=234s
seed2-u ep=1600 lr=1.0e-05 train=1.6747e-06 val=1.6666e-06 best=1.6665e-06 t=237s
seed2-u ep=1625 lr=1.0e-05 train=1.6691e-06 val=1.6487e-06 best=1.6332e-06 t=241s
seed2-u ep=1630 lr=1.0e-05 train=1.6410e-06 val=1.6329e-06 best=1.6329e-06 t=242s
seed2-u ep=1635 lr=1.0e-05 train=1.6271e-06 val=1.6176e-06 best=1.6176e-06 t=242s
seed2-u ep=1650 lr=1.0e-05 train=1.6205e-06 val=1.6056e-06 best=1.6056e-06 t=245s
seed2-u ep=1675 lr=1.0e-06 train=1.5495e-06 val=1.5540e-06 best=1.5519e-06 t=248s
seed2-u ep=1700 lr=1.0e-06 train=1.5468e-06 val=1.5509e-06 best=1.5502e-06 t=252s
seed2-u ep=1710 lr=1.0e-06 train=1.5465e-06 val=1.5479e-06 best=1.5479e-06 t=253s
seed2-u ep=1725 lr=1.0e-06 train=1.5451e-06 val=1.5488e-06 best=1.5465e-06 t=256s
seed2-u ep=1735 lr=1.0e-06 train=1.5425e-06 val=1.5455e-06 best=1.5455e-06 t=257s
seed2-u ep=1740 lr=1.0e-06 train=1.5432e-06 val=1.5455e-06 best=1.5455e-06 t=258s
seed2-u ep=1750 lr=1.0e-06 train=1.5413e-06 val=1.5449e-06 best=1.5449e-06 t=259s
seed2-u ep=1760 lr=1.0e-06 train=1.5408e-06 val=1.5427e-06 best=1.5427e-06 t=261s
seed2-u ep=1775 lr=1.0e-06 train=1.5391e-06 val=1.5417e-06 best=1.5392e-06 t=263s
seed2-u ep=1795 lr=1.0e-06 train=1.5361e-06 val=1.5381e-06 best=1.5381e-06 t=266s
seed2-u ep=1800 lr=1.0e-06 train=1.5357e-06 val=1.5390e-06 best=1.5374e-06 t=267s
seed2-u ep=1805 lr=1.0e-06 train=1.5358e-06 val=1.5372e-06 best=1.5372e-06 t=268s
seed2-u ep=1825 lr=1.0e-06 train=1.5329e-06 val=1.5338e-06 best=1.5338e-06 t=270s
seed2-u ep=1850 lr=1.0e-06 train=1.5283e-06 val=1.5307e-06 best=1.5307e-06 t=274s
seed2-u ep=1870 lr=1.0e-06 train=1.5265e-06 val=1.5286e-06 best=1.5286e-06 t=277s
seed2-u ep=1875 lr=1.0e-06 train=1.5254e-06 val=1.5298e-06 best=1.5279e-06 t=278s
seed2-u ep=1890 lr=1.0e-06 train=1.5226e-06 val=1.5261e-06 best=1.5261e-06 t=280s
seed2-u ep=1900 lr=1.0e-06 train=1.5221e-06 val=1.5245e-06 best=1.5234e-06 t=282s
seed2-u ep=1920 lr=1.0e-06 train=1.5189e-06 val=1.5187e-06 best=1.5187e-06 t=285s
seed2-u ep=1925 lr=1.0e-06 train=1.5176e-06 val=1.5209e-06 best=1.5187e-06 t=285s
seed2-u ep=1950 lr=1.0e-06 train=1.5144e-06 val=1.5185e-06 best=1.5164e-06 t=289s
seed2-u ep=1960 lr=1.0e-06 train=1.5136e-06 val=1.5151e-06 best=1.5151e-06 t=290s
seed2-u ep=1975 lr=1.0e-06 train=1.5103e-06 val=1.5140e-06 best=1.5134e-06 t=293s
seed2-u ep=1985 lr=1.0e-06 train=1.5101e-06 val=1.5124e-06 best=1.5124e-06 t=294s
seed2-u ep=2000 lr=1.0e-06 train=1.5077e-06 val=1.5112e-06 best=1.5112e-06 t=296s
seed2-u ep=2005 lr=1.0e-06 train=1.5074e-06 val=1.5096e-06 best=1.5096e-06 t=297s
seed2-u ep=2025 lr=1.0e-06 train=1.5042e-06 val=1.5077e-06 best=1.5076e-06 t=300s
seed2-u ep=2030 lr=1.0e-06 train=1.5039e-06 val=1.5054e-06 best=1.5054e-06 t=301s
seed2-u ep=2050 lr=1.0e-06 train=1.5008e-06 val=1.5004e-06 best=1.5004e-06 t=304s
seed2-u ep=2060 lr=1.0e-06 train=1.4985e-06 val=1.5002e-06 best=1.5002e-06 t=305s
seed2-u ep=2075 lr=1.0e-06 train=1.4979e-06 val=1.5013e-06 best=1.4997e-06 t=307s
seed2-u ep=2090 lr=1.0e-06 train=1.4958e-06 val=1.4966e-06 best=1.4966e-06 t=310s
seed2-u ep=2100 lr=1.0e-06 train=1.4944e-06 val=1.4968e-06 best=1.4966e-06 t=311s
seed2-u ep=2125 lr=1.0e-06 train=1.4903e-06 val=1.4936e-06 best=1.4926e-06 t=315s
seed2-u ep=2150 lr=1.0e-06 train=1.4868e-06 val=1.4909e-06 best=1.4892e-06 t=319s
seed2-u ep=2165 lr=1.0e-06 train=1.4852e-06 val=1.4863e-06 best=1.4863e-06 t=321s
seed2-u ep=2175 lr=1.0e-06 train=1.4831e-06 val=1.4864e-06 best=1.4858e-06 t=322s
seed2-u ep=2190 lr=1.0e-06 train=1.4813e-06 val=1.4837e-06 best=1.4837e-06 t=324s
seed2-u ep=2200 lr=1.0e-06 train=1.4805e-06 val=1.4855e-06 best=1.4821e-06 t=326s
seed2-u ep=2225 lr=1.0e-06 train=1.4762e-06 val=1.4814e-06 best=1.4783e-06 t=330s
seed2-u ep=2235 lr=1.0e-06 train=1.4749e-06 val=1.4773e-06 best=1.4773e-06 t=331s
seed2-u ep=2250 lr=1.0e-06 train=1.4733e-06 val=1.4774e-06 best=1.4751e-06 t=333s
seed2-u ep=2270 lr=1.0e-06 train=1.4704e-06 val=1.4710e-06 best=1.4710e-06 t=336s
seed2-u ep=2275 lr=1.0e-06 train=1.4697e-06 val=1.4754e-06 best=1.4710e-06 t=337s
seed2-u ep=2280 lr=1.0e-06 train=1.4694e-06 val=1.4705e-06 best=1.4705e-06 t=338s
seed2-u ep=2290 lr=1.0e-06 train=1.4685e-06 val=1.4704e-06 best=1.4704e-06 t=339s
seed2-u ep=2300 lr=1.0e-06 train=1.4666e-06 val=1.4673e-06 best=1.4673e-06 t=341s
seed2-u ep=2325 lr=1.0e-06 train=1.4642e-06 val=1.4674e-06 best=1.4649e-06 t=344s
seed2-u ep=2335 lr=1.0e-06 train=1.4618e-06 val=1.4631e-06 best=1.4631e-06 t=346s
seed2-u ep=2350 lr=1.0e-06 train=1.4609e-06 val=1.4666e-06 best=1.4620e-06 t=348s
seed2-u ep=2360 lr=1.0e-06 train=1.4585e-06 val=1.4607e-06 best=1.4607e-06 t=350s
seed2-u ep=2375 lr=1.0e-06 train=1.4558e-06 val=1.4569e-06 best=1.4569e-06 t=352s
seed2-u ep=2385 lr=1.0e-06 train=1.4555e-06 val=1.4569e-06 best=1.4569e-06 t=353s
seed2-u ep=2390 lr=1.0e-06 train=1.4536e-06 val=1.4559e-06 best=1.4559e-06 t=354s
seed2-u ep=2400 lr=1.0e-06 train=1.4537e-06 val=1.4558e-06 best=1.4553e-06 t=356s
seed2-u ep=2405 lr=1.0e-06 train=1.4524e-06 val=1.4537e-06 best=1.4537e-06 t=356s
seed2-u ep=2420 lr=1.0e-06 train=1.4514e-06 val=1.4515e-06 best=1.4515e-06 t=358s
seed2-u ep=2425 lr=1.0e-06 train=1.4499e-06 val=1.4519e-06 best=1.4515e-06 t=359s
seed2-u ep=2430 lr=1.0e-06 train=1.4487e-06 val=1.4514e-06 best=1.4514e-06 t=360s
seed2-u ep=2435 lr=1.0e-06 train=1.4492e-06 val=1.4506e-06 best=1.4506e-06 t=361s
seed2-u ep=2450 lr=1.0e-06 train=1.4458e-06 val=1.4511e-06 best=1.4487e-06 t=363s
seed2-u ep=2475 lr=1.0e-06 train=1.4433e-06 val=1.4467e-06 best=1.4446e-06 t=367s
seed2-u ep=2485 lr=1.0e-06 train=1.4417e-06 val=1.4445e-06 best=1.4445e-06 t=368s
seed2-u ep=2500 lr=1.0e-06 train=1.4400e-06 val=1.4432e-06 best=1.4428e-06 t=370s
seed2-u ep=2505 lr=1.0e-06 train=1.4399e-06 val=1.4408e-06 best=1.4408e-06 t=371s
seed2-u ep=2525 lr=1.0e-06 train=1.4371e-06 val=1.4380e-06 best=1.4372e-06 t=374s
seed2-u ep=2550 lr=1.0e-06 train=1.4343e-06 val=1.4374e-06 best=1.4360e-06 t=378s
seed2-u ep=2560 lr=1.0e-06 train=1.4329e-06 val=1.4346e-06 best=1.4346e-06 t=379s
seed2-u ep=2575 lr=1.0e-07 train=1.4262e-06 val=1.4304e-06 best=1.4304e-06 t=382s
seed2-u ep=2600 lr=1.0e-08 train=1.4238e-06 val=1.4292e-06 best=1.4290e-06 t=385s
seed2-u ep=2625 lr=1.0e-08 train=1.4238e-06 val=1.4292e-06 best=1.4290e-06 t=389s
seed2-u ep=2650 lr=1.0e-08 train=1.4238e-06 val=1.4292e-06 best=1.4290e-06 t=393s
seed2-u ep=2675 lr=1.0e-08 train=1.4238e-06 val=1.4291e-06 best=1.4290e-06 t=396s
seed2-u ep=2700 lr=1.0e-08 train=1.4238e-06 val=1.4292e-06 best=1.4290e-06 t=400s
seed2-u ep=2725 lr=1.0e-08 train=1.4237e-06 val=1.4291e-06 best=1.4290e-06 t=404s
seed2-u ep=2750 lr=1.0e-08 train=1.4237e-06 val=1.4291e-06 best=1.4290e-06 t=408s
seed2-u ep=2775 lr=1.0e-08 train=1.4236e-06 val=1.4290e-06 best=1.4290e-06 t=411s
seed2-u ep=2795 lr=1.0e-08 train=1.4236e-06 val=1.4290e-06 best=1.4290e-06 t=414s
seed2-u ep=2800 lr=1.0e-08 train=1.4237e-06 val=1.4290e-06 best=1.4290e-06 t=415s
seed2-u ep=2825 lr=1.0e-08 train=1.4236e-06 val=1.4290e-06 best=1.4290e-06 t=419s
seed2-u ep=2845 lr=1.0e-08 train=1.4236e-06 val=1.4289e-06 best=1.4289e-06 t=422s
seed2-u ep=2850 lr=1.0e-08 train=1.4236e-06 val=1.4290e-06 best=1.4289e-06 t=422s
seed2-u ep=2875 lr=1.0e-08 train=1.4235e-06 val=1.4289e-06 best=1.4288e-06 t=426s
seed2-u ep=2900 lr=1.0e-08 train=1.4235e-06 val=1.4289e-06 best=1.4288e-06 t=430s
seed2-u ep=2925 lr=1.0e-08 train=1.4235e-06 val=1.4288e-06 best=1.4287e-06 t=433s
seed2-u ep=2950 lr=1.0e-08 train=1.4235e-06 val=1.4287e-06 best=1.4287e-06 t=437s
seed2-u ep=2975 lr=1.0e-08 train=1.4234e-06 val=1.4287e-06 best=1.4287e-06 t=441s
seed2-u ep=3000 lr=1.0e-08 train=1.4234e-06 val=1.4287e-06 best=1.4287e-06 t=445s
seed2-u ep=3025 lr=1.0e-08 train=1.4234e-06 val=1.4287e-06 best=1.4287e-06 t=448s
seed2-u ep=3035 lr=1.0e-08 train=1.4234e-06 val=1.4287e-06 best=1.4287e-06 t=450s
seed2-u ep=3050 lr=1.0e-08 train=1.4233e-06 val=1.4287e-06 best=1.4286e-06 t=452s
seed2-u ep=3075 lr=1.0e-08 train=1.4233e-06 val=1.4287e-06 best=1.4286e-06 t=456s
seed2-u ep=3100 lr=1.0e-08 train=1.4233e-06 val=1.4286e-06 best=1.4285e-06 t=459s
seed2-u ep=3125 lr=1.0e-08 train=1.4233e-06 val=1.4286e-06 best=1.4285e-06 t=463s
seed2-u ep=3145 lr=1.0e-08 train=1.4232e-06 val=1.4284e-06 best=1.4284e-06 t=466s
seed2-u ep=3150 lr=1.0e-08 train=1.4232e-06 val=1.4285e-06 best=1.4284e-06 t=467s
seed2-u ep=3175 lr=1.0e-08 train=1.4232e-06 val=1.4285e-06 best=1.4284e-06 t=471s
seed2-u ep=3200 lr=1.0e-08 train=1.4232e-06 val=1.4284e-06 best=1.4284e-06 t=474s
seed2-u ep=3225 lr=1.0e-08 train=1.4232e-06 val=1.4284e-06 best=1.4284e-06 t=478s
seed2-u ep=3250 lr=1.0e-08 train=1.4231e-06 val=1.4284e-06 best=1.4283e-06 t=482s
seed2-u ep=3275 lr=1.0e-08 train=1.4231e-06 val=1.4285e-06 best=1.4283e-06 t=485s
seed2-u ep=3300 lr=1.0e-08 train=1.4231e-06 val=1.4283e-06 best=1.4283e-06 t=489s
seed2-u ep=3325 lr=1.0e-08 train=1.4230e-06 val=1.4283e-06 best=1.4283e-06 t=493s
seed2-u ep=3350 lr=1.0e-08 train=1.4230e-06 val=1.4283e-06 best=1.4282e-06 t=497s
seed2-u ep=3375 lr=1.0e-08 train=1.4230e-06 val=1.4283e-06 best=1.4282e-06 t=500s
seed2-u ep=3400 lr=1.0e-08 train=1.4230e-06 val=1.4283e-06 best=1.4282e-06 t=504s
seed2-u ep=3425 lr=1.0e-08 train=1.4229e-06 val=1.4282e-06 best=1.4282e-06 t=508s
seed2-u ep=3450 lr=1.0e-08 train=1.4229e-06 val=1.4282e-06 best=1.4282e-06 t=511s
seed2-u ep=3470 lr=1.0e-08 train=1.4229e-06 val=1.4281e-06 best=1.4281e-06 t=514s
seed2-u ep=3475 lr=1.0e-08 train=1.4229e-06 val=1.4282e-06 best=1.4281e-06 t=515s
seed2-u ep=3500 lr=1.0e-08 train=1.4228e-06 val=1.4282e-06 best=1.4281e-06 t=519s
seed2-u ep=3525 lr=1.0e-08 train=1.4228e-06 val=1.4281e-06 best=1.4280e-06 t=523s
seed2-u ep=3550 lr=1.0e-08 train=1.4228e-06 val=1.4282e-06 best=1.4280e-06 t=526s
seed2-u ep=3565 lr=1.0e-08 train=1.4228e-06 val=1.4280e-06 best=1.4280e-06 t=528s
seed2-u ep=3575 lr=1.0e-08 train=1.4228e-06 val=1.4282e-06 best=1.4280e-06 t=530s
seed2-u ep=3600 lr=1.0e-08 train=1.4227e-06 val=1.4282e-06 best=1.4280e-06 t=534s
seed2-u ep=3625 lr=1.0e-08 train=1.4227e-06 val=1.4279e-06 best=1.4279e-06 t=537s
seed2-u ep=3650 lr=1.0e-08 train=1.4227e-06 val=1.4280e-06 best=1.4279e-06 t=541s
seed2-u ep=3675 lr=1.0e-08 train=1.4227e-06 val=1.4279e-06 best=1.4279e-06 t=545s
seed2-u ep=3695 lr=1.0e-08 train=1.4226e-06 val=1.4278e-06 best=1.4278e-06 t=548s
seed2-u ep=3700 lr=1.0e-08 train=1.4226e-06 val=1.4279e-06 best=1.4278e-06 t=549s
seed2-u ep=3725 lr=1.0e-08 train=1.4226e-06 val=1.4279e-06 best=1.4278e-06 t=552s
seed2-u ep=3750 lr=1.0e-08 train=1.4226e-06 val=1.4279e-06 best=1.4277e-06 t=556s
seed2-u ep=3775 lr=1.0e-08 train=1.4225e-06 val=1.4279e-06 best=1.4277e-06 t=560s
seed2-u ep=3800 lr=1.0e-08 train=1.4225e-06 val=1.4278e-06 best=1.4277e-06 t=563s
seed2-u ep=3825 lr=1.0e-08 train=1.4225e-06 val=1.4278e-06 best=1.4277e-06 t=567s
seed2-u ep=3835 lr=1.0e-08 train=1.4225e-06 val=1.4277e-06 best=1.4277e-06 t=569s
seed2-u ep=3850 lr=1.0e-08 train=1.4224e-06 val=1.4277e-06 best=1.4277e-06 t=571s
seed2-u ep=3875 lr=1.0e-08 train=1.4224e-06 val=1.4278e-06 best=1.4276e-06 t=575s
seed2-u ep=3900 lr=1.0e-08 train=1.4224e-06 val=1.4277e-06 best=1.4276e-06 t=578s
seed2-u ep=3925 lr=1.0e-08 train=1.4224e-06 val=1.4277e-06 best=1.4276e-06 t=582s
seed2-u ep=3950 lr=1.0e-08 train=1.4223e-06 val=1.4277e-06 best=1.4276e-06 t=586s
seed2-u ep=3975 lr=1.0e-08 train=1.4223e-06 val=1.4276e-06 best=1.4276e-06 t=589s
seed2-u ep=4000 lr=1.0e-08 train=1.4223e-06 val=1.4276e-06 best=1.4276e-06 t=593s
seed2-u ep=4025 lr=1.0e-08 train=1.4222e-06 val=1.4276e-06 best=1.4275e-06 t=597s
seed2-u ep=4050 lr=1.0e-08 train=1.4222e-06 val=1.4276e-06 best=1.4274e-06 t=601s
seed2-u ep=4075 lr=1.0e-08 train=1.4222e-06 val=1.4275e-06 best=1.4274e-06 t=604s
seed2-u ep=4100 lr=1.0e-08 train=1.4222e-06 val=1.4276e-06 best=1.4274e-06 t=608s
seed2-u ep=4125 lr=1.0e-08 train=1.4221e-06 val=1.4275e-06 best=1.4274e-06 t=612s
seed2-u ep=4150 lr=1.0e-08 train=1.4221e-06 val=1.4274e-06 best=1.4274e-06 t=615s
seed2-u ep=4175 lr=1.0e-08 train=1.4221e-06 val=1.4273e-06 best=1.4273e-06 t=619s
seed2-u ep=4200 lr=1.0e-08 train=1.4221e-06 val=1.4274e-06 best=1.4273e-06 t=623s
seed2-u ep=4225 lr=1.0e-08 train=1.4220e-06 val=1.4273e-06 best=1.4273e-06 t=627s
seed2-u ep=4250 lr=1.0e-08 train=1.4220e-06 val=1.4272e-06 best=1.4272e-06 t=630s
seed2-u ep=4275 lr=1.0e-08 train=1.4220e-06 val=1.4272e-06 best=1.4272e-06 t=634s
seed2-u ep=4300 lr=1.0e-08 train=1.4219e-06 val=1.4273e-06 best=1.4272e-06 t=638s
seed2-u ep=4325 lr=1.0e-08 train=1.4219e-06 val=1.4273e-06 best=1.4272e-06 t=641s
seed2-u ep=4340 lr=1.0e-08 train=1.4219e-06 val=1.4271e-06 best=1.4271e-06 t=644s
seed2-u ep=4350 lr=1.0e-08 train=1.4219e-06 val=1.4272e-06 best=1.4271e-06 t=645s
seed2-u ep=4375 lr=1.0e-08 train=1.4218e-06 val=1.4272e-06 best=1.4271e-06 t=649s
seed2-u ep=4400 lr=1.0e-08 train=1.4218e-06 val=1.4272e-06 best=1.4271e-06 t=653s
seed2-u ep=4425 lr=1.0e-08 train=1.4218e-06 val=1.4271e-06 best=1.4271e-06 t=656s
seed2-u ep=4435 lr=1.0e-08 train=1.4218e-06 val=1.4270e-06 best=1.4270e-06 t=658s
seed2-u ep=4450 lr=1.0e-08 train=1.4218e-06 val=1.4271e-06 best=1.4270e-06 t=660s
seed2-u ep=4475 lr=1.0e-08 train=1.4218e-06 val=1.4270e-06 best=1.4270e-06 t=664s
seed2-u ep=4495 lr=1.0e-08 train=1.4217e-06 val=1.4269e-06 best=1.4269e-06 t=667s
seed2-u ep=4500 lr=1.0e-08 train=1.4217e-06 val=1.4270e-06 best=1.4269e-06 t=667s
seed2-u ep=4525 lr=1.0e-08 train=1.4217e-06 val=1.4270e-06 best=1.4269e-06 t=671s
seed2-u ep=4550 lr=1.0e-08 train=1.4217e-06 val=1.4270e-06 best=1.4269e-06 t=675s
seed2-u ep=4575 lr=1.0e-08 train=1.4216e-06 val=1.4269e-06 best=1.4269e-06 t=679s
seed2-u ep=4600 lr=1.0e-08 train=1.4216e-06 val=1.4269e-06 best=1.4269e-06 t=682s
seed2-u ep=4625 lr=1.0e-08 train=1.4216e-06 val=1.4269e-06 best=1.4268e-06 t=686s
seed2-u ep=4650 lr=1.0e-08 train=1.4215e-06 val=1.4268e-06 best=1.4268e-06 t=690s
seed2-u ep=4675 lr=1.0e-08 train=1.4215e-06 val=1.4268e-06 best=1.4267e-06 t=693s
seed2-u ep=4700 lr=1.0e-08 train=1.4215e-06 val=1.4267e-06 best=1.4267e-06 t=697s
seed2-u ep=4725 lr=1.0e-08 train=1.4215e-06 val=1.4268e-06 best=1.4267e-06 t=701s
seed2-u ep=4750 lr=1.0e-08 train=1.4214e-06 val=1.4268e-06 best=1.4267e-06 t=704s
seed2-u ep=4775 lr=1.0e-08 train=1.4214e-06 val=1.4267e-06 best=1.4267e-06 t=708s
seed2-u ep=4800 lr=1.0e-08 train=1.4214e-06 val=1.4266e-06 best=1.4266e-06 t=712s
seed2-u ep=4825 lr=1.0e-08 train=1.4213e-06 val=1.4266e-06 best=1.4265e-06 t=716s
seed2-u ep=4845 lr=1.0e-08 train=1.4213e-06 val=1.4265e-06 best=1.4265e-06 t=719s
seed2-u ep=4850 lr=1.0e-08 train=1.4213e-06 val=1.4266e-06 best=1.4265e-06 t=719s
seed2-u ep=4870 lr=1.0e-08 train=1.4213e-06 val=1.4265e-06 best=1.4265e-06 t=722s
seed2-u ep=4875 lr=1.0e-08 train=1.4213e-06 val=1.4265e-06 best=1.4265e-06 t=723s
seed2-u ep=4900 lr=1.0e-08 train=1.4213e-06 val=1.4265e-06 best=1.4265e-06 t=727s
seed2-u ep=4925 lr=1.0e-08 train=1.4212e-06 val=1.4266e-06 best=1.4265e-06 t=730s
seed2-u ep=4950 lr=1.0e-08 train=1.4212e-06 val=1.4264e-06 best=1.4264e-06 t=734s
seed2-u ep=4975 lr=1.0e-08 train=1.4212e-06 val=1.4265e-06 best=1.4264e-06 t=738s
seed2-u ep=5000 lr=1.0e-08 train=1.4211e-06 val=1.4265e-06 best=1.4264e-06 t=741s
seed2-u ep=5025 lr=1.0e-08 train=1.4211e-06 val=1.4265e-06 best=1.4264e-06 t=745s
seed2-u ep=5040 lr=1.0e-08 train=1.4211e-06 val=1.4264e-06 best=1.4264e-06 t=747s
seed2-u ep=5050 lr=1.0e-08 train=1.4211e-06 val=1.4264e-06 best=1.4263e-06 t=749s
seed2-u ep=5075 lr=1.0e-08 train=1.4211e-06 val=1.4264e-06 best=1.4263e-06 t=753s
seed2-u ep=5090 lr=1.0e-08 train=1.4211e-06 val=1.4263e-06 best=1.4263e-06 t=755s
seed2-u ep=5100 lr=1.0e-08 train=1.4210e-06 val=1.4265e-06 best=1.4263e-06 t=756s
seed2-u ep=5125 lr=1.0e-08 train=1.4210e-06 val=1.4263e-06 best=1.4263e-06 t=760s
seed2-u ep=5150 lr=1.0e-08 train=1.4210e-06 val=1.4262e-06 best=1.4262e-06 t=764s
seed2-u ep=5170 lr=1.0e-08 train=1.4210e-06 val=1.4262e-06 best=1.4262e-06 t=767s
seed2-u ep=5175 lr=1.0e-08 train=1.4210e-06 val=1.4263e-06 best=1.4262e-06 t=767s
seed2-u ep=5200 lr=1.0e-08 train=1.4209e-06 val=1.4262e-06 best=1.4261e-06 t=771s
seed2-u ep=5225 lr=1.0e-08 train=1.4209e-06 val=1.4262e-06 best=1.4261e-06 t=775s
seed2-u ep=5250 lr=1.0e-08 train=1.4209e-06 val=1.4262e-06 best=1.4261e-06 t=778s
seed2-u ep=5275 lr=1.0e-08 train=1.4208e-06 val=1.4261e-06 best=1.4260e-06 t=782s
seed2-u ep=5300 lr=1.0e-08 train=1.4208e-06 val=1.4261e-06 best=1.4260e-06 t=786s
seed2-u ep=5310 lr=1.0e-08 train=1.4208e-06 val=1.4260e-06 best=1.4260e-06 t=787s
seed2-u ep=5325 lr=1.0e-08 train=1.4208e-06 val=1.4260e-06 best=1.4259e-06 t=790s
seed2-u ep=5350 lr=1.0e-08 train=1.4208e-06 val=1.4261e-06 best=1.4259e-06 t=793s
seed2-u ep=5375 lr=1.0e-08 train=1.4207e-06 val=1.4260e-06 best=1.4259e-06 t=797s
seed2-u ep=5400 lr=1.0e-08 train=1.4207e-06 val=1.4261e-06 best=1.4259e-06 t=801s
seed2-u ep=5425 lr=1.0e-08 train=1.4207e-06 val=1.4260e-06 best=1.4259e-06 t=804s
seed2-u ep=5450 lr=1.0e-08 train=1.4207e-06 val=1.4260e-06 best=1.4259e-06 t=808s
seed2-u ep=5475 lr=1.0e-08 train=1.4206e-06 val=1.4259e-06 best=1.4259e-06 t=812s
seed2-u ep=5480 lr=1.0e-08 train=1.4206e-06 val=1.4259e-06 best=1.4259e-06 t=812s
seed2-u ep=5495 lr=1.0e-08 train=1.4206e-06 val=1.4259e-06 best=1.4259e-06 t=815s
seed2-u ep=5500 lr=1.0e-08 train=1.4206e-06 val=1.4259e-06 best=1.4259e-06 t=815s
seed2-u ep=5525 lr=1.0e-08 train=1.4206e-06 val=1.4258e-06 best=1.4258e-06 t=819s
seed2-u ep=5535 lr=1.0e-08 train=1.4206e-06 val=1.4257e-06 best=1.4257e-06 t=821s
seed2-u ep=5550 lr=1.0e-08 train=1.4205e-06 val=1.4257e-06 best=1.4257e-06 t=823s
seed2-u ep=5575 lr=1.0e-08 train=1.4205e-06 val=1.4258e-06 best=1.4257e-06 t=827s
seed2-u ep=5600 lr=1.0e-08 train=1.4205e-06 val=1.4258e-06 best=1.4257e-06 t=830s
seed2-u ep=5625 lr=1.0e-08 train=1.4205e-06 val=1.4257e-06 best=1.4257e-06 t=834s
seed2-u ep=5630 lr=1.0e-08 train=1.4205e-06 val=1.4257e-06 best=1.4257e-06 t=835s
seed2-u ep=5640 lr=1.0e-08 train=1.4204e-06 val=1.4256e-06 best=1.4256e-06 t=836s
seed2-u ep=5645 lr=1.0e-08 train=1.4205e-06 val=1.4256e-06 best=1.4256e-06 t=837s
seed2-u ep=5650 lr=1.0e-08 train=1.4204e-06 val=1.4257e-06 best=1.4256e-06 t=838s
seed2-u ep=5670 lr=1.0e-08 train=1.4204e-06 val=1.4256e-06 best=1.4256e-06 t=841s
seed2-u ep=5675 lr=1.0e-08 train=1.4204e-06 val=1.4256e-06 best=1.4255e-06 t=841s
seed2-u ep=5700 lr=1.0e-08 train=1.4204e-06 val=1.4256e-06 best=1.4255e-06 t=845s
seed2-u ep=5725 lr=1.0e-08 train=1.4204e-06 val=1.4255e-06 best=1.4255e-06 t=849s
seed2-u ep=5730 lr=1.0e-08 train=1.4203e-06 val=1.4255e-06 best=1.4255e-06 t=849s
seed2-u ep=5750 lr=1.0e-08 train=1.4203e-06 val=1.4256e-06 best=1.4255e-06 t=852s
seed2-u ep=5775 lr=1.0e-08 train=1.4203e-06 val=1.4256e-06 best=1.4255e-06 t=856s
seed2-u ep=5800 lr=1.0e-08 train=1.4203e-06 val=1.4256e-06 best=1.4255e-06 t=860s
seed2-u ep=5825 lr=1.0e-08 train=1.4202e-06 val=1.4256e-06 best=1.4255e-06 t=864s
seed2-u ep=5835 lr=1.0e-08 train=1.4202e-06 val=1.4255e-06 best=1.4255e-06 t=865s
seed2-u ep=5840 lr=1.0e-08 train=1.4202e-06 val=1.4255e-06 best=1.4255e-06 t=866s
seed2-u ep=5850 lr=1.0e-08 train=1.4202e-06 val=1.4256e-06 best=1.4255e-06 t=867s
seed2-u ep=5860 lr=1.0e-08 train=1.4202e-06 val=1.4255e-06 best=1.4255e-06 t=869s
seed2-u ep=5875 lr=1.0e-08 train=1.4202e-06 val=1.4254e-06 best=1.4254e-06 t=871s
seed2-u ep=5900 lr=1.0e-08 train=1.4201e-06 val=1.4255e-06 best=1.4254e-06 t=875s
seed2-u ep=5925 lr=1.0e-08 train=1.4201e-06 val=1.4253e-06 best=1.4253e-06 t=878s
seed2-u ep=5930 lr=1.0e-08 train=1.4201e-06 val=1.4253e-06 best=1.4253e-06 t=879s
seed2-u ep=5950 lr=1.0e-08 train=1.4201e-06 val=1.4254e-06 best=1.4253e-06 t=882s
seed2-u ep=5975 lr=1.0e-08 train=1.4201e-06 val=1.4254e-06 best=1.4253e-06 t=886s
seed2-u ep=6000 lr=1.0e-08 train=1.4200e-06 val=1.4253e-06 best=1.4252e-06 t=889s
seed2-u ep=6025 lr=1.0e-08 train=1.4200e-06 val=1.4252e-06 best=1.4252e-06 t=893s
seed2-u ep=6050 lr=1.0e-08 train=1.4200e-06 val=1.4252e-06 best=1.4252e-06 t=897s
seed2-u ep=6055 lr=1.0e-08 train=1.4200e-06 val=1.4252e-06 best=1.4252e-06 t=898s
seed2-u ep=6075 lr=1.0e-08 train=1.4200e-06 val=1.4251e-06 best=1.4251e-06 t=900s
seed2-u ep=6100 lr=1.0e-08 train=1.4199e-06 val=1.4252e-06 best=1.4250e-06 t=904s
seed2-u ep=6125 lr=1.0e-08 train=1.4199e-06 val=1.4252e-06 best=1.4250e-06 t=908s
seed2-u ep=6150 lr=1.0e-08 train=1.4199e-06 val=1.4251e-06 best=1.4250e-06 t=912s
seed2-u ep=6175 lr=1.0e-08 train=1.4199e-06 val=1.4252e-06 best=1.4250e-06 t=915s
seed2-u ep=6200 lr=1.0e-08 train=1.4198e-06 val=1.4251e-06 best=1.4250e-06 t=919s
seed2-u ep=6225 lr=1.0e-08 train=1.4198e-06 val=1.4251e-06 best=1.4250e-06 t=923s
seed2-u ep=6235 lr=1.0e-08 train=1.4198e-06 val=1.4250e-06 best=1.4250e-06 t=924s
seed2-u ep=6250 lr=1.0e-08 train=1.4198e-06 val=1.4251e-06 best=1.4250e-06 t=926s
seed2-u ep=6270 lr=1.0e-08 train=1.4197e-06 val=1.4250e-06 best=1.4250e-06 t=929s
seed2-u ep=6275 lr=1.0e-08 train=1.4197e-06 val=1.4250e-06 best=1.4250e-06 t=930s
seed2-u ep=6280 lr=1.0e-08 train=1.4197e-06 val=1.4250e-06 best=1.4250e-06 t=931s
seed2-u ep=6300 lr=1.0e-08 train=1.4197e-06 val=1.4250e-06 best=1.4249e-06 t=934s
seed2-u ep=6325 lr=1.0e-08 train=1.4197e-06 val=1.4250e-06 best=1.4249e-06 t=937s
seed2-u ep=6350 lr=1.0e-08 train=1.4196e-06 val=1.4250e-06 best=1.4249e-06 t=941s
seed2-u ep=6375 lr=1.0e-08 train=1.4196e-06 val=1.4250e-06 best=1.4249e-06 t=945s
seed2-u ep=6385 lr=1.0e-08 train=1.4196e-06 val=1.4248e-06 best=1.4248e-06 t=946s
seed2-u ep=6400 lr=1.0e-08 train=1.4196e-06 val=1.4249e-06 best=1.4248e-06 t=949s
seed2-u ep=6425 lr=1.0e-08 train=1.4196e-06 val=1.4248e-06 best=1.4247e-06 t=952s
seed2-u ep=6450 lr=1.0e-08 train=1.4195e-06 val=1.4248e-06 best=1.4247e-06 t=956s
seed2-u ep=6475 lr=1.0e-08 train=1.4195e-06 val=1.4247e-06 best=1.4247e-06 t=960s
seed2-u ep=6485 lr=1.0e-08 train=1.4195e-06 val=1.4247e-06 best=1.4247e-06 t=961s
seed2-u ep=6500 lr=1.0e-08 train=1.4195e-06 val=1.4247e-06 best=1.4247e-06 t=963s
seed2-u ep=6525 lr=1.0e-08 train=1.4195e-06 val=1.4248e-06 best=1.4246e-06 t=967s
seed2-u ep=6550 lr=1.0e-08 train=1.4194e-06 val=1.4247e-06 best=1.4246e-06 t=971s
seed2-u ep=6575 lr=1.0e-08 train=1.4194e-06 val=1.4246e-06 best=1.4246e-06 t=974s
seed2-u ep=6600 lr=1.0e-08 train=1.4194e-06 val=1.4246e-06 best=1.4245e-06 t=978s
seed2-u ep=6625 lr=1.0e-08 train=1.4193e-06 val=1.4246e-06 best=1.4245e-06 t=982s
seed2-u ep=6650 lr=1.0e-08 train=1.4193e-06 val=1.4245e-06 best=1.4245e-06 t=986s
seed2-u ep=6675 lr=1.0e-08 train=1.4193e-06 val=1.4245e-06 best=1.4244e-06 t=989s
seed2-u ep=6700 lr=1.0e-08 train=1.4193e-06 val=1.4246e-06 best=1.4244e-06 t=993s
seed2-u ep=6725 lr=1.0e-08 train=1.4192e-06 val=1.4245e-06 best=1.4244e-06 t=997s
seed2-u ep=6750 lr=1.0e-08 train=1.4192e-06 val=1.4244e-06 best=1.4244e-06 t=1000s
seed2-u ep=6775 lr=1.0e-08 train=1.4192e-06 val=1.4243e-06 best=1.4243e-06 t=1004s
seed2-u ep=6780 lr=1.0e-08 train=1.4192e-06 val=1.4243e-06 best=1.4243e-06 t=1005s
seed2-u ep=6800 lr=1.0e-08 train=1.4191e-06 val=1.4243e-06 best=1.4243e-06 t=1008s
seed2-u ep=6805 lr=1.0e-08 train=1.4191e-06 val=1.4243e-06 best=1.4243e-06 t=1008s
seed2-u ep=6825 lr=1.0e-08 train=1.4191e-06 val=1.4243e-06 best=1.4242e-06 t=1011s
seed2-u ep=6850 lr=1.0e-08 train=1.4191e-06 val=1.4242e-06 best=1.4242e-06 t=1015s
seed2-u ep=6875 lr=1.0e-08 train=1.4191e-06 val=1.4243e-06 best=1.4242e-06 t=1019s
seed2-u ep=6900 lr=1.0e-08 train=1.4190e-06 val=1.4243e-06 best=1.4242e-06 t=1023s
seed2-u ep=6925 lr=1.0e-08 train=1.4190e-06 val=1.4244e-06 best=1.4242e-06 t=1026s
seed2-u ep=6950 lr=1.0e-08 train=1.4190e-06 val=1.4243e-06 best=1.4242e-06 t=1030s
seed2-u ep=6975 lr=1.0e-08 train=1.4190e-06 val=1.4242e-06 best=1.4241e-06 t=1034s
seed2-u ep=7000 lr=1.0e-08 train=1.4189e-06 val=1.4242e-06 best=1.4241e-06 t=1037s
seed2-u ep=7025 lr=1.0e-08 train=1.4189e-06 val=1.4242e-06 best=1.4241e-06 t=1041s
seed2-u ep=7050 lr=1.0e-08 train=1.4189e-06 val=1.4242e-06 best=1.4241e-06 t=1045s
seed2-u ep=7075 lr=1.0e-08 train=1.4188e-06 val=1.4243e-06 best=1.4241e-06 t=1048s
seed2-u ep=7090 lr=1.0e-08 train=1.4188e-06 val=1.4241e-06 best=1.4241e-06 t=1051s
seed2-u ep=7100 lr=1.0e-08 train=1.4188e-06 val=1.4241e-06 best=1.4241e-06 t=1052s
seed2-u ep=7125 lr=1.0e-08 train=1.4188e-06 val=1.4241e-06 best=1.4241e-06 t=1056s
seed2-u ep=7150 lr=1.0e-08 train=1.4188e-06 val=1.4240e-06 best=1.4240e-06 t=1060s
seed2-u ep=7165 lr=1.0e-08 train=1.4187e-06 val=1.4240e-06 best=1.4240e-06 t=1062s
seed2-u ep=7175 lr=1.0e-08 train=1.4187e-06 val=1.4240e-06 best=1.4239e-06 t=1063s
seed2-u ep=7200 lr=1.0e-08 train=1.4187e-06 val=1.4241e-06 best=1.4239e-06 t=1067s
seed2-u ep=7225 lr=1.0e-08 train=1.4187e-06 val=1.4239e-06 best=1.4239e-06 t=1071s
seed2-u ep=7230 lr=1.0e-08 train=1.4187e-06 val=1.4239e-06 best=1.4239e-06 t=1071s
seed2-u ep=7250 lr=1.0e-08 train=1.4186e-06 val=1.4239e-06 best=1.4239e-06 t=1074s
seed2-u ep=7275 lr=1.0e-08 train=1.4186e-06 val=1.4239e-06 best=1.4238e-06 t=1078s
seed2-u ep=7300 lr=1.0e-08 train=1.4186e-06 val=1.4239e-06 best=1.4238e-06 t=1082s
seed2-u ep=7325 lr=1.0e-08 train=1.4186e-06 val=1.4238e-06 best=1.4238e-06 t=1085s
seed2-u ep=7330 lr=1.0e-08 train=1.4186e-06 val=1.4237e-06 best=1.4237e-06 t=1086s
seed2-u ep=7350 lr=1.0e-08 train=1.4185e-06 val=1.4238e-06 best=1.4237e-06 t=1089s
seed2-u ep=7365 lr=1.0e-08 train=1.4185e-06 val=1.4237e-06 best=1.4237e-06 t=1091s
seed2-u ep=7375 lr=1.0e-08 train=1.4185e-06 val=1.4238e-06 best=1.4237e-06 t=1093s
seed2-u ep=7400 lr=1.0e-08 train=1.4185e-06 val=1.4237e-06 best=1.4237e-06 t=1096s
seed2-u ep=7425 lr=1.0e-08 train=1.4185e-06 val=1.4237e-06 best=1.4236e-06 t=1100s
seed2-u ep=7450 lr=1.0e-08 train=1.4184e-06 val=1.4237e-06 best=1.4236e-06 t=1104s
seed2-u ep=7475 lr=1.0e-08 train=1.4184e-06 val=1.4237e-06 best=1.4236e-06 t=1108s
seed2-u ep=7500 lr=1.0e-08 train=1.4184e-06 val=1.4236e-06 best=1.4235e-06 t=1111s
seed2-u ep=7525 lr=1.0e-08 train=1.4183e-06 val=1.4236e-06 best=1.4235e-06 t=1115s
seed2-u ep=7550 lr=1.0e-08 train=1.4183e-06 val=1.4236e-06 best=1.4235e-06 t=1119s
seed2-u ep=7575 lr=1.0e-08 train=1.4183e-06 val=1.4235e-06 best=1.4234e-06 t=1122s
seed2-u ep=7600 lr=1.0e-08 train=1.4183e-06 val=1.4234e-06 best=1.4234e-06 t=1126s
seed2-u ep=7625 lr=1.0e-08 train=1.4182e-06 val=1.4234e-06 best=1.4234e-06 t=1130s
seed2-u ep=7650 lr=1.0e-08 train=1.4182e-06 val=1.4235e-06 best=1.4234e-06 t=1133s
seed2-u ep=7675 lr=1.0e-08 train=1.4182e-06 val=1.4234e-06 best=1.4234e-06 t=1137s
seed2-u ep=7680 lr=1.0e-08 train=1.4182e-06 val=1.4233e-06 best=1.4233e-06 t=1138s
seed2-u ep=7700 lr=1.0e-08 train=1.4182e-06 val=1.4235e-06 best=1.4233e-06 t=1141s
seed2-u ep=7725 lr=1.0e-08 train=1.4181e-06 val=1.4234e-06 best=1.4233e-06 t=1145s
seed2-u ep=7750 lr=1.0e-08 train=1.4181e-06 val=1.4234e-06 best=1.4233e-06 t=1148s
seed2-u ep=7775 lr=1.0e-08 train=1.4181e-06 val=1.4234e-06 best=1.4233e-06 t=1152s
seed2-u ep=7800 lr=1.0e-08 train=1.4180e-06 val=1.4233e-06 best=1.4232e-06 t=1156s
seed2-u ep=7825 lr=1.0e-08 train=1.4180e-06 val=1.4233e-06 best=1.4232e-06 t=1159s
seed2-u ep=7840 lr=1.0e-08 train=1.4180e-06 val=1.4232e-06 best=1.4232e-06 t=1162s
seed2-u ep=7850 lr=1.0e-08 train=1.4180e-06 val=1.4232e-06 best=1.4232e-06 t=1163s
seed2-u ep=7865 lr=1.0e-08 train=1.4180e-06 val=1.4231e-06 best=1.4231e-06 t=1165s
seed2-u ep=7875 lr=1.0e-08 train=1.4180e-06 val=1.4232e-06 best=1.4231e-06 t=1167s
seed2-u ep=7900 lr=1.0e-08 train=1.4179e-06 val=1.4232e-06 best=1.4231e-06 t=1170s
seed2-u ep=7925 lr=1.0e-08 train=1.4179e-06 val=1.4232e-06 best=1.4231e-06 t=1174s
seed2-u ep=7950 lr=1.0e-08 train=1.4179e-06 val=1.4231e-06 best=1.4231e-06 t=1178s
seed2-u ep=7975 lr=1.0e-08 train=1.4179e-06 val=1.4231e-06 best=1.4231e-06 t=1182s
seed2-u ep=8000 lr=1.0e-08 train=1.4178e-06 val=1.4231e-06 best=1.4230e-06 t=1185s
seed2-u ep=8025 lr=1.0e-08 train=1.4178e-06 val=1.4231e-06 best=1.4230e-06 t=1189s
seed2-u ep=8050 lr=1.0e-08 train=1.4178e-06 val=1.4231e-06 best=1.4230e-06 t=1193s
seed2-u ep=8075 lr=1.0e-08 train=1.4177e-06 val=1.4229e-06 best=1.4229e-06 t=1196s
seed2-u ep=8100 lr=1.0e-08 train=1.4177e-06 val=1.4229e-06 best=1.4228e-06 t=1200s
seed2-u ep=8125 lr=1.0e-08 train=1.4177e-06 val=1.4228e-06 best=1.4228e-06 t=1204s
seed2-u ep=8140 lr=1.0e-08 train=1.4177e-06 val=1.4228e-06 best=1.4228e-06 t=1206s
seed2-u ep=8150 lr=1.0e-08 train=1.4177e-06 val=1.4228e-06 best=1.4228e-06 t=1207s
seed2-u ep=8175 lr=1.0e-08 train=1.4176e-06 val=1.4228e-06 best=1.4228e-06 t=1211s
seed2-u ep=8200 lr=1.0e-08 train=1.4176e-06 val=1.4229e-06 best=1.4228e-06 t=1215s
seed2-u ep=8225 lr=1.0e-08 train=1.4176e-06 val=1.4228e-06 best=1.4227e-06 t=1219s
seed2-u ep=8250 lr=1.0e-08 train=1.4175e-06 val=1.4227e-06 best=1.4227e-06 t=1222s
seed2-u ep=8275 lr=1.0e-08 train=1.4175e-06 val=1.4227e-06 best=1.4227e-06 t=1226s
seed2-u ep=8290 lr=1.0e-08 train=1.4175e-06 val=1.4226e-06 best=1.4226e-06 t=1228s
seed2-u ep=8300 lr=1.0e-08 train=1.4175e-06 val=1.4226e-06 best=1.4226e-06 t=1230s
seed2-u ep=8325 lr=1.0e-08 train=1.4175e-06 val=1.4226e-06 best=1.4226e-06 t=1233s
seed2-u ep=8350 lr=1.0e-08 train=1.4174e-06 val=1.4227e-06 best=1.4226e-06 t=1237s
seed2-u ep=8375 lr=1.0e-08 train=1.4174e-06 val=1.4227e-06 best=1.4226e-06 t=1241s
seed2-u ep=8400 lr=1.0e-08 train=1.4174e-06 val=1.4227e-06 best=1.4226e-06 t=1244s
seed2-u ep=8425 lr=1.0e-08 train=1.4173e-06 val=1.4226e-06 best=1.4226e-06 t=1248s
seed2-u ep=8435 lr=1.0e-08 train=1.4173e-06 val=1.4225e-06 best=1.4225e-06 t=1250s
seed2-u ep=8450 lr=1.0e-08 train=1.4173e-06 val=1.4226e-06 best=1.4225e-06 t=1252s
seed2-u ep=8475 lr=1.0e-08 train=1.4173e-06 val=1.4226e-06 best=1.4225e-06 t=1256s
seed2-u ep=8500 lr=1.0e-08 train=1.4173e-06 val=1.4225e-06 best=1.4225e-06 t=1259s
seed2-u ep=8525 lr=1.0e-08 train=1.4172e-06 val=1.4225e-06 best=1.4225e-06 t=1263s
seed2-u ep=8550 lr=1.0e-08 train=1.4172e-06 val=1.4225e-06 best=1.4225e-06 t=1267s
seed2-u ep=8575 lr=1.0e-08 train=1.4172e-06 val=1.4225e-06 best=1.4224e-06 t=1270s
seed2-u ep=8600 lr=1.0e-08 train=1.4172e-06 val=1.4225e-06 best=1.4224e-06 t=1274s
seed2-u ep=8625 lr=1.0e-08 train=1.4171e-06 val=1.4224e-06 best=1.4223e-06 t=1278s
seed2-u ep=8650 lr=1.0e-08 train=1.4171e-06 val=1.4223e-06 best=1.4222e-06 t=1281s
seed2-u ep=8675 lr=1.0e-08 train=1.4171e-06 val=1.4223e-06 best=1.4222e-06 t=1285s
seed2-u ep=8700 lr=1.0e-08 train=1.4171e-06 val=1.4224e-06 best=1.4222e-06 t=1289s
seed2-u ep=8725 lr=1.0e-08 train=1.4170e-06 val=1.4222e-06 best=1.4222e-06 t=1293s
seed2-u ep=8750 lr=1.0e-08 train=1.4170e-06 val=1.4223e-06 best=1.4222e-06 t=1296s
seed2-u ep=8775 lr=1.0e-08 train=1.4170e-06 val=1.4223e-06 best=1.4222e-06 t=1300s
seed2-u ep=8800 lr=1.0e-08 train=1.4169e-06 val=1.4222e-06 best=1.4221e-06 t=1304s
seed2-u ep=8825 lr=1.0e-08 train=1.4169e-06 val=1.4223e-06 best=1.4221e-06 t=1307s
seed2-u ep=8850 lr=1.0e-08 train=1.4169e-06 val=1.4222e-06 best=1.4221e-06 t=1311s
seed2-u ep=8875 lr=1.0e-08 train=1.4169e-06 val=1.4221e-06 best=1.4221e-06 t=1315s
seed2-u ep=8900 lr=1.0e-08 train=1.4168e-06 val=1.4221e-06 best=1.4221e-06 t=1318s
seed2-u ep=8915 lr=1.0e-08 train=1.4168e-06 val=1.4221e-06 best=1.4221e-06 t=1321s
seed2-u ep=8920 lr=1.0e-08 train=1.4168e-06 val=1.4220e-06 best=1.4220e-06 t=1321s
seed2-u ep=8925 lr=1.0e-08 train=1.4168e-06 val=1.4221e-06 best=1.4220e-06 t=1322s
seed2-u ep=8945 lr=1.0e-08 train=1.4168e-06 val=1.4220e-06 best=1.4220e-06 t=1325s
seed2-u ep=8950 lr=1.0e-08 train=1.4168e-06 val=1.4220e-06 best=1.4219e-06 t=1326s
seed2-u ep=8975 lr=1.0e-08 train=1.4167e-06 val=1.4220e-06 best=1.4219e-06 t=1329s
seed2-u ep=9000 lr=1.0e-08 train=1.4167e-06 val=1.4220e-06 best=1.4219e-06 t=1333s
seed2-u ep=9025 lr=1.0e-08 train=1.4167e-06 val=1.4220e-06 best=1.4219e-06 t=1337s
seed2-u ep=9050 lr=1.0e-08 train=1.4167e-06 val=1.4219e-06 best=1.4219e-06 t=1341s
seed2-u ep=9060 lr=1.0e-08 train=1.4166e-06 val=1.4219e-06 best=1.4219e-06 t=1342s
seed2-u ep=9075 lr=1.0e-08 train=1.4166e-06 val=1.4218e-06 best=1.4218e-06 t=1344s
seed2-u ep=9095 lr=1.0e-08 train=1.4166e-06 val=1.4218e-06 best=1.4218e-06 t=1347s
seed2-u ep=9100 lr=1.0e-08 train=1.4166e-06 val=1.4218e-06 best=1.4217e-06 t=1348s
seed2-u ep=9125 lr=1.0e-08 train=1.4166e-06 val=1.4218e-06 best=1.4217e-06 t=1352s
seed2-u ep=9150 lr=1.0e-08 train=1.4165e-06 val=1.4219e-06 best=1.4217e-06 t=1355s
seed2-u ep=9175 lr=1.0e-08 train=1.4165e-06 val=1.4218e-06 best=1.4217e-06 t=1359s
seed2-u ep=9195 lr=1.0e-08 train=1.4165e-06 val=1.4217e-06 best=1.4217e-06 t=1362s
seed2-u ep=9200 lr=1.0e-08 train=1.4165e-06 val=1.4217e-06 best=1.4217e-06 t=1363s
seed2-u ep=9225 lr=1.0e-08 train=1.4165e-06 val=1.4217e-06 best=1.4216e-06 t=1366s
seed2-u ep=9250 lr=1.0e-08 train=1.4164e-06 val=1.4217e-06 best=1.4216e-06 t=1370s
seed2-u ep=9275 lr=1.0e-08 train=1.4164e-06 val=1.4217e-06 best=1.4216e-06 t=1374s
seed2-u ep=9300 lr=1.0e-08 train=1.4164e-06 val=1.4217e-06 best=1.4215e-06 t=1378s
seed2-u ep=9325 lr=1.0e-08 train=1.4164e-06 val=1.4217e-06 best=1.4215e-06 t=1381s
seed2-u ep=9350 lr=1.0e-08 train=1.4163e-06 val=1.4216e-06 best=1.4215e-06 t=1385s
seed2-u ep=9375 lr=1.0e-08 train=1.4163e-06 val=1.4216e-06 best=1.4215e-06 t=1389s
seed2-u ep=9390 lr=1.0e-08 train=1.4163e-06 val=1.4215e-06 best=1.4215e-06 t=1391s
seed2-u ep=9400 lr=1.0e-08 train=1.4163e-06 val=1.4216e-06 best=1.4215e-06 t=1392s
seed2-u ep=9410 lr=1.0e-08 train=1.4163e-06 val=1.4214e-06 best=1.4214e-06 t=1394s
seed2-u ep=9425 lr=1.0e-08 train=1.4162e-06 val=1.4214e-06 best=1.4214e-06 t=1396s
seed2-u ep=9450 lr=1.0e-08 train=1.4162e-06 val=1.4214e-06 best=1.4213e-06 t=1400s
seed2-u ep=9470 lr=1.0e-08 train=1.4162e-06 val=1.4213e-06 best=1.4213e-06 t=1403s
seed2-u ep=9475 lr=1.0e-08 train=1.4162e-06 val=1.4214e-06 best=1.4213e-06 t=1403s
seed2-u ep=9500 lr=1.0e-08 train=1.4162e-06 val=1.4214e-06 best=1.4212e-06 t=1407s
seed2-u ep=9525 lr=1.0e-08 train=1.4161e-06 val=1.4213e-06 best=1.4212e-06 t=1411s
seed2-u ep=9550 lr=1.0e-08 train=1.4161e-06 val=1.4212e-06 best=1.4212e-06 t=1415s
seed2-u ep=9575 lr=1.0e-08 train=1.4161e-06 val=1.4213e-06 best=1.4212e-06 t=1418s
seed2-u ep=9600 lr=1.0e-08 train=1.4161e-06 val=1.4213e-06 best=1.4212e-06 t=1422s
seed2-u ep=9625 lr=1.0e-08 train=1.4160e-06 val=1.4212e-06 best=1.4212e-06 t=1426s
seed2-u ep=9650 lr=1.0e-08 train=1.4160e-06 val=1.4212e-06 best=1.4212e-06 t=1429s
seed2-u ep=9675 lr=1.0e-08 train=1.4160e-06 val=1.4212e-06 best=1.4211e-06 t=1433s
seed2-u ep=9700 lr=1.0e-08 train=1.4159e-06 val=1.4212e-06 best=1.4211e-06 t=1437s
seed2-u ep=9725 lr=1.0e-08 train=1.4159e-06 val=1.4212e-06 best=1.4211e-06 t=1440s
seed2-u ep=9750 lr=1.0e-08 train=1.4159e-06 val=1.4211e-06 best=1.4210e-06 t=1444s
seed2-u ep=9775 lr=1.0e-08 train=1.4159e-06 val=1.4212e-06 best=1.4210e-06 t=1448s
seed2-u ep=9800 lr=1.0e-08 train=1.4158e-06 val=1.4211e-06 best=1.4210e-06 t=1452s
seed2-u ep=9805 lr=1.0e-08 train=1.4158e-06 val=1.4209e-06 best=1.4209e-06 t=1452s
seed2-u ep=9825 lr=1.0e-08 train=1.4158e-06 val=1.4211e-06 best=1.4209e-06 t=1455s
seed2-u ep=9850 lr=1.0e-08 train=1.4158e-06 val=1.4210e-06 best=1.4209e-06 t=1459s
seed2-u ep=9865 lr=1.0e-08 train=1.4158e-06 val=1.4209e-06 best=1.4209e-06 t=1461s
seed2-u ep=9875 lr=1.0e-08 train=1.4157e-06 val=1.4210e-06 best=1.4209e-06 t=1463s
seed2-u ep=9900 lr=1.0e-08 train=1.4157e-06 val=1.4209e-06 best=1.4209e-06 t=1466s
seed2-u ep=9920 lr=1.0e-08 train=1.4157e-06 val=1.4209e-06 best=1.4209e-06 t=1469s
seed2-u ep=9925 lr=1.0e-08 train=1.4157e-06 val=1.4210e-06 best=1.4209e-06 t=1470s
seed2-u ep=9950 lr=1.0e-08 train=1.4157e-06 val=1.4209e-06 best=1.4208e-06 t=1474s
seed2-u ep=9955 lr=1.0e-08 train=1.4157e-06 val=1.4208e-06 best=1.4208e-06 t=1474s
seed2-u ep=9975 lr=1.0e-08 train=1.4156e-06 val=1.4209e-06 best=1.4207e-06 t=1477s
TRAINED seed=2 u {'stop_reason': 'max_epochs', 'truncated': False, 'epochs': 10000, 'best_val': 1.4207341791916406e-06, 'final_lr': 1e-08, 'seconds': 1480.9900810532272}
seed2-v ep=0 lr=1.0e-03 train=3.3804e-02 val=5.5792e-03 best=5.5792e-03 t=0s
seed2-v ep=5 lr=1.0e-03 train=7.5252e-04 val=6.6487e-04 best=6.6487e-04 t=1s
seed2-v ep=10 lr=1.0e-03 train=3.6559e-04 val=2.9966e-04 best=2.9966e-04 t=1s
seed2-v ep=15 lr=1.0e-03 train=1.9217e-04 val=1.7699e-04 best=1.7699e-04 t=2s
seed2-v ep=20 lr=1.0e-03 train=1.4903e-04 val=1.0981e-04 best=1.0981e-04 t=3s
seed2-v ep=25 lr=1.0e-03 train=1.7654e-04 val=1.5934e-04 best=9.6622e-05 t=4s
seed2-v ep=40 lr=1.0e-03 train=4.5380e-05 val=4.4046e-05 best=4.4046e-05 t=6s
seed2-v ep=50 lr=1.0e-03 train=3.5988e-05 val=4.3651e-05 best=3.5415e-05 t=7s
seed2-v ep=55 lr=1.0e-03 train=3.3840e-05 val=3.3556e-05 best=3.3556e-05 t=8s
seed2-v ep=75 lr=1.0e-04 train=2.1074e-05 val=1.9756e-05 best=1.9756e-05 t=11s
seed2-v ep=80 lr=1.0e-04 train=1.8664e-05 val=1.8504e-05 best=1.8504e-05 t=12s
seed2-v ep=85 lr=1.0e-04 train=1.7987e-05 val=1.7929e-05 best=1.7929e-05 t=13s
seed2-v ep=90 lr=1.0e-04 train=1.7402e-05 val=1.7253e-05 best=1.7253e-05 t=13s
seed2-v ep=95 lr=1.0e-04 train=1.6935e-05 val=1.6798e-05 best=1.6798e-05 t=14s
seed2-v ep=100 lr=1.0e-04 train=1.6458e-05 val=1.6382e-05 best=1.6382e-05 t=15s
seed2-v ep=105 lr=1.0e-04 train=1.6072e-05 val=1.5964e-05 best=1.5964e-05 t=16s
seed2-v ep=110 lr=1.0e-04 train=1.5704e-05 val=1.5649e-05 best=1.5649e-05 t=16s
seed2-v ep=125 lr=1.0e-04 train=1.4720e-05 val=1.4745e-05 best=1.4745e-05 t=18s
seed2-v ep=130 lr=1.0e-04 train=1.4412e-05 val=1.4423e-05 best=1.4423e-05 t=19s
seed2-v ep=145 lr=1.0e-04 train=1.3510e-05 val=1.3491e-05 best=1.3491e-05 t=21s
seed2-v ep=150 lr=1.0e-04 train=1.3253e-05 val=1.3320e-05 best=1.3307e-05 t=22s
seed2-v ep=165 lr=1.0e-04 train=1.2406e-05 val=1.2303e-05 best=1.2303e-05 t=24s
seed2-v ep=170 lr=1.0e-04 train=1.2145e-05 val=1.2064e-05 best=1.2064e-05 t=25s
seed2-v ep=175 lr=1.0e-04 train=1.1881e-05 val=1.1813e-05 best=1.1813e-05 t=26s
seed2-v ep=180 lr=1.0e-04 train=1.1598e-05 val=1.1604e-05 best=1.1604e-05 t=27s
seed2-v ep=190 lr=1.0e-04 train=1.1110e-05 val=1.1045e-05 best=1.1045e-05 t=28s
seed2-v ep=200 lr=1.0e-04 train=1.0534e-05 val=1.0528e-05 best=1.0528e-05 t=30s
seed2-v ep=205 lr=1.0e-04 train=1.0318e-05 val=1.0291e-05 best=1.0291e-05 t=30s
seed2-v ep=210 lr=1.0e-04 train=9.9520e-06 val=9.9176e-06 best=9.9176e-06 t=31s
seed2-v ep=220 lr=1.0e-04 train=9.4886e-06 val=9.5193e-06 best=9.5193e-06 t=33s
seed2-v ep=225 lr=1.0e-04 train=9.2319e-06 val=9.2240e-06 best=9.2240e-06 t=33s
seed2-v ep=245 lr=1.0e-04 train=8.4930e-06 val=8.3854e-06 best=8.3854e-06 t=36s
seed2-v ep=250 lr=1.0e-04 train=9.3359e-06 val=8.4870e-06 best=8.2593e-06 t=37s
seed2-v ep=260 lr=1.0e-04 train=7.8068e-06 val=7.7333e-06 best=7.7333e-06 t=38s
seed2-v ep=265 lr=1.0e-04 train=8.0737e-06 val=7.6828e-06 best=7.6828e-06 t=39s
seed2-v ep=270 lr=1.0e-04 train=7.7811e-06 val=7.6206e-06 best=7.6206e-06 t=40s
seed2-v ep=275 lr=1.0e-04 train=7.2730e-06 val=7.4550e-06 best=7.2873e-06 t=41s
seed2-v ep=290 lr=1.0e-05 train=6.2750e-06 val=6.3586e-06 best=6.3586e-06 t=43s
seed2-v ep=295 lr=1.0e-05 train=6.2549e-06 val=6.3380e-06 best=6.3380e-06 t=44s
seed2-v ep=300 lr=1.0e-05 train=6.2436e-06 val=6.3195e-06 best=6.3195e-06 t=44s
seed2-v ep=305 lr=1.0e-05 train=6.2153e-06 val=6.3026e-06 best=6.3026e-06 t=45s
seed2-v ep=310 lr=1.0e-05 train=6.1917e-06 val=6.2679e-06 best=6.2679e-06 t=46s
seed2-v ep=320 lr=1.0e-05 train=6.1495e-06 val=6.2314e-06 best=6.2314e-06 t=47s
seed2-v ep=325 lr=1.0e-05 train=6.1378e-06 val=6.2274e-06 best=6.2212e-06 t=48s
seed2-v ep=335 lr=1.0e-05 train=6.0876e-06 val=6.1669e-06 best=6.1669e-06 t=50s
seed2-v ep=340 lr=1.0e-05 train=6.0688e-06 val=6.1387e-06 best=6.1387e-06 t=50s
seed2-v ep=350 lr=1.0e-05 train=6.0101e-06 val=6.1101e-06 best=6.1056e-06 t=52s
seed2-v ep=355 lr=1.0e-05 train=5.9906e-06 val=6.0661e-06 best=6.0661e-06 t=52s
seed2-v ep=365 lr=1.0e-05 train=5.9333e-06 val=6.0244e-06 best=6.0244e-06 t=54s
seed2-v ep=375 lr=1.0e-05 train=5.8905e-06 val=6.0133e-06 best=5.9802e-06 t=55s
seed2-v ep=385 lr=1.0e-05 train=5.8276e-06 val=5.9202e-06 best=5.9202e-06 t=57s
seed2-v ep=395 lr=1.0e-05 train=5.7621e-06 val=5.8343e-06 best=5.8343e-06 t=58s
seed2-v ep=400 lr=1.0e-05 train=5.7329e-06 val=5.8218e-06 best=5.8218e-06 t=59s
seed2-v ep=405 lr=1.0e-05 train=5.6985e-06 val=5.8029e-06 best=5.8029e-06 t=60s
seed2-v ep=415 lr=1.0e-05 train=5.6566e-06 val=5.7408e-06 best=5.7408e-06 t=61s
seed2-v ep=425 lr=1.0e-05 train=5.5712e-06 val=5.6905e-06 best=5.6702e-06 t=63s
seed2-v ep=435 lr=1.0e-05 train=5.5288e-06 val=5.6263e-06 best=5.6263e-06 t=64s
seed2-v ep=450 lr=1.0e-05 train=5.4516e-06 val=5.6292e-06 best=5.5136e-06 t=67s
seed2-v ep=460 lr=1.0e-05 train=5.3608e-06 val=5.4798e-06 best=5.4798e-06 t=68s
seed2-v ep=465 lr=1.0e-05 train=5.3262e-06 val=5.4155e-06 best=5.4155e-06 t=69s
seed2-v ep=470 lr=1.0e-05 train=5.2940e-06 val=5.4005e-06 best=5.4005e-06 t=70s
seed2-v ep=475 lr=1.0e-05 train=5.2885e-06 val=5.3632e-06 best=5.3632e-06 t=70s
seed2-v ep=480 lr=1.0e-05 train=5.2560e-06 val=5.3490e-06 best=5.3490e-06 t=71s
seed2-v ep=485 lr=1.0e-05 train=5.2091e-06 val=5.3026e-06 best=5.3026e-06 t=72s
seed2-v ep=500 lr=1.0e-05 train=5.1181e-06 val=5.2243e-06 best=5.2243e-06 t=74s
seed2-v ep=505 lr=1.0e-05 train=5.0962e-06 val=5.1966e-06 best=5.1966e-06 t=75s
seed2-v ep=510 lr=1.0e-05 train=5.0705e-06 val=5.1722e-06 best=5.1722e-06 t=75s
seed2-v ep=520 lr=1.0e-05 train=5.0170e-06 val=5.1060e-06 best=5.1060e-06 t=77s
seed2-v ep=525 lr=1.0e-05 train=4.9865e-06 val=5.1061e-06 best=5.1060e-06 t=78s
seed2-v ep=540 lr=1.0e-05 train=4.8962e-06 val=4.9800e-06 best=4.9800e-06 t=80s
seed2-v ep=545 lr=1.0e-05 train=4.8814e-06 val=4.9733e-06 best=4.9733e-06 t=81s
seed2-v ep=550 lr=1.0e-05 train=4.8421e-06 val=4.9689e-06 best=4.9643e-06 t=81s
seed2-v ep=575 lr=1.0e-05 train=4.7097e-06 val=4.8397e-06 best=4.8397e-06 t=85s
seed2-v ep=600 lr=1.0e-05 train=4.6069e-06 val=4.7127e-06 best=4.6982e-06 t=89s
seed2-v ep=605 lr=1.0e-05 train=4.5631e-06 val=4.6745e-06 best=4.6745e-06 t=89s
seed2-v ep=625 lr=1.0e-05 train=4.4785e-06 val=4.6404e-06 best=4.5579e-06 t=92s
seed2-v ep=630 lr=1.0e-05 train=4.4400e-06 val=4.5421e-06 best=4.5421e-06 t=93s
seed2-v ep=650 lr=1.0e-05 train=4.3400e-06 val=4.4558e-06 best=4.4558e-06 t=96s
seed2-v ep=655 lr=1.0e-05 train=4.3160e-06 val=4.4234e-06 best=4.4234e-06 t=97s
seed2-v ep=675 lr=1.0e-05 train=4.2555e-06 val=4.3393e-06 best=4.3393e-06 t=100s
seed2-v ep=700 lr=1.0e-05 train=4.1317e-06 val=4.2551e-06 best=4.2370e-06 t=104s
seed2-v ep=710 lr=1.0e-05 train=4.1086e-06 val=4.2092e-06 best=4.2092e-06 t=105s
seed2-v ep=720 lr=1.0e-05 train=4.0491e-06 val=4.1457e-06 best=4.1457e-06 t=107s
seed2-v ep=725 lr=1.0e-05 train=4.0215e-06 val=4.1236e-06 best=4.1236e-06 t=107s
seed2-v ep=730 lr=1.0e-05 train=4.0218e-06 val=4.1130e-06 best=4.1130e-06 t=108s
seed2-v ep=750 lr=1.0e-05 train=3.9398e-06 val=4.0535e-06 best=4.0326e-06 t=111s
seed2-v ep=760 lr=1.0e-05 train=3.8929e-06 val=4.0013e-06 best=4.0013e-06 t=112s
seed2-v ep=775 lr=1.0e-05 train=3.8685e-06 val=4.0029e-06 best=3.9699e-06 t=115s
seed2-v ep=790 lr=1.0e-05 train=3.8031e-06 val=3.9056e-06 best=3.9056e-06 t=117s
seed2-v ep=800 lr=1.0e-05 train=3.7686e-06 val=3.8827e-06 best=3.8744e-06 t=118s
seed2-v ep=825 lr=1.0e-05 train=3.6828e-06 val=3.7744e-06 best=3.7741e-06 t=122s
seed2-v ep=830 lr=1.0e-05 train=3.6568e-06 val=3.7470e-06 best=3.7470e-06 t=123s
seed2-v ep=835 lr=1.0e-05 train=3.6270e-06 val=3.7356e-06 best=3.7356e-06 t=124s
seed2-v ep=845 lr=1.0e-05 train=3.6132e-06 val=3.7048e-06 best=3.7048e-06 t=125s
seed2-v ep=850 lr=1.0e-05 train=3.5888e-06 val=3.7084e-06 best=3.6942e-06 t=126s
seed2-v ep=860 lr=1.0e-05 train=3.5660e-06 val=3.6620e-06 best=3.6620e-06 t=127s
seed2-v ep=865 lr=1.0e-05 train=3.5371e-06 val=3.6318e-06 best=3.6318e-06 t=128s
seed2-v ep=875 lr=1.0e-05 train=3.5344e-06 val=3.6334e-06 best=3.6318e-06 t=129s
seed2-v ep=900 lr=1.0e-05 train=3.4524e-06 val=3.5470e-06 best=3.5411e-06 t=133s
seed2-v ep=910 lr=1.0e-05 train=3.4098e-06 val=3.5132e-06 best=3.5132e-06 t=135s
seed2-v ep=920 lr=1.0e-05 train=3.3830e-06 val=3.4820e-06 best=3.4820e-06 t=136s
seed2-v ep=925 lr=1.0e-05 train=3.3850e-06 val=3.4657e-06 best=3.4634e-06 t=137s
seed2-v ep=935 lr=1.0e-05 train=3.3367e-06 val=3.4265e-06 best=3.4265e-06 t=138s
seed2-v ep=950 lr=1.0e-05 train=3.3047e-06 val=3.4031e-06 best=3.4031e-06 t=141s
seed2-v ep=955 lr=1.0e-05 train=3.2923e-06 val=3.3740e-06 best=3.3740e-06 t=141s
seed2-v ep=965 lr=1.0e-05 train=3.2746e-06 val=3.3658e-06 best=3.3658e-06 t=143s
seed2-v ep=970 lr=1.0e-05 train=3.2407e-06 val=3.3415e-06 best=3.3415e-06 t=144s
seed2-v ep=975 lr=1.0e-05 train=3.2257e-06 val=3.3337e-06 best=3.3337e-06 t=144s
seed2-v ep=995 lr=1.0e-05 train=3.1682e-06 val=3.2737e-06 best=3.2737e-06 t=147s
seed2-v ep=1000 lr=1.0e-05 train=3.1798e-06 val=3.2572e-06 best=3.2572e-06 t=148s
seed2-v ep=1010 lr=1.0e-05 train=3.1394e-06 val=3.2386e-06 best=3.2386e-06 t=149s
seed2-v ep=1020 lr=1.0e-05 train=3.1107e-06 val=3.2076e-06 best=3.2076e-06 t=151s
seed2-v ep=1025 lr=1.0e-05 train=3.1116e-06 val=3.2257e-06 best=3.1868e-06 t=152s
seed2-v ep=1035 lr=1.0e-05 train=3.0976e-06 val=3.1820e-06 best=3.1820e-06 t=153s
seed2-v ep=1040 lr=1.0e-05 train=3.0594e-06 val=3.1578e-06 best=3.1578e-06 t=154s
seed2-v ep=1050 lr=1.0e-05 train=3.0411e-06 val=3.1547e-06 best=3.1386e-06 t=155s
seed2-v ep=1055 lr=1.0e-05 train=3.0314e-06 val=3.1300e-06 best=3.1300e-06 t=156s
seed2-v ep=1075 lr=1.0e-05 train=2.9734e-06 val=3.0991e-06 best=3.0747e-06 t=159s
seed2-v ep=1090 lr=1.0e-05 train=2.9537e-06 val=3.0427e-06 best=3.0427e-06 t=161s
seed2-v ep=1100 lr=1.0e-05 train=2.9404e-06 val=3.0109e-06 best=3.0109e-06 t=163s
seed2-v ep=1115 lr=1.0e-05 train=2.8884e-06 val=2.9850e-06 best=2.9850e-06 t=165s
seed2-v ep=1125 lr=1.0e-05 train=2.8663e-06 val=2.9666e-06 best=2.9568e-06 t=166s
seed2-v ep=1150 lr=1.0e-05 train=2.8170e-06 val=2.9136e-06 best=2.9098e-06 t=170s
seed2-v ep=1155 lr=1.0e-05 train=2.8087e-06 val=2.9076e-06 best=2.9076e-06 t=171s
seed2-v ep=1160 lr=1.0e-05 train=2.7982e-06 val=2.8881e-06 best=2.8881e-06 t=172s
seed2-v ep=1165 lr=1.0e-05 train=2.7864e-06 val=2.8704e-06 best=2.8704e-06 t=172s
seed2-v ep=1175 lr=1.0e-05 train=2.7618e-06 val=2.8538e-06 best=2.8538e-06 t=174s
seed2-v ep=1190 lr=1.0e-05 train=2.7345e-06 val=2.8237e-06 best=2.8237e-06 t=176s
seed2-v ep=1200 lr=1.0e-05 train=2.7142e-06 val=2.7987e-06 best=2.7987e-06 t=178s
seed2-v ep=1225 lr=1.0e-05 train=2.6599e-06 val=2.7621e-06 best=2.7621e-06 t=181s
seed2-v ep=1230 lr=1.0e-05 train=2.6507e-06 val=2.7441e-06 best=2.7441e-06 t=182s
seed2-v ep=1250 lr=1.0e-05 train=2.6280e-06 val=2.7732e-06 best=2.7088e-06 t=185s
seed2-v ep=1270 lr=1.0e-05 train=2.5765e-06 val=2.6663e-06 best=2.6663e-06 t=188s
seed2-v ep=1275 lr=1.0e-05 train=2.5702e-06 val=2.6752e-06 best=2.6600e-06 t=189s
seed2-v ep=1300 lr=1.0e-05 train=2.5258e-06 val=2.6389e-06 best=2.6149e-06 t=192s
seed2-v ep=1310 lr=1.0e-05 train=2.5071e-06 val=2.5868e-06 best=2.5868e-06 t=194s
seed2-v ep=1325 lr=1.0e-05 train=2.4986e-06 val=2.5757e-06 best=2.5691e-06 t=196s
seed2-v ep=1330 lr=1.0e-05 train=2.4794e-06 val=2.5678e-06 best=2.5678e-06 t=197s
seed2-v ep=1335 lr=1.0e-05 train=2.4645e-06 val=2.5391e-06 best=2.5391e-06 t=198s
seed2-v ep=1350 lr=1.0e-05 train=2.4385e-06 val=2.5220e-06 best=2.5203e-06 t=200s
seed2-v ep=1360 lr=1.0e-05 train=2.4186e-06 val=2.5076e-06 best=2.5076e-06 t=201s
seed2-v ep=1375 lr=1.0e-05 train=2.4033e-06 val=2.4855e-06 best=2.4774e-06 t=203s
seed2-v ep=1380 lr=1.0e-06 train=2.3548e-06 val=2.4297e-06 best=2.4297e-06 t=204s
seed2-v ep=1385 lr=1.0e-06 train=2.3354e-06 val=2.4254e-06 best=2.4254e-06 t=205s
seed2-v ep=1400 lr=1.0e-06 train=2.3329e-06 val=2.4235e-06 best=2.4235e-06 t=207s
seed2-v ep=1410 lr=1.0e-06 train=2.3322e-06 val=2.4208e-06 best=2.4208e-06 t=209s
seed2-v ep=1425 lr=1.0e-06 train=2.3288e-06 val=2.4198e-06 best=2.4191e-06 t=211s
seed2-v ep=1450 lr=1.0e-06 train=2.3248e-06 val=2.4146e-06 best=2.4146e-06 t=215s
seed2-v ep=1460 lr=1.0e-06 train=2.3229e-06 val=2.4131e-06 best=2.4131e-06 t=216s
seed2-v ep=1470 lr=1.0e-06 train=2.3213e-06 val=2.4114e-06 best=2.4114e-06 t=218s
seed2-v ep=1475 lr=1.0e-06 train=2.3202e-06 val=2.4136e-06 best=2.4090e-06 t=218s
seed2-v ep=1490 lr=1.0e-06 train=2.3172e-06 val=2.4069e-06 best=2.4069e-06 t=220s
seed2-v ep=1500 lr=1.0e-06 train=2.3137e-06 val=2.4048e-06 best=2.4045e-06 t=222s
seed2-v ep=1505 lr=1.0e-06 train=2.3145e-06 val=2.4039e-06 best=2.4039e-06 t=223s
seed2-v ep=1520 lr=1.0e-06 train=2.3107e-06 val=2.3987e-06 best=2.3987e-06 t=225s
seed2-v ep=1525 lr=1.0e-06 train=2.3100e-06 val=2.4012e-06 best=2.3980e-06 t=226s
seed2-v ep=1530 lr=1.0e-06 train=2.3079e-06 val=2.3974e-06 best=2.3974e-06 t=226s
seed2-v ep=1535 lr=1.0e-06 train=2.3075e-06 val=2.3969e-06 best=2.3969e-06 t=227s
seed2-v ep=1550 lr=1.0e-06 train=2.3057e-06 val=2.3927e-06 best=2.3927e-06 t=229s
seed2-v ep=1570 lr=1.0e-06 train=2.3000e-06 val=2.3888e-06 best=2.3888e-06 t=232s
seed2-v ep=1575 lr=1.0e-06 train=2.2976e-06 val=2.3848e-06 best=2.3848e-06 t=233s
seed2-v ep=1580 lr=1.0e-06 train=2.2973e-06 val=2.3837e-06 best=2.3837e-06 t=234s
seed2-v ep=1600 lr=1.0e-06 train=2.2941e-06 val=2.3813e-06 best=2.3810e-06 t=237s
seed2-v ep=1610 lr=1.0e-06 train=2.2905e-06 val=2.3788e-06 best=2.3788e-06 t=238s
seed2-v ep=1625 lr=1.0e-06 train=2.2872e-06 val=2.3774e-06 best=2.3742e-06 t=240s
seed2-v ep=1635 lr=1.0e-06 train=2.2840e-06 val=2.3719e-06 best=2.3719e-06 t=242s
seed2-v ep=1645 lr=1.0e-06 train=2.2828e-06 val=2.3696e-06 best=2.3696e-06 t=243s
seed2-v ep=1650 lr=1.0e-06 train=2.2814e-06 val=2.3689e-06 best=2.3687e-06 t=244s
seed2-v ep=1655 lr=1.0e-06 train=2.2794e-06 val=2.3668e-06 best=2.3668e-06 t=245s
seed2-v ep=1660 lr=1.0e-06 train=2.2799e-06 val=2.3661e-06 best=2.3661e-06 t=246s
seed2-v ep=1665 lr=1.0e-06 train=2.2785e-06 val=2.3650e-06 best=2.3650e-06 t=246s
seed2-v ep=1675 lr=1.0e-06 train=2.2769e-06 val=2.3663e-06 best=2.3644e-06 t=248s
seed2-v ep=1680 lr=1.0e-06 train=2.2752e-06 val=2.3637e-06 best=2.3637e-06 t=249s
seed2-v ep=1690 lr=1.0e-06 train=2.2728e-06 val=2.3595e-06 best=2.3595e-06 t=250s
seed2-v ep=1700 lr=1.0e-06 train=2.2698e-06 val=2.3604e-06 best=2.3587e-06 t=252s
seed2-v ep=1710 lr=1.0e-06 train=2.2682e-06 val=2.3546e-06 best=2.3546e-06 t=253s
seed2-v ep=1725 lr=1.0e-06 train=2.2650e-06 val=2.3539e-06 best=2.3527e-06 t=255s
seed2-v ep=1735 lr=1.0e-06 train=2.2618e-06 val=2.3495e-06 best=2.3495e-06 t=257s
seed2-v ep=1750 lr=1.0e-06 train=2.2592e-06 val=2.3477e-06 best=2.3477e-06 t=259s
seed2-v ep=1760 lr=1.0e-06 train=2.2574e-06 val=2.3439e-06 best=2.3439e-06 t=260s
seed2-v ep=1775 lr=1.0e-06 train=2.2540e-06 val=2.3403e-06 best=2.3379e-06 t=263s
seed2-v ep=1795 lr=1.0e-06 train=2.2494e-06 val=2.3367e-06 best=2.3367e-06 t=266s
seed2-v ep=1800 lr=1.0e-06 train=2.2484e-06 val=2.3355e-06 best=2.3348e-06 t=266s
seed2-v ep=1805 lr=1.0e-06 train=2.2477e-06 val=2.3347e-06 best=2.3347e-06 t=267s
seed2-v ep=1815 lr=1.0e-06 train=2.2464e-06 val=2.3313e-06 best=2.3313e-06 t=269s
seed2-v ep=1820 lr=1.0e-06 train=2.2445e-06 val=2.3310e-06 best=2.3310e-06 t=269s
seed2-v ep=1825 lr=1.0e-06 train=2.2439e-06 val=2.3298e-06 best=2.3298e-06 t=270s
seed2-v ep=1850 lr=1.0e-06 train=2.2378e-06 val=2.3239e-06 best=2.3239e-06 t=274s
seed2-v ep=1875 lr=1.0e-06 train=2.2327e-06 val=2.3198e-06 best=2.3186e-06 t=277s
seed2-v ep=1900 lr=1.0e-06 train=2.2277e-06 val=2.3170e-06 best=2.3126e-06 t=281s
seed2-v ep=1920 lr=1.0e-06 train=2.2219e-06 val=2.3067e-06 best=2.3067e-06 t=284s
seed2-v ep=1925 lr=1.0e-06 train=2.2214e-06 val=2.3080e-06 best=2.3067e-06 t=285s
seed2-v ep=1940 lr=1.0e-06 train=2.2186e-06 val=2.3041e-06 best=2.3041e-06 t=287s
seed2-v ep=1950 lr=1.0e-06 train=2.2165e-06 val=2.3041e-06 best=2.3015e-06 t=289s
seed2-v ep=1955 lr=1.0e-06 train=2.2161e-06 val=2.2985e-06 best=2.2985e-06 t=289s
seed2-v ep=1975 lr=1.0e-06 train=2.2102e-06 val=2.2973e-06 best=2.2973e-06 t=292s
seed2-v ep=1985 lr=1.0e-06 train=2.2092e-06 val=2.2940e-06 best=2.2940e-06 t=294s
seed2-v ep=2000 lr=1.0e-06 train=2.2062e-06 val=2.2906e-06 best=2.2906e-06 t=296s
seed2-v ep=2005 lr=1.0e-06 train=2.2051e-06 val=2.2904e-06 best=2.2904e-06 t=297s
seed2-v ep=2025 lr=1.0e-06 train=2.1999e-06 val=2.2886e-06 best=2.2862e-06 t=300s
seed2-v ep=2030 lr=1.0e-06 train=2.1995e-06 val=2.2836e-06 best=2.2836e-06 t=300s
seed2-v ep=2050 lr=1.0e-06 train=2.1948e-06 val=2.2757e-06 best=2.2757e-06 t=303s
seed2-v ep=2075 lr=1.0e-06 train=2.1915e-06 val=2.2770e-06 best=2.2751e-06 t=307s
seed2-v ep=2090 lr=1.0e-06 train=2.1881e-06 val=2.2719e-06 best=2.2719e-06 t=309s
seed2-v ep=2100 lr=1.0e-06 train=2.1860e-06 val=2.2705e-06 best=2.2705e-06 t=311s
seed2-v ep=2125 lr=1.0e-06 train=2.1794e-06 val=2.2640e-06 best=2.2640e-06 t=314s
seed2-v ep=2140 lr=1.0e-06 train=2.1777e-06 val=2.2606e-06 best=2.2606e-06 t=317s
seed2-v ep=2145 lr=1.0e-06 train=2.1747e-06 val=2.2587e-06 best=2.2587e-06 t=317s
seed2-v ep=2150 lr=1.0e-06 train=2.1741e-06 val=2.2608e-06 best=2.2587e-06 t=318s
seed2-v ep=2155 lr=1.0e-06 train=2.1735e-06 val=2.2580e-06 best=2.2580e-06 t=319s
seed2-v ep=2165 lr=1.0e-06 train=2.1726e-06 val=2.2552e-06 best=2.2552e-06 t=320s
seed2-v ep=2175 lr=1.0e-06 train=2.1689e-06 val=2.2541e-06 best=2.2531e-06 t=322s
seed2-v ep=2200 lr=1.0e-06 train=2.1647e-06 val=2.2497e-06 best=2.2488e-06 t=326s
seed2-v ep=2225 lr=1.0e-06 train=2.1586e-06 val=2.2452e-06 best=2.2417e-06 t=329s
seed2-v ep=2250 lr=1.0e-06 train=2.1539e-06 val=2.2378e-06 best=2.2360e-06 t=333s
seed2-v ep=2270 lr=1.0e-06 train=2.1494e-06 val=2.2311e-06 best=2.2311e-06 t=336s
seed2-v ep=2275 lr=1.0e-06 train=2.1489e-06 val=2.2345e-06 best=2.2311e-06 t=337s
seed2-v ep=2290 lr=1.0e-06 train=2.1470e-06 val=2.2291e-06 best=2.2291e-06 t=339s
seed2-v ep=2300 lr=1.0e-06 train=2.1442e-06 val=2.2249e-06 best=2.2249e-06 t=340s
seed2-v ep=2325 lr=1.0e-06 train=2.1405e-06 val=2.2252e-06 best=2.2218e-06 t=344s
seed2-v ep=2340 lr=1.0e-06 train=2.1363e-06 val=2.2178e-06 best=2.2178e-06 t=346s
seed2-v ep=2350 lr=1.0e-06 train=2.1350e-06 val=2.2196e-06 best=2.2178e-06 t=348s
seed2-v ep=2375 lr=1.0e-06 train=2.1284e-06 val=2.2103e-06 best=2.2103e-06 t=351s
seed2-v ep=2385 lr=1.0e-06 train=2.1274e-06 val=2.2103e-06 best=2.2103e-06 t=353s
seed2-v ep=2390 lr=1.0e-06 train=2.1254e-06 val=2.2068e-06 best=2.2068e-06 t=354s
seed2-v ep=2400 lr=1.0e-06 train=2.1243e-06 val=2.2063e-06 best=2.2060e-06 t=355s
seed2-v ep=2405 lr=1.0e-06 train=2.1228e-06 val=2.2050e-06 best=2.2050e-06 t=356s
seed2-v ep=2410 lr=1.0e-06 train=2.1231e-06 val=2.2049e-06 best=2.2049e-06 t=357s
seed2-v ep=2420 lr=1.0e-06 train=2.1213e-06 val=2.2016e-06 best=2.2016e-06 t=358s
seed2-v ep=2425 lr=1.0e-06 train=2.1190e-06 val=2.2004e-06 best=2.2004e-06 t=359s
seed2-v ep=2445 lr=1.0e-06 train=2.1155e-06 val=2.1970e-06 best=2.1970e-06 t=362s
seed2-v ep=2450 lr=1.0e-06 train=2.1134e-06 val=2.1977e-06 best=2.1969e-06 t=363s
seed2-v ep=2475 lr=1.0e-06 train=2.1092e-06 val=2.1936e-06 best=2.1900e-06 t=366s
seed2-v ep=2500 lr=1.0e-06 train=2.1039e-06 val=2.1881e-06 best=2.1871e-06 t=370s
seed2-v ep=2505 lr=1.0e-06 train=2.1040e-06 val=2.1844e-06 best=2.1844e-06 t=371s
seed2-v ep=2510 lr=1.0e-06 train=2.1022e-06 val=2.1834e-06 best=2.1834e-06 t=371s
seed2-v ep=2515 lr=1.0e-06 train=2.1014e-06 val=2.1834e-06 best=2.1834e-06 t=372s
seed2-v ep=2520 lr=1.0e-06 train=2.1017e-06 val=2.1813e-06 best=2.1813e-06 t=373s
seed2-v ep=2525 lr=1.0e-06 train=2.0999e-06 val=2.1805e-06 best=2.1790e-06 t=374s
seed2-v ep=2550 lr=1.0e-06 train=2.0949e-06 val=2.1785e-06 best=2.1770e-06 t=377s
seed2-v ep=2575 lr=1.0e-06 train=2.0891e-06 val=2.1720e-06 best=2.1711e-06 t=381s
seed2-v ep=2590 lr=1.0e-06 train=2.0872e-06 val=2.1670e-06 best=2.1670e-06 t=383s
seed2-v ep=2600 lr=1.0e-06 train=2.0846e-06 val=2.1666e-06 best=2.1664e-06 t=385s
seed2-v ep=2625 lr=1.0e-06 train=2.0807e-06 val=2.1607e-06 best=2.1605e-06 t=388s
seed2-v ep=2630 lr=1.0e-06 train=2.0790e-06 val=2.1592e-06 best=2.1592e-06 t=389s
seed2-v ep=2650 lr=1.0e-06 train=2.0751e-06 val=2.1594e-06 best=2.1570e-06 t=392s
seed2-v ep=2675 lr=1.0e-06 train=2.0705e-06 val=2.1526e-06 best=2.1508e-06 t=396s
seed2-v ep=2700 lr=1.0e-06 train=2.0671e-06 val=2.1498e-06 best=2.1476e-06 t=400s
seed2-v ep=2720 lr=1.0e-06 train=2.0622e-06 val=2.1414e-06 best=2.1414e-06 t=403s
seed2-v ep=2725 lr=1.0e-06 train=2.0612e-06 val=2.1397e-06 best=2.1397e-06 t=403s
seed2-v ep=2730 lr=1.0e-06 train=2.0607e-06 val=2.1393e-06 best=2.1393e-06 t=404s
seed2-v ep=2740 lr=1.0e-06 train=2.0583e-06 val=2.1392e-06 best=2.1392e-06 t=405s
seed2-v ep=2750 lr=1.0e-06 train=2.0576e-06 val=2.1391e-06 best=2.1372e-06 t=407s
seed2-v ep=2775 lr=1.0e-06 train=2.0519e-06 val=2.1353e-06 best=2.1329e-06 t=411s
seed2-v ep=2790 lr=1.0e-06 train=2.0499e-06 val=2.1297e-06 best=2.1297e-06 t=413s
seed2-v ep=2800 lr=1.0e-06 train=2.0474e-06 val=2.1293e-06 best=2.1268e-06 t=414s
seed2-v ep=2820 lr=1.0e-06 train=2.0433e-06 val=2.1243e-06 best=2.1243e-06 t=417s
seed2-v ep=2825 lr=1.0e-06 train=2.0430e-06 val=2.1218e-06 best=2.1218e-06 t=418s
seed2-v ep=2850 lr=1.0e-06 train=2.0377e-06 val=2.1165e-06 best=2.1165e-06 t=422s
seed2-v ep=2860 lr=1.0e-06 train=2.0358e-06 val=2.1149e-06 best=2.1149e-06 t=423s
seed2-v ep=2875 lr=1.0e-06 train=2.0342e-06 val=2.1133e-06 best=2.1120e-06 t=425s
seed2-v ep=2895 lr=1.0e-06 train=2.0300e-06 val=2.1086e-06 best=2.1086e-06 t=428s
seed2-v ep=2900 lr=1.0e-06 train=2.0300e-06 val=2.1116e-06 best=2.1081e-06 t=429s
seed2-v ep=2905 lr=1.0e-06 train=2.0283e-06 val=2.1055e-06 best=2.1055e-06 t=430s
seed2-v ep=2915 lr=1.0e-06 train=2.0251e-06 val=2.1045e-06 best=2.1045e-06 t=431s
seed2-v ep=2920 lr=1.0e-06 train=2.0249e-06 val=2.1042e-06 best=2.1042e-06 t=432s
seed2-v ep=2925 lr=1.0e-06 train=2.0255e-06 val=2.1020e-06 best=2.1020e-06 t=433s
seed2-v ep=2935 lr=1.0e-06 train=2.0225e-06 val=2.1007e-06 best=2.1007e-06 t=434s
seed2-v ep=2940 lr=1.0e-06 train=2.0214e-06 val=2.1007e-06 best=2.1007e-06 t=435s
seed2-v ep=2945 lr=1.0e-06 train=2.0206e-06 val=2.0991e-06 best=2.0991e-06 t=436s
seed2-v ep=2950 lr=1.0e-06 train=2.0194e-06 val=2.0993e-06 best=2.0977e-06 t=437s
seed2-v ep=2960 lr=1.0e-06 train=2.0184e-06 val=2.0970e-06 best=2.0970e-06 t=438s
seed2-v ep=2965 lr=1.0e-06 train=2.0172e-06 val=2.0955e-06 best=2.0955e-06 t=439s
seed2-v ep=2970 lr=1.0e-06 train=2.0168e-06 val=2.0945e-06 best=2.0945e-06 t=440s
seed2-v ep=2975 lr=1.0e-06 train=2.0158e-06 val=2.0967e-06 best=2.0942e-06 t=440s
seed2-v ep=3000 lr=1.0e-06 train=2.0098e-06 val=2.0912e-06 best=2.0872e-06 t=444s
seed2-v ep=3025 lr=1.0e-06 train=2.0061e-06 val=2.0853e-06 best=2.0842e-06 t=448s
seed2-v ep=3050 lr=1.0e-06 train=2.0023e-06 val=2.0819e-06 best=2.0802e-06 t=451s
seed2-v ep=3070 lr=1.0e-06 train=1.9988e-06 val=2.0775e-06 best=2.0775e-06 t=454s
seed2-v ep=3075 lr=1.0e-06 train=1.9974e-06 val=2.0726e-06 best=2.0726e-06 t=455s
seed2-v ep=3095 lr=1.0e-06 train=1.9928e-06 val=2.0708e-06 best=2.0708e-06 t=458s
seed2-v ep=3100 lr=1.0e-06 train=1.9927e-06 val=2.0718e-06 best=2.0707e-06 t=459s
seed2-v ep=3125 lr=1.0e-06 train=1.9885e-06 val=2.0705e-06 best=2.0661e-06 t=462s
seed2-v ep=3145 lr=1.0e-06 train=1.9851e-06 val=2.0621e-06 best=2.0621e-06 t=465s
seed2-v ep=3150 lr=1.0e-06 train=1.9834e-06 val=2.0606e-06 best=2.0606e-06 t=466s
seed2-v ep=3175 lr=1.0e-06 train=1.9804e-06 val=2.0579e-06 best=2.0568e-06 t=470s
seed2-v ep=3195 lr=1.0e-06 train=1.9766e-06 val=2.0534e-06 best=2.0534e-06 t=473s
seed2-v ep=3200 lr=1.0e-06 train=1.9751e-06 val=2.0543e-06 best=2.0525e-06 t=474s
seed2-v ep=3215 lr=1.0e-06 train=1.9714e-06 val=2.0486e-06 best=2.0486e-06 t=476s
seed2-v ep=3225 lr=1.0e-06 train=1.9707e-06 val=2.0499e-06 best=2.0468e-06 t=477s
seed2-v ep=3250 lr=1.0e-06 train=1.9669e-06 val=2.0447e-06 best=2.0429e-06 t=481s
seed2-v ep=3255 lr=1.0e-06 train=1.9660e-06 val=2.0416e-06 best=2.0416e-06 t=482s
seed2-v ep=3270 lr=1.0e-06 train=1.9627e-06 val=2.0397e-06 best=2.0397e-06 t=484s
seed2-v ep=3275 lr=1.0e-06 train=1.9624e-06 val=2.0380e-06 best=2.0380e-06 t=485s
seed2-v ep=3285 lr=1.0e-06 train=1.9606e-06 val=2.0362e-06 best=2.0362e-06 t=486s
seed2-v ep=3300 lr=1.0e-06 train=1.9580e-06 val=2.0367e-06 best=2.0349e-06 t=488s
seed2-v ep=3315 lr=1.0e-06 train=1.9560e-06 val=2.0319e-06 best=2.0319e-06 t=491s
seed2-v ep=3320 lr=1.0e-06 train=1.9546e-06 val=2.0298e-06 best=2.0298e-06 t=491s
seed2-v ep=3325 lr=1.0e-06 train=1.9534e-06 val=2.0308e-06 best=2.0285e-06 t=492s
seed2-v ep=3335 lr=1.0e-06 train=1.9519e-06 val=2.0271e-06 best=2.0271e-06 t=494s
seed2-v ep=3350 lr=1.0e-06 train=1.9491e-06 val=2.0274e-06 best=2.0234e-06 t=496s
seed2-v ep=3375 lr=1.0e-06 train=1.9456e-06 val=2.0234e-06 best=2.0209e-06 t=499s
seed2-v ep=3380 lr=1.0e-06 train=1.9441e-06 val=2.0207e-06 best=2.0207e-06 t=500s
seed2-v ep=3390 lr=1.0e-06 train=1.9420e-06 val=2.0179e-06 best=2.0179e-06 t=502s
seed2-v ep=3400 lr=1.0e-06 train=1.9407e-06 val=2.0163e-06 best=2.0163e-06 t=503s
seed2-v ep=3425 lr=1.0e-06 train=1.9369e-06 val=2.0156e-06 best=2.0118e-06 t=507s
seed2-v ep=3440 lr=1.0e-06 train=1.9332e-06 val=2.0102e-06 best=2.0102e-06 t=509s
seed2-v ep=3450 lr=1.0e-06 train=1.9318e-06 val=2.0084e-06 best=2.0059e-06 t=511s
seed2-v ep=3465 lr=1.0e-06 train=1.9307e-06 val=2.0054e-06 best=2.0054e-06 t=513s
seed2-v ep=3475 lr=1.0e-06 train=1.9285e-06 val=2.0064e-06 best=2.0042e-06 t=514s
seed2-v ep=3480 lr=1.0e-06 train=1.9266e-06 val=2.0036e-06 best=2.0036e-06 t=515s
seed2-v ep=3485 lr=1.0e-06 train=1.9256e-06 val=2.0012e-06 best=2.0012e-06 t=516s
seed2-v ep=3490 lr=1.0e-06 train=1.9251e-06 val=1.9999e-06 best=1.9999e-06 t=516s
seed2-v ep=3495 lr=1.0e-06 train=1.9247e-06 val=1.9995e-06 best=1.9995e-06 t=517s
seed2-v ep=3500 lr=1.0e-06 train=1.9247e-06 val=2.0012e-06 best=1.9995e-06 t=518s
seed2-v ep=3520 lr=1.0e-06 train=1.9198e-06 val=1.9941e-06 best=1.9941e-06 t=521s
seed2-v ep=3525 lr=1.0e-06 train=1.9188e-06 val=1.9969e-06 best=1.9941e-06 t=522s
seed2-v ep=3535 lr=1.0e-06 train=1.9168e-06 val=1.9933e-06 best=1.9933e-06 t=523s
seed2-v ep=3540 lr=1.0e-06 train=1.9166e-06 val=1.9907e-06 best=1.9907e-06 t=524s
seed2-v ep=3550 lr=1.0e-06 train=1.9146e-06 val=1.9921e-06 best=1.9907e-06 t=525s
seed2-v ep=3560 lr=1.0e-06 train=1.9139e-06 val=1.9875e-06 best=1.9875e-06 t=527s
seed2-v ep=3575 lr=1.0e-06 train=1.9110e-06 val=1.9853e-06 best=1.9853e-06 t=529s
seed2-v ep=3600 lr=1.0e-06 train=1.9070e-06 val=1.9841e-06 best=1.9823e-06 t=533s
seed2-v ep=3625 lr=1.0e-06 train=1.9028e-06 val=1.9784e-06 best=1.9775e-06 t=536s
seed2-v ep=3650 lr=1.0e-06 train=1.8992e-06 val=1.9733e-06 best=1.9733e-06 t=540s
seed2-v ep=3665 lr=1.0e-06 train=1.8955e-06 val=1.9704e-06 best=1.9704e-06 t=542s
seed2-v ep=3675 lr=1.0e-06 train=1.8952e-06 val=1.9715e-06 best=1.9678e-06 t=544s
seed2-v ep=3700 lr=1.0e-06 train=1.8909e-06 val=1.9643e-06 best=1.9631e-06 t=548s
seed2-v ep=3705 lr=1.0e-06 train=1.8892e-06 val=1.9627e-06 best=1.9627e-06 t=548s
seed2-v ep=3725 lr=1.0e-06 train=1.8862e-06 val=1.9610e-06 best=1.9590e-06 t=551s
seed2-v ep=3735 lr=1.0e-06 train=1.8845e-06 val=1.9573e-06 best=1.9573e-06 t=553s
seed2-v ep=3740 lr=1.0e-06 train=1.8836e-06 val=1.9564e-06 best=1.9564e-06 t=553s
seed2-v ep=3750 lr=1.0e-06 train=1.8828e-06 val=1.9575e-06 best=1.9546e-06 t=555s
seed2-v ep=3765 lr=1.0e-06 train=1.8796e-06 val=1.9540e-06 best=1.9540e-06 t=557s
seed2-v ep=3770 lr=1.0e-06 train=1.8793e-06 val=1.9510e-06 best=1.9510e-06 t=558s
seed2-v ep=3775 lr=1.0e-06 train=1.8780e-06 val=1.9521e-06 best=1.9510e-06 t=559s
seed2-v ep=3780 lr=1.0e-06 train=1.8764e-06 val=1.9497e-06 best=1.9497e-06 t=559s
seed2-v ep=3800 lr=1.0e-06 train=1.8739e-06 val=1.9501e-06 best=1.9473e-06 t=562s
seed2-v ep=3825 lr=1.0e-06 train=1.8692e-06 val=1.9444e-06 best=1.9435e-06 t=566s
seed2-v ep=3830 lr=1.0e-06 train=1.8693e-06 val=1.9418e-06 best=1.9418e-06 t=567s
seed2-v ep=3850 lr=1.0e-06 train=1.8656e-06 val=1.9401e-06 best=1.9386e-06 t=570s
seed2-v ep=3875 lr=1.0e-06 train=1.8620e-06 val=1.9370e-06 best=1.9346e-06 t=573s
seed2-v ep=3880 lr=1.0e-06 train=1.8615e-06 val=1.9310e-06 best=1.9310e-06 t=574s
seed2-v ep=3900 lr=1.0e-06 train=1.8588e-06 val=1.9316e-06 best=1.9310e-06 t=577s
seed2-v ep=3905 lr=1.0e-06 train=1.8571e-06 val=1.9304e-06 best=1.9304e-06 t=578s
seed2-v ep=3910 lr=1.0e-06 train=1.8564e-06 val=1.9290e-06 best=1.9290e-06 t=579s
seed2-v ep=3925 lr=1.0e-06 train=1.8543e-06 val=1.9295e-06 best=1.9271e-06 t=581s
seed2-v ep=3935 lr=1.0e-06 train=1.8524e-06 val=1.9246e-06 best=1.9246e-06 t=582s
seed2-v ep=3945 lr=1.0e-06 train=1.8503e-06 val=1.9229e-06 best=1.9229e-06 t=584s
seed2-v ep=3950 lr=1.0e-06 train=1.8509e-06 val=1.9226e-06 best=1.9226e-06 t=585s
seed2-v ep=3955 lr=1.0e-06 train=1.8490e-06 val=1.9206e-06 best=1.9206e-06 t=585s
seed2-v ep=3975 lr=1.0e-06 train=1.8465e-06 val=1.9208e-06 best=1.9177e-06 t=588s
seed2-v ep=3985 lr=1.0e-06 train=1.8439e-06 val=1.9148e-06 best=1.9148e-06 t=590s
seed2-v ep=4000 lr=1.0e-06 train=1.8422e-06 val=1.9172e-06 best=1.9144e-06 t=592s
seed2-v ep=4020 lr=1.0e-06 train=1.8393e-06 val=1.9112e-06 best=1.9112e-06 t=595s
seed2-v ep=4025 lr=1.0e-06 train=1.8376e-06 val=1.9110e-06 best=1.9105e-06 t=596s
seed2-v ep=4040 lr=1.0e-06 train=1.8349e-06 val=1.9076e-06 best=1.9076e-06 t=598s
seed2-v ep=4050 lr=1.0e-06 train=1.8339e-06 val=1.9058e-06 best=1.9058e-06 t=599s
seed2-v ep=4070 lr=1.0e-06 train=1.8306e-06 val=1.9014e-06 best=1.9014e-06 t=602s
seed2-v ep=4075 lr=1.0e-06 train=1.8300e-06 val=1.9039e-06 best=1.9014e-06 t=603s
seed2-v ep=4085 lr=1.0e-06 train=1.8285e-06 val=1.9004e-06 best=1.9004e-06 t=605s
seed2-v ep=4090 lr=1.0e-06 train=1.8275e-06 val=1.8997e-06 best=1.8997e-06 t=605s
seed2-v ep=4095 lr=1.0e-06 train=1.8271e-06 val=1.8987e-06 best=1.8987e-06 t=606s
seed2-v ep=4100 lr=1.0e-06 train=1.8263e-06 val=1.8999e-06 best=1.8987e-06 t=607s
seed2-v ep=4110 lr=1.0e-06 train=1.8248e-06 val=1.8944e-06 best=1.8944e-06 t=608s
seed2-v ep=4125 lr=1.0e-06 train=1.8226e-06 val=1.8972e-06 best=1.8944e-06 t=610s
seed2-v ep=4130 lr=1.0e-06 train=1.8220e-06 val=1.8933e-06 best=1.8933e-06 t=611s
seed2-v ep=4145 lr=1.0e-06 train=1.8194e-06 val=1.8912e-06 best=1.8912e-06 t=613s
seed2-v ep=4150 lr=1.0e-06 train=1.8186e-06 val=1.8898e-06 best=1.8885e-06 t=614s
seed2-v ep=4160 lr=1.0e-06 train=1.8170e-06 val=1.8873e-06 best=1.8873e-06 t=616s
seed2-v ep=4175 lr=1.0e-06 train=1.8150e-06 val=1.8879e-06 best=1.8855e-06 t=618s
seed2-v ep=4200 lr=1.0e-06 train=1.8113e-06 val=1.8810e-06 best=1.8810e-06 t=622s
seed2-v ep=4220 lr=1.0e-06 train=1.8070e-06 val=1.8791e-06 best=1.8791e-06 t=625s
seed2-v ep=4225 lr=1.0e-06 train=1.8072e-06 val=1.8789e-06 best=1.8781e-06 t=625s
seed2-v ep=4245 lr=1.0e-06 train=1.8042e-06 val=1.8742e-06 best=1.8742e-06 t=628s
seed2-v ep=4250 lr=1.0e-06 train=1.8031e-06 val=1.8739e-06 best=1.8739e-06 t=629s
seed2-v ep=4260 lr=1.0e-06 train=1.8016e-06 val=1.8722e-06 best=1.8722e-06 t=630s
seed2-v ep=4275 lr=1.0e-06 train=1.7993e-06 val=1.8712e-06 best=1.8701e-06 t=633s
seed2-v ep=4290 lr=1.0e-06 train=1.7967e-06 val=1.8668e-06 best=1.8668e-06 t=635s
seed2-v ep=4300 lr=1.0e-06 train=1.7958e-06 val=1.8681e-06 best=1.8668e-06 t=636s
seed2-v ep=4305 lr=1.0e-06 train=1.7943e-06 val=1.8653e-06 best=1.8653e-06 t=637s
seed2-v ep=4315 lr=1.0e-06 train=1.7931e-06 val=1.8643e-06 best=1.8643e-06 t=639s
seed2-v ep=4320 lr=1.0e-06 train=1.7930e-06 val=1.8640e-06 best=1.8640e-06 t=639s
seed2-v ep=4325 lr=1.0e-06 train=1.7918e-06 val=1.8641e-06 best=1.8625e-06 t=640s
seed2-v ep=4345 lr=1.0e-06 train=1.7889e-06 val=1.8590e-06 best=1.8590e-06 t=643s
seed2-v ep=4350 lr=1.0e-06 train=1.7875e-06 val=1.8587e-06 best=1.8587e-06 t=644s
seed2-v ep=4355 lr=1.0e-06 train=1.7880e-06 val=1.8577e-06 best=1.8577e-06 t=644s
seed2-v ep=4375 lr=1.0e-06 train=1.7844e-06 val=1.8562e-06 best=1.8546e-06 t=647s
seed2-v ep=4385 lr=1.0e-07 train=1.7774e-06 val=1.8508e-06 best=1.8508e-06 t=649s
seed2-v ep=4390 lr=1.0e-07 train=1.7771e-06 val=1.8501e-06 best=1.8501e-06 t=650s
seed2-v ep=4400 lr=1.0e-08 train=1.7766e-06 val=1.8508e-06 best=1.8501e-06 t=651s
seed2-v ep=4425 lr=1.0e-08 train=1.7765e-06 val=1.8505e-06 best=1.8501e-06 t=655s
seed2-v ep=4450 lr=1.0e-08 train=1.7765e-06 val=1.8504e-06 best=1.8501e-06 t=659s
seed2-v ep=4475 lr=1.0e-08 train=1.7765e-06 val=1.8503e-06 best=1.8501e-06 t=662s
seed2-v ep=4500 lr=1.0e-08 train=1.7764e-06 val=1.8503e-06 best=1.8501e-06 t=666s
seed2-v ep=4525 lr=1.0e-08 train=1.7764e-06 val=1.8503e-06 best=1.8501e-06 t=670s
seed2-v ep=4550 lr=1.0e-08 train=1.7764e-06 val=1.8502e-06 best=1.8501e-06 t=673s
seed2-v ep=4575 lr=1.0e-08 train=1.7763e-06 val=1.8502e-06 best=1.8501e-06 t=677s
TRAINED seed=2 v {'stop_reason': 'early_stop', 'truncated': False, 'epochs': 4591, 'best_val': 1.8501203840060043e-06, 'final_lr': 1e-08, 'seconds': 679.2384609780274}
NM-LSPG seed=2 {'error': {'u': 0.016785990636415872, 'v': 0.01731942442067609, 'max': 0.01731942442067609}, 'seconds_warm': 2.1927363299764693, 'gn_iterations_mean': 3.4093332290649414, 'gn_iterations_max': 5, 'gn_cap_hits': 0, 'last_step_norm_max': 1.6028737527344526e-07, 'finite': True, 'ic_error': 0.004025159063003381} projection {'u': 0.010390085739615237, 'v': 0.01207244957547464, 'max': 0.01207244957547464}
NM-LSPG-HR seed=2 {'subnet_parity': 2.535303171784066e-13, 'residual_basis': 55, 'samples': 58, 'nodes_evaluated': 109, 'active_hidden': [3760, 3760], 'error': {'u': 1.0452127714067252, 'v': 1.5402703935531683, 'max': 1.5402703935531683}, 'finite': True, 'sampled_basis_singular_values': [0.9537163880094682, 0.07372659203178548], 'seconds_warm': 1.099144735839218, 'gn_iterations_mean': 4.391333103179932}
NM-LSPG-HR seed=2 {'subnet_parity': 0.0, 'residual_basis': 51, 'samples': 54, 'nodes_evaluated': 104, 'active_hidden': [3370, 3370], 'error': {'u': 16.677164210912977, 'v': 5.61646335826824, 'max': 16.677164210912977}, 'finite': True, 'sampled_basis_singular_values': [0.9464708965144866, 0.07944664324375532], 'seconds_warm': 1.590417570900172, 'gn_iterations_mean': 6.73199987411499}
NM-LSPG-HR seed=2 {'subnet_parity': 5.184612783162231e-13, 'residual_basis': 44, 'samples': 47, 'nodes_evaluated': 87, 'active_hidden': [2740, 2740], 'error': {'u': 0.7733589141483392, 'v': 1.4841341987606518, 'max': 1.4841341987606518}, 'finite': True, 'sampled_basis_singular_values': [0.9395467934855674, 0.06217850384544993], 'seconds_warm': 1.0965040121227503, 'gn_iterations_mean': 4.564666748046875}
NM-LSPG-HR seed=2 {'subnet_parity': 2.6998590212202917e-13, 'residual_basis': 40, 'samples': 40, 'nodes_evaluated': 74, 'active_hidden': [2550, 2550], 'error': {'u': 79.48604467036634, 'v': 61.2537611200746, 'max': 79.48604467036634}, 'finite': True, 'sampled_basis_singular_values': [0.9146490654484114, 0.04499586442982953], 'seconds_warm': 1.7952563781291246, 'gn_iterations_mean': 7.645333290100098}
NM-LSPG-HR seed=2 {'subnet_parity': 0.0, 'residual_basis': 60, 'samples': 60, 'nodes_evaluated': 104, 'active_hidden': [3580, 3580], 'error': {'u': 0.9642469419244725, 'v': 0.4958599691955453, 'max': 0.9642469419244725}, 'finite': True, 'sampled_basis_singular_values': [0.9545836664532408, 0.04554318548193428], 'seconds_warm': 1.1141146756708622, 'gn_iterations_mean': 4.621333122253418}
GATE {'rule': 'median over exactly three distinct seeds of NM-LSPG max relative error <= 1.5 % (diverged seed = inf) AND a converged, finite LS-LSPG control >= 10 %; HR gate: median NM-LSPG-HR (55 basis / 58 samples) <= 2 %', 'note': 'published 34-38 % is LS-LSPG-HR; this control is LS-LSPG without HR (their Fig. 13 shows LS-LSPG >> NM-LSPG at n_s=5)', 'attempt': 1, 'seeds': [0, 1, 2], 'nm_lspg_errors': [0.016662899821837662, 0.014460925369739542, 0.01731942442067609], 'nm_lspg_median': 0.016662899821837662, 'ls_lspg': 0.31595478053611603, 'ls_valid': True, 'hr_errors': [1.316887747295924, 3.1889146515507574, 1.5402703935531683], 'hr_median': 1.5402703935531683, 'passed': False, 'hr_passed': False, 'recipe': {'act': 'swish', 'scale': 'feature', 'train_dtype': 'float32', 'b': 100, 'db': 10, 'ns': 5, 'nx': 60, 'nt': 1500, 'online_dtype': 'float64'}}
ALL-DONE
