host=pax105 source_commit=ac769088d2639c4958fca3019cfc952627af8ed0
NVIDIA A100 80GB PCIe, GPU-c52a7f04-fc38-6157-cf19-5c7ff0945752, 81920 MiB
10.235.106.20:/projects/paralab  4.6T  4.2T  435G  91% /cluster/tufts/paralab
jax_backend=gpu
jax_backend=gpu
FOM mu=0.9 16.4s newton_max=3 relres_max=9.92e-12
FOM mu=0.95 13.9s newton_max=3 relres_max=9.98e-12
FOM mu=1.05 14.3s newton_max=3 relres_max=9.93e-12
FOM mu=1.1 14.3s newton_max=3 relres_max=9.94e-12
FOM mu=1.0 14.1s newton_max=3 relres_max=9.95e-12
n=3364 M1=6728 M2=33730 P=320 nnz=1063720 train=5404 val=600
LS-LSPG {'error': {'u': 0.31595478053610554, 'v': 0.3159547805361059, 'max': 0.3159547805361059}, 'gn_iterations_max': 3, 'gn_cap_hits': 0, 'last_step_norm_max': 1.87927904291625e-07, 'finite': True} LS projection {'u': 0.1796143089785209, 'v': 0.1796143089785209, 'max': 0.1796143089785209}
seed0-u ep=0 lr=1.0e-03 train=4.4559e-02 val=1.6589e-02 best=1.6589e-02 t=0s
seed0-u ep=5 lr=1.0e-03 train=9.9967e-04 val=9.1480e-04 best=9.1480e-04 t=1s
seed0-u ep=10 lr=1.0e-03 train=2.7297e-04 val=1.7863e-04 best=1.7863e-04 t=1s
seed0-u ep=15 lr=1.0e-03 train=8.9189e-05 val=8.1317e-05 best=8.1317e-05 t=2s
seed0-u ep=25 lr=1.0e-03 train=3.7045e-05 val=4.3240e-05 best=3.6106e-05 t=4s
seed0-u ep=35 lr=1.0e-03 train=1.8326e-05 val=1.6592e-05 best=1.6592e-05 t=5s
seed0-u ep=50 lr=1.0e-03 train=5.5669e-05 val=5.4432e-05 best=1.3974e-05 t=7s
seed0-u ep=60 lr=1.0e-04 train=6.7038e-06 val=7.0178e-06 best=7.0178e-06 t=9s
seed0-u ep=65 lr=1.0e-04 train=6.4260e-06 val=6.7226e-06 best=6.7226e-06 t=9s
seed0-u ep=70 lr=1.0e-04 train=6.2493e-06 val=6.5458e-06 best=6.5458e-06 t=10s
seed0-u ep=75 lr=1.0e-04 train=6.0989e-06 val=6.3814e-06 best=6.3814e-06 t=11s
seed0-u ep=80 lr=1.0e-04 train=5.9366e-06 val=6.2435e-06 best=6.2435e-06 t=12s
seed0-u ep=85 lr=1.0e-04 train=5.7810e-06 val=6.0561e-06 best=6.0561e-06 t=12s
seed0-u ep=90 lr=1.0e-04 train=5.6335e-06 val=5.9069e-06 best=5.9069e-06 t=13s
seed0-u ep=95 lr=1.0e-04 train=5.4971e-06 val=5.7290e-06 best=5.7290e-06 t=14s
seed0-u ep=100 lr=1.0e-04 train=5.3253e-06 val=5.5892e-06 best=5.5892e-06 t=15s
seed0-u ep=105 lr=1.0e-04 train=5.1748e-06 val=5.4243e-06 best=5.4243e-06 t=15s
seed0-u ep=110 lr=1.0e-04 train=5.0268e-06 val=5.2887e-06 best=5.2887e-06 t=16s
seed0-u ep=115 lr=1.0e-04 train=4.8892e-06 val=5.1181e-06 best=5.1181e-06 t=17s
seed0-u ep=120 lr=1.0e-04 train=4.7367e-06 val=4.9908e-06 best=4.9908e-06 t=17s
seed0-u ep=125 lr=1.0e-04 train=4.6092e-06 val=4.8089e-06 best=4.8089e-06 t=18s
seed0-u ep=130 lr=1.0e-04 train=4.4593e-06 val=4.6800e-06 best=4.6800e-06 t=19s
seed0-u ep=135 lr=1.0e-04 train=4.3243e-06 val=4.5413e-06 best=4.5413e-06 t=20s
seed0-u ep=140 lr=1.0e-04 train=4.1887e-06 val=4.3771e-06 best=4.3771e-06 t=20s
seed0-u ep=145 lr=1.0e-04 train=4.0506e-06 val=4.2405e-06 best=4.2405e-06 t=21s
seed0-u ep=150 lr=1.0e-04 train=3.8973e-06 val=4.0889e-06 best=4.0889e-06 t=22s
seed0-u ep=155 lr=1.0e-04 train=3.7835e-06 val=3.9625e-06 best=3.9625e-06 t=23s
seed0-u ep=160 lr=1.0e-04 train=3.6634e-06 val=3.8355e-06 best=3.8355e-06 t=23s
seed0-u ep=165 lr=1.0e-04 train=3.5149e-06 val=3.6889e-06 best=3.6889e-06 t=24s
seed0-u ep=170 lr=1.0e-04 train=3.3936e-06 val=3.5470e-06 best=3.5470e-06 t=25s
seed0-u ep=175 lr=1.0e-04 train=3.2827e-06 val=3.4728e-06 best=3.4728e-06 t=26s
seed0-u ep=180 lr=1.0e-04 train=3.1751e-06 val=3.3070e-06 best=3.3070e-06 t=26s
seed0-u ep=185 lr=1.0e-04 train=3.0333e-06 val=3.1966e-06 best=3.1966e-06 t=27s
seed0-u ep=200 lr=1.0e-04 train=2.7668e-06 val=2.9024e-06 best=2.9024e-06 t=29s
seed0-u ep=205 lr=1.0e-04 train=2.6297e-06 val=2.7456e-06 best=2.7456e-06 t=30s
seed0-u ep=215 lr=1.0e-04 train=2.4231e-06 val=2.5475e-06 best=2.5475e-06 t=31s
seed0-u ep=225 lr=1.0e-04 train=2.2538e-06 val=2.3856e-06 best=2.3607e-06 t=33s
seed0-u ep=235 lr=1.0e-04 train=2.0883e-06 val=2.1787e-06 best=2.1787e-06 t=34s
seed0-u ep=240 lr=1.0e-04 train=2.0527e-06 val=2.1245e-06 best=2.1245e-06 t=35s
seed0-u ep=250 lr=1.0e-04 train=2.0883e-06 val=2.0035e-06 best=2.0035e-06 t=37s
seed0-u ep=260 lr=1.0e-04 train=1.8111e-06 val=1.8943e-06 best=1.8943e-06 t=38s
seed0-u ep=275 lr=1.0e-04 train=1.7197e-06 val=2.1536e-06 best=1.6688e-06 t=40s
seed0-u ep=300 lr=1.0e-04 train=1.3710e-06 val=1.4150e-06 best=1.4150e-06 t=44s
seed0-u ep=305 lr=1.0e-04 train=1.3130e-06 val=1.3596e-06 best=1.3596e-06 t=45s
seed0-u ep=320 lr=1.0e-05 train=1.0289e-06 val=1.0899e-06 best=1.0899e-06 t=47s
seed0-u ep=325 lr=1.0e-05 train=1.0242e-06 val=1.0841e-06 best=1.0841e-06 t=48s
seed0-u ep=345 lr=1.0e-05 train=1.0084e-06 val=1.0697e-06 best=1.0697e-06 t=51s
seed0-u ep=350 lr=1.0e-05 train=1.0041e-06 val=1.0646e-06 best=1.0646e-06 t=51s
seed0-u ep=355 lr=1.0e-05 train=9.9920e-07 val=1.0584e-06 best=1.0584e-06 t=52s
seed0-u ep=365 lr=1.0e-05 train=9.8844e-07 val=1.0467e-06 best=1.0467e-06 t=54s
seed0-u ep=370 lr=1.0e-05 train=9.8336e-07 val=1.0406e-06 best=1.0406e-06 t=55s
seed0-u ep=375 lr=1.0e-05 train=9.7981e-07 val=1.0468e-06 best=1.0387e-06 t=55s
seed0-u ep=380 lr=1.0e-05 train=9.7646e-07 val=1.0325e-06 best=1.0325e-06 t=56s
seed0-u ep=390 lr=1.0e-05 train=9.6356e-07 val=1.0171e-06 best=1.0171e-06 t=58s
seed0-u ep=400 lr=1.0e-05 train=9.5218e-07 val=1.0082e-06 best=1.0082e-06 t=59s
seed0-u ep=405 lr=1.0e-05 train=9.4772e-07 val=1.0011e-06 best=1.0011e-06 t=60s
seed0-u ep=425 lr=1.0e-05 train=9.2098e-07 val=9.7348e-07 best=9.7348e-07 t=63s
seed0-u ep=435 lr=1.0e-05 train=9.0557e-07 val=9.5635e-07 best=9.5635e-07 t=64s
seed0-u ep=440 lr=1.0e-05 train=8.9700e-07 val=9.4834e-07 best=9.4834e-07 t=65s
seed0-u ep=450 lr=1.0e-05 train=8.8614e-07 val=9.4388e-07 best=9.3502e-07 t=67s
seed0-u ep=475 lr=1.0e-05 train=8.5148e-07 val=9.0267e-07 best=8.9692e-07 t=70s
seed0-u ep=480 lr=1.0e-05 train=8.3944e-07 val=8.8634e-07 best=8.8634e-07 t=71s
seed0-u ep=490 lr=1.0e-05 train=8.2337e-07 val=8.6883e-07 best=8.6883e-07 t=73s
seed0-u ep=495 lr=1.0e-05 train=8.1587e-07 val=8.6185e-07 best=8.6185e-07 t=73s
seed0-u ep=500 lr=1.0e-05 train=8.0771e-07 val=8.5235e-07 best=8.5235e-07 t=74s
seed0-u ep=520 lr=1.0e-05 train=7.7844e-07 val=8.2365e-07 best=8.2365e-07 t=77s
seed0-u ep=525 lr=1.0e-05 train=7.7428e-07 val=8.2033e-07 best=8.2033e-07 t=78s
seed0-u ep=530 lr=1.0e-05 train=7.6269e-07 val=8.0690e-07 best=8.0690e-07 t=79s
seed0-u ep=535 lr=1.0e-05 train=7.6040e-07 val=7.9739e-07 best=7.9739e-07 t=79s
seed0-u ep=540 lr=1.0e-05 train=7.5071e-07 val=7.9065e-07 best=7.9065e-07 t=80s
seed0-u ep=550 lr=1.0e-05 train=7.4201e-07 val=7.7721e-07 best=7.7721e-07 t=82s
seed0-u ep=555 lr=1.0e-05 train=7.3097e-07 val=7.7322e-07 best=7.7322e-07 t=82s
seed0-u ep=560 lr=1.0e-05 train=7.2426e-07 val=7.6604e-07 best=7.6604e-07 t=83s
seed0-u ep=565 lr=1.0e-05 train=7.1621e-07 val=7.5596e-07 best=7.5596e-07 t=84s
seed0-u ep=570 lr=1.0e-05 train=7.1310e-07 val=7.5168e-07 best=7.5168e-07 t=85s
seed0-u ep=575 lr=1.0e-05 train=7.0300e-07 val=7.4525e-07 best=7.4262e-07 t=86s
seed0-u ep=585 lr=1.0e-05 train=6.9472e-07 val=7.2622e-07 best=7.2622e-07 t=87s
seed0-u ep=600 lr=1.0e-05 train=6.8330e-07 val=7.1885e-07 best=7.1469e-07 t=89s
seed0-u ep=605 lr=1.0e-05 train=6.6668e-07 val=7.0379e-07 best=7.0379e-07 t=90s
seed0-u ep=610 lr=1.0e-05 train=6.6159e-07 val=6.9868e-07 best=6.9868e-07 t=91s
seed0-u ep=625 lr=1.0e-05 train=6.4301e-07 val=6.9089e-07 best=6.8004e-07 t=93s
seed0-u ep=635 lr=1.0e-05 train=6.3328e-07 val=6.7106e-07 best=6.7106e-07 t=95s
seed0-u ep=640 lr=1.0e-05 train=6.2882e-07 val=6.6207e-07 best=6.6207e-07 t=95s
seed0-u ep=650 lr=1.0e-05 train=6.1855e-07 val=6.6026e-07 best=6.5323e-07 t=97s
seed0-u ep=665 lr=1.0e-05 train=6.0494e-07 val=6.3574e-07 best=6.3574e-07 t=99s
seed0-u ep=675 lr=1.0e-05 train=5.9677e-07 val=6.3151e-07 best=6.2676e-07 t=101s
seed0-u ep=680 lr=1.0e-05 train=5.9017e-07 val=6.2076e-07 best=6.2076e-07 t=101s
seed0-u ep=690 lr=1.0e-05 train=5.8113e-07 val=6.1211e-07 best=6.1211e-07 t=103s
seed0-u ep=700 lr=1.0e-05 train=5.7238e-07 val=6.1444e-07 best=6.0628e-07 t=105s
seed0-u ep=705 lr=1.0e-05 train=5.6472e-07 val=5.9620e-07 best=5.9620e-07 t=105s
seed0-u ep=725 lr=1.0e-05 train=5.5181e-07 val=5.8314e-07 best=5.8252e-07 t=108s
seed0-u ep=735 lr=1.0e-05 train=5.4095e-07 val=5.7067e-07 best=5.7067e-07 t=110s
seed0-u ep=740 lr=1.0e-05 train=5.3562e-07 val=5.6719e-07 best=5.6719e-07 t=111s
seed0-u ep=745 lr=1.0e-05 train=5.3296e-07 val=5.6120e-07 best=5.6120e-07 t=111s
seed0-u ep=750 lr=1.0e-05 train=5.3494e-07 val=5.6619e-07 best=5.5906e-07 t=112s
seed0-u ep=755 lr=1.0e-05 train=5.2643e-07 val=5.5430e-07 best=5.5430e-07 t=113s
seed0-u ep=760 lr=1.0e-05 train=5.2239e-07 val=5.4893e-07 best=5.4893e-07 t=114s
seed0-u ep=765 lr=1.0e-05 train=5.1852e-07 val=5.4656e-07 best=5.4656e-07 t=114s
seed0-u ep=770 lr=1.0e-05 train=5.1499e-07 val=5.4263e-07 best=5.4263e-07 t=115s
seed0-u ep=775 lr=1.0e-05 train=5.0804e-07 val=5.3991e-07 best=5.3787e-07 t=116s
seed0-u ep=780 lr=1.0e-05 train=5.0713e-07 val=5.3362e-07 best=5.3362e-07 t=117s
seed0-u ep=800 lr=1.0e-05 train=5.0169e-07 val=5.2363e-07 best=5.2092e-07 t=120s
seed0-u ep=805 lr=1.0e-05 train=4.9084e-07 val=5.1482e-07 best=5.1482e-07 t=121s
seed0-u ep=815 lr=1.0e-05 train=4.8281e-07 val=5.0797e-07 best=5.0797e-07 t=122s
seed0-u ep=820 lr=1.0e-05 train=4.7849e-07 val=5.0710e-07 best=5.0710e-07 t=123s
seed0-u ep=825 lr=1.0e-05 train=4.7869e-07 val=5.0213e-07 best=5.0213e-07 t=124s
seed0-u ep=850 lr=1.0e-05 train=4.6147e-07 val=4.8773e-07 best=4.8773e-07 t=127s
seed0-u ep=870 lr=1.0e-05 train=4.4951e-07 val=4.7528e-07 best=4.7528e-07 t=130s
seed0-u ep=875 lr=1.0e-05 train=4.5238e-07 val=4.7684e-07 best=4.7517e-07 t=131s
seed0-u ep=880 lr=1.0e-05 train=4.4497e-07 val=4.6970e-07 best=4.6970e-07 t=132s
seed0-u ep=895 lr=1.0e-05 train=4.3650e-07 val=4.5976e-07 best=4.5976e-07 t=134s
seed0-u ep=900 lr=1.0e-05 train=4.3355e-07 val=4.5798e-07 best=4.5798e-07 t=135s
seed0-u ep=905 lr=1.0e-05 train=4.2962e-07 val=4.5355e-07 best=4.5355e-07 t=136s
seed0-u ep=910 lr=1.0e-05 train=4.3100e-07 val=4.5261e-07 best=4.5261e-07 t=137s
seed0-u ep=925 lr=1.0e-05 train=4.2233e-07 val=4.4361e-07 best=4.4361e-07 t=139s
seed0-u ep=930 lr=1.0e-05 train=4.2006e-07 val=4.4108e-07 best=4.4108e-07 t=140s
seed0-u ep=935 lr=1.0e-05 train=4.1479e-07 val=4.3709e-07 best=4.3709e-07 t=140s
seed0-u ep=940 lr=1.0e-05 train=4.1414e-07 val=4.3603e-07 best=4.3603e-07 t=141s
seed0-u ep=945 lr=1.0e-05 train=4.1528e-07 val=4.3555e-07 best=4.3555e-07 t=142s
seed0-u ep=950 lr=1.0e-05 train=4.1113e-07 val=4.3971e-07 best=4.3346e-07 t=143s
seed0-u ep=955 lr=1.0e-05 train=4.0629e-07 val=4.2931e-07 best=4.2931e-07 t=143s
seed0-u ep=960 lr=1.0e-05 train=4.0266e-07 val=4.2563e-07 best=4.2563e-07 t=144s
seed0-u ep=975 lr=1.0e-05 train=3.9830e-07 val=4.2179e-07 best=4.2133e-07 t=146s
seed0-u ep=1000 lr=1.0e-05 train=3.8638e-07 val=4.0782e-07 best=4.0773e-07 t=150s
seed0-u ep=1010 lr=1.0e-05 train=3.8374e-07 val=4.0219e-07 best=4.0219e-07 t=152s
seed0-u ep=1025 lr=1.0e-05 train=3.7493e-07 val=3.9767e-07 best=3.9582e-07 t=154s
seed0-u ep=1050 lr=1.0e-05 train=3.6618e-07 val=3.8678e-07 best=3.8678e-07 t=158s
seed0-u ep=1065 lr=1.0e-05 train=3.6242e-07 val=3.8110e-07 best=3.8110e-07 t=160s
seed0-u ep=1075 lr=1.0e-05 train=3.5963e-07 val=3.8423e-07 best=3.7823e-07 t=162s
seed0-u ep=1080 lr=1.0e-05 train=3.5779e-07 val=3.7510e-07 best=3.7510e-07 t=162s
seed0-u ep=1085 lr=1.0e-05 train=3.5631e-07 val=3.7191e-07 best=3.7191e-07 t=163s
seed0-u ep=1100 lr=1.0e-05 train=3.4828e-07 val=3.7119e-07 best=3.6674e-07 t=166s
seed0-u ep=1125 lr=1.0e-05 train=3.3937e-07 val=3.6537e-07 best=3.5880e-07 t=169s
seed0-u ep=1130 lr=1.0e-05 train=3.4010e-07 val=3.5649e-07 best=3.5649e-07 t=170s
seed0-u ep=1150 lr=1.0e-05 train=3.3958e-07 val=3.5118e-07 best=3.5102e-07 t=173s
seed0-u ep=1160 lr=1.0e-05 train=3.2939e-07 val=3.4674e-07 best=3.4674e-07 t=175s
seed0-u ep=1170 lr=1.0e-05 train=3.2669e-07 val=3.4257e-07 best=3.4257e-07 t=176s
seed0-u ep=1175 lr=1.0e-05 train=3.2547e-07 val=3.4490e-07 best=3.4257e-07 t=177s
seed0-u ep=1200 lr=1.0e-05 train=3.1657e-07 val=3.3596e-07 best=3.3471e-07 t=181s
seed0-u ep=1205 lr=1.0e-05 train=3.1679e-07 val=3.3450e-07 best=3.3450e-07 t=182s
seed0-u ep=1210 lr=1.0e-05 train=3.1336e-07 val=3.3142e-07 best=3.3142e-07 t=182s
seed0-u ep=1225 lr=1.0e-05 train=3.1167e-07 val=3.3132e-07 best=3.2823e-07 t=185s
seed0-u ep=1245 lr=1.0e-05 train=3.0343e-07 val=3.2126e-07 best=3.2126e-07 t=188s
seed0-u ep=1250 lr=1.0e-05 train=3.0396e-07 val=3.1932e-07 best=3.1932e-07 t=188s
seed0-u ep=1265 lr=1.0e-05 train=3.0034e-07 val=3.1417e-07 best=3.1417e-07 t=191s
seed0-u ep=1275 lr=1.0e-05 train=2.9665e-07 val=3.1734e-07 best=3.1321e-07 t=192s
seed0-u ep=1280 lr=1.0e-05 train=2.9692e-07 val=3.1234e-07 best=3.1234e-07 t=193s
seed0-u ep=1300 lr=1.0e-05 train=3.0035e-07 val=3.0984e-07 best=3.0816e-07 t=196s
seed0-u ep=1310 lr=1.0e-05 train=2.9215e-07 val=3.0564e-07 best=3.0564e-07 t=198s
seed0-u ep=1325 lr=1.0e-05 train=2.8750e-07 val=3.0080e-07 best=3.0080e-07 t=200s
seed0-u ep=1350 lr=1.0e-05 train=2.7893e-07 val=2.9552e-07 best=2.9473e-07 t=204s
seed0-u ep=1355 lr=1.0e-05 train=2.7839e-07 val=2.9231e-07 best=2.9231e-07 t=204s
seed0-u ep=1360 lr=1.0e-05 train=2.7749e-07 val=2.9113e-07 best=2.9113e-07 t=205s
seed0-u ep=1375 lr=1.0e-05 train=2.7522e-07 val=3.0042e-07 best=2.9035e-07 t=207s
seed0-u ep=1380 lr=1.0e-05 train=2.7411e-07 val=2.8896e-07 best=2.8896e-07 t=208s
seed0-u ep=1390 lr=1.0e-05 train=2.7042e-07 val=2.8614e-07 best=2.8614e-07 t=210s
seed0-u ep=1400 lr=1.0e-05 train=2.6754e-07 val=2.8300e-07 best=2.8300e-07 t=211s
seed0-u ep=1425 lr=1.0e-05 train=2.6507e-07 val=2.8054e-07 best=2.7922e-07 t=215s
seed0-u ep=1445 lr=1.0e-06 train=2.5233e-07 val=2.6548e-07 best=2.6548e-07 t=218s
seed0-u ep=1450 lr=1.0e-06 train=2.4915e-07 val=2.6467e-07 best=2.6467e-07 t=219s
seed0-u ep=1465 lr=1.0e-06 train=2.4907e-07 val=2.6452e-07 best=2.6452e-07 t=221s
seed0-u ep=1475 lr=1.0e-07 train=2.4787e-07 val=2.6390e-07 best=2.6390e-07 t=223s
seed0-u ep=1480 lr=1.0e-07 train=2.4783e-07 val=2.6385e-07 best=2.6385e-07 t=224s
seed0-u ep=1500 lr=1.0e-08 train=2.4772e-07 val=2.6384e-07 best=2.6382e-07 t=227s
seed0-u ep=1525 lr=1.0e-08 train=2.4772e-07 val=2.6383e-07 best=2.6382e-07 t=230s
seed0-u ep=1550 lr=1.0e-08 train=2.4771e-07 val=2.6382e-07 best=2.6382e-07 t=234s
seed0-u ep=1575 lr=1.0e-08 train=2.4771e-07 val=2.6381e-07 best=2.6380e-07 t=238s
seed0-u ep=1600 lr=1.0e-08 train=2.4770e-07 val=2.6380e-07 best=2.6380e-07 t=242s
seed0-u ep=1615 lr=1.0e-08 train=2.4770e-07 val=2.6379e-07 best=2.6379e-07 t=244s
seed0-u ep=1625 lr=1.0e-08 train=2.4770e-07 val=2.6379e-07 best=2.6379e-07 t=246s
seed0-u ep=1650 lr=1.0e-08 train=2.4769e-07 val=2.6380e-07 best=2.6379e-07 t=249s
seed0-u ep=1675 lr=1.0e-08 train=2.4769e-07 val=2.6379e-07 best=2.6378e-07 t=253s
seed0-u ep=1700 lr=1.0e-08 train=2.4769e-07 val=2.6380e-07 best=2.6378e-07 t=257s
seed0-u ep=1705 lr=1.0e-08 train=2.4768e-07 val=2.6378e-07 best=2.6378e-07 t=258s
seed0-u ep=1725 lr=1.0e-08 train=2.4767e-07 val=2.6377e-07 best=2.6377e-07 t=261s
seed0-u ep=1735 lr=1.0e-08 train=2.4768e-07 val=2.6377e-07 best=2.6377e-07 t=262s
seed0-u ep=1745 lr=1.0e-08 train=2.4767e-07 val=2.6376e-07 best=2.6376e-07 t=264s
seed0-u ep=1750 lr=1.0e-08 train=2.4767e-07 val=2.6376e-07 best=2.6376e-07 t=265s
seed0-u ep=1775 lr=1.0e-08 train=2.4766e-07 val=2.6376e-07 best=2.6375e-07 t=269s
seed0-u ep=1800 lr=1.0e-08 train=2.4766e-07 val=2.6375e-07 best=2.6375e-07 t=272s
seed0-u ep=1825 lr=1.0e-08 train=2.4765e-07 val=2.6375e-07 best=2.6374e-07 t=276s
seed0-u ep=1850 lr=1.0e-08 train=2.4765e-07 val=2.6374e-07 best=2.6374e-07 t=280s
seed0-u ep=1860 lr=1.0e-08 train=2.4764e-07 val=2.6373e-07 best=2.6373e-07 t=281s
seed0-u ep=1875 lr=1.0e-08 train=2.4764e-07 val=2.6373e-07 best=2.6372e-07 t=284s
seed0-u ep=1885 lr=1.0e-08 train=2.4764e-07 val=2.6372e-07 best=2.6372e-07 t=285s
seed0-u ep=1900 lr=1.0e-08 train=2.4763e-07 val=2.6374e-07 best=2.6372e-07 t=288s
seed0-u ep=1925 lr=1.0e-08 train=2.4763e-07 val=2.6373e-07 best=2.6372e-07 t=291s
seed0-u ep=1945 lr=1.0e-08 train=2.4763e-07 val=2.6371e-07 best=2.6371e-07 t=294s
seed0-u ep=1950 lr=1.0e-08 train=2.4763e-07 val=2.6371e-07 best=2.6371e-07 t=295s
seed0-u ep=1975 lr=1.0e-08 train=2.4761e-07 val=2.6372e-07 best=2.6370e-07 t=299s
seed0-u ep=2000 lr=1.0e-08 train=2.4761e-07 val=2.6371e-07 best=2.6369e-07 t=303s
seed0-u ep=2015 lr=1.0e-08 train=2.4760e-07 val=2.6369e-07 best=2.6369e-07 t=305s
seed0-u ep=2025 lr=1.0e-08 train=2.4760e-07 val=2.6369e-07 best=2.6369e-07 t=307s
seed0-u ep=2050 lr=1.0e-08 train=2.4760e-07 val=2.6369e-07 best=2.6368e-07 t=310s
seed0-u ep=2075 lr=1.0e-08 train=2.4759e-07 val=2.6368e-07 best=2.6368e-07 t=314s
seed0-u ep=2100 lr=1.0e-08 train=2.4758e-07 val=2.6367e-07 best=2.6367e-07 t=318s
seed0-u ep=2125 lr=1.0e-08 train=2.4758e-07 val=2.6367e-07 best=2.6367e-07 t=322s
seed0-u ep=2150 lr=1.0e-08 train=2.4757e-07 val=2.6367e-07 best=2.6366e-07 t=326s
seed0-u ep=2165 lr=1.0e-08 train=2.4757e-07 val=2.6366e-07 best=2.6366e-07 t=328s
seed0-u ep=2175 lr=1.0e-08 train=2.4757e-07 val=2.6366e-07 best=2.6366e-07 t=330s
seed0-u ep=2200 lr=1.0e-08 train=2.4756e-07 val=2.6365e-07 best=2.6365e-07 t=333s
seed0-u ep=2225 lr=1.0e-08 train=2.4755e-07 val=2.6366e-07 best=2.6364e-07 t=337s
seed0-u ep=2240 lr=1.0e-08 train=2.4755e-07 val=2.6364e-07 best=2.6364e-07 t=339s
seed0-u ep=2250 lr=1.0e-08 train=2.4755e-07 val=2.6364e-07 best=2.6364e-07 t=341s
seed0-u ep=2260 lr=1.0e-08 train=2.4754e-07 val=2.6363e-07 best=2.6363e-07 t=343s
seed0-u ep=2275 lr=1.0e-08 train=2.4754e-07 val=2.6364e-07 best=2.6363e-07 t=345s
seed0-u ep=2300 lr=1.0e-08 train=2.4754e-07 val=2.6363e-07 best=2.6362e-07 t=349s
seed0-u ep=2325 lr=1.0e-08 train=2.4753e-07 val=2.6363e-07 best=2.6362e-07 t=352s
seed0-u ep=2350 lr=1.0e-08 train=2.4752e-07 val=2.6362e-07 best=2.6361e-07 t=356s
seed0-u ep=2375 lr=1.0e-08 train=2.4752e-07 val=2.6361e-07 best=2.6360e-07 t=360s
seed0-u ep=2400 lr=1.0e-08 train=2.4751e-07 val=2.6360e-07 best=2.6360e-07 t=364s
seed0-u ep=2425 lr=1.0e-08 train=2.4751e-07 val=2.6361e-07 best=2.6360e-07 t=368s
seed0-u ep=2450 lr=1.0e-08 train=2.4750e-07 val=2.6360e-07 best=2.6359e-07 t=371s
seed0-u ep=2470 lr=1.0e-08 train=2.4750e-07 val=2.6358e-07 best=2.6358e-07 t=375s
seed0-u ep=2475 lr=1.0e-08 train=2.4750e-07 val=2.6360e-07 best=2.6358e-07 t=375s
seed0-u ep=2495 lr=1.0e-08 train=2.4749e-07 val=2.6358e-07 best=2.6358e-07 t=378s
seed0-u ep=2500 lr=1.0e-08 train=2.4749e-07 val=2.6357e-07 best=2.6357e-07 t=379s
seed0-u ep=2510 lr=1.0e-08 train=2.4749e-07 val=2.6357e-07 best=2.6357e-07 t=381s
seed0-u ep=2525 lr=1.0e-08 train=2.4748e-07 val=2.6358e-07 best=2.6357e-07 t=383s
seed0-u ep=2550 lr=1.0e-08 train=2.4748e-07 val=2.6357e-07 best=2.6356e-07 t=387s
seed0-u ep=2570 lr=1.0e-08 train=2.4747e-07 val=2.6356e-07 best=2.6356e-07 t=390s
seed0-u ep=2575 lr=1.0e-08 train=2.4747e-07 val=2.6355e-07 best=2.6355e-07 t=391s
seed0-u ep=2600 lr=1.0e-08 train=2.4746e-07 val=2.6356e-07 best=2.6355e-07 t=394s
seed0-u ep=2625 lr=1.0e-08 train=2.4746e-07 val=2.6354e-07 best=2.6354e-07 t=398s
seed0-u ep=2650 lr=1.0e-08 train=2.4745e-07 val=2.6355e-07 best=2.6354e-07 t=402s
seed0-u ep=2675 lr=1.0e-08 train=2.4745e-07 val=2.6354e-07 best=2.6353e-07 t=406s
seed0-u ep=2695 lr=1.0e-08 train=2.4744e-07 val=2.6352e-07 best=2.6352e-07 t=409s
seed0-u ep=2700 lr=1.0e-08 train=2.4744e-07 val=2.6353e-07 best=2.6352e-07 t=410s
seed0-u ep=2710 lr=1.0e-08 train=2.4744e-07 val=2.6352e-07 best=2.6352e-07 t=411s
seed0-u ep=2725 lr=1.0e-08 train=2.4743e-07 val=2.6352e-07 best=2.6352e-07 t=413s
seed0-u ep=2750 lr=1.0e-08 train=2.4743e-07 val=2.6352e-07 best=2.6352e-07 t=417s
seed0-u ep=2775 lr=1.0e-08 train=2.4742e-07 val=2.6351e-07 best=2.6351e-07 t=421s
seed0-u ep=2800 lr=1.0e-08 train=2.4742e-07 val=2.6351e-07 best=2.6350e-07 t=425s
seed0-u ep=2825 lr=1.0e-08 train=2.4741e-07 val=2.6350e-07 best=2.6349e-07 t=429s
seed0-u ep=2850 lr=1.0e-08 train=2.4740e-07 val=2.6349e-07 best=2.6349e-07 t=433s
seed0-u ep=2875 lr=1.0e-08 train=2.4740e-07 val=2.6349e-07 best=2.6349e-07 t=436s
seed0-u ep=2885 lr=1.0e-08 train=2.4739e-07 val=2.6348e-07 best=2.6348e-07 t=438s
seed0-u ep=2900 lr=1.0e-08 train=2.4739e-07 val=2.6348e-07 best=2.6348e-07 t=440s
seed0-u ep=2925 lr=1.0e-08 train=2.4739e-07 val=2.6349e-07 best=2.6347e-07 t=444s
seed0-u ep=2950 lr=1.0e-08 train=2.4738e-07 val=2.6346e-07 best=2.6346e-07 t=448s
seed0-u ep=2975 lr=1.0e-08 train=2.4737e-07 val=2.6347e-07 best=2.6346e-07 t=452s
seed0-u ep=2980 lr=1.0e-08 train=2.4737e-07 val=2.6345e-07 best=2.6345e-07 t=452s
seed0-u ep=3000 lr=1.0e-08 train=2.4737e-07 val=2.6346e-07 best=2.6345e-07 t=455s
seed0-u ep=3020 lr=1.0e-08 train=2.4736e-07 val=2.6345e-07 best=2.6345e-07 t=458s
seed0-u ep=3025 lr=1.0e-08 train=2.4736e-07 val=2.6346e-07 best=2.6345e-07 t=459s
seed0-u ep=3035 lr=1.0e-08 train=2.4736e-07 val=2.6345e-07 best=2.6345e-07 t=461s
seed0-u ep=3050 lr=1.0e-08 train=2.4735e-07 val=2.6345e-07 best=2.6345e-07 t=463s
seed0-u ep=3060 lr=1.0e-08 train=2.4735e-07 val=2.6344e-07 best=2.6344e-07 t=465s
seed0-u ep=3070 lr=1.0e-08 train=2.4735e-07 val=2.6344e-07 best=2.6344e-07 t=466s
seed0-u ep=3075 lr=1.0e-08 train=2.4735e-07 val=2.6345e-07 best=2.6344e-07 t=467s
seed0-u ep=3095 lr=1.0e-08 train=2.4734e-07 val=2.6343e-07 best=2.6343e-07 t=470s
seed0-u ep=3100 lr=1.0e-08 train=2.4734e-07 val=2.6344e-07 best=2.6343e-07 t=471s
seed0-u ep=3110 lr=1.0e-08 train=2.4734e-07 val=2.6343e-07 best=2.6343e-07 t=472s
seed0-u ep=3120 lr=1.0e-08 train=2.4734e-07 val=2.6342e-07 best=2.6342e-07 t=474s
seed0-u ep=3125 lr=1.0e-08 train=2.4734e-07 val=2.6343e-07 best=2.6342e-07 t=475s
seed0-u ep=3130 lr=1.0e-08 train=2.4734e-07 val=2.6342e-07 best=2.6342e-07 t=475s
seed0-u ep=3150 lr=1.0e-08 train=2.4733e-07 val=2.6342e-07 best=2.6342e-07 t=478s
seed0-u ep=3175 lr=1.0e-08 train=2.4733e-07 val=2.6341e-07 best=2.6341e-07 t=482s
seed0-u ep=3195 lr=1.0e-08 train=2.4732e-07 val=2.6340e-07 best=2.6340e-07 t=485s
seed0-u ep=3200 lr=1.0e-08 train=2.4732e-07 val=2.6340e-07 best=2.6340e-07 t=486s
seed0-u ep=3215 lr=1.0e-08 train=2.4732e-07 val=2.6340e-07 best=2.6340e-07 t=488s
seed0-u ep=3225 lr=1.0e-08 train=2.4731e-07 val=2.6340e-07 best=2.6339e-07 t=490s
seed0-u ep=3250 lr=1.0e-08 train=2.4731e-07 val=2.6340e-07 best=2.6339e-07 t=494s
seed0-u ep=3275 lr=1.0e-08 train=2.4730e-07 val=2.6339e-07 best=2.6339e-07 t=497s
seed0-u ep=3300 lr=1.0e-08 train=2.4730e-07 val=2.6339e-07 best=2.6337e-07 t=501s
seed0-u ep=3310 lr=1.0e-08 train=2.4729e-07 val=2.6337e-07 best=2.6337e-07 t=503s
seed0-u ep=3325 lr=1.0e-08 train=2.4729e-07 val=2.6338e-07 best=2.6337e-07 t=505s
seed0-u ep=3350 lr=1.0e-08 train=2.4728e-07 val=2.6338e-07 best=2.6337e-07 t=509s
seed0-u ep=3355 lr=1.0e-08 train=2.4728e-07 val=2.6337e-07 best=2.6337e-07 t=510s
seed0-u ep=3375 lr=1.0e-08 train=2.4728e-07 val=2.6337e-07 best=2.6337e-07 t=513s
seed0-u ep=3400 lr=1.0e-08 train=2.4727e-07 val=2.6337e-07 best=2.6336e-07 t=516s
seed0-u ep=3425 lr=1.0e-08 train=2.4727e-07 val=2.6337e-07 best=2.6335e-07 t=520s
seed0-u ep=3450 lr=1.0e-08 train=2.4727e-07 val=2.6335e-07 best=2.6334e-07 t=524s
seed0-u ep=3475 lr=1.0e-08 train=2.4726e-07 val=2.6335e-07 best=2.6334e-07 t=528s
seed0-u ep=3500 lr=1.0e-08 train=2.4725e-07 val=2.6334e-07 best=2.6333e-07 t=532s
seed0-u ep=3520 lr=1.0e-08 train=2.4724e-07 val=2.6333e-07 best=2.6333e-07 t=535s
seed0-u ep=3525 lr=1.0e-08 train=2.4724e-07 val=2.6334e-07 best=2.6333e-07 t=536s
seed0-u ep=3550 lr=1.0e-08 train=2.4724e-07 val=2.6333e-07 best=2.6332e-07 t=539s
seed0-u ep=3565 lr=1.0e-08 train=2.4724e-07 val=2.6332e-07 best=2.6332e-07 t=542s
seed0-u ep=3575 lr=1.0e-08 train=2.4723e-07 val=2.6332e-07 best=2.6331e-07 t=543s
seed0-u ep=3595 lr=1.0e-08 train=2.4723e-07 val=2.6330e-07 best=2.6330e-07 t=546s
seed0-u ep=3600 lr=1.0e-08 train=2.4723e-07 val=2.6331e-07 best=2.6330e-07 t=547s
seed0-u ep=3625 lr=1.0e-08 train=2.4722e-07 val=2.6331e-07 best=2.6330e-07 t=551s
seed0-u ep=3650 lr=1.0e-08 train=2.4721e-07 val=2.6331e-07 best=2.6330e-07 t=555s
seed0-u ep=3655 lr=1.0e-08 train=2.4722e-07 val=2.6330e-07 best=2.6330e-07 t=555s
seed0-u ep=3675 lr=1.0e-08 train=2.4721e-07 val=2.6330e-07 best=2.6329e-07 t=558s
seed0-u ep=3680 lr=1.0e-08 train=2.4721e-07 val=2.6329e-07 best=2.6329e-07 t=559s
seed0-u ep=3700 lr=1.0e-08 train=2.4720e-07 val=2.6330e-07 best=2.6328e-07 t=562s
seed0-u ep=3720 lr=1.0e-08 train=2.4719e-07 val=2.6328e-07 best=2.6328e-07 t=565s
seed0-u ep=3725 lr=1.0e-08 train=2.4720e-07 val=2.6329e-07 best=2.6328e-07 t=566s
seed0-u ep=3750 lr=1.0e-08 train=2.4719e-07 val=2.6328e-07 best=2.6327e-07 t=570s
seed0-u ep=3775 lr=1.0e-08 train=2.4718e-07 val=2.6327e-07 best=2.6326e-07 t=574s
seed0-u ep=3800 lr=1.0e-08 train=2.4718e-07 val=2.6327e-07 best=2.6326e-07 t=577s
seed0-u ep=3825 lr=1.0e-08 train=2.4717e-07 val=2.6326e-07 best=2.6326e-07 t=581s
seed0-u ep=3850 lr=1.0e-08 train=2.4716e-07 val=2.6325e-07 best=2.6325e-07 t=585s
seed0-u ep=3875 lr=1.0e-08 train=2.4716e-07 val=2.6325e-07 best=2.6325e-07 t=589s
seed0-u ep=3885 lr=1.0e-08 train=2.4715e-07 val=2.6324e-07 best=2.6324e-07 t=590s
seed0-u ep=3900 lr=1.0e-08 train=2.4715e-07 val=2.6324e-07 best=2.6324e-07 t=593s
seed0-u ep=3920 lr=1.0e-08 train=2.4715e-07 val=2.6323e-07 best=2.6323e-07 t=596s
seed0-u ep=3925 lr=1.0e-08 train=2.4714e-07 val=2.6324e-07 best=2.6323e-07 t=597s
seed0-u ep=3930 lr=1.0e-08 train=2.4715e-07 val=2.6323e-07 best=2.6323e-07 t=597s
seed0-u ep=3950 lr=1.0e-08 train=2.4715e-07 val=2.6323e-07 best=2.6322e-07 t=600s
seed0-u ep=3975 lr=1.0e-08 train=2.4714e-07 val=2.6322e-07 best=2.6322e-07 t=604s
seed0-u ep=4000 lr=1.0e-08 train=2.4713e-07 val=2.6322e-07 best=2.6321e-07 t=608s
seed0-u ep=4025 lr=1.0e-08 train=2.4712e-07 val=2.6320e-07 best=2.6320e-07 t=612s
seed0-u ep=4050 lr=1.0e-08 train=2.4712e-07 val=2.6321e-07 best=2.6319e-07 t=616s
seed0-u ep=4075 lr=1.0e-08 train=2.4711e-07 val=2.6319e-07 best=2.6319e-07 t=619s
seed0-u ep=4100 lr=1.0e-08 train=2.4711e-07 val=2.6319e-07 best=2.6319e-07 t=623s
seed0-u ep=4115 lr=1.0e-08 train=2.4711e-07 val=2.6318e-07 best=2.6318e-07 t=626s
seed0-u ep=4125 lr=1.0e-08 train=2.4710e-07 val=2.6318e-07 best=2.6318e-07 t=627s
seed0-u ep=4150 lr=1.0e-08 train=2.4709e-07 val=2.6318e-07 best=2.6317e-07 t=631s
seed0-u ep=4175 lr=1.0e-08 train=2.4709e-07 val=2.6318e-07 best=2.6317e-07 t=635s
seed0-u ep=4200 lr=1.0e-08 train=2.4708e-07 val=2.6317e-07 best=2.6317e-07 t=639s
seed0-u ep=4225 lr=1.0e-08 train=2.4708e-07 val=2.6316e-07 best=2.6316e-07 t=642s
seed0-u ep=4250 lr=1.0e-08 train=2.4707e-07 val=2.6316e-07 best=2.6316e-07 t=646s
seed0-u ep=4275 lr=1.0e-08 train=2.4707e-07 val=2.6315e-07 best=2.6315e-07 t=650s
seed0-u ep=4280 lr=1.0e-08 train=2.4706e-07 val=2.6315e-07 best=2.6315e-07 t=651s
seed0-u ep=4295 lr=1.0e-08 train=2.4706e-07 val=2.6314e-07 best=2.6314e-07 t=653s
seed0-u ep=4300 lr=1.0e-08 train=2.4706e-07 val=2.6315e-07 best=2.6314e-07 t=654s
seed0-u ep=4310 lr=1.0e-08 train=2.4706e-07 val=2.6314e-07 best=2.6314e-07 t=655s
seed0-u ep=4325 lr=1.0e-08 train=2.4705e-07 val=2.6314e-07 best=2.6313e-07 t=658s
seed0-u ep=4350 lr=1.0e-08 train=2.4704e-07 val=2.6314e-07 best=2.6313e-07 t=661s
seed0-u ep=4375 lr=1.0e-08 train=2.4704e-07 val=2.6313e-07 best=2.6312e-07 t=665s
seed0-u ep=4400 lr=1.0e-08 train=2.4704e-07 val=2.6313e-07 best=2.6312e-07 t=669s
seed0-u ep=4425 lr=1.0e-08 train=2.4703e-07 val=2.6311e-07 best=2.6311e-07 t=673s
seed0-u ep=4450 lr=1.0e-08 train=2.4703e-07 val=2.6312e-07 best=2.6311e-07 t=677s
seed0-u ep=4475 lr=1.0e-08 train=2.4702e-07 val=2.6310e-07 best=2.6310e-07 t=680s
seed0-u ep=4500 lr=1.0e-08 train=2.4701e-07 val=2.6310e-07 best=2.6309e-07 t=684s
seed0-u ep=4510 lr=1.0e-08 train=2.4701e-07 val=2.6309e-07 best=2.6309e-07 t=686s
seed0-u ep=4525 lr=1.0e-08 train=2.4701e-07 val=2.6309e-07 best=2.6308e-07 t=688s
seed0-u ep=4550 lr=1.0e-08 train=2.4700e-07 val=2.6309e-07 best=2.6308e-07 t=692s
seed0-u ep=4575 lr=1.0e-08 train=2.4699e-07 val=2.6309e-07 best=2.6308e-07 t=696s
seed0-u ep=4600 lr=1.0e-08 train=2.4699e-07 val=2.6308e-07 best=2.6307e-07 t=700s
seed0-u ep=4625 lr=1.0e-08 train=2.4698e-07 val=2.6307e-07 best=2.6306e-07 t=703s
seed0-u ep=4630 lr=1.0e-08 train=2.4698e-07 val=2.6306e-07 best=2.6306e-07 t=704s
seed0-u ep=4650 lr=1.0e-08 train=2.4698e-07 val=2.6307e-07 best=2.6306e-07 t=707s
seed0-u ep=4675 lr=1.0e-08 train=2.4697e-07 val=2.6306e-07 best=2.6305e-07 t=711s
seed0-u ep=4700 lr=1.0e-08 train=2.4696e-07 val=2.6305e-07 best=2.6305e-07 t=715s
seed0-u ep=4710 lr=1.0e-08 train=2.4696e-07 val=2.6304e-07 best=2.6304e-07 t=716s
seed0-u ep=4725 lr=1.0e-08 train=2.4696e-07 val=2.6305e-07 best=2.6304e-07 t=719s
seed0-u ep=4750 lr=1.0e-08 train=2.4695e-07 val=2.6304e-07 best=2.6304e-07 t=722s
seed0-u ep=4775 lr=1.0e-08 train=2.4695e-07 val=2.6304e-07 best=2.6303e-07 t=726s
seed0-u ep=4800 lr=1.0e-08 train=2.4695e-07 val=2.6303e-07 best=2.6302e-07 t=730s
seed0-u ep=4815 lr=1.0e-08 train=2.4694e-07 val=2.6302e-07 best=2.6302e-07 t=732s
seed0-u ep=4820 lr=1.0e-08 train=2.4694e-07 val=2.6302e-07 best=2.6302e-07 t=733s
seed0-u ep=4825 lr=1.0e-08 train=2.4693e-07 val=2.6302e-07 best=2.6302e-07 t=734s
seed0-u ep=4850 lr=1.0e-08 train=2.4693e-07 val=2.6302e-07 best=2.6301e-07 t=738s
seed0-u ep=4875 lr=1.0e-08 train=2.4692e-07 val=2.6301e-07 best=2.6301e-07 t=742s
seed0-u ep=4900 lr=1.0e-08 train=2.4692e-07 val=2.6301e-07 best=2.6300e-07 t=745s
seed0-u ep=4905 lr=1.0e-08 train=2.4692e-07 val=2.6300e-07 best=2.6300e-07 t=746s
seed0-u ep=4910 lr=1.0e-08 train=2.4692e-07 val=2.6300e-07 best=2.6300e-07 t=747s
seed0-u ep=4925 lr=1.0e-08 train=2.4691e-07 val=2.6301e-07 best=2.6299e-07 t=749s
seed0-u ep=4950 lr=1.0e-08 train=2.4690e-07 val=2.6299e-07 best=2.6299e-07 t=753s
seed0-u ep=4960 lr=1.0e-08 train=2.4691e-07 val=2.6298e-07 best=2.6298e-07 t=754s
seed0-u ep=4975 lr=1.0e-08 train=2.4690e-07 val=2.6299e-07 best=2.6297e-07 t=757s
seed0-u ep=5000 lr=1.0e-08 train=2.4690e-07 val=2.6298e-07 best=2.6297e-07 t=761s
seed0-u ep=5025 lr=1.0e-08 train=2.4689e-07 val=2.6298e-07 best=2.6297e-07 t=764s
seed0-u ep=5050 lr=1.0e-08 train=2.4689e-07 val=2.6297e-07 best=2.6296e-07 t=768s
seed0-u ep=5075 lr=1.0e-08 train=2.4688e-07 val=2.6296e-07 best=2.6296e-07 t=772s
seed0-u ep=5100 lr=1.0e-08 train=2.4687e-07 val=2.6296e-07 best=2.6295e-07 t=776s
seed0-u ep=5125 lr=1.0e-08 train=2.4686e-07 val=2.6295e-07 best=2.6294e-07 t=780s
seed0-u ep=5150 lr=1.0e-08 train=2.4686e-07 val=2.6294e-07 best=2.6294e-07 t=783s
seed0-u ep=5175 lr=1.0e-08 train=2.4685e-07 val=2.6294e-07 best=2.6293e-07 t=787s
seed0-u ep=5200 lr=1.0e-08 train=2.4686e-07 val=2.6293e-07 best=2.6293e-07 t=791s
seed0-u ep=5220 lr=1.0e-08 train=2.4685e-07 val=2.6292e-07 best=2.6292e-07 t=794s
seed0-u ep=5225 lr=1.0e-08 train=2.4684e-07 val=2.6293e-07 best=2.6292e-07 t=795s
seed0-u ep=5250 lr=1.0e-08 train=2.4683e-07 val=2.6292e-07 best=2.6291e-07 t=799s
seed0-u ep=5265 lr=1.0e-08 train=2.4683e-07 val=2.6290e-07 best=2.6290e-07 t=801s
seed0-u ep=5275 lr=1.0e-08 train=2.4683e-07 val=2.6291e-07 best=2.6290e-07 t=803s
seed0-u ep=5300 lr=1.0e-08 train=2.4682e-07 val=2.6290e-07 best=2.6290e-07 t=806s
seed0-u ep=5325 lr=1.0e-08 train=2.4682e-07 val=2.6291e-07 best=2.6290e-07 t=810s
seed0-u ep=5350 lr=1.0e-08 train=2.4681e-07 val=2.6289e-07 best=2.6289e-07 t=814s
seed0-u ep=5370 lr=1.0e-08 train=2.4681e-07 val=2.6288e-07 best=2.6288e-07 t=817s
seed0-u ep=5375 lr=1.0e-08 train=2.4681e-07 val=2.6289e-07 best=2.6288e-07 t=818s
seed0-u ep=5400 lr=1.0e-08 train=2.4680e-07 val=2.6288e-07 best=2.6288e-07 t=822s
seed0-u ep=5420 lr=1.0e-08 train=2.4680e-07 val=2.6287e-07 best=2.6287e-07 t=825s
seed0-u ep=5425 lr=1.0e-08 train=2.4679e-07 val=2.6288e-07 best=2.6287e-07 t=825s
seed0-u ep=5450 lr=1.0e-08 train=2.4679e-07 val=2.6288e-07 best=2.6286e-07 t=829s
seed0-u ep=5475 lr=1.0e-08 train=2.4678e-07 val=2.6287e-07 best=2.6286e-07 t=833s
seed0-u ep=5500 lr=1.0e-08 train=2.4678e-07 val=2.6286e-07 best=2.6286e-07 t=837s
seed0-u ep=5525 lr=1.0e-08 train=2.4678e-07 val=2.6285e-07 best=2.6285e-07 t=841s
seed0-u ep=5545 lr=1.0e-08 train=2.4677e-07 val=2.6284e-07 best=2.6284e-07 t=844s
seed0-u ep=5550 lr=1.0e-08 train=2.4677e-07 val=2.6285e-07 best=2.6284e-07 t=844s
seed0-u ep=5575 lr=1.0e-08 train=2.4676e-07 val=2.6285e-07 best=2.6284e-07 t=848s
seed0-u ep=5600 lr=1.0e-08 train=2.4676e-07 val=2.6284e-07 best=2.6284e-07 t=852s
seed0-u ep=5625 lr=1.0e-08 train=2.4675e-07 val=2.6284e-07 best=2.6283e-07 t=856s
seed0-u ep=5650 lr=1.0e-08 train=2.4674e-07 val=2.6283e-07 best=2.6282e-07 t=860s
seed0-u ep=5660 lr=1.0e-08 train=2.4674e-07 val=2.6282e-07 best=2.6282e-07 t=861s
seed0-u ep=5675 lr=1.0e-08 train=2.4674e-07 val=2.6282e-07 best=2.6281e-07 t=864s
seed0-u ep=5695 lr=1.0e-08 train=2.4674e-07 val=2.6281e-07 best=2.6281e-07 t=867s
seed0-u ep=5700 lr=1.0e-08 train=2.4673e-07 val=2.6281e-07 best=2.6281e-07 t=867s
seed0-u ep=5725 lr=1.0e-08 train=2.4673e-07 val=2.6280e-07 best=2.6280e-07 t=871s
seed0-u ep=5750 lr=1.0e-08 train=2.4672e-07 val=2.6279e-07 best=2.6279e-07 t=875s
seed0-u ep=5775 lr=1.0e-08 train=2.4671e-07 val=2.6279e-07 best=2.6279e-07 t=879s
seed0-u ep=5800 lr=1.0e-08 train=2.4671e-07 val=2.6279e-07 best=2.6277e-07 t=883s
seed0-u ep=5825 lr=1.0e-08 train=2.4670e-07 val=2.6278e-07 best=2.6277e-07 t=886s
seed0-u ep=5840 lr=1.0e-08 train=2.4670e-07 val=2.6277e-07 best=2.6277e-07 t=889s
seed0-u ep=5850 lr=1.0e-08 train=2.4670e-07 val=2.6277e-07 best=2.6277e-07 t=890s
seed0-u ep=5875 lr=1.0e-08 train=2.4669e-07 val=2.6277e-07 best=2.6275e-07 t=894s
seed0-u ep=5900 lr=1.0e-08 train=2.4669e-07 val=2.6276e-07 best=2.6275e-07 t=898s
seed0-u ep=5925 lr=1.0e-08 train=2.4668e-07 val=2.6276e-07 best=2.6275e-07 t=902s
seed0-u ep=5930 lr=1.0e-08 train=2.4669e-07 val=2.6275e-07 best=2.6275e-07 t=902s
seed0-u ep=5950 lr=1.0e-08 train=2.4667e-07 val=2.6276e-07 best=2.6275e-07 t=905s
seed0-u ep=5975 lr=1.0e-08 train=2.4667e-07 val=2.6276e-07 best=2.6275e-07 t=909s
seed0-u ep=5980 lr=1.0e-08 train=2.4667e-07 val=2.6275e-07 best=2.6275e-07 t=910s
seed0-u ep=5985 lr=1.0e-08 train=2.4666e-07 val=2.6274e-07 best=2.6274e-07 t=911s
seed0-u ep=6000 lr=1.0e-08 train=2.4666e-07 val=2.6275e-07 best=2.6273e-07 t=913s
seed0-u ep=6025 lr=1.0e-08 train=2.4666e-07 val=2.6274e-07 best=2.6273e-07 t=917s
seed0-u ep=6050 lr=1.0e-08 train=2.4666e-07 val=2.6273e-07 best=2.6273e-07 t=921s
seed0-u ep=6055 lr=1.0e-08 train=2.4665e-07 val=2.6272e-07 best=2.6272e-07 t=921s
seed0-u ep=6075 lr=1.0e-08 train=2.4664e-07 val=2.6272e-07 best=2.6272e-07 t=925s
seed0-u ep=6095 lr=1.0e-08 train=2.4664e-07 val=2.6271e-07 best=2.6271e-07 t=928s
seed0-u ep=6100 lr=1.0e-08 train=2.4664e-07 val=2.6273e-07 best=2.6271e-07 t=928s
seed0-u ep=6125 lr=1.0e-08 train=2.4664e-07 val=2.6272e-07 best=2.6271e-07 t=932s
seed0-u ep=6150 lr=1.0e-08 train=2.4663e-07 val=2.6270e-07 best=2.6270e-07 t=936s
seed0-u ep=6175 lr=1.0e-08 train=2.4662e-07 val=2.6270e-07 best=2.6270e-07 t=940s
seed0-u ep=6200 lr=1.0e-08 train=2.4662e-07 val=2.6270e-07 best=2.6269e-07 t=944s
seed0-u ep=6225 lr=1.0e-08 train=2.4661e-07 val=2.6268e-07 best=2.6268e-07 t=947s
seed0-u ep=6250 lr=1.0e-08 train=2.4661e-07 val=2.6268e-07 best=2.6268e-07 t=951s
seed0-u ep=6265 lr=1.0e-08 train=2.4660e-07 val=2.6268e-07 best=2.6268e-07 t=953s
seed0-u ep=6275 lr=1.0e-08 train=2.4660e-07 val=2.6268e-07 best=2.6268e-07 t=955s
seed0-u ep=6295 lr=1.0e-08 train=2.4659e-07 val=2.6266e-07 best=2.6266e-07 t=958s
seed0-u ep=6300 lr=1.0e-08 train=2.4659e-07 val=2.6267e-07 best=2.6266e-07 t=959s
seed0-u ep=6310 lr=1.0e-08 train=2.4659e-07 val=2.6266e-07 best=2.6266e-07 t=960s
seed0-u ep=6325 lr=1.0e-08 train=2.4659e-07 val=2.6267e-07 best=2.6265e-07 t=963s
seed0-u ep=6350 lr=1.0e-08 train=2.4658e-07 val=2.6265e-07 best=2.6265e-07 t=966s
seed0-u ep=6375 lr=1.0e-08 train=2.4657e-07 val=2.6265e-07 best=2.6265e-07 t=970s
seed0-u ep=6400 lr=1.0e-08 train=2.4657e-07 val=2.6264e-07 best=2.6264e-07 t=974s
seed0-u ep=6425 lr=1.0e-08 train=2.4657e-07 val=2.6264e-07 best=2.6263e-07 t=978s
seed0-u ep=6450 lr=1.0e-08 train=2.4656e-07 val=2.6264e-07 best=2.6263e-07 t=982s
seed0-u ep=6460 lr=1.0e-08 train=2.4655e-07 val=2.6263e-07 best=2.6263e-07 t=983s
seed0-u ep=6475 lr=1.0e-08 train=2.4655e-07 val=2.6263e-07 best=2.6262e-07 t=985s
seed0-u ep=6490 lr=1.0e-08 train=2.4655e-07 val=2.6262e-07 best=2.6262e-07 t=988s
seed0-u ep=6500 lr=1.0e-08 train=2.4655e-07 val=2.6262e-07 best=2.6262e-07 t=989s
seed0-u ep=6525 lr=1.0e-08 train=2.4654e-07 val=2.6261e-07 best=2.6261e-07 t=993s
seed0-u ep=6550 lr=1.0e-08 train=2.4654e-07 val=2.6262e-07 best=2.6260e-07 t=997s
seed0-u ep=6575 lr=1.0e-08 train=2.4653e-07 val=2.6260e-07 best=2.6260e-07 t=1001s
seed0-u ep=6585 lr=1.0e-08 train=2.4653e-07 val=2.6259e-07 best=2.6259e-07 t=1002s
seed0-u ep=6600 lr=1.0e-08 train=2.4653e-07 val=2.6260e-07 best=2.6259e-07 t=1005s
seed0-u ep=6625 lr=1.0e-08 train=2.4652e-07 val=2.6260e-07 best=2.6259e-07 t=1008s
seed0-u ep=6650 lr=1.0e-08 train=2.4651e-07 val=2.6259e-07 best=2.6258e-07 t=1012s
seed0-u ep=6675 lr=1.0e-08 train=2.4651e-07 val=2.6259e-07 best=2.6258e-07 t=1016s
seed0-u ep=6700 lr=1.0e-08 train=2.4650e-07 val=2.6258e-07 best=2.6258e-07 t=1020s
seed0-u ep=6710 lr=1.0e-08 train=2.4650e-07 val=2.6257e-07 best=2.6257e-07 t=1021s
seed0-u ep=6715 lr=1.0e-08 train=2.4650e-07 val=2.6256e-07 best=2.6256e-07 t=1022s
seed0-u ep=6725 lr=1.0e-08 train=2.4651e-07 val=2.6258e-07 best=2.6256e-07 t=1024s
seed0-u ep=6750 lr=1.0e-08 train=2.4650e-07 val=2.6256e-07 best=2.6255e-07 t=1027s
seed0-u ep=6765 lr=1.0e-08 train=2.4649e-07 val=2.6255e-07 best=2.6255e-07 t=1030s
seed0-u ep=6775 lr=1.0e-08 train=2.4648e-07 val=2.6255e-07 best=2.6255e-07 t=1031s
seed0-u ep=6800 lr=1.0e-08 train=2.4648e-07 val=2.6255e-07 best=2.6255e-07 t=1035s
seed0-u ep=6810 lr=1.0e-08 train=2.4648e-07 val=2.6254e-07 best=2.6254e-07 t=1037s
seed0-u ep=6825 lr=1.0e-08 train=2.4647e-07 val=2.6255e-07 best=2.6254e-07 t=1039s
seed0-u ep=6850 lr=1.0e-08 train=2.4647e-07 val=2.6254e-07 best=2.6253e-07 t=1043s
seed0-u ep=6875 lr=1.0e-08 train=2.4646e-07 val=2.6253e-07 best=2.6253e-07 t=1047s
seed0-u ep=6880 lr=1.0e-08 train=2.4646e-07 val=2.6253e-07 best=2.6253e-07 t=1047s
seed0-u ep=6900 lr=1.0e-08 train=2.4646e-07 val=2.6253e-07 best=2.6252e-07 t=1050s
seed0-u ep=6925 lr=1.0e-08 train=2.4645e-07 val=2.6253e-07 best=2.6251e-07 t=1054s
seed0-u ep=6950 lr=1.0e-08 train=2.4644e-07 val=2.6252e-07 best=2.6251e-07 t=1058s
seed0-u ep=6970 lr=1.0e-08 train=2.4644e-07 val=2.6251e-07 best=2.6251e-07 t=1061s
seed0-u ep=6975 lr=1.0e-08 train=2.4644e-07 val=2.6252e-07 best=2.6251e-07 t=1062s
seed0-u ep=7000 lr=1.0e-08 train=2.4643e-07 val=2.6251e-07 best=2.6250e-07 t=1066s
seed0-u ep=7025 lr=1.0e-08 train=2.4643e-07 val=2.6250e-07 best=2.6250e-07 t=1069s
seed0-u ep=7050 lr=1.0e-08 train=2.4642e-07 val=2.6250e-07 best=2.6249e-07 t=1073s
seed0-u ep=7075 lr=1.0e-08 train=2.4641e-07 val=2.6248e-07 best=2.6247e-07 t=1077s
seed0-u ep=7100 lr=1.0e-08 train=2.4641e-07 val=2.6248e-07 best=2.6247e-07 t=1081s
seed0-u ep=7125 lr=1.0e-08 train=2.4641e-07 val=2.6248e-07 best=2.6247e-07 t=1085s
seed0-u ep=7150 lr=1.0e-08 train=2.4640e-07 val=2.6248e-07 best=2.6247e-07 t=1088s
seed0-u ep=7175 lr=1.0e-08 train=2.4639e-07 val=2.6247e-07 best=2.6246e-07 t=1092s
seed0-u ep=7180 lr=1.0e-08 train=2.4639e-07 val=2.6245e-07 best=2.6245e-07 t=1093s
seed0-u ep=7200 lr=1.0e-08 train=2.4639e-07 val=2.6247e-07 best=2.6245e-07 t=1096s
seed0-u ep=7225 lr=1.0e-08 train=2.4639e-07 val=2.6245e-07 best=2.6245e-07 t=1100s
seed0-u ep=7230 lr=1.0e-08 train=2.4638e-07 val=2.6244e-07 best=2.6244e-07 t=1101s
seed0-u ep=7235 lr=1.0e-08 train=2.4638e-07 val=2.6244e-07 best=2.6244e-07 t=1101s
seed0-u ep=7250 lr=1.0e-08 train=2.4637e-07 val=2.6244e-07 best=2.6244e-07 t=1104s
seed0-u ep=7270 lr=1.0e-08 train=2.4638e-07 val=2.6243e-07 best=2.6243e-07 t=1107s
seed0-u ep=7275 lr=1.0e-08 train=2.4637e-07 val=2.6244e-07 best=2.6243e-07 t=1108s
seed0-u ep=7300 lr=1.0e-08 train=2.4636e-07 val=2.6244e-07 best=2.6243e-07 t=1111s
seed0-u ep=7325 lr=1.0e-08 train=2.4636e-07 val=2.6242e-07 best=2.6242e-07 t=1115s
seed0-u ep=7350 lr=1.0e-08 train=2.4635e-07 val=2.6243e-07 best=2.6242e-07 t=1119s
seed0-u ep=7365 lr=1.0e-08 train=2.4635e-07 val=2.6242e-07 best=2.6242e-07 t=1121s
seed0-u ep=7375 lr=1.0e-08 train=2.4635e-07 val=2.6242e-07 best=2.6241e-07 t=1123s
seed0-u ep=7380 lr=1.0e-08 train=2.4634e-07 val=2.6241e-07 best=2.6241e-07 t=1124s
seed0-u ep=7400 lr=1.0e-08 train=2.4634e-07 val=2.6241e-07 best=2.6240e-07 t=1127s
seed0-u ep=7410 lr=1.0e-08 train=2.4634e-07 val=2.6240e-07 best=2.6240e-07 t=1128s
seed0-u ep=7425 lr=1.0e-08 train=2.4633e-07 val=2.6241e-07 best=2.6240e-07 t=1130s
seed0-u ep=7450 lr=1.0e-08 train=2.4633e-07 val=2.6239e-07 best=2.6239e-07 t=1134s
seed0-u ep=7465 lr=1.0e-08 train=2.4633e-07 val=2.6239e-07 best=2.6239e-07 t=1136s
seed0-u ep=7475 lr=1.0e-08 train=2.4633e-07 val=2.6239e-07 best=2.6238e-07 t=1138s
seed0-u ep=7500 lr=1.0e-08 train=2.4632e-07 val=2.6239e-07 best=2.6238e-07 t=1142s
seed0-u ep=7510 lr=1.0e-08 train=2.4632e-07 val=2.6238e-07 best=2.6238e-07 t=1143s
seed0-u ep=7525 lr=1.0e-08 train=2.4631e-07 val=2.6239e-07 best=2.6238e-07 t=1146s
seed0-u ep=7550 lr=1.0e-08 train=2.4630e-07 val=2.6237e-07 best=2.6237e-07 t=1149s
seed0-u ep=7555 lr=1.0e-08 train=2.4631e-07 val=2.6236e-07 best=2.6236e-07 t=1150s
seed0-u ep=7575 lr=1.0e-08 train=2.4630e-07 val=2.6237e-07 best=2.6236e-07 t=1153s
seed0-u ep=7600 lr=1.0e-08 train=2.4630e-07 val=2.6237e-07 best=2.6236e-07 t=1157s
seed0-u ep=7610 lr=1.0e-08 train=2.4630e-07 val=2.6236e-07 best=2.6236e-07 t=1159s
seed0-u ep=7625 lr=1.0e-08 train=2.4629e-07 val=2.6236e-07 best=2.6235e-07 t=1161s
seed0-u ep=7650 lr=1.0e-08 train=2.4628e-07 val=2.6235e-07 best=2.6235e-07 t=1165s
seed0-u ep=7675 lr=1.0e-08 train=2.4628e-07 val=2.6235e-07 best=2.6234e-07 t=1169s
seed0-u ep=7680 lr=1.0e-08 train=2.4628e-07 val=2.6234e-07 best=2.6234e-07 t=1169s
seed0-u ep=7695 lr=1.0e-08 train=2.4627e-07 val=2.6233e-07 best=2.6233e-07 t=1172s
seed0-u ep=7700 lr=1.0e-08 train=2.4628e-07 val=2.6234e-07 best=2.6233e-07 t=1172s
seed0-u ep=7725 lr=1.0e-08 train=2.4627e-07 val=2.6234e-07 best=2.6232e-07 t=1176s
seed0-u ep=7750 lr=1.0e-08 train=2.4627e-07 val=2.6233e-07 best=2.6231e-07 t=1180s
seed0-u ep=7775 lr=1.0e-08 train=2.4626e-07 val=2.6232e-07 best=2.6231e-07 t=1184s
seed0-u ep=7800 lr=1.0e-08 train=2.4625e-07 val=2.6231e-07 best=2.6231e-07 t=1188s
seed0-u ep=7825 lr=1.0e-08 train=2.4624e-07 val=2.6231e-07 best=2.6230e-07 t=1191s
seed0-u ep=7845 lr=1.0e-08 train=2.4624e-07 val=2.6230e-07 best=2.6230e-07 t=1194s
seed0-u ep=7850 lr=1.0e-08 train=2.4623e-07 val=2.6230e-07 best=2.6230e-07 t=1195s
seed0-u ep=7875 lr=1.0e-08 train=2.4623e-07 val=2.6230e-07 best=2.6229e-07 t=1199s
seed0-u ep=7895 lr=1.0e-08 train=2.4623e-07 val=2.6229e-07 best=2.6229e-07 t=1202s
seed0-u ep=7900 lr=1.0e-08 train=2.4623e-07 val=2.6230e-07 best=2.6229e-07 t=1203s
seed0-u ep=7925 lr=1.0e-08 train=2.4622e-07 val=2.6228e-07 best=2.6228e-07 t=1207s
seed0-u ep=7950 lr=1.0e-08 train=2.4622e-07 val=2.6228e-07 best=2.6227e-07 t=1210s
seed0-u ep=7975 lr=1.0e-08 train=2.4622e-07 val=2.6227e-07 best=2.6226e-07 t=1214s
seed0-u ep=8000 lr=1.0e-08 train=2.4620e-07 val=2.6226e-07 best=2.6226e-07 t=1218s
seed0-u ep=8010 lr=1.0e-08 train=2.4620e-07 val=2.6226e-07 best=2.6226e-07 t=1220s
seed0-u ep=8025 lr=1.0e-08 train=2.4620e-07 val=2.6227e-07 best=2.6225e-07 t=1222s
seed0-u ep=8050 lr=1.0e-08 train=2.4619e-07 val=2.6226e-07 best=2.6224e-07 t=1226s
seed0-u ep=8075 lr=1.0e-08 train=2.4619e-07 val=2.6225e-07 best=2.6224e-07 t=1230s
seed0-u ep=8100 lr=1.0e-08 train=2.4618e-07 val=2.6224e-07 best=2.6224e-07 t=1233s
seed0-u ep=8125 lr=1.0e-08 train=2.4618e-07 val=2.6222e-07 best=2.6222e-07 t=1237s
seed0-u ep=8140 lr=1.0e-08 train=2.4617e-07 val=2.6222e-07 best=2.6222e-07 t=1239s
seed0-u ep=8150 lr=1.0e-08 train=2.4617e-07 val=2.6224e-07 best=2.6222e-07 t=1241s
seed0-u ep=8160 lr=1.0e-08 train=2.4617e-07 val=2.6222e-07 best=2.6222e-07 t=1242s
seed0-u ep=8170 lr=1.0e-08 train=2.4616e-07 val=2.6222e-07 best=2.6222e-07 t=1244s
seed0-u ep=8175 lr=1.0e-08 train=2.4617e-07 val=2.6222e-07 best=2.6222e-07 t=1245s
seed0-u ep=8200 lr=1.0e-08 train=2.4616e-07 val=2.6221e-07 best=2.6221e-07 t=1249s
seed0-u ep=8225 lr=1.0e-08 train=2.4615e-07 val=2.6222e-07 best=2.6221e-07 t=1252s
seed0-u ep=8250 lr=1.0e-08 train=2.4615e-07 val=2.6222e-07 best=2.6220e-07 t=1256s
seed0-u ep=8275 lr=1.0e-08 train=2.4614e-07 val=2.6220e-07 best=2.6220e-07 t=1260s
seed0-u ep=8290 lr=1.0e-08 train=2.4614e-07 val=2.6219e-07 best=2.6219e-07 t=1262s
seed0-u ep=8295 lr=1.0e-08 train=2.4614e-07 val=2.6219e-07 best=2.6219e-07 t=1263s
seed0-u ep=8300 lr=1.0e-08 train=2.4614e-07 val=2.6219e-07 best=2.6219e-07 t=1264s
seed0-u ep=8325 lr=1.0e-08 train=2.4613e-07 val=2.6218e-07 best=2.6218e-07 t=1268s
seed0-u ep=8350 lr=1.0e-08 train=2.4613e-07 val=2.6218e-07 best=2.6218e-07 t=1271s
seed0-u ep=8375 lr=1.0e-08 train=2.4612e-07 val=2.6218e-07 best=2.6216e-07 t=1275s
seed0-u ep=8400 lr=1.0e-08 train=2.4611e-07 val=2.6217e-07 best=2.6216e-07 t=1279s
seed0-u ep=8425 lr=1.0e-08 train=2.4611e-07 val=2.6216e-07 best=2.6215e-07 t=1283s
seed0-u ep=8450 lr=1.0e-08 train=2.4610e-07 val=2.6216e-07 best=2.6215e-07 t=1287s
seed0-u ep=8475 lr=1.0e-08 train=2.4610e-07 val=2.6215e-07 best=2.6214e-07 t=1290s
seed0-u ep=8500 lr=1.0e-08 train=2.4609e-07 val=2.6214e-07 best=2.6214e-07 t=1294s
seed0-u ep=8525 lr=1.0e-08 train=2.4609e-07 val=2.6214e-07 best=2.6214e-07 t=1298s
seed0-u ep=8545 lr=1.0e-08 train=2.4608e-07 val=2.6213e-07 best=2.6213e-07 t=1301s
seed0-u ep=8550 lr=1.0e-08 train=2.4608e-07 val=2.6214e-07 best=2.6213e-07 t=1302s
seed0-u ep=8575 lr=1.0e-08 train=2.4607e-07 val=2.6213e-07 best=2.6212e-07 t=1306s
seed0-u ep=8600 lr=1.0e-08 train=2.4607e-07 val=2.6212e-07 best=2.6212e-07 t=1309s
seed0-u ep=8625 lr=1.0e-08 train=2.4607e-07 val=2.6213e-07 best=2.6211e-07 t=1313s
seed0-u ep=8640 lr=1.0e-08 train=2.4606e-07 val=2.6211e-07 best=2.6211e-07 t=1316s
seed0-u ep=8650 lr=1.0e-08 train=2.4606e-07 val=2.6212e-07 best=2.6211e-07 t=1317s
seed0-u ep=8660 lr=1.0e-08 train=2.4606e-07 val=2.6210e-07 best=2.6210e-07 t=1319s
seed0-u ep=8675 lr=1.0e-08 train=2.4605e-07 val=2.6210e-07 best=2.6210e-07 t=1321s
seed0-u ep=8700 lr=1.0e-08 train=2.4604e-07 val=2.6211e-07 best=2.6209e-07 t=1325s
seed0-u ep=8720 lr=1.0e-08 train=2.4604e-07 val=2.6209e-07 best=2.6209e-07 t=1328s
seed0-u ep=8725 lr=1.0e-08 train=2.4604e-07 val=2.6210e-07 best=2.6209e-07 t=1329s
seed0-u ep=8735 lr=1.0e-08 train=2.4604e-07 val=2.6208e-07 best=2.6208e-07 t=1330s
seed0-u ep=8750 lr=1.0e-08 train=2.4603e-07 val=2.6209e-07 best=2.6208e-07 t=1332s
seed0-u ep=8775 lr=1.0e-08 train=2.4603e-07 val=2.6208e-07 best=2.6207e-07 t=1336s
seed0-u ep=8800 lr=1.0e-08 train=2.4602e-07 val=2.6206e-07 best=2.6206e-07 t=1340s
seed0-u ep=8820 lr=1.0e-08 train=2.4602e-07 val=2.6206e-07 best=2.6206e-07 t=1343s
seed0-u ep=8825 lr=1.0e-08 train=2.4602e-07 val=2.6207e-07 best=2.6206e-07 t=1344s
seed0-u ep=8850 lr=1.0e-08 train=2.4601e-07 val=2.6207e-07 best=2.6205e-07 t=1348s
seed0-u ep=8875 lr=1.0e-08 train=2.4601e-07 val=2.6206e-07 best=2.6205e-07 t=1351s
seed0-u ep=8895 lr=1.0e-08 train=2.4602e-07 val=2.6205e-07 best=2.6205e-07 t=1354s
seed0-u ep=8900 lr=1.0e-08 train=2.4600e-07 val=2.6206e-07 best=2.6205e-07 t=1355s
seed0-u ep=8915 lr=1.0e-08 train=2.4599e-07 val=2.6204e-07 best=2.6204e-07 t=1358s
seed0-u ep=8925 lr=1.0e-08 train=2.4599e-07 val=2.6205e-07 best=2.6204e-07 t=1359s
seed0-u ep=8940 lr=1.0e-08 train=2.4599e-07 val=2.6204e-07 best=2.6204e-07 t=1361s
seed0-u ep=8945 lr=1.0e-08 train=2.4599e-07 val=2.6203e-07 best=2.6203e-07 t=1362s
seed0-u ep=8950 lr=1.0e-08 train=2.4599e-07 val=2.6204e-07 best=2.6203e-07 t=1363s
seed0-u ep=8960 lr=1.0e-08 train=2.4599e-07 val=2.6203e-07 best=2.6203e-07 t=1364s
seed0-u ep=8975 lr=1.0e-08 train=2.4599e-07 val=2.6205e-07 best=2.6203e-07 t=1367s
seed0-u ep=8985 lr=1.0e-08 train=2.4598e-07 val=2.6203e-07 best=2.6203e-07 t=1368s
seed0-u ep=9000 lr=1.0e-08 train=2.4598e-07 val=2.6203e-07 best=2.6203e-07 t=1370s
seed0-u ep=9025 lr=1.0e-08 train=2.4597e-07 val=2.6204e-07 best=2.6202e-07 t=1374s
seed0-u ep=9050 lr=1.0e-08 train=2.4596e-07 val=2.6203e-07 best=2.6202e-07 t=1378s
seed0-u ep=9070 lr=1.0e-08 train=2.4596e-07 val=2.6201e-07 best=2.6201e-07 t=1381s
seed0-u ep=9075 lr=1.0e-08 train=2.4597e-07 val=2.6202e-07 best=2.6201e-07 t=1382s
seed0-u ep=9100 lr=1.0e-08 train=2.4596e-07 val=2.6201e-07 best=2.6201e-07 t=1386s
seed0-u ep=9105 lr=1.0e-08 train=2.4595e-07 val=2.6200e-07 best=2.6200e-07 t=1387s
seed0-u ep=9125 lr=1.0e-08 train=2.4595e-07 val=2.6201e-07 best=2.6200e-07 t=1390s
seed0-u ep=9145 lr=1.0e-08 train=2.4595e-07 val=2.6199e-07 best=2.6199e-07 t=1393s
seed0-u ep=9150 lr=1.0e-08 train=2.4595e-07 val=2.6201e-07 best=2.6199e-07 t=1393s
seed0-u ep=9175 lr=1.0e-08 train=2.4594e-07 val=2.6199e-07 best=2.6199e-07 t=1397s
seed0-u ep=9185 lr=1.0e-08 train=2.4593e-07 val=2.6198e-07 best=2.6198e-07 t=1399s
seed0-u ep=9200 lr=1.0e-08 train=2.4594e-07 val=2.6197e-07 best=2.6197e-07 t=1401s
seed0-u ep=9215 lr=1.0e-08 train=2.4594e-07 val=2.6197e-07 best=2.6197e-07 t=1403s
seed0-u ep=9225 lr=1.0e-08 train=2.4593e-07 val=2.6198e-07 best=2.6197e-07 t=1405s
seed0-u ep=9235 lr=1.0e-08 train=2.4593e-07 val=2.6196e-07 best=2.6196e-07 t=1406s
seed0-u ep=9250 lr=1.0e-08 train=2.4592e-07 val=2.6198e-07 best=2.6196e-07 t=1409s
seed0-u ep=9275 lr=1.0e-08 train=2.4591e-07 val=2.6197e-07 best=2.6196e-07 t=1413s
seed0-u ep=9295 lr=1.0e-08 train=2.4591e-07 val=2.6195e-07 best=2.6195e-07 t=1416s
seed0-u ep=9300 lr=1.0e-08 train=2.4591e-07 val=2.6196e-07 best=2.6195e-07 t=1416s
seed0-u ep=9325 lr=1.0e-08 train=2.4591e-07 val=2.6195e-07 best=2.6194e-07 t=1420s
seed0-u ep=9350 lr=1.0e-08 train=2.4590e-07 val=2.6194e-07 best=2.6194e-07 t=1424s
seed0-u ep=9375 lr=1.0e-08 train=2.4589e-07 val=2.6193e-07 best=2.6193e-07 t=1428s
seed0-u ep=9400 lr=1.0e-08 train=2.4589e-07 val=2.6194e-07 best=2.6193e-07 t=1432s
seed0-u ep=9425 lr=1.0e-08 train=2.4588e-07 val=2.6194e-07 best=2.6193e-07 t=1435s
seed0-u ep=9445 lr=1.0e-08 train=2.4588e-07 val=2.6192e-07 best=2.6192e-07 t=1439s
seed0-u ep=9450 lr=1.0e-08 train=2.4587e-07 val=2.6194e-07 best=2.6192e-07 t=1439s
seed0-u ep=9475 lr=1.0e-08 train=2.4587e-07 val=2.6193e-07 best=2.6192e-07 t=1443s
seed0-u ep=9500 lr=1.0e-08 train=2.4587e-07 val=2.6193e-07 best=2.6191e-07 t=1447s
seed0-u ep=9525 lr=1.0e-08 train=2.4586e-07 val=2.6191e-07 best=2.6191e-07 t=1451s
seed0-u ep=9535 lr=1.0e-08 train=2.4585e-07 val=2.6190e-07 best=2.6190e-07 t=1452s
seed0-u ep=9540 lr=1.0e-08 train=2.4587e-07 val=2.6190e-07 best=2.6190e-07 t=1453s
seed0-u ep=9550 lr=1.0e-08 train=2.4585e-07 val=2.6191e-07 best=2.6190e-07 t=1455s
seed0-u ep=9575 lr=1.0e-08 train=2.4585e-07 val=2.6189e-07 best=2.6189e-07 t=1458s
seed0-u ep=9600 lr=1.0e-08 train=2.4584e-07 val=2.6189e-07 best=2.6188e-07 t=1462s
seed0-u ep=9615 lr=1.0e-08 train=2.4584e-07 val=2.6188e-07 best=2.6188e-07 t=1464s
seed0-u ep=9625 lr=1.0e-08 train=2.4584e-07 val=2.6189e-07 best=2.6188e-07 t=1466s
seed0-u ep=9630 lr=1.0e-08 train=2.4584e-07 val=2.6188e-07 best=2.6188e-07 t=1467s
seed0-u ep=9645 lr=1.0e-08 train=2.4583e-07 val=2.6187e-07 best=2.6187e-07 t=1469s
seed0-u ep=9650 lr=1.0e-08 train=2.4583e-07 val=2.6188e-07 best=2.6187e-07 t=1470s
seed0-u ep=9675 lr=1.0e-08 train=2.4582e-07 val=2.6188e-07 best=2.6187e-07 t=1474s
seed0-u ep=9700 lr=1.0e-08 train=2.4582e-07 val=2.6187e-07 best=2.6186e-07 t=1477s
seed0-u ep=9725 lr=1.0e-08 train=2.4581e-07 val=2.6186e-07 best=2.6186e-07 t=1481s
seed0-u ep=9730 lr=1.0e-08 train=2.4581e-07 val=2.6185e-07 best=2.6185e-07 t=1482s
seed0-u ep=9735 lr=1.0e-08 train=2.4581e-07 val=2.6185e-07 best=2.6185e-07 t=1483s
seed0-u ep=9750 lr=1.0e-08 train=2.4581e-07 val=2.6186e-07 best=2.6185e-07 t=1485s
seed0-u ep=9775 lr=1.0e-08 train=2.4580e-07 val=2.6185e-07 best=2.6184e-07 t=1489s
seed0-u ep=9800 lr=1.0e-08 train=2.4579e-07 val=2.6184e-07 best=2.6184e-07 t=1493s
seed0-u ep=9825 lr=1.0e-08 train=2.4579e-07 val=2.6183e-07 best=2.6183e-07 t=1497s
seed0-u ep=9850 lr=1.0e-08 train=2.4579e-07 val=2.6183e-07 best=2.6183e-07 t=1500s
seed0-u ep=9875 lr=1.0e-08 train=2.4578e-07 val=2.6183e-07 best=2.6183e-07 t=1504s
seed0-u ep=9900 lr=1.0e-08 train=2.4577e-07 val=2.6182e-07 best=2.6181e-07 t=1508s
seed0-u ep=9925 lr=1.0e-08 train=2.4577e-07 val=2.6182e-07 best=2.6181e-07 t=1512s
seed0-u ep=9950 lr=1.0e-08 train=2.4576e-07 val=2.6181e-07 best=2.6180e-07 t=1516s
seed0-u ep=9975 lr=1.0e-08 train=2.4575e-07 val=2.6180e-07 best=2.6179e-07 t=1519s
TRAINED seed=0 u {'stop_reason': 'max_epochs', 'truncated': False, 'epochs': 10000, 'best_val': 2.617904044655006e-07, 'final_lr': 1e-08, 'seconds': 1523.0852244198322}
seed0-v ep=0 lr=1.0e-03 train=3.6781e-02 val=9.3288e-03 best=9.3288e-03 t=0s
seed0-v ep=5 lr=1.0e-03 train=6.7214e-04 val=5.3156e-04 best=5.3156e-04 t=1s
seed0-v ep=10 lr=1.0e-03 train=2.0260e-04 val=1.6839e-04 best=1.6839e-04 t=1s
seed0-v ep=15 lr=1.0e-03 train=9.4150e-05 val=8.1726e-05 best=8.1726e-05 t=2s
seed0-v ep=20 lr=1.0e-03 train=5.3405e-05 val=5.1677e-05 best=5.1677e-05 t=3s
seed0-v ep=25 lr=1.0e-03 train=4.2848e-05 val=6.6538e-05 best=3.6239e-05 t=4s
seed0-v ep=45 lr=1.0e-03 train=2.6139e-05 val=1.7629e-05 best=1.7629e-05 t=7s
seed0-v ep=50 lr=1.0e-03 train=1.2886e-05 val=1.2547e-05 best=1.2547e-05 t=7s
seed0-v ep=70 lr=1.0e-04 train=7.7232e-06 val=5.2256e-06 best=5.2256e-06 t=10s
seed0-v ep=75 lr=1.0e-04 train=4.5113e-06 val=4.7050e-06 best=4.7050e-06 t=11s
seed0-v ep=80 lr=1.0e-04 train=4.4009e-06 val=4.5939e-06 best=4.5939e-06 t=12s
seed0-v ep=85 lr=1.0e-04 train=4.3122e-06 val=4.4845e-06 best=4.4845e-06 t=13s
seed0-v ep=90 lr=1.0e-04 train=4.2295e-06 val=4.3996e-06 best=4.3996e-06 t=13s
seed0-v ep=95 lr=1.0e-04 train=4.1553e-06 val=4.3066e-06 best=4.3066e-06 t=14s
seed0-v ep=100 lr=1.0e-04 train=4.0629e-06 val=4.2298e-06 best=4.2298e-06 t=15s
seed0-v ep=105 lr=1.0e-04 train=3.9736e-06 val=4.1262e-06 best=4.1262e-06 t=16s
seed0-v ep=110 lr=1.0e-04 train=3.8909e-06 val=4.0567e-06 best=4.0567e-06 t=16s
seed0-v ep=115 lr=1.0e-04 train=3.8102e-06 val=3.9526e-06 best=3.9526e-06 t=17s
seed0-v ep=120 lr=1.0e-04 train=3.7212e-06 val=3.8767e-06 best=3.8767e-06 t=18s
seed0-v ep=125 lr=1.0e-04 train=3.6491e-06 val=3.7814e-06 best=3.7814e-06 t=19s
seed0-v ep=130 lr=1.0e-04 train=3.5532e-06 val=3.6967e-06 best=3.6967e-06 t=19s
seed0-v ep=140 lr=1.0e-04 train=3.3948e-06 val=3.5023e-06 best=3.5023e-06 t=21s
seed0-v ep=145 lr=1.0e-04 train=3.3008e-06 val=3.4357e-06 best=3.4357e-06 t=22s
seed0-v ep=150 lr=1.0e-04 train=3.2132e-06 val=3.3343e-06 best=3.3343e-06 t=22s
seed0-v ep=155 lr=1.0e-04 train=3.1266e-06 val=3.2592e-06 best=3.2592e-06 t=23s
seed0-v ep=165 lr=1.0e-04 train=2.9450e-06 val=3.0640e-06 best=3.0640e-06 t=25s
seed0-v ep=170 lr=1.0e-04 train=2.8661e-06 val=2.9747e-06 best=2.9747e-06 t=26s
seed0-v ep=175 lr=1.0e-04 train=2.7815e-06 val=2.8805e-06 best=2.8805e-06 t=26s
seed0-v ep=180 lr=1.0e-04 train=2.7041e-06 val=2.8055e-06 best=2.8055e-06 t=27s
seed0-v ep=185 lr=1.0e-04 train=2.6170e-06 val=2.7045e-06 best=2.7045e-06 t=28s
seed0-v ep=200 lr=1.0e-04 train=2.3864e-06 val=2.4854e-06 best=2.4854e-06 t=30s
seed0-v ep=215 lr=1.0e-04 train=2.1651e-06 val=2.2541e-06 best=2.2541e-06 t=32s
seed0-v ep=220 lr=1.0e-04 train=2.0834e-06 val=2.1724e-06 best=2.1724e-06 t=33s
seed0-v ep=225 lr=1.0e-04 train=2.0108e-06 val=2.1111e-06 best=2.0861e-06 t=34s
seed0-v ep=230 lr=1.0e-04 train=1.9450e-06 val=2.0208e-06 best=2.0208e-06 t=35s
seed0-v ep=240 lr=1.0e-04 train=1.8268e-06 val=1.8927e-06 best=1.8927e-06 t=36s
seed0-v ep=250 lr=1.0e-04 train=1.6981e-06 val=1.7757e-06 best=1.7591e-06 t=38s
seed0-v ep=265 lr=1.0e-04 train=1.5552e-06 val=1.6161e-06 best=1.6161e-06 t=40s
seed0-v ep=275 lr=1.0e-04 train=1.6220e-06 val=1.5781e-06 best=1.5594e-06 t=42s
seed0-v ep=280 lr=1.0e-05 train=1.5216e-06 val=1.3080e-06 best=1.3080e-06 t=42s
seed0-v ep=285 lr=1.0e-05 train=1.2317e-06 val=1.2889e-06 best=1.2889e-06 t=43s
seed0-v ep=290 lr=1.0e-05 train=1.2259e-06 val=1.2860e-06 best=1.2860e-06 t=44s
seed0-v ep=295 lr=1.0e-05 train=1.2220e-06 val=1.2799e-06 best=1.2799e-06 t=45s
seed0-v ep=300 lr=1.0e-05 train=1.2155e-06 val=1.2748e-06 best=1.2741e-06 t=45s
seed0-v ep=305 lr=1.0e-05 train=1.2110e-06 val=1.2680e-06 best=1.2680e-06 t=46s
seed0-v ep=310 lr=1.0e-05 train=1.2044e-06 val=1.2629e-06 best=1.2629e-06 t=47s
seed0-v ep=320 lr=1.0e-05 train=1.1914e-06 val=1.2491e-06 best=1.2491e-06 t=48s
seed0-v ep=325 lr=1.0e-05 train=1.1846e-06 val=1.2423e-06 best=1.2423e-06 t=49s
seed0-v ep=335 lr=1.0e-05 train=1.1708e-06 val=1.2314e-06 best=1.2314e-06 t=51s
seed0-v ep=345 lr=1.0e-05 train=1.1564e-06 val=1.2150e-06 best=1.2150e-06 t=52s
seed0-v ep=350 lr=1.0e-05 train=1.1480e-06 val=1.2078e-06 best=1.2052e-06 t=53s
seed0-v ep=355 lr=1.0e-05 train=1.1417e-06 val=1.1963e-06 best=1.1963e-06 t=54s
seed0-v ep=360 lr=1.0e-05 train=1.1335e-06 val=1.1894e-06 best=1.1894e-06 t=54s
seed0-v ep=370 lr=1.0e-05 train=1.1160e-06 val=1.1706e-06 best=1.1706e-06 t=56s
seed0-v ep=375 lr=1.0e-05 train=1.1085e-06 val=1.1676e-06 best=1.1639e-06 t=57s
seed0-v ep=385 lr=1.0e-05 train=1.0930e-06 val=1.1429e-06 best=1.1429e-06 t=58s
seed0-v ep=390 lr=1.0e-05 train=1.0838e-06 val=1.1415e-06 best=1.1415e-06 t=59s
seed0-v ep=395 lr=1.0e-05 train=1.0732e-06 val=1.1258e-06 best=1.1258e-06 t=60s
seed0-v ep=400 lr=1.0e-05 train=1.0646e-06 val=1.1193e-06 best=1.1178e-06 t=61s
seed0-v ep=425 lr=1.0e-05 train=1.0185e-06 val=1.0673e-06 best=1.0667e-06 t=64s
seed0-v ep=435 lr=1.0e-05 train=9.9300e-07 val=1.0407e-06 best=1.0407e-06 t=66s
seed0-v ep=440 lr=1.0e-05 train=9.8393e-07 val=1.0292e-06 best=1.0292e-06 t=67s
seed0-v ep=450 lr=1.0e-05 train=9.6635e-07 val=1.0131e-06 best=1.0106e-06 t=68s
seed0-v ep=460 lr=1.0e-05 train=9.4250e-07 val=9.8817e-07 best=9.8817e-07 t=70s
seed0-v ep=475 lr=1.0e-05 train=9.1981e-07 val=9.5432e-07 best=9.5432e-07 t=72s
seed0-v ep=480 lr=1.0e-05 train=9.0561e-07 val=9.4765e-07 best=9.4765e-07 t=73s
seed0-v ep=485 lr=1.0e-05 train=8.9220e-07 val=9.3584e-07 best=9.3584e-07 t=74s
seed0-v ep=495 lr=1.0e-05 train=8.7482e-07 val=9.1480e-07 best=9.1480e-07 t=75s
seed0-v ep=500 lr=1.0e-05 train=8.6627e-07 val=9.0707e-07 best=9.0569e-07 t=76s
seed0-v ep=510 lr=1.0e-05 train=8.5333e-07 val=8.8789e-07 best=8.8789e-07 t=77s
seed0-v ep=525 lr=1.0e-05 train=8.2037e-07 val=8.6115e-07 best=8.6115e-07 t=80s
seed0-v ep=530 lr=1.0e-05 train=8.1000e-07 val=8.4617e-07 best=8.4617e-07 t=80s
seed0-v ep=535 lr=1.0e-05 train=8.0237e-07 val=8.4004e-07 best=8.4004e-07 t=81s
seed0-v ep=540 lr=1.0e-05 train=7.9432e-07 val=8.2874e-07 best=8.2874e-07 t=82s
seed0-v ep=550 lr=1.0e-05 train=7.8216e-07 val=8.1125e-07 best=8.1125e-07 t=83s
seed0-v ep=560 lr=1.0e-05 train=7.6219e-07 val=7.9930e-07 best=7.9930e-07 t=85s
seed0-v ep=565 lr=1.0e-05 train=7.5183e-07 val=7.8298e-07 best=7.8298e-07 t=86s
seed0-v ep=570 lr=1.0e-05 train=7.4825e-07 val=7.8141e-07 best=7.8141e-07 t=87s
seed0-v ep=575 lr=1.0e-05 train=7.3590e-07 val=7.7524e-07 best=7.6990e-07 t=87s
seed0-v ep=585 lr=1.0e-05 train=7.2384e-07 val=7.5408e-07 best=7.5408e-07 t=89s
seed0-v ep=600 lr=1.0e-05 train=7.0686e-07 val=7.3660e-07 best=7.3555e-07 t=91s
seed0-v ep=605 lr=1.0e-05 train=6.9271e-07 val=7.2198e-07 best=7.2198e-07 t=92s
seed0-v ep=610 lr=1.0e-05 train=6.8497e-07 val=7.1563e-07 best=7.1563e-07 t=93s
seed0-v ep=620 lr=1.0e-05 train=6.7143e-07 val=7.0393e-07 best=7.0393e-07 t=94s
seed0-v ep=625 lr=1.0e-05 train=6.6202e-07 val=6.9961e-07 best=6.9961e-07 t=95s
seed0-v ep=635 lr=1.0e-05 train=6.5070e-07 val=6.8435e-07 best=6.8435e-07 t=97s
seed0-v ep=640 lr=1.0e-05 train=6.4472e-07 val=6.7032e-07 best=6.7032e-07 t=97s
seed0-v ep=650 lr=1.0e-05 train=6.3255e-07 val=6.7139e-07 best=6.6299e-07 t=99s
seed0-v ep=665 lr=1.0e-05 train=6.1427e-07 val=6.4151e-07 best=6.4151e-07 t=101s
seed0-v ep=670 lr=1.0e-05 train=6.0752e-07 val=6.3554e-07 best=6.3554e-07 t=102s
seed0-v ep=675 lr=1.0e-05 train=6.0683e-07 val=6.4029e-07 best=6.3278e-07 t=103s
seed0-v ep=680 lr=1.0e-05 train=6.0134e-07 val=6.2379e-07 best=6.2379e-07 t=103s
seed0-v ep=690 lr=1.0e-05 train=5.8987e-07 val=6.1270e-07 best=6.1270e-07 t=105s
seed0-v ep=700 lr=1.0e-05 train=5.7823e-07 val=6.1645e-07 best=6.0702e-07 t=106s
seed0-v ep=705 lr=1.0e-05 train=5.6964e-07 val=5.9742e-07 best=5.9742e-07 t=107s
seed0-v ep=725 lr=1.0e-05 train=5.5309e-07 val=5.7874e-07 best=5.7874e-07 t=110s
seed0-v ep=735 lr=1.0e-05 train=5.3886e-07 val=5.6283e-07 best=5.6283e-07 t=112s
seed0-v ep=740 lr=1.0e-05 train=5.3602e-07 val=5.5749e-07 best=5.5749e-07 t=113s
seed0-v ep=745 lr=1.0e-05 train=5.3324e-07 val=5.5676e-07 best=5.5676e-07 t=113s
seed0-v ep=750 lr=1.0e-05 train=5.3421e-07 val=5.5364e-07 best=5.5299e-07 t=114s
seed0-v ep=755 lr=1.0e-05 train=5.2380e-07 val=5.4531e-07 best=5.4531e-07 t=115s
seed0-v ep=760 lr=1.0e-05 train=5.1818e-07 val=5.4404e-07 best=5.4404e-07 t=116s
seed0-v ep=765 lr=1.0e-05 train=5.1318e-07 val=5.3709e-07 best=5.3709e-07 t=116s
seed0-v ep=770 lr=1.0e-05 train=5.0949e-07 val=5.3333e-07 best=5.3333e-07 t=117s
seed0-v ep=775 lr=1.0e-05 train=5.0332e-07 val=5.3061e-07 best=5.2857e-07 t=118s
seed0-v ep=785 lr=1.0e-05 train=5.0185e-07 val=5.1863e-07 best=5.1863e-07 t=119s
seed0-v ep=800 lr=1.0e-05 train=4.9667e-07 val=5.1172e-07 best=5.0841e-07 t=122s
seed0-v ep=805 lr=1.0e-05 train=4.8114e-07 val=5.0592e-07 best=5.0592e-07 t=123s
seed0-v ep=820 lr=1.0e-05 train=4.7022e-07 val=4.9235e-07 best=4.9235e-07 t=125s
seed0-v ep=825 lr=1.0e-05 train=4.6899e-07 val=4.8914e-07 best=4.8914e-07 t=126s
seed0-v ep=845 lr=1.0e-05 train=4.5144e-07 val=4.7291e-07 best=4.7291e-07 t=129s
seed0-v ep=850 lr=1.0e-05 train=4.4916e-07 val=4.7306e-07 best=4.6973e-07 t=129s
seed0-v ep=855 lr=1.0e-05 train=4.4807e-07 val=4.6766e-07 best=4.6766e-07 t=130s
seed0-v ep=870 lr=1.0e-05 train=4.3574e-07 val=4.5696e-07 best=4.5696e-07 t=132s
seed0-v ep=875 lr=1.0e-05 train=4.3655e-07 val=4.5472e-07 best=4.5372e-07 t=133s
seed0-v ep=885 lr=1.0e-05 train=4.2785e-07 val=4.4527e-07 best=4.4527e-07 t=135s
seed0-v ep=890 lr=1.0e-05 train=4.2451e-07 val=4.4243e-07 best=4.4243e-07 t=136s
seed0-v ep=895 lr=1.0e-05 train=4.1924e-07 val=4.3780e-07 best=4.3780e-07 t=136s
seed0-v ep=900 lr=1.0e-05 train=4.1656e-07 val=4.3864e-07 best=4.3780e-07 t=137s
seed0-v ep=905 lr=1.0e-05 train=4.1355e-07 val=4.3207e-07 best=4.3207e-07 t=138s
seed0-v ep=915 lr=1.0e-05 train=4.1301e-07 val=4.2585e-07 best=4.2585e-07 t=139s
seed0-v ep=925 lr=1.0e-05 train=4.0398e-07 val=4.2013e-07 best=4.2013e-07 t=141s
seed0-v ep=935 lr=1.0e-05 train=3.9598e-07 val=4.1375e-07 best=4.1375e-07 t=142s
seed0-v ep=945 lr=1.0e-05 train=3.9587e-07 val=4.1126e-07 best=4.1126e-07 t=144s
seed0-v ep=950 lr=1.0e-05 train=3.8976e-07 val=4.1742e-07 best=4.1037e-07 t=145s
seed0-v ep=975 lr=1.0e-05 train=3.7860e-07 val=3.9556e-07 best=3.9553e-07 t=149s
seed0-v ep=1000 lr=1.0e-05 train=3.6527e-07 val=3.8132e-07 best=3.8132e-07 t=152s
seed0-v ep=1010 lr=1.0e-05 train=3.6052e-07 val=3.7562e-07 best=3.7562e-07 t=154s
seed0-v ep=1025 lr=1.0e-05 train=3.5389e-07 val=3.7374e-07 best=3.7003e-07 t=156s
seed0-v ep=1050 lr=1.0e-05 train=3.4239e-07 val=3.6148e-07 best=3.6083e-07 t=160s
seed0-v ep=1060 lr=1.0e-05 train=3.4070e-07 val=3.5601e-07 best=3.5601e-07 t=162s
seed0-v ep=1065 lr=1.0e-05 train=3.3730e-07 val=3.5179e-07 best=3.5179e-07 t=162s
seed0-v ep=1075 lr=1.0e-05 train=3.3699e-07 val=3.5211e-07 best=3.4920e-07 t=164s
seed0-v ep=1090 lr=1.0e-05 train=3.2970e-07 val=3.4104e-07 best=3.4104e-07 t=166s
seed0-v ep=1100 lr=1.0e-05 train=3.2378e-07 val=3.4054e-07 best=3.3920e-07 t=168s
seed0-v ep=1115 lr=1.0e-05 train=3.1936e-07 val=3.3473e-07 best=3.3473e-07 t=170s
seed0-v ep=1125 lr=1.0e-05 train=3.1508e-07 val=3.3579e-07 best=3.2873e-07 t=171s
seed0-v ep=1130 lr=1.0e-05 train=3.1551e-07 val=3.2842e-07 best=3.2842e-07 t=172s
seed0-v ep=1150 lr=1.0e-05 train=3.1138e-07 val=3.1963e-07 best=3.1963e-07 t=175s
seed0-v ep=1175 lr=1.0e-05 train=2.9850e-07 val=3.1525e-07 best=3.1396e-07 t=179s
seed0-v ep=1200 lr=1.0e-05 train=2.8835e-07 val=3.0577e-07 best=3.0466e-07 t=183s
seed0-v ep=1225 lr=1.0e-05 train=2.8345e-07 val=2.9799e-07 best=2.9799e-07 t=187s
seed0-v ep=1240 lr=1.0e-05 train=2.7900e-07 val=2.9360e-07 best=2.9360e-07 t=189s
seed0-v ep=1245 lr=1.0e-05 train=2.7600e-07 val=2.8995e-07 best=2.8995e-07 t=190s
seed0-v ep=1250 lr=1.0e-05 train=2.7714e-07 val=2.8887e-07 best=2.8887e-07 t=191s
seed0-v ep=1275 lr=1.0e-05 train=2.6879e-07 val=2.8511e-07 best=2.8282e-07 t=194s
seed0-v ep=1280 lr=1.0e-05 train=2.6795e-07 val=2.8126e-07 best=2.8126e-07 t=195s
seed0-v ep=1290 lr=1.0e-05 train=2.6717e-07 val=2.7902e-07 best=2.7902e-07 t=197s
seed0-v ep=1300 lr=1.0e-05 train=2.7015e-07 val=2.7813e-07 best=2.7733e-07 t=198s
seed0-v ep=1305 lr=1.0e-05 train=2.6181e-07 val=2.7635e-07 best=2.7635e-07 t=199s
seed0-v ep=1310 lr=1.0e-05 train=2.6051e-07 val=2.7234e-07 best=2.7234e-07 t=200s
seed0-v ep=1325 lr=1.0e-05 train=2.5694e-07 val=2.6993e-07 best=2.6993e-07 t=202s
seed0-v ep=1350 lr=1.0e-05 train=2.5128e-07 val=2.6468e-07 best=2.6311e-07 t=206s
seed0-v ep=1360 lr=1.0e-05 train=2.4900e-07 val=2.5944e-07 best=2.5944e-07 t=207s
seed0-v ep=1375 lr=1.0e-05 train=2.4684e-07 val=2.6556e-07 best=2.5923e-07 t=210s
seed0-v ep=1400 lr=1.0e-05 train=2.3854e-07 val=2.5349e-07 best=2.5138e-07 t=213s
seed0-v ep=1410 lr=1.0e-05 train=2.3887e-07 val=2.5069e-07 best=2.5069e-07 t=215s
seed0-v ep=1425 lr=1.0e-05 train=2.3560e-07 val=2.4984e-07 best=2.4662e-07 t=217s
seed0-v ep=1430 lr=1.0e-05 train=2.3202e-07 val=2.4371e-07 best=2.4371e-07 t=218s
seed0-v ep=1450 lr=1.0e-05 train=2.2957e-07 val=2.4240e-07 best=2.4118e-07 t=221s
seed0-v ep=1455 lr=1.0e-05 train=2.2797e-07 val=2.3889e-07 best=2.3889e-07 t=222s
seed0-v ep=1475 lr=1.0e-05 train=2.2402e-07 val=2.3664e-07 best=2.3664e-07 t=225s
seed0-v ep=1500 lr=1.0e-05 train=2.2168e-07 val=2.3843e-07 best=2.3029e-07 t=229s
seed0-v ep=1525 lr=1.0e-05 train=2.1767e-07 val=2.3642e-07 best=2.2723e-07 t=233s
seed0-v ep=1550 lr=1.0e-05 train=2.1153e-07 val=2.2379e-07 best=2.2216e-07 t=236s
seed0-v ep=1560 lr=1.0e-05 train=2.0867e-07 val=2.2032e-07 best=2.2032e-07 t=238s
seed0-v ep=1565 lr=1.0e-05 train=2.0934e-07 val=2.1994e-07 best=2.1994e-07 t=239s
seed0-v ep=1570 lr=1.0e-05 train=2.1009e-07 val=2.1838e-07 best=2.1838e-07 t=239s
seed0-v ep=1575 lr=1.0e-05 train=2.0842e-07 val=2.1869e-07 best=2.1838e-07 t=240s
seed0-v ep=1600 lr=1.0e-05 train=2.0469e-07 val=2.1515e-07 best=2.1379e-07 t=244s
seed0-v ep=1625 lr=1.0e-05 train=2.0125e-07 val=2.1231e-07 best=2.1211e-07 t=248s
seed0-v ep=1630 lr=1.0e-05 train=2.0106e-07 val=2.0985e-07 best=2.0985e-07 t=249s
seed0-v ep=1650 lr=1.0e-05 train=1.9513e-07 val=2.0668e-07 best=2.0602e-07 t=252s
seed0-v ep=1660 lr=1.0e-05 train=1.9549e-07 val=2.0581e-07 best=2.0581e-07 t=253s
seed0-v ep=1675 lr=1.0e-05 train=1.9520e-07 val=2.0412e-07 best=2.0353e-07 t=256s
seed0-v ep=1690 lr=1.0e-05 train=1.9019e-07 val=2.0097e-07 best=2.0097e-07 t=258s
seed0-v ep=1700 lr=1.0e-05 train=1.8927e-07 val=2.0008e-07 best=1.9890e-07 t=259s
seed0-v ep=1720 lr=1.0e-05 train=1.8720e-07 val=1.9531e-07 best=1.9531e-07 t=262s
seed0-v ep=1725 lr=1.0e-05 train=1.8554e-07 val=1.9482e-07 best=1.9482e-07 t=263s
seed0-v ep=1730 lr=1.0e-05 train=1.8348e-07 val=1.9430e-07 best=1.9430e-07 t=264s
seed0-v ep=1740 lr=1.0e-06 train=1.7523e-07 val=1.8664e-07 best=1.8664e-07 t=265s
seed0-v ep=1750 lr=1.0e-06 train=1.7554e-07 val=1.8683e-07 best=1.8640e-07 t=267s
seed0-v ep=1770 lr=1.0e-06 train=1.7488e-07 val=1.8621e-07 best=1.8621e-07 t=270s
seed0-v ep=1775 lr=1.0e-06 train=1.7500e-07 val=1.8615e-07 best=1.8615e-07 t=271s
seed0-v ep=1780 lr=1.0e-06 train=1.7493e-07 val=1.8603e-07 best=1.8603e-07 t=272s
seed0-v ep=1795 lr=1.0e-07 train=1.7385e-07 val=1.8549e-07 best=1.8549e-07 t=274s
seed0-v ep=1800 lr=1.0e-07 train=1.7384e-07 val=1.8547e-07 best=1.8546e-07 t=275s
seed0-v ep=1825 lr=1.0e-08 train=1.7375e-07 val=1.8545e-07 best=1.8543e-07 t=278s
seed0-v ep=1850 lr=1.0e-08 train=1.7375e-07 val=1.8544e-07 best=1.8543e-07 t=282s
seed0-v ep=1875 lr=1.0e-08 train=1.7375e-07 val=1.8544e-07 best=1.8543e-07 t=286s
seed0-v ep=1900 lr=1.0e-08 train=1.7374e-07 val=1.8545e-07 best=1.8543e-07 t=290s
seed0-v ep=1925 lr=1.0e-08 train=1.7374e-07 val=1.8545e-07 best=1.8543e-07 t=294s
seed0-v ep=1950 lr=1.0e-08 train=1.7374e-07 val=1.8543e-07 best=1.8543e-07 t=298s
seed0-v ep=1975 lr=1.0e-08 train=1.7373e-07 val=1.8543e-07 best=1.8541e-07 t=301s
seed0-v ep=2000 lr=1.0e-08 train=1.7374e-07 val=1.8543e-07 best=1.8541e-07 t=305s
seed0-v ep=2025 lr=1.0e-08 train=1.7372e-07 val=1.8541e-07 best=1.8541e-07 t=309s
seed0-v ep=2050 lr=1.0e-08 train=1.7372e-07 val=1.8541e-07 best=1.8540e-07 t=313s
seed0-v ep=2075 lr=1.0e-08 train=1.7372e-07 val=1.8541e-07 best=1.8540e-07 t=317s
seed0-v ep=2100 lr=1.0e-08 train=1.7371e-07 val=1.8541e-07 best=1.8540e-07 t=321s
seed0-v ep=2125 lr=1.0e-08 train=1.7371e-07 val=1.8540e-07 best=1.8540e-07 t=324s
seed0-v ep=2150 lr=1.0e-08 train=1.7370e-07 val=1.8540e-07 best=1.8539e-07 t=328s
seed0-v ep=2165 lr=1.0e-08 train=1.7370e-07 val=1.8539e-07 best=1.8539e-07 t=330s
seed0-v ep=2175 lr=1.0e-08 train=1.7371e-07 val=1.8539e-07 best=1.8538e-07 t=332s
seed0-v ep=2200 lr=1.0e-08 train=1.7370e-07 val=1.8538e-07 best=1.8538e-07 t=336s
seed0-v ep=2225 lr=1.0e-08 train=1.7369e-07 val=1.8540e-07 best=1.8538e-07 t=340s
seed0-v ep=2240 lr=1.0e-08 train=1.7369e-07 val=1.8538e-07 best=1.8538e-07 t=342s
seed0-v ep=2250 lr=1.0e-08 train=1.7369e-07 val=1.8538e-07 best=1.8538e-07 t=343s
seed0-v ep=2275 lr=1.0e-08 train=1.7369e-07 val=1.8538e-07 best=1.8537e-07 t=347s
seed0-v ep=2300 lr=1.0e-08 train=1.7368e-07 val=1.8537e-07 best=1.8536e-07 t=351s
seed0-v ep=2325 lr=1.0e-08 train=1.7368e-07 val=1.8537e-07 best=1.8536e-07 t=355s
seed0-v ep=2335 lr=1.0e-08 train=1.7368e-07 val=1.8536e-07 best=1.8536e-07 t=356s
seed0-v ep=2345 lr=1.0e-08 train=1.7368e-07 val=1.8536e-07 best=1.8536e-07 t=358s
seed0-v ep=2350 lr=1.0e-08 train=1.7368e-07 val=1.8537e-07 best=1.8536e-07 t=359s
seed0-v ep=2375 lr=1.0e-08 train=1.7367e-07 val=1.8537e-07 best=1.8535e-07 t=363s
seed0-v ep=2400 lr=1.0e-08 train=1.7367e-07 val=1.8536e-07 best=1.8535e-07 t=366s
seed0-v ep=2425 lr=1.0e-08 train=1.7366e-07 val=1.8536e-07 best=1.8535e-07 t=370s
seed0-v ep=2450 lr=1.0e-08 train=1.7366e-07 val=1.8535e-07 best=1.8534e-07 t=374s
seed0-v ep=2475 lr=1.0e-08 train=1.7366e-07 val=1.8535e-07 best=1.8534e-07 t=378s
seed0-v ep=2500 lr=1.0e-08 train=1.7366e-07 val=1.8534e-07 best=1.8534e-07 t=382s
seed0-v ep=2525 lr=1.0e-08 train=1.7365e-07 val=1.8535e-07 best=1.8533e-07 t=385s
seed0-v ep=2550 lr=1.0e-08 train=1.7365e-07 val=1.8533e-07 best=1.8532e-07 t=389s
seed0-v ep=2575 lr=1.0e-08 train=1.7364e-07 val=1.8533e-07 best=1.8532e-07 t=393s
seed0-v ep=2600 lr=1.0e-08 train=1.7364e-07 val=1.8533e-07 best=1.8532e-07 t=397s
seed0-v ep=2625 lr=1.0e-08 train=1.7364e-07 val=1.8531e-07 best=1.8531e-07 t=401s
seed0-v ep=2650 lr=1.0e-08 train=1.7363e-07 val=1.8533e-07 best=1.8531e-07 t=405s
seed0-v ep=2675 lr=1.0e-08 train=1.7363e-07 val=1.8532e-07 best=1.8531e-07 t=408s
seed0-v ep=2690 lr=1.0e-08 train=1.7363e-07 val=1.8530e-07 best=1.8530e-07 t=411s
seed0-v ep=2700 lr=1.0e-08 train=1.7362e-07 val=1.8532e-07 best=1.8530e-07 t=412s
seed0-v ep=2710 lr=1.0e-08 train=1.7362e-07 val=1.8530e-07 best=1.8530e-07 t=414s
seed0-v ep=2725 lr=1.0e-08 train=1.7362e-07 val=1.8530e-07 best=1.8530e-07 t=416s
seed0-v ep=2750 lr=1.0e-08 train=1.7362e-07 val=1.8531e-07 best=1.8530e-07 t=420s
seed0-v ep=2765 lr=1.0e-08 train=1.7362e-07 val=1.8530e-07 best=1.8530e-07 t=422s
seed0-v ep=2770 lr=1.0e-08 train=1.7361e-07 val=1.8530e-07 best=1.8530e-07 t=423s
seed0-v ep=2775 lr=1.0e-08 train=1.7361e-07 val=1.8529e-07 best=1.8529e-07 t=424s
seed0-v ep=2790 lr=1.0e-08 train=1.7361e-07 val=1.8529e-07 best=1.8529e-07 t=426s
seed0-v ep=2800 lr=1.0e-08 train=1.7361e-07 val=1.8530e-07 best=1.8529e-07 t=427s
seed0-v ep=2815 lr=1.0e-08 train=1.7361e-07 val=1.8528e-07 best=1.8528e-07 t=430s
seed0-v ep=2825 lr=1.0e-08 train=1.7361e-07 val=1.8528e-07 best=1.8528e-07 t=431s
seed0-v ep=2850 lr=1.0e-08 train=1.7360e-07 val=1.8529e-07 best=1.8528e-07 t=435s
seed0-v ep=2875 lr=1.0e-08 train=1.7360e-07 val=1.8529e-07 best=1.8528e-07 t=439s
seed0-v ep=2900 lr=1.0e-08 train=1.7359e-07 val=1.8527e-07 best=1.8527e-07 t=443s
seed0-v ep=2925 lr=1.0e-08 train=1.7359e-07 val=1.8529e-07 best=1.8527e-07 t=447s
seed0-v ep=2950 lr=1.0e-08 train=1.7359e-07 val=1.8526e-07 best=1.8526e-07 t=450s
seed0-v ep=2960 lr=1.0e-08 train=1.7359e-07 val=1.8526e-07 best=1.8526e-07 t=452s
seed0-v ep=2965 lr=1.0e-08 train=1.7359e-07 val=1.8526e-07 best=1.8526e-07 t=453s
seed0-v ep=2975 lr=1.0e-08 train=1.7358e-07 val=1.8526e-07 best=1.8526e-07 t=454s
seed0-v ep=3000 lr=1.0e-08 train=1.7358e-07 val=1.8527e-07 best=1.8526e-07 t=458s
seed0-v ep=3025 lr=1.0e-08 train=1.7357e-07 val=1.8527e-07 best=1.8526e-07 t=462s
seed0-v ep=3035 lr=1.0e-08 train=1.7358e-07 val=1.8525e-07 best=1.8525e-07 t=463s
seed0-v ep=3050 lr=1.0e-08 train=1.7357e-07 val=1.8525e-07 best=1.8525e-07 t=466s
seed0-v ep=3075 lr=1.0e-08 train=1.7357e-07 val=1.8526e-07 best=1.8525e-07 t=469s
seed0-v ep=3095 lr=1.0e-08 train=1.7357e-07 val=1.8524e-07 best=1.8524e-07 t=472s
seed0-v ep=3100 lr=1.0e-08 train=1.7357e-07 val=1.8525e-07 best=1.8524e-07 t=473s
seed0-v ep=3110 lr=1.0e-08 train=1.7356e-07 val=1.8523e-07 best=1.8523e-07 t=475s
seed0-v ep=3125 lr=1.0e-08 train=1.7356e-07 val=1.8525e-07 best=1.8523e-07 t=477s
seed0-v ep=3150 lr=1.0e-08 train=1.7356e-07 val=1.8524e-07 best=1.8523e-07 t=481s
seed0-v ep=3175 lr=1.0e-08 train=1.7356e-07 val=1.8524e-07 best=1.8522e-07 t=485s
seed0-v ep=3200 lr=1.0e-08 train=1.7355e-07 val=1.8522e-07 best=1.8522e-07 t=488s
seed0-v ep=3225 lr=1.0e-08 train=1.7355e-07 val=1.8522e-07 best=1.8521e-07 t=492s
seed0-v ep=3250 lr=1.0e-08 train=1.7354e-07 val=1.8523e-07 best=1.8521e-07 t=496s
seed0-v ep=3275 lr=1.0e-08 train=1.7354e-07 val=1.8522e-07 best=1.8521e-07 t=500s
seed0-v ep=3300 lr=1.0e-08 train=1.7354e-07 val=1.8522e-07 best=1.8521e-07 t=504s
seed0-v ep=3310 lr=1.0e-08 train=1.7353e-07 val=1.8520e-07 best=1.8520e-07 t=505s
seed0-v ep=3325 lr=1.0e-08 train=1.7353e-07 val=1.8521e-07 best=1.8520e-07 t=508s
seed0-v ep=3350 lr=1.0e-08 train=1.7353e-07 val=1.8522e-07 best=1.8520e-07 t=511s
seed0-v ep=3355 lr=1.0e-08 train=1.7353e-07 val=1.8520e-07 best=1.8520e-07 t=512s
seed0-v ep=3375 lr=1.0e-08 train=1.7353e-07 val=1.8521e-07 best=1.8520e-07 t=515s
seed0-v ep=3400 lr=1.0e-08 train=1.7352e-07 val=1.8521e-07 best=1.8520e-07 t=519s
seed0-v ep=3425 lr=1.0e-08 train=1.7352e-07 val=1.8522e-07 best=1.8519e-07 t=523s
seed0-v ep=3450 lr=1.0e-08 train=1.7352e-07 val=1.8520e-07 best=1.8519e-07 t=527s
seed0-v ep=3475 lr=1.0e-08 train=1.7351e-07 val=1.8520e-07 best=1.8518e-07 t=530s
seed0-v ep=3500 lr=1.0e-08 train=1.7351e-07 val=1.8519e-07 best=1.8518e-07 t=534s
seed0-v ep=3520 lr=1.0e-08 train=1.7350e-07 val=1.8518e-07 best=1.8518e-07 t=537s
seed0-v ep=3525 lr=1.0e-08 train=1.7350e-07 val=1.8519e-07 best=1.8518e-07 t=538s
seed0-v ep=3540 lr=1.0e-08 train=1.7351e-07 val=1.8518e-07 best=1.8518e-07 t=540s
seed0-v ep=3545 lr=1.0e-08 train=1.7350e-07 val=1.8517e-07 best=1.8517e-07 t=541s
seed0-v ep=3550 lr=1.0e-08 train=1.7350e-07 val=1.8518e-07 best=1.8517e-07 t=542s
seed0-v ep=3560 lr=1.0e-08 train=1.7350e-07 val=1.8517e-07 best=1.8517e-07 t=543s
seed0-v ep=3565 lr=1.0e-08 train=1.7351e-07 val=1.8517e-07 best=1.8517e-07 t=544s
seed0-v ep=3570 lr=1.0e-08 train=1.7350e-07 val=1.8517e-07 best=1.8517e-07 t=545s
seed0-v ep=3575 lr=1.0e-08 train=1.7350e-07 val=1.8518e-07 best=1.8517e-07 t=546s
seed0-v ep=3595 lr=1.0e-08 train=1.7350e-07 val=1.8516e-07 best=1.8516e-07 t=549s
seed0-v ep=3600 lr=1.0e-08 train=1.7349e-07 val=1.8517e-07 best=1.8516e-07 t=549s
seed0-v ep=3625 lr=1.0e-08 train=1.7349e-07 val=1.8517e-07 best=1.8516e-07 t=553s
seed0-v ep=3650 lr=1.0e-08 train=1.7349e-07 val=1.8517e-07 best=1.8516e-07 t=557s
seed0-v ep=3675 lr=1.0e-08 train=1.7348e-07 val=1.8516e-07 best=1.8516e-07 t=561s
seed0-v ep=3700 lr=1.0e-08 train=1.7348e-07 val=1.8517e-07 best=1.8515e-07 t=565s
seed0-v ep=3725 lr=1.0e-08 train=1.7347e-07 val=1.8515e-07 best=1.8514e-07 t=569s
seed0-v ep=3750 lr=1.0e-08 train=1.7347e-07 val=1.8514e-07 best=1.8514e-07 t=572s
seed0-v ep=3775 lr=1.0e-08 train=1.7347e-07 val=1.8515e-07 best=1.8514e-07 t=576s
seed0-v ep=3800 lr=1.0e-08 train=1.7346e-07 val=1.8514e-07 best=1.8513e-07 t=580s
seed0-v ep=3825 lr=1.0e-08 train=1.7346e-07 val=1.8514e-07 best=1.8513e-07 t=584s
seed0-v ep=3850 lr=1.0e-08 train=1.7345e-07 val=1.8513e-07 best=1.8512e-07 t=588s
seed0-v ep=3875 lr=1.0e-08 train=1.7346e-07 val=1.8514e-07 best=1.8512e-07 t=591s
seed0-v ep=3900 lr=1.0e-08 train=1.7345e-07 val=1.8513e-07 best=1.8512e-07 t=595s
seed0-v ep=3925 lr=1.0e-08 train=1.7344e-07 val=1.8513e-07 best=1.8512e-07 t=599s
seed0-v ep=3940 lr=1.0e-08 train=1.7345e-07 val=1.8511e-07 best=1.8511e-07 t=601s
seed0-v ep=3950 lr=1.0e-08 train=1.7345e-07 val=1.8511e-07 best=1.8511e-07 t=603s
seed0-v ep=3975 lr=1.0e-08 train=1.7344e-07 val=1.8512e-07 best=1.8511e-07 t=607s
seed0-v ep=3980 lr=1.0e-08 train=1.7344e-07 val=1.8511e-07 best=1.8511e-07 t=607s
seed0-v ep=4000 lr=1.0e-08 train=1.7343e-07 val=1.8512e-07 best=1.8511e-07 t=611s
seed0-v ep=4025 lr=1.0e-08 train=1.7343e-07 val=1.8510e-07 best=1.8510e-07 t=614s
seed0-v ep=4050 lr=1.0e-08 train=1.7343e-07 val=1.8510e-07 best=1.8510e-07 t=618s
seed0-v ep=4075 lr=1.0e-08 train=1.7343e-07 val=1.8510e-07 best=1.8509e-07 t=622s
seed0-v ep=4100 lr=1.0e-08 train=1.7342e-07 val=1.8510e-07 best=1.8509e-07 t=626s
seed0-v ep=4125 lr=1.0e-08 train=1.7342e-07 val=1.8509e-07 best=1.8508e-07 t=630s
seed0-v ep=4150 lr=1.0e-08 train=1.7341e-07 val=1.8509e-07 best=1.8508e-07 t=633s
seed0-v ep=4155 lr=1.0e-08 train=1.7341e-07 val=1.8508e-07 best=1.8508e-07 t=634s
seed0-v ep=4160 lr=1.0e-08 train=1.7341e-07 val=1.8508e-07 best=1.8508e-07 t=635s
seed0-v ep=4175 lr=1.0e-08 train=1.7341e-07 val=1.8509e-07 best=1.8508e-07 t=637s
seed0-v ep=4200 lr=1.0e-08 train=1.7341e-07 val=1.8508e-07 best=1.8508e-07 t=641s
seed0-v ep=4225 lr=1.0e-08 train=1.7340e-07 val=1.8508e-07 best=1.8507e-07 t=645s
seed0-v ep=4250 lr=1.0e-08 train=1.7340e-07 val=1.8508e-07 best=1.8507e-07 t=649s
seed0-v ep=4275 lr=1.0e-08 train=1.7340e-07 val=1.8506e-07 best=1.8506e-07 t=653s
seed0-v ep=4280 lr=1.0e-08 train=1.7340e-07 val=1.8506e-07 best=1.8506e-07 t=653s
seed0-v ep=4300 lr=1.0e-08 train=1.7339e-07 val=1.8507e-07 best=1.8506e-07 t=656s
seed0-v ep=4325 lr=1.0e-08 train=1.7339e-07 val=1.8507e-07 best=1.8506e-07 t=660s
seed0-v ep=4350 lr=1.0e-08 train=1.7338e-07 val=1.8507e-07 best=1.8506e-07 t=664s
seed0-v ep=4375 lr=1.0e-08 train=1.7338e-07 val=1.8507e-07 best=1.8505e-07 t=668s
seed0-v ep=4400 lr=1.0e-08 train=1.7338e-07 val=1.8506e-07 best=1.8505e-07 t=672s
seed0-v ep=4425 lr=1.0e-08 train=1.7337e-07 val=1.8505e-07 best=1.8504e-07 t=675s
seed0-v ep=4450 lr=1.0e-08 train=1.7337e-07 val=1.8506e-07 best=1.8504e-07 t=679s
seed0-v ep=4475 lr=1.0e-08 train=1.7337e-07 val=1.8504e-07 best=1.8504e-07 t=683s
seed0-v ep=4500 lr=1.0e-08 train=1.7336e-07 val=1.8505e-07 best=1.8503e-07 t=687s
seed0-v ep=4510 lr=1.0e-08 train=1.7336e-07 val=1.8503e-07 best=1.8503e-07 t=688s
seed0-v ep=4525 lr=1.0e-08 train=1.7336e-07 val=1.8503e-07 best=1.8502e-07 t=691s
seed0-v ep=4550 lr=1.0e-08 train=1.7335e-07 val=1.8503e-07 best=1.8502e-07 t=695s
seed0-v ep=4560 lr=1.0e-08 train=1.7336e-07 val=1.8502e-07 best=1.8502e-07 t=696s
seed0-v ep=4575 lr=1.0e-08 train=1.7335e-07 val=1.8503e-07 best=1.8502e-07 t=698s
seed0-v ep=4600 lr=1.0e-08 train=1.7335e-07 val=1.8503e-07 best=1.8502e-07 t=702s
seed0-v ep=4625 lr=1.0e-08 train=1.7334e-07 val=1.8502e-07 best=1.8501e-07 t=706s
seed0-v ep=4650 lr=1.0e-08 train=1.7334e-07 val=1.8503e-07 best=1.8501e-07 t=710s
seed0-v ep=4675 lr=1.0e-08 train=1.7334e-07 val=1.8502e-07 best=1.8501e-07 t=714s
seed0-v ep=4700 lr=1.0e-08 train=1.7333e-07 val=1.8501e-07 best=1.8501e-07 t=717s
seed0-v ep=4710 lr=1.0e-08 train=1.7333e-07 val=1.8500e-07 best=1.8500e-07 t=719s
seed0-v ep=4725 lr=1.0e-08 train=1.7333e-07 val=1.8501e-07 best=1.8500e-07 t=721s
seed0-v ep=4750 lr=1.0e-08 train=1.7332e-07 val=1.8501e-07 best=1.8500e-07 t=725s
seed0-v ep=4760 lr=1.0e-08 train=1.7333e-07 val=1.8500e-07 best=1.8500e-07 t=727s
seed0-v ep=4775 lr=1.0e-08 train=1.7332e-07 val=1.8500e-07 best=1.8499e-07 t=729s
seed0-v ep=4800 lr=1.0e-08 train=1.7332e-07 val=1.8500e-07 best=1.8499e-07 t=733s
seed0-v ep=4810 lr=1.0e-08 train=1.7332e-07 val=1.8499e-07 best=1.8499e-07 t=734s
seed0-v ep=4825 lr=1.0e-08 train=1.7331e-07 val=1.8500e-07 best=1.8499e-07 t=737s
seed0-v ep=4850 lr=1.0e-08 train=1.7331e-07 val=1.8498e-07 best=1.8498e-07 t=740s
seed0-v ep=4875 lr=1.0e-08 train=1.7331e-07 val=1.8497e-07 best=1.8497e-07 t=744s
seed0-v ep=4900 lr=1.0e-08 train=1.7331e-07 val=1.8499e-07 best=1.8496e-07 t=748s
seed0-v ep=4925 lr=1.0e-08 train=1.7330e-07 val=1.8499e-07 best=1.8496e-07 t=752s
seed0-v ep=4950 lr=1.0e-08 train=1.7330e-07 val=1.8497e-07 best=1.8496e-07 t=756s
seed0-v ep=4975 lr=1.0e-08 train=1.7330e-07 val=1.8497e-07 best=1.8496e-07 t=759s
seed0-v ep=4995 lr=1.0e-08 train=1.7329e-07 val=1.8496e-07 best=1.8496e-07 t=762s
seed0-v ep=5000 lr=1.0e-08 train=1.7329e-07 val=1.8497e-07 best=1.8496e-07 t=763s
seed0-v ep=5025 lr=1.0e-08 train=1.7329e-07 val=1.8496e-07 best=1.8495e-07 t=767s
seed0-v ep=5050 lr=1.0e-08 train=1.7329e-07 val=1.8496e-07 best=1.8495e-07 t=771s
seed0-v ep=5075 lr=1.0e-08 train=1.7328e-07 val=1.8495e-07 best=1.8495e-07 t=775s
seed0-v ep=5100 lr=1.0e-08 train=1.7328e-07 val=1.8495e-07 best=1.8494e-07 t=778s
seed0-v ep=5125 lr=1.0e-08 train=1.7327e-07 val=1.8494e-07 best=1.8494e-07 t=782s
seed0-v ep=5130 lr=1.0e-08 train=1.7328e-07 val=1.8494e-07 best=1.8494e-07 t=783s
seed0-v ep=5150 lr=1.0e-08 train=1.7327e-07 val=1.8494e-07 best=1.8494e-07 t=786s
seed0-v ep=5175 lr=1.0e-08 train=1.7327e-07 val=1.8494e-07 best=1.8493e-07 t=790s
seed0-v ep=5200 lr=1.0e-08 train=1.7327e-07 val=1.8492e-07 best=1.8492e-07 t=794s
seed0-v ep=5220 lr=1.0e-08 train=1.7326e-07 val=1.8492e-07 best=1.8492e-07 t=797s
seed0-v ep=5225 lr=1.0e-08 train=1.7326e-07 val=1.8493e-07 best=1.8492e-07 t=798s
seed0-v ep=5250 lr=1.0e-08 train=1.7325e-07 val=1.8493e-07 best=1.8492e-07 t=801s
seed0-v ep=5275 lr=1.0e-08 train=1.7326e-07 val=1.8492e-07 best=1.8492e-07 t=805s
seed0-v ep=5300 lr=1.0e-08 train=1.7325e-07 val=1.8492e-07 best=1.8491e-07 t=809s
seed0-v ep=5325 lr=1.0e-08 train=1.7324e-07 val=1.8492e-07 best=1.8491e-07 t=813s
seed0-v ep=5350 lr=1.0e-08 train=1.7324e-07 val=1.8491e-07 best=1.8490e-07 t=817s
seed0-v ep=5375 lr=1.0e-08 train=1.7324e-07 val=1.8492e-07 best=1.8490e-07 t=820s
seed0-v ep=5400 lr=1.0e-08 train=1.7323e-07 val=1.8490e-07 best=1.8490e-07 t=824s
seed0-v ep=5425 lr=1.0e-08 train=1.7323e-07 val=1.8491e-07 best=1.8489e-07 t=828s
seed0-v ep=5450 lr=1.0e-08 train=1.7323e-07 val=1.8491e-07 best=1.8489e-07 t=832s
seed0-v ep=5475 lr=1.0e-08 train=1.7322e-07 val=1.8490e-07 best=1.8489e-07 t=836s
seed0-v ep=5495 lr=1.0e-08 train=1.7322e-07 val=1.8489e-07 best=1.8489e-07 t=839s
seed0-v ep=5500 lr=1.0e-08 train=1.7322e-07 val=1.8490e-07 best=1.8489e-07 t=840s
seed0-v ep=5525 lr=1.0e-08 train=1.7322e-07 val=1.8489e-07 best=1.8489e-07 t=843s
seed0-v ep=5550 lr=1.0e-08 train=1.7321e-07 val=1.8489e-07 best=1.8488e-07 t=847s
seed0-v ep=5575 lr=1.0e-08 train=1.7321e-07 val=1.8490e-07 best=1.8488e-07 t=851s
seed0-v ep=5600 lr=1.0e-08 train=1.7320e-07 val=1.8488e-07 best=1.8487e-07 t=855s
seed0-v ep=5625 lr=1.0e-08 train=1.7320e-07 val=1.8488e-07 best=1.8487e-07 t=859s
seed0-v ep=5635 lr=1.0e-08 train=1.7320e-07 val=1.8486e-07 best=1.8486e-07 t=860s
seed0-v ep=5650 lr=1.0e-08 train=1.7320e-07 val=1.8488e-07 best=1.8486e-07 t=862s
seed0-v ep=5665 lr=1.0e-08 train=1.7320e-07 val=1.8486e-07 best=1.8486e-07 t=865s
seed0-v ep=5675 lr=1.0e-08 train=1.7319e-07 val=1.8486e-07 best=1.8485e-07 t=866s
seed0-v ep=5700 lr=1.0e-08 train=1.7319e-07 val=1.8485e-07 best=1.8485e-07 t=870s
seed0-v ep=5725 lr=1.0e-08 train=1.7319e-07 val=1.8486e-07 best=1.8485e-07 t=874s
seed0-v ep=5750 lr=1.0e-08 train=1.7318e-07 val=1.8485e-07 best=1.8485e-07 t=878s
seed0-v ep=5770 lr=1.0e-08 train=1.7318e-07 val=1.8484e-07 best=1.8484e-07 t=881s
seed0-v ep=5775 lr=1.0e-08 train=1.7318e-07 val=1.8485e-07 best=1.8484e-07 t=882s
seed0-v ep=5780 lr=1.0e-08 train=1.7318e-07 val=1.8484e-07 best=1.8484e-07 t=882s
seed0-v ep=5800 lr=1.0e-08 train=1.7317e-07 val=1.8484e-07 best=1.8484e-07 t=885s
seed0-v ep=5825 lr=1.0e-08 train=1.7317e-07 val=1.8485e-07 best=1.8484e-07 t=889s
seed0-v ep=5840 lr=1.0e-08 train=1.7317e-07 val=1.8483e-07 best=1.8483e-07 t=891s
seed0-v ep=5850 lr=1.0e-08 train=1.7317e-07 val=1.8484e-07 best=1.8483e-07 t=893s
seed0-v ep=5855 lr=1.0e-08 train=1.7317e-07 val=1.8483e-07 best=1.8483e-07 t=894s
seed0-v ep=5875 lr=1.0e-08 train=1.7316e-07 val=1.8484e-07 best=1.8482e-07 t=897s
seed0-v ep=5900 lr=1.0e-08 train=1.7316e-07 val=1.8483e-07 best=1.8482e-07 t=901s
seed0-v ep=5925 lr=1.0e-08 train=1.7316e-07 val=1.8483e-07 best=1.8481e-07 t=904s
seed0-v ep=5950 lr=1.0e-08 train=1.7315e-07 val=1.8483e-07 best=1.8481e-07 t=908s
seed0-v ep=5975 lr=1.0e-08 train=1.7316e-07 val=1.8484e-07 best=1.8481e-07 t=912s
seed0-v ep=6000 lr=1.0e-08 train=1.7315e-07 val=1.8481e-07 best=1.8481e-07 t=916s
seed0-v ep=6025 lr=1.0e-08 train=1.7315e-07 val=1.8482e-07 best=1.8481e-07 t=920s
seed0-v ep=6050 lr=1.0e-08 train=1.7314e-07 val=1.8481e-07 best=1.8481e-07 t=924s
seed0-v ep=6075 lr=1.0e-08 train=1.7314e-07 val=1.8480e-07 best=1.8480e-07 t=927s
seed0-v ep=6100 lr=1.0e-08 train=1.7313e-07 val=1.8482e-07 best=1.8480e-07 t=931s
seed0-v ep=6125 lr=1.0e-08 train=1.7313e-07 val=1.8480e-07 best=1.8480e-07 t=935s
seed0-v ep=6150 lr=1.0e-08 train=1.7313e-07 val=1.8480e-07 best=1.8479e-07 t=939s
seed0-v ep=6175 lr=1.0e-08 train=1.7312e-07 val=1.8479e-07 best=1.8478e-07 t=943s
seed0-v ep=6200 lr=1.0e-08 train=1.7312e-07 val=1.8479e-07 best=1.8478e-07 t=946s
seed0-v ep=6225 lr=1.0e-08 train=1.7312e-07 val=1.8479e-07 best=1.8478e-07 t=950s
seed0-v ep=6250 lr=1.0e-08 train=1.7312e-07 val=1.8478e-07 best=1.8478e-07 t=954s
seed0-v ep=6275 lr=1.0e-08 train=1.7311e-07 val=1.8479e-07 best=1.8478e-07 t=958s
seed0-v ep=6295 lr=1.0e-08 train=1.7311e-07 val=1.8477e-07 best=1.8477e-07 t=961s
seed0-v ep=6300 lr=1.0e-08 train=1.7311e-07 val=1.8477e-07 best=1.8477e-07 t=962s
seed0-v ep=6325 lr=1.0e-08 train=1.7310e-07 val=1.8478e-07 best=1.8476e-07 t=966s
seed0-v ep=6350 lr=1.0e-08 train=1.7310e-07 val=1.8477e-07 best=1.8476e-07 t=969s
seed0-v ep=6375 lr=1.0e-08 train=1.7309e-07 val=1.8477e-07 best=1.8476e-07 t=973s
seed0-v ep=6400 lr=1.0e-08 train=1.7309e-07 val=1.8476e-07 best=1.8475e-07 t=977s
seed0-v ep=6425 lr=1.0e-08 train=1.7309e-07 val=1.8476e-07 best=1.8475e-07 t=981s
seed0-v ep=6450 lr=1.0e-08 train=1.7309e-07 val=1.8476e-07 best=1.8475e-07 t=985s
seed0-v ep=6460 lr=1.0e-08 train=1.7308e-07 val=1.8474e-07 best=1.8474e-07 t=986s
seed0-v ep=6465 lr=1.0e-08 train=1.7308e-07 val=1.8474e-07 best=1.8474e-07 t=987s
seed0-v ep=6475 lr=1.0e-08 train=1.7308e-07 val=1.8475e-07 best=1.8474e-07 t=988s
seed0-v ep=6480 lr=1.0e-08 train=1.7309e-07 val=1.8474e-07 best=1.8474e-07 t=989s
seed0-v ep=6500 lr=1.0e-08 train=1.7308e-07 val=1.8474e-07 best=1.8474e-07 t=992s
seed0-v ep=6525 lr=1.0e-08 train=1.7307e-07 val=1.8474e-07 best=1.8474e-07 t=996s
seed0-v ep=6550 lr=1.0e-08 train=1.7307e-07 val=1.8474e-07 best=1.8473e-07 t=1000s
seed0-v ep=6575 lr=1.0e-08 train=1.7307e-07 val=1.8474e-07 best=1.8473e-07 t=1004s
seed0-v ep=6580 lr=1.0e-08 train=1.7307e-07 val=1.8473e-07 best=1.8473e-07 t=1004s
seed0-v ep=6585 lr=1.0e-08 train=1.7306e-07 val=1.8472e-07 best=1.8472e-07 t=1005s
seed0-v ep=6600 lr=1.0e-08 train=1.7307e-07 val=1.8473e-07 best=1.8472e-07 t=1007s
seed0-v ep=6625 lr=1.0e-08 train=1.7306e-07 val=1.8473e-07 best=1.8472e-07 t=1011s
seed0-v ep=6650 lr=1.0e-08 train=1.7306e-07 val=1.8473e-07 best=1.8472e-07 t=1015s
seed0-v ep=6675 lr=1.0e-08 train=1.7305e-07 val=1.8472e-07 best=1.8472e-07 t=1019s
seed0-v ep=6700 lr=1.0e-08 train=1.7305e-07 val=1.8472e-07 best=1.8471e-07 t=1023s
seed0-v ep=6715 lr=1.0e-08 train=1.7305e-07 val=1.8471e-07 best=1.8471e-07 t=1025s
seed0-v ep=6725 lr=1.0e-08 train=1.7306e-07 val=1.8472e-07 best=1.8471e-07 t=1027s
seed0-v ep=6750 lr=1.0e-08 train=1.7304e-07 val=1.8470e-07 best=1.8469e-07 t=1030s
seed0-v ep=6775 lr=1.0e-08 train=1.7304e-07 val=1.8471e-07 best=1.8469e-07 t=1034s
seed0-v ep=6800 lr=1.0e-08 train=1.7304e-07 val=1.8471e-07 best=1.8469e-07 t=1038s
seed0-v ep=6825 lr=1.0e-08 train=1.7303e-07 val=1.8471e-07 best=1.8469e-07 t=1042s
seed0-v ep=6850 lr=1.0e-08 train=1.7303e-07 val=1.8471e-07 best=1.8469e-07 t=1046s
seed0-v ep=6875 lr=1.0e-08 train=1.7302e-07 val=1.8469e-07 best=1.8469e-07 t=1049s
seed0-v ep=6880 lr=1.0e-08 train=1.7302e-07 val=1.8468e-07 best=1.8468e-07 t=1050s
seed0-v ep=6900 lr=1.0e-08 train=1.7302e-07 val=1.8468e-07 best=1.8468e-07 t=1053s
seed0-v ep=6925 lr=1.0e-08 train=1.7302e-07 val=1.8469e-07 best=1.8467e-07 t=1057s
seed0-v ep=6950 lr=1.0e-08 train=1.7301e-07 val=1.8469e-07 best=1.8467e-07 t=1061s
seed0-v ep=6975 lr=1.0e-08 train=1.7301e-07 val=1.8468e-07 best=1.8467e-07 t=1065s
seed0-v ep=7000 lr=1.0e-08 train=1.7301e-07 val=1.8468e-07 best=1.8467e-07 t=1069s
seed0-v ep=7025 lr=1.0e-08 train=1.7300e-07 val=1.8467e-07 best=1.8467e-07 t=1072s
seed0-v ep=7035 lr=1.0e-08 train=1.7300e-07 val=1.8466e-07 best=1.8466e-07 t=1074s
seed0-v ep=7050 lr=1.0e-08 train=1.7300e-07 val=1.8467e-07 best=1.8466e-07 t=1076s
seed0-v ep=7075 lr=1.0e-08 train=1.7299e-07 val=1.8466e-07 best=1.8465e-07 t=1080s
seed0-v ep=7100 lr=1.0e-08 train=1.7299e-07 val=1.8466e-07 best=1.8465e-07 t=1084s
seed0-v ep=7125 lr=1.0e-08 train=1.7299e-07 val=1.8466e-07 best=1.8465e-07 t=1088s
seed0-v ep=7150 lr=1.0e-08 train=1.7299e-07 val=1.8466e-07 best=1.8465e-07 t=1091s
seed0-v ep=7175 lr=1.0e-08 train=1.7298e-07 val=1.8465e-07 best=1.8464e-07 t=1095s
seed0-v ep=7180 lr=1.0e-08 train=1.7298e-07 val=1.8464e-07 best=1.8464e-07 t=1096s
seed0-v ep=7200 lr=1.0e-08 train=1.7298e-07 val=1.8465e-07 best=1.8463e-07 t=1099s
seed0-v ep=7225 lr=1.0e-08 train=1.7298e-07 val=1.8464e-07 best=1.8463e-07 t=1103s
seed0-v ep=7250 lr=1.0e-08 train=1.7297e-07 val=1.8464e-07 best=1.8463e-07 t=1107s
seed0-v ep=7275 lr=1.0e-08 train=1.7297e-07 val=1.8464e-07 best=1.8463e-07 t=1110s
seed0-v ep=7300 lr=1.0e-08 train=1.7296e-07 val=1.8463e-07 best=1.8463e-07 t=1114s
seed0-v ep=7325 lr=1.0e-08 train=1.7296e-07 val=1.8462e-07 best=1.8462e-07 t=1118s
seed0-v ep=7335 lr=1.0e-08 train=1.7297e-07 val=1.8462e-07 best=1.8462e-07 t=1120s
seed0-v ep=7350 lr=1.0e-08 train=1.7296e-07 val=1.8463e-07 best=1.8462e-07 t=1122s
seed0-v ep=7365 lr=1.0e-08 train=1.7296e-07 val=1.8462e-07 best=1.8462e-07 t=1124s
seed0-v ep=7375 lr=1.0e-08 train=1.7296e-07 val=1.8462e-07 best=1.8461e-07 t=1126s
seed0-v ep=7400 lr=1.0e-08 train=1.7295e-07 val=1.8462e-07 best=1.8461e-07 t=1130s
seed0-v ep=7405 lr=1.0e-08 train=1.7296e-07 val=1.8461e-07 best=1.8461e-07 t=1130s
seed0-v ep=7425 lr=1.0e-08 train=1.7294e-07 val=1.8462e-07 best=1.8461e-07 t=1133s
seed0-v ep=7450 lr=1.0e-08 train=1.7294e-07 val=1.8461e-07 best=1.8461e-07 t=1137s
seed0-v ep=7475 lr=1.0e-08 train=1.7294e-07 val=1.8461e-07 best=1.8460e-07 t=1141s
seed0-v ep=7500 lr=1.0e-08 train=1.7294e-07 val=1.8460e-07 best=1.8460e-07 t=1145s
seed0-v ep=7525 lr=1.0e-08 train=1.7293e-07 val=1.8460e-07 best=1.8460e-07 t=1149s
seed0-v ep=7530 lr=1.0e-08 train=1.7293e-07 val=1.8459e-07 best=1.8459e-07 t=1149s
seed0-v ep=7550 lr=1.0e-08 train=1.7293e-07 val=1.8459e-07 best=1.8459e-07 t=1152s
seed0-v ep=7555 lr=1.0e-08 train=1.7293e-07 val=1.8458e-07 best=1.8458e-07 t=1153s
seed0-v ep=7575 lr=1.0e-08 train=1.7293e-07 val=1.8459e-07 best=1.8458e-07 t=1156s
seed0-v ep=7600 lr=1.0e-08 train=1.7292e-07 val=1.8459e-07 best=1.8458e-07 t=1160s
seed0-v ep=7625 lr=1.0e-08 train=1.7292e-07 val=1.8459e-07 best=1.8458e-07 t=1164s
seed0-v ep=7650 lr=1.0e-08 train=1.7292e-07 val=1.8458e-07 best=1.8457e-07 t=1168s
seed0-v ep=7675 lr=1.0e-08 train=1.7291e-07 val=1.8458e-07 best=1.8457e-07 t=1171s
seed0-v ep=7695 lr=1.0e-08 train=1.7291e-07 val=1.8456e-07 best=1.8456e-07 t=1175s
seed0-v ep=7700 lr=1.0e-08 train=1.7291e-07 val=1.8456e-07 best=1.8456e-07 t=1175s
seed0-v ep=7725 lr=1.0e-08 train=1.7291e-07 val=1.8457e-07 best=1.8456e-07 t=1179s
seed0-v ep=7750 lr=1.0e-08 train=1.7291e-07 val=1.8457e-07 best=1.8456e-07 t=1183s
seed0-v ep=7775 lr=1.0e-08 train=1.7290e-07 val=1.8456e-07 best=1.8456e-07 t=1187s
seed0-v ep=7795 lr=1.0e-08 train=1.7290e-07 val=1.8456e-07 best=1.8456e-07 t=1190s
seed0-v ep=7800 lr=1.0e-08 train=1.7289e-07 val=1.8455e-07 best=1.8455e-07 t=1191s
seed0-v ep=7825 lr=1.0e-08 train=1.7289e-07 val=1.8456e-07 best=1.8455e-07 t=1194s
seed0-v ep=7850 lr=1.0e-08 train=1.7289e-07 val=1.8455e-07 best=1.8455e-07 t=1198s
seed0-v ep=7875 lr=1.0e-08 train=1.7288e-07 val=1.8454e-07 best=1.8454e-07 t=1202s
seed0-v ep=7880 lr=1.0e-08 train=1.7288e-07 val=1.8454e-07 best=1.8454e-07 t=1203s
seed0-v ep=7900 lr=1.0e-08 train=1.7289e-07 val=1.8455e-07 best=1.8454e-07 t=1206s
seed0-v ep=7925 lr=1.0e-08 train=1.7288e-07 val=1.8454e-07 best=1.8453e-07 t=1210s
seed0-v ep=7950 lr=1.0e-08 train=1.7288e-07 val=1.8454e-07 best=1.8453e-07 t=1213s
seed0-v ep=7975 lr=1.0e-08 train=1.7288e-07 val=1.8454e-07 best=1.8453e-07 t=1217s
seed0-v ep=8000 lr=1.0e-08 train=1.7287e-07 val=1.8452e-07 best=1.8452e-07 t=1221s
seed0-v ep=8025 lr=1.0e-08 train=1.7286e-07 val=1.8453e-07 best=1.8451e-07 t=1225s
seed0-v ep=8045 lr=1.0e-08 train=1.7286e-07 val=1.8451e-07 best=1.8451e-07 t=1228s
seed0-v ep=8050 lr=1.0e-08 train=1.7286e-07 val=1.8452e-07 best=1.8450e-07 t=1229s
seed0-v ep=8075 lr=1.0e-08 train=1.7286e-07 val=1.8451e-07 best=1.8450e-07 t=1232s
seed0-v ep=8100 lr=1.0e-08 train=1.7285e-07 val=1.8451e-07 best=1.8450e-07 t=1236s
seed0-v ep=8125 lr=1.0e-08 train=1.7285e-07 val=1.8450e-07 best=1.8450e-07 t=1240s
seed0-v ep=8140 lr=1.0e-08 train=1.7284e-07 val=1.8449e-07 best=1.8449e-07 t=1242s
seed0-v ep=8150 lr=1.0e-08 train=1.7284e-07 val=1.8452e-07 best=1.8449e-07 t=1244s
seed0-v ep=8175 lr=1.0e-08 train=1.7285e-07 val=1.8449e-07 best=1.8449e-07 t=1248s
seed0-v ep=8200 lr=1.0e-08 train=1.7284e-07 val=1.8450e-07 best=1.8449e-07 t=1252s
seed0-v ep=8225 lr=1.0e-08 train=1.7283e-07 val=1.8450e-07 best=1.8449e-07 t=1255s
seed0-v ep=8250 lr=1.0e-08 train=1.7283e-07 val=1.8449e-07 best=1.8448e-07 t=1259s
seed0-v ep=8275 lr=1.0e-08 train=1.7283e-07 val=1.8449e-07 best=1.8448e-07 t=1263s
seed0-v ep=8300 lr=1.0e-08 train=1.7283e-07 val=1.8449e-07 best=1.8448e-07 t=1267s
seed0-v ep=8320 lr=1.0e-08 train=1.7283e-07 val=1.8447e-07 best=1.8447e-07 t=1270s
seed0-v ep=8325 lr=1.0e-08 train=1.7282e-07 val=1.8447e-07 best=1.8447e-07 t=1271s
seed0-v ep=8350 lr=1.0e-08 train=1.7282e-07 val=1.8446e-07 best=1.8446e-07 t=1274s
seed0-v ep=8375 lr=1.0e-08 train=1.7281e-07 val=1.8448e-07 best=1.8446e-07 t=1278s
seed0-v ep=8400 lr=1.0e-08 train=1.7281e-07 val=1.8447e-07 best=1.8446e-07 t=1282s
seed0-v ep=8420 lr=1.0e-08 train=1.7281e-07 val=1.8445e-07 best=1.8445e-07 t=1285s
seed0-v ep=8425 lr=1.0e-08 train=1.7281e-07 val=1.8447e-07 best=1.8445e-07 t=1286s
seed0-v ep=8450 lr=1.0e-08 train=1.7281e-07 val=1.8447e-07 best=1.8445e-07 t=1290s
seed0-v ep=8475 lr=1.0e-08 train=1.7280e-07 val=1.8447e-07 best=1.8445e-07 t=1293s
seed0-v ep=8485 lr=1.0e-08 train=1.7280e-07 val=1.8445e-07 best=1.8445e-07 t=1295s
seed0-v ep=8490 lr=1.0e-08 train=1.7280e-07 val=1.8444e-07 best=1.8444e-07 t=1296s
seed0-v ep=8500 lr=1.0e-08 train=1.7280e-07 val=1.8445e-07 best=1.8444e-07 t=1297s
seed0-v ep=8525 lr=1.0e-08 train=1.7280e-07 val=1.8444e-07 best=1.8444e-07 t=1301s
seed0-v ep=8550 lr=1.0e-08 train=1.7279e-07 val=1.8445e-07 best=1.8444e-07 t=1305s
seed0-v ep=8575 lr=1.0e-08 train=1.7279e-07 val=1.8445e-07 best=1.8443e-07 t=1309s
seed0-v ep=8600 lr=1.0e-08 train=1.7278e-07 val=1.8445e-07 best=1.8443e-07 t=1313s
seed0-v ep=8620 lr=1.0e-08 train=1.7279e-07 val=1.8443e-07 best=1.8443e-07 t=1316s
seed0-v ep=8625 lr=1.0e-08 train=1.7278e-07 val=1.8444e-07 best=1.8443e-07 t=1316s
seed0-v ep=8635 lr=1.0e-08 train=1.7278e-07 val=1.8443e-07 best=1.8443e-07 t=1318s
seed0-v ep=8650 lr=1.0e-08 train=1.7278e-07 val=1.8445e-07 best=1.8443e-07 t=1320s
seed0-v ep=8675 lr=1.0e-08 train=1.7277e-07 val=1.8443e-07 best=1.8443e-07 t=1324s
seed0-v ep=8700 lr=1.0e-08 train=1.7277e-07 val=1.8444e-07 best=1.8442e-07 t=1328s
seed0-v ep=8710 lr=1.0e-08 train=1.7276e-07 val=1.8442e-07 best=1.8442e-07 t=1329s
seed0-v ep=8715 lr=1.0e-08 train=1.7277e-07 val=1.8442e-07 best=1.8442e-07 t=1330s
seed0-v ep=8720 lr=1.0e-08 train=1.7277e-07 val=1.8442e-07 best=1.8442e-07 t=1331s
seed0-v ep=8725 lr=1.0e-08 train=1.7277e-07 val=1.8443e-07 best=1.8442e-07 t=1332s
seed0-v ep=8750 lr=1.0e-08 train=1.7276e-07 val=1.8441e-07 best=1.8441e-07 t=1335s
seed0-v ep=8775 lr=1.0e-08 train=1.7276e-07 val=1.8442e-07 best=1.8441e-07 t=1339s
seed0-v ep=8800 lr=1.0e-08 train=1.7276e-07 val=1.8440e-07 best=1.8440e-07 t=1343s
seed0-v ep=8825 lr=1.0e-08 train=1.7275e-07 val=1.8441e-07 best=1.8439e-07 t=1347s
seed0-v ep=8850 lr=1.0e-08 train=1.7275e-07 val=1.8441e-07 best=1.8439e-07 t=1351s
seed0-v ep=8875 lr=1.0e-08 train=1.7275e-07 val=1.8440e-07 best=1.8439e-07 t=1354s
seed0-v ep=8895 lr=1.0e-08 train=1.7276e-07 val=1.8439e-07 best=1.8439e-07 t=1357s
seed0-v ep=8900 lr=1.0e-08 train=1.7274e-07 val=1.8441e-07 best=1.8439e-07 t=1358s
seed0-v ep=8915 lr=1.0e-08 train=1.7274e-07 val=1.8439e-07 best=1.8439e-07 t=1361s
seed0-v ep=8925 lr=1.0e-08 train=1.7273e-07 val=1.8440e-07 best=1.8439e-07 t=1362s
seed0-v ep=8950 lr=1.0e-08 train=1.7273e-07 val=1.8440e-07 best=1.8438e-07 t=1366s
seed0-v ep=8975 lr=1.0e-08 train=1.7273e-07 val=1.8439e-07 best=1.8438e-07 t=1370s
seed0-v ep=9000 lr=1.0e-08 train=1.7273e-07 val=1.8439e-07 best=1.8438e-07 t=1373s
seed0-v ep=9005 lr=1.0e-08 train=1.7273e-07 val=1.8438e-07 best=1.8438e-07 t=1374s
seed0-v ep=9025 lr=1.0e-08 train=1.7272e-07 val=1.8439e-07 best=1.8438e-07 t=1377s
seed0-v ep=9050 lr=1.0e-08 train=1.7272e-07 val=1.8439e-07 best=1.8438e-07 t=1381s
seed0-v ep=9075 lr=1.0e-08 train=1.7272e-07 val=1.8438e-07 best=1.8437e-07 t=1385s
seed0-v ep=9100 lr=1.0e-08 train=1.7272e-07 val=1.8437e-07 best=1.8437e-07 t=1389s
seed0-v ep=9105 lr=1.0e-08 train=1.7271e-07 val=1.8436e-07 best=1.8436e-07 t=1389s
seed0-v ep=9125 lr=1.0e-08 train=1.7271e-07 val=1.8437e-07 best=1.8436e-07 t=1393s
seed0-v ep=9150 lr=1.0e-08 train=1.7271e-07 val=1.8438e-07 best=1.8436e-07 t=1396s
seed0-v ep=9175 lr=1.0e-08 train=1.7270e-07 val=1.8437e-07 best=1.8436e-07 t=1400s
seed0-v ep=9200 lr=1.0e-08 train=1.7271e-07 val=1.8436e-07 best=1.8435e-07 t=1404s
seed0-v ep=9225 lr=1.0e-08 train=1.7270e-07 val=1.8435e-07 best=1.8434e-07 t=1408s
seed0-v ep=9250 lr=1.0e-08 train=1.7269e-07 val=1.8435e-07 best=1.8434e-07 t=1412s
seed0-v ep=9275 lr=1.0e-08 train=1.7269e-07 val=1.8435e-07 best=1.8433e-07 t=1415s
seed0-v ep=9300 lr=1.0e-08 train=1.7269e-07 val=1.8434e-07 best=1.8433e-07 t=1419s
seed0-v ep=9325 lr=1.0e-08 train=1.7269e-07 val=1.8433e-07 best=1.8432e-07 t=1423s
seed0-v ep=9350 lr=1.0e-08 train=1.7268e-07 val=1.8433e-07 best=1.8432e-07 t=1427s
seed0-v ep=9375 lr=1.0e-08 train=1.7268e-07 val=1.8432e-07 best=1.8432e-07 t=1431s
seed0-v ep=9400 lr=1.0e-08 train=1.7267e-07 val=1.8434e-07 best=1.8432e-07 t=1434s
seed0-v ep=9425 lr=1.0e-08 train=1.7267e-07 val=1.8434e-07 best=1.8432e-07 t=1438s
seed0-v ep=9450 lr=1.0e-08 train=1.7266e-07 val=1.8432e-07 best=1.8432e-07 t=1442s
seed0-v ep=9475 lr=1.0e-08 train=1.7267e-07 val=1.8433e-07 best=1.8432e-07 t=1446s
seed0-v ep=9500 lr=1.0e-08 train=1.7266e-07 val=1.8433e-07 best=1.8431e-07 t=1450s
seed0-v ep=9525 lr=1.0e-08 train=1.7265e-07 val=1.8431e-07 best=1.8430e-07 t=1453s
seed0-v ep=9535 lr=1.0e-08 train=1.7265e-07 val=1.8430e-07 best=1.8430e-07 t=1455s
seed0-v ep=9545 lr=1.0e-08 train=1.7265e-07 val=1.8429e-07 best=1.8429e-07 t=1457s
seed0-v ep=9550 lr=1.0e-08 train=1.7265e-07 val=1.8431e-07 best=1.8429e-07 t=1457s
seed0-v ep=9575 lr=1.0e-08 train=1.7265e-07 val=1.8430e-07 best=1.8429e-07 t=1461s
seed0-v ep=9600 lr=1.0e-08 train=1.7264e-07 val=1.8430e-07 best=1.8429e-07 t=1465s
seed0-v ep=9625 lr=1.0e-08 train=1.7264e-07 val=1.8430e-07 best=1.8429e-07 t=1469s
seed0-v ep=9650 lr=1.0e-08 train=1.7264e-07 val=1.8430e-07 best=1.8428e-07 t=1473s
seed0-v ep=9675 lr=1.0e-08 train=1.7263e-07 val=1.8430e-07 best=1.8428e-07 t=1476s
seed0-v ep=9700 lr=1.0e-08 train=1.7263e-07 val=1.8429e-07 best=1.8428e-07 t=1480s
seed0-v ep=9725 lr=1.0e-08 train=1.7263e-07 val=1.8428e-07 best=1.8428e-07 t=1484s
seed0-v ep=9730 lr=1.0e-08 train=1.7262e-07 val=1.8427e-07 best=1.8427e-07 t=1485s
seed0-v ep=9735 lr=1.0e-08 train=1.7262e-07 val=1.8426e-07 best=1.8426e-07 t=1485s
seed0-v ep=9750 lr=1.0e-08 train=1.7262e-07 val=1.8428e-07 best=1.8426e-07 t=1488s
seed0-v ep=9775 lr=1.0e-08 train=1.7262e-07 val=1.8428e-07 best=1.8426e-07 t=1492s
seed0-v ep=9800 lr=1.0e-08 train=1.7261e-07 val=1.8427e-07 best=1.8426e-07 t=1495s
seed0-v ep=9825 lr=1.0e-08 train=1.7261e-07 val=1.8426e-07 best=1.8426e-07 t=1499s
seed0-v ep=9850 lr=1.0e-08 train=1.7261e-07 val=1.8427e-07 best=1.8426e-07 t=1503s
seed0-v ep=9875 lr=1.0e-08 train=1.7260e-07 val=1.8427e-07 best=1.8426e-07 t=1507s
seed0-v ep=9900 lr=1.0e-08 train=1.7260e-07 val=1.8425e-07 best=1.8425e-07 t=1511s
seed0-v ep=9925 lr=1.0e-08 train=1.7260e-07 val=1.8425e-07 best=1.8425e-07 t=1514s
seed0-v ep=9950 lr=1.0e-08 train=1.7259e-07 val=1.8425e-07 best=1.8424e-07 t=1518s
seed0-v ep=9975 lr=1.0e-08 train=1.7259e-07 val=1.8425e-07 best=1.8424e-07 t=1522s
TRAINED seed=0 v {'stop_reason': 'max_epochs', 'truncated': False, 'epochs': 10000, 'best_val': 1.8423753544993815e-07, 'final_lr': 1e-08, 'seconds': 1525.6124203568324}
NM-LSPG seed=0 {'error': {'u': 0.014524554733394245, 'v': 0.011801054576474658, 'max': 0.014524554733394245}, 'seconds_warm': 2.244722690898925, 'gn_iterations_mean': 3.994666576385498, 'gn_iterations_max': 5, 'gn_cap_hits': 0, 'last_step_norm_max': 1.2543486094150714e-06, 'finite': True, 'ic_error': 0.0010654250103166692} projection {'u': 0.01584539675843049, 'v': 0.010515770098243943, 'max': 0.01584539675843049}
NM-LSPG-HR seed=0 {'subnet_parity': 0.0, 'residual_basis': 55, 'samples': 58, 'nodes_evaluated': 156, 'active_hidden': [5940, 5940], 'error': {'u': inf, 'v': inf, 'max': inf}, 'finite': False, 'sampled_basis_singular_values': [0.6464724372181777, 0.052201002866208775], 'seconds_warm': 0.05873792199417949, 'gn_iterations_mean': 0.0026666666381061077}
NM-LSPG-HR seed=0 {'subnet_parity': 0.0, 'residual_basis': 51, 'samples': 54, 'nodes_evaluated': 145, 'active_hidden': [5740, 5740], 'error': {'u': inf, 'v': inf, 'max': inf}, 'finite': False, 'sampled_basis_singular_values': [0.6162815758066187, 0.052202385791289226], 'seconds_warm': 0.05870818393304944, 'gn_iterations_mean': 0.0026666666381061077}
NM-LSPG-HR seed=0 {'subnet_parity': 9.564386572905972e-13, 'residual_basis': 44, 'samples': 47, 'nodes_evaluated': 121, 'active_hidden': [5430, 5430], 'error': {'u': inf, 'v': inf, 'max': inf}, 'finite': False, 'sampled_basis_singular_values': [0.5858830459004006, 0.052880129422192154], 'seconds_warm': 0.05854342598468065, 'gn_iterations_mean': 0.0026666666381061077}
NM-LSPG-HR seed=0 {'subnet_parity': 0.0, 'residual_basis': 40, 'samples': 40, 'nodes_evaluated': 102, 'active_hidden': [4480, 4480], 'error': {'u': inf, 'v': inf, 'max': inf}, 'finite': False, 'sampled_basis_singular_values': [0.5483635409394009, 0.03973174847836289], 'seconds_warm': 0.05924848327413201, 'gn_iterations_mean': 0.003999999724328518}
NM-LSPG-HR seed=0 {'subnet_parity': 0.0, 'residual_basis': 60, 'samples': 60, 'nodes_evaluated': 167, 'active_hidden': [6510, 6510], 'error': {'u': inf, 'v': inf, 'max': inf}, 'finite': False, 'sampled_basis_singular_values': [0.6651137666018355, 0.06398341859487254], 'seconds_warm': 0.05943249678239226, 'gn_iterations_mean': 0.005333333276212215}
seed1-u ep=0 lr=1.0e-03 train=4.3897e-02 val=1.6466e-02 best=1.6466e-02 t=0s
seed1-u ep=5 lr=1.0e-03 train=8.4112e-04 val=7.0922e-04 best=7.0922e-04 t=1s
seed1-u ep=10 lr=1.0e-03 train=1.8719e-04 val=1.5789e-04 best=1.5789e-04 t=1s
seed1-u ep=15 lr=1.0e-03 train=8.5735e-05 val=7.9088e-05 best=7.9088e-05 t=2s
seed1-u ep=25 lr=1.0e-03 train=4.1642e-05 val=4.1732e-05 best=3.4794e-05 t=4s
seed1-u ep=45 lr=1.0e-03 train=1.6331e-05 val=1.2766e-05 best=1.2766e-05 t=7s
seed1-u ep=50 lr=1.0e-03 train=1.2352e-04 val=5.6225e-05 best=1.2766e-05 t=7s
seed1-u ep=55 lr=1.0e-04 train=7.9605e-06 val=8.0375e-06 best=8.0375e-06 t=8s
seed1-u ep=60 lr=1.0e-04 train=7.3213e-06 val=7.8033e-06 best=7.8033e-06 t=9s
seed1-u ep=65 lr=1.0e-04 train=7.1534e-06 val=7.6204e-06 best=7.6204e-06 t=9s
seed1-u ep=70 lr=1.0e-04 train=6.9944e-06 val=7.4164e-06 best=7.4164e-06 t=10s
seed1-u ep=75 lr=1.0e-04 train=6.8152e-06 val=7.2799e-06 best=7.2710e-06 t=11s
seed1-u ep=80 lr=1.0e-04 train=6.6369e-06 val=7.0806e-06 best=7.0806e-06 t=12s
seed1-u ep=85 lr=1.0e-04 train=6.4623e-06 val=6.8960e-06 best=6.8960e-06 t=12s
seed1-u ep=90 lr=1.0e-04 train=6.2919e-06 val=6.7065e-06 best=6.7065e-06 t=13s
seed1-u ep=95 lr=1.0e-04 train=6.1153e-06 val=6.5324e-06 best=6.5324e-06 t=14s
seed1-u ep=100 lr=1.0e-04 train=5.9364e-06 val=6.3626e-06 best=6.3626e-06 t=15s
seed1-u ep=105 lr=1.0e-04 train=5.7721e-06 val=6.1835e-06 best=6.1835e-06 t=15s
seed1-u ep=110 lr=1.0e-04 train=5.6007e-06 val=6.0098e-06 best=6.0098e-06 t=16s
seed1-u ep=115 lr=1.0e-04 train=5.4414e-06 val=5.8331e-06 best=5.8331e-06 t=17s
seed1-u ep=120 lr=1.0e-04 train=5.2750e-06 val=5.6481e-06 best=5.6481e-06 t=17s
seed1-u ep=125 lr=1.0e-04 train=5.1037e-06 val=5.4608e-06 best=5.4608e-06 t=18s
seed1-u ep=130 lr=1.0e-04 train=4.9461e-06 val=5.3172e-06 best=5.3172e-06 t=19s
seed1-u ep=135 lr=1.0e-04 train=4.7627e-06 val=5.1379e-06 best=5.1379e-06 t=20s
seed1-u ep=140 lr=1.0e-04 train=4.6022e-06 val=4.9563e-06 best=4.9563e-06 t=20s
seed1-u ep=145 lr=1.0e-04 train=4.4415e-06 val=4.7929e-06 best=4.7929e-06 t=21s
seed1-u ep=150 lr=1.0e-04 train=4.3076e-06 val=4.6268e-06 best=4.6268e-06 t=22s
seed1-u ep=155 lr=1.0e-04 train=4.1368e-06 val=4.4382e-06 best=4.4382e-06 t=23s
seed1-u ep=160 lr=1.0e-04 train=3.9847e-06 val=4.3062e-06 best=4.3062e-06 t=23s
seed1-u ep=165 lr=1.0e-04 train=3.8259e-06 val=4.1621e-06 best=4.1621e-06 t=24s
seed1-u ep=170 lr=1.0e-04 train=3.6765e-06 val=3.9723e-06 best=3.9723e-06 t=25s
seed1-u ep=175 lr=1.0e-04 train=3.5497e-06 val=3.8531e-06 best=3.8531e-06 t=26s
seed1-u ep=180 lr=1.0e-04 train=3.4065e-06 val=3.6973e-06 best=3.6973e-06 t=26s
seed1-u ep=185 lr=1.0e-04 train=3.3120e-06 val=3.5750e-06 best=3.5750e-06 t=27s
seed1-u ep=190 lr=1.0e-04 train=3.1591e-06 val=3.4048e-06 best=3.4048e-06 t=28s
seed1-u ep=195 lr=1.0e-04 train=3.0313e-06 val=3.2831e-06 best=3.2831e-06 t=29s
seed1-u ep=200 lr=1.0e-04 train=2.9067e-06 val=3.1568e-06 best=3.1568e-06 t=29s
seed1-u ep=205 lr=1.0e-04 train=2.8249e-06 val=3.0127e-06 best=3.0127e-06 t=30s
seed1-u ep=210 lr=1.0e-04 train=2.7383e-06 val=2.9273e-06 best=2.9273e-06 t=31s
seed1-u ep=215 lr=1.0e-04 train=2.5851e-06 val=2.7757e-06 best=2.7757e-06 t=31s
seed1-u ep=220 lr=1.0e-04 train=2.5149e-06 val=2.6975e-06 best=2.6975e-06 t=32s
seed1-u ep=225 lr=1.0e-04 train=2.4528e-06 val=2.5599e-06 best=2.5599e-06 t=33s
seed1-u ep=230 lr=1.0e-04 train=2.3474e-06 val=2.4676e-06 best=2.4676e-06 t=34s
seed1-u ep=240 lr=1.0e-04 train=2.1837e-06 val=2.2897e-06 best=2.2897e-06 t=35s
seed1-u ep=250 lr=1.0e-04 train=2.2949e-06 val=2.2345e-06 best=2.1383e-06 t=37s
seed1-u ep=260 lr=1.0e-04 train=2.0169e-06 val=2.0069e-06 best=2.0069e-06 t=38s
seed1-u ep=275 lr=1.0e-04 train=1.8270e-06 val=1.9072e-06 best=1.9072e-06 t=40s
seed1-u ep=280 lr=1.0e-04 train=1.6110e-06 val=1.7026e-06 best=1.7026e-06 t=41s
seed1-u ep=290 lr=1.0e-04 train=1.6815e-06 val=1.5676e-06 best=1.5676e-06 t=43s
seed1-u ep=300 lr=1.0e-05 train=1.2742e-06 val=1.3953e-06 best=1.3953e-06 t=44s
seed1-u ep=310 lr=1.0e-05 train=1.2635e-06 val=1.3834e-06 best=1.3834e-06 t=46s
seed1-u ep=325 lr=1.0e-05 train=1.2458e-06 val=1.3639e-06 best=1.3639e-06 t=48s
seed1-u ep=330 lr=1.0e-05 train=1.2384e-06 val=1.3544e-06 best=1.3544e-06 t=49s
seed1-u ep=340 lr=1.0e-05 train=1.2260e-06 val=1.3390e-06 best=1.3390e-06 t=50s
seed1-u ep=350 lr=1.0e-05 train=1.2117e-06 val=1.3238e-06 best=1.3238e-06 t=52s
seed1-u ep=360 lr=1.0e-05 train=1.1957e-06 val=1.3081e-06 best=1.3081e-06 t=53s
seed1-u ep=365 lr=1.0e-05 train=1.1909e-06 val=1.2967e-06 best=1.2967e-06 t=54s
seed1-u ep=370 lr=1.0e-05 train=1.1806e-06 val=1.2905e-06 best=1.2905e-06 t=55s
seed1-u ep=375 lr=1.0e-05 train=1.1739e-06 val=1.2877e-06 best=1.2830e-06 t=55s
seed1-u ep=380 lr=1.0e-05 train=1.1650e-06 val=1.2705e-06 best=1.2705e-06 t=56s
seed1-u ep=395 lr=1.0e-05 train=1.1408e-06 val=1.2425e-06 best=1.2425e-06 t=59s
seed1-u ep=400 lr=1.0e-05 train=1.1322e-06 val=1.2344e-06 best=1.2315e-06 t=59s
seed1-u ep=405 lr=1.0e-05 train=1.1177e-06 val=1.2193e-06 best=1.2193e-06 t=60s
seed1-u ep=410 lr=1.0e-05 train=1.1181e-06 val=1.2118e-06 best=1.2118e-06 t=61s
seed1-u ep=415 lr=1.0e-05 train=1.0992e-06 val=1.1978e-06 best=1.1978e-06 t=62s
seed1-u ep=425 lr=1.0e-05 train=1.0903e-06 val=1.1859e-06 best=1.1796e-06 t=63s
seed1-u ep=435 lr=1.0e-05 train=1.0608e-06 val=1.1578e-06 best=1.1578e-06 t=65s
seed1-u ep=450 lr=1.0e-05 train=1.0353e-06 val=1.1226e-06 best=1.1226e-06 t=67s
seed1-u ep=460 lr=1.0e-05 train=1.0122e-06 val=1.0987e-06 best=1.0987e-06 t=68s
seed1-u ep=470 lr=1.0e-05 train=9.9015e-07 val=1.0813e-06 best=1.0813e-06 t=70s
seed1-u ep=475 lr=1.0e-05 train=9.8932e-07 val=1.0712e-06 best=1.0712e-06 t=71s
seed1-u ep=480 lr=1.0e-05 train=9.7663e-07 val=1.0555e-06 best=1.0555e-06 t=71s
seed1-u ep=490 lr=1.0e-05 train=9.5105e-07 val=1.0360e-06 best=1.0360e-06 t=73s
seed1-u ep=500 lr=1.0e-05 train=9.3850e-07 val=1.0095e-06 best=1.0095e-06 t=74s
seed1-u ep=525 lr=1.0e-05 train=8.8265e-07 val=9.6574e-07 best=9.6312e-07 t=78s
seed1-u ep=535 lr=1.0e-05 train=8.6653e-07 val=9.4405e-07 best=9.4405e-07 t=80s
seed1-u ep=545 lr=1.0e-05 train=8.5112e-07 val=9.2420e-07 best=9.2420e-07 t=81s
seed1-u ep=550 lr=1.0e-05 train=8.4088e-07 val=9.1468e-07 best=9.1468e-07 t=82s
seed1-u ep=570 lr=1.0e-05 train=8.0982e-07 val=8.8099e-07 best=8.8099e-07 t=85s
seed1-u ep=575 lr=1.0e-05 train=8.0092e-07 val=8.7315e-07 best=8.7315e-07 t=86s
seed1-u ep=580 lr=1.0e-05 train=8.0118e-07 val=8.6175e-07 best=8.6175e-07 t=87s
seed1-u ep=585 lr=1.0e-05 train=7.8780e-07 val=8.5269e-07 best=8.5269e-07 t=87s
seed1-u ep=590 lr=1.0e-05 train=7.8452e-07 val=8.4535e-07 best=8.4535e-07 t=88s
seed1-u ep=595 lr=1.0e-05 train=7.7245e-07 val=8.3590e-07 best=8.3590e-07 t=89s
seed1-u ep=600 lr=1.0e-05 train=7.6416e-07 val=8.3149e-07 best=8.2769e-07 t=90s
seed1-u ep=615 lr=1.0e-05 train=7.4169e-07 val=8.0553e-07 best=8.0553e-07 t=92s
seed1-u ep=620 lr=1.0e-05 train=7.3979e-07 val=8.0015e-07 best=8.0015e-07 t=93s
seed1-u ep=625 lr=1.0e-05 train=7.3815e-07 val=8.0586e-07 best=7.9454e-07 t=93s
seed1-u ep=645 lr=1.0e-05 train=7.0832e-07 val=7.6493e-07 best=7.6493e-07 t=96s
seed1-u ep=650 lr=1.0e-05 train=7.0981e-07 val=7.6113e-07 best=7.6113e-07 t=97s
seed1-u ep=660 lr=1.0e-05 train=6.8886e-07 val=7.4754e-07 best=7.4754e-07 t=99s
seed1-u ep=675 lr=1.0e-05 train=6.8013e-07 val=7.2885e-07 best=7.2794e-07 t=101s
seed1-u ep=690 lr=1.0e-05 train=6.5095e-07 val=7.0730e-07 best=7.0730e-07 t=103s
seed1-u ep=700 lr=1.0e-05 train=6.4241e-07 val=6.9950e-07 best=6.9771e-07 t=105s
seed1-u ep=705 lr=1.0e-05 train=6.3599e-07 val=6.9014e-07 best=6.9014e-07 t=106s
seed1-u ep=710 lr=1.0e-05 train=6.3517e-07 val=6.8255e-07 best=6.8255e-07 t=106s
seed1-u ep=715 lr=1.0e-05 train=6.3188e-07 val=6.7661e-07 best=6.7661e-07 t=107s
seed1-u ep=725 lr=1.0e-05 train=6.1870e-07 val=6.6766e-07 best=6.6766e-07 t=109s
seed1-u ep=750 lr=1.0e-05 train=5.9844e-07 val=6.5559e-07 best=6.4571e-07 t=112s
seed1-u ep=760 lr=1.0e-05 train=5.8782e-07 val=6.3568e-07 best=6.3568e-07 t=114s
seed1-u ep=775 lr=1.0e-05 train=5.7477e-07 val=6.2393e-07 best=6.2252e-07 t=116s
seed1-u ep=800 lr=1.0e-05 train=5.5339e-07 val=5.9704e-07 best=5.9704e-07 t=120s
seed1-u ep=825 lr=1.0e-05 train=5.3821e-07 val=5.8830e-07 best=5.7909e-07 t=124s
seed1-u ep=845 lr=1.0e-05 train=5.2017e-07 val=5.6272e-07 best=5.6272e-07 t=127s
seed1-u ep=850 lr=1.0e-05 train=5.1771e-07 val=5.5979e-07 best=5.5865e-07 t=128s
seed1-u ep=855 lr=1.0e-05 train=5.2070e-07 val=5.5368e-07 best=5.5368e-07 t=128s
seed1-u ep=865 lr=1.0e-05 train=5.0688e-07 val=5.5016e-07 best=5.5016e-07 t=130s
seed1-u ep=875 lr=1.0e-05 train=5.0228e-07 val=5.4546e-07 best=5.4179e-07 t=131s
seed1-u ep=880 lr=1.0e-05 train=4.9578e-07 val=5.3740e-07 best=5.3740e-07 t=132s
seed1-u ep=895 lr=1.0e-05 train=4.8618e-07 val=5.2542e-07 best=5.2542e-07 t=134s
seed1-u ep=900 lr=1.0e-05 train=4.8962e-07 val=5.3864e-07 best=5.2425e-07 t=135s
seed1-u ep=910 lr=1.0e-05 train=4.7946e-07 val=5.1865e-07 best=5.1865e-07 t=137s
seed1-u ep=915 lr=1.0e-05 train=4.7706e-07 val=5.1521e-07 best=5.1521e-07 t=137s
seed1-u ep=925 lr=1.0e-05 train=4.7844e-07 val=5.4256e-07 best=5.1008e-07 t=139s
seed1-u ep=930 lr=1.0e-05 train=4.6740e-07 val=5.0341e-07 best=5.0341e-07 t=140s
seed1-u ep=950 lr=1.0e-05 train=4.6168e-07 val=5.0205e-07 best=4.9275e-07 t=143s
seed1-u ep=960 lr=1.0e-05 train=4.5274e-07 val=4.8827e-07 best=4.8827e-07 t=144s
seed1-u ep=965 lr=1.0e-05 train=4.4767e-07 val=4.8305e-07 best=4.8305e-07 t=145s
seed1-u ep=975 lr=1.0e-05 train=4.4536e-07 val=4.8520e-07 best=4.8043e-07 t=147s
seed1-u ep=980 lr=1.0e-05 train=4.4401e-07 val=4.7721e-07 best=4.7721e-07 t=147s
seed1-u ep=985 lr=1.0e-05 train=4.4068e-07 val=4.7467e-07 best=4.7467e-07 t=148s
seed1-u ep=1000 lr=1.0e-05 train=4.3388e-07 val=4.7623e-07 best=4.6658e-07 t=150s
seed1-u ep=1010 lr=1.0e-05 train=4.2806e-07 val=4.6066e-07 best=4.6066e-07 t=152s
seed1-u ep=1015 lr=1.0e-05 train=4.2356e-07 val=4.5725e-07 best=4.5725e-07 t=153s
seed1-u ep=1025 lr=1.0e-05 train=4.2365e-07 val=4.5265e-07 best=4.5265e-07 t=154s
seed1-u ep=1050 lr=1.0e-05 train=4.1474e-07 val=4.5936e-07 best=4.4015e-07 t=158s
seed1-u ep=1075 lr=1.0e-05 train=4.0186e-07 val=4.3223e-07 best=4.3141e-07 t=162s
seed1-u ep=1080 lr=1.0e-05 train=3.9956e-07 val=4.2716e-07 best=4.2716e-07 t=163s
seed1-u ep=1095 lr=1.0e-05 train=3.9057e-07 val=4.1994e-07 best=4.1994e-07 t=165s
seed1-u ep=1100 lr=1.0e-05 train=3.9129e-07 val=4.2550e-07 best=4.1994e-07 t=166s
seed1-u ep=1105 lr=1.0e-05 train=3.8729e-07 val=4.1860e-07 best=4.1860e-07 t=166s
seed1-u ep=1125 lr=1.0e-05 train=3.7842e-07 val=4.1832e-07 best=4.1046e-07 t=169s
seed1-u ep=1130 lr=1.0e-05 train=3.7845e-07 val=4.0496e-07 best=4.0496e-07 t=170s
seed1-u ep=1150 lr=1.0e-05 train=3.7228e-07 val=4.0047e-07 best=3.9725e-07 t=173s
seed1-u ep=1160 lr=1.0e-05 train=3.6694e-07 val=3.9474e-07 best=3.9474e-07 t=175s
seed1-u ep=1170 lr=1.0e-05 train=3.6372e-07 val=3.9397e-07 best=3.9397e-07 t=176s
seed1-u ep=1175 lr=1.0e-05 train=3.6229e-07 val=3.9499e-07 best=3.8945e-07 t=177s
seed1-u ep=1180 lr=1.0e-05 train=3.5885e-07 val=3.8508e-07 best=3.8508e-07 t=178s
seed1-u ep=1190 lr=1.0e-05 train=3.5656e-07 val=3.8268e-07 best=3.8268e-07 t=179s
seed1-u ep=1195 lr=1.0e-05 train=3.5231e-07 val=3.8260e-07 best=3.8260e-07 t=180s
seed1-u ep=1200 lr=1.0e-05 train=3.5310e-07 val=3.8287e-07 best=3.7968e-07 t=181s
seed1-u ep=1205 lr=1.0e-05 train=3.5376e-07 val=3.7891e-07 best=3.7891e-07 t=182s
seed1-u ep=1210 lr=1.0e-05 train=3.5077e-07 val=3.7647e-07 best=3.7647e-07 t=182s
seed1-u ep=1225 lr=1.0e-05 train=3.4412e-07 val=3.7084e-07 best=3.7084e-07 t=185s
seed1-u ep=1230 lr=1.0e-05 train=3.4224e-07 val=3.6923e-07 best=3.6923e-07 t=185s
seed1-u ep=1250 lr=1.0e-05 train=3.3996e-07 val=3.6377e-07 best=3.6283e-07 t=188s
seed1-u ep=1275 lr=1.0e-05 train=3.3208e-07 val=3.5890e-07 best=3.5629e-07 t=192s
seed1-u ep=1300 lr=1.0e-05 train=3.2149e-07 val=3.5217e-07 best=3.4775e-07 t=196s
seed1-u ep=1315 lr=1.0e-05 train=3.1951e-07 val=3.4426e-07 best=3.4426e-07 t=198s
seed1-u ep=1320 lr=1.0e-05 train=3.1962e-07 val=3.4193e-07 best=3.4193e-07 t=199s
seed1-u ep=1325 lr=1.0e-05 train=3.1738e-07 val=3.3937e-07 best=3.3937e-07 t=200s
seed1-u ep=1335 lr=1.0e-05 train=3.1583e-07 val=3.3768e-07 best=3.3768e-07 t=201s
seed1-u ep=1350 lr=1.0e-05 train=3.1005e-07 val=3.4020e-07 best=3.3386e-07 t=204s
seed1-u ep=1365 lr=1.0e-05 train=3.0906e-07 val=3.2917e-07 best=3.2917e-07 t=206s
seed1-u ep=1375 lr=1.0e-05 train=3.0351e-07 val=3.2678e-07 best=3.2678e-07 t=208s
seed1-u ep=1380 lr=1.0e-05 train=3.0212e-07 val=3.2410e-07 best=3.2410e-07 t=208s
seed1-u ep=1400 lr=1.0e-05 train=2.9978e-07 val=3.1985e-07 best=3.1985e-07 t=211s
seed1-u ep=1415 lr=1.0e-05 train=2.9314e-07 val=3.1565e-07 best=3.1565e-07 t=214s
seed1-u ep=1425 lr=1.0e-05 train=2.9288e-07 val=3.1454e-07 best=3.1454e-07 t=215s
seed1-u ep=1435 lr=1.0e-05 train=2.8933e-07 val=3.1219e-07 best=3.1219e-07 t=217s
seed1-u ep=1450 lr=1.0e-06 train=2.7628e-07 val=2.9966e-07 best=2.9966e-07 t=219s
seed1-u ep=1475 lr=1.0e-06 train=2.7543e-07 val=2.9902e-07 best=2.9885e-07 t=223s
seed1-u ep=1500 lr=1.0e-06 train=2.7493e-07 val=2.9815e-07 best=2.9815e-07 t=227s
seed1-u ep=1525 lr=1.0e-06 train=2.7453e-07 val=2.9827e-07 best=2.9775e-07 t=230s
seed1-u ep=1545 lr=1.0e-06 train=2.7382e-07 val=2.9712e-07 best=2.9712e-07 t=233s
seed1-u ep=1550 lr=1.0e-06 train=2.7401e-07 val=2.9713e-07 best=2.9703e-07 t=234s
seed1-u ep=1565 lr=1.0e-06 train=2.7356e-07 val=2.9632e-07 best=2.9632e-07 t=236s
seed1-u ep=1575 lr=1.0e-06 train=2.7309e-07 val=2.9636e-07 best=2.9617e-07 t=238s
seed1-u ep=1580 lr=1.0e-06 train=2.7307e-07 val=2.9577e-07 best=2.9577e-07 t=239s
seed1-u ep=1600 lr=1.0e-06 train=2.7262e-07 val=2.9564e-07 best=2.9531e-07 t=242s
seed1-u ep=1605 lr=1.0e-06 train=2.7210e-07 val=2.9494e-07 best=2.9494e-07 t=243s
seed1-u ep=1610 lr=1.0e-06 train=2.7212e-07 val=2.9482e-07 best=2.9482e-07 t=243s
seed1-u ep=1625 lr=1.0e-07 train=2.7041e-07 val=2.9389e-07 best=2.9385e-07 t=246s
seed1-u ep=1630 lr=1.0e-07 train=2.7036e-07 val=2.9377e-07 best=2.9377e-07 t=246s
seed1-u ep=1650 lr=1.0e-07 train=2.7034e-07 val=2.9370e-07 best=2.9369e-07 t=249s
seed1-u ep=1665 lr=1.0e-08 train=2.7018e-07 val=2.9367e-07 best=2.9367e-07 t=252s
seed1-u ep=1675 lr=1.0e-08 train=2.7018e-07 val=2.9367e-07 best=2.9366e-07 t=253s
seed1-u ep=1685 lr=1.0e-08 train=2.7017e-07 val=2.9366e-07 best=2.9366e-07 t=255s
seed1-u ep=1695 lr=1.0e-08 train=2.7017e-07 val=2.9366e-07 best=2.9366e-07 t=256s
seed1-u ep=1700 lr=1.0e-08 train=2.7017e-07 val=2.9366e-07 best=2.9365e-07 t=257s
seed1-u ep=1725 lr=1.0e-08 train=2.7016e-07 val=2.9364e-07 best=2.9364e-07 t=261s
seed1-u ep=1750 lr=1.0e-08 train=2.7016e-07 val=2.9364e-07 best=2.9364e-07 t=265s
seed1-u ep=1760 lr=1.0e-08 train=2.7015e-07 val=2.9363e-07 best=2.9363e-07 t=266s
seed1-u ep=1775 lr=1.0e-08 train=2.7015e-07 val=2.9362e-07 best=2.9362e-07 t=268s
seed1-u ep=1800 lr=1.0e-08 train=2.7014e-07 val=2.9362e-07 best=2.9362e-07 t=272s
seed1-u ep=1815 lr=1.0e-08 train=2.7014e-07 val=2.9361e-07 best=2.9361e-07 t=275s
seed1-u ep=1825 lr=1.0e-08 train=2.7013e-07 val=2.9361e-07 best=2.9361e-07 t=276s
seed1-u ep=1850 lr=1.0e-08 train=2.7013e-07 val=2.9361e-07 best=2.9360e-07 t=280s
seed1-u ep=1875 lr=1.0e-08 train=2.7012e-07 val=2.9360e-07 best=2.9359e-07 t=284s
seed1-u ep=1900 lr=1.0e-08 train=2.7012e-07 val=2.9359e-07 best=2.9358e-07 t=288s
seed1-u ep=1925 lr=1.0e-08 train=2.7011e-07 val=2.9359e-07 best=2.9357e-07 t=291s
seed1-u ep=1950 lr=1.0e-08 train=2.7010e-07 val=2.9358e-07 best=2.9357e-07 t=295s
seed1-u ep=1965 lr=1.0e-08 train=2.7010e-07 val=2.9357e-07 best=2.9357e-07 t=297s
seed1-u ep=1975 lr=1.0e-08 train=2.7010e-07 val=2.9357e-07 best=2.9357e-07 t=299s
seed1-u ep=2000 lr=1.0e-08 train=2.7009e-07 val=2.9355e-07 best=2.9355e-07 t=303s
seed1-u ep=2005 lr=1.0e-08 train=2.7009e-07 val=2.9355e-07 best=2.9355e-07 t=304s
seed1-u ep=2020 lr=1.0e-08 train=2.7009e-07 val=2.9355e-07 best=2.9355e-07 t=306s
seed1-u ep=2025 lr=1.0e-08 train=2.7008e-07 val=2.9355e-07 best=2.9355e-07 t=307s
seed1-u ep=2050 lr=1.0e-08 train=2.7008e-07 val=2.9354e-07 best=2.9353e-07 t=310s
seed1-u ep=2065 lr=1.0e-08 train=2.7008e-07 val=2.9353e-07 best=2.9353e-07 t=313s
seed1-u ep=2075 lr=1.0e-08 train=2.7007e-07 val=2.9354e-07 best=2.9353e-07 t=314s
seed1-u ep=2100 lr=1.0e-08 train=2.7007e-07 val=2.9354e-07 best=2.9352e-07 t=318s
seed1-u ep=2110 lr=1.0e-08 train=2.7006e-07 val=2.9351e-07 best=2.9351e-07 t=320s
seed1-u ep=2125 lr=1.0e-08 train=2.7006e-07 val=2.9351e-07 best=2.9351e-07 t=322s
seed1-u ep=2150 lr=1.0e-08 train=2.7005e-07 val=2.9352e-07 best=2.9350e-07 t=326s
seed1-u ep=2175 lr=1.0e-08 train=2.7005e-07 val=2.9351e-07 best=2.9350e-07 t=329s
seed1-u ep=2200 lr=1.0e-08 train=2.7004e-07 val=2.9351e-07 best=2.9350e-07 t=333s
seed1-u ep=2205 lr=1.0e-08 train=2.7003e-07 val=2.9350e-07 best=2.9350e-07 t=334s
seed1-u ep=2225 lr=1.0e-08 train=2.7004e-07 val=2.9350e-07 best=2.9349e-07 t=337s
seed1-u ep=2250 lr=1.0e-08 train=2.7003e-07 val=2.9350e-07 best=2.9348e-07 t=341s
seed1-u ep=2275 lr=1.0e-08 train=2.7002e-07 val=2.9349e-07 best=2.9347e-07 t=345s
seed1-u ep=2280 lr=1.0e-08 train=2.7002e-07 val=2.9347e-07 best=2.9347e-07 t=345s
seed1-u ep=2300 lr=1.0e-08 train=2.7001e-07 val=2.9347e-07 best=2.9347e-07 t=348s
seed1-u ep=2325 lr=1.0e-08 train=2.7001e-07 val=2.9347e-07 best=2.9345e-07 t=352s
seed1-u ep=2350 lr=1.0e-08 train=2.7000e-07 val=2.9345e-07 best=2.9345e-07 t=356s
seed1-u ep=2375 lr=1.0e-08 train=2.6999e-07 val=2.9347e-07 best=2.9344e-07 t=360s
seed1-u ep=2400 lr=1.0e-08 train=2.6999e-07 val=2.9346e-07 best=2.9344e-07 t=364s
seed1-u ep=2425 lr=1.0e-08 train=2.6998e-07 val=2.9345e-07 best=2.9342e-07 t=367s
seed1-u ep=2450 lr=1.0e-08 train=2.6998e-07 val=2.9342e-07 best=2.9342e-07 t=371s
seed1-u ep=2470 lr=1.0e-08 train=2.6997e-07 val=2.9341e-07 best=2.9341e-07 t=374s
seed1-u ep=2475 lr=1.0e-08 train=2.6997e-07 val=2.9342e-07 best=2.9341e-07 t=375s
seed1-u ep=2500 lr=1.0e-08 train=2.6997e-07 val=2.9343e-07 best=2.9340e-07 t=379s
seed1-u ep=2525 lr=1.0e-08 train=2.6996e-07 val=2.9342e-07 best=2.9340e-07 t=383s
seed1-u ep=2550 lr=1.0e-08 train=2.6995e-07 val=2.9340e-07 best=2.9339e-07 t=387s
seed1-u ep=2560 lr=1.0e-08 train=2.6994e-07 val=2.9339e-07 best=2.9339e-07 t=388s
seed1-u ep=2575 lr=1.0e-08 train=2.6994e-07 val=2.9340e-07 best=2.9339e-07 t=390s
seed1-u ep=2600 lr=1.0e-08 train=2.6994e-07 val=2.9339e-07 best=2.9338e-07 t=394s
seed1-u ep=2610 lr=1.0e-08 train=2.6993e-07 val=2.9338e-07 best=2.9338e-07 t=396s
seed1-u ep=2625 lr=1.0e-08 train=2.6993e-07 val=2.9340e-07 best=2.9338e-07 t=398s
seed1-u ep=2645 lr=1.0e-08 train=2.6993e-07 val=2.9336e-07 best=2.9336e-07 t=401s
seed1-u ep=2650 lr=1.0e-08 train=2.6992e-07 val=2.9338e-07 best=2.9336e-07 t=402s
seed1-u ep=2675 lr=1.0e-08 train=2.6991e-07 val=2.9336e-07 best=2.9335e-07 t=406s
seed1-u ep=2700 lr=1.0e-08 train=2.6991e-07 val=2.9336e-07 best=2.9335e-07 t=409s
seed1-u ep=2725 lr=1.0e-08 train=2.6990e-07 val=2.9336e-07 best=2.9334e-07 t=413s
seed1-u ep=2750 lr=1.0e-08 train=2.6990e-07 val=2.9333e-07 best=2.9333e-07 t=417s
seed1-u ep=2775 lr=1.0e-08 train=2.6989e-07 val=2.9333e-07 best=2.9333e-07 t=421s
seed1-u ep=2800 lr=1.0e-08 train=2.6988e-07 val=2.9333e-07 best=2.9332e-07 t=425s
seed1-u ep=2825 lr=1.0e-08 train=2.6988e-07 val=2.9333e-07 best=2.9331e-07 t=428s
seed1-u ep=2840 lr=1.0e-08 train=2.6988e-07 val=2.9331e-07 best=2.9331e-07 t=431s
seed1-u ep=2850 lr=1.0e-08 train=2.6987e-07 val=2.9333e-07 best=2.9330e-07 t=432s
seed1-u ep=2875 lr=1.0e-08 train=2.6987e-07 val=2.9332e-07 best=2.9330e-07 t=436s
seed1-u ep=2900 lr=1.0e-08 train=2.6986e-07 val=2.9331e-07 best=2.9328e-07 t=440s
seed1-u ep=2925 lr=1.0e-08 train=2.6985e-07 val=2.9330e-07 best=2.9328e-07 t=444s
seed1-u ep=2950 lr=1.0e-08 train=2.6985e-07 val=2.9328e-07 best=2.9328e-07 t=448s
seed1-u ep=2975 lr=1.0e-08 train=2.6984e-07 val=2.9330e-07 best=2.9328e-07 t=451s
seed1-u ep=3000 lr=1.0e-08 train=2.6984e-07 val=2.9327e-07 best=2.9327e-07 t=455s
seed1-u ep=3015 lr=1.0e-08 train=2.6983e-07 val=2.9326e-07 best=2.9326e-07 t=457s
seed1-u ep=3025 lr=1.0e-08 train=2.6983e-07 val=2.9328e-07 best=2.9326e-07 t=459s
seed1-u ep=3050 lr=1.0e-08 train=2.6982e-07 val=2.9327e-07 best=2.9326e-07 t=463s
seed1-u ep=3075 lr=1.0e-08 train=2.6982e-07 val=2.9327e-07 best=2.9325e-07 t=467s
seed1-u ep=3100 lr=1.0e-08 train=2.6981e-07 val=2.9326e-07 best=2.9324e-07 t=470s
seed1-u ep=3125 lr=1.0e-08 train=2.6980e-07 val=2.9323e-07 best=2.9323e-07 t=474s
seed1-u ep=3130 lr=1.0e-08 train=2.6980e-07 val=2.9323e-07 best=2.9323e-07 t=475s
seed1-u ep=3135 lr=1.0e-08 train=2.6980e-07 val=2.9323e-07 best=2.9323e-07 t=476s
seed1-u ep=3150 lr=1.0e-08 train=2.6981e-07 val=2.9323e-07 best=2.9323e-07 t=478s
seed1-u ep=3175 lr=1.0e-08 train=2.6979e-07 val=2.9322e-07 best=2.9322e-07 t=482s
seed1-u ep=3180 lr=1.0e-08 train=2.6979e-07 val=2.9322e-07 best=2.9322e-07 t=483s
seed1-u ep=3195 lr=1.0e-08 train=2.6978e-07 val=2.9321e-07 best=2.9321e-07 t=485s
seed1-u ep=3200 lr=1.0e-08 train=2.6978e-07 val=2.9323e-07 best=2.9321e-07 t=486s
seed1-u ep=3215 lr=1.0e-08 train=2.6978e-07 val=2.9320e-07 best=2.9320e-07 t=488s
seed1-u ep=3225 lr=1.0e-08 train=2.6977e-07 val=2.9322e-07 best=2.9320e-07 t=489s
seed1-u ep=3250 lr=1.0e-08 train=2.6977e-07 val=2.9321e-07 best=2.9320e-07 t=493s
seed1-u ep=3275 lr=1.0e-08 train=2.6976e-07 val=2.9320e-07 best=2.9319e-07 t=497s
seed1-u ep=3300 lr=1.0e-08 train=2.6976e-07 val=2.9319e-07 best=2.9318e-07 t=501s
seed1-u ep=3325 lr=1.0e-08 train=2.6975e-07 val=2.9319e-07 best=2.9318e-07 t=505s
seed1-u ep=3350 lr=1.0e-08 train=2.6974e-07 val=2.9318e-07 best=2.9317e-07 t=509s
seed1-u ep=3375 lr=1.0e-08 train=2.6974e-07 val=2.9318e-07 best=2.9317e-07 t=512s
seed1-u ep=3390 lr=1.0e-08 train=2.6973e-07 val=2.9316e-07 best=2.9316e-07 t=515s
seed1-u ep=3400 lr=1.0e-08 train=2.6973e-07 val=2.9318e-07 best=2.9316e-07 t=516s
seed1-u ep=3425 lr=1.0e-08 train=2.6973e-07 val=2.9317e-07 best=2.9316e-07 t=520s
seed1-u ep=3435 lr=1.0e-08 train=2.6972e-07 val=2.9316e-07 best=2.9316e-07 t=521s
seed1-u ep=3450 lr=1.0e-08 train=2.6972e-07 val=2.9316e-07 best=2.9315e-07 t=524s
seed1-u ep=3475 lr=1.0e-08 train=2.6971e-07 val=2.9317e-07 best=2.9315e-07 t=528s
seed1-u ep=3485 lr=1.0e-08 train=2.6971e-07 val=2.9314e-07 best=2.9314e-07 t=529s
seed1-u ep=3500 lr=1.0e-08 train=2.6971e-07 val=2.9317e-07 best=2.9314e-07 t=531s
seed1-u ep=3525 lr=1.0e-08 train=2.6970e-07 val=2.9313e-07 best=2.9313e-07 t=535s
seed1-u ep=3550 lr=1.0e-08 train=2.6969e-07 val=2.9313e-07 best=2.9312e-07 t=539s
seed1-u ep=3560 lr=1.0e-08 train=2.6970e-07 val=2.9312e-07 best=2.9312e-07 t=541s
seed1-u ep=3575 lr=1.0e-08 train=2.6970e-07 val=2.9314e-07 best=2.9312e-07 t=543s
seed1-u ep=3585 lr=1.0e-08 train=2.6968e-07 val=2.9312e-07 best=2.9312e-07 t=544s
seed1-u ep=3600 lr=1.0e-08 train=2.6969e-07 val=2.9311e-07 best=2.9311e-07 t=547s
seed1-u ep=3605 lr=1.0e-08 train=2.6969e-07 val=2.9311e-07 best=2.9311e-07 t=547s
seed1-u ep=3625 lr=1.0e-08 train=2.6968e-07 val=2.9312e-07 best=2.9310e-07 t=550s
seed1-u ep=3650 lr=1.0e-08 train=2.6967e-07 val=2.9310e-07 best=2.9310e-07 t=554s
seed1-u ep=3675 lr=1.0e-08 train=2.6966e-07 val=2.9309e-07 best=2.9309e-07 t=558s
seed1-u ep=3700 lr=1.0e-08 train=2.6965e-07 val=2.9309e-07 best=2.9308e-07 t=562s
seed1-u ep=3720 lr=1.0e-08 train=2.6965e-07 val=2.9307e-07 best=2.9307e-07 t=565s
seed1-u ep=3725 lr=1.0e-08 train=2.6965e-07 val=2.9309e-07 best=2.9307e-07 t=566s
seed1-u ep=3750 lr=1.0e-08 train=2.6965e-07 val=2.9307e-07 best=2.9307e-07 t=569s
seed1-u ep=3775 lr=1.0e-08 train=2.6964e-07 val=2.9307e-07 best=2.9306e-07 t=573s
seed1-u ep=3800 lr=1.0e-08 train=2.6963e-07 val=2.9305e-07 best=2.9305e-07 t=577s
seed1-u ep=3805 lr=1.0e-08 train=2.6963e-07 val=2.9305e-07 best=2.9305e-07 t=578s
seed1-u ep=3825 lr=1.0e-08 train=2.6962e-07 val=2.9305e-07 best=2.9304e-07 t=581s
seed1-u ep=3850 lr=1.0e-08 train=2.6962e-07 val=2.9304e-07 best=2.9304e-07 t=585s
seed1-u ep=3875 lr=1.0e-08 train=2.6961e-07 val=2.9303e-07 best=2.9303e-07 t=589s
seed1-u ep=3900 lr=1.0e-08 train=2.6961e-07 val=2.9303e-07 best=2.9303e-07 t=592s
seed1-u ep=3925 lr=1.0e-08 train=2.6960e-07 val=2.9303e-07 best=2.9302e-07 t=596s
seed1-u ep=3930 lr=1.0e-08 train=2.6960e-07 val=2.9302e-07 best=2.9302e-07 t=597s
seed1-u ep=3950 lr=1.0e-08 train=2.6959e-07 val=2.9302e-07 best=2.9302e-07 t=600s
seed1-u ep=3975 lr=1.0e-08 train=2.6959e-07 val=2.9303e-07 best=2.9300e-07 t=604s
seed1-u ep=4000 lr=1.0e-08 train=2.6958e-07 val=2.9302e-07 best=2.9300e-07 t=608s
seed1-u ep=4025 lr=1.0e-08 train=2.6957e-07 val=2.9302e-07 best=2.9300e-07 t=611s
seed1-u ep=4050 lr=1.0e-08 train=2.6957e-07 val=2.9300e-07 best=2.9299e-07 t=615s
seed1-u ep=4065 lr=1.0e-08 train=2.6957e-07 val=2.9298e-07 best=2.9298e-07 t=618s
seed1-u ep=4075 lr=1.0e-08 train=2.6956e-07 val=2.9298e-07 best=2.9298e-07 t=619s
seed1-u ep=4100 lr=1.0e-08 train=2.6956e-07 val=2.9298e-07 best=2.9297e-07 t=623s
seed1-u ep=4125 lr=1.0e-08 train=2.6955e-07 val=2.9297e-07 best=2.9297e-07 t=627s
seed1-u ep=4140 lr=1.0e-08 train=2.6955e-07 val=2.9296e-07 best=2.9296e-07 t=629s
seed1-u ep=4150 lr=1.0e-08 train=2.6954e-07 val=2.9295e-07 best=2.9295e-07 t=630s
seed1-u ep=4175 lr=1.0e-08 train=2.6954e-07 val=2.9297e-07 best=2.9295e-07 t=634s
seed1-u ep=4190 lr=1.0e-08 train=2.6954e-07 val=2.9294e-07 best=2.9294e-07 t=637s
seed1-u ep=4200 lr=1.0e-08 train=2.6953e-07 val=2.9295e-07 best=2.9294e-07 t=638s
seed1-u ep=4225 lr=1.0e-08 train=2.6953e-07 val=2.9295e-07 best=2.9294e-07 t=642s
seed1-u ep=4250 lr=1.0e-08 train=2.6952e-07 val=2.9296e-07 best=2.9293e-07 t=646s
seed1-u ep=4275 lr=1.0e-08 train=2.6952e-07 val=2.9293e-07 best=2.9293e-07 t=649s
seed1-u ep=4285 lr=1.0e-08 train=2.6951e-07 val=2.9291e-07 best=2.9291e-07 t=651s
seed1-u ep=4300 lr=1.0e-08 train=2.6951e-07 val=2.9292e-07 best=2.9291e-07 t=653s
seed1-u ep=4325 lr=1.0e-08 train=2.6950e-07 val=2.9293e-07 best=2.9291e-07 t=657s
seed1-u ep=4350 lr=1.0e-08 train=2.6949e-07 val=2.9290e-07 best=2.9290e-07 t=661s
seed1-u ep=4370 lr=1.0e-08 train=2.6949e-07 val=2.9290e-07 best=2.9290e-07 t=664s
seed1-u ep=4375 lr=1.0e-08 train=2.6948e-07 val=2.9291e-07 best=2.9290e-07 t=665s
seed1-u ep=4400 lr=1.0e-08 train=2.6948e-07 val=2.9290e-07 best=2.9289e-07 t=668s
seed1-u ep=4425 lr=1.0e-08 train=2.6948e-07 val=2.9291e-07 best=2.9288e-07 t=672s
seed1-u ep=4450 lr=1.0e-08 train=2.6947e-07 val=2.9289e-07 best=2.9288e-07 t=676s
seed1-u ep=4475 lr=1.0e-08 train=2.6946e-07 val=2.9287e-07 best=2.9287e-07 t=680s
seed1-u ep=4500 lr=1.0e-08 train=2.6945e-07 val=2.9287e-07 best=2.9286e-07 t=684s
seed1-u ep=4525 lr=1.0e-08 train=2.6945e-07 val=2.9287e-07 best=2.9286e-07 t=688s
seed1-u ep=4550 lr=1.0e-08 train=2.6944e-07 val=2.9286e-07 best=2.9285e-07 t=691s
seed1-u ep=4575 lr=1.0e-08 train=2.6944e-07 val=2.9285e-07 best=2.9284e-07 t=695s
seed1-u ep=4585 lr=1.0e-08 train=2.6944e-07 val=2.9284e-07 best=2.9284e-07 t=697s
seed1-u ep=4600 lr=1.0e-08 train=2.6944e-07 val=2.9285e-07 best=2.9284e-07 t=699s
seed1-u ep=4605 lr=1.0e-08 train=2.6943e-07 val=2.9284e-07 best=2.9284e-07 t=700s
seed1-u ep=4620 lr=1.0e-08 train=2.6942e-07 val=2.9283e-07 best=2.9283e-07 t=702s
seed1-u ep=4625 lr=1.0e-08 train=2.6942e-07 val=2.9284e-07 best=2.9283e-07 t=703s
seed1-u ep=4630 lr=1.0e-08 train=2.6942e-07 val=2.9283e-07 best=2.9283e-07 t=704s
seed1-u ep=4645 lr=1.0e-08 train=2.6942e-07 val=2.9282e-07 best=2.9282e-07 t=706s
seed1-u ep=4650 lr=1.0e-08 train=2.6942e-07 val=2.9283e-07 best=2.9282e-07 t=707s
seed1-u ep=4675 lr=1.0e-08 train=2.6941e-07 val=2.9283e-07 best=2.9282e-07 t=710s
seed1-u ep=4700 lr=1.0e-08 train=2.6940e-07 val=2.9282e-07 best=2.9282e-07 t=714s
seed1-u ep=4725 lr=1.0e-08 train=2.6940e-07 val=2.9281e-07 best=2.9281e-07 t=718s
seed1-u ep=4750 lr=1.0e-08 train=2.6939e-07 val=2.9281e-07 best=2.9281e-07 t=722s
seed1-u ep=4775 lr=1.0e-08 train=2.6938e-07 val=2.9280e-07 best=2.9280e-07 t=726s
seed1-u ep=4800 lr=1.0e-08 train=2.6939e-07 val=2.9280e-07 best=2.9278e-07 t=729s
seed1-u ep=4825 lr=1.0e-08 train=2.6938e-07 val=2.9278e-07 best=2.9278e-07 t=733s
seed1-u ep=4850 lr=1.0e-08 train=2.6937e-07 val=2.9279e-07 best=2.9278e-07 t=737s
seed1-u ep=4875 lr=1.0e-08 train=2.6936e-07 val=2.9277e-07 best=2.9277e-07 t=741s
seed1-u ep=4900 lr=1.0e-08 train=2.6935e-07 val=2.9276e-07 best=2.9276e-07 t=745s
seed1-u ep=4925 lr=1.0e-08 train=2.6936e-07 val=2.9277e-07 best=2.9275e-07 t=748s
seed1-u ep=4950 lr=1.0e-08 train=2.6934e-07 val=2.9276e-07 best=2.9275e-07 t=752s
seed1-u ep=4955 lr=1.0e-08 train=2.6935e-07 val=2.9275e-07 best=2.9275e-07 t=753s
seed1-u ep=4960 lr=1.0e-08 train=2.6934e-07 val=2.9274e-07 best=2.9274e-07 t=754s
seed1-u ep=4975 lr=1.0e-08 train=2.6934e-07 val=2.9275e-07 best=2.9274e-07 t=756s
seed1-u ep=4990 lr=1.0e-08 train=2.6933e-07 val=2.9273e-07 best=2.9273e-07 t=758s
seed1-u ep=5000 lr=1.0e-08 train=2.6933e-07 val=2.9274e-07 best=2.9273e-07 t=760s
seed1-u ep=5015 lr=1.0e-08 train=2.6933e-07 val=2.9272e-07 best=2.9272e-07 t=762s
seed1-u ep=5025 lr=1.0e-08 train=2.6933e-07 val=2.9274e-07 best=2.9272e-07 t=763s
seed1-u ep=5050 lr=1.0e-08 train=2.6932e-07 val=2.9273e-07 best=2.9272e-07 t=767s
seed1-u ep=5075 lr=1.0e-08 train=2.6931e-07 val=2.9272e-07 best=2.9271e-07 t=771s
seed1-u ep=5100 lr=1.0e-08 train=2.6931e-07 val=2.9271e-07 best=2.9271e-07 t=775s
seed1-u ep=5110 lr=1.0e-08 train=2.6930e-07 val=2.9270e-07 best=2.9270e-07 t=776s
seed1-u ep=5115 lr=1.0e-08 train=2.6931e-07 val=2.9270e-07 best=2.9270e-07 t=777s
seed1-u ep=5125 lr=1.0e-08 train=2.6930e-07 val=2.9271e-07 best=2.9269e-07 t=779s
seed1-u ep=5150 lr=1.0e-08 train=2.6929e-07 val=2.9269e-07 best=2.9269e-07 t=782s
seed1-u ep=5175 lr=1.0e-08 train=2.6928e-07 val=2.9269e-07 best=2.9269e-07 t=786s
seed1-u ep=5195 lr=1.0e-08 train=2.6928e-07 val=2.9268e-07 best=2.9268e-07 t=789s
seed1-u ep=5200 lr=1.0e-08 train=2.6928e-07 val=2.9269e-07 best=2.9268e-07 t=790s
seed1-u ep=5225 lr=1.0e-08 train=2.6928e-07 val=2.9268e-07 best=2.9268e-07 t=794s
seed1-u ep=5235 lr=1.0e-08 train=2.6927e-07 val=2.9267e-07 best=2.9267e-07 t=795s
seed1-u ep=5245 lr=1.0e-08 train=2.6927e-07 val=2.9266e-07 best=2.9266e-07 t=797s
seed1-u ep=5250 lr=1.0e-08 train=2.6927e-07 val=2.9267e-07 best=2.9266e-07 t=798s
seed1-u ep=5275 lr=1.0e-08 train=2.6926e-07 val=2.9266e-07 best=2.9266e-07 t=801s
seed1-u ep=5285 lr=1.0e-08 train=2.6926e-07 val=2.9265e-07 best=2.9265e-07 t=803s
seed1-u ep=5300 lr=1.0e-08 train=2.6925e-07 val=2.9266e-07 best=2.9265e-07 t=805s
seed1-u ep=5325 lr=1.0e-08 train=2.6925e-07 val=2.9264e-07 best=2.9264e-07 t=809s
seed1-u ep=5350 lr=1.0e-08 train=2.6924e-07 val=2.9264e-07 best=2.9263e-07 t=813s
seed1-u ep=5375 lr=1.0e-08 train=2.6924e-07 val=2.9264e-07 best=2.9263e-07 t=816s
seed1-u ep=5390 lr=1.0e-08 train=2.6923e-07 val=2.9262e-07 best=2.9262e-07 t=819s
seed1-u ep=5400 lr=1.0e-08 train=2.6923e-07 val=2.9263e-07 best=2.9262e-07 t=820s
seed1-u ep=5425 lr=1.0e-08 train=2.6923e-07 val=2.9264e-07 best=2.9261e-07 t=824s
seed1-u ep=5450 lr=1.0e-08 train=2.6922e-07 val=2.9262e-07 best=2.9261e-07 t=828s
seed1-u ep=5475 lr=1.0e-08 train=2.6921e-07 val=2.9262e-07 best=2.9260e-07 t=832s
seed1-u ep=5500 lr=1.0e-08 train=2.6921e-07 val=2.9260e-07 best=2.9259e-07 t=835s
seed1-u ep=5525 lr=1.0e-08 train=2.6920e-07 val=2.9260e-07 best=2.9259e-07 t=839s
seed1-u ep=5550 lr=1.0e-08 train=2.6919e-07 val=2.9259e-07 best=2.9258e-07 t=843s
seed1-u ep=5575 lr=1.0e-08 train=2.6919e-07 val=2.9258e-07 best=2.9257e-07 t=847s
seed1-u ep=5600 lr=1.0e-08 train=2.6918e-07 val=2.9258e-07 best=2.9257e-07 t=851s
seed1-u ep=5625 lr=1.0e-08 train=2.6917e-07 val=2.9258e-07 best=2.9256e-07 t=854s
seed1-u ep=5650 lr=1.0e-08 train=2.6917e-07 val=2.9256e-07 best=2.9255e-07 t=858s
seed1-u ep=5670 lr=1.0e-08 train=2.6916e-07 val=2.9255e-07 best=2.9255e-07 t=861s
seed1-u ep=5675 lr=1.0e-08 train=2.6916e-07 val=2.9255e-07 best=2.9255e-07 t=862s
seed1-u ep=5700 lr=1.0e-08 train=2.6916e-07 val=2.9254e-07 best=2.9254e-07 t=866s
seed1-u ep=5705 lr=1.0e-08 train=2.6915e-07 val=2.9253e-07 best=2.9253e-07 t=867s
seed1-u ep=5725 lr=1.0e-08 train=2.6915e-07 val=2.9253e-07 best=2.9253e-07 t=870s
seed1-u ep=5750 lr=1.0e-08 train=2.6915e-07 val=2.9253e-07 best=2.9252e-07 t=873s
seed1-u ep=5775 lr=1.0e-08 train=2.6914e-07 val=2.9254e-07 best=2.9252e-07 t=877s
seed1-u ep=5785 lr=1.0e-08 train=2.6914e-07 val=2.9252e-07 best=2.9252e-07 t=879s
seed1-u ep=5800 lr=1.0e-08 train=2.6913e-07 val=2.9253e-07 best=2.9251e-07 t=881s
seed1-u ep=5825 lr=1.0e-08 train=2.6913e-07 val=2.9252e-07 best=2.9250e-07 t=885s
seed1-u ep=5850 lr=1.0e-08 train=2.6912e-07 val=2.9252e-07 best=2.9250e-07 t=889s
seed1-u ep=5875 lr=1.0e-08 train=2.6912e-07 val=2.9252e-07 best=2.9250e-07 t=892s
seed1-u ep=5895 lr=1.0e-08 train=2.6911e-07 val=2.9249e-07 best=2.9249e-07 t=895s
seed1-u ep=5900 lr=1.0e-08 train=2.6911e-07 val=2.9250e-07 best=2.9249e-07 t=896s
seed1-u ep=5925 lr=1.0e-08 train=2.6910e-07 val=2.9248e-07 best=2.9248e-07 t=900s
seed1-u ep=5950 lr=1.0e-08 train=2.6910e-07 val=2.9249e-07 best=2.9247e-07 t=904s
seed1-u ep=5955 lr=1.0e-08 train=2.6910e-07 val=2.9247e-07 best=2.9247e-07 t=905s
seed1-u ep=5975 lr=1.0e-08 train=2.6909e-07 val=2.9247e-07 best=2.9247e-07 t=908s
seed1-u ep=5980 lr=1.0e-08 train=2.6909e-07 val=2.9246e-07 best=2.9246e-07 t=908s
seed1-u ep=6000 lr=1.0e-08 train=2.6908e-07 val=2.9248e-07 best=2.9246e-07 t=911s
seed1-u ep=6025 lr=1.0e-08 train=2.6908e-07 val=2.9248e-07 best=2.9246e-07 t=915s
seed1-u ep=6050 lr=1.0e-08 train=2.6907e-07 val=2.9248e-07 best=2.9246e-07 t=919s
seed1-u ep=6075 lr=1.0e-08 train=2.6907e-07 val=2.9247e-07 best=2.9244e-07 t=923s
seed1-u ep=6100 lr=1.0e-08 train=2.6906e-07 val=2.9246e-07 best=2.9244e-07 t=927s
seed1-u ep=6125 lr=1.0e-08 train=2.6905e-07 val=2.9244e-07 best=2.9243e-07 t=930s
seed1-u ep=6135 lr=1.0e-08 train=2.6905e-07 val=2.9242e-07 best=2.9242e-07 t=932s
seed1-u ep=6150 lr=1.0e-08 train=2.6904e-07 val=2.9243e-07 best=2.9242e-07 t=934s
seed1-u ep=6175 lr=1.0e-08 train=2.6905e-07 val=2.9242e-07 best=2.9241e-07 t=938s
seed1-u ep=6195 lr=1.0e-08 train=2.6903e-07 val=2.9241e-07 best=2.9241e-07 t=941s
seed1-u ep=6200 lr=1.0e-08 train=2.6903e-07 val=2.9242e-07 best=2.9241e-07 t=942s
seed1-u ep=6225 lr=1.0e-08 train=2.6903e-07 val=2.9241e-07 best=2.9240e-07 t=946s
seed1-u ep=6250 lr=1.0e-08 train=2.6902e-07 val=2.9240e-07 best=2.9239e-07 t=950s
seed1-u ep=6260 lr=1.0e-08 train=2.6901e-07 val=2.9239e-07 best=2.9239e-07 t=951s
seed1-u ep=6275 lr=1.0e-08 train=2.6901e-07 val=2.9240e-07 best=2.9239e-07 t=953s
seed1-u ep=6280 lr=1.0e-08 train=2.6901e-07 val=2.9238e-07 best=2.9238e-07 t=954s
seed1-u ep=6300 lr=1.0e-08 train=2.6901e-07 val=2.9240e-07 best=2.9238e-07 t=957s
seed1-u ep=6325 lr=1.0e-08 train=2.6900e-07 val=2.9238e-07 best=2.9238e-07 t=961s
seed1-u ep=6350 lr=1.0e-08 train=2.6899e-07 val=2.9238e-07 best=2.9237e-07 t=965s
seed1-u ep=6360 lr=1.0e-08 train=2.6899e-07 val=2.9237e-07 best=2.9237e-07 t=966s
seed1-u ep=6375 lr=1.0e-08 train=2.6899e-07 val=2.9237e-07 best=2.9237e-07 t=969s
seed1-u ep=6400 lr=1.0e-08 train=2.6898e-07 val=2.9237e-07 best=2.9236e-07 t=972s
seed1-u ep=6420 lr=1.0e-08 train=2.6898e-07 val=2.9235e-07 best=2.9235e-07 t=975s
seed1-u ep=6425 lr=1.0e-08 train=2.6897e-07 val=2.9234e-07 best=2.9234e-07 t=976s
seed1-u ep=6450 lr=1.0e-08 train=2.6897e-07 val=2.9236e-07 best=2.9234e-07 t=980s
seed1-u ep=6475 lr=1.0e-08 train=2.6896e-07 val=2.9234e-07 best=2.9234e-07 t=984s
seed1-u ep=6500 lr=1.0e-08 train=2.6896e-07 val=2.9235e-07 best=2.9233e-07 t=988s
seed1-u ep=6525 lr=1.0e-08 train=2.6895e-07 val=2.9234e-07 best=2.9232e-07 t=991s
seed1-u ep=6545 lr=1.0e-08 train=2.6895e-07 val=2.9231e-07 best=2.9231e-07 t=994s
seed1-u ep=6550 lr=1.0e-08 train=2.6895e-07 val=2.9233e-07 best=2.9231e-07 t=995s
seed1-u ep=6575 lr=1.0e-08 train=2.6894e-07 val=2.9231e-07 best=2.9231e-07 t=999s
seed1-u ep=6600 lr=1.0e-08 train=2.6893e-07 val=2.9231e-07 best=2.9230e-07 t=1003s
seed1-u ep=6610 lr=1.0e-08 train=2.6893e-07 val=2.9230e-07 best=2.9230e-07 t=1004s
seed1-u ep=6625 lr=1.0e-08 train=2.6893e-07 val=2.9230e-07 best=2.9229e-07 t=1007s
seed1-u ep=6650 lr=1.0e-08 train=2.6892e-07 val=2.9230e-07 best=2.9229e-07 t=1010s
seed1-u ep=6670 lr=1.0e-08 train=2.6892e-07 val=2.9228e-07 best=2.9228e-07 t=1014s
seed1-u ep=6675 lr=1.0e-08 train=2.6891e-07 val=2.9229e-07 best=2.9228e-07 t=1014s
seed1-u ep=6700 lr=1.0e-08 train=2.6891e-07 val=2.9229e-07 best=2.9227e-07 t=1018s
seed1-u ep=6725 lr=1.0e-08 train=2.6891e-07 val=2.9228e-07 best=2.9227e-07 t=1022s
seed1-u ep=6730 lr=1.0e-08 train=2.6890e-07 val=2.9227e-07 best=2.9227e-07 t=1023s
seed1-u ep=6735 lr=1.0e-08 train=2.6890e-07 val=2.9225e-07 best=2.9225e-07 t=1023s
seed1-u ep=6750 lr=1.0e-08 train=2.6890e-07 val=2.9227e-07 best=2.9225e-07 t=1026s
seed1-u ep=6775 lr=1.0e-08 train=2.6889e-07 val=2.9227e-07 best=2.9225e-07 t=1030s
seed1-u ep=6800 lr=1.0e-08 train=2.6888e-07 val=2.9226e-07 best=2.9224e-07 t=1033s
seed1-u ep=6825 lr=1.0e-08 train=2.6888e-07 val=2.9225e-07 best=2.9223e-07 t=1037s
seed1-u ep=6850 lr=1.0e-08 train=2.6887e-07 val=2.9222e-07 best=2.9222e-07 t=1041s
seed1-u ep=6875 lr=1.0e-08 train=2.6886e-07 val=2.9224e-07 best=2.9221e-07 t=1045s
seed1-u ep=6900 lr=1.0e-08 train=2.6886e-07 val=2.9223e-07 best=2.9221e-07 t=1049s
seed1-u ep=6925 lr=1.0e-08 train=2.6887e-07 val=2.9221e-07 best=2.9221e-07 t=1052s
seed1-u ep=6935 lr=1.0e-08 train=2.6885e-07 val=2.9221e-07 best=2.9221e-07 t=1054s
seed1-u ep=6950 lr=1.0e-08 train=2.6885e-07 val=2.9222e-07 best=2.9221e-07 t=1056s
seed1-u ep=6975 lr=1.0e-08 train=2.6885e-07 val=2.9222e-07 best=2.9220e-07 t=1060s
seed1-u ep=7000 lr=1.0e-08 train=2.6884e-07 val=2.9222e-07 best=2.9220e-07 t=1064s
seed1-u ep=7005 lr=1.0e-08 train=2.6883e-07 val=2.9219e-07 best=2.9219e-07 t=1065s
seed1-u ep=7025 lr=1.0e-08 train=2.6883e-07 val=2.9219e-07 best=2.9219e-07 t=1068s
seed1-u ep=7050 lr=1.0e-08 train=2.6882e-07 val=2.9221e-07 best=2.9218e-07 t=1071s
seed1-u ep=7075 lr=1.0e-08 train=2.6882e-07 val=2.9218e-07 best=2.9217e-07 t=1075s
seed1-u ep=7100 lr=1.0e-08 train=2.6882e-07 val=2.9218e-07 best=2.9217e-07 t=1079s
seed1-u ep=7125 lr=1.0e-08 train=2.6881e-07 val=2.9216e-07 best=2.9216e-07 t=1083s
seed1-u ep=7150 lr=1.0e-08 train=2.6879e-07 val=2.9216e-07 best=2.9216e-07 t=1087s
seed1-u ep=7155 lr=1.0e-08 train=2.6880e-07 val=2.9215e-07 best=2.9215e-07 t=1087s
seed1-u ep=7175 lr=1.0e-08 train=2.6880e-07 val=2.9216e-07 best=2.9215e-07 t=1090s
seed1-u ep=7195 lr=1.0e-08 train=2.6879e-07 val=2.9214e-07 best=2.9214e-07 t=1094s
seed1-u ep=7200 lr=1.0e-08 train=2.6878e-07 val=2.9216e-07 best=2.9214e-07 t=1094s
seed1-u ep=7215 lr=1.0e-08 train=2.6879e-07 val=2.9214e-07 best=2.9214e-07 t=1097s
seed1-u ep=7225 lr=1.0e-08 train=2.6878e-07 val=2.9214e-07 best=2.9214e-07 t=1098s
seed1-u ep=7250 lr=1.0e-08 train=2.6877e-07 val=2.9214e-07 best=2.9213e-07 t=1102s
seed1-u ep=7275 lr=1.0e-08 train=2.6876e-07 val=2.9213e-07 best=2.9212e-07 t=1106s
seed1-u ep=7290 lr=1.0e-08 train=2.6876e-07 val=2.9211e-07 best=2.9211e-07 t=1108s
seed1-u ep=7300 lr=1.0e-08 train=2.6876e-07 val=2.9213e-07 best=2.9211e-07 t=1110s
seed1-u ep=7310 lr=1.0e-08 train=2.6877e-07 val=2.9211e-07 best=2.9211e-07 t=1111s
seed1-u ep=7325 lr=1.0e-08 train=2.6876e-07 val=2.9213e-07 best=2.9211e-07 t=1113s
seed1-u ep=7350 lr=1.0e-08 train=2.6875e-07 val=2.9211e-07 best=2.9210e-07 t=1117s
seed1-u ep=7360 lr=1.0e-08 train=2.6875e-07 val=2.9209e-07 best=2.9209e-07 t=1119s
seed1-u ep=7375 lr=1.0e-08 train=2.6875e-07 val=2.9210e-07 best=2.9209e-07 t=1121s
seed1-u ep=7400 lr=1.0e-08 train=2.6873e-07 val=2.9211e-07 best=2.9208e-07 t=1125s
seed1-u ep=7425 lr=1.0e-08 train=2.6873e-07 val=2.9209e-07 best=2.9208e-07 t=1128s
seed1-u ep=7450 lr=1.0e-08 train=2.6872e-07 val=2.9208e-07 best=2.9207e-07 t=1132s
seed1-u ep=7475 lr=1.0e-08 train=2.6872e-07 val=2.9208e-07 best=2.9207e-07 t=1136s
seed1-u ep=7500 lr=1.0e-08 train=2.6871e-07 val=2.9207e-07 best=2.9206e-07 t=1140s
seed1-u ep=7515 lr=1.0e-08 train=2.6872e-07 val=2.9206e-07 best=2.9206e-07 t=1142s
seed1-u ep=7525 lr=1.0e-08 train=2.6871e-07 val=2.9207e-07 best=2.9206e-07 t=1144s
seed1-u ep=7540 lr=1.0e-08 train=2.6870e-07 val=2.9205e-07 best=2.9205e-07 t=1146s
seed1-u ep=7550 lr=1.0e-08 train=2.6870e-07 val=2.9208e-07 best=2.9205e-07 t=1147s
seed1-u ep=7575 lr=1.0e-08 train=2.6870e-07 val=2.9206e-07 best=2.9205e-07 t=1151s
seed1-u ep=7580 lr=1.0e-08 train=2.6870e-07 val=2.9205e-07 best=2.9205e-07 t=1152s
seed1-u ep=7590 lr=1.0e-08 train=2.6869e-07 val=2.9205e-07 best=2.9205e-07 t=1153s
seed1-u ep=7600 lr=1.0e-08 train=2.6869e-07 val=2.9206e-07 best=2.9204e-07 t=1155s
seed1-u ep=7615 lr=1.0e-08 train=2.6869e-07 val=2.9204e-07 best=2.9204e-07 t=1157s
seed1-u ep=7625 lr=1.0e-08 train=2.6868e-07 val=2.9204e-07 best=2.9204e-07 t=1159s
seed1-u ep=7635 lr=1.0e-08 train=2.6868e-07 val=2.9204e-07 best=2.9204e-07 t=1160s
seed1-u ep=7650 lr=1.0e-08 train=2.6868e-07 val=2.9204e-07 best=2.9203e-07 t=1163s
seed1-u ep=7655 lr=1.0e-08 train=2.6867e-07 val=2.9203e-07 best=2.9203e-07 t=1163s
seed1-u ep=7675 lr=1.0e-08 train=2.6867e-07 val=2.9203e-07 best=2.9202e-07 t=1166s
seed1-u ep=7700 lr=1.0e-08 train=2.6866e-07 val=2.9203e-07 best=2.9201e-07 t=1170s
seed1-u ep=7720 lr=1.0e-08 train=2.6866e-07 val=2.9200e-07 best=2.9200e-07 t=1173s
seed1-u ep=7725 lr=1.0e-08 train=2.6866e-07 val=2.9202e-07 best=2.9200e-07 t=1174s
seed1-u ep=7750 lr=1.0e-08 train=2.6865e-07 val=2.9202e-07 best=2.9200e-07 t=1178s
seed1-u ep=7775 lr=1.0e-08 train=2.6865e-07 val=2.9200e-07 best=2.9199e-07 t=1182s
seed1-u ep=7785 lr=1.0e-08 train=2.6864e-07 val=2.9199e-07 best=2.9199e-07 t=1183s
seed1-u ep=7790 lr=1.0e-08 train=2.6864e-07 val=2.9199e-07 best=2.9199e-07 t=1184s
seed1-u ep=7795 lr=1.0e-08 train=2.6864e-07 val=2.9199e-07 best=2.9199e-07 t=1185s
seed1-u ep=7800 lr=1.0e-08 train=2.6864e-07 val=2.9198e-07 best=2.9198e-07 t=1185s
seed1-u ep=7825 lr=1.0e-08 train=2.6863e-07 val=2.9200e-07 best=2.9198e-07 t=1189s
seed1-u ep=7830 lr=1.0e-08 train=2.6863e-07 val=2.9197e-07 best=2.9197e-07 t=1190s
seed1-u ep=7850 lr=1.0e-08 train=2.6863e-07 val=2.9199e-07 best=2.9197e-07 t=1193s
seed1-u ep=7875 lr=1.0e-08 train=2.6863e-07 val=2.9196e-07 best=2.9196e-07 t=1197s
seed1-u ep=7895 lr=1.0e-08 train=2.6862e-07 val=2.9195e-07 best=2.9195e-07 t=1200s
seed1-u ep=7900 lr=1.0e-08 train=2.6861e-07 val=2.9196e-07 best=2.9195e-07 t=1201s
seed1-u ep=7925 lr=1.0e-08 train=2.6861e-07 val=2.9197e-07 best=2.9195e-07 t=1204s
seed1-u ep=7940 lr=1.0e-08 train=2.6860e-07 val=2.9195e-07 best=2.9195e-07 t=1207s
seed1-u ep=7950 lr=1.0e-08 train=2.6860e-07 val=2.9196e-07 best=2.9195e-07 t=1208s
seed1-u ep=7975 lr=1.0e-08 train=2.6859e-07 val=2.9195e-07 best=2.9194e-07 t=1212s
seed1-u ep=8000 lr=1.0e-08 train=2.6859e-07 val=2.9193e-07 best=2.9193e-07 t=1216s
seed1-u ep=8015 lr=1.0e-08 train=2.6859e-07 val=2.9193e-07 best=2.9193e-07 t=1218s
seed1-u ep=8025 lr=1.0e-08 train=2.6858e-07 val=2.9194e-07 best=2.9193e-07 t=1220s
seed1-u ep=8050 lr=1.0e-08 train=2.6858e-07 val=2.9193e-07 best=2.9193e-07 t=1223s
seed1-u ep=8075 lr=1.0e-08 train=2.6857e-07 val=2.9195e-07 best=2.9192e-07 t=1227s
seed1-u ep=8100 lr=1.0e-08 train=2.6857e-07 val=2.9193e-07 best=2.9191e-07 t=1231s
seed1-u ep=8125 lr=1.0e-08 train=2.6856e-07 val=2.9191e-07 best=2.9191e-07 t=1235s
seed1-u ep=8150 lr=1.0e-08 train=2.6855e-07 val=2.9192e-07 best=2.9190e-07 t=1239s
seed1-u ep=8160 lr=1.0e-08 train=2.6855e-07 val=2.9190e-07 best=2.9190e-07 t=1240s
seed1-u ep=8175 lr=1.0e-08 train=2.6855e-07 val=2.9190e-07 best=2.9190e-07 t=1243s
seed1-u ep=8180 lr=1.0e-08 train=2.6855e-07 val=2.9189e-07 best=2.9189e-07 t=1243s
seed1-u ep=8200 lr=1.0e-08 train=2.6855e-07 val=2.9190e-07 best=2.9188e-07 t=1246s
seed1-u ep=8210 lr=1.0e-08 train=2.6854e-07 val=2.9188e-07 best=2.9188e-07 t=1248s
seed1-u ep=8225 lr=1.0e-08 train=2.6853e-07 val=2.9188e-07 best=2.9188e-07 t=1250s
seed1-u ep=8250 lr=1.0e-08 train=2.6854e-07 val=2.9190e-07 best=2.9187e-07 t=1254s
seed1-u ep=8270 lr=1.0e-08 train=2.6853e-07 val=2.9186e-07 best=2.9186e-07 t=1257s
seed1-u ep=8275 lr=1.0e-08 train=2.6852e-07 val=2.9188e-07 best=2.9186e-07 t=1258s
seed1-u ep=8300 lr=1.0e-08 train=2.6851e-07 val=2.9186e-07 best=2.9186e-07 t=1262s
seed1-u ep=8320 lr=1.0e-08 train=2.6852e-07 val=2.9186e-07 best=2.9186e-07 t=1265s
seed1-u ep=8325 lr=1.0e-08 train=2.6851e-07 val=2.9187e-07 best=2.9185e-07 t=1265s
seed1-u ep=8350 lr=1.0e-08 train=2.6851e-07 val=2.9184e-07 best=2.9184e-07 t=1269s
seed1-u ep=8375 lr=1.0e-08 train=2.6850e-07 val=2.9184e-07 best=2.9184e-07 t=1273s
seed1-u ep=8400 lr=1.0e-08 train=2.6849e-07 val=2.9183e-07 best=2.9182e-07 t=1277s
seed1-u ep=8425 lr=1.0e-08 train=2.6849e-07 val=2.9182e-07 best=2.9182e-07 t=1281s
seed1-u ep=8450 lr=1.0e-08 train=2.6848e-07 val=2.9183e-07 best=2.9181e-07 t=1284s
seed1-u ep=8475 lr=1.0e-08 train=2.6847e-07 val=2.9182e-07 best=2.9181e-07 t=1288s
seed1-u ep=8500 lr=1.0e-08 train=2.6847e-07 val=2.9182e-07 best=2.9180e-07 t=1292s
seed1-u ep=8525 lr=1.0e-08 train=2.6846e-07 val=2.9180e-07 best=2.9180e-07 t=1296s
seed1-u ep=8550 lr=1.0e-08 train=2.6845e-07 val=2.9181e-07 best=2.9179e-07 t=1300s
seed1-u ep=8575 lr=1.0e-08 train=2.6846e-07 val=2.9178e-07 best=2.9177e-07 t=1303s
seed1-u ep=8600 lr=1.0e-08 train=2.6845e-07 val=2.9178e-07 best=2.9177e-07 t=1307s
seed1-u ep=8625 lr=1.0e-08 train=2.6845e-07 val=2.9179e-07 best=2.9177e-07 t=1311s
seed1-u ep=8650 lr=1.0e-08 train=2.6843e-07 val=2.9176e-07 best=2.9176e-07 t=1315s
seed1-u ep=8675 lr=1.0e-08 train=2.6842e-07 val=2.9177e-07 best=2.9175e-07 t=1318s
seed1-u ep=8700 lr=1.0e-08 train=2.6842e-07 val=2.9175e-07 best=2.9175e-07 t=1322s
seed1-u ep=8705 lr=1.0e-08 train=2.6842e-07 val=2.9175e-07 best=2.9175e-07 t=1323s
seed1-u ep=8725 lr=1.0e-08 train=2.6842e-07 val=2.9177e-07 best=2.9175e-07 t=1326s
seed1-u ep=8750 lr=1.0e-08 train=2.6841e-07 val=2.9175e-07 best=2.9175e-07 t=1330s
seed1-u ep=8755 lr=1.0e-08 train=2.6841e-07 val=2.9174e-07 best=2.9174e-07 t=1331s
seed1-u ep=8775 lr=1.0e-08 train=2.6840e-07 val=2.9174e-07 best=2.9174e-07 t=1334s
seed1-u ep=8800 lr=1.0e-08 train=2.6840e-07 val=2.9174e-07 best=2.9173e-07 t=1337s
seed1-u ep=8825 lr=1.0e-08 train=2.6839e-07 val=2.9174e-07 best=2.9173e-07 t=1341s
seed1-u ep=8835 lr=1.0e-08 train=2.6839e-07 val=2.9172e-07 best=2.9172e-07 t=1343s
seed1-u ep=8850 lr=1.0e-08 train=2.6838e-07 val=2.9172e-07 best=2.9172e-07 t=1345s
seed1-u ep=8875 lr=1.0e-08 train=2.6838e-07 val=2.9172e-07 best=2.9171e-07 t=1349s
seed1-u ep=8900 lr=1.0e-08 train=2.6837e-07 val=2.9170e-07 best=2.9170e-07 t=1353s
seed1-u ep=8925 lr=1.0e-08 train=2.6836e-07 val=2.9172e-07 best=2.9169e-07 t=1356s
seed1-u ep=8940 lr=1.0e-08 train=2.6836e-07 val=2.9169e-07 best=2.9169e-07 t=1359s
seed1-u ep=8950 lr=1.0e-08 train=2.6836e-07 val=2.9170e-07 best=2.9169e-07 t=1360s
seed1-u ep=8975 lr=1.0e-08 train=2.6836e-07 val=2.9169e-07 best=2.9168e-07 t=1364s
seed1-u ep=9000 lr=1.0e-08 train=2.6835e-07 val=2.9167e-07 best=2.9167e-07 t=1368s
seed1-u ep=9025 lr=1.0e-08 train=2.6834e-07 val=2.9167e-07 best=2.9166e-07 t=1371s
seed1-u ep=9050 lr=1.0e-08 train=2.6834e-07 val=2.9167e-07 best=2.9165e-07 t=1375s
seed1-u ep=9075 lr=1.0e-08 train=2.6833e-07 val=2.9167e-07 best=2.9165e-07 t=1379s
seed1-u ep=9100 lr=1.0e-08 train=2.6832e-07 val=2.9164e-07 best=2.9164e-07 t=1383s
seed1-u ep=9115 lr=1.0e-08 train=2.6832e-07 val=2.9164e-07 best=2.9164e-07 t=1385s
seed1-u ep=9125 lr=1.0e-08 train=2.6832e-07 val=2.9166e-07 best=2.9163e-07 t=1387s
seed1-u ep=9145 lr=1.0e-08 train=2.6831e-07 val=2.9163e-07 best=2.9163e-07 t=1390s
seed1-u ep=9150 lr=1.0e-08 train=2.6831e-07 val=2.9164e-07 best=2.9162e-07 t=1390s
seed1-u ep=9175 lr=1.0e-08 train=2.6830e-07 val=2.9164e-07 best=2.9162e-07 t=1394s
seed1-u ep=9200 lr=1.0e-08 train=2.6830e-07 val=2.9162e-07 best=2.9162e-07 t=1398s
seed1-u ep=9225 lr=1.0e-08 train=2.6829e-07 val=2.9162e-07 best=2.9161e-07 t=1402s
seed1-u ep=9250 lr=1.0e-08 train=2.6828e-07 val=2.9162e-07 best=2.9161e-07 t=1406s
seed1-u ep=9270 lr=1.0e-08 train=2.6828e-07 val=2.9159e-07 best=2.9159e-07 t=1409s
seed1-u ep=9275 lr=1.0e-08 train=2.6829e-07 val=2.9160e-07 best=2.9159e-07 t=1409s
seed1-u ep=9300 lr=1.0e-08 train=2.6828e-07 val=2.9160e-07 best=2.9159e-07 t=1413s
seed1-u ep=9325 lr=1.0e-08 train=2.6827e-07 val=2.9160e-07 best=2.9159e-07 t=1417s
seed1-u ep=9350 lr=1.0e-08 train=2.6826e-07 val=2.9159e-07 best=2.9158e-07 t=1421s
seed1-u ep=9375 lr=1.0e-08 train=2.6826e-07 val=2.9160e-07 best=2.9158e-07 t=1424s
seed1-u ep=9400 lr=1.0e-08 train=2.6825e-07 val=2.9159e-07 best=2.9157e-07 t=1428s
seed1-u ep=9425 lr=1.0e-08 train=2.6824e-07 val=2.9157e-07 best=2.9156e-07 t=1432s
seed1-u ep=9440 lr=1.0e-08 train=2.6824e-07 val=2.9156e-07 best=2.9156e-07 t=1434s
seed1-u ep=9450 lr=1.0e-08 train=2.6824e-07 val=2.9157e-07 best=2.9155e-07 t=1436s
seed1-u ep=9475 lr=1.0e-08 train=2.6823e-07 val=2.9156e-07 best=2.9155e-07 t=1440s
seed1-u ep=9480 lr=1.0e-08 train=2.6824e-07 val=2.9154e-07 best=2.9154e-07 t=1440s
seed1-u ep=9500 lr=1.0e-08 train=2.6822e-07 val=2.9155e-07 best=2.9154e-07 t=1443s
seed1-u ep=9510 lr=1.0e-08 train=2.6822e-07 val=2.9154e-07 best=2.9154e-07 t=1445s
seed1-u ep=9525 lr=1.0e-08 train=2.6822e-07 val=2.9154e-07 best=2.9153e-07 t=1447s
seed1-u ep=9550 lr=1.0e-08 train=2.6821e-07 val=2.9154e-07 best=2.9152e-07 t=1451s
seed1-u ep=9575 lr=1.0e-08 train=2.6821e-07 val=2.9153e-07 best=2.9152e-07 t=1455s
seed1-u ep=9600 lr=1.0e-08 train=2.6820e-07 val=2.9152e-07 best=2.9151e-07 t=1458s
seed1-u ep=9625 lr=1.0e-08 train=2.6820e-07 val=2.9151e-07 best=2.9151e-07 t=1462s
seed1-u ep=9650 lr=1.0e-08 train=2.6819e-07 val=2.9151e-07 best=2.9150e-07 t=1466s
seed1-u ep=9665 lr=1.0e-08 train=2.6820e-07 val=2.9150e-07 best=2.9150e-07 t=1468s
seed1-u ep=9675 lr=1.0e-08 train=2.6818e-07 val=2.9150e-07 best=2.9149e-07 t=1470s
seed1-u ep=9700 lr=1.0e-08 train=2.6818e-07 val=2.9150e-07 best=2.9149e-07 t=1474s
seed1-u ep=9725 lr=1.0e-08 train=2.6817e-07 val=2.9149e-07 best=2.9149e-07 t=1477s
seed1-u ep=9750 lr=1.0e-08 train=2.6817e-07 val=2.9149e-07 best=2.9148e-07 t=1481s
seed1-u ep=9765 lr=1.0e-08 train=2.6816e-07 val=2.9147e-07 best=2.9147e-07 t=1483s
seed1-u ep=9775 lr=1.0e-08 train=2.6817e-07 val=2.9148e-07 best=2.9147e-07 t=1485s
seed1-u ep=9800 lr=1.0e-08 train=2.6815e-07 val=2.9147e-07 best=2.9147e-07 t=1489s
seed1-u ep=9825 lr=1.0e-08 train=2.6815e-07 val=2.9148e-07 best=2.9146e-07 t=1493s
seed1-u ep=9850 lr=1.0e-08 train=2.6814e-07 val=2.9146e-07 best=2.9146e-07 t=1496s
seed1-u ep=9875 lr=1.0e-08 train=2.6814e-07 val=2.9144e-07 best=2.9144e-07 t=1500s
seed1-u ep=9900 lr=1.0e-08 train=2.6813e-07 val=2.9145e-07 best=2.9144e-07 t=1504s
seed1-u ep=9925 lr=1.0e-08 train=2.6812e-07 val=2.9144e-07 best=2.9144e-07 t=1508s
seed1-u ep=9945 lr=1.0e-08 train=2.6812e-07 val=2.9143e-07 best=2.9143e-07 t=1511s
seed1-u ep=9950 lr=1.0e-08 train=2.6812e-07 val=2.9144e-07 best=2.9143e-07 t=1511s
seed1-u ep=9975 lr=1.0e-08 train=2.6811e-07 val=2.9144e-07 best=2.9143e-07 t=1515s
TRAINED seed=1 u {'stop_reason': 'max_epochs', 'truncated': False, 'epochs': 10000, 'best_val': 2.9141605750737654e-07, 'final_lr': 1e-08, 'seconds': 1518.8961083372124}
seed1-v ep=0 lr=1.0e-03 train=4.2554e-02 val=1.5119e-02 best=1.5119e-02 t=0s
seed1-v ep=5 lr=1.0e-03 train=7.1488e-04 val=5.6572e-04 best=5.6572e-04 t=1s
seed1-v ep=10 lr=1.0e-03 train=1.7700e-04 val=1.7599e-04 best=1.7599e-04 t=1s
seed1-v ep=20 lr=1.0e-03 train=4.5553e-05 val=4.0059e-05 best=4.0059e-05 t=3s
seed1-v ep=25 lr=1.0e-03 train=4.2274e-05 val=5.8703e-05 best=3.2735e-05 t=4s
seed1-v ep=35 lr=1.0e-03 train=1.7303e-05 val=1.5351e-05 best=1.5351e-05 t=5s
seed1-v ep=40 lr=1.0e-03 train=2.7214e-05 val=1.4725e-05 best=1.4725e-05 t=6s
seed1-v ep=45 lr=1.0e-03 train=3.7875e-05 val=1.3909e-05 best=1.3909e-05 t=7s
seed1-v ep=50 lr=1.0e-04 train=7.7866e-06 val=8.1490e-06 best=8.1490e-06 t=7s
seed1-v ep=55 lr=1.0e-04 train=7.5708e-06 val=7.9291e-06 best=7.9291e-06 t=8s
seed1-v ep=60 lr=1.0e-04 train=7.3628e-06 val=7.7318e-06 best=7.7318e-06 t=9s
seed1-v ep=65 lr=1.0e-04 train=7.1643e-06 val=7.5223e-06 best=7.5223e-06 t=10s
seed1-v ep=70 lr=1.0e-04 train=6.9683e-06 val=7.3281e-06 best=7.3281e-06 t=10s
seed1-v ep=75 lr=1.0e-04 train=6.7567e-06 val=7.1215e-06 best=7.1215e-06 t=11s
seed1-v ep=80 lr=1.0e-04 train=6.5592e-06 val=6.8771e-06 best=6.8771e-06 t=12s
seed1-v ep=85 lr=1.0e-04 train=6.3336e-06 val=6.6665e-06 best=6.6665e-06 t=13s
seed1-v ep=90 lr=1.0e-04 train=6.1323e-06 val=6.4547e-06 best=6.4547e-06 t=13s
seed1-v ep=95 lr=1.0e-04 train=5.9243e-06 val=6.2378e-06 best=6.2378e-06 t=14s
seed1-v ep=100 lr=1.0e-04 train=5.7166e-06 val=6.0386e-06 best=6.0386e-06 t=15s
seed1-v ep=105 lr=1.0e-04 train=5.5123e-06 val=5.8272e-06 best=5.8272e-06 t=16s
seed1-v ep=110 lr=1.0e-04 train=5.3196e-06 val=5.6365e-06 best=5.6365e-06 t=16s
seed1-v ep=115 lr=1.0e-04 train=5.1363e-06 val=5.4623e-06 best=5.4623e-06 t=17s
seed1-v ep=120 lr=1.0e-04 train=4.9450e-06 val=5.2360e-06 best=5.2360e-06 t=18s
seed1-v ep=125 lr=1.0e-04 train=4.7508e-06 val=5.0544e-06 best=5.0544e-06 t=19s
seed1-v ep=130 lr=1.0e-04 train=4.5751e-06 val=4.8684e-06 best=4.8684e-06 t=19s
seed1-v ep=135 lr=1.0e-04 train=4.4020e-06 val=4.6570e-06 best=4.6570e-06 t=20s
seed1-v ep=140 lr=1.0e-04 train=4.2098e-06 val=4.4741e-06 best=4.4741e-06 t=21s
seed1-v ep=145 lr=1.0e-04 train=4.0442e-06 val=4.3010e-06 best=4.3010e-06 t=22s
seed1-v ep=150 lr=1.0e-04 train=3.9108e-06 val=4.1174e-06 best=4.1174e-06 t=22s
seed1-v ep=155 lr=1.0e-04 train=3.7132e-06 val=3.9546e-06 best=3.9546e-06 t=23s
seed1-v ep=160 lr=1.0e-04 train=3.5979e-06 val=3.8827e-06 best=3.8827e-06 t=24s
seed1-v ep=170 lr=1.0e-04 train=3.2746e-06 val=3.4813e-06 best=3.4813e-06 t=25s
seed1-v ep=175 lr=1.0e-04 train=3.1379e-06 val=3.3495e-06 best=3.3495e-06 t=26s
seed1-v ep=180 lr=1.0e-04 train=3.0188e-06 val=3.2157e-06 best=3.2157e-06 t=27s
seed1-v ep=185 lr=1.0e-04 train=2.9063e-06 val=3.0656e-06 best=3.0656e-06 t=28s
seed1-v ep=190 lr=1.0e-04 train=2.7773e-06 val=2.9314e-06 best=2.9314e-06 t=28s
seed1-v ep=200 lr=1.0e-04 train=2.5041e-06 val=2.7084e-06 best=2.6940e-06 t=30s
seed1-v ep=210 lr=1.0e-04 train=2.3276e-06 val=2.4737e-06 best=2.4737e-06 t=31s
seed1-v ep=215 lr=1.0e-04 train=2.2079e-06 val=2.3753e-06 best=2.3753e-06 t=32s
seed1-v ep=225 lr=1.0e-04 train=2.0322e-06 val=2.2052e-06 best=2.2052e-06 t=34s
seed1-v ep=235 lr=1.0e-04 train=2.0317e-06 val=2.0406e-06 best=2.0406e-06 t=35s
seed1-v ep=250 lr=1.0e-04 train=1.9311e-06 val=1.7826e-06 best=1.7826e-06 t=37s
seed1-v ep=260 lr=1.0e-04 train=1.8842e-06 val=1.7126e-06 best=1.7126e-06 t=39s
seed1-v ep=275 lr=1.0e-04 train=1.6361e-06 val=1.5496e-06 best=1.5272e-06 t=41s
seed1-v ep=280 lr=1.0e-05 train=1.1856e-06 val=1.2928e-06 best=1.2928e-06 t=42s
seed1-v ep=300 lr=1.0e-05 train=1.1628e-06 val=1.2657e-06 best=1.2657e-06 t=45s
seed1-v ep=325 lr=1.0e-05 train=1.1308e-06 val=1.2301e-06 best=1.2301e-06 t=49s
seed1-v ep=330 lr=1.0e-05 train=1.1228e-06 val=1.2240e-06 best=1.2240e-06 t=50s
seed1-v ep=335 lr=1.0e-05 train=1.1173e-06 val=1.2147e-06 best=1.2147e-06 t=50s
seed1-v ep=340 lr=1.0e-05 train=1.1113e-06 val=1.2079e-06 best=1.2079e-06 t=51s
seed1-v ep=345 lr=1.0e-05 train=1.1020e-06 val=1.1986e-06 best=1.1986e-06 t=52s
seed1-v ep=350 lr=1.0e-05 train=1.0933e-06 val=1.1903e-06 best=1.1903e-06 t=53s
seed1-v ep=360 lr=1.0e-05 train=1.0762e-06 val=1.1738e-06 best=1.1738e-06 t=54s
seed1-v ep=365 lr=1.0e-05 train=1.0704e-06 val=1.1601e-06 best=1.1601e-06 t=55s
seed1-v ep=370 lr=1.0e-05 train=1.0613e-06 val=1.1535e-06 best=1.1535e-06 t=56s
seed1-v ep=375 lr=1.0e-05 train=1.0540e-06 val=1.1573e-06 best=1.1454e-06 t=56s
seed1-v ep=380 lr=1.0e-05 train=1.0431e-06 val=1.1331e-06 best=1.1331e-06 t=57s
seed1-v ep=395 lr=1.0e-05 train=1.0175e-06 val=1.1056e-06 best=1.1056e-06 t=59s
seed1-v ep=400 lr=1.0e-05 train=1.0162e-06 val=1.1019e-06 best=1.0971e-06 t=60s
seed1-v ep=405 lr=1.0e-05 train=9.9656e-07 val=1.0786e-06 best=1.0786e-06 t=61s
seed1-v ep=415 lr=1.0e-05 train=9.7510e-07 val=1.0596e-06 best=1.0596e-06 t=62s
seed1-v ep=425 lr=1.0e-05 train=9.6858e-07 val=1.0569e-06 best=1.0396e-06 t=64s
seed1-v ep=435 lr=1.0e-05 train=9.3437e-07 val=1.0204e-06 best=1.0204e-06 t=65s
seed1-v ep=445 lr=1.0e-05 train=9.1631e-07 val=1.0000e-06 best=1.0000e-06 t=67s
seed1-v ep=450 lr=1.0e-05 train=9.1230e-07 val=9.8688e-07 best=9.8610e-07 t=68s
seed1-v ep=455 lr=1.0e-05 train=8.9339e-07 val=9.6954e-07 best=9.6954e-07 t=68s
seed1-v ep=460 lr=1.0e-05 train=8.8798e-07 val=9.6198e-07 best=9.6198e-07 t=69s
seed1-v ep=470 lr=1.0e-05 train=8.6736e-07 val=9.4196e-07 best=9.4196e-07 t=71s
seed1-v ep=475 lr=1.0e-05 train=8.6661e-07 val=9.4451e-07 best=9.3087e-07 t=72s
seed1-v ep=490 lr=1.0e-05 train=8.2475e-07 val=8.9734e-07 best=8.9734e-07 t=74s
seed1-v ep=495 lr=1.0e-05 train=8.2517e-07 val=8.8926e-07 best=8.8926e-07 t=75s
seed1-v ep=500 lr=1.0e-05 train=8.1235e-07 val=8.7317e-07 best=8.7317e-07 t=75s
seed1-v ep=525 lr=1.0e-05 train=7.5922e-07 val=8.2594e-07 best=8.2594e-07 t=79s
seed1-v ep=535 lr=1.0e-05 train=7.4315e-07 val=8.0915e-07 best=8.0915e-07 t=81s
seed1-v ep=540 lr=1.0e-05 train=7.4047e-07 val=7.9552e-07 best=7.9552e-07 t=81s
seed1-v ep=545 lr=1.0e-05 train=7.2697e-07 val=7.9216e-07 best=7.9216e-07 t=82s
seed1-v ep=550 lr=1.0e-05 train=7.1785e-07 val=7.8061e-07 best=7.8061e-07 t=83s
seed1-v ep=555 lr=1.0e-05 train=7.1059e-07 val=7.7830e-07 best=7.7830e-07 t=84s
seed1-v ep=575 lr=1.0e-05 train=6.8216e-07 val=7.4249e-07 best=7.4249e-07 t=87s
seed1-v ep=585 lr=1.0e-05 train=6.6838e-07 val=7.2728e-07 best=7.2728e-07 t=88s
seed1-v ep=590 lr=1.0e-05 train=6.6379e-07 val=7.1643e-07 best=7.1643e-07 t=89s
seed1-v ep=595 lr=1.0e-05 train=6.5298e-07 val=7.0832e-07 best=7.0832e-07 t=90s
seed1-v ep=600 lr=1.0e-05 train=6.4691e-07 val=7.0177e-07 best=7.0177e-07 t=91s
seed1-v ep=605 lr=1.0e-05 train=6.4632e-07 val=6.9521e-07 best=6.9521e-07 t=91s
seed1-v ep=615 lr=1.0e-05 train=6.2252e-07 val=6.7816e-07 best=6.7816e-07 t=93s
seed1-v ep=625 lr=1.0e-05 train=6.1982e-07 val=6.6755e-07 best=6.6755e-07 t=94s
seed1-v ep=650 lr=1.0e-05 train=6.0064e-07 val=6.3846e-07 best=6.3846e-07 t=98s
seed1-v ep=660 lr=1.0e-05 train=5.7549e-07 val=6.2423e-07 best=6.2423e-07 t=100s
seed1-v ep=675 lr=1.0e-05 train=5.6859e-07 val=6.1008e-07 best=6.0945e-07 t=102s
seed1-v ep=690 lr=1.0e-05 train=5.3745e-07 val=5.8608e-07 best=5.8608e-07 t=104s
seed1-v ep=700 lr=1.0e-05 train=5.2915e-07 val=5.8184e-07 best=5.7756e-07 t=106s
seed1-v ep=705 lr=1.0e-05 train=5.2527e-07 val=5.7181e-07 best=5.7181e-07 t=106s
seed1-v ep=715 lr=1.0e-05 train=5.1821e-07 val=5.6358e-07 best=5.6358e-07 t=108s
seed1-v ep=725 lr=1.0e-05 train=5.0791e-07 val=5.5162e-07 best=5.5162e-07 t=109s
seed1-v ep=750 lr=1.0e-05 train=4.9036e-07 val=5.4108e-07 best=5.2921e-07 t=113s
seed1-v ep=760 lr=1.0e-05 train=4.7554e-07 val=5.1875e-07 best=5.1875e-07 t=115s
seed1-v ep=775 lr=1.0e-05 train=4.6840e-07 val=5.1166e-07 best=5.0693e-07 t=117s
seed1-v ep=785 lr=1.0e-05 train=4.6414e-07 val=4.9707e-07 best=4.9707e-07 t=119s
seed1-v ep=790 lr=1.0e-05 train=4.6391e-07 val=4.9582e-07 best=4.9582e-07 t=119s
seed1-v ep=800 lr=1.0e-05 train=4.4797e-07 val=4.8522e-07 best=4.8522e-07 t=121s
seed1-v ep=825 lr=1.0e-05 train=4.3472e-07 val=4.8211e-07 best=4.6973e-07 t=125s
seed1-v ep=850 lr=1.0e-05 train=4.1478e-07 val=4.4808e-07 best=4.4808e-07 t=128s
seed1-v ep=860 lr=1.0e-05 train=4.1049e-07 val=4.4476e-07 best=4.4476e-07 t=130s
seed1-v ep=875 lr=1.0e-05 train=4.0352e-07 val=4.3148e-07 best=4.3148e-07 t=132s
seed1-v ep=885 lr=1.0e-05 train=3.9589e-07 val=4.2727e-07 best=4.2727e-07 t=134s
seed1-v ep=895 lr=1.0e-05 train=3.8613e-07 val=4.1997e-07 best=4.1997e-07 t=135s
seed1-v ep=900 lr=1.0e-05 train=3.9007e-07 val=4.2414e-07 best=4.1861e-07 t=136s
seed1-v ep=910 lr=1.0e-05 train=3.7887e-07 val=4.1290e-07 best=4.1290e-07 t=138s
seed1-v ep=915 lr=1.0e-05 train=3.7909e-07 val=4.1041e-07 best=4.1041e-07 t=138s
seed1-v ep=925 lr=1.0e-05 train=3.8015e-07 val=4.2191e-07 best=4.0843e-07 t=140s
seed1-v ep=930 lr=1.0e-05 train=3.6925e-07 val=4.0237e-07 best=4.0237e-07 t=141s
seed1-v ep=950 lr=1.0e-05 train=3.6331e-07 val=3.9626e-07 best=3.9295e-07 t=144s
seed1-v ep=975 lr=1.0e-05 train=3.4851e-07 val=3.8511e-07 best=3.7907e-07 t=147s
seed1-v ep=985 lr=1.0e-05 train=3.4481e-07 val=3.7419e-07 best=3.7419e-07 t=149s
seed1-v ep=995 lr=1.0e-05 train=3.3920e-07 val=3.6786e-07 best=3.6786e-07 t=150s
seed1-v ep=1000 lr=1.0e-05 train=3.4042e-07 val=3.6560e-07 best=3.6560e-07 t=151s
seed1-v ep=1010 lr=1.0e-05 train=3.3452e-07 val=3.6230e-07 best=3.6230e-07 t=153s
seed1-v ep=1025 lr=1.0e-05 train=3.3025e-07 val=3.5566e-07 best=3.5566e-07 t=155s
seed1-v ep=1045 lr=1.0e-05 train=3.2230e-07 val=3.4760e-07 best=3.4760e-07 t=158s
seed1-v ep=1050 lr=1.0e-05 train=3.2295e-07 val=3.6355e-07 best=3.4479e-07 t=159s
seed1-v ep=1075 lr=1.0e-05 train=3.1303e-07 val=3.3721e-07 best=3.3720e-07 t=163s
seed1-v ep=1095 lr=1.0e-05 train=3.0495e-07 val=3.2787e-07 best=3.2787e-07 t=166s
seed1-v ep=1100 lr=1.0e-05 train=3.0328e-07 val=3.3203e-07 best=3.2653e-07 t=166s
seed1-v ep=1125 lr=1.0e-05 train=2.9146e-07 val=3.2774e-07 best=3.1934e-07 t=170s
seed1-v ep=1130 lr=1.0e-05 train=2.9274e-07 val=3.1275e-07 best=3.1275e-07 t=171s
seed1-v ep=1150 lr=1.0e-05 train=2.8692e-07 val=3.1061e-07 best=3.0831e-07 t=174s
seed1-v ep=1160 lr=1.0e-05 train=2.8196e-07 val=3.0664e-07 best=3.0664e-07 t=176s
seed1-v ep=1165 lr=1.0e-05 train=2.8423e-07 val=3.0402e-07 best=3.0402e-07 t=176s
seed1-v ep=1175 lr=1.0e-05 train=2.7824e-07 val=3.0651e-07 best=3.0205e-07 t=178s
seed1-v ep=1180 lr=1.0e-05 train=2.7559e-07 val=2.9793e-07 best=2.9793e-07 t=179s
seed1-v ep=1190 lr=1.0e-05 train=2.7365e-07 val=2.9583e-07 best=2.9583e-07 t=180s
seed1-v ep=1200 lr=1.0e-05 train=2.7093e-07 val=2.9326e-07 best=2.9326e-07 t=182s
seed1-v ep=1205 lr=1.0e-05 train=2.7161e-07 val=2.9251e-07 best=2.9251e-07 t=182s
seed1-v ep=1225 lr=1.0e-05 train=2.6288e-07 val=2.8560e-07 best=2.8560e-07 t=185s
seed1-v ep=1230 lr=1.0e-05 train=2.6223e-07 val=2.8460e-07 best=2.8460e-07 t=186s
seed1-v ep=1235 lr=1.0e-05 train=2.6198e-07 val=2.8425e-07 best=2.8425e-07 t=187s
seed1-v ep=1250 lr=1.0e-05 train=2.6019e-07 val=2.7948e-07 best=2.7822e-07 t=189s
seed1-v ep=1260 lr=1.0e-05 train=2.5395e-07 val=2.7718e-07 best=2.7718e-07 t=191s
seed1-v ep=1265 lr=1.0e-05 train=2.5764e-07 val=2.7444e-07 best=2.7444e-07 t=191s
seed1-v ep=1275 lr=1.0e-05 train=2.5463e-07 val=2.7695e-07 best=2.7181e-07 t=193s
seed1-v ep=1300 lr=1.0e-05 train=2.4421e-07 val=2.6872e-07 best=2.6551e-07 t=197s
seed1-v ep=1305 lr=1.0e-05 train=2.4444e-07 val=2.6480e-07 best=2.6480e-07 t=198s
seed1-v ep=1315 lr=1.0e-06 train=2.3247e-07 val=2.5428e-07 best=2.5428e-07 t=199s
seed1-v ep=1325 lr=1.0e-06 train=2.3209e-07 val=2.5395e-07 best=2.5395e-07 t=201s
seed1-v ep=1330 lr=1.0e-06 train=2.3229e-07 val=2.5393e-07 best=2.5393e-07 t=201s
seed1-v ep=1345 lr=1.0e-06 train=2.3184e-07 val=2.5343e-07 best=2.5343e-07 t=204s
seed1-v ep=1350 lr=1.0e-06 train=2.3199e-07 val=2.5370e-07 best=2.5343e-07 t=204s
seed1-v ep=1375 lr=1.0e-06 train=2.3138e-07 val=2.5313e-07 best=2.5294e-07 t=208s
seed1-v ep=1380 lr=1.0e-06 train=2.3104e-07 val=2.5246e-07 best=2.5246e-07 t=209s
seed1-v ep=1395 lr=1.0e-06 train=2.3066e-07 val=2.5219e-07 best=2.5219e-07 t=211s
seed1-v ep=1400 lr=1.0e-06 train=2.3047e-07 val=2.5216e-07 best=2.5216e-07 t=212s
seed1-v ep=1415 lr=1.0e-06 train=2.2997e-07 val=2.5180e-07 best=2.5180e-07 t=214s
seed1-v ep=1425 lr=1.0e-06 train=2.3003e-07 val=2.5147e-07 best=2.5142e-07 t=216s
seed1-v ep=1430 lr=1.0e-06 train=2.3007e-07 val=2.5120e-07 best=2.5120e-07 t=216s
seed1-v ep=1435 lr=1.0e-06 train=2.2973e-07 val=2.5120e-07 best=2.5120e-07 t=217s
seed1-v ep=1450 lr=1.0e-06 train=2.2903e-07 val=2.5069e-07 best=2.5065e-07 t=219s
seed1-v ep=1455 lr=1.0e-06 train=2.2921e-07 val=2.5051e-07 best=2.5051e-07 t=220s
seed1-v ep=1460 lr=1.0e-06 train=2.2900e-07 val=2.5029e-07 best=2.5029e-07 t=221s
seed1-v ep=1465 lr=1.0e-06 train=2.2871e-07 val=2.5010e-07 best=2.5010e-07 t=222s
seed1-v ep=1470 lr=1.0e-06 train=2.2871e-07 val=2.4984e-07 best=2.4984e-07 t=223s
seed1-v ep=1475 lr=1.0e-06 train=2.2841e-07 val=2.4999e-07 best=2.4984e-07 t=223s
seed1-v ep=1495 lr=1.0e-06 train=2.2791e-07 val=2.4894e-07 best=2.4894e-07 t=226s
seed1-v ep=1500 lr=1.0e-06 train=2.2760e-07 val=2.4884e-07 best=2.4884e-07 t=227s
seed1-v ep=1525 lr=1.0e-06 train=2.2696e-07 val=2.4890e-07 best=2.4819e-07 t=231s
seed1-v ep=1535 lr=1.0e-06 train=2.2663e-07 val=2.4770e-07 best=2.4770e-07 t=232s
seed1-v ep=1545 lr=1.0e-06 train=2.2633e-07 val=2.4741e-07 best=2.4741e-07 t=234s
seed1-v ep=1550 lr=1.0e-06 train=2.2636e-07 val=2.4789e-07 best=2.4737e-07 t=235s
seed1-v ep=1565 lr=1.0e-06 train=2.2585e-07 val=2.4680e-07 best=2.4680e-07 t=237s
seed1-v ep=1570 lr=1.0e-06 train=2.2562e-07 val=2.4659e-07 best=2.4659e-07 t=238s
seed1-v ep=1575 lr=1.0e-06 train=2.2541e-07 val=2.4671e-07 best=2.4648e-07 t=238s
seed1-v ep=1580 lr=1.0e-06 train=2.2530e-07 val=2.4618e-07 best=2.4618e-07 t=239s
seed1-v ep=1595 lr=1.0e-07 train=2.2372e-07 val=2.4511e-07 best=2.4511e-07 t=242s
seed1-v ep=1600 lr=1.0e-07 train=2.2369e-07 val=2.4512e-07 best=2.4511e-07 t=242s
seed1-v ep=1610 lr=1.0e-08 train=2.2353e-07 val=2.4504e-07 best=2.4504e-07 t=244s
seed1-v ep=1625 lr=1.0e-08 train=2.2353e-07 val=2.4504e-07 best=2.4504e-07 t=246s
seed1-v ep=1650 lr=1.0e-08 train=2.2353e-07 val=2.4504e-07 best=2.4504e-07 t=250s
seed1-v ep=1675 lr=1.0e-08 train=2.2353e-07 val=2.4505e-07 best=2.4504e-07 t=254s
seed1-v ep=1685 lr=1.0e-08 train=2.2351e-07 val=2.4503e-07 best=2.4503e-07 t=255s
seed1-v ep=1695 lr=1.0e-08 train=2.2351e-07 val=2.4503e-07 best=2.4503e-07 t=257s
seed1-v ep=1700 lr=1.0e-08 train=2.2351e-07 val=2.4503e-07 best=2.4503e-07 t=257s
seed1-v ep=1725 lr=1.0e-08 train=2.2350e-07 val=2.4502e-07 best=2.4502e-07 t=261s
seed1-v ep=1750 lr=1.0e-08 train=2.2350e-07 val=2.4502e-07 best=2.4502e-07 t=265s
seed1-v ep=1760 lr=1.0e-08 train=2.2349e-07 val=2.4501e-07 best=2.4501e-07 t=267s
seed1-v ep=1775 lr=1.0e-08 train=2.2349e-07 val=2.4500e-07 best=2.4500e-07 t=269s
seed1-v ep=1800 lr=1.0e-08 train=2.2349e-07 val=2.4501e-07 best=2.4500e-07 t=273s
seed1-v ep=1815 lr=1.0e-08 train=2.2348e-07 val=2.4499e-07 best=2.4499e-07 t=275s
seed1-v ep=1825 lr=1.0e-08 train=2.2348e-07 val=2.4499e-07 best=2.4499e-07 t=276s
seed1-v ep=1850 lr=1.0e-08 train=2.2347e-07 val=2.4499e-07 best=2.4498e-07 t=280s
seed1-v ep=1875 lr=1.0e-08 train=2.2347e-07 val=2.4498e-07 best=2.4498e-07 t=284s
seed1-v ep=1900 lr=1.0e-08 train=2.2346e-07 val=2.4498e-07 best=2.4497e-07 t=288s
seed1-v ep=1925 lr=1.0e-08 train=2.2345e-07 val=2.4498e-07 best=2.4496e-07 t=292s
seed1-v ep=1950 lr=1.0e-08 train=2.2345e-07 val=2.4497e-07 best=2.4496e-07 t=295s
seed1-v ep=1960 lr=1.0e-08 train=2.2344e-07 val=2.4496e-07 best=2.4496e-07 t=297s
seed1-v ep=1975 lr=1.0e-08 train=2.2344e-07 val=2.4496e-07 best=2.4495e-07 t=299s
seed1-v ep=2000 lr=1.0e-08 train=2.2344e-07 val=2.4494e-07 best=2.4494e-07 t=303s
seed1-v ep=2005 lr=1.0e-08 train=2.2344e-07 val=2.4494e-07 best=2.4494e-07 t=304s
seed1-v ep=2020 lr=1.0e-08 train=2.2343e-07 val=2.4493e-07 best=2.4493e-07 t=306s
seed1-v ep=2025 lr=1.0e-08 train=2.2343e-07 val=2.4493e-07 best=2.4493e-07 t=307s
seed1-v ep=2050 lr=1.0e-08 train=2.2342e-07 val=2.4492e-07 best=2.4492e-07 t=311s
seed1-v ep=2075 lr=1.0e-08 train=2.2342e-07 val=2.4493e-07 best=2.4492e-07 t=314s
seed1-v ep=2100 lr=1.0e-08 train=2.2341e-07 val=2.4492e-07 best=2.4491e-07 t=318s
seed1-v ep=2110 lr=1.0e-08 train=2.2341e-07 val=2.4490e-07 best=2.4490e-07 t=320s
seed1-v ep=2125 lr=1.0e-08 train=2.2340e-07 val=2.4491e-07 best=2.4490e-07 t=322s
seed1-v ep=2150 lr=1.0e-08 train=2.2340e-07 val=2.4492e-07 best=2.4490e-07 t=326s
seed1-v ep=2175 lr=1.0e-08 train=2.2339e-07 val=2.4490e-07 best=2.4489e-07 t=329s
seed1-v ep=2200 lr=1.0e-08 train=2.2338e-07 val=2.4490e-07 best=2.4489e-07 t=333s
seed1-v ep=2225 lr=1.0e-08 train=2.2338e-07 val=2.4489e-07 best=2.4488e-07 t=337s
seed1-v ep=2250 lr=1.0e-08 train=2.2337e-07 val=2.4489e-07 best=2.4487e-07 t=341s
seed1-v ep=2275 lr=1.0e-08 train=2.2337e-07 val=2.4488e-07 best=2.4486e-07 t=345s
seed1-v ep=2280 lr=1.0e-08 train=2.2336e-07 val=2.4486e-07 best=2.4486e-07 t=345s
seed1-v ep=2300 lr=1.0e-08 train=2.2336e-07 val=2.4486e-07 best=2.4486e-07 t=348s
seed1-v ep=2310 lr=1.0e-08 train=2.2335e-07 val=2.4485e-07 best=2.4485e-07 t=350s
seed1-v ep=2325 lr=1.0e-08 train=2.2335e-07 val=2.4486e-07 best=2.4485e-07 t=352s
seed1-v ep=2350 lr=1.0e-08 train=2.2335e-07 val=2.4484e-07 best=2.4484e-07 t=356s
seed1-v ep=2375 lr=1.0e-08 train=2.2334e-07 val=2.4485e-07 best=2.4483e-07 t=360s
seed1-v ep=2400 lr=1.0e-08 train=2.2333e-07 val=2.4485e-07 best=2.4483e-07 t=364s
seed1-v ep=2425 lr=1.0e-08 train=2.2333e-07 val=2.4483e-07 best=2.4482e-07 t=367s
seed1-v ep=2450 lr=1.0e-08 train=2.2332e-07 val=2.4481e-07 best=2.4481e-07 t=371s
seed1-v ep=2475 lr=1.0e-08 train=2.2331e-07 val=2.4482e-07 best=2.4480e-07 t=375s
seed1-v ep=2500 lr=1.0e-08 train=2.2331e-07 val=2.4482e-07 best=2.4479e-07 t=379s
seed1-v ep=2525 lr=1.0e-08 train=2.2331e-07 val=2.4482e-07 best=2.4479e-07 t=383s
seed1-v ep=2550 lr=1.0e-08 train=2.2329e-07 val=2.4479e-07 best=2.4479e-07 t=386s
seed1-v ep=2560 lr=1.0e-08 train=2.2329e-07 val=2.4478e-07 best=2.4478e-07 t=388s
seed1-v ep=2575 lr=1.0e-08 train=2.2329e-07 val=2.4478e-07 best=2.4478e-07 t=390s
seed1-v ep=2595 lr=1.0e-08 train=2.2329e-07 val=2.4478e-07 best=2.4478e-07 t=393s
seed1-v ep=2600 lr=1.0e-08 train=2.2329e-07 val=2.4479e-07 best=2.4478e-07 t=394s
seed1-v ep=2610 lr=1.0e-08 train=2.2328e-07 val=2.4477e-07 best=2.4477e-07 t=395s
seed1-v ep=2625 lr=1.0e-08 train=2.2328e-07 val=2.4479e-07 best=2.4477e-07 t=398s
seed1-v ep=2630 lr=1.0e-08 train=2.2328e-07 val=2.4477e-07 best=2.4477e-07 t=398s
seed1-v ep=2650 lr=1.0e-08 train=2.2327e-07 val=2.4477e-07 best=2.4476e-07 t=402s
seed1-v ep=2675 lr=1.0e-08 train=2.2326e-07 val=2.4475e-07 best=2.4475e-07 t=405s
seed1-v ep=2700 lr=1.0e-08 train=2.2326e-07 val=2.4475e-07 best=2.4475e-07 t=409s
seed1-v ep=2725 lr=1.0e-08 train=2.2325e-07 val=2.4475e-07 best=2.4474e-07 t=413s
seed1-v ep=2740 lr=1.0e-08 train=2.2325e-07 val=2.4474e-07 best=2.4474e-07 t=415s
seed1-v ep=2750 lr=1.0e-08 train=2.2325e-07 val=2.4473e-07 best=2.4473e-07 t=417s
seed1-v ep=2775 lr=1.0e-08 train=2.2324e-07 val=2.4473e-07 best=2.4472e-07 t=420s
seed1-v ep=2800 lr=1.0e-08 train=2.2323e-07 val=2.4473e-07 best=2.4472e-07 t=424s
seed1-v ep=2825 lr=1.0e-08 train=2.2323e-07 val=2.4473e-07 best=2.4471e-07 t=428s
seed1-v ep=2840 lr=1.0e-08 train=2.2323e-07 val=2.4470e-07 best=2.4470e-07 t=430s
seed1-v ep=2850 lr=1.0e-08 train=2.2322e-07 val=2.4472e-07 best=2.4470e-07 t=432s
seed1-v ep=2875 lr=1.0e-08 train=2.2322e-07 val=2.4471e-07 best=2.4470e-07 t=436s
seed1-v ep=2885 lr=1.0e-08 train=2.2321e-07 val=2.4470e-07 best=2.4470e-07 t=437s
seed1-v ep=2900 lr=1.0e-08 train=2.2321e-07 val=2.4471e-07 best=2.4468e-07 t=439s
seed1-v ep=2925 lr=1.0e-08 train=2.2320e-07 val=2.4470e-07 best=2.4468e-07 t=443s
seed1-v ep=2945 lr=1.0e-08 train=2.2320e-07 val=2.4468e-07 best=2.4468e-07 t=446s
seed1-v ep=2950 lr=1.0e-08 train=2.2320e-07 val=2.4469e-07 best=2.4468e-07 t=447s
seed1-v ep=2975 lr=1.0e-08 train=2.2319e-07 val=2.4469e-07 best=2.4468e-07 t=451s
seed1-v ep=3000 lr=1.0e-08 train=2.2319e-07 val=2.4467e-07 best=2.4467e-07 t=455s
seed1-v ep=3025 lr=1.0e-08 train=2.2318e-07 val=2.4467e-07 best=2.4466e-07 t=458s
seed1-v ep=3050 lr=1.0e-08 train=2.2317e-07 val=2.4466e-07 best=2.4466e-07 t=462s
seed1-v ep=3075 lr=1.0e-08 train=2.2316e-07 val=2.4466e-07 best=2.4465e-07 t=466s
seed1-v ep=3100 lr=1.0e-08 train=2.2316e-07 val=2.4465e-07 best=2.4464e-07 t=470s
seed1-v ep=3125 lr=1.0e-08 train=2.2315e-07 val=2.4463e-07 best=2.4463e-07 t=474s
seed1-v ep=3130 lr=1.0e-08 train=2.2315e-07 val=2.4463e-07 best=2.4463e-07 t=474s
seed1-v ep=3135 lr=1.0e-08 train=2.2315e-07 val=2.4462e-07 best=2.4462e-07 t=475s
seed1-v ep=3150 lr=1.0e-08 train=2.2315e-07 val=2.4464e-07 best=2.4462e-07 t=477s
seed1-v ep=3175 lr=1.0e-08 train=2.2314e-07 val=2.4463e-07 best=2.4461e-07 t=481s
seed1-v ep=3195 lr=1.0e-08 train=2.2313e-07 val=2.4461e-07 best=2.4461e-07 t=484s
seed1-v ep=3200 lr=1.0e-08 train=2.2313e-07 val=2.4463e-07 best=2.4461e-07 t=485s
seed1-v ep=3215 lr=1.0e-08 train=2.2313e-07 val=2.4461e-07 best=2.4461e-07 t=487s
seed1-v ep=3225 lr=1.0e-08 train=2.2312e-07 val=2.4462e-07 best=2.4461e-07 t=489s
seed1-v ep=3240 lr=1.0e-08 train=2.2312e-07 val=2.4461e-07 best=2.4461e-07 t=491s
seed1-v ep=3245 lr=1.0e-08 train=2.2312e-07 val=2.4460e-07 best=2.4460e-07 t=492s
seed1-v ep=3250 lr=1.0e-08 train=2.2312e-07 val=2.4460e-07 best=2.4460e-07 t=493s
seed1-v ep=3275 lr=1.0e-08 train=2.2311e-07 val=2.4459e-07 best=2.4459e-07 t=496s
seed1-v ep=3300 lr=1.0e-08 train=2.2311e-07 val=2.4459e-07 best=2.4458e-07 t=500s
seed1-v ep=3325 lr=1.0e-08 train=2.2310e-07 val=2.4459e-07 best=2.4458e-07 t=504s
seed1-v ep=3350 lr=1.0e-08 train=2.2310e-07 val=2.4458e-07 best=2.4457e-07 t=508s
seed1-v ep=3375 lr=1.0e-08 train=2.2309e-07 val=2.4457e-07 best=2.4456e-07 t=512s
seed1-v ep=3400 lr=1.0e-08 train=2.2308e-07 val=2.4457e-07 best=2.4456e-07 t=515s
seed1-v ep=3425 lr=1.0e-08 train=2.2308e-07 val=2.4458e-07 best=2.4456e-07 t=519s
seed1-v ep=3450 lr=1.0e-08 train=2.2307e-07 val=2.4456e-07 best=2.4455e-07 t=523s
seed1-v ep=3475 lr=1.0e-08 train=2.2306e-07 val=2.4456e-07 best=2.4454e-07 t=527s
seed1-v ep=3485 lr=1.0e-08 train=2.2306e-07 val=2.4454e-07 best=2.4454e-07 t=528s
seed1-v ep=3500 lr=1.0e-08 train=2.2306e-07 val=2.4456e-07 best=2.4454e-07 t=531s
seed1-v ep=3525 lr=1.0e-08 train=2.2305e-07 val=2.4453e-07 best=2.4453e-07 t=535s
seed1-v ep=3550 lr=1.0e-08 train=2.2305e-07 val=2.4454e-07 best=2.4452e-07 t=538s
seed1-v ep=3560 lr=1.0e-08 train=2.2305e-07 val=2.4452e-07 best=2.4452e-07 t=540s
seed1-v ep=3575 lr=1.0e-08 train=2.2305e-07 val=2.4454e-07 best=2.4452e-07 t=542s
seed1-v ep=3600 lr=1.0e-08 train=2.2304e-07 val=2.4451e-07 best=2.4451e-07 t=546s
seed1-v ep=3605 lr=1.0e-08 train=2.2304e-07 val=2.4451e-07 best=2.4451e-07 t=547s
seed1-v ep=3620 lr=1.0e-08 train=2.2303e-07 val=2.4451e-07 best=2.4451e-07 t=549s
seed1-v ep=3625 lr=1.0e-08 train=2.2303e-07 val=2.4452e-07 best=2.4451e-07 t=550s
seed1-v ep=3650 lr=1.0e-08 train=2.2302e-07 val=2.4450e-07 best=2.4450e-07 t=554s
seed1-v ep=3675 lr=1.0e-08 train=2.2302e-07 val=2.4450e-07 best=2.4449e-07 t=557s
seed1-v ep=3700 lr=1.0e-08 train=2.2300e-07 val=2.4450e-07 best=2.4449e-07 t=561s
seed1-v ep=3710 lr=1.0e-08 train=2.2301e-07 val=2.4448e-07 best=2.4448e-07 t=563s
seed1-v ep=3720 lr=1.0e-08 train=2.2301e-07 val=2.4448e-07 best=2.4448e-07 t=564s
seed1-v ep=3725 lr=1.0e-08 train=2.2301e-07 val=2.4449e-07 best=2.4448e-07 t=565s
seed1-v ep=3750 lr=1.0e-08 train=2.2300e-07 val=2.4447e-07 best=2.4446e-07 t=569s
seed1-v ep=3770 lr=1.0e-08 train=2.2299e-07 val=2.4446e-07 best=2.4446e-07 t=572s
seed1-v ep=3775 lr=1.0e-08 train=2.2299e-07 val=2.4447e-07 best=2.4446e-07 t=573s
seed1-v ep=3800 lr=1.0e-08 train=2.2298e-07 val=2.4445e-07 best=2.4445e-07 t=576s
seed1-v ep=3805 lr=1.0e-08 train=2.2298e-07 val=2.4445e-07 best=2.4445e-07 t=577s
seed1-v ep=3825 lr=1.0e-08 train=2.2298e-07 val=2.4445e-07 best=2.4444e-07 t=580s
seed1-v ep=3850 lr=1.0e-08 train=2.2298e-07 val=2.4443e-07 best=2.4443e-07 t=584s
seed1-v ep=3875 lr=1.0e-08 train=2.2297e-07 val=2.4444e-07 best=2.4443e-07 t=588s
seed1-v ep=3900 lr=1.0e-08 train=2.2296e-07 val=2.4443e-07 best=2.4443e-07 t=592s
seed1-v ep=3925 lr=1.0e-08 train=2.2296e-07 val=2.4443e-07 best=2.4442e-07 t=596s
seed1-v ep=3930 lr=1.0e-08 train=2.2295e-07 val=2.4442e-07 best=2.4442e-07 t=596s
seed1-v ep=3950 lr=1.0e-08 train=2.2295e-07 val=2.4442e-07 best=2.4441e-07 t=599s
seed1-v ep=3975 lr=1.0e-08 train=2.2294e-07 val=2.4443e-07 best=2.4441e-07 t=603s
seed1-v ep=4000 lr=1.0e-08 train=2.2293e-07 val=2.4442e-07 best=2.4440e-07 t=607s
seed1-v ep=4025 lr=1.0e-08 train=2.2293e-07 val=2.4442e-07 best=2.4440e-07 t=611s
seed1-v ep=4050 lr=1.0e-08 train=2.2292e-07 val=2.4440e-07 best=2.4439e-07 t=615s
seed1-v ep=4075 lr=1.0e-08 train=2.2292e-07 val=2.4439e-07 best=2.4438e-07 t=619s
seed1-v ep=4100 lr=1.0e-08 train=2.2291e-07 val=2.4439e-07 best=2.4438e-07 t=622s
seed1-v ep=4105 lr=1.0e-08 train=2.2291e-07 val=2.4438e-07 best=2.4438e-07 t=623s
seed1-v ep=4125 lr=1.0e-08 train=2.2290e-07 val=2.4437e-07 best=2.4437e-07 t=626s
seed1-v ep=4140 lr=1.0e-08 train=2.2290e-07 val=2.4436e-07 best=2.4436e-07 t=628s
seed1-v ep=4150 lr=1.0e-08 train=2.2290e-07 val=2.4436e-07 best=2.4435e-07 t=630s
seed1-v ep=4175 lr=1.0e-08 train=2.2289e-07 val=2.4437e-07 best=2.4435e-07 t=634s
seed1-v ep=4195 lr=1.0e-08 train=2.2289e-07 val=2.4435e-07 best=2.4435e-07 t=637s
seed1-v ep=4200 lr=1.0e-08 train=2.2289e-07 val=2.4436e-07 best=2.4435e-07 t=638s
seed1-v ep=4205 lr=1.0e-08 train=2.2289e-07 val=2.4434e-07 best=2.4434e-07 t=638s
seed1-v ep=4225 lr=1.0e-08 train=2.2288e-07 val=2.4436e-07 best=2.4434e-07 t=641s
seed1-v ep=4250 lr=1.0e-08 train=2.2287e-07 val=2.4435e-07 best=2.4434e-07 t=645s
seed1-v ep=4275 lr=1.0e-08 train=2.2288e-07 val=2.4433e-07 best=2.4433e-07 t=649s
seed1-v ep=4285 lr=1.0e-08 train=2.2286e-07 val=2.4432e-07 best=2.4432e-07 t=651s
seed1-v ep=4300 lr=1.0e-08 train=2.2286e-07 val=2.4432e-07 best=2.4432e-07 t=653s
seed1-v ep=4325 lr=1.0e-08 train=2.2286e-07 val=2.4433e-07 best=2.4431e-07 t=657s
seed1-v ep=4350 lr=1.0e-08 train=2.2285e-07 val=2.4430e-07 best=2.4430e-07 t=660s
seed1-v ep=4370 lr=1.0e-08 train=2.2284e-07 val=2.4430e-07 best=2.4430e-07 t=664s
seed1-v ep=4375 lr=1.0e-08 train=2.2284e-07 val=2.4431e-07 best=2.4430e-07 t=664s
seed1-v ep=4400 lr=1.0e-08 train=2.2284e-07 val=2.4430e-07 best=2.4430e-07 t=668s
seed1-v ep=4425 lr=1.0e-08 train=2.2283e-07 val=2.4431e-07 best=2.4429e-07 t=672s
seed1-v ep=4450 lr=1.0e-08 train=2.2282e-07 val=2.4429e-07 best=2.4429e-07 t=676s
seed1-v ep=4475 lr=1.0e-08 train=2.2282e-07 val=2.4428e-07 best=2.4428e-07 t=679s
seed1-v ep=4500 lr=1.0e-08 train=2.2281e-07 val=2.4427e-07 best=2.4426e-07 t=683s
seed1-v ep=4525 lr=1.0e-08 train=2.2281e-07 val=2.4427e-07 best=2.4426e-07 t=687s
seed1-v ep=4550 lr=1.0e-08 train=2.2280e-07 val=2.4426e-07 best=2.4425e-07 t=691s
seed1-v ep=4575 lr=1.0e-08 train=2.2279e-07 val=2.4425e-07 best=2.4425e-07 t=695s
seed1-v ep=4585 lr=1.0e-08 train=2.2279e-07 val=2.4425e-07 best=2.4425e-07 t=696s
seed1-v ep=4600 lr=1.0e-08 train=2.2279e-07 val=2.4425e-07 best=2.4425e-07 t=698s
seed1-v ep=4605 lr=1.0e-08 train=2.2279e-07 val=2.4424e-07 best=2.4424e-07 t=699s
seed1-v ep=4625 lr=1.0e-08 train=2.2278e-07 val=2.4424e-07 best=2.4423e-07 t=702s
seed1-v ep=4630 lr=1.0e-08 train=2.2278e-07 val=2.4423e-07 best=2.4423e-07 t=703s
seed1-v ep=4645 lr=1.0e-08 train=2.2278e-07 val=2.4422e-07 best=2.4422e-07 t=705s
seed1-v ep=4650 lr=1.0e-08 train=2.2278e-07 val=2.4423e-07 best=2.4422e-07 t=706s
seed1-v ep=4675 lr=1.0e-08 train=2.2277e-07 val=2.4424e-07 best=2.4422e-07 t=710s
seed1-v ep=4700 lr=1.0e-08 train=2.2276e-07 val=2.4423e-07 best=2.4422e-07 t=714s
seed1-v ep=4725 lr=1.0e-08 train=2.2276e-07 val=2.4422e-07 best=2.4422e-07 t=717s
seed1-v ep=4730 lr=1.0e-08 train=2.2275e-07 val=2.4421e-07 best=2.4421e-07 t=718s
seed1-v ep=4750 lr=1.0e-08 train=2.2275e-07 val=2.4421e-07 best=2.4421e-07 t=721s
seed1-v ep=4775 lr=1.0e-08 train=2.2274e-07 val=2.4420e-07 best=2.4420e-07 t=725s
seed1-v ep=4800 lr=1.0e-08 train=2.2274e-07 val=2.4421e-07 best=2.4419e-07 t=729s
seed1-v ep=4825 lr=1.0e-08 train=2.2274e-07 val=2.4419e-07 best=2.4418e-07 t=733s
seed1-v ep=4850 lr=1.0e-08 train=2.2273e-07 val=2.4419e-07 best=2.4418e-07 t=736s
seed1-v ep=4875 lr=1.0e-08 train=2.2272e-07 val=2.4417e-07 best=2.4417e-07 t=740s
seed1-v ep=4900 lr=1.0e-08 train=2.2271e-07 val=2.4417e-07 best=2.4417e-07 t=744s
seed1-v ep=4925 lr=1.0e-08 train=2.2272e-07 val=2.4418e-07 best=2.4416e-07 t=748s
seed1-v ep=4950 lr=1.0e-08 train=2.2270e-07 val=2.4417e-07 best=2.4415e-07 t=752s
seed1-v ep=4960 lr=1.0e-08 train=2.2270e-07 val=2.4415e-07 best=2.4415e-07 t=753s
seed1-v ep=4975 lr=1.0e-08 train=2.2270e-07 val=2.4415e-07 best=2.4414e-07 t=755s
seed1-v ep=4990 lr=1.0e-08 train=2.2269e-07 val=2.4414e-07 best=2.4414e-07 t=758s
seed1-v ep=5000 lr=1.0e-08 train=2.2269e-07 val=2.4415e-07 best=2.4414e-07 t=759s
seed1-v ep=5025 lr=1.0e-08 train=2.2269e-07 val=2.4415e-07 best=2.4413e-07 t=763s
seed1-v ep=5050 lr=1.0e-08 train=2.2268e-07 val=2.4413e-07 best=2.4413e-07 t=767s
seed1-v ep=5075 lr=1.0e-08 train=2.2267e-07 val=2.4413e-07 best=2.4412e-07 t=771s
seed1-v ep=5100 lr=1.0e-08 train=2.2267e-07 val=2.4412e-07 best=2.4412e-07 t=775s
seed1-v ep=5110 lr=1.0e-08 train=2.2266e-07 val=2.4411e-07 best=2.4411e-07 t=776s
seed1-v ep=5115 lr=1.0e-08 train=2.2267e-07 val=2.4411e-07 best=2.4411e-07 t=777s
seed1-v ep=5125 lr=1.0e-08 train=2.2266e-07 val=2.4411e-07 best=2.4411e-07 t=778s
seed1-v ep=5130 lr=1.0e-08 train=2.2266e-07 val=2.4411e-07 best=2.4411e-07 t=779s
seed1-v ep=5150 lr=1.0e-08 train=2.2265e-07 val=2.4410e-07 best=2.4410e-07 t=782s
seed1-v ep=5175 lr=1.0e-08 train=2.2264e-07 val=2.4410e-07 best=2.4410e-07 t=786s
seed1-v ep=5195 lr=1.0e-08 train=2.2264e-07 val=2.4409e-07 best=2.4409e-07 t=789s
seed1-v ep=5200 lr=1.0e-08 train=2.2264e-07 val=2.4410e-07 best=2.4409e-07 t=790s
seed1-v ep=5220 lr=1.0e-08 train=2.2263e-07 val=2.4409e-07 best=2.4409e-07 t=793s
seed1-v ep=5225 lr=1.0e-08 train=2.2264e-07 val=2.4409e-07 best=2.4409e-07 t=794s
seed1-v ep=5250 lr=1.0e-08 train=2.2263e-07 val=2.4408e-07 best=2.4406e-07 t=797s
seed1-v ep=5275 lr=1.0e-08 train=2.2262e-07 val=2.4407e-07 best=2.4406e-07 t=801s
seed1-v ep=5285 lr=1.0e-08 train=2.2262e-07 val=2.4406e-07 best=2.4406e-07 t=803s
seed1-v ep=5300 lr=1.0e-08 train=2.2261e-07 val=2.4407e-07 best=2.4406e-07 t=805s
seed1-v ep=5305 lr=1.0e-08 train=2.2261e-07 val=2.4405e-07 best=2.4405e-07 t=806s
seed1-v ep=5325 lr=1.0e-08 train=2.2261e-07 val=2.4405e-07 best=2.4405e-07 t=809s
seed1-v ep=5350 lr=1.0e-08 train=2.2260e-07 val=2.4406e-07 best=2.4404e-07 t=813s
seed1-v ep=5370 lr=1.0e-08 train=2.2260e-07 val=2.4404e-07 best=2.4404e-07 t=816s
seed1-v ep=5375 lr=1.0e-08 train=2.2260e-07 val=2.4404e-07 best=2.4404e-07 t=816s
seed1-v ep=5390 lr=1.0e-08 train=2.2259e-07 val=2.4403e-07 best=2.4403e-07 t=819s
seed1-v ep=5400 lr=1.0e-08 train=2.2259e-07 val=2.4404e-07 best=2.4403e-07 t=820s
seed1-v ep=5405 lr=1.0e-08 train=2.2259e-07 val=2.4402e-07 best=2.4402e-07 t=821s
seed1-v ep=5425 lr=1.0e-08 train=2.2260e-07 val=2.4404e-07 best=2.4402e-07 t=824s
seed1-v ep=5445 lr=1.0e-08 train=2.2258e-07 val=2.4402e-07 best=2.4402e-07 t=827s
seed1-v ep=5450 lr=1.0e-08 train=2.2258e-07 val=2.4402e-07 best=2.4401e-07 t=828s
seed1-v ep=5475 lr=1.0e-08 train=2.2257e-07 val=2.4402e-07 best=2.4401e-07 t=831s
seed1-v ep=5500 lr=1.0e-08 train=2.2257e-07 val=2.4401e-07 best=2.4400e-07 t=835s
seed1-v ep=5525 lr=1.0e-08 train=2.2256e-07 val=2.4401e-07 best=2.4399e-07 t=839s
seed1-v ep=5550 lr=1.0e-08 train=2.2255e-07 val=2.4400e-07 best=2.4399e-07 t=843s
seed1-v ep=5565 lr=1.0e-08 train=2.2255e-07 val=2.4399e-07 best=2.4399e-07 t=845s
seed1-v ep=5575 lr=1.0e-08 train=2.2255e-07 val=2.4398e-07 best=2.4398e-07 t=847s
seed1-v ep=5600 lr=1.0e-08 train=2.2254e-07 val=2.4399e-07 best=2.4398e-07 t=850s
seed1-v ep=5620 lr=1.0e-08 train=2.2254e-07 val=2.4397e-07 best=2.4397e-07 t=853s
seed1-v ep=5625 lr=1.0e-08 train=2.2254e-07 val=2.4399e-07 best=2.4397e-07 t=854s
seed1-v ep=5650 lr=1.0e-08 train=2.2253e-07 val=2.4397e-07 best=2.4396e-07 t=858s
seed1-v ep=5675 lr=1.0e-08 train=2.2253e-07 val=2.4395e-07 best=2.4395e-07 t=862s
seed1-v ep=5700 lr=1.0e-08 train=2.2252e-07 val=2.4395e-07 best=2.4394e-07 t=866s
seed1-v ep=5705 lr=1.0e-08 train=2.2252e-07 val=2.4394e-07 best=2.4394e-07 t=866s
seed1-v ep=5725 lr=1.0e-08 train=2.2251e-07 val=2.4394e-07 best=2.4394e-07 t=869s
seed1-v ep=5750 lr=1.0e-08 train=2.2251e-07 val=2.4394e-07 best=2.4394e-07 t=873s
seed1-v ep=5775 lr=1.0e-08 train=2.2250e-07 val=2.4395e-07 best=2.4393e-07 t=877s
seed1-v ep=5785 lr=1.0e-08 train=2.2250e-07 val=2.4393e-07 best=2.4393e-07 t=878s
seed1-v ep=5800 lr=1.0e-08 train=2.2249e-07 val=2.4394e-07 best=2.4392e-07 t=881s
seed1-v ep=5825 lr=1.0e-08 train=2.2249e-07 val=2.4393e-07 best=2.4392e-07 t=885s
seed1-v ep=5850 lr=1.0e-08 train=2.2248e-07 val=2.4392e-07 best=2.4392e-07 t=888s
seed1-v ep=5875 lr=1.0e-08 train=2.2248e-07 val=2.4392e-07 best=2.4391e-07 t=892s
seed1-v ep=5900 lr=1.0e-08 train=2.2247e-07 val=2.4390e-07 best=2.4390e-07 t=896s
seed1-v ep=5925 lr=1.0e-08 train=2.2246e-07 val=2.4390e-07 best=2.4389e-07 t=900s
seed1-v ep=5950 lr=1.0e-08 train=2.2246e-07 val=2.4389e-07 best=2.4388e-07 t=904s
seed1-v ep=5975 lr=1.0e-08 train=2.2245e-07 val=2.4388e-07 best=2.4388e-07 t=907s
seed1-v ep=5980 lr=1.0e-08 train=2.2245e-07 val=2.4388e-07 best=2.4388e-07 t=908s
seed1-v ep=6000 lr=1.0e-08 train=2.2244e-07 val=2.4388e-07 best=2.4387e-07 t=911s
seed1-v ep=6005 lr=1.0e-08 train=2.2244e-07 val=2.4387e-07 best=2.4387e-07 t=912s
seed1-v ep=6025 lr=1.0e-08 train=2.2244e-07 val=2.4389e-07 best=2.4387e-07 t=915s
seed1-v ep=6050 lr=1.0e-08 train=2.2243e-07 val=2.4389e-07 best=2.4387e-07 t=919s
seed1-v ep=6075 lr=1.0e-08 train=2.2244e-07 val=2.4388e-07 best=2.4386e-07 t=923s
seed1-v ep=6100 lr=1.0e-08 train=2.2242e-07 val=2.4387e-07 best=2.4385e-07 t=926s
seed1-v ep=6125 lr=1.0e-08 train=2.2242e-07 val=2.4385e-07 best=2.4384e-07 t=930s
seed1-v ep=6135 lr=1.0e-08 train=2.2242e-07 val=2.4383e-07 best=2.4383e-07 t=932s
seed1-v ep=6150 lr=1.0e-08 train=2.2241e-07 val=2.4384e-07 best=2.4383e-07 t=934s
seed1-v ep=6175 lr=1.0e-08 train=2.2241e-07 val=2.4383e-07 best=2.4383e-07 t=938s
seed1-v ep=6190 lr=1.0e-08 train=2.2240e-07 val=2.4382e-07 best=2.4382e-07 t=940s
seed1-v ep=6200 lr=1.0e-08 train=2.2240e-07 val=2.4383e-07 best=2.4382e-07 t=942s
seed1-v ep=6225 lr=1.0e-08 train=2.2239e-07 val=2.4382e-07 best=2.4381e-07 t=946s
seed1-v ep=6245 lr=1.0e-08 train=2.2239e-07 val=2.4381e-07 best=2.4381e-07 t=949s
seed1-v ep=6250 lr=1.0e-08 train=2.2239e-07 val=2.4381e-07 best=2.4381e-07 t=949s
seed1-v ep=6260 lr=1.0e-08 train=2.2238e-07 val=2.4380e-07 best=2.4380e-07 t=951s
seed1-v ep=6275 lr=1.0e-08 train=2.2238e-07 val=2.4381e-07 best=2.4380e-07 t=953s
seed1-v ep=6300 lr=1.0e-08 train=2.2238e-07 val=2.4380e-07 best=2.4380e-07 t=957s
seed1-v ep=6305 lr=1.0e-08 train=2.2237e-07 val=2.4379e-07 best=2.4379e-07 t=958s
seed1-v ep=6325 lr=1.0e-08 train=2.2237e-07 val=2.4379e-07 best=2.4379e-07 t=961s
seed1-v ep=6350 lr=1.0e-08 train=2.2236e-07 val=2.4379e-07 best=2.4379e-07 t=965s
seed1-v ep=6360 lr=1.0e-08 train=2.2236e-07 val=2.4378e-07 best=2.4378e-07 t=966s
seed1-v ep=6375 lr=1.0e-08 train=2.2236e-07 val=2.4378e-07 best=2.4378e-07 t=968s
seed1-v ep=6400 lr=1.0e-08 train=2.2235e-07 val=2.4378e-07 best=2.4378e-07 t=972s
seed1-v ep=6405 lr=1.0e-08 train=2.2235e-07 val=2.4377e-07 best=2.4377e-07 t=973s
seed1-v ep=6420 lr=1.0e-08 train=2.2234e-07 val=2.4376e-07 best=2.4376e-07 t=975s
seed1-v ep=6425 lr=1.0e-08 train=2.2234e-07 val=2.4376e-07 best=2.4376e-07 t=976s
seed1-v ep=6450 lr=1.0e-08 train=2.2234e-07 val=2.4378e-07 best=2.4376e-07 t=980s
seed1-v ep=6475 lr=1.0e-08 train=2.2233e-07 val=2.4376e-07 best=2.4375e-07 t=984s
seed1-v ep=6500 lr=1.0e-08 train=2.2233e-07 val=2.4376e-07 best=2.4375e-07 t=988s
seed1-v ep=6525 lr=1.0e-08 train=2.2232e-07 val=2.4376e-07 best=2.4374e-07 t=991s
seed1-v ep=6545 lr=1.0e-08 train=2.2232e-07 val=2.4373e-07 best=2.4373e-07 t=994s
seed1-v ep=6550 lr=1.0e-08 train=2.2232e-07 val=2.4374e-07 best=2.4373e-07 t=995s
seed1-v ep=6555 lr=1.0e-08 train=2.2232e-07 val=2.4373e-07 best=2.4373e-07 t=996s
seed1-v ep=6565 lr=1.0e-08 train=2.2231e-07 val=2.4373e-07 best=2.4373e-07 t=997s
seed1-v ep=6575 lr=1.0e-08 train=2.2231e-07 val=2.4372e-07 best=2.4372e-07 t=999s
seed1-v ep=6585 lr=1.0e-08 train=2.2230e-07 val=2.4372e-07 best=2.4372e-07 t=1000s
seed1-v ep=6600 lr=1.0e-08 train=2.2230e-07 val=2.4373e-07 best=2.4372e-07 t=1003s
seed1-v ep=6610 lr=1.0e-08 train=2.2230e-07 val=2.4372e-07 best=2.4372e-07 t=1004s
seed1-v ep=6625 lr=1.0e-08 train=2.2230e-07 val=2.4372e-07 best=2.4371e-07 t=1007s
seed1-v ep=6650 lr=1.0e-08 train=2.2229e-07 val=2.4371e-07 best=2.4371e-07 t=1010s
seed1-v ep=6670 lr=1.0e-08 train=2.2229e-07 val=2.4370e-07 best=2.4370e-07 t=1013s
seed1-v ep=6675 lr=1.0e-08 train=2.2228e-07 val=2.4371e-07 best=2.4370e-07 t=1014s
seed1-v ep=6700 lr=1.0e-08 train=2.2228e-07 val=2.4371e-07 best=2.4369e-07 t=1018s
seed1-v ep=6725 lr=1.0e-08 train=2.2228e-07 val=2.4370e-07 best=2.4369e-07 t=1022s
seed1-v ep=6735 lr=1.0e-08 train=2.2227e-07 val=2.4368e-07 best=2.4368e-07 t=1023s
seed1-v ep=6750 lr=1.0e-08 train=2.2227e-07 val=2.4368e-07 best=2.4368e-07 t=1026s
seed1-v ep=6765 lr=1.0e-08 train=2.2226e-07 val=2.4368e-07 best=2.4368e-07 t=1028s
seed1-v ep=6770 lr=1.0e-08 train=2.2226e-07 val=2.4367e-07 best=2.4367e-07 t=1029s
seed1-v ep=6775 lr=1.0e-08 train=2.2226e-07 val=2.4369e-07 best=2.4367e-07 t=1029s
seed1-v ep=6800 lr=1.0e-08 train=2.2225e-07 val=2.4368e-07 best=2.4366e-07 t=1033s
seed1-v ep=6825 lr=1.0e-08 train=2.2225e-07 val=2.4366e-07 best=2.4365e-07 t=1037s
seed1-v ep=6850 lr=1.0e-08 train=2.2224e-07 val=2.4364e-07 best=2.4364e-07 t=1041s
seed1-v ep=6875 lr=1.0e-08 train=2.2223e-07 val=2.4366e-07 best=2.4364e-07 t=1045s
seed1-v ep=6900 lr=1.0e-08 train=2.2223e-07 val=2.4364e-07 best=2.4364e-07 t=1048s
seed1-v ep=6925 lr=1.0e-08 train=2.2224e-07 val=2.4363e-07 best=2.4363e-07 t=1052s
seed1-v ep=6935 lr=1.0e-08 train=2.2222e-07 val=2.4363e-07 best=2.4363e-07 t=1054s
seed1-v ep=6950 lr=1.0e-08 train=2.2221e-07 val=2.4364e-07 best=2.4362e-07 t=1056s
seed1-v ep=6975 lr=1.0e-08 train=2.2222e-07 val=2.4363e-07 best=2.4362e-07 t=1060s
seed1-v ep=7000 lr=1.0e-08 train=2.2221e-07 val=2.4363e-07 best=2.4362e-07 t=1064s
seed1-v ep=7025 lr=1.0e-08 train=2.2220e-07 val=2.4361e-07 best=2.4361e-07 t=1067s
seed1-v ep=7050 lr=1.0e-08 train=2.2219e-07 val=2.4362e-07 best=2.4360e-07 t=1071s
seed1-v ep=7075 lr=1.0e-08 train=2.2219e-07 val=2.4360e-07 best=2.4359e-07 t=1075s
seed1-v ep=7100 lr=1.0e-08 train=2.2219e-07 val=2.4359e-07 best=2.4358e-07 t=1079s
seed1-v ep=7125 lr=1.0e-08 train=2.2218e-07 val=2.4358e-07 best=2.4358e-07 t=1082s
seed1-v ep=7150 lr=1.0e-08 train=2.2217e-07 val=2.4358e-07 best=2.4358e-07 t=1086s
seed1-v ep=7175 lr=1.0e-08 train=2.2217e-07 val=2.4358e-07 best=2.4356e-07 t=1090s
seed1-v ep=7200 lr=1.0e-08 train=2.2216e-07 val=2.4357e-07 best=2.4356e-07 t=1094s
seed1-v ep=7225 lr=1.0e-08 train=2.2215e-07 val=2.4356e-07 best=2.4356e-07 t=1098s
seed1-v ep=7250 lr=1.0e-08 train=2.2214e-07 val=2.4356e-07 best=2.4355e-07 t=1101s
seed1-v ep=7275 lr=1.0e-08 train=2.2213e-07 val=2.4354e-07 best=2.4354e-07 t=1105s
seed1-v ep=7290 lr=1.0e-08 train=2.2213e-07 val=2.4354e-07 best=2.4354e-07 t=1107s
seed1-v ep=7300 lr=1.0e-08 train=2.2214e-07 val=2.4354e-07 best=2.4354e-07 t=1109s
seed1-v ep=7310 lr=1.0e-08 train=2.2214e-07 val=2.4352e-07 best=2.4352e-07 t=1111s
seed1-v ep=7325 lr=1.0e-08 train=2.2213e-07 val=2.4354e-07 best=2.4352e-07 t=1113s
seed1-v ep=7350 lr=1.0e-08 train=2.2212e-07 val=2.4353e-07 best=2.4352e-07 t=1117s
seed1-v ep=7360 lr=1.0e-08 train=2.2212e-07 val=2.4351e-07 best=2.4351e-07 t=1118s
seed1-v ep=7375 lr=1.0e-08 train=2.2212e-07 val=2.4352e-07 best=2.4351e-07 t=1120s
seed1-v ep=7400 lr=1.0e-08 train=2.2211e-07 val=2.4352e-07 best=2.4351e-07 t=1124s
seed1-v ep=7420 lr=1.0e-08 train=2.2210e-07 val=2.4350e-07 best=2.4350e-07 t=1127s
seed1-v ep=7425 lr=1.0e-08 train=2.2210e-07 val=2.4351e-07 best=2.4350e-07 t=1128s
seed1-v ep=7450 lr=1.0e-08 train=2.2210e-07 val=2.4350e-07 best=2.4350e-07 t=1132s
seed1-v ep=7475 lr=1.0e-08 train=2.2209e-07 val=2.4350e-07 best=2.4349e-07 t=1136s
seed1-v ep=7500 lr=1.0e-08 train=2.2208e-07 val=2.4349e-07 best=2.4348e-07 t=1139s
seed1-v ep=7515 lr=1.0e-08 train=2.2209e-07 val=2.4348e-07 best=2.4348e-07 t=1142s
seed1-v ep=7525 lr=1.0e-08 train=2.2208e-07 val=2.4349e-07 best=2.4348e-07 t=1143s
seed1-v ep=7550 lr=1.0e-08 train=2.2208e-07 val=2.4349e-07 best=2.4348e-07 t=1147s
seed1-v ep=7575 lr=1.0e-08 train=2.2207e-07 val=2.4348e-07 best=2.4347e-07 t=1151s
seed1-v ep=7580 lr=1.0e-08 train=2.2207e-07 val=2.4347e-07 best=2.4347e-07 t=1151s
seed1-v ep=7590 lr=1.0e-08 train=2.2206e-07 val=2.4346e-07 best=2.4346e-07 t=1153s
seed1-v ep=7600 lr=1.0e-08 train=2.2206e-07 val=2.4348e-07 best=2.4346e-07 t=1154s
seed1-v ep=7625 lr=1.0e-08 train=2.2206e-07 val=2.4347e-07 best=2.4346e-07 t=1158s
seed1-v ep=7635 lr=1.0e-08 train=2.2205e-07 val=2.4346e-07 best=2.4346e-07 t=1160s
seed1-v ep=7645 lr=1.0e-08 train=2.2205e-07 val=2.4345e-07 best=2.4345e-07 t=1161s
seed1-v ep=7650 lr=1.0e-08 train=2.2205e-07 val=2.4345e-07 best=2.4345e-07 t=1162s
seed1-v ep=7655 lr=1.0e-08 train=2.2205e-07 val=2.4345e-07 best=2.4345e-07 t=1163s
seed1-v ep=7675 lr=1.0e-08 train=2.2204e-07 val=2.4345e-07 best=2.4344e-07 t=1166s
seed1-v ep=7700 lr=1.0e-08 train=2.2204e-07 val=2.4345e-07 best=2.4343e-07 t=1170s
seed1-v ep=7720 lr=1.0e-08 train=2.2203e-07 val=2.4342e-07 best=2.4342e-07 t=1173s
seed1-v ep=7725 lr=1.0e-08 train=2.2204e-07 val=2.4344e-07 best=2.4342e-07 t=1173s
seed1-v ep=7750 lr=1.0e-08 train=2.2202e-07 val=2.4344e-07 best=2.4342e-07 t=1177s
seed1-v ep=7775 lr=1.0e-08 train=2.2202e-07 val=2.4341e-07 best=2.4341e-07 t=1181s
seed1-v ep=7790 lr=1.0e-08 train=2.2202e-07 val=2.4341e-07 best=2.4341e-07 t=1183s
seed1-v ep=7795 lr=1.0e-08 train=2.2201e-07 val=2.4341e-07 best=2.4341e-07 t=1184s
seed1-v ep=7800 lr=1.0e-08 train=2.2201e-07 val=2.4341e-07 best=2.4341e-07 t=1185s
seed1-v ep=7825 lr=1.0e-08 train=2.2201e-07 val=2.4342e-07 best=2.4340e-07 t=1189s
seed1-v ep=7830 lr=1.0e-08 train=2.2201e-07 val=2.4340e-07 best=2.4340e-07 t=1189s
seed1-v ep=7850 lr=1.0e-08 train=2.2200e-07 val=2.4341e-07 best=2.4340e-07 t=1192s
seed1-v ep=7875 lr=1.0e-08 train=2.2200e-07 val=2.4338e-07 best=2.4338e-07 t=1196s
seed1-v ep=7895 lr=1.0e-08 train=2.2200e-07 val=2.4337e-07 best=2.4337e-07 t=1199s
seed1-v ep=7900 lr=1.0e-08 train=2.2199e-07 val=2.4338e-07 best=2.4337e-07 t=1200s
seed1-v ep=7925 lr=1.0e-08 train=2.2198e-07 val=2.4338e-07 best=2.4337e-07 t=1204s
seed1-v ep=7940 lr=1.0e-08 train=2.2198e-07 val=2.4337e-07 best=2.4337e-07 t=1206s
seed1-v ep=7950 lr=1.0e-08 train=2.2198e-07 val=2.4338e-07 best=2.4337e-07 t=1208s
seed1-v ep=7975 lr=1.0e-08 train=2.2197e-07 val=2.4337e-07 best=2.4336e-07 t=1211s
seed1-v ep=8000 lr=1.0e-08 train=2.2197e-07 val=2.4335e-07 best=2.4335e-07 t=1215s
seed1-v ep=8025 lr=1.0e-08 train=2.2196e-07 val=2.4336e-07 best=2.4335e-07 t=1219s
seed1-v ep=8050 lr=1.0e-08 train=2.2196e-07 val=2.4336e-07 best=2.4335e-07 t=1223s
seed1-v ep=8075 lr=1.0e-08 train=2.2195e-07 val=2.4336e-07 best=2.4334e-07 t=1227s
seed1-v ep=8090 lr=1.0e-08 train=2.2194e-07 val=2.4334e-07 best=2.4334e-07 t=1229s
seed1-v ep=8100 lr=1.0e-08 train=2.2194e-07 val=2.4334e-07 best=2.4333e-07 t=1230s
seed1-v ep=8125 lr=1.0e-08 train=2.2194e-07 val=2.4333e-07 best=2.4333e-07 t=1234s
seed1-v ep=8150 lr=1.0e-08 train=2.2193e-07 val=2.4334e-07 best=2.4332e-07 t=1238s
seed1-v ep=8160 lr=1.0e-08 train=2.2193e-07 val=2.4332e-07 best=2.4332e-07 t=1240s
seed1-v ep=8175 lr=1.0e-08 train=2.2192e-07 val=2.4332e-07 best=2.4332e-07 t=1242s
seed1-v ep=8180 lr=1.0e-08 train=2.2192e-07 val=2.4331e-07 best=2.4331e-07 t=1243s
seed1-v ep=8200 lr=1.0e-08 train=2.2193e-07 val=2.4332e-07 best=2.4330e-07 t=1246s
seed1-v ep=8225 lr=1.0e-08 train=2.2191e-07 val=2.4330e-07 best=2.4330e-07 t=1250s
seed1-v ep=8250 lr=1.0e-08 train=2.2192e-07 val=2.4331e-07 best=2.4329e-07 t=1253s
seed1-v ep=8270 lr=1.0e-08 train=2.2191e-07 val=2.4329e-07 best=2.4329e-07 t=1256s
seed1-v ep=8275 lr=1.0e-08 train=2.2190e-07 val=2.4330e-07 best=2.4329e-07 t=1257s
seed1-v ep=8300 lr=1.0e-08 train=2.2189e-07 val=2.4328e-07 best=2.4328e-07 t=1261s
seed1-v ep=8310 lr=1.0e-08 train=2.2189e-07 val=2.4328e-07 best=2.4328e-07 t=1262s
seed1-v ep=8325 lr=1.0e-08 train=2.2189e-07 val=2.4328e-07 best=2.4327e-07 t=1265s
seed1-v ep=8350 lr=1.0e-08 train=2.2188e-07 val=2.4326e-07 best=2.4326e-07 t=1269s
seed1-v ep=8375 lr=1.0e-08 train=2.2187e-07 val=2.4327e-07 best=2.4326e-07 t=1272s
seed1-v ep=8400 lr=1.0e-08 train=2.2187e-07 val=2.4326e-07 best=2.4325e-07 t=1276s
seed1-v ep=8410 lr=1.0e-08 train=2.2187e-07 val=2.4325e-07 best=2.4325e-07 t=1278s
seed1-v ep=8425 lr=1.0e-08 train=2.2187e-07 val=2.4324e-07 best=2.4324e-07 t=1280s
seed1-v ep=8450 lr=1.0e-08 train=2.2186e-07 val=2.4326e-07 best=2.4323e-07 t=1284s
seed1-v ep=8475 lr=1.0e-08 train=2.2185e-07 val=2.4324e-07 best=2.4323e-07 t=1288s
seed1-v ep=8500 lr=1.0e-08 train=2.2185e-07 val=2.4324e-07 best=2.4322e-07 t=1291s
seed1-v ep=8525 lr=1.0e-08 train=2.2184e-07 val=2.4323e-07 best=2.4322e-07 t=1295s
seed1-v ep=8550 lr=1.0e-08 train=2.2183e-07 val=2.4323e-07 best=2.4321e-07 t=1299s
seed1-v ep=8575 lr=1.0e-08 train=2.2184e-07 val=2.4320e-07 best=2.4320e-07 t=1303s
seed1-v ep=8600 lr=1.0e-08 train=2.2182e-07 val=2.4320e-07 best=2.4319e-07 t=1307s
seed1-v ep=8625 lr=1.0e-08 train=2.2182e-07 val=2.4321e-07 best=2.4319e-07 t=1310s
seed1-v ep=8650 lr=1.0e-08 train=2.2181e-07 val=2.4319e-07 best=2.4318e-07 t=1314s
seed1-v ep=8675 lr=1.0e-08 train=2.2180e-07 val=2.4319e-07 best=2.4318e-07 t=1318s
seed1-v ep=8700 lr=1.0e-08 train=2.2180e-07 val=2.4317e-07 best=2.4317e-07 t=1322s
seed1-v ep=8710 lr=1.0e-08 train=2.2181e-07 val=2.4317e-07 best=2.4317e-07 t=1323s
seed1-v ep=8725 lr=1.0e-08 train=2.2180e-07 val=2.4319e-07 best=2.4317e-07 t=1326s
seed1-v ep=8750 lr=1.0e-08 train=2.2179e-07 val=2.4317e-07 best=2.4317e-07 t=1330s
seed1-v ep=8775 lr=1.0e-08 train=2.2178e-07 val=2.4317e-07 best=2.4316e-07 t=1333s
seed1-v ep=8800 lr=1.0e-08 train=2.2178e-07 val=2.4317e-07 best=2.4315e-07 t=1337s
seed1-v ep=8825 lr=1.0e-08 train=2.2177e-07 val=2.4316e-07 best=2.4315e-07 t=1341s
seed1-v ep=8835 lr=1.0e-08 train=2.2176e-07 val=2.4314e-07 best=2.4314e-07 t=1343s
seed1-v ep=8850 lr=1.0e-08 train=2.2176e-07 val=2.4314e-07 best=2.4314e-07 t=1345s
seed1-v ep=8875 lr=1.0e-08 train=2.2176e-07 val=2.4314e-07 best=2.4313e-07 t=1349s
seed1-v ep=8900 lr=1.0e-08 train=2.2175e-07 val=2.4313e-07 best=2.4313e-07 t=1352s
seed1-v ep=8925 lr=1.0e-08 train=2.2174e-07 val=2.4314e-07 best=2.4312e-07 t=1356s
seed1-v ep=8940 lr=1.0e-08 train=2.2174e-07 val=2.4311e-07 best=2.4311e-07 t=1359s
seed1-v ep=8950 lr=1.0e-08 train=2.2174e-07 val=2.4312e-07 best=2.4311e-07 t=1360s
seed1-v ep=8975 lr=1.0e-08 train=2.2174e-07 val=2.4312e-07 best=2.4311e-07 t=1364s
seed1-v ep=8995 lr=1.0e-08 train=2.2173e-07 val=2.4309e-07 best=2.4309e-07 t=1367s
seed1-v ep=9000 lr=1.0e-08 train=2.2173e-07 val=2.4310e-07 best=2.4309e-07 t=1368s
seed1-v ep=9025 lr=1.0e-08 train=2.2172e-07 val=2.4310e-07 best=2.4309e-07 t=1371s
seed1-v ep=9050 lr=1.0e-08 train=2.2171e-07 val=2.4309e-07 best=2.4308e-07 t=1375s
seed1-v ep=9075 lr=1.0e-08 train=2.2171e-07 val=2.4309e-07 best=2.4308e-07 t=1379s
seed1-v ep=9085 lr=1.0e-08 train=2.2170e-07 val=2.4307e-07 best=2.4307e-07 t=1381s
seed1-v ep=9095 lr=1.0e-08 train=2.2170e-07 val=2.4307e-07 best=2.4307e-07 t=1382s
seed1-v ep=9100 lr=1.0e-08 train=2.2170e-07 val=2.4307e-07 best=2.4307e-07 t=1383s
seed1-v ep=9125 lr=1.0e-08 train=2.2170e-07 val=2.4308e-07 best=2.4306e-07 t=1387s
seed1-v ep=9135 lr=1.0e-08 train=2.2170e-07 val=2.4305e-07 best=2.4305e-07 t=1388s
seed1-v ep=9145 lr=1.0e-08 train=2.2169e-07 val=2.4305e-07 best=2.4305e-07 t=1390s
seed1-v ep=9150 lr=1.0e-08 train=2.2169e-07 val=2.4306e-07 best=2.4305e-07 t=1391s
seed1-v ep=9175 lr=1.0e-08 train=2.2169e-07 val=2.4306e-07 best=2.4304e-07 t=1394s
seed1-v ep=9200 lr=1.0e-08 train=2.2168e-07 val=2.4304e-07 best=2.4304e-07 t=1398s
seed1-v ep=9225 lr=1.0e-08 train=2.2167e-07 val=2.4305e-07 best=2.4303e-07 t=1402s
seed1-v ep=9250 lr=1.0e-08 train=2.2167e-07 val=2.4305e-07 best=2.4303e-07 t=1406s
seed1-v ep=9270 lr=1.0e-08 train=2.2166e-07 val=2.4302e-07 best=2.4302e-07 t=1409s
seed1-v ep=9275 lr=1.0e-08 train=2.2168e-07 val=2.4302e-07 best=2.4302e-07 t=1410s
seed1-v ep=9300 lr=1.0e-08 train=2.2166e-07 val=2.4302e-07 best=2.4301e-07 t=1413s
seed1-v ep=9325 lr=1.0e-08 train=2.2166e-07 val=2.4302e-07 best=2.4301e-07 t=1417s
seed1-v ep=9350 lr=1.0e-08 train=2.2164e-07 val=2.4302e-07 best=2.4301e-07 t=1421s
seed1-v ep=9375 lr=1.0e-08 train=2.2164e-07 val=2.4302e-07 best=2.4301e-07 t=1425s
seed1-v ep=9400 lr=1.0e-08 train=2.2163e-07 val=2.4302e-07 best=2.4300e-07 t=1429s
seed1-v ep=9415 lr=1.0e-08 train=2.2163e-07 val=2.4299e-07 best=2.4299e-07 t=1431s
seed1-v ep=9425 lr=1.0e-08 train=2.2162e-07 val=2.4300e-07 best=2.4299e-07 t=1432s
seed1-v ep=9450 lr=1.0e-08 train=2.2162e-07 val=2.4299e-07 best=2.4298e-07 t=1436s
seed1-v ep=9475 lr=1.0e-08 train=2.2161e-07 val=2.4299e-07 best=2.4297e-07 t=1440s
seed1-v ep=9500 lr=1.0e-08 train=2.2161e-07 val=2.4298e-07 best=2.4297e-07 t=1444s
seed1-v ep=9525 lr=1.0e-08 train=2.2160e-07 val=2.4296e-07 best=2.4296e-07 t=1448s
seed1-v ep=9550 lr=1.0e-08 train=2.2159e-07 val=2.4296e-07 best=2.4295e-07 t=1451s
seed1-v ep=9575 lr=1.0e-08 train=2.2159e-07 val=2.4296e-07 best=2.4295e-07 t=1455s
seed1-v ep=9600 lr=1.0e-08 train=2.2158e-07 val=2.4295e-07 best=2.4294e-07 t=1459s
seed1-v ep=9625 lr=1.0e-08 train=2.2158e-07 val=2.4294e-07 best=2.4294e-07 t=1463s
seed1-v ep=9650 lr=1.0e-08 train=2.2157e-07 val=2.4293e-07 best=2.4293e-07 t=1467s
seed1-v ep=9675 lr=1.0e-08 train=2.2157e-07 val=2.4292e-07 best=2.4292e-07 t=1470s
seed1-v ep=9700 lr=1.0e-08 train=2.2157e-07 val=2.4292e-07 best=2.4292e-07 t=1474s
seed1-v ep=9725 lr=1.0e-08 train=2.2156e-07 val=2.4293e-07 best=2.4292e-07 t=1478s
seed1-v ep=9730 lr=1.0e-08 train=2.2156e-07 val=2.4291e-07 best=2.4291e-07 t=1479s
seed1-v ep=9750 lr=1.0e-08 train=2.2156e-07 val=2.4291e-07 best=2.4291e-07 t=1482s
seed1-v ep=9775 lr=1.0e-08 train=2.2156e-07 val=2.4290e-07 best=2.4290e-07 t=1486s
seed1-v ep=9800 lr=1.0e-08 train=2.2154e-07 val=2.4290e-07 best=2.4289e-07 t=1490s
seed1-v ep=9815 lr=1.0e-08 train=2.2153e-07 val=2.4289e-07 best=2.4289e-07 t=1492s
seed1-v ep=9825 lr=1.0e-08 train=2.2153e-07 val=2.4291e-07 best=2.4289e-07 t=1493s
seed1-v ep=9850 lr=1.0e-08 train=2.2153e-07 val=2.4289e-07 best=2.4289e-07 t=1497s
seed1-v ep=9875 lr=1.0e-08 train=2.2152e-07 val=2.4288e-07 best=2.4287e-07 t=1501s
seed1-v ep=9900 lr=1.0e-08 train=2.2151e-07 val=2.4288e-07 best=2.4287e-07 t=1505s
seed1-v ep=9925 lr=1.0e-08 train=2.2151e-07 val=2.4287e-07 best=2.4287e-07 t=1509s
seed1-v ep=9950 lr=1.0e-08 train=2.2150e-07 val=2.4287e-07 best=2.4286e-07 t=1512s
seed1-v ep=9975 lr=1.0e-08 train=2.2150e-07 val=2.4287e-07 best=2.4286e-07 t=1516s
TRAINED seed=1 v {'stop_reason': 'max_epochs', 'truncated': False, 'epochs': 10000, 'best_val': 2.4284275923491805e-07, 'final_lr': 1e-08, 'seconds': 1519.7880394230597}
NM-LSPG seed=1 {'error': {'u': 0.01834222433925664, 'v': 0.010618357159380731, 'max': 0.01834222433925664}, 'seconds_warm': 2.254768003243953, 'gn_iterations_mean': 4.007333278656006, 'gn_iterations_max': 5, 'gn_cap_hits': 0, 'last_step_norm_max': 1.4346663419749766e-06, 'finite': True, 'ic_error': 0.001241123253312738} projection {'u': 0.017905220223777808, 'v': 0.010467927301728705, 'max': 0.017905220223777808}
NM-LSPG-HR seed=1 {'subnet_parity': 0.0, 'residual_basis': 55, 'samples': 58, 'nodes_evaluated': 156, 'active_hidden': [5940, 5940], 'error': {'u': inf, 'v': inf, 'max': inf}, 'finite': False, 'sampled_basis_singular_values': [0.6464724372181777, 0.052201002866208775], 'seconds_warm': 0.05822982080280781, 'gn_iterations_mean': 0.0026666666381061077}
NM-LSPG-HR seed=1 {'subnet_parity': 0.0, 'residual_basis': 51, 'samples': 54, 'nodes_evaluated': 145, 'active_hidden': [5740, 5740], 'error': {'u': inf, 'v': inf, 'max': inf}, 'finite': False, 'sampled_basis_singular_values': [0.6162815758066187, 0.052202385791289226], 'seconds_warm': 0.05851944908499718, 'gn_iterations_mean': 0.0026666666381061077}
NM-LSPG-HR seed=1 {'subnet_parity': 6.977253810284406e-13, 'residual_basis': 44, 'samples': 47, 'nodes_evaluated': 121, 'active_hidden': [5430, 5430], 'error': {'u': inf, 'v': inf, 'max': inf}, 'finite': False, 'sampled_basis_singular_values': [0.5858830459004006, 0.052880129422192154], 'seconds_warm': 0.058351282961666584, 'gn_iterations_mean': 0.0026666666381061077}
NM-LSPG-HR seed=1 {'subnet_parity': 0.0, 'residual_basis': 40, 'samples': 40, 'nodes_evaluated': 102, 'active_hidden': [4480, 4480], 'error': {'u': inf, 'v': inf, 'max': inf}, 'finite': False, 'sampled_basis_singular_values': [0.5483635409394009, 0.03973174847836289], 'seconds_warm': 0.05847252020612359, 'gn_iterations_mean': 0.0026666666381061077}
NM-LSPG-HR seed=1 {'subnet_parity': 0.0, 'residual_basis': 60, 'samples': 60, 'nodes_evaluated': 167, 'active_hidden': [6510, 6510], 'error': {'u': inf, 'v': inf, 'max': inf}, 'finite': False, 'sampled_basis_singular_values': [0.6651137666018355, 0.06398341859487254], 'seconds_warm': 0.05859858077019453, 'gn_iterations_mean': 0.003999999724328518}
seed2-u ep=0 lr=1.0e-03 train=4.2384e-02 val=1.2669e-02 best=1.2669e-02 t=0s
seed2-u ep=5 lr=1.0e-03 train=6.1188e-04 val=4.8879e-04 best=4.8879e-04 t=1s
seed2-u ep=10 lr=1.0e-03 train=1.5771e-04 val=1.3495e-04 best=1.3495e-04 t=1s
seed2-u ep=15 lr=1.0e-03 train=7.2086e-05 val=6.4303e-05 best=6.4303e-05 t=2s
seed2-u ep=20 lr=1.0e-03 train=4.1519e-05 val=3.8552e-05 best=3.8552e-05 t=3s
seed2-u ep=25 lr=1.0e-03 train=3.6323e-05 val=1.1028e-04 best=3.0241e-05 t=4s
seed2-u ep=40 lr=1.0e-03 train=1.5663e-05 val=1.3138e-05 best=1.3138e-05 t=6s
seed2-u ep=50 lr=1.0e-03 train=1.5801e-05 val=2.4890e-05 best=1.1501e-05 t=7s
seed2-u ep=75 lr=1.0e-03 train=2.6379e-05 val=1.2345e-05 best=9.2450e-06 t=11s
seed2-u ep=80 lr=1.0e-04 train=3.5173e-06 val=3.5862e-06 best=3.5862e-06 t=12s
seed2-u ep=85 lr=1.0e-04 train=3.1668e-06 val=3.4922e-06 best=3.4922e-06 t=12s
seed2-u ep=90 lr=1.0e-04 train=3.1146e-06 val=3.4187e-06 best=3.4187e-06 t=13s
seed2-u ep=95 lr=1.0e-04 train=3.0580e-06 val=3.3720e-06 best=3.3720e-06 t=14s
seed2-u ep=100 lr=1.0e-04 train=3.0035e-06 val=3.2991e-06 best=3.2991e-06 t=15s
seed2-u ep=110 lr=1.0e-04 train=2.8993e-06 val=3.1975e-06 best=3.1975e-06 t=16s
seed2-u ep=115 lr=1.0e-04 train=2.8350e-06 val=3.1262e-06 best=3.1262e-06 t=17s
seed2-u ep=120 lr=1.0e-04 train=2.7877e-06 val=3.0626e-06 best=3.0626e-06 t=18s
seed2-u ep=125 lr=1.0e-04 train=2.7338e-06 val=3.0313e-06 best=3.0262e-06 t=18s
seed2-u ep=135 lr=1.0e-04 train=2.6157e-06 val=2.8855e-06 best=2.8855e-06 t=20s
seed2-u ep=140 lr=1.0e-04 train=2.5663e-06 val=2.8196e-06 best=2.8196e-06 t=20s
seed2-u ep=145 lr=1.0e-04 train=2.4961e-06 val=2.7426e-06 best=2.7426e-06 t=21s
seed2-u ep=150 lr=1.0e-04 train=2.4514e-06 val=2.6960e-06 best=2.6960e-06 t=22s
seed2-u ep=165 lr=1.0e-04 train=2.2772e-06 val=2.4983e-06 best=2.4983e-06 t=24s
seed2-u ep=170 lr=1.0e-04 train=2.2055e-06 val=2.4330e-06 best=2.4330e-06 t=25s
seed2-u ep=175 lr=1.0e-04 train=2.1443e-06 val=2.3612e-06 best=2.3612e-06 t=26s
seed2-u ep=195 lr=1.0e-04 train=1.9266e-06 val=2.1001e-06 best=2.1001e-06 t=29s
seed2-u ep=200 lr=1.0e-04 train=1.8621e-06 val=2.0683e-06 best=2.0558e-06 t=29s
seed2-u ep=205 lr=1.0e-04 train=1.7944e-06 val=1.9772e-06 best=1.9772e-06 t=30s
seed2-u ep=215 lr=1.0e-04 train=1.6875e-06 val=1.8502e-06 best=1.8502e-06 t=32s
seed2-u ep=220 lr=1.0e-04 train=1.6437e-06 val=1.8054e-06 best=1.8054e-06 t=32s
seed2-u ep=225 lr=1.0e-04 train=1.5809e-06 val=1.7471e-06 best=1.7471e-06 t=33s
seed2-u ep=230 lr=1.0e-04 train=1.5370e-06 val=1.6868e-06 best=1.6868e-06 t=34s
seed2-u ep=235 lr=1.0e-04 train=1.4869e-06 val=1.6238e-06 best=1.6238e-06 t=35s
seed2-u ep=240 lr=1.0e-04 train=1.4341e-06 val=1.5769e-06 best=1.5769e-06 t=35s
seed2-u ep=250 lr=1.0e-04 train=1.3613e-06 val=1.4682e-06 best=1.4682e-06 t=37s
seed2-u ep=255 lr=1.0e-04 train=1.3310e-06 val=1.4305e-06 best=1.4305e-06 t=38s
seed2-u ep=265 lr=1.0e-04 train=1.2254e-06 val=1.3604e-06 best=1.3604e-06 t=39s
seed2-u ep=275 lr=1.0e-04 train=1.1883e-06 val=1.3368e-06 best=1.2800e-06 t=41s
seed2-u ep=295 lr=1.0e-05 train=9.8886e-07 val=1.0000e-06 best=1.0000e-06 t=44s
seed2-u ep=300 lr=1.0e-05 train=8.9069e-07 val=9.8540e-07 best=9.8540e-07 t=44s
seed2-u ep=310 lr=1.0e-05 train=8.8276e-07 val=9.7696e-07 best=9.7696e-07 t=46s
seed2-u ep=315 lr=1.0e-05 train=8.7866e-07 val=9.7399e-07 best=9.7399e-07 t=47s
seed2-u ep=325 lr=1.0e-05 train=8.7180e-07 val=9.6572e-07 best=9.6541e-07 t=48s
seed2-u ep=330 lr=1.0e-05 train=8.6956e-07 val=9.6245e-07 best=9.6245e-07 t=49s
seed2-u ep=335 lr=1.0e-05 train=8.6257e-07 val=9.5478e-07 best=9.5478e-07 t=50s
seed2-u ep=340 lr=1.0e-05 train=8.5907e-07 val=9.5251e-07 best=9.5251e-07 t=50s
seed2-u ep=345 lr=1.0e-05 train=8.6071e-07 val=9.4684e-07 best=9.4684e-07 t=51s
seed2-u ep=350 lr=1.0e-05 train=8.5039e-07 val=9.4409e-07 best=9.4316e-07 t=52s
seed2-u ep=355 lr=1.0e-05 train=8.4584e-07 val=9.3564e-07 best=9.3564e-07 t=53s
seed2-u ep=365 lr=1.0e-05 train=8.3433e-07 val=9.2266e-07 best=9.2266e-07 t=54s
seed2-u ep=375 lr=1.0e-05 train=8.2714e-07 val=9.1470e-07 best=9.1113e-07 t=56s
seed2-u ep=380 lr=1.0e-05 train=8.1948e-07 val=9.0328e-07 best=9.0328e-07 t=56s
seed2-u ep=385 lr=1.0e-05 train=8.1746e-07 val=9.0072e-07 best=9.0072e-07 t=57s
seed2-u ep=390 lr=1.0e-05 train=8.1149e-07 val=8.9168e-07 best=8.9168e-07 t=58s
seed2-u ep=400 lr=1.0e-05 train=7.9843e-07 val=8.7998e-07 best=8.7998e-07 t=59s
seed2-u ep=405 lr=1.0e-05 train=7.9060e-07 val=8.7107e-07 best=8.7107e-07 t=60s
seed2-u ep=415 lr=1.0e-05 train=7.8137e-07 val=8.5792e-07 best=8.5792e-07 t=62s
seed2-u ep=425 lr=1.0e-05 train=7.6316e-07 val=8.4544e-07 best=8.4388e-07 t=63s
seed2-u ep=450 lr=1.0e-05 train=7.3351e-07 val=8.1118e-07 best=8.0838e-07 t=67s
seed2-u ep=465 lr=1.0e-05 train=7.1240e-07 val=7.8340e-07 best=7.8340e-07 t=69s
seed2-u ep=470 lr=1.0e-05 train=7.0363e-07 val=7.7050e-07 best=7.7050e-07 t=70s
seed2-u ep=475 lr=1.0e-05 train=7.0193e-07 val=7.8398e-07 best=7.7050e-07 t=71s
seed2-u ep=485 lr=1.0e-05 train=6.8714e-07 val=7.5561e-07 best=7.5561e-07 t=72s
seed2-u ep=490 lr=1.0e-05 train=6.8406e-07 val=7.5007e-07 best=7.5007e-07 t=73s
seed2-u ep=500 lr=1.0e-05 train=6.6801e-07 val=7.3691e-07 best=7.3691e-07 t=75s
seed2-u ep=505 lr=1.0e-05 train=6.5943e-07 val=7.2657e-07 best=7.2657e-07 t=75s
seed2-u ep=510 lr=1.0e-05 train=6.5392e-07 val=7.1648e-07 best=7.1648e-07 t=76s
seed2-u ep=525 lr=1.0e-05 train=6.3944e-07 val=6.9638e-07 best=6.9552e-07 t=79s
seed2-u ep=550 lr=1.0e-05 train=6.0406e-07 val=6.6263e-07 best=6.6256e-07 t=82s
seed2-u ep=565 lr=1.0e-05 train=5.8733e-07 val=6.4014e-07 best=6.4014e-07 t=85s
seed2-u ep=575 lr=1.0e-05 train=5.7682e-07 val=6.3489e-07 best=6.3307e-07 t=86s
seed2-u ep=585 lr=1.0e-05 train=5.6553e-07 val=6.1803e-07 best=6.1803e-07 t=88s
seed2-u ep=595 lr=1.0e-05 train=5.5286e-07 val=6.0509e-07 best=6.0509e-07 t=89s
seed2-u ep=600 lr=1.0e-05 train=5.5419e-07 val=6.0997e-07 best=6.0386e-07 t=90s
seed2-u ep=610 lr=1.0e-05 train=5.4246e-07 val=5.9527e-07 best=5.9527e-07 t=91s
seed2-u ep=615 lr=1.0e-05 train=5.3483e-07 val=5.8374e-07 best=5.8374e-07 t=92s
seed2-u ep=620 lr=1.0e-05 train=5.3267e-07 val=5.7783e-07 best=5.7783e-07 t=93s
seed2-u ep=625 lr=1.0e-05 train=5.2586e-07 val=5.8068e-07 best=5.7329e-07 t=94s
seed2-u ep=640 lr=1.0e-05 train=5.1249e-07 val=5.5765e-07 best=5.5765e-07 t=96s
seed2-u ep=645 lr=1.0e-05 train=5.0608e-07 val=5.5001e-07 best=5.5001e-07 t=97s
seed2-u ep=650 lr=1.0e-05 train=5.0142e-07 val=5.4777e-07 best=5.4777e-07 t=98s
seed2-u ep=670 lr=1.0e-05 train=4.8400e-07 val=5.3082e-07 best=5.3082e-07 t=101s
seed2-u ep=675 lr=1.0e-05 train=4.8808e-07 val=5.3136e-07 best=5.2956e-07 t=101s
seed2-u ep=700 lr=1.0e-05 train=4.6090e-07 val=5.0249e-07 best=5.0249e-07 t=105s
seed2-u ep=725 lr=1.0e-05 train=4.4063e-07 val=4.8160e-07 best=4.8160e-07 t=109s
seed2-u ep=730 lr=1.0e-05 train=4.3919e-07 val=4.7719e-07 best=4.7719e-07 t=110s
seed2-u ep=740 lr=1.0e-05 train=4.3536e-07 val=4.7203e-07 best=4.7203e-07 t=111s
seed2-u ep=745 lr=1.0e-05 train=4.2789e-07 val=4.6931e-07 best=4.6931e-07 t=112s
seed2-u ep=750 lr=1.0e-05 train=4.2968e-07 val=4.6523e-07 best=4.6523e-07 t=113s
seed2-u ep=760 lr=1.0e-05 train=4.1851e-07 val=4.5713e-07 best=4.5713e-07 t=114s
seed2-u ep=765 lr=1.0e-05 train=4.1596e-07 val=4.5478e-07 best=4.5478e-07 t=115s
seed2-u ep=770 lr=1.0e-05 train=4.1376e-07 val=4.4986e-07 best=4.4986e-07 t=116s
seed2-u ep=775 lr=1.0e-05 train=4.1116e-07 val=4.4743e-07 best=4.4743e-07 t=117s
seed2-u ep=795 lr=1.0e-05 train=3.9811e-07 val=4.3339e-07 best=4.3339e-07 t=120s
seed2-u ep=800 lr=1.0e-05 train=3.9715e-07 val=4.2874e-07 best=4.2874e-07 t=120s
seed2-u ep=810 lr=1.0e-05 train=3.9235e-07 val=4.2561e-07 best=4.2561e-07 t=122s
seed2-u ep=815 lr=1.0e-05 train=3.8600e-07 val=4.2360e-07 best=4.2360e-07 t=123s
seed2-u ep=820 lr=1.0e-05 train=3.8617e-07 val=4.1954e-07 best=4.1954e-07 t=123s
seed2-u ep=825 lr=1.0e-05 train=3.8765e-07 val=4.3882e-07 best=4.1730e-07 t=124s
seed2-u ep=850 lr=1.0e-05 train=3.7753e-07 val=4.0761e-07 best=4.0406e-07 t=128s
seed2-u ep=870 lr=1.0e-05 train=3.6329e-07 val=3.9125e-07 best=3.9125e-07 t=131s
seed2-u ep=875 lr=1.0e-05 train=3.5936e-07 val=3.9040e-07 best=3.9029e-07 t=132s
seed2-u ep=885 lr=1.0e-05 train=3.5348e-07 val=3.8523e-07 best=3.8523e-07 t=133s
seed2-u ep=900 lr=1.0e-05 train=3.4734e-07 val=3.7512e-07 best=3.7512e-07 t=136s
seed2-u ep=910 lr=1.0e-05 train=3.4381e-07 val=3.7150e-07 best=3.7150e-07 t=137s
seed2-u ep=925 lr=1.0e-05 train=3.3502e-07 val=3.6467e-07 best=3.6467e-07 t=139s
seed2-u ep=940 lr=1.0e-05 train=3.3527e-07 val=3.5883e-07 best=3.5883e-07 t=142s
seed2-u ep=950 lr=1.0e-05 train=3.2697e-07 val=3.5769e-07 best=3.5719e-07 t=143s
seed2-u ep=975 lr=1.0e-05 train=3.1828e-07 val=3.4885e-07 best=3.4381e-07 t=147s
seed2-u ep=990 lr=1.0e-05 train=3.1202e-07 val=3.3814e-07 best=3.3814e-07 t=149s
seed2-u ep=1000 lr=1.0e-05 train=3.1137e-07 val=3.3533e-07 best=3.3533e-07 t=151s
seed2-u ep=1005 lr=1.0e-05 train=3.0503e-07 val=3.3373e-07 best=3.3373e-07 t=152s
seed2-u ep=1025 lr=1.0e-05 train=2.9919e-07 val=3.2644e-07 best=3.2590e-07 t=155s
seed2-u ep=1050 lr=1.0e-05 train=2.9482e-07 val=3.1900e-07 best=3.1681e-07 t=159s
seed2-u ep=1075 lr=1.0e-05 train=2.8387e-07 val=3.1202e-07 best=3.0728e-07 t=162s
seed2-u ep=1080 lr=1.0e-05 train=2.8192e-07 val=3.0610e-07 best=3.0610e-07 t=163s
seed2-u ep=1100 lr=1.0e-05 train=2.7593e-07 val=3.0036e-07 best=3.0036e-07 t=166s
seed2-u ep=1105 lr=1.0e-05 train=2.7630e-07 val=2.9872e-07 best=2.9872e-07 t=167s
seed2-u ep=1125 lr=1.0e-05 train=2.7067e-07 val=2.9341e-07 best=2.9238e-07 t=170s
seed2-u ep=1140 lr=1.0e-05 train=2.6679e-07 val=2.8918e-07 best=2.8918e-07 t=172s
seed2-u ep=1150 lr=1.0e-05 train=2.6304e-07 val=2.8454e-07 best=2.8335e-07 t=174s
seed2-u ep=1175 lr=1.0e-05 train=2.5682e-07 val=2.7666e-07 best=2.7666e-07 t=178s
seed2-u ep=1190 lr=1.0e-05 train=2.5196e-07 val=2.7474e-07 best=2.7474e-07 t=180s
seed2-u ep=1195 lr=1.0e-05 train=2.5391e-07 val=2.7345e-07 best=2.7345e-07 t=181s
seed2-u ep=1200 lr=1.0e-05 train=2.5015e-07 val=2.7155e-07 best=2.7155e-07 t=181s
seed2-u ep=1210 lr=1.0e-05 train=2.5057e-07 val=2.7001e-07 best=2.7001e-07 t=183s
seed2-u ep=1225 lr=1.0e-05 train=2.4605e-07 val=2.6775e-07 best=2.6647e-07 t=185s
seed2-u ep=1245 lr=1.0e-05 train=2.4131e-07 val=2.6061e-07 best=2.6061e-07 t=188s
seed2-u ep=1250 lr=1.0e-05 train=2.3917e-07 val=2.6814e-07 best=2.6024e-07 t=189s
seed2-u ep=1255 lr=1.0e-05 train=2.3943e-07 val=2.5893e-07 best=2.5893e-07 t=190s
seed2-u ep=1275 lr=1.0e-05 train=2.3357e-07 val=2.5525e-07 best=2.5388e-07 t=193s
seed2-u ep=1290 lr=1.0e-05 train=2.2935e-07 val=2.4878e-07 best=2.4878e-07 t=195s
seed2-u ep=1300 lr=1.0e-05 train=2.2971e-07 val=2.4622e-07 best=2.4622e-07 t=197s
seed2-u ep=1325 lr=1.0e-05 train=2.2557e-07 val=2.4589e-07 best=2.4224e-07 t=201s
seed2-u ep=1350 lr=1.0e-05 train=2.2079e-07 val=2.4992e-07 best=2.3743e-07 t=204s
seed2-u ep=1375 lr=1.0e-05 train=2.1550e-07 val=2.3397e-07 best=2.3322e-07 t=208s
seed2-u ep=1400 lr=1.0e-05 train=2.1305e-07 val=2.3008e-07 best=2.2885e-07 t=212s
seed2-u ep=1425 lr=1.0e-05 train=2.0626e-07 val=2.2767e-07 best=2.2322e-07 t=216s
seed2-u ep=1430 lr=1.0e-05 train=2.0762e-07 val=2.2156e-07 best=2.2156e-07 t=217s
seed2-u ep=1450 lr=1.0e-05 train=2.0251e-07 val=2.1810e-07 best=2.1804e-07 t=220s
seed2-u ep=1465 lr=1.0e-06 train=1.9141e-07 val=2.0914e-07 best=2.0914e-07 t=222s
seed2-u ep=1475 lr=1.0e-06 train=1.9129e-07 val=2.0893e-07 best=2.0893e-07 t=223s
seed2-u ep=1500 lr=1.0e-06 train=1.9131e-07 val=2.0958e-07 best=2.0845e-07 t=227s
seed2-u ep=1525 lr=1.0e-06 train=1.9083e-07 val=2.0819e-07 best=2.0819e-07 t=231s
seed2-u ep=1550 lr=1.0e-07 train=1.8944e-07 val=2.0737e-07 best=2.0733e-07 t=235s
seed2-u ep=1560 lr=1.0e-07 train=1.8944e-07 val=2.0732e-07 best=2.0732e-07 t=236s
seed2-u ep=1575 lr=1.0e-08 train=1.8932e-07 val=2.0731e-07 best=2.0731e-07 t=239s
seed2-u ep=1600 lr=1.0e-08 train=1.8931e-07 val=2.0732e-07 best=2.0730e-07 t=243s
seed2-u ep=1625 lr=1.0e-08 train=1.8931e-07 val=2.0730e-07 best=2.0729e-07 t=246s
seed2-u ep=1650 lr=1.0e-08 train=1.8931e-07 val=2.0729e-07 best=2.0729e-07 t=250s
seed2-u ep=1675 lr=1.0e-08 train=1.8931e-07 val=2.0728e-07 best=2.0727e-07 t=254s
seed2-u ep=1700 lr=1.0e-08 train=1.8930e-07 val=2.0729e-07 best=2.0727e-07 t=258s
seed2-u ep=1725 lr=1.0e-08 train=1.8929e-07 val=2.0727e-07 best=2.0727e-07 t=262s
seed2-u ep=1750 lr=1.0e-08 train=1.8928e-07 val=2.0727e-07 best=2.0727e-07 t=265s
seed2-u ep=1775 lr=1.0e-08 train=1.8928e-07 val=2.0727e-07 best=2.0726e-07 t=269s
seed2-u ep=1800 lr=1.0e-08 train=1.8928e-07 val=2.0727e-07 best=2.0726e-07 t=273s
seed2-u ep=1820 lr=1.0e-08 train=1.8928e-07 val=2.0725e-07 best=2.0725e-07 t=276s
seed2-u ep=1825 lr=1.0e-08 train=1.8928e-07 val=2.0726e-07 best=2.0725e-07 t=277s
seed2-u ep=1850 lr=1.0e-08 train=1.8927e-07 val=2.0725e-07 best=2.0724e-07 t=281s
seed2-u ep=1875 lr=1.0e-08 train=1.8926e-07 val=2.0726e-07 best=2.0724e-07 t=284s
seed2-u ep=1900 lr=1.0e-08 train=1.8926e-07 val=2.0724e-07 best=2.0723e-07 t=288s
seed2-u ep=1925 lr=1.0e-08 train=1.8925e-07 val=2.0723e-07 best=2.0723e-07 t=292s
seed2-u ep=1950 lr=1.0e-08 train=1.8925e-07 val=2.0723e-07 best=2.0722e-07 t=296s
seed2-u ep=1975 lr=1.0e-08 train=1.8925e-07 val=2.0723e-07 best=2.0721e-07 t=300s
seed2-u ep=2000 lr=1.0e-08 train=1.8925e-07 val=2.0722e-07 best=2.0721e-07 t=303s
seed2-u ep=2015 lr=1.0e-08 train=1.8924e-07 val=2.0720e-07 best=2.0720e-07 t=306s
seed2-u ep=2025 lr=1.0e-08 train=1.8924e-07 val=2.0723e-07 best=2.0720e-07 t=307s
seed2-u ep=2050 lr=1.0e-08 train=1.8923e-07 val=2.0721e-07 best=2.0720e-07 t=311s
seed2-u ep=2070 lr=1.0e-08 train=1.8923e-07 val=2.0720e-07 best=2.0720e-07 t=314s
seed2-u ep=2075 lr=1.0e-08 train=1.8923e-07 val=2.0720e-07 best=2.0720e-07 t=315s
seed2-u ep=2100 lr=1.0e-08 train=1.8922e-07 val=2.0721e-07 best=2.0719e-07 t=319s
seed2-u ep=2125 lr=1.0e-08 train=1.8922e-07 val=2.0719e-07 best=2.0719e-07 t=322s
seed2-u ep=2150 lr=1.0e-08 train=1.8921e-07 val=2.0719e-07 best=2.0718e-07 t=326s
seed2-u ep=2175 lr=1.0e-08 train=1.8921e-07 val=2.0719e-07 best=2.0717e-07 t=330s
seed2-u ep=2200 lr=1.0e-08 train=1.8921e-07 val=2.0718e-07 best=2.0716e-07 t=334s
seed2-u ep=2225 lr=1.0e-08 train=1.8920e-07 val=2.0717e-07 best=2.0716e-07 t=338s
seed2-u ep=2250 lr=1.0e-08 train=1.8919e-07 val=2.0716e-07 best=2.0716e-07 t=342s
seed2-u ep=2260 lr=1.0e-08 train=1.8919e-07 val=2.0715e-07 best=2.0715e-07 t=343s
seed2-u ep=2275 lr=1.0e-08 train=1.8919e-07 val=2.0718e-07 best=2.0715e-07 t=345s
seed2-u ep=2300 lr=1.0e-08 train=1.8919e-07 val=2.0715e-07 best=2.0715e-07 t=349s
seed2-u ep=2325 lr=1.0e-08 train=1.8919e-07 val=2.0714e-07 best=2.0714e-07 t=353s
seed2-u ep=2350 lr=1.0e-08 train=1.8918e-07 val=2.0715e-07 best=2.0714e-07 t=357s
seed2-u ep=2375 lr=1.0e-08 train=1.8918e-07 val=2.0714e-07 best=2.0712e-07 t=361s
seed2-u ep=2400 lr=1.0e-08 train=1.8916e-07 val=2.0713e-07 best=2.0712e-07 t=364s
seed2-u ep=2425 lr=1.0e-08 train=1.8916e-07 val=2.0712e-07 best=2.0712e-07 t=368s
seed2-u ep=2435 lr=1.0e-08 train=1.8916e-07 val=2.0712e-07 best=2.0712e-07 t=370s
seed2-u ep=2450 lr=1.0e-08 train=1.8916e-07 val=2.0713e-07 best=2.0711e-07 t=372s
seed2-u ep=2475 lr=1.0e-08 train=1.8916e-07 val=2.0712e-07 best=2.0711e-07 t=376s
seed2-u ep=2500 lr=1.0e-08 train=1.8915e-07 val=2.0710e-07 best=2.0710e-07 t=379s
seed2-u ep=2505 lr=1.0e-08 train=1.8915e-07 val=2.0710e-07 best=2.0710e-07 t=380s
seed2-u ep=2525 lr=1.0e-08 train=1.8914e-07 val=2.0710e-07 best=2.0709e-07 t=383s
seed2-u ep=2550 lr=1.0e-08 train=1.8914e-07 val=2.0711e-07 best=2.0708e-07 t=387s
seed2-u ep=2575 lr=1.0e-08 train=1.8913e-07 val=2.0710e-07 best=2.0708e-07 t=391s
seed2-u ep=2600 lr=1.0e-08 train=1.8913e-07 val=2.0709e-07 best=2.0708e-07 t=395s
seed2-u ep=2615 lr=1.0e-08 train=1.8913e-07 val=2.0708e-07 best=2.0708e-07 t=397s
seed2-u ep=2625 lr=1.0e-08 train=1.8913e-07 val=2.0709e-07 best=2.0708e-07 t=399s
seed2-u ep=2650 lr=1.0e-08 train=1.8912e-07 val=2.0709e-07 best=2.0707e-07 t=402s
seed2-u ep=2675 lr=1.0e-08 train=1.8911e-07 val=2.0708e-07 best=2.0706e-07 t=406s
seed2-u ep=2690 lr=1.0e-08 train=1.8911e-07 val=2.0706e-07 best=2.0706e-07 t=408s
seed2-u ep=2700 lr=1.0e-08 train=1.8911e-07 val=2.0706e-07 best=2.0706e-07 t=410s
seed2-u ep=2710 lr=1.0e-08 train=1.8911e-07 val=2.0706e-07 best=2.0706e-07 t=411s
seed2-u ep=2725 lr=1.0e-08 train=1.8911e-07 val=2.0707e-07 best=2.0706e-07 t=414s
seed2-u ep=2735 lr=1.0e-08 train=1.8910e-07 val=2.0705e-07 best=2.0705e-07 t=415s
seed2-u ep=2740 lr=1.0e-08 train=1.8911e-07 val=2.0705e-07 best=2.0705e-07 t=416s
seed2-u ep=2750 lr=1.0e-08 train=1.8910e-07 val=2.0705e-07 best=2.0705e-07 t=418s
seed2-u ep=2775 lr=1.0e-08 train=1.8909e-07 val=2.0705e-07 best=2.0704e-07 t=421s
seed2-u ep=2780 lr=1.0e-08 train=1.8910e-07 val=2.0703e-07 best=2.0703e-07 t=422s
seed2-u ep=2800 lr=1.0e-08 train=1.8910e-07 val=2.0704e-07 best=2.0703e-07 t=425s
seed2-u ep=2825 lr=1.0e-08 train=1.8909e-07 val=2.0705e-07 best=2.0703e-07 t=429s
seed2-u ep=2850 lr=1.0e-08 train=1.8908e-07 val=2.0705e-07 best=2.0703e-07 t=433s
seed2-u ep=2875 lr=1.0e-08 train=1.8908e-07 val=2.0704e-07 best=2.0702e-07 t=437s
seed2-u ep=2900 lr=1.0e-08 train=1.8907e-07 val=2.0703e-07 best=2.0702e-07 t=440s
seed2-u ep=2925 lr=1.0e-08 train=1.8907e-07 val=2.0701e-07 best=2.0701e-07 t=444s
seed2-u ep=2950 lr=1.0e-08 train=1.8906e-07 val=2.0701e-07 best=2.0700e-07 t=448s
seed2-u ep=2975 lr=1.0e-08 train=1.8906e-07 val=2.0701e-07 best=2.0699e-07 t=452s
seed2-u ep=3000 lr=1.0e-08 train=1.8906e-07 val=2.0701e-07 best=2.0699e-07 t=456s
seed2-u ep=3025 lr=1.0e-08 train=1.8905e-07 val=2.0700e-07 best=2.0699e-07 t=459s
seed2-u ep=3040 lr=1.0e-08 train=1.8905e-07 val=2.0698e-07 best=2.0698e-07 t=462s
seed2-u ep=3050 lr=1.0e-08 train=1.8905e-07 val=2.0699e-07 best=2.0698e-07 t=463s
seed2-u ep=3075 lr=1.0e-08 train=1.8904e-07 val=2.0698e-07 best=2.0698e-07 t=467s
seed2-u ep=3080 lr=1.0e-08 train=1.8904e-07 val=2.0697e-07 best=2.0697e-07 t=468s
seed2-u ep=3100 lr=1.0e-08 train=1.8904e-07 val=2.0697e-07 best=2.0697e-07 t=471s
seed2-u ep=3115 lr=1.0e-08 train=1.8903e-07 val=2.0697e-07 best=2.0697e-07 t=473s
seed2-u ep=3125 lr=1.0e-08 train=1.8904e-07 val=2.0697e-07 best=2.0697e-07 t=475s
seed2-u ep=3140 lr=1.0e-08 train=1.8904e-07 val=2.0697e-07 best=2.0697e-07 t=477s
seed2-u ep=3150 lr=1.0e-08 train=1.8903e-07 val=2.0698e-07 best=2.0697e-07 t=478s
seed2-u ep=3155 lr=1.0e-08 train=1.8903e-07 val=2.0696e-07 best=2.0696e-07 t=479s
seed2-u ep=3175 lr=1.0e-08 train=1.8903e-07 val=2.0698e-07 best=2.0696e-07 t=482s
seed2-u ep=3200 lr=1.0e-08 train=1.8902e-07 val=2.0696e-07 best=2.0695e-07 t=486s
seed2-u ep=3205 lr=1.0e-08 train=1.8902e-07 val=2.0695e-07 best=2.0695e-07 t=487s
seed2-u ep=3225 lr=1.0e-08 train=1.8901e-07 val=2.0697e-07 best=2.0695e-07 t=490s
seed2-u ep=3250 lr=1.0e-08 train=1.8901e-07 val=2.0696e-07 best=2.0695e-07 t=494s
seed2-u ep=3275 lr=1.0e-08 train=1.8901e-07 val=2.0696e-07 best=2.0694e-07 t=497s
seed2-u ep=3300 lr=1.0e-08 train=1.8900e-07 val=2.0695e-07 best=2.0693e-07 t=501s
seed2-u ep=3315 lr=1.0e-08 train=1.8900e-07 val=2.0693e-07 best=2.0693e-07 t=504s
seed2-u ep=3325 lr=1.0e-08 train=1.8900e-07 val=2.0694e-07 best=2.0693e-07 t=505s
seed2-u ep=3350 lr=1.0e-08 train=1.8899e-07 val=2.0694e-07 best=2.0693e-07 t=509s
seed2-u ep=3375 lr=1.0e-08 train=1.8899e-07 val=2.0692e-07 best=2.0692e-07 t=513s
seed2-u ep=3400 lr=1.0e-08 train=1.8898e-07 val=2.0693e-07 best=2.0690e-07 t=517s
seed2-u ep=3425 lr=1.0e-08 train=1.8898e-07 val=2.0691e-07 best=2.0690e-07 t=520s
seed2-u ep=3450 lr=1.0e-08 train=1.8898e-07 val=2.0691e-07 best=2.0690e-07 t=524s
seed2-u ep=3475 lr=1.0e-08 train=1.8897e-07 val=2.0690e-07 best=2.0690e-07 t=528s
seed2-u ep=3490 lr=1.0e-08 train=1.8897e-07 val=2.0690e-07 best=2.0690e-07 t=530s
seed2-u ep=3500 lr=1.0e-08 train=1.8897e-07 val=2.0690e-07 best=2.0690e-07 t=532s
seed2-u ep=3515 lr=1.0e-08 train=1.8896e-07 val=2.0689e-07 best=2.0689e-07 t=534s
seed2-u ep=3525 lr=1.0e-08 train=1.8897e-07 val=2.0690e-07 best=2.0688e-07 t=536s
seed2-u ep=3550 lr=1.0e-08 train=1.8896e-07 val=2.0688e-07 best=2.0688e-07 t=539s
seed2-u ep=3575 lr=1.0e-08 train=1.8896e-07 val=2.0689e-07 best=2.0688e-07 t=543s
seed2-u ep=3600 lr=1.0e-08 train=1.8895e-07 val=2.0690e-07 best=2.0687e-07 t=547s
seed2-u ep=3625 lr=1.0e-08 train=1.8894e-07 val=2.0687e-07 best=2.0686e-07 t=551s
seed2-u ep=3650 lr=1.0e-08 train=1.8894e-07 val=2.0686e-07 best=2.0686e-07 t=555s
seed2-u ep=3675 lr=1.0e-08 train=1.8895e-07 val=2.0689e-07 best=2.0685e-07 t=558s
seed2-u ep=3700 lr=1.0e-08 train=1.8893e-07 val=2.0685e-07 best=2.0685e-07 t=562s
seed2-u ep=3725 lr=1.0e-08 train=1.8893e-07 val=2.0686e-07 best=2.0685e-07 t=566s
seed2-u ep=3735 lr=1.0e-08 train=1.8892e-07 val=2.0684e-07 best=2.0684e-07 t=568s
seed2-u ep=3750 lr=1.0e-08 train=1.8892e-07 val=2.0685e-07 best=2.0683e-07 t=570s
seed2-u ep=3765 lr=1.0e-08 train=1.8892e-07 val=2.0683e-07 best=2.0683e-07 t=572s
seed2-u ep=3775 lr=1.0e-08 train=1.8892e-07 val=2.0685e-07 best=2.0683e-07 t=574s
seed2-u ep=3780 lr=1.0e-08 train=1.8891e-07 val=2.0683e-07 best=2.0683e-07 t=574s
seed2-u ep=3800 lr=1.0e-08 train=1.8891e-07 val=2.0684e-07 best=2.0683e-07 t=577s
seed2-u ep=3815 lr=1.0e-08 train=1.8891e-07 val=2.0683e-07 best=2.0683e-07 t=580s
seed2-u ep=3825 lr=1.0e-08 train=1.8891e-07 val=2.0684e-07 best=2.0683e-07 t=581s
seed2-u ep=3850 lr=1.0e-08 train=1.8890e-07 val=2.0684e-07 best=2.0682e-07 t=585s
seed2-u ep=3860 lr=1.0e-08 train=1.8890e-07 val=2.0682e-07 best=2.0682e-07 t=587s
seed2-u ep=3875 lr=1.0e-08 train=1.8890e-07 val=2.0683e-07 best=2.0681e-07 t=589s
seed2-u ep=3885 lr=1.0e-08 train=1.8890e-07 val=2.0681e-07 best=2.0681e-07 t=590s
seed2-u ep=3900 lr=1.0e-08 train=1.8889e-07 val=2.0682e-07 best=2.0681e-07 t=593s
seed2-u ep=3925 lr=1.0e-08 train=1.8889e-07 val=2.0684e-07 best=2.0681e-07 t=596s
seed2-u ep=3950 lr=1.0e-08 train=1.8889e-07 val=2.0683e-07 best=2.0680e-07 t=600s
seed2-u ep=3975 lr=1.0e-08 train=1.8888e-07 val=2.0680e-07 best=2.0679e-07 t=604s
seed2-u ep=4000 lr=1.0e-08 train=1.8888e-07 val=2.0679e-07 best=2.0679e-07 t=608s
seed2-u ep=4005 lr=1.0e-08 train=1.8887e-07 val=2.0679e-07 best=2.0679e-07 t=608s
seed2-u ep=4025 lr=1.0e-08 train=1.8887e-07 val=2.0681e-07 best=2.0678e-07 t=612s
seed2-u ep=4050 lr=1.0e-08 train=1.8887e-07 val=2.0679e-07 best=2.0678e-07 t=615s
seed2-u ep=4075 lr=1.0e-08 train=1.8886e-07 val=2.0678e-07 best=2.0677e-07 t=619s
seed2-u ep=4100 lr=1.0e-08 train=1.8886e-07 val=2.0679e-07 best=2.0676e-07 t=623s
seed2-u ep=4125 lr=1.0e-08 train=1.8885e-07 val=2.0678e-07 best=2.0676e-07 t=627s
seed2-u ep=4145 lr=1.0e-08 train=1.8885e-07 val=2.0676e-07 best=2.0676e-07 t=630s
seed2-u ep=4150 lr=1.0e-08 train=1.8885e-07 val=2.0677e-07 best=2.0676e-07 t=630s
seed2-u ep=4175 lr=1.0e-08 train=1.8885e-07 val=2.0677e-07 best=2.0675e-07 t=634s
seed2-u ep=4200 lr=1.0e-08 train=1.8884e-07 val=2.0675e-07 best=2.0675e-07 t=638s
seed2-u ep=4220 lr=1.0e-08 train=1.8884e-07 val=2.0674e-07 best=2.0674e-07 t=641s
seed2-u ep=4225 lr=1.0e-08 train=1.8883e-07 val=2.0677e-07 best=2.0674e-07 t=642s
seed2-u ep=4250 lr=1.0e-08 train=1.8883e-07 val=2.0675e-07 best=2.0674e-07 t=646s
seed2-u ep=4255 lr=1.0e-08 train=1.8883e-07 val=2.0674e-07 best=2.0674e-07 t=646s
seed2-u ep=4275 lr=1.0e-08 train=1.8883e-07 val=2.0674e-07 best=2.0673e-07 t=650s
seed2-u ep=4300 lr=1.0e-08 train=1.8882e-07 val=2.0675e-07 best=2.0673e-07 t=653s
seed2-u ep=4325 lr=1.0e-08 train=1.8882e-07 val=2.0674e-07 best=2.0672e-07 t=657s
seed2-u ep=4350 lr=1.0e-08 train=1.8881e-07 val=2.0672e-07 best=2.0672e-07 t=661s
seed2-u ep=4365 lr=1.0e-08 train=1.8881e-07 val=2.0672e-07 best=2.0672e-07 t=663s
seed2-u ep=4375 lr=1.0e-08 train=1.8881e-07 val=2.0672e-07 best=2.0671e-07 t=665s
seed2-u ep=4400 lr=1.0e-08 train=1.8880e-07 val=2.0672e-07 best=2.0671e-07 t=669s
seed2-u ep=4425 lr=1.0e-08 train=1.8880e-07 val=2.0671e-07 best=2.0671e-07 t=672s
seed2-u ep=4450 lr=1.0e-08 train=1.8880e-07 val=2.0671e-07 best=2.0669e-07 t=676s
seed2-u ep=4475 lr=1.0e-08 train=1.8880e-07 val=2.0672e-07 best=2.0669e-07 t=680s
seed2-u ep=4500 lr=1.0e-08 train=1.8879e-07 val=2.0669e-07 best=2.0669e-07 t=684s
seed2-u ep=4525 lr=1.0e-08 train=1.8878e-07 val=2.0670e-07 best=2.0668e-07 t=688s
seed2-u ep=4550 lr=1.0e-08 train=1.8878e-07 val=2.0670e-07 best=2.0668e-07 t=691s
seed2-u ep=4560 lr=1.0e-08 train=1.8877e-07 val=2.0668e-07 best=2.0668e-07 t=693s
seed2-u ep=4575 lr=1.0e-08 train=1.8878e-07 val=2.0669e-07 best=2.0667e-07 t=695s
seed2-u ep=4600 lr=1.0e-08 train=1.8877e-07 val=2.0668e-07 best=2.0667e-07 t=699s
seed2-u ep=4625 lr=1.0e-08 train=1.8876e-07 val=2.0668e-07 best=2.0667e-07 t=703s
seed2-u ep=4650 lr=1.0e-08 train=1.8876e-07 val=2.0666e-07 best=2.0665e-07 t=707s
seed2-u ep=4675 lr=1.0e-08 train=1.8876e-07 val=2.0667e-07 best=2.0665e-07 t=710s
seed2-u ep=4700 lr=1.0e-08 train=1.8875e-07 val=2.0667e-07 best=2.0665e-07 t=714s
seed2-u ep=4725 lr=1.0e-08 train=1.8875e-07 val=2.0665e-07 best=2.0665e-07 t=718s
seed2-u ep=4750 lr=1.0e-08 train=1.8874e-07 val=2.0666e-07 best=2.0664e-07 t=722s
seed2-u ep=4775 lr=1.0e-08 train=1.8873e-07 val=2.0665e-07 best=2.0663e-07 t=726s
seed2-u ep=4790 lr=1.0e-08 train=1.8873e-07 val=2.0663e-07 best=2.0663e-07 t=728s
seed2-u ep=4800 lr=1.0e-08 train=1.8873e-07 val=2.0663e-07 best=2.0662e-07 t=729s
seed2-u ep=4825 lr=1.0e-08 train=1.8873e-07 val=2.0663e-07 best=2.0662e-07 t=733s
seed2-u ep=4840 lr=1.0e-08 train=1.8872e-07 val=2.0662e-07 best=2.0662e-07 t=736s
seed2-u ep=4850 lr=1.0e-08 train=1.8873e-07 val=2.0663e-07 best=2.0661e-07 t=737s
seed2-u ep=4875 lr=1.0e-08 train=1.8872e-07 val=2.0663e-07 best=2.0661e-07 t=741s
seed2-u ep=4900 lr=1.0e-08 train=1.8872e-07 val=2.0661e-07 best=2.0661e-07 t=745s
seed2-u ep=4925 lr=1.0e-08 train=1.8871e-07 val=2.0662e-07 best=2.0660e-07 t=748s
seed2-u ep=4950 lr=1.0e-08 train=1.8870e-07 val=2.0662e-07 best=2.0660e-07 t=752s
seed2-u ep=4975 lr=1.0e-08 train=1.8870e-07 val=2.0661e-07 best=2.0660e-07 t=756s
seed2-u ep=5000 lr=1.0e-08 train=1.8870e-07 val=2.0661e-07 best=2.0660e-07 t=760s
seed2-u ep=5025 lr=1.0e-08 train=1.8869e-07 val=2.0659e-07 best=2.0659e-07 t=764s
seed2-u ep=5050 lr=1.0e-08 train=1.8869e-07 val=2.0661e-07 best=2.0659e-07 t=768s
seed2-u ep=5075 lr=1.0e-08 train=1.8868e-07 val=2.0660e-07 best=2.0658e-07 t=771s
seed2-u ep=5085 lr=1.0e-08 train=1.8868e-07 val=2.0658e-07 best=2.0658e-07 t=773s
seed2-u ep=5100 lr=1.0e-08 train=1.8868e-07 val=2.0660e-07 best=2.0657e-07 t=775s
seed2-u ep=5125 lr=1.0e-08 train=1.8868e-07 val=2.0657e-07 best=2.0657e-07 t=779s
seed2-u ep=5150 lr=1.0e-08 train=1.8867e-07 val=2.0658e-07 best=2.0657e-07 t=783s
seed2-u ep=5155 lr=1.0e-08 train=1.8867e-07 val=2.0656e-07 best=2.0656e-07 t=784s
seed2-u ep=5160 lr=1.0e-08 train=1.8867e-07 val=2.0655e-07 best=2.0655e-07 t=784s
seed2-u ep=5175 lr=1.0e-08 train=1.8866e-07 val=2.0657e-07 best=2.0655e-07 t=787s
seed2-u ep=5200 lr=1.0e-08 train=1.8866e-07 val=2.0656e-07 best=2.0655e-07 t=790s
seed2-u ep=5225 lr=1.0e-08 train=1.8865e-07 val=2.0655e-07 best=2.0654e-07 t=794s
seed2-u ep=5250 lr=1.0e-08 train=1.8865e-07 val=2.0656e-07 best=2.0653e-07 t=798s
seed2-u ep=5275 lr=1.0e-08 train=1.8865e-07 val=2.0654e-07 best=2.0653e-07 t=802s
seed2-u ep=5300 lr=1.0e-08 train=1.8865e-07 val=2.0654e-07 best=2.0653e-07 t=806s
seed2-u ep=5325 lr=1.0e-08 train=1.8864e-07 val=2.0653e-07 best=2.0653e-07 t=809s
seed2-u ep=5350 lr=1.0e-08 train=1.8863e-07 val=2.0654e-07 best=2.0652e-07 t=813s
seed2-u ep=5375 lr=1.0e-08 train=1.8863e-07 val=2.0654e-07 best=2.0651e-07 t=817s
seed2-u ep=5400 lr=1.0e-08 train=1.8862e-07 val=2.0654e-07 best=2.0651e-07 t=821s
seed2-u ep=5425 lr=1.0e-08 train=1.8862e-07 val=2.0653e-07 best=2.0651e-07 t=825s
seed2-u ep=5450 lr=1.0e-08 train=1.8862e-07 val=2.0651e-07 best=2.0650e-07 t=828s
seed2-u ep=5475 lr=1.0e-08 train=1.8861e-07 val=2.0651e-07 best=2.0650e-07 t=832s
seed2-u ep=5500 lr=1.0e-08 train=1.8861e-07 val=2.0650e-07 best=2.0650e-07 t=836s
seed2-u ep=5525 lr=1.0e-08 train=1.8860e-07 val=2.0650e-07 best=2.0649e-07 t=840s
seed2-u ep=5550 lr=1.0e-08 train=1.8860e-07 val=2.0650e-07 best=2.0648e-07 t=844s
seed2-u ep=5575 lr=1.0e-08 train=1.8860e-07 val=2.0648e-07 best=2.0648e-07 t=847s
seed2-u ep=5600 lr=1.0e-08 train=1.8859e-07 val=2.0649e-07 best=2.0648e-07 t=851s
seed2-u ep=5625 lr=1.0e-08 train=1.8860e-07 val=2.0649e-07 best=2.0646e-07 t=855s
seed2-u ep=5650 lr=1.0e-08 train=1.8859e-07 val=2.0648e-07 best=2.0646e-07 t=859s
seed2-u ep=5675 lr=1.0e-08 train=1.8858e-07 val=2.0648e-07 best=2.0646e-07 t=863s
seed2-u ep=5700 lr=1.0e-08 train=1.8857e-07 val=2.0647e-07 best=2.0645e-07 t=866s
seed2-u ep=5725 lr=1.0e-08 train=1.8857e-07 val=2.0645e-07 best=2.0644e-07 t=870s
seed2-u ep=5750 lr=1.0e-08 train=1.8857e-07 val=2.0646e-07 best=2.0644e-07 t=874s
seed2-u ep=5775 lr=1.0e-08 train=1.8856e-07 val=2.0645e-07 best=2.0644e-07 t=878s
seed2-u ep=5800 lr=1.0e-08 train=1.8855e-07 val=2.0644e-07 best=2.0644e-07 t=882s
seed2-u ep=5825 lr=1.0e-08 train=1.8855e-07 val=2.0643e-07 best=2.0643e-07 t=885s
seed2-u ep=5850 lr=1.0e-08 train=1.8854e-07 val=2.0643e-07 best=2.0642e-07 t=889s
seed2-u ep=5865 lr=1.0e-08 train=1.8854e-07 val=2.0642e-07 best=2.0642e-07 t=891s
seed2-u ep=5875 lr=1.0e-08 train=1.8855e-07 val=2.0643e-07 best=2.0642e-07 t=893s
seed2-u ep=5895 lr=1.0e-08 train=1.8855e-07 val=2.0641e-07 best=2.0641e-07 t=896s
seed2-u ep=5900 lr=1.0e-08 train=1.8854e-07 val=2.0643e-07 best=2.0641e-07 t=897s
seed2-u ep=5925 lr=1.0e-08 train=1.8853e-07 val=2.0642e-07 best=2.0641e-07 t=900s
seed2-u ep=5950 lr=1.0e-08 train=1.8852e-07 val=2.0641e-07 best=2.0640e-07 t=904s
seed2-u ep=5975 lr=1.0e-08 train=1.8852e-07 val=2.0640e-07 best=2.0640e-07 t=908s
seed2-u ep=6000 lr=1.0e-08 train=1.8852e-07 val=2.0640e-07 best=2.0639e-07 t=912s
seed2-u ep=6025 lr=1.0e-08 train=1.8851e-07 val=2.0640e-07 best=2.0639e-07 t=916s
seed2-u ep=6035 lr=1.0e-08 train=1.8852e-07 val=2.0639e-07 best=2.0639e-07 t=917s
seed2-u ep=6050 lr=1.0e-08 train=1.8851e-07 val=2.0639e-07 best=2.0638e-07 t=919s
seed2-u ep=6075 lr=1.0e-08 train=1.8851e-07 val=2.0640e-07 best=2.0638e-07 t=923s
seed2-u ep=6090 lr=1.0e-08 train=1.8850e-07 val=2.0638e-07 best=2.0638e-07 t=925s
seed2-u ep=6100 lr=1.0e-08 train=1.8851e-07 val=2.0638e-07 best=2.0638e-07 t=927s
seed2-u ep=6125 lr=1.0e-08 train=1.8849e-07 val=2.0639e-07 best=2.0637e-07 t=931s
seed2-u ep=6150 lr=1.0e-08 train=1.8849e-07 val=2.0638e-07 best=2.0637e-07 t=935s
seed2-u ep=6175 lr=1.0e-08 train=1.8849e-07 val=2.0638e-07 best=2.0636e-07 t=938s
seed2-u ep=6190 lr=1.0e-08 train=1.8849e-07 val=2.0635e-07 best=2.0635e-07 t=941s
seed2-u ep=6200 lr=1.0e-08 train=1.8848e-07 val=2.0637e-07 best=2.0635e-07 t=942s
seed2-u ep=6225 lr=1.0e-08 train=1.8848e-07 val=2.0637e-07 best=2.0635e-07 t=946s
seed2-u ep=6250 lr=1.0e-08 train=1.8848e-07 val=2.0634e-07 best=2.0634e-07 t=950s
seed2-u ep=6275 lr=1.0e-08 train=1.8847e-07 val=2.0636e-07 best=2.0634e-07 t=954s
seed2-u ep=6300 lr=1.0e-08 train=1.8847e-07 val=2.0635e-07 best=2.0634e-07 t=957s
seed2-u ep=6315 lr=1.0e-08 train=1.8847e-07 val=2.0633e-07 best=2.0633e-07 t=960s
seed2-u ep=6325 lr=1.0e-08 train=1.8846e-07 val=2.0634e-07 best=2.0633e-07 t=961s
seed2-u ep=6350 lr=1.0e-08 train=1.8845e-07 val=2.0635e-07 best=2.0632e-07 t=965s
seed2-u ep=6375 lr=1.0e-08 train=1.8845e-07 val=2.0633e-07 best=2.0632e-07 t=969s
seed2-u ep=6395 lr=1.0e-08 train=1.8845e-07 val=2.0631e-07 best=2.0631e-07 t=972s
seed2-u ep=6400 lr=1.0e-08 train=1.8845e-07 val=2.0634e-07 best=2.0631e-07 t=973s
seed2-u ep=6425 lr=1.0e-08 train=1.8844e-07 val=2.0632e-07 best=2.0631e-07 t=976s
seed2-u ep=6450 lr=1.0e-08 train=1.8844e-07 val=2.0633e-07 best=2.0631e-07 t=980s
seed2-u ep=6475 lr=1.0e-08 train=1.8844e-07 val=2.0631e-07 best=2.0629e-07 t=984s
seed2-u ep=6500 lr=1.0e-08 train=1.8843e-07 val=2.0631e-07 best=2.0629e-07 t=988s
seed2-u ep=6525 lr=1.0e-08 train=1.8843e-07 val=2.0631e-07 best=2.0629e-07 t=992s
seed2-u ep=6550 lr=1.0e-08 train=1.8842e-07 val=2.0629e-07 best=2.0629e-07 t=995s
seed2-u ep=6575 lr=1.0e-08 train=1.8842e-07 val=2.0629e-07 best=2.0628e-07 t=999s
seed2-u ep=6595 lr=1.0e-08 train=1.8842e-07 val=2.0628e-07 best=2.0628e-07 t=1002s
seed2-u ep=6600 lr=1.0e-08 train=1.8841e-07 val=2.0629e-07 best=2.0628e-07 t=1003s
seed2-u ep=6620 lr=1.0e-08 train=1.8842e-07 val=2.0628e-07 best=2.0628e-07 t=1006s
seed2-u ep=6625 lr=1.0e-08 train=1.8841e-07 val=2.0629e-07 best=2.0628e-07 t=1007s
seed2-u ep=6635 lr=1.0e-08 train=1.8841e-07 val=2.0627e-07 best=2.0627e-07 t=1008s
seed2-u ep=6645 lr=1.0e-08 train=1.8841e-07 val=2.0627e-07 best=2.0627e-07 t=1010s
seed2-u ep=6650 lr=1.0e-08 train=1.8841e-07 val=2.0628e-07 best=2.0627e-07 t=1011s
seed2-u ep=6675 lr=1.0e-08 train=1.8840e-07 val=2.0629e-07 best=2.0626e-07 t=1015s
seed2-u ep=6700 lr=1.0e-08 train=1.8840e-07 val=2.0627e-07 best=2.0626e-07 t=1018s
seed2-u ep=6725 lr=1.0e-08 train=1.8839e-07 val=2.0628e-07 best=2.0625e-07 t=1022s
seed2-u ep=6750 lr=1.0e-08 train=1.8838e-07 val=2.0627e-07 best=2.0625e-07 t=1026s
seed2-u ep=6775 lr=1.0e-08 train=1.8838e-07 val=2.0626e-07 best=2.0625e-07 t=1030s
seed2-u ep=6800 lr=1.0e-08 train=1.8838e-07 val=2.0625e-07 best=2.0624e-07 t=1034s
seed2-u ep=6825 lr=1.0e-08 train=1.8837e-07 val=2.0624e-07 best=2.0623e-07 t=1037s
seed2-u ep=6840 lr=1.0e-08 train=1.8838e-07 val=2.0623e-07 best=2.0623e-07 t=1040s
seed2-u ep=6850 lr=1.0e-08 train=1.8837e-07 val=2.0624e-07 best=2.0623e-07 t=1041s
seed2-u ep=6875 lr=1.0e-08 train=1.8837e-07 val=2.0624e-07 best=2.0623e-07 t=1045s
seed2-u ep=6900 lr=1.0e-08 train=1.8836e-07 val=2.0624e-07 best=2.0621e-07 t=1049s
seed2-u ep=6925 lr=1.0e-08 train=1.8836e-07 val=2.0624e-07 best=2.0621e-07 t=1053s
seed2-u ep=6950 lr=1.0e-08 train=1.8835e-07 val=2.0623e-07 best=2.0621e-07 t=1056s
seed2-u ep=6975 lr=1.0e-08 train=1.8835e-07 val=2.0621e-07 best=2.0620e-07 t=1060s
seed2-u ep=7000 lr=1.0e-08 train=1.8834e-07 val=2.0620e-07 best=2.0620e-07 t=1064s
seed2-u ep=7020 lr=1.0e-08 train=1.8834e-07 val=2.0620e-07 best=2.0620e-07 t=1067s
seed2-u ep=7025 lr=1.0e-08 train=1.8834e-07 val=2.0621e-07 best=2.0620e-07 t=1068s
seed2-u ep=7050 lr=1.0e-08 train=1.8834e-07 val=2.0621e-07 best=2.0619e-07 t=1072s
seed2-u ep=7070 lr=1.0e-08 train=1.8834e-07 val=2.0619e-07 best=2.0619e-07 t=1075s
seed2-u ep=7075 lr=1.0e-08 train=1.8833e-07 val=2.0620e-07 best=2.0619e-07 t=1075s
seed2-u ep=7100 lr=1.0e-08 train=1.8833e-07 val=2.0620e-07 best=2.0618e-07 t=1079s
seed2-u ep=7125 lr=1.0e-08 train=1.8832e-07 val=2.0618e-07 best=2.0618e-07 t=1083s
seed2-u ep=7150 lr=1.0e-08 train=1.8832e-07 val=2.0619e-07 best=2.0617e-07 t=1087s
seed2-u ep=7175 lr=1.0e-08 train=1.8831e-07 val=2.0616e-07 best=2.0616e-07 t=1091s
seed2-u ep=7200 lr=1.0e-08 train=1.8831e-07 val=2.0618e-07 best=2.0616e-07 t=1094s
seed2-u ep=7225 lr=1.0e-08 train=1.8831e-07 val=2.0616e-07 best=2.0616e-07 t=1098s
seed2-u ep=7250 lr=1.0e-08 train=1.8831e-07 val=2.0617e-07 best=2.0616e-07 t=1102s
seed2-u ep=7260 lr=1.0e-08 train=1.8830e-07 val=2.0615e-07 best=2.0615e-07 t=1104s
seed2-u ep=7275 lr=1.0e-08 train=1.8829e-07 val=2.0617e-07 best=2.0615e-07 t=1106s
seed2-u ep=7280 lr=1.0e-08 train=1.8830e-07 val=2.0614e-07 best=2.0614e-07 t=1107s
seed2-u ep=7295 lr=1.0e-08 train=1.8829e-07 val=2.0614e-07 best=2.0614e-07 t=1109s
seed2-u ep=7300 lr=1.0e-08 train=1.8829e-07 val=2.0615e-07 best=2.0614e-07 t=1110s
seed2-u ep=7325 lr=1.0e-08 train=1.8829e-07 val=2.0614e-07 best=2.0614e-07 t=1113s
seed2-u ep=7350 lr=1.0e-08 train=1.8829e-07 val=2.0615e-07 best=2.0612e-07 t=1117s
seed2-u ep=7375 lr=1.0e-08 train=1.8828e-07 val=2.0612e-07 best=2.0612e-07 t=1121s
seed2-u ep=7400 lr=1.0e-08 train=1.8828e-07 val=2.0613e-07 best=2.0612e-07 t=1125s
seed2-u ep=7425 lr=1.0e-08 train=1.8827e-07 val=2.0613e-07 best=2.0612e-07 t=1129s
seed2-u ep=7445 lr=1.0e-08 train=1.8827e-07 val=2.0611e-07 best=2.0611e-07 t=1132s
seed2-u ep=7450 lr=1.0e-08 train=1.8827e-07 val=2.0613e-07 best=2.0611e-07 t=1133s
seed2-u ep=7470 lr=1.0e-08 train=1.8827e-07 val=2.0611e-07 best=2.0611e-07 t=1136s
seed2-u ep=7475 lr=1.0e-08 train=1.8826e-07 val=2.0612e-07 best=2.0611e-07 t=1136s
seed2-u ep=7500 lr=1.0e-08 train=1.8826e-07 val=2.0610e-07 best=2.0610e-07 t=1140s
seed2-u ep=7525 lr=1.0e-08 train=1.8825e-07 val=2.0611e-07 best=2.0609e-07 t=1144s
seed2-u ep=7535 lr=1.0e-08 train=1.8825e-07 val=2.0609e-07 best=2.0609e-07 t=1145s
seed2-u ep=7550 lr=1.0e-08 train=1.8824e-07 val=2.0610e-07 best=2.0609e-07 t=1148s
seed2-u ep=7575 lr=1.0e-08 train=1.8825e-07 val=2.0610e-07 best=2.0609e-07 t=1152s
seed2-u ep=7600 lr=1.0e-08 train=1.8824e-07 val=2.0610e-07 best=2.0608e-07 t=1155s
seed2-u ep=7625 lr=1.0e-08 train=1.8823e-07 val=2.0609e-07 best=2.0608e-07 t=1159s
seed2-u ep=7645 lr=1.0e-08 train=1.8823e-07 val=2.0608e-07 best=2.0608e-07 t=1162s
seed2-u ep=7650 lr=1.0e-08 train=1.8823e-07 val=2.0608e-07 best=2.0607e-07 t=1163s
seed2-u ep=7670 lr=1.0e-08 train=1.8822e-07 val=2.0607e-07 best=2.0607e-07 t=1166s
seed2-u ep=7675 lr=1.0e-08 train=1.8823e-07 val=2.0608e-07 best=2.0607e-07 t=1167s
seed2-u ep=7700 lr=1.0e-08 train=1.8822e-07 val=2.0608e-07 best=2.0607e-07 t=1171s
seed2-u ep=7725 lr=1.0e-08 train=1.8823e-07 val=2.0607e-07 best=2.0606e-07 t=1174s
seed2-u ep=7750 lr=1.0e-08 train=1.8821e-07 val=2.0608e-07 best=2.0605e-07 t=1178s
seed2-u ep=7775 lr=1.0e-08 train=1.8821e-07 val=2.0607e-07 best=2.0605e-07 t=1182s
seed2-u ep=7800 lr=1.0e-08 train=1.8821e-07 val=2.0605e-07 best=2.0605e-07 t=1186s
seed2-u ep=7825 lr=1.0e-08 train=1.8820e-07 val=2.0605e-07 best=2.0604e-07 t=1190s
seed2-u ep=7840 lr=1.0e-08 train=1.8820e-07 val=2.0604e-07 best=2.0604e-07 t=1192s
seed2-u ep=7850 lr=1.0e-08 train=1.8820e-07 val=2.0606e-07 best=2.0604e-07 t=1193s
seed2-u ep=7875 lr=1.0e-08 train=1.8819e-07 val=2.0604e-07 best=2.0603e-07 t=1197s
seed2-u ep=7900 lr=1.0e-08 train=1.8819e-07 val=2.0603e-07 best=2.0602e-07 t=1201s
seed2-u ep=7925 lr=1.0e-08 train=1.8818e-07 val=2.0603e-07 best=2.0602e-07 t=1205s
seed2-u ep=7930 lr=1.0e-08 train=1.8818e-07 val=2.0602e-07 best=2.0602e-07 t=1205s
seed2-u ep=7935 lr=1.0e-08 train=1.8818e-07 val=2.0602e-07 best=2.0602e-07 t=1206s
seed2-u ep=7950 lr=1.0e-08 train=1.8817e-07 val=2.0603e-07 best=2.0602e-07 t=1208s
seed2-u ep=7955 lr=1.0e-08 train=1.8818e-07 val=2.0601e-07 best=2.0601e-07 t=1209s
seed2-u ep=7975 lr=1.0e-08 train=1.8817e-07 val=2.0603e-07 best=2.0601e-07 t=1212s
seed2-u ep=8000 lr=1.0e-08 train=1.8817e-07 val=2.0602e-07 best=2.0600e-07 t=1216s
seed2-u ep=8005 lr=1.0e-08 train=1.8817e-07 val=2.0600e-07 best=2.0600e-07 t=1217s
seed2-u ep=8025 lr=1.0e-08 train=1.8816e-07 val=2.0601e-07 best=2.0600e-07 t=1220s
seed2-u ep=8040 lr=1.0e-08 train=1.8816e-07 val=2.0600e-07 best=2.0600e-07 t=1222s
seed2-u ep=8050 lr=1.0e-08 train=1.8816e-07 val=2.0600e-07 best=2.0600e-07 t=1224s
seed2-u ep=8075 lr=1.0e-08 train=1.8815e-07 val=2.0600e-07 best=2.0599e-07 t=1227s
seed2-u ep=8100 lr=1.0e-08 train=1.8815e-07 val=2.0601e-07 best=2.0599e-07 t=1231s
seed2-u ep=8125 lr=1.0e-08 train=1.8815e-07 val=2.0600e-07 best=2.0598e-07 t=1235s
seed2-u ep=8150 lr=1.0e-08 train=1.8814e-07 val=2.0600e-07 best=2.0598e-07 t=1239s
seed2-u ep=8170 lr=1.0e-08 train=1.8815e-07 val=2.0598e-07 best=2.0598e-07 t=1242s
seed2-u ep=8175 lr=1.0e-08 train=1.8814e-07 val=2.0599e-07 best=2.0598e-07 t=1243s
seed2-u ep=8185 lr=1.0e-08 train=1.8814e-07 val=2.0597e-07 best=2.0597e-07 t=1244s
seed2-u ep=8200 lr=1.0e-08 train=1.8813e-07 val=2.0598e-07 best=2.0597e-07 t=1246s
seed2-u ep=8225 lr=1.0e-08 train=1.8814e-07 val=2.0598e-07 best=2.0596e-07 t=1250s
seed2-u ep=8250 lr=1.0e-08 train=1.8813e-07 val=2.0598e-07 best=2.0596e-07 t=1254s
seed2-u ep=8275 lr=1.0e-08 train=1.8813e-07 val=2.0596e-07 best=2.0595e-07 t=1258s
seed2-u ep=8300 lr=1.0e-08 train=1.8812e-07 val=2.0596e-07 best=2.0595e-07 t=1262s
seed2-u ep=8305 lr=1.0e-08 train=1.8812e-07 val=2.0594e-07 best=2.0594e-07 t=1262s
seed2-u ep=8325 lr=1.0e-08 train=1.8812e-07 val=2.0597e-07 best=2.0594e-07 t=1265s
seed2-u ep=8350 lr=1.0e-08 train=1.8811e-07 val=2.0596e-07 best=2.0594e-07 t=1269s
seed2-u ep=8375 lr=1.0e-08 train=1.8811e-07 val=2.0595e-07 best=2.0594e-07 t=1273s
seed2-u ep=8400 lr=1.0e-08 train=1.8810e-07 val=2.0594e-07 best=2.0593e-07 t=1277s
seed2-u ep=8425 lr=1.0e-08 train=1.8810e-07 val=2.0595e-07 best=2.0593e-07 t=1281s
seed2-u ep=8435 lr=1.0e-08 train=1.8810e-07 val=2.0593e-07 best=2.0593e-07 t=1282s
seed2-u ep=8450 lr=1.0e-08 train=1.8809e-07 val=2.0594e-07 best=2.0593e-07 t=1284s
seed2-u ep=8475 lr=1.0e-08 train=1.8809e-07 val=2.0592e-07 best=2.0592e-07 t=1288s
seed2-u ep=8500 lr=1.0e-08 train=1.8808e-07 val=2.0593e-07 best=2.0591e-07 t=1292s
seed2-u ep=8525 lr=1.0e-08 train=1.8808e-07 val=2.0593e-07 best=2.0591e-07 t=1296s
seed2-u ep=8550 lr=1.0e-08 train=1.8807e-07 val=2.0590e-07 best=2.0590e-07 t=1300s
seed2-u ep=8565 lr=1.0e-08 train=1.8807e-07 val=2.0590e-07 best=2.0590e-07 t=1302s
seed2-u ep=8570 lr=1.0e-08 train=1.8807e-07 val=2.0590e-07 best=2.0590e-07 t=1303s
seed2-u ep=8575 lr=1.0e-08 train=1.8807e-07 val=2.0591e-07 best=2.0590e-07 t=1303s
seed2-u ep=8600 lr=1.0e-08 train=1.8807e-07 val=2.0590e-07 best=2.0590e-07 t=1307s
seed2-u ep=8610 lr=1.0e-08 train=1.8807e-07 val=2.0589e-07 best=2.0589e-07 t=1309s
seed2-u ep=8625 lr=1.0e-08 train=1.8806e-07 val=2.0589e-07 best=2.0589e-07 t=1311s
seed2-u ep=8650 lr=1.0e-08 train=1.8805e-07 val=2.0588e-07 best=2.0588e-07 t=1315s
seed2-u ep=8675 lr=1.0e-08 train=1.8805e-07 val=2.0589e-07 best=2.0588e-07 t=1319s
seed2-u ep=8685 lr=1.0e-08 train=1.8805e-07 val=2.0587e-07 best=2.0587e-07 t=1320s
seed2-u ep=8700 lr=1.0e-08 train=1.8805e-07 val=2.0588e-07 best=2.0587e-07 t=1322s
seed2-u ep=8715 lr=1.0e-08 train=1.8805e-07 val=2.0587e-07 best=2.0587e-07 t=1325s
seed2-u ep=8725 lr=1.0e-08 train=1.8805e-07 val=2.0588e-07 best=2.0587e-07 t=1326s
seed2-u ep=8730 lr=1.0e-08 train=1.8804e-07 val=2.0586e-07 best=2.0586e-07 t=1327s
seed2-u ep=8750 lr=1.0e-08 train=1.8804e-07 val=2.0588e-07 best=2.0586e-07 t=1330s
seed2-u ep=8775 lr=1.0e-08 train=1.8803e-07 val=2.0587e-07 best=2.0585e-07 t=1334s
seed2-u ep=8800 lr=1.0e-08 train=1.8803e-07 val=2.0587e-07 best=2.0585e-07 t=1338s
seed2-u ep=8825 lr=1.0e-08 train=1.8803e-07 val=2.0585e-07 best=2.0585e-07 t=1341s
seed2-u ep=8835 lr=1.0e-08 train=1.8803e-07 val=2.0585e-07 best=2.0585e-07 t=1343s
seed2-u ep=8850 lr=1.0e-08 train=1.8802e-07 val=2.0585e-07 best=2.0585e-07 t=1345s
seed2-u ep=8875 lr=1.0e-08 train=1.8802e-07 val=2.0584e-07 best=2.0584e-07 t=1349s
seed2-u ep=8900 lr=1.0e-08 train=1.8801e-07 val=2.0584e-07 best=2.0584e-07 t=1353s
seed2-u ep=8925 lr=1.0e-08 train=1.8801e-07 val=2.0585e-07 best=2.0584e-07 t=1357s
seed2-u ep=8930 lr=1.0e-08 train=1.8801e-07 val=2.0583e-07 best=2.0583e-07 t=1357s
seed2-u ep=8945 lr=1.0e-08 train=1.8800e-07 val=2.0583e-07 best=2.0583e-07 t=1360s
seed2-u ep=8950 lr=1.0e-08 train=1.8800e-07 val=2.0584e-07 best=2.0583e-07 t=1361s
seed2-u ep=8975 lr=1.0e-08 train=1.8800e-07 val=2.0584e-07 best=2.0582e-07 t=1364s
seed2-u ep=9000 lr=1.0e-08 train=1.8800e-07 val=2.0584e-07 best=2.0582e-07 t=1368s
seed2-u ep=9025 lr=1.0e-08 train=1.8799e-07 val=2.0582e-07 best=2.0582e-07 t=1372s
seed2-u ep=9030 lr=1.0e-08 train=1.8800e-07 val=2.0582e-07 best=2.0582e-07 t=1373s
seed2-u ep=9035 lr=1.0e-08 train=1.8799e-07 val=2.0581e-07 best=2.0581e-07 t=1373s
seed2-u ep=9045 lr=1.0e-08 train=1.8799e-07 val=2.0581e-07 best=2.0581e-07 t=1375s
seed2-u ep=9050 lr=1.0e-08 train=1.8798e-07 val=2.0582e-07 best=2.0581e-07 t=1376s
seed2-u ep=9075 lr=1.0e-08 train=1.8798e-07 val=2.0582e-07 best=2.0581e-07 t=1380s
seed2-u ep=9100 lr=1.0e-08 train=1.8798e-07 val=2.0581e-07 best=2.0580e-07 t=1383s
seed2-u ep=9125 lr=1.0e-08 train=1.8797e-07 val=2.0580e-07 best=2.0580e-07 t=1387s
seed2-u ep=9130 lr=1.0e-08 train=1.8797e-07 val=2.0578e-07 best=2.0578e-07 t=1388s
seed2-u ep=9150 lr=1.0e-08 train=1.8797e-07 val=2.0580e-07 best=2.0578e-07 t=1391s
seed2-u ep=9175 lr=1.0e-08 train=1.8797e-07 val=2.0579e-07 best=2.0578e-07 t=1395s
seed2-u ep=9200 lr=1.0e-08 train=1.8796e-07 val=2.0578e-07 best=2.0578e-07 t=1399s
seed2-u ep=9225 lr=1.0e-08 train=1.8796e-07 val=2.0580e-07 best=2.0577e-07 t=1402s
seed2-u ep=9250 lr=1.0e-08 train=1.8795e-07 val=2.0578e-07 best=2.0577e-07 t=1406s
seed2-u ep=9275 lr=1.0e-08 train=1.8795e-07 val=2.0578e-07 best=2.0576e-07 t=1410s
seed2-u ep=9300 lr=1.0e-08 train=1.8794e-07 val=2.0576e-07 best=2.0576e-07 t=1414s
seed2-u ep=9325 lr=1.0e-08 train=1.8794e-07 val=2.0576e-07 best=2.0576e-07 t=1418s
seed2-u ep=9345 lr=1.0e-08 train=1.8794e-07 val=2.0574e-07 best=2.0574e-07 t=1421s
seed2-u ep=9350 lr=1.0e-08 train=1.8794e-07 val=2.0576e-07 best=2.0574e-07 t=1421s
seed2-u ep=9375 lr=1.0e-08 train=1.8794e-07 val=2.0576e-07 best=2.0574e-07 t=1425s
seed2-u ep=9400 lr=1.0e-08 train=1.8792e-07 val=2.0575e-07 best=2.0574e-07 t=1429s
seed2-u ep=9425 lr=1.0e-08 train=1.8792e-07 val=2.0575e-07 best=2.0574e-07 t=1433s
seed2-u ep=9450 lr=1.0e-08 train=1.8792e-07 val=2.0575e-07 best=2.0573e-07 t=1437s
seed2-u ep=9475 lr=1.0e-08 train=1.8792e-07 val=2.0574e-07 best=2.0573e-07 t=1440s
seed2-u ep=9500 lr=1.0e-08 train=1.8791e-07 val=2.0574e-07 best=2.0572e-07 t=1444s
seed2-u ep=9525 lr=1.0e-08 train=1.8791e-07 val=2.0573e-07 best=2.0572e-07 t=1448s
seed2-u ep=9550 lr=1.0e-08 train=1.8791e-07 val=2.0573e-07 best=2.0571e-07 t=1452s
seed2-u ep=9575 lr=1.0e-08 train=1.8790e-07 val=2.0573e-07 best=2.0571e-07 t=1456s
seed2-u ep=9600 lr=1.0e-08 train=1.8789e-07 val=2.0571e-07 best=2.0571e-07 t=1460s
seed2-u ep=9625 lr=1.0e-08 train=1.8789e-07 val=2.0572e-07 best=2.0570e-07 t=1463s
seed2-u ep=9635 lr=1.0e-08 train=1.8789e-07 val=2.0570e-07 best=2.0570e-07 t=1465s
seed2-u ep=9650 lr=1.0e-08 train=1.8788e-07 val=2.0571e-07 best=2.0569e-07 t=1467s
seed2-u ep=9675 lr=1.0e-08 train=1.8788e-07 val=2.0570e-07 best=2.0569e-07 t=1471s
seed2-u ep=9695 lr=1.0e-08 train=1.8788e-07 val=2.0568e-07 best=2.0568e-07 t=1474s
seed2-u ep=9700 lr=1.0e-08 train=1.8787e-07 val=2.0570e-07 best=2.0568e-07 t=1475s
seed2-u ep=9725 lr=1.0e-08 train=1.8787e-07 val=2.0569e-07 best=2.0568e-07 t=1479s
seed2-u ep=9750 lr=1.0e-08 train=1.8787e-07 val=2.0570e-07 best=2.0568e-07 t=1482s
seed2-u ep=9775 lr=1.0e-08 train=1.8786e-07 val=2.0569e-07 best=2.0567e-07 t=1486s
seed2-u ep=9795 lr=1.0e-08 train=1.8786e-07 val=2.0567e-07 best=2.0567e-07 t=1489s
seed2-u ep=9800 lr=1.0e-08 train=1.8787e-07 val=2.0568e-07 best=2.0567e-07 t=1490s
seed2-u ep=9825 lr=1.0e-08 train=1.8785e-07 val=2.0567e-07 best=2.0567e-07 t=1494s
seed2-u ep=9850 lr=1.0e-08 train=1.8785e-07 val=2.0568e-07 best=2.0566e-07 t=1498s
seed2-u ep=9875 lr=1.0e-08 train=1.8784e-07 val=2.0567e-07 best=2.0565e-07 t=1501s
seed2-u ep=9900 lr=1.0e-08 train=1.8784e-07 val=2.0566e-07 best=2.0565e-07 t=1505s
seed2-u ep=9925 lr=1.0e-08 train=1.8783e-07 val=2.0565e-07 best=2.0565e-07 t=1509s
seed2-u ep=9950 lr=1.0e-08 train=1.8785e-07 val=2.0566e-07 best=2.0563e-07 t=1513s
seed2-u ep=9975 lr=1.0e-08 train=1.8783e-07 val=2.0564e-07 best=2.0563e-07 t=1516s
TRAINED seed=2 u {'stop_reason': 'max_epochs', 'truncated': False, 'epochs': 10000, 'best_val': 2.0562576708016422e-07, 'final_lr': 1e-08, 'seconds': 1520.0949860448018}
seed2-v ep=0 lr=1.0e-03 train=4.0895e-02 val=1.3616e-02 best=1.3616e-02 t=0s
seed2-v ep=5 lr=1.0e-03 train=6.8547e-04 val=5.7827e-04 best=5.7827e-04 t=1s
seed2-v ep=10 lr=1.0e-03 train=1.5166e-04 val=1.5817e-04 best=1.5817e-04 t=1s
seed2-v ep=15 lr=1.0e-03 train=7.5259e-05 val=6.8328e-05 best=6.8328e-05 t=2s
seed2-v ep=20 lr=1.0e-03 train=4.0890e-05 val=4.1396e-05 best=4.1396e-05 t=3s
seed2-v ep=25 lr=1.0e-03 train=5.5448e-05 val=3.2415e-05 best=3.2415e-05 t=4s
seed2-v ep=30 lr=1.0e-03 train=2.5997e-05 val=2.1385e-05 best=2.1385e-05 t=4s
seed2-v ep=40 lr=1.0e-03 train=3.4600e-05 val=1.5678e-05 best=1.5678e-05 t=6s
seed2-v ep=50 lr=1.0e-03 train=1.8194e-05 val=7.1777e-05 best=1.1987e-05 t=7s
seed2-v ep=55 lr=1.0e-03 train=1.2884e-05 val=9.9068e-06 best=9.9068e-06 t=8s
seed2-v ep=70 lr=1.0e-04 train=4.4391e-06 val=4.7384e-06 best=4.7384e-06 t=10s
seed2-v ep=75 lr=1.0e-04 train=4.3070e-06 val=4.5922e-06 best=4.5922e-06 t=11s
seed2-v ep=80 lr=1.0e-04 train=4.2149e-06 val=4.5070e-06 best=4.5070e-06 t=12s
seed2-v ep=85 lr=1.0e-04 train=4.1220e-06 val=4.4050e-06 best=4.4050e-06 t=13s
seed2-v ep=90 lr=1.0e-04 train=4.0399e-06 val=4.3091e-06 best=4.3091e-06 t=13s
seed2-v ep=95 lr=1.0e-04 train=3.9629e-06 val=4.2252e-06 best=4.2252e-06 t=14s
seed2-v ep=100 lr=1.0e-04 train=3.8633e-06 val=4.1188e-06 best=4.1188e-06 t=15s
seed2-v ep=105 lr=1.0e-04 train=3.7874e-06 val=4.0446e-06 best=4.0446e-06 t=16s
seed2-v ep=115 lr=1.0e-04 train=3.6042e-06 val=3.8461e-06 best=3.8461e-06 t=17s
seed2-v ep=120 lr=1.0e-04 train=3.5166e-06 val=3.7412e-06 best=3.7412e-06 t=18s
seed2-v ep=125 lr=1.0e-04 train=3.4354e-06 val=3.6640e-06 best=3.6640e-06 t=19s
seed2-v ep=135 lr=1.0e-04 train=3.2575e-06 val=3.4608e-06 best=3.4608e-06 t=20s
seed2-v ep=140 lr=1.0e-04 train=3.1708e-06 val=3.3669e-06 best=3.3669e-06 t=21s
seed2-v ep=145 lr=1.0e-04 train=3.0659e-06 val=3.2580e-06 best=3.2580e-06 t=22s
seed2-v ep=150 lr=1.0e-04 train=2.9993e-06 val=3.1792e-06 best=3.1792e-06 t=22s
seed2-v ep=155 lr=1.0e-04 train=2.8908e-06 val=3.0874e-06 best=3.0874e-06 t=23s
seed2-v ep=160 lr=1.0e-04 train=2.8101e-06 val=2.9881e-06 best=2.9881e-06 t=24s
seed2-v ep=165 lr=1.0e-04 train=2.7300e-06 val=2.8903e-06 best=2.8903e-06 t=25s
seed2-v ep=170 lr=1.0e-04 train=2.6380e-06 val=2.7951e-06 best=2.7951e-06 t=26s
seed2-v ep=175 lr=1.0e-04 train=2.5445e-06 val=2.7160e-06 best=2.7160e-06 t=26s
seed2-v ep=185 lr=1.0e-04 train=2.4191e-06 val=2.5531e-06 best=2.5531e-06 t=28s
seed2-v ep=190 lr=1.0e-04 train=2.3130e-06 val=2.4336e-06 best=2.4336e-06 t=29s
seed2-v ep=195 lr=1.0e-04 train=2.2202e-06 val=2.3487e-06 best=2.3487e-06 t=29s
seed2-v ep=200 lr=1.0e-04 train=2.1469e-06 val=2.2632e-06 best=2.2632e-06 t=30s
seed2-v ep=205 lr=1.0e-04 train=2.0565e-06 val=2.1823e-06 best=2.1823e-06 t=31s
seed2-v ep=215 lr=1.0e-04 train=1.9125e-06 val=2.0096e-06 best=2.0096e-06 t=32s
seed2-v ep=220 lr=1.0e-04 train=1.8499e-06 val=1.9612e-06 best=1.9612e-06 t=33s
seed2-v ep=225 lr=1.0e-04 train=1.7820e-06 val=1.8834e-06 best=1.8834e-06 t=34s
seed2-v ep=230 lr=1.0e-04 train=1.7496e-06 val=1.8222e-06 best=1.8222e-06 t=35s
seed2-v ep=235 lr=1.0e-04 train=1.6850e-06 val=1.7441e-06 best=1.7441e-06 t=35s
seed2-v ep=250 lr=1.0e-04 train=1.4954e-06 val=1.6194e-06 best=1.5899e-06 t=38s
seed2-v ep=255 lr=1.0e-04 train=1.5152e-06 val=1.5135e-06 best=1.5135e-06 t=38s
seed2-v ep=265 lr=1.0e-04 train=1.3490e-06 val=1.4131e-06 best=1.4131e-06 t=40s
seed2-v ep=275 lr=1.0e-04 train=1.4857e-06 val=1.4366e-06 best=1.3856e-06 t=41s
seed2-v ep=295 lr=1.0e-04 train=1.3636e-06 val=1.1678e-06 best=1.1678e-06 t=45s
seed2-v ep=300 lr=1.0e-04 train=1.1576e-06 val=1.1539e-06 best=1.1539e-06 t=45s
seed2-v ep=310 lr=1.0e-05 train=8.4191e-07 val=9.0977e-07 best=9.0977e-07 t=47s
seed2-v ep=315 lr=1.0e-05 train=8.3818e-07 val=9.0687e-07 best=9.0687e-07 t=48s
seed2-v ep=325 lr=1.0e-05 train=8.3152e-07 val=8.9987e-07 best=8.9987e-07 t=49s
seed2-v ep=330 lr=1.0e-05 train=8.2892e-07 val=8.9607e-07 best=8.9607e-07 t=50s
seed2-v ep=335 lr=1.0e-05 train=8.2380e-07 val=8.9067e-07 best=8.9067e-07 t=51s
seed2-v ep=340 lr=1.0e-05 train=8.2043e-07 val=8.8853e-07 best=8.8853e-07 t=51s
seed2-v ep=345 lr=1.0e-05 train=8.2185e-07 val=8.8474e-07 best=8.8474e-07 t=52s
seed2-v ep=350 lr=1.0e-05 train=8.1302e-07 val=8.8081e-07 best=8.8050e-07 t=53s
seed2-v ep=355 lr=1.0e-05 train=8.0821e-07 val=8.7343e-07 best=8.7343e-07 t=54s
seed2-v ep=365 lr=1.0e-05 train=7.9862e-07 val=8.6308e-07 best=8.6308e-07 t=55s
seed2-v ep=370 lr=1.0e-05 train=7.9455e-07 val=8.5961e-07 best=8.5961e-07 t=56s
seed2-v ep=375 lr=1.0e-05 train=7.8989e-07 val=8.5658e-07 best=8.5320e-07 t=57s
seed2-v ep=380 lr=1.0e-05 train=7.8404e-07 val=8.4692e-07 best=8.4692e-07 t=58s
seed2-v ep=385 lr=1.0e-05 train=7.8383e-07 val=8.4474e-07 best=8.4474e-07 t=58s
seed2-v ep=390 lr=1.0e-05 train=7.7705e-07 val=8.3706e-07 best=8.3706e-07 t=59s
seed2-v ep=400 lr=1.0e-05 train=7.6299e-07 val=8.2452e-07 best=8.2452e-07 t=61s
seed2-v ep=405 lr=1.0e-05 train=7.5778e-07 val=8.1772e-07 best=8.1772e-07 t=61s
seed2-v ep=415 lr=1.0e-05 train=7.4752e-07 val=8.0738e-07 best=8.0738e-07 t=63s
seed2-v ep=420 lr=1.0e-05 train=7.3890e-07 val=7.9744e-07 best=7.9744e-07 t=64s
seed2-v ep=425 lr=1.0e-05 train=7.3175e-07 val=7.9716e-07 best=7.9338e-07 t=64s
seed2-v ep=435 lr=1.0e-05 train=7.2221e-07 val=7.8094e-07 best=7.8094e-07 t=66s
seed2-v ep=450 lr=1.0e-05 train=7.0241e-07 val=7.6347e-07 best=7.5916e-07 t=68s
seed2-v ep=455 lr=1.0e-05 train=7.0021e-07 val=7.5513e-07 best=7.5513e-07 t=69s
seed2-v ep=465 lr=1.0e-05 train=6.8588e-07 val=7.3716e-07 best=7.3716e-07 t=71s
seed2-v ep=470 lr=1.0e-05 train=6.7459e-07 val=7.2678e-07 best=7.2678e-07 t=71s
seed2-v ep=475 lr=1.0e-05 train=6.7080e-07 val=7.3029e-07 best=7.2678e-07 t=72s
seed2-v ep=480 lr=1.0e-05 train=6.6403e-07 val=7.1877e-07 best=7.1877e-07 t=73s
seed2-v ep=485 lr=1.0e-05 train=6.5616e-07 val=7.0698e-07 best=7.0698e-07 t=74s
seed2-v ep=490 lr=1.0e-05 train=6.5739e-07 val=7.0527e-07 best=7.0527e-07 t=74s
seed2-v ep=500 lr=1.0e-05 train=6.3883e-07 val=6.9336e-07 best=6.9282e-07 t=76s
seed2-v ep=505 lr=1.0e-05 train=6.2885e-07 val=6.8213e-07 best=6.8213e-07 t=77s
seed2-v ep=510 lr=1.0e-05 train=6.2852e-07 val=6.7406e-07 best=6.7406e-07 t=77s
seed2-v ep=525 lr=1.0e-05 train=6.0562e-07 val=6.5448e-07 best=6.5442e-07 t=80s
seed2-v ep=545 lr=1.0e-05 train=5.8759e-07 val=6.2924e-07 best=6.2924e-07 t=83s
seed2-v ep=550 lr=1.0e-05 train=5.7604e-07 val=6.2236e-07 best=6.2236e-07 t=84s
seed2-v ep=565 lr=1.0e-05 train=5.5942e-07 val=6.0339e-07 best=6.0339e-07 t=86s
seed2-v ep=570 lr=1.0e-05 train=5.5276e-07 val=5.9827e-07 best=5.9827e-07 t=87s
seed2-v ep=575 lr=1.0e-05 train=5.4900e-07 val=5.9680e-07 best=5.9275e-07 t=87s
seed2-v ep=595 lr=1.0e-05 train=5.2615e-07 val=5.6626e-07 best=5.6626e-07 t=90s
seed2-v ep=600 lr=1.0e-05 train=5.2250e-07 val=5.7161e-07 best=5.6578e-07 t=91s
seed2-v ep=605 lr=1.0e-05 train=5.2026e-07 val=5.5875e-07 best=5.5875e-07 t=92s
seed2-v ep=620 lr=1.0e-05 train=5.0641e-07 val=5.3996e-07 best=5.3996e-07 t=94s
seed2-v ep=625 lr=1.0e-05 train=4.9756e-07 val=5.4304e-07 best=5.3584e-07 t=95s
seed2-v ep=635 lr=1.0e-05 train=4.8829e-07 val=5.2640e-07 best=5.2640e-07 t=96s
seed2-v ep=645 lr=1.0e-05 train=4.8262e-07 val=5.1561e-07 best=5.1561e-07 t=98s
seed2-v ep=650 lr=1.0e-05 train=4.7340e-07 val=5.1036e-07 best=5.1036e-07 t=99s
seed2-v ep=665 lr=1.0e-05 train=4.6082e-07 val=4.9672e-07 best=4.9672e-07 t=101s
seed2-v ep=675 lr=1.0e-05 train=4.6326e-07 val=4.9685e-07 best=4.9274e-07 t=103s
seed2-v ep=700 lr=1.0e-05 train=4.3426e-07 val=4.6618e-07 best=4.6618e-07 t=106s
seed2-v ep=720 lr=1.0e-05 train=4.1931e-07 val=4.5293e-07 best=4.5293e-07 t=109s
seed2-v ep=725 lr=1.0e-05 train=4.1649e-07 val=4.4834e-07 best=4.4834e-07 t=110s
seed2-v ep=730 lr=1.0e-05 train=4.1200e-07 val=4.4260e-07 best=4.4260e-07 t=111s
seed2-v ep=740 lr=1.0e-05 train=4.0875e-07 val=4.3993e-07 best=4.3993e-07 t=113s
seed2-v ep=745 lr=1.0e-05 train=4.0315e-07 val=4.3701e-07 best=4.3701e-07 t=113s
seed2-v ep=750 lr=1.0e-05 train=4.0281e-07 val=4.3884e-07 best=4.3293e-07 t=114s
seed2-v ep=760 lr=1.0e-05 train=3.9415e-07 val=4.2449e-07 best=4.2449e-07 t=116s
seed2-v ep=770 lr=1.0e-05 train=3.8788e-07 val=4.1921e-07 best=4.1921e-07 t=117s
seed2-v ep=775 lr=1.0e-05 train=3.8796e-07 val=4.2004e-07 best=4.1479e-07 t=118s
seed2-v ep=785 lr=1.0e-05 train=3.7965e-07 val=4.0884e-07 best=4.0884e-07 t=119s
seed2-v ep=795 lr=1.0e-05 train=3.7309e-07 val=4.0177e-07 best=4.0177e-07 t=121s
seed2-v ep=800 lr=1.0e-05 train=3.7252e-07 val=3.9764e-07 best=3.9764e-07 t=122s
seed2-v ep=810 lr=1.0e-05 train=3.6719e-07 val=3.9370e-07 best=3.9370e-07 t=123s
seed2-v ep=815 lr=1.0e-05 train=3.6251e-07 val=3.9102e-07 best=3.9102e-07 t=124s
seed2-v ep=825 lr=1.0e-05 train=3.6125e-07 val=4.0211e-07 best=3.8658e-07 t=126s
seed2-v ep=850 lr=1.0e-05 train=3.5392e-07 val=3.8333e-07 best=3.7439e-07 t=129s
seed2-v ep=860 lr=1.0e-05 train=3.4310e-07 val=3.6546e-07 best=3.6546e-07 t=131s
seed2-v ep=870 lr=1.0e-05 train=3.3945e-07 val=3.6227e-07 best=3.6227e-07 t=132s
seed2-v ep=875 lr=1.0e-05 train=3.3668e-07 val=3.7419e-07 best=3.5888e-07 t=133s
seed2-v ep=885 lr=1.0e-05 train=3.2961e-07 val=3.5634e-07 best=3.5634e-07 t=135s
seed2-v ep=900 lr=1.0e-05 train=3.2338e-07 val=3.4739e-07 best=3.4739e-07 t=137s
seed2-v ep=910 lr=1.0e-05 train=3.2124e-07 val=3.4499e-07 best=3.4499e-07 t=139s
seed2-v ep=925 lr=1.0e-05 train=3.1359e-07 val=3.3742e-07 best=3.3742e-07 t=141s
seed2-v ep=950 lr=1.0e-05 train=3.0679e-07 val=3.3017e-07 best=3.2974e-07 t=145s
seed2-v ep=975 lr=1.0e-05 train=2.9854e-07 val=3.2280e-07 best=3.2047e-07 t=148s
seed2-v ep=1000 lr=1.0e-05 train=2.9127e-07 val=3.1640e-07 best=3.1016e-07 t=152s
seed2-v ep=1010 lr=1.0e-05 train=2.8903e-07 val=3.0720e-07 best=3.0720e-07 t=154s
seed2-v ep=1020 lr=1.0e-05 train=2.8342e-07 val=3.0395e-07 best=3.0395e-07 t=155s
seed2-v ep=1025 lr=1.0e-05 train=2.7936e-07 val=3.0290e-07 best=2.9980e-07 t=156s
seed2-v ep=1030 lr=1.0e-05 train=2.7838e-07 val=2.9887e-07 best=2.9887e-07 t=157s
seed2-v ep=1035 lr=1.0e-05 train=2.7788e-07 val=2.9675e-07 best=2.9675e-07 t=158s
seed2-v ep=1040 lr=1.0e-05 train=2.7562e-07 val=2.9524e-07 best=2.9524e-07 t=158s
seed2-v ep=1050 lr=1.0e-05 train=2.7609e-07 val=2.9476e-07 best=2.9152e-07 t=160s
seed2-v ep=1055 lr=1.0e-05 train=2.7032e-07 val=2.9084e-07 best=2.9084e-07 t=161s
seed2-v ep=1060 lr=1.0e-05 train=2.6950e-07 val=2.8907e-07 best=2.8907e-07 t=161s
seed2-v ep=1075 lr=1.0e-05 train=2.6635e-07 val=2.8789e-07 best=2.8538e-07 t=164s
seed2-v ep=1080 lr=1.0e-06 train=2.5373e-07 val=2.7438e-07 best=2.7438e-07 t=165s
seed2-v ep=1085 lr=1.0e-06 train=2.5331e-07 val=2.7382e-07 best=2.7382e-07 t=165s
seed2-v ep=1090 lr=1.0e-06 train=2.5309e-07 val=2.7381e-07 best=2.7381e-07 t=166s
seed2-v ep=1100 lr=1.0e-06 train=2.5290e-07 val=2.7348e-07 best=2.7342e-07 t=168s
seed2-v ep=1120 lr=1.0e-06 train=2.5230e-07 val=2.7264e-07 best=2.7264e-07 t=171s
seed2-v ep=1125 lr=1.0e-06 train=2.5278e-07 val=2.7320e-07 best=2.7264e-07 t=171s
seed2-v ep=1150 lr=1.0e-06 train=2.5161e-07 val=2.7188e-07 best=2.7163e-07 t=175s
seed2-v ep=1155 lr=1.0e-06 train=2.5129e-07 val=2.7158e-07 best=2.7158e-07 t=176s
seed2-v ep=1175 lr=1.0e-06 train=2.5050e-07 val=2.7088e-07 best=2.7088e-07 t=179s
seed2-v ep=1185 lr=1.0e-06 train=2.5044e-07 val=2.7075e-07 best=2.7075e-07 t=181s
seed2-v ep=1190 lr=1.0e-06 train=2.5011e-07 val=2.7054e-07 best=2.7054e-07 t=181s
seed2-v ep=1200 lr=1.0e-06 train=2.5024e-07 val=2.7000e-07 best=2.6988e-07 t=183s
seed2-v ep=1205 lr=1.0e-06 train=2.4992e-07 val=2.6979e-07 best=2.6979e-07 t=184s
seed2-v ep=1225 lr=1.0e-06 train=2.4921e-07 val=2.6938e-07 best=2.6915e-07 t=187s
seed2-v ep=1250 lr=1.0e-06 train=2.4817e-07 val=2.6850e-07 best=2.6818e-07 t=190s
seed2-v ep=1275 lr=1.0e-06 train=2.4705e-07 val=2.6702e-07 best=2.6697e-07 t=194s
seed2-v ep=1290 lr=1.0e-06 train=2.4649e-07 val=2.6664e-07 best=2.6664e-07 t=197s
seed2-v ep=1300 lr=1.0e-06 train=2.4650e-07 val=2.6629e-07 best=2.6599e-07 t=198s
seed2-v ep=1325 lr=1.0e-06 train=2.4545e-07 val=2.6520e-07 best=2.6520e-07 t=202s
seed2-v ep=1350 lr=1.0e-06 train=2.4422e-07 val=2.6450e-07 best=2.6425e-07 t=206s
seed2-v ep=1370 lr=1.0e-06 train=2.4357e-07 val=2.6334e-07 best=2.6334e-07 t=209s
seed2-v ep=1375 lr=1.0e-06 train=2.4355e-07 val=2.6311e-07 best=2.6311e-07 t=210s
seed2-v ep=1400 lr=1.0e-06 train=2.4266e-07 val=2.6220e-07 best=2.6202e-07 t=213s
seed2-v ep=1410 lr=1.0e-06 train=2.4223e-07 val=2.6150e-07 best=2.6150e-07 t=215s
seed2-v ep=1425 lr=1.0e-06 train=2.4165e-07 val=2.6120e-07 best=2.6105e-07 t=217s
seed2-v ep=1450 lr=1.0e-06 train=2.4071e-07 val=2.6048e-07 best=2.6026e-07 t=221s
seed2-v ep=1460 lr=1.0e-06 train=2.4057e-07 val=2.5977e-07 best=2.5977e-07 t=223s
seed2-v ep=1475 lr=1.0e-06 train=2.3987e-07 val=2.5934e-07 best=2.5934e-07 t=225s
seed2-v ep=1480 lr=1.0e-06 train=2.3965e-07 val=2.5916e-07 best=2.5916e-07 t=226s
seed2-v ep=1490 lr=1.0e-06 train=2.3947e-07 val=2.5867e-07 best=2.5867e-07 t=227s
seed2-v ep=1500 lr=1.0e-06 train=2.3945e-07 val=2.5869e-07 best=2.5843e-07 t=229s
seed2-v ep=1525 lr=1.0e-06 train=2.3819e-07 val=2.5714e-07 best=2.5714e-07 t=232s
seed2-v ep=1550 lr=1.0e-06 train=2.3728e-07 val=2.5678e-07 best=2.5637e-07 t=236s
seed2-v ep=1555 lr=1.0e-06 train=2.3709e-07 val=2.5626e-07 best=2.5626e-07 t=237s
seed2-v ep=1575 lr=1.0e-06 train=2.3635e-07 val=2.5538e-07 best=2.5538e-07 t=240s
seed2-v ep=1580 lr=1.0e-06 train=2.3649e-07 val=2.5520e-07 best=2.5520e-07 t=241s
seed2-v ep=1585 lr=1.0e-06 train=2.3600e-07 val=2.5508e-07 best=2.5508e-07 t=242s
seed2-v ep=1595 lr=1.0e-06 train=2.3574e-07 val=2.5475e-07 best=2.5475e-07 t=243s
seed2-v ep=1600 lr=1.0e-06 train=2.3590e-07 val=2.5486e-07 best=2.5452e-07 t=244s
seed2-v ep=1625 lr=1.0e-06 train=2.3490e-07 val=2.5397e-07 best=2.5375e-07 t=248s
seed2-v ep=1640 lr=1.0e-06 train=2.3424e-07 val=2.5300e-07 best=2.5300e-07 t=250s
seed2-v ep=1650 lr=1.0e-06 train=2.3410e-07 val=2.5275e-07 best=2.5262e-07 t=252s
seed2-v ep=1660 lr=1.0e-06 train=2.3356e-07 val=2.5223e-07 best=2.5223e-07 t=253s
seed2-v ep=1675 lr=1.0e-06 train=2.3363e-07 val=2.5201e-07 best=2.5200e-07 t=255s
seed2-v ep=1680 lr=1.0e-06 train=2.3302e-07 val=2.5161e-07 best=2.5161e-07 t=256s
seed2-v ep=1700 lr=1.0e-06 train=2.3264e-07 val=2.5071e-07 best=2.5071e-07 t=259s
seed2-v ep=1710 lr=1.0e-06 train=2.3201e-07 val=2.5064e-07 best=2.5064e-07 t=261s
seed2-v ep=1715 lr=1.0e-06 train=2.3183e-07 val=2.5029e-07 best=2.5029e-07 t=261s
seed2-v ep=1720 lr=1.0e-06 train=2.3152e-07 val=2.5011e-07 best=2.5011e-07 t=262s
seed2-v ep=1725 lr=1.0e-06 train=2.3137e-07 val=2.5010e-07 best=2.5009e-07 t=263s
seed2-v ep=1745 lr=1.0e-06 train=2.3062e-07 val=2.4916e-07 best=2.4916e-07 t=266s
seed2-v ep=1750 lr=1.0e-06 train=2.3088e-07 val=2.4929e-07 best=2.4916e-07 t=267s
seed2-v ep=1760 lr=1.0e-06 train=2.3041e-07 val=2.4856e-07 best=2.4856e-07 t=268s
seed2-v ep=1775 lr=1.0e-06 train=2.2983e-07 val=2.4855e-07 best=2.4833e-07 t=271s
seed2-v ep=1790 lr=1.0e-06 train=2.2930e-07 val=2.4772e-07 best=2.4772e-07 t=273s
seed2-v ep=1795 lr=1.0e-06 train=2.2918e-07 val=2.4744e-07 best=2.4744e-07 t=274s
seed2-v ep=1800 lr=1.0e-06 train=2.2909e-07 val=2.4754e-07 best=2.4728e-07 t=274s
seed2-v ep=1810 lr=1.0e-06 train=2.2847e-07 val=2.4697e-07 best=2.4697e-07 t=276s
seed2-v ep=1825 lr=1.0e-06 train=2.2855e-07 val=2.4687e-07 best=2.4665e-07 t=278s
seed2-v ep=1845 lr=1.0e-06 train=2.2738e-07 val=2.4583e-07 best=2.4583e-07 t=281s
seed2-v ep=1850 lr=1.0e-06 train=2.2739e-07 val=2.4607e-07 best=2.4571e-07 t=282s
seed2-v ep=1860 lr=1.0e-06 train=2.2714e-07 val=2.4516e-07 best=2.4516e-07 t=284s
seed2-v ep=1875 lr=1.0e-06 train=2.2655e-07 val=2.4476e-07 best=2.4476e-07 t=286s
seed2-v ep=1880 lr=1.0e-06 train=2.2648e-07 val=2.4465e-07 best=2.4465e-07 t=287s
seed2-v ep=1885 lr=1.0e-06 train=2.2661e-07 val=2.4458e-07 best=2.4458e-07 t=287s
seed2-v ep=1895 lr=1.0e-06 train=2.2582e-07 val=2.4389e-07 best=2.4389e-07 t=289s
seed2-v ep=1900 lr=1.0e-06 train=2.2584e-07 val=2.4435e-07 best=2.4389e-07 t=290s
seed2-v ep=1905 lr=1.0e-06 train=2.2541e-07 val=2.4372e-07 best=2.4372e-07 t=290s
seed2-v ep=1925 lr=1.0e-06 train=2.2528e-07 val=2.4396e-07 best=2.4321e-07 t=293s
seed2-v ep=1940 lr=1.0e-06 train=2.2448e-07 val=2.4261e-07 best=2.4261e-07 t=296s
seed2-v ep=1950 lr=1.0e-06 train=2.2450e-07 val=2.4272e-07 best=2.4220e-07 t=297s
seed2-v ep=1960 lr=1.0e-06 train=2.2391e-07 val=2.4204e-07 best=2.4204e-07 t=299s
seed2-v ep=1975 lr=1.0e-06 train=2.2389e-07 val=2.4171e-07 best=2.4140e-07 t=301s
seed2-v ep=2000 lr=1.0e-06 train=2.2309e-07 val=2.4095e-07 best=2.4050e-07 t=305s
seed2-v ep=2020 lr=1.0e-06 train=2.2254e-07 val=2.3978e-07 best=2.3978e-07 t=308s
seed2-v ep=2025 lr=1.0e-06 train=2.2210e-07 val=2.4014e-07 best=2.3978e-07 t=309s
seed2-v ep=2050 lr=1.0e-06 train=2.2121e-07 val=2.3876e-07 best=2.3876e-07 t=313s
seed2-v ep=2060 lr=1.0e-06 train=2.2106e-07 val=2.3870e-07 best=2.3870e-07 t=314s
seed2-v ep=2075 lr=1.0e-06 train=2.2062e-07 val=2.3823e-07 best=2.3823e-07 t=316s
seed2-v ep=2100 lr=1.0e-06 train=2.1966e-07 val=2.3778e-07 best=2.3720e-07 t=320s
seed2-v ep=2110 lr=1.0e-06 train=2.1962e-07 val=2.3718e-07 best=2.3718e-07 t=322s
seed2-v ep=2125 lr=1.0e-06 train=2.1901e-07 val=2.3671e-07 best=2.3661e-07 t=324s
seed2-v ep=2130 lr=1.0e-06 train=2.1878e-07 val=2.3631e-07 best=2.3631e-07 t=325s
seed2-v ep=2140 lr=1.0e-06 train=2.1836e-07 val=2.3585e-07 best=2.3585e-07 t=326s
seed2-v ep=2150 lr=1.0e-06 train=2.1834e-07 val=2.3595e-07 best=2.3581e-07 t=328s
seed2-v ep=2175 lr=1.0e-06 train=2.1753e-07 val=2.3537e-07 best=2.3490e-07 t=332s
seed2-v ep=2185 lr=1.0e-06 train=2.1708e-07 val=2.3454e-07 best=2.3454e-07 t=333s
seed2-v ep=2190 lr=1.0e-06 train=2.1707e-07 val=2.3434e-07 best=2.3434e-07 t=334s
seed2-v ep=2200 lr=1.0e-06 train=2.1712e-07 val=2.3481e-07 best=2.3423e-07 t=335s
seed2-v ep=2205 lr=1.0e-06 train=2.1661e-07 val=2.3388e-07 best=2.3388e-07 t=336s
seed2-v ep=2225 lr=1.0e-06 train=2.1596e-07 val=2.3370e-07 best=2.3333e-07 t=339s
seed2-v ep=2245 lr=1.0e-06 train=2.1595e-07 val=2.3276e-07 best=2.3276e-07 t=342s
seed2-v ep=2250 lr=1.0e-07 train=2.1423e-07 val=2.3182e-07 best=2.3182e-07 t=343s
seed2-v ep=2255 lr=1.0e-07 train=2.1422e-07 val=2.3181e-07 best=2.3181e-07 t=344s
seed2-v ep=2265 lr=1.0e-07 train=2.1418e-07 val=2.3179e-07 best=2.3179e-07 t=345s
seed2-v ep=2275 lr=1.0e-08 train=2.1406e-07 val=2.3180e-07 best=2.3178e-07 t=347s
seed2-v ep=2300 lr=1.0e-08 train=2.1404e-07 val=2.3176e-07 best=2.3175e-07 t=351s
seed2-v ep=2325 lr=1.0e-08 train=2.1404e-07 val=2.3175e-07 best=2.3175e-07 t=355s
seed2-v ep=2340 lr=1.0e-08 train=2.1403e-07 val=2.3175e-07 best=2.3175e-07 t=357s
seed2-v ep=2350 lr=1.0e-08 train=2.1403e-07 val=2.3175e-07 best=2.3174e-07 t=358s
seed2-v ep=2360 lr=1.0e-08 train=2.1402e-07 val=2.3174e-07 best=2.3174e-07 t=360s
seed2-v ep=2375 lr=1.0e-08 train=2.1403e-07 val=2.3174e-07 best=2.3173e-07 t=362s
seed2-v ep=2400 lr=1.0e-08 train=2.1401e-07 val=2.3173e-07 best=2.3173e-07 t=366s
seed2-v ep=2425 lr=1.0e-08 train=2.1401e-07 val=2.3173e-07 best=2.3172e-07 t=370s
seed2-v ep=2435 lr=1.0e-08 train=2.1400e-07 val=2.3172e-07 best=2.3172e-07 t=371s
seed2-v ep=2450 lr=1.0e-08 train=2.1400e-07 val=2.3172e-07 best=2.3172e-07 t=374s
seed2-v ep=2460 lr=1.0e-08 train=2.1400e-07 val=2.3171e-07 best=2.3171e-07 t=375s
seed2-v ep=2475 lr=1.0e-08 train=2.1400e-07 val=2.3171e-07 best=2.3171e-07 t=378s
seed2-v ep=2500 lr=1.0e-08 train=2.1399e-07 val=2.3170e-07 best=2.3170e-07 t=381s
seed2-v ep=2525 lr=1.0e-08 train=2.1398e-07 val=2.3169e-07 best=2.3169e-07 t=385s
seed2-v ep=2530 lr=1.0e-08 train=2.1398e-07 val=2.3169e-07 best=2.3169e-07 t=386s
seed2-v ep=2550 lr=1.0e-08 train=2.1398e-07 val=2.3170e-07 best=2.3169e-07 t=389s
seed2-v ep=2560 lr=1.0e-08 train=2.1398e-07 val=2.3168e-07 best=2.3168e-07 t=391s
seed2-v ep=2575 lr=1.0e-08 train=2.1397e-07 val=2.3169e-07 best=2.3168e-07 t=393s
seed2-v ep=2600 lr=1.0e-08 train=2.1396e-07 val=2.3168e-07 best=2.3167e-07 t=397s
seed2-v ep=2615 lr=1.0e-08 train=2.1396e-07 val=2.3167e-07 best=2.3167e-07 t=399s
seed2-v ep=2625 lr=1.0e-08 train=2.1396e-07 val=2.3167e-07 best=2.3167e-07 t=400s
seed2-v ep=2650 lr=1.0e-08 train=2.1395e-07 val=2.3167e-07 best=2.3166e-07 t=404s
seed2-v ep=2670 lr=1.0e-08 train=2.1395e-07 val=2.3166e-07 best=2.3166e-07 t=407s
seed2-v ep=2675 lr=1.0e-08 train=2.1395e-07 val=2.3166e-07 best=2.3166e-07 t=408s
seed2-v ep=2700 lr=1.0e-08 train=2.1394e-07 val=2.3165e-07 best=2.3164e-07 t=412s
seed2-v ep=2725 lr=1.0e-08 train=2.1394e-07 val=2.3165e-07 best=2.3164e-07 t=416s
seed2-v ep=2735 lr=1.0e-08 train=2.1393e-07 val=2.3164e-07 best=2.3164e-07 t=417s
seed2-v ep=2750 lr=1.0e-08 train=2.1393e-07 val=2.3164e-07 best=2.3163e-07 t=420s
seed2-v ep=2775 lr=1.0e-08 train=2.1392e-07 val=2.3164e-07 best=2.3163e-07 t=423s
seed2-v ep=2780 lr=1.0e-08 train=2.1393e-07 val=2.3163e-07 best=2.3163e-07 t=424s
seed2-v ep=2800 lr=1.0e-08 train=2.1392e-07 val=2.3162e-07 best=2.3162e-07 t=427s
seed2-v ep=2825 lr=1.0e-08 train=2.1391e-07 val=2.3162e-07 best=2.3161e-07 t=431s
seed2-v ep=2845 lr=1.0e-08 train=2.1391e-07 val=2.3161e-07 best=2.3161e-07 t=434s
seed2-v ep=2850 lr=1.0e-08 train=2.1391e-07 val=2.3162e-07 best=2.3161e-07 t=435s
seed2-v ep=2875 lr=1.0e-08 train=2.1390e-07 val=2.3161e-07 best=2.3160e-07 t=439s
seed2-v ep=2900 lr=1.0e-08 train=2.1389e-07 val=2.3160e-07 best=2.3160e-07 t=442s
seed2-v ep=2910 lr=1.0e-08 train=2.1389e-07 val=2.3159e-07 best=2.3159e-07 t=444s
seed2-v ep=2925 lr=1.0e-08 train=2.1389e-07 val=2.3159e-07 best=2.3158e-07 t=446s
seed2-v ep=2950 lr=1.0e-08 train=2.1388e-07 val=2.3159e-07 best=2.3158e-07 t=450s
seed2-v ep=2960 lr=1.0e-08 train=2.1388e-07 val=2.3158e-07 best=2.3158e-07 t=452s
seed2-v ep=2975 lr=1.0e-08 train=2.1388e-07 val=2.3158e-07 best=2.3157e-07 t=454s
seed2-v ep=3000 lr=1.0e-08 train=2.1387e-07 val=2.3158e-07 best=2.3157e-07 t=458s
seed2-v ep=3010 lr=1.0e-08 train=2.1387e-07 val=2.3157e-07 best=2.3157e-07 t=459s
seed2-v ep=3025 lr=1.0e-08 train=2.1387e-07 val=2.3158e-07 best=2.3156e-07 t=461s
seed2-v ep=3050 lr=1.0e-08 train=2.1386e-07 val=2.3156e-07 best=2.3156e-07 t=465s
seed2-v ep=3075 lr=1.0e-08 train=2.1385e-07 val=2.3156e-07 best=2.3155e-07 t=469s
seed2-v ep=3080 lr=1.0e-08 train=2.1385e-07 val=2.3155e-07 best=2.3155e-07 t=470s
seed2-v ep=3100 lr=1.0e-08 train=2.1385e-07 val=2.3154e-07 best=2.3154e-07 t=473s
seed2-v ep=3105 lr=1.0e-08 train=2.1384e-07 val=2.3154e-07 best=2.3154e-07 t=474s
seed2-v ep=3115 lr=1.0e-08 train=2.1384e-07 val=2.3154e-07 best=2.3154e-07 t=475s
seed2-v ep=3120 lr=1.0e-08 train=2.1384e-07 val=2.3154e-07 best=2.3154e-07 t=476s
seed2-v ep=3125 lr=1.0e-08 train=2.1384e-07 val=2.3154e-07 best=2.3154e-07 t=477s
seed2-v ep=3150 lr=1.0e-08 train=2.1383e-07 val=2.3154e-07 best=2.3153e-07 t=481s
seed2-v ep=3175 lr=1.0e-08 train=2.1383e-07 val=2.3153e-07 best=2.3153e-07 t=484s
seed2-v ep=3185 lr=1.0e-08 train=2.1383e-07 val=2.3152e-07 best=2.3152e-07 t=486s
seed2-v ep=3200 lr=1.0e-08 train=2.1383e-07 val=2.3153e-07 best=2.3152e-07 t=488s
seed2-v ep=3225 lr=1.0e-08 train=2.1382e-07 val=2.3152e-07 best=2.3152e-07 t=492s
seed2-v ep=3250 lr=1.0e-08 train=2.1381e-07 val=2.3151e-07 best=2.3151e-07 t=496s
seed2-v ep=3275 lr=1.0e-08 train=2.1381e-07 val=2.3151e-07 best=2.3150e-07 t=500s
seed2-v ep=3300 lr=1.0e-08 train=2.1380e-07 val=2.3151e-07 best=2.3149e-07 t=503s
seed2-v ep=3315 lr=1.0e-08 train=2.1380e-07 val=2.3149e-07 best=2.3149e-07 t=506s
seed2-v ep=3325 lr=1.0e-08 train=2.1379e-07 val=2.3151e-07 best=2.3149e-07 t=507s
seed2-v ep=3345 lr=1.0e-08 train=2.1379e-07 val=2.3149e-07 best=2.3149e-07 t=510s
seed2-v ep=3350 lr=1.0e-08 train=2.1379e-07 val=2.3149e-07 best=2.3149e-07 t=511s
seed2-v ep=3375 lr=1.0e-08 train=2.1378e-07 val=2.3147e-07 best=2.3147e-07 t=515s
seed2-v ep=3400 lr=1.0e-08 train=2.1377e-07 val=2.3148e-07 best=2.3146e-07 t=519s
seed2-v ep=3425 lr=1.0e-08 train=2.1377e-07 val=2.3146e-07 best=2.3146e-07 t=522s
seed2-v ep=3430 lr=1.0e-08 train=2.1377e-07 val=2.3146e-07 best=2.3146e-07 t=523s
seed2-v ep=3450 lr=1.0e-08 train=2.1377e-07 val=2.3146e-07 best=2.3145e-07 t=526s
seed2-v ep=3475 lr=1.0e-08 train=2.1376e-07 val=2.3146e-07 best=2.3145e-07 t=530s
seed2-v ep=3480 lr=1.0e-08 train=2.1376e-07 val=2.3145e-07 best=2.3145e-07 t=531s
seed2-v ep=3500 lr=1.0e-08 train=2.1376e-07 val=2.3145e-07 best=2.3145e-07 t=534s
seed2-v ep=3515 lr=1.0e-08 train=2.1375e-07 val=2.3144e-07 best=2.3144e-07 t=536s
seed2-v ep=3525 lr=1.0e-08 train=2.1375e-07 val=2.3144e-07 best=2.3144e-07 t=538s
seed2-v ep=3550 lr=1.0e-08 train=2.1375e-07 val=2.3143e-07 best=2.3143e-07 t=541s
seed2-v ep=3575 lr=1.0e-08 train=2.1374e-07 val=2.3144e-07 best=2.3143e-07 t=545s
seed2-v ep=3600 lr=1.0e-08 train=2.1373e-07 val=2.3143e-07 best=2.3141e-07 t=549s
seed2-v ep=3625 lr=1.0e-08 train=2.1372e-07 val=2.3141e-07 best=2.3141e-07 t=553s
seed2-v ep=3650 lr=1.0e-08 train=2.1372e-07 val=2.3140e-07 best=2.3140e-07 t=557s
seed2-v ep=3675 lr=1.0e-08 train=2.1372e-07 val=2.3142e-07 best=2.3140e-07 t=560s
seed2-v ep=3700 lr=1.0e-08 train=2.1371e-07 val=2.3139e-07 best=2.3139e-07 t=564s
seed2-v ep=3725 lr=1.0e-08 train=2.1370e-07 val=2.3139e-07 best=2.3139e-07 t=568s
seed2-v ep=3735 lr=1.0e-08 train=2.1370e-07 val=2.3138e-07 best=2.3138e-07 t=570s
seed2-v ep=3750 lr=1.0e-08 train=2.1369e-07 val=2.3139e-07 best=2.3138e-07 t=572s
seed2-v ep=3765 lr=1.0e-08 train=2.1369e-07 val=2.3137e-07 best=2.3137e-07 t=574s
seed2-v ep=3775 lr=1.0e-08 train=2.1369e-07 val=2.3138e-07 best=2.3137e-07 t=576s
seed2-v ep=3780 lr=1.0e-08 train=2.1369e-07 val=2.3137e-07 best=2.3137e-07 t=576s
seed2-v ep=3795 lr=1.0e-08 train=2.1369e-07 val=2.3137e-07 best=2.3137e-07 t=579s
seed2-v ep=3800 lr=1.0e-08 train=2.1368e-07 val=2.3138e-07 best=2.3137e-07 t=579s
seed2-v ep=3825 lr=1.0e-08 train=2.1368e-07 val=2.3137e-07 best=2.3136e-07 t=583s
seed2-v ep=3850 lr=1.0e-08 train=2.1367e-07 val=2.3137e-07 best=2.3135e-07 t=587s
seed2-v ep=3860 lr=1.0e-08 train=2.1367e-07 val=2.3135e-07 best=2.3135e-07 t=588s
seed2-v ep=3875 lr=1.0e-08 train=2.1367e-07 val=2.3136e-07 best=2.3135e-07 t=591s
seed2-v ep=3885 lr=1.0e-08 train=2.1367e-07 val=2.3134e-07 best=2.3134e-07 t=592s
seed2-v ep=3900 lr=1.0e-08 train=2.1366e-07 val=2.3135e-07 best=2.3134e-07 t=595s
seed2-v ep=3925 lr=1.0e-08 train=2.1365e-07 val=2.3136e-07 best=2.3134e-07 t=598s
seed2-v ep=3950 lr=1.0e-08 train=2.1366e-07 val=2.3134e-07 best=2.3133e-07 t=602s
seed2-v ep=3975 lr=1.0e-08 train=2.1364e-07 val=2.3133e-07 best=2.3132e-07 t=606s
seed2-v ep=4000 lr=1.0e-08 train=2.1364e-07 val=2.3132e-07 best=2.3132e-07 t=610s
seed2-v ep=4005 lr=1.0e-08 train=2.1363e-07 val=2.3131e-07 best=2.3131e-07 t=611s
seed2-v ep=4025 lr=1.0e-08 train=2.1363e-07 val=2.3133e-07 best=2.3131e-07 t=614s
seed2-v ep=4050 lr=1.0e-08 train=2.1363e-07 val=2.3131e-07 best=2.3130e-07 t=617s
seed2-v ep=4075 lr=1.0e-08 train=2.1362e-07 val=2.3130e-07 best=2.3130e-07 t=621s
seed2-v ep=4100 lr=1.0e-08 train=2.1361e-07 val=2.3131e-07 best=2.3129e-07 t=625s
seed2-v ep=4125 lr=1.0e-08 train=2.1361e-07 val=2.3129e-07 best=2.3129e-07 t=629s
seed2-v ep=4145 lr=1.0e-08 train=2.1360e-07 val=2.3128e-07 best=2.3128e-07 t=632s
seed2-v ep=4150 lr=1.0e-08 train=2.1360e-07 val=2.3129e-07 best=2.3128e-07 t=633s
seed2-v ep=4175 lr=1.0e-08 train=2.1360e-07 val=2.3128e-07 best=2.3127e-07 t=636s
seed2-v ep=4195 lr=1.0e-08 train=2.1359e-07 val=2.3127e-07 best=2.3127e-07 t=639s
seed2-v ep=4200 lr=1.0e-08 train=2.1359e-07 val=2.3126e-07 best=2.3126e-07 t=640s
seed2-v ep=4225 lr=1.0e-08 train=2.1358e-07 val=2.3128e-07 best=2.3126e-07 t=644s
seed2-v ep=4250 lr=1.0e-08 train=2.1358e-07 val=2.3126e-07 best=2.3126e-07 t=648s
seed2-v ep=4255 lr=1.0e-08 train=2.1358e-07 val=2.3125e-07 best=2.3125e-07 t=648s
seed2-v ep=4275 lr=1.0e-08 train=2.1357e-07 val=2.3125e-07 best=2.3124e-07 t=651s
seed2-v ep=4300 lr=1.0e-08 train=2.1357e-07 val=2.3125e-07 best=2.3124e-07 t=655s
seed2-v ep=4325 lr=1.0e-08 train=2.1356e-07 val=2.3124e-07 best=2.3123e-07 t=659s
seed2-v ep=4350 lr=1.0e-08 train=2.1355e-07 val=2.3124e-07 best=2.3123e-07 t=663s
seed2-v ep=4365 lr=1.0e-08 train=2.1355e-07 val=2.3122e-07 best=2.3122e-07 t=665s
seed2-v ep=4375 lr=1.0e-08 train=2.1355e-07 val=2.3123e-07 best=2.3122e-07 t=667s
seed2-v ep=4380 lr=1.0e-08 train=2.1355e-07 val=2.3122e-07 best=2.3122e-07 t=667s
seed2-v ep=4400 lr=1.0e-08 train=2.1354e-07 val=2.3122e-07 best=2.3122e-07 t=670s
seed2-v ep=4425 lr=1.0e-08 train=2.1354e-07 val=2.3122e-07 best=2.3122e-07 t=674s
seed2-v ep=4450 lr=1.0e-08 train=2.1353e-07 val=2.3121e-07 best=2.3120e-07 t=678s
seed2-v ep=4475 lr=1.0e-08 train=2.1353e-07 val=2.3121e-07 best=2.3120e-07 t=682s
seed2-v ep=4500 lr=1.0e-08 train=2.1352e-07 val=2.3120e-07 best=2.3120e-07 t=686s
seed2-v ep=4505 lr=1.0e-08 train=2.1352e-07 val=2.3119e-07 best=2.3119e-07 t=686s
seed2-v ep=4510 lr=1.0e-08 train=2.1352e-07 val=2.3119e-07 best=2.3119e-07 t=687s
seed2-v ep=4525 lr=1.0e-08 train=2.1352e-07 val=2.3120e-07 best=2.3118e-07 t=689s
seed2-v ep=4550 lr=1.0e-08 train=2.1351e-07 val=2.3120e-07 best=2.3118e-07 t=693s
seed2-v ep=4575 lr=1.0e-08 train=2.1351e-07 val=2.3118e-07 best=2.3117e-07 t=697s
seed2-v ep=4600 lr=1.0e-08 train=2.1350e-07 val=2.3117e-07 best=2.3117e-07 t=701s
seed2-v ep=4625 lr=1.0e-08 train=2.1349e-07 val=2.3118e-07 best=2.3117e-07 t=705s
seed2-v ep=4635 lr=1.0e-08 train=2.1349e-07 val=2.3115e-07 best=2.3115e-07 t=706s
seed2-v ep=4650 lr=1.0e-08 train=2.1349e-07 val=2.3116e-07 best=2.3115e-07 t=709s
seed2-v ep=4675 lr=1.0e-08 train=2.1348e-07 val=2.3115e-07 best=2.3115e-07 t=712s
seed2-v ep=4700 lr=1.0e-08 train=2.1347e-07 val=2.3115e-07 best=2.3114e-07 t=716s
seed2-v ep=4725 lr=1.0e-08 train=2.1347e-07 val=2.3114e-07 best=2.3114e-07 t=720s
seed2-v ep=4740 lr=1.0e-08 train=2.1346e-07 val=2.3114e-07 best=2.3114e-07 t=722s
seed2-v ep=4745 lr=1.0e-08 train=2.1347e-07 val=2.3113e-07 best=2.3113e-07 t=723s
seed2-v ep=4750 lr=1.0e-08 train=2.1346e-07 val=2.3115e-07 best=2.3113e-07 t=724s
seed2-v ep=4755 lr=1.0e-08 train=2.1347e-07 val=2.3113e-07 best=2.3113e-07 t=725s
seed2-v ep=4775 lr=1.0e-08 train=2.1345e-07 val=2.3113e-07 best=2.3112e-07 t=728s
seed2-v ep=4800 lr=1.0e-08 train=2.1345e-07 val=2.3112e-07 best=2.3112e-07 t=731s
seed2-v ep=4820 lr=1.0e-08 train=2.1345e-07 val=2.3111e-07 best=2.3111e-07 t=734s
seed2-v ep=4825 lr=1.0e-08 train=2.1345e-07 val=2.3112e-07 best=2.3111e-07 t=735s
seed2-v ep=4840 lr=1.0e-08 train=2.1344e-07 val=2.3111e-07 best=2.3111e-07 t=738s
seed2-v ep=4845 lr=1.0e-08 train=2.1345e-07 val=2.3111e-07 best=2.3111e-07 t=738s
seed2-v ep=4850 lr=1.0e-08 train=2.1344e-07 val=2.3110e-07 best=2.3110e-07 t=739s
seed2-v ep=4875 lr=1.0e-08 train=2.1344e-07 val=2.3111e-07 best=2.3110e-07 t=743s
seed2-v ep=4900 lr=1.0e-08 train=2.1343e-07 val=2.3109e-07 best=2.3109e-07 t=747s
seed2-v ep=4925 lr=1.0e-08 train=2.1342e-07 val=2.3110e-07 best=2.3108e-07 t=751s
seed2-v ep=4950 lr=1.0e-08 train=2.1342e-07 val=2.3109e-07 best=2.3108e-07 t=754s
seed2-v ep=4975 lr=1.0e-08 train=2.1341e-07 val=2.3109e-07 best=2.3108e-07 t=758s
seed2-v ep=4990 lr=1.0e-08 train=2.1341e-07 val=2.3107e-07 best=2.3107e-07 t=760s
seed2-v ep=5000 lr=1.0e-08 train=2.1341e-07 val=2.3108e-07 best=2.3107e-07 t=762s
seed2-v ep=5025 lr=1.0e-08 train=2.1340e-07 val=2.3107e-07 best=2.3107e-07 t=766s
seed2-v ep=5050 lr=1.0e-08 train=2.1339e-07 val=2.3107e-07 best=2.3106e-07 t=770s
seed2-v ep=5075 lr=1.0e-08 train=2.1339e-07 val=2.3106e-07 best=2.3105e-07 t=773s
seed2-v ep=5085 lr=1.0e-08 train=2.1338e-07 val=2.3105e-07 best=2.3105e-07 t=775s
seed2-v ep=5100 lr=1.0e-08 train=2.1338e-07 val=2.3106e-07 best=2.3105e-07 t=777s
seed2-v ep=5125 lr=1.0e-08 train=2.1338e-07 val=2.3104e-07 best=2.3104e-07 t=781s
seed2-v ep=5150 lr=1.0e-08 train=2.1337e-07 val=2.3104e-07 best=2.3103e-07 t=785s
seed2-v ep=5155 lr=1.0e-08 train=2.1337e-07 val=2.3103e-07 best=2.3103e-07 t=786s
seed2-v ep=5175 lr=1.0e-08 train=2.1336e-07 val=2.3104e-07 best=2.3103e-07 t=789s
seed2-v ep=5200 lr=1.0e-08 train=2.1336e-07 val=2.3102e-07 best=2.3102e-07 t=793s
seed2-v ep=5225 lr=1.0e-08 train=2.1335e-07 val=2.3102e-07 best=2.3101e-07 t=796s
seed2-v ep=5250 lr=1.0e-08 train=2.1335e-07 val=2.3101e-07 best=2.3101e-07 t=800s
seed2-v ep=5275 lr=1.0e-08 train=2.1334e-07 val=2.3100e-07 best=2.3100e-07 t=804s
seed2-v ep=5300 lr=1.0e-08 train=2.1334e-07 val=2.3100e-07 best=2.3100e-07 t=808s
seed2-v ep=5325 lr=1.0e-08 train=2.1333e-07 val=2.3100e-07 best=2.3099e-07 t=812s
seed2-v ep=5350 lr=1.0e-08 train=2.1332e-07 val=2.3100e-07 best=2.3098e-07 t=816s
seed2-v ep=5375 lr=1.0e-08 train=2.1332e-07 val=2.3099e-07 best=2.3097e-07 t=819s
seed2-v ep=5400 lr=1.0e-08 train=2.1331e-07 val=2.3099e-07 best=2.3097e-07 t=823s
seed2-v ep=5410 lr=1.0e-08 train=2.1331e-07 val=2.3097e-07 best=2.3097e-07 t=825s
seed2-v ep=5425 lr=1.0e-08 train=2.1331e-07 val=2.3097e-07 best=2.3096e-07 t=827s
seed2-v ep=5450 lr=1.0e-08 train=2.1331e-07 val=2.3096e-07 best=2.3096e-07 t=831s
seed2-v ep=5475 lr=1.0e-08 train=2.1330e-07 val=2.3095e-07 best=2.3095e-07 t=835s
seed2-v ep=5500 lr=1.0e-08 train=2.1329e-07 val=2.3096e-07 best=2.3095e-07 t=838s
seed2-v ep=5525 lr=1.0e-08 train=2.1329e-07 val=2.3094e-07 best=2.3094e-07 t=842s
seed2-v ep=5550 lr=1.0e-08 train=2.1328e-07 val=2.3094e-07 best=2.3093e-07 t=846s
seed2-v ep=5575 lr=1.0e-08 train=2.1328e-07 val=2.3093e-07 best=2.3093e-07 t=850s
seed2-v ep=5600 lr=1.0e-08 train=2.1327e-07 val=2.3093e-07 best=2.3092e-07 t=854s
seed2-v ep=5615 lr=1.0e-08 train=2.1326e-07 val=2.3092e-07 best=2.3092e-07 t=856s
seed2-v ep=5625 lr=1.0e-08 train=2.1327e-07 val=2.3093e-07 best=2.3091e-07 t=858s
seed2-v ep=5650 lr=1.0e-08 train=2.1326e-07 val=2.3092e-07 best=2.3091e-07 t=861s
seed2-v ep=5660 lr=1.0e-08 train=2.1325e-07 val=2.3090e-07 best=2.3090e-07 t=863s
seed2-v ep=5675 lr=1.0e-08 train=2.1325e-07 val=2.3092e-07 best=2.3090e-07 t=865s
seed2-v ep=5700 lr=1.0e-08 train=2.1324e-07 val=2.3090e-07 best=2.3090e-07 t=869s
seed2-v ep=5725 lr=1.0e-08 train=2.1324e-07 val=2.3089e-07 best=2.3089e-07 t=873s
seed2-v ep=5750 lr=1.0e-08 train=2.1324e-07 val=2.3089e-07 best=2.3089e-07 t=877s
seed2-v ep=5775 lr=1.0e-08 train=2.1323e-07 val=2.3089e-07 best=2.3088e-07 t=881s
seed2-v ep=5800 lr=1.0e-08 train=2.1322e-07 val=2.3088e-07 best=2.3088e-07 t=884s
seed2-v ep=5825 lr=1.0e-08 train=2.1322e-07 val=2.3088e-07 best=2.3087e-07 t=888s
seed2-v ep=5845 lr=1.0e-08 train=2.1321e-07 val=2.3087e-07 best=2.3087e-07 t=891s
seed2-v ep=5850 lr=1.0e-08 train=2.1321e-07 val=2.3086e-07 best=2.3085e-07 t=892s
seed2-v ep=5865 lr=1.0e-08 train=2.1321e-07 val=2.3085e-07 best=2.3085e-07 t=894s
seed2-v ep=5875 lr=1.0e-08 train=2.1321e-07 val=2.3085e-07 best=2.3085e-07 t=896s
seed2-v ep=5895 lr=1.0e-08 train=2.1321e-07 val=2.3085e-07 best=2.3085e-07 t=899s
seed2-v ep=5900 lr=1.0e-08 train=2.1320e-07 val=2.3086e-07 best=2.3085e-07 t=900s
seed2-v ep=5925 lr=1.0e-08 train=2.1320e-07 val=2.3085e-07 best=2.3085e-07 t=903s
seed2-v ep=5950 lr=1.0e-08 train=2.1319e-07 val=2.3084e-07 best=2.3084e-07 t=907s
seed2-v ep=5975 lr=1.0e-08 train=2.1318e-07 val=2.3083e-07 best=2.3083e-07 t=911s
seed2-v ep=6000 lr=1.0e-08 train=2.1318e-07 val=2.3083e-07 best=2.3082e-07 t=915s
seed2-v ep=6025 lr=1.0e-08 train=2.1317e-07 val=2.3082e-07 best=2.3082e-07 t=919s
seed2-v ep=6050 lr=1.0e-08 train=2.1316e-07 val=2.3081e-07 best=2.3081e-07 t=922s
seed2-v ep=6075 lr=1.0e-08 train=2.1316e-07 val=2.3082e-07 best=2.3081e-07 t=926s
seed2-v ep=6090 lr=1.0e-08 train=2.1316e-07 val=2.3080e-07 best=2.3080e-07 t=929s
seed2-v ep=6100 lr=1.0e-08 train=2.1316e-07 val=2.3080e-07 best=2.3080e-07 t=930s
seed2-v ep=6110 lr=1.0e-08 train=2.1315e-07 val=2.3080e-07 best=2.3080e-07 t=932s
seed2-v ep=6125 lr=1.0e-08 train=2.1314e-07 val=2.3081e-07 best=2.3079e-07 t=934s
seed2-v ep=6150 lr=1.0e-08 train=2.1314e-07 val=2.3080e-07 best=2.3079e-07 t=938s
seed2-v ep=6175 lr=1.0e-08 train=2.1313e-07 val=2.3079e-07 best=2.3079e-07 t=942s
seed2-v ep=6190 lr=1.0e-08 train=2.1314e-07 val=2.3078e-07 best=2.3078e-07 t=944s
seed2-v ep=6200 lr=1.0e-08 train=2.1313e-07 val=2.3078e-07 best=2.3078e-07 t=945s
seed2-v ep=6225 lr=1.0e-08 train=2.1312e-07 val=2.3078e-07 best=2.3077e-07 t=949s
seed2-v ep=6250 lr=1.0e-08 train=2.1312e-07 val=2.3076e-07 best=2.3076e-07 t=953s
seed2-v ep=6275 lr=1.0e-08 train=2.1311e-07 val=2.3077e-07 best=2.3076e-07 t=957s
seed2-v ep=6300 lr=1.0e-08 train=2.1311e-07 val=2.3076e-07 best=2.3076e-07 t=961s
seed2-v ep=6315 lr=1.0e-08 train=2.1311e-07 val=2.3074e-07 best=2.3074e-07 t=963s
seed2-v ep=6325 lr=1.0e-08 train=2.1310e-07 val=2.3075e-07 best=2.3074e-07 t=964s
seed2-v ep=6350 lr=1.0e-08 train=2.1309e-07 val=2.3075e-07 best=2.3073e-07 t=968s
seed2-v ep=6375 lr=1.0e-08 train=2.1309e-07 val=2.3074e-07 best=2.3073e-07 t=972s
seed2-v ep=6395 lr=1.0e-08 train=2.1309e-07 val=2.3072e-07 best=2.3072e-07 t=975s
seed2-v ep=6400 lr=1.0e-08 train=2.1308e-07 val=2.3074e-07 best=2.3072e-07 t=976s
seed2-v ep=6425 lr=1.0e-08 train=2.1308e-07 val=2.3072e-07 best=2.3072e-07 t=980s
seed2-v ep=6450 lr=1.0e-08 train=2.1307e-07 val=2.3073e-07 best=2.3072e-07 t=984s
seed2-v ep=6475 lr=1.0e-08 train=2.1307e-07 val=2.3070e-07 best=2.3070e-07 t=987s
seed2-v ep=6500 lr=1.0e-08 train=2.1306e-07 val=2.3071e-07 best=2.3070e-07 t=991s
seed2-v ep=6525 lr=1.0e-08 train=2.1305e-07 val=2.3071e-07 best=2.3069e-07 t=995s
seed2-v ep=6550 lr=1.0e-08 train=2.1305e-07 val=2.3069e-07 best=2.3069e-07 t=999s
seed2-v ep=6575 lr=1.0e-08 train=2.1305e-07 val=2.3068e-07 best=2.3068e-07 t=1003s
seed2-v ep=6585 lr=1.0e-08 train=2.1305e-07 val=2.3068e-07 best=2.3068e-07 t=1004s
seed2-v ep=6595 lr=1.0e-08 train=2.1304e-07 val=2.3067e-07 best=2.3067e-07 t=1006s
seed2-v ep=6600 lr=1.0e-08 train=2.1304e-07 val=2.3068e-07 best=2.3067e-07 t=1006s
seed2-v ep=6625 lr=1.0e-08 train=2.1303e-07 val=2.3067e-07 best=2.3067e-07 t=1010s
seed2-v ep=6635 lr=1.0e-08 train=2.1303e-07 val=2.3066e-07 best=2.3066e-07 t=1012s
seed2-v ep=6640 lr=1.0e-08 train=2.1303e-07 val=2.3066e-07 best=2.3066e-07 t=1013s
seed2-v ep=6650 lr=1.0e-08 train=2.1303e-07 val=2.3066e-07 best=2.3066e-07 t=1014s
seed2-v ep=6675 lr=1.0e-08 train=2.1302e-07 val=2.3067e-07 best=2.3065e-07 t=1018s
seed2-v ep=6700 lr=1.0e-08 train=2.1302e-07 val=2.3066e-07 best=2.3065e-07 t=1022s
seed2-v ep=6725 lr=1.0e-08 train=2.1301e-07 val=2.3066e-07 best=2.3064e-07 t=1026s
seed2-v ep=6750 lr=1.0e-08 train=2.1300e-07 val=2.3064e-07 best=2.3063e-07 t=1029s
seed2-v ep=6775 lr=1.0e-08 train=2.1300e-07 val=2.3064e-07 best=2.3063e-07 t=1033s
seed2-v ep=6800 lr=1.0e-08 train=2.1299e-07 val=2.3063e-07 best=2.3062e-07 t=1037s
seed2-v ep=6825 lr=1.0e-08 train=2.1299e-07 val=2.3062e-07 best=2.3062e-07 t=1041s
seed2-v ep=6840 lr=1.0e-08 train=2.1299e-07 val=2.3062e-07 best=2.3062e-07 t=1043s
seed2-v ep=6850 lr=1.0e-08 train=2.1298e-07 val=2.3062e-07 best=2.3062e-07 t=1045s
seed2-v ep=6875 lr=1.0e-08 train=2.1298e-07 val=2.3062e-07 best=2.3061e-07 t=1048s
seed2-v ep=6900 lr=1.0e-08 train=2.1297e-07 val=2.3062e-07 best=2.3059e-07 t=1052s
seed2-v ep=6925 lr=1.0e-08 train=2.1297e-07 val=2.3061e-07 best=2.3059e-07 t=1056s
seed2-v ep=6950 lr=1.0e-08 train=2.1296e-07 val=2.3061e-07 best=2.3059e-07 t=1060s
seed2-v ep=6975 lr=1.0e-08 train=2.1295e-07 val=2.3059e-07 best=2.3059e-07 t=1064s
seed2-v ep=7000 lr=1.0e-08 train=2.1295e-07 val=2.3058e-07 best=2.3058e-07 t=1068s
seed2-v ep=7020 lr=1.0e-08 train=2.1294e-07 val=2.3057e-07 best=2.3057e-07 t=1071s
seed2-v ep=7025 lr=1.0e-08 train=2.1294e-07 val=2.3058e-07 best=2.3057e-07 t=1071s
seed2-v ep=7050 lr=1.0e-08 train=2.1294e-07 val=2.3058e-07 best=2.3057e-07 t=1075s
seed2-v ep=7075 lr=1.0e-08 train=2.1293e-07 val=2.3057e-07 best=2.3057e-07 t=1079s
seed2-v ep=7100 lr=1.0e-08 train=2.1293e-07 val=2.3057e-07 best=2.3055e-07 t=1083s
seed2-v ep=7125 lr=1.0e-08 train=2.1292e-07 val=2.3055e-07 best=2.3055e-07 t=1087s
seed2-v ep=7135 lr=1.0e-08 train=2.1292e-07 val=2.3055e-07 best=2.3055e-07 t=1088s
seed2-v ep=7150 lr=1.0e-08 train=2.1292e-07 val=2.3055e-07 best=2.3055e-07 t=1090s
seed2-v ep=7175 lr=1.0e-08 train=2.1291e-07 val=2.3054e-07 best=2.3053e-07 t=1094s
seed2-v ep=7195 lr=1.0e-08 train=2.1290e-07 val=2.3053e-07 best=2.3053e-07 t=1097s
seed2-v ep=7200 lr=1.0e-08 train=2.1291e-07 val=2.3054e-07 best=2.3053e-07 t=1098s
seed2-v ep=7225 lr=1.0e-08 train=2.1290e-07 val=2.3052e-07 best=2.3052e-07 t=1102s
seed2-v ep=7250 lr=1.0e-08 train=2.1290e-07 val=2.3053e-07 best=2.3052e-07 t=1106s
seed2-v ep=7260 lr=1.0e-08 train=2.1289e-07 val=2.3051e-07 best=2.3051e-07 t=1107s
seed2-v ep=7275 lr=1.0e-08 train=2.1288e-07 val=2.3053e-07 best=2.3051e-07 t=1110s
seed2-v ep=7280 lr=1.0e-08 train=2.1289e-07 val=2.3051e-07 best=2.3051e-07 t=1110s
seed2-v ep=7290 lr=1.0e-08 train=2.1289e-07 val=2.3051e-07 best=2.3051e-07 t=1112s
seed2-v ep=7300 lr=1.0e-08 train=2.1288e-07 val=2.3052e-07 best=2.3051e-07 t=1113s
seed2-v ep=7315 lr=1.0e-08 train=2.1288e-07 val=2.3050e-07 best=2.3050e-07 t=1116s
seed2-v ep=7325 lr=1.0e-08 train=2.1287e-07 val=2.3050e-07 best=2.3050e-07 t=1117s
seed2-v ep=7330 lr=1.0e-08 train=2.1287e-07 val=2.3050e-07 best=2.3050e-07 t=1118s
seed2-v ep=7350 lr=1.0e-08 train=2.1287e-07 val=2.3050e-07 best=2.3049e-07 t=1121s
seed2-v ep=7365 lr=1.0e-08 train=2.1287e-07 val=2.3049e-07 best=2.3049e-07 t=1123s
seed2-v ep=7375 lr=1.0e-08 train=2.1286e-07 val=2.3048e-07 best=2.3048e-07 t=1125s
seed2-v ep=7400 lr=1.0e-08 train=2.1286e-07 val=2.3048e-07 best=2.3048e-07 t=1129s
seed2-v ep=7425 lr=1.0e-08 train=2.1285e-07 val=2.3049e-07 best=2.3048e-07 t=1132s
seed2-v ep=7445 lr=1.0e-08 train=2.1285e-07 val=2.3047e-07 best=2.3047e-07 t=1135s
seed2-v ep=7450 lr=1.0e-08 train=2.1285e-07 val=2.3048e-07 best=2.3047e-07 t=1136s
seed2-v ep=7470 lr=1.0e-08 train=2.1285e-07 val=2.3046e-07 best=2.3046e-07 t=1139s
seed2-v ep=7475 lr=1.0e-08 train=2.1284e-07 val=2.3048e-07 best=2.3046e-07 t=1140s
seed2-v ep=7500 lr=1.0e-08 train=2.1283e-07 val=2.3046e-07 best=2.3046e-07 t=1144s
seed2-v ep=7525 lr=1.0e-08 train=2.1283e-07 val=2.3046e-07 best=2.3044e-07 t=1148s
seed2-v ep=7535 lr=1.0e-08 train=2.1283e-07 val=2.3044e-07 best=2.3044e-07 t=1149s
seed2-v ep=7550 lr=1.0e-08 train=2.1282e-07 val=2.3045e-07 best=2.3044e-07 t=1151s
seed2-v ep=7575 lr=1.0e-08 train=2.1282e-07 val=2.3044e-07 best=2.3044e-07 t=1155s
seed2-v ep=7600 lr=1.0e-08 train=2.1281e-07 val=2.3043e-07 best=2.3043e-07 t=1159s
seed2-v ep=7625 lr=1.0e-08 train=2.1281e-07 val=2.3044e-07 best=2.3043e-07 t=1163s
seed2-v ep=7645 lr=1.0e-08 train=2.1280e-07 val=2.3042e-07 best=2.3042e-07 t=1166s
seed2-v ep=7650 lr=1.0e-08 train=2.1280e-07 val=2.3042e-07 best=2.3042e-07 t=1167s
seed2-v ep=7655 lr=1.0e-08 train=2.1280e-07 val=2.3042e-07 best=2.3042e-07 t=1167s
seed2-v ep=7670 lr=1.0e-08 train=2.1280e-07 val=2.3041e-07 best=2.3041e-07 t=1170s
seed2-v ep=7675 lr=1.0e-08 train=2.1280e-07 val=2.3042e-07 best=2.3041e-07 t=1171s
seed2-v ep=7700 lr=1.0e-08 train=2.1279e-07 val=2.3041e-07 best=2.3041e-07 t=1174s
seed2-v ep=7725 lr=1.0e-08 train=2.1280e-07 val=2.3040e-07 best=2.3040e-07 t=1178s
seed2-v ep=7750 lr=1.0e-08 train=2.1278e-07 val=2.3042e-07 best=2.3040e-07 t=1182s
seed2-v ep=7775 lr=1.0e-08 train=2.1277e-07 val=2.3040e-07 best=2.3039e-07 t=1186s
seed2-v ep=7795 lr=1.0e-08 train=2.1277e-07 val=2.3039e-07 best=2.3039e-07 t=1189s
seed2-v ep=7800 lr=1.0e-08 train=2.1277e-07 val=2.3039e-07 best=2.3039e-07 t=1190s
seed2-v ep=7825 lr=1.0e-08 train=2.1276e-07 val=2.3039e-07 best=2.3038e-07 t=1193s
seed2-v ep=7840 lr=1.0e-08 train=2.1276e-07 val=2.3037e-07 best=2.3037e-07 t=1196s
seed2-v ep=7850 lr=1.0e-08 train=2.1276e-07 val=2.3039e-07 best=2.3037e-07 t=1197s
seed2-v ep=7875 lr=1.0e-08 train=2.1275e-07 val=2.3037e-07 best=2.3037e-07 t=1201s
seed2-v ep=7900 lr=1.0e-08 train=2.1274e-07 val=2.3036e-07 best=2.3036e-07 t=1205s
seed2-v ep=7925 lr=1.0e-08 train=2.1274e-07 val=2.3036e-07 best=2.3035e-07 t=1209s
seed2-v ep=7930 lr=1.0e-08 train=2.1274e-07 val=2.3035e-07 best=2.3035e-07 t=1209s
seed2-v ep=7950 lr=1.0e-08 train=2.1273e-07 val=2.3036e-07 best=2.3035e-07 t=1212s
seed2-v ep=7955 lr=1.0e-08 train=2.1273e-07 val=2.3035e-07 best=2.3035e-07 t=1213s
seed2-v ep=7975 lr=1.0e-08 train=2.1273e-07 val=2.3035e-07 best=2.3035e-07 t=1216s
seed2-v ep=8000 lr=1.0e-08 train=2.1272e-07 val=2.3034e-07 best=2.3033e-07 t=1220s
seed2-v ep=8005 lr=1.0e-08 train=2.1272e-07 val=2.3032e-07 best=2.3032e-07 t=1221s
seed2-v ep=8025 lr=1.0e-08 train=2.1271e-07 val=2.3034e-07 best=2.3032e-07 t=1224s
seed2-v ep=8050 lr=1.0e-08 train=2.1271e-07 val=2.3032e-07 best=2.3032e-07 t=1228s
seed2-v ep=8065 lr=1.0e-08 train=2.1271e-07 val=2.3031e-07 best=2.3031e-07 t=1230s
seed2-v ep=8075 lr=1.0e-08 train=2.1270e-07 val=2.3032e-07 best=2.3031e-07 t=1231s
seed2-v ep=8100 lr=1.0e-08 train=2.1270e-07 val=2.3033e-07 best=2.3031e-07 t=1235s
seed2-v ep=8110 lr=1.0e-08 train=2.1270e-07 val=2.3030e-07 best=2.3030e-07 t=1237s
seed2-v ep=8125 lr=1.0e-08 train=2.1269e-07 val=2.3031e-07 best=2.3030e-07 t=1239s
seed2-v ep=8150 lr=1.0e-08 train=2.1269e-07 val=2.3032e-07 best=2.3030e-07 t=1243s
seed2-v ep=8170 lr=1.0e-08 train=2.1269e-07 val=2.3029e-07 best=2.3029e-07 t=1246s
seed2-v ep=8175 lr=1.0e-08 train=2.1269e-07 val=2.3030e-07 best=2.3029e-07 t=1247s
seed2-v ep=8185 lr=1.0e-08 train=2.1268e-07 val=2.3029e-07 best=2.3029e-07 t=1248s
seed2-v ep=8200 lr=1.0e-08 train=2.1268e-07 val=2.3029e-07 best=2.3028e-07 t=1251s
seed2-v ep=8225 lr=1.0e-08 train=2.1268e-07 val=2.3030e-07 best=2.3028e-07 t=1254s
seed2-v ep=8250 lr=1.0e-08 train=2.1267e-07 val=2.3029e-07 best=2.3027e-07 t=1258s
seed2-v ep=8275 lr=1.0e-08 train=2.1266e-07 val=2.3028e-07 best=2.3027e-07 t=1262s
seed2-v ep=8300 lr=1.0e-08 train=2.1266e-07 val=2.3027e-07 best=2.3026e-07 t=1266s
seed2-v ep=8325 lr=1.0e-08 train=2.1265e-07 val=2.3027e-07 best=2.3026e-07 t=1270s
seed2-v ep=8350 lr=1.0e-08 train=2.1264e-07 val=2.3026e-07 best=2.3025e-07 t=1273s
seed2-v ep=8365 lr=1.0e-08 train=2.1264e-07 val=2.3025e-07 best=2.3025e-07 t=1276s
seed2-v ep=8375 lr=1.0e-08 train=2.1264e-07 val=2.3026e-07 best=2.3025e-07 t=1277s
seed2-v ep=8400 lr=1.0e-08 train=2.1263e-07 val=2.3025e-07 best=2.3024e-07 t=1281s
seed2-v ep=8425 lr=1.0e-08 train=2.1263e-07 val=2.3025e-07 best=2.3023e-07 t=1285s
seed2-v ep=8435 lr=1.0e-08 train=2.1263e-07 val=2.3023e-07 best=2.3023e-07 t=1286s
seed2-v ep=8450 lr=1.0e-08 train=2.1262e-07 val=2.3023e-07 best=2.3023e-07 t=1289s
seed2-v ep=8460 lr=1.0e-08 train=2.1262e-07 val=2.3022e-07 best=2.3022e-07 t=1290s
seed2-v ep=8475 lr=1.0e-08 train=2.1262e-07 val=2.3022e-07 best=2.3022e-07 t=1292s
seed2-v ep=8500 lr=1.0e-08 train=2.1261e-07 val=2.3023e-07 best=2.3022e-07 t=1296s
seed2-v ep=8525 lr=1.0e-08 train=2.1261e-07 val=2.3023e-07 best=2.3021e-07 t=1300s
seed2-v ep=8550 lr=1.0e-08 train=2.1260e-07 val=2.3020e-07 best=2.3020e-07 t=1304s
seed2-v ep=8575 lr=1.0e-08 train=2.1259e-07 val=2.3021e-07 best=2.3020e-07 t=1308s
seed2-v ep=8595 lr=1.0e-08 train=2.1259e-07 val=2.3020e-07 best=2.3020e-07 t=1311s
seed2-v ep=8600 lr=1.0e-08 train=2.1259e-07 val=2.3021e-07 best=2.3020e-07 t=1311s
seed2-v ep=8605 lr=1.0e-08 train=2.1259e-07 val=2.3020e-07 best=2.3020e-07 t=1312s
seed2-v ep=8610 lr=1.0e-08 train=2.1259e-07 val=2.3018e-07 best=2.3018e-07 t=1313s
seed2-v ep=8625 lr=1.0e-08 train=2.1258e-07 val=2.3019e-07 best=2.3018e-07 t=1315s
seed2-v ep=8630 lr=1.0e-08 train=2.1259e-07 val=2.3018e-07 best=2.3018e-07 t=1316s
seed2-v ep=8650 lr=1.0e-08 train=2.1258e-07 val=2.3018e-07 best=2.3018e-07 t=1319s
seed2-v ep=8675 lr=1.0e-08 train=2.1257e-07 val=2.3018e-07 best=2.3018e-07 t=1323s
seed2-v ep=8685 lr=1.0e-08 train=2.1257e-07 val=2.3017e-07 best=2.3017e-07 t=1324s
seed2-v ep=8700 lr=1.0e-08 train=2.1256e-07 val=2.3018e-07 best=2.3017e-07 t=1327s
seed2-v ep=8715 lr=1.0e-08 train=2.1256e-07 val=2.3016e-07 best=2.3016e-07 t=1329s
seed2-v ep=8725 lr=1.0e-08 train=2.1256e-07 val=2.3017e-07 best=2.3016e-07 t=1331s
seed2-v ep=8730 lr=1.0e-08 train=2.1256e-07 val=2.3016e-07 best=2.3016e-07 t=1331s
seed2-v ep=8750 lr=1.0e-08 train=2.1255e-07 val=2.3017e-07 best=2.3015e-07 t=1334s
seed2-v ep=8775 lr=1.0e-08 train=2.1255e-07 val=2.3016e-07 best=2.3015e-07 t=1338s
seed2-v ep=8800 lr=1.0e-08 train=2.1254e-07 val=2.3016e-07 best=2.3015e-07 t=1342s
seed2-v ep=8825 lr=1.0e-08 train=2.1254e-07 val=2.3014e-07 best=2.3014e-07 t=1346s
seed2-v ep=8835 lr=1.0e-08 train=2.1254e-07 val=2.3014e-07 best=2.3014e-07 t=1347s
seed2-v ep=8850 lr=1.0e-08 train=2.1253e-07 val=2.3013e-07 best=2.3013e-07 t=1350s
seed2-v ep=8875 lr=1.0e-08 train=2.1253e-07 val=2.3013e-07 best=2.3013e-07 t=1353s
seed2-v ep=8900 lr=1.0e-08 train=2.1252e-07 val=2.3013e-07 best=2.3012e-07 t=1357s
seed2-v ep=8925 lr=1.0e-08 train=2.1251e-07 val=2.3012e-07 best=2.3012e-07 t=1361s
seed2-v ep=8930 lr=1.0e-08 train=2.1251e-07 val=2.3011e-07 best=2.3011e-07 t=1362s
seed2-v ep=8945 lr=1.0e-08 train=2.1251e-07 val=2.3011e-07 best=2.3011e-07 t=1364s
seed2-v ep=8950 lr=1.0e-08 train=2.1251e-07 val=2.3011e-07 best=2.3011e-07 t=1365s
seed2-v ep=8975 lr=1.0e-08 train=2.1250e-07 val=2.3011e-07 best=2.3010e-07 t=1369s
seed2-v ep=9000 lr=1.0e-08 train=2.1250e-07 val=2.3011e-07 best=2.3010e-07 t=1372s
seed2-v ep=9025 lr=1.0e-08 train=2.1249e-07 val=2.3010e-07 best=2.3009e-07 t=1376s
seed2-v ep=9045 lr=1.0e-08 train=2.1249e-07 val=2.3009e-07 best=2.3009e-07 t=1379s
seed2-v ep=9050 lr=1.0e-08 train=2.1248e-07 val=2.3010e-07 best=2.3009e-07 t=1380s
seed2-v ep=9075 lr=1.0e-08 train=2.1248e-07 val=2.3008e-07 best=2.3008e-07 t=1384s
seed2-v ep=9085 lr=1.0e-08 train=2.1248e-07 val=2.3008e-07 best=2.3008e-07 t=1385s
seed2-v ep=9095 lr=1.0e-08 train=2.1247e-07 val=2.3007e-07 best=2.3007e-07 t=1387s
seed2-v ep=9100 lr=1.0e-08 train=2.1247e-07 val=2.3008e-07 best=2.3007e-07 t=1388s
seed2-v ep=9120 lr=1.0e-08 train=2.1247e-07 val=2.3007e-07 best=2.3007e-07 t=1391s
seed2-v ep=9125 lr=1.0e-08 train=2.1247e-07 val=2.3007e-07 best=2.3007e-07 t=1391s
seed2-v ep=9130 lr=1.0e-08 train=2.1247e-07 val=2.3006e-07 best=2.3006e-07 t=1392s
seed2-v ep=9150 lr=1.0e-08 train=2.1246e-07 val=2.3007e-07 best=2.3006e-07 t=1395s
seed2-v ep=9165 lr=1.0e-08 train=2.1246e-07 val=2.3005e-07 best=2.3005e-07 t=1398s
seed2-v ep=9175 lr=1.0e-08 train=2.1246e-07 val=2.3005e-07 best=2.3005e-07 t=1399s
seed2-v ep=9200 lr=1.0e-08 train=2.1245e-07 val=2.3004e-07 best=2.3004e-07 t=1403s
seed2-v ep=9225 lr=1.0e-08 train=2.1245e-07 val=2.3005e-07 best=2.3004e-07 t=1407s
seed2-v ep=9250 lr=1.0e-08 train=2.1244e-07 val=2.3004e-07 best=2.3003e-07 t=1410s
seed2-v ep=9275 lr=1.0e-08 train=2.1244e-07 val=2.3004e-07 best=2.3003e-07 t=1414s
seed2-v ep=9300 lr=1.0e-08 train=2.1243e-07 val=2.3002e-07 best=2.3002e-07 t=1418s
seed2-v ep=9325 lr=1.0e-08 train=2.1242e-07 val=2.3002e-07 best=2.3002e-07 t=1422s
seed2-v ep=9345 lr=1.0e-08 train=2.1242e-07 val=2.3001e-07 best=2.3001e-07 t=1425s
seed2-v ep=9350 lr=1.0e-08 train=2.1242e-07 val=2.3002e-07 best=2.3001e-07 t=1426s
seed2-v ep=9375 lr=1.0e-08 train=2.1242e-07 val=2.3002e-07 best=2.3000e-07 t=1429s
seed2-v ep=9400 lr=1.0e-08 train=2.1241e-07 val=2.3001e-07 best=2.3000e-07 t=1433s
seed2-v ep=9425 lr=1.0e-08 train=2.1240e-07 val=2.3000e-07 best=2.2999e-07 t=1437s
seed2-v ep=9450 lr=1.0e-08 train=2.1240e-07 val=2.3000e-07 best=2.2998e-07 t=1441s
seed2-v ep=9470 lr=1.0e-08 train=2.1239e-07 val=2.2998e-07 best=2.2998e-07 t=1444s
seed2-v ep=9475 lr=1.0e-08 train=2.1240e-07 val=2.2998e-07 best=2.2998e-07 t=1445s
seed2-v ep=9500 lr=1.0e-08 train=2.1239e-07 val=2.2999e-07 best=2.2997e-07 t=1449s
seed2-v ep=9525 lr=1.0e-08 train=2.1238e-07 val=2.2997e-07 best=2.2997e-07 t=1452s
seed2-v ep=9550 lr=1.0e-08 train=2.1238e-07 val=2.2997e-07 best=2.2996e-07 t=1456s
seed2-v ep=9575 lr=1.0e-08 train=2.1237e-07 val=2.2997e-07 best=2.2996e-07 t=1460s
seed2-v ep=9600 lr=1.0e-08 train=2.1236e-07 val=2.2996e-07 best=2.2996e-07 t=1464s
seed2-v ep=9625 lr=1.0e-08 train=2.1236e-07 val=2.2996e-07 best=2.2995e-07 t=1468s
seed2-v ep=9635 lr=1.0e-08 train=2.1236e-07 val=2.2994e-07 best=2.2994e-07 t=1469s
seed2-v ep=9650 lr=1.0e-08 train=2.1235e-07 val=2.2995e-07 best=2.2994e-07 t=1471s
seed2-v ep=9675 lr=1.0e-08 train=2.1234e-07 val=2.2994e-07 best=2.2993e-07 t=1475s
seed2-v ep=9690 lr=1.0e-08 train=2.1234e-07 val=2.2993e-07 best=2.2993e-07 t=1477s
seed2-v ep=9695 lr=1.0e-08 train=2.1234e-07 val=2.2993e-07 best=2.2993e-07 t=1478s
seed2-v ep=9700 lr=1.0e-08 train=2.1234e-07 val=2.2994e-07 best=2.2993e-07 t=1479s
seed2-v ep=9725 lr=1.0e-08 train=2.1233e-07 val=2.2993e-07 best=2.2993e-07 t=1483s
seed2-v ep=9735 lr=1.0e-08 train=2.1234e-07 val=2.2992e-07 best=2.2992e-07 t=1484s
seed2-v ep=9750 lr=1.0e-08 train=2.1233e-07 val=2.2993e-07 best=2.2991e-07 t=1487s
seed2-v ep=9775 lr=1.0e-08 train=2.1232e-07 val=2.2992e-07 best=2.2991e-07 t=1490s
seed2-v ep=9795 lr=1.0e-08 train=2.1232e-07 val=2.2990e-07 best=2.2990e-07 t=1493s
seed2-v ep=9800 lr=1.0e-08 train=2.1233e-07 val=2.2991e-07 best=2.2990e-07 t=1494s
seed2-v ep=9825 lr=1.0e-08 train=2.1232e-07 val=2.2991e-07 best=2.2990e-07 t=1498s
seed2-v ep=9845 lr=1.0e-08 train=2.1231e-07 val=2.2990e-07 best=2.2990e-07 t=1501s
seed2-v ep=9850 lr=1.0e-08 train=2.1231e-07 val=2.2991e-07 best=2.2989e-07 t=1502s
seed2-v ep=9875 lr=1.0e-08 train=2.1230e-07 val=2.2990e-07 best=2.2988e-07 t=1506s
seed2-v ep=9900 lr=1.0e-08 train=2.1229e-07 val=2.2989e-07 best=2.2988e-07 t=1510s
seed2-v ep=9925 lr=1.0e-08 train=2.1229e-07 val=2.2988e-07 best=2.2987e-07 t=1513s
seed2-v ep=9950 lr=1.0e-08 train=2.1229e-07 val=2.2988e-07 best=2.2987e-07 t=1517s
seed2-v ep=9975 lr=1.0e-08 train=2.1228e-07 val=2.2986e-07 best=2.2986e-07 t=1521s
TRAINED seed=2 v {'stop_reason': 'max_epochs', 'truncated': False, 'epochs': 10000, 'best_val': 2.2985763337146636e-07, 'final_lr': 1e-08, 'seconds': 1524.6008439389989}
NM-LSPG seed=2 {'error': {'u': 0.01437620290663365, 'v': 0.014167860664634884, 'max': 0.01437620290663365}, 'seconds_warm': 2.2625773451291025, 'gn_iterations_mean': 3.994666576385498, 'gn_iterations_max': 5, 'gn_cap_hits': 0, 'last_step_norm_max': 1.2771463052653282e-06, 'finite': True, 'ic_error': 0.0009971481479074768} projection {'u': 0.014889742360712548, 'v': 0.01404969630758133, 'max': 0.014889742360712548}
NM-LSPG-HR seed=2 {'subnet_parity': 0.0, 'residual_basis': 55, 'samples': 58, 'nodes_evaluated': 156, 'active_hidden': [5940, 5940], 'error': {'u': inf, 'v': inf, 'max': inf}, 'finite': False, 'sampled_basis_singular_values': [0.6464724372181777, 0.052201002866208775], 'seconds_warm': 0.0590220782905817, 'gn_iterations_mean': 0.0033333334140479565}
NM-LSPG-HR seed=2 {'subnet_parity': 0.0, 'residual_basis': 51, 'samples': 54, 'nodes_evaluated': 145, 'active_hidden': [5740, 5740], 'error': {'u': inf, 'v': inf, 'max': inf}, 'finite': False, 'sampled_basis_singular_values': [0.6162815758066187, 0.052202385791289226], 'seconds_warm': 0.06000654213130474, 'gn_iterations_mean': 0.004666666500270367}
NM-LSPG-HR seed=2 {'subnet_parity': 1.7148164144127456e-12, 'residual_basis': 44, 'samples': 47, 'nodes_evaluated': 121, 'active_hidden': [5430, 5430], 'error': {'u': 3.311554867870658, 'v': 1.5683206609639089, 'max': 3.311554867870658}, 'finite': True, 'sampled_basis_singular_values': [0.5858830459004006, 0.052880129422192154], 'seconds_warm': 0.058421434834599495, 'gn_iterations_mean': 0.0026666666381061077}
NM-LSPG-HR seed=2 {'subnet_parity': 0.0, 'residual_basis': 40, 'samples': 40, 'nodes_evaluated': 102, 'active_hidden': [4480, 4480], 'error': {'u': inf, 'v': inf, 'max': inf}, 'finite': False, 'sampled_basis_singular_values': [0.5483635409394009, 0.03973174847836289], 'seconds_warm': 0.05870264070108533, 'gn_iterations_mean': 0.0026666666381061077}
NM-LSPG-HR seed=2 {'subnet_parity': 0.0, 'residual_basis': 60, 'samples': 60, 'nodes_evaluated': 167, 'active_hidden': [6510, 6510], 'error': {'u': inf, 'v': inf, 'max': inf}, 'finite': False, 'sampled_basis_singular_values': [0.6651137666018355, 0.06398341859487254], 'seconds_warm': 0.05967010883614421, 'gn_iterations_mean': 0.0026666666381061077}
GATE {'rule': 'median over exactly three distinct seeds of NM-LSPG max relative error <= 1.5 % (diverged seed = inf) AND a converged, finite LS-LSPG control >= 10 %; HR gate: median NM-LSPG-HR (55 basis / 58 samples) <= 2 %', 'note': 'published 34-38 % is LS-LSPG-HR; this control is LS-LSPG without HR (their Fig. 13 shows LS-LSPG >> NM-LSPG at n_s=5)', 'attempt': 3, 'seeds': [0, 1, 2], 'nm_lspg_errors': [0.014524554733394245, 0.01834222433925664, 0.01437620290663365], 'nm_lspg_median': 0.014524554733394245, 'ls_lspg': 0.3159547805361059, 'ls_valid': True, 'hr_errors': [inf, inf, inf], 'hr_median': inf, 'passed': True, 'hr_passed': False, 'recipe': {'act': 'sigmoid', 'scale': 'feature', 'train_dtype': 'float32', 'b': 100, 'db': 10, 'ns': 5, 'nx': 60, 'nt': 1500, 'online_dtype': 'float64'}}
ALL-DONE
