host=pax050 job_id=4298027
NVIDIA A100 80GB PCIe, GPU-48b2d82c-0e16-1d88-9016-0d1b8d169ed8, 81920 MiB, 575.57.08
10.235.106.32:/projects/paralab  4.6T  4.2T  372G  93% /cluster/tufts/paralab
jax_backend=gpu
torch_cuda True NVIDIA A100 80GB PCIe
CASE train burgers-train-00000 1.22
CASE train burgers-train-00001 0.07
CASE train burgers-train-00002 0.07
CASE train burgers-train-00003 0.1
CASE train burgers-train-00004 0.12
CASE train burgers-train-00005 0.08
CASE train burgers-train-00006 0.12
CASE train burgers-train-00007 0.12
CASE train burgers-train-00008 0.07
CASE train burgers-train-00009 0.11
CASE train burgers-train-00010 0.12
CASE train burgers-train-00011 0.05
CASE train burgers-train-00012 0.07
CASE train burgers-train-00013 0.1
CASE train burgers-train-00014 0.1
CASE train burgers-train-00015 0.05
CASE train burgers-train-00016 0.09
CASE train burgers-train-00017 0.1
CASE train burgers-train-00018 0.06
CASE train burgers-train-00019 0.09
CASE train burgers-train-00020 0.13
CASE train burgers-train-00021 0.08
CASE train burgers-train-00022 0.09
CASE train burgers-train-00023 0.13
CASE train burgers-train-00024 0.07
CASE train burgers-train-00025 0.16
CASE train burgers-train-00026 0.15
CASE train burgers-train-00027 0.08
CASE train burgers-train-00028 0.14
CASE train burgers-train-00029 0.14
CASE train burgers-train-00030 0.14
CASE train burgers-train-00031 0.11
CASE train burgers-train-00032 0.06
CASE train burgers-train-00033 0.06
CASE train burgers-train-00034 0.09
CASE train burgers-train-00035 0.04
CASE train burgers-train-00036 0.09
CASE train burgers-train-00037 0.09
CASE train burgers-train-00038 0.09
CASE train burgers-train-00039 0.13
CASE train burgers-train-00040 0.08
CASE train burgers-train-00041 0.1
CASE train burgers-train-00042 0.11
CASE train burgers-train-00043 0.12
CASE train burgers-train-00044 0.05
CASE train burgers-train-00045 0.08
CASE train burgers-train-00046 0.11
CASE train burgers-train-00047 0.05
CASE train burgers-train-00048 0.09
CASE train burgers-train-00049 0.09
CASE train burgers-train-00050 0.07
CASE train burgers-train-00051 0.12
CASE train burgers-train-00052 0.12
CASE train burgers-train-00053 0.1
CASE train burgers-train-00054 0.08
CASE train burgers-train-00055 0.08
CASE train burgers-train-00056 0.12
CASE train burgers-train-00057 0.12
CASE train burgers-train-00058 0.09
CASE train burgers-train-00059 0.1
CASE train burgers-train-00060 0.16
CASE train burgers-train-00061 0.08
CASE train burgers-train-00062 0.08
CASE train burgers-train-00063 0.1
CASE train burgers-train-00064 0.08
CASE train burgers-train-00065 0.08
CASE train burgers-train-00066 0.09
CASE train burgers-train-00067 0.08
CASE train burgers-train-00068 0.05
CASE train burgers-train-00069 0.07
CASE train burgers-train-00070 0.09
CASE train burgers-train-00071 0.08
CASE train burgers-train-00072 0.08
CASE train burgers-train-00073 0.08
CASE train burgers-train-00074 0.07
CASE train burgers-train-00075 0.12
CASE train burgers-train-00076 0.06
CASE train burgers-train-00077 0.09
CASE train burgers-train-00078 0.07
CASE train burgers-train-00079 0.14
CASE train burgers-train-00080 0.11
CASE train burgers-train-00081 0.1
CASE train burgers-train-00082 0.07
CASE train burgers-train-00083 0.09
CASE train burgers-train-00084 0.12
CASE train burgers-train-00085 0.08
CASE train burgers-train-00086 0.11
CASE train burgers-train-00087 0.1
CASE train burgers-train-00088 0.1
CASE train burgers-train-00089 0.1
CASE train burgers-train-00090 0.09
CASE train burgers-train-00091 0.08
CASE train burgers-train-00092 0.12
CASE train burgers-train-00093 0.13
CASE train burgers-train-00094 0.09
CASE train burgers-train-00095 0.08
CASE train burgers-train-00096 0.09
CASE train burgers-train-00097 0.08
CASE train burgers-train-00098 0.1
CASE train burgers-train-00099 0.12
CASE train burgers-train-00100 0.12
CASE train burgers-train-00101 0.11
CASE train burgers-train-00102 0.08
CASE train burgers-train-00103 0.08
CASE train burgers-train-00104 0.07
CASE train burgers-train-00105 0.07
CASE train burgers-train-00106 0.07
CASE train burgers-train-00107 0.07
CASE train burgers-train-00108 0.09
CASE train burgers-train-00109 0.12
CASE train burgers-train-00110 0.08
CASE train burgers-train-00111 0.1
CASE train burgers-train-00112 0.1
CASE train burgers-train-00113 0.1
CASE train burgers-train-00114 0.1
CASE train burgers-train-00115 0.09
CASE train burgers-train-00116 0.08
CASE train burgers-train-00117 0.09
CASE train burgers-train-00118 0.06
CASE train burgers-train-00119 0.11
CASE train burgers-train-00120 0.11
CASE train burgers-train-00121 0.07
CASE train burgers-train-00122 0.11
CASE train burgers-train-00123 0.06
CASE train burgers-train-00124 0.1
CASE train burgers-train-00125 0.1
CASE train burgers-train-00126 0.07
CASE train burgers-train-00127 0.12
CASE validation burgers-validation-00000 0.09
CASE validation burgers-validation-00001 0.09
CASE validation burgers-validation-00002 0.07
CASE validation burgers-validation-00003 0.06
CASE validation burgers-validation-00004 0.08
CASE validation burgers-validation-00005 0.14
CASE validation burgers-validation-00006 0.13
CASE validation burgers-validation-00007 0.09
CASE validation burgers-validation-00008 0.08
CASE validation burgers-validation-00009 0.07
CASE validation burgers-validation-00010 0.11
CASE validation burgers-validation-00011 0.05
CASE validation burgers-validation-00012 0.09
CASE validation burgers-validation-00013 0.07
CASE validation burgers-validation-00014 0.1
CASE validation burgers-validation-00015 0.05
CASE validation burgers-validation-00016 0.05
CASE validation burgers-validation-00017 0.1
CASE validation burgers-validation-00018 0.15
CASE validation burgers-validation-00019 0.15
CASE validation burgers-validation-00020 0.11
CASE validation burgers-validation-00021 0.08
CASE validation burgers-validation-00022 0.07
CASE validation burgers-validation-00023 0.07
CASE validation burgers-validation-00024 0.08
CASE validation burgers-validation-00025 0.06
CASE validation burgers-validation-00026 0.06
CASE validation burgers-validation-00027 0.06
CASE validation burgers-validation-00028 0.09
CASE validation burgers-validation-00029 0.06
CASE validation burgers-validation-00030 0.1
CASE validation burgers-validation-00031 0.1
DATA DONE {"train": {"cases": 128, "source_index_sha256": "5333584b7162df622ec7bc2b08e68d8003036b1b05abbea520249ed408fc8d49", "median_seconds": 0.09084398741833866, "host_bytes": 405805056}, "validation": {"cases": 32, "source_index_sha256": "468b9e70df3392c4b5bbb41381c9062d3d697ac4772b7236c4ee59d0ca73ebad", "median_seconds": 0.08210037392564118, "host_bytes": 101451264}, "mesh": 256, "seconds": 18.419711215421557, "solver": "iterative_paths.make_fom(L, dt, \"fft\") = fft_tight", "storage": "host memory only (no per-case files)"}
torch_backend=cuda NVIDIA A100 80GB PCIe
{"epoch": 0, "train_mean_squared_relative_error": 0.24533549203354788, "wall_seconds": 4.421286814380437, "best_so_far": 0.35167019591661997}
{"epoch": 1, "train_mean_squared_relative_error": 0.05744153371417662, "wall_seconds": 7.745926711242646, "best_so_far": 0.21960272986322887}
{"epoch": 2, "train_mean_squared_relative_error": 0.028260087368910034, "wall_seconds": 11.027736973948777, "best_so_far": 0.19196351763977879}
{"epoch": 3, "train_mean_squared_relative_error": 0.02134608677924566, "wall_seconds": 14.345427744090557, "best_so_far": 0.1724652476013251}
{"epoch": 4, "train_mean_squared_relative_error": 0.018995864147958067, "wall_seconds": 17.67621881328523, "best_so_far": 0.1724652476013251}
{"epoch": 5, "train_mean_squared_relative_error": 0.01904479002934908, "wall_seconds": 20.6668450711295, "best_so_far": 0.15941974976911966}
{"epoch": 6, "train_mean_squared_relative_error": 0.014728177578503981, "wall_seconds": 24.050242175348103, "best_so_far": 0.1547762385908257}
{"epoch": 7, "train_mean_squared_relative_error": 0.014561688322116484, "wall_seconds": 27.524986102245748, "best_so_far": 0.14267252430952132}
{"epoch": 8, "train_mean_squared_relative_error": 0.011704544450749416, "wall_seconds": 31.086874064989388, "best_so_far": 0.1169195082205224}
{"epoch": 9, "train_mean_squared_relative_error": 0.010096797147377816, "wall_seconds": 34.4756044363603, "best_so_far": 0.1169195082205224}
{"epoch": 10, "train_mean_squared_relative_error": 0.01210193079801643, "wall_seconds": 37.414118975400925, "best_so_far": 0.1169195082205224}
{"epoch": 11, "train_mean_squared_relative_error": 0.012168733999334061, "wall_seconds": 40.399809984024614, "best_so_far": 0.1169195082205224}
{"epoch": 12, "train_mean_squared_relative_error": 0.01117253173093105, "wall_seconds": 43.31313168536872, "best_so_far": 0.10552664476128734}
{"epoch": 13, "train_mean_squared_relative_error": 0.012067142945561127, "wall_seconds": 46.7867571641691, "best_so_far": 0.10552664476128734}
{"epoch": 14, "train_mean_squared_relative_error": 0.009000074423185395, "wall_seconds": 49.82662243209779, "best_so_far": 0.10552664476128734}
{"epoch": 15, "train_mean_squared_relative_error": 0.00795719026628911, "wall_seconds": 52.79649355635047, "best_so_far": 0.09786225811233286}
{"epoch": 16, "train_mean_squared_relative_error": 0.007158853777933036, "wall_seconds": 56.23409444838762, "best_so_far": 0.09786225811233286}
{"epoch": 17, "train_mean_squared_relative_error": 0.006424892647739567, "wall_seconds": 59.19593129539862, "best_so_far": 0.09451350260770716}
{"epoch": 18, "train_mean_squared_relative_error": 0.008060183316430665, "wall_seconds": 62.59067115513608, "best_so_far": 0.09451350260770716}
{"epoch": 19, "train_mean_squared_relative_error": 0.007138137675251281, "wall_seconds": 65.6399382930249, "best_so_far": 0.09451350260770716}
{"epoch": 20, "train_mean_squared_relative_error": 0.006842641851408076, "wall_seconds": 68.63936130004004, "best_so_far": 0.09451350260770716}
{"epoch": 21, "train_mean_squared_relative_error": 0.006255043639603831, "wall_seconds": 71.5961414272897, "best_so_far": 0.09002039533057339}
{"epoch": 22, "train_mean_squared_relative_error": 0.005333908119186041, "wall_seconds": 75.1562995663844, "best_so_far": 0.0862422073407744}
{"epoch": 23, "train_mean_squared_relative_error": 0.005207026304773572, "wall_seconds": 78.50327577395365, "best_so_far": 0.08407958178963004}
{"epoch": 24, "train_mean_squared_relative_error": 0.004981127980999631, "wall_seconds": 81.86433619726449, "best_so_far": 0.08407958178963004}
{"epoch": 25, "train_mean_squared_relative_error": 0.005147373022822981, "wall_seconds": 84.77439467608929, "best_so_far": 0.08407958178963004}
{"epoch": 26, "train_mean_squared_relative_error": 0.004415831256051254, "wall_seconds": 87.7330907760188, "best_so_far": 0.08001332361458252}
{"epoch": 27, "train_mean_squared_relative_error": 0.004701653043890616, "wall_seconds": 91.18301406037062, "best_so_far": 0.08001332361458252}
{"epoch": 28, "train_mean_squared_relative_error": 0.006582831522802967, "wall_seconds": 94.08481905329973, "best_so_far": 0.08001332361458252}
{"epoch": 29, "train_mean_squared_relative_error": 0.008115638521481245, "wall_seconds": 97.00791707728058, "best_so_far": 0.08001332361458252}
{"epoch": 30, "train_mean_squared_relative_error": 0.008310896784325684, "wall_seconds": 99.91434894129634, "best_so_far": 0.08001332361458252}
{"epoch": 31, "train_mean_squared_relative_error": 0.005972290349180462, "wall_seconds": 102.89921382535249, "best_so_far": 0.08001332361458252}
{"epoch": 32, "train_mean_squared_relative_error": 0.00926680172556104, "wall_seconds": 105.93014248413965, "best_so_far": 0.08001332361458252}
{"epoch": 33, "train_mean_squared_relative_error": 0.006220399833722856, "wall_seconds": 108.84621832007542, "best_so_far": 0.08001332361458252}
{"epoch": 34, "train_mean_squared_relative_error": 0.005024973763681077, "wall_seconds": 111.79515438526869, "best_so_far": 0.07818776721742118}
{"epoch": 35, "train_mean_squared_relative_error": 0.003546874872613741, "wall_seconds": 115.32481814408675, "best_so_far": 0.07524776371198917}
{"epoch": 36, "train_mean_squared_relative_error": 0.0035669856013577626, "wall_seconds": 118.66228963527828, "best_so_far": 0.07524776371198917}
{"epoch": 37, "train_mean_squared_relative_error": 0.003665473743189202, "wall_seconds": 121.57105485117063, "best_so_far": 0.07486028082668142}
{"epoch": 38, "train_mean_squared_relative_error": 0.0034946022714144377, "wall_seconds": 125.0346554829739, "best_so_far": 0.07486028082668142}
{"epoch": 39, "train_mean_squared_relative_error": 0.0034257224596336315, "wall_seconds": 128.01812395919114, "best_so_far": 0.06548090444857134}
{"epoch": 40, "train_mean_squared_relative_error": 0.002704883981668823, "wall_seconds": 131.36627330305055, "best_so_far": 0.06529315766168625}
{"epoch": 41, "train_mean_squared_relative_error": 0.0032324704734491474, "wall_seconds": 134.94436502829194, "best_so_far": 0.06529315766168625}
{"epoch": 42, "train_mean_squared_relative_error": 0.0031377957856858923, "wall_seconds": 137.94168352009729, "best_so_far": 0.06529315766168625}
{"epoch": 43, "train_mean_squared_relative_error": 0.002985237098397463, "wall_seconds": 140.88513853400946, "best_so_far": 0.06529315766168625}
{"epoch": 44, "train_mean_squared_relative_error": 0.0028872496061806943, "wall_seconds": 143.90934830531478, "best_so_far": 0.06529315766168625}
{"epoch": 45, "train_mean_squared_relative_error": 0.0028914703292329327, "wall_seconds": 146.8319234070368, "best_so_far": 0.06529315766168625}
{"epoch": 46, "train_mean_squared_relative_error": 0.003078387274071928, "wall_seconds": 149.75536919618025, "best_so_far": 0.06277235715970297}
{"epoch": 47, "train_mean_squared_relative_error": 0.0027603239578349566, "wall_seconds": 153.1989427851513, "best_so_far": 0.06277235715970297}
{"epoch": 48, "train_mean_squared_relative_error": 0.0030585436626309943, "wall_seconds": 156.16087502008304, "best_so_far": 0.06277235715970297}
{"epoch": 49, "train_mean_squared_relative_error": 0.0026510269681364377, "wall_seconds": 159.0829559280537, "best_so_far": 0.06277235715970297}
{"epoch": 50, "train_mean_squared_relative_error": 0.0022139522547941176, "wall_seconds": 162.0713805812411, "best_so_far": 0.06277235715970297}
{"epoch": 51, "train_mean_squared_relative_error": 0.0025468876481986825, "wall_seconds": 164.9958610581234, "best_so_far": 0.06277235715970297}
{"epoch": 52, "train_mean_squared_relative_error": 0.0025017538400116278, "wall_seconds": 167.96492751920596, "best_so_far": 0.06277235715970297}
{"epoch": 53, "train_mean_squared_relative_error": 0.004253408903006583, "wall_seconds": 170.93546140100807, "best_so_far": 0.06277235715970297}
{"epoch": 54, "train_mean_squared_relative_error": 0.003883562982090939, "wall_seconds": 173.9874136322178, "best_so_far": 0.06277235715970297}
{"epoch": 55, "train_mean_squared_relative_error": 0.002864228256433444, "wall_seconds": 176.9078371571377, "best_so_far": 0.06277235715970297}
{"epoch": 56, "train_mean_squared_relative_error": 0.00233614190623624, "wall_seconds": 179.81953825615346, "best_so_far": 0.06277235715970297}
{"epoch": 57, "train_mean_squared_relative_error": 0.0028045392964287244, "wall_seconds": 182.7334173102863, "best_so_far": 0.06277235715970297}
{"epoch": 58, "train_mean_squared_relative_error": 0.0031375290783347094, "wall_seconds": 185.7070838920772, "best_so_far": 0.06277235715970297}
{"epoch": 59, "train_mean_squared_relative_error": 0.0030826253980421833, "wall_seconds": 188.7506291139871, "best_so_far": 0.06277235715970297}
{"epoch": 60, "train_mean_squared_relative_error": 0.0029671145262369814, "wall_seconds": 191.68027240317315, "best_so_far": 0.06277235715970297}
{"epoch": 61, "train_mean_squared_relative_error": 0.0023603201683098426, "wall_seconds": 194.58861405821517, "best_so_far": 0.058092878791684795}
{"epoch": 62, "train_mean_squared_relative_error": 0.0021916708081707054, "wall_seconds": 198.06301191123202, "best_so_far": 0.052538297988587314}
{"epoch": 63, "train_mean_squared_relative_error": 0.002221193573299089, "wall_seconds": 201.47423148527741, "best_so_far": 0.052538297988587314}
{"epoch": 64, "train_mean_squared_relative_error": 0.002924965732340003, "wall_seconds": 204.40581215918064, "best_so_far": 0.052538297988587314}
{"epoch": 65, "train_mean_squared_relative_error": 0.003242921939411402, "wall_seconds": 207.3785530421883, "best_so_far": 0.052538297988587314}
{"epoch": 66, "train_mean_squared_relative_error": 0.0036096797051471882, "wall_seconds": 210.30650653410703, "best_so_far": 0.052538297988587314}
{"epoch": 67, "train_mean_squared_relative_error": 0.0036807433857640533, "wall_seconds": 213.21938873408362, "best_so_far": 0.052538297988587314}
{"epoch": 68, "train_mean_squared_relative_error": 0.002562213359067481, "wall_seconds": 216.14479861734435, "best_so_far": 0.052538297988587314}
{"epoch": 69, "train_mean_squared_relative_error": 0.0018326442535418735, "wall_seconds": 219.11687612207606, "best_so_far": 0.05204355658924707}
{"epoch": 70, "train_mean_squared_relative_error": 0.0018154369830067152, "wall_seconds": 222.55868302099407, "best_so_far": 0.05204355658924707}
{"epoch": 71, "train_mean_squared_relative_error": 0.0023100330967970244, "wall_seconds": 225.5073549184017, "best_so_far": 0.05204355658924707}
{"epoch": 72, "train_mean_squared_relative_error": 0.003275204675605474, "wall_seconds": 228.47037850739434, "best_so_far": 0.05204355658924707}
{"epoch": 73, "train_mean_squared_relative_error": 0.0021597327677853567, "wall_seconds": 231.5399641180411, "best_so_far": 0.05135098204631536}
{"epoch": 74, "train_mean_squared_relative_error": 0.0019566914000142144, "wall_seconds": 234.95737483818084, "best_so_far": 0.05135098204631536}
{"epoch": 75, "train_mean_squared_relative_error": 0.002118317222959679, "wall_seconds": 237.90479553630576, "best_so_far": 0.05135098204631536}
{"epoch": 76, "train_mean_squared_relative_error": 0.001762747288914777, "wall_seconds": 240.93240838125348, "best_so_far": 0.05135098204631536}
{"epoch": 77, "train_mean_squared_relative_error": 0.0019315388756300541, "wall_seconds": 243.981838921085, "best_so_far": 0.05135098204631536}
{"epoch": 78, "train_mean_squared_relative_error": 0.0018048741768449754, "wall_seconds": 246.88697801996022, "best_so_far": 0.05135098204631536}
{"epoch": 79, "train_mean_squared_relative_error": 0.0018278345088705071, "wall_seconds": 249.9663383960724, "best_so_far": 0.05135098204631536}
{"epoch": 80, "train_mean_squared_relative_error": 0.0019841527340405405, "wall_seconds": 252.89288973808289, "best_so_far": 0.05135098204631536}
{"epoch": 81, "train_mean_squared_relative_error": 0.0027332061355716183, "wall_seconds": 255.81037537939847, "best_so_far": 0.05135098204631536}
{"epoch": 82, "train_mean_squared_relative_error": 0.0027716874492495127, "wall_seconds": 258.7268979270011, "best_so_far": 0.05135098204631536}
{"epoch": 83, "train_mean_squared_relative_error": 0.002059725636286641, "wall_seconds": 261.65985403303057, "best_so_far": 0.05135098204631536}
{"epoch": 84, "train_mean_squared_relative_error": 0.0015634873650767806, "wall_seconds": 264.5870697023347, "best_so_far": 0.05135098204631536}
{"epoch": 85, "train_mean_squared_relative_error": 0.00221847233389299, "wall_seconds": 267.6185412313789, "best_so_far": 0.05135098204631536}
{"epoch": 86, "train_mean_squared_relative_error": 0.0027156040345939214, "wall_seconds": 270.574868130032, "best_so_far": 0.05135098204631536}
{"epoch": 87, "train_mean_squared_relative_error": 0.0017685721548543537, "wall_seconds": 273.5525072561577, "best_so_far": 0.05135098204631536}
{"epoch": 88, "train_mean_squared_relative_error": 0.001518051102668179, "wall_seconds": 276.47289190022275, "best_so_far": 0.05135098204631536}
{"epoch": 89, "train_mean_squared_relative_error": 0.0012768649858838177, "wall_seconds": 279.4314543721266, "best_so_far": 0.05135098204631536}
{"epoch": 90, "train_mean_squared_relative_error": 0.0012159736060822458, "wall_seconds": 282.3621660270728, "best_so_far": 0.05135098204631536}
{"epoch": 91, "train_mean_squared_relative_error": 0.00141359774783987, "wall_seconds": 285.32450267719105, "best_so_far": 0.04870262542000113}
{"epoch": 92, "train_mean_squared_relative_error": 0.0017685900277323286, "wall_seconds": 288.7939613200724, "best_so_far": 0.04870262542000113}
{"epoch": 93, "train_mean_squared_relative_error": 0.0018102257336281692, "wall_seconds": 291.790061512962, "best_so_far": 0.04870262542000113}
{"epoch": 94, "train_mean_squared_relative_error": 0.0029338599132282483, "wall_seconds": 294.71304270112887, "best_so_far": 0.04870262542000113}
{"epoch": 95, "train_mean_squared_relative_error": 0.002114321805124835, "wall_seconds": 297.7910514953546, "best_so_far": 0.04870262542000113}
{"epoch": 96, "train_mean_squared_relative_error": 0.0018205393795004295, "wall_seconds": 300.70487854629755, "best_so_far": 0.04870262542000113}
{"epoch": 97, "train_mean_squared_relative_error": 0.001683900544242637, "wall_seconds": 303.6298583941534, "best_so_far": 0.04870262542000113}
{"epoch": 98, "train_mean_squared_relative_error": 0.0020520916991523578, "wall_seconds": 306.5420032469556, "best_so_far": 0.04870262542000113}
{"epoch": 99, "train_mean_squared_relative_error": 0.0023297011739567123, "wall_seconds": 309.4940176201053, "best_so_far": 0.04870262542000113}
{"epoch": 100, "train_mean_squared_relative_error": 0.0023736412001928685, "wall_seconds": 312.46677404409274, "best_so_far": 0.04870262542000113}
{"epoch": 101, "train_mean_squared_relative_error": 0.0018939856237294914, "wall_seconds": 315.46345162112266, "best_so_far": 0.04870262542000113}
{"epoch": 102, "train_mean_squared_relative_error": 0.0017293133639597355, "wall_seconds": 318.52613442530856, "best_so_far": 0.04870262542000113}
{"epoch": 103, "train_mean_squared_relative_error": 0.0014605559336011839, "wall_seconds": 321.56990893324837, "best_so_far": 0.04870262542000113}
{"epoch": 104, "train_mean_squared_relative_error": 0.0013620212087152516, "wall_seconds": 324.50441695703194, "best_so_far": 0.04870262542000113}
{"epoch": 105, "train_mean_squared_relative_error": 0.0012984665857134856, "wall_seconds": 327.61605114210397, "best_so_far": 0.046804267480216766}
{"epoch": 106, "train_mean_squared_relative_error": 0.0011873248642401578, "wall_seconds": 331.2015378661454, "best_so_far": 0.046804267480216766}
{"epoch": 107, "train_mean_squared_relative_error": 0.0014441219793471503, "wall_seconds": 334.1300650332123, "best_so_far": 0.046804267480216766}
{"epoch": 108, "train_mean_squared_relative_error": 0.0014299881700937374, "wall_seconds": 337.15249995095655, "best_so_far": 0.046804267480216766}
{"epoch": 109, "train_mean_squared_relative_error": 0.0018579497388381844, "wall_seconds": 340.1464660973288, "best_so_far": 0.046804267480216766}
{"epoch": 110, "train_mean_squared_relative_error": 0.0017238388266619896, "wall_seconds": 343.09502772195265, "best_so_far": 0.046804267480216766}
{"epoch": 111, "train_mean_squared_relative_error": 0.0018014723030907163, "wall_seconds": 346.066415226087, "best_so_far": 0.046804267480216766}
{"epoch": 112, "train_mean_squared_relative_error": 0.0013873467173576056, "wall_seconds": 349.0112542673014, "best_so_far": 0.046804267480216766}
{"epoch": 113, "train_mean_squared_relative_error": 0.001420368913957591, "wall_seconds": 352.02874483913183, "best_so_far": 0.046804267480216766}
{"epoch": 114, "train_mean_squared_relative_error": 0.0017711361865549381, "wall_seconds": 355.07479844102636, "best_so_far": 0.046804267480216766}
{"epoch": 115, "train_mean_squared_relative_error": 0.002507988535983901, "wall_seconds": 358.13607217604294, "best_so_far": 0.046804267480216766}
{"epoch": 116, "train_mean_squared_relative_error": 0.002520610138615844, "wall_seconds": 361.0845175390132, "best_so_far": 0.046804267480216766}
{"epoch": 117, "train_mean_squared_relative_error": 0.002611748692001106, "wall_seconds": 364.0520569393411, "best_so_far": 0.046804267480216766}
{"epoch": 118, "train_mean_squared_relative_error": 0.0036798665252910268, "wall_seconds": 367.0004751593806, "best_so_far": 0.046804267480216766}
{"epoch": 119, "train_mean_squared_relative_error": 0.0022104354202770993, "wall_seconds": 369.9635155191645, "best_so_far": 0.046804267480216766}
{"epoch": 120, "train_mean_squared_relative_error": 0.0012522164037779425, "wall_seconds": 373.05692739225924, "best_so_far": 0.046804267480216766}
{"epoch": 121, "train_mean_squared_relative_error": 0.001933658759760857, "wall_seconds": 375.98283329000697, "best_so_far": 0.046804267480216766}
{"epoch": 122, "train_mean_squared_relative_error": 0.002321844150906635, "wall_seconds": 378.91950654797256, "best_so_far": 0.046804267480216766}
{"epoch": 123, "train_mean_squared_relative_error": 0.0016439440532342222, "wall_seconds": 381.8869027043693, "best_so_far": 0.046804267480216766}
{"epoch": 124, "train_mean_squared_relative_error": 0.0017305993079386184, "wall_seconds": 384.95838578697294, "best_so_far": 0.046804267480216766}
{"epoch": 125, "train_mean_squared_relative_error": 0.0015045906200661363, "wall_seconds": 387.9864149573259, "best_so_far": 0.046804267480216766}
{"epoch": 126, "train_mean_squared_relative_error": 0.001196339274089698, "wall_seconds": 390.9254941451363, "best_so_far": 0.04331800925425394}
{"epoch": 127, "train_mean_squared_relative_error": 0.0011461689160955665, "wall_seconds": 394.2933153649792, "best_so_far": 0.04331800925425394}
{"epoch": 128, "train_mean_squared_relative_error": 0.0016050551796990926, "wall_seconds": 397.2267656312324, "best_so_far": 0.04331800925425394}
{"epoch": 129, "train_mean_squared_relative_error": 0.0013594270355375723, "wall_seconds": 400.2312290542759, "best_so_far": 0.04331800925425394}
{"epoch": 130, "train_mean_squared_relative_error": 0.0021624502776254285, "wall_seconds": 403.1691598081961, "best_so_far": 0.04331800925425394}
{"epoch": 131, "train_mean_squared_relative_error": 0.0015853147505030098, "wall_seconds": 406.20742481108755, "best_so_far": 0.04331800925425394}
{"epoch": 132, "train_mean_squared_relative_error": 0.0015914991244247172, "wall_seconds": 409.2540474580601, "best_so_far": 0.04331800925425394}
{"epoch": 133, "train_mean_squared_relative_error": 0.0012154826778824506, "wall_seconds": 412.21899551618844, "best_so_far": 0.04099880488222836}
{"epoch": 134, "train_mean_squared_relative_error": 0.0010888621992184763, "wall_seconds": 415.71111840521917, "best_so_far": 0.04099880488222836}
{"epoch": 135, "train_mean_squared_relative_error": 0.0010386199093072174, "wall_seconds": 418.7230624370277, "best_so_far": 0.04099880488222836}
{"epoch": 136, "train_mean_squared_relative_error": 0.0020292704744343418, "wall_seconds": 421.7666860469617, "best_so_far": 0.04099880488222836}
{"epoch": 137, "train_mean_squared_relative_error": 0.0014873010137559327, "wall_seconds": 424.70923592336476, "best_so_far": 0.04099880488222836}
{"epoch": 138, "train_mean_squared_relative_error": 0.00128813407096543, "wall_seconds": 427.6358020179905, "best_so_far": 0.04099880488222836}
{"epoch": 139, "train_mean_squared_relative_error": 0.0010521965402707225, "wall_seconds": 430.5969661399722, "best_so_far": 0.04099880488222836}
{"epoch": 140, "train_mean_squared_relative_error": 0.0025833020328035095, "wall_seconds": 433.56179874623194, "best_so_far": 0.04099880488222836}
{"epoch": 141, "train_mean_squared_relative_error": 0.0019136862188567105, "wall_seconds": 436.60994576010853, "best_so_far": 0.04099880488222836}
{"epoch": 142, "train_mean_squared_relative_error": 0.0017571789470982168, "wall_seconds": 439.591526679229, "best_so_far": 0.04099880488222836}
{"epoch": 143, "train_mean_squared_relative_error": 0.0021717728510013187, "wall_seconds": 442.5577125651762, "best_so_far": 0.04099880488222836}
{"epoch": 144, "train_mean_squared_relative_error": 0.0015442962602904464, "wall_seconds": 445.5135993580334, "best_so_far": 0.04099880488222836}
{"epoch": 145, "train_mean_squared_relative_error": 0.0019359397927904496, "wall_seconds": 448.473738192115, "best_so_far": 0.04099880488222836}
{"epoch": 146, "train_mean_squared_relative_error": 0.0018131431464607957, "wall_seconds": 451.3902806872502, "best_so_far": 0.04099880488222836}
{"epoch": 147, "train_mean_squared_relative_error": 0.002205511633046113, "wall_seconds": 454.3398130601272, "best_so_far": 0.04099880488222836}
{"epoch": 148, "train_mean_squared_relative_error": 0.0014519112098175485, "wall_seconds": 457.29698522016406, "best_so_far": 0.04099880488222836}
{"epoch": 149, "train_mean_squared_relative_error": 0.0009313601070375223, "wall_seconds": 460.3161074863747, "best_so_far": 0.04099880488222836}
{"epoch": 150, "train_mean_squared_relative_error": 0.0008156912928929888, "wall_seconds": 463.4625451033935, "best_so_far": 0.03771723175414608}
{"epoch": 151, "train_mean_squared_relative_error": 0.0008881656837858234, "wall_seconds": 467.0038115340285, "best_so_far": 0.03771723175414608}
{"epoch": 152, "train_mean_squared_relative_error": 0.0010107572232593157, "wall_seconds": 470.00900533935055, "best_so_far": 0.03771723175414608}
{"epoch": 153, "train_mean_squared_relative_error": 0.0008338361896979101, "wall_seconds": 473.0396867990494, "best_so_far": 0.03771723175414608}
{"epoch": 154, "train_mean_squared_relative_error": 0.0008272836813675515, "wall_seconds": 476.01584683405235, "best_so_far": 0.03771723175414608}
{"epoch": 155, "train_mean_squared_relative_error": 0.0010933204918340668, "wall_seconds": 478.9787308210507, "best_so_far": 0.03771723175414608}
{"epoch": 156, "train_mean_squared_relative_error": 0.0014171821371066666, "wall_seconds": 481.9880930110812, "best_so_far": 0.03771723175414608}
{"epoch": 157, "train_mean_squared_relative_error": 0.0011849788031632709, "wall_seconds": 484.95311941206455, "best_so_far": 0.03771723175414608}
{"epoch": 158, "train_mean_squared_relative_error": 0.0013805132309778374, "wall_seconds": 487.94907636009157, "best_so_far": 0.03771723175414608}
{"epoch": 159, "train_mean_squared_relative_error": 0.0016886467906413632, "wall_seconds": 490.90604972699657, "best_so_far": 0.03771723175414608}
{"epoch": 160, "train_mean_squared_relative_error": 0.002197235916533037, "wall_seconds": 493.9746047100052, "best_so_far": 0.03771723175414608}
{"epoch": 161, "train_mean_squared_relative_error": 0.0014376979932203843, "wall_seconds": 497.02584471320733, "best_so_far": 0.03771723175414608}
{"epoch": 162, "train_mean_squared_relative_error": 0.001830792797978302, "wall_seconds": 500.0120605439879, "best_so_far": 0.03771723175414608}
{"epoch": 163, "train_mean_squared_relative_error": 0.0011194110047853297, "wall_seconds": 502.95046237530187, "best_so_far": 0.03771723175414608}
{"epoch": 164, "train_mean_squared_relative_error": 0.0010941168067055977, "wall_seconds": 505.88712955918163, "best_so_far": 0.03771723175414608}
{"epoch": 165, "train_mean_squared_relative_error": 0.0010501965812744604, "wall_seconds": 508.86068689031526, "best_so_far": 0.03771723175414608}
{"epoch": 166, "train_mean_squared_relative_error": 0.0010649696977650214, "wall_seconds": 511.7792593142949, "best_so_far": 0.03771723175414608}
{"epoch": 167, "train_mean_squared_relative_error": 0.0012473259577552673, "wall_seconds": 514.7609919202514, "best_so_far": 0.03771723175414608}
{"epoch": 168, "train_mean_squared_relative_error": 0.0011434616638542876, "wall_seconds": 517.7137027243152, "best_so_far": 0.03771723175414608}
{"epoch": 169, "train_mean_squared_relative_error": 0.0008484242974541397, "wall_seconds": 520.764296008274, "best_so_far": 0.03744965147675147}
{"epoch": 170, "train_mean_squared_relative_error": 0.0005830817355746765, "wall_seconds": 524.1733596981503, "best_so_far": 0.03395853005976927}
{"epoch": 171, "train_mean_squared_relative_error": 0.0005316004821708433, "wall_seconds": 527.5918340520002, "best_so_far": 0.03395853005976927}
{"epoch": 172, "train_mean_squared_relative_error": 0.0008200619360742052, "wall_seconds": 530.5240134922788, "best_so_far": 0.03324087875109302}
{"epoch": 173, "train_mean_squared_relative_error": 0.0006041156690944123, "wall_seconds": 533.985057969112, "best_so_far": 0.03324087875109302}
{"epoch": 174, "train_mean_squared_relative_error": 0.0005337132666534423, "wall_seconds": 537.0521005531773, "best_so_far": 0.03324087875109302}
{"epoch": 175, "train_mean_squared_relative_error": 0.0006377717300007696, "wall_seconds": 540.010520636104, "best_so_far": 0.03324087875109302}
{"epoch": 176, "train_mean_squared_relative_error": 0.0006668689894216805, "wall_seconds": 542.9914311752655, "best_so_far": 0.03324087875109302}
{"epoch": 177, "train_mean_squared_relative_error": 0.000706285809450865, "wall_seconds": 546.1047533582896, "best_so_far": 0.03324087875109302}
{"epoch": 178, "train_mean_squared_relative_error": 0.0007676152118991952, "wall_seconds": 549.0407665641978, "best_so_far": 0.03324087875109302}
{"epoch": 179, "train_mean_squared_relative_error": 0.001091164339983468, "wall_seconds": 551.9954059859738, "best_so_far": 0.03324087875109302}
{"epoch": 180, "train_mean_squared_relative_error": 0.0012224580190240118, "wall_seconds": 555.0772853102535, "best_so_far": 0.03324087875109302}
{"epoch": 181, "train_mean_squared_relative_error": 0.0019216044097893794, "wall_seconds": 558.0447590863332, "best_so_far": 0.03324087875109302}
{"epoch": 182, "train_mean_squared_relative_error": 0.001453017288426154, "wall_seconds": 561.0026854691096, "best_so_far": 0.03324087875109302}
{"epoch": 183, "train_mean_squared_relative_error": 0.000978869706761236, "wall_seconds": 563.9729612860829, "best_so_far": 0.03324087875109302}
{"epoch": 184, "train_mean_squared_relative_error": 0.0008658261172416517, "wall_seconds": 566.9464158480987, "best_so_far": 0.03324087875109302}
{"epoch": 185, "train_mean_squared_relative_error": 0.0009336692560737355, "wall_seconds": 569.896611190401, "best_so_far": 0.03324087875109302}
{"epoch": 186, "train_mean_squared_relative_error": 0.0016536665075611529, "wall_seconds": 573.0423434851691, "best_so_far": 0.03324087875109302}
{"epoch": 187, "train_mean_squared_relative_error": 0.0011006693707742467, "wall_seconds": 576.2356852660887, "best_so_far": 0.03324087875109302}
{"epoch": 188, "train_mean_squared_relative_error": 0.0007140593820175432, "wall_seconds": 579.1526310560293, "best_so_far": 0.03324087875109302}
{"epoch": 189, "train_mean_squared_relative_error": 0.0006802299631592328, "wall_seconds": 582.1102823563851, "best_so_far": 0.03324087875109302}
{"epoch": 190, "train_mean_squared_relative_error": 0.0010946987549656055, "wall_seconds": 585.0427108961158, "best_so_far": 0.03324087875109302}
{"epoch": 191, "train_mean_squared_relative_error": 0.000930474905243426, "wall_seconds": 587.9948278423399, "best_so_far": 0.03324087875109302}
{"epoch": 192, "train_mean_squared_relative_error": 0.0008592454700294194, "wall_seconds": 591.0565947270952, "best_so_far": 0.03324087875109302}
{"epoch": 193, "train_mean_squared_relative_error": 0.0008925829736645604, "wall_seconds": 593.9876603879966, "best_so_far": 0.03324087875109302}
{"epoch": 194, "train_mean_squared_relative_error": 0.0007048033589144203, "wall_seconds": 596.9296041182242, "best_so_far": 0.032067662805333574}
{"epoch": 195, "train_mean_squared_relative_error": 0.0004215444153068812, "wall_seconds": 600.4149971744046, "best_so_far": 0.030105164705596807}
{"epoch": 196, "train_mean_squared_relative_error": 0.00039927886246443346, "wall_seconds": 603.8526191730052, "best_so_far": 0.030105164705596807}
{"epoch": 197, "train_mean_squared_relative_error": 0.00037640748175381765, "wall_seconds": 606.7968716202304, "best_so_far": 0.02909347078144934}
{"epoch": 198, "train_mean_squared_relative_error": 0.00035459971656422027, "wall_seconds": 610.3295023380779, "best_so_far": 0.027189630240559468}
{"epoch": 199, "train_mean_squared_relative_error": 0.00034818238244587607, "wall_seconds": 613.8960676831193, "best_so_far": 0.027189630240559468}
{"epoch": 200, "train_mean_squared_relative_error": 0.00046269884060045393, "wall_seconds": 616.83571127709, "best_so_far": 0.027189630240559468}
{"epoch": 201, "train_mean_squared_relative_error": 0.0004327329500381309, "wall_seconds": 619.9608779111877, "best_so_far": 0.027189630240559468}
{"epoch": 202, "train_mean_squared_relative_error": 0.00037867915851103745, "wall_seconds": 622.9403628683649, "best_so_far": 0.027189630240559468}
{"epoch": 203, "train_mean_squared_relative_error": 0.0003599601724473335, "wall_seconds": 625.9323938433081, "best_so_far": 0.027189630240559468}
{"epoch": 204, "train_mean_squared_relative_error": 0.00037064166102899516, "wall_seconds": 628.9196111271158, "best_so_far": 0.02665760984374446}
{"epoch": 205, "train_mean_squared_relative_error": 0.00031502367306811377, "wall_seconds": 632.3671321640722, "best_so_far": 0.02665760984374446}
{"epoch": 206, "train_mean_squared_relative_error": 0.0003120492326169571, "wall_seconds": 635.3414730234072, "best_so_far": 0.026130700878352946}
{"epoch": 207, "train_mean_squared_relative_error": 0.00032370393191553617, "wall_seconds": 638.7907937802374, "best_so_far": 0.026130700878352946}
{"epoch": 208, "train_mean_squared_relative_error": 0.00030419384595794347, "wall_seconds": 641.7484411280602, "best_so_far": 0.024889747193377776}
{"epoch": 209, "train_mean_squared_relative_error": 0.00032294559819347207, "wall_seconds": 645.1805184572004, "best_so_far": 0.024889747193377776}
{"epoch": 210, "train_mean_squared_relative_error": 0.00032320566641227147, "wall_seconds": 648.1944402582012, "best_so_far": 0.024889747193377776}
{"epoch": 211, "train_mean_squared_relative_error": 0.0003047328466171054, "wall_seconds": 651.2664616182446, "best_so_far": 0.024889747193377776}
{"epoch": 212, "train_mean_squared_relative_error": 0.0002876987130091142, "wall_seconds": 654.2657389813103, "best_so_far": 0.024889747193377776}
{"epoch": 213, "train_mean_squared_relative_error": 0.0003187599942166934, "wall_seconds": 657.2138610300608, "best_so_far": 0.024889747193377776}
{"epoch": 214, "train_mean_squared_relative_error": 0.00032713002659345337, "wall_seconds": 660.2067444431596, "best_so_far": 0.024889747193377776}
{"epoch": 215, "train_mean_squared_relative_error": 0.0003513410639237951, "wall_seconds": 663.1616002530791, "best_so_far": 0.024889747193377776}
{"epoch": 216, "train_mean_squared_relative_error": 0.00034071632759785566, "wall_seconds": 666.117905498948, "best_so_far": 0.024889747193377776}
{"epoch": 217, "train_mean_squared_relative_error": 0.00034869118487289134, "wall_seconds": 669.0590550061315, "best_so_far": 0.024889747193377776}
{"epoch": 218, "train_mean_squared_relative_error": 0.0003139872536057675, "wall_seconds": 672.0073865251616, "best_so_far": 0.024889747193377776}
{"epoch": 219, "train_mean_squared_relative_error": 0.00030024297290395915, "wall_seconds": 675.0199252082966, "best_so_far": 0.024889747193377776}
{"epoch": 220, "train_mean_squared_relative_error": 0.0003164228907956683, "wall_seconds": 677.9601384070702, "best_so_far": 0.024889747193377776}
{"epoch": 221, "train_mean_squared_relative_error": 0.00030538040476273175, "wall_seconds": 680.9304783730768, "best_so_far": 0.024889747193377776}
{"epoch": 222, "train_mean_squared_relative_error": 0.0002597018414507422, "wall_seconds": 683.884329979308, "best_so_far": 0.024889747193377776}
{"epoch": 223, "train_mean_squared_relative_error": 0.00025513745745566537, "wall_seconds": 686.9706194093451, "best_so_far": 0.02481620833921763}
{"epoch": 224, "train_mean_squared_relative_error": 0.00025294304395905834, "wall_seconds": 690.5419290303253, "best_so_far": 0.02481620833921763}
{"epoch": 225, "train_mean_squared_relative_error": 0.0002761499325444987, "wall_seconds": 693.5280891112052, "best_so_far": 0.02425972264719807}
{"epoch": 226, "train_mean_squared_relative_error": 0.0002635706042164856, "wall_seconds": 696.9494989831, "best_so_far": 0.024168858195163553}
{"epoch": 227, "train_mean_squared_relative_error": 0.0002602469690217575, "wall_seconds": 700.4235752453096, "best_so_far": 0.02404443170781452}
{"epoch": 228, "train_mean_squared_relative_error": 0.0002341785008734043, "wall_seconds": 703.8394142449833, "best_so_far": 0.02404443170781452}
{"epoch": 229, "train_mean_squared_relative_error": 0.0002565613132563558, "wall_seconds": 706.8320015291683, "best_so_far": 0.02404443170781452}
{"epoch": 230, "train_mean_squared_relative_error": 0.00031603561937753536, "wall_seconds": 709.7860554191284, "best_so_far": 0.02404443170781452}
{"epoch": 231, "train_mean_squared_relative_error": 0.0003408771192871535, "wall_seconds": 712.7977982773446, "best_so_far": 0.02404443170781452}
{"epoch": 232, "train_mean_squared_relative_error": 0.0003075606793617611, "wall_seconds": 715.7770592472516, "best_so_far": 0.02404443170781452}
{"epoch": 233, "train_mean_squared_relative_error": 0.0002884070831660304, "wall_seconds": 718.751786747016, "best_so_far": 0.02404443170781452}
{"epoch": 234, "train_mean_squared_relative_error": 0.0002858647697957407, "wall_seconds": 721.7442800123245, "best_so_far": 0.02404443170781452}
{"epoch": 235, "train_mean_squared_relative_error": 0.0003177345933908742, "wall_seconds": 724.691019280348, "best_so_far": 0.02404443170781452}
{"epoch": 236, "train_mean_squared_relative_error": 0.00032535881851364606, "wall_seconds": 727.6456394111738, "best_so_far": 0.02404443170781452}
{"epoch": 237, "train_mean_squared_relative_error": 0.0003081537507966934, "wall_seconds": 730.7469547423534, "best_so_far": 0.02387002775292916}
{"epoch": 238, "train_mean_squared_relative_error": 0.000288844481689708, "wall_seconds": 734.1606837674044, "best_so_far": 0.02387002775292916}
{"epoch": 239, "train_mean_squared_relative_error": 0.0002932664315266645, "wall_seconds": 737.2010064329952, "best_so_far": 0.02387002775292916}
{"epoch": 240, "train_mean_squared_relative_error": 0.0003126879555300938, "wall_seconds": 740.359634519089, "best_so_far": 0.02387002775292916}
{"epoch": 241, "train_mean_squared_relative_error": 0.000276265967232613, "wall_seconds": 743.3925753631629, "best_so_far": 0.02387002775292916}
{"epoch": 242, "train_mean_squared_relative_error": 0.00024475685300548406, "wall_seconds": 746.3878387873992, "best_so_far": 0.023799190273859846}
{"epoch": 243, "train_mean_squared_relative_error": 0.00023520608603441742, "wall_seconds": 749.9625146449544, "best_so_far": 0.023799190273859846}
{"epoch": 244, "train_mean_squared_relative_error": 0.000280298023983376, "wall_seconds": 752.9101057313383, "best_so_far": 0.023799190273859846}
{"epoch": 245, "train_mean_squared_relative_error": 0.0004447793039545129, "wall_seconds": 755.9317573243752, "best_so_far": 0.023799190273859846}
{"epoch": 246, "train_mean_squared_relative_error": 0.00040765553302968705, "wall_seconds": 758.8953139353544, "best_so_far": 0.023799190273859846}
{"epoch": 247, "train_mean_squared_relative_error": 0.00047198163584218615, "wall_seconds": 761.8926314143464, "best_so_far": 0.023799190273859846}
{"epoch": 248, "train_mean_squared_relative_error": 0.0006316291452511883, "wall_seconds": 764.8759406721219, "best_so_far": 0.023799190273859846}
{"epoch": 249, "train_mean_squared_relative_error": 0.0005810489159414756, "wall_seconds": 767.8680836833082, "best_so_far": 0.023799190273859846}
{"epoch": 250, "train_mean_squared_relative_error": 0.0005841339008707968, "wall_seconds": 770.9276575441472, "best_so_far": 0.023799190273859846}
{"epoch": 251, "train_mean_squared_relative_error": 0.0005748209092626941, "wall_seconds": 773.983046496287, "best_so_far": 0.023799190273859846}
{"epoch": 252, "train_mean_squared_relative_error": 0.00042829158007242794, "wall_seconds": 777.0574102303945, "best_so_far": 0.023799190273859846}
{"epoch": 253, "train_mean_squared_relative_error": 0.00040710697642840657, "wall_seconds": 780.0465808091685, "best_so_far": 0.023799190273859846}
{"epoch": 254, "train_mean_squared_relative_error": 0.00043999744619979957, "wall_seconds": 783.0198742053472, "best_so_far": 0.023799190273859846}
{"epoch": 255, "train_mean_squared_relative_error": 0.00037750579113846814, "wall_seconds": 785.9742661691271, "best_so_far": 0.023799190273859846}
{"epoch": 256, "train_mean_squared_relative_error": 0.00031444982720305276, "wall_seconds": 788.9453742359765, "best_so_far": 0.023799190273859846}
{"epoch": 257, "train_mean_squared_relative_error": 0.00038613737541204096, "wall_seconds": 791.9845096860081, "best_so_far": 0.023799190273859846}
{"epoch": 258, "train_mean_squared_relative_error": 0.0002865614067851078, "wall_seconds": 795.0298466733657, "best_so_far": 0.023799190273859846}
{"epoch": 259, "train_mean_squared_relative_error": 0.000267483253178139, "wall_seconds": 798.0976375783794, "best_so_far": 0.023799190273859846}
{"epoch": 260, "train_mean_squared_relative_error": 0.00024834114397056535, "wall_seconds": 801.112427550368, "best_so_far": 0.023229858879205582}
{"epoch": 261, "train_mean_squared_relative_error": 0.00027413095073412444, "wall_seconds": 804.6278485283256, "best_so_far": 0.023229858879205582}
{"epoch": 262, "train_mean_squared_relative_error": 0.00035843387017104147, "wall_seconds": 807.7827538154088, "best_so_far": 0.023229858879205582}
{"epoch": 263, "train_mean_squared_relative_error": 0.0003984442329598032, "wall_seconds": 810.7739984770305, "best_so_far": 0.023229858879205582}
{"epoch": 264, "train_mean_squared_relative_error": 0.000419417630852949, "wall_seconds": 813.7511655460112, "best_so_far": 0.023229858879205582}
{"epoch": 265, "train_mean_squared_relative_error": 0.00041798738261110017, "wall_seconds": 816.7201287681237, "best_so_far": 0.023229858879205582}
{"epoch": 266, "train_mean_squared_relative_error": 0.000359205970961992, "wall_seconds": 819.6992228319868, "best_so_far": 0.023229858879205582}
{"epoch": 267, "train_mean_squared_relative_error": 0.0003396635532973519, "wall_seconds": 822.6944693149999, "best_so_far": 0.023229858879205582}
{"epoch": 268, "train_mean_squared_relative_error": 0.000346724633907591, "wall_seconds": 825.6436130669899, "best_so_far": 0.023229858879205582}
{"epoch": 269, "train_mean_squared_relative_error": 0.0002761376751911397, "wall_seconds": 828.6526369662024, "best_so_far": 0.023229858879205582}
{"epoch": 270, "train_mean_squared_relative_error": 0.0002494711498368632, "wall_seconds": 831.6656494033523, "best_so_far": 0.023229858879205582}
{"epoch": 271, "train_mean_squared_relative_error": 0.00024099495487233034, "wall_seconds": 834.7565775061958, "best_so_far": 0.023229858879205582}
{"epoch": 272, "train_mean_squared_relative_error": 0.00025931256120888035, "wall_seconds": 837.7359338980168, "best_so_far": 0.023229858879205582}
{"epoch": 273, "train_mean_squared_relative_error": 0.00029942694712257876, "wall_seconds": 840.7561239129864, "best_so_far": 0.023229858879205582}
{"epoch": 274, "train_mean_squared_relative_error": 0.0004497607087615067, "wall_seconds": 843.726688651368, "best_so_far": 0.023229858879205582}
{"epoch": 275, "train_mean_squared_relative_error": 0.0004729714003297356, "wall_seconds": 846.6983794863336, "best_so_far": 0.023229858879205582}
{"epoch": 276, "train_mean_squared_relative_error": 0.0004371554971254047, "wall_seconds": 849.6390817631036, "best_so_far": 0.023229858879205582}
{"epoch": 277, "train_mean_squared_relative_error": 0.0003179655561467506, "wall_seconds": 852.6325433491729, "best_so_far": 0.023229858879205582}
{"epoch": 278, "train_mean_squared_relative_error": 0.00026427445169992155, "wall_seconds": 855.6290884702466, "best_so_far": 0.022812752528759934}
{"epoch": 279, "train_mean_squared_relative_error": 0.0002487684986262107, "wall_seconds": 859.1090760100633, "best_so_far": 0.022812752528759934}
{"epoch": 280, "train_mean_squared_relative_error": 0.00029407033109308996, "wall_seconds": 862.1290613883175, "best_so_far": 0.022812752528759934}
{"epoch": 281, "train_mean_squared_relative_error": 0.00026509369228232277, "wall_seconds": 865.0800030021928, "best_so_far": 0.022812752528759934}
{"epoch": 282, "train_mean_squared_relative_error": 0.00031887637685304486, "wall_seconds": 868.0323898782954, "best_so_far": 0.022812752528759934}
{"epoch": 283, "train_mean_squared_relative_error": 0.0003523713149788886, "wall_seconds": 871.0185209382325, "best_so_far": 0.022812752528759934}
{"epoch": 284, "train_mean_squared_relative_error": 0.00034294903318442114, "wall_seconds": 874.0554125499912, "best_so_far": 0.022812752528759934}
{"epoch": 285, "train_mean_squared_relative_error": 0.000272911686497675, "wall_seconds": 877.0055028623901, "best_so_far": 0.022812752528759934}
{"epoch": 286, "train_mean_squared_relative_error": 0.00028576020218174777, "wall_seconds": 879.9573644641787, "best_so_far": 0.022812752528759934}
{"epoch": 287, "train_mean_squared_relative_error": 0.0003289183673376526, "wall_seconds": 883.0614626524039, "best_so_far": 0.022812752528759934}
{"epoch": 288, "train_mean_squared_relative_error": 0.00033613307430804037, "wall_seconds": 886.0051742871292, "best_so_far": 0.022812752528759934}
{"epoch": 289, "train_mean_squared_relative_error": 0.00041567445202436113, "wall_seconds": 888.9921700293198, "best_so_far": 0.022812752528759934}
{"epoch": 290, "train_mean_squared_relative_error": 0.00045381096332029356, "wall_seconds": 891.9691982544027, "best_so_far": 0.022812752528759934}
{"epoch": 291, "train_mean_squared_relative_error": 0.0003270855076023968, "wall_seconds": 894.9609747012146, "best_so_far": 0.022812752528759934}
{"epoch": 292, "train_mean_squared_relative_error": 0.00027828920286985886, "wall_seconds": 897.9424519203603, "best_so_far": 0.022812752528759934}
{"epoch": 293, "train_mean_squared_relative_error": 0.0002971580598210446, "wall_seconds": 900.93197173113, "best_so_far": 0.022812752528759934}
{"epoch": 294, "train_mean_squared_relative_error": 0.00033542171071684944, "wall_seconds": 903.9811436571181, "best_so_far": 0.022812752528759934}
{"epoch": 295, "train_mean_squared_relative_error": 0.00037555067038869935, "wall_seconds": 906.9387936862186, "best_so_far": 0.022812752528759934}
{"epoch": 296, "train_mean_squared_relative_error": 0.00034396174553855477, "wall_seconds": 910.00428138813, "best_so_far": 0.022812752528759934}
{"epoch": 297, "train_mean_squared_relative_error": 0.0003118478434594336, "wall_seconds": 912.9980338262394, "best_so_far": 0.022812752528759934}
{"epoch": 298, "train_mean_squared_relative_error": 0.0004729259257763716, "wall_seconds": 916.1197756091133, "best_so_far": 0.022812752528759934}
{"epoch": 299, "train_mean_squared_relative_error": 0.00060562556099015, "wall_seconds": 919.178395442199, "best_so_far": 0.022812752528759934}
{"epoch": 300, "train_mean_squared_relative_error": 0.00035696124810801237, "wall_seconds": 922.1767890979536, "best_so_far": 0.022812752528759934}
{"epoch": 301, "train_mean_squared_relative_error": 0.0002143655512075897, "wall_seconds": 925.1503559830599, "best_so_far": 0.02224356486269972}
{"epoch": 302, "train_mean_squared_relative_error": 0.00017870955831390443, "wall_seconds": 928.7005640789866, "best_so_far": 0.021415420178869694}
{"epoch": 303, "train_mean_squared_relative_error": 0.0001736004989777475, "wall_seconds": 932.1373481741175, "best_so_far": 0.021005951953623692}
{"epoch": 304, "train_mean_squared_relative_error": 0.00017736259112947247, "wall_seconds": 935.7357566100545, "best_so_far": 0.02058360839786927}
{"epoch": 305, "train_mean_squared_relative_error": 0.00016087208231914328, "wall_seconds": 939.3870257651433, "best_so_far": 0.02045046529842669}
{"epoch": 306, "train_mean_squared_relative_error": 0.00015040003093740948, "wall_seconds": 942.8246394712478, "best_so_far": 0.02045046529842669}
{"epoch": 307, "train_mean_squared_relative_error": 0.00015806230661792465, "wall_seconds": 945.7965713813901, "best_so_far": 0.02021261827892245}
{"epoch": 308, "train_mean_squared_relative_error": 0.0001542209307157146, "wall_seconds": 949.3101274459623, "best_so_far": 0.02021261827892245}
{"epoch": 309, "train_mean_squared_relative_error": 0.00014803864084046774, "wall_seconds": 952.2904566694051, "best_so_far": 0.02014499532199069}
{"epoch": 310, "train_mean_squared_relative_error": 0.00015324735519862742, "wall_seconds": 955.761260936968, "best_so_far": 0.02014499532199069}
{"epoch": 311, "train_mean_squared_relative_error": 0.00016175970527226524, "wall_seconds": 958.8230193331838, "best_so_far": 0.02014499532199069}
{"epoch": 312, "train_mean_squared_relative_error": 0.0001544845657529032, "wall_seconds": 961.9272352103144, "best_so_far": 0.02014499532199069}
{"epoch": 313, "train_mean_squared_relative_error": 0.00015291674432614367, "wall_seconds": 964.9447626653127, "best_so_far": 0.02014499532199069}
{"epoch": 314, "train_mean_squared_relative_error": 0.0001561326216798392, "wall_seconds": 967.934245291166, "best_so_far": 0.02014499532199069}
{"epoch": 315, "train_mean_squared_relative_error": 0.00016193257902495886, "wall_seconds": 970.8835370680317, "best_so_far": 0.02014499532199069}
{"epoch": 316, "train_mean_squared_relative_error": 0.00015924723762821978, "wall_seconds": 973.9547634329647, "best_so_far": 0.02014499532199069}
{"epoch": 317, "train_mean_squared_relative_error": 0.00015787706343343302, "wall_seconds": 976.9040985652246, "best_so_far": 0.020122060073173187}
{"epoch": 318, "train_mean_squared_relative_error": 0.0001481079234305469, "wall_seconds": 980.3035914399661, "best_so_far": 0.020122060073173187}
{"epoch": 319, "train_mean_squared_relative_error": 0.00014874328800878043, "wall_seconds": 983.304999532178, "best_so_far": 0.020122060073173187}
{"epoch": 320, "train_mean_squared_relative_error": 0.00015555043660106627, "wall_seconds": 986.2637242921628, "best_so_far": 0.020122060073173187}
{"epoch": 321, "train_mean_squared_relative_error": 0.0001488790628223062, "wall_seconds": 989.2306815241463, "best_so_far": 0.020122060073173187}
{"epoch": 322, "train_mean_squared_relative_error": 0.00014798550423880262, "wall_seconds": 992.2688701730222, "best_so_far": 0.020122060073173187}
{"epoch": 323, "train_mean_squared_relative_error": 0.00014307680084594567, "wall_seconds": 995.3749260450713, "best_so_far": 0.019970545512717326}
{"epoch": 324, "train_mean_squared_relative_error": 0.0001364363708223002, "wall_seconds": 998.8532567722723, "best_so_far": 0.019895839247894093}
{"epoch": 325, "train_mean_squared_relative_error": 0.000140906657004631, "wall_seconds": 1002.3702536453493, "best_so_far": 0.019895839247894093}
{"epoch": 326, "train_mean_squared_relative_error": 0.0001514029149206906, "wall_seconds": 1005.4396269889548, "best_so_far": 0.019895839247894093}
{"epoch": 327, "train_mean_squared_relative_error": 0.0001367841194091873, "wall_seconds": 1008.4114500391297, "best_so_far": 0.019295373043469163}
{"epoch": 328, "train_mean_squared_relative_error": 0.00013230884360380368, "wall_seconds": 1011.87556777196, "best_so_far": 0.019295373043469163}
{"epoch": 329, "train_mean_squared_relative_error": 0.00013951385684232823, "wall_seconds": 1014.9074815083295, "best_so_far": 0.019295373043469163}
{"epoch": 330, "train_mean_squared_relative_error": 0.0001531166777992958, "wall_seconds": 1018.0003793779761, "best_so_far": 0.019295373043469163}
{"epoch": 331, "train_mean_squared_relative_error": 0.00014710506731579757, "wall_seconds": 1021.0005308873951, "best_so_far": 0.019112174394869973}
{"epoch": 332, "train_mean_squared_relative_error": 0.00013919586400179423, "wall_seconds": 1024.3970985603519, "best_so_far": 0.019112174394869973}
{"epoch": 333, "train_mean_squared_relative_error": 0.0001425741651730097, "wall_seconds": 1027.3894594381563, "best_so_far": 0.019112174394869973}
{"epoch": 334, "train_mean_squared_relative_error": 0.0001433172488997447, "wall_seconds": 1030.4035051129758, "best_so_far": 0.019112174394869973}
{"epoch": 335, "train_mean_squared_relative_error": 0.0001382001950351267, "wall_seconds": 1033.4261082243174, "best_so_far": 0.019112174394869973}
{"epoch": 336, "train_mean_squared_relative_error": 0.00015574601131325777, "wall_seconds": 1036.4029342429712, "best_so_far": 0.019112174394869973}
{"epoch": 337, "train_mean_squared_relative_error": 0.00015163817848225922, "wall_seconds": 1039.4014627351426, "best_so_far": 0.019112174394869973}
{"epoch": 338, "train_mean_squared_relative_error": 0.00014178307787316216, "wall_seconds": 1042.3900761832483, "best_so_far": 0.019112174394869973}
{"epoch": 339, "train_mean_squared_relative_error": 0.00013896414970173676, "wall_seconds": 1045.387023136951, "best_so_far": 0.019112174394869973}
{"epoch": 340, "train_mean_squared_relative_error": 0.000133325128198851, "wall_seconds": 1048.394869687967, "best_so_far": 0.019112174394869973}
{"epoch": 341, "train_mean_squared_relative_error": 0.00015486667561138252, "wall_seconds": 1051.5087402220815, "best_so_far": 0.019112174394869973}
{"epoch": 342, "train_mean_squared_relative_error": 0.00015477432451643027, "wall_seconds": 1054.490064905025, "best_so_far": 0.019112174394869973}
{"epoch": 343, "train_mean_squared_relative_error": 0.0001708558292541826, "wall_seconds": 1057.447662805207, "best_so_far": 0.019112174394869973}
{"epoch": 344, "train_mean_squared_relative_error": 0.00016436589142426847, "wall_seconds": 1060.4691693121567, "best_so_far": 0.019112174394869973}
{"epoch": 345, "train_mean_squared_relative_error": 0.0001447359449255989, "wall_seconds": 1063.4802751871757, "best_so_far": 0.019112174394869973}
{"epoch": 346, "train_mean_squared_relative_error": 0.00013837121490131265, "wall_seconds": 1066.535915861372, "best_so_far": 0.019112174394869973}
{"epoch": 347, "train_mean_squared_relative_error": 0.0001443769447996764, "wall_seconds": 1069.6797988740727, "best_so_far": 0.019112174394869973}
{"epoch": 348, "train_mean_squared_relative_error": 0.00013690964430829956, "wall_seconds": 1072.7354680080898, "best_so_far": 0.019112174394869973}
{"epoch": 349, "train_mean_squared_relative_error": 0.0001611009257997338, "wall_seconds": 1075.8699251841754, "best_so_far": 0.019112174394869973}
{"epoch": 350, "train_mean_squared_relative_error": 0.00015447361481011598, "wall_seconds": 1079.1389544629492, "best_so_far": 0.019112174394869973}
{"epoch": 351, "train_mean_squared_relative_error": 0.00014403873990321016, "wall_seconds": 1082.2562438100576, "best_so_far": 0.019112174394869973}
{"epoch": 352, "train_mean_squared_relative_error": 0.00016507260302461608, "wall_seconds": 1085.4393435451202, "best_so_far": 0.019112174394869973}
{"epoch": 353, "train_mean_squared_relative_error": 0.00014776556236593686, "wall_seconds": 1088.6891116532497, "best_so_far": 0.019112174394869973}
{"epoch": 354, "train_mean_squared_relative_error": 0.00012347227901056635, "wall_seconds": 1091.7240337003022, "best_so_far": 0.018665181744030132}
{"epoch": 355, "train_mean_squared_relative_error": 0.00011879962147318551, "wall_seconds": 1095.3027493483387, "best_so_far": 0.018665181744030132}
{"epoch": 356, "train_mean_squared_relative_error": 0.00011669660296091264, "wall_seconds": 1098.3728236742318, "best_so_far": 0.018665181744030132}
{"epoch": 357, "train_mean_squared_relative_error": 0.00011574249387776269, "wall_seconds": 1101.3612510422245, "best_so_far": 0.01864042772391297}
{"epoch": 358, "train_mean_squared_relative_error": 0.00011396852576667998, "wall_seconds": 1104.901103915181, "best_so_far": 0.018515843417585002}
{"epoch": 359, "train_mean_squared_relative_error": 0.00011173309142963125, "wall_seconds": 1108.3825282952748, "best_so_far": 0.018515843417585002}
{"epoch": 360, "train_mean_squared_relative_error": 0.00010993849905757085, "wall_seconds": 1111.370752983261, "best_so_far": 0.018515843417585002}
{"epoch": 361, "train_mean_squared_relative_error": 0.00011070396564484814, "wall_seconds": 1114.7311956663616, "best_so_far": 0.018491596568293283}
{"epoch": 362, "train_mean_squared_relative_error": 0.00011013425682102873, "wall_seconds": 1118.2281323880889, "best_so_far": 0.018341304393013725}
{"epoch": 363, "train_mean_squared_relative_error": 0.00011157098829610361, "wall_seconds": 1121.688969020266, "best_so_far": 0.018341304393013725}
{"epoch": 364, "train_mean_squared_relative_error": 0.00011511166572499934, "wall_seconds": 1124.806659355294, "best_so_far": 0.018341304393013725}
{"epoch": 365, "train_mean_squared_relative_error": 0.00011525817752669523, "wall_seconds": 1127.8404353661463, "best_so_far": 0.018341304393013725}
{"epoch": 366, "train_mean_squared_relative_error": 0.00011413754627490364, "wall_seconds": 1130.936498187948, "best_so_far": 0.018219317035992784}
{"epoch": 367, "train_mean_squared_relative_error": 0.00011084185599165087, "wall_seconds": 1134.3912861761637, "best_so_far": 0.018219317035992784}
{"epoch": 368, "train_mean_squared_relative_error": 0.00010811665018101618, "wall_seconds": 1137.4031666573137, "best_so_far": 0.018219317035992784}
{"epoch": 369, "train_mean_squared_relative_error": 0.00010677348971205158, "wall_seconds": 1140.4494727402925, "best_so_far": 0.018219317035992784}
{"epoch": 370, "train_mean_squared_relative_error": 0.00010956689152155016, "wall_seconds": 1143.4131176522933, "best_so_far": 0.018206910656446154}
{"epoch": 371, "train_mean_squared_relative_error": 0.00010756440171077067, "wall_seconds": 1146.8396953353658, "best_so_far": 0.018206910656446154}
{"epoch": 372, "train_mean_squared_relative_error": 0.00010708611272326163, "wall_seconds": 1149.838619175367, "best_so_far": 0.018206910656446154}
{"epoch": 373, "train_mean_squared_relative_error": 0.00010699669925378667, "wall_seconds": 1152.8057657680474, "best_so_far": 0.018087498353667034}
{"epoch": 374, "train_mean_squared_relative_error": 0.00010853177269681385, "wall_seconds": 1156.229737227317, "best_so_far": 0.018087498353667034}
{"epoch": 375, "train_mean_squared_relative_error": 0.00010787711294405802, "wall_seconds": 1159.2672666832805, "best_so_far": 0.018087498353667034}
{"epoch": 376, "train_mean_squared_relative_error": 0.00010884900978974135, "wall_seconds": 1162.2564379801042, "best_so_far": 0.018087498353667034}
{"epoch": 377, "train_mean_squared_relative_error": 0.00010734328837743964, "wall_seconds": 1165.2263875300996, "best_so_far": 0.018087498353667034}
{"epoch": 378, "train_mean_squared_relative_error": 0.00010597438973591192, "wall_seconds": 1168.213339668233, "best_so_far": 0.018087498353667034}
{"epoch": 379, "train_mean_squared_relative_error": 0.00010767458654181672, "wall_seconds": 1171.3405977874063, "best_so_far": 0.018087498353667034}
{"epoch": 380, "train_mean_squared_relative_error": 0.00010870617792722649, "wall_seconds": 1174.3383655813523, "best_so_far": 0.018087498353667034}
{"epoch": 381, "train_mean_squared_relative_error": 0.00010644146678009147, "wall_seconds": 1177.4794980860315, "best_so_far": 0.018087498353667034}
{"epoch": 382, "train_mean_squared_relative_error": 0.00010881530799308783, "wall_seconds": 1180.477814735379, "best_so_far": 0.018087498353667034}
{"epoch": 383, "train_mean_squared_relative_error": 0.00010872855498184368, "wall_seconds": 1183.499229925219, "best_so_far": 0.01801857946976549}
{"epoch": 384, "train_mean_squared_relative_error": 0.00010703046733575854, "wall_seconds": 1187.0472738509998, "best_so_far": 0.01801857946976549}
{"epoch": 385, "train_mean_squared_relative_error": 0.00010411600053728193, "wall_seconds": 1190.05565653136, "best_so_far": 0.017863297633989736}
{"epoch": 386, "train_mean_squared_relative_error": 0.00010806449670589893, "wall_seconds": 1193.6203097300604, "best_so_far": 0.017863297633989736}
{"epoch": 387, "train_mean_squared_relative_error": 0.00011701768896330749, "wall_seconds": 1196.5928360433318, "best_so_far": 0.017863297633989736}
{"epoch": 388, "train_mean_squared_relative_error": 0.00012386616859549998, "wall_seconds": 1199.682597419247, "best_so_far": 0.017863297633989736}
{"epoch": 389, "train_mean_squared_relative_error": 0.00011219123613379452, "wall_seconds": 1202.6976765333675, "best_so_far": 0.017863297633989736}
{"epoch": 390, "train_mean_squared_relative_error": 0.00010695986394342485, "wall_seconds": 1205.690094416961, "best_so_far": 0.017863297633989736}
{"epoch": 391, "train_mean_squared_relative_error": 0.00010591605998355933, "wall_seconds": 1208.6597901051864, "best_so_far": 0.017863297633989736}
{"epoch": 392, "train_mean_squared_relative_error": 0.00010694256038948017, "wall_seconds": 1211.6966664451174, "best_so_far": 0.017863297633989736}
{"epoch": 393, "train_mean_squared_relative_error": 0.00010621757036985856, "wall_seconds": 1214.7410590751097, "best_so_far": 0.017863297633989736}
{"epoch": 394, "train_mean_squared_relative_error": 0.00010311735028297207, "wall_seconds": 1217.845428681001, "best_so_far": 0.017863297633989736}
{"epoch": 395, "train_mean_squared_relative_error": 0.00010580022274092988, "wall_seconds": 1220.9188487599604, "best_so_far": 0.017863297633989736}
{"epoch": 396, "train_mean_squared_relative_error": 0.00010891770162625087, "wall_seconds": 1223.920780631248, "best_so_far": 0.017863297633989736}
{"epoch": 397, "train_mean_squared_relative_error": 0.00011060853094440603, "wall_seconds": 1226.9950521639548, "best_so_far": 0.017863297633989736}
{"epoch": 398, "train_mean_squared_relative_error": 0.00011532469537646679, "wall_seconds": 1230.0733019313775, "best_so_far": 0.017863297633989736}
{"epoch": 399, "train_mean_squared_relative_error": 0.00010575174002241151, "wall_seconds": 1233.0748877120204, "best_so_far": 0.017824382384925307}
{"epoch": 400, "train_mean_squared_relative_error": 0.00010410744473891681, "wall_seconds": 1236.5240299659781, "best_so_far": 0.017824382384925307}
{"epoch": 401, "train_mean_squared_relative_error": 0.00010043904805307487, "wall_seconds": 1239.53168784827, "best_so_far": 0.01771710926593703}
{"epoch": 402, "train_mean_squared_relative_error": 0.0001031098952682144, "wall_seconds": 1242.9897802700289, "best_so_far": 0.01771710926593703}
{"epoch": 403, "train_mean_squared_relative_error": 0.00010467831005321002, "wall_seconds": 1245.9760851264, "best_so_far": 0.01771710926593703}
{"epoch": 404, "train_mean_squared_relative_error": 0.00010821077702410482, "wall_seconds": 1248.9898194381967, "best_so_far": 0.01771710926593703}
{"epoch": 405, "train_mean_squared_relative_error": 0.00010400315610854956, "wall_seconds": 1252.053547581192, "best_so_far": 0.01758790418264248}
{"epoch": 406, "train_mean_squared_relative_error": 0.00010468338914118302, "wall_seconds": 1255.54823069321, "best_so_far": 0.01758790418264248}
{"epoch": 407, "train_mean_squared_relative_error": 0.00010594657317072084, "wall_seconds": 1258.5429503261112, "best_so_far": 0.01758790418264248}
{"epoch": 408, "train_mean_squared_relative_error": 0.00010683270487575508, "wall_seconds": 1261.5752695230767, "best_so_far": 0.01758790418264248}
{"epoch": 409, "train_mean_squared_relative_error": 0.00010801070951143814, "wall_seconds": 1264.6140012433752, "best_so_far": 0.01758790418264248}
{"epoch": 410, "train_mean_squared_relative_error": 0.00010552707169835824, "wall_seconds": 1267.6082080244087, "best_so_far": 0.01758790418264248}
{"epoch": 411, "train_mean_squared_relative_error": 0.0001071024005047192, "wall_seconds": 1270.5923146163113, "best_so_far": 0.01758790418264248}
{"epoch": 412, "train_mean_squared_relative_error": 0.00010267326144667321, "wall_seconds": 1273.6474096579477, "best_so_far": 0.01758790418264248}
{"epoch": 413, "train_mean_squared_relative_error": 0.00010640045323372484, "wall_seconds": 1276.7282124501653, "best_so_far": 0.01758790418264248}
{"epoch": 414, "train_mean_squared_relative_error": 0.00011117451713643539, "wall_seconds": 1279.8773680501617, "best_so_far": 0.01758790418264248}
{"epoch": 415, "train_mean_squared_relative_error": 0.0001048172703641914, "wall_seconds": 1282.890190411359, "best_so_far": 0.01758790418264248}
{"epoch": 416, "train_mean_squared_relative_error": 0.00010721839013150229, "wall_seconds": 1285.8868849431165, "best_so_far": 0.01758790418264248}
{"epoch": 417, "train_mean_squared_relative_error": 0.00010879025139516603, "wall_seconds": 1288.870619514957, "best_so_far": 0.01758790418264248}
{"epoch": 418, "train_mean_squared_relative_error": 0.00011111328258495066, "wall_seconds": 1291.9050232879817, "best_so_far": 0.01758790418264248}
{"epoch": 419, "train_mean_squared_relative_error": 0.00012177427687238452, "wall_seconds": 1294.9737916672602, "best_so_far": 0.01758790418264248}
{"epoch": 420, "train_mean_squared_relative_error": 0.00011891526756545678, "wall_seconds": 1298.0742919011973, "best_so_far": 0.01758790418264248}
{"epoch": 421, "train_mean_squared_relative_error": 0.00010678181964755365, "wall_seconds": 1301.1079812012613, "best_so_far": 0.01758790418264248}
{"epoch": 422, "train_mean_squared_relative_error": 0.00010121547698841776, "wall_seconds": 1304.2478690193966, "best_so_far": 0.01758790418264248}
{"epoch": 423, "train_mean_squared_relative_error": 0.00010098633090748674, "wall_seconds": 1307.2457135720178, "best_so_far": 0.01758790418264248}
{"epoch": 424, "train_mean_squared_relative_error": 9.762554498772948e-05, "wall_seconds": 1310.2950731571764, "best_so_far": 0.01758790418264248}
{"epoch": 425, "train_mean_squared_relative_error": 0.00010083764869585307, "wall_seconds": 1313.3340839412995, "best_so_far": 0.01758790418264248}
{"epoch": 426, "train_mean_squared_relative_error": 0.00010266504209716535, "wall_seconds": 1316.334117403254, "best_so_far": 0.017329306320761104}
{"epoch": 427, "train_mean_squared_relative_error": 0.00011122115267099676, "wall_seconds": 1319.8527429769747, "best_so_far": 0.017329306320761104}
{"epoch": 428, "train_mean_squared_relative_error": 0.00011352797403566793, "wall_seconds": 1322.8417368330993, "best_so_far": 0.017329306320761104}
{"epoch": 429, "train_mean_squared_relative_error": 0.00011943350279655822, "wall_seconds": 1325.8818994932808, "best_so_far": 0.017329306320761104}
{"epoch": 430, "train_mean_squared_relative_error": 0.00011147527919179712, "wall_seconds": 1328.9460602980107, "best_so_far": 0.017329306320761104}
{"epoch": 431, "train_mean_squared_relative_error": 0.00011073189979071331, "wall_seconds": 1331.9426834071055, "best_so_far": 0.017329306320761104}
{"epoch": 432, "train_mean_squared_relative_error": 0.00010141918067796299, "wall_seconds": 1334.9901174684055, "best_so_far": 0.017329306320761104}
{"epoch": 433, "train_mean_squared_relative_error": 9.559653721758862e-05, "wall_seconds": 1338.0424776831642, "best_so_far": 0.017329306320761104}
{"epoch": 434, "train_mean_squared_relative_error": 9.851497374212385e-05, "wall_seconds": 1341.2391244620085, "best_so_far": 0.017329306320761104}
{"epoch": 435, "train_mean_squared_relative_error": 9.857733604239092e-05, "wall_seconds": 1344.2478785533458, "best_so_far": 0.017329306320761104}
{"epoch": 436, "train_mean_squared_relative_error": 9.284030176935989e-05, "wall_seconds": 1347.2550991941243, "best_so_far": 0.017329306320761104}
{"epoch": 437, "train_mean_squared_relative_error": 9.801863676361266e-05, "wall_seconds": 1350.3065070952289, "best_so_far": 0.017329306320761104}
{"epoch": 438, "train_mean_squared_relative_error": 0.00010413010205079473, "wall_seconds": 1353.372662271373, "best_so_far": 0.017329306320761104}
{"epoch": 439, "train_mean_squared_relative_error": 0.00010224499562230971, "wall_seconds": 1356.5019877832383, "best_so_far": 0.017329306320761104}
{"epoch": 440, "train_mean_squared_relative_error": 9.999156704174762e-05, "wall_seconds": 1359.5122517719865, "best_so_far": 0.017329306320761104}
{"epoch": 441, "train_mean_squared_relative_error": 9.67706617253467e-05, "wall_seconds": 1362.498176686, "best_so_far": 0.017329306320761104}
{"epoch": 442, "train_mean_squared_relative_error": 9.587600378341361e-05, "wall_seconds": 1365.5025499640033, "best_so_far": 0.017329306320761104}
{"epoch": 443, "train_mean_squared_relative_error": 9.28602829918103e-05, "wall_seconds": 1368.5321662593633, "best_so_far": 0.017291146216497147}
{"epoch": 444, "train_mean_squared_relative_error": 9.299408524691812e-05, "wall_seconds": 1372.065023238305, "best_so_far": 0.017291146216497147}
{"epoch": 445, "train_mean_squared_relative_error": 0.00010039416321267131, "wall_seconds": 1375.1554440972395, "best_so_far": 0.017291146216497147}
{"epoch": 446, "train_mean_squared_relative_error": 0.00010397986725542991, "wall_seconds": 1378.2066694810055, "best_so_far": 0.017291146216497147}
{"epoch": 447, "train_mean_squared_relative_error": 0.00011027393515156497, "wall_seconds": 1381.2206838023849, "best_so_far": 0.017275110657050705}
{"epoch": 448, "train_mean_squared_relative_error": 0.0001073286287457245, "wall_seconds": 1384.7389448750764, "best_so_far": 0.017275110657050705}
{"epoch": 449, "train_mean_squared_relative_error": 0.000100150471600709, "wall_seconds": 1387.7755331001244, "best_so_far": 0.017275110657050705}
{"epoch": 450, "train_mean_squared_relative_error": 9.47646893258802e-05, "wall_seconds": 1390.7924111052416, "best_so_far": 0.017275110657050705}
{"epoch": 451, "train_mean_squared_relative_error": 9.854924915788246e-05, "wall_seconds": 1393.8497246303596, "best_so_far": 0.017253679691686966}
{"epoch": 452, "train_mean_squared_relative_error": 0.00011373195391902239, "wall_seconds": 1397.3671605959535, "best_so_far": 0.017253679691686966}
{"epoch": 453, "train_mean_squared_relative_error": 0.0001346791808342116, "wall_seconds": 1400.3716345350258, "best_so_far": 0.017253679691686966}
{"epoch": 454, "train_mean_squared_relative_error": 0.00011605440457764696, "wall_seconds": 1403.5429649092257, "best_so_far": 0.017253679691686966}
{"epoch": 455, "train_mean_squared_relative_error": 0.00011784607621924585, "wall_seconds": 1406.5762730082497, "best_so_far": 0.017253679691686966}
{"epoch": 456, "train_mean_squared_relative_error": 0.0001304745651370951, "wall_seconds": 1409.5675516780466, "best_so_far": 0.017253679691686966}
{"epoch": 457, "train_mean_squared_relative_error": 0.00011184381244459996, "wall_seconds": 1412.696191133, "best_so_far": 0.017253679691686966}
{"epoch": 458, "train_mean_squared_relative_error": 0.00010220709969322897, "wall_seconds": 1415.7035867273808, "best_so_far": 0.017253679691686966}
{"epoch": 459, "train_mean_squared_relative_error": 9.889678208401839e-05, "wall_seconds": 1418.7101612132974, "best_so_far": 0.017253679691686966}
{"epoch": 460, "train_mean_squared_relative_error": 0.00010321847463513092, "wall_seconds": 1421.8292153002694, "best_so_far": 0.017253679691686966}
{"epoch": 461, "train_mean_squared_relative_error": 0.00010214538825582421, "wall_seconds": 1424.8313173181377, "best_so_far": 0.017253679691686966}
{"epoch": 462, "train_mean_squared_relative_error": 0.00010943012117117195, "wall_seconds": 1427.9816116420552, "best_so_far": 0.017253679691686966}
{"epoch": 463, "train_mean_squared_relative_error": 0.00012005303013888054, "wall_seconds": 1431.210328435991, "best_so_far": 0.017253679691686966}
{"epoch": 464, "train_mean_squared_relative_error": 0.0001141465260915545, "wall_seconds": 1434.2637358363718, "best_so_far": 0.017253679691686966}
{"epoch": 465, "train_mean_squared_relative_error": 0.00010993538525206896, "wall_seconds": 1437.2682762159966, "best_so_far": 0.017253679691686966}
{"epoch": 466, "train_mean_squared_relative_error": 0.00010738372917768554, "wall_seconds": 1440.297660365235, "best_so_far": 0.016903562429687546}
{"epoch": 467, "train_mean_squared_relative_error": 0.00010342780880335397, "wall_seconds": 1443.87993486505, "best_so_far": 0.016903562429687546}
{"epoch": 468, "train_mean_squared_relative_error": 0.00011868231325389754, "wall_seconds": 1446.8772832229733, "best_so_far": 0.016903562429687546}
{"epoch": 469, "train_mean_squared_relative_error": 0.00012106099468421063, "wall_seconds": 1449.9067761013284, "best_so_far": 0.016903562429687546}
{"epoch": 470, "train_mean_squared_relative_error": 0.00010727707619558444, "wall_seconds": 1452.9198656999506, "best_so_far": 0.016903562429687546}
{"epoch": 471, "train_mean_squared_relative_error": 9.910211095028562e-05, "wall_seconds": 1455.9144654851407, "best_so_far": 0.016903562429687546}
{"epoch": 472, "train_mean_squared_relative_error": 0.00011217695816980831, "wall_seconds": 1458.9460644670762, "best_so_far": 0.016903562429687546}
{"epoch": 473, "train_mean_squared_relative_error": 0.00011336432372663313, "wall_seconds": 1461.960584489163, "best_so_far": 0.016903562429687546}
{"epoch": 474, "train_mean_squared_relative_error": 0.00011198604886889444, "wall_seconds": 1465.1121031772345, "best_so_far": 0.016903562429687546}
{"epoch": 475, "train_mean_squared_relative_error": 9.778437975750196e-05, "wall_seconds": 1468.1798324990086, "best_so_far": 0.016903562429687546}
{"epoch": 476, "train_mean_squared_relative_error": 0.00010606101402419186, "wall_seconds": 1471.232397668995, "best_so_far": 0.016903562429687546}
{"epoch": 477, "train_mean_squared_relative_error": 0.00010517928964742774, "wall_seconds": 1474.325173097197, "best_so_far": 0.016903562429687546}
{"epoch": 478, "train_mean_squared_relative_error": 0.00010714570942388723, "wall_seconds": 1477.336170884315, "best_so_far": 0.016903562429687546}
{"epoch": 479, "train_mean_squared_relative_error": 0.0001365335985367762, "wall_seconds": 1480.3664651433937, "best_so_far": 0.016903562429687546}
{"epoch": 480, "train_mean_squared_relative_error": 0.0001536278095298288, "wall_seconds": 1483.4138980172575, "best_so_far": 0.016903562429687546}
{"epoch": 481, "train_mean_squared_relative_error": 0.00014314900713263513, "wall_seconds": 1486.4837075313553, "best_so_far": 0.016903562429687546}
{"epoch": 482, "train_mean_squared_relative_error": 0.00013651520309251362, "wall_seconds": 1489.4798760511912, "best_so_far": 0.016903562429687546}
{"epoch": 483, "train_mean_squared_relative_error": 0.0001092813860950629, "wall_seconds": 1492.4584107561968, "best_so_far": 0.016903562429687546}
{"epoch": 484, "train_mean_squared_relative_error": 0.00011906611446286596, "wall_seconds": 1495.4683083542623, "best_so_far": 0.016903562429687546}
{"epoch": 485, "train_mean_squared_relative_error": 0.0001228606306861684, "wall_seconds": 1498.4696195540018, "best_so_far": 0.016903562429687546}
{"epoch": 486, "train_mean_squared_relative_error": 0.00010075199609444057, "wall_seconds": 1501.484257816337, "best_so_far": 0.016903562429687546}
{"epoch": 487, "train_mean_squared_relative_error": 9.467993182764366e-05, "wall_seconds": 1504.5896888733841, "best_so_far": 0.016903562429687546}
{"epoch": 488, "train_mean_squared_relative_error": 9.347949170922644e-05, "wall_seconds": 1507.695648164954, "best_so_far": 0.016903562429687546}
{"epoch": 489, "train_mean_squared_relative_error": 8.412248427496168e-05, "wall_seconds": 1510.6902931099758, "best_so_far": 0.016903562429687546}
{"epoch": 490, "train_mean_squared_relative_error": 8.211189316485558e-05, "wall_seconds": 1513.6746758143418, "best_so_far": 0.01663377226748428}
{"epoch": 491, "train_mean_squared_relative_error": 7.831270086299345e-05, "wall_seconds": 1517.109347673133, "best_so_far": 0.01663377226748428}
{"epoch": 492, "train_mean_squared_relative_error": 7.866625242999372e-05, "wall_seconds": 1520.1269166884013, "best_so_far": 0.016543798598956244}
{"epoch": 493, "train_mean_squared_relative_error": 7.79027509125522e-05, "wall_seconds": 1523.5262662121095, "best_so_far": 0.016543798598956244}
{"epoch": 494, "train_mean_squared_relative_error": 7.809313438221324e-05, "wall_seconds": 1526.5344761232845, "best_so_far": 0.016410387764886326}
{"epoch": 495, "train_mean_squared_relative_error": 7.646608100138986e-05, "wall_seconds": 1530.0218578032218, "best_so_far": 0.016410387764886326}
{"epoch": 496, "train_mean_squared_relative_error": 7.80394325919877e-05, "wall_seconds": 1533.0171687849797, "best_so_far": 0.016410387764886326}
{"epoch": 497, "train_mean_squared_relative_error": 7.739616278327423e-05, "wall_seconds": 1536.03384903213, "best_so_far": 0.016410387764886326}
{"epoch": 498, "train_mean_squared_relative_error": 7.701748173439316e-05, "wall_seconds": 1539.0420941980556, "best_so_far": 0.016410387764886326}
{"epoch": 499, "train_mean_squared_relative_error": 7.626471083349324e-05, "wall_seconds": 1542.0303632221185, "best_so_far": 0.016410387764886326}
{"epoch": 500, "train_mean_squared_relative_error": 7.66388598593729e-05, "wall_seconds": 1545.0195254660212, "best_so_far": 0.016410387764886326}
{"epoch": 501, "train_mean_squared_relative_error": 7.73158676474507e-05, "wall_seconds": 1548.0813870863058, "best_so_far": 0.016410387764886326}
{"epoch": 502, "train_mean_squared_relative_error": 7.730817947583662e-05, "wall_seconds": 1551.1631864290684, "best_so_far": 0.016410387764886326}
{"epoch": 503, "train_mean_squared_relative_error": 7.795267858139015e-05, "wall_seconds": 1554.1543479049578, "best_so_far": 0.016410387764886326}
{"epoch": 504, "train_mean_squared_relative_error": 7.742090196110276e-05, "wall_seconds": 1557.2311069201678, "best_so_far": 0.016410387764886326}
{"epoch": 505, "train_mean_squared_relative_error": 7.756532705433433e-05, "wall_seconds": 1560.2004742091522, "best_so_far": 0.016410387764886326}
{"epoch": 506, "train_mean_squared_relative_error": 7.692485348959627e-05, "wall_seconds": 1563.179630849976, "best_so_far": 0.016410387764886326}
{"epoch": 507, "train_mean_squared_relative_error": 7.596052253275931e-05, "wall_seconds": 1566.1572686173022, "best_so_far": 0.016410387764886326}
{"epoch": 508, "train_mean_squared_relative_error": 7.459681293524359e-05, "wall_seconds": 1569.1908422419801, "best_so_far": 0.016410387764886326}
{"epoch": 509, "train_mean_squared_relative_error": 7.98464061624635e-05, "wall_seconds": 1572.1883146730252, "best_so_far": 0.016410387764886326}
{"epoch": 510, "train_mean_squared_relative_error": 7.633140078529155e-05, "wall_seconds": 1575.2116260742769, "best_so_far": 0.016343034012575364}
{"epoch": 511, "train_mean_squared_relative_error": 7.586186713635962e-05, "wall_seconds": 1578.6632008561864, "best_so_far": 0.016343034012575364}
{"epoch": 512, "train_mean_squared_relative_error": 7.757289933782273e-05, "wall_seconds": 1581.6567992931232, "best_so_far": 0.016343034012575364}
{"epoch": 513, "train_mean_squared_relative_error": 7.47580898967408e-05, "wall_seconds": 1584.6671078982763, "best_so_far": 0.016343034012575364}
{"epoch": 514, "train_mean_squared_relative_error": 7.500083194927281e-05, "wall_seconds": 1587.7804626612924, "best_so_far": 0.016343034012575364}
{"epoch": 515, "train_mean_squared_relative_error": 7.42493487630349e-05, "wall_seconds": 1590.8505736072548, "best_so_far": 0.016343034012575364}
{"epoch": 516, "train_mean_squared_relative_error": 7.42351324512369e-05, "wall_seconds": 1593.9583793743514, "best_so_far": 0.016343034012575364}
{"epoch": 517, "train_mean_squared_relative_error": 7.500113784108274e-05, "wall_seconds": 1596.9647896843962, "best_so_far": 0.016343034012575364}
{"epoch": 518, "train_mean_squared_relative_error": 7.494345244467274e-05, "wall_seconds": 1599.9485119204037, "best_so_far": 0.016343034012575364}
{"epoch": 519, "train_mean_squared_relative_error": 7.813723413557528e-05, "wall_seconds": 1602.9639842053875, "best_so_far": 0.016343034012575364}
{"epoch": 520, "train_mean_squared_relative_error": 7.605828223732139e-05, "wall_seconds": 1605.9948935331777, "best_so_far": 0.016099772788515442}
{"epoch": 521, "train_mean_squared_relative_error": 7.553087659965983e-05, "wall_seconds": 1609.4471381572075, "best_so_far": 0.016099772788515442}
{"epoch": 522, "train_mean_squared_relative_error": 7.688138939254526e-05, "wall_seconds": 1612.4415262280963, "best_so_far": 0.016099772788515442}
{"epoch": 523, "train_mean_squared_relative_error": 7.330866591181046e-05, "wall_seconds": 1615.5244122813456, "best_so_far": 0.016099772788515442}
{"epoch": 524, "train_mean_squared_relative_error": 7.473087833755262e-05, "wall_seconds": 1618.5625223401003, "best_so_far": 0.016099772788515442}
{"epoch": 525, "train_mean_squared_relative_error": 7.621313879508664e-05, "wall_seconds": 1621.5467872540466, "best_so_far": 0.016099772788515442}
{"epoch": 526, "train_mean_squared_relative_error": 7.643701038056796e-05, "wall_seconds": 1624.5380085869692, "best_so_far": 0.016099772788515442}
{"epoch": 527, "train_mean_squared_relative_error": 7.688233981133359e-05, "wall_seconds": 1627.5230988203548, "best_so_far": 0.016099772788515442}
{"epoch": 528, "train_mean_squared_relative_error": 7.484599775028093e-05, "wall_seconds": 1630.5293830670416, "best_so_far": 0.016099772788515442}
{"epoch": 529, "train_mean_squared_relative_error": 7.361046730912704e-05, "wall_seconds": 1633.584072205238, "best_so_far": 0.016099772788515442}
{"epoch": 530, "train_mean_squared_relative_error": 7.504935668412683e-05, "wall_seconds": 1636.7090342282318, "best_so_far": 0.016099772788515442}
{"epoch": 531, "train_mean_squared_relative_error": 7.456131983728345e-05, "wall_seconds": 1639.6969783599488, "best_so_far": 0.016099772788515442}
{"epoch": 532, "train_mean_squared_relative_error": 7.461062033929002e-05, "wall_seconds": 1642.8053720672615, "best_so_far": 0.016099772788515442}
{"epoch": 533, "train_mean_squared_relative_error": 7.325553918281237e-05, "wall_seconds": 1645.7840479509905, "best_so_far": 0.016099772788515442}
{"epoch": 534, "train_mean_squared_relative_error": 7.254291763710576e-05, "wall_seconds": 1648.8003639341332, "best_so_far": 0.016099772788515442}
{"epoch": 535, "train_mean_squared_relative_error": 7.301744339638396e-05, "wall_seconds": 1651.8722151122056, "best_so_far": 0.016099772788515442}
{"epoch": 536, "train_mean_squared_relative_error": 7.480779531455327e-05, "wall_seconds": 1654.8474355279468, "best_so_far": 0.016099772788515442}
{"epoch": 537, "train_mean_squared_relative_error": 7.475349687820757e-05, "wall_seconds": 1657.8713590223342, "best_so_far": 0.016099772788515442}
{"epoch": 538, "train_mean_squared_relative_error": 7.429764002874747e-05, "wall_seconds": 1660.9241190040484, "best_so_far": 0.016099772788515442}
{"epoch": 539, "train_mean_squared_relative_error": 7.382803598789177e-05, "wall_seconds": 1663.9964525601827, "best_so_far": 0.016099772788515442}
{"epoch": 540, "train_mean_squared_relative_error": 7.414579498039311e-05, "wall_seconds": 1666.999774117954, "best_so_far": 0.016099772788515442}
{"epoch": 541, "train_mean_squared_relative_error": 7.9682264563911e-05, "wall_seconds": 1670.0464369240217, "best_so_far": 0.016099772788515442}
{"epoch": 542, "train_mean_squared_relative_error": 7.770940843327727e-05, "wall_seconds": 1673.102521006018, "best_so_far": 0.016099772788515442}
{"epoch": 543, "train_mean_squared_relative_error": 7.061200786702335e-05, "wall_seconds": 1676.1470958041027, "best_so_far": 0.016099772788515442}
{"epoch": 544, "train_mean_squared_relative_error": 6.876384180598641e-05, "wall_seconds": 1679.340197341051, "best_so_far": 0.015971857161128474}
{"epoch": 545, "train_mean_squared_relative_error": 6.768969047815544e-05, "wall_seconds": 1682.8043770962395, "best_so_far": 0.015971857161128474}
{"epoch": 546, "train_mean_squared_relative_error": 6.768412519376258e-05, "wall_seconds": 1685.8631594683975, "best_so_far": 0.015971857161128474}
{"epoch": 547, "train_mean_squared_relative_error": 6.827438572362297e-05, "wall_seconds": 1688.9130622781813, "best_so_far": 0.015971857161128474}
{"epoch": 548, "train_mean_squared_relative_error": 6.829226024103773e-05, "wall_seconds": 1691.9235429139808, "best_so_far": 0.015971857161128474}
{"epoch": 549, "train_mean_squared_relative_error": 6.787554984493622e-05, "wall_seconds": 1695.0592525093816, "best_so_far": 0.015971857161128474}
{"epoch": 550, "train_mean_squared_relative_error": 6.710421108078763e-05, "wall_seconds": 1698.037919276394, "best_so_far": 0.015971857161128474}
{"epoch": 551, "train_mean_squared_relative_error": 6.830256427046949e-05, "wall_seconds": 1701.0386394723319, "best_so_far": 0.015971857161128474}
{"epoch": 552, "train_mean_squared_relative_error": 6.785228990786456e-05, "wall_seconds": 1704.0405358420685, "best_so_far": 0.015971857161128474}
{"epoch": 553, "train_mean_squared_relative_error": 6.725423033277082e-05, "wall_seconds": 1707.0671043903567, "best_so_far": 0.0158862278116716}
{"epoch": 554, "train_mean_squared_relative_error": 6.738152420625085e-05, "wall_seconds": 1710.5024062083103, "best_so_far": 0.0158862278116716}
{"epoch": 555, "train_mean_squared_relative_error": 6.675721378430045e-05, "wall_seconds": 1713.496426107362, "best_so_far": 0.0158862278116716}
{"epoch": 556, "train_mean_squared_relative_error": 6.710219557767876e-05, "wall_seconds": 1716.529811955057, "best_so_far": 0.0158862278116716}
{"epoch": 557, "train_mean_squared_relative_error": 6.686571002000517e-05, "wall_seconds": 1719.6317817592062, "best_so_far": 0.0158862278116716}
{"epoch": 558, "train_mean_squared_relative_error": 6.685469883470081e-05, "wall_seconds": 1722.740352881141, "best_so_far": 0.0158862278116716}
{"epoch": 559, "train_mean_squared_relative_error": 6.71278331022057e-05, "wall_seconds": 1725.9216005061753, "best_so_far": 0.0158862278116716}
{"epoch": 560, "train_mean_squared_relative_error": 6.78172690420319e-05, "wall_seconds": 1729.0130081092939, "best_so_far": 0.0158862278116716}
{"epoch": 561, "train_mean_squared_relative_error": 6.798493844007992e-05, "wall_seconds": 1732.0629443409853, "best_so_far": 0.015876976633159113}
{"epoch": 562, "train_mean_squared_relative_error": 6.818914335012892e-05, "wall_seconds": 1735.6265722559765, "best_so_far": 0.015876976633159113}
{"epoch": 563, "train_mean_squared_relative_error": 6.74381014222118e-05, "wall_seconds": 1738.6942355232313, "best_so_far": 0.015876976633159113}
{"epoch": 564, "train_mean_squared_relative_error": 6.707399113523789e-05, "wall_seconds": 1741.766160686966, "best_so_far": 0.015876976633159113}
{"epoch": 565, "train_mean_squared_relative_error": 6.755082054510261e-05, "wall_seconds": 1744.8387247789651, "best_so_far": 0.015876976633159113}
{"epoch": 566, "train_mean_squared_relative_error": 6.820266058182879e-05, "wall_seconds": 1748.0208421931602, "best_so_far": 0.015876976633159113}
{"epoch": 567, "train_mean_squared_relative_error": 6.685784124849322e-05, "wall_seconds": 1751.1044291150756, "best_so_far": 0.015876976633159113}
{"epoch": 568, "train_mean_squared_relative_error": 6.676100508269917e-05, "wall_seconds": 1754.5229238951579, "best_so_far": 0.015876976633159113}
{"epoch": 569, "train_mean_squared_relative_error": 6.840467470102594e-05, "wall_seconds": 1757.9271340942942, "best_so_far": 0.015876976633159113}
{"epoch": 570, "train_mean_squared_relative_error": 6.727856985177868e-05, "wall_seconds": 1761.458692860324, "best_so_far": 0.015876976633159113}
{"epoch": 571, "train_mean_squared_relative_error": 6.648264296873143e-05, "wall_seconds": 1764.7281922441907, "best_so_far": 0.015876976633159113}
{"epoch": 572, "train_mean_squared_relative_error": 6.679503354731998e-05, "wall_seconds": 1768.175519850105, "best_so_far": 0.015876976633159113}
{"epoch": 573, "train_mean_squared_relative_error": 6.730923387891527e-05, "wall_seconds": 1771.3872387022711, "best_so_far": 0.015876976633159113}
{"epoch": 574, "train_mean_squared_relative_error": 6.84841236915083e-05, "wall_seconds": 1774.7564330883324, "best_so_far": 0.015876976633159113}
{"epoch": 575, "train_mean_squared_relative_error": 6.729295009531646e-05, "wall_seconds": 1777.9555980702862, "best_so_far": 0.015876976633159113}
{"epoch": 576, "train_mean_squared_relative_error": 6.673945402822971e-05, "wall_seconds": 1781.086033733096, "best_so_far": 0.015876976633159113}
{"epoch": 577, "train_mean_squared_relative_error": 6.952702663117165e-05, "wall_seconds": 1784.2387723471038, "best_so_far": 0.015876976633159113}
{"epoch": 578, "train_mean_squared_relative_error": 6.889050649371794e-05, "wall_seconds": 1787.30331571633, "best_so_far": 0.015876976633159113}
{"epoch": 579, "train_mean_squared_relative_error": 6.850943391518365e-05, "wall_seconds": 1790.4060139441863, "best_so_far": 0.015876976633159113}
{"epoch": 580, "train_mean_squared_relative_error": 6.893862946069658e-05, "wall_seconds": 1793.5328841232695, "best_so_far": 0.015876976633159113}
{"epoch": 581, "train_mean_squared_relative_error": 6.616024184091259e-05, "wall_seconds": 1796.8011265150271, "best_so_far": 0.015876976633159113}
{"epoch": 582, "train_mean_squared_relative_error": 6.63549428638222e-05, "wall_seconds": 1800.1368426489644, "best_so_far": 0.015876976633159113}
{"epoch": 583, "train_mean_squared_relative_error": 6.611491938846267e-05, "wall_seconds": 1803.416767412331, "best_so_far": 0.015864027173434506}
{"epoch": 584, "train_mean_squared_relative_error": 6.427410361804869e-05, "wall_seconds": 1807.099127450958, "best_so_far": 0.015864027173434506}
{"epoch": 585, "train_mean_squared_relative_error": 6.44580858812123e-05, "wall_seconds": 1810.1687640212476, "best_so_far": 0.01584578470596901}
{"epoch": 586, "train_mean_squared_relative_error": 6.373578446046676e-05, "wall_seconds": 1813.8531011133455, "best_so_far": 0.01584578470596901}
{"epoch": 587, "train_mean_squared_relative_error": 6.36868994283207e-05, "wall_seconds": 1816.950921067968, "best_so_far": 0.015765105384820045}
{"epoch": 588, "train_mean_squared_relative_error": 6.401201261050846e-05, "wall_seconds": 1820.544684197288, "best_so_far": 0.015765105384820045}
{"epoch": 589, "train_mean_squared_relative_error": 6.383307547716046e-05, "wall_seconds": 1823.5977553520352, "best_so_far": 0.015765105384820045}
{"epoch": 590, "train_mean_squared_relative_error": 6.385102382148341e-05, "wall_seconds": 1826.6219306699932, "best_so_far": 0.015765105384820045}
{"epoch": 591, "train_mean_squared_relative_error": 6.390662458518578e-05, "wall_seconds": 1829.6626803660765, "best_so_far": 0.015765105384820045}
{"epoch": 592, "train_mean_squared_relative_error": 6.381394549324767e-05, "wall_seconds": 1832.7769583780318, "best_so_far": 0.015765105384820045}
{"epoch": 593, "train_mean_squared_relative_error": 6.403303358254195e-05, "wall_seconds": 1835.9223896022886, "best_so_far": 0.015765105384820045}
{"epoch": 594, "train_mean_squared_relative_error": 6.433430745878328e-05, "wall_seconds": 1839.008682939224, "best_so_far": 0.015765105384820045}
{"epoch": 595, "train_mean_squared_relative_error": 6.392258738158031e-05, "wall_seconds": 1842.0348970093764, "best_so_far": 0.015765105384820045}
{"epoch": 596, "train_mean_squared_relative_error": 6.386746576287087e-05, "wall_seconds": 1845.1418497860432, "best_so_far": 0.015765105384820045}
{"epoch": 597, "train_mean_squared_relative_error": 6.44144467793326e-05, "wall_seconds": 1848.307218729984, "best_so_far": 0.015765105384820045}
{"epoch": 598, "train_mean_squared_relative_error": 6.386162891147363e-05, "wall_seconds": 1851.402509813197, "best_so_far": 0.015765105384820045}
{"epoch": 599, "train_mean_squared_relative_error": 6.350315969614825e-05, "wall_seconds": 1854.5048821573146, "best_so_far": 0.015765105384820045}
{"epoch": 600, "train_mean_squared_relative_error": 6.34323972385144e-05, "wall_seconds": 1857.5743223321624, "best_so_far": 0.015765105384820045}
{"epoch": 601, "train_mean_squared_relative_error": 6.322194779380284e-05, "wall_seconds": 1860.6096825483255, "best_so_far": 0.015765105384820045}
{"epoch": 602, "train_mean_squared_relative_error": 6.34965010543694e-05, "wall_seconds": 1863.6391138182953, "best_so_far": 0.015765105384820045}
{"epoch": 603, "train_mean_squared_relative_error": 6.315290971770256e-05, "wall_seconds": 1866.7486860482022, "best_so_far": 0.015765105384820045}
{"epoch": 604, "train_mean_squared_relative_error": 6.474892237093973e-05, "wall_seconds": 1869.8890667520463, "best_so_far": 0.015765105384820045}
{"epoch": 605, "train_mean_squared_relative_error": 6.503050323304241e-05, "wall_seconds": 1872.9784410321154, "best_so_far": 0.015765105384820045}
{"epoch": 606, "train_mean_squared_relative_error": 6.454928651302286e-05, "wall_seconds": 1876.1843758593313, "best_so_far": 0.015765105384820045}
{"epoch": 607, "train_mean_squared_relative_error": 6.334396318131606e-05, "wall_seconds": 1879.3150803809986, "best_so_far": 0.015765105384820045}
{"epoch": 608, "train_mean_squared_relative_error": 6.368047630848845e-05, "wall_seconds": 1882.4375624964014, "best_so_far": 0.015765105384820045}
{"epoch": 609, "train_mean_squared_relative_error": 6.328780130186291e-05, "wall_seconds": 1885.4892934332602, "best_so_far": 0.015765105384820045}
{"epoch": 610, "train_mean_squared_relative_error": 6.274146627709926e-05, "wall_seconds": 1888.5606098482385, "best_so_far": 0.015765105384820045}
{"epoch": 611, "train_mean_squared_relative_error": 6.273093921457355e-05, "wall_seconds": 1891.6282472941093, "best_so_far": 0.015765105384820045}
{"epoch": 612, "train_mean_squared_relative_error": 6.276856157533224e-05, "wall_seconds": 1894.708962279372, "best_so_far": 0.015765105384820045}
{"epoch": 613, "train_mean_squared_relative_error": 6.297851376406042e-05, "wall_seconds": 1897.7942669400945, "best_so_far": 0.015765105384820045}
{"epoch": 614, "train_mean_squared_relative_error": 6.294258883300984e-05, "wall_seconds": 1900.86612589797, "best_so_far": 0.015765105384820045}
{"epoch": 615, "train_mean_squared_relative_error": 6.260473693970812e-05, "wall_seconds": 1903.90915689338, "best_so_far": 0.01573668636281768}
{"epoch": 616, "train_mean_squared_relative_error": 6.277075064656568e-05, "wall_seconds": 1907.5271991700865, "best_so_far": 0.01572910165419071}
{"epoch": 617, "train_mean_squared_relative_error": 6.305441617783806e-05, "wall_seconds": 1911.0614867391996, "best_so_far": 0.01572910165419071}
{"epoch": 618, "train_mean_squared_relative_error": 6.286574231506314e-05, "wall_seconds": 1914.1357880830765, "best_so_far": 0.015670550847897254}
{"epoch": 619, "train_mean_squared_relative_error": 6.283962871188599e-05, "wall_seconds": 1917.6897647422738, "best_so_far": 0.015670550847897254}
{"epoch": 620, "train_mean_squared_relative_error": 6.275962304620743e-05, "wall_seconds": 1920.7672269339673, "best_so_far": 0.015670550847897254}
{"epoch": 621, "train_mean_squared_relative_error": 6.249375874175722e-05, "wall_seconds": 1923.821690628305, "best_so_far": 0.015670550847897254}
{"epoch": 622, "train_mean_squared_relative_error": 6.253730073875526e-05, "wall_seconds": 1926.87916322425, "best_so_far": 0.015670550847897254}
{"epoch": 623, "train_mean_squared_relative_error": 6.288444190521025e-05, "wall_seconds": 1929.8970821029507, "best_so_far": 0.015670550847897254}
{"epoch": 624, "train_mean_squared_relative_error": 6.271470163508972e-05, "wall_seconds": 1932.8978256941773, "best_so_far": 0.015670550847897254}
{"epoch": 625, "train_mean_squared_relative_error": 6.22080257169294e-05, "wall_seconds": 1936.0934417131357, "best_so_far": 0.015670550847897254}
{"epoch": 626, "train_mean_squared_relative_error": 6.264367019824539e-05, "wall_seconds": 1939.1821215683594, "best_so_far": 0.015670550847897254}
{"epoch": 627, "train_mean_squared_relative_error": 6.274150451607805e-05, "wall_seconds": 1942.4130760179833, "best_so_far": 0.015670550847897254}
{"epoch": 628, "train_mean_squared_relative_error": 6.257481720698497e-05, "wall_seconds": 1945.5065612541512, "best_so_far": 0.015670550847897254}
{"epoch": 629, "train_mean_squared_relative_error": 6.248852035315853e-05, "wall_seconds": 1948.5309894061647, "best_so_far": 0.015670550847897254}
{"epoch": 630, "train_mean_squared_relative_error": 6.191181849281844e-05, "wall_seconds": 1951.663684810046, "best_so_far": 0.015670550847897254}
{"epoch": 631, "train_mean_squared_relative_error": 6.205212397670925e-05, "wall_seconds": 1954.693513527047, "best_so_far": 0.01565962175931164}
{"epoch": 632, "train_mean_squared_relative_error": 6.204917886852764e-05, "wall_seconds": 1958.15042272117, "best_so_far": 0.01565962175931164}
{"epoch": 633, "train_mean_squared_relative_error": 6.214709407117339e-05, "wall_seconds": 1961.1773510412313, "best_so_far": 0.01565962175931164}
{"epoch": 634, "train_mean_squared_relative_error": 6.172481227847452e-05, "wall_seconds": 1964.2036055643111, "best_so_far": 0.01565962175931164}
{"epoch": 635, "train_mean_squared_relative_error": 6.236615107316036e-05, "wall_seconds": 1967.2366843591444, "best_so_far": 0.01565962175931164}
{"epoch": 636, "train_mean_squared_relative_error": 6.215934685864646e-05, "wall_seconds": 1970.3020543530583, "best_so_far": 0.01565962175931164}
{"epoch": 637, "train_mean_squared_relative_error": 6.216657596483006e-05, "wall_seconds": 1973.4977695932612, "best_so_far": 0.01565962175931164}
{"epoch": 638, "train_mean_squared_relative_error": 6.237159067700636e-05, "wall_seconds": 1976.6831435882486, "best_so_far": 0.01565962175931164}
{"epoch": 639, "train_mean_squared_relative_error": 6.218172260022176e-05, "wall_seconds": 1979.8319477662444, "best_so_far": 0.01565962175931164}
{"epoch": 640, "train_mean_squared_relative_error": 6.232919945753936e-05, "wall_seconds": 1982.9224870819598, "best_so_far": 0.01565962175931164}
{"epoch": 641, "train_mean_squared_relative_error": 6.236509173076203e-05, "wall_seconds": 1986.0725519973785, "best_so_far": 0.01565962175931164}
{"epoch": 642, "train_mean_squared_relative_error": 6.233120569141488e-05, "wall_seconds": 1989.3624876723625, "best_so_far": 0.01565962175931164}
{"epoch": 643, "train_mean_squared_relative_error": 6.173273742520777e-05, "wall_seconds": 1992.4375081253238, "best_so_far": 0.01565962175931164}
{"epoch": 644, "train_mean_squared_relative_error": 6.179208043992898e-05, "wall_seconds": 1995.4883152190596, "best_so_far": 0.01565962175931164}
{"epoch": 645, "train_mean_squared_relative_error": 6.169885676642998e-05, "wall_seconds": 1998.5435570003465, "best_so_far": 0.01565962175931164}
{"epoch": 646, "train_mean_squared_relative_error": 6.218939247238678e-05, "wall_seconds": 2001.7496956400573, "best_so_far": 0.01565962175931164}
{"epoch": 647, "train_mean_squared_relative_error": 6.251158030559589e-05, "wall_seconds": 2004.787642088253, "best_so_far": 0.01565962175931164}
{"epoch": 648, "train_mean_squared_relative_error": 6.15719791475216e-05, "wall_seconds": 2007.8769742250443, "best_so_far": 0.01565750650121266}
{"epoch": 649, "train_mean_squared_relative_error": 6.17098698195977e-05, "wall_seconds": 2011.370347683318, "best_so_far": 0.01565750650121266}
{"epoch": 650, "train_mean_squared_relative_error": 6.187435824772174e-05, "wall_seconds": 2014.383388407994, "best_so_far": 0.01565750650121266}
{"epoch": 651, "train_mean_squared_relative_error": 6.166529053780318e-05, "wall_seconds": 2017.4171420563944, "best_so_far": 0.01565750650121266}
{"epoch": 652, "train_mean_squared_relative_error": 6.157644829896535e-05, "wall_seconds": 2020.4652864392847, "best_so_far": 0.01565750650121266}
{"epoch": 653, "train_mean_squared_relative_error": 6.189188693331783e-05, "wall_seconds": 2023.5342272580601, "best_so_far": 0.01565750650121266}
{"epoch": 654, "train_mean_squared_relative_error": 6.179893153650849e-05, "wall_seconds": 2026.6119341449812, "best_so_far": 0.01565750650121266}
{"epoch": 655, "train_mean_squared_relative_error": 6.202980641909183e-05, "wall_seconds": 2029.710134728346, "best_so_far": 0.01565750650121266}
{"epoch": 656, "train_mean_squared_relative_error": 6.15731314670179e-05, "wall_seconds": 2032.8064140053466, "best_so_far": 0.01565750650121266}
{"epoch": 657, "train_mean_squared_relative_error": 6.172205956685995e-05, "wall_seconds": 2035.8651485792361, "best_so_far": 0.01565750650121266}
{"epoch": 658, "train_mean_squared_relative_error": 6.140134274979319e-05, "wall_seconds": 2038.9535189913586, "best_so_far": 0.01565750650121266}
{"epoch": 659, "train_mean_squared_relative_error": 6.149850016479755e-05, "wall_seconds": 2041.9960010522045, "best_so_far": 0.01565750650121266}
{"epoch": 660, "train_mean_squared_relative_error": 6.129417336660104e-05, "wall_seconds": 2045.0100105870515, "best_so_far": 0.01565750650121266}
{"epoch": 661, "train_mean_squared_relative_error": 6.146830624500118e-05, "wall_seconds": 2048.0988412583247, "best_so_far": 0.01565750650121266}
{"epoch": 662, "train_mean_squared_relative_error": 6.154607815688527e-05, "wall_seconds": 2051.1458881110884, "best_so_far": 0.01565750650121266}
{"epoch": 663, "train_mean_squared_relative_error": 6.15967048979543e-05, "wall_seconds": 2054.2611627480946, "best_so_far": 0.01565750650121266}
{"epoch": 664, "train_mean_squared_relative_error": 6.100992633093412e-05, "wall_seconds": 2057.2915373472497, "best_so_far": 0.01565750650121266}
{"epoch": 665, "train_mean_squared_relative_error": 6.128644709337209e-05, "wall_seconds": 2060.3286458342336, "best_so_far": 0.01565750650121266}
{"epoch": 666, "train_mean_squared_relative_error": 6.116776392876892e-05, "wall_seconds": 2063.3436762262136, "best_so_far": 0.015650905771360964}
{"epoch": 667, "train_mean_squared_relative_error": 6.130118578320978e-05, "wall_seconds": 2066.9146395223215, "best_so_far": 0.015650905771360964}
{"epoch": 668, "train_mean_squared_relative_error": 6.1008207434064096e-05, "wall_seconds": 2069.9870341490023, "best_so_far": 0.015650905771360964}
{"epoch": 669, "train_mean_squared_relative_error": 6.125930537130992e-05, "wall_seconds": 2073.076867460273, "best_so_far": 0.015578793339423594}
{"epoch": 670, "train_mean_squared_relative_error": 6.140344014626361e-05, "wall_seconds": 2076.5674299690872, "best_so_far": 0.015578793339423594}
{"epoch": 671, "train_mean_squared_relative_error": 6.12970004576168e-05, "wall_seconds": 2079.7547220182605, "best_so_far": 0.015578793339423594}
{"epoch": 672, "train_mean_squared_relative_error": 6.170630414819286e-05, "wall_seconds": 2082.7949912743643, "best_so_far": 0.015578793339423594}
{"epoch": 673, "train_mean_squared_relative_error": 6.113619319279713e-05, "wall_seconds": 2085.9366031722166, "best_so_far": 0.015578793339423594}
{"epoch": 674, "train_mean_squared_relative_error": 6.164665175280792e-05, "wall_seconds": 2089.1248827562667, "best_so_far": 0.015578793339423594}
{"epoch": 675, "train_mean_squared_relative_error": 6.13665675947757e-05, "wall_seconds": 2092.149975862354, "best_so_far": 0.015578793339423594}
{"epoch": 676, "train_mean_squared_relative_error": 6.108488069010614e-05, "wall_seconds": 2095.2209646063857, "best_so_far": 0.015578793339423594}
{"epoch": 677, "train_mean_squared_relative_error": 6.0994128535162595e-05, "wall_seconds": 2098.278866112232, "best_so_far": 0.015573448945047735}
{"epoch": 678, "train_mean_squared_relative_error": 6.095219900150802e-05, "wall_seconds": 2101.8131378651597, "best_so_far": 0.015573448945047735}
{"epoch": 679, "train_mean_squared_relative_error": 6.063363788645545e-05, "wall_seconds": 2104.8728438289836, "best_so_far": 0.015573448945047735}
{"epoch": 680, "train_mean_squared_relative_error": 6.1011584786911626e-05, "wall_seconds": 2108.0472722211853, "best_so_far": 0.015573448945047735}
{"epoch": 681, "train_mean_squared_relative_error": 6.181540553058622e-05, "wall_seconds": 2111.1318627223372, "best_so_far": 0.015573448945047735}
{"epoch": 682, "train_mean_squared_relative_error": 6.110926915338972e-05, "wall_seconds": 2114.162222460378, "best_so_far": 0.015573448945047735}
{"epoch": 683, "train_mean_squared_relative_error": 6.115941914313993e-05, "wall_seconds": 2117.4102393020876, "best_so_far": 0.015573448945047735}
{"epoch": 684, "train_mean_squared_relative_error": 6.0796267624175695e-05, "wall_seconds": 2120.6451704930514, "best_so_far": 0.015545577517865774}
{"epoch": 685, "train_mean_squared_relative_error": 6.06621007698853e-05, "wall_seconds": 2124.289806290064, "best_so_far": 0.015545577517865774}
{"epoch": 686, "train_mean_squared_relative_error": 6.072474533283291e-05, "wall_seconds": 2127.4259244990535, "best_so_far": 0.015545577517865774}
{"epoch": 687, "train_mean_squared_relative_error": 6.0737716716075626e-05, "wall_seconds": 2130.545455273241, "best_so_far": 0.015545577517865774}
{"epoch": 688, "train_mean_squared_relative_error": 6.12957769037406e-05, "wall_seconds": 2133.6960998512805, "best_so_far": 0.015545577517865774}
{"epoch": 689, "train_mean_squared_relative_error": 6.077591791708076e-05, "wall_seconds": 2136.8636596612632, "best_so_far": 0.015545577517865774}
{"epoch": 690, "train_mean_squared_relative_error": 6.0445556673167064e-05, "wall_seconds": 2140.032227522228, "best_so_far": 0.015545577517865774}
{"epoch": 691, "train_mean_squared_relative_error": 6.080407986776711e-05, "wall_seconds": 2143.130140907131, "best_so_far": 0.015545577517865774}
{"epoch": 692, "train_mean_squared_relative_error": 6.049571986271355e-05, "wall_seconds": 2146.221795705147, "best_so_far": 0.015545577517865774}
{"epoch": 693, "train_mean_squared_relative_error": 6.0232418916291584e-05, "wall_seconds": 2149.253477602266, "best_so_far": 0.01553151136702967}
{"epoch": 694, "train_mean_squared_relative_error": 5.994382686364682e-05, "wall_seconds": 2152.781020787079, "best_so_far": 0.01553151136702967}
{"epoch": 695, "train_mean_squared_relative_error": 6.052119310821239e-05, "wall_seconds": 2155.8338831150904, "best_so_far": 0.01553151136702967}
{"epoch": 696, "train_mean_squared_relative_error": 6.00421146711403e-05, "wall_seconds": 2158.9094603722915, "best_so_far": 0.01553151136702967}
{"epoch": 697, "train_mean_squared_relative_error": 6.052018914032722e-05, "wall_seconds": 2162.012526637409, "best_so_far": 0.01553151136702967}
{"epoch": 698, "train_mean_squared_relative_error": 6.052111652823806e-05, "wall_seconds": 2165.0800795899704, "best_so_far": 0.015530865754572127}
{"epoch": 699, "train_mean_squared_relative_error": 6.0794109733517785e-05, "wall_seconds": 2168.653132735286, "best_so_far": 0.015530865754572127}
{"epoch": 700, "train_mean_squared_relative_error": 6.121086052580187e-05, "wall_seconds": 2171.7436002851464, "best_so_far": 0.015523256628665966}
{"epoch": 701, "train_mean_squared_relative_error": 6.016279331677733e-05, "wall_seconds": 2175.29157364415, "best_so_far": 0.015523256628665966}
{"epoch": 702, "train_mean_squared_relative_error": 6.035020004416403e-05, "wall_seconds": 2178.3379604900256, "best_so_far": 0.015523256628665966}
{"epoch": 703, "train_mean_squared_relative_error": 6.0549150230390396e-05, "wall_seconds": 2181.4090163609944, "best_so_far": 0.015523256628665966}
{"epoch": 704, "train_mean_squared_relative_error": 6.055037329974829e-05, "wall_seconds": 2184.682908126153, "best_so_far": 0.015523256628665966}
{"epoch": 705, "train_mean_squared_relative_error": 6.043542955791963e-05, "wall_seconds": 2187.8755031339824, "best_so_far": 0.015523256628665966}
{"epoch": 706, "train_mean_squared_relative_error": 6.020877925283686e-05, "wall_seconds": 2191.230436441954, "best_so_far": 0.015523256628665966}
{"epoch": 707, "train_mean_squared_relative_error": 5.9927787612667696e-05, "wall_seconds": 2194.3444114173763, "best_so_far": 0.015488984839765954}
{"epoch": 708, "train_mean_squared_relative_error": 5.989525305522675e-05, "wall_seconds": 2197.905918103177, "best_so_far": 0.015488984839765954}
{"epoch": 709, "train_mean_squared_relative_error": 5.993394427772538e-05, "wall_seconds": 2201.182937507052, "best_so_far": 0.015488984839765954}
{"epoch": 710, "train_mean_squared_relative_error": 5.994131853629005e-05, "wall_seconds": 2204.2743988912553, "best_so_far": 0.015488984839765954}
{"epoch": 711, "train_mean_squared_relative_error": 6.026230443375432e-05, "wall_seconds": 2207.320961887948, "best_so_far": 0.015488984839765954}
{"epoch": 712, "train_mean_squared_relative_error": 6.0194150914437725e-05, "wall_seconds": 2210.4331133221276, "best_so_far": 0.015488984839765954}
{"epoch": 713, "train_mean_squared_relative_error": 6.0250919868743176e-05, "wall_seconds": 2213.48349635303, "best_so_far": 0.015488984839765954}
{"epoch": 714, "train_mean_squared_relative_error": 6.0402323674205584e-05, "wall_seconds": 2216.568590232171, "best_so_far": 0.015488984839765954}
{"epoch": 715, "train_mean_squared_relative_error": 6.036266227333433e-05, "wall_seconds": 2219.6294535463676, "best_so_far": 0.015488984839765954}
{"epoch": 716, "train_mean_squared_relative_error": 6.0276519335180834e-05, "wall_seconds": 2222.7619475061074, "best_so_far": 0.015488984839765954}
{"epoch": 717, "train_mean_squared_relative_error": 6.0506737704973713e-05, "wall_seconds": 2225.8710884423926, "best_so_far": 0.015488984839765954}
{"epoch": 718, "train_mean_squared_relative_error": 6.046355827365892e-05, "wall_seconds": 2228.9747194321826, "best_so_far": 0.015488984839765954}
{"epoch": 719, "train_mean_squared_relative_error": 6.0299642816729276e-05, "wall_seconds": 2232.119512706995, "best_so_far": 0.015488984839765954}
{"epoch": 720, "train_mean_squared_relative_error": 5.995060324564076e-05, "wall_seconds": 2235.178982423153, "best_so_far": 0.015488984839765954}
{"epoch": 721, "train_mean_squared_relative_error": 6.0456611578945315e-05, "wall_seconds": 2238.327148647979, "best_so_far": 0.015488984839765954}
{"epoch": 722, "train_mean_squared_relative_error": 5.9726012596977556e-05, "wall_seconds": 2241.57681498304, "best_so_far": 0.015488984839765954}
{"epoch": 723, "train_mean_squared_relative_error": 5.947426218145623e-05, "wall_seconds": 2244.767441859003, "best_so_far": 0.015488984839765954}
{"epoch": 724, "train_mean_squared_relative_error": 5.954125328296304e-05, "wall_seconds": 2247.996065289248, "best_so_far": 0.015488984839765954}
{"epoch": 725, "train_mean_squared_relative_error": 5.927784898904033e-05, "wall_seconds": 2251.0855044820346, "best_so_far": 0.015488984839765954}
{"epoch": 726, "train_mean_squared_relative_error": 5.94426665372743e-05, "wall_seconds": 2254.146820513997, "best_so_far": 0.015488984839765954}
{"epoch": 727, "train_mean_squared_relative_error": 5.956887689202162e-05, "wall_seconds": 2257.250030830037, "best_so_far": 0.015487940771482408}
{"epoch": 728, "train_mean_squared_relative_error": 5.9336242204518556e-05, "wall_seconds": 2260.866761229001, "best_so_far": 0.015487940771482408}
{"epoch": 729, "train_mean_squared_relative_error": 5.9686636807842404e-05, "wall_seconds": 2263.941242199391, "best_so_far": 0.015487940771482408}
{"epoch": 730, "train_mean_squared_relative_error": 5.974500896169496e-05, "wall_seconds": 2267.0785018960014, "best_so_far": 0.015487940771482408}
{"epoch": 731, "train_mean_squared_relative_error": 5.961805637742341e-05, "wall_seconds": 2270.6494649103843, "best_so_far": 0.015487940771482408}
{"epoch": 732, "train_mean_squared_relative_error": 5.9311641709317474e-05, "wall_seconds": 2274.56250010198, "best_so_far": 0.015487940771482408}
{"epoch": 733, "train_mean_squared_relative_error": 5.930340080857197e-05, "wall_seconds": 2277.633751537185, "best_so_far": 0.015487940771482408}
{"epoch": 734, "train_mean_squared_relative_error": 5.927074397587692e-05, "wall_seconds": 2280.734109785408, "best_so_far": 0.015439334081678736}
{"epoch": 735, "train_mean_squared_relative_error": 5.986296434351504e-05, "wall_seconds": 2284.4234265540726, "best_so_far": 0.015422621815819994}
{"epoch": 736, "train_mean_squared_relative_error": 5.9634378151071503e-05, "wall_seconds": 2288.121552972123, "best_so_far": 0.015422621815819994}
{"epoch": 737, "train_mean_squared_relative_error": 5.98013101991672e-05, "wall_seconds": 2291.235944368411, "best_so_far": 0.015422621815819994}
{"epoch": 738, "train_mean_squared_relative_error": 5.9860106473379415e-05, "wall_seconds": 2294.4075659480877, "best_so_far": 0.015422621815819994}
{"epoch": 739, "train_mean_squared_relative_error": 5.974061390713127e-05, "wall_seconds": 2297.4995047133416, "best_so_far": 0.015422621815819994}
{"epoch": 740, "train_mean_squared_relative_error": 5.946751830716125e-05, "wall_seconds": 2300.7322411872447, "best_so_far": 0.015422621815819994}
{"epoch": 741, "train_mean_squared_relative_error": 5.8805183942308295e-05, "wall_seconds": 2304.019378753379, "best_so_far": 0.015422621815819994}
{"epoch": 742, "train_mean_squared_relative_error": 5.916589576895741e-05, "wall_seconds": 2307.0786538249813, "best_so_far": 0.015422621815819994}
{"epoch": 743, "train_mean_squared_relative_error": 5.8958918946223085e-05, "wall_seconds": 2310.15994895529, "best_so_far": 0.015422621815819994}
{"epoch": 744, "train_mean_squared_relative_error": 5.9517343256271e-05, "wall_seconds": 2313.2322459169663, "best_so_far": 0.015422621815819994}
{"epoch": 745, "train_mean_squared_relative_error": 5.88159248098042e-05, "wall_seconds": 2316.3051509861834, "best_so_far": 0.015422621815819994}
{"epoch": 746, "train_mean_squared_relative_error": 5.8698541440762735e-05, "wall_seconds": 2319.399399125017, "best_so_far": 0.015422621815819994}
{"epoch": 747, "train_mean_squared_relative_error": 5.8688993254520533e-05, "wall_seconds": 2322.5681539890356, "best_so_far": 0.015422621815819994}
{"epoch": 748, "train_mean_squared_relative_error": 5.861702483312564e-05, "wall_seconds": 2325.641057081055, "best_so_far": 0.015422621815819994}
{"epoch": 749, "train_mean_squared_relative_error": 5.9379743426299256e-05, "wall_seconds": 2328.760237286333, "best_so_far": 0.015422621815819994}
{"epoch": 750, "train_mean_squared_relative_error": 5.909219525472509e-05, "wall_seconds": 2331.832889426034, "best_so_far": 0.015422621815819994}
{"epoch": 751, "train_mean_squared_relative_error": 5.89777010285582e-05, "wall_seconds": 2334.970805073157, "best_so_far": 0.015422621815819994}
{"epoch": 752, "train_mean_squared_relative_error": 5.862433180230643e-05, "wall_seconds": 2338.0662388363853, "best_so_far": 0.015422621815819994}
{"epoch": 753, "train_mean_squared_relative_error": 5.866280777086887e-05, "wall_seconds": 2341.203103390988, "best_so_far": 0.015422621815819994}
{"epoch": 754, "train_mean_squared_relative_error": 5.8634351199735886e-05, "wall_seconds": 2344.339644220192, "best_so_far": 0.015422621815819994}
{"epoch": 755, "train_mean_squared_relative_error": 5.904656698266851e-05, "wall_seconds": 2347.4479562481865, "best_so_far": 0.015422621815819994}
{"epoch": 756, "train_mean_squared_relative_error": 5.9016876197050616e-05, "wall_seconds": 2350.659744766075, "best_so_far": 0.015422621815819994}
{"epoch": 757, "train_mean_squared_relative_error": 5.901419335911175e-05, "wall_seconds": 2353.7440776973963, "best_so_far": 0.015422621815819994}
{"epoch": 758, "train_mean_squared_relative_error": 5.863671335819911e-05, "wall_seconds": 2356.981862481218, "best_so_far": 0.015422621815819994}
{"epoch": 759, "train_mean_squared_relative_error": 5.855926049998592e-05, "wall_seconds": 2360.2957846252248, "best_so_far": 0.015422621815819994}
{"epoch": 760, "train_mean_squared_relative_error": 5.8809458765936785e-05, "wall_seconds": 2363.3846845580265, "best_so_far": 0.015359348191886408}
{"epoch": 761, "train_mean_squared_relative_error": 5.842593925475806e-05, "wall_seconds": 2367.1393813812174, "best_so_far": 0.015359348191886408}
{"epoch": 762, "train_mean_squared_relative_error": 5.912617289695249e-05, "wall_seconds": 2370.2947337334044, "best_so_far": 0.015359348191886408}
{"epoch": 763, "train_mean_squared_relative_error": 5.9235166022016845e-05, "wall_seconds": 2373.4155240901746, "best_so_far": 0.015359348191886408}
{"epoch": 764, "train_mean_squared_relative_error": 5.902469093965395e-05, "wall_seconds": 2376.4770270320587, "best_so_far": 0.015359348191886408}
{"epoch": 765, "train_mean_squared_relative_error": 5.839093195614145e-05, "wall_seconds": 2379.588332436979, "best_so_far": 0.015359348191886408}
{"epoch": 766, "train_mean_squared_relative_error": 5.84602426939595e-05, "wall_seconds": 2382.74092535628, "best_so_far": 0.015359348191886408}
{"epoch": 767, "train_mean_squared_relative_error": 5.8282317412012474e-05, "wall_seconds": 2385.8313634940423, "best_so_far": 0.015359348191886408}
{"epoch": 768, "train_mean_squared_relative_error": 5.796256953893189e-05, "wall_seconds": 2388.9060875312425, "best_so_far": 0.015359348191886408}
{"epoch": 769, "train_mean_squared_relative_error": 5.807818929306693e-05, "wall_seconds": 2391.969759266358, "best_so_far": 0.015349477910524226}
{"epoch": 770, "train_mean_squared_relative_error": 5.7847215975938885e-05, "wall_seconds": 2395.5067612561397, "best_so_far": 0.015349477910524226}
{"epoch": 771, "train_mean_squared_relative_error": 5.852970430120768e-05, "wall_seconds": 2398.677579600364, "best_so_far": 0.015349477910524226}
{"epoch": 772, "train_mean_squared_relative_error": 5.808483791180753e-05, "wall_seconds": 2401.7600728832185, "best_so_far": 0.015349477910524226}
{"epoch": 773, "train_mean_squared_relative_error": 5.7879450862855154e-05, "wall_seconds": 2404.855639340356, "best_so_far": 0.015349477910524226}
{"epoch": 774, "train_mean_squared_relative_error": 5.7809266227238146e-05, "wall_seconds": 2407.977962867357, "best_so_far": 0.015349477910524226}
{"epoch": 775, "train_mean_squared_relative_error": 5.775870766608372e-05, "wall_seconds": 2411.0506824329495, "best_so_far": 0.015349477910524226}
{"epoch": 776, "train_mean_squared_relative_error": 5.861900219688194e-05, "wall_seconds": 2414.1577396653593, "best_so_far": 0.01533715217007708}
{"epoch": 777, "train_mean_squared_relative_error": 5.8800807976147765e-05, "wall_seconds": 2417.767734652385, "best_so_far": 0.01533715217007708}
{"epoch": 778, "train_mean_squared_relative_error": 5.7777031544718205e-05, "wall_seconds": 2420.861318526324, "best_so_far": 0.01533715217007708}
{"epoch": 779, "train_mean_squared_relative_error": 5.798843875721171e-05, "wall_seconds": 2424.0147447041236, "best_so_far": 0.01533715217007708}
{"epoch": 780, "train_mean_squared_relative_error": 5.7889858863009745e-05, "wall_seconds": 2427.1101536392234, "best_so_far": 0.01533715217007708}
{"epoch": 781, "train_mean_squared_relative_error": 5.753432658647802e-05, "wall_seconds": 2430.183985529002, "best_so_far": 0.01533715217007708}
{"epoch": 782, "train_mean_squared_relative_error": 5.784141764090094e-05, "wall_seconds": 2433.3719073953107, "best_so_far": 0.01533715217007708}
{"epoch": 783, "train_mean_squared_relative_error": 5.792341188047959e-05, "wall_seconds": 2436.479825675953, "best_so_far": 0.01533715217007708}
{"epoch": 784, "train_mean_squared_relative_error": 5.7770144259273856e-05, "wall_seconds": 2439.5433671283536, "best_so_far": 0.01533715217007708}
{"epoch": 785, "train_mean_squared_relative_error": 5.766519483797922e-05, "wall_seconds": 2442.910840181168, "best_so_far": 0.01533715217007708}
{"epoch": 786, "train_mean_squared_relative_error": 5.748560724297473e-05, "wall_seconds": 2446.0185403311625, "best_so_far": 0.01533715217007708}
{"epoch": 787, "train_mean_squared_relative_error": 5.8038366455966235e-05, "wall_seconds": 2449.131405011285, "best_so_far": 0.01533715217007708}
{"epoch": 788, "train_mean_squared_relative_error": 5.783348386702374e-05, "wall_seconds": 2452.279024827294, "best_so_far": 0.01533715217007708}
{"epoch": 789, "train_mean_squared_relative_error": 5.7659619239766673e-05, "wall_seconds": 2455.368555780966, "best_so_far": 0.01533715217007708}
{"epoch": 790, "train_mean_squared_relative_error": 5.71896921921007e-05, "wall_seconds": 2458.4428166192956, "best_so_far": 0.01533715217007708}
{"epoch": 791, "train_mean_squared_relative_error": 5.7530424030933995e-05, "wall_seconds": 2461.5352043700404, "best_so_far": 0.015318152640097584}
{"epoch": 792, "train_mean_squared_relative_error": 5.768658529396896e-05, "wall_seconds": 2465.1738814483397, "best_so_far": 0.015318152640097584}
{"epoch": 793, "train_mean_squared_relative_error": 5.700716611851385e-05, "wall_seconds": 2468.2396580469795, "best_so_far": 0.015318152640097584}
{"epoch": 794, "train_mean_squared_relative_error": 5.7263400833391534e-05, "wall_seconds": 2471.333461139351, "best_so_far": 0.015318152640097584}
{"epoch": 795, "train_mean_squared_relative_error": 5.7097942989833204e-05, "wall_seconds": 2474.4512135172263, "best_so_far": 0.015318152640097584}
{"epoch": 796, "train_mean_squared_relative_error": 5.722507843292819e-05, "wall_seconds": 2477.536025684327, "best_so_far": 0.015318152640097584}
{"epoch": 797, "train_mean_squared_relative_error": 5.757597154842361e-05, "wall_seconds": 2480.644169462379, "best_so_far": 0.015318152640097584}
{"epoch": 798, "train_mean_squared_relative_error": 5.754702395469637e-05, "wall_seconds": 2483.725752754137, "best_so_far": 0.015318152640097584}
{"epoch": 799, "train_mean_squared_relative_error": 5.797928244937345e-05, "wall_seconds": 2486.8417822811753, "best_so_far": 0.015318152640097584}
{"epoch": 800, "train_mean_squared_relative_error": 5.707173892182891e-05, "wall_seconds": 2490.0189387979917, "best_so_far": 0.015318152640097584}
{"epoch": 801, "train_mean_squared_relative_error": 5.831563626648224e-05, "wall_seconds": 2493.103188388981, "best_so_far": 0.015318152640097584}
{"epoch": 802, "train_mean_squared_relative_error": 5.82275578284427e-05, "wall_seconds": 2496.1632179203443, "best_so_far": 0.015275264380376564}
{"epoch": 803, "train_mean_squared_relative_error": 5.76419502598505e-05, "wall_seconds": 2499.775601336267, "best_so_far": 0.015275264380376564}
{"epoch": 804, "train_mean_squared_relative_error": 5.794801564964892e-05, "wall_seconds": 2502.863518967293, "best_so_far": 0.015275264380376564}
{"epoch": 805, "train_mean_squared_relative_error": 5.77220710741006e-05, "wall_seconds": 2505.995383877307, "best_so_far": 0.015275264380376564}
{"epoch": 806, "train_mean_squared_relative_error": 5.7655423044238904e-05, "wall_seconds": 2509.073810460046, "best_so_far": 0.015275264380376564}
{"epoch": 807, "train_mean_squared_relative_error": 5.7072626640026176e-05, "wall_seconds": 2512.2167617850937, "best_so_far": 0.015275264380376564}
{"epoch": 808, "train_mean_squared_relative_error": 5.750894487943869e-05, "wall_seconds": 2515.3185771079734, "best_so_far": 0.015275264380376564}
{"epoch": 809, "train_mean_squared_relative_error": 5.721180390594932e-05, "wall_seconds": 2518.5513443192467, "best_so_far": 0.015275264380376564}
{"epoch": 810, "train_mean_squared_relative_error": 5.659646410184487e-05, "wall_seconds": 2521.7745342273265, "best_so_far": 0.015275264380376564}
{"epoch": 811, "train_mean_squared_relative_error": 5.729999822141265e-05, "wall_seconds": 2525.135761997197, "best_so_far": 0.015275264380376564}
{"epoch": 812, "train_mean_squared_relative_error": 5.6973107148430914e-05, "wall_seconds": 2528.2526025343686, "best_so_far": 0.015275264380376564}
{"epoch": 813, "train_mean_squared_relative_error": 5.6717444549908996e-05, "wall_seconds": 2531.49151543295, "best_so_far": 0.015275264380376564}
{"epoch": 814, "train_mean_squared_relative_error": 5.67528035406765e-05, "wall_seconds": 2534.7548171831295, "best_so_far": 0.015275264380376564}
{"epoch": 815, "train_mean_squared_relative_error": 5.63792696459452e-05, "wall_seconds": 2537.833071780391, "best_so_far": 0.015209942605598093}
{"epoch": 816, "train_mean_squared_relative_error": 5.637948068525209e-05, "wall_seconds": 2541.487543824129, "best_so_far": 0.015209942605598093}
{"epoch": 817, "train_mean_squared_relative_error": 5.675335337549816e-05, "wall_seconds": 2544.816205287352, "best_so_far": 0.015209942605598093}
{"epoch": 818, "train_mean_squared_relative_error": 5.6871901623046864e-05, "wall_seconds": 2548.004590768367, "best_so_far": 0.015209942605598093}
{"epoch": 819, "train_mean_squared_relative_error": 5.705227280319675e-05, "wall_seconds": 2551.199111456983, "best_so_far": 0.015209942605598093}
{"epoch": 820, "train_mean_squared_relative_error": 5.6711183082233415e-05, "wall_seconds": 2554.4559744922444, "best_so_far": 0.015209942605598093}
{"epoch": 821, "train_mean_squared_relative_error": 5.8106323794595786e-05, "wall_seconds": 2557.647435890045, "best_so_far": 0.015209942605598093}
{"epoch": 822, "train_mean_squared_relative_error": 5.6434411553762554e-05, "wall_seconds": 2560.746282104403, "best_so_far": 0.015209942605598093}
{"epoch": 823, "train_mean_squared_relative_error": 5.641556166892088e-05, "wall_seconds": 2563.816287724301, "best_so_far": 0.015209942605598093}
{"epoch": 824, "train_mean_squared_relative_error": 5.644218967058471e-05, "wall_seconds": 2566.8768154531717, "best_so_far": 0.015209942605598093}
{"epoch": 825, "train_mean_squared_relative_error": 5.6329541626360585e-05, "wall_seconds": 2569.994856350124, "best_so_far": 0.015209942605598093}
{"epoch": 826, "train_mean_squared_relative_error": 5.606633481699184e-05, "wall_seconds": 2573.4881046991795, "best_so_far": 0.015209942605598093}
{"epoch": 827, "train_mean_squared_relative_error": 5.609104615894669e-05, "wall_seconds": 2576.778236384038, "best_so_far": 0.015209942605598093}
{"epoch": 828, "train_mean_squared_relative_error": 5.6153306530927386e-05, "wall_seconds": 2579.9117228593677, "best_so_far": 0.015209942605598093}
{"epoch": 829, "train_mean_squared_relative_error": 5.602173709417206e-05, "wall_seconds": 2582.9866518480703, "best_so_far": 0.015209942605598093}
{"epoch": 830, "train_mean_squared_relative_error": 5.607222464879948e-05, "wall_seconds": 2586.096350213047, "best_so_far": 0.015209942605598093}
{"epoch": 831, "train_mean_squared_relative_error": 5.613523101227966e-05, "wall_seconds": 2589.1496904003434, "best_so_far": 0.015209942605598093}
{"epoch": 832, "train_mean_squared_relative_error": 5.6362805705452124e-05, "wall_seconds": 2592.3178607062437, "best_so_far": 0.015209942605598093}
{"epoch": 833, "train_mean_squared_relative_error": 5.5971930840092014e-05, "wall_seconds": 2595.4196917111985, "best_so_far": 0.015209942605598093}
{"epoch": 834, "train_mean_squared_relative_error": 5.610971126455985e-05, "wall_seconds": 2598.548996780999, "best_so_far": 0.015209942605598093}
{"epoch": 835, "train_mean_squared_relative_error": 5.599678015334588e-05, "wall_seconds": 2601.663957425393, "best_so_far": 0.015209942605598093}
{"epoch": 836, "train_mean_squared_relative_error": 5.6075534641360705e-05, "wall_seconds": 2604.800263515208, "best_so_far": 0.015209942605598093}
{"epoch": 837, "train_mean_squared_relative_error": 5.605938654659412e-05, "wall_seconds": 2607.934565447271, "best_so_far": 0.015209942605598093}
{"epoch": 838, "train_mean_squared_relative_error": 5.5895319344936684e-05, "wall_seconds": 2611.2876546420157, "best_so_far": 0.015209942605598093}
{"epoch": 839, "train_mean_squared_relative_error": 5.60006017683096e-05, "wall_seconds": 2614.415285749361, "best_so_far": 0.015209942605598093}
{"epoch": 840, "train_mean_squared_relative_error": 5.5511144199067635e-05, "wall_seconds": 2617.5056685633026, "best_so_far": 0.015209942605598093}
{"epoch": 841, "train_mean_squared_relative_error": 5.560897196148536e-05, "wall_seconds": 2620.6199639942497, "best_so_far": 0.015209942605598093}
{"epoch": 842, "train_mean_squared_relative_error": 5.5503157709735645e-05, "wall_seconds": 2623.754383501131, "best_so_far": 0.015209942605598093}
{"epoch": 843, "train_mean_squared_relative_error": 5.537528780069945e-05, "wall_seconds": 2626.8483820119873, "best_so_far": 0.015209942605598093}
{"epoch": 844, "train_mean_squared_relative_error": 5.520706005989621e-05, "wall_seconds": 2629.901084173005, "best_so_far": 0.015209942605598093}
{"epoch": 845, "train_mean_squared_relative_error": 5.532480785744722e-05, "wall_seconds": 2633.1218979931436, "best_so_far": 0.015209942605598093}
{"epoch": 846, "train_mean_squared_relative_error": 5.527062375140998e-05, "wall_seconds": 2636.282042573206, "best_so_far": 0.015209942605598093}
{"epoch": 847, "train_mean_squared_relative_error": 5.512893571877992e-05, "wall_seconds": 2639.3402595180087, "best_so_far": 0.015209942605598093}
{"epoch": 848, "train_mean_squared_relative_error": 5.567717015729131e-05, "wall_seconds": 2642.411951834336, "best_so_far": 0.015209942605598093}
{"epoch": 849, "train_mean_squared_relative_error": 5.5666077768526494e-05, "wall_seconds": 2645.5243368833326, "best_so_far": 0.015209942605598093}
{"epoch": 850, "train_mean_squared_relative_error": 5.536129836682549e-05, "wall_seconds": 2648.5961055401713, "best_so_far": 0.015209942605598093}
{"epoch": 851, "train_mean_squared_relative_error": 5.519701427610123e-05, "wall_seconds": 2651.692428908311, "best_so_far": 0.015209942605598093}
{"epoch": 852, "train_mean_squared_relative_error": 5.504767548086861e-05, "wall_seconds": 2654.812301172409, "best_so_far": 0.015209942605598093}
{"epoch": 853, "train_mean_squared_relative_error": 5.5441998504049605e-05, "wall_seconds": 2657.9304044712335, "best_so_far": 0.015209942605598093}
{"epoch": 854, "train_mean_squared_relative_error": 5.506099038391265e-05, "wall_seconds": 2661.0228436542675, "best_so_far": 0.015209942605598093}
{"epoch": 855, "train_mean_squared_relative_error": 5.5912176426458135e-05, "wall_seconds": 2664.2182545773685, "best_so_far": 0.015209942605598093}
{"epoch": 856, "train_mean_squared_relative_error": 5.5911056800277535e-05, "wall_seconds": 2667.5090328590013, "best_so_far": 0.015209942605598093}
{"epoch": 857, "train_mean_squared_relative_error": 5.578120086915562e-05, "wall_seconds": 2670.790957127232, "best_so_far": 0.015198499139950845}
{"epoch": 858, "train_mean_squared_relative_error": 5.504552927801696e-05, "wall_seconds": 2674.4680653032847, "best_so_far": 0.015198499139950845}
{"epoch": 859, "train_mean_squared_relative_error": 5.516836811913008e-05, "wall_seconds": 2677.608454436995, "best_so_far": 0.015198499139950845}
{"epoch": 860, "train_mean_squared_relative_error": 5.6310589676702474e-05, "wall_seconds": 2680.6754647339694, "best_so_far": 0.015198499139950845}
{"epoch": 861, "train_mean_squared_relative_error": 5.592887334404347e-05, "wall_seconds": 2683.8254645243287, "best_so_far": 0.015198499139950845}
{"epoch": 862, "train_mean_squared_relative_error": 5.469773407966861e-05, "wall_seconds": 2687.030562729109, "best_so_far": 0.015198499139950845}
{"epoch": 863, "train_mean_squared_relative_error": 5.481254945840513e-05, "wall_seconds": 2690.197932755109, "best_so_far": 0.015198499139950845}
{"epoch": 864, "train_mean_squared_relative_error": 5.491733620950691e-05, "wall_seconds": 2693.3460558434017, "best_so_far": 0.015165359474938713}
{"epoch": 865, "train_mean_squared_relative_error": 5.5352315577703083e-05, "wall_seconds": 2696.999259127304, "best_so_far": 0.015165359474938713}
{"epoch": 866, "train_mean_squared_relative_error": 5.491449591812411e-05, "wall_seconds": 2700.1298163360916, "best_so_far": 0.015165359474938713}
{"epoch": 867, "train_mean_squared_relative_error": 5.495727929756983e-05, "wall_seconds": 2703.2928616441786, "best_so_far": 0.015165359474938713}
{"epoch": 868, "train_mean_squared_relative_error": 5.503018834100588e-05, "wall_seconds": 2706.3608494210057, "best_so_far": 0.015165359474938713}
{"epoch": 869, "train_mean_squared_relative_error": 5.4845407943111496e-05, "wall_seconds": 2709.608003193047, "best_so_far": 0.015165359474938713}
{"epoch": 870, "train_mean_squared_relative_error": 5.539963373287187e-05, "wall_seconds": 2712.6687122741714, "best_so_far": 0.015165359474938713}
{"epoch": 871, "train_mean_squared_relative_error": 5.562988981416774e-05, "wall_seconds": 2715.7494246633723, "best_so_far": 0.015165359474938713}
{"epoch": 872, "train_mean_squared_relative_error": 5.515129281663524e-05, "wall_seconds": 2718.829063601326, "best_so_far": 0.015165359474938713}
{"epoch": 873, "train_mean_squared_relative_error": 5.453397377804308e-05, "wall_seconds": 2721.9726140419953, "best_so_far": 0.015165359474938713}
{"epoch": 874, "train_mean_squared_relative_error": 5.405559160413217e-05, "wall_seconds": 2725.0507980203256, "best_so_far": 0.015165359474938713}
{"epoch": 875, "train_mean_squared_relative_error": 5.463126448129021e-05, "wall_seconds": 2728.1400269293226, "best_so_far": 0.015165359474938713}
{"epoch": 876, "train_mean_squared_relative_error": 5.4784165315429615e-05, "wall_seconds": 2731.232273317408, "best_so_far": 0.015165359474938713}
{"epoch": 877, "train_mean_squared_relative_error": 5.4936866778266435e-05, "wall_seconds": 2734.3430739231408, "best_so_far": 0.015165359474938713}
{"epoch": 878, "train_mean_squared_relative_error": 5.423337413061311e-05, "wall_seconds": 2737.415902336128, "best_so_far": 0.015165359474938713}
{"epoch": 879, "train_mean_squared_relative_error": 5.450441820111948e-05, "wall_seconds": 2740.635298338253, "best_so_far": 0.015165359474938713}
{"epoch": 880, "train_mean_squared_relative_error": 5.410286258904548e-05, "wall_seconds": 2743.915447850246, "best_so_far": 0.015104701754611375}
{"epoch": 881, "train_mean_squared_relative_error": 5.4022929363329416e-05, "wall_seconds": 2747.741892185062, "best_so_far": 0.015104701754611375}
{"epoch": 882, "train_mean_squared_relative_error": 5.445205073255868e-05, "wall_seconds": 2750.8440339872614, "best_so_far": 0.015104701754611375}
{"epoch": 883, "train_mean_squared_relative_error": 5.381907151373697e-05, "wall_seconds": 2753.9127320819534, "best_so_far": 0.015104701754611375}
{"epoch": 884, "train_mean_squared_relative_error": 5.473260259084417e-05, "wall_seconds": 2757.0607677213848, "best_so_far": 0.015104701754611375}
{"epoch": 885, "train_mean_squared_relative_error": 5.429634990975775e-05, "wall_seconds": 2760.1305675613694, "best_so_far": 0.015104701754611375}
{"epoch": 886, "train_mean_squared_relative_error": 5.411671069980533e-05, "wall_seconds": 2763.183457074221, "best_so_far": 0.015104701754611375}
{"epoch": 887, "train_mean_squared_relative_error": 5.412677891477022e-05, "wall_seconds": 2766.3226446700282, "best_so_far": 0.015104701754611375}
{"epoch": 888, "train_mean_squared_relative_error": 5.3898804940908996e-05, "wall_seconds": 2769.382096842397, "best_so_far": 0.015104701754611375}
{"epoch": 889, "train_mean_squared_relative_error": 5.416333629012321e-05, "wall_seconds": 2772.4528498682193, "best_so_far": 0.015104701754611375}
{"epoch": 890, "train_mean_squared_relative_error": 5.3836896820305265e-05, "wall_seconds": 2775.55185512919, "best_so_far": 0.015104701754611375}
{"epoch": 891, "train_mean_squared_relative_error": 5.364047314255806e-05, "wall_seconds": 2778.626518305391, "best_so_far": 0.015104701754611375}
{"epoch": 892, "train_mean_squared_relative_error": 5.3858470512797464e-05, "wall_seconds": 2781.8406385551207, "best_so_far": 0.015104701754611375}
{"epoch": 893, "train_mean_squared_relative_error": 5.387044549457369e-05, "wall_seconds": 2784.907889964059, "best_so_far": 0.015104701754611375}
{"epoch": 894, "train_mean_squared_relative_error": 5.380807386434877e-05, "wall_seconds": 2788.0462662060745, "best_so_far": 0.015104701754611375}
{"epoch": 895, "train_mean_squared_relative_error": 5.3623003395923975e-05, "wall_seconds": 2791.1766117853113, "best_so_far": 0.015104701754611375}
{"epoch": 896, "train_mean_squared_relative_error": 5.459921878624997e-05, "wall_seconds": 2794.2697597462684, "best_so_far": 0.015066503274531972}
{"epoch": 897, "train_mean_squared_relative_error": 5.413759808454219e-05, "wall_seconds": 2797.8196677523665, "best_so_far": 0.015066503274531972}
{"epoch": 898, "train_mean_squared_relative_error": 5.493498925874313e-05, "wall_seconds": 2800.8824338582344, "best_so_far": 0.015046819469996406}
{"epoch": 899, "train_mean_squared_relative_error": 5.39124203458085e-05, "wall_seconds": 2804.427007049322, "best_so_far": 0.015046819469996406}
{"epoch": 900, "train_mean_squared_relative_error": 5.3835092543416515e-05, "wall_seconds": 2807.530902671162, "best_so_far": 0.015046819469996406}
{"epoch": 901, "train_mean_squared_relative_error": 5.381473523402043e-05, "wall_seconds": 2810.7410149802454, "best_so_far": 0.015046819469996406}
{"epoch": 902, "train_mean_squared_relative_error": 5.340209402804368e-05, "wall_seconds": 2813.8712722710334, "best_so_far": 0.015046819469996406}
{"epoch": 903, "train_mean_squared_relative_error": 5.329923544732646e-05, "wall_seconds": 2817.0279310490005, "best_so_far": 0.015046819469996406}
{"epoch": 904, "train_mean_squared_relative_error": 5.3769962981763815e-05, "wall_seconds": 2820.1767387641594, "best_so_far": 0.015046819469996406}
{"epoch": 905, "train_mean_squared_relative_error": 5.386883372283427e-05, "wall_seconds": 2823.29054170195, "best_so_far": 0.015046819469996406}
{"epoch": 906, "train_mean_squared_relative_error": 5.3638851776689644e-05, "wall_seconds": 2826.357119102031, "best_so_far": 0.015046819469996406}
{"epoch": 907, "train_mean_squared_relative_error": 5.35647859586553e-05, "wall_seconds": 2829.4316053362563, "best_so_far": 0.015046819469996406}
{"epoch": 908, "train_mean_squared_relative_error": 5.394444517180936e-05, "wall_seconds": 2832.493701511994, "best_so_far": 0.015046819469996406}
{"epoch": 909, "train_mean_squared_relative_error": 5.478287648719445e-05, "wall_seconds": 2835.58566717105, "best_so_far": 0.015046819469996406}
{"epoch": 910, "train_mean_squared_relative_error": 5.3949440351827256e-05, "wall_seconds": 2838.6496439953335, "best_so_far": 0.015046819469996406}
{"epoch": 911, "train_mean_squared_relative_error": 5.332926294227399e-05, "wall_seconds": 2841.782180193346, "best_so_far": 0.015046819469996406}
{"epoch": 912, "train_mean_squared_relative_error": 5.386067863088202e-05, "wall_seconds": 2844.926865511108, "best_so_far": 0.015046819469996406}
{"epoch": 913, "train_mean_squared_relative_error": 5.338513144595717e-05, "wall_seconds": 2847.999099715147, "best_so_far": 0.015046819469996406}
{"epoch": 914, "train_mean_squared_relative_error": 5.340162731063557e-05, "wall_seconds": 2851.100950679276, "best_so_far": 0.015046819469996406}
{"epoch": 915, "train_mean_squared_relative_error": 5.2969150868251506e-05, "wall_seconds": 2854.2018100940622, "best_so_far": 0.015046819469996406}
{"epoch": 916, "train_mean_squared_relative_error": 5.282283850189849e-05, "wall_seconds": 2857.2904311553575, "best_so_far": 0.015046819469996406}
{"epoch": 917, "train_mean_squared_relative_error": 5.327850695678633e-05, "wall_seconds": 2860.5825321073644, "best_so_far": 0.015046819469996406}
{"epoch": 918, "train_mean_squared_relative_error": 5.305663977202914e-05, "wall_seconds": 2863.693489061203, "best_so_far": 0.014969784844901014}
{"epoch": 919, "train_mean_squared_relative_error": 5.314816305588396e-05, "wall_seconds": 2867.4538305192254, "best_so_far": 0.014969784844901014}
{"epoch": 920, "train_mean_squared_relative_error": 5.315555683006811e-05, "wall_seconds": 2870.574090096168, "best_so_far": 0.014969784844901014}
{"epoch": 921, "train_mean_squared_relative_error": 5.283766613925667e-05, "wall_seconds": 2873.753815719392, "best_so_far": 0.014969784844901014}
{"epoch": 922, "train_mean_squared_relative_error": 5.306120693390798e-05, "wall_seconds": 2876.8872862872668, "best_so_far": 0.014969784844901014}
{"epoch": 923, "train_mean_squared_relative_error": 5.291535379986012e-05, "wall_seconds": 2880.0409938762896, "best_so_far": 0.014969784844901014}
{"epoch": 924, "train_mean_squared_relative_error": 5.3190399823001154e-05, "wall_seconds": 2883.174069767352, "best_so_far": 0.014969784844901014}
{"epoch": 925, "train_mean_squared_relative_error": 5.306269316255883e-05, "wall_seconds": 2886.296562312171, "best_so_far": 0.014969784844901014}
{"epoch": 926, "train_mean_squared_relative_error": 5.306624179720335e-05, "wall_seconds": 2889.3748319372535, "best_so_far": 0.014969784844901014}
{"epoch": 927, "train_mean_squared_relative_error": 5.297173134931867e-05, "wall_seconds": 2892.445906720124, "best_so_far": 0.014969784844901014}
{"epoch": 928, "train_mean_squared_relative_error": 5.2941352812454036e-05, "wall_seconds": 2895.5757148079574, "best_so_far": 0.014969784844901014}
{"epoch": 929, "train_mean_squared_relative_error": 5.21780980135758e-05, "wall_seconds": 2898.7086498653516, "best_so_far": 0.014969784844901014}
{"epoch": 930, "train_mean_squared_relative_error": 5.2387742263965846e-05, "wall_seconds": 2901.8395406161435, "best_so_far": 0.014969784844901014}
{"epoch": 931, "train_mean_squared_relative_error": 5.238927492278712e-05, "wall_seconds": 2904.9686090513133, "best_so_far": 0.014969784844901014}
{"epoch": 932, "train_mean_squared_relative_error": 5.248258451926084e-05, "wall_seconds": 2908.0830996823497, "best_so_far": 0.014969784844901014}
{"epoch": 933, "train_mean_squared_relative_error": 5.22782741799664e-05, "wall_seconds": 2911.2302097221836, "best_so_far": 0.014969784844901014}
{"epoch": 934, "train_mean_squared_relative_error": 5.2830926227192573e-05, "wall_seconds": 2914.3153087073006, "best_so_far": 0.014969784844901014}
{"epoch": 935, "train_mean_squared_relative_error": 5.293184037916209e-05, "wall_seconds": 2917.464118964039, "best_so_far": 0.014969784844901014}
{"epoch": 936, "train_mean_squared_relative_error": 5.300051419745982e-05, "wall_seconds": 2920.5552438343875, "best_so_far": 0.014969784844901014}
{"epoch": 937, "train_mean_squared_relative_error": 5.2789893698360486e-05, "wall_seconds": 2923.651303068269, "best_so_far": 0.014969784844901014}
{"epoch": 938, "train_mean_squared_relative_error": 5.293486553166647e-05, "wall_seconds": 2926.741240912117, "best_so_far": 0.014969784844901014}
{"epoch": 939, "train_mean_squared_relative_error": 5.372767897526996e-05, "wall_seconds": 2929.8168338770047, "best_so_far": 0.014969784844901014}
{"epoch": 940, "train_mean_squared_relative_error": 5.37887208473798e-05, "wall_seconds": 2932.956229010131, "best_so_far": 0.014969784844901014}
{"epoch": 941, "train_mean_squared_relative_error": 5.374026433818667e-05, "wall_seconds": 2936.0525547503494, "best_so_far": 0.014969784844901014}
{"epoch": 942, "train_mean_squared_relative_error": 5.3210002139403435e-05, "wall_seconds": 2939.14581538504, "best_so_far": 0.014969784844901014}
{"epoch": 943, "train_mean_squared_relative_error": 5.243072556338028e-05, "wall_seconds": 2942.263645231258, "best_so_far": 0.014969784844901014}
{"epoch": 944, "train_mean_squared_relative_error": 5.2441236112787025e-05, "wall_seconds": 2945.4126387303695, "best_so_far": 0.014969784844901014}
{"epoch": 945, "train_mean_squared_relative_error": 5.225421989770927e-05, "wall_seconds": 2948.522995861247, "best_so_far": 0.014969784844901014}
{"epoch": 946, "train_mean_squared_relative_error": 5.245826059696581e-05, "wall_seconds": 2951.834503706079, "best_so_far": 0.014959921391478705}
{"epoch": 947, "train_mean_squared_relative_error": 5.232436965760105e-05, "wall_seconds": 2955.467090963386, "best_so_far": 0.014959921391478705}
{"epoch": 948, "train_mean_squared_relative_error": 5.24475902069181e-05, "wall_seconds": 2958.5593931130134, "best_so_far": 0.014959921391478705}
{"epoch": 949, "train_mean_squared_relative_error": 5.1986293699883444e-05, "wall_seconds": 2961.7906254543923, "best_so_far": 0.014959921391478705}
{"epoch": 950, "train_mean_squared_relative_error": 5.2279442563682186e-05, "wall_seconds": 2965.027304961346, "best_so_far": 0.014959921391478705}
{"epoch": 951, "train_mean_squared_relative_error": 5.229068414099147e-05, "wall_seconds": 2968.12759853201, "best_so_far": 0.014959921391478705}
{"epoch": 952, "train_mean_squared_relative_error": 5.2108302865024e-05, "wall_seconds": 2971.2470535780303, "best_so_far": 0.014911665484135852}
{"epoch": 953, "train_mean_squared_relative_error": 5.232576367289812e-05, "wall_seconds": 2974.878821542021, "best_so_far": 0.014911665484135852}
{"epoch": 954, "train_mean_squared_relative_error": 5.174747399487234e-05, "wall_seconds": 2977.9896771851927, "best_so_far": 0.014911665484135852}
{"epoch": 955, "train_mean_squared_relative_error": 5.2166993383620115e-05, "wall_seconds": 2981.0845616119914, "best_so_far": 0.014911665484135852}
{"epoch": 956, "train_mean_squared_relative_error": 5.178868959923926e-05, "wall_seconds": 2984.2114327922463, "best_so_far": 0.014911665484135852}
{"epoch": 957, "train_mean_squared_relative_error": 5.194956427920388e-05, "wall_seconds": 2987.301601576153, "best_so_far": 0.014911665484135852}
{"epoch": 958, "train_mean_squared_relative_error": 5.191096695615351e-05, "wall_seconds": 2990.3704222161323, "best_so_far": 0.014911665484135852}
{"epoch": 959, "train_mean_squared_relative_error": 5.168109122698618e-05, "wall_seconds": 2993.4715884923935, "best_so_far": 0.014911665484135852}
{"epoch": 960, "train_mean_squared_relative_error": 5.236693778738494e-05, "wall_seconds": 2996.5375134442, "best_so_far": 0.014911665484135852}
{"epoch": 961, "train_mean_squared_relative_error": 5.1770745284734406e-05, "wall_seconds": 2999.6317230672576, "best_so_far": 0.014911665484135852}
ARM {"arm": "unet-b64", "config": "inputs/opconfigs/unet-b64.json", "job_id": "4298027", "started_unix": 1790285550.1404, "ok": true, "epochs": 962, "stop_reason": "wall_budget", "validation_mean_case_max": 0.01491165894438544, "validation_worst_case_max": 0.04105453198329432, "micro_batch_final": 8, "best_checkpoint_sha256": "f002d5a8dda90ca5c4c6eb55d916bfde0a0affa19aa70eff34ba215049884cb9", "ended_unix": 1790288556.294848}
TRAIN_MEM FINISHED
run_exit=0
