host=pax050 job_id=4304425
NVIDIA A100 80GB PCIe, GPU-7e4a47f7-94ae-5071-1329-bd1dd16a77be, 81920 MiB, 575.57.08
10.235.106.34:/projects/paralab  4.6T  4.2T  367G  93% /cluster/tufts/paralab
jax_backend=gpu
torch_cuda True NVIDIA A100 80GB PCIe
torch_backend=cuda NVIDIA A100 80GB PCIe
{"arm": "unet", "epoch": 0, "steps": 64, "train": 0.07463974002585536, "val_mean_case_max": 0.15657087191790475, "val_worst": 0.32914696731901966, "lr": 0.0009999952581587561, "wall": 4.5}
{"arm": "unet", "epoch": 1, "steps": 128, "train": 0.0071250874717850125, "val_mean_case_max": 0.061081742579667545, "val_worst": 0.13698274840361355, "lr": 0.000999980017428584, "wall": 8.8}
{"arm": "unet", "epoch": 2, "steps": 192, "train": 0.002020602780657263, "val_mean_case_max": 0.0456692496792182, "val_worst": 0.06834045682182405, "lr": 0.0009999546190305791, "wall": 13.2}
{"arm": "unet", "epoch": 3, "steps": 256, "train": 0.0009514000758180996, "val_mean_case_max": 0.031254019335505805, "val_worst": 0.06526285569409049, "lr": 0.0009999189122418168, "wall": 17.5}
{"arm": "unet", "epoch": 4, "steps": 320, "train": 0.0005338929706149444, "val_mean_case_max": 0.023347124898635496, "val_worst": 0.03890120380530817, "lr": 0.0009998728432938002, "wall": 21.9}
{"arm": "unet", "epoch": 5, "steps": 384, "train": 0.0005030230180461041, "val_mean_case_max": 0.02407166123272192, "val_worst": 0.051907724225280005, "lr": 0.000999816336185253, "wall": 26.2}
{"arm": "unet", "epoch": 6, "steps": 448, "train": 0.00041402041656032993, "val_mean_case_max": 0.01924871133272195, "val_worst": 0.02651268669488202, "lr": 0.0009997507021607124, "wall": 30.5}
{"arm": "unet", "epoch": 7, "steps": 512, "train": 0.00042626167413352075, "val_mean_case_max": 0.024038211154492437, "val_worst": 0.036891245118933325, "lr": 0.0009996738485787522, "wall": 34.8}
{"arm": "unet", "epoch": 8, "steps": 576, "train": 0.00030082443400394833, "val_mean_case_max": 0.039209509422050495, "val_worst": 0.04490798069802518, "lr": 0.0009995878922664275, "wall": 39.1}
{"arm": "unet", "epoch": 9, "steps": 640, "train": 0.00046060876634791025, "val_mean_case_max": 0.030583992878923303, "val_worst": 0.03795860292424734, "lr": 0.0009994918134162505, "wall": 43.4}
{"arm": "unet", "epoch": 10, "steps": 704, "train": 0.00025266912210280103, "val_mean_case_max": 0.02282141636445208, "val_worst": 0.029437261972613316, "lr": 0.0009993856448232623, "wall": 47.8}
{"arm": "unet", "epoch": 11, "steps": 768, "train": 0.00021668560066407893, "val_mean_case_max": 0.019143811365879015, "val_worst": 0.040547261921404835, "lr": 0.0009992693667913773, "wall": 52.2}
{"arm": "unet", "epoch": 12, "steps": 832, "train": 0.0003144184511457443, "val_mean_case_max": 0.019557525992068288, "val_worst": 0.023644346621514458, "lr": 0.0009991392276132516, "wall": 56.5}
{"arm": "unet", "epoch": 13, "steps": 896, "train": 0.00024935432235079463, "val_mean_case_max": 0.0146885684805361, "val_worst": 0.02395719738674767, "lr": 0.0009990022397732056, "wall": 60.9}
{"arm": "unet", "epoch": 14, "steps": 960, "train": 0.00026267589781348336, "val_mean_case_max": 0.016560318465568824, "val_worst": 0.025774564651782312, "lr": 0.000998852633741537, "wall": 65.2}
{"arm": "unet", "epoch": 15, "steps": 1024, "train": 0.0003483149989693603, "val_mean_case_max": 0.015410226456297853, "val_worst": 0.02587674993590028, "lr": 0.0009986954894489473, "wall": 69.5}
{"arm": "unet", "epoch": 16, "steps": 1088, "train": 0.00016723704838541464, "val_mean_case_max": 0.014140176599832327, "val_worst": 0.02225631355271869, "lr": 0.0009985281735619413, "wall": 73.9}
{"arm": "unet", "epoch": 17, "steps": 1152, "train": 0.00013154338333143167, "val_mean_case_max": 0.013283211968307694, "val_worst": 0.022761714177765287, "lr": 0.0009983479809542609, "wall": 78.3}
{"arm": "unet", "epoch": 18, "steps": 1216, "train": 0.00015385999938426637, "val_mean_case_max": 0.011716101980436433, "val_worst": 0.015596106673177158, "lr": 0.0009981573794868646, "wall": 82.7}
{"arm": "unet", "epoch": 19, "steps": 1280, "train": 0.00033586247676002965, "val_mean_case_max": 0.01717983602829639, "val_worst": 0.02628524886783845, "lr": 0.0009979560061186695, "wall": 87.0}
{"arm": "unet", "epoch": 20, "steps": 1344, "train": 0.00025499225194951117, "val_mean_case_max": 0.02046952189514032, "val_worst": 0.03669880791092637, "lr": 0.0009977475814681542, "wall": 91.3}
{"arm": "unet", "epoch": 21, "steps": 1408, "train": 0.00015652814432540754, "val_mean_case_max": 0.013755894866791053, "val_worst": 0.018002298516153314, "lr": 0.0009975285474812545, "wall": 95.6}
{"arm": "unet", "epoch": 22, "steps": 1472, "train": 0.0001981918188312745, "val_mean_case_max": 0.016044500558191586, "val_worst": 0.02225563889532262, "lr": 0.000997299509605279, "wall": 100.0}
{"arm": "unet", "epoch": 23, "steps": 1536, "train": 0.00011441645243115882, "val_mean_case_max": 0.014563319402730915, "val_worst": 0.022909480806783178, "lr": 0.000997060291274327, "wall": 104.3}
{"arm": "unet", "epoch": 24, "steps": 1600, "train": 0.00025474959489621906, "val_mean_case_max": 0.015156985530576223, "val_worst": 0.02518209314831795, "lr": 0.0009968110608922817, "wall": 108.6}
{"arm": "unet", "epoch": 25, "steps": 1664, "train": 0.0002495654753541611, "val_mean_case_max": 0.01979934268852048, "val_worst": 0.024627638052384854, "lr": 0.0009965506424177788, "wall": 113.0}
{"arm": "unet", "epoch": 26, "steps": 1728, "train": 0.00019346398909046985, "val_mean_case_max": 0.016737858894302425, "val_worst": 0.03953465826365204, "lr": 0.0009962780051811291, "wall": 117.4}
{"arm": "unet", "epoch": 27, "steps": 1792, "train": 0.00017678527088534226, "val_mean_case_max": 0.01173347563890763, "val_worst": 0.01781212269149756, "lr": 0.0009959950061032004, "wall": 121.7}
{"arm": "unet", "epoch": 28, "steps": 1856, "train": 0.0001865352107696937, "val_mean_case_max": 0.02487816289356718, "val_worst": 0.04854945391619599, "lr": 0.0009957025012050959, "wall": 126.1}
{"arm": "unet", "epoch": 29, "steps": 1920, "train": 0.00022110896998748345, "val_mean_case_max": 0.012601090968547581, "val_worst": 0.018314157712459894, "lr": 0.0009954000392244642, "wall": 130.5}
{"arm": "unet", "epoch": 30, "steps": 1984, "train": 0.0002695564156948063, "val_mean_case_max": 0.027491275154210758, "val_worst": 0.04920967522955063, "lr": 0.0009950885648468558, "wall": 134.8}
{"arm": "unet", "epoch": 31, "steps": 2048, "train": 0.0004857570259305843, "val_mean_case_max": 0.011447781598685331, "val_worst": 0.02496076243205599, "lr": 0.0009947664973288038, "wall": 139.2}
{"arm": "unet", "epoch": 32, "steps": 2112, "train": 8.605101816418048e-05, "val_mean_case_max": 0.012102674062413658, "val_worst": 0.019120541248750535, "lr": 0.0009944305052911535, "wall": 143.6}
{"arm": "unet", "epoch": 33, "steps": 2176, "train": 8.554149127638563e-05, "val_mean_case_max": 0.010332799091101902, "val_worst": 0.01806454231402008, "lr": 0.000994088740294024, "wall": 148.0}
{"arm": "unet", "epoch": 34, "steps": 2240, "train": 7.434932658063092e-05, "val_mean_case_max": 0.010235088617902769, "val_worst": 0.017787476667865794, "lr": 0.000993731367518448, "wall": 152.4}
{"arm": "unet", "epoch": 35, "steps": 2304, "train": 6.744759593391161e-05, "val_mean_case_max": 0.010942255930550544, "val_worst": 0.01961151629740412, "lr": 0.0009933644133019092, "wall": 156.7}
{"arm": "unet", "epoch": 36, "steps": 2368, "train": 0.0001039106390436039, "val_mean_case_max": 0.01583996014543928, "val_worst": 0.024677772340570416, "lr": 0.0009929926207890476, "wall": 161.0}
{"arm": "unet", "epoch": 37, "steps": 2432, "train": 0.00023669303822495782, "val_mean_case_max": 0.020269862096751055, "val_worst": 0.02893161831934239, "lr": 0.000992610211256699, "wall": 165.4}
{"arm": "unet", "epoch": 38, "steps": 2496, "train": 0.00037365499355275473, "val_mean_case_max": 0.012302897098572813, "val_worst": 0.02187613710680968, "lr": 0.0009922179157517768, "wall": 169.7}
{"arm": "unet", "epoch": 39, "steps": 2560, "train": 0.0001040568943494277, "val_mean_case_max": 0.015303767874610047, "val_worst": 0.024474460462482667, "lr": 0.0009918156913775325, "wall": 174.1}
{"arm": "unet", "epoch": 40, "steps": 2624, "train": 9.765767786178224e-05, "val_mean_case_max": 0.01423402391855115, "val_worst": 0.020116871035928692, "lr": 0.0009914030165857383, "wall": 178.4}
{"arm": "unet", "epoch": 41, "steps": 2688, "train": 0.00014269991527569425, "val_mean_case_max": 0.01267164895250674, "val_worst": 0.017004203772901707, "lr": 0.0009909808108593903, "wall": 182.7}
{"arm": "unet", "epoch": 42, "steps": 2752, "train": 0.0004355005288146193, "val_mean_case_max": 0.027283957378093977, "val_worst": 0.03792955968977878, "lr": 0.0009905483476093438, "wall": 187.1}
{"arm": "unet", "epoch": 43, "steps": 2816, "train": 0.0007124398250021833, "val_mean_case_max": 0.013846327810476839, "val_worst": 0.03544434152896992, "lr": 0.0009901035030667723, "wall": 191.4}
{"arm": "unet", "epoch": 44, "steps": 2880, "train": 0.00010997233067655433, "val_mean_case_max": 0.010810439318483116, "val_worst": 0.019567661761856883, "lr": 0.0009896508898791935, "wall": 195.8}
{"arm": "unet", "epoch": 45, "steps": 2944, "train": 9.157864209060926e-05, "val_mean_case_max": 0.011674627035142566, "val_worst": 0.01880223443903155, "lr": 0.0009891860173572434, "wall": 200.1}
{"arm": "unet", "epoch": 46, "steps": 3008, "train": 0.00018247961660896418, "val_mean_case_max": 0.013546447352570063, "val_worst": 0.021668486284635937, "lr": 0.0009887137386205877, "wall": 204.5}
{"arm": "unet", "epoch": 47, "steps": 3072, "train": 0.00011981002381143487, "val_mean_case_max": 0.010617878264036484, "val_worst": 0.023100222632504108, "lr": 0.0009882302611079528, "wall": 208.8}
{"arm": "unet", "epoch": 48, "steps": 3136, "train": 9.474457990456877e-05, "val_mean_case_max": 0.012877445536379269, "val_worst": 0.030085249511342758, "lr": 0.0009877341222682254, "wall": 213.2}
{"arm": "unet", "epoch": 49, "steps": 3200, "train": 9.946615102752771e-05, "val_mean_case_max": 0.01564276024708333, "val_worst": 0.021374571851923867, "lr": 0.0009872301987149678, "wall": 217.6}
{"arm": "unet", "epoch": 50, "steps": 3264, "train": 0.00011298371138659735, "val_mean_case_max": 0.02075833043330726, "val_worst": 0.027480393363444565, "lr": 0.0009867166481070696, "wall": 221.9}
{"arm": "unet", "epoch": 51, "steps": 3328, "train": 0.00015851104834502358, "val_mean_case_max": 0.008632657038932205, "val_worst": 0.01648818493958047, "lr": 0.0009861944279119484, "wall": 226.3}
{"arm": "unet", "epoch": 52, "steps": 3392, "train": 0.0001062514757620434, "val_mean_case_max": 0.022149949249678204, "val_worst": 0.030660147828487874, "lr": 0.0009856535141406714, "wall": 230.6}
{"arm": "unet", "epoch": 53, "steps": 3456, "train": 0.00012386536793890517, "val_mean_case_max": 0.011280224894964812, "val_worst": 0.019292121920117273, "lr": 0.0009851085060553569, "wall": 235.0}
{"arm": "unet", "epoch": 54, "steps": 3520, "train": 7.691280932062156e-05, "val_mean_case_max": 0.010835737599151844, "val_worst": 0.01688063583163145, "lr": 0.000984555700246588, "wall": 239.3}
{"arm": "unet", "epoch": 55, "steps": 3584, "train": 0.0002559286934378712, "val_mean_case_max": 0.020382214701953835, "val_worst": 0.03609168696960212, "lr": 0.0009839927988564943, "wall": 243.7}
{"arm": "unet", "epoch": 56, "steps": 3648, "train": 0.0006530400519218257, "val_mean_case_max": 0.014261675517920399, "val_worst": 0.021094593679466485, "lr": 0.0009834184927551325, "wall": 248.0}
{"arm": "unet", "epoch": 57, "steps": 3712, "train": 9.031585397959859e-05, "val_mean_case_max": 0.01158467381380605, "val_worst": 0.019739145181914598, "lr": 0.000982836597381524, "wall": 252.4}
{"arm": "unet", "epoch": 58, "steps": 3776, "train": 6.45948350769513e-05, "val_mean_case_max": 0.009440143601054744, "val_worst": 0.013941282254308752, "lr": 0.0009822418259380573, "wall": 256.7}
{"arm": "unet", "epoch": 59, "steps": 3840, "train": 7.441959056743485e-05, "val_mean_case_max": 0.013084821254238007, "val_worst": 0.017814834017908492, "lr": 0.0009816396641712116, "wall": 261.1}
{"arm": "unet", "epoch": 60, "steps": 3904, "train": 5.6916481585236386e-05, "val_mean_case_max": 0.008944959046640139, "val_worst": 0.014677405382760265, "lr": 0.0009810168087862512, "wall": 265.5}
{"arm": "unet", "epoch": 61, "steps": 3968, "train": 6.340124859597631e-05, "val_mean_case_max": 0.010314915755827467, "val_worst": 0.016150868337680202, "lr": 0.0009803823349862613, "wall": 269.9}
{"arm": "unet", "epoch": 62, "steps": 4032, "train": 6.546241048409056e-05, "val_mean_case_max": 0.010010949769599872, "val_worst": 0.015250257847173062, "lr": 0.0009797477017937318, "wall": 274.3}
{"arm": "unet", "epoch": 63, "steps": 4096, "train": 8.442993676533681e-05, "val_mean_case_max": 0.012278181612154606, "val_worst": 0.019055523757630727, "lr": 0.0009791048208712505, "wall": 278.6}
{"arm": "unet", "epoch": 64, "steps": 4160, "train": 7.378395484512737e-05, "val_mean_case_max": 0.012218589746743697, "val_worst": 0.017740655791315126, "lr": 0.0009784502305373967, "wall": 283.0}
{"arm": "unet", "epoch": 65, "steps": 4224, "train": 0.0001882286175065578, "val_mean_case_max": 0.011907041550741682, "val_worst": 0.01857380382688788, "lr": 0.0009777858819219904, "wall": 287.3}
{"arm": "unet", "epoch": 66, "steps": 4288, "train": 9.502900746012322e-05, "val_mean_case_max": 0.013317245648555631, "val_worst": 0.017848214651779756, "lr": 0.0009771112332939748, "wall": 291.7}
{"arm": "unet", "epoch": 67, "steps": 4352, "train": 5.3006926547210863e-05, "val_mean_case_max": 0.009928211410397916, "val_worst": 0.013308112131562782, "lr": 0.0009764267201908822, "wall": 296.1}
{"arm": "unet", "epoch": 68, "steps": 4416, "train": 4.880054541072771e-05, "val_mean_case_max": 0.008416518125779753, "val_worst": 0.02371740255199053, "lr": 0.0009757322513018692, "wall": 300.5}
{"arm": "unet", "epoch": 69, "steps": 4480, "train": 8.539375179417483e-05, "val_mean_case_max": 0.020161615848915414, "val_worst": 0.04194145063033876, "lr": 0.0009750175767243748, "wall": 304.9}
{"arm": "unet", "epoch": 70, "steps": 4544, "train": 0.0002416307862656151, "val_mean_case_max": 0.011448860765147069, "val_worst": 0.01605628792273027, "lr": 0.0009743038386084437, "wall": 309.2}
{"arm": "unet", "epoch": 71, "steps": 4608, "train": 0.00012767155248061507, "val_mean_case_max": 0.012657362449979304, "val_worst": 0.016310814724677034, "lr": 0.0009735813073442857, "wall": 313.6}
{"arm": "unet", "epoch": 72, "steps": 4672, "train": 6.821233072467864e-05, "val_mean_case_max": 0.00983922139791819, "val_worst": 0.017698329848631848, "lr": 0.0009728472768319701, "wall": 317.9}
{"arm": "unet", "epoch": 73, "steps": 4736, "train": 0.00029281949728285394, "val_mean_case_max": 0.01390673207920503, "val_worst": 0.02990024593475071, "lr": 0.0009721022707244866, "wall": 322.3}
{"arm": "unet", "epoch": 74, "steps": 4800, "train": 0.00015919957527793434, "val_mean_case_max": 0.012775402920321779, "val_worst": 0.021929275567932914, "lr": 0.0009713475932536488, "wall": 326.7}
{"arm": "unet", "epoch": 75, "steps": 4864, "train": 9.952052875096044e-05, "val_mean_case_max": 0.010558412071863085, "val_worst": 0.022566274831034377, "lr": 0.0009705818661381825, "wall": 331.1}
{"arm": "unet", "epoch": 76, "steps": 4928, "train": 5.525825543352225e-05, "val_mean_case_max": 0.008757562689766624, "val_worst": 0.014108462531775542, "lr": 0.0009698075651980624, "wall": 335.4}
{"arm": "unet", "epoch": 77, "steps": 4992, "train": 4.526695909393256e-05, "val_mean_case_max": 0.007245203351596613, "val_worst": 0.017731767336760528, "lr": 0.0009690224537985667, "wall": 339.9}
{"arm": "unet", "epoch": 78, "steps": 5056, "train": 0.00015446997560630247, "val_mean_case_max": 0.02046534520342733, "val_worst": 0.032963226598426286, "lr": 0.0009682169251042639, "wall": 344.2}
{"arm": "unet", "epoch": 79, "steps": 5120, "train": 0.00029750131362388796, "val_mean_case_max": 0.012767281917636323, "val_worst": 0.025595374976813703, "lr": 0.0009674142313002875, "wall": 348.6}
{"arm": "unet", "epoch": 80, "steps": 5184, "train": 0.0002894223750600728, "val_mean_case_max": 0.021363180795714976, "val_worst": 0.03194447993039952, "lr": 0.000966606233923458, "wall": 352.9}
{"arm": "unet", "epoch": 81, "steps": 5248, "train": 8.246966658740197e-05, "val_mean_case_max": 0.00889622355002314, "val_worst": 0.014239344887044854, "lr": 0.0009657853255673708, "wall": 357.3}
{"arm": "unet", "epoch": 82, "steps": 5312, "train": 5.213925711706561e-05, "val_mean_case_max": 0.007773203777201281, "val_worst": 0.022043938797784778, "lr": 0.0009649568494723515, "wall": 361.7}
{"arm": "unet", "epoch": 83, "steps": 5376, "train": 5.361001677295039e-05, "val_mean_case_max": 0.009626290039656014, "val_worst": 0.021426879431186915, "lr": 0.0009641165599566621, "wall": 366.0}
{"arm": "unet", "epoch": 84, "steps": 5440, "train": 6.253145308704301e-05, "val_mean_case_max": 0.011646385385707848, "val_worst": 0.02728257947914457, "lr": 0.0009632659162306872, "wall": 370.4}
{"arm": "unet", "epoch": 85, "steps": 5504, "train": 7.619510987942134e-05, "val_mean_case_max": 0.01202084717535093, "val_worst": 0.02135384741815011, "lr": 0.0009624040055673384, "wall": 374.8}
{"arm": "unet", "epoch": 86, "steps": 5568, "train": 6.627785439605459e-05, "val_mean_case_max": 0.009898514725949917, "val_worst": 0.01997708411374465, "lr": 0.0009615342254934373, "wall": 379.1}
{"arm": "unet", "epoch": 87, "steps": 5632, "train": 0.000190897674920544, "val_mean_case_max": 0.013882338212546485, "val_worst": 0.03087788440634731, "lr": 0.000960655466172, "wall": 383.5}
{"arm": "unet", "epoch": 88, "steps": 5696, "train": 0.00020594634397262817, "val_mean_case_max": 0.024782182107976763, "val_worst": 0.042336110114146744, "lr": 0.0009597653277910372, "wall": 387.9}
{"arm": "unet", "epoch": 89, "steps": 5760, "train": 9.281465563184467e-05, "val_mean_case_max": 0.006963691010978181, "val_worst": 0.018825575189538136, "lr": 0.000958865068253017, "wall": 392.3}
{"arm": "unet", "epoch": 90, "steps": 5824, "train": 6.068369847078378e-05, "val_mean_case_max": 0.008993069948134123, "val_worst": 0.025505156835829823, "lr": 0.0009579388598923254, "wall": 396.7}
{"arm": "unet", "epoch": 91, "steps": 5888, "train": 6.743001900273e-05, "val_mean_case_max": 0.007848487848332326, "val_worst": 0.018557814465299586, "lr": 0.0009570185186870096, "wall": 401.1}
{"arm": "unet", "epoch": 92, "steps": 5952, "train": 5.9759166973341215e-05, "val_mean_case_max": 0.010876884652046434, "val_worst": 0.02131225286358263, "lr": 0.0009560877280078242, "wall": 405.4}
{"arm": "unet", "epoch": 93, "steps": 6016, "train": 3.888279541938635e-05, "val_mean_case_max": 0.008069626625068348, "val_worst": 0.014482142319886164, "lr": 0.0009551503836059248, "wall": 409.8}
{"arm": "unet", "epoch": 94, "steps": 6080, "train": 9.74985873901041e-05, "val_mean_case_max": 0.008644530481218913, "val_worst": 0.017862699530945332, "lr": 0.0009542094554776595, "wall": 414.2}
{"arm": "unet", "epoch": 95, "steps": 6144, "train": 4.6257148413990056e-05, "val_mean_case_max": 0.009547188588250745, "val_worst": 0.02145003519498212, "lr": 0.0009532554828573092, "wall": 418.5}
{"arm": "unet", "epoch": 96, "steps": 6208, "train": 5.1991287890486485e-05, "val_mean_case_max": 0.00867118880631522, "val_worst": 0.02039679831854426, "lr": 0.0009522956652567963, "wall": 422.9}
{"arm": "unet", "epoch": 97, "steps": 6272, "train": 3.6931075363963696e-05, "val_mean_case_max": 0.007158877408393594, "val_worst": 0.013701533333537881, "lr": 0.0009513223260357732, "wall": 427.2}
{"arm": "unet", "epoch": 98, "steps": 6336, "train": 3.553879944844071e-05, "val_mean_case_max": 0.006991813870737985, "val_worst": 0.017357018325628804, "lr": 0.0009503440971559263, "wall": 431.6}
{"arm": "unet", "epoch": 99, "steps": 6400, "train": 3.660371246104301e-05, "val_mean_case_max": 0.007702016009231283, "val_worst": 0.015869920481154015, "lr": 0.0009493565443196573, "wall": 435.9}
{"arm": "unet", "epoch": 100, "steps": 6464, "train": 8.587141470357552e-05, "val_mean_case_max": 0.006777104840744111, "val_worst": 0.013335461496697024, "lr": 0.0009483575239416652, "wall": 440.3}
{"arm": "unet", "epoch": 101, "steps": 6528, "train": 8.549741289543868e-05, "val_mean_case_max": 0.007291315990512538, "val_worst": 0.01425390742742204, "lr": 0.0009473343759741785, "wall": 444.7}
{"arm": "unet", "epoch": 102, "steps": 6592, "train": 0.00020090673885100278, "val_mean_case_max": 0.008244873950395387, "val_worst": 0.013107591568551898, "lr": 0.0009463189485456984, "wall": 449.0}
{"arm": "unet", "epoch": 103, "steps": 6656, "train": 8.61275487385442e-05, "val_mean_case_max": 0.023200635263943052, "val_worst": 0.027293026198602518, "lr": 0.0009452893513353953, "wall": 453.4}
{"arm": "unet", "epoch": 104, "steps": 6720, "train": 0.0007279993541391037, "val_mean_case_max": 0.017769573795851052, "val_worst": 0.032797498409126054, "lr": 0.0009442561168750319, "wall": 457.7}
{"arm": "unet", "epoch": 105, "steps": 6784, "train": 0.00011910000711584347, "val_mean_case_max": 0.009171708589645179, "val_worst": 0.013811617006004192, "lr": 0.0009432098242386154, "wall": 462.1}
{"arm": "unet", "epoch": 106, "steps": 6848, "train": 4.154442907033519e-05, "val_mean_case_max": 0.007364851222813338, "val_worst": 0.01794591381446531, "lr": 0.0009421561914154082, "wall": 466.4}
{"arm": "unet", "epoch": 107, "steps": 6912, "train": 3.334530926353225e-05, "val_mean_case_max": 0.006390792999994322, "val_worst": 0.017632708024882756, "lr": 0.0009410901737611713, "wall": 470.9}
{"arm": "unet", "epoch": 108, "steps": 6976, "train": 2.599416928542366e-05, "val_mean_case_max": 0.006006392386330134, "val_worst": 0.015409190356437903, "lr": 0.0009399893104796485, "wall": 475.4}
{"arm": "unet", "epoch": 109, "steps": 7040, "train": 2.4339696638092402e-05, "val_mean_case_max": 0.007446226482052921, "val_worst": 0.020193690444486313, "lr": 0.0009388853622966902, "wall": 479.7}
{"arm": "unet", "epoch": 110, "steps": 7104, "train": 4.108161213416106e-05, "val_mean_case_max": 0.0060528524943377505, "val_worst": 0.012293110369556243, "lr": 0.0009377970373719779, "wall": 484.1}
{"arm": "unet", "epoch": 111, "steps": 7168, "train": 2.4500969857407634e-05, "val_mean_case_max": 0.007152892030646253, "val_worst": 0.018937226330209063, "lr": 0.0009366944819445054, "wall": 488.4}
{"arm": "unet", "epoch": 112, "steps": 7232, "train": 2.747437302829115e-05, "val_mean_case_max": 0.006019583017840438, "val_worst": 0.016561686362344237, "lr": 0.0009355835969424015, "wall": 492.8}
{"arm": "unet", "epoch": 113, "steps": 7296, "train": 2.5617355163832543e-05, "val_mean_case_max": 0.005336162670301343, "val_worst": 0.012013739246419809, "lr": 0.0009344636625210051, "wall": 497.2}
{"arm": "unet", "epoch": 114, "steps": 7360, "train": 4.653732853192667e-05, "val_mean_case_max": 0.008422195372051893, "val_worst": 0.016123829570599567, "lr": 0.0009333182633329347, "wall": 501.6}
{"arm": "unet", "epoch": 115, "steps": 7424, "train": 4.961865324940376e-05, "val_mean_case_max": 0.010279076728357503, "val_worst": 0.024580379594166327, "lr": 0.0009321796447282262, "wall": 505.9}
{"arm": "unet", "epoch": 116, "steps": 7488, "train": 0.00013494810256507278, "val_mean_case_max": 0.013700325122235804, "val_worst": 0.02129314696618795, "lr": 0.0009310319676347385, "wall": 510.3}
{"arm": "unet", "epoch": 117, "steps": 7552, "train": 0.00033205764443244477, "val_mean_case_max": 0.01500065019137551, "val_worst": 0.040799191423983916, "lr": 0.0009298748122695869, "wall": 514.7}
{"arm": "unet", "epoch": 118, "steps": 7616, "train": 9.641785320775722e-05, "val_mean_case_max": 0.010553587980033035, "val_worst": 0.014035984574503163, "lr": 0.0009287068505333505, "wall": 519.1}
{"arm": "unet", "epoch": 119, "steps": 7680, "train": 4.6244142789318936e-05, "val_mean_case_max": 0.0081522224354239, "val_worst": 0.011691502840651938, "lr": 0.000927530812719231, "wall": 523.4}
{"arm": "unet", "epoch": 120, "steps": 7744, "train": 2.4472422120001638e-05, "val_mean_case_max": 0.006663811283453823, "val_worst": 0.012239484677695258, "lr": 0.000926345980767223, "wall": 527.8}
{"arm": "unet", "epoch": 121, "steps": 7808, "train": 5.260484769189278e-05, "val_mean_case_max": 0.011357255302050884, "val_worst": 0.02506840273636735, "lr": 0.0009251542419960502, "wall": 532.2}
{"arm": "unet", "epoch": 122, "steps": 7872, "train": 6.407152419351893e-05, "val_mean_case_max": 0.008201378580750035, "val_worst": 0.012637541924904173, "lr": 0.0009239503674659576, "wall": 536.5}
{"arm": "unet", "epoch": 123, "steps": 7936, "train": 9.185804872285232e-05, "val_mean_case_max": 0.012741145550707444, "val_worst": 0.0345271685562423, "lr": 0.0009227379558471597, "wall": 540.9}
{"arm": "unet", "epoch": 124, "steps": 8000, "train": 0.00010918629361854984, "val_mean_case_max": 0.01571469057676323, "val_worst": 0.03649517511463937, "lr": 0.000921513326723118, "wall": 545.3}
{"arm": "unet", "epoch": 125, "steps": 8064, "train": 6.100053786811932e-05, "val_mean_case_max": 0.006595016097002655, "val_worst": 0.01211736175759738, "lr": 0.0009202865347272504, "wall": 549.7}
{"arm": "unet", "epoch": 126, "steps": 8128, "train": 2.6224677184294115e-05, "val_mean_case_max": 0.006766668631545781, "val_worst": 0.015345533066004025, "lr": 0.0009190473832080322, "wall": 554.0}
{"arm": "unet", "epoch": 127, "steps": 8192, "train": 2.9476369791226896e-05, "val_mean_case_max": 0.005889403980447506, "val_worst": 0.008626514605616097, "lr": 0.0009178012927445044, "wall": 558.4}
{"arm": "unet", "epoch": 128, "steps": 8256, "train": 3.2043033849668e-05, "val_mean_case_max": 0.006487045334982681, "val_worst": 0.016006549442237478, "lr": 0.0009165437996876204, "wall": 562.8}
{"arm": "unet", "epoch": 129, "steps": 8320, "train": 7.397288164006616e-05, "val_mean_case_max": 0.012712221173426084, "val_worst": 0.015242123435784499, "lr": 0.0009152824853719721, "wall": 567.2}
{"arm": "unet", "epoch": 130, "steps": 8384, "train": 4.8357200925749716e-05, "val_mean_case_max": 0.00597070571615956, "val_worst": 0.012790823850173341, "lr": 0.0009140066723402281, "wall": 571.5}
{"arm": "unet", "epoch": 131, "steps": 8448, "train": 2.648780114163063e-05, "val_mean_case_max": 0.009041332765487912, "val_worst": 0.02112652281204104, "lr": 0.0009127252010789784, "wall": 575.9}
{"arm": "unet", "epoch": 132, "steps": 8512, "train": 3.123614312107911e-05, "val_mean_case_max": 0.006592004389193638, "val_worst": 0.013077059076324837, "lr": 0.000911433950629417, "wall": 580.3}
{"arm": "unet", "epoch": 133, "steps": 8576, "train": 4.8041520256581694e-05, "val_mean_case_max": 0.007481672082699431, "val_worst": 0.01864404245746365, "lr": 0.000910133047408294, "wall": 584.7}
{"arm": "unet", "epoch": 134, "steps": 8640, "train": 3.9085697737637005e-05, "val_mean_case_max": 0.007592515931732605, "val_worst": 0.014915860298767038, "lr": 0.0009088249875804364, "wall": 589.1}
{"arm": "unet", "epoch": 135, "steps": 8704, "train": 5.745076006296195e-05, "val_mean_case_max": 0.007007166174649057, "val_worst": 0.01376272306751397, "lr": 0.000907507209159425, "wall": 593.4}
{"arm": "unet", "epoch": 136, "steps": 8768, "train": 3.934957683772069e-05, "val_mean_case_max": 0.006642582295839266, "val_worst": 0.013669769660434029, "lr": 0.0009061832494908781, "wall": 597.8}
{"arm": "unet", "epoch": 137, "steps": 8832, "train": 2.8176170188967353e-05, "val_mean_case_max": 0.005936720532538407, "val_worst": 0.010221567002728646, "lr": 0.0009048486249944791, "wall": 602.2}
{"arm": "unet", "epoch": 138, "steps": 8896, "train": 3.700493630925041e-05, "val_mean_case_max": 0.0055520722650045234, "val_worst": 0.014790187298940452, "lr": 0.0009035018747943279, "wall": 606.6}
{"arm": "unet", "epoch": 139, "steps": 8960, "train": 9.984928524622565e-05, "val_mean_case_max": 0.008462548896088985, "val_worst": 0.01994676549147426, "lr": 0.0009021472524925124, "wall": 611.0}
{"arm": "unet", "epoch": 140, "steps": 9024, "train": 0.00015866051302715448, "val_mean_case_max": 0.011956491025433079, "val_worst": 0.01992551819561282, "lr": 0.00090078302165782, "wall": 615.4}
{"arm": "unet", "epoch": 141, "steps": 9088, "train": 0.00020749285973738473, "val_mean_case_max": 0.01084124880605571, "val_worst": 0.016336487395074997, "lr": 0.0008994085989127981, "wall": 619.8}
{"arm": "unet", "epoch": 142, "steps": 9152, "train": 3.712021895903127e-05, "val_mean_case_max": 0.008709557394428837, "val_worst": 0.012244805669150198, "lr": 0.0008980287147239632, "wall": 624.2}
{"arm": "unet", "epoch": 143, "steps": 9216, "train": 5.045836581346689e-05, "val_mean_case_max": 0.00655945967560464, "val_worst": 0.012187822031698213, "lr": 0.0008966394974241607, "wall": 628.6}
{"arm": "unet", "epoch": 144, "steps": 9280, "train": 6.529338866600067e-05, "val_mean_case_max": 0.010783506550838467, "val_worst": 0.013733287366017012, "lr": 0.0008952433218084448, "wall": 633.0}
{"arm": "unet", "epoch": 145, "steps": 9344, "train": 3.927281065386721e-05, "val_mean_case_max": 0.010764928943730115, "val_worst": 0.0244988390967061, "lr": 0.0008938387548322979, "wall": 637.3}
{"arm": "unet", "epoch": 146, "steps": 9408, "train": 0.00014329555982761243, "val_mean_case_max": 0.014652271954179702, "val_worst": 0.022143637590105243, "lr": 0.000892424319054984, "wall": 641.7}
{"arm": "unet", "epoch": 147, "steps": 9472, "train": 8.884266891604376e-05, "val_mean_case_max": 0.00605322643630676, "val_worst": 0.010520025477330238, "lr": 0.0008910018611183842, "wall": 646.1}
{"arm": "unet", "epoch": 148, "steps": 9536, "train": 4.7062910830067955e-05, "val_mean_case_max": 0.010348669100689023, "val_worst": 0.030705964532365165, "lr": 0.0008895717112745292, "wall": 650.5}
{"arm": "unet", "epoch": 149, "steps": 9600, "train": 6.832834322367511e-05, "val_mean_case_max": 0.01310682297657649, "val_worst": 0.033669347530012814, "lr": 0.0008881337925156595, "wall": 654.9}
{"arm": "unet", "epoch": 150, "steps": 9664, "train": 4.227266683757949e-05, "val_mean_case_max": 0.0061345922795461435, "val_worst": 0.01459129801644471, "lr": 0.0008866817288707573, "wall": 659.3}
{"arm": "unet", "epoch": 151, "steps": 9728, "train": 2.882341335145098e-05, "val_mean_case_max": 0.005042572165568827, "val_worst": 0.010741738418893268, "lr": 0.0008852286546123832, "wall": 663.8}
{"arm": "unet", "epoch": 152, "steps": 9792, "train": 2.8958877511739992e-05, "val_mean_case_max": 0.007463624950052378, "val_worst": 0.011499716073785478, "lr": 0.0008837433466438866, "wall": 668.2}
{"arm": "unet", "epoch": 153, "steps": 9856, "train": 6.107092926583543e-05, "val_mean_case_max": 0.009199823456469797, "val_worst": 0.013196389507681023, "lr": 0.0008822743328756846, "wall": 672.6}
{"arm": "unet", "epoch": 154, "steps": 9920, "train": 0.00010289714715120557, "val_mean_case_max": 0.009395820338552872, "val_worst": 0.011753507833833447, "lr": 0.0008807972585976887, "wall": 677.0}
{"arm": "unet", "epoch": 155, "steps": 9984, "train": 0.00012216262265773588, "val_mean_case_max": 0.009579458758014565, "val_worst": 0.013993591324093729, "lr": 0.0008793130536756292, "wall": 681.4}
{"arm": "unet", "epoch": 156, "steps": 10048, "train": 6.965427302768584e-05, "val_mean_case_max": 0.007481759113682609, "val_worst": 0.022000398457803282, "lr": 0.0008778192146150937, "wall": 685.7}
{"arm": "unet", "epoch": 157, "steps": 10112, "train": 2.621743688280143e-05, "val_mean_case_max": 0.006402303620364162, "val_worst": 0.016388153483519304, "lr": 0.0008763160543794119, "wall": 690.1}
{"arm": "unet", "epoch": 158, "steps": 10176, "train": 2.1473970514898944e-05, "val_mean_case_max": 0.005207378743408644, "val_worst": 0.01436134513458865, "lr": 0.0008748087020506532, "wall": 694.5}
{"arm": "unet", "epoch": 159, "steps": 10240, "train": 3.8791302982862644e-05, "val_mean_case_max": 0.005985968507595694, "val_worst": 0.009449531239024159, "lr": 0.0008732917105699488, "wall": 698.9}
{"arm": "unet", "epoch": 160, "steps": 10304, "train": 2.9053156264607853e-05, "val_mean_case_max": 0.004647412799207953, "val_worst": 0.013859509996156765, "lr": 0.0008717675880521423, "wall": 703.4}
{"arm": "unet", "epoch": 161, "steps": 10368, "train": 8.441622395222261e-05, "val_mean_case_max": 0.01678186888181529, "val_worst": 0.020295926229833148, "lr": 0.0008702118103414722, "wall": 707.8}
{"arm": "unet", "epoch": 162, "steps": 10432, "train": 9.907286196632348e-05, "val_mean_case_max": 0.006870846715915292, "val_worst": 0.018361010478368613, "lr": 0.0008686618353300143, "wall": 712.2}
{"arm": "unet", "epoch": 163, "steps": 10496, "train": 3.1772772404638994e-05, "val_mean_case_max": 0.009051623703399979, "val_worst": 0.013398685505048797, "lr": 0.0008671105987371016, "wall": 716.6}
{"arm": "unet", "epoch": 164, "steps": 10560, "train": 2.2079946051061e-05, "val_mean_case_max": 0.005763510612126791, "val_worst": 0.014032489160745775, "lr": 0.000865551800068927, "wall": 721.0}
{"arm": "unet", "epoch": 165, "steps": 10624, "train": 2.183064697555419e-05, "val_mean_case_max": 0.006115961930955394, "val_worst": 0.010033627391534098, "lr": 0.0008639859750293728, "wall": 725.4}
{"arm": "unet", "epoch": 166, "steps": 10688, "train": 1.7547446202109176e-05, "val_mean_case_max": 0.005537605420818185, "val_worst": 0.013353183349913797, "lr": 0.0008624159095894176, "wall": 729.8}
{"arm": "unet", "epoch": 167, "steps": 10752, "train": 2.1437350964582193e-05, "val_mean_case_max": 0.006252265350315446, "val_worst": 0.008804966655479796, "lr": 0.0008608359797149692, "wall": 734.2}
{"arm": "unet", "epoch": 168, "steps": 10816, "train": 4.478609487960333e-05, "val_mean_case_max": 0.006661915481329525, "val_worst": 0.01262902337027851, "lr": 0.0008592503602593062, "wall": 738.6}
{"arm": "unet", "epoch": 169, "steps": 10880, "train": 5.748968610202726e-05, "val_mean_case_max": 0.006864197225474831, "val_worst": 0.010516203756996226, "lr": 0.0008576545645849809, "wall": 743.0}
{"arm": "unet", "epoch": 170, "steps": 10944, "train": 0.00029790113397380204, "val_mean_case_max": 0.010895686741692273, "val_worst": 0.01740384309793254, "lr": 0.000856050996037723, "wall": 747.4}
{"arm": "unet", "epoch": 171, "steps": 11008, "train": 0.00014579196366142858, "val_mean_case_max": 0.011984247629016408, "val_worst": 0.015066392314247315, "lr": 0.0008544401707381098, "wall": 751.8}
{"arm": "unet", "epoch": 172, "steps": 11072, "train": 4.881430919034296e-05, "val_mean_case_max": 0.0066807011196466405, "val_worst": 0.020222885158494793, "lr": 0.0008528232104141922, "wall": 756.1}
{"arm": "unet", "epoch": 173, "steps": 11136, "train": 2.0072635877555763e-05, "val_mean_case_max": 0.004937613155066849, "val_worst": 0.011620194073333439, "lr": 0.000851197171758443, "wall": 760.5}
{"arm": "unet", "epoch": 174, "steps": 11200, "train": 2.0300682806616155e-05, "val_mean_case_max": 0.007893290889863649, "val_worst": 0.01230436714465482, "lr": 0.0008495657539465433, "wall": 764.9}
{"arm": "unet", "epoch": 175, "steps": 11264, "train": 2.3343542231452565e-05, "val_mean_case_max": 0.003984020676569003, "val_worst": 0.01052488227822022, "lr": 0.0008479258694569883, "wall": 769.4}
{"arm": "unet", "epoch": 176, "steps": 11328, "train": 1.8982773817328193e-05, "val_mean_case_max": 0.004450511376708077, "val_worst": 0.011389770290881042, "lr": 0.0008462549421555056, "wall": 773.8}
{"arm": "unet", "epoch": 177, "steps": 11392, "train": 2.4463792408871304e-05, "val_mean_case_max": 0.007840524745085911, "val_worst": 0.010330485405022483, "lr": 0.0008446018445652988, "wall": 778.2}
{"arm": "unet", "epoch": 178, "steps": 11456, "train": 3.539126986546802e-05, "val_mean_case_max": 0.007529974428019023, "val_worst": 0.012123050050111599, "lr": 0.0008429396925201626, "wall": 782.6}
{"arm": "unet", "epoch": 179, "steps": 11520, "train": 1.866852980418151e-05, "val_mean_case_max": 0.004737648607867423, "val_worst": 0.009383985728026114, "lr": 0.000841271882336125, "wall": 787.0}
{"arm": "unet", "epoch": 180, "steps": 11584, "train": 8.422912011314288e-05, "val_mean_case_max": 0.01726912774234023, "val_worst": 0.033684014413530534, "lr": 0.0008395955134738837, "wall": 791.4}
{"arm": "unet", "epoch": 181, "steps": 11648, "train": 0.0001574755572369221, "val_mean_case_max": 0.013807950980992204, "val_worst": 0.01681528109699505, "lr": 0.0008379150345399927, "wall": 795.8}
{"arm": "unet", "epoch": 182, "steps": 11712, "train": 9.639791855185713e-05, "val_mean_case_max": 0.007009382079085262, "val_worst": 0.00904819039246304, "lr": 0.0008362238855650337, "wall": 800.2}
{"arm": "unet", "epoch": 183, "steps": 11776, "train": 4.483501470340405e-05, "val_mean_case_max": 0.007022644134376179, "val_worst": 0.01222910658045499, "lr": 0.0008345269009782578, "wall": 804.6}
{"arm": "unet", "epoch": 184, "steps": 11840, "train": 2.8454299158947068e-05, "val_mean_case_max": 0.004864244178540776, "val_worst": 0.01019432101562457, "lr": 0.0008328226792077104, "wall": 809.0}
{"arm": "unet", "epoch": 185, "steps": 11904, "train": 2.244166369954879e-05, "val_mean_case_max": 0.004812357852974023, "val_worst": 0.013342627229284393, "lr": 0.0008311131880113433, "wall": 813.4}
{"arm": "unet", "epoch": 186, "steps": 11968, "train": 1.5758997371462316e-05, "val_mean_case_max": 0.00445480180926178, "val_worst": 0.006845615953981395, "lr": 0.0008293948884681936, "wall": 817.7}
{"arm": "unet", "epoch": 187, "steps": 12032, "train": 2.3999521548096884e-05, "val_mean_case_max": 0.0048749869868625825, "val_worst": 0.008125514311706303, "lr": 0.0008276716464985818, "wall": 822.1}
{"arm": "unet", "epoch": 188, "steps": 12096, "train": 4.167838623319501e-05, "val_mean_case_max": 0.007993484549702862, "val_worst": 0.018930766849157565, "lr": 0.0008259414708732742, "wall": 826.5}
{"arm": "unet", "epoch": 189, "steps": 12160, "train": 2.3896999975152558e-05, "val_mean_case_max": 0.005391198722566385, "val_worst": 0.012017353928177571, "lr": 0.0008242032390028392, "wall": 830.9}
{"arm": "unet", "epoch": 190, "steps": 12224, "train": 1.3070219262765564e-05, "val_mean_case_max": 0.005105362502240512, "val_worst": 0.00798586768948009, "lr": 0.0008224588397851972, "wall": 835.3}
{"arm": "unet", "epoch": 191, "steps": 12288, "train": 1.662603406985216e-05, "val_mean_case_max": 0.007516572252455727, "val_worst": 0.010159704647363918, "lr": 0.0008207079224864326, "wall": 839.7}
{"arm": "unet", "epoch": 192, "steps": 12352, "train": 4.3549217622527975e-05, "val_mean_case_max": 0.005671048921153454, "val_worst": 0.013298303277238938, "lr": 0.0008189474507401927, "wall": 844.1}
{"arm": "unet", "epoch": 193, "steps": 12416, "train": 1.5221436646433507e-05, "val_mean_case_max": 0.004563684300111864, "val_worst": 0.014408095736156375, "lr": 0.000817177144517037, "wall": 848.5}
{"arm": "unet", "epoch": 194, "steps": 12480, "train": 1.725447469409101e-05, "val_mean_case_max": 0.006504289546517312, "val_worst": 0.013147290142564648, "lr": 0.000815400868010092, "wall": 852.9}
{"arm": "unet", "epoch": 195, "steps": 12544, "train": 2.197046051388049e-05, "val_mean_case_max": 0.005572994281000925, "val_worst": 0.013988888050465586, "lr": 0.0008136170776981764, "wall": 857.3}
{"arm": "unet", "epoch": 196, "steps": 12608, "train": 0.00015517552356380084, "val_mean_case_max": 0.008012490202138942, "val_worst": 0.022155524302884463, "lr": 0.0008118277110840688, "wall": 861.8}
{"arm": "unet", "epoch": 197, "steps": 12672, "train": 3.86823844678464e-05, "val_mean_case_max": 0.005068530233178912, "val_worst": 0.012635490127680093, "lr": 0.0008100315644878811, "wall": 866.2}
{"arm": "unet", "epoch": 198, "steps": 12736, "train": 2.2463264477459334e-05, "val_mean_case_max": 0.004352126512642201, "val_worst": 0.0081812235670195, "lr": 0.0008082315328689941, "wall": 870.6}
{"arm": "unet", "epoch": 199, "steps": 12800, "train": 1.3222683592187259e-05, "val_mean_case_max": 0.0038600500156501824, "val_worst": 0.009219179578029812, "lr": 0.0008064456326306384, "wall": 875.0}
{"arm": "unet", "epoch": 200, "steps": 12864, "train": 1.4896109649081059e-05, "val_mean_case_max": 0.004854128809308592, "val_worst": 0.007490238994579973, "lr": 0.000804619109361093, "wall": 879.3}
{"arm": "unet", "epoch": 201, "steps": 12928, "train": 5.122818381917868e-05, "val_mean_case_max": 0.007813143920858778, "val_worst": 0.02152536469814285, "lr": 0.0008028194651291991, "wall": 883.7}
{"arm": "unet", "epoch": 202, "steps": 12992, "train": 3.5969021580406306e-05, "val_mean_case_max": 0.005266196604042377, "val_worst": 0.006713889080563379, "lr": 0.0008010146561721955, "wall": 888.0}
{"arm": "unet", "epoch": 203, "steps": 13056, "train": 5.3863856747647465e-05, "val_mean_case_max": 0.00873858683796036, "val_worst": 0.017313898991928058, "lr": 0.0007992016507838631, "wall": 892.4}
{"arm": "unet", "epoch": 204, "steps": 13120, "train": 2.5286808814218845e-05, "val_mean_case_max": 0.005051490703422425, "val_worst": 0.00726242482931013, "lr": 0.0007973841281696574, "wall": 896.8}
{"arm": "unet", "epoch": 205, "steps": 13184, "train": 1.3475584986013178e-05, "val_mean_case_max": 0.004340928037240916, "val_worst": 0.009016298592704274, "lr": 0.0007955611145541093, "wall": 901.1}
{"arm": "unet", "epoch": 206, "steps": 13248, "train": 1.4391853860551878e-05, "val_mean_case_max": 0.006867302514840532, "val_worst": 0.013458530086464913, "lr": 0.000793730647704019, "wall": 905.5}
{"arm": "unet", "epoch": 207, "steps": 13312, "train": 0.00017609850906181524, "val_mean_case_max": 0.012566653248428499, "val_worst": 0.024898352327534505, "lr": 0.00079189411929876, "wall": 909.8}
{"arm": "unet", "epoch": 208, "steps": 13376, "train": 5.361720272116345e-05, "val_mean_case_max": 0.011007034096903463, "val_worst": 0.021890799284041088, "lr": 0.0007900526651615502, "wall": 914.2}
{"arm": "unet", "epoch": 209, "steps": 13440, "train": 3.298337148237594e-05, "val_mean_case_max": 0.003987151028194967, "val_worst": 0.00810333791434983, "lr": 0.0007882049497032851, "wall": 918.5}
{"arm": "unet", "epoch": 210, "steps": 13504, "train": 1.3163738442147144e-05, "val_mean_case_max": 0.004736569114223768, "val_worst": 0.010922375802024594, "lr": 0.0007863525450786788, "wall": 922.9}
{"arm": "unet", "epoch": 211, "steps": 13568, "train": 1.5036856420199252e-05, "val_mean_case_max": 0.0037531210403006767, "val_worst": 0.007706482623211682, "lr": 0.0007844933437804974, "wall": 927.3}
{"arm": "unet", "epoch": 212, "steps": 13632, "train": 1.5231518204058403e-05, "val_mean_case_max": 0.006262343949741424, "val_worst": 0.010923797723069496, "lr": 0.00078259530223712, "wall": 931.7}
{"arm": "unet", "epoch": 213, "steps": 13696, "train": 1.2261879351607682e-05, "val_mean_case_max": 0.0033514445503946633, "val_worst": 0.0063001904058391815, "lr": 0.0007807218279917036, "wall": 936.1}
{"arm": "unet", "epoch": 214, "steps": 13760, "train": 3.402172640046462e-05, "val_mean_case_max": 0.00879589322256032, "val_worst": 0.017884678261375346, "lr": 0.000778816316562292, "wall": 940.4}
{"arm": "unet", "epoch": 215, "steps": 13824, "train": 4.1224896997242485e-05, "val_mean_case_max": 0.00981975511065753, "val_worst": 0.02141638331951367, "lr": 0.0007769327497701405, "wall": 944.8}
{"arm": "unet", "epoch": 216, "steps": 13888, "train": 0.0002476478108694787, "val_mean_case_max": 0.01652156527973216, "val_worst": 0.026473189215060897, "lr": 0.0007750449336530754, "wall": 949.1}
{"arm": "unet", "epoch": 217, "steps": 13952, "train": 4.2935962307003785e-05, "val_mean_case_max": 0.004330999142289388, "val_worst": 0.009966914017235397, "lr": 0.0007731495075834177, "wall": 953.5}
{"arm": "unet", "epoch": 218, "steps": 14016, "train": 1.246079382462987e-05, "val_mean_case_max": 0.005462352757203859, "val_worst": 0.008375635057393709, "lr": 0.0007712500199342491, "wall": 957.9}
{"arm": "unet", "epoch": 219, "steps": 14080, "train": 1.1833090894682377e-05, "val_mean_case_max": 0.0039724111355672964, "val_worst": 0.011213152238313357, "lr": 0.0007693447296648238, "wall": 962.2}
{"arm": "unet", "epoch": 220, "steps": 14144, "train": 1.2109864126229545e-05, "val_mean_case_max": 0.0040480477903081895, "val_worst": 0.01081527677543211, "lr": 0.0007674315477942411, "wall": 966.6}
{"arm": "unet", "epoch": 221, "steps": 14208, "train": 1.3529018149603675e-05, "val_mean_case_max": 0.0041450097497381135, "val_worst": 0.010917135571642134, "lr": 0.0007655151759790518, "wall": 970.9}
{"arm": "unet", "epoch": 222, "steps": 14272, "train": 1.170145269119885e-05, "val_mean_case_max": 0.004981153509475752, "val_worst": 0.009294098026917063, "lr": 0.0007635698324993763, "wall": 975.3}
{"arm": "unet", "epoch": 223, "steps": 14336, "train": 1.4977859090100638e-05, "val_mean_case_max": 0.006031764473800282, "val_worst": 0.009193990525005604, "lr": 0.0007616176367711995, "wall": 979.7}
{"arm": "unet", "epoch": 224, "steps": 14400, "train": 1.3212761137151275e-05, "val_mean_case_max": 0.00550942676233109, "val_worst": 0.013098881109214677, "lr": 0.0007596588762031931, "wall": 984.2}
{"arm": "unet", "epoch": 225, "steps": 14464, "train": 1.5700203692131666e-05, "val_mean_case_max": 0.003948236407411092, "val_worst": 0.010211609997449696, "lr": 0.0007576946836066672, "wall": 988.6}
{"arm": "unet", "epoch": 226, "steps": 14528, "train": 1.0842077337519659e-05, "val_mean_case_max": 0.0038957756845869385, "val_worst": 0.008812203777542714, "lr": 0.0007557257892761122, "wall": 993.0}
{"arm": "unet", "epoch": 227, "steps": 14592, "train": 2.415833754033327e-05, "val_mean_case_max": 0.00885158362563322, "val_worst": 0.016808696639224834, "lr": 0.0007537616395935813, "wall": 997.4}
{"arm": "unet", "epoch": 228, "steps": 14656, "train": 3.002616079537299e-05, "val_mean_case_max": 0.005180584543863405, "val_worst": 0.009632451073431464, "lr": 0.0007518082930660829, "wall": 1001.7}
{"arm": "unet", "epoch": 229, "steps": 14720, "train": 0.00015704659401477607, "val_mean_case_max": 0.012624916706709894, "val_worst": 0.03059099769810346, "lr": 0.000749850716435465, "wall": 1006.1}
{"arm": "unet", "epoch": 230, "steps": 14784, "train": 0.0001760791117722186, "val_mean_case_max": 0.0071534776710604694, "val_worst": 0.00835885463581139, "lr": 0.000747884891119152, "wall": 1010.4}
{"arm": "unet", "epoch": 231, "steps": 14848, "train": 1.395264468946281e-05, "val_mean_case_max": 0.004407547585822059, "val_worst": 0.011881521676791146, "lr": 0.0007459153191684921, "wall": 1014.8}
{"arm": "unet", "epoch": 232, "steps": 14912, "train": 9.794582610209274e-06, "val_mean_case_max": 0.0039934009243662565, "val_worst": 0.012265344720191276, "lr": 0.0007439398450061405, "wall": 1019.1}
{"arm": "unet", "epoch": 233, "steps": 14976, "train": 8.208659980539186e-06, "val_mean_case_max": 0.004828896586002928, "val_worst": 0.007603594708501157, "lr": 0.0007419589653018205, "wall": 1023.5}
{"arm": "unet", "epoch": 234, "steps": 15040, "train": 1.1720911266995876e-05, "val_mean_case_max": 0.003673396529251742, "val_worst": 0.0062681812219989325, "lr": 0.0007399744646761677, "wall": 1027.8}
{"arm": "unet", "epoch": 235, "steps": 15104, "train": 1.4217496251764231e-05, "val_mean_case_max": 0.004203674965517816, "val_worst": 0.009142646397110902, "lr": 0.0007379852503399839, "wall": 1032.2}
{"arm": "unet", "epoch": 236, "steps": 15168, "train": 8.55243796917367e-06, "val_mean_case_max": 0.003938283111166254, "val_worst": 0.006317672768076187, "lr": 0.0007359906547722855, "wall": 1036.6}
{"arm": "unet", "epoch": 237, "steps": 15232, "train": 2.3807712542077524e-05, "val_mean_case_max": 0.008151714468384013, "val_worst": 0.021666773806953202, "lr": 0.0007339923700846108, "wall": 1040.9}
{"arm": "unet", "epoch": 238, "steps": 15296, "train": 9.127223063198203e-05, "val_mean_case_max": 0.007472708701555253, "val_worst": 0.013413750324035622, "lr": 0.0007319863416642102, "wall": 1045.3}
{"arm": "unet", "epoch": 239, "steps": 15360, "train": 3.491040717856977e-05, "val_mean_case_max": 0.0049191147669377586, "val_worst": 0.014426527237323385, "lr": 0.0007299781855862129, "wall": 1049.6}
{"arm": "unet", "epoch": 240, "steps": 15424, "train": 1.33118372545432e-05, "val_mean_case_max": 0.003455269813824497, "val_worst": 0.005772223836170717, "lr": 0.0007279640228395356, "wall": 1054.0}
{"arm": "unet", "epoch": 241, "steps": 15488, "train": 7.882342620782758e-06, "val_mean_case_max": 0.003748044593363499, "val_worst": 0.010505569456582447, "lr": 0.0007259458471463951, "wall": 1058.3}
{"arm": "unet", "epoch": 242, "steps": 15552, "train": 6.953679352787466e-06, "val_mean_case_max": 0.003434970456582639, "val_worst": 0.006103225605502641, "lr": 0.0007239244315505886, "wall": 1062.7}
{"arm": "unet", "epoch": 243, "steps": 15616, "train": 7.343118963803458e-06, "val_mean_case_max": 0.005056559416538688, "val_worst": 0.0062534742399097286, "lr": 0.0007218983835333609, "wall": 1067.0}
{"arm": "unet", "epoch": 244, "steps": 15680, "train": 1.6091504758461725e-05, "val_mean_case_max": 0.005027842209324958, "val_worst": 0.010194800337684957, "lr": 0.0007198664867136561, "wall": 1071.4}
{"arm": "unet", "epoch": 245, "steps": 15744, "train": 1.5105779141529102e-05, "val_mean_case_max": 0.004289760784594303, "val_worst": 0.006906603498562479, "lr": 0.0007178300489856898, "wall": 1075.8}
{"arm": "unet", "epoch": 246, "steps": 15808, "train": 8.324626207448942e-06, "val_mean_case_max": 0.0038166068386327003, "val_worst": 0.006438917415247445, "lr": 0.0007157894263746076, "wall": 1080.1}
{"arm": "unet", "epoch": 247, "steps": 15872, "train": 1.1180721578930838e-05, "val_mean_case_max": 0.0035562155876338775, "val_worst": 0.010171576362630273, "lr": 0.0007137450155325152, "wall": 1084.5}
{"arm": "unet", "epoch": 248, "steps": 15936, "train": 8.894507880967393e-06, "val_mean_case_max": 0.0033576333873769613, "val_worst": 0.00664349104995433, "lr": 0.0007116949987011818, "wall": 1088.8}
{"arm": "unet", "epoch": 249, "steps": 16000, "train": 2.895142474441427e-05, "val_mean_case_max": 0.008107810358000978, "val_worst": 0.010614379286327547, "lr": 0.0007096415098343147, "wall": 1093.2}
{"arm": "unet", "epoch": 250, "steps": 16064, "train": 3.275907370437281e-05, "val_mean_case_max": 0.006980421458342904, "val_worst": 0.012485446144549437, "lr": 0.0007075781252732725, "wall": 1097.5}
{"arm": "unet", "epoch": 251, "steps": 16128, "train": 0.00028441198612371853, "val_mean_case_max": 0.007538189865025753, "val_worst": 0.014763483325296999, "lr": 0.0007054890425139954, "wall": 1102.0}
{"arm": "unet", "epoch": 252, "steps": 16192, "train": 4.510472825826972e-05, "val_mean_case_max": 0.004580568269156976, "val_worst": 0.009374012722246793, "lr": 0.0007033959825185899, "wall": 1106.4}
{"arm": "unet", "epoch": 253, "steps": 16256, "train": 1.0369755863974291e-05, "val_mean_case_max": 0.0038062242756986787, "val_worst": 0.01117658257878561, "lr": 0.0007012975167517687, "wall": 1110.8}
{"arm": "unet", "epoch": 254, "steps": 16320, "train": 8.231177571093144e-06, "val_mean_case_max": 0.0033207362559640958, "val_worst": 0.008777236913743658, "lr": 0.0006991935390361875, "wall": 1115.3}
{"arm": "unet", "epoch": 255, "steps": 16384, "train": 8.114261018744434e-06, "val_mean_case_max": 0.0035531865487455974, "val_worst": 0.011589544532786412, "lr": 0.0006970554837773046, "wall": 1119.7}
{"arm": "unet", "epoch": 256, "steps": 16448, "train": 6.7273464476319115e-06, "val_mean_case_max": 0.0034729304865644232, "val_worst": 0.005359921221773819, "lr": 0.0006949568348062747, "wall": 1124.1}
{"arm": "unet", "epoch": 257, "steps": 16512, "train": 8.433295028865364e-06, "val_mean_case_max": 0.003144634824022447, "val_worst": 0.006222776436446799, "lr": 0.0006928637766331483, "wall": 1128.5}
{"arm": "unet", "epoch": 258, "steps": 16576, "train": 1.5475976637767772e-05, "val_mean_case_max": 0.0030419285524782187, "val_worst": 0.0068692820785337385, "lr": 0.0006907410334117782, "wall": 1132.9}
{"arm": "unet", "epoch": 259, "steps": 16640, "train": 6.799812140735022e-06, "val_mean_case_max": 0.0030380619770438485, "val_worst": 0.007489273919595467, "lr": 0.0006886131813966538, "wall": 1137.4}
{"arm": "unet", "epoch": 260, "steps": 16704, "train": 7.884618813881316e-06, "val_mean_case_max": 0.0037761575196439126, "val_worst": 0.00621478012623317, "lr": 0.0006864709686993652, "wall": 1141.7}
{"arm": "unet", "epoch": 261, "steps": 16768, "train": 7.479005297602642e-06, "val_mean_case_max": 0.005472000335794499, "val_worst": 0.011549724454395323, "lr": 0.0006843680570940676, "wall": 1146.1}
{"arm": "unet", "epoch": 262, "steps": 16832, "train": 1.2769523200431665e-05, "val_mean_case_max": 0.004206034738286648, "val_worst": 0.009621400148253923, "lr": 0.0006822631873844414, "wall": 1150.4}
{"arm": "unet", "epoch": 263, "steps": 16896, "train": 1.7237905475388256e-05, "val_mean_case_max": 0.003889821538561398, "val_worst": 0.009239915619027875, "lr": 0.0006801524722196957, "wall": 1154.8}
{"arm": "unet", "epoch": 264, "steps": 16960, "train": 6.8764184200307535e-06, "val_mean_case_max": 0.0031079637418904146, "val_worst": 0.006443960597664496, "lr": 0.0006780343835887492, "wall": 1159.2}
{"arm": "unet", "epoch": 265, "steps": 17024, "train": 1.1241076160847458e-05, "val_mean_case_max": 0.004534247688089564, "val_worst": 0.008605940504734262, "lr": 0.0006759166237581119, "wall": 1163.5}
{"arm": "unet", "epoch": 266, "steps": 17088, "train": 1.616681307991069e-05, "val_mean_case_max": 0.007900070336671198, "val_worst": 0.015135657836043518, "lr": 0.0006737946302888225, "wall": 1167.9}
{"arm": "unet", "epoch": 267, "steps": 17152, "train": 5.868197798043937e-05, "val_mean_case_max": 0.004193880109573184, "val_worst": 0.01214564696826889, "lr": 0.0006716700787330368, "wall": 1172.2}
{"arm": "unet", "epoch": 268, "steps": 17216, "train": 3.470707482359969e-05, "val_mean_case_max": 0.01193991207091059, "val_worst": 0.01484794532705155, "lr": 0.0006695414087355971, "wall": 1176.6}
{"arm": "unet", "epoch": 269, "steps": 17280, "train": 0.0001249661190950388, "val_mean_case_max": 0.005517450963135327, "val_worst": 0.010729965984264438, "lr": 0.0006674097796321056, "wall": 1180.9}
{"arm": "unet", "epoch": 270, "steps": 17344, "train": 1.6585374417419487e-05, "val_mean_case_max": 0.004522128431981762, "val_worst": 0.011255184336932959, "lr": 0.0006652738611581855, "wall": 1185.3}
{"arm": "unet", "epoch": 271, "steps": 17408, "train": 1.030585577337441e-05, "val_mean_case_max": 0.0029654185735654053, "val_worst": 0.007405585078620103, "lr": 0.0006631356054153057, "wall": 1189.7}
{"arm": "unet", "epoch": 272, "steps": 17472, "train": 7.964860865733535e-06, "val_mean_case_max": 0.004575160596957313, "val_worst": 0.007863797048371505, "lr": 0.0006609622924134126, "wall": 1194.1}
{"arm": "unet", "epoch": 273, "steps": 17536, "train": 2.139755206796126e-05, "val_mean_case_max": 0.005245456889083113, "val_worst": 0.009366927642895003, "lr": 0.0006588136894773364, "wall": 1198.4}
{"arm": "unet", "epoch": 274, "steps": 17600, "train": 1.1462701596883475e-05, "val_mean_case_max": 0.005164590269940259, "val_worst": 0.007326232159269779, "lr": 0.0006566652316274738, "wall": 1202.8}
{"arm": "unet", "epoch": 275, "steps": 17664, "train": 2.973509421261474e-05, "val_mean_case_max": 0.005354119460471766, "val_worst": 0.013480874530740743, "lr": 0.0006545147021125233, "wall": 1207.2}
{"arm": "unet", "epoch": 276, "steps": 17728, "train": 2.126653449198303e-05, "val_mean_case_max": 0.00825724877588582, "val_worst": 0.015488865872501431, "lr": 0.0006523601001573932, "wall": 1211.5}
{"arm": "unet", "epoch": 277, "steps": 17792, "train": 3.2095041524628134e-05, "val_mean_case_max": 0.0036190171871765676, "val_worst": 0.009293791137198734, "lr": 0.0006502018240831867, "wall": 1215.9}
{"arm": "unet", "epoch": 278, "steps": 17856, "train": 8.388560426534818e-06, "val_mean_case_max": 0.0035450919615432927, "val_worst": 0.009924876263667516, "lr": 0.0006480426519594431, "wall": 1220.2}
{"arm": "unet", "epoch": 279, "steps": 17920, "train": 9.323796370936825e-06, "val_mean_case_max": 0.0041639477091055775, "val_worst": 0.010203788128689948, "lr": 0.0006458704156416931, "wall": 1224.6}
{"arm": "unet", "epoch": 280, "steps": 17984, "train": 1.447272196518242e-05, "val_mean_case_max": 0.006533953645839894, "val_worst": 0.010401344936416326, "lr": 0.0006436806931883633, "wall": 1229.0}
{"arm": "unet", "epoch": 281, "steps": 18048, "train": 1.4916205128032216e-05, "val_mean_case_max": 0.003981921145796947, "val_worst": 0.008847461364779262, "lr": 0.0006414881043484691, "wall": 1233.4}
{"arm": "unet", "epoch": 282, "steps": 18112, "train": 2.89175077383392e-05, "val_mean_case_max": 0.004176646443657708, "val_worst": 0.007124190095970767, "lr": 0.0006392724108444426, "wall": 1237.9}
{"arm": "unet", "epoch": 283, "steps": 18176, "train": 7.532613968204046e-06, "val_mean_case_max": 0.0028475833036528514, "val_worst": 0.0057403480238236455, "lr": 0.0006370731749626128, "wall": 1242.3}
{"arm": "unet", "epoch": 284, "steps": 18240, "train": 6.002924734444607e-06, "val_mean_case_max": 0.003490592979110023, "val_worst": 0.00545229884080974, "lr": 0.0006348371058426299, "wall": 1246.7}
{"arm": "unet", "epoch": 285, "steps": 18304, "train": 1.4888191146566859e-05, "val_mean_case_max": 0.005276243565752105, "val_worst": 0.008519217250697932, "lr": 0.00063263173724763, "wall": 1251.1}
{"arm": "unet", "epoch": 286, "steps": 18368, "train": 9.132048022138595e-06, "val_mean_case_max": 0.003423242677380997, "val_worst": 0.00961561236109515, "lr": 0.0006304312452135812, "wall": 1255.5}
{"arm": "unet", "epoch": 287, "steps": 18432, "train": 6.794500771941048e-06, "val_mean_case_max": 0.005746750205007316, "val_worst": 0.009852143278195226, "lr": 0.0006282457668399442, "wall": 1259.9}
{"arm": "unet", "epoch": 288, "steps": 18496, "train": 2.8621516807560386e-05, "val_mean_case_max": 0.005429429023256393, "val_worst": 0.011982137898225791, "lr": 0.0006260581058792602, "wall": 1264.2}
{"arm": "unet", "epoch": 289, "steps": 18560, "train": 1.8845578235919873e-05, "val_mean_case_max": 0.005111154579674205, "val_worst": 0.015094627533504887, "lr": 0.000623868107449158, "wall": 1268.6}
{"arm": "unet", "epoch": 290, "steps": 18624, "train": 9.674287652816317e-06, "val_mean_case_max": 0.003319725862743261, "val_worst": 0.008202424098414287, "lr": 0.0006216735159963029, "wall": 1273.0}
{"arm": "unet", "epoch": 291, "steps": 18688, "train": 6.924202029449568e-06, "val_mean_case_max": 0.0036574298307364196, "val_worst": 0.005105017231115939, "lr": 0.0006194775059522137, "wall": 1277.3}
{"arm": "unet", "epoch": 292, "steps": 18752, "train": 8.24104362412259e-06, "val_mean_case_max": 0.0030055559316118936, "val_worst": 0.0053067225508256445, "lr": 0.0006172775964798997, "wall": 1281.7}
{"arm": "unet", "epoch": 293, "steps": 18816, "train": 8.912341633394597e-06, "val_mean_case_max": 0.005144013414247643, "val_worst": 0.00837624761303402, "lr": 0.0006150758521958427, "wall": 1286.0}
{"arm": "unet", "epoch": 294, "steps": 18880, "train": 3.202734271979905e-05, "val_mean_case_max": 0.017094095062559697, "val_worst": 0.019356428941364676, "lr": 0.0006128715320708069, "wall": 1290.4}
{"arm": "unet", "epoch": 295, "steps": 18944, "train": 0.0002681781271853244, "val_mean_case_max": 0.006568128939106896, "val_worst": 0.015990302444918295, "lr": 0.0006106670641015911, "wall": 1294.7}
{"arm": "unet", "epoch": 296, "steps": 19008, "train": 1.5830111531059825e-05, "val_mean_case_max": 0.0056772957115641, "val_worst": 0.00957706822575448, "lr": 0.0006084591579698989, "wall": 1299.1}
{"arm": "unet", "epoch": 297, "steps": 19072, "train": 8.199854959921609e-06, "val_mean_case_max": 0.0029564373651481245, "val_worst": 0.008263037374241498, "lr": 0.0006062477193080886, "wall": 1303.5}
{"arm": "unet", "epoch": 298, "steps": 19136, "train": 5.38904059218672e-06, "val_mean_case_max": 0.0033609734630499115, "val_worst": 0.011900891720294349, "lr": 0.0006040342202767992, "wall": 1307.8}
{"arm": "unet", "epoch": 299, "steps": 19200, "train": 1.2815293674484077e-05, "val_mean_case_max": 0.008080443674930726, "val_worst": 0.009484728016289802, "lr": 0.000601818397784013, "wall": 1312.2}
{"arm": "unet", "epoch": 300, "steps": 19264, "train": 1.3944163104833422e-05, "val_mean_case_max": 0.0029901282435952628, "val_worst": 0.0067832319722831175, "lr": 0.000599599715956169, "wall": 1316.5}
{"arm": "unet", "epoch": 301, "steps": 19328, "train": 6.8288759903118025e-06, "val_mean_case_max": 0.0033652560354157854, "val_worst": 0.006618196383687662, "lr": 0.0005973792578428075, "wall": 1320.9}
{"arm": "unet", "epoch": 302, "steps": 19392, "train": 5.130077487215323e-06, "val_mean_case_max": 0.00263139987590368, "val_worst": 0.005945850508960139, "lr": 0.0005951593065378773, "wall": 1325.3}
{"arm": "unet", "epoch": 303, "steps": 19456, "train": 5.27601796883995e-06, "val_mean_case_max": 0.002843018574640427, "val_worst": 0.00841845804063134, "lr": 0.000592899188053359, "wall": 1329.7}
{"arm": "unet", "epoch": 304, "steps": 19520, "train": 8.54176709504575e-06, "val_mean_case_max": 0.0037350670856804587, "val_worst": 0.0051703042630183065, "lr": 0.0005906734495676818, "wall": 1334.1}
{"arm": "unet", "epoch": 305, "steps": 19584, "train": 6.900583763611445e-06, "val_mean_case_max": 0.0027236866321048454, "val_worst": 0.006240074116361586, "lr": 0.0005884473192305826, "wall": 1338.4}
{"arm": "unet", "epoch": 306, "steps": 19648, "train": 4.974314369785422e-06, "val_mean_case_max": 0.003018498252655208, "val_worst": 0.007871592900638949, "lr": 0.0005862174330140482, "wall": 1342.8}
{"arm": "unet", "epoch": 307, "steps": 19712, "train": 5.608928642396902e-06, "val_mean_case_max": 0.0030233430985221526, "val_worst": 0.007879001386928233, "lr": 0.000583986441891338, "wall": 1347.1}
{"arm": "unet", "epoch": 308, "steps": 19776, "train": 1.2949753760348358e-05, "val_mean_case_max": 0.0033567861033596573, "val_worst": 0.008504998791291319, "lr": 0.0005817539199226359, "wall": 1351.5}
{"arm": "unet", "epoch": 309, "steps": 19840, "train": 1.6551940430341092e-05, "val_mean_case_max": 0.004475733953464102, "val_worst": 0.0059979297254526736, "lr": 0.0005795166301777985, "wall": 1355.9}
{"arm": "unet", "epoch": 310, "steps": 19904, "train": 2.3595492512078084e-05, "val_mean_case_max": 0.0054305201781518365, "val_worst": 0.006648241267473264, "lr": 0.0005772617142739325, "wall": 1360.3}
{"arm": "unet", "epoch": 311, "steps": 19968, "train": 1.1473921567270395e-05, "val_mean_case_max": 0.002533658733769691, "val_worst": 0.0056659470184607435, "lr": 0.0005750043857122282, "wall": 1364.7}
{"arm": "unet", "epoch": 312, "steps": 20032, "train": 4.724676706219934e-06, "val_mean_case_max": 0.0026623649331701687, "val_worst": 0.0043716383195303325, "lr": 0.0005727098491833368, "wall": 1369.1}
{"arm": "unet", "epoch": 313, "steps": 20096, "train": 5.746350560097475e-06, "val_mean_case_max": 0.002658528827647753, "val_worst": 0.0073947372300167055, "lr": 0.0005704476296097611, "wall": 1373.5}
{"arm": "unet", "epoch": 314, "steps": 20160, "train": 5.966431491404122e-06, "val_mean_case_max": 0.003858110699079595, "val_worst": 0.00622302986159658, "lr": 0.0005681842595959206, "wall": 1377.9}
{"arm": "unet", "epoch": 315, "steps": 20224, "train": 1.9035204113994834e-05, "val_mean_case_max": 0.004147531926619565, "val_worst": 0.006642489385161876, "lr": 0.0005659198067603036, "wall": 1382.4}
{"arm": "unet", "epoch": 316, "steps": 20288, "train": 5.0658312074673905e-05, "val_mean_case_max": 0.007498142619793008, "val_worst": 0.014286360176580908, "lr": 0.0005636363634312524, "wall": 1386.8}
{"arm": "unet", "epoch": 317, "steps": 20352, "train": 4.9210571360973736e-05, "val_mean_case_max": 0.003923085088602066, "val_worst": 0.0096138218476671, "lr": 0.0005613705171936226, "wall": 1391.2}
{"arm": "unet", "epoch": 318, "steps": 20416, "train": 5.562880796871854e-06, "val_mean_case_max": 0.0024902831084174567, "val_worst": 0.006075785023186523, "lr": 0.0005591179638051408, "wall": 1395.6}
{"arm": "unet", "epoch": 319, "steps": 20480, "train": 4.3487790641569595e-06, "val_mean_case_max": 0.002421130516851571, "val_worst": 0.007952983302370013, "lr": 0.0005568356123980147, "wall": 1400.1}
{"arm": "unet", "epoch": 320, "steps": 20544, "train": 4.526356446438584e-06, "val_mean_case_max": 0.0023633594301999293, "val_worst": 0.006502164824977012, "lr": 0.0005545538045424798, "wall": 1404.5}
{"arm": "unet", "epoch": 321, "steps": 20608, "train": 4.36272973082558e-06, "val_mean_case_max": 0.0027977741450560343, "val_worst": 0.00462240129100749, "lr": 0.0005522650977223916, "wall": 1408.9}
{"arm": "unet", "epoch": 322, "steps": 20672, "train": 4.387117661195269e-06, "val_mean_case_max": 0.002965490033922018, "val_worst": 0.007422450191047068, "lr": 0.0005500136744827589, "wall": 1413.2}
{"arm": "unet", "epoch": 323, "steps": 20736, "train": 1.391823269642673e-05, "val_mean_case_max": 0.0052001905518664505, "val_worst": 0.009387273786334874, "lr": 0.000547761331335343, "wall": 1417.6}
{"arm": "unet", "epoch": 324, "steps": 20800, "train": 1.0331008805833438e-05, "val_mean_case_max": 0.0036271550136392737, "val_worst": 0.006171519655604591, "lr": 0.0005455079919411007, "wall": 1421.9}
{"arm": "unet", "epoch": 325, "steps": 20864, "train": 5.0895345296257095e-05, "val_mean_case_max": 0.012677517780201753, "val_worst": 0.027556378605768032, "lr": 0.0005432546541221064, "wall": 1426.3}
{"arm": "unet", "epoch": 326, "steps": 20928, "train": 4.5268797415484265e-05, "val_mean_case_max": 0.004596159874052451, "val_worst": 0.006400122759542817, "lr": 0.0005409998205194595, "wall": 1430.7}
{"arm": "unet", "epoch": 327, "steps": 20992, "train": 7.651467505404745e-06, "val_mean_case_max": 0.0027988691655727047, "val_worst": 0.006472349154693383, "lr": 0.0005387425209791059, "wall": 1435.0}
{"arm": "unet", "epoch": 328, "steps": 21056, "train": 9.109596941981838e-06, "val_mean_case_max": 0.0034323131195420167, "val_worst": 0.007422131507661805, "lr": 0.0005364858198062889, "wall": 1439.4}
{"arm": "unet", "epoch": 329, "steps": 21120, "train": 1.320200118437151e-05, "val_mean_case_max": 0.005778076192444291, "val_worst": 0.010460173805064135, "lr": 0.000534228859154337, "wall": 1443.8}
{"arm": "unet", "epoch": 330, "steps": 21184, "train": 1.4242356103652991e-05, "val_mean_case_max": 0.0032959766130391368, "val_worst": 0.00845886234497085, "lr": 0.0005319693615514871, "wall": 1448.1}
{"arm": "unet", "epoch": 331, "steps": 21248, "train": 9.235695765981802e-05, "val_mean_case_max": 0.013561160527843445, "val_worst": 0.030616724272727987, "lr": 0.000529707853956801, "wall": 1452.5}
{"arm": "unet", "epoch": 332, "steps": 21312, "train": 6.855799793726132e-05, "val_mean_case_max": 0.0032791087122327, "val_worst": 0.0058426043748371955, "lr": 0.0005274470428179259, "wall": 1456.9}
{"arm": "unet", "epoch": 333, "steps": 21376, "train": 5.3197163415889555e-06, "val_mean_case_max": 0.0023232378226929165, "val_worst": 0.006003104071672387, "lr": 0.000525185967546879, "wall": 1461.3}
{"arm": "unet", "epoch": 334, "steps": 21440, "train": 4.3225076733473825e-06, "val_mean_case_max": 0.002673731337291755, "val_worst": 0.00887578605976468, "lr": 0.000522889966400325, "wall": 1465.7}
{"arm": "unet", "epoch": 335, "steps": 21504, "train": 3.934705472172424e-06, "val_mean_case_max": 0.0030322420631033343, "val_worst": 0.009042159477432208, "lr": 0.000520626040278268, "wall": 1470.0}
{"arm": "unet", "epoch": 336, "steps": 21568, "train": 7.177138257222261e-06, "val_mean_case_max": 0.0035863860048311663, "val_worst": 0.005733546774056168, "lr": 0.000518363560337527, "wall": 1474.4}
{"arm": "unet", "epoch": 337, "steps": 21632, "train": 4.91848585701599e-06, "val_mean_case_max": 0.003891920939159058, "val_worst": 0.010522143779670586, "lr": 0.0005160999945963489, "wall": 1478.8}
{"arm": "unet", "epoch": 338, "steps": 21696, "train": 6.627998686692381e-06, "val_mean_case_max": 0.002565481970812257, "val_worst": 0.006359229971772136, "lr": 0.0005138374963193572, "wall": 1483.1}
{"arm": "unet", "epoch": 339, "steps": 21760, "train": 4.302589925096517e-06, "val_mean_case_max": 0.0029555831282405197, "val_worst": 0.00909339648043026, "lr": 0.0005115745463532998, "wall": 1487.5}
{"arm": "unet", "epoch": 340, "steps": 21824, "train": 9.207199218930776e-06, "val_mean_case_max": 0.0044940772483311655, "val_worst": 0.01000057403118649, "lr": 0.0005093095660763118, "wall": 1491.9}
{"arm": "unet", "epoch": 341, "steps": 21888, "train": 8.290484074932733e-06, "val_mean_case_max": 0.0030933095176276437, "val_worst": 0.004433085767818903, "lr": 0.0005070312883649708, "wall": 1496.3}
{"arm": "unet", "epoch": 342, "steps": 21952, "train": 7.018722294900038e-06, "val_mean_case_max": 0.0046251085932320045, "val_worst": 0.008693173776548572, "lr": 0.0005047360925178338, "wall": 1500.7}
{"arm": "unet", "epoch": 343, "steps": 22016, "train": 5.676817938380271e-06, "val_mean_case_max": 0.002459892878998527, "val_worst": 0.005770348122665553, "lr": 0.0005024383248238486, "wall": 1505.1}
{"arm": "unet", "epoch": 344, "steps": 22080, "train": 3.9502401918488825e-06, "val_mean_case_max": 0.0023009141564345474, "val_worst": 0.006404923999444694, "lr": 0.0005001435177396232, "wall": 1509.7}
{"arm": "unet", "epoch": 345, "steps": 22144, "train": 3.69516227980289e-06, "val_mean_case_max": 0.0025511723344881576, "val_worst": 0.006060966083269735, "lr": 0.0004977851662349376, "wall": 1514.1}
{"arm": "unet", "epoch": 346, "steps": 22208, "train": 7.524375138022815e-06, "val_mean_case_max": 0.006134738936413945, "val_worst": 0.0085377719202039, "lr": 0.000495489939331207, "wall": 1518.5}
{"arm": "unet", "epoch": 347, "steps": 22272, "train": 9.875103695707045e-06, "val_mean_case_max": 0.003602932583487788, "val_worst": 0.005531835751758647, "lr": 0.0004932251405172075, "wall": 1522.9}
{"arm": "unet", "epoch": 348, "steps": 22336, "train": 8.93136745689219e-06, "val_mean_case_max": 0.0029986499893167604, "val_worst": 0.00741236741896039, "lr": 0.0004909618213665465, "wall": 1527.3}
{"arm": "unet", "epoch": 349, "steps": 22400, "train": 9.63492634554157e-06, "val_mean_case_max": 0.0035410902554064132, "val_worst": 0.006686077532361256, "lr": 0.0004886920777941159, "wall": 1531.6}
{"arm": "unet", "epoch": 350, "steps": 22464, "train": 9.800279674032876e-06, "val_mean_case_max": 0.008612832121732725, "val_worst": 0.014148940657965388, "lr": 0.0004864296078495858, "wall": 1536.0}
{"arm": "unet", "epoch": 351, "steps": 22528, "train": 1.9801621865440926e-05, "val_mean_case_max": 0.0032833580997945746, "val_worst": 0.006550129179444775, "lr": 0.00048416781913157044, "wall": 1540.4}
{"arm": "unet", "epoch": 352, "steps": 22592, "train": 6.581624985102292e-06, "val_mean_case_max": 0.0035094751205139614, "val_worst": 0.005018340594233478, "lr": 0.0004819070846256086, "wall": 1544.7}
{"arm": "unet", "epoch": 353, "steps": 22656, "train": 9.82174236753737e-06, "val_mean_case_max": 0.005429912569337912, "val_worst": 0.009068334554720451, "lr": 0.0004796448173929562, "wall": 1549.1}
{"arm": "unet", "epoch": 354, "steps": 22720, "train": 7.995742166823234e-06, "val_mean_case_max": 0.0028856192448220887, "val_worst": 0.007043087706121295, "lr": 0.00047738448618566976, "wall": 1553.5}
{"arm": "unet", "epoch": 355, "steps": 22784, "train": 4.566897574020759e-06, "val_mean_case_max": 0.0029312195388216493, "val_worst": 0.004879398799255134, "lr": 0.0004751230310239308, "wall": 1557.8}
{"arm": "unet", "epoch": 356, "steps": 22848, "train": 2.7755226574858465e-05, "val_mean_case_max": 0.005212151883237233, "val_worst": 0.007576193348633517, "lr": 0.0004728605091346362, "wall": 1562.2}
{"arm": "unet", "epoch": 357, "steps": 22912, "train": 1.3514950623630843e-05, "val_mean_case_max": 0.0033509047855659036, "val_worst": 0.007796332710559684, "lr": 0.00047060028736057956, "wall": 1566.6}
{"arm": "unet", "epoch": 358, "steps": 22976, "train": 4.751506043623808e-06, "val_mean_case_max": 0.0027461973922143644, "val_worst": 0.00466710975438591, "lr": 0.0004683423820179929, "wall": 1571.0}
{"arm": "unet", "epoch": 359, "steps": 23040, "train": 2.182720247282319e-05, "val_mean_case_max": 0.005183875751249268, "val_worst": 0.006136246922487729, "lr": 0.00046608425029078725, "wall": 1575.3}
{"arm": "unet", "epoch": 360, "steps": 23104, "train": 1.0758657104210655e-05, "val_mean_case_max": 0.0033432521432818084, "val_worst": 0.004587183880326037, "lr": 0.0004638281412251145, "wall": 1579.7}
{"arm": "unet", "epoch": 361, "steps": 23168, "train": 7.158881004591491e-06, "val_mean_case_max": 0.0031693481758246337, "val_worst": 0.005014026201416631, "lr": 0.0004615722517293546, "wall": 1584.1}
{"arm": "unet", "epoch": 362, "steps": 23232, "train": 1.2947427304237753e-05, "val_mean_case_max": 0.002801547479788397, "val_worst": 0.005026997468501755, "lr": 0.00045931789676310084, "wall": 1588.4}
{"arm": "unet", "epoch": 363, "steps": 23296, "train": 8.04307076980753e-06, "val_mean_case_max": 0.0024837227859119994, "val_worst": 0.004596949210090303, "lr": 0.00045706184947132025, "wall": 1592.8}
{"arm": "unet", "epoch": 364, "steps": 23360, "train": 6.425397514663786e-06, "val_mean_case_max": 0.0028903523425703984, "val_worst": 0.005159138924909593, "lr": 0.0004548097076410369, "wall": 1597.2}
{"arm": "unet", "epoch": 365, "steps": 23424, "train": 8.352636387215452e-06, "val_mean_case_max": 0.003084559805201005, "val_worst": 0.004435021679072299, "lr": 0.0004525572081421057, "wall": 1601.5}
{"arm": "unet", "epoch": 366, "steps": 23488, "train": 8.838347349480429e-06, "val_mean_case_max": 0.00705453003907049, "val_worst": 0.008318003212645905, "lr": 0.0004503064190267728, "wall": 1605.9}
{"arm": "unet", "epoch": 367, "steps": 23552, "train": 0.00010357050689552691, "val_mean_case_max": 0.010772397262657475, "val_worst": 0.028831074564512022, "lr": 0.00044805701274881077, "wall": 1610.3}
{"arm": "unet", "epoch": 368, "steps": 23616, "train": 3.087501506120129e-05, "val_mean_case_max": 0.0027392410987917767, "val_worst": 0.010165329626434518, "lr": 0.0004458089867491898, "wall": 1614.6}
{"arm": "unet", "epoch": 369, "steps": 23680, "train": 4.946621053026041e-06, "val_mean_case_max": 0.002839348893103069, "val_worst": 0.00865087611349415, "lr": 0.0004435331576264058, "wall": 1619.1}
{"arm": "unet", "epoch": 370, "steps": 23744, "train": 3.39262740330597e-06, "val_mean_case_max": 0.002361276551118629, "val_worst": 0.005286540719642908, "lr": 0.0004412597247470827, "wall": 1623.5}
{"arm": "unet", "epoch": 371, "steps": 23808, "train": 3.0870591050512885e-06, "val_mean_case_max": 0.002081398580617884, "val_worst": 0.007340326366576986, "lr": 0.0004389869255044257, "wall": 1628.0}
{"arm": "unet", "epoch": 372, "steps": 23872, "train": 3.88035752788144e-06, "val_mean_case_max": 0.002409449132173006, "val_worst": 0.006427188881500123, "lr": 0.0004366833896268081, "wall": 1632.4}
{"arm": "unet", "epoch": 373, "steps": 23936, "train": 3.339222488727817e-06, "val_mean_case_max": 0.0024652990382286397, "val_worst": 0.004224057385674947, "lr": 0.0004344123100470183, "wall": 1636.8}
{"arm": "unet", "epoch": 374, "steps": 24000, "train": 4.720553545844479e-06, "val_mean_case_max": 0.00239807309168004, "val_worst": 0.004020546587547606, "lr": 0.0004321429373204436, "wall": 1641.2}
{"arm": "unet", "epoch": 375, "steps": 24064, "train": 1.2754311491199438e-05, "val_mean_case_max": 0.009266352633572448, "val_worst": 0.01701663450423013, "lr": 0.0004298822186591588, "wall": 1645.6}
{"arm": "unet", "epoch": 376, "steps": 24128, "train": 2.0109407981307375e-05, "val_mean_case_max": 0.0026631998951348636, "val_worst": 0.00906933636811146, "lr": 0.00042764459110185364, "wall": 1650.0}
{"arm": "unet", "epoch": 377, "steps": 24192, "train": 6.560878158415893e-06, "val_mean_case_max": 0.00210951833801903, "val_worst": 0.007462117887769304, "lr": 0.0004254106682872684, "wall": 1654.4}
{"arm": "unet", "epoch": 378, "steps": 24256, "train": 3.0736540304771364e-06, "val_mean_case_max": 0.0022136771610173894, "val_worst": 0.005096976169399891, "lr": 0.00042317878454202886, "wall": 1658.7}
{"arm": "unet", "epoch": 379, "steps": 24320, "train": 3.4247848407558586e-06, "val_mean_case_max": 0.0020858643388834332, "val_worst": 0.006578494576921812, "lr": 0.0004209475365724669, "wall": 1663.1}
{"arm": "unet", "epoch": 380, "steps": 24384, "train": 2.699205018133974e-06, "val_mean_case_max": 0.002089168703504853, "val_worst": 0.006613274149663089, "lr": 0.0004187175391389404, "wall": 1667.5}
{"arm": "unet", "epoch": 381, "steps": 24448, "train": 3.4151402298432965e-06, "val_mean_case_max": 0.0022630131225279144, "val_worst": 0.006794064077430391, "lr": 0.00041648891304146363, "wall": 1671.8}
{"arm": "unet", "epoch": 382, "steps": 24512, "train": 3.265432755831404e-06, "val_mean_case_max": 0.0023399115040720264, "val_worst": 0.006965139990596022, "lr": 0.0004142621635287539, "wall": 1676.2}
{"arm": "unet", "epoch": 383, "steps": 24576, "train": 1.0424655179480544e-05, "val_mean_case_max": 0.002551633336625123, "val_worst": 0.005326458136998719, "lr": 0.0004120365289251043, "wall": 1680.6}
{"arm": "unet", "epoch": 384, "steps": 24640, "train": 5.492264866831716e-06, "val_mean_case_max": 0.0033245318164803256, "val_worst": 0.0063068879657891055, "lr": 0.00040981460547763774, "wall": 1685.0}
{"arm": "unet", "epoch": 385, "steps": 24704, "train": 3.8787969889659535e-06, "val_mean_case_max": 0.0027671882056729434, "val_worst": 0.007122421423311858, "lr": 0.00040759451540064393, "wall": 1689.3}
{"arm": "unet", "epoch": 386, "steps": 24768, "train": 3.256611457829838e-06, "val_mean_case_max": 0.0023101172313990917, "val_worst": 0.00702587079509925, "lr": 0.0004053754752844847, "wall": 1693.7}
{"arm": "unet", "epoch": 387, "steps": 24832, "train": 4.966989846034573e-06, "val_mean_case_max": 0.003342888106657245, "val_worst": 0.0072664525152898165, "lr": 0.0004031581247440212, "wall": 1698.1}
{"arm": "unet", "epoch": 388, "steps": 24896, "train": 1.026739773968953e-05, "val_mean_case_max": 0.007698745346554164, "val_worst": 0.010738624878091622, "lr": 0.000400942856890476, "wall": 1702.4}
{"arm": "unet", "epoch": 389, "steps": 24960, "train": 1.4041385307841956e-05, "val_mean_case_max": 0.00272473587375653, "val_worst": 0.004992768431473324, "lr": 0.0003987294988174229, "wall": 1706.8}
{"arm": "unet", "epoch": 390, "steps": 25024, "train": 4.379348613062912e-06, "val_mean_case_max": 0.002389496597139885, "val_worst": 0.0033657444020282704, "lr": 0.0003965189583373515, "wall": 1711.2}
{"arm": "unet", "epoch": 391, "steps": 25088, "train": 4.372741901540954e-06, "val_mean_case_max": 0.0035301560895023574, "val_worst": 0.007312939130243295, "lr": 0.0003943111181187112, "wall": 1715.5}
{"arm": "unet", "epoch": 392, "steps": 25152, "train": 6.012040588763661e-06, "val_mean_case_max": 0.0038686123467972684, "val_worst": 0.0073550514218728635, "lr": 0.00039210548111710613, "wall": 1719.9}
{"arm": "unet", "epoch": 393, "steps": 25216, "train": 1.6737112354135082e-05, "val_mean_case_max": 0.0036277266950370235, "val_worst": 0.011818815140870421, "lr": 0.00038986828797237655, "wall": 1724.3}
{"arm": "unet", "epoch": 394, "steps": 25280, "train": 2.2253438178984957e-05, "val_mean_case_max": 0.0029228504738509297, "val_worst": 0.005001823807501389, "lr": 0.0003876656435346374, "wall": 1728.7}
{"arm": "unet", "epoch": 395, "steps": 25344, "train": 4.452136650124871e-06, "val_mean_case_max": 0.0028310134044304703, "val_worst": 0.008998448945425699, "lr": 0.0003854671695907908, "wall": 1733.1}
{"arm": "unet", "epoch": 396, "steps": 25408, "train": 8.911560193734055e-06, "val_mean_case_max": 0.0026723360465033966, "val_worst": 0.004280357148221296, "lr": 0.00038326572798457576, "wall": 1737.5}
{"arm": "unet", "epoch": 397, "steps": 25472, "train": 5.8734935491460835e-06, "val_mean_case_max": 0.003182550396748263, "val_worst": 0.005374140360355168, "lr": 0.00038107305012289043, "wall": 1741.8}
{"arm": "unet", "epoch": 398, "steps": 25536, "train": 6.17629292493947e-06, "val_mean_case_max": 0.0026332218673637267, "val_worst": 0.0036012645271701373, "lr": 0.0003788787317923617, "wall": 1746.2}
{"arm": "unet", "epoch": 399, "steps": 25600, "train": 4.3036498959994845e-06, "val_mean_case_max": 0.0028803524540541334, "val_worst": 0.0074092702589393915, "lr": 0.0003766636959854619, "wall": 1750.6}
{"arm": "unet", "epoch": 400, "steps": 25664, "train": 2.9262348559985027e-06, "val_mean_case_max": 0.0026317635900727594, "val_worst": 0.006048099543615934, "lr": 0.0003744502034571447, "wall": 1755.0}
{"arm": "unet", "epoch": 401, "steps": 25728, "train": 5.198817778525475e-06, "val_mean_case_max": 0.003976304778495327, "val_worst": 0.0070608666550991015, "lr": 0.0003722366246049657, "wall": 1759.5}
{"arm": "unet", "epoch": 402, "steps": 25792, "train": 1.2415256698239649e-05, "val_mean_case_max": 0.003263155085481134, "val_worst": 0.004871999435226481, "lr": 0.0003700282967043874, "wall": 1763.9}
{"arm": "unet", "epoch": 403, "steps": 25856, "train": 8.957029209473916e-06, "val_mean_case_max": 0.004011537619862823, "val_worst": 0.006083086513619604, "lr": 0.00036782184791520485, "wall": 1768.3}
{"arm": "unet", "epoch": 404, "steps": 25920, "train": 1.0415251815640532e-05, "val_mean_case_max": 0.004820594311926279, "val_worst": 0.010652991195340786, "lr": 0.000365622528407021, "wall": 1772.7}
{"arm": "unet", "epoch": 405, "steps": 25984, "train": 5.416767764978906e-06, "val_mean_case_max": 0.0021319823853503637, "val_worst": 0.005747269775001337, "lr": 0.00036345062884208753, "wall": 1777.1}
{"arm": "unet", "epoch": 406, "steps": 26048, "train": 2.7745058732210535e-06, "val_mean_case_max": 0.0018794450677524612, "val_worst": 0.0043865821233859195, "lr": 0.0003612822858222426, "wall": 1781.6}
{"arm": "unet", "epoch": 407, "steps": 26112, "train": 2.66923908653754e-06, "val_mean_case_max": 0.0020632234951609967, "val_worst": 0.003791528030053566, "lr": 0.00035907377635855287, "wall": 1785.9}
{"arm": "unet", "epoch": 408, "steps": 26176, "train": 3.1333283508394967e-06, "val_mean_case_max": 0.003431486492125216, "val_worst": 0.008888999657319948, "lr": 0.0003569112016514792, "wall": 1790.3}
{"arm": "unet", "epoch": 409, "steps": 26240, "train": 3.944005876908794e-06, "val_mean_case_max": 0.001979137656321456, "val_worst": 0.003962094927035493, "lr": 0.00035475154767894104, "wall": 1794.7}
{"arm": "unet", "epoch": 410, "steps": 26304, "train": 4.075440458059063e-06, "val_mean_case_max": 0.003048532683322465, "val_worst": 0.007143362693292514, "lr": 0.00035259623745413675, "wall": 1799.0}
{"arm": "unet", "epoch": 411, "steps": 26368, "train": 2.843043193989398e-06, "val_mean_case_max": 0.0018282211262439932, "val_worst": 0.00481684513174547, "lr": 0.000350443040808909, "wall": 1803.5}
{"arm": "unet", "epoch": 412, "steps": 26432, "train": 2.7319417563936072e-06, "val_mean_case_max": 0.0024281271063543025, "val_worst": 0.006151177626120873, "lr": 0.0003482582664480871, "wall": 1807.8}
{"arm": "unet", "epoch": 413, "steps": 26496, "train": 2.787391457167514e-05, "val_mean_case_max": 0.004167886247415966, "val_worst": 0.01323582477529825, "lr": 0.0003461111362970637, "wall": 1812.2}
{"arm": "unet", "epoch": 414, "steps": 26560, "train": 5.0365068842371895e-06, "val_mean_case_max": 0.0023154515312936094, "val_worst": 0.004524496300814227, "lr": 0.0003439683931640354, "wall": 1816.6}
{"arm": "unet", "epoch": 415, "steps": 26624, "train": 2.757765107749905e-06, "val_mean_case_max": 0.0018061894364779882, "val_worst": 0.005351885089374439, "lr": 0.0003418254246702672, "wall": 1821.0}
{"arm": "unet", "epoch": 416, "steps": 26688, "train": 2.2108593173098442e-06, "val_mean_case_max": 0.0022138021663557993, "val_worst": 0.0056806409283576675, "lr": 0.00033965753645849063, "wall": 1825.4}
{"arm": "unet", "epoch": 417, "steps": 26752, "train": 4.527072815070777e-06, "val_mean_case_max": 0.0025894826048617585, "val_worst": 0.007939114397612659, "lr": 0.0003375250921054402, "wall": 1829.8}
{"arm": "unet", "epoch": 418, "steps": 26816, "train": 3.8261911205591e-06, "val_mean_case_max": 0.0020512964020628095, "val_worst": 0.005695076220647551, "lr": 0.00033539619045126366, "wall": 1834.1}
{"arm": "unet", "epoch": 419, "steps": 26880, "train": 2.567251169280426e-06, "val_mean_case_max": 0.0025604725382290935, "val_worst": 0.0035547814528423846, "lr": 0.000333270123564745, "wall": 1838.5}
{"arm": "unet", "epoch": 420, "steps": 26944, "train": 2.619795244671667e-06, "val_mean_case_max": 0.0019088338670308572, "val_worst": 0.005080696690088092, "lr": 0.00033114770064145057, "wall": 1842.9}
{"arm": "unet", "epoch": 421, "steps": 27008, "train": 4.191198806189158e-06, "val_mean_case_max": 0.0035841582512835075, "val_worst": 0.006377103581422033, "lr": 0.0003290260181433068, "wall": 1847.2}
{"arm": "unet", "epoch": 422, "steps": 27072, "train": 9.387195472773993e-06, "val_mean_case_max": 0.00639584698484886, "val_worst": 0.008630436562728081, "lr": 0.0003269122906489844, "wall": 1851.6}
{"arm": "unet", "epoch": 423, "steps": 27136, "train": 1.549671070400753e-05, "val_mean_case_max": 0.00375998317046009, "val_worst": 0.010951742149250352, "lr": 0.0003248012272847169, "wall": 1856.0}
{"arm": "unet", "epoch": 424, "steps": 27200, "train": 1.1534082043026546e-05, "val_mean_case_max": 0.0023688039830468397, "val_worst": 0.004505895782665543, "lr": 0.00032269223712882034, "wall": 1860.4}
{"arm": "unet", "epoch": 425, "steps": 27264, "train": 3.040393829370761e-06, "val_mean_case_max": 0.001925460037961992, "val_worst": 0.0057250394360575585, "lr": 0.00032058469915873975, "wall": 1864.7}
{"arm": "unet", "epoch": 426, "steps": 27328, "train": 3.713632391602593e-06, "val_mean_case_max": 0.0027569319564511247, "val_worst": 0.0061403050288076425, "lr": 0.00031848465708828174, "wall": 1869.1}
{"arm": "unet", "epoch": 427, "steps": 27392, "train": 3.2833856153108833e-06, "val_mean_case_max": 0.0019206354129003358, "val_worst": 0.005363328029486879, "lr": 0.00031638735346348873, "wall": 1873.5}
{"arm": "unet", "epoch": 428, "steps": 27456, "train": 2.5009410894936816e-06, "val_mean_case_max": 0.0019476790123527587, "val_worst": 0.004932501602220514, "lr": 0.0003142616268498723, "wall": 1877.9}
{"arm": "unet", "epoch": 429, "steps": 27520, "train": 2.0854605649712726e-06, "val_mean_case_max": 0.0017384883887171991, "val_worst": 0.005677643103590405, "lr": 0.0003121405387988525, "wall": 1882.4}
{"arm": "unet", "epoch": 430, "steps": 27584, "train": 4.755249286049241e-06, "val_mean_case_max": 0.003194372794165354, "val_worst": 0.004078450492156369, "lr": 0.0003099901550819414, "wall": 1886.9}
{"arm": "unet", "epoch": 431, "steps": 27648, "train": 6.425584657529454e-06, "val_mean_case_max": 0.002841370124462746, "val_worst": 0.0058209638028963425, "lr": 0.0003078744803065992, "wall": 1891.3}
{"arm": "unet", "epoch": 432, "steps": 27712, "train": 3.213631393762254e-06, "val_mean_case_max": 0.002824447361185026, "val_worst": 0.004771601050591249, "lr": 0.000305774550132195, "wall": 1895.7}
{"arm": "unet", "epoch": 433, "steps": 27776, "train": 6.8556110559704186e-06, "val_mean_case_max": 0.0070027207373472705, "val_worst": 0.008764789052830457, "lr": 0.00030370259379887903, "wall": 1900.1}
{"arm": "unet", "epoch": 434, "steps": 27840, "train": 1.158828736766712e-05, "val_mean_case_max": 0.0023993454049404473, "val_worst": 0.007525337606735573, "lr": 0.0003016336823042458, "wall": 1904.5}
{"arm": "unet", "epoch": 435, "steps": 27904, "train": 2.427383573208931e-06, "val_mean_case_max": 0.0028303970458351943, "val_worst": 0.007434051033699672, "lr": 0.0002995686799694498, "wall": 1908.8}
{"arm": "unet", "epoch": 436, "steps": 27968, "train": 2.0950987319071327e-06, "val_mean_case_max": 0.00180635279511313, "val_worst": 0.006060157800000736, "lr": 0.00029750801843837543, "wall": 1913.2}
{"arm": "unet", "epoch": 437, "steps": 28032, "train": 2.4598833540731755e-06, "val_mean_case_max": 0.0019049639170034475, "val_worst": 0.005898439926345072, "lr": 0.00029542866083377727, "wall": 1917.6}
{"arm": "unet", "epoch": 438, "steps": 28096, "train": 2.14314647488234e-06, "val_mean_case_max": 0.00237896417652535, "val_worst": 0.005888498460152128, "lr": 0.0002933425655831774, "wall": 1922.1}
{"arm": "unet", "epoch": 439, "steps": 28160, "train": 2.171303885838435e-06, "val_mean_case_max": 0.001853212640151986, "val_worst": 0.005396573790527853, "lr": 0.00029126280761949486, "wall": 1926.5}
{"arm": "unet", "epoch": 440, "steps": 28224, "train": 2.2979118408219678e-06, "val_mean_case_max": 0.002131044820278323, "val_worst": 0.006017020884680116, "lr": 0.00028918705283689073, "wall": 1931.0}
{"arm": "unet", "epoch": 441, "steps": 28288, "train": 1.4504409667740895e-05, "val_mean_case_max": 0.009090017674546154, "val_worst": 0.013226815197307087, "lr": 0.00028712197883563314, "wall": 1935.4}
{"arm": "unet", "epoch": 442, "steps": 28352, "train": 2.000467740789284e-05, "val_mean_case_max": 0.002950872932260564, "val_worst": 0.00458518979824409, "lr": 0.00028508722050033837, "wall": 1939.8}
{"arm": "unet", "epoch": 443, "steps": 28416, "train": 3.810014086207886e-06, "val_mean_case_max": 0.0019728832648652347, "val_worst": 0.002962333007817577, "lr": 0.0002830547780381014, "wall": 1944.2}
{"arm": "unet", "epoch": 444, "steps": 28480, "train": 2.1725402191506468e-06, "val_mean_case_max": 0.0019759947758387526, "val_worst": 0.003278989251456827, "lr": 0.00028103064887481606, "wall": 1948.5}
{"arm": "unet", "epoch": 445, "steps": 28544, "train": 3.224398181745819e-06, "val_mean_case_max": 0.0019027178106813861, "val_worst": 0.005238314198952438, "lr": 0.0002790118140280916, "wall": 1952.9}
{"arm": "unet", "epoch": 446, "steps": 28608, "train": 2.423309696882117e-06, "val_mean_case_max": 0.002770351826113188, "val_worst": 0.006335084191799001, "lr": 0.00027697590068345474, "wall": 1957.3}
{"arm": "unet", "epoch": 447, "steps": 28672, "train": 2.1072989282614825e-06, "val_mean_case_max": 0.0016461536748035924, "val_worst": 0.0036852992086011927, "lr": 0.0002749338969885322, "wall": 1961.8}
{"arm": "unet", "epoch": 448, "steps": 28736, "train": 2.224014642150117e-06, "val_mean_case_max": 0.001823153607001886, "val_worst": 0.0036563902243581382, "lr": 0.00027286556709266364, "wall": 1966.3}
{"arm": "unet", "epoch": 449, "steps": 28800, "train": 6.364242289540077e-06, "val_mean_case_max": 0.003407824026797737, "val_worst": 0.007757322195576937, "lr": 0.00027083380140205225, "wall": 1970.7}
{"arm": "unet", "epoch": 450, "steps": 28864, "train": 3.1272363826149243e-06, "val_mean_case_max": 0.0023921206059722986, "val_worst": 0.006633999766193918, "lr": 0.0002688092334993659, "wall": 1975.2}
{"arm": "unet", "epoch": 451, "steps": 28928, "train": 2.0382770889159987e-06, "val_mean_case_max": 0.001980781095100871, "val_worst": 0.003956406746833252, "lr": 0.00026681919631281145, "wall": 1979.5}
{"arm": "unet", "epoch": 452, "steps": 28992, "train": 2.4580765125215103e-06, "val_mean_case_max": 0.0017718195462837836, "val_worst": 0.0037794882675835475, "lr": 0.00026483506883561765, "wall": 1983.9}
{"arm": "unet", "epoch": 453, "steps": 29056, "train": 1.9678292332855595e-06, "val_mean_case_max": 0.0021877392356905293, "val_worst": 0.005487096418361648, "lr": 0.00026285571132125417, "wall": 1988.3}
{"arm": "unet", "epoch": 454, "steps": 29120, "train": 2.0065204306195563e-06, "val_mean_case_max": 0.0017695140732900162, "val_worst": 0.005192769278485956, "lr": 0.0002608782252948123, "wall": 1992.7}
{"arm": "unet", "epoch": 455, "steps": 29184, "train": 1.930206912969348e-06, "val_mean_case_max": 0.0019724635391597223, "val_worst": 0.005129465490965102, "lr": 0.0002588903676065544, "wall": 1997.1}
{"arm": "unet", "epoch": 456, "steps": 29248, "train": 2.2154266760340386e-06, "val_mean_case_max": 0.0017756624669466692, "val_worst": 0.004494652167958241, "lr": 0.00025689213824540974, "wall": 2001.5}
{"arm": "unet", "epoch": 457, "steps": 29312, "train": 1.805260803474952e-06, "val_mean_case_max": 0.0018209089815439726, "val_worst": 0.0043882065036233925, "lr": 0.00025489934149363144, "wall": 2006.0}
{"arm": "unet", "epoch": 458, "steps": 29376, "train": 3.872561010665368e-06, "val_mean_case_max": 0.0025544323415958962, "val_worst": 0.008005207731988241, "lr": 0.00025291207777806735, "wall": 2010.4}
{"arm": "unet", "epoch": 459, "steps": 29440, "train": 4.010100949516847e-06, "val_mean_case_max": 0.002029534537478675, "val_worst": 0.004424848153311474, "lr": 0.0002509308452220606, "wall": 2014.9}
{"arm": "unet", "epoch": 460, "steps": 29504, "train": 4.068173227505015e-06, "val_mean_case_max": 0.0017907849700739553, "val_worst": 0.003968938940026919, "lr": 0.00024898178459153866, "wall": 2019.3}
{"arm": "unet", "epoch": 461, "steps": 29568, "train": 2.7766816182969863e-06, "val_mean_case_max": 0.0022828397918825336, "val_worst": 0.0050765209182385106, "lr": 0.0002470439134524027, "wall": 2023.6}
{"arm": "unet", "epoch": 462, "steps": 29632, "train": 2.1530756859504353e-06, "val_mean_case_max": 0.001692639972668246, "val_worst": 0.003895809269443594, "lr": 0.0002451108699791552, "wall": 2028.0}
{"arm": "unet", "epoch": 463, "steps": 29696, "train": 1.8867207790821575e-06, "val_mean_case_max": 0.001659202928735351, "val_worst": 0.004045093295434168, "lr": 0.00024318393766056029, "wall": 2032.4}
{"arm": "unet", "epoch": 464, "steps": 29760, "train": 2.1979417550469063e-06, "val_mean_case_max": 0.002759809117634471, "val_worst": 0.004927967848604398, "lr": 0.00024125313690594424, "wall": 2036.8}
{"arm": "unet", "epoch": 465, "steps": 29824, "train": 2.916993143717798e-06, "val_mean_case_max": 0.0022109821136319977, "val_worst": 0.006047544888380022, "lr": 0.00023930907018482702, "wall": 2041.2}
{"arm": "unet", "epoch": 466, "steps": 29888, "train": 4.132215711100992e-06, "val_mean_case_max": 0.0021128719915827487, "val_worst": 0.005523940699796483, "lr": 0.00023736945892578336, "wall": 2045.7}
{"arm": "unet", "epoch": 467, "steps": 29952, "train": 2.7701635986754953e-06, "val_mean_case_max": 0.0018091673428650141, "val_worst": 0.003926071465579801, "lr": 0.00023543639967432906, "wall": 2050.1}
{"arm": "unet", "epoch": 468, "steps": 30016, "train": 6.414915695731028e-06, "val_mean_case_max": 0.003186098505695181, "val_worst": 0.006546182861973787, "lr": 0.0002335096132606777, "wall": 2054.5}
{"arm": "unet", "epoch": 469, "steps": 30080, "train": 3.1319552142297986e-06, "val_mean_case_max": 0.0025505374551121583, "val_worst": 0.00380205047244726, "lr": 0.0002315937508735931, "wall": 2059.0}
{"arm": "unet", "epoch": 470, "steps": 30144, "train": 3.4347998128555506e-06, "val_mean_case_max": 0.0018170951869312668, "val_worst": 0.005154478213214093, "lr": 0.0002297061185978355, "wall": 2063.3}
{"arm": "unet", "epoch": 471, "steps": 30208, "train": 2.2793197547085547e-06, "val_mean_case_max": 0.001740874585685392, "val_worst": 0.0035815079057469495, "lr": 0.00022782321481536216, "wall": 2067.7}
{"arm": "unet", "epoch": 472, "steps": 30272, "train": 3.0271890561334243e-06, "val_mean_case_max": 0.001742410365001549, "val_worst": 0.0047332452186615685, "lr": 0.00022594640367235721, "wall": 2072.1}
{"arm": "unet", "epoch": 473, "steps": 30336, "train": 3.3475304405171628e-06, "val_mean_case_max": 0.004036444753723292, "val_worst": 0.007562797582117283, "lr": 0.00022407636510498425, "wall": 2076.5}
{"arm": "unet", "epoch": 474, "steps": 30400, "train": 3.9641924123956e-06, "val_mean_case_max": 0.001824313659974886, "val_worst": 0.0034573199886913644, "lr": 0.00022218598959839248, "wall": 2080.9}
{"arm": "unet", "epoch": 475, "steps": 30464, "train": 2.1841368874023767e-06, "val_mean_case_max": 0.002229370771385818, "val_worst": 0.0058844074302689805, "lr": 0.00022029913018037085, "wall": 2085.3}
{"arm": "unet", "epoch": 476, "steps": 30528, "train": 3.1975337651439844e-06, "val_mean_case_max": 0.0021923453679408384, "val_worst": 0.004398956779850748, "lr": 0.00021841785510378316, "wall": 2089.8}
{"arm": "unet", "epoch": 477, "steps": 30592, "train": 3.1773068122538335e-06, "val_mean_case_max": 0.0017543657205180373, "val_worst": 0.0053194211151726825, "lr": 0.00021654209091832776, "wall": 2094.2}
{"arm": "unet", "epoch": 478, "steps": 30656, "train": 1.8990318168115655e-06, "val_mean_case_max": 0.0021084940803719997, "val_worst": 0.0033176982016024773, "lr": 0.00021468243320758916, "wall": 2098.7}
{"arm": "unet", "epoch": 479, "steps": 30720, "train": 2.0501611783430427e-06, "val_mean_case_max": 0.002052004939830316, "val_worst": 0.0039500016918977395, "lr": 0.00021284813124606154, "wall": 2103.0}
{"arm": "unet", "epoch": 480, "steps": 30784, "train": 1.984748079140989e-06, "val_mean_case_max": 0.002141733077864102, "val_worst": 0.006008036154702638, "lr": 0.00021102013280130332, "wall": 2107.4}
{"arm": "unet", "epoch": 481, "steps": 30848, "train": 1.8832839805656352e-06, "val_mean_case_max": 0.0016600808653013076, "val_worst": 0.0028789805840536385, "lr": 0.0002091991683924463, "wall": 2111.8}
{"arm": "unet", "epoch": 482, "steps": 30912, "train": 3.2537270783154817e-06, "val_mean_case_max": 0.003706488926084127, "val_worst": 0.006257719517771943, "lr": 0.00020738294069620072, "wall": 2116.2}
{"arm": "unet", "epoch": 483, "steps": 30976, "train": 5.202686472613641e-06, "val_mean_case_max": 0.0016880967481688572, "val_worst": 0.005010852671891765, "lr": 0.0002055507072605075, "wall": 2120.6}
{"arm": "unet", "epoch": 484, "steps": 31040, "train": 1.6090152788189673e-06, "val_mean_case_max": 0.0017033334979297226, "val_worst": 0.00370081960566652, "lr": 0.00020372007923591756, "wall": 2125.0}
{"arm": "unet", "epoch": 485, "steps": 31104, "train": 3.7006225100723107e-06, "val_mean_case_max": 0.002263146021844878, "val_worst": 0.00434317898686522, "lr": 0.00020189521886253246, "wall": 2129.5}
{"arm": "unet", "epoch": 486, "steps": 31168, "train": 2.3918590176627785e-06, "val_mean_case_max": 0.0016555322125300885, "val_worst": 0.004876396350731004, "lr": 0.00020007892890485748, "wall": 2133.9}
{"arm": "unet", "epoch": 487, "steps": 31232, "train": 1.7529294081696265e-06, "val_mean_case_max": 0.0015028173500370287, "val_worst": 0.0037581441445772123, "lr": 0.0001982755578321839, "wall": 2138.4}
{"arm": "unet", "epoch": 488, "steps": 31296, "train": 1.7235081906866315e-06, "val_mean_case_max": 0.0015399340407229603, "val_worst": 0.004795830103092877, "lr": 0.00019647264289740255, "wall": 2142.8}
{"arm": "unet", "epoch": 489, "steps": 31360, "train": 3.099949212573785e-06, "val_mean_case_max": 0.0018714203926200688, "val_worst": 0.005757020191321157, "lr": 0.00019470269684128476, "wall": 2147.2}
{"arm": "unet", "epoch": 490, "steps": 31424, "train": 1.4939788335754054e-06, "val_mean_case_max": 0.0014483649832501173, "val_worst": 0.004065481701802278, "lr": 0.00019293878422716853, "wall": 2151.6}
{"arm": "unet", "epoch": 491, "steps": 31488, "train": 1.3493882732341587e-06, "val_mean_case_max": 0.001490093500562106, "val_worst": 0.00408844980417136, "lr": 0.00019115630808527268, "wall": 2156.0}
{"arm": "unet", "epoch": 492, "steps": 31552, "train": 1.3766336302930068e-06, "val_mean_case_max": 0.0017653306769011992, "val_worst": 0.005035599531138957, "lr": 0.00018938488909429272, "wall": 2160.4}
{"arm": "unet", "epoch": 493, "steps": 31616, "train": 1.805302456730219e-06, "val_mean_case_max": 0.0019186739556651283, "val_worst": 0.005721359797582668, "lr": 0.00018761640118834956, "wall": 2164.8}
{"arm": "unet", "epoch": 494, "steps": 31680, "train": 1.6532545895424626e-06, "val_mean_case_max": 0.0021730713387005545, "val_worst": 0.0029769362477376597, "lr": 0.00018585474888330327, "wall": 2169.3}
{"arm": "unet", "epoch": 495, "steps": 31744, "train": 1.987600349047059e-06, "val_mean_case_max": 0.0017960807886062712, "val_worst": 0.0050152405935069335, "lr": 0.0001841019887516834, "wall": 2173.7}
{"arm": "unet", "epoch": 496, "steps": 31808, "train": 2.2840130043729814e-06, "val_mean_case_max": 0.002145053931260919, "val_worst": 0.004699773597514992, "lr": 0.00018235916402864534, "wall": 2178.1}
{"arm": "unet", "epoch": 497, "steps": 31872, "train": 3.78764417506334e-06, "val_mean_case_max": 0.0016056063316720573, "val_worst": 0.003145476324214926, "lr": 0.00018064171832452204, "wall": 2182.5}
{"arm": "unet", "epoch": 498, "steps": 31936, "train": 5.465309706947431e-06, "val_mean_case_max": 0.0036674087542806965, "val_worst": 0.006397876879855919, "lr": 0.00017893221606794948, "wall": 2186.9}
{"arm": "unet", "epoch": 499, "steps": 32000, "train": 1.3169579207218485e-05, "val_mean_case_max": 0.004704301778076333, "val_worst": 0.013322236673773528, "lr": 0.0001772286176337464, "wall": 2191.3}
{"arm": "unet", "epoch": 500, "steps": 32064, "train": 3.592631085892513e-06, "val_mean_case_max": 0.001821515779191768, "val_worst": 0.0034020079257169812, "lr": 0.00017553452901405178, "wall": 2195.6}
{"arm": "unet", "epoch": 501, "steps": 32128, "train": 1.4743721097665658e-06, "val_mean_case_max": 0.0018857291100834435, "val_worst": 0.006056072629495166, "lr": 0.00017384353755393138, "wall": 2200.0}
{"arm": "unet", "epoch": 502, "steps": 32192, "train": 1.7631725611143115e-06, "val_mean_case_max": 0.0017714326101530044, "val_worst": 0.0035056301154862157, "lr": 0.0001721633603294504, "wall": 2204.4}
{"arm": "unet", "epoch": 503, "steps": 32256, "train": 1.5390723790018652e-06, "val_mean_case_max": 0.001523587365737687, "val_worst": 0.003787537659561879, "lr": 0.00017048899429646948, "wall": 2208.8}
{"arm": "unet", "epoch": 504, "steps": 32320, "train": 1.3926899331260114e-06, "val_mean_case_max": 0.0014859544300775773, "val_worst": 0.004352467828670741, "lr": 0.00016882071911577208, "wall": 2213.1}
{"arm": "unet", "epoch": 505, "steps": 32384, "train": 1.30113864682788e-06, "val_mean_case_max": 0.0016009004095174232, "val_worst": 0.004040825302915913, "lr": 0.000167158703034832, "wall": 2217.5}
{"arm": "unet", "epoch": 506, "steps": 32448, "train": 1.3840343406238377e-06, "val_mean_case_max": 0.0015451088927340769, "val_worst": 0.00349869964582009, "lr": 0.0001655051656645237, "wall": 2221.9}
{"arm": "unet", "epoch": 507, "steps": 32512, "train": 1.5244530398548557e-06, "val_mean_case_max": 0.0016700421127187888, "val_worst": 0.004623981154725623, "lr": 0.00016385862506765987, "wall": 2226.3}
{"arm": "unet", "epoch": 508, "steps": 32576, "train": 1.3811316710588377e-06, "val_mean_case_max": 0.001530221776716195, "val_worst": 0.00478151892622002, "lr": 0.0001622190312682719, "wall": 2230.6}
{"arm": "unet", "epoch": 509, "steps": 32640, "train": 1.4300981327330213e-06, "val_mean_case_max": 0.001729652866361605, "val_worst": 0.003717604342895978, "lr": 0.00016058621337626037, "wall": 2235.0}
{"arm": "unet", "epoch": 510, "steps": 32704, "train": 2.0372767285079803e-06, "val_mean_case_max": 0.0037280931814939328, "val_worst": 0.006055326368147981, "lr": 0.00015896066062501382, "wall": 2239.4}
{"arm": "unet", "epoch": 511, "steps": 32768, "train": 2.5286773733004494e-06, "val_mean_case_max": 0.0015138342366340612, "val_worst": 0.0033675374834698842, "lr": 0.00015733477224631233, "wall": 2243.8}
{"arm": "unet", "epoch": 512, "steps": 32832, "train": 1.7192757749827626e-06, "val_mean_case_max": 0.0014408881131519574, "val_worst": 0.004181003006391248, "lr": 0.00015571544093230579, "wall": 2248.2}
{"arm": "unet", "epoch": 513, "steps": 32896, "train": 1.5976529194338913e-06, "val_mean_case_max": 0.0017877921567421037, "val_worst": 0.004164762343714473, "lr": 0.0001540760464634091, "wall": 2252.6}
{"arm": "unet", "epoch": 514, "steps": 32960, "train": 1.4481357357919511e-06, "val_mean_case_max": 0.0016588918010679336, "val_worst": 0.004239281955130633, "lr": 0.0001524713835254107, "wall": 2257.0}
{"arm": "unet", "epoch": 515, "steps": 33024, "train": 1.96332229174428e-06, "val_mean_case_max": 0.001937214865453403, "val_worst": 0.002768890667297441, "lr": 0.00015087381829548515, "wall": 2261.4}
{"arm": "unet", "epoch": 516, "steps": 33088, "train": 1.4858732152386775e-06, "val_mean_case_max": 0.001870228756589612, "val_worst": 0.00276230305199409, "lr": 0.0001492845445542067, "wall": 2265.8}
{"arm": "unet", "epoch": 517, "steps": 33152, "train": 1.7919451091809463e-06, "val_mean_case_max": 0.0015237367804306948, "val_worst": 0.004677557235111388, "lr": 0.00014770275012609304, "wall": 2270.2}
{"arm": "unet", "epoch": 518, "steps": 33216, "train": 1.2291882620544655e-06, "val_mean_case_max": 0.0015472719536686291, "val_worst": 0.004478217547990787, "lr": 0.0001461277240645827, "wall": 2274.6}
{"arm": "unet", "epoch": 519, "steps": 33280, "train": 1.4895627735945325e-06, "val_mean_case_max": 0.0014445775600640993, "val_worst": 0.003934431061085741, "lr": 0.0001445614817174267, "wall": 2279.0}
{"arm": "unet", "epoch": 520, "steps": 33344, "train": 1.8155044026406319e-06, "val_mean_case_max": 0.0019898728101785178, "val_worst": 0.0032269526530479824, "lr": 0.00014300261287391458, "wall": 2283.4}
{"arm": "unet", "epoch": 521, "steps": 33408, "train": 3.8938164711336694e-06, "val_mean_case_max": 0.0016865253882418795, "val_worst": 0.0032316473507319355, "lr": 0.0001414515568116783, "wall": 2287.8}
{"arm": "unet", "epoch": 522, "steps": 33472, "train": 1.931656572321887e-06, "val_mean_case_max": 0.0014708937598577043, "val_worst": 0.004516372441277621, "lr": 0.0001399073755672909, "wall": 2292.2}
{"arm": "unet", "epoch": 523, "steps": 33536, "train": 1.2344901123172053e-06, "val_mean_case_max": 0.0018428406646982184, "val_worst": 0.0035516402177696816, "lr": 0.0001383705892293335, "wall": 2296.6}
{"arm": "unet", "epoch": 524, "steps": 33600, "train": 1.7654615049086453e-06, "val_mean_case_max": 0.0014839337052058729, "val_worst": 0.0040524967770911345, "lr": 0.0001368431374006086, "wall": 2301.0}
{"arm": "unet", "epoch": 525, "steps": 33664, "train": 1.6296958629952932e-06, "val_mean_case_max": 0.001702757052213831, "val_worst": 0.004620929962855136, "lr": 0.00013532326704220534, "wall": 2305.4}
{"arm": "unet", "epoch": 526, "steps": 33728, "train": 1.2211614832892552e-06, "val_mean_case_max": 0.0013920036717205522, "val_worst": 0.004716007673616099, "lr": 0.00013381143322140475, "wall": 2309.9}
{"arm": "unet", "epoch": 527, "steps": 33792, "train": 1.529773410110591e-06, "val_mean_case_max": 0.0013750035832296654, "val_worst": 0.003934097112932913, "lr": 0.0001322812657167023, "wall": 2314.4}
{"arm": "unet", "epoch": 528, "steps": 33856, "train": 1.4309222076813498e-06, "val_mean_case_max": 0.0023092871298065736, "val_worst": 0.005035716436776647, "lr": 0.00013076370748602324, "wall": 2318.8}
{"arm": "unet", "epoch": 529, "steps": 33920, "train": 1.3789240178951536e-06, "val_mean_case_max": 0.0015112690855187418, "val_worst": 0.004509984249790928, "lr": 0.00012927492993006635, "wall": 2323.2}
{"arm": "unet", "epoch": 530, "steps": 33984, "train": 1.2740497749821956e-06, "val_mean_case_max": 0.0014499111010792829, "val_worst": 0.004756663577076043, "lr": 0.0001277943450489933, "wall": 2327.6}
{"arm": "unet", "epoch": 531, "steps": 34048, "train": 1.4268722625339393e-06, "val_mean_case_max": 0.0014602541021627058, "val_worst": 0.004676757816904176, "lr": 0.00012632240290145417, "wall": 2332.0}
{"arm": "unet", "epoch": 532, "steps": 34112, "train": 1.4882527983103803e-06, "val_mean_case_max": 0.001779866761185946, "val_worst": 0.005186078458066876, "lr": 0.0001248568288355662, "wall": 2336.4}
{"arm": "unet", "epoch": 533, "steps": 34176, "train": 2.614970965707077e-06, "val_mean_case_max": 0.0017258407562496868, "val_worst": 0.005931108221470186, "lr": 0.00012339996228609594, "wall": 2340.8}
{"arm": "unet", "epoch": 534, "steps": 34240, "train": 1.801507771764107e-06, "val_mean_case_max": 0.0015901244162766235, "val_worst": 0.0033463231899562382, "lr": 0.00012195171738879348, "wall": 2345.2}
{"arm": "unet", "epoch": 535, "steps": 34304, "train": 1.2381000823013385e-06, "val_mean_case_max": 0.001313642484947877, "val_worst": 0.004114101834273683, "lr": 0.00012051145150151388, "wall": 2349.6}
{"arm": "unet", "epoch": 536, "steps": 34368, "train": 1.367953028468187e-06, "val_mean_case_max": 0.0019048061936426633, "val_worst": 0.004210838129855057, "lr": 0.00011905807308967855, "wall": 2354.0}
{"arm": "unet", "epoch": 537, "steps": 34432, "train": 1.424483174741983e-06, "val_mean_case_max": 0.0013819680630055458, "val_worst": 0.0039313964646877616, "lr": 0.00011763232283740668, "wall": 2358.4}
{"arm": "unet", "epoch": 538, "steps": 34496, "train": 2.0646156875649163e-06, "val_mean_case_max": 0.0025663947999009697, "val_worst": 0.005884979909889755, "lr": 0.00011621629929107416, "wall": 2362.8}
{"arm": "unet", "epoch": 539, "steps": 34560, "train": 2.051759912372202e-06, "val_mean_case_max": 0.0016813391516553532, "val_worst": 0.0033538486572123097, "lr": 0.00011480881743193684, "wall": 2367.2}
{"arm": "unet", "epoch": 540, "steps": 34624, "train": 1.3368715830740883e-06, "val_mean_case_max": 0.0017199363712052163, "val_worst": 0.004351099526998891, "lr": 0.00011340949061852214, "wall": 2371.6}
{"arm": "unet", "epoch": 541, "steps": 34688, "train": 1.692115568710021e-06, "val_mean_case_max": 0.002110346371255351, "val_worst": 0.004522466074390784, "lr": 0.00011201880208134477, "wall": 2376.0}
{"arm": "unet", "epoch": 542, "steps": 34752, "train": 1.6339350867376422e-06, "val_mean_case_max": 0.0014061184060349993, "val_worst": 0.004264813472674416, "lr": 0.0001106360258778929, "wall": 2380.4}
{"arm": "unet", "epoch": 543, "steps": 34816, "train": 1.2579671674356298e-06, "val_mean_case_max": 0.0013020497929370272, "val_worst": 0.003726041036509945, "lr": 0.00010926088509443571, "wall": 2384.9}
{"arm": "unet", "epoch": 544, "steps": 34880, "train": 1.1082228913975235e-06, "val_mean_case_max": 0.0015276642507554509, "val_worst": 0.0034055250002225862, "lr": 0.00010787492799253964, "wall": 2389.3}
{"arm": "unet", "epoch": 545, "steps": 34944, "train": 1.327058396409361e-06, "val_mean_case_max": 0.0014746896930162286, "val_worst": 0.00462871260236637, "lr": 0.00010651680921306664, "wall": 2393.7}
{"arm": "unet", "epoch": 546, "steps": 35008, "train": 1.3596228271924029e-06, "val_mean_case_max": 0.0016670776051573668, "val_worst": 0.005151272438173597, "lr": 0.00010516840220473465, "wall": 2398.1}
{"arm": "unet", "epoch": 547, "steps": 35072, "train": 1.0509398089380807e-06, "val_mean_case_max": 0.0017024422337645977, "val_worst": 0.0034887211952028653, "lr": 0.00010382825340729085, "wall": 2402.5}
{"arm": "unet", "epoch": 548, "steps": 35136, "train": 1.2377983060691867e-06, "val_mean_case_max": 0.0013572039664500176, "val_worst": 0.003940832028215381, "lr": 0.00010249646806132318, "wall": 2406.9}
{"arm": "unet", "epoch": 549, "steps": 35200, "train": 1.046610290015636e-06, "val_mean_case_max": 0.0013576339446268776, "val_worst": 0.003735534613054274, "lr": 0.00010117312933323123, "wall": 2411.3}
{"arm": "unet", "epoch": 550, "steps": 35264, "train": 9.897545501166704e-07, "val_mean_case_max": 0.0013965667925182356, "val_worst": 0.004446540038592995, "lr": 9.985796447578029e-05, "wall": 2415.7}
{"arm": "unet", "epoch": 551, "steps": 35328, "train": 1.1629613081878592e-06, "val_mean_case_max": 0.0013899135424962914, "val_worst": 0.0035475100305790014, "lr": 9.855151026573461e-05, "wall": 2420.1}
{"arm": "unet", "epoch": 552, "steps": 35392, "train": 1.4230651206298726e-06, "val_mean_case_max": 0.0013830521698938564, "val_worst": 0.004297154931496252, "lr": 9.725307555330299e-05, "wall": 2424.5}
{"arm": "unet", "epoch": 553, "steps": 35456, "train": 1.200718104627498e-06, "val_mean_case_max": 0.001400443261290748, "val_worst": 0.0028907639530921106, "lr": 9.596442722210283e-05, "wall": 2428.9}
{"arm": "unet", "epoch": 554, "steps": 35520, "train": 1.014877224448715e-06, "val_mean_case_max": 0.00138700807129182, "val_worst": 0.004548759137237094, "lr": 9.468321146042609e-05, "wall": 2433.3}
{"arm": "unet", "epoch": 555, "steps": 35584, "train": 1.085920965184162e-06, "val_mean_case_max": 0.0013502717900028536, "val_worst": 0.0047020512942386955, "lr": 9.341179849897648e-05, "wall": 2437.7}
{"arm": "unet", "epoch": 556, "steps": 35648, "train": 1.3628238015344212e-06, "val_mean_case_max": 0.0013872241191615646, "val_worst": 0.004175155341303263, "lr": 9.214882792666646e-05, "wall": 2442.1}
{"arm": "unet", "epoch": 557, "steps": 35712, "train": 1.1587415232492123e-06, "val_mean_case_max": 0.0018768001351654592, "val_worst": 0.005291762482483228, "lr": 9.089562674844205e-05, "wall": 2446.5}
{"arm": "unet", "epoch": 558, "steps": 35776, "train": 1.6201798912549071e-06, "val_mean_case_max": 0.0013300713810504537, "val_worst": 0.003493061401684005, "lr": 8.965062859179949e-05, "wall": 2450.9}
{"arm": "unet", "epoch": 559, "steps": 35840, "train": 1.2738864288460227e-06, "val_mean_case_max": 0.001512353479909605, "val_worst": 0.0031900235175988207, "lr": 8.8414389073855e-05, "wall": 2455.3}
{"arm": "unet", "epoch": 560, "steps": 35904, "train": 1.2569044619034392e-06, "val_mean_case_max": 0.0015809794454992691, "val_worst": 0.005234116045208691, "lr": 8.7185902578131e-05, "wall": 2459.7}
{"arm": "unet", "epoch": 561, "steps": 35968, "train": 1.1369114341029594e-06, "val_mean_case_max": 0.0014421243037344785, "val_worst": 0.0033804836526775592, "lr": 8.596653187823968e-05, "wall": 2464.1}
{"arm": "unet", "epoch": 562, "steps": 36032, "train": 1.0949343049896426e-06, "val_mean_case_max": 0.0014015693708107025, "val_worst": 0.003483069085733651, "lr": 8.47565327504849e-05, "wall": 2468.5}
{"arm": "unet", "epoch": 563, "steps": 36096, "train": 1.046457645093492e-06, "val_mean_case_max": 0.0012479463822005863, "val_worst": 0.0036956385388016598, "lr": 8.355629430711176e-05, "wall": 2473.0}
{"arm": "unet", "epoch": 564, "steps": 36160, "train": 1.0293466996541654e-06, "val_mean_case_max": 0.0013228374354722326, "val_worst": 0.003110806415009326, "lr": 8.234642152658499e-05, "wall": 2477.4}
{"arm": "unet", "epoch": 565, "steps": 36224, "train": 9.473791163330625e-07, "val_mean_case_max": 0.0013561917893626352, "val_worst": 0.003181271990338772, "lr": 8.116385137748157e-05, "wall": 2481.8}
{"arm": "unet", "epoch": 566, "steps": 36288, "train": 1.006293534824679e-06, "val_mean_case_max": 0.0013392870188986903, "val_worst": 0.0035804707343060566, "lr": 7.998944101479396e-05, "wall": 2486.2}
{"arm": "unet", "epoch": 567, "steps": 36352, "train": 1.1356457753119429e-06, "val_mean_case_max": 0.0013350233728545865, "val_worst": 0.003579470592927903, "lr": 7.882454849283766e-05, "wall": 2490.6}
{"arm": "unet", "epoch": 568, "steps": 36416, "train": 1.0261686116053103e-06, "val_mean_case_max": 0.001379049422672521, "val_worst": 0.003794650953722492, "lr": 7.76682723582999e-05, "wall": 2495.0}
{"arm": "unet", "epoch": 569, "steps": 36480, "train": 1.025542385736889e-06, "val_mean_case_max": 0.001467895085335518, "val_worst": 0.004475784342527989, "lr": 7.652089853166031e-05, "wall": 2499.4}
{"arm": "unet", "epoch": 570, "steps": 36544, "train": 1.2929016934046175e-06, "val_mean_case_max": 0.0013992467550322284, "val_worst": 0.0030169532023601353, "lr": 7.53840601777316e-05, "wall": 2503.8}
{"arm": "unet", "epoch": 571, "steps": 36608, "train": 1.044920914820526e-06, "val_mean_case_max": 0.0014137361877467444, "val_worst": 0.0030212146246041695, "lr": 7.42549157395202e-05, "wall": 2508.2}
{"arm": "unet", "epoch": 572, "steps": 36672, "train": 1.2041148899109868e-06, "val_mean_case_max": 0.0014957774914721765, "val_worst": 0.004152908650081511, "lr": 7.3135566401155e-05, "wall": 2512.6}
{"arm": "unet", "epoch": 573, "steps": 36736, "train": 9.704842192931923e-07, "val_mean_case_max": 0.0013253223624678139, "val_worst": 0.0036409478350457646, "lr": 7.202597020097251e-05, "wall": 2517.0}
{"arm": "unet", "epoch": 574, "steps": 36800, "train": 9.223421528673076e-07, "val_mean_case_max": 0.0012676228131096473, "val_worst": 0.003575954248931687, "lr": 7.092483674565569e-05, "wall": 2521.4}
{"arm": "unet", "epoch": 575, "steps": 36864, "train": 9.240238006568805e-07, "val_mean_case_max": 0.0013256653468526726, "val_worst": 0.003779105537409736, "lr": 6.983267830792177e-05, "wall": 2525.8}
{"arm": "unet", "epoch": 576, "steps": 36928, "train": 1.2333622572350842e-06, "val_mean_case_max": 0.0015569906241964014, "val_worst": 0.0053844402943861785, "lr": 6.875028200706815e-05, "wall": 2530.2}
{"arm": "unet", "epoch": 577, "steps": 36992, "train": 9.883065721744075e-07, "val_mean_case_max": 0.001313265419979324, "val_worst": 0.0032817149619850604, "lr": 6.767667714571468e-05, "wall": 2534.6}
{"arm": "unet", "epoch": 578, "steps": 37056, "train": 9.345845609736668e-07, "val_mean_case_max": 0.0012560161918883743, "val_worst": 0.003905528833479396, "lr": 6.66055118915177e-05, "wall": 2539.0}
{"arm": "unet", "epoch": 579, "steps": 37120, "train": 9.628972377947953e-07, "val_mean_case_max": 0.0014504581967772746, "val_worst": 0.0036677346582165236, "lr": 6.55497707108683e-05, "wall": 2543.4}
{"arm": "unet", "epoch": 580, "steps": 37184, "train": 1.0155024819500996e-06, "val_mean_case_max": 0.0014139459938974335, "val_worst": 0.003186219737983515, "lr": 6.450507864076205e-05, "wall": 2547.8}
{"arm": "unet", "epoch": 581, "steps": 37248, "train": 9.61828040350154e-07, "val_mean_case_max": 0.0013828122108364123, "val_worst": 0.004785137590846501, "lr": 6.346984824085956e-05, "wall": 2552.2}
{"arm": "unet", "epoch": 582, "steps": 37312, "train": 9.854703316398281e-07, "val_mean_case_max": 0.0013591059956816138, "val_worst": 0.003949785830483052, "lr": 6.244218583737622e-05, "wall": 2556.6}
{"arm": "unet", "epoch": 583, "steps": 37376, "train": 1.0129980296858022e-06, "val_mean_case_max": 0.00145550619991506, "val_worst": 0.003032826632891953, "lr": 6.142347618893297e-05, "wall": 2561.0}
{"arm": "unet", "epoch": 584, "steps": 37440, "train": 1.0017734377272853e-06, "val_mean_case_max": 0.001304335920451165, "val_worst": 0.004039250195814829, "lr": 6.041611030025726e-05, "wall": 2565.4}
{"arm": "unet", "epoch": 585, "steps": 37504, "train": 9.151293608059002e-07, "val_mean_case_max": 0.0014364593596450283, "val_worst": 0.002225922641849663, "lr": 5.941747968156732e-05, "wall": 2569.8}
{"arm": "unet", "epoch": 586, "steps": 37568, "train": 9.691196377480634e-07, "val_mean_case_max": 0.0012276607247526084, "val_worst": 0.0033599917949988568, "lr": 5.842878194570301e-05, "wall": 2574.3}
{"arm": "unet", "epoch": 587, "steps": 37632, "train": 9.216751724782292e-07, "val_mean_case_max": 0.0012994967146448123, "val_worst": 0.0032246961324392644, "lr": 5.7435334347984345e-05, "wall": 2578.7}
{"arm": "unet", "epoch": 588, "steps": 37696, "train": 8.556725173536469e-07, "val_mean_case_max": 0.0013222035231575423, "val_worst": 0.004124945661360567, "lr": 5.6465366849686e-05, "wall": 2583.1}
{"arm": "unet", "epoch": 589, "steps": 37760, "train": 8.723575206357924e-07, "val_mean_case_max": 0.0012526356108173576, "val_worst": 0.003503728958461423, "lr": 5.550342064195414e-05, "wall": 2587.5}
{"arm": "unet", "epoch": 590, "steps": 37824, "train": 8.681323872630343e-07, "val_mean_case_max": 0.0012368591806541215, "val_worst": 0.003562635365079293, "lr": 5.455299827563106e-05, "wall": 2591.9}
{"arm": "unet", "epoch": 591, "steps": 37888, "train": 8.908723288213629e-07, "val_mean_case_max": 0.0012620325097442093, "val_worst": 0.0034124984416432297, "lr": 5.3612114199389895e-05, "wall": 2596.3}
{"arm": "unet", "epoch": 592, "steps": 37952, "train": 1.034980265077939e-06, "val_mean_case_max": 0.0012877026183103783, "val_worst": 0.003733287821955546, "lr": 5.26803745126473e-05, "wall": 2600.7}
{"arm": "unet", "epoch": 593, "steps": 38016, "train": 9.760066734872934e-07, "val_mean_case_max": 0.00130849359058149, "val_worst": 0.004132514246293682, "lr": 5.175871641730426e-05, "wall": 2605.1}
{"arm": "unet", "epoch": 594, "steps": 38080, "train": 8.677040054187429e-07, "val_mean_case_max": 0.0012103895023397372, "val_worst": 0.0035150455936678255, "lr": 5.084708822650259e-05, "wall": 2609.6}
{"arm": "unet", "epoch": 595, "steps": 38144, "train": 8.79253035832267e-07, "val_mean_case_max": 0.0012602439225502745, "val_worst": 0.0038225510726982463, "lr": 4.993020025009251e-05, "wall": 2614.0}
{"arm": "unet", "epoch": 596, "steps": 38208, "train": 9.762634220501274e-07, "val_mean_case_max": 0.0012999618674138839, "val_worst": 0.0031501133655696205, "lr": 4.903782736907851e-05, "wall": 2618.4}
{"arm": "unet", "epoch": 597, "steps": 38272, "train": 9.215100510679034e-07, "val_mean_case_max": 0.0012452699512982366, "val_worst": 0.0032597038075901892, "lr": 4.815423269363213e-05, "wall": 2622.8}
{"arm": "unet", "epoch": 598, "steps": 38336, "train": 9.64612674733139e-07, "val_mean_case_max": 0.001262269430525391, "val_worst": 0.003841459596967383, "lr": 4.72805858235536e-05, "wall": 2627.2}
{"arm": "unet", "epoch": 599, "steps": 38400, "train": 8.49449137153416e-07, "val_mean_case_max": 0.0012623886370970797, "val_worst": 0.004128502892698645, "lr": 4.641686154908431e-05, "wall": 2631.6}
{"arm": "unet", "epoch": 600, "steps": 38464, "train": 8.428113357619294e-07, "val_mean_case_max": 0.0012899562987376241, "val_worst": 0.0032678696314326055, "lr": 4.55632290235e-05, "wall": 2636.0}
{"arm": "unet", "epoch": 601, "steps": 38528, "train": 8.586238064044023e-07, "val_mean_case_max": 0.001220043633212143, "val_worst": 0.0037993227027265227, "lr": 4.47197559463977e-05, "wall": 2640.4}
{"arm": "unet", "epoch": 602, "steps": 38592, "train": 8.359442967698631e-07, "val_mean_case_max": 0.0012883209706644606, "val_worst": 0.003287839432082414, "lr": 4.388481708886016e-05, "wall": 2644.8}
{"arm": "unet", "epoch": 603, "steps": 38656, "train": 9.546098556692666e-07, "val_mean_case_max": 0.001352464968933302, "val_worst": 0.0037739476121118063, "lr": 4.30604393568283e-05, "wall": 2649.2}
{"arm": "unet", "epoch": 604, "steps": 38720, "train": 1.1009957419741902e-06, "val_mean_case_max": 0.0012013334445656393, "val_worst": 0.0035077700444947203, "lr": 4.22458357604287e-05, "wall": 2653.7}
{"arm": "unet", "epoch": 605, "steps": 38784, "train": 8.79403783666486e-07, "val_mean_case_max": 0.00124631192295711, "val_worst": 0.0034478136337923225, "lr": 4.142721617318995e-05, "wall": 2658.1}
{"arm": "unet", "epoch": 606, "steps": 38848, "train": 8.659288408861716e-07, "val_mean_case_max": 0.0012588541872256922, "val_worst": 0.003809872686454913, "lr": 4.063261745672523e-05, "wall": 2662.5}
{"arm": "unet", "epoch": 607, "steps": 38912, "train": 8.071973069610568e-07, "val_mean_case_max": 0.0012050109957509316, "val_worst": 0.003331186858363781, "lr": 3.984681632016012e-05, "wall": 2666.9}
{"arm": "unet", "epoch": 608, "steps": 38976, "train": 8.246189373696017e-07, "val_mean_case_max": 0.0011961846654080285, "val_worst": 0.0035007988908481555, "lr": 3.907186953852955e-05, "wall": 2671.3}
{"arm": "unet", "epoch": 609, "steps": 39040, "train": 8.893272845478138e-07, "val_mean_case_max": 0.0014036044082644267, "val_worst": 0.0036919815031192563, "lr": 3.829536951685738e-05, "wall": 2675.7}
{"arm": "unet", "epoch": 610, "steps": 39104, "train": 1.1338323897434748e-06, "val_mean_case_max": 0.0012355853762237136, "val_worst": 0.00377172833635921, "lr": 3.754020114550603e-05, "wall": 2680.1}
{"arm": "unet", "epoch": 611, "steps": 39168, "train": 8.488459084382245e-07, "val_mean_case_max": 0.0012284150068265162, "val_worst": 0.003729699405767608, "lr": 3.679494920657276e-05, "wall": 2684.5}
{"arm": "unet", "epoch": 612, "steps": 39232, "train": 7.758543059411029e-07, "val_mean_case_max": 0.0012290668030154129, "val_worst": 0.003806831755930499, "lr": 3.6059724936204594e-05, "wall": 2688.9}
{"arm": "unet", "epoch": 613, "steps": 39296, "train": 8.273147122177605e-07, "val_mean_case_max": 0.0012021183564525587, "val_worst": 0.0038363753468505127, "lr": 3.53342508819684e-05, "wall": 2693.3}
{"arm": "unet", "epoch": 614, "steps": 39360, "train": 7.967926384437397e-07, "val_mean_case_max": 0.0011818130443021497, "val_worst": 0.003458561178020302, "lr": 3.4618811808546153e-05, "wall": 2697.8}
{"arm": "unet", "epoch": 615, "steps": 39424, "train": 7.785505799023836e-07, "val_mean_case_max": 0.001178080559383952, "val_worst": 0.0035181952889452423, "lr": 3.3902209432576236e-05, "wall": 2702.3}
{"arm": "unet", "epoch": 616, "steps": 39488, "train": 9.251181564338734e-07, "val_mean_case_max": 0.0012073972492748187, "val_worst": 0.003070373300373598, "lr": 3.3195290822974043e-05, "wall": 2706.7}
{"arm": "unet", "epoch": 617, "steps": 39552, "train": 9.661306661765077e-07, "val_mean_case_max": 0.0012812223705475888, "val_worst": 0.003874076514169956, "lr": 3.250968624517724e-05, "wall": 2711.1}
{"arm": "unet", "epoch": 618, "steps": 39616, "train": 8.033695869904058e-07, "val_mean_case_max": 0.00117831070626659, "val_worst": 0.0033646792434981363, "lr": 3.1833991196608635e-05, "wall": 2715.5}
{"arm": "unet", "epoch": 619, "steps": 39680, "train": 7.525147643189591e-07, "val_mean_case_max": 0.0011887465421753993, "val_worst": 0.003652700364273146, "lr": 3.1168775264137105e-05, "wall": 2719.9}
{"arm": "unet", "epoch": 620, "steps": 39744, "train": 8.443173884043203e-07, "val_mean_case_max": 0.001180217426167151, "val_worst": 0.0030430519443352543, "lr": 3.0513485417952976e-05, "wall": 2724.3}
{"arm": "unet", "epoch": 621, "steps": 39808, "train": 8.19585119931402e-07, "val_mean_case_max": 0.0011581869879692527, "val_worst": 0.003643907983670784, "lr": 2.9868044753056837e-05, "wall": 2728.8}
{"arm": "unet", "epoch": 622, "steps": 39872, "train": 7.854852650178194e-07, "val_mean_case_max": 0.0011634592444890236, "val_worst": 0.003408680391613643, "lr": 2.9222749501668844e-05, "wall": 2733.2}
{"arm": "unet", "epoch": 623, "steps": 39936, "train": 7.748995344643036e-07, "val_mean_case_max": 0.0012022298146409252, "val_worst": 0.00335895414880237, "lr": 2.859781565491975e-05, "wall": 2737.6}
{"arm": "unet", "epoch": 624, "steps": 40000, "train": 7.500520892010339e-07, "val_mean_case_max": 0.0011818257128040034, "val_worst": 0.0034605267409726845, "lr": 2.7983282547071473e-05, "wall": 2742.0}
{"arm": "unet", "epoch": 625, "steps": 40064, "train": 7.872084409764454e-07, "val_mean_case_max": 0.0011677408096706005, "val_worst": 0.0034755390246199594, "lr": 2.7378891639782103e-05, "wall": 2746.4}
{"arm": "unet", "epoch": 626, "steps": 40128, "train": 7.603290469056989e-07, "val_mean_case_max": 0.0011645244935360075, "val_worst": 0.0033288839847127323, "lr": 2.678387277327255e-05, "wall": 2750.8}
{"arm": "unet", "epoch": 627, "steps": 40192, "train": 7.4394673679469e-07, "val_mean_case_max": 0.0012081011246754935, "val_worst": 0.003541077249262724, "lr": 2.619937261807838e-05, "wall": 2755.2}
{"arm": "unet", "epoch": 628, "steps": 40256, "train": 7.779235598946972e-07, "val_mean_case_max": 0.0012005272060774128, "val_worst": 0.0033914847530802606, "lr": 2.5625457699726203e-05, "wall": 2759.6}
{"arm": "unet", "epoch": 629, "steps": 40320, "train": 7.983319299692073e-07, "val_mean_case_max": 0.0011755953336784679, "val_worst": 0.003240405781085124, "lr": 2.5060565246558595e-05, "wall": 2764.0}
{"arm": "unet", "epoch": 630, "steps": 40384, "train": 7.546676519603111e-07, "val_mean_case_max": 0.0011840681360362742, "val_worst": 0.003815881629109071, "lr": 2.4506554370803155e-05, "wall": 2768.4}
{"arm": "unet", "epoch": 631, "steps": 40448, "train": 7.608082347169463e-07, "val_mean_case_max": 0.0011944260305063559, "val_worst": 0.0035711703164556102, "lr": 2.3962781336222178e-05, "wall": 2772.8}
{"arm": "unet", "epoch": 632, "steps": 40512, "train": 7.75042703481795e-07, "val_mean_case_max": 0.0012195613641360586, "val_worst": 0.0037243311112711815, "lr": 2.342909210527888e-05, "wall": 2777.2}
{"arm": "unet", "epoch": 633, "steps": 40576, "train": 7.810810837018093e-07, "val_mean_case_max": 0.0011643868824447495, "val_worst": 0.0034178999624453724, "lr": 2.2906074118809635e-05, "wall": 2781.6}
{"arm": "unet", "epoch": 634, "steps": 40640, "train": 7.698713896940045e-07, "val_mean_case_max": 0.0012263725948515232, "val_worst": 0.0034776080414399627, "lr": 2.239279209664378e-05, "wall": 2786.0}
{"arm": "unet", "epoch": 635, "steps": 40704, "train": 7.628382921320972e-07, "val_mean_case_max": 0.0012208260307100508, "val_worst": 0.003603455511728508, "lr": 2.1889979144115458e-05, "wall": 2790.5}
{"arm": "unet", "epoch": 636, "steps": 40768, "train": 8.084918588805131e-07, "val_mean_case_max": 0.0012288531215776887, "val_worst": 0.0038918052761184986, "lr": 2.1397572644340053e-05, "wall": 2794.9}
{"arm": "unet", "epoch": 637, "steps": 40832, "train": 7.438663294183981e-07, "val_mean_case_max": 0.0011660210560230384, "val_worst": 0.0034486639195805396, "lr": 2.091542715720937e-05, "wall": 2799.3}
{"arm": "unet", "epoch": 638, "steps": 40896, "train": 7.632299520424716e-07, "val_mean_case_max": 0.0011608337368169057, "val_worst": 0.003476177106563796, "lr": 2.0443369099194277e-05, "wall": 2803.7}
{"arm": "unet", "epoch": 639, "steps": 40960, "train": 7.76746730381222e-07, "val_mean_case_max": 0.001160671513807658, "val_worst": 0.0032859289038893354, "lr": 1.9981786569153842e-05, "wall": 2808.1}
{"arm": "unet", "epoch": 640, "steps": 41024, "train": 7.61555868108781e-07, "val_mean_case_max": 0.001164759487083615, "val_worst": 0.0037459856984680896, "lr": 1.9530535902195962e-05, "wall": 2812.5}
{"arm": "unet", "epoch": 641, "steps": 41088, "train": 7.570551104400667e-07, "val_mean_case_max": 0.0012542948424726261, "val_worst": 0.0038035071487878213, "lr": 1.9089435424918333e-05, "wall": 2816.9}
{"arm": "unet", "epoch": 642, "steps": 41152, "train": 7.764738911686866e-07, "val_mean_case_max": 0.0011676489850963013, "val_worst": 0.0030838823246607905, "lr": 1.8658480685689223e-05, "wall": 2821.3}
{"arm": "unet", "epoch": 643, "steps": 41216, "train": 7.240763851640935e-07, "val_mean_case_max": 0.0011628751558420136, "val_worst": 0.003463163667952838, "lr": 1.8238108091469813e-05, "wall": 2825.7}
{"arm": "unet", "epoch": 644, "steps": 41280, "train": 7.301913972414808e-07, "val_mean_case_max": 0.0011653345236443922, "val_worst": 0.0033886320211671847, "lr": 1.7825319887045133e-05, "wall": 2830.2}
{"arm": "unet", "epoch": 645, "steps": 41344, "train": 7.361131133748439e-07, "val_mean_case_max": 0.001216900481015095, "val_worst": 0.003520756590148953, "lr": 1.7425917645271134e-05, "wall": 2834.6}
{"arm": "unet", "epoch": 646, "steps": 41408, "train": 7.320208551072885e-07, "val_mean_case_max": 0.0011852230933454932, "val_worst": 0.003440385799208121, "lr": 1.7036534549493822e-05, "wall": 2839.0}
{"arm": "unet", "epoch": 647, "steps": 41472, "train": 7.287654055279994e-07, "val_mean_case_max": 0.001154257798453676, "val_worst": 0.0034816784473349935, "lr": 1.665785596476333e-05, "wall": 2843.4}
{"arm": "unet", "epoch": 648, "steps": 41536, "train": 7.342930516306284e-07, "val_mean_case_max": 0.0011779029082095449, "val_worst": 0.0035458711147573984, "lr": 1.6284050930331718e-05, "wall": 2847.9}
{"arm": "unet", "epoch": 649, "steps": 41600, "train": 7.394835653019955e-07, "val_mean_case_max": 0.0011607057995304173, "val_worst": 0.0034302332415281664, "lr": 1.592641519683159e-05, "wall": 2852.3}
{"arm": "unet", "epoch": 650, "steps": 41664, "train": 7.12769732065848e-07, "val_mean_case_max": 0.0011563174200861829, "val_worst": 0.003621224098272088, "lr": 1.5579277132696472e-05, "wall": 2856.7}
{"arm": "unet", "epoch": 651, "steps": 41728, "train": 7.431986209658713e-07, "val_mean_case_max": 0.0012290395833237607, "val_worst": 0.003803315104787303, "lr": 1.5242757481859417e-05, "wall": 2861.1}
{"arm": "unet", "epoch": 652, "steps": 41792, "train": 7.333716390085307e-07, "val_mean_case_max": 0.0011964435235753328, "val_worst": 0.0035828557690702006, "lr": 1.4916354160916046e-05, "wall": 2865.5}
{"arm": "unet", "epoch": 653, "steps": 41856, "train": 7.600305563924294e-07, "val_mean_case_max": 0.00119324063523582, "val_worst": 0.0037841159516177484, "lr": 1.4600452864873886e-05, "wall": 2869.9}
{"arm": "unet", "epoch": 654, "steps": 41920, "train": 7.432427817369351e-07, "val_mean_case_max": 0.0011836143359572578, "val_worst": 0.0038463822468026805, "lr": 1.4295156362794938e-05, "wall": 2874.3}
{"arm": "unet", "epoch": 655, "steps": 41984, "train": 7.154503553259131e-07, "val_mean_case_max": 0.0012297269211464525, "val_worst": 0.003999849908790231, "lr": 1.400016430030206e-05, "wall": 2878.7}
{"arm": "unet", "epoch": 656, "steps": 42048, "train": 7.246867009586491e-07, "val_mean_case_max": 0.0011804264319732478, "val_worst": 0.0031154447194398503, "lr": 1.3715748819871338e-05, "wall": 2883.1}
{"arm": "unet", "epoch": 657, "steps": 42112, "train": 7.152159822181051e-07, "val_mean_case_max": 0.001156948864079578, "val_worst": 0.003143571635620667, "lr": 1.3441770830787616e-05, "wall": 2887.5}
{"arm": "unet", "epoch": 658, "steps": 42176, "train": 7.043466019737793e-07, "val_mean_case_max": 0.0011660413516151658, "val_worst": 0.0036717410266632945, "lr": 1.3178064529045495e-05, "wall": 2891.9}
{"arm": "unet", "epoch": 659, "steps": 42240, "train": 7.072607168206818e-07, "val_mean_case_max": 0.0011962622010437906, "val_worst": 0.003653779205703447, "lr": 1.2924814193145745e-05, "wall": 2896.3}
{"arm": "unet", "epoch": 660, "steps": 42304, "train": 7.187993599610079e-07, "val_mean_case_max": 0.0011933301593718452, "val_worst": 0.0038268088735723582, "lr": 1.2681767332382922e-05, "wall": 2900.7}
{"arm": "unet", "epoch": 661, "steps": 42368, "train": 7.349164720949488e-07, "val_mean_case_max": 0.001157547972890193, "val_worst": 0.0035244933395282793, "lr": 1.2449600557511884e-05, "wall": 2905.1}
{"arm": "unet", "epoch": 662, "steps": 42432, "train": 7.086515609828279e-07, "val_mean_case_max": 0.001163893237336402, "val_worst": 0.0035830133596062943, "lr": 1.222843678991015e-05, "wall": 2909.5}
{"arm": "unet", "epoch": 663, "steps": 42496, "train": 7.284484671800616e-07, "val_mean_case_max": 0.0011635861968646117, "val_worst": 0.003508097042569088, "lr": 1.2018300188728481e-05, "wall": 2913.9}
{"arm": "unet", "epoch": 664, "steps": 42560, "train": 6.981571448487299e-07, "val_mean_case_max": 0.0011742874810040844, "val_worst": 0.0035382718338536462, "lr": 1.1817973217280164e-05, "wall": 2918.3}
{"arm": "unet", "epoch": 665, "steps": 42624, "train": 7.055761079556281e-07, "val_mean_case_max": 0.001139127173538406, "val_worst": 0.0033220491980180088, "lr": 1.1628444629826936e-05, "wall": 2922.8}
{"arm": "unet", "epoch": 666, "steps": 42688, "train": 7.103686949166054e-07, "val_mean_case_max": 0.0011507524694493241, "val_worst": 0.0030106058777009323, "lr": 1.1446666484648561e-05, "wall": 2927.1}
{"arm": "unet", "epoch": 667, "steps": 42752, "train": 7.416097000013532e-07, "val_mean_case_max": 0.0011463906445324528, "val_worst": 0.0032516811690901405, "lr": 1.1277867869855898e-05, "wall": 2931.5}
{"arm": "unet", "epoch": 668, "steps": 42816, "train": 7.068528858110256e-07, "val_mean_case_max": 0.0011468257214111233, "val_worst": 0.003388800233687622, "lr": 1.1119449865235495e-05, "wall": 2935.9}
{"arm": "unet", "epoch": 669, "steps": 42880, "train": 7.034850413108805e-07, "val_mean_case_max": 0.001155255735716483, "val_worst": 0.0030484935567341577, "lr": 1.0971374296542467e-05, "wall": 2940.3}
{"arm": "unet", "epoch": 670, "steps": 42944, "train": 7.175324398741823e-07, "val_mean_case_max": 0.0011625891364806045, "val_worst": 0.003471881517226388, "lr": 1.0834070331918329e-05, "wall": 2944.7}
{"arm": "unet", "epoch": 671, "steps": 43008, "train": 6.944577583431457e-07, "val_mean_case_max": 0.001147570736245892, "val_worst": 0.003310310664482733, "lr": 1.0707200142925019e-05, "wall": 2949.1}
{"arm": "unet", "epoch": 672, "steps": 43072, "train": 7.019814135571527e-07, "val_mean_case_max": 0.0011495207335635452, "val_worst": 0.003279975047281011, "lr": 1.0590661665171997e-05, "wall": 2953.5}
{"arm": "unet", "epoch": 673, "steps": 43136, "train": 7.125219578646426e-07, "val_mean_case_max": 0.001174488848151869, "val_worst": 0.003518499372905604, "lr": 1.0484759943620671e-05, "wall": 2957.9}
{"arm": "unet", "epoch": 674, "steps": 43200, "train": 7.021288970360958e-07, "val_mean_case_max": 0.001165878501472002, "val_worst": 0.0033142184906952373, "lr": 1.0389060707538453e-05, "wall": 2962.3}
{"arm": "unet", "epoch": 675, "steps": 43264, "train": 6.94833499397014e-07, "val_mean_case_max": 0.0011765666933987757, "val_worst": 0.0035586807946236657, "lr": 1.0303890818109475e-05, "wall": 2966.7}
{"arm": "unet", "epoch": 676, "steps": 43328, "train": 6.928999737630365e-07, "val_mean_case_max": 0.0011475258889269199, "val_worst": 0.0034295067558332026, "lr": 1.022938288314126e-05, "wall": 2971.1}
{"arm": "unet", "epoch": 677, "steps": 43392, "train": 7.158694943939093e-07, "val_mean_case_max": 0.0011403351588275602, "val_worst": 0.0033903547064107497, "lr": 1.016519611110941e-05, "wall": 2975.5}
{"arm": "unet", "epoch": 678, "steps": 43456, "train": 7.093641048547145e-07, "val_mean_case_max": 0.001144646012487038, "val_worst": 0.003272653782143027, "lr": 1.0111640053365921e-05, "wall": 2979.9}
{"arm": "unet", "epoch": 679, "steps": 43520, "train": 7.014531722488649e-07, "val_mean_case_max": 0.0011655673789630501, "val_worst": 0.0035967405870048082, "lr": 1.0068458091854976e-05, "wall": 2984.3}
{"arm": "unet", "epoch": 680, "steps": 43584, "train": 6.981350995828895e-07, "val_mean_case_max": 0.0011542009448934315, "val_worst": 0.003275595947515192, "lr": 1.0035842707292983e-05, "wall": 2988.7}
{"arm": "unet", "epoch": 681, "steps": 43648, "train": 7.114411485001226e-07, "val_mean_case_max": 0.0011321687368377976, "val_worst": 0.003245704016621442, "lr": 1.0013696113821581e-05, "wall": 2993.1}
{"arm": "unet", "epoch": 682, "steps": 43712, "train": 6.958443100626434e-07, "val_mean_case_max": 0.0011318393915403361, "val_worst": 0.003169620079036663, "lr": 1.0001896102952834e-05, "wall": 2997.6}
{"arm": "unet", "epoch": 683, "steps": 43748, "train": 7.033336695920004e-07, "val_mean_case_max": 0.0011422003954348959, "val_worst": 0.0034702300750110776, "lr": 1.0000000208287129e-05, "wall": 3000.1}
ARM DONE unet {"stop_reason": "wall_budget", "epochs_completed": 684, "optimisation_steps": 43748, "micro_batch": 8} val_mean_case_max 0.0011318393915403361
TRAIN OPS COMPLETE
run_exit=0
