COMMIT.txt: OK
PROVENANCE.json: OK
code/DESIGN.md: OK
code/archive_storage.py: OK
code/audit.py: OK
code/audit_cg.py: OK
code/audit_coverage.py: OK
code/audit_head.py: OK
code/audit_panel.py: OK
code/audit_pretraining.py: OK
code/audit_states.py: OK
code/cluster/collect.py: OK
code/cluster/stage.py: OK
code/common.py: OK
code/config.json: OK
code/coverage_train.py: OK
code/developmentB.json: OK
code/final_freeze.py: OK
code/frozen.py: OK
code/head_pca_diagnostic.py: OK
code/iterative_cg.py: OK
code/operators/README.md: OK
code/operators/__init__.py: OK
code/operators/extra_models3d.py: OK
code/operators/extra_smoke.py: OK
code/operators/extra_train_smoke.py: OK
code/operators/heat_adapter.py: OK
code/operators/models3d.py: OK
code/operators/pretrained_deeponet.py: OK
code/operators/smoke.py: OK
code/operators/train_smoke.py: OK
code/operators/training.py: OK
code/operators/upstream/LICENSE: OK
code/operators/upstream/PROVENANCE.json: OK
code/operators/upstream/Physics_Attention.py: OK
code/operators/upstream/prior_families.py: OK
code/panel_selection.py: OK
code/prepare_selected_final.py: OK
code/retain_fields.py: OK
code/rom.py: OK
code/run.py: OK
code/train.py: OK
inputs/coverage05_seedA/ORIGIN.json: OK
inputs/coverage05_seedA/bank.pkl: OK
inputs/coverage05_seedA/bank_curve.json: OK
inputs/coverage05_seedA/cohorts.json: OK
inputs/coverage05_seedA/head_K16.pkl: OK
inputs/coverage05_seedA/head_K16_curve.json: OK
inputs/coverage05_seedA/head_K32.pkl: OK
inputs/coverage05_seedA/head_K32_curve.json: OK
inputs/coverage05_seedA/operators/deeponet3d_r128_w16/adapter.pkl: OK
inputs/coverage05_seedA/operators/deeponet3d_r128_w16/best.pkl: OK
inputs/coverage05_seedA/operators/deeponet3d_r128_w16/curve.json: OK
inputs/coverage05_seedA/operators/deeponet3d_r128_w16/training.json: OK
inputs/coverage05_seedA/operators/fno3d_w16_m6/adapter.pkl: OK
inputs/coverage05_seedA/operators/fno3d_w16_m6/best.pkl: OK
inputs/coverage05_seedA/operators/fno3d_w16_m6/curve.json: OK
inputs/coverage05_seedA/operators/fno3d_w16_m6/training.json: OK
inputs/coverage05_seedA/operators/transolver3d_w48_s32/adapter.pkl: OK
inputs/coverage05_seedA/operators/transolver3d_w48_s32/best.pkl: OK
inputs/coverage05_seedA/operators/transolver3d_w48_s32/curve.json: OK
inputs/coverage05_seedA/operators/transolver3d_w48_s32/training.json: OK
inputs/coverage05_seedA/operators/unet3d_w8/adapter.pkl: OK
inputs/coverage05_seedA/operators/unet3d_w8/best.pkl: OK
inputs/coverage05_seedA/operators/unet3d_w8/curve.json: OK
inputs/coverage05_seedA/operators/unet3d_w8/training.json: OK
inputs/coverage05_seedB/ORIGIN.json: OK
inputs/coverage05_seedB/bank.pkl: OK
inputs/coverage05_seedB/bank_curve.json: OK
inputs/coverage05_seedB/cohorts.json: OK
inputs/coverage05_seedB/head_K16.pkl: OK
inputs/coverage05_seedB/head_K16_curve.json: OK
inputs/coverage05_seedB/head_K32.pkl: OK
inputs/coverage05_seedB/head_K32_curve.json: OK
inputs/coverage05_seedB/operators/deeponet3d_r128_w16/adapter.pkl: OK
inputs/coverage05_seedB/operators/deeponet3d_r128_w16/best.pkl: OK
inputs/coverage05_seedB/operators/deeponet3d_r128_w16/curve.json: OK
inputs/coverage05_seedB/operators/deeponet3d_r128_w16/training.json: OK
inputs/coverage05_seedB/operators/fno3d_w16_m6/adapter.pkl: OK
inputs/coverage05_seedB/operators/fno3d_w16_m6/best.pkl: OK
inputs/coverage05_seedB/operators/fno3d_w16_m6/curve.json: OK
inputs/coverage05_seedB/operators/fno3d_w16_m6/training.json: OK
inputs/coverage05_seedB/operators/transolver3d_w48_s32/adapter.pkl: OK
inputs/coverage05_seedB/operators/transolver3d_w48_s32/best.pkl: OK
inputs/coverage05_seedB/operators/transolver3d_w48_s32/curve.json: OK
inputs/coverage05_seedB/operators/transolver3d_w48_s32/training.json: OK
inputs/coverage05_seedB/operators/unet3d_w8/adapter.pkl: OK
inputs/coverage05_seedB/operators/unet3d_w8/best.pkl: OK
inputs/coverage05_seedB/operators/unet3d_w8/curve.json: OK
inputs/coverage05_seedB/operators/unet3d_w8/training.json: OK
run.sbatch: OK
out/bank.pkl: OK
out/cohorts.json: OK
out/fields/N32_K16_best_found.npz: OK
out/fields/N32_K32_best_found.npz: OK
out/fields/N32_case0_deeponet3d_r128_w16.npz: OK
out/fields/N32_case0_dst_exact.npz: OK
out/fields/N32_case0_fno3d_w16_m6.npz: OK
out/fields/N32_case0_fom_cn_cg_dt0.025_rtol1e-02.npz: OK
out/fields/N32_case0_fom_cn_cg_dt0.025_rtol1e-04.npz: OK
out/fields/N32_case0_fom_cn_cg_dt0.025_rtol1e-06.npz: OK
out/fields/N32_case0_fom_cn_cg_dt0.05_rtol1e-02.npz: OK
out/fields/N32_case0_fom_cn_cg_dt0.05_rtol1e-04.npz: OK
out/fields/N32_case0_fom_cn_cg_dt0.05_rtol1e-06.npz: OK
out/fields/N32_case0_fom_cn_cg_dt0.1_rtol1e-02.npz: OK
out/fields/N32_case0_fom_cn_cg_dt0.1_rtol1e-04.npz: OK
out/fields/N32_case0_fom_cn_cg_dt0.1_rtol1e-06.npz: OK
out/fields/N32_case0_linear_bank_cn.npz: OK
out/fields/N32_case0_linear_bank_exact.npz: OK
out/fields/N32_case0_linear_bank_galerkin_exact.npz: OK
out/fields/N32_case0_nmrom_K16_q0_dense.npz: OK
out/fields/N32_case0_nmrom_K16_q32_dense.npz: OK
out/fields/N32_case0_nmrom_K16_q64_dense.npz: OK
out/fields/N32_case0_nmrom_K16_q96_dense.npz: OK
out/fields/N32_case0_nmrom_K16_q96_dense_dt_half.npz: OK
out/fields/N32_case0_nmrom_K32_q0_dense.npz: OK
out/fields/N32_case0_nmrom_K32_q32_dense.npz: OK
out/fields/N32_case0_nmrom_K32_q64_dense.npz: OK
out/fields/N32_case0_nmrom_K32_q96_dense.npz: OK
out/fields/N32_case0_nmrom_K32_q96_dense_dt_half.npz: OK
out/fields/N32_case0_pod112_exact.npz: OK
out/fields/N32_case0_pod128_exact.npz: OK
out/fields/N32_case0_pod16_exact.npz: OK
out/fields/N32_case0_pod32_exact.npz: OK
out/fields/N32_case0_pod48_exact.npz: OK
out/fields/N32_case0_pod64_exact.npz: OK
out/fields/N32_case0_pod80_exact.npz: OK
out/fields/N32_case0_pod96_exact.npz: OK
out/fields/N32_case0_reference.npz: OK
out/fields/N32_case0_transolver3d_w48_s32.npz: OK
out/fields/N32_case0_unet3d_w8.npz: OK
out/fields/N32_case10_deeponet3d_r128_w16.npz: OK
out/fields/N32_case10_dst_exact.npz: OK
out/fields/N32_case10_fno3d_w16_m6.npz: OK
out/fields/N32_case10_fom_cn_cg_dt0.025_rtol1e-02.npz: OK
out/fields/N32_case10_fom_cn_cg_dt0.025_rtol1e-04.npz: OK
out/fields/N32_case10_fom_cn_cg_dt0.025_rtol1e-06.npz: OK
out/fields/N32_case10_fom_cn_cg_dt0.05_rtol1e-02.npz: OK
out/fields/N32_case10_fom_cn_cg_dt0.05_rtol1e-04.npz: OK
out/fields/N32_case10_fom_cn_cg_dt0.05_rtol1e-06.npz: OK
out/fields/N32_case10_fom_cn_cg_dt0.1_rtol1e-02.npz: OK
out/fields/N32_case10_fom_cn_cg_dt0.1_rtol1e-04.npz: OK
out/fields/N32_case10_fom_cn_cg_dt0.1_rtol1e-06.npz: OK
out/fields/N32_case10_linear_bank_cn.npz: OK
out/fields/N32_case10_linear_bank_exact.npz: OK
out/fields/N32_case10_linear_bank_galerkin_exact.npz: OK
out/fields/N32_case10_nmrom_K16_q0_dense.npz: OK
out/fields/N32_case10_nmrom_K16_q32_dense.npz: OK
out/fields/N32_case10_nmrom_K16_q64_dense.npz: OK
out/fields/N32_case10_nmrom_K16_q96_dense.npz: OK
out/fields/N32_case10_nmrom_K16_q96_dense_dt_half.npz: OK
out/fields/N32_case10_nmrom_K32_q0_dense.npz: OK
out/fields/N32_case10_nmrom_K32_q32_dense.npz: OK
out/fields/N32_case10_nmrom_K32_q64_dense.npz: OK
out/fields/N32_case10_nmrom_K32_q96_dense.npz: OK
out/fields/N32_case10_nmrom_K32_q96_dense_dt_half.npz: OK
out/fields/N32_case10_pod112_exact.npz: OK
out/fields/N32_case10_pod128_exact.npz: OK
out/fields/N32_case10_pod16_exact.npz: OK
out/fields/N32_case10_pod32_exact.npz: OK
out/fields/N32_case10_pod48_exact.npz: OK
out/fields/N32_case10_pod64_exact.npz: OK
out/fields/N32_case10_pod80_exact.npz: OK
out/fields/N32_case10_pod96_exact.npz: OK
out/fields/N32_case10_reference.npz: OK
out/fields/N32_case10_transolver3d_w48_s32.npz: OK
out/fields/N32_case10_unet3d_w8.npz: OK
out/fields/N32_case11_deeponet3d_r128_w16.npz: OK
out/fields/N32_case11_dst_exact.npz: OK
out/fields/N32_case11_fno3d_w16_m6.npz: OK
out/fields/N32_case11_fom_cn_cg_dt0.025_rtol1e-02.npz: OK
out/fields/N32_case11_fom_cn_cg_dt0.025_rtol1e-04.npz: OK
out/fields/N32_case11_fom_cn_cg_dt0.025_rtol1e-06.npz: OK
out/fields/N32_case11_fom_cn_cg_dt0.05_rtol1e-02.npz: OK
out/fields/N32_case11_fom_cn_cg_dt0.05_rtol1e-04.npz: OK
out/fields/N32_case11_fom_cn_cg_dt0.05_rtol1e-06.npz: OK
out/fields/N32_case11_fom_cn_cg_dt0.1_rtol1e-02.npz: OK
out/fields/N32_case11_fom_cn_cg_dt0.1_rtol1e-04.npz: OK
out/fields/N32_case11_fom_cn_cg_dt0.1_rtol1e-06.npz: OK
out/fields/N32_case11_linear_bank_cn.npz: OK
out/fields/N32_case11_linear_bank_exact.npz: OK
out/fields/N32_case11_linear_bank_galerkin_exact.npz: OK
out/fields/N32_case11_nmrom_K16_q0_dense.npz: OK
out/fields/N32_case11_nmrom_K16_q32_dense.npz: OK
out/fields/N32_case11_nmrom_K16_q64_dense.npz: OK
out/fields/N32_case11_nmrom_K16_q96_dense.npz: OK
out/fields/N32_case11_nmrom_K16_q96_dense_dt_half.npz: OK
out/fields/N32_case11_nmrom_K32_q0_dense.npz: OK
out/fields/N32_case11_nmrom_K32_q32_dense.npz: OK
out/fields/N32_case11_nmrom_K32_q64_dense.npz: OK
out/fields/N32_case11_nmrom_K32_q96_dense.npz: OK
out/fields/N32_case11_nmrom_K32_q96_dense_dt_half.npz: OK
out/fields/N32_case11_pod112_exact.npz: OK
out/fields/N32_case11_pod128_exact.npz: OK
out/fields/N32_case11_pod16_exact.npz: OK
out/fields/N32_case11_pod32_exact.npz: OK
out/fields/N32_case11_pod48_exact.npz: OK
out/fields/N32_case11_pod64_exact.npz: OK
out/fields/N32_case11_pod80_exact.npz: OK
out/fields/N32_case11_pod96_exact.npz: OK
out/fields/N32_case11_reference.npz: OK
out/fields/N32_case11_transolver3d_w48_s32.npz: OK
out/fields/N32_case11_unet3d_w8.npz: OK
out/fields/N32_case12_deeponet3d_r128_w16.npz: OK
out/fields/N32_case12_dst_exact.npz: OK
out/fields/N32_case12_fno3d_w16_m6.npz: OK
out/fields/N32_case12_fom_cn_cg_dt0.025_rtol1e-02.npz: OK
out/fields/N32_case12_fom_cn_cg_dt0.025_rtol1e-04.npz: OK
out/fields/N32_case12_fom_cn_cg_dt0.025_rtol1e-06.npz: OK
out/fields/N32_case12_fom_cn_cg_dt0.05_rtol1e-02.npz: OK
out/fields/N32_case12_fom_cn_cg_dt0.05_rtol1e-04.npz: OK
out/fields/N32_case12_fom_cn_cg_dt0.05_rtol1e-06.npz: OK
out/fields/N32_case12_fom_cn_cg_dt0.1_rtol1e-02.npz: OK
out/fields/N32_case12_fom_cn_cg_dt0.1_rtol1e-04.npz: OK
out/fields/N32_case12_fom_cn_cg_dt0.1_rtol1e-06.npz: OK
out/fields/N32_case12_linear_bank_cn.npz: OK
out/fields/N32_case12_linear_bank_exact.npz: OK
out/fields/N32_case12_linear_bank_galerkin_exact.npz: OK
out/fields/N32_case12_nmrom_K16_q0_dense.npz: OK
out/fields/N32_case12_nmrom_K16_q32_dense.npz: OK
out/fields/N32_case12_nmrom_K16_q64_dense.npz: OK
out/fields/N32_case12_nmrom_K16_q96_dense.npz: OK
out/fields/N32_case12_nmrom_K16_q96_dense_dt_half.npz: OK
out/fields/N32_case12_nmrom_K32_q0_dense.npz: OK
out/fields/N32_case12_nmrom_K32_q32_dense.npz: OK
out/fields/N32_case12_nmrom_K32_q64_dense.npz: OK
out/fields/N32_case12_nmrom_K32_q96_dense.npz: OK
out/fields/N32_case12_nmrom_K32_q96_dense_dt_half.npz: OK
out/fields/N32_case12_pod112_exact.npz: OK
out/fields/N32_case12_pod128_exact.npz: OK
out/fields/N32_case12_pod16_exact.npz: OK
out/fields/N32_case12_pod32_exact.npz: OK
out/fields/N32_case12_pod48_exact.npz: OK
out/fields/N32_case12_pod64_exact.npz: OK
out/fields/N32_case12_pod80_exact.npz: OK
out/fields/N32_case12_pod96_exact.npz: OK
out/fields/N32_case12_reference.npz: OK
out/fields/N32_case12_transolver3d_w48_s32.npz: OK
out/fields/N32_case12_unet3d_w8.npz: OK
out/fields/N32_case13_deeponet3d_r128_w16.npz: OK
out/fields/N32_case13_dst_exact.npz: OK
out/fields/N32_case13_fno3d_w16_m6.npz: OK
out/fields/N32_case13_fom_cn_cg_dt0.025_rtol1e-02.npz: OK
out/fields/N32_case13_fom_cn_cg_dt0.025_rtol1e-04.npz: OK
out/fields/N32_case13_fom_cn_cg_dt0.025_rtol1e-06.npz: OK
out/fields/N32_case13_fom_cn_cg_dt0.05_rtol1e-02.npz: OK
out/fields/N32_case13_fom_cn_cg_dt0.05_rtol1e-04.npz: OK
out/fields/N32_case13_fom_cn_cg_dt0.05_rtol1e-06.npz: OK
out/fields/N32_case13_fom_cn_cg_dt0.1_rtol1e-02.npz: OK
out/fields/N32_case13_fom_cn_cg_dt0.1_rtol1e-04.npz: OK
out/fields/N32_case13_fom_cn_cg_dt0.1_rtol1e-06.npz: OK
out/fields/N32_case13_linear_bank_cn.npz: OK
out/fields/N32_case13_linear_bank_exact.npz: OK
out/fields/N32_case13_linear_bank_galerkin_exact.npz: OK
out/fields/N32_case13_nmrom_K16_q0_dense.npz: OK
out/fields/N32_case13_nmrom_K16_q32_dense.npz: OK
out/fields/N32_case13_nmrom_K16_q64_dense.npz: OK
out/fields/N32_case13_nmrom_K16_q96_dense.npz: OK
out/fields/N32_case13_nmrom_K16_q96_dense_dt_half.npz: OK
out/fields/N32_case13_nmrom_K32_q0_dense.npz: OK
out/fields/N32_case13_nmrom_K32_q32_dense.npz: OK
out/fields/N32_case13_nmrom_K32_q64_dense.npz: OK
out/fields/N32_case13_nmrom_K32_q96_dense.npz: OK
out/fields/N32_case13_nmrom_K32_q96_dense_dt_half.npz: OK
out/fields/N32_case13_pod112_exact.npz: OK
out/fields/N32_case13_pod128_exact.npz: OK
out/fields/N32_case13_pod16_exact.npz: OK
out/fields/N32_case13_pod32_exact.npz: OK
out/fields/N32_case13_pod48_exact.npz: OK
out/fields/N32_case13_pod64_exact.npz: OK
out/fields/N32_case13_pod80_exact.npz: OK
out/fields/N32_case13_pod96_exact.npz: OK
out/fields/N32_case13_reference.npz: OK
out/fields/N32_case13_transolver3d_w48_s32.npz: OK
out/fields/N32_case13_unet3d_w8.npz: OK
out/fields/N32_case14_deeponet3d_r128_w16.npz: OK
out/fields/N32_case14_dst_exact.npz: OK
out/fields/N32_case14_fno3d_w16_m6.npz: OK
out/fields/N32_case14_fom_cn_cg_dt0.025_rtol1e-02.npz: OK
out/fields/N32_case14_fom_cn_cg_dt0.025_rtol1e-04.npz: OK
out/fields/N32_case14_fom_cn_cg_dt0.025_rtol1e-06.npz: OK
out/fields/N32_case14_fom_cn_cg_dt0.05_rtol1e-02.npz: OK
out/fields/N32_case14_fom_cn_cg_dt0.05_rtol1e-04.npz: OK
out/fields/N32_case14_fom_cn_cg_dt0.05_rtol1e-06.npz: OK
out/fields/N32_case14_fom_cn_cg_dt0.1_rtol1e-02.npz: OK
out/fields/N32_case14_fom_cn_cg_dt0.1_rtol1e-04.npz: OK
out/fields/N32_case14_fom_cn_cg_dt0.1_rtol1e-06.npz: OK
out/fields/N32_case14_linear_bank_cn.npz: OK
out/fields/N32_case14_linear_bank_exact.npz: OK
out/fields/N32_case14_linear_bank_galerkin_exact.npz: OK
out/fields/N32_case14_nmrom_K16_q0_dense.npz: OK
out/fields/N32_case14_nmrom_K16_q32_dense.npz: OK
out/fields/N32_case14_nmrom_K16_q64_dense.npz: OK
out/fields/N32_case14_nmrom_K16_q96_dense.npz: OK
out/fields/N32_case14_nmrom_K16_q96_dense_dt_half.npz: OK
out/fields/N32_case14_nmrom_K32_q0_dense.npz: OK
out/fields/N32_case14_nmrom_K32_q32_dense.npz: OK
out/fields/N32_case14_nmrom_K32_q64_dense.npz: OK
out/fields/N32_case14_nmrom_K32_q96_dense.npz: OK
out/fields/N32_case14_nmrom_K32_q96_dense_dt_half.npz: OK
out/fields/N32_case14_pod112_exact.npz: OK
out/fields/N32_case14_pod128_exact.npz: OK
out/fields/N32_case14_pod16_exact.npz: OK
out/fields/N32_case14_pod32_exact.npz: OK
out/fields/N32_case14_pod48_exact.npz: OK
out/fields/N32_case14_pod64_exact.npz: OK
out/fields/N32_case14_pod80_exact.npz: OK
out/fields/N32_case14_pod96_exact.npz: OK
out/fields/N32_case14_reference.npz: OK
out/fields/N32_case14_transolver3d_w48_s32.npz: OK
out/fields/N32_case14_unet3d_w8.npz: OK
out/fields/N32_case15_deeponet3d_r128_w16.npz: OK
out/fields/N32_case15_dst_exact.npz: OK
out/fields/N32_case15_fno3d_w16_m6.npz: OK
out/fields/N32_case15_fom_cn_cg_dt0.025_rtol1e-02.npz: OK
out/fields/N32_case15_fom_cn_cg_dt0.025_rtol1e-04.npz: OK
out/fields/N32_case15_fom_cn_cg_dt0.025_rtol1e-06.npz: OK
out/fields/N32_case15_fom_cn_cg_dt0.05_rtol1e-02.npz: OK
out/fields/N32_case15_fom_cn_cg_dt0.05_rtol1e-04.npz: OK
out/fields/N32_case15_fom_cn_cg_dt0.05_rtol1e-06.npz: OK
out/fields/N32_case15_fom_cn_cg_dt0.1_rtol1e-02.npz: OK
out/fields/N32_case15_fom_cn_cg_dt0.1_rtol1e-04.npz: OK
out/fields/N32_case15_fom_cn_cg_dt0.1_rtol1e-06.npz: OK
out/fields/N32_case15_linear_bank_cn.npz: OK
out/fields/N32_case15_linear_bank_exact.npz: OK
out/fields/N32_case15_linear_bank_galerkin_exact.npz: OK
out/fields/N32_case15_nmrom_K16_q0_dense.npz: OK
out/fields/N32_case15_nmrom_K16_q32_dense.npz: OK
out/fields/N32_case15_nmrom_K16_q64_dense.npz: OK
out/fields/N32_case15_nmrom_K16_q96_dense.npz: OK
out/fields/N32_case15_nmrom_K16_q96_dense_dt_half.npz: OK
out/fields/N32_case15_nmrom_K32_q0_dense.npz: OK
out/fields/N32_case15_nmrom_K32_q32_dense.npz: OK
out/fields/N32_case15_nmrom_K32_q64_dense.npz: OK
out/fields/N32_case15_nmrom_K32_q96_dense.npz: OK
out/fields/N32_case15_nmrom_K32_q96_dense_dt_half.npz: OK
out/fields/N32_case15_pod112_exact.npz: OK
out/fields/N32_case15_pod128_exact.npz: OK
out/fields/N32_case15_pod16_exact.npz: OK
out/fields/N32_case15_pod32_exact.npz: OK
out/fields/N32_case15_pod48_exact.npz: OK
out/fields/N32_case15_pod64_exact.npz: OK
out/fields/N32_case15_pod80_exact.npz: OK
out/fields/N32_case15_pod96_exact.npz: OK
out/fields/N32_case15_reference.npz: OK
out/fields/N32_case15_transolver3d_w48_s32.npz: OK
out/fields/N32_case15_unet3d_w8.npz: OK
out/fields/N32_case1_deeponet3d_r128_w16.npz: OK
out/fields/N32_case1_dst_exact.npz: OK
out/fields/N32_case1_fno3d_w16_m6.npz: OK
out/fields/N32_case1_fom_cn_cg_dt0.025_rtol1e-02.npz: OK
out/fields/N32_case1_fom_cn_cg_dt0.025_rtol1e-04.npz: OK
out/fields/N32_case1_fom_cn_cg_dt0.025_rtol1e-06.npz: OK
out/fields/N32_case1_fom_cn_cg_dt0.05_rtol1e-02.npz: OK
out/fields/N32_case1_fom_cn_cg_dt0.05_rtol1e-04.npz: OK
out/fields/N32_case1_fom_cn_cg_dt0.05_rtol1e-06.npz: OK
out/fields/N32_case1_fom_cn_cg_dt0.1_rtol1e-02.npz: OK
out/fields/N32_case1_fom_cn_cg_dt0.1_rtol1e-04.npz: OK
out/fields/N32_case1_fom_cn_cg_dt0.1_rtol1e-06.npz: OK
out/fields/N32_case1_linear_bank_cn.npz: OK
out/fields/N32_case1_linear_bank_exact.npz: OK
out/fields/N32_case1_linear_bank_galerkin_exact.npz: OK
out/fields/N32_case1_nmrom_K16_q0_dense.npz: OK
out/fields/N32_case1_nmrom_K16_q32_dense.npz: OK
out/fields/N32_case1_nmrom_K16_q64_dense.npz: OK
out/fields/N32_case1_nmrom_K16_q96_dense.npz: OK
out/fields/N32_case1_nmrom_K16_q96_dense_dt_half.npz: OK
out/fields/N32_case1_nmrom_K32_q0_dense.npz: OK
out/fields/N32_case1_nmrom_K32_q32_dense.npz: OK
out/fields/N32_case1_nmrom_K32_q64_dense.npz: OK
out/fields/N32_case1_nmrom_K32_q96_dense.npz: OK
out/fields/N32_case1_nmrom_K32_q96_dense_dt_half.npz: OK
out/fields/N32_case1_pod112_exact.npz: OK
out/fields/N32_case1_pod128_exact.npz: OK
out/fields/N32_case1_pod16_exact.npz: OK
out/fields/N32_case1_pod32_exact.npz: OK
out/fields/N32_case1_pod48_exact.npz: OK
out/fields/N32_case1_pod64_exact.npz: OK
out/fields/N32_case1_pod80_exact.npz: OK
out/fields/N32_case1_pod96_exact.npz: OK
out/fields/N32_case1_reference.npz: OK
out/fields/N32_case1_transolver3d_w48_s32.npz: OK
out/fields/N32_case1_unet3d_w8.npz: OK
out/fields/N32_case2_deeponet3d_r128_w16.npz: OK
out/fields/N32_case2_dst_exact.npz: OK
out/fields/N32_case2_fno3d_w16_m6.npz: OK
out/fields/N32_case2_fom_cn_cg_dt0.025_rtol1e-02.npz: OK
out/fields/N32_case2_fom_cn_cg_dt0.025_rtol1e-04.npz: OK
out/fields/N32_case2_fom_cn_cg_dt0.025_rtol1e-06.npz: OK
out/fields/N32_case2_fom_cn_cg_dt0.05_rtol1e-02.npz: OK
out/fields/N32_case2_fom_cn_cg_dt0.05_rtol1e-04.npz: OK
out/fields/N32_case2_fom_cn_cg_dt0.05_rtol1e-06.npz: OK
out/fields/N32_case2_fom_cn_cg_dt0.1_rtol1e-02.npz: OK
out/fields/N32_case2_fom_cn_cg_dt0.1_rtol1e-04.npz: OK
out/fields/N32_case2_fom_cn_cg_dt0.1_rtol1e-06.npz: OK
out/fields/N32_case2_linear_bank_cn.npz: OK
out/fields/N32_case2_linear_bank_exact.npz: OK
out/fields/N32_case2_linear_bank_galerkin_exact.npz: OK
out/fields/N32_case2_nmrom_K16_q0_dense.npz: OK
out/fields/N32_case2_nmrom_K16_q32_dense.npz: OK
out/fields/N32_case2_nmrom_K16_q64_dense.npz: OK
out/fields/N32_case2_nmrom_K16_q96_dense.npz: OK
out/fields/N32_case2_nmrom_K16_q96_dense_dt_half.npz: OK
out/fields/N32_case2_nmrom_K32_q0_dense.npz: OK
out/fields/N32_case2_nmrom_K32_q32_dense.npz: OK
out/fields/N32_case2_nmrom_K32_q64_dense.npz: OK
out/fields/N32_case2_nmrom_K32_q96_dense.npz: OK
out/fields/N32_case2_nmrom_K32_q96_dense_dt_half.npz: OK
out/fields/N32_case2_pod112_exact.npz: OK
out/fields/N32_case2_pod128_exact.npz: OK
out/fields/N32_case2_pod16_exact.npz: OK
out/fields/N32_case2_pod32_exact.npz: OK
out/fields/N32_case2_pod48_exact.npz: OK
out/fields/N32_case2_pod64_exact.npz: OK
out/fields/N32_case2_pod80_exact.npz: OK
out/fields/N32_case2_pod96_exact.npz: OK
out/fields/N32_case2_reference.npz: OK
out/fields/N32_case2_transolver3d_w48_s32.npz: OK
out/fields/N32_case2_unet3d_w8.npz: OK
out/fields/N32_case3_deeponet3d_r128_w16.npz: OK
out/fields/N32_case3_dst_exact.npz: OK
out/fields/N32_case3_fno3d_w16_m6.npz: OK
out/fields/N32_case3_fom_cn_cg_dt0.025_rtol1e-02.npz: OK
out/fields/N32_case3_fom_cn_cg_dt0.025_rtol1e-04.npz: OK
out/fields/N32_case3_fom_cn_cg_dt0.025_rtol1e-06.npz: OK
out/fields/N32_case3_fom_cn_cg_dt0.05_rtol1e-02.npz: OK
out/fields/N32_case3_fom_cn_cg_dt0.05_rtol1e-04.npz: OK
out/fields/N32_case3_fom_cn_cg_dt0.05_rtol1e-06.npz: OK
out/fields/N32_case3_fom_cn_cg_dt0.1_rtol1e-02.npz: OK
out/fields/N32_case3_fom_cn_cg_dt0.1_rtol1e-04.npz: OK
out/fields/N32_case3_fom_cn_cg_dt0.1_rtol1e-06.npz: OK
out/fields/N32_case3_linear_bank_cn.npz: OK
out/fields/N32_case3_linear_bank_exact.npz: OK
out/fields/N32_case3_linear_bank_galerkin_exact.npz: OK
out/fields/N32_case3_nmrom_K16_q0_dense.npz: OK
out/fields/N32_case3_nmrom_K16_q32_dense.npz: OK
out/fields/N32_case3_nmrom_K16_q64_dense.npz: OK
out/fields/N32_case3_nmrom_K16_q96_dense.npz: OK
out/fields/N32_case3_nmrom_K16_q96_dense_dt_half.npz: OK
out/fields/N32_case3_nmrom_K32_q0_dense.npz: OK
out/fields/N32_case3_nmrom_K32_q32_dense.npz: OK
out/fields/N32_case3_nmrom_K32_q64_dense.npz: OK
out/fields/N32_case3_nmrom_K32_q96_dense.npz: OK
out/fields/N32_case3_nmrom_K32_q96_dense_dt_half.npz: OK
out/fields/N32_case3_pod112_exact.npz: OK
out/fields/N32_case3_pod128_exact.npz: OK
out/fields/N32_case3_pod16_exact.npz: OK
out/fields/N32_case3_pod32_exact.npz: OK
out/fields/N32_case3_pod48_exact.npz: OK
out/fields/N32_case3_pod64_exact.npz: OK
out/fields/N32_case3_pod80_exact.npz: OK
out/fields/N32_case3_pod96_exact.npz: OK
out/fields/N32_case3_reference.npz: OK
out/fields/N32_case3_transolver3d_w48_s32.npz: OK
out/fields/N32_case3_unet3d_w8.npz: OK
out/fields/N32_case4_deeponet3d_r128_w16.npz: OK
out/fields/N32_case4_dst_exact.npz: OK
out/fields/N32_case4_fno3d_w16_m6.npz: OK
out/fields/N32_case4_fom_cn_cg_dt0.025_rtol1e-02.npz: OK
out/fields/N32_case4_fom_cn_cg_dt0.025_rtol1e-04.npz: OK
out/fields/N32_case4_fom_cn_cg_dt0.025_rtol1e-06.npz: OK
out/fields/N32_case4_fom_cn_cg_dt0.05_rtol1e-02.npz: OK
out/fields/N32_case4_fom_cn_cg_dt0.05_rtol1e-04.npz: OK
out/fields/N32_case4_fom_cn_cg_dt0.05_rtol1e-06.npz: OK
out/fields/N32_case4_fom_cn_cg_dt0.1_rtol1e-02.npz: OK
out/fields/N32_case4_fom_cn_cg_dt0.1_rtol1e-04.npz: OK
out/fields/N32_case4_fom_cn_cg_dt0.1_rtol1e-06.npz: OK
out/fields/N32_case4_linear_bank_cn.npz: OK
out/fields/N32_case4_linear_bank_exact.npz: OK
out/fields/N32_case4_linear_bank_galerkin_exact.npz: OK
out/fields/N32_case4_nmrom_K16_q0_dense.npz: OK
out/fields/N32_case4_nmrom_K16_q32_dense.npz: OK
out/fields/N32_case4_nmrom_K16_q64_dense.npz: OK
out/fields/N32_case4_nmrom_K16_q96_dense.npz: OK
out/fields/N32_case4_nmrom_K16_q96_dense_dt_half.npz: OK
out/fields/N32_case4_nmrom_K32_q0_dense.npz: OK
out/fields/N32_case4_nmrom_K32_q32_dense.npz: OK
out/fields/N32_case4_nmrom_K32_q64_dense.npz: OK
out/fields/N32_case4_nmrom_K32_q96_dense.npz: OK
out/fields/N32_case4_nmrom_K32_q96_dense_dt_half.npz: OK
out/fields/N32_case4_pod112_exact.npz: OK
out/fields/N32_case4_pod128_exact.npz: OK
out/fields/N32_case4_pod16_exact.npz: OK
out/fields/N32_case4_pod32_exact.npz: OK
out/fields/N32_case4_pod48_exact.npz: OK
out/fields/N32_case4_pod64_exact.npz: OK
out/fields/N32_case4_pod80_exact.npz: OK
out/fields/N32_case4_pod96_exact.npz: OK
out/fields/N32_case4_reference.npz: OK
out/fields/N32_case4_transolver3d_w48_s32.npz: OK
out/fields/N32_case4_unet3d_w8.npz: OK
out/fields/N32_case5_deeponet3d_r128_w16.npz: OK
out/fields/N32_case5_dst_exact.npz: OK
out/fields/N32_case5_fno3d_w16_m6.npz: OK
out/fields/N32_case5_fom_cn_cg_dt0.025_rtol1e-02.npz: OK
out/fields/N32_case5_fom_cn_cg_dt0.025_rtol1e-04.npz: OK
out/fields/N32_case5_fom_cn_cg_dt0.025_rtol1e-06.npz: OK
out/fields/N32_case5_fom_cn_cg_dt0.05_rtol1e-02.npz: OK
out/fields/N32_case5_fom_cn_cg_dt0.05_rtol1e-04.npz: OK
out/fields/N32_case5_fom_cn_cg_dt0.05_rtol1e-06.npz: OK
out/fields/N32_case5_fom_cn_cg_dt0.1_rtol1e-02.npz: OK
out/fields/N32_case5_fom_cn_cg_dt0.1_rtol1e-04.npz: OK
out/fields/N32_case5_fom_cn_cg_dt0.1_rtol1e-06.npz: OK
out/fields/N32_case5_linear_bank_cn.npz: OK
out/fields/N32_case5_linear_bank_exact.npz: OK
out/fields/N32_case5_linear_bank_galerkin_exact.npz: OK
out/fields/N32_case5_nmrom_K16_q0_dense.npz: OK
out/fields/N32_case5_nmrom_K16_q32_dense.npz: OK
out/fields/N32_case5_nmrom_K16_q64_dense.npz: OK
out/fields/N32_case5_nmrom_K16_q96_dense.npz: OK
out/fields/N32_case5_nmrom_K16_q96_dense_dt_half.npz: OK
out/fields/N32_case5_nmrom_K32_q0_dense.npz: OK
out/fields/N32_case5_nmrom_K32_q32_dense.npz: OK
out/fields/N32_case5_nmrom_K32_q64_dense.npz: OK
out/fields/N32_case5_nmrom_K32_q96_dense.npz: OK
out/fields/N32_case5_nmrom_K32_q96_dense_dt_half.npz: OK
out/fields/N32_case5_pod112_exact.npz: OK
out/fields/N32_case5_pod128_exact.npz: OK
out/fields/N32_case5_pod16_exact.npz: OK
out/fields/N32_case5_pod32_exact.npz: OK
out/fields/N32_case5_pod48_exact.npz: OK
out/fields/N32_case5_pod64_exact.npz: OK
out/fields/N32_case5_pod80_exact.npz: OK
out/fields/N32_case5_pod96_exact.npz: OK
out/fields/N32_case5_reference.npz: OK
out/fields/N32_case5_transolver3d_w48_s32.npz: OK
out/fields/N32_case5_unet3d_w8.npz: OK
out/fields/N32_case6_deeponet3d_r128_w16.npz: OK
out/fields/N32_case6_dst_exact.npz: OK
out/fields/N32_case6_fno3d_w16_m6.npz: OK
out/fields/N32_case6_fom_cn_cg_dt0.025_rtol1e-02.npz: OK
out/fields/N32_case6_fom_cn_cg_dt0.025_rtol1e-04.npz: OK
out/fields/N32_case6_fom_cn_cg_dt0.025_rtol1e-06.npz: OK
out/fields/N32_case6_fom_cn_cg_dt0.05_rtol1e-02.npz: OK
out/fields/N32_case6_fom_cn_cg_dt0.05_rtol1e-04.npz: OK
out/fields/N32_case6_fom_cn_cg_dt0.05_rtol1e-06.npz: OK
out/fields/N32_case6_fom_cn_cg_dt0.1_rtol1e-02.npz: OK
out/fields/N32_case6_fom_cn_cg_dt0.1_rtol1e-04.npz: OK
out/fields/N32_case6_fom_cn_cg_dt0.1_rtol1e-06.npz: OK
out/fields/N32_case6_linear_bank_cn.npz: OK
out/fields/N32_case6_linear_bank_exact.npz: OK
out/fields/N32_case6_linear_bank_galerkin_exact.npz: OK
out/fields/N32_case6_nmrom_K16_q0_dense.npz: OK
out/fields/N32_case6_nmrom_K16_q32_dense.npz: OK
out/fields/N32_case6_nmrom_K16_q64_dense.npz: OK
out/fields/N32_case6_nmrom_K16_q96_dense.npz: OK
out/fields/N32_case6_nmrom_K16_q96_dense_dt_half.npz: OK
out/fields/N32_case6_nmrom_K32_q0_dense.npz: OK
out/fields/N32_case6_nmrom_K32_q32_dense.npz: OK
out/fields/N32_case6_nmrom_K32_q64_dense.npz: OK
out/fields/N32_case6_nmrom_K32_q96_dense.npz: OK
out/fields/N32_case6_nmrom_K32_q96_dense_dt_half.npz: OK
out/fields/N32_case6_pod112_exact.npz: OK
out/fields/N32_case6_pod128_exact.npz: OK
out/fields/N32_case6_pod16_exact.npz: OK
out/fields/N32_case6_pod32_exact.npz: OK
out/fields/N32_case6_pod48_exact.npz: OK
out/fields/N32_case6_pod64_exact.npz: OK
out/fields/N32_case6_pod80_exact.npz: OK
out/fields/N32_case6_pod96_exact.npz: OK
out/fields/N32_case6_reference.npz: OK
out/fields/N32_case6_transolver3d_w48_s32.npz: OK
out/fields/N32_case6_unet3d_w8.npz: OK
out/fields/N32_case7_deeponet3d_r128_w16.npz: OK
out/fields/N32_case7_dst_exact.npz: OK
out/fields/N32_case7_fno3d_w16_m6.npz: OK
out/fields/N32_case7_fom_cn_cg_dt0.025_rtol1e-02.npz: OK
out/fields/N32_case7_fom_cn_cg_dt0.025_rtol1e-04.npz: OK
out/fields/N32_case7_fom_cn_cg_dt0.025_rtol1e-06.npz: OK
out/fields/N32_case7_fom_cn_cg_dt0.05_rtol1e-02.npz: OK
out/fields/N32_case7_fom_cn_cg_dt0.05_rtol1e-04.npz: OK
out/fields/N32_case7_fom_cn_cg_dt0.05_rtol1e-06.npz: OK
out/fields/N32_case7_fom_cn_cg_dt0.1_rtol1e-02.npz: OK
out/fields/N32_case7_fom_cn_cg_dt0.1_rtol1e-04.npz: OK
out/fields/N32_case7_fom_cn_cg_dt0.1_rtol1e-06.npz: OK
out/fields/N32_case7_linear_bank_cn.npz: OK
out/fields/N32_case7_linear_bank_exact.npz: OK
out/fields/N32_case7_linear_bank_galerkin_exact.npz: OK
out/fields/N32_case7_nmrom_K16_q0_dense.npz: OK
out/fields/N32_case7_nmrom_K16_q32_dense.npz: OK
out/fields/N32_case7_nmrom_K16_q64_dense.npz: OK
out/fields/N32_case7_nmrom_K16_q96_dense.npz: OK
out/fields/N32_case7_nmrom_K16_q96_dense_dt_half.npz: OK
out/fields/N32_case7_nmrom_K32_q0_dense.npz: OK
out/fields/N32_case7_nmrom_K32_q32_dense.npz: OK
out/fields/N32_case7_nmrom_K32_q64_dense.npz: OK
out/fields/N32_case7_nmrom_K32_q96_dense.npz: OK
out/fields/N32_case7_nmrom_K32_q96_dense_dt_half.npz: OK
out/fields/N32_case7_pod112_exact.npz: OK
out/fields/N32_case7_pod128_exact.npz: OK
out/fields/N32_case7_pod16_exact.npz: OK
out/fields/N32_case7_pod32_exact.npz: OK
out/fields/N32_case7_pod48_exact.npz: OK
out/fields/N32_case7_pod64_exact.npz: OK
out/fields/N32_case7_pod80_exact.npz: OK
out/fields/N32_case7_pod96_exact.npz: OK
out/fields/N32_case7_reference.npz: OK
out/fields/N32_case7_transolver3d_w48_s32.npz: OK
out/fields/N32_case7_unet3d_w8.npz: OK
out/fields/N32_case8_deeponet3d_r128_w16.npz: OK
out/fields/N32_case8_dst_exact.npz: OK
out/fields/N32_case8_fno3d_w16_m6.npz: OK
out/fields/N32_case8_fom_cn_cg_dt0.025_rtol1e-02.npz: OK
out/fields/N32_case8_fom_cn_cg_dt0.025_rtol1e-04.npz: OK
out/fields/N32_case8_fom_cn_cg_dt0.025_rtol1e-06.npz: OK
out/fields/N32_case8_fom_cn_cg_dt0.05_rtol1e-02.npz: OK
out/fields/N32_case8_fom_cn_cg_dt0.05_rtol1e-04.npz: OK
out/fields/N32_case8_fom_cn_cg_dt0.05_rtol1e-06.npz: OK
out/fields/N32_case8_fom_cn_cg_dt0.1_rtol1e-02.npz: OK
out/fields/N32_case8_fom_cn_cg_dt0.1_rtol1e-04.npz: OK
out/fields/N32_case8_fom_cn_cg_dt0.1_rtol1e-06.npz: OK
out/fields/N32_case8_linear_bank_cn.npz: OK
out/fields/N32_case8_linear_bank_exact.npz: OK
out/fields/N32_case8_linear_bank_galerkin_exact.npz: OK
out/fields/N32_case8_nmrom_K16_q0_dense.npz: OK
out/fields/N32_case8_nmrom_K16_q32_dense.npz: OK
out/fields/N32_case8_nmrom_K16_q64_dense.npz: OK
out/fields/N32_case8_nmrom_K16_q96_dense.npz: OK
out/fields/N32_case8_nmrom_K16_q96_dense_dt_half.npz: OK
out/fields/N32_case8_nmrom_K32_q0_dense.npz: OK
out/fields/N32_case8_nmrom_K32_q32_dense.npz: OK
out/fields/N32_case8_nmrom_K32_q64_dense.npz: OK
out/fields/N32_case8_nmrom_K32_q96_dense.npz: OK
out/fields/N32_case8_nmrom_K32_q96_dense_dt_half.npz: OK
out/fields/N32_case8_pod112_exact.npz: OK
out/fields/N32_case8_pod128_exact.npz: OK
out/fields/N32_case8_pod16_exact.npz: OK
out/fields/N32_case8_pod32_exact.npz: OK
out/fields/N32_case8_pod48_exact.npz: OK
out/fields/N32_case8_pod64_exact.npz: OK
out/fields/N32_case8_pod80_exact.npz: OK
out/fields/N32_case8_pod96_exact.npz: OK
out/fields/N32_case8_reference.npz: OK
out/fields/N32_case8_transolver3d_w48_s32.npz: OK
out/fields/N32_case8_unet3d_w8.npz: OK
out/fields/N32_case9_deeponet3d_r128_w16.npz: OK
out/fields/N32_case9_dst_exact.npz: OK
out/fields/N32_case9_fno3d_w16_m6.npz: OK
out/fields/N32_case9_fom_cn_cg_dt0.025_rtol1e-02.npz: OK
out/fields/N32_case9_fom_cn_cg_dt0.025_rtol1e-04.npz: OK
out/fields/N32_case9_fom_cn_cg_dt0.025_rtol1e-06.npz: OK
out/fields/N32_case9_fom_cn_cg_dt0.05_rtol1e-02.npz: OK
out/fields/N32_case9_fom_cn_cg_dt0.05_rtol1e-04.npz: OK
out/fields/N32_case9_fom_cn_cg_dt0.05_rtol1e-06.npz: OK
out/fields/N32_case9_fom_cn_cg_dt0.1_rtol1e-02.npz: OK
out/fields/N32_case9_fom_cn_cg_dt0.1_rtol1e-04.npz: OK
out/fields/N32_case9_fom_cn_cg_dt0.1_rtol1e-06.npz: OK
out/fields/N32_case9_linear_bank_cn.npz: OK
out/fields/N32_case9_linear_bank_exact.npz: OK
out/fields/N32_case9_linear_bank_galerkin_exact.npz: OK
out/fields/N32_case9_nmrom_K16_q0_dense.npz: OK
out/fields/N32_case9_nmrom_K16_q32_dense.npz: OK
out/fields/N32_case9_nmrom_K16_q64_dense.npz: OK
out/fields/N32_case9_nmrom_K16_q96_dense.npz: OK
out/fields/N32_case9_nmrom_K16_q96_dense_dt_half.npz: OK
out/fields/N32_case9_nmrom_K32_q0_dense.npz: OK
out/fields/N32_case9_nmrom_K32_q32_dense.npz: OK
out/fields/N32_case9_nmrom_K32_q64_dense.npz: OK
out/fields/N32_case9_nmrom_K32_q96_dense.npz: OK
out/fields/N32_case9_nmrom_K32_q96_dense_dt_half.npz: OK
out/fields/N32_case9_pod112_exact.npz: OK
out/fields/N32_case9_pod128_exact.npz: OK
out/fields/N32_case9_pod16_exact.npz: OK
out/fields/N32_case9_pod32_exact.npz: OK
out/fields/N32_case9_pod48_exact.npz: OK
out/fields/N32_case9_pod64_exact.npz: OK
out/fields/N32_case9_pod80_exact.npz: OK
out/fields/N32_case9_pod96_exact.npz: OK
out/fields/N32_case9_reference.npz: OK
out/fields/N32_case9_transolver3d_w48_s32.npz: OK
out/fields/N32_case9_unet3d_w8.npz: OK
out/fields/N64_K16_best_found.npz: OK
out/fields/N64_K32_best_found.npz: OK
out/fields/N64_case0_deeponet3d_r128_w16.npz: OK
out/fields/N64_case0_deeponet3d_r128_w16_native_grid_interpolated.npz: OK
out/fields/N64_case0_deeponet3d_r128_w16_native_sensors_continuous_trunk.npz: OK
out/fields/N64_case0_dst_exact.npz: OK
out/fields/N64_case0_fno3d_w16_m6.npz: OK
out/fields/N64_case0_fno3d_w16_m6_native_grid_interpolated.npz: OK
out/fields/N64_case0_fno3d_w16_m6_physical_padding_transfer.npz: OK
out/fields/N64_case0_fom_cn_cg_dt0.025_rtol1e-02.npz: OK
out/fields/N64_case0_fom_cn_cg_dt0.025_rtol1e-04.npz: OK
out/fields/N64_case0_fom_cn_cg_dt0.025_rtol1e-06.npz: OK
out/fields/N64_case0_fom_cn_cg_dt0.05_rtol1e-02.npz: OK
out/fields/N64_case0_fom_cn_cg_dt0.05_rtol1e-04.npz: OK
out/fields/N64_case0_fom_cn_cg_dt0.05_rtol1e-06.npz: OK
out/fields/N64_case0_fom_cn_cg_dt0.1_rtol1e-02.npz: OK
out/fields/N64_case0_fom_cn_cg_dt0.1_rtol1e-04.npz: OK
out/fields/N64_case0_fom_cn_cg_dt0.1_rtol1e-06.npz: OK
out/fields/N64_case0_linear_bank_cn.npz: OK
out/fields/N64_case0_linear_bank_exact.npz: OK
out/fields/N64_case0_linear_bank_galerkin_exact.npz: OK
out/fields/N64_case0_nmrom_K16_q0_dense.npz: OK
out/fields/N64_case0_nmrom_K16_q32_dense.npz: OK
out/fields/N64_case0_nmrom_K16_q64_dense.npz: OK
out/fields/N64_case0_nmrom_K16_q96_dense.npz: OK
out/fields/N64_case0_nmrom_K16_q96_dense_dt_half.npz: OK
out/fields/N64_case0_nmrom_K32_q0_dense.npz: OK
out/fields/N64_case0_nmrom_K32_q32_dense.npz: OK
out/fields/N64_case0_nmrom_K32_q64_dense.npz: OK
out/fields/N64_case0_nmrom_K32_q96_dense.npz: OK
out/fields/N64_case0_nmrom_K32_q96_dense_dt_half.npz: OK
out/fields/N64_case0_pod112_exact.npz: OK
out/fields/N64_case0_pod128_exact.npz: OK
out/fields/N64_case0_pod16_exact.npz: OK
out/fields/N64_case0_pod32_exact.npz: OK
out/fields/N64_case0_pod48_exact.npz: OK
out/fields/N64_case0_pod64_exact.npz: OK
out/fields/N64_case0_pod80_exact.npz: OK
out/fields/N64_case0_pod96_exact.npz: OK
out/fields/N64_case0_reference.npz: OK
out/fields/N64_case0_transolver3d_w48_s32.npz: OK
out/fields/N64_case0_transolver3d_w48_s32_native_grid_interpolated.npz: OK
out/fields/N64_case0_unet3d_w8.npz: OK
out/fields/N64_case0_unet3d_w8_native_grid_interpolated.npz: OK
out/fields/N64_case10_deeponet3d_r128_w16.npz: OK
out/fields/N64_case10_deeponet3d_r128_w16_native_grid_interpolated.npz: OK
out/fields/N64_case10_deeponet3d_r128_w16_native_sensors_continuous_trunk.npz: OK
out/fields/N64_case10_dst_exact.npz: OK
out/fields/N64_case10_fno3d_w16_m6.npz: OK
out/fields/N64_case10_fno3d_w16_m6_native_grid_interpolated.npz: OK
out/fields/N64_case10_fno3d_w16_m6_physical_padding_transfer.npz: OK
out/fields/N64_case10_fom_cn_cg_dt0.025_rtol1e-02.npz: OK
out/fields/N64_case10_fom_cn_cg_dt0.025_rtol1e-04.npz: OK
out/fields/N64_case10_fom_cn_cg_dt0.025_rtol1e-06.npz: OK
out/fields/N64_case10_fom_cn_cg_dt0.05_rtol1e-02.npz: OK
out/fields/N64_case10_fom_cn_cg_dt0.05_rtol1e-04.npz: OK
out/fields/N64_case10_fom_cn_cg_dt0.05_rtol1e-06.npz: OK
out/fields/N64_case10_fom_cn_cg_dt0.1_rtol1e-02.npz: OK
out/fields/N64_case10_fom_cn_cg_dt0.1_rtol1e-04.npz: OK
out/fields/N64_case10_fom_cn_cg_dt0.1_rtol1e-06.npz: OK
out/fields/N64_case10_linear_bank_cn.npz: OK
out/fields/N64_case10_linear_bank_exact.npz: OK
out/fields/N64_case10_linear_bank_galerkin_exact.npz: OK
out/fields/N64_case10_nmrom_K16_q0_dense.npz: OK
out/fields/N64_case10_nmrom_K16_q32_dense.npz: OK
out/fields/N64_case10_nmrom_K16_q64_dense.npz: OK
out/fields/N64_case10_nmrom_K16_q96_dense.npz: OK
out/fields/N64_case10_nmrom_K16_q96_dense_dt_half.npz: OK
out/fields/N64_case10_nmrom_K32_q0_dense.npz: OK
out/fields/N64_case10_nmrom_K32_q32_dense.npz: OK
out/fields/N64_case10_nmrom_K32_q64_dense.npz: OK
out/fields/N64_case10_nmrom_K32_q96_dense.npz: OK
out/fields/N64_case10_nmrom_K32_q96_dense_dt_half.npz: OK
out/fields/N64_case10_pod112_exact.npz: OK
out/fields/N64_case10_pod128_exact.npz: OK
out/fields/N64_case10_pod16_exact.npz: OK
out/fields/N64_case10_pod32_exact.npz: OK
out/fields/N64_case10_pod48_exact.npz: OK
out/fields/N64_case10_pod64_exact.npz: OK
out/fields/N64_case10_pod80_exact.npz: OK
out/fields/N64_case10_pod96_exact.npz: OK
out/fields/N64_case10_reference.npz: OK
out/fields/N64_case10_transolver3d_w48_s32.npz: OK
out/fields/N64_case10_transolver3d_w48_s32_native_grid_interpolated.npz: OK
out/fields/N64_case10_unet3d_w8.npz: OK
out/fields/N64_case10_unet3d_w8_native_grid_interpolated.npz: OK
out/fields/N64_case11_deeponet3d_r128_w16.npz: OK
out/fields/N64_case11_deeponet3d_r128_w16_native_grid_interpolated.npz: OK
out/fields/N64_case11_deeponet3d_r128_w16_native_sensors_continuous_trunk.npz: OK
out/fields/N64_case11_dst_exact.npz: OK
out/fields/N64_case11_fno3d_w16_m6.npz: OK
out/fields/N64_case11_fno3d_w16_m6_native_grid_interpolated.npz: OK
out/fields/N64_case11_fno3d_w16_m6_physical_padding_transfer.npz: OK
out/fields/N64_case11_fom_cn_cg_dt0.025_rtol1e-02.npz: OK
out/fields/N64_case11_fom_cn_cg_dt0.025_rtol1e-04.npz: OK
out/fields/N64_case11_fom_cn_cg_dt0.025_rtol1e-06.npz: OK
out/fields/N64_case11_fom_cn_cg_dt0.05_rtol1e-02.npz: OK
out/fields/N64_case11_fom_cn_cg_dt0.05_rtol1e-04.npz: OK
out/fields/N64_case11_fom_cn_cg_dt0.05_rtol1e-06.npz: OK
out/fields/N64_case11_fom_cn_cg_dt0.1_rtol1e-02.npz: OK
out/fields/N64_case11_fom_cn_cg_dt0.1_rtol1e-04.npz: OK
out/fields/N64_case11_fom_cn_cg_dt0.1_rtol1e-06.npz: OK
out/fields/N64_case11_linear_bank_cn.npz: OK
out/fields/N64_case11_linear_bank_exact.npz: OK
out/fields/N64_case11_linear_bank_galerkin_exact.npz: OK
out/fields/N64_case11_nmrom_K16_q0_dense.npz: OK
out/fields/N64_case11_nmrom_K16_q32_dense.npz: OK
out/fields/N64_case11_nmrom_K16_q64_dense.npz: OK
out/fields/N64_case11_nmrom_K16_q96_dense.npz: OK
out/fields/N64_case11_nmrom_K16_q96_dense_dt_half.npz: OK
out/fields/N64_case11_nmrom_K32_q0_dense.npz: OK
out/fields/N64_case11_nmrom_K32_q32_dense.npz: OK
out/fields/N64_case11_nmrom_K32_q64_dense.npz: OK
out/fields/N64_case11_nmrom_K32_q96_dense.npz: OK
out/fields/N64_case11_nmrom_K32_q96_dense_dt_half.npz: OK
out/fields/N64_case11_pod112_exact.npz: OK
out/fields/N64_case11_pod128_exact.npz: OK
out/fields/N64_case11_pod16_exact.npz: OK
out/fields/N64_case11_pod32_exact.npz: OK
out/fields/N64_case11_pod48_exact.npz: OK
out/fields/N64_case11_pod64_exact.npz: OK
out/fields/N64_case11_pod80_exact.npz: OK
out/fields/N64_case11_pod96_exact.npz: OK
out/fields/N64_case11_reference.npz: OK
out/fields/N64_case11_transolver3d_w48_s32.npz: OK
out/fields/N64_case11_transolver3d_w48_s32_native_grid_interpolated.npz: OK
out/fields/N64_case11_unet3d_w8.npz: OK
out/fields/N64_case11_unet3d_w8_native_grid_interpolated.npz: OK
out/fields/N64_case12_deeponet3d_r128_w16.npz: OK
out/fields/N64_case12_deeponet3d_r128_w16_native_grid_interpolated.npz: OK
out/fields/N64_case12_deeponet3d_r128_w16_native_sensors_continuous_trunk.npz: OK
out/fields/N64_case12_dst_exact.npz: OK
out/fields/N64_case12_fno3d_w16_m6.npz: OK
out/fields/N64_case12_fno3d_w16_m6_native_grid_interpolated.npz: OK
out/fields/N64_case12_fno3d_w16_m6_physical_padding_transfer.npz: OK
out/fields/N64_case12_fom_cn_cg_dt0.025_rtol1e-02.npz: OK
out/fields/N64_case12_fom_cn_cg_dt0.025_rtol1e-04.npz: OK
out/fields/N64_case12_fom_cn_cg_dt0.025_rtol1e-06.npz: OK
out/fields/N64_case12_fom_cn_cg_dt0.05_rtol1e-02.npz: OK
out/fields/N64_case12_fom_cn_cg_dt0.05_rtol1e-04.npz: OK
out/fields/N64_case12_fom_cn_cg_dt0.05_rtol1e-06.npz: OK
out/fields/N64_case12_fom_cn_cg_dt0.1_rtol1e-02.npz: OK
out/fields/N64_case12_fom_cn_cg_dt0.1_rtol1e-04.npz: OK
out/fields/N64_case12_fom_cn_cg_dt0.1_rtol1e-06.npz: OK
out/fields/N64_case12_linear_bank_cn.npz: OK
out/fields/N64_case12_linear_bank_exact.npz: OK
out/fields/N64_case12_linear_bank_galerkin_exact.npz: OK
out/fields/N64_case12_nmrom_K16_q0_dense.npz: OK
out/fields/N64_case12_nmrom_K16_q32_dense.npz: OK
out/fields/N64_case12_nmrom_K16_q64_dense.npz: OK
out/fields/N64_case12_nmrom_K16_q96_dense.npz: OK
out/fields/N64_case12_nmrom_K16_q96_dense_dt_half.npz: OK
out/fields/N64_case12_nmrom_K32_q0_dense.npz: OK
out/fields/N64_case12_nmrom_K32_q32_dense.npz: OK
out/fields/N64_case12_nmrom_K32_q64_dense.npz: OK
out/fields/N64_case12_nmrom_K32_q96_dense.npz: OK
out/fields/N64_case12_nmrom_K32_q96_dense_dt_half.npz: OK
out/fields/N64_case12_pod112_exact.npz: OK
out/fields/N64_case12_pod128_exact.npz: OK
out/fields/N64_case12_pod16_exact.npz: OK
out/fields/N64_case12_pod32_exact.npz: OK
out/fields/N64_case12_pod48_exact.npz: OK
out/fields/N64_case12_pod64_exact.npz: OK
out/fields/N64_case12_pod80_exact.npz: OK
out/fields/N64_case12_pod96_exact.npz: OK
out/fields/N64_case12_reference.npz: OK
out/fields/N64_case12_transolver3d_w48_s32.npz: OK
out/fields/N64_case12_transolver3d_w48_s32_native_grid_interpolated.npz: OK
out/fields/N64_case12_unet3d_w8.npz: OK
out/fields/N64_case12_unet3d_w8_native_grid_interpolated.npz: OK
out/fields/N64_case13_deeponet3d_r128_w16.npz: OK
out/fields/N64_case13_deeponet3d_r128_w16_native_grid_interpolated.npz: OK
out/fields/N64_case13_deeponet3d_r128_w16_native_sensors_continuous_trunk.npz: OK
out/fields/N64_case13_dst_exact.npz: OK
out/fields/N64_case13_fno3d_w16_m6.npz: OK
out/fields/N64_case13_fno3d_w16_m6_native_grid_interpolated.npz: OK
out/fields/N64_case13_fno3d_w16_m6_physical_padding_transfer.npz: OK
out/fields/N64_case13_fom_cn_cg_dt0.025_rtol1e-02.npz: OK
out/fields/N64_case13_fom_cn_cg_dt0.025_rtol1e-04.npz: OK
out/fields/N64_case13_fom_cn_cg_dt0.025_rtol1e-06.npz: OK
out/fields/N64_case13_fom_cn_cg_dt0.05_rtol1e-02.npz: OK
out/fields/N64_case13_fom_cn_cg_dt0.05_rtol1e-04.npz: OK
out/fields/N64_case13_fom_cn_cg_dt0.05_rtol1e-06.npz: OK
out/fields/N64_case13_fom_cn_cg_dt0.1_rtol1e-02.npz: OK
out/fields/N64_case13_fom_cn_cg_dt0.1_rtol1e-04.npz: OK
out/fields/N64_case13_fom_cn_cg_dt0.1_rtol1e-06.npz: OK
out/fields/N64_case13_linear_bank_cn.npz: OK
out/fields/N64_case13_linear_bank_exact.npz: OK
out/fields/N64_case13_linear_bank_galerkin_exact.npz: OK
out/fields/N64_case13_nmrom_K16_q0_dense.npz: OK
out/fields/N64_case13_nmrom_K16_q32_dense.npz: OK
out/fields/N64_case13_nmrom_K16_q64_dense.npz: OK
out/fields/N64_case13_nmrom_K16_q96_dense.npz: OK
out/fields/N64_case13_nmrom_K16_q96_dense_dt_half.npz: OK
out/fields/N64_case13_nmrom_K32_q0_dense.npz: OK
out/fields/N64_case13_nmrom_K32_q32_dense.npz: OK
out/fields/N64_case13_nmrom_K32_q64_dense.npz: OK
out/fields/N64_case13_nmrom_K32_q96_dense.npz: OK
out/fields/N64_case13_nmrom_K32_q96_dense_dt_half.npz: OK
out/fields/N64_case13_pod112_exact.npz: OK
out/fields/N64_case13_pod128_exact.npz: OK
out/fields/N64_case13_pod16_exact.npz: OK
out/fields/N64_case13_pod32_exact.npz: OK
out/fields/N64_case13_pod48_exact.npz: OK
out/fields/N64_case13_pod64_exact.npz: OK
out/fields/N64_case13_pod80_exact.npz: OK
out/fields/N64_case13_pod96_exact.npz: OK
out/fields/N64_case13_reference.npz: OK
out/fields/N64_case13_transolver3d_w48_s32.npz: OK
out/fields/N64_case13_transolver3d_w48_s32_native_grid_interpolated.npz: OK
out/fields/N64_case13_unet3d_w8.npz: OK
out/fields/N64_case13_unet3d_w8_native_grid_interpolated.npz: OK
out/fields/N64_case14_deeponet3d_r128_w16.npz: OK
out/fields/N64_case14_deeponet3d_r128_w16_native_grid_interpolated.npz: OK
out/fields/N64_case14_deeponet3d_r128_w16_native_sensors_continuous_trunk.npz: OK
out/fields/N64_case14_dst_exact.npz: OK
out/fields/N64_case14_fno3d_w16_m6.npz: OK
out/fields/N64_case14_fno3d_w16_m6_native_grid_interpolated.npz: OK
out/fields/N64_case14_fno3d_w16_m6_physical_padding_transfer.npz: OK
out/fields/N64_case14_fom_cn_cg_dt0.025_rtol1e-02.npz: OK
out/fields/N64_case14_fom_cn_cg_dt0.025_rtol1e-04.npz: OK
out/fields/N64_case14_fom_cn_cg_dt0.025_rtol1e-06.npz: OK
out/fields/N64_case14_fom_cn_cg_dt0.05_rtol1e-02.npz: OK
out/fields/N64_case14_fom_cn_cg_dt0.05_rtol1e-04.npz: OK
out/fields/N64_case14_fom_cn_cg_dt0.05_rtol1e-06.npz: OK
out/fields/N64_case14_fom_cn_cg_dt0.1_rtol1e-02.npz: OK
out/fields/N64_case14_fom_cn_cg_dt0.1_rtol1e-04.npz: OK
out/fields/N64_case14_fom_cn_cg_dt0.1_rtol1e-06.npz: OK
out/fields/N64_case14_linear_bank_cn.npz: OK
out/fields/N64_case14_linear_bank_exact.npz: OK
out/fields/N64_case14_linear_bank_galerkin_exact.npz: OK
out/fields/N64_case14_nmrom_K16_q0_dense.npz: OK
out/fields/N64_case14_nmrom_K16_q32_dense.npz: OK
out/fields/N64_case14_nmrom_K16_q64_dense.npz: OK
out/fields/N64_case14_nmrom_K16_q96_dense.npz: OK
out/fields/N64_case14_nmrom_K16_q96_dense_dt_half.npz: OK
out/fields/N64_case14_nmrom_K32_q0_dense.npz: OK
out/fields/N64_case14_nmrom_K32_q32_dense.npz: OK
out/fields/N64_case14_nmrom_K32_q64_dense.npz: OK
out/fields/N64_case14_nmrom_K32_q96_dense.npz: OK
out/fields/N64_case14_nmrom_K32_q96_dense_dt_half.npz: OK
out/fields/N64_case14_pod112_exact.npz: OK
out/fields/N64_case14_pod128_exact.npz: OK
out/fields/N64_case14_pod16_exact.npz: OK
out/fields/N64_case14_pod32_exact.npz: OK
out/fields/N64_case14_pod48_exact.npz: OK
out/fields/N64_case14_pod64_exact.npz: OK
out/fields/N64_case14_pod80_exact.npz: OK
out/fields/N64_case14_pod96_exact.npz: OK
out/fields/N64_case14_reference.npz: OK
out/fields/N64_case14_transolver3d_w48_s32.npz: OK
out/fields/N64_case14_transolver3d_w48_s32_native_grid_interpolated.npz: OK
out/fields/N64_case14_unet3d_w8.npz: OK
out/fields/N64_case14_unet3d_w8_native_grid_interpolated.npz: OK
out/fields/N64_case15_deeponet3d_r128_w16.npz: OK
out/fields/N64_case15_deeponet3d_r128_w16_native_grid_interpolated.npz: OK
out/fields/N64_case15_deeponet3d_r128_w16_native_sensors_continuous_trunk.npz: OK
out/fields/N64_case15_dst_exact.npz: OK
out/fields/N64_case15_fno3d_w16_m6.npz: OK
out/fields/N64_case15_fno3d_w16_m6_native_grid_interpolated.npz: OK
out/fields/N64_case15_fno3d_w16_m6_physical_padding_transfer.npz: OK
out/fields/N64_case15_fom_cn_cg_dt0.025_rtol1e-02.npz: OK
out/fields/N64_case15_fom_cn_cg_dt0.025_rtol1e-04.npz: OK
out/fields/N64_case15_fom_cn_cg_dt0.025_rtol1e-06.npz: OK
out/fields/N64_case15_fom_cn_cg_dt0.05_rtol1e-02.npz: OK
out/fields/N64_case15_fom_cn_cg_dt0.05_rtol1e-04.npz: OK
out/fields/N64_case15_fom_cn_cg_dt0.05_rtol1e-06.npz: OK
out/fields/N64_case15_fom_cn_cg_dt0.1_rtol1e-02.npz: OK
out/fields/N64_case15_fom_cn_cg_dt0.1_rtol1e-04.npz: OK
out/fields/N64_case15_fom_cn_cg_dt0.1_rtol1e-06.npz: OK
out/fields/N64_case15_linear_bank_cn.npz: OK
out/fields/N64_case15_linear_bank_exact.npz: OK
out/fields/N64_case15_linear_bank_galerkin_exact.npz: OK
out/fields/N64_case15_nmrom_K16_q0_dense.npz: OK
out/fields/N64_case15_nmrom_K16_q32_dense.npz: OK
out/fields/N64_case15_nmrom_K16_q64_dense.npz: OK
out/fields/N64_case15_nmrom_K16_q96_dense.npz: OK
out/fields/N64_case15_nmrom_K16_q96_dense_dt_half.npz: OK
out/fields/N64_case15_nmrom_K32_q0_dense.npz: OK
out/fields/N64_case15_nmrom_K32_q32_dense.npz: OK
out/fields/N64_case15_nmrom_K32_q64_dense.npz: OK
out/fields/N64_case15_nmrom_K32_q96_dense.npz: OK
out/fields/N64_case15_nmrom_K32_q96_dense_dt_half.npz: OK
out/fields/N64_case15_pod112_exact.npz: OK
out/fields/N64_case15_pod128_exact.npz: OK
out/fields/N64_case15_pod16_exact.npz: OK
out/fields/N64_case15_pod32_exact.npz: OK
out/fields/N64_case15_pod48_exact.npz: OK
out/fields/N64_case15_pod64_exact.npz: OK
out/fields/N64_case15_pod80_exact.npz: OK
out/fields/N64_case15_pod96_exact.npz: OK
out/fields/N64_case15_reference.npz: OK
out/fields/N64_case15_transolver3d_w48_s32.npz: OK
out/fields/N64_case15_transolver3d_w48_s32_native_grid_interpolated.npz: OK
out/fields/N64_case15_unet3d_w8.npz: OK
out/fields/N64_case15_unet3d_w8_native_grid_interpolated.npz: OK
out/fields/N64_case1_deeponet3d_r128_w16.npz: OK
out/fields/N64_case1_deeponet3d_r128_w16_native_grid_interpolated.npz: OK
out/fields/N64_case1_deeponet3d_r128_w16_native_sensors_continuous_trunk.npz: OK
out/fields/N64_case1_dst_exact.npz: OK
out/fields/N64_case1_fno3d_w16_m6.npz: OK
out/fields/N64_case1_fno3d_w16_m6_native_grid_interpolated.npz: OK
out/fields/N64_case1_fno3d_w16_m6_physical_padding_transfer.npz: OK
out/fields/N64_case1_fom_cn_cg_dt0.025_rtol1e-02.npz: OK
out/fields/N64_case1_fom_cn_cg_dt0.025_rtol1e-04.npz: OK
out/fields/N64_case1_fom_cn_cg_dt0.025_rtol1e-06.npz: OK
out/fields/N64_case1_fom_cn_cg_dt0.05_rtol1e-02.npz: OK
out/fields/N64_case1_fom_cn_cg_dt0.05_rtol1e-04.npz: OK
out/fields/N64_case1_fom_cn_cg_dt0.05_rtol1e-06.npz: OK
out/fields/N64_case1_fom_cn_cg_dt0.1_rtol1e-02.npz: OK
out/fields/N64_case1_fom_cn_cg_dt0.1_rtol1e-04.npz: OK
out/fields/N64_case1_fom_cn_cg_dt0.1_rtol1e-06.npz: OK
out/fields/N64_case1_linear_bank_cn.npz: OK
out/fields/N64_case1_linear_bank_exact.npz: OK
out/fields/N64_case1_linear_bank_galerkin_exact.npz: OK
out/fields/N64_case1_nmrom_K16_q0_dense.npz: OK
out/fields/N64_case1_nmrom_K16_q32_dense.npz: OK
out/fields/N64_case1_nmrom_K16_q64_dense.npz: OK
out/fields/N64_case1_nmrom_K16_q96_dense.npz: OK
out/fields/N64_case1_nmrom_K16_q96_dense_dt_half.npz: OK
out/fields/N64_case1_nmrom_K32_q0_dense.npz: OK
out/fields/N64_case1_nmrom_K32_q32_dense.npz: OK
out/fields/N64_case1_nmrom_K32_q64_dense.npz: OK
out/fields/N64_case1_nmrom_K32_q96_dense.npz: OK
out/fields/N64_case1_nmrom_K32_q96_dense_dt_half.npz: OK
out/fields/N64_case1_pod112_exact.npz: OK
out/fields/N64_case1_pod128_exact.npz: OK
out/fields/N64_case1_pod16_exact.npz: OK
out/fields/N64_case1_pod32_exact.npz: OK
out/fields/N64_case1_pod48_exact.npz: OK
out/fields/N64_case1_pod64_exact.npz: OK
out/fields/N64_case1_pod80_exact.npz: OK
out/fields/N64_case1_pod96_exact.npz: OK
out/fields/N64_case1_reference.npz: OK
out/fields/N64_case1_transolver3d_w48_s32.npz: OK
out/fields/N64_case1_transolver3d_w48_s32_native_grid_interpolated.npz: OK
out/fields/N64_case1_unet3d_w8.npz: OK
out/fields/N64_case1_unet3d_w8_native_grid_interpolated.npz: OK
out/fields/N64_case2_deeponet3d_r128_w16.npz: OK
out/fields/N64_case2_deeponet3d_r128_w16_native_grid_interpolated.npz: OK
out/fields/N64_case2_deeponet3d_r128_w16_native_sensors_continuous_trunk.npz: OK
out/fields/N64_case2_dst_exact.npz: OK
out/fields/N64_case2_fno3d_w16_m6.npz: OK
out/fields/N64_case2_fno3d_w16_m6_native_grid_interpolated.npz: OK
out/fields/N64_case2_fno3d_w16_m6_physical_padding_transfer.npz: OK
out/fields/N64_case2_fom_cn_cg_dt0.025_rtol1e-02.npz: OK
out/fields/N64_case2_fom_cn_cg_dt0.025_rtol1e-04.npz: OK
out/fields/N64_case2_fom_cn_cg_dt0.025_rtol1e-06.npz: OK
out/fields/N64_case2_fom_cn_cg_dt0.05_rtol1e-02.npz: OK
out/fields/N64_case2_fom_cn_cg_dt0.05_rtol1e-04.npz: OK
out/fields/N64_case2_fom_cn_cg_dt0.05_rtol1e-06.npz: OK
out/fields/N64_case2_fom_cn_cg_dt0.1_rtol1e-02.npz: OK
out/fields/N64_case2_fom_cn_cg_dt0.1_rtol1e-04.npz: OK
out/fields/N64_case2_fom_cn_cg_dt0.1_rtol1e-06.npz: OK
out/fields/N64_case2_linear_bank_cn.npz: OK
out/fields/N64_case2_linear_bank_exact.npz: OK
out/fields/N64_case2_linear_bank_galerkin_exact.npz: OK
out/fields/N64_case2_nmrom_K16_q0_dense.npz: OK
out/fields/N64_case2_nmrom_K16_q32_dense.npz: OK
out/fields/N64_case2_nmrom_K16_q64_dense.npz: OK
out/fields/N64_case2_nmrom_K16_q96_dense.npz: OK
out/fields/N64_case2_nmrom_K16_q96_dense_dt_half.npz: OK
out/fields/N64_case2_nmrom_K32_q0_dense.npz: OK
out/fields/N64_case2_nmrom_K32_q32_dense.npz: OK
out/fields/N64_case2_nmrom_K32_q64_dense.npz: OK
out/fields/N64_case2_nmrom_K32_q96_dense.npz: OK
out/fields/N64_case2_nmrom_K32_q96_dense_dt_half.npz: OK
out/fields/N64_case2_pod112_exact.npz: OK
out/fields/N64_case2_pod128_exact.npz: OK
out/fields/N64_case2_pod16_exact.npz: OK
out/fields/N64_case2_pod32_exact.npz: OK
out/fields/N64_case2_pod48_exact.npz: OK
out/fields/N64_case2_pod64_exact.npz: OK
out/fields/N64_case2_pod80_exact.npz: OK
out/fields/N64_case2_pod96_exact.npz: OK
out/fields/N64_case2_reference.npz: OK
out/fields/N64_case2_transolver3d_w48_s32.npz: OK
out/fields/N64_case2_transolver3d_w48_s32_native_grid_interpolated.npz: OK
out/fields/N64_case2_unet3d_w8.npz: OK
out/fields/N64_case2_unet3d_w8_native_grid_interpolated.npz: OK
out/fields/N64_case3_deeponet3d_r128_w16.npz: OK
out/fields/N64_case3_deeponet3d_r128_w16_native_grid_interpolated.npz: OK
out/fields/N64_case3_deeponet3d_r128_w16_native_sensors_continuous_trunk.npz: OK
out/fields/N64_case3_dst_exact.npz: OK
out/fields/N64_case3_fno3d_w16_m6.npz: OK
out/fields/N64_case3_fno3d_w16_m6_native_grid_interpolated.npz: OK
out/fields/N64_case3_fno3d_w16_m6_physical_padding_transfer.npz: OK
out/fields/N64_case3_fom_cn_cg_dt0.025_rtol1e-02.npz: OK
out/fields/N64_case3_fom_cn_cg_dt0.025_rtol1e-04.npz: OK
out/fields/N64_case3_fom_cn_cg_dt0.025_rtol1e-06.npz: OK
out/fields/N64_case3_fom_cn_cg_dt0.05_rtol1e-02.npz: OK
out/fields/N64_case3_fom_cn_cg_dt0.05_rtol1e-04.npz: OK
out/fields/N64_case3_fom_cn_cg_dt0.05_rtol1e-06.npz: OK
out/fields/N64_case3_fom_cn_cg_dt0.1_rtol1e-02.npz: OK
out/fields/N64_case3_fom_cn_cg_dt0.1_rtol1e-04.npz: OK
out/fields/N64_case3_fom_cn_cg_dt0.1_rtol1e-06.npz: OK
out/fields/N64_case3_linear_bank_cn.npz: OK
out/fields/N64_case3_linear_bank_exact.npz: OK
out/fields/N64_case3_linear_bank_galerkin_exact.npz: OK
out/fields/N64_case3_nmrom_K16_q0_dense.npz: OK
out/fields/N64_case3_nmrom_K16_q32_dense.npz: OK
out/fields/N64_case3_nmrom_K16_q64_dense.npz: OK
out/fields/N64_case3_nmrom_K16_q96_dense.npz: OK
out/fields/N64_case3_nmrom_K16_q96_dense_dt_half.npz: OK
out/fields/N64_case3_nmrom_K32_q0_dense.npz: OK
out/fields/N64_case3_nmrom_K32_q32_dense.npz: OK
out/fields/N64_case3_nmrom_K32_q64_dense.npz: OK
out/fields/N64_case3_nmrom_K32_q96_dense.npz: OK
out/fields/N64_case3_nmrom_K32_q96_dense_dt_half.npz: OK
out/fields/N64_case3_pod112_exact.npz: OK
out/fields/N64_case3_pod128_exact.npz: OK
out/fields/N64_case3_pod16_exact.npz: OK
out/fields/N64_case3_pod32_exact.npz: OK
out/fields/N64_case3_pod48_exact.npz: OK
out/fields/N64_case3_pod64_exact.npz: OK
out/fields/N64_case3_pod80_exact.npz: OK
out/fields/N64_case3_pod96_exact.npz: OK
out/fields/N64_case3_reference.npz: OK
out/fields/N64_case3_transolver3d_w48_s32.npz: OK
out/fields/N64_case3_transolver3d_w48_s32_native_grid_interpolated.npz: OK
out/fields/N64_case3_unet3d_w8.npz: OK
out/fields/N64_case3_unet3d_w8_native_grid_interpolated.npz: OK
out/fields/N64_case4_deeponet3d_r128_w16.npz: OK
out/fields/N64_case4_deeponet3d_r128_w16_native_grid_interpolated.npz: OK
out/fields/N64_case4_deeponet3d_r128_w16_native_sensors_continuous_trunk.npz: OK
out/fields/N64_case4_dst_exact.npz: OK
out/fields/N64_case4_fno3d_w16_m6.npz: OK
out/fields/N64_case4_fno3d_w16_m6_native_grid_interpolated.npz: OK
out/fields/N64_case4_fno3d_w16_m6_physical_padding_transfer.npz: OK
out/fields/N64_case4_fom_cn_cg_dt0.025_rtol1e-02.npz: OK
out/fields/N64_case4_fom_cn_cg_dt0.025_rtol1e-04.npz: OK
out/fields/N64_case4_fom_cn_cg_dt0.025_rtol1e-06.npz: OK
out/fields/N64_case4_fom_cn_cg_dt0.05_rtol1e-02.npz: OK
out/fields/N64_case4_fom_cn_cg_dt0.05_rtol1e-04.npz: OK
out/fields/N64_case4_fom_cn_cg_dt0.05_rtol1e-06.npz: OK
out/fields/N64_case4_fom_cn_cg_dt0.1_rtol1e-02.npz: OK
out/fields/N64_case4_fom_cn_cg_dt0.1_rtol1e-04.npz: OK
out/fields/N64_case4_fom_cn_cg_dt0.1_rtol1e-06.npz: OK
out/fields/N64_case4_linear_bank_cn.npz: OK
out/fields/N64_case4_linear_bank_exact.npz: OK
out/fields/N64_case4_linear_bank_galerkin_exact.npz: OK
out/fields/N64_case4_nmrom_K16_q0_dense.npz: OK
out/fields/N64_case4_nmrom_K16_q32_dense.npz: OK
out/fields/N64_case4_nmrom_K16_q64_dense.npz: OK
out/fields/N64_case4_nmrom_K16_q96_dense.npz: OK
out/fields/N64_case4_nmrom_K16_q96_dense_dt_half.npz: OK
out/fields/N64_case4_nmrom_K32_q0_dense.npz: OK
out/fields/N64_case4_nmrom_K32_q32_dense.npz: OK
out/fields/N64_case4_nmrom_K32_q64_dense.npz: OK
out/fields/N64_case4_nmrom_K32_q96_dense.npz: OK
out/fields/N64_case4_nmrom_K32_q96_dense_dt_half.npz: OK
out/fields/N64_case4_pod112_exact.npz: OK
out/fields/N64_case4_pod128_exact.npz: OK
out/fields/N64_case4_pod16_exact.npz: OK
out/fields/N64_case4_pod32_exact.npz: OK
out/fields/N64_case4_pod48_exact.npz: OK
out/fields/N64_case4_pod64_exact.npz: OK
out/fields/N64_case4_pod80_exact.npz: OK
out/fields/N64_case4_pod96_exact.npz: OK
out/fields/N64_case4_reference.npz: OK
out/fields/N64_case4_transolver3d_w48_s32.npz: OK
out/fields/N64_case4_transolver3d_w48_s32_native_grid_interpolated.npz: OK
out/fields/N64_case4_unet3d_w8.npz: OK
out/fields/N64_case4_unet3d_w8_native_grid_interpolated.npz: OK
out/fields/N64_case5_deeponet3d_r128_w16.npz: OK
out/fields/N64_case5_deeponet3d_r128_w16_native_grid_interpolated.npz: OK
out/fields/N64_case5_deeponet3d_r128_w16_native_sensors_continuous_trunk.npz: OK
out/fields/N64_case5_dst_exact.npz: OK
out/fields/N64_case5_fno3d_w16_m6.npz: OK
out/fields/N64_case5_fno3d_w16_m6_native_grid_interpolated.npz: OK
out/fields/N64_case5_fno3d_w16_m6_physical_padding_transfer.npz: OK
out/fields/N64_case5_fom_cn_cg_dt0.025_rtol1e-02.npz: OK
out/fields/N64_case5_fom_cn_cg_dt0.025_rtol1e-04.npz: OK
out/fields/N64_case5_fom_cn_cg_dt0.025_rtol1e-06.npz: OK
out/fields/N64_case5_fom_cn_cg_dt0.05_rtol1e-02.npz: OK
out/fields/N64_case5_fom_cn_cg_dt0.05_rtol1e-04.npz: OK
out/fields/N64_case5_fom_cn_cg_dt0.05_rtol1e-06.npz: OK
out/fields/N64_case5_fom_cn_cg_dt0.1_rtol1e-02.npz: OK
out/fields/N64_case5_fom_cn_cg_dt0.1_rtol1e-04.npz: OK
out/fields/N64_case5_fom_cn_cg_dt0.1_rtol1e-06.npz: OK
out/fields/N64_case5_linear_bank_cn.npz: OK
out/fields/N64_case5_linear_bank_exact.npz: OK
out/fields/N64_case5_linear_bank_galerkin_exact.npz: OK
out/fields/N64_case5_nmrom_K16_q0_dense.npz: OK
out/fields/N64_case5_nmrom_K16_q32_dense.npz: OK
out/fields/N64_case5_nmrom_K16_q64_dense.npz: OK
out/fields/N64_case5_nmrom_K16_q96_dense.npz: OK
out/fields/N64_case5_nmrom_K16_q96_dense_dt_half.npz: OK
out/fields/N64_case5_nmrom_K32_q0_dense.npz: OK
out/fields/N64_case5_nmrom_K32_q32_dense.npz: OK
out/fields/N64_case5_nmrom_K32_q64_dense.npz: OK
out/fields/N64_case5_nmrom_K32_q96_dense.npz: OK
out/fields/N64_case5_nmrom_K32_q96_dense_dt_half.npz: OK
out/fields/N64_case5_pod112_exact.npz: OK
out/fields/N64_case5_pod128_exact.npz: OK
out/fields/N64_case5_pod16_exact.npz: OK
out/fields/N64_case5_pod32_exact.npz: OK
out/fields/N64_case5_pod48_exact.npz: OK
out/fields/N64_case5_pod64_exact.npz: OK
out/fields/N64_case5_pod80_exact.npz: OK
out/fields/N64_case5_pod96_exact.npz: OK
out/fields/N64_case5_reference.npz: OK
out/fields/N64_case5_transolver3d_w48_s32.npz: OK
out/fields/N64_case5_transolver3d_w48_s32_native_grid_interpolated.npz: OK
out/fields/N64_case5_unet3d_w8.npz: OK
out/fields/N64_case5_unet3d_w8_native_grid_interpolated.npz: OK
out/fields/N64_case6_deeponet3d_r128_w16.npz: OK
out/fields/N64_case6_deeponet3d_r128_w16_native_grid_interpolated.npz: OK
out/fields/N64_case6_deeponet3d_r128_w16_native_sensors_continuous_trunk.npz: OK
out/fields/N64_case6_dst_exact.npz: OK
out/fields/N64_case6_fno3d_w16_m6.npz: OK
out/fields/N64_case6_fno3d_w16_m6_native_grid_interpolated.npz: OK
out/fields/N64_case6_fno3d_w16_m6_physical_padding_transfer.npz: OK
out/fields/N64_case6_fom_cn_cg_dt0.025_rtol1e-02.npz: OK
out/fields/N64_case6_fom_cn_cg_dt0.025_rtol1e-04.npz: OK
out/fields/N64_case6_fom_cn_cg_dt0.025_rtol1e-06.npz: OK
out/fields/N64_case6_fom_cn_cg_dt0.05_rtol1e-02.npz: OK
out/fields/N64_case6_fom_cn_cg_dt0.05_rtol1e-04.npz: OK
out/fields/N64_case6_fom_cn_cg_dt0.05_rtol1e-06.npz: OK
out/fields/N64_case6_fom_cn_cg_dt0.1_rtol1e-02.npz: OK
out/fields/N64_case6_fom_cn_cg_dt0.1_rtol1e-04.npz: OK
out/fields/N64_case6_fom_cn_cg_dt0.1_rtol1e-06.npz: OK
out/fields/N64_case6_linear_bank_cn.npz: OK
out/fields/N64_case6_linear_bank_exact.npz: OK
out/fields/N64_case6_linear_bank_galerkin_exact.npz: OK
out/fields/N64_case6_nmrom_K16_q0_dense.npz: OK
out/fields/N64_case6_nmrom_K16_q32_dense.npz: OK
out/fields/N64_case6_nmrom_K16_q64_dense.npz: OK
out/fields/N64_case6_nmrom_K16_q96_dense.npz: OK
out/fields/N64_case6_nmrom_K16_q96_dense_dt_half.npz: OK
out/fields/N64_case6_nmrom_K32_q0_dense.npz: OK
out/fields/N64_case6_nmrom_K32_q32_dense.npz: OK
out/fields/N64_case6_nmrom_K32_q64_dense.npz: OK
out/fields/N64_case6_nmrom_K32_q96_dense.npz: OK
out/fields/N64_case6_nmrom_K32_q96_dense_dt_half.npz: OK
out/fields/N64_case6_pod112_exact.npz: OK
out/fields/N64_case6_pod128_exact.npz: OK
out/fields/N64_case6_pod16_exact.npz: OK
out/fields/N64_case6_pod32_exact.npz: OK
out/fields/N64_case6_pod48_exact.npz: OK
out/fields/N64_case6_pod64_exact.npz: OK
out/fields/N64_case6_pod80_exact.npz: OK
out/fields/N64_case6_pod96_exact.npz: OK
out/fields/N64_case6_reference.npz: OK
out/fields/N64_case6_transolver3d_w48_s32.npz: OK
out/fields/N64_case6_transolver3d_w48_s32_native_grid_interpolated.npz: OK
out/fields/N64_case6_unet3d_w8.npz: OK
out/fields/N64_case6_unet3d_w8_native_grid_interpolated.npz: OK
out/fields/N64_case7_deeponet3d_r128_w16.npz: OK
out/fields/N64_case7_deeponet3d_r128_w16_native_grid_interpolated.npz: OK
out/fields/N64_case7_deeponet3d_r128_w16_native_sensors_continuous_trunk.npz: OK
out/fields/N64_case7_dst_exact.npz: OK
out/fields/N64_case7_fno3d_w16_m6.npz: OK
out/fields/N64_case7_fno3d_w16_m6_native_grid_interpolated.npz: OK
out/fields/N64_case7_fno3d_w16_m6_physical_padding_transfer.npz: OK
out/fields/N64_case7_fom_cn_cg_dt0.025_rtol1e-02.npz: OK
out/fields/N64_case7_fom_cn_cg_dt0.025_rtol1e-04.npz: OK
out/fields/N64_case7_fom_cn_cg_dt0.025_rtol1e-06.npz: OK
out/fields/N64_case7_fom_cn_cg_dt0.05_rtol1e-02.npz: OK
out/fields/N64_case7_fom_cn_cg_dt0.05_rtol1e-04.npz: OK
out/fields/N64_case7_fom_cn_cg_dt0.05_rtol1e-06.npz: OK
out/fields/N64_case7_fom_cn_cg_dt0.1_rtol1e-02.npz: OK
out/fields/N64_case7_fom_cn_cg_dt0.1_rtol1e-04.npz: OK
out/fields/N64_case7_fom_cn_cg_dt0.1_rtol1e-06.npz: OK
out/fields/N64_case7_linear_bank_cn.npz: OK
out/fields/N64_case7_linear_bank_exact.npz: OK
out/fields/N64_case7_linear_bank_galerkin_exact.npz: OK
out/fields/N64_case7_nmrom_K16_q0_dense.npz: OK
out/fields/N64_case7_nmrom_K16_q32_dense.npz: OK
out/fields/N64_case7_nmrom_K16_q64_dense.npz: OK
out/fields/N64_case7_nmrom_K16_q96_dense.npz: OK
out/fields/N64_case7_nmrom_K16_q96_dense_dt_half.npz: OK
out/fields/N64_case7_nmrom_K32_q0_dense.npz: OK
out/fields/N64_case7_nmrom_K32_q32_dense.npz: OK
out/fields/N64_case7_nmrom_K32_q64_dense.npz: OK
out/fields/N64_case7_nmrom_K32_q96_dense.npz: OK
out/fields/N64_case7_nmrom_K32_q96_dense_dt_half.npz: OK
out/fields/N64_case7_pod112_exact.npz: OK
out/fields/N64_case7_pod128_exact.npz: OK
out/fields/N64_case7_pod16_exact.npz: OK
out/fields/N64_case7_pod32_exact.npz: OK
out/fields/N64_case7_pod48_exact.npz: OK
out/fields/N64_case7_pod64_exact.npz: OK
out/fields/N64_case7_pod80_exact.npz: OK
out/fields/N64_case7_pod96_exact.npz: OK
out/fields/N64_case7_reference.npz: OK
out/fields/N64_case7_transolver3d_w48_s32.npz: OK
out/fields/N64_case7_transolver3d_w48_s32_native_grid_interpolated.npz: OK
out/fields/N64_case7_unet3d_w8.npz: OK
out/fields/N64_case7_unet3d_w8_native_grid_interpolated.npz: OK
out/fields/N64_case8_deeponet3d_r128_w16.npz: OK
out/fields/N64_case8_deeponet3d_r128_w16_native_grid_interpolated.npz: OK
out/fields/N64_case8_deeponet3d_r128_w16_native_sensors_continuous_trunk.npz: OK
out/fields/N64_case8_dst_exact.npz: OK
out/fields/N64_case8_fno3d_w16_m6.npz: OK
out/fields/N64_case8_fno3d_w16_m6_native_grid_interpolated.npz: OK
out/fields/N64_case8_fno3d_w16_m6_physical_padding_transfer.npz: OK
out/fields/N64_case8_fom_cn_cg_dt0.025_rtol1e-02.npz: OK
out/fields/N64_case8_fom_cn_cg_dt0.025_rtol1e-04.npz: OK
out/fields/N64_case8_fom_cn_cg_dt0.025_rtol1e-06.npz: OK
out/fields/N64_case8_fom_cn_cg_dt0.05_rtol1e-02.npz: OK
out/fields/N64_case8_fom_cn_cg_dt0.05_rtol1e-04.npz: OK
out/fields/N64_case8_fom_cn_cg_dt0.05_rtol1e-06.npz: OK
out/fields/N64_case8_fom_cn_cg_dt0.1_rtol1e-02.npz: OK
out/fields/N64_case8_fom_cn_cg_dt0.1_rtol1e-04.npz: OK
out/fields/N64_case8_fom_cn_cg_dt0.1_rtol1e-06.npz: OK
out/fields/N64_case8_linear_bank_cn.npz: OK
out/fields/N64_case8_linear_bank_exact.npz: OK
out/fields/N64_case8_linear_bank_galerkin_exact.npz: OK
out/fields/N64_case8_nmrom_K16_q0_dense.npz: OK
out/fields/N64_case8_nmrom_K16_q32_dense.npz: OK
out/fields/N64_case8_nmrom_K16_q64_dense.npz: OK
out/fields/N64_case8_nmrom_K16_q96_dense.npz: OK
out/fields/N64_case8_nmrom_K16_q96_dense_dt_half.npz: OK
out/fields/N64_case8_nmrom_K32_q0_dense.npz: OK
out/fields/N64_case8_nmrom_K32_q32_dense.npz: OK
out/fields/N64_case8_nmrom_K32_q64_dense.npz: OK
out/fields/N64_case8_nmrom_K32_q96_dense.npz: OK
out/fields/N64_case8_nmrom_K32_q96_dense_dt_half.npz: OK
out/fields/N64_case8_pod112_exact.npz: OK
out/fields/N64_case8_pod128_exact.npz: OK
out/fields/N64_case8_pod16_exact.npz: OK
out/fields/N64_case8_pod32_exact.npz: OK
out/fields/N64_case8_pod48_exact.npz: OK
out/fields/N64_case8_pod64_exact.npz: OK
out/fields/N64_case8_pod80_exact.npz: OK
out/fields/N64_case8_pod96_exact.npz: OK
out/fields/N64_case8_reference.npz: OK
out/fields/N64_case8_transolver3d_w48_s32.npz: OK
out/fields/N64_case8_transolver3d_w48_s32_native_grid_interpolated.npz: OK
out/fields/N64_case8_unet3d_w8.npz: OK
out/fields/N64_case8_unet3d_w8_native_grid_interpolated.npz: OK
out/fields/N64_case9_deeponet3d_r128_w16.npz: OK
out/fields/N64_case9_deeponet3d_r128_w16_native_grid_interpolated.npz: OK
out/fields/N64_case9_deeponet3d_r128_w16_native_sensors_continuous_trunk.npz: OK
out/fields/N64_case9_dst_exact.npz: OK
out/fields/N64_case9_fno3d_w16_m6.npz: OK
out/fields/N64_case9_fno3d_w16_m6_native_grid_interpolated.npz: OK
out/fields/N64_case9_fno3d_w16_m6_physical_padding_transfer.npz: OK
out/fields/N64_case9_fom_cn_cg_dt0.025_rtol1e-02.npz: OK
out/fields/N64_case9_fom_cn_cg_dt0.025_rtol1e-04.npz: OK
out/fields/N64_case9_fom_cn_cg_dt0.025_rtol1e-06.npz: OK
out/fields/N64_case9_fom_cn_cg_dt0.05_rtol1e-02.npz: OK
out/fields/N64_case9_fom_cn_cg_dt0.05_rtol1e-04.npz: OK
out/fields/N64_case9_fom_cn_cg_dt0.05_rtol1e-06.npz: OK
out/fields/N64_case9_fom_cn_cg_dt0.1_rtol1e-02.npz: OK
out/fields/N64_case9_fom_cn_cg_dt0.1_rtol1e-04.npz: OK
out/fields/N64_case9_fom_cn_cg_dt0.1_rtol1e-06.npz: OK
out/fields/N64_case9_linear_bank_cn.npz: OK
out/fields/N64_case9_linear_bank_exact.npz: OK
out/fields/N64_case9_linear_bank_galerkin_exact.npz: OK
out/fields/N64_case9_nmrom_K16_q0_dense.npz: OK
out/fields/N64_case9_nmrom_K16_q32_dense.npz: OK
out/fields/N64_case9_nmrom_K16_q64_dense.npz: OK
out/fields/N64_case9_nmrom_K16_q96_dense.npz: OK
out/fields/N64_case9_nmrom_K16_q96_dense_dt_half.npz: OK
out/fields/N64_case9_nmrom_K32_q0_dense.npz: OK
out/fields/N64_case9_nmrom_K32_q32_dense.npz: OK
out/fields/N64_case9_nmrom_K32_q64_dense.npz: OK
out/fields/N64_case9_nmrom_K32_q96_dense.npz: OK
out/fields/N64_case9_nmrom_K32_q96_dense_dt_half.npz: OK
out/fields/N64_case9_pod112_exact.npz: OK
out/fields/N64_case9_pod128_exact.npz: OK
out/fields/N64_case9_pod16_exact.npz: OK
out/fields/N64_case9_pod32_exact.npz: OK
out/fields/N64_case9_pod48_exact.npz: OK
out/fields/N64_case9_pod64_exact.npz: OK
out/fields/N64_case9_pod80_exact.npz: OK
out/fields/N64_case9_pod96_exact.npz: OK
out/fields/N64_case9_reference.npz: OK
out/fields/N64_case9_transolver3d_w48_s32.npz: OK
out/fields/N64_case9_transolver3d_w48_s32_native_grid_interpolated.npz: OK
out/fields/N64_case9_unet3d_w8.npz: OK
out/fields/N64_case9_unet3d_w8_native_grid_interpolated.npz: OK
out/frozen_training/bank_curve.json: OK
out/frozen_training/head_K16_curve.json: OK
out/frozen_training/head_K32_curve.json: OK
out/frozen_training/operators/deeponet3d_r128_w16/curve.json: OK
out/frozen_training/operators/deeponet3d_r128_w16/training.json: OK
out/frozen_training/operators/fno3d_w16_m6/curve.json: OK
out/frozen_training/operators/fno3d_w16_m6/training.json: OK
out/frozen_training/operators/transolver3d_w48_s32/curve.json: OK
out/frozen_training/operators/transolver3d_w48_s32/training.json: OK
out/frozen_training/operators/unet3d_w8/curve.json: OK
out/frozen_training/operators/unet3d_w8/training.json: OK
out/head_K16.pkl: OK
out/head_K32.pkl: OK
out/operators/deeponet3d_r128_w16/adapter.pkl: OK
out/operators/fno3d_w16_m6/adapter.pkl: OK
out/operators/transolver3d_w48_s32/adapter.pkl: OK
out/operators/unet3d_w8/adapter.pkl: OK
out/pod_N32.pkl: OK
out/pod_N64.pkl: OK
out/result.json: OK
out/seedB/bank.pkl: OK
out/seedB/cohorts.json: OK
out/seedB/fields/N32_K16_best_found.npz: OK
out/seedB/fields/N32_K32_best_found.npz: OK
out/seedB/fields/N32_case0_deeponet3d_r128_w16.npz: OK
out/seedB/fields/N32_case0_fno3d_w16_m6.npz: OK
out/seedB/fields/N32_case0_nmrom_K16_q0_dense.npz: OK
out/seedB/fields/N32_case0_nmrom_K16_q32_dense.npz: OK
out/seedB/fields/N32_case0_nmrom_K16_q64_dense.npz: OK
out/seedB/fields/N32_case0_nmrom_K16_q96_dense.npz: OK
out/seedB/fields/N32_case0_nmrom_K32_q0_dense.npz: OK
out/seedB/fields/N32_case0_nmrom_K32_q32_dense.npz: OK
out/seedB/fields/N32_case0_nmrom_K32_q64_dense.npz: OK
out/seedB/fields/N32_case0_nmrom_K32_q96_dense.npz: OK
out/seedB/fields/N32_case0_reference.npz: OK
out/seedB/fields/N32_case0_transolver3d_w48_s32.npz: OK
out/seedB/fields/N32_case0_unet3d_w8.npz: OK
out/seedB/fields/N32_case10_deeponet3d_r128_w16.npz: OK
out/seedB/fields/N32_case10_fno3d_w16_m6.npz: OK
out/seedB/fields/N32_case10_nmrom_K16_q0_dense.npz: OK
out/seedB/fields/N32_case10_nmrom_K16_q32_dense.npz: OK
out/seedB/fields/N32_case10_nmrom_K16_q64_dense.npz: OK
out/seedB/fields/N32_case10_nmrom_K16_q96_dense.npz: OK
out/seedB/fields/N32_case10_nmrom_K32_q0_dense.npz: OK
out/seedB/fields/N32_case10_nmrom_K32_q32_dense.npz: OK
out/seedB/fields/N32_case10_nmrom_K32_q64_dense.npz: OK
out/seedB/fields/N32_case10_nmrom_K32_q96_dense.npz: OK
out/seedB/fields/N32_case10_reference.npz: OK
out/seedB/fields/N32_case10_transolver3d_w48_s32.npz: OK
out/seedB/fields/N32_case10_unet3d_w8.npz: OK
out/seedB/fields/N32_case11_deeponet3d_r128_w16.npz: OK
out/seedB/fields/N32_case11_fno3d_w16_m6.npz: OK
out/seedB/fields/N32_case11_nmrom_K16_q0_dense.npz: OK
out/seedB/fields/N32_case11_nmrom_K16_q32_dense.npz: OK
out/seedB/fields/N32_case11_nmrom_K16_q64_dense.npz: OK
out/seedB/fields/N32_case11_nmrom_K16_q96_dense.npz: OK
out/seedB/fields/N32_case11_nmrom_K32_q0_dense.npz: OK
out/seedB/fields/N32_case11_nmrom_K32_q32_dense.npz: OK
out/seedB/fields/N32_case11_nmrom_K32_q64_dense.npz: OK
out/seedB/fields/N32_case11_nmrom_K32_q96_dense.npz: OK
out/seedB/fields/N32_case11_reference.npz: OK
out/seedB/fields/N32_case11_transolver3d_w48_s32.npz: OK
out/seedB/fields/N32_case11_unet3d_w8.npz: OK
out/seedB/fields/N32_case12_deeponet3d_r128_w16.npz: OK
out/seedB/fields/N32_case12_fno3d_w16_m6.npz: OK
out/seedB/fields/N32_case12_nmrom_K16_q0_dense.npz: OK
out/seedB/fields/N32_case12_nmrom_K16_q32_dense.npz: OK
out/seedB/fields/N32_case12_nmrom_K16_q64_dense.npz: OK
out/seedB/fields/N32_case12_nmrom_K16_q96_dense.npz: OK
out/seedB/fields/N32_case12_nmrom_K32_q0_dense.npz: OK
out/seedB/fields/N32_case12_nmrom_K32_q32_dense.npz: OK
out/seedB/fields/N32_case12_nmrom_K32_q64_dense.npz: OK
out/seedB/fields/N32_case12_nmrom_K32_q96_dense.npz: OK
out/seedB/fields/N32_case12_reference.npz: OK
out/seedB/fields/N32_case12_transolver3d_w48_s32.npz: OK
out/seedB/fields/N32_case12_unet3d_w8.npz: OK
out/seedB/fields/N32_case13_deeponet3d_r128_w16.npz: OK
out/seedB/fields/N32_case13_fno3d_w16_m6.npz: OK
out/seedB/fields/N32_case13_nmrom_K16_q0_dense.npz: OK
out/seedB/fields/N32_case13_nmrom_K16_q32_dense.npz: OK
out/seedB/fields/N32_case13_nmrom_K16_q64_dense.npz: OK
out/seedB/fields/N32_case13_nmrom_K16_q96_dense.npz: OK
out/seedB/fields/N32_case13_nmrom_K32_q0_dense.npz: OK
out/seedB/fields/N32_case13_nmrom_K32_q32_dense.npz: OK
out/seedB/fields/N32_case13_nmrom_K32_q64_dense.npz: OK
out/seedB/fields/N32_case13_nmrom_K32_q96_dense.npz: OK
out/seedB/fields/N32_case13_reference.npz: OK
out/seedB/fields/N32_case13_transolver3d_w48_s32.npz: OK
out/seedB/fields/N32_case13_unet3d_w8.npz: OK
out/seedB/fields/N32_case14_deeponet3d_r128_w16.npz: OK
out/seedB/fields/N32_case14_fno3d_w16_m6.npz: OK
out/seedB/fields/N32_case14_nmrom_K16_q0_dense.npz: OK
out/seedB/fields/N32_case14_nmrom_K16_q32_dense.npz: OK
out/seedB/fields/N32_case14_nmrom_K16_q64_dense.npz: OK
out/seedB/fields/N32_case14_nmrom_K16_q96_dense.npz: OK
out/seedB/fields/N32_case14_nmrom_K32_q0_dense.npz: OK
out/seedB/fields/N32_case14_nmrom_K32_q32_dense.npz: OK
out/seedB/fields/N32_case14_nmrom_K32_q64_dense.npz: OK
out/seedB/fields/N32_case14_nmrom_K32_q96_dense.npz: OK
out/seedB/fields/N32_case14_reference.npz: OK
out/seedB/fields/N32_case14_transolver3d_w48_s32.npz: OK
out/seedB/fields/N32_case14_unet3d_w8.npz: OK
out/seedB/fields/N32_case15_deeponet3d_r128_w16.npz: OK
out/seedB/fields/N32_case15_fno3d_w16_m6.npz: OK
out/seedB/fields/N32_case15_nmrom_K16_q0_dense.npz: OK
out/seedB/fields/N32_case15_nmrom_K16_q32_dense.npz: OK
out/seedB/fields/N32_case15_nmrom_K16_q64_dense.npz: OK
out/seedB/fields/N32_case15_nmrom_K16_q96_dense.npz: OK
out/seedB/fields/N32_case15_nmrom_K32_q0_dense.npz: OK
out/seedB/fields/N32_case15_nmrom_K32_q32_dense.npz: OK
out/seedB/fields/N32_case15_nmrom_K32_q64_dense.npz: OK
out/seedB/fields/N32_case15_nmrom_K32_q96_dense.npz: OK
out/seedB/fields/N32_case15_reference.npz: OK
out/seedB/fields/N32_case15_transolver3d_w48_s32.npz: OK
out/seedB/fields/N32_case15_unet3d_w8.npz: OK
out/seedB/fields/N32_case1_deeponet3d_r128_w16.npz: OK
out/seedB/fields/N32_case1_fno3d_w16_m6.npz: OK
out/seedB/fields/N32_case1_nmrom_K16_q0_dense.npz: OK
out/seedB/fields/N32_case1_nmrom_K16_q32_dense.npz: OK
out/seedB/fields/N32_case1_nmrom_K16_q64_dense.npz: OK
out/seedB/fields/N32_case1_nmrom_K16_q96_dense.npz: OK
out/seedB/fields/N32_case1_nmrom_K32_q0_dense.npz: OK
out/seedB/fields/N32_case1_nmrom_K32_q32_dense.npz: OK
out/seedB/fields/N32_case1_nmrom_K32_q64_dense.npz: OK
out/seedB/fields/N32_case1_nmrom_K32_q96_dense.npz: OK
out/seedB/fields/N32_case1_reference.npz: OK
out/seedB/fields/N32_case1_transolver3d_w48_s32.npz: OK
out/seedB/fields/N32_case1_unet3d_w8.npz: OK
out/seedB/fields/N32_case2_deeponet3d_r128_w16.npz: OK
out/seedB/fields/N32_case2_fno3d_w16_m6.npz: OK
out/seedB/fields/N32_case2_nmrom_K16_q0_dense.npz: OK
out/seedB/fields/N32_case2_nmrom_K16_q32_dense.npz: OK
out/seedB/fields/N32_case2_nmrom_K16_q64_dense.npz: OK
out/seedB/fields/N32_case2_nmrom_K16_q96_dense.npz: OK
out/seedB/fields/N32_case2_nmrom_K32_q0_dense.npz: OK
out/seedB/fields/N32_case2_nmrom_K32_q32_dense.npz: OK
out/seedB/fields/N32_case2_nmrom_K32_q64_dense.npz: OK
out/seedB/fields/N32_case2_nmrom_K32_q96_dense.npz: OK
out/seedB/fields/N32_case2_reference.npz: OK
out/seedB/fields/N32_case2_transolver3d_w48_s32.npz: OK
out/seedB/fields/N32_case2_unet3d_w8.npz: OK
out/seedB/fields/N32_case3_deeponet3d_r128_w16.npz: OK
out/seedB/fields/N32_case3_fno3d_w16_m6.npz: OK
out/seedB/fields/N32_case3_nmrom_K16_q0_dense.npz: OK
out/seedB/fields/N32_case3_nmrom_K16_q32_dense.npz: OK
out/seedB/fields/N32_case3_nmrom_K16_q64_dense.npz: OK
out/seedB/fields/N32_case3_nmrom_K16_q96_dense.npz: OK
out/seedB/fields/N32_case3_nmrom_K32_q0_dense.npz: OK
out/seedB/fields/N32_case3_nmrom_K32_q32_dense.npz: OK
out/seedB/fields/N32_case3_nmrom_K32_q64_dense.npz: OK
out/seedB/fields/N32_case3_nmrom_K32_q96_dense.npz: OK
out/seedB/fields/N32_case3_reference.npz: OK
out/seedB/fields/N32_case3_transolver3d_w48_s32.npz: OK
out/seedB/fields/N32_case3_unet3d_w8.npz: OK
out/seedB/fields/N32_case4_deeponet3d_r128_w16.npz: OK
out/seedB/fields/N32_case4_fno3d_w16_m6.npz: OK
out/seedB/fields/N32_case4_nmrom_K16_q0_dense.npz: OK
out/seedB/fields/N32_case4_nmrom_K16_q32_dense.npz: OK
out/seedB/fields/N32_case4_nmrom_K16_q64_dense.npz: OK
out/seedB/fields/N32_case4_nmrom_K16_q96_dense.npz: OK
out/seedB/fields/N32_case4_nmrom_K32_q0_dense.npz: OK
out/seedB/fields/N32_case4_nmrom_K32_q32_dense.npz: OK
out/seedB/fields/N32_case4_nmrom_K32_q64_dense.npz: OK
out/seedB/fields/N32_case4_nmrom_K32_q96_dense.npz: OK
out/seedB/fields/N32_case4_reference.npz: OK
out/seedB/fields/N32_case4_transolver3d_w48_s32.npz: OK
out/seedB/fields/N32_case4_unet3d_w8.npz: OK
out/seedB/fields/N32_case5_deeponet3d_r128_w16.npz: OK
out/seedB/fields/N32_case5_fno3d_w16_m6.npz: OK
out/seedB/fields/N32_case5_nmrom_K16_q0_dense.npz: OK
out/seedB/fields/N32_case5_nmrom_K16_q32_dense.npz: OK
out/seedB/fields/N32_case5_nmrom_K16_q64_dense.npz: OK
out/seedB/fields/N32_case5_nmrom_K16_q96_dense.npz: OK
out/seedB/fields/N32_case5_nmrom_K32_q0_dense.npz: OK
out/seedB/fields/N32_case5_nmrom_K32_q32_dense.npz: OK
out/seedB/fields/N32_case5_nmrom_K32_q64_dense.npz: OK
out/seedB/fields/N32_case5_nmrom_K32_q96_dense.npz: OK
out/seedB/fields/N32_case5_reference.npz: OK
out/seedB/fields/N32_case5_transolver3d_w48_s32.npz: OK
out/seedB/fields/N32_case5_unet3d_w8.npz: OK
out/seedB/fields/N32_case6_deeponet3d_r128_w16.npz: OK
out/seedB/fields/N32_case6_fno3d_w16_m6.npz: OK
out/seedB/fields/N32_case6_nmrom_K16_q0_dense.npz: OK
out/seedB/fields/N32_case6_nmrom_K16_q32_dense.npz: OK
out/seedB/fields/N32_case6_nmrom_K16_q64_dense.npz: OK
out/seedB/fields/N32_case6_nmrom_K16_q96_dense.npz: OK
out/seedB/fields/N32_case6_nmrom_K32_q0_dense.npz: OK
out/seedB/fields/N32_case6_nmrom_K32_q32_dense.npz: OK
out/seedB/fields/N32_case6_nmrom_K32_q64_dense.npz: OK
out/seedB/fields/N32_case6_nmrom_K32_q96_dense.npz: OK
out/seedB/fields/N32_case6_reference.npz: OK
out/seedB/fields/N32_case6_transolver3d_w48_s32.npz: OK
out/seedB/fields/N32_case6_unet3d_w8.npz: OK
out/seedB/fields/N32_case7_deeponet3d_r128_w16.npz: OK
out/seedB/fields/N32_case7_fno3d_w16_m6.npz: OK
out/seedB/fields/N32_case7_nmrom_K16_q0_dense.npz: OK
out/seedB/fields/N32_case7_nmrom_K16_q32_dense.npz: OK
out/seedB/fields/N32_case7_nmrom_K16_q64_dense.npz: OK
out/seedB/fields/N32_case7_nmrom_K16_q96_dense.npz: OK
out/seedB/fields/N32_case7_nmrom_K32_q0_dense.npz: OK
out/seedB/fields/N32_case7_nmrom_K32_q32_dense.npz: OK
out/seedB/fields/N32_case7_nmrom_K32_q64_dense.npz: OK
out/seedB/fields/N32_case7_nmrom_K32_q96_dense.npz: OK
out/seedB/fields/N32_case7_reference.npz: OK
out/seedB/fields/N32_case7_transolver3d_w48_s32.npz: OK
out/seedB/fields/N32_case7_unet3d_w8.npz: OK
out/seedB/fields/N32_case8_deeponet3d_r128_w16.npz: OK
out/seedB/fields/N32_case8_fno3d_w16_m6.npz: OK
out/seedB/fields/N32_case8_nmrom_K16_q0_dense.npz: OK
out/seedB/fields/N32_case8_nmrom_K16_q32_dense.npz: OK
out/seedB/fields/N32_case8_nmrom_K16_q64_dense.npz: OK
out/seedB/fields/N32_case8_nmrom_K16_q96_dense.npz: OK
out/seedB/fields/N32_case8_nmrom_K32_q0_dense.npz: OK
out/seedB/fields/N32_case8_nmrom_K32_q32_dense.npz: OK
out/seedB/fields/N32_case8_nmrom_K32_q64_dense.npz: OK
out/seedB/fields/N32_case8_nmrom_K32_q96_dense.npz: OK
out/seedB/fields/N32_case8_reference.npz: OK
out/seedB/fields/N32_case8_transolver3d_w48_s32.npz: OK
out/seedB/fields/N32_case8_unet3d_w8.npz: OK
out/seedB/fields/N32_case9_deeponet3d_r128_w16.npz: OK
out/seedB/fields/N32_case9_fno3d_w16_m6.npz: OK
out/seedB/fields/N32_case9_nmrom_K16_q0_dense.npz: OK
out/seedB/fields/N32_case9_nmrom_K16_q32_dense.npz: OK
out/seedB/fields/N32_case9_nmrom_K16_q64_dense.npz: OK
out/seedB/fields/N32_case9_nmrom_K16_q96_dense.npz: OK
out/seedB/fields/N32_case9_nmrom_K32_q0_dense.npz: OK
out/seedB/fields/N32_case9_nmrom_K32_q32_dense.npz: OK
out/seedB/fields/N32_case9_nmrom_K32_q64_dense.npz: OK
out/seedB/fields/N32_case9_nmrom_K32_q96_dense.npz: OK
out/seedB/fields/N32_case9_reference.npz: OK
out/seedB/fields/N32_case9_transolver3d_w48_s32.npz: OK
out/seedB/fields/N32_case9_unet3d_w8.npz: OK
out/seedB/frozen_training/bank_curve.json: OK
out/seedB/frozen_training/head_K16_curve.json: OK
out/seedB/frozen_training/head_K32_curve.json: OK
out/seedB/frozen_training/operators/deeponet3d_r128_w16/curve.json: OK
out/seedB/frozen_training/operators/deeponet3d_r128_w16/training.json: OK
out/seedB/frozen_training/operators/fno3d_w16_m6/curve.json: OK
out/seedB/frozen_training/operators/fno3d_w16_m6/training.json: OK
out/seedB/frozen_training/operators/transolver3d_w48_s32/curve.json: OK
out/seedB/frozen_training/operators/transolver3d_w48_s32/training.json: OK
out/seedB/frozen_training/operators/unet3d_w8/curve.json: OK
out/seedB/frozen_training/operators/unet3d_w8/training.json: OK
out/seedB/head_K16.pkl: OK
out/seedB/head_K32.pkl: OK
out/seedB/operators/deeponet3d_r128_w16/adapter.pkl: OK
out/seedB/operators/fno3d_w16_m6/adapter.pkl: OK
out/seedB/operators/transolver3d_w48_s32/adapter.pkl: OK
out/seedB/operators/unet3d_w8/adapter.pkl: OK
out/seedB/result.json: OK
out/seedB/summary.json: OK
out/summary.json: OK
{
  "passed": true,
  "checked_fields": 1280,
  "failures": [],
  "complete": true,
  "final_cohort_opened": false,
  "scope": "independent NumPy field metrics, hashes and invocation integrity; not a global solver-optimum proof"
}
STATE_AUDIT_PASS 320 9.655355564926963e-16 1.4210854715202004e-14
REFERENCE_AUDITED 0
REFERENCE_AUDITED 1
REFERENCE_AUDITED 2
REFERENCE_AUDITED 3
REFERENCE_AUDITED 4
REFERENCE_AUDITED 5
REFERENCE_AUDITED 6
REFERENCE_AUDITED 7
REFERENCE_AUDITED 8
REFERENCE_AUDITED 9
REFERENCE_AUDITED 10
REFERENCE_AUDITED 11
REFERENCE_AUDITED 12
REFERENCE_AUDITED 13
REFERENCE_AUDITED 14
REFERENCE_AUDITED 15
{
  "passed": true,
  "iterative_cg_audit": {
    "passed": true,
    "independent_saved_trajectory_checks": [
      {
        "intervals": 32,
        "case": 0,
        "method": "fom_cn_cg_dt0.05_rtol1e-04",
        "steps": 10,
        "untimed_trace_exact_parity_verified": true,
        "max_residual_difference": 1.0028870095490916e-18,
        "failed_steps": 0
      },
      {
        "intervals": 32,
        "case": 0,
        "method": "fom_cn_cg_dt0.05_rtol1e-02",
        "steps": 10,
        "untimed_trace_exact_parity_verified": true,
        "max_residual_difference": 3.469446951953614e-18,
        "failed_steps": 0
      },
      {
        "intervals": 32,
        "case": 0,
        "method": "fom_cn_cg_dt0.1_rtol1e-02",
        "steps": 5,
        "untimed_trace_exact_parity_verified": true,
        "max_residual_difference": 3.469446951953614e-18,
        "failed_steps": 0
      },
      {
        "intervals": 32,
        "case": 0,
        "method": "fom_cn_cg_dt0.05_rtol1e-06",
        "steps": 10,
        "untimed_trace_exact_parity_verified": true,
        "max_residual_difference": 5.014435047745458e-19,
        "failed_steps": 0
      },
      {
        "intervals": 32,
        "case": 0,
        "method": "fom_cn_cg_dt0.025_rtol1e-02",
        "steps": 20,
        "untimed_trace_exact_parity_verified": true,
        "max_residual_difference": 5.204170427930421e-18,
        "failed_steps": 0
      },
      {
        "intervals": 32,
        "case": 0,
        "method": "fom_cn_cg_dt0.025_rtol1e-04",
        "steps": 20,
        "untimed_trace_exact_parity_verified": true,
        "max_residual_difference": 8.216219588366713e-19,
        "failed_steps": 0
      },
      {
        "intervals": 32,
        "case": 0,
        "method": "fom_cn_cg_dt0.1_rtol1e-04",
        "steps": 5,
        "untimed_trace_exact_parity_verified": true,
        "max_residual_difference": 4.675621868843738e-19,
        "failed_steps": 0
      },
      {
        "intervals": 32,
        "case": 0,
        "method": "fom_cn_cg_dt0.025_rtol1e-06",
        "steps": 20,
        "untimed_trace_exact_parity_verified": true,
        "max_residual_difference": 8.853611881175574e-19,
        "failed_steps": 0
      },
      {
        "intervals": 32,
        "case": 0,
        "method": "fom_cn_cg_dt0.1_rtol1e-06",
        "steps": 5,
        "untimed_trace_exact_parity_verified": true,
        "max_residual_difference": 9.65829318106716e-19,
        "failed_steps": 0
      },
      {
        "intervals": 32,
        "case": 1,
        "method": "fom_cn_cg_dt0.05_rtol1e-04",
        "steps": 10,
        "untimed_trace_exact_parity_verified": true,
        "max_residual_difference": 1.4772254600114998e-18,
        "failed_steps": 0
      },
      {
        "intervals": 32,
        "case": 1,
        "method": "fom_cn_cg_dt0.025_rtol1e-02",
        "steps": 20,
        "untimed_trace_exact_parity_verified": true,
        "max_residual_difference": 3.0357660829594124e-18,
        "failed_steps": 0
      },
      {
        "intervals": 32,
        "case": 1,
        "method": "fom_cn_cg_dt0.025_rtol1e-06",
        "steps": 20,
        "untimed_trace_exact_parity_verified": true,
        "max_residual_difference": 1.7186298499789754e-18,
        "failed_steps": 0
      },
      {
        "intervals": 32,
        "case": 1,
        "method": "fom_cn_cg_dt0.1_rtol1e-02",
        "steps": 5,
        "untimed_trace_exact_parity_verified": true,
        "max_residual_difference": 4.336808689942018e-18,
        "failed_steps": 0
      },
      {
        "intervals": 32,
        "case": 1,
        "method": "fom_cn_cg_dt0.1_rtol1e-06",
        "steps": 5,
        "untimed_trace_exact_parity_verified": true,
        "max_residual_difference": 1.356523265027762e-18,
        "failed_steps": 0
      },
      {
        "intervals": 32,
        "case": 1,
        "method": "fom_cn_cg_dt0.025_rtol1e-04",
        "steps": 20,
        "untimed_trace_exact_parity_verified": true,
        "max_residual_difference": 2.363221922839498e-18,
        "failed_steps": 0
      },
      {
        "intervals": 32,
        "case": 1,
        "method": "fom_cn_cg_dt0.1_rtol1e-04",
        "steps": 5,
        "untimed_trace_exact_parity_verified": true,
        "max_residual_difference": 1.1587410718438829e-18,
        "failed_steps": 0
      },
      {
        "intervals": 32,
        "case": 1,
        "method": "fom_cn_cg_dt0.05_rtol1e-02",
        "steps": 10,
        "untimed_trace_exact_parity_verified": true,
        "max_residual_difference": 5.204170427930421e-18,
        "failed_steps": 0
      },
      {
        "intervals": 32,
        "case": 1,
        "method": "fom_cn_cg_dt0.05_rtol1e-06",
        "steps": 10,
        "untimed_trace_exact_parity_verified": true,
        "max_residual_difference": 7.162722360219177e-19,
        "failed_steps": 0
      },
      {
        "intervals": 32,
        "case": 2,
        "method": "fom_cn_cg_dt0.05_rtol1e-06",
        "steps": 10,
        "untimed_trace_exact_parity_verified": true,
        "max_residual_difference": 7.450713562285639e-19,
        "failed_steps": 0
      },
      {
        "intervals": 32,
        "case": 2,
        "method": "fom_cn_cg_dt0.025_rtol1e-04",
        "steps": 20,
        "untimed_trace_exact_parity_verified": true,
        "max_residual_difference": 1.0638733817514012e-18,
        "failed_steps": 0
      },
      {
        "intervals": 32,
        "case": 2,
        "method": "fom_cn_cg_dt0.05_rtol1e-02",
        "steps": 10,
        "untimed_trace_exact_parity_verified": true,
        "max_residual_difference": 3.469446951953614e-18,
        "failed_steps": 0
      },
      {
        "intervals": 32,
        "case": 2,
        "method": "fom_cn_cg_dt0.05_rtol1e-04",
        "steps": 10,
        "untimed_trace_exact_parity_verified": true,
        "max_residual_difference": 8.402566836762659e-19,
        "failed_steps": 0
      },
      {
        "intervals": 32,
        "case": 2,
        "method": "fom_cn_cg_dt0.1_rtol1e-06",
        "steps": 5,
        "untimed_trace_exact_parity_verified": true,
        "max_residual_difference": 4.650210880426109e-19,
        "failed_steps": 0
      },
      {
        "intervals": 32,
        "case": 2,
        "method": "fom_cn_cg_dt0.1_rtol1e-04",
        "steps": 5,
        "untimed_trace_exact_parity_verified": true,
        "max_residual_difference": 8.267041565201971e-19,
        "failed_steps": 0
      },
      {
        "intervals": 32,
        "case": 2,
        "method": "fom_cn_cg_dt0.1_rtol1e-02",
        "steps": 5,
        "untimed_trace_exact_parity_verified": true,
        "max_residual_difference": 3.469446951953614e-18,
        "failed_steps": 0
      },
      {
        "intervals": 32,
        "case": 2,
        "method": "fom_cn_cg_dt0.025_rtol1e-02",
        "steps": 20,
        "untimed_trace_exact_parity_verified": true,
        "max_residual_difference": 2.168404344971009e-18,
        "failed_steps": 0
      },
      {
        "intervals": 32,
        "case": 2,
        "method": "fom_cn_cg_dt0.025_rtol1e-06",
        "steps": 20,
        "untimed_trace_exact_parity_verified": true,
        "max_residual_difference": 1.2536617014955679e-18,
        "failed_steps": 0
      },
      {
        "intervals": 32,
        "case": 3,
        "method": "fom_cn_cg_dt0.05_rtol1e-04",
        "steps": 10,
        "untimed_trace_exact_parity_verified": true,
        "max_residual_difference": 6.2341624917916505e-19,
        "failed_steps": 0
      },
      {
        "intervals": 32,
        "case": 3,
        "method": "fom_cn_cg_dt0.1_rtol1e-06",
        "steps": 5,
        "untimed_trace_exact_parity_verified": true,
        "max_residual_difference": 8.398331672026388e-19,
        "failed_steps": 0
      },
      {
        "intervals": 32,
        "case": 3,
        "method": "fom_cn_cg_dt0.1_rtol1e-04",
        "steps": 5,
        "untimed_trace_exact_parity_verified": true,
        "max_residual_difference": 1.1519648082658485e-18,
        "failed_steps": 0
      },
      {
        "intervals": 32,
        "case": 3,
        "method": "fom_cn_cg_dt0.05_rtol1e-06",
        "steps": 10,
        "untimed_trace_exact_parity_verified": true,
        "max_residual_difference": 8.707498697774207e-19,
        "failed_steps": 0
      },
      {
        "intervals": 32,
        "case": 3,
        "method": "fom_cn_cg_dt0.025_rtol1e-04",
        "steps": 20,
        "untimed_trace_exact_parity_verified": true,
        "max_residual_difference": 1.5043305143236374e-18,
        "failed_steps": 0
      },
      {
        "intervals": 32,
        "case": 3,
        "method": "fom_cn_cg_dt0.025_rtol1e-02",
        "steps": 20,
        "untimed_trace_exact_parity_verified": true,
        "max_residual_difference": 1.214306433183765e-17,
        "failed_steps": 0
      },
      {
        "intervals": 32,
        "case": 3,
        "method": "fom_cn_cg_dt0.1_rtol1e-02",
        "steps": 5,
        "untimed_trace_exact_parity_verified": true,
        "max_residual_difference": 6.071532165918825e-18,
        "failed_steps": 0
      },
      {
        "intervals": 32,
        "case": 3,
        "method": "fom_cn_cg_dt0.05_rtol1e-02",
        "steps": 10,
        "untimed_trace_exact_parity_verified": true,
        "max_residual_difference": 2.6020852139652106e-18,
        "failed_steps": 0
      },
      {
        "intervals": 32,
        "case": 3,
        "method": "fom_cn_cg_dt0.025_rtol1e-06",
        "steps": 20,
        "untimed_trace_exact_parity_verified": true,
        "max_residual_difference": 7.52747592313056e-19,
        "failed_steps": 0
      },
      {
        "intervals": 32,
        "case": 4,
        "method": "fom_cn_cg_dt0.1_rtol1e-04",
        "steps": 5,
        "untimed_trace_exact_parity_verified": true,
        "max_residual_difference": 6.572975670693371e-19,
        "failed_steps": 0
      },
      {
        "intervals": 32,
        "case": 4,
        "method": "fom_cn_cg_dt0.025_rtol1e-04",
        "steps": 20,
        "untimed_trace_exact_parity_verified": true,
        "max_residual_difference": 2.3174821436877657e-18,
        "failed_steps": 0
      },
      {
        "intervals": 32,
        "case": 4,
        "method": "fom_cn_cg_dt0.025_rtol1e-02",
        "steps": 20,
        "untimed_trace_exact_parity_verified": true,
        "max_residual_difference": 3.469446951953614e-18,
        "failed_steps": 0
      },
      {
        "intervals": 32,
        "case": 4,
        "method": "fom_cn_cg_dt0.025_rtol1e-06",
        "steps": 20,
        "untimed_trace_exact_parity_verified": true,
        "max_residual_difference": 8.462917934254528e-19,
        "failed_steps": 0
      },
      {
        "intervals": 32,
        "case": 4,
        "method": "fom_cn_cg_dt0.05_rtol1e-06",
        "steps": 10,
        "untimed_trace_exact_parity_verified": true,
        "max_residual_difference": 6.616386109240154e-19,
        "failed_steps": 0
      },
      {
        "intervals": 32,
        "case": 4,
        "method": "fom_cn_cg_dt0.05_rtol1e-04",
        "steps": 10,
        "untimed_trace_exact_parity_verified": true,
        "max_residual_difference": 1.8092623753351855e-18,
        "failed_steps": 0
      },
      {
        "intervals": 32,
        "case": 4,
        "method": "fom_cn_cg_dt0.05_rtol1e-02",
        "steps": 10,
        "untimed_trace_exact_parity_verified": true,
        "max_residual_difference": 2.6020852139652106e-18,
        "failed_steps": 0
      },
      {
        "intervals": 32,
        "case": 4,
        "method": "fom_cn_cg_dt0.1_rtol1e-02",
        "steps": 5,
        "untimed_trace_exact_parity_verified": true,
        "max_residual_difference": 5.204170427930421e-18,
        "failed_steps": 0
      },
      {
        "intervals": 32,
        "case": 4,
        "method": "fom_cn_cg_dt0.1_rtol1e-06",
        "steps": 5,
        "untimed_trace_exact_parity_verified": true,
        "max_residual_difference": 1.2991367828512831e-18,
        "failed_steps": 0
      },
      {
        "intervals": 32,
        "case": 5,
        "method": "fom_cn_cg_dt0.05_rtol1e-06",
        "steps": 10,
        "untimed_trace_exact_parity_verified": true,
        "max_residual_difference": 8.433271781100628e-19,
        "failed_steps": 0
      },
      {
        "intervals": 32,
        "case": 5,
        "method": "fom_cn_cg_dt0.05_rtol1e-04",
        "steps": 10,
        "untimed_trace_exact_parity_verified": true,
        "max_residual_difference": 1.8566962203814263e-18,
        "failed_steps": 0
      },
      {
        "intervals": 32,
        "case": 5,
        "method": "fom_cn_cg_dt0.025_rtol1e-06",
        "steps": 20,
        "untimed_trace_exact_parity_verified": true,
        "max_residual_difference": 1.4794489214980423e-18,
        "failed_steps": 0
      },
      {
        "intervals": 32,
        "case": 5,
        "method": "fom_cn_cg_dt0.1_rtol1e-04",
        "steps": 5,
        "untimed_trace_exact_parity_verified": true,
        "max_residual_difference": 5.624298769768554e-19,
        "failed_steps": 0
      },
      {
        "intervals": 32,
        "case": 5,
        "method": "fom_cn_cg_dt0.05_rtol1e-02",
        "steps": 10,
        "untimed_trace_exact_parity_verified": true,
        "max_residual_difference": 4.336808689942018e-18,
        "failed_steps": 0
      },
      {
        "intervals": 32,
        "case": 5,
        "method": "fom_cn_cg_dt0.1_rtol1e-02",
        "steps": 5,
        "untimed_trace_exact_parity_verified": true,
        "max_residual_difference": 1.734723475976807e-18,
        "failed_steps": 0
      },
      {
        "intervals": 32,
        "case": 5,
        "method": "fom_cn_cg_dt0.025_rtol1e-02",
        "steps": 20,
        "untimed_trace_exact_parity_verified": true,
        "max_residual_difference": 3.903127820947816e-18,
        "failed_steps": 0
      },
      {
        "intervals": 32,
        "case": 5,
        "method": "fom_cn_cg_dt0.025_rtol1e-04",
        "steps": 20,
        "untimed_trace_exact_parity_verified": true,
        "max_residual_difference": 2.290377089375628e-18,
        "failed_steps": 0
      },
      {
        "intervals": 32,
        "case": 5,
        "method": "fom_cn_cg_dt0.1_rtol1e-06",
        "steps": 5,
        "untimed_trace_exact_parity_verified": true,
        "max_residual_difference": 8.642912435546067e-19,
        "failed_steps": 0
      },
      {
        "intervals": 32,
        "case": 6,
        "method": "fom_cn_cg_dt0.05_rtol1e-02",
        "steps": 10,
        "untimed_trace_exact_parity_verified": true,
        "max_residual_difference": 3.469446951953614e-18,
        "failed_steps": 0
      },
      {
        "intervals": 32,
        "case": 6,
        "method": "fom_cn_cg_dt0.025_rtol1e-04",
        "steps": 20,
        "untimed_trace_exact_parity_verified": true,
        "max_residual_difference": 1.5687050183149642e-18,
        "failed_steps": 0
      },
      {
        "intervals": 32,
        "case": 6,
        "method": "fom_cn_cg_dt0.05_rtol1e-06",
        "steps": 10,
        "untimed_trace_exact_parity_verified": true,
        "max_residual_difference": 8.768908586450144e-19,
        "failed_steps": 0
      },
      {
        "intervals": 32,
        "case": 6,
        "method": "fom_cn_cg_dt0.1_rtol1e-02",
        "steps": 5,
        "untimed_trace_exact_parity_verified": true,
        "max_residual_difference": 1.734723475976807e-18,
        "failed_steps": 0
      },
      {
        "intervals": 32,
        "case": 6,
        "method": "fom_cn_cg_dt0.025_rtol1e-02",
        "steps": 20,
        "untimed_trace_exact_parity_verified": true,
        "max_residual_difference": 1.734723475976807e-18,
        "failed_steps": 0
      },
      {
        "intervals": 32,
        "case": 6,
        "method": "fom_cn_cg_dt0.025_rtol1e-06",
        "steps": 20,
        "untimed_trace_exact_parity_verified": true,
        "max_residual_difference": 1.228938927347583e-18,
        "failed_steps": 0
      },
      {
        "intervals": 32,
        "case": 6,
        "method": "fom_cn_cg_dt0.1_rtol1e-04",
        "steps": 5,
        "untimed_trace_exact_parity_verified": true,
        "max_residual_difference": 9.0801931945661e-19,
        "failed_steps": 0
      },
      {
        "intervals": 32,
        "case": 6,
        "method": "fom_cn_cg_dt0.1_rtol1e-06",
        "steps": 5,
        "untimed_trace_exact_parity_verified": true,
        "max_residual_difference": 6.752970171984909e-19,
        "failed_steps": 0
      },
      {
        "intervals": 32,
        "case": 6,
        "method": "fom_cn_cg_dt0.05_rtol1e-04",
        "steps": 10,
        "untimed_trace_exact_parity_verified": true,
        "max_residual_difference": 1.2332799712022613e-18,
        "failed_steps": 0
      },
      {
        "intervals": 32,
        "case": 7,
        "method": "fom_cn_cg_dt0.05_rtol1e-04",
        "steps": 10,
        "untimed_trace_exact_parity_verified": true,
        "max_residual_difference": 2.236166980751353e-18,
        "failed_steps": 0
      },
      {
        "intervals": 32,
        "case": 7,
        "method": "fom_cn_cg_dt0.1_rtol1e-06",
        "steps": 5,
        "untimed_trace_exact_parity_verified": true,
        "max_residual_difference": 8.544444855427755e-19,
        "failed_steps": 0
      },
      {
        "intervals": 32,
        "case": 7,
        "method": "fom_cn_cg_dt0.1_rtol1e-04",
        "steps": 5,
        "untimed_trace_exact_parity_verified": true,
        "max_residual_difference": 6.098637220230962e-19,
        "failed_steps": 0
      },
      {
        "intervals": 32,
        "case": 7,
        "method": "fom_cn_cg_dt0.05_rtol1e-06",
        "steps": 10,
        "untimed_trace_exact_parity_verified": true,
        "max_residual_difference": 9.006077811681348e-19,
        "failed_steps": 0
      },
      {
        "intervals": 32,
        "case": 7,
        "method": "fom_cn_cg_dt0.025_rtol1e-06",
        "steps": 20,
        "untimed_trace_exact_parity_verified": true,
        "max_residual_difference": 1.4565260923629728e-18,
        "failed_steps": 0
      },
      {
        "intervals": 32,
        "case": 7,
        "method": "fom_cn_cg_dt0.05_rtol1e-02",
        "steps": 10,
        "untimed_trace_exact_parity_verified": true,
        "max_residual_difference": 5.204170427930421e-18,
        "failed_steps": 0
      },
      {
        "intervals": 32,
        "case": 7,
        "method": "fom_cn_cg_dt0.1_rtol1e-02",
        "steps": 5,
        "untimed_trace_exact_parity_verified": true,
        "max_residual_difference": 5.204170427930421e-18,
        "failed_steps": 0
      },
      {
        "intervals": 32,
        "case": 7,
        "method": "fom_cn_cg_dt0.025_rtol1e-04",
        "steps": 20,
        "untimed_trace_exact_parity_verified": true,
        "max_residual_difference": 1.0469327228063152e-18,
        "failed_steps": 0
      },
      {
        "intervals": 32,
        "case": 7,
        "method": "fom_cn_cg_dt0.025_rtol1e-02",
        "steps": 20,
        "untimed_trace_exact_parity_verified": true,
        "max_residual_difference": 2.6020852139652106e-18,
        "failed_steps": 0
      },
      {
        "intervals": 32,
        "case": 8,
        "method": "fom_cn_cg_dt0.025_rtol1e-02",
        "steps": 20,
        "untimed_trace_exact_parity_verified": true,
        "max_residual_difference": 5.204170427930421e-18,
        "failed_steps": 0
      },
      {
        "intervals": 32,
        "case": 8,
        "method": "fom_cn_cg_dt0.025_rtol1e-06",
        "steps": 20,
        "untimed_trace_exact_parity_verified": true,
        "max_residual_difference": 1.301598472354241e-18,
        "failed_steps": 0
      },
      {
        "intervals": 32,
        "case": 8,
        "method": "fom_cn_cg_dt0.1_rtol1e-04",
        "steps": 5,
        "untimed_trace_exact_parity_verified": true,
        "max_residual_difference": 3.1170812458958252e-19,
        "failed_steps": 0
      },
      {
        "intervals": 32,
        "case": 8,
        "method": "fom_cn_cg_dt0.05_rtol1e-06",
        "steps": 10,
        "untimed_trace_exact_parity_verified": true,
        "max_residual_difference": 1.3043248596532157e-18,
        "failed_steps": 0
      },
      {
        "intervals": 32,
        "case": 8,
        "method": "fom_cn_cg_dt0.05_rtol1e-02",
        "steps": 10,
        "untimed_trace_exact_parity_verified": true,
        "max_residual_difference": 3.469446951953614e-18,
        "failed_steps": 0
      },
      {
        "intervals": 32,
        "case": 8,
        "method": "fom_cn_cg_dt0.05_rtol1e-04",
        "steps": 10,
        "untimed_trace_exact_parity_verified": true,
        "max_residual_difference": 6.166399856011306e-19,
        "failed_steps": 0
      },
      {
        "intervals": 32,
        "case": 8,
        "method": "fom_cn_cg_dt0.025_rtol1e-04",
        "steps": 20,
        "untimed_trace_exact_parity_verified": true,
        "max_residual_difference": 1.3688052427629493e-18,
        "failed_steps": 0
      },
      {
        "intervals": 32,
        "case": 8,
        "method": "fom_cn_cg_dt0.1_rtol1e-02",
        "steps": 5,
        "untimed_trace_exact_parity_verified": true,
        "max_residual_difference": 3.469446951953614e-18,
        "failed_steps": 0
      },
      {
        "intervals": 32,
        "case": 8,
        "method": "fom_cn_cg_dt0.1_rtol1e-06",
        "steps": 5,
        "untimed_trace_exact_parity_verified": true,
        "max_residual_difference": 8.720204191983022e-19,
        "failed_steps": 0
      },
      {
        "intervals": 32,
        "case": 9,
        "method": "fom_cn_cg_dt0.1_rtol1e-02",
        "steps": 5,
        "untimed_trace_exact_parity_verified": true,
        "max_residual_difference": 3.469446951953614e-18,
        "failed_steps": 0
      },
      {
        "intervals": 32,
        "case": 9,
        "method": "fom_cn_cg_dt0.05_rtol1e-02",
        "steps": 10,
        "untimed_trace_exact_parity_verified": true,
        "max_residual_difference": 5.204170427930421e-18,
        "failed_steps": 0
      },
      {
        "intervals": 32,
        "case": 9,
        "method": "fom_cn_cg_dt0.05_rtol1e-06",
        "steps": 10,
        "untimed_trace_exact_parity_verified": true,
        "max_residual_difference": 5.285485590866834e-19,
        "failed_steps": 0
      },
      {
        "intervals": 32,
        "case": 9,
        "method": "fom_cn_cg_dt0.025_rtol1e-02",
        "steps": 20,
        "untimed_trace_exact_parity_verified": true,
        "max_residual_difference": 1.734723475976807e-18,
        "failed_steps": 0
      },
      {
        "intervals": 32,
        "case": 9,
        "method": "fom_cn_cg_dt0.025_rtol1e-06",
        "steps": 20,
        "untimed_trace_exact_parity_verified": true,
        "max_residual_difference": 9.691645103365298e-19,
        "failed_steps": 0
      },
      {
        "intervals": 32,
        "case": 9,
        "method": "fom_cn_cg_dt0.025_rtol1e-04",
        "steps": 20,
        "untimed_trace_exact_parity_verified": true,
        "max_residual_difference": 2.5343225781848666e-18,
        "failed_steps": 0
      },
      {
        "intervals": 32,
        "case": 9,
        "method": "fom_cn_cg_dt0.1_rtol1e-04",
        "steps": 5,
        "untimed_trace_exact_parity_verified": true,
        "max_residual_difference": 6.640738306473715e-19,
        "failed_steps": 0
      },
      {
        "intervals": 32,
        "case": 9,
        "method": "fom_cn_cg_dt0.05_rtol1e-04",
        "steps": 10,
        "untimed_trace_exact_parity_verified": true,
        "max_residual_difference": 1.2400562347802957e-18,
        "failed_steps": 0
      },
      {
        "intervals": 32,
        "case": 9,
        "method": "fom_cn_cg_dt0.1_rtol1e-06",
        "steps": 5,
        "untimed_trace_exact_parity_verified": true,
        "max_residual_difference": 7.122488295224598e-19,
        "failed_steps": 0
      },
      {
        "intervals": 32,
        "case": 10,
        "method": "fom_cn_cg_dt0.05_rtol1e-04",
        "steps": 10,
        "untimed_trace_exact_parity_verified": true,
        "max_residual_difference": 1.599198204416119e-18,
        "failed_steps": 0
      },
      {
        "intervals": 32,
        "case": 10,
        "method": "fom_cn_cg_dt0.05_rtol1e-02",
        "steps": 10,
        "untimed_trace_exact_parity_verified": true,
        "max_residual_difference": 1.734723475976807e-18,
        "failed_steps": 0
      },
      {
        "intervals": 32,
        "case": 10,
        "method": "fom_cn_cg_dt0.025_rtol1e-06",
        "steps": 20,
        "untimed_trace_exact_parity_verified": true,
        "max_residual_difference": 1.0691673376717406e-18,
        "failed_steps": 0
      },
      {
        "intervals": 32,
        "case": 10,
        "method": "fom_cn_cg_dt0.1_rtol1e-06",
        "steps": 5,
        "untimed_trace_exact_parity_verified": true,
        "max_residual_difference": 5.62641635213669e-19,
        "failed_steps": 0
      },
      {
        "intervals": 32,
        "case": 10,
        "method": "fom_cn_cg_dt0.05_rtol1e-06",
        "steps": 10,
        "untimed_trace_exact_parity_verified": true,
        "max_residual_difference": 1.1223715946711513e-18,
        "failed_steps": 0
      },
      {
        "intervals": 32,
        "case": 10,
        "method": "fom_cn_cg_dt0.1_rtol1e-04",
        "steps": 5,
        "untimed_trace_exact_parity_verified": true,
        "max_residual_difference": 7.453889935837843e-19,
        "failed_steps": 0
      },
      {
        "intervals": 32,
        "case": 10,
        "method": "fom_cn_cg_dt0.1_rtol1e-02",
        "steps": 5,
        "untimed_trace_exact_parity_verified": true,
        "max_residual_difference": 1.734723475976807e-18,
        "failed_steps": 0
      },
      {
        "intervals": 32,
        "case": 10,
        "method": "fom_cn_cg_dt0.025_rtol1e-02",
        "steps": 20,
        "untimed_trace_exact_parity_verified": true,
        "max_residual_difference": 3.469446951953614e-18,
        "failed_steps": 0
      },
      {
        "intervals": 32,
        "case": 10,
        "method": "fom_cn_cg_dt0.025_rtol1e-04",
        "steps": 20,
        "untimed_trace_exact_parity_verified": true,
        "max_residual_difference": 1.5585406229479126e-18,
        "failed_steps": 0
      },
      {
        "intervals": 32,
        "case": 11,
        "method": "fom_cn_cg_dt0.1_rtol1e-04",
        "steps": 5,
        "untimed_trace_exact_parity_verified": true,
        "max_residual_difference": 6.911788849595091e-19,
        "failed_steps": 0
      },
      {
        "intervals": 32,
        "case": 11,
        "method": "fom_cn_cg_dt0.025_rtol1e-02",
        "steps": 20,
        "untimed_trace_exact_parity_verified": true,
        "max_residual_difference": 6.071532165918825e-18,
        "failed_steps": 0
      },
      {
        "intervals": 32,
        "case": 11,
        "method": "fom_cn_cg_dt0.1_rtol1e-02",
        "steps": 5,
        "untimed_trace_exact_parity_verified": true,
        "max_residual_difference": 2.6020852139652106e-18,
        "failed_steps": 0
      },
      {
        "intervals": 32,
        "case": 11,
        "method": "fom_cn_cg_dt0.025_rtol1e-06",
        "steps": 20,
        "untimed_trace_exact_parity_verified": true,
        "max_residual_difference": 7.404126750186653e-19,
        "failed_steps": 0
      },
      {
        "intervals": 32,
        "case": 11,
        "method": "fom_cn_cg_dt0.025_rtol1e-04",
        "steps": 20,
        "untimed_trace_exact_parity_verified": true,
        "max_residual_difference": 2.439454888092385e-18,
        "failed_steps": 0
      },
      {
        "intervals": 32,
        "case": 11,
        "method": "fom_cn_cg_dt0.05_rtol1e-04",
        "steps": 10,
        "untimed_trace_exact_parity_verified": true,
        "max_residual_difference": 1.6059744679941534e-18,
        "failed_steps": 0
      },
      {
        "intervals": 32,
        "case": 11,
        "method": "fom_cn_cg_dt0.1_rtol1e-06",
        "steps": 5,
        "untimed_trace_exact_parity_verified": true,
        "max_residual_difference": 5.074786145237327e-19,
        "failed_steps": 0
      },
      {
        "intervals": 32,
        "case": 11,
        "method": "fom_cn_cg_dt0.05_rtol1e-06",
        "steps": 10,
        "untimed_trace_exact_parity_verified": true,
        "max_residual_difference": 6.290278424547248e-19,
        "failed_steps": 0
      },
      {
        "intervals": 32,
        "case": 11,
        "method": "fom_cn_cg_dt0.05_rtol1e-02",
        "steps": 10,
        "untimed_trace_exact_parity_verified": true,
        "max_residual_difference": 6.938893903907228e-18,
        "failed_steps": 0
      },
      {
        "intervals": 32,
        "case": 12,
        "method": "fom_cn_cg_dt0.025_rtol1e-06",
        "steps": 20,
        "untimed_trace_exact_parity_verified": true,
        "max_residual_difference": 1.0272392067826527e-18,
        "failed_steps": 0
      },
      {
        "intervals": 32,
        "case": 12,
        "method": "fom_cn_cg_dt0.025_rtol1e-02",
        "steps": 20,
        "untimed_trace_exact_parity_verified": true,
        "max_residual_difference": 3.469446951953614e-18,
        "failed_steps": 0
      },
      {
        "intervals": 32,
        "case": 12,
        "method": "fom_cn_cg_dt0.025_rtol1e-04",
        "steps": 20,
        "untimed_trace_exact_parity_verified": true,
        "max_residual_difference": 1.6398557858843255e-18,
        "failed_steps": 0
      },
      {
        "intervals": 32,
        "case": 12,
        "method": "fom_cn_cg_dt0.05_rtol1e-06",
        "steps": 10,
        "untimed_trace_exact_parity_verified": true,
        "max_residual_difference": 9.990224217272439e-19,
        "failed_steps": 0
      },
      {
        "intervals": 32,
        "case": 12,
        "method": "fom_cn_cg_dt0.1_rtol1e-02",
        "steps": 5,
        "untimed_trace_exact_parity_verified": true,
        "max_residual_difference": 3.469446951953614e-18,
        "failed_steps": 0
      },
      {
        "intervals": 32,
        "case": 12,
        "method": "fom_cn_cg_dt0.1_rtol1e-04",
        "steps": 5,
        "untimed_trace_exact_parity_verified": true,
        "max_residual_difference": 4.2012834183813297e-19,
        "failed_steps": 0
      },
      {
        "intervals": 32,
        "case": 12,
        "method": "fom_cn_cg_dt0.05_rtol1e-02",
        "steps": 10,
        "untimed_trace_exact_parity_verified": true,
        "max_residual_difference": 2.6020852139652106e-18,
        "failed_steps": 0
      },
      {
        "intervals": 32,
        "case": 12,
        "method": "fom_cn_cg_dt0.05_rtol1e-04",
        "steps": 10,
        "untimed_trace_exact_parity_verified": true,
        "max_residual_difference": 1.0232158002831948e-18,
        "failed_steps": 0
      },
      {
        "intervals": 32,
        "case": 12,
        "method": "fom_cn_cg_dt0.1_rtol1e-06",
        "steps": 5,
        "untimed_trace_exact_parity_verified": true,
        "max_residual_difference": 4.463863632030163e-19,
        "failed_steps": 0
      },
      {
        "intervals": 32,
        "case": 13,
        "method": "fom_cn_cg_dt0.05_rtol1e-02",
        "steps": 10,
        "untimed_trace_exact_parity_verified": true,
        "max_residual_difference": 1.951563910473908e-18,
        "failed_steps": 0
      },
      {
        "intervals": 32,
        "case": 13,
        "method": "fom_cn_cg_dt0.05_rtol1e-04",
        "steps": 10,
        "untimed_trace_exact_parity_verified": true,
        "max_residual_difference": 6.911788849595091e-19,
        "failed_steps": 0
      },
      {
        "intervals": 32,
        "case": 13,
        "method": "fom_cn_cg_dt0.025_rtol1e-04",
        "steps": 20,
        "untimed_trace_exact_parity_verified": true,
        "max_residual_difference": 7.589415207398531e-19,
        "failed_steps": 0
      },
      {
        "intervals": 32,
        "case": 13,
        "method": "fom_cn_cg_dt0.025_rtol1e-02",
        "steps": 20,
        "untimed_trace_exact_parity_verified": true,
        "max_residual_difference": 1.734723475976807e-18,
        "failed_steps": 0
      },
      {
        "intervals": 32,
        "case": 13,
        "method": "fom_cn_cg_dt0.1_rtol1e-06",
        "steps": 5,
        "untimed_trace_exact_parity_verified": true,
        "max_residual_difference": 3.551185631363654e-19,
        "failed_steps": 0
      },
      {
        "intervals": 32,
        "case": 13,
        "method": "fom_cn_cg_dt0.1_rtol1e-04",
        "steps": 5,
        "untimed_trace_exact_parity_verified": true,
        "max_residual_difference": 7.318364664277155e-19,
        "failed_steps": 0
      },
      {
        "intervals": 32,
        "case": 13,
        "method": "fom_cn_cg_dt0.1_rtol1e-02",
        "steps": 5,
        "untimed_trace_exact_parity_verified": true,
        "max_residual_difference": 2.6020852139652106e-18,
        "failed_steps": 0
      },
      {
        "intervals": 32,
        "case": 13,
        "method": "fom_cn_cg_dt0.025_rtol1e-06",
        "steps": 20,
        "untimed_trace_exact_parity_verified": true,
        "max_residual_difference": 1.597980594554441e-18,
        "failed_steps": 0
      },
      {
        "intervals": 32,
        "case": 13,
        "method": "fom_cn_cg_dt0.05_rtol1e-06",
        "steps": 10,
        "untimed_trace_exact_parity_verified": true,
        "max_residual_difference": 4.730679010415267e-19,
        "failed_steps": 0
      },
      {
        "intervals": 32,
        "case": 14,
        "method": "fom_cn_cg_dt0.025_rtol1e-04",
        "steps": 20,
        "untimed_trace_exact_parity_verified": true,
        "max_residual_difference": 8.622795403048777e-19,
        "failed_steps": 0
      },
      {
        "intervals": 32,
        "case": 14,
        "method": "fom_cn_cg_dt0.05_rtol1e-02",
        "steps": 10,
        "untimed_trace_exact_parity_verified": true,
        "max_residual_difference": 3.469446951953614e-18,
        "failed_steps": 0
      },
      {
        "intervals": 32,
        "case": 14,
        "method": "fom_cn_cg_dt0.1_rtol1e-04",
        "steps": 5,
        "untimed_trace_exact_parity_verified": true,
        "max_residual_difference": 5.149960319306146e-19,
        "failed_steps": 0
      },
      {
        "intervals": 32,
        "case": 14,
        "method": "fom_cn_cg_dt0.05_rtol1e-04",
        "steps": 10,
        "untimed_trace_exact_parity_verified": true,
        "max_residual_difference": 4.0657581468206416e-19,
        "failed_steps": 0
      },
      {
        "intervals": 32,
        "case": 14,
        "method": "fom_cn_cg_dt0.1_rtol1e-02",
        "steps": 5,
        "untimed_trace_exact_parity_verified": true,
        "max_residual_difference": 6.938893903907228e-18,
        "failed_steps": 0
      },
      {
        "intervals": 32,
        "case": 14,
        "method": "fom_cn_cg_dt0.05_rtol1e-06",
        "steps": 10,
        "untimed_trace_exact_parity_verified": true,
        "max_residual_difference": 1.2136923342970056e-18,
        "failed_steps": 0
      },
      {
        "intervals": 32,
        "case": 14,
        "method": "fom_cn_cg_dt0.025_rtol1e-02",
        "steps": 20,
        "untimed_trace_exact_parity_verified": true,
        "max_residual_difference": 1.734723475976807e-18,
        "failed_steps": 0
      },
      {
        "intervals": 32,
        "case": 14,
        "method": "fom_cn_cg_dt0.025_rtol1e-06",
        "steps": 20,
        "untimed_trace_exact_parity_verified": true,
        "max_residual_difference": 1.3670317675296357e-18,
        "failed_steps": 0
      },
      {
        "intervals": 32,
        "case": 14,
        "method": "fom_cn_cg_dt0.1_rtol1e-06",
        "steps": 5,
        "untimed_trace_exact_parity_verified": true,
        "max_residual_difference": 1.4514968342386504e-18,
        "failed_steps": 0
      },
      {
        "intervals": 32,
        "case": 15,
        "method": "fom_cn_cg_dt0.1_rtol1e-06",
        "steps": 5,
        "untimed_trace_exact_parity_verified": true,
        "max_residual_difference": 1.669501939038226e-18,
        "failed_steps": 0
      },
      {
        "intervals": 32,
        "case": 15,
        "method": "fom_cn_cg_dt0.1_rtol1e-02",
        "steps": 5,
        "untimed_trace_exact_parity_verified": true,
        "max_residual_difference": 3.469446951953614e-18,
        "failed_steps": 0
      },
      {
        "intervals": 32,
        "case": 15,
        "method": "fom_cn_cg_dt0.05_rtol1e-02",
        "steps": 10,
        "untimed_trace_exact_parity_verified": true,
        "max_residual_difference": 3.469446951953614e-18,
        "failed_steps": 0
      },
      {
        "intervals": 32,
        "case": 15,
        "method": "fom_cn_cg_dt0.025_rtol1e-02",
        "steps": 20,
        "untimed_trace_exact_parity_verified": true,
        "max_residual_difference": 3.0357660829594124e-18,
        "failed_steps": 0
      },
      {
        "intervals": 32,
        "case": 15,
        "method": "fom_cn_cg_dt0.1_rtol1e-04",
        "steps": 5,
        "untimed_trace_exact_parity_verified": true,
        "max_residual_difference": 8.538092108323347e-19,
        "failed_steps": 0
      },
      {
        "intervals": 32,
        "case": 15,
        "method": "fom_cn_cg_dt0.025_rtol1e-04",
        "steps": 20,
        "untimed_trace_exact_parity_verified": true,
        "max_residual_difference": 2.168404344971009e-18,
        "failed_steps": 0
      },
      {
        "intervals": 32,
        "case": 15,
        "method": "fom_cn_cg_dt0.05_rtol1e-06",
        "steps": 10,
        "untimed_trace_exact_parity_verified": true,
        "max_residual_difference": 1.2054337630612762e-18,
        "failed_steps": 0
      },
      {
        "intervals": 32,
        "case": 15,
        "method": "fom_cn_cg_dt0.025_rtol1e-06",
        "steps": 20,
        "untimed_trace_exact_parity_verified": true,
        "max_residual_difference": 1.1828815108406304e-18,
        "failed_steps": 0
      },
      {
        "intervals": 32,
        "case": 15,
        "method": "fom_cn_cg_dt0.05_rtol1e-04",
        "steps": 10,
        "untimed_trace_exact_parity_verified": true,
        "max_residual_difference": 1.2468324983583301e-18,
        "failed_steps": 0
      },
      {
        "intervals": 64,
        "case": 0,
        "method": "fom_cn_cg_dt0.025_rtol1e-06",
        "steps": 20,
        "untimed_trace_exact_parity_verified": true,
        "max_residual_difference": 4.7296202192311995e-19,
        "failed_steps": 0
      },
      {
        "intervals": 64,
        "case": 0,
        "method": "fom_cn_cg_dt0.05_rtol1e-06",
        "steps": 10,
        "untimed_trace_exact_parity_verified": true,
        "max_residual_difference": 3.1128460811595537e-19,
        "failed_steps": 0
      },
      {
        "intervals": 64,
        "case": 0,
        "method": "fom_cn_cg_dt0.025_rtol1e-02",
        "steps": 20,
        "untimed_trace_exact_parity_verified": true,
        "max_residual_difference": 2.0816681711721685e-17,
        "failed_steps": 0
      },
      {
        "intervals": 64,
        "case": 0,
        "method": "fom_cn_cg_dt0.05_rtol1e-04",
        "steps": 10,
        "untimed_trace_exact_parity_verified": true,
        "max_residual_difference": 2.303929616531697e-19,
        "failed_steps": 0
      },
      {
        "intervals": 64,
        "case": 0,
        "method": "fom_cn_cg_dt0.025_rtol1e-04",
        "steps": 20,
        "untimed_trace_exact_parity_verified": true,
        "max_residual_difference": 4.87890977618477e-19,
        "failed_steps": 0
      },
      {
        "intervals": 64,
        "case": 0,
        "method": "fom_cn_cg_dt0.1_rtol1e-06",
        "steps": 5,
        "untimed_trace_exact_parity_verified": true,
        "max_residual_difference": 3.271664758769735e-19,
        "failed_steps": 0
      },
      {
        "intervals": 64,
        "case": 0,
        "method": "fom_cn_cg_dt0.1_rtol1e-04",
        "steps": 5,
        "untimed_trace_exact_parity_verified": true,
        "max_residual_difference": 2.0328790734103208e-19,
        "failed_steps": 0
      },
      {
        "intervals": 64,
        "case": 0,
        "method": "fom_cn_cg_dt0.1_rtol1e-02",
        "steps": 5,
        "untimed_trace_exact_parity_verified": true,
        "max_residual_difference": 2.3418766925686896e-17,
        "failed_steps": 0
      },
      {
        "intervals": 64,
        "case": 0,
        "method": "fom_cn_cg_dt0.05_rtol1e-02",
        "steps": 10,
        "untimed_trace_exact_parity_verified": true,
        "max_residual_difference": 1.734723475976807e-17,
        "failed_steps": 0
      },
      {
        "intervals": 64,
        "case": 1,
        "method": "fom_cn_cg_dt0.025_rtol1e-06",
        "steps": 20,
        "untimed_trace_exact_parity_verified": true,
        "max_residual_difference": 5.826527885925518e-19,
        "failed_steps": 0
      },
      {
        "intervals": 64,
        "case": 1,
        "method": "fom_cn_cg_dt0.1_rtol1e-04",
        "steps": 5,
        "untimed_trace_exact_parity_verified": true,
        "max_residual_difference": 4.87890977618477e-19,
        "failed_steps": 0
      },
      {
        "intervals": 64,
        "case": 1,
        "method": "fom_cn_cg_dt0.1_rtol1e-02",
        "steps": 5,
        "untimed_trace_exact_parity_verified": true,
        "max_residual_difference": 1.0408340855860843e-17,
        "failed_steps": 0
      },
      {
        "intervals": 64,
        "case": 1,
        "method": "fom_cn_cg_dt0.05_rtol1e-06",
        "steps": 10,
        "untimed_trace_exact_parity_verified": true,
        "max_residual_difference": 2.209697201149656e-19,
        "failed_steps": 0
      },
      {
        "intervals": 64,
        "case": 1,
        "method": "fom_cn_cg_dt0.05_rtol1e-04",
        "steps": 10,
        "untimed_trace_exact_parity_verified": true,
        "max_residual_difference": 3.4558944247975454e-19,
        "failed_steps": 0
      },
      {
        "intervals": 64,
        "case": 1,
        "method": "fom_cn_cg_dt0.025_rtol1e-02",
        "steps": 20,
        "untimed_trace_exact_parity_verified": true,
        "max_residual_difference": 1.9081958235744878e-17,
        "failed_steps": 0
      },
      {
        "intervals": 64,
        "case": 1,
        "method": "fom_cn_cg_dt0.05_rtol1e-02",
        "steps": 10,
        "untimed_trace_exact_parity_verified": true,
        "max_residual_difference": 1.734723475976807e-17,
        "failed_steps": 0
      },
      {
        "intervals": 64,
        "case": 1,
        "method": "fom_cn_cg_dt0.1_rtol1e-06",
        "steps": 5,
        "untimed_trace_exact_parity_verified": true,
        "max_residual_difference": 2.1112296210313436e-19,
        "failed_steps": 0
      },
      {
        "intervals": 64,
        "case": 1,
        "method": "fom_cn_cg_dt0.025_rtol1e-04",
        "steps": 20,
        "untimed_trace_exact_parity_verified": true,
        "max_residual_difference": 6.369687763352339e-19,
        "failed_steps": 0
      },
      {
        "intervals": 64,
        "case": 2,
        "method": "fom_cn_cg_dt0.025_rtol1e-06",
        "steps": 20,
        "untimed_trace_exact_parity_verified": true,
        "max_residual_difference": 3.7692966152816365e-19,
        "failed_steps": 0
      },
      {
        "intervals": 64,
        "case": 2,
        "method": "fom_cn_cg_dt0.05_rtol1e-06",
        "steps": 10,
        "untimed_trace_exact_parity_verified": true,
        "max_residual_difference": 1.7957098481791167e-19,
        "failed_steps": 0
      },
      {
        "intervals": 64,
        "case": 2,
        "method": "fom_cn_cg_dt0.05_rtol1e-04",
        "steps": 10,
        "untimed_trace_exact_parity_verified": true,
        "max_residual_difference": 8.538092108323347e-19,
        "failed_steps": 0
      },
      {
        "intervals": 64,
        "case": 2,
        "method": "fom_cn_cg_dt0.025_rtol1e-02",
        "steps": 20,
        "untimed_trace_exact_parity_verified": true,
        "max_residual_difference": 1.3010426069826053e-17,
        "failed_steps": 0
      },
      {
        "intervals": 64,
        "case": 2,
        "method": "fom_cn_cg_dt0.05_rtol1e-02",
        "steps": 10,
        "untimed_trace_exact_parity_verified": true,
        "max_residual_difference": 1.9081958235744878e-17,
        "failed_steps": 0
      },
      {
        "intervals": 64,
        "case": 2,
        "method": "fom_cn_cg_dt0.1_rtol1e-06",
        "steps": 5,
        "untimed_trace_exact_parity_verified": true,
        "max_residual_difference": 1.69935985042894e-19,
        "failed_steps": 0
      },
      {
        "intervals": 64,
        "case": 2,
        "method": "fom_cn_cg_dt0.1_rtol1e-02",
        "steps": 5,
        "untimed_trace_exact_parity_verified": true,
        "max_residual_difference": 5.204170427930421e-18,
        "failed_steps": 0
      },
      {
        "intervals": 64,
        "case": 2,
        "method": "fom_cn_cg_dt0.025_rtol1e-04",
        "steps": 20,
        "untimed_trace_exact_parity_verified": true,
        "max_residual_difference": 5.149960319306146e-19,
        "failed_steps": 0
      },
      {
        "intervals": 64,
        "case": 2,
        "method": "fom_cn_cg_dt0.1_rtol1e-04",
        "steps": 5,
        "untimed_trace_exact_parity_verified": true,
        "max_residual_difference": 4.2012834183813297e-19,
        "failed_steps": 0
      },
      {
        "intervals": 64,
        "case": 3,
        "method": "fom_cn_cg_dt0.1_rtol1e-02",
        "steps": 5,
        "untimed_trace_exact_parity_verified": true,
        "max_residual_difference": 1.214306433183765e-17,
        "failed_steps": 0
      },
      {
        "intervals": 64,
        "case": 3,
        "method": "fom_cn_cg_dt0.1_rtol1e-04",
        "steps": 5,
        "untimed_trace_exact_parity_verified": true,
        "max_residual_difference": 2.303929616531697e-19,
        "failed_steps": 0
      },
      {
        "intervals": 64,
        "case": 3,
        "method": "fom_cn_cg_dt0.05_rtol1e-04",
        "steps": 10,
        "untimed_trace_exact_parity_verified": true,
        "max_residual_difference": 1.5585406229479126e-19,
        "failed_steps": 0
      },
      {
        "intervals": 64,
        "case": 3,
        "method": "fom_cn_cg_dt0.05_rtol1e-02",
        "steps": 10,
        "untimed_trace_exact_parity_verified": true,
        "max_residual_difference": 1.3877787807814457e-17,
        "failed_steps": 0
      },
      {
        "intervals": 64,
        "case": 3,
        "method": "fom_cn_cg_dt0.1_rtol1e-06",
        "steps": 5,
        "untimed_trace_exact_parity_verified": true,
        "max_residual_difference": 2.675565322139521e-19,
        "failed_steps": 0
      },
      {
        "intervals": 64,
        "case": 3,
        "method": "fom_cn_cg_dt0.05_rtol1e-06",
        "steps": 10,
        "untimed_trace_exact_parity_verified": true,
        "max_residual_difference": 1.8147680894923385e-19,
        "failed_steps": 0
      },
      {
        "intervals": 64,
        "case": 3,
        "method": "fom_cn_cg_dt0.025_rtol1e-06",
        "steps": 20,
        "untimed_trace_exact_parity_verified": true,
        "max_residual_difference": 2.8926175148734357e-19,
        "failed_steps": 0
      },
      {
        "intervals": 64,
        "case": 3,
        "method": "fom_cn_cg_dt0.025_rtol1e-02",
        "steps": 20,
        "untimed_trace_exact_parity_verified": true,
        "max_residual_difference": 1.0408340855860843e-17,
        "failed_steps": 0
      },
      {
        "intervals": 64,
        "case": 3,
        "method": "fom_cn_cg_dt0.025_rtol1e-04",
        "steps": 20,
        "untimed_trace_exact_parity_verified": true,
        "max_residual_difference": 2.981555974335137e-19,
        "failed_steps": 0
      },
      {
        "intervals": 64,
        "case": 4,
        "method": "fom_cn_cg_dt0.05_rtol1e-04",
        "steps": 10,
        "untimed_trace_exact_parity_verified": true,
        "max_residual_difference": 3.3881317890172014e-19,
        "failed_steps": 0
      },
      {
        "intervals": 64,
        "case": 4,
        "method": "fom_cn_cg_dt0.1_rtol1e-02",
        "steps": 5,
        "untimed_trace_exact_parity_verified": true,
        "max_residual_difference": 1.9081958235744878e-17,
        "failed_steps": 0
      },
      {
        "intervals": 64,
        "case": 4,
        "method": "fom_cn_cg_dt0.025_rtol1e-04",
        "steps": 20,
        "untimed_trace_exact_parity_verified": true,
        "max_residual_difference": 1.043544591017298e-18,
        "failed_steps": 0
      },
      {
        "intervals": 64,
        "case": 4,
        "method": "fom_cn_cg_dt0.025_rtol1e-02",
        "steps": 20,
        "untimed_trace_exact_parity_verified": true,
        "max_residual_difference": 1.9081958235744878e-17,
        "failed_steps": 0
      },
      {
        "intervals": 64,
        "case": 4,
        "method": "fom_cn_cg_dt0.05_rtol1e-06",
        "steps": 10,
        "untimed_trace_exact_parity_verified": true,
        "max_residual_difference": 3.6517707938501023e-19,
        "failed_steps": 0
      },
      {
        "intervals": 64,
        "case": 4,
        "method": "fom_cn_cg_dt0.05_rtol1e-02",
        "steps": 10,
        "untimed_trace_exact_parity_verified": true,
        "max_residual_difference": 1.3877787807814457e-17,
        "failed_steps": 0
      },
      {
        "intervals": 64,
        "case": 4,
        "method": "fom_cn_cg_dt0.025_rtol1e-06",
        "steps": 20,
        "untimed_trace_exact_parity_verified": true,
        "max_residual_difference": 4.70950318673391e-19,
        "failed_steps": 0
      },
      {
        "intervals": 64,
        "case": 4,
        "method": "fom_cn_cg_dt0.1_rtol1e-06",
        "steps": 5,
        "untimed_trace_exact_parity_verified": true,
        "max_residual_difference": 1.946058196316755e-19,
        "failed_steps": 0
      },
      {
        "intervals": 64,
        "case": 4,
        "method": "fom_cn_cg_dt0.1_rtol1e-04",
        "steps": 5,
        "untimed_trace_exact_parity_verified": true,
        "max_residual_difference": 4.743384504624082e-19,
        "failed_steps": 0
      },
      {
        "intervals": 64,
        "case": 5,
        "method": "fom_cn_cg_dt0.1_rtol1e-02",
        "steps": 5,
        "untimed_trace_exact_parity_verified": true,
        "max_residual_difference": 1.1275702593849246e-17,
        "failed_steps": 0
      },
      {
        "intervals": 64,
        "case": 5,
        "method": "fom_cn_cg_dt0.1_rtol1e-04",
        "steps": 5,
        "untimed_trace_exact_parity_verified": true,
        "max_residual_difference": 2.168404344971009e-19,
        "failed_steps": 0
      },
      {
        "intervals": 64,
        "case": 5,
        "method": "fom_cn_cg_dt0.1_rtol1e-06",
        "steps": 5,
        "untimed_trace_exact_parity_verified": true,
        "max_residual_difference": 2.3928680759933985e-19,
        "failed_steps": 0
      },
      {
        "intervals": 64,
        "case": 5,
        "method": "fom_cn_cg_dt0.025_rtol1e-04",
        "steps": 20,
        "untimed_trace_exact_parity_verified": true,
        "max_residual_difference": 3.8624702394796095e-19,
        "failed_steps": 0
      },
      {
        "intervals": 64,
        "case": 5,
        "method": "fom_cn_cg_dt0.05_rtol1e-06",
        "steps": 10,
        "untimed_trace_exact_parity_verified": true,
        "max_residual_difference": 4.1705784740433613e-19,
        "failed_steps": 0
      },
      {
        "intervals": 64,
        "case": 5,
        "method": "fom_cn_cg_dt0.025_rtol1e-06",
        "steps": 20,
        "untimed_trace_exact_parity_verified": true,
        "max_residual_difference": 4.874674611448498e-19,
        "failed_steps": 0
      },
      {
        "intervals": 64,
        "case": 5,
        "method": "fom_cn_cg_dt0.025_rtol1e-02",
        "steps": 20,
        "untimed_trace_exact_parity_verified": true,
        "max_residual_difference": 1.5612511283791264e-17,
        "failed_steps": 0
      },
      {
        "intervals": 64,
        "case": 5,
        "method": "fom_cn_cg_dt0.05_rtol1e-04",
        "steps": 10,
        "untimed_trace_exact_parity_verified": true,
        "max_residual_difference": 2.981555974335137e-19,
        "failed_steps": 0
      },
      {
        "intervals": 64,
        "case": 5,
        "method": "fom_cn_cg_dt0.05_rtol1e-02",
        "steps": 10,
        "untimed_trace_exact_parity_verified": true,
        "max_residual_difference": 2.42861286636753e-17,
        "failed_steps": 0
      },
      {
        "intervals": 64,
        "case": 6,
        "method": "fom_cn_cg_dt0.025_rtol1e-06",
        "steps": 20,
        "untimed_trace_exact_parity_verified": true,
        "max_residual_difference": 7.5089470774093725e-19,
        "failed_steps": 0
      },
      {
        "intervals": 64,
        "case": 6,
        "method": "fom_cn_cg_dt0.025_rtol1e-04",
        "steps": 20,
        "untimed_trace_exact_parity_verified": true,
        "max_residual_difference": 6.640738306473715e-19,
        "failed_steps": 0
      },
      {
        "intervals": 64,
        "case": 6,
        "method": "fom_cn_cg_dt0.1_rtol1e-06",
        "steps": 5,
        "untimed_trace_exact_parity_verified": true,
        "max_residual_difference": 3.8868224367131707e-19,
        "failed_steps": 0
      },
      {
        "intervals": 64,
        "case": 6,
        "method": "fom_cn_cg_dt0.1_rtol1e-02",
        "steps": 5,
        "untimed_trace_exact_parity_verified": true,
        "max_residual_difference": 2.949029909160572e-17,
        "failed_steps": 0
      },
      {
        "intervals": 64,
        "case": 6,
        "method": "fom_cn_cg_dt0.05_rtol1e-04",
        "steps": 10,
        "untimed_trace_exact_parity_verified": true,
        "max_residual_difference": 2.710505431213761e-19,
        "failed_steps": 0
      },
      {
        "intervals": 64,
        "case": 6,
        "method": "fom_cn_cg_dt0.1_rtol1e-04",
        "steps": 5,
        "untimed_trace_exact_parity_verified": true,
        "max_residual_difference": 2.168404344971009e-19,
        "failed_steps": 0
      },
      {
        "intervals": 64,
        "case": 6,
        "method": "fom_cn_cg_dt0.05_rtol1e-02",
        "steps": 10,
        "untimed_trace_exact_parity_verified": true,
        "max_residual_difference": 1.8214596497756474e-17,
        "failed_steps": 0
      },
      {
        "intervals": 64,
        "case": 6,
        "method": "fom_cn_cg_dt0.05_rtol1e-06",
        "steps": 10,
        "untimed_trace_exact_parity_verified": true,
        "max_residual_difference": 5.984287772351632e-19,
        "failed_steps": 0
      },
      {
        "intervals": 64,
        "case": 6,
        "method": "fom_cn_cg_dt0.025_rtol1e-02",
        "steps": 20,
        "untimed_trace_exact_parity_verified": true,
        "max_residual_difference": 1.214306433183765e-17,
        "failed_steps": 0
      },
      {
        "intervals": 64,
        "case": 7,
        "method": "fom_cn_cg_dt0.05_rtol1e-06",
        "steps": 10,
        "untimed_trace_exact_parity_verified": true,
        "max_residual_difference": 3.860352657111474e-19,
        "failed_steps": 0
      },
      {
        "intervals": 64,
        "case": 7,
        "method": "fom_cn_cg_dt0.05_rtol1e-04",
        "steps": 10,
        "untimed_trace_exact_parity_verified": true,
        "max_residual_difference": 6.911788849595091e-19,
        "failed_steps": 0
      },
      {
        "intervals": 64,
        "case": 7,
        "method": "fom_cn_cg_dt0.025_rtol1e-06",
        "steps": 20,
        "untimed_trace_exact_parity_verified": true,
        "max_residual_difference": 2.97520322723073e-19,
        "failed_steps": 0
      },
      {
        "intervals": 64,
        "case": 7,
        "method": "fom_cn_cg_dt0.1_rtol1e-06",
        "steps": 5,
        "untimed_trace_exact_parity_verified": true,
        "max_residual_difference": 2.7062702664774896e-19,
        "failed_steps": 0
      },
      {
        "intervals": 64,
        "case": 7,
        "method": "fom_cn_cg_dt0.1_rtol1e-02",
        "steps": 5,
        "untimed_trace_exact_parity_verified": true,
        "max_residual_difference": 1.3877787807814457e-17,
        "failed_steps": 0
      },
      {
        "intervals": 64,
        "case": 7,
        "method": "fom_cn_cg_dt0.025_rtol1e-02",
        "steps": 20,
        "untimed_trace_exact_parity_verified": true,
        "max_residual_difference": 1.1275702593849246e-17,
        "failed_steps": 0
      },
      {
        "intervals": 64,
        "case": 7,
        "method": "fom_cn_cg_dt0.05_rtol1e-02",
        "steps": 10,
        "untimed_trace_exact_parity_verified": true,
        "max_residual_difference": 2.6020852139652106e-17,
        "failed_steps": 0
      },
      {
        "intervals": 64,
        "case": 7,
        "method": "fom_cn_cg_dt0.025_rtol1e-04",
        "steps": 20,
        "untimed_trace_exact_parity_verified": true,
        "max_residual_difference": 7.182839392716467e-19,
        "failed_steps": 0
      },
      {
        "intervals": 64,
        "case": 7,
        "method": "fom_cn_cg_dt0.1_rtol1e-04",
        "steps": 5,
        "untimed_trace_exact_parity_verified": true,
        "max_residual_difference": 4.743384504624082e-19,
        "failed_steps": 0
      },
      {
        "intervals": 64,
        "case": 8,
        "method": "fom_cn_cg_dt0.1_rtol1e-02",
        "steps": 5,
        "untimed_trace_exact_parity_verified": true,
        "max_residual_difference": 1.214306433183765e-17,
        "failed_steps": 0
      },
      {
        "intervals": 64,
        "case": 8,
        "method": "fom_cn_cg_dt0.05_rtol1e-06",
        "steps": 10,
        "untimed_trace_exact_parity_verified": true,
        "max_residual_difference": 3.6930636500287495e-19,
        "failed_steps": 0
      },
      {
        "intervals": 64,
        "case": 8,
        "method": "fom_cn_cg_dt0.025_rtol1e-02",
        "steps": 20,
        "untimed_trace_exact_parity_verified": true,
        "max_residual_difference": 1.734723475976807e-17,
        "failed_steps": 0
      },
      {
        "intervals": 64,
        "case": 8,
        "method": "fom_cn_cg_dt0.1_rtol1e-04",
        "steps": 5,
        "untimed_trace_exact_parity_verified": true,
        "max_residual_difference": 3.2526065174565133e-19,
        "failed_steps": 0
      },
      {
        "intervals": 64,
        "case": 8,
        "method": "fom_cn_cg_dt0.025_rtol1e-04",
        "steps": 20,
        "untimed_trace_exact_parity_verified": true,
        "max_residual_difference": 3.5236570605778894e-19,
        "failed_steps": 0
      },
      {
        "intervals": 64,
        "case": 8,
        "method": "fom_cn_cg_dt0.025_rtol1e-06",
        "steps": 20,
        "untimed_trace_exact_parity_verified": true,
        "max_residual_difference": 3.8561174923752023e-19,
        "failed_steps": 0
      },
      {
        "intervals": 64,
        "case": 8,
        "method": "fom_cn_cg_dt0.1_rtol1e-06",
        "steps": 5,
        "untimed_trace_exact_parity_verified": true,
        "max_residual_difference": 5.841350962502469e-19,
        "failed_steps": 0
      },
      {
        "intervals": 64,
        "case": 8,
        "method": "fom_cn_cg_dt0.05_rtol1e-04",
        "steps": 10,
        "untimed_trace_exact_parity_verified": true,
        "max_residual_difference": 3.6591823321385775e-19,
        "failed_steps": 0
      },
      {
        "intervals": 64,
        "case": 8,
        "method": "fom_cn_cg_dt0.05_rtol1e-02",
        "steps": 10,
        "untimed_trace_exact_parity_verified": true,
        "max_residual_difference": 1.0408340855860843e-17,
        "failed_steps": 0
      },
      {
        "intervals": 64,
        "case": 9,
        "method": "fom_cn_cg_dt0.025_rtol1e-04",
        "steps": 20,
        "untimed_trace_exact_parity_verified": true,
        "max_residual_difference": 4.607859233063394e-19,
        "failed_steps": 0
      },
      {
        "intervals": 64,
        "case": 9,
        "method": "fom_cn_cg_dt0.025_rtol1e-06",
        "steps": 20,
        "untimed_trace_exact_parity_verified": true,
        "max_residual_difference": 4.686209780684417e-19,
        "failed_steps": 0
      },
      {
        "intervals": 64,
        "case": 9,
        "method": "fom_cn_cg_dt0.025_rtol1e-02",
        "steps": 20,
        "untimed_trace_exact_parity_verified": true,
        "max_residual_difference": 1.474514954580286e-17,
        "failed_steps": 0
      },
      {
        "intervals": 64,
        "case": 9,
        "method": "fom_cn_cg_dt0.1_rtol1e-04",
        "steps": 5,
        "untimed_trace_exact_parity_verified": true,
        "max_residual_difference": 6.911788849595091e-19,
        "failed_steps": 0
      },
      {
        "intervals": 64,
        "case": 9,
        "method": "fom_cn_cg_dt0.05_rtol1e-04",
        "steps": 10,
        "untimed_trace_exact_parity_verified": true,
        "max_residual_difference": 3.3881317890172014e-19,
        "failed_steps": 0
      },
      {
        "intervals": 64,
        "case": 9,
        "method": "fom_cn_cg_dt0.1_rtol1e-06",
        "steps": 5,
        "untimed_trace_exact_parity_verified": true,
        "max_residual_difference": 5.825469094741451e-19,
        "failed_steps": 0
      },
      {
        "intervals": 64,
        "case": 9,
        "method": "fom_cn_cg_dt0.05_rtol1e-02",
        "steps": 10,
        "untimed_trace_exact_parity_verified": true,
        "max_residual_difference": 2.7755575615628914e-17,
        "failed_steps": 0
      },
      {
        "intervals": 64,
        "case": 9,
        "method": "fom_cn_cg_dt0.05_rtol1e-06",
        "steps": 10,
        "untimed_trace_exact_parity_verified": true,
        "max_residual_difference": 2.2139323658859275e-19,
        "failed_steps": 0
      },
      {
        "intervals": 64,
        "case": 9,
        "method": "fom_cn_cg_dt0.1_rtol1e-02",
        "steps": 5,
        "untimed_trace_exact_parity_verified": true,
        "max_residual_difference": 1.5612511283791264e-17,
        "failed_steps": 0
      },
      {
        "intervals": 64,
        "case": 10,
        "method": "fom_cn_cg_dt0.025_rtol1e-04",
        "steps": 20,
        "untimed_trace_exact_parity_verified": true,
        "max_residual_difference": 5.421010862427522e-19,
        "failed_steps": 0
      },
      {
        "intervals": 64,
        "case": 10,
        "method": "fom_cn_cg_dt0.1_rtol1e-06",
        "steps": 5,
        "untimed_trace_exact_parity_verified": true,
        "max_residual_difference": 2.8587361969832636e-19,
        "failed_steps": 0
      },
      {
        "intervals": 64,
        "case": 10,
        "method": "fom_cn_cg_dt0.05_rtol1e-04",
        "steps": 10,
        "untimed_trace_exact_parity_verified": true,
        "max_residual_difference": 2.574980159653073e-19,
        "failed_steps": 0
      },
      {
        "intervals": 64,
        "case": 10,
        "method": "fom_cn_cg_dt0.1_rtol1e-02",
        "steps": 5,
        "untimed_trace_exact_parity_verified": true,
        "max_residual_difference": 1.734723475976807e-17,
        "failed_steps": 0
      },
      {
        "intervals": 64,
        "case": 10,
        "method": "fom_cn_cg_dt0.025_rtol1e-02",
        "steps": 20,
        "untimed_trace_exact_parity_verified": true,
        "max_residual_difference": 1.5612511283791264e-17,
        "failed_steps": 0
      },
      {
        "intervals": 64,
        "case": 10,
        "method": "fom_cn_cg_dt0.05_rtol1e-02",
        "steps": 10,
        "untimed_trace_exact_parity_verified": true,
        "max_residual_difference": 1.1275702593849246e-17,
        "failed_steps": 0
      },
      {
        "intervals": 64,
        "case": 10,
        "method": "fom_cn_cg_dt0.025_rtol1e-06",
        "steps": 20,
        "untimed_trace_exact_parity_verified": true,
        "max_residual_difference": 2.523099391633747e-19,
        "failed_steps": 0
      },
      {
        "intervals": 64,
        "case": 10,
        "method": "fom_cn_cg_dt0.1_rtol1e-04",
        "steps": 5,
        "untimed_trace_exact_parity_verified": true,
        "max_residual_difference": 2.303929616531697e-19,
        "failed_steps": 0
      },
      {
        "intervals": 64,
        "case": 10,
        "method": "fom_cn_cg_dt0.05_rtol1e-06",
        "steps": 10,
        "untimed_trace_exact_parity_verified": true,
        "max_residual_difference": 3.032377951170395e-19,
        "failed_steps": 0
      },
      {
        "intervals": 64,
        "case": 11,
        "method": "fom_cn_cg_dt0.025_rtol1e-06",
        "steps": 20,
        "untimed_trace_exact_parity_verified": true,
        "max_residual_difference": 9.811817902757002e-19,
        "failed_steps": 0
      },
      {
        "intervals": 64,
        "case": 11,
        "method": "fom_cn_cg_dt0.1_rtol1e-04",
        "steps": 5,
        "untimed_trace_exact_parity_verified": true,
        "max_residual_difference": 3.6591823321385775e-19,
        "failed_steps": 0
      },
      {
        "intervals": 64,
        "case": 11,
        "method": "fom_cn_cg_dt0.05_rtol1e-04",
        "steps": 10,
        "untimed_trace_exact_parity_verified": true,
        "max_residual_difference": 5.827586677109586e-19,
        "failed_steps": 0
      },
      {
        "intervals": 64,
        "case": 11,
        "method": "fom_cn_cg_dt0.025_rtol1e-04",
        "steps": 20,
        "untimed_trace_exact_parity_verified": true,
        "max_residual_difference": 7.047314121155779e-19,
        "failed_steps": 0
      },
      {
        "intervals": 64,
        "case": 11,
        "method": "fom_cn_cg_dt0.025_rtol1e-02",
        "steps": 20,
        "untimed_trace_exact_parity_verified": true,
        "max_residual_difference": 1.0408340855860843e-17,
        "failed_steps": 0
      },
      {
        "intervals": 64,
        "case": 11,
        "method": "fom_cn_cg_dt0.05_rtol1e-02",
        "steps": 10,
        "untimed_trace_exact_parity_verified": true,
        "max_residual_difference": 1.734723475976807e-17,
        "failed_steps": 0
      },
      {
        "intervals": 64,
        "case": 11,
        "method": "fom_cn_cg_dt0.1_rtol1e-02",
        "steps": 5,
        "untimed_trace_exact_parity_verified": true,
        "max_residual_difference": 1.0408340855860843e-17,
        "failed_steps": 0
      },
      {
        "intervals": 64,
        "case": 11,
        "method": "fom_cn_cg_dt0.1_rtol1e-06",
        "steps": 5,
        "untimed_trace_exact_parity_verified": true,
        "max_residual_difference": 4.542214179651186e-19,
        "failed_steps": 0
      },
      {
        "intervals": 64,
        "case": 11,
        "method": "fom_cn_cg_dt0.05_rtol1e-06",
        "steps": 10,
        "untimed_trace_exact_parity_verified": true,
        "max_residual_difference": 3.3542504711270293e-19,
        "failed_steps": 0
      },
      {
        "intervals": 64,
        "case": 12,
        "method": "fom_cn_cg_dt0.05_rtol1e-04",
        "steps": 10,
        "untimed_trace_exact_parity_verified": true,
        "max_residual_difference": 3.5236570605778894e-19,
        "failed_steps": 0
      },
      {
        "intervals": 64,
        "case": 12,
        "method": "fom_cn_cg_dt0.025_rtol1e-04",
        "steps": 20,
        "untimed_trace_exact_parity_verified": true,
        "max_residual_difference": 4.472333961502706e-19,
        "failed_steps": 0
      },
      {
        "intervals": 64,
        "case": 12,
        "method": "fom_cn_cg_dt0.05_rtol1e-06",
        "steps": 10,
        "untimed_trace_exact_parity_verified": true,
        "max_residual_difference": 2.7983850994913947e-19,
        "failed_steps": 0
      },
      {
        "intervals": 64,
        "case": 12,
        "method": "fom_cn_cg_dt0.1_rtol1e-02",
        "steps": 5,
        "untimed_trace_exact_parity_verified": true,
        "max_residual_difference": 6.938893903907228e-18,
        "failed_steps": 0
      },
      {
        "intervals": 64,
        "case": 12,
        "method": "fom_cn_cg_dt0.1_rtol1e-04",
        "steps": 5,
        "untimed_trace_exact_parity_verified": true,
        "max_residual_difference": 2.439454888092385e-19,
        "failed_steps": 0
      },
      {
        "intervals": 64,
        "case": 12,
        "method": "fom_cn_cg_dt0.05_rtol1e-02",
        "steps": 10,
        "untimed_trace_exact_parity_verified": true,
        "max_residual_difference": 1.8214596497756474e-17,
        "failed_steps": 0
      },
      {
        "intervals": 64,
        "case": 12,
        "method": "fom_cn_cg_dt0.025_rtol1e-06",
        "steps": 20,
        "untimed_trace_exact_parity_verified": true,
        "max_residual_difference": 2.6046263128069735e-19,
        "failed_steps": 0
      },
      {
        "intervals": 64,
        "case": 12,
        "method": "fom_cn_cg_dt0.025_rtol1e-02",
        "steps": 20,
        "untimed_trace_exact_parity_verified": true,
        "max_residual_difference": 1.0408340855860843e-17,
        "failed_steps": 0
      },
      {
        "intervals": 64,
        "case": 12,
        "method": "fom_cn_cg_dt0.1_rtol1e-06",
        "steps": 5,
        "untimed_trace_exact_parity_verified": true,
        "max_residual_difference": 4.063640564452506e-19,
        "failed_steps": 0
      },
      {
        "intervals": 64,
        "case": 13,
        "method": "fom_cn_cg_dt0.05_rtol1e-04",
        "steps": 10,
        "untimed_trace_exact_parity_verified": true,
        "max_residual_difference": 2.574980159653073e-19,
        "failed_steps": 0
      },
      {
        "intervals": 64,
        "case": 13,
        "method": "fom_cn_cg_dt0.1_rtol1e-02",
        "steps": 5,
        "untimed_trace_exact_parity_verified": true,
        "max_residual_difference": 2.2551405187698492e-17,
        "failed_steps": 0
      },
      {
        "intervals": 64,
        "case": 13,
        "method": "fom_cn_cg_dt0.025_rtol1e-06",
        "steps": 20,
        "untimed_trace_exact_parity_verified": true,
        "max_residual_difference": 4.241517483375909e-19,
        "failed_steps": 0
      },
      {
        "intervals": 64,
        "case": 13,
        "method": "fom_cn_cg_dt0.1_rtol1e-06",
        "steps": 5,
        "untimed_trace_exact_parity_verified": true,
        "max_residual_difference": 2.2298142336469456e-19,
        "failed_steps": 0
      },
      {
        "intervals": 64,
        "case": 13,
        "method": "fom_cn_cg_dt0.1_rtol1e-04",
        "steps": 5,
        "untimed_trace_exact_parity_verified": true,
        "max_residual_difference": 2.846030702774449e-19,
        "failed_steps": 0
      },
      {
        "intervals": 64,
        "case": 13,
        "method": "fom_cn_cg_dt0.025_rtol1e-04",
        "steps": 20,
        "untimed_trace_exact_parity_verified": true,
        "max_residual_difference": 5.55653613398821e-19,
        "failed_steps": 0
      },
      {
        "intervals": 64,
        "case": 13,
        "method": "fom_cn_cg_dt0.05_rtol1e-02",
        "steps": 10,
        "untimed_trace_exact_parity_verified": true,
        "max_residual_difference": 8.673617379884035e-18,
        "failed_steps": 0
      },
      {
        "intervals": 64,
        "case": 13,
        "method": "fom_cn_cg_dt0.025_rtol1e-02",
        "steps": 20,
        "untimed_trace_exact_parity_verified": true,
        "max_residual_difference": 1.474514954580286e-17,
        "failed_steps": 0
      },
      {
        "intervals": 64,
        "case": 13,
        "method": "fom_cn_cg_dt0.05_rtol1e-06",
        "steps": 10,
        "untimed_trace_exact_parity_verified": true,
        "max_residual_difference": 6.605798197399475e-19,
        "failed_steps": 0
      },
      {
        "intervals": 64,
        "case": 14,
        "method": "fom_cn_cg_dt0.1_rtol1e-02",
        "steps": 5,
        "untimed_trace_exact_parity_verified": true,
        "max_residual_difference": 1.734723475976807e-17,
        "failed_steps": 0
      },
      {
        "intervals": 64,
        "case": 14,
        "method": "fom_cn_cg_dt0.1_rtol1e-04",
        "steps": 5,
        "untimed_trace_exact_parity_verified": true,
        "max_residual_difference": 1.8973538018496328e-19,
        "failed_steps": 0
      },
      {
        "intervals": 64,
        "case": 14,
        "method": "fom_cn_cg_dt0.05_rtol1e-02",
        "steps": 10,
        "untimed_trace_exact_parity_verified": true,
        "max_residual_difference": 1.1275702593849246e-17,
        "failed_steps": 0
      },
      {
        "intervals": 64,
        "case": 14,
        "method": "fom_cn_cg_dt0.025_rtol1e-04",
        "steps": 20,
        "untimed_trace_exact_parity_verified": true,
        "max_residual_difference": 3.6591823321385775e-19,
        "failed_steps": 0
      },
      {
        "intervals": 64,
        "case": 14,
        "method": "fom_cn_cg_dt0.025_rtol1e-06",
        "steps": 20,
        "untimed_trace_exact_parity_verified": true,
        "max_residual_difference": 2.5103938974249326e-19,
        "failed_steps": 0
      },
      {
        "intervals": 64,
        "case": 14,
        "method": "fom_cn_cg_dt0.025_rtol1e-02",
        "steps": 20,
        "untimed_trace_exact_parity_verified": true,
        "max_residual_difference": 1.5612511283791264e-17,
        "failed_steps": 0
      },
      {
        "intervals": 64,
        "case": 14,
        "method": "fom_cn_cg_dt0.1_rtol1e-06",
        "steps": 5,
        "untimed_trace_exact_parity_verified": true,
        "max_residual_difference": 4.62479989200848e-19,
        "failed_steps": 0
      },
      {
        "intervals": 64,
        "case": 14,
        "method": "fom_cn_cg_dt0.05_rtol1e-06",
        "steps": 10,
        "untimed_trace_exact_parity_verified": true,
        "max_residual_difference": 2.7560334521286797e-19,
        "failed_steps": 0
      },
      {
        "intervals": 64,
        "case": 14,
        "method": "fom_cn_cg_dt0.05_rtol1e-04",
        "steps": 10,
        "untimed_trace_exact_parity_verified": true,
        "max_residual_difference": 3.2526065174565133e-19,
        "failed_steps": 0
      },
      {
        "intervals": 64,
        "case": 15,
        "method": "fom_cn_cg_dt0.05_rtol1e-04",
        "steps": 10,
        "untimed_trace_exact_parity_verified": true,
        "max_residual_difference": 3.6591823321385775e-19,
        "failed_steps": 0
      },
      {
        "intervals": 64,
        "case": 15,
        "method": "fom_cn_cg_dt0.025_rtol1e-02",
        "steps": 20,
        "untimed_trace_exact_parity_verified": true,
        "max_residual_difference": 2.0816681711721685e-17,
        "failed_steps": 0
      },
      {
        "intervals": 64,
        "case": 15,
        "method": "fom_cn_cg_dt0.1_rtol1e-06",
        "steps": 5,
        "untimed_trace_exact_parity_verified": true,
        "max_residual_difference": 4.09646309115861e-19,
        "failed_steps": 0
      },
      {
        "intervals": 64,
        "case": 15,
        "method": "fom_cn_cg_dt0.025_rtol1e-06",
        "steps": 20,
        "untimed_trace_exact_parity_verified": true,
        "max_residual_difference": 3.178491134571762e-19,
        "failed_steps": 0
      },
      {
        "intervals": 64,
        "case": 15,
        "method": "fom_cn_cg_dt0.05_rtol1e-02",
        "steps": 10,
        "untimed_trace_exact_parity_verified": true,
        "max_residual_difference": 2.0816681711721685e-17,
        "failed_steps": 0
      },
      {
        "intervals": 64,
        "case": 15,
        "method": "fom_cn_cg_dt0.1_rtol1e-04",
        "steps": 5,
        "untimed_trace_exact_parity_verified": true,
        "max_residual_difference": 4.472333961502706e-19,
        "failed_steps": 0
      },
      {
        "intervals": 64,
        "case": 15,
        "method": "fom_cn_cg_dt0.1_rtol1e-02",
        "steps": 5,
        "untimed_trace_exact_parity_verified": true,
        "max_residual_difference": 1.3877787807814457e-17,
        "failed_steps": 0
      },
      {
        "intervals": 64,
        "case": 15,
        "method": "fom_cn_cg_dt0.025_rtol1e-04",
        "steps": 20,
        "untimed_trace_exact_parity_verified": true,
        "max_residual_difference": 1.0028870095490916e-18,
        "failed_steps": 0
      },
      {
        "intervals": 64,
        "case": 15,
        "method": "fom_cn_cg_dt0.05_rtol1e-06",
        "steps": 10,
        "untimed_trace_exact_parity_verified": true,
        "max_residual_difference": 3.7629438681772293e-19,
        "failed_steps": 0
      }
    ],
    "scope": "NumPy stencil, every retained time-step true residual, declared stops/caps and all invocation counters; failed solves remain explicitly counted"
  },
  "source_files_verified": 40,
  "independent_refinement": [
    6.974858094049739e-08,
    1.5897896395139332e-08,
    2.4929015534226955e-08,
    9.56032983981728e-08,
    2.2889238630169438e-08,
    2.0624512482171938e-08,
    1.778895091606812e-08,
    1.481766336546488e-08,
    1.0408988536278492e-07,
    3.7527499286889635e-08,
    9.233169447530089e-08,
    1.739263734016677e-08,
    6.044641718172723e-08,
    3.04279994817206e-08,
    1.4357451639190357e-07,
    3.880682930441465e-08
  ],
  "paired_invocations": 3648,
  "summary_rows": 76,
  "complete_coverage": true,
  "all_repetition_metrics_consistent": true,
  "all_summary_aggregates_recomputed": true,
  "evaluation_case_count": 16,
  "repetition_consistency_case_groups": 1216,
  "final_cohort_opened": false,
  "source_commit": "439624643bbaca29c9fdc8435edfa218aa2ca565",
  "job_id": "4028921",
  "scope": "archived source vs git blobs, independent full numerical references, every paired invocation/summary; field-error audit retained separately"
}
{
  "passed": true,
  "checked_fields": 224,
  "failures": [],
  "complete": true,
  "final_cohort_opened": false,
  "scope": "independent NumPy field metrics, hashes and invocation integrity; not a global solver-optimum proof"
}
STATE_AUDIT_PASS 128 6.677026256725273e-16 2.3092638912203256e-14
REFERENCE_AUDITED 0
REFERENCE_AUDITED 1
REFERENCE_AUDITED 2
REFERENCE_AUDITED 3
REFERENCE_AUDITED 4
REFERENCE_AUDITED 5
REFERENCE_AUDITED 6
REFERENCE_AUDITED 7
REFERENCE_AUDITED 8
REFERENCE_AUDITED 9
REFERENCE_AUDITED 10
REFERENCE_AUDITED 11
REFERENCE_AUDITED 12
REFERENCE_AUDITED 13
REFERENCE_AUDITED 14
REFERENCE_AUDITED 15
{
  "passed": true,
  "iterative_cg_audit": {
    "passed": true,
    "independent_saved_trajectory_checks": [],
    "scope": "NumPy stencil, every retained time-step true residual, declared stops/caps and all invocation counters; failed solves remain explicitly counted"
  },
  "source_files_verified": 40,
  "independent_refinement": [
    6.974858094049739e-08,
    1.5897896395139332e-08,
    2.4929015534226955e-08,
    9.56032983981728e-08,
    2.2889238630169438e-08,
    2.0624512482171938e-08,
    1.778895091606812e-08,
    1.481766336546488e-08,
    1.0408988536278492e-07,
    3.7527499286889635e-08,
    9.233169447530089e-08,
    1.739263734016677e-08,
    6.044641718172723e-08,
    3.04279994817206e-08,
    1.4357451639190357e-07,
    3.880682930441465e-08
  ],
  "paired_invocations": 192,
  "summary_rows": 12,
  "complete_coverage": true,
  "all_repetition_metrics_consistent": true,
  "all_summary_aggregates_recomputed": true,
  "evaluation_case_count": 16,
  "repetition_consistency_case_groups": 192,
  "final_cohort_opened": false,
  "source_commit": "439624643bbaca29c9fdc8435edfa218aa2ca565",
  "job_id": "4028921",
  "scope": "archived source vs git blobs, independent full numerical references, every paired invocation/summary; field-error audit retained separately"
}
out/bank.pkl: OK
out/cohorts.json: OK
out/fields/N32_K16_best_found.npz: OK
out/fields/N32_K32_best_found.npz: OK
out/fields/N32_case0_deeponet3d_r128_w16.npz: OK
out/fields/N32_case0_dst_exact.npz: OK
out/fields/N32_case0_fno3d_w16_m6.npz: OK
out/fields/N32_case0_fom_cn_cg_dt0.025_rtol1e-02.npz: OK
out/fields/N32_case0_fom_cn_cg_dt0.025_rtol1e-04.npz: OK
out/fields/N32_case0_fom_cn_cg_dt0.025_rtol1e-06.npz: OK
out/fields/N32_case0_fom_cn_cg_dt0.05_rtol1e-02.npz: OK
out/fields/N32_case0_fom_cn_cg_dt0.05_rtol1e-04.npz: OK
out/fields/N32_case0_fom_cn_cg_dt0.05_rtol1e-06.npz: OK
out/fields/N32_case0_fom_cn_cg_dt0.1_rtol1e-02.npz: OK
out/fields/N32_case0_fom_cn_cg_dt0.1_rtol1e-04.npz: OK
out/fields/N32_case0_fom_cn_cg_dt0.1_rtol1e-06.npz: OK
out/fields/N32_case0_linear_bank_cn.npz: OK
out/fields/N32_case0_linear_bank_exact.npz: OK
out/fields/N32_case0_linear_bank_galerkin_exact.npz: OK
out/fields/N32_case0_nmrom_K16_q0_dense.npz: OK
out/fields/N32_case0_nmrom_K16_q32_dense.npz: OK
out/fields/N32_case0_nmrom_K16_q64_dense.npz: OK
out/fields/N32_case0_nmrom_K16_q96_dense.npz: OK
out/fields/N32_case0_nmrom_K16_q96_dense_dt_half.npz: OK
out/fields/N32_case0_nmrom_K32_q0_dense.npz: OK
out/fields/N32_case0_nmrom_K32_q32_dense.npz: OK
out/fields/N32_case0_nmrom_K32_q64_dense.npz: OK
out/fields/N32_case0_nmrom_K32_q96_dense.npz: OK
out/fields/N32_case0_nmrom_K32_q96_dense_dt_half.npz: OK
out/fields/N32_case0_pod112_exact.npz: OK
out/fields/N32_case0_pod128_exact.npz: OK
out/fields/N32_case0_pod16_exact.npz: OK
out/fields/N32_case0_pod32_exact.npz: OK
out/fields/N32_case0_pod48_exact.npz: OK
out/fields/N32_case0_pod64_exact.npz: OK
out/fields/N32_case0_pod80_exact.npz: OK
out/fields/N32_case0_pod96_exact.npz: OK
out/fields/N32_case0_reference.npz: OK
out/fields/N32_case0_transolver3d_w48_s32.npz: OK
out/fields/N32_case0_unet3d_w8.npz: OK
out/fields/N32_case10_deeponet3d_r128_w16.npz: OK
out/fields/N32_case10_dst_exact.npz: OK
out/fields/N32_case10_fno3d_w16_m6.npz: OK
out/fields/N32_case10_fom_cn_cg_dt0.025_rtol1e-02.npz: OK
out/fields/N32_case10_fom_cn_cg_dt0.025_rtol1e-04.npz: OK
out/fields/N32_case10_fom_cn_cg_dt0.025_rtol1e-06.npz: OK
out/fields/N32_case10_fom_cn_cg_dt0.05_rtol1e-02.npz: OK
out/fields/N32_case10_fom_cn_cg_dt0.05_rtol1e-04.npz: OK
out/fields/N32_case10_fom_cn_cg_dt0.05_rtol1e-06.npz: OK
out/fields/N32_case10_fom_cn_cg_dt0.1_rtol1e-02.npz: OK
out/fields/N32_case10_fom_cn_cg_dt0.1_rtol1e-04.npz: OK
out/fields/N32_case10_fom_cn_cg_dt0.1_rtol1e-06.npz: OK
out/fields/N32_case10_linear_bank_cn.npz: OK
out/fields/N32_case10_linear_bank_exact.npz: OK
out/fields/N32_case10_linear_bank_galerkin_exact.npz: OK
out/fields/N32_case10_nmrom_K16_q0_dense.npz: OK
out/fields/N32_case10_nmrom_K16_q32_dense.npz: OK
out/fields/N32_case10_nmrom_K16_q64_dense.npz: OK
out/fields/N32_case10_nmrom_K16_q96_dense.npz: OK
out/fields/N32_case10_nmrom_K16_q96_dense_dt_half.npz: OK
out/fields/N32_case10_nmrom_K32_q0_dense.npz: OK
out/fields/N32_case10_nmrom_K32_q32_dense.npz: OK
out/fields/N32_case10_nmrom_K32_q64_dense.npz: OK
out/fields/N32_case10_nmrom_K32_q96_dense.npz: OK
out/fields/N32_case10_nmrom_K32_q96_dense_dt_half.npz: OK
out/fields/N32_case10_pod112_exact.npz: OK
out/fields/N32_case10_pod128_exact.npz: OK
out/fields/N32_case10_pod16_exact.npz: OK
out/fields/N32_case10_pod32_exact.npz: OK
out/fields/N32_case10_pod48_exact.npz: OK
out/fields/N32_case10_pod64_exact.npz: OK
out/fields/N32_case10_pod80_exact.npz: OK
out/fields/N32_case10_pod96_exact.npz: OK
out/fields/N32_case10_reference.npz: OK
out/fields/N32_case10_transolver3d_w48_s32.npz: OK
out/fields/N32_case10_unet3d_w8.npz: OK
out/fields/N32_case11_deeponet3d_r128_w16.npz: OK
out/fields/N32_case11_dst_exact.npz: OK
out/fields/N32_case11_fno3d_w16_m6.npz: OK
out/fields/N32_case11_fom_cn_cg_dt0.025_rtol1e-02.npz: OK
out/fields/N32_case11_fom_cn_cg_dt0.025_rtol1e-04.npz: OK
out/fields/N32_case11_fom_cn_cg_dt0.025_rtol1e-06.npz: OK
out/fields/N32_case11_fom_cn_cg_dt0.05_rtol1e-02.npz: OK
out/fields/N32_case11_fom_cn_cg_dt0.05_rtol1e-04.npz: OK
out/fields/N32_case11_fom_cn_cg_dt0.05_rtol1e-06.npz: OK
out/fields/N32_case11_fom_cn_cg_dt0.1_rtol1e-02.npz: OK
out/fields/N32_case11_fom_cn_cg_dt0.1_rtol1e-04.npz: OK
out/fields/N32_case11_fom_cn_cg_dt0.1_rtol1e-06.npz: OK
out/fields/N32_case11_linear_bank_cn.npz: OK
out/fields/N32_case11_linear_bank_exact.npz: OK
out/fields/N32_case11_linear_bank_galerkin_exact.npz: OK
out/fields/N32_case11_nmrom_K16_q0_dense.npz: OK
out/fields/N32_case11_nmrom_K16_q32_dense.npz: OK
out/fields/N32_case11_nmrom_K16_q64_dense.npz: OK
out/fields/N32_case11_nmrom_K16_q96_dense.npz: OK
out/fields/N32_case11_nmrom_K16_q96_dense_dt_half.npz: OK
out/fields/N32_case11_nmrom_K32_q0_dense.npz: OK
out/fields/N32_case11_nmrom_K32_q32_dense.npz: OK
out/fields/N32_case11_nmrom_K32_q64_dense.npz: OK
out/fields/N32_case11_nmrom_K32_q96_dense.npz: OK
out/fields/N32_case11_nmrom_K32_q96_dense_dt_half.npz: OK
out/fields/N32_case11_pod112_exact.npz: OK
out/fields/N32_case11_pod128_exact.npz: OK
out/fields/N32_case11_pod16_exact.npz: OK
out/fields/N32_case11_pod32_exact.npz: OK
out/fields/N32_case11_pod48_exact.npz: OK
out/fields/N32_case11_pod64_exact.npz: OK
out/fields/N32_case11_pod80_exact.npz: OK
out/fields/N32_case11_pod96_exact.npz: OK
out/fields/N32_case11_reference.npz: OK
out/fields/N32_case11_transolver3d_w48_s32.npz: OK
out/fields/N32_case11_unet3d_w8.npz: OK
out/fields/N32_case12_deeponet3d_r128_w16.npz: OK
out/fields/N32_case12_dst_exact.npz: OK
out/fields/N32_case12_fno3d_w16_m6.npz: OK
out/fields/N32_case12_fom_cn_cg_dt0.025_rtol1e-02.npz: OK
out/fields/N32_case12_fom_cn_cg_dt0.025_rtol1e-04.npz: OK
out/fields/N32_case12_fom_cn_cg_dt0.025_rtol1e-06.npz: OK
out/fields/N32_case12_fom_cn_cg_dt0.05_rtol1e-02.npz: OK
out/fields/N32_case12_fom_cn_cg_dt0.05_rtol1e-04.npz: OK
out/fields/N32_case12_fom_cn_cg_dt0.05_rtol1e-06.npz: OK
out/fields/N32_case12_fom_cn_cg_dt0.1_rtol1e-02.npz: OK
out/fields/N32_case12_fom_cn_cg_dt0.1_rtol1e-04.npz: OK
out/fields/N32_case12_fom_cn_cg_dt0.1_rtol1e-06.npz: OK
out/fields/N32_case12_linear_bank_cn.npz: OK
out/fields/N32_case12_linear_bank_exact.npz: OK
out/fields/N32_case12_linear_bank_galerkin_exact.npz: OK
out/fields/N32_case12_nmrom_K16_q0_dense.npz: OK
out/fields/N32_case12_nmrom_K16_q32_dense.npz: OK
out/fields/N32_case12_nmrom_K16_q64_dense.npz: OK
out/fields/N32_case12_nmrom_K16_q96_dense.npz: OK
out/fields/N32_case12_nmrom_K16_q96_dense_dt_half.npz: OK
out/fields/N32_case12_nmrom_K32_q0_dense.npz: OK
out/fields/N32_case12_nmrom_K32_q32_dense.npz: OK
out/fields/N32_case12_nmrom_K32_q64_dense.npz: OK
out/fields/N32_case12_nmrom_K32_q96_dense.npz: OK
out/fields/N32_case12_nmrom_K32_q96_dense_dt_half.npz: OK
out/fields/N32_case12_pod112_exact.npz: OK
out/fields/N32_case12_pod128_exact.npz: OK
out/fields/N32_case12_pod16_exact.npz: OK
out/fields/N32_case12_pod32_exact.npz: OK
out/fields/N32_case12_pod48_exact.npz: OK
out/fields/N32_case12_pod64_exact.npz: OK
out/fields/N32_case12_pod80_exact.npz: OK
out/fields/N32_case12_pod96_exact.npz: OK
out/fields/N32_case12_reference.npz: OK
out/fields/N32_case12_transolver3d_w48_s32.npz: OK
out/fields/N32_case12_unet3d_w8.npz: OK
out/fields/N32_case13_deeponet3d_r128_w16.npz: OK
out/fields/N32_case13_dst_exact.npz: OK
out/fields/N32_case13_fno3d_w16_m6.npz: OK
out/fields/N32_case13_fom_cn_cg_dt0.025_rtol1e-02.npz: OK
out/fields/N32_case13_fom_cn_cg_dt0.025_rtol1e-04.npz: OK
out/fields/N32_case13_fom_cn_cg_dt0.025_rtol1e-06.npz: OK
out/fields/N32_case13_fom_cn_cg_dt0.05_rtol1e-02.npz: OK
out/fields/N32_case13_fom_cn_cg_dt0.05_rtol1e-04.npz: OK
out/fields/N32_case13_fom_cn_cg_dt0.05_rtol1e-06.npz: OK
out/fields/N32_case13_fom_cn_cg_dt0.1_rtol1e-02.npz: OK
out/fields/N32_case13_fom_cn_cg_dt0.1_rtol1e-04.npz: OK
out/fields/N32_case13_fom_cn_cg_dt0.1_rtol1e-06.npz: OK
out/fields/N32_case13_linear_bank_cn.npz: OK
out/fields/N32_case13_linear_bank_exact.npz: OK
out/fields/N32_case13_linear_bank_galerkin_exact.npz: OK
out/fields/N32_case13_nmrom_K16_q0_dense.npz: OK
out/fields/N32_case13_nmrom_K16_q32_dense.npz: OK
out/fields/N32_case13_nmrom_K16_q64_dense.npz: OK
out/fields/N32_case13_nmrom_K16_q96_dense.npz: OK
out/fields/N32_case13_nmrom_K16_q96_dense_dt_half.npz: OK
out/fields/N32_case13_nmrom_K32_q0_dense.npz: OK
out/fields/N32_case13_nmrom_K32_q32_dense.npz: OK
out/fields/N32_case13_nmrom_K32_q64_dense.npz: OK
out/fields/N32_case13_nmrom_K32_q96_dense.npz: OK
out/fields/N32_case13_nmrom_K32_q96_dense_dt_half.npz: OK
out/fields/N32_case13_pod112_exact.npz: OK
out/fields/N32_case13_pod128_exact.npz: OK
out/fields/N32_case13_pod16_exact.npz: OK
out/fields/N32_case13_pod32_exact.npz: OK
out/fields/N32_case13_pod48_exact.npz: OK
out/fields/N32_case13_pod64_exact.npz: OK
out/fields/N32_case13_pod80_exact.npz: OK
out/fields/N32_case13_pod96_exact.npz: OK
out/fields/N32_case13_reference.npz: OK
out/fields/N32_case13_transolver3d_w48_s32.npz: OK
out/fields/N32_case13_unet3d_w8.npz: OK
out/fields/N32_case14_deeponet3d_r128_w16.npz: OK
out/fields/N32_case14_dst_exact.npz: OK
out/fields/N32_case14_fno3d_w16_m6.npz: OK
out/fields/N32_case14_fom_cn_cg_dt0.025_rtol1e-02.npz: OK
out/fields/N32_case14_fom_cn_cg_dt0.025_rtol1e-04.npz: OK
out/fields/N32_case14_fom_cn_cg_dt0.025_rtol1e-06.npz: OK
out/fields/N32_case14_fom_cn_cg_dt0.05_rtol1e-02.npz: OK
out/fields/N32_case14_fom_cn_cg_dt0.05_rtol1e-04.npz: OK
out/fields/N32_case14_fom_cn_cg_dt0.05_rtol1e-06.npz: OK
out/fields/N32_case14_fom_cn_cg_dt0.1_rtol1e-02.npz: OK
out/fields/N32_case14_fom_cn_cg_dt0.1_rtol1e-04.npz: OK
out/fields/N32_case14_fom_cn_cg_dt0.1_rtol1e-06.npz: OK
out/fields/N32_case14_linear_bank_cn.npz: OK
out/fields/N32_case14_linear_bank_exact.npz: OK
out/fields/N32_case14_linear_bank_galerkin_exact.npz: OK
out/fields/N32_case14_nmrom_K16_q0_dense.npz: OK
out/fields/N32_case14_nmrom_K16_q32_dense.npz: OK
out/fields/N32_case14_nmrom_K16_q64_dense.npz: OK
out/fields/N32_case14_nmrom_K16_q96_dense.npz: OK
out/fields/N32_case14_nmrom_K16_q96_dense_dt_half.npz: OK
out/fields/N32_case14_nmrom_K32_q0_dense.npz: OK
out/fields/N32_case14_nmrom_K32_q32_dense.npz: OK
out/fields/N32_case14_nmrom_K32_q64_dense.npz: OK
out/fields/N32_case14_nmrom_K32_q96_dense.npz: OK
out/fields/N32_case14_nmrom_K32_q96_dense_dt_half.npz: OK
out/fields/N32_case14_pod112_exact.npz: OK
out/fields/N32_case14_pod128_exact.npz: OK
out/fields/N32_case14_pod16_exact.npz: OK
out/fields/N32_case14_pod32_exact.npz: OK
out/fields/N32_case14_pod48_exact.npz: OK
out/fields/N32_case14_pod64_exact.npz: OK
out/fields/N32_case14_pod80_exact.npz: OK
out/fields/N32_case14_pod96_exact.npz: OK
out/fields/N32_case14_reference.npz: OK
out/fields/N32_case14_transolver3d_w48_s32.npz: OK
out/fields/N32_case14_unet3d_w8.npz: OK
out/fields/N32_case15_deeponet3d_r128_w16.npz: OK
out/fields/N32_case15_dst_exact.npz: OK
out/fields/N32_case15_fno3d_w16_m6.npz: OK
out/fields/N32_case15_fom_cn_cg_dt0.025_rtol1e-02.npz: OK
out/fields/N32_case15_fom_cn_cg_dt0.025_rtol1e-04.npz: OK
out/fields/N32_case15_fom_cn_cg_dt0.025_rtol1e-06.npz: OK
out/fields/N32_case15_fom_cn_cg_dt0.05_rtol1e-02.npz: OK
out/fields/N32_case15_fom_cn_cg_dt0.05_rtol1e-04.npz: OK
out/fields/N32_case15_fom_cn_cg_dt0.05_rtol1e-06.npz: OK
out/fields/N32_case15_fom_cn_cg_dt0.1_rtol1e-02.npz: OK
out/fields/N32_case15_fom_cn_cg_dt0.1_rtol1e-04.npz: OK
out/fields/N32_case15_fom_cn_cg_dt0.1_rtol1e-06.npz: OK
out/fields/N32_case15_linear_bank_cn.npz: OK
out/fields/N32_case15_linear_bank_exact.npz: OK
out/fields/N32_case15_linear_bank_galerkin_exact.npz: OK
out/fields/N32_case15_nmrom_K16_q0_dense.npz: OK
out/fields/N32_case15_nmrom_K16_q32_dense.npz: OK
out/fields/N32_case15_nmrom_K16_q64_dense.npz: OK
out/fields/N32_case15_nmrom_K16_q96_dense.npz: OK
out/fields/N32_case15_nmrom_K16_q96_dense_dt_half.npz: OK
out/fields/N32_case15_nmrom_K32_q0_dense.npz: OK
out/fields/N32_case15_nmrom_K32_q32_dense.npz: OK
out/fields/N32_case15_nmrom_K32_q64_dense.npz: OK
out/fields/N32_case15_nmrom_K32_q96_dense.npz: OK
out/fields/N32_case15_nmrom_K32_q96_dense_dt_half.npz: OK
out/fields/N32_case15_pod112_exact.npz: OK
out/fields/N32_case15_pod128_exact.npz: OK
out/fields/N32_case15_pod16_exact.npz: OK
out/fields/N32_case15_pod32_exact.npz: OK
out/fields/N32_case15_pod48_exact.npz: OK
out/fields/N32_case15_pod64_exact.npz: OK
out/fields/N32_case15_pod80_exact.npz: OK
out/fields/N32_case15_pod96_exact.npz: OK
out/fields/N32_case15_reference.npz: OK
out/fields/N32_case15_transolver3d_w48_s32.npz: OK
out/fields/N32_case15_unet3d_w8.npz: OK
out/fields/N32_case1_deeponet3d_r128_w16.npz: OK
out/fields/N32_case1_dst_exact.npz: OK
out/fields/N32_case1_fno3d_w16_m6.npz: OK
out/fields/N32_case1_fom_cn_cg_dt0.025_rtol1e-02.npz: OK
out/fields/N32_case1_fom_cn_cg_dt0.025_rtol1e-04.npz: OK
out/fields/N32_case1_fom_cn_cg_dt0.025_rtol1e-06.npz: OK
out/fields/N32_case1_fom_cn_cg_dt0.05_rtol1e-02.npz: OK
out/fields/N32_case1_fom_cn_cg_dt0.05_rtol1e-04.npz: OK
out/fields/N32_case1_fom_cn_cg_dt0.05_rtol1e-06.npz: OK
out/fields/N32_case1_fom_cn_cg_dt0.1_rtol1e-02.npz: OK
out/fields/N32_case1_fom_cn_cg_dt0.1_rtol1e-04.npz: OK
out/fields/N32_case1_fom_cn_cg_dt0.1_rtol1e-06.npz: OK
out/fields/N32_case1_linear_bank_cn.npz: OK
out/fields/N32_case1_linear_bank_exact.npz: OK
out/fields/N32_case1_linear_bank_galerkin_exact.npz: OK
out/fields/N32_case1_nmrom_K16_q0_dense.npz: OK
out/fields/N32_case1_nmrom_K16_q32_dense.npz: OK
out/fields/N32_case1_nmrom_K16_q64_dense.npz: OK
out/fields/N32_case1_nmrom_K16_q96_dense.npz: OK
out/fields/N32_case1_nmrom_K16_q96_dense_dt_half.npz: OK
out/fields/N32_case1_nmrom_K32_q0_dense.npz: OK
out/fields/N32_case1_nmrom_K32_q32_dense.npz: OK
out/fields/N32_case1_nmrom_K32_q64_dense.npz: OK
out/fields/N32_case1_nmrom_K32_q96_dense.npz: OK
out/fields/N32_case1_nmrom_K32_q96_dense_dt_half.npz: OK
out/fields/N32_case1_pod112_exact.npz: OK
out/fields/N32_case1_pod128_exact.npz: OK
out/fields/N32_case1_pod16_exact.npz: OK
out/fields/N32_case1_pod32_exact.npz: OK
out/fields/N32_case1_pod48_exact.npz: OK
out/fields/N32_case1_pod64_exact.npz: OK
out/fields/N32_case1_pod80_exact.npz: OK
out/fields/N32_case1_pod96_exact.npz: OK
out/fields/N32_case1_reference.npz: OK
out/fields/N32_case1_transolver3d_w48_s32.npz: OK
out/fields/N32_case1_unet3d_w8.npz: OK
out/fields/N32_case2_deeponet3d_r128_w16.npz: OK
out/fields/N32_case2_dst_exact.npz: OK
out/fields/N32_case2_fno3d_w16_m6.npz: OK
out/fields/N32_case2_fom_cn_cg_dt0.025_rtol1e-02.npz: OK
out/fields/N32_case2_fom_cn_cg_dt0.025_rtol1e-04.npz: OK
out/fields/N32_case2_fom_cn_cg_dt0.025_rtol1e-06.npz: OK
out/fields/N32_case2_fom_cn_cg_dt0.05_rtol1e-02.npz: OK
out/fields/N32_case2_fom_cn_cg_dt0.05_rtol1e-04.npz: OK
out/fields/N32_case2_fom_cn_cg_dt0.05_rtol1e-06.npz: OK
out/fields/N32_case2_fom_cn_cg_dt0.1_rtol1e-02.npz: OK
out/fields/N32_case2_fom_cn_cg_dt0.1_rtol1e-04.npz: OK
out/fields/N32_case2_fom_cn_cg_dt0.1_rtol1e-06.npz: OK
out/fields/N32_case2_linear_bank_cn.npz: OK
out/fields/N32_case2_linear_bank_exact.npz: OK
out/fields/N32_case2_linear_bank_galerkin_exact.npz: OK
out/fields/N32_case2_nmrom_K16_q0_dense.npz: OK
out/fields/N32_case2_nmrom_K16_q32_dense.npz: OK
out/fields/N32_case2_nmrom_K16_q64_dense.npz: OK
out/fields/N32_case2_nmrom_K16_q96_dense.npz: OK
out/fields/N32_case2_nmrom_K16_q96_dense_dt_half.npz: OK
out/fields/N32_case2_nmrom_K32_q0_dense.npz: OK
out/fields/N32_case2_nmrom_K32_q32_dense.npz: OK
out/fields/N32_case2_nmrom_K32_q64_dense.npz: OK
out/fields/N32_case2_nmrom_K32_q96_dense.npz: OK
out/fields/N32_case2_nmrom_K32_q96_dense_dt_half.npz: OK
out/fields/N32_case2_pod112_exact.npz: OK
out/fields/N32_case2_pod128_exact.npz: OK
out/fields/N32_case2_pod16_exact.npz: OK
out/fields/N32_case2_pod32_exact.npz: OK
out/fields/N32_case2_pod48_exact.npz: OK
out/fields/N32_case2_pod64_exact.npz: OK
out/fields/N32_case2_pod80_exact.npz: OK
out/fields/N32_case2_pod96_exact.npz: OK
out/fields/N32_case2_reference.npz: OK
out/fields/N32_case2_transolver3d_w48_s32.npz: OK
out/fields/N32_case2_unet3d_w8.npz: OK
out/fields/N32_case3_deeponet3d_r128_w16.npz: OK
out/fields/N32_case3_dst_exact.npz: OK
out/fields/N32_case3_fno3d_w16_m6.npz: OK
out/fields/N32_case3_fom_cn_cg_dt0.025_rtol1e-02.npz: OK
out/fields/N32_case3_fom_cn_cg_dt0.025_rtol1e-04.npz: OK
out/fields/N32_case3_fom_cn_cg_dt0.025_rtol1e-06.npz: OK
out/fields/N32_case3_fom_cn_cg_dt0.05_rtol1e-02.npz: OK
out/fields/N32_case3_fom_cn_cg_dt0.05_rtol1e-04.npz: OK
out/fields/N32_case3_fom_cn_cg_dt0.05_rtol1e-06.npz: OK
out/fields/N32_case3_fom_cn_cg_dt0.1_rtol1e-02.npz: OK
out/fields/N32_case3_fom_cn_cg_dt0.1_rtol1e-04.npz: OK
out/fields/N32_case3_fom_cn_cg_dt0.1_rtol1e-06.npz: OK
out/fields/N32_case3_linear_bank_cn.npz: OK
out/fields/N32_case3_linear_bank_exact.npz: OK
out/fields/N32_case3_linear_bank_galerkin_exact.npz: OK
out/fields/N32_case3_nmrom_K16_q0_dense.npz: OK
out/fields/N32_case3_nmrom_K16_q32_dense.npz: OK
out/fields/N32_case3_nmrom_K16_q64_dense.npz: OK
out/fields/N32_case3_nmrom_K16_q96_dense.npz: OK
out/fields/N32_case3_nmrom_K16_q96_dense_dt_half.npz: OK
out/fields/N32_case3_nmrom_K32_q0_dense.npz: OK
out/fields/N32_case3_nmrom_K32_q32_dense.npz: OK
out/fields/N32_case3_nmrom_K32_q64_dense.npz: OK
out/fields/N32_case3_nmrom_K32_q96_dense.npz: OK
out/fields/N32_case3_nmrom_K32_q96_dense_dt_half.npz: OK
out/fields/N32_case3_pod112_exact.npz: OK
out/fields/N32_case3_pod128_exact.npz: OK
out/fields/N32_case3_pod16_exact.npz: OK
out/fields/N32_case3_pod32_exact.npz: OK
out/fields/N32_case3_pod48_exact.npz: OK
out/fields/N32_case3_pod64_exact.npz: OK
out/fields/N32_case3_pod80_exact.npz: OK
out/fields/N32_case3_pod96_exact.npz: OK
out/fields/N32_case3_reference.npz: OK
out/fields/N32_case3_transolver3d_w48_s32.npz: OK
out/fields/N32_case3_unet3d_w8.npz: OK
out/fields/N32_case4_deeponet3d_r128_w16.npz: OK
out/fields/N32_case4_dst_exact.npz: OK
out/fields/N32_case4_fno3d_w16_m6.npz: OK
out/fields/N32_case4_fom_cn_cg_dt0.025_rtol1e-02.npz: OK
out/fields/N32_case4_fom_cn_cg_dt0.025_rtol1e-04.npz: OK
out/fields/N32_case4_fom_cn_cg_dt0.025_rtol1e-06.npz: OK
out/fields/N32_case4_fom_cn_cg_dt0.05_rtol1e-02.npz: OK
out/fields/N32_case4_fom_cn_cg_dt0.05_rtol1e-04.npz: OK
out/fields/N32_case4_fom_cn_cg_dt0.05_rtol1e-06.npz: OK
out/fields/N32_case4_fom_cn_cg_dt0.1_rtol1e-02.npz: OK
out/fields/N32_case4_fom_cn_cg_dt0.1_rtol1e-04.npz: OK
out/fields/N32_case4_fom_cn_cg_dt0.1_rtol1e-06.npz: OK
out/fields/N32_case4_linear_bank_cn.npz: OK
out/fields/N32_case4_linear_bank_exact.npz: OK
out/fields/N32_case4_linear_bank_galerkin_exact.npz: OK
out/fields/N32_case4_nmrom_K16_q0_dense.npz: OK
out/fields/N32_case4_nmrom_K16_q32_dense.npz: OK
out/fields/N32_case4_nmrom_K16_q64_dense.npz: OK
out/fields/N32_case4_nmrom_K16_q96_dense.npz: OK
out/fields/N32_case4_nmrom_K16_q96_dense_dt_half.npz: OK
out/fields/N32_case4_nmrom_K32_q0_dense.npz: OK
out/fields/N32_case4_nmrom_K32_q32_dense.npz: OK
out/fields/N32_case4_nmrom_K32_q64_dense.npz: OK
out/fields/N32_case4_nmrom_K32_q96_dense.npz: OK
out/fields/N32_case4_nmrom_K32_q96_dense_dt_half.npz: OK
out/fields/N32_case4_pod112_exact.npz: OK
out/fields/N32_case4_pod128_exact.npz: OK
out/fields/N32_case4_pod16_exact.npz: OK
out/fields/N32_case4_pod32_exact.npz: OK
out/fields/N32_case4_pod48_exact.npz: OK
out/fields/N32_case4_pod64_exact.npz: OK
out/fields/N32_case4_pod80_exact.npz: OK
out/fields/N32_case4_pod96_exact.npz: OK
out/fields/N32_case4_reference.npz: OK
out/fields/N32_case4_transolver3d_w48_s32.npz: OK
out/fields/N32_case4_unet3d_w8.npz: OK
out/fields/N32_case5_deeponet3d_r128_w16.npz: OK
out/fields/N32_case5_dst_exact.npz: OK
out/fields/N32_case5_fno3d_w16_m6.npz: OK
out/fields/N32_case5_fom_cn_cg_dt0.025_rtol1e-02.npz: OK
out/fields/N32_case5_fom_cn_cg_dt0.025_rtol1e-04.npz: OK
out/fields/N32_case5_fom_cn_cg_dt0.025_rtol1e-06.npz: OK
out/fields/N32_case5_fom_cn_cg_dt0.05_rtol1e-02.npz: OK
out/fields/N32_case5_fom_cn_cg_dt0.05_rtol1e-04.npz: OK
out/fields/N32_case5_fom_cn_cg_dt0.05_rtol1e-06.npz: OK
out/fields/N32_case5_fom_cn_cg_dt0.1_rtol1e-02.npz: OK
out/fields/N32_case5_fom_cn_cg_dt0.1_rtol1e-04.npz: OK
out/fields/N32_case5_fom_cn_cg_dt0.1_rtol1e-06.npz: OK
out/fields/N32_case5_linear_bank_cn.npz: OK
out/fields/N32_case5_linear_bank_exact.npz: OK
out/fields/N32_case5_linear_bank_galerkin_exact.npz: OK
out/fields/N32_case5_nmrom_K16_q0_dense.npz: OK
out/fields/N32_case5_nmrom_K16_q32_dense.npz: OK
out/fields/N32_case5_nmrom_K16_q64_dense.npz: OK
out/fields/N32_case5_nmrom_K16_q96_dense.npz: OK
out/fields/N32_case5_nmrom_K16_q96_dense_dt_half.npz: OK
out/fields/N32_case5_nmrom_K32_q0_dense.npz: OK
out/fields/N32_case5_nmrom_K32_q32_dense.npz: OK
out/fields/N32_case5_nmrom_K32_q64_dense.npz: OK
out/fields/N32_case5_nmrom_K32_q96_dense.npz: OK
out/fields/N32_case5_nmrom_K32_q96_dense_dt_half.npz: OK
out/fields/N32_case5_pod112_exact.npz: OK
out/fields/N32_case5_pod128_exact.npz: OK
out/fields/N32_case5_pod16_exact.npz: OK
out/fields/N32_case5_pod32_exact.npz: OK
out/fields/N32_case5_pod48_exact.npz: OK
out/fields/N32_case5_pod64_exact.npz: OK
out/fields/N32_case5_pod80_exact.npz: OK
out/fields/N32_case5_pod96_exact.npz: OK
out/fields/N32_case5_reference.npz: OK
out/fields/N32_case5_transolver3d_w48_s32.npz: OK
out/fields/N32_case5_unet3d_w8.npz: OK
out/fields/N32_case6_deeponet3d_r128_w16.npz: OK
out/fields/N32_case6_dst_exact.npz: OK
out/fields/N32_case6_fno3d_w16_m6.npz: OK
out/fields/N32_case6_fom_cn_cg_dt0.025_rtol1e-02.npz: OK
out/fields/N32_case6_fom_cn_cg_dt0.025_rtol1e-04.npz: OK
out/fields/N32_case6_fom_cn_cg_dt0.025_rtol1e-06.npz: OK
out/fields/N32_case6_fom_cn_cg_dt0.05_rtol1e-02.npz: OK
out/fields/N32_case6_fom_cn_cg_dt0.05_rtol1e-04.npz: OK
out/fields/N32_case6_fom_cn_cg_dt0.05_rtol1e-06.npz: OK
out/fields/N32_case6_fom_cn_cg_dt0.1_rtol1e-02.npz: OK
out/fields/N32_case6_fom_cn_cg_dt0.1_rtol1e-04.npz: OK
out/fields/N32_case6_fom_cn_cg_dt0.1_rtol1e-06.npz: OK
out/fields/N32_case6_linear_bank_cn.npz: OK
out/fields/N32_case6_linear_bank_exact.npz: OK
out/fields/N32_case6_linear_bank_galerkin_exact.npz: OK
out/fields/N32_case6_nmrom_K16_q0_dense.npz: OK
out/fields/N32_case6_nmrom_K16_q32_dense.npz: OK
out/fields/N32_case6_nmrom_K16_q64_dense.npz: OK
out/fields/N32_case6_nmrom_K16_q96_dense.npz: OK
out/fields/N32_case6_nmrom_K16_q96_dense_dt_half.npz: OK
out/fields/N32_case6_nmrom_K32_q0_dense.npz: OK
out/fields/N32_case6_nmrom_K32_q32_dense.npz: OK
out/fields/N32_case6_nmrom_K32_q64_dense.npz: OK
out/fields/N32_case6_nmrom_K32_q96_dense.npz: OK
out/fields/N32_case6_nmrom_K32_q96_dense_dt_half.npz: OK
out/fields/N32_case6_pod112_exact.npz: OK
out/fields/N32_case6_pod128_exact.npz: OK
out/fields/N32_case6_pod16_exact.npz: OK
out/fields/N32_case6_pod32_exact.npz: OK
out/fields/N32_case6_pod48_exact.npz: OK
out/fields/N32_case6_pod64_exact.npz: OK
out/fields/N32_case6_pod80_exact.npz: OK
out/fields/N32_case6_pod96_exact.npz: OK
out/fields/N32_case6_reference.npz: OK
out/fields/N32_case6_transolver3d_w48_s32.npz: OK
out/fields/N32_case6_unet3d_w8.npz: OK
out/fields/N32_case7_deeponet3d_r128_w16.npz: OK
out/fields/N32_case7_dst_exact.npz: OK
out/fields/N32_case7_fno3d_w16_m6.npz: OK
out/fields/N32_case7_fom_cn_cg_dt0.025_rtol1e-02.npz: OK
out/fields/N32_case7_fom_cn_cg_dt0.025_rtol1e-04.npz: OK
out/fields/N32_case7_fom_cn_cg_dt0.025_rtol1e-06.npz: OK
out/fields/N32_case7_fom_cn_cg_dt0.05_rtol1e-02.npz: OK
out/fields/N32_case7_fom_cn_cg_dt0.05_rtol1e-04.npz: OK
out/fields/N32_case7_fom_cn_cg_dt0.05_rtol1e-06.npz: OK
out/fields/N32_case7_fom_cn_cg_dt0.1_rtol1e-02.npz: OK
out/fields/N32_case7_fom_cn_cg_dt0.1_rtol1e-04.npz: OK
out/fields/N32_case7_fom_cn_cg_dt0.1_rtol1e-06.npz: OK
out/fields/N32_case7_linear_bank_cn.npz: OK
out/fields/N32_case7_linear_bank_exact.npz: OK
out/fields/N32_case7_linear_bank_galerkin_exact.npz: OK
out/fields/N32_case7_nmrom_K16_q0_dense.npz: OK
out/fields/N32_case7_nmrom_K16_q32_dense.npz: OK
out/fields/N32_case7_nmrom_K16_q64_dense.npz: OK
out/fields/N32_case7_nmrom_K16_q96_dense.npz: OK
out/fields/N32_case7_nmrom_K16_q96_dense_dt_half.npz: OK
out/fields/N32_case7_nmrom_K32_q0_dense.npz: OK
out/fields/N32_case7_nmrom_K32_q32_dense.npz: OK
out/fields/N32_case7_nmrom_K32_q64_dense.npz: OK
out/fields/N32_case7_nmrom_K32_q96_dense.npz: OK
out/fields/N32_case7_nmrom_K32_q96_dense_dt_half.npz: OK
out/fields/N32_case7_pod112_exact.npz: OK
out/fields/N32_case7_pod128_exact.npz: OK
out/fields/N32_case7_pod16_exact.npz: OK
out/fields/N32_case7_pod32_exact.npz: OK
out/fields/N32_case7_pod48_exact.npz: OK
out/fields/N32_case7_pod64_exact.npz: OK
out/fields/N32_case7_pod80_exact.npz: OK
out/fields/N32_case7_pod96_exact.npz: OK
out/fields/N32_case7_reference.npz: OK
out/fields/N32_case7_transolver3d_w48_s32.npz: OK
out/fields/N32_case7_unet3d_w8.npz: OK
out/fields/N32_case8_deeponet3d_r128_w16.npz: OK
out/fields/N32_case8_dst_exact.npz: OK
out/fields/N32_case8_fno3d_w16_m6.npz: OK
out/fields/N32_case8_fom_cn_cg_dt0.025_rtol1e-02.npz: OK
out/fields/N32_case8_fom_cn_cg_dt0.025_rtol1e-04.npz: OK
out/fields/N32_case8_fom_cn_cg_dt0.025_rtol1e-06.npz: OK
out/fields/N32_case8_fom_cn_cg_dt0.05_rtol1e-02.npz: OK
out/fields/N32_case8_fom_cn_cg_dt0.05_rtol1e-04.npz: OK
out/fields/N32_case8_fom_cn_cg_dt0.05_rtol1e-06.npz: OK
out/fields/N32_case8_fom_cn_cg_dt0.1_rtol1e-02.npz: OK
out/fields/N32_case8_fom_cn_cg_dt0.1_rtol1e-04.npz: OK
out/fields/N32_case8_fom_cn_cg_dt0.1_rtol1e-06.npz: OK
out/fields/N32_case8_linear_bank_cn.npz: OK
out/fields/N32_case8_linear_bank_exact.npz: OK
out/fields/N32_case8_linear_bank_galerkin_exact.npz: OK
out/fields/N32_case8_nmrom_K16_q0_dense.npz: OK
out/fields/N32_case8_nmrom_K16_q32_dense.npz: OK
out/fields/N32_case8_nmrom_K16_q64_dense.npz: OK
out/fields/N32_case8_nmrom_K16_q96_dense.npz: OK
out/fields/N32_case8_nmrom_K16_q96_dense_dt_half.npz: OK
out/fields/N32_case8_nmrom_K32_q0_dense.npz: OK
out/fields/N32_case8_nmrom_K32_q32_dense.npz: OK
out/fields/N32_case8_nmrom_K32_q64_dense.npz: OK
out/fields/N32_case8_nmrom_K32_q96_dense.npz: OK
out/fields/N32_case8_nmrom_K32_q96_dense_dt_half.npz: OK
out/fields/N32_case8_pod112_exact.npz: OK
out/fields/N32_case8_pod128_exact.npz: OK
out/fields/N32_case8_pod16_exact.npz: OK
out/fields/N32_case8_pod32_exact.npz: OK
out/fields/N32_case8_pod48_exact.npz: OK
out/fields/N32_case8_pod64_exact.npz: OK
out/fields/N32_case8_pod80_exact.npz: OK
out/fields/N32_case8_pod96_exact.npz: OK
out/fields/N32_case8_reference.npz: OK
out/fields/N32_case8_transolver3d_w48_s32.npz: OK
out/fields/N32_case8_unet3d_w8.npz: OK
out/fields/N32_case9_deeponet3d_r128_w16.npz: OK
out/fields/N32_case9_dst_exact.npz: OK
out/fields/N32_case9_fno3d_w16_m6.npz: OK
out/fields/N32_case9_fom_cn_cg_dt0.025_rtol1e-02.npz: OK
out/fields/N32_case9_fom_cn_cg_dt0.025_rtol1e-04.npz: OK
out/fields/N32_case9_fom_cn_cg_dt0.025_rtol1e-06.npz: OK
out/fields/N32_case9_fom_cn_cg_dt0.05_rtol1e-02.npz: OK
out/fields/N32_case9_fom_cn_cg_dt0.05_rtol1e-04.npz: OK
out/fields/N32_case9_fom_cn_cg_dt0.05_rtol1e-06.npz: OK
out/fields/N32_case9_fom_cn_cg_dt0.1_rtol1e-02.npz: OK
out/fields/N32_case9_fom_cn_cg_dt0.1_rtol1e-04.npz: OK
out/fields/N32_case9_fom_cn_cg_dt0.1_rtol1e-06.npz: OK
out/fields/N32_case9_linear_bank_cn.npz: OK
out/fields/N32_case9_linear_bank_exact.npz: OK
out/fields/N32_case9_linear_bank_galerkin_exact.npz: OK
out/fields/N32_case9_nmrom_K16_q0_dense.npz: OK
out/fields/N32_case9_nmrom_K16_q32_dense.npz: OK
out/fields/N32_case9_nmrom_K16_q64_dense.npz: OK
out/fields/N32_case9_nmrom_K16_q96_dense.npz: OK
out/fields/N32_case9_nmrom_K16_q96_dense_dt_half.npz: OK
out/fields/N32_case9_nmrom_K32_q0_dense.npz: OK
out/fields/N32_case9_nmrom_K32_q32_dense.npz: OK
out/fields/N32_case9_nmrom_K32_q64_dense.npz: OK
out/fields/N32_case9_nmrom_K32_q96_dense.npz: OK
out/fields/N32_case9_nmrom_K32_q96_dense_dt_half.npz: OK
out/fields/N32_case9_pod112_exact.npz: OK
out/fields/N32_case9_pod128_exact.npz: OK
out/fields/N32_case9_pod16_exact.npz: OK
out/fields/N32_case9_pod32_exact.npz: OK
out/fields/N32_case9_pod48_exact.npz: OK
out/fields/N32_case9_pod64_exact.npz: OK
out/fields/N32_case9_pod80_exact.npz: OK
out/fields/N32_case9_pod96_exact.npz: OK
out/fields/N32_case9_reference.npz: OK
out/fields/N32_case9_transolver3d_w48_s32.npz: OK
out/fields/N32_case9_unet3d_w8.npz: OK
out/fields/N64_K16_best_found.npz: OK
out/fields/N64_K32_best_found.npz: OK
out/fields/N64_case0_deeponet3d_r128_w16.npz: OK
out/fields/N64_case0_deeponet3d_r128_w16_native_grid_interpolated.npz: OK
out/fields/N64_case0_deeponet3d_r128_w16_native_sensors_continuous_trunk.npz: OK
out/fields/N64_case0_dst_exact.npz: OK
out/fields/N64_case0_fno3d_w16_m6.npz: OK
out/fields/N64_case0_fno3d_w16_m6_native_grid_interpolated.npz: OK
out/fields/N64_case0_fno3d_w16_m6_physical_padding_transfer.npz: OK
out/fields/N64_case0_fom_cn_cg_dt0.025_rtol1e-02.npz: OK
out/fields/N64_case0_fom_cn_cg_dt0.025_rtol1e-04.npz: OK
out/fields/N64_case0_fom_cn_cg_dt0.025_rtol1e-06.npz: OK
out/fields/N64_case0_fom_cn_cg_dt0.05_rtol1e-02.npz: OK
out/fields/N64_case0_fom_cn_cg_dt0.05_rtol1e-04.npz: OK
out/fields/N64_case0_fom_cn_cg_dt0.05_rtol1e-06.npz: OK
out/fields/N64_case0_fom_cn_cg_dt0.1_rtol1e-02.npz: OK
out/fields/N64_case0_fom_cn_cg_dt0.1_rtol1e-04.npz: OK
out/fields/N64_case0_fom_cn_cg_dt0.1_rtol1e-06.npz: OK
out/fields/N64_case0_linear_bank_cn.npz: OK
out/fields/N64_case0_linear_bank_exact.npz: OK
out/fields/N64_case0_linear_bank_galerkin_exact.npz: OK
out/fields/N64_case0_nmrom_K16_q0_dense.npz: OK
out/fields/N64_case0_nmrom_K16_q32_dense.npz: OK
out/fields/N64_case0_nmrom_K16_q64_dense.npz: OK
out/fields/N64_case0_nmrom_K16_q96_dense.npz: OK
out/fields/N64_case0_nmrom_K16_q96_dense_dt_half.npz: OK
out/fields/N64_case0_nmrom_K32_q0_dense.npz: OK
out/fields/N64_case0_nmrom_K32_q32_dense.npz: OK
out/fields/N64_case0_nmrom_K32_q64_dense.npz: OK
out/fields/N64_case0_nmrom_K32_q96_dense.npz: OK
out/fields/N64_case0_nmrom_K32_q96_dense_dt_half.npz: OK
out/fields/N64_case0_pod112_exact.npz: OK
out/fields/N64_case0_pod128_exact.npz: OK
out/fields/N64_case0_pod16_exact.npz: OK
out/fields/N64_case0_pod32_exact.npz: OK
out/fields/N64_case0_pod48_exact.npz: OK
out/fields/N64_case0_pod64_exact.npz: OK
out/fields/N64_case0_pod80_exact.npz: OK
out/fields/N64_case0_pod96_exact.npz: OK
out/fields/N64_case0_reference.npz: OK
out/fields/N64_case0_transolver3d_w48_s32.npz: OK
out/fields/N64_case0_transolver3d_w48_s32_native_grid_interpolated.npz: OK
out/fields/N64_case0_unet3d_w8.npz: OK
out/fields/N64_case0_unet3d_w8_native_grid_interpolated.npz: OK
out/fields/N64_case10_deeponet3d_r128_w16.npz: OK
out/fields/N64_case10_deeponet3d_r128_w16_native_grid_interpolated.npz: OK
out/fields/N64_case10_deeponet3d_r128_w16_native_sensors_continuous_trunk.npz: OK
out/fields/N64_case10_dst_exact.npz: OK
out/fields/N64_case10_fno3d_w16_m6.npz: OK
out/fields/N64_case10_fno3d_w16_m6_native_grid_interpolated.npz: OK
out/fields/N64_case10_fno3d_w16_m6_physical_padding_transfer.npz: OK
out/fields/N64_case10_fom_cn_cg_dt0.025_rtol1e-02.npz: OK
out/fields/N64_case10_fom_cn_cg_dt0.025_rtol1e-04.npz: OK
out/fields/N64_case10_fom_cn_cg_dt0.025_rtol1e-06.npz: OK
out/fields/N64_case10_fom_cn_cg_dt0.05_rtol1e-02.npz: OK
out/fields/N64_case10_fom_cn_cg_dt0.05_rtol1e-04.npz: OK
out/fields/N64_case10_fom_cn_cg_dt0.05_rtol1e-06.npz: OK
out/fields/N64_case10_fom_cn_cg_dt0.1_rtol1e-02.npz: OK
out/fields/N64_case10_fom_cn_cg_dt0.1_rtol1e-04.npz: OK
out/fields/N64_case10_fom_cn_cg_dt0.1_rtol1e-06.npz: OK
out/fields/N64_case10_linear_bank_cn.npz: OK
out/fields/N64_case10_linear_bank_exact.npz: OK
out/fields/N64_case10_linear_bank_galerkin_exact.npz: OK
out/fields/N64_case10_nmrom_K16_q0_dense.npz: OK
out/fields/N64_case10_nmrom_K16_q32_dense.npz: OK
out/fields/N64_case10_nmrom_K16_q64_dense.npz: OK
out/fields/N64_case10_nmrom_K16_q96_dense.npz: OK
out/fields/N64_case10_nmrom_K16_q96_dense_dt_half.npz: OK
out/fields/N64_case10_nmrom_K32_q0_dense.npz: OK
out/fields/N64_case10_nmrom_K32_q32_dense.npz: OK
out/fields/N64_case10_nmrom_K32_q64_dense.npz: OK
out/fields/N64_case10_nmrom_K32_q96_dense.npz: OK
out/fields/N64_case10_nmrom_K32_q96_dense_dt_half.npz: OK
out/fields/N64_case10_pod112_exact.npz: OK
out/fields/N64_case10_pod128_exact.npz: OK
out/fields/N64_case10_pod16_exact.npz: OK
out/fields/N64_case10_pod32_exact.npz: OK
out/fields/N64_case10_pod48_exact.npz: OK
out/fields/N64_case10_pod64_exact.npz: OK
out/fields/N64_case10_pod80_exact.npz: OK
out/fields/N64_case10_pod96_exact.npz: OK
out/fields/N64_case10_reference.npz: OK
out/fields/N64_case10_transolver3d_w48_s32.npz: OK
out/fields/N64_case10_transolver3d_w48_s32_native_grid_interpolated.npz: OK
out/fields/N64_case10_unet3d_w8.npz: OK
out/fields/N64_case10_unet3d_w8_native_grid_interpolated.npz: OK
out/fields/N64_case11_deeponet3d_r128_w16.npz: OK
out/fields/N64_case11_deeponet3d_r128_w16_native_grid_interpolated.npz: OK
out/fields/N64_case11_deeponet3d_r128_w16_native_sensors_continuous_trunk.npz: OK
out/fields/N64_case11_dst_exact.npz: OK
out/fields/N64_case11_fno3d_w16_m6.npz: OK
out/fields/N64_case11_fno3d_w16_m6_native_grid_interpolated.npz: OK
out/fields/N64_case11_fno3d_w16_m6_physical_padding_transfer.npz: OK
out/fields/N64_case11_fom_cn_cg_dt0.025_rtol1e-02.npz: OK
out/fields/N64_case11_fom_cn_cg_dt0.025_rtol1e-04.npz: OK
out/fields/N64_case11_fom_cn_cg_dt0.025_rtol1e-06.npz: OK
out/fields/N64_case11_fom_cn_cg_dt0.05_rtol1e-02.npz: OK
out/fields/N64_case11_fom_cn_cg_dt0.05_rtol1e-04.npz: OK
out/fields/N64_case11_fom_cn_cg_dt0.05_rtol1e-06.npz: OK
out/fields/N64_case11_fom_cn_cg_dt0.1_rtol1e-02.npz: OK
out/fields/N64_case11_fom_cn_cg_dt0.1_rtol1e-04.npz: OK
out/fields/N64_case11_fom_cn_cg_dt0.1_rtol1e-06.npz: OK
out/fields/N64_case11_linear_bank_cn.npz: OK
out/fields/N64_case11_linear_bank_exact.npz: OK
out/fields/N64_case11_linear_bank_galerkin_exact.npz: OK
out/fields/N64_case11_nmrom_K16_q0_dense.npz: OK
out/fields/N64_case11_nmrom_K16_q32_dense.npz: OK
out/fields/N64_case11_nmrom_K16_q64_dense.npz: OK
out/fields/N64_case11_nmrom_K16_q96_dense.npz: OK
out/fields/N64_case11_nmrom_K16_q96_dense_dt_half.npz: OK
out/fields/N64_case11_nmrom_K32_q0_dense.npz: OK
out/fields/N64_case11_nmrom_K32_q32_dense.npz: OK
out/fields/N64_case11_nmrom_K32_q64_dense.npz: OK
out/fields/N64_case11_nmrom_K32_q96_dense.npz: OK
out/fields/N64_case11_nmrom_K32_q96_dense_dt_half.npz: OK
out/fields/N64_case11_pod112_exact.npz: OK
out/fields/N64_case11_pod128_exact.npz: OK
out/fields/N64_case11_pod16_exact.npz: OK
out/fields/N64_case11_pod32_exact.npz: OK
out/fields/N64_case11_pod48_exact.npz: OK
out/fields/N64_case11_pod64_exact.npz: OK
out/fields/N64_case11_pod80_exact.npz: OK
out/fields/N64_case11_pod96_exact.npz: OK
out/fields/N64_case11_reference.npz: OK
out/fields/N64_case11_transolver3d_w48_s32.npz: OK
out/fields/N64_case11_transolver3d_w48_s32_native_grid_interpolated.npz: OK
out/fields/N64_case11_unet3d_w8.npz: OK
out/fields/N64_case11_unet3d_w8_native_grid_interpolated.npz: OK
out/fields/N64_case12_deeponet3d_r128_w16.npz: OK
out/fields/N64_case12_deeponet3d_r128_w16_native_grid_interpolated.npz: OK
out/fields/N64_case12_deeponet3d_r128_w16_native_sensors_continuous_trunk.npz: OK
out/fields/N64_case12_dst_exact.npz: OK
out/fields/N64_case12_fno3d_w16_m6.npz: OK
out/fields/N64_case12_fno3d_w16_m6_native_grid_interpolated.npz: OK
out/fields/N64_case12_fno3d_w16_m6_physical_padding_transfer.npz: OK
out/fields/N64_case12_fom_cn_cg_dt0.025_rtol1e-02.npz: OK
out/fields/N64_case12_fom_cn_cg_dt0.025_rtol1e-04.npz: OK
out/fields/N64_case12_fom_cn_cg_dt0.025_rtol1e-06.npz: OK
out/fields/N64_case12_fom_cn_cg_dt0.05_rtol1e-02.npz: OK
out/fields/N64_case12_fom_cn_cg_dt0.05_rtol1e-04.npz: OK
out/fields/N64_case12_fom_cn_cg_dt0.05_rtol1e-06.npz: OK
out/fields/N64_case12_fom_cn_cg_dt0.1_rtol1e-02.npz: OK
out/fields/N64_case12_fom_cn_cg_dt0.1_rtol1e-04.npz: OK
out/fields/N64_case12_fom_cn_cg_dt0.1_rtol1e-06.npz: OK
out/fields/N64_case12_linear_bank_cn.npz: OK
out/fields/N64_case12_linear_bank_exact.npz: OK
out/fields/N64_case12_linear_bank_galerkin_exact.npz: OK
out/fields/N64_case12_nmrom_K16_q0_dense.npz: OK
out/fields/N64_case12_nmrom_K16_q32_dense.npz: OK
out/fields/N64_case12_nmrom_K16_q64_dense.npz: OK
out/fields/N64_case12_nmrom_K16_q96_dense.npz: OK
out/fields/N64_case12_nmrom_K16_q96_dense_dt_half.npz: OK
out/fields/N64_case12_nmrom_K32_q0_dense.npz: OK
out/fields/N64_case12_nmrom_K32_q32_dense.npz: OK
out/fields/N64_case12_nmrom_K32_q64_dense.npz: OK
out/fields/N64_case12_nmrom_K32_q96_dense.npz: OK
out/fields/N64_case12_nmrom_K32_q96_dense_dt_half.npz: OK
out/fields/N64_case12_pod112_exact.npz: OK
out/fields/N64_case12_pod128_exact.npz: OK
out/fields/N64_case12_pod16_exact.npz: OK
out/fields/N64_case12_pod32_exact.npz: OK
out/fields/N64_case12_pod48_exact.npz: OK
out/fields/N64_case12_pod64_exact.npz: OK
out/fields/N64_case12_pod80_exact.npz: OK
out/fields/N64_case12_pod96_exact.npz: OK
out/fields/N64_case12_reference.npz: OK
out/fields/N64_case12_transolver3d_w48_s32.npz: OK
out/fields/N64_case12_transolver3d_w48_s32_native_grid_interpolated.npz: OK
out/fields/N64_case12_unet3d_w8.npz: OK
out/fields/N64_case12_unet3d_w8_native_grid_interpolated.npz: OK
out/fields/N64_case13_deeponet3d_r128_w16.npz: OK
out/fields/N64_case13_deeponet3d_r128_w16_native_grid_interpolated.npz: OK
out/fields/N64_case13_deeponet3d_r128_w16_native_sensors_continuous_trunk.npz: OK
out/fields/N64_case13_dst_exact.npz: OK
out/fields/N64_case13_fno3d_w16_m6.npz: OK
out/fields/N64_case13_fno3d_w16_m6_native_grid_interpolated.npz: OK
out/fields/N64_case13_fno3d_w16_m6_physical_padding_transfer.npz: OK
out/fields/N64_case13_fom_cn_cg_dt0.025_rtol1e-02.npz: OK
out/fields/N64_case13_fom_cn_cg_dt0.025_rtol1e-04.npz: OK
out/fields/N64_case13_fom_cn_cg_dt0.025_rtol1e-06.npz: OK
out/fields/N64_case13_fom_cn_cg_dt0.05_rtol1e-02.npz: OK
out/fields/N64_case13_fom_cn_cg_dt0.05_rtol1e-04.npz: OK
out/fields/N64_case13_fom_cn_cg_dt0.05_rtol1e-06.npz: OK
out/fields/N64_case13_fom_cn_cg_dt0.1_rtol1e-02.npz: OK
out/fields/N64_case13_fom_cn_cg_dt0.1_rtol1e-04.npz: OK
out/fields/N64_case13_fom_cn_cg_dt0.1_rtol1e-06.npz: OK
out/fields/N64_case13_linear_bank_cn.npz: OK
out/fields/N64_case13_linear_bank_exact.npz: OK
out/fields/N64_case13_linear_bank_galerkin_exact.npz: OK
out/fields/N64_case13_nmrom_K16_q0_dense.npz: OK
out/fields/N64_case13_nmrom_K16_q32_dense.npz: OK
out/fields/N64_case13_nmrom_K16_q64_dense.npz: OK
out/fields/N64_case13_nmrom_K16_q96_dense.npz: OK
out/fields/N64_case13_nmrom_K16_q96_dense_dt_half.npz: OK
out/fields/N64_case13_nmrom_K32_q0_dense.npz: OK
out/fields/N64_case13_nmrom_K32_q32_dense.npz: OK
out/fields/N64_case13_nmrom_K32_q64_dense.npz: OK
out/fields/N64_case13_nmrom_K32_q96_dense.npz: OK
out/fields/N64_case13_nmrom_K32_q96_dense_dt_half.npz: OK
out/fields/N64_case13_pod112_exact.npz: OK
out/fields/N64_case13_pod128_exact.npz: OK
out/fields/N64_case13_pod16_exact.npz: OK
out/fields/N64_case13_pod32_exact.npz: OK
out/fields/N64_case13_pod48_exact.npz: OK
out/fields/N64_case13_pod64_exact.npz: OK
out/fields/N64_case13_pod80_exact.npz: OK
out/fields/N64_case13_pod96_exact.npz: OK
out/fields/N64_case13_reference.npz: OK
out/fields/N64_case13_transolver3d_w48_s32.npz: OK
out/fields/N64_case13_transolver3d_w48_s32_native_grid_interpolated.npz: OK
out/fields/N64_case13_unet3d_w8.npz: OK
out/fields/N64_case13_unet3d_w8_native_grid_interpolated.npz: OK
out/fields/N64_case14_deeponet3d_r128_w16.npz: OK
out/fields/N64_case14_deeponet3d_r128_w16_native_grid_interpolated.npz: OK
out/fields/N64_case14_deeponet3d_r128_w16_native_sensors_continuous_trunk.npz: OK
out/fields/N64_case14_dst_exact.npz: OK
out/fields/N64_case14_fno3d_w16_m6.npz: OK
out/fields/N64_case14_fno3d_w16_m6_native_grid_interpolated.npz: OK
out/fields/N64_case14_fno3d_w16_m6_physical_padding_transfer.npz: OK
out/fields/N64_case14_fom_cn_cg_dt0.025_rtol1e-02.npz: OK
out/fields/N64_case14_fom_cn_cg_dt0.025_rtol1e-04.npz: OK
out/fields/N64_case14_fom_cn_cg_dt0.025_rtol1e-06.npz: OK
out/fields/N64_case14_fom_cn_cg_dt0.05_rtol1e-02.npz: OK
out/fields/N64_case14_fom_cn_cg_dt0.05_rtol1e-04.npz: OK
out/fields/N64_case14_fom_cn_cg_dt0.05_rtol1e-06.npz: OK
out/fields/N64_case14_fom_cn_cg_dt0.1_rtol1e-02.npz: OK
out/fields/N64_case14_fom_cn_cg_dt0.1_rtol1e-04.npz: OK
out/fields/N64_case14_fom_cn_cg_dt0.1_rtol1e-06.npz: OK
out/fields/N64_case14_linear_bank_cn.npz: OK
out/fields/N64_case14_linear_bank_exact.npz: OK
out/fields/N64_case14_linear_bank_galerkin_exact.npz: OK
out/fields/N64_case14_nmrom_K16_q0_dense.npz: OK
out/fields/N64_case14_nmrom_K16_q32_dense.npz: OK
out/fields/N64_case14_nmrom_K16_q64_dense.npz: OK
out/fields/N64_case14_nmrom_K16_q96_dense.npz: OK
out/fields/N64_case14_nmrom_K16_q96_dense_dt_half.npz: OK
out/fields/N64_case14_nmrom_K32_q0_dense.npz: OK
out/fields/N64_case14_nmrom_K32_q32_dense.npz: OK
out/fields/N64_case14_nmrom_K32_q64_dense.npz: OK
out/fields/N64_case14_nmrom_K32_q96_dense.npz: OK
out/fields/N64_case14_nmrom_K32_q96_dense_dt_half.npz: OK
out/fields/N64_case14_pod112_exact.npz: OK
out/fields/N64_case14_pod128_exact.npz: OK
out/fields/N64_case14_pod16_exact.npz: OK
out/fields/N64_case14_pod32_exact.npz: OK
out/fields/N64_case14_pod48_exact.npz: OK
out/fields/N64_case14_pod64_exact.npz: OK
out/fields/N64_case14_pod80_exact.npz: OK
out/fields/N64_case14_pod96_exact.npz: OK
out/fields/N64_case14_reference.npz: OK
out/fields/N64_case14_transolver3d_w48_s32.npz: OK
out/fields/N64_case14_transolver3d_w48_s32_native_grid_interpolated.npz: OK
out/fields/N64_case14_unet3d_w8.npz: OK
out/fields/N64_case14_unet3d_w8_native_grid_interpolated.npz: OK
out/fields/N64_case15_deeponet3d_r128_w16.npz: OK
out/fields/N64_case15_deeponet3d_r128_w16_native_grid_interpolated.npz: OK
out/fields/N64_case15_deeponet3d_r128_w16_native_sensors_continuous_trunk.npz: OK
out/fields/N64_case15_dst_exact.npz: OK
out/fields/N64_case15_fno3d_w16_m6.npz: OK
out/fields/N64_case15_fno3d_w16_m6_native_grid_interpolated.npz: OK
out/fields/N64_case15_fno3d_w16_m6_physical_padding_transfer.npz: OK
out/fields/N64_case15_fom_cn_cg_dt0.025_rtol1e-02.npz: OK
out/fields/N64_case15_fom_cn_cg_dt0.025_rtol1e-04.npz: OK
out/fields/N64_case15_fom_cn_cg_dt0.025_rtol1e-06.npz: OK
out/fields/N64_case15_fom_cn_cg_dt0.05_rtol1e-02.npz: OK
out/fields/N64_case15_fom_cn_cg_dt0.05_rtol1e-04.npz: OK
out/fields/N64_case15_fom_cn_cg_dt0.05_rtol1e-06.npz: OK
out/fields/N64_case15_fom_cn_cg_dt0.1_rtol1e-02.npz: OK
out/fields/N64_case15_fom_cn_cg_dt0.1_rtol1e-04.npz: OK
out/fields/N64_case15_fom_cn_cg_dt0.1_rtol1e-06.npz: OK
out/fields/N64_case15_linear_bank_cn.npz: OK
out/fields/N64_case15_linear_bank_exact.npz: OK
out/fields/N64_case15_linear_bank_galerkin_exact.npz: OK
out/fields/N64_case15_nmrom_K16_q0_dense.npz: OK
out/fields/N64_case15_nmrom_K16_q32_dense.npz: OK
out/fields/N64_case15_nmrom_K16_q64_dense.npz: OK
out/fields/N64_case15_nmrom_K16_q96_dense.npz: OK
out/fields/N64_case15_nmrom_K16_q96_dense_dt_half.npz: OK
out/fields/N64_case15_nmrom_K32_q0_dense.npz: OK
out/fields/N64_case15_nmrom_K32_q32_dense.npz: OK
out/fields/N64_case15_nmrom_K32_q64_dense.npz: OK
out/fields/N64_case15_nmrom_K32_q96_dense.npz: OK
out/fields/N64_case15_nmrom_K32_q96_dense_dt_half.npz: OK
out/fields/N64_case15_pod112_exact.npz: OK
out/fields/N64_case15_pod128_exact.npz: OK
out/fields/N64_case15_pod16_exact.npz: OK
out/fields/N64_case15_pod32_exact.npz: OK
out/fields/N64_case15_pod48_exact.npz: OK
out/fields/N64_case15_pod64_exact.npz: OK
out/fields/N64_case15_pod80_exact.npz: OK
out/fields/N64_case15_pod96_exact.npz: OK
out/fields/N64_case15_reference.npz: OK
out/fields/N64_case15_transolver3d_w48_s32.npz: OK
out/fields/N64_case15_transolver3d_w48_s32_native_grid_interpolated.npz: OK
out/fields/N64_case15_unet3d_w8.npz: OK
out/fields/N64_case15_unet3d_w8_native_grid_interpolated.npz: OK
out/fields/N64_case1_deeponet3d_r128_w16.npz: OK
out/fields/N64_case1_deeponet3d_r128_w16_native_grid_interpolated.npz: OK
out/fields/N64_case1_deeponet3d_r128_w16_native_sensors_continuous_trunk.npz: OK
out/fields/N64_case1_dst_exact.npz: OK
out/fields/N64_case1_fno3d_w16_m6.npz: OK
out/fields/N64_case1_fno3d_w16_m6_native_grid_interpolated.npz: OK
out/fields/N64_case1_fno3d_w16_m6_physical_padding_transfer.npz: OK
out/fields/N64_case1_fom_cn_cg_dt0.025_rtol1e-02.npz: OK
out/fields/N64_case1_fom_cn_cg_dt0.025_rtol1e-04.npz: OK
out/fields/N64_case1_fom_cn_cg_dt0.025_rtol1e-06.npz: OK
out/fields/N64_case1_fom_cn_cg_dt0.05_rtol1e-02.npz: OK
out/fields/N64_case1_fom_cn_cg_dt0.05_rtol1e-04.npz: OK
out/fields/N64_case1_fom_cn_cg_dt0.05_rtol1e-06.npz: OK
out/fields/N64_case1_fom_cn_cg_dt0.1_rtol1e-02.npz: OK
out/fields/N64_case1_fom_cn_cg_dt0.1_rtol1e-04.npz: OK
out/fields/N64_case1_fom_cn_cg_dt0.1_rtol1e-06.npz: OK
out/fields/N64_case1_linear_bank_cn.npz: OK
out/fields/N64_case1_linear_bank_exact.npz: OK
out/fields/N64_case1_linear_bank_galerkin_exact.npz: OK
out/fields/N64_case1_nmrom_K16_q0_dense.npz: OK
out/fields/N64_case1_nmrom_K16_q32_dense.npz: OK
out/fields/N64_case1_nmrom_K16_q64_dense.npz: OK
out/fields/N64_case1_nmrom_K16_q96_dense.npz: OK
out/fields/N64_case1_nmrom_K16_q96_dense_dt_half.npz: OK
out/fields/N64_case1_nmrom_K32_q0_dense.npz: OK
out/fields/N64_case1_nmrom_K32_q32_dense.npz: OK
out/fields/N64_case1_nmrom_K32_q64_dense.npz: OK
out/fields/N64_case1_nmrom_K32_q96_dense.npz: OK
out/fields/N64_case1_nmrom_K32_q96_dense_dt_half.npz: OK
out/fields/N64_case1_pod112_exact.npz: OK
out/fields/N64_case1_pod128_exact.npz: OK
out/fields/N64_case1_pod16_exact.npz: OK
out/fields/N64_case1_pod32_exact.npz: OK
out/fields/N64_case1_pod48_exact.npz: OK
out/fields/N64_case1_pod64_exact.npz: OK
out/fields/N64_case1_pod80_exact.npz: OK
out/fields/N64_case1_pod96_exact.npz: OK
out/fields/N64_case1_reference.npz: OK
out/fields/N64_case1_transolver3d_w48_s32.npz: OK
out/fields/N64_case1_transolver3d_w48_s32_native_grid_interpolated.npz: OK
out/fields/N64_case1_unet3d_w8.npz: OK
out/fields/N64_case1_unet3d_w8_native_grid_interpolated.npz: OK
out/fields/N64_case2_deeponet3d_r128_w16.npz: OK
out/fields/N64_case2_deeponet3d_r128_w16_native_grid_interpolated.npz: OK
out/fields/N64_case2_deeponet3d_r128_w16_native_sensors_continuous_trunk.npz: OK
out/fields/N64_case2_dst_exact.npz: OK
out/fields/N64_case2_fno3d_w16_m6.npz: OK
out/fields/N64_case2_fno3d_w16_m6_native_grid_interpolated.npz: OK
out/fields/N64_case2_fno3d_w16_m6_physical_padding_transfer.npz: OK
out/fields/N64_case2_fom_cn_cg_dt0.025_rtol1e-02.npz: OK
out/fields/N64_case2_fom_cn_cg_dt0.025_rtol1e-04.npz: OK
out/fields/N64_case2_fom_cn_cg_dt0.025_rtol1e-06.npz: OK
out/fields/N64_case2_fom_cn_cg_dt0.05_rtol1e-02.npz: OK
out/fields/N64_case2_fom_cn_cg_dt0.05_rtol1e-04.npz: OK
out/fields/N64_case2_fom_cn_cg_dt0.05_rtol1e-06.npz: OK
out/fields/N64_case2_fom_cn_cg_dt0.1_rtol1e-02.npz: OK
out/fields/N64_case2_fom_cn_cg_dt0.1_rtol1e-04.npz: OK
out/fields/N64_case2_fom_cn_cg_dt0.1_rtol1e-06.npz: OK
out/fields/N64_case2_linear_bank_cn.npz: OK
out/fields/N64_case2_linear_bank_exact.npz: OK
out/fields/N64_case2_linear_bank_galerkin_exact.npz: OK
out/fields/N64_case2_nmrom_K16_q0_dense.npz: OK
out/fields/N64_case2_nmrom_K16_q32_dense.npz: OK
out/fields/N64_case2_nmrom_K16_q64_dense.npz: OK
out/fields/N64_case2_nmrom_K16_q96_dense.npz: OK
out/fields/N64_case2_nmrom_K16_q96_dense_dt_half.npz: OK
out/fields/N64_case2_nmrom_K32_q0_dense.npz: OK
out/fields/N64_case2_nmrom_K32_q32_dense.npz: OK
out/fields/N64_case2_nmrom_K32_q64_dense.npz: OK
out/fields/N64_case2_nmrom_K32_q96_dense.npz: OK
out/fields/N64_case2_nmrom_K32_q96_dense_dt_half.npz: OK
out/fields/N64_case2_pod112_exact.npz: OK
out/fields/N64_case2_pod128_exact.npz: OK
out/fields/N64_case2_pod16_exact.npz: OK
out/fields/N64_case2_pod32_exact.npz: OK
out/fields/N64_case2_pod48_exact.npz: OK
out/fields/N64_case2_pod64_exact.npz: OK
out/fields/N64_case2_pod80_exact.npz: OK
out/fields/N64_case2_pod96_exact.npz: OK
out/fields/N64_case2_reference.npz: OK
out/fields/N64_case2_transolver3d_w48_s32.npz: OK
out/fields/N64_case2_transolver3d_w48_s32_native_grid_interpolated.npz: OK
out/fields/N64_case2_unet3d_w8.npz: OK
out/fields/N64_case2_unet3d_w8_native_grid_interpolated.npz: OK
out/fields/N64_case3_deeponet3d_r128_w16.npz: OK
out/fields/N64_case3_deeponet3d_r128_w16_native_grid_interpolated.npz: OK
out/fields/N64_case3_deeponet3d_r128_w16_native_sensors_continuous_trunk.npz: OK
out/fields/N64_case3_dst_exact.npz: OK
out/fields/N64_case3_fno3d_w16_m6.npz: OK
out/fields/N64_case3_fno3d_w16_m6_native_grid_interpolated.npz: OK
out/fields/N64_case3_fno3d_w16_m6_physical_padding_transfer.npz: OK
out/fields/N64_case3_fom_cn_cg_dt0.025_rtol1e-02.npz: OK
out/fields/N64_case3_fom_cn_cg_dt0.025_rtol1e-04.npz: OK
out/fields/N64_case3_fom_cn_cg_dt0.025_rtol1e-06.npz: OK
out/fields/N64_case3_fom_cn_cg_dt0.05_rtol1e-02.npz: OK
out/fields/N64_case3_fom_cn_cg_dt0.05_rtol1e-04.npz: OK
out/fields/N64_case3_fom_cn_cg_dt0.05_rtol1e-06.npz: OK
out/fields/N64_case3_fom_cn_cg_dt0.1_rtol1e-02.npz: OK
out/fields/N64_case3_fom_cn_cg_dt0.1_rtol1e-04.npz: OK
out/fields/N64_case3_fom_cn_cg_dt0.1_rtol1e-06.npz: OK
out/fields/N64_case3_linear_bank_cn.npz: OK
out/fields/N64_case3_linear_bank_exact.npz: OK
out/fields/N64_case3_linear_bank_galerkin_exact.npz: OK
out/fields/N64_case3_nmrom_K16_q0_dense.npz: OK
out/fields/N64_case3_nmrom_K16_q32_dense.npz: OK
out/fields/N64_case3_nmrom_K16_q64_dense.npz: OK
out/fields/N64_case3_nmrom_K16_q96_dense.npz: OK
out/fields/N64_case3_nmrom_K16_q96_dense_dt_half.npz: OK
out/fields/N64_case3_nmrom_K32_q0_dense.npz: OK
out/fields/N64_case3_nmrom_K32_q32_dense.npz: OK
out/fields/N64_case3_nmrom_K32_q64_dense.npz: OK
out/fields/N64_case3_nmrom_K32_q96_dense.npz: OK
out/fields/N64_case3_nmrom_K32_q96_dense_dt_half.npz: OK
out/fields/N64_case3_pod112_exact.npz: OK
out/fields/N64_case3_pod128_exact.npz: OK
out/fields/N64_case3_pod16_exact.npz: OK
out/fields/N64_case3_pod32_exact.npz: OK
out/fields/N64_case3_pod48_exact.npz: OK
out/fields/N64_case3_pod64_exact.npz: OK
out/fields/N64_case3_pod80_exact.npz: OK
out/fields/N64_case3_pod96_exact.npz: OK
out/fields/N64_case3_reference.npz: OK
out/fields/N64_case3_transolver3d_w48_s32.npz: OK
out/fields/N64_case3_transolver3d_w48_s32_native_grid_interpolated.npz: OK
out/fields/N64_case3_unet3d_w8.npz: OK
out/fields/N64_case3_unet3d_w8_native_grid_interpolated.npz: OK
out/fields/N64_case4_deeponet3d_r128_w16.npz: OK
out/fields/N64_case4_deeponet3d_r128_w16_native_grid_interpolated.npz: OK
out/fields/N64_case4_deeponet3d_r128_w16_native_sensors_continuous_trunk.npz: OK
out/fields/N64_case4_dst_exact.npz: OK
out/fields/N64_case4_fno3d_w16_m6.npz: OK
out/fields/N64_case4_fno3d_w16_m6_native_grid_interpolated.npz: OK
out/fields/N64_case4_fno3d_w16_m6_physical_padding_transfer.npz: OK
out/fields/N64_case4_fom_cn_cg_dt0.025_rtol1e-02.npz: OK
out/fields/N64_case4_fom_cn_cg_dt0.025_rtol1e-04.npz: OK
out/fields/N64_case4_fom_cn_cg_dt0.025_rtol1e-06.npz: OK
out/fields/N64_case4_fom_cn_cg_dt0.05_rtol1e-02.npz: OK
out/fields/N64_case4_fom_cn_cg_dt0.05_rtol1e-04.npz: OK
out/fields/N64_case4_fom_cn_cg_dt0.05_rtol1e-06.npz: OK
out/fields/N64_case4_fom_cn_cg_dt0.1_rtol1e-02.npz: OK
out/fields/N64_case4_fom_cn_cg_dt0.1_rtol1e-04.npz: OK
out/fields/N64_case4_fom_cn_cg_dt0.1_rtol1e-06.npz: OK
out/fields/N64_case4_linear_bank_cn.npz: OK
out/fields/N64_case4_linear_bank_exact.npz: OK
out/fields/N64_case4_linear_bank_galerkin_exact.npz: OK
out/fields/N64_case4_nmrom_K16_q0_dense.npz: OK
out/fields/N64_case4_nmrom_K16_q32_dense.npz: OK
out/fields/N64_case4_nmrom_K16_q64_dense.npz: OK
out/fields/N64_case4_nmrom_K16_q96_dense.npz: OK
out/fields/N64_case4_nmrom_K16_q96_dense_dt_half.npz: OK
out/fields/N64_case4_nmrom_K32_q0_dense.npz: OK
out/fields/N64_case4_nmrom_K32_q32_dense.npz: OK
out/fields/N64_case4_nmrom_K32_q64_dense.npz: OK
out/fields/N64_case4_nmrom_K32_q96_dense.npz: OK
out/fields/N64_case4_nmrom_K32_q96_dense_dt_half.npz: OK
out/fields/N64_case4_pod112_exact.npz: OK
out/fields/N64_case4_pod128_exact.npz: OK
out/fields/N64_case4_pod16_exact.npz: OK
out/fields/N64_case4_pod32_exact.npz: OK
out/fields/N64_case4_pod48_exact.npz: OK
out/fields/N64_case4_pod64_exact.npz: OK
out/fields/N64_case4_pod80_exact.npz: OK
out/fields/N64_case4_pod96_exact.npz: OK
out/fields/N64_case4_reference.npz: OK
out/fields/N64_case4_transolver3d_w48_s32.npz: OK
out/fields/N64_case4_transolver3d_w48_s32_native_grid_interpolated.npz: OK
out/fields/N64_case4_unet3d_w8.npz: OK
out/fields/N64_case4_unet3d_w8_native_grid_interpolated.npz: OK
out/fields/N64_case5_deeponet3d_r128_w16.npz: OK
out/fields/N64_case5_deeponet3d_r128_w16_native_grid_interpolated.npz: OK
out/fields/N64_case5_deeponet3d_r128_w16_native_sensors_continuous_trunk.npz: OK
out/fields/N64_case5_dst_exact.npz: OK
out/fields/N64_case5_fno3d_w16_m6.npz: OK
out/fields/N64_case5_fno3d_w16_m6_native_grid_interpolated.npz: OK
out/fields/N64_case5_fno3d_w16_m6_physical_padding_transfer.npz: OK
out/fields/N64_case5_fom_cn_cg_dt0.025_rtol1e-02.npz: OK
out/fields/N64_case5_fom_cn_cg_dt0.025_rtol1e-04.npz: OK
out/fields/N64_case5_fom_cn_cg_dt0.025_rtol1e-06.npz: OK
out/fields/N64_case5_fom_cn_cg_dt0.05_rtol1e-02.npz: OK
out/fields/N64_case5_fom_cn_cg_dt0.05_rtol1e-04.npz: OK
out/fields/N64_case5_fom_cn_cg_dt0.05_rtol1e-06.npz: OK
out/fields/N64_case5_fom_cn_cg_dt0.1_rtol1e-02.npz: OK
out/fields/N64_case5_fom_cn_cg_dt0.1_rtol1e-04.npz: OK
out/fields/N64_case5_fom_cn_cg_dt0.1_rtol1e-06.npz: OK
out/fields/N64_case5_linear_bank_cn.npz: OK
out/fields/N64_case5_linear_bank_exact.npz: OK
out/fields/N64_case5_linear_bank_galerkin_exact.npz: OK
out/fields/N64_case5_nmrom_K16_q0_dense.npz: OK
out/fields/N64_case5_nmrom_K16_q32_dense.npz: OK
out/fields/N64_case5_nmrom_K16_q64_dense.npz: OK
out/fields/N64_case5_nmrom_K16_q96_dense.npz: OK
out/fields/N64_case5_nmrom_K16_q96_dense_dt_half.npz: OK
out/fields/N64_case5_nmrom_K32_q0_dense.npz: OK
out/fields/N64_case5_nmrom_K32_q32_dense.npz: OK
out/fields/N64_case5_nmrom_K32_q64_dense.npz: OK
out/fields/N64_case5_nmrom_K32_q96_dense.npz: OK
out/fields/N64_case5_nmrom_K32_q96_dense_dt_half.npz: OK
out/fields/N64_case5_pod112_exact.npz: OK
out/fields/N64_case5_pod128_exact.npz: OK
out/fields/N64_case5_pod16_exact.npz: OK
out/fields/N64_case5_pod32_exact.npz: OK
out/fields/N64_case5_pod48_exact.npz: OK
out/fields/N64_case5_pod64_exact.npz: OK
out/fields/N64_case5_pod80_exact.npz: OK
out/fields/N64_case5_pod96_exact.npz: OK
out/fields/N64_case5_reference.npz: OK
out/fields/N64_case5_transolver3d_w48_s32.npz: OK
out/fields/N64_case5_transolver3d_w48_s32_native_grid_interpolated.npz: OK
out/fields/N64_case5_unet3d_w8.npz: OK
out/fields/N64_case5_unet3d_w8_native_grid_interpolated.npz: OK
out/fields/N64_case6_deeponet3d_r128_w16.npz: OK
out/fields/N64_case6_deeponet3d_r128_w16_native_grid_interpolated.npz: OK
out/fields/N64_case6_deeponet3d_r128_w16_native_sensors_continuous_trunk.npz: OK
out/fields/N64_case6_dst_exact.npz: OK
out/fields/N64_case6_fno3d_w16_m6.npz: OK
out/fields/N64_case6_fno3d_w16_m6_native_grid_interpolated.npz: OK
out/fields/N64_case6_fno3d_w16_m6_physical_padding_transfer.npz: OK
out/fields/N64_case6_fom_cn_cg_dt0.025_rtol1e-02.npz: OK
out/fields/N64_case6_fom_cn_cg_dt0.025_rtol1e-04.npz: OK
out/fields/N64_case6_fom_cn_cg_dt0.025_rtol1e-06.npz: OK
out/fields/N64_case6_fom_cn_cg_dt0.05_rtol1e-02.npz: OK
out/fields/N64_case6_fom_cn_cg_dt0.05_rtol1e-04.npz: OK
out/fields/N64_case6_fom_cn_cg_dt0.05_rtol1e-06.npz: OK
out/fields/N64_case6_fom_cn_cg_dt0.1_rtol1e-02.npz: OK
out/fields/N64_case6_fom_cn_cg_dt0.1_rtol1e-04.npz: OK
out/fields/N64_case6_fom_cn_cg_dt0.1_rtol1e-06.npz: OK
out/fields/N64_case6_linear_bank_cn.npz: OK
out/fields/N64_case6_linear_bank_exact.npz: OK
out/fields/N64_case6_linear_bank_galerkin_exact.npz: OK
out/fields/N64_case6_nmrom_K16_q0_dense.npz: OK
out/fields/N64_case6_nmrom_K16_q32_dense.npz: OK
out/fields/N64_case6_nmrom_K16_q64_dense.npz: OK
out/fields/N64_case6_nmrom_K16_q96_dense.npz: OK
out/fields/N64_case6_nmrom_K16_q96_dense_dt_half.npz: OK
out/fields/N64_case6_nmrom_K32_q0_dense.npz: OK
out/fields/N64_case6_nmrom_K32_q32_dense.npz: OK
out/fields/N64_case6_nmrom_K32_q64_dense.npz: OK
out/fields/N64_case6_nmrom_K32_q96_dense.npz: OK
out/fields/N64_case6_nmrom_K32_q96_dense_dt_half.npz: OK
out/fields/N64_case6_pod112_exact.npz: OK
out/fields/N64_case6_pod128_exact.npz: OK
out/fields/N64_case6_pod16_exact.npz: OK
out/fields/N64_case6_pod32_exact.npz: OK
out/fields/N64_case6_pod48_exact.npz: OK
out/fields/N64_case6_pod64_exact.npz: OK
out/fields/N64_case6_pod80_exact.npz: OK
out/fields/N64_case6_pod96_exact.npz: OK
out/fields/N64_case6_reference.npz: OK
out/fields/N64_case6_transolver3d_w48_s32.npz: OK
out/fields/N64_case6_transolver3d_w48_s32_native_grid_interpolated.npz: OK
out/fields/N64_case6_unet3d_w8.npz: OK
out/fields/N64_case6_unet3d_w8_native_grid_interpolated.npz: OK
out/fields/N64_case7_deeponet3d_r128_w16.npz: OK
out/fields/N64_case7_deeponet3d_r128_w16_native_grid_interpolated.npz: OK
out/fields/N64_case7_deeponet3d_r128_w16_native_sensors_continuous_trunk.npz: OK
out/fields/N64_case7_dst_exact.npz: OK
out/fields/N64_case7_fno3d_w16_m6.npz: OK
out/fields/N64_case7_fno3d_w16_m6_native_grid_interpolated.npz: OK
out/fields/N64_case7_fno3d_w16_m6_physical_padding_transfer.npz: OK
out/fields/N64_case7_fom_cn_cg_dt0.025_rtol1e-02.npz: OK
out/fields/N64_case7_fom_cn_cg_dt0.025_rtol1e-04.npz: OK
out/fields/N64_case7_fom_cn_cg_dt0.025_rtol1e-06.npz: OK
out/fields/N64_case7_fom_cn_cg_dt0.05_rtol1e-02.npz: OK
out/fields/N64_case7_fom_cn_cg_dt0.05_rtol1e-04.npz: OK
out/fields/N64_case7_fom_cn_cg_dt0.05_rtol1e-06.npz: OK
out/fields/N64_case7_fom_cn_cg_dt0.1_rtol1e-02.npz: OK
out/fields/N64_case7_fom_cn_cg_dt0.1_rtol1e-04.npz: OK
out/fields/N64_case7_fom_cn_cg_dt0.1_rtol1e-06.npz: OK
out/fields/N64_case7_linear_bank_cn.npz: OK
out/fields/N64_case7_linear_bank_exact.npz: OK
out/fields/N64_case7_linear_bank_galerkin_exact.npz: OK
out/fields/N64_case7_nmrom_K16_q0_dense.npz: OK
out/fields/N64_case7_nmrom_K16_q32_dense.npz: OK
out/fields/N64_case7_nmrom_K16_q64_dense.npz: OK
out/fields/N64_case7_nmrom_K16_q96_dense.npz: OK
out/fields/N64_case7_nmrom_K16_q96_dense_dt_half.npz: OK
out/fields/N64_case7_nmrom_K32_q0_dense.npz: OK
out/fields/N64_case7_nmrom_K32_q32_dense.npz: OK
out/fields/N64_case7_nmrom_K32_q64_dense.npz: OK
out/fields/N64_case7_nmrom_K32_q96_dense.npz: OK
out/fields/N64_case7_nmrom_K32_q96_dense_dt_half.npz: OK
out/fields/N64_case7_pod112_exact.npz: OK
out/fields/N64_case7_pod128_exact.npz: OK
out/fields/N64_case7_pod16_exact.npz: OK
out/fields/N64_case7_pod32_exact.npz: OK
out/fields/N64_case7_pod48_exact.npz: OK
out/fields/N64_case7_pod64_exact.npz: OK
out/fields/N64_case7_pod80_exact.npz: OK
out/fields/N64_case7_pod96_exact.npz: OK
out/fields/N64_case7_reference.npz: OK
out/fields/N64_case7_transolver3d_w48_s32.npz: OK
out/fields/N64_case7_transolver3d_w48_s32_native_grid_interpolated.npz: OK
out/fields/N64_case7_unet3d_w8.npz: OK
out/fields/N64_case7_unet3d_w8_native_grid_interpolated.npz: OK
out/fields/N64_case8_deeponet3d_r128_w16.npz: OK
out/fields/N64_case8_deeponet3d_r128_w16_native_grid_interpolated.npz: OK
out/fields/N64_case8_deeponet3d_r128_w16_native_sensors_continuous_trunk.npz: OK
out/fields/N64_case8_dst_exact.npz: OK
out/fields/N64_case8_fno3d_w16_m6.npz: OK
out/fields/N64_case8_fno3d_w16_m6_native_grid_interpolated.npz: OK
out/fields/N64_case8_fno3d_w16_m6_physical_padding_transfer.npz: OK
out/fields/N64_case8_fom_cn_cg_dt0.025_rtol1e-02.npz: OK
out/fields/N64_case8_fom_cn_cg_dt0.025_rtol1e-04.npz: OK
out/fields/N64_case8_fom_cn_cg_dt0.025_rtol1e-06.npz: OK
out/fields/N64_case8_fom_cn_cg_dt0.05_rtol1e-02.npz: OK
out/fields/N64_case8_fom_cn_cg_dt0.05_rtol1e-04.npz: OK
out/fields/N64_case8_fom_cn_cg_dt0.05_rtol1e-06.npz: OK
out/fields/N64_case8_fom_cn_cg_dt0.1_rtol1e-02.npz: OK
out/fields/N64_case8_fom_cn_cg_dt0.1_rtol1e-04.npz: OK
out/fields/N64_case8_fom_cn_cg_dt0.1_rtol1e-06.npz: OK
out/fields/N64_case8_linear_bank_cn.npz: OK
out/fields/N64_case8_linear_bank_exact.npz: OK
out/fields/N64_case8_linear_bank_galerkin_exact.npz: OK
out/fields/N64_case8_nmrom_K16_q0_dense.npz: OK
out/fields/N64_case8_nmrom_K16_q32_dense.npz: OK
out/fields/N64_case8_nmrom_K16_q64_dense.npz: OK
out/fields/N64_case8_nmrom_K16_q96_dense.npz: OK
out/fields/N64_case8_nmrom_K16_q96_dense_dt_half.npz: OK
out/fields/N64_case8_nmrom_K32_q0_dense.npz: OK
out/fields/N64_case8_nmrom_K32_q32_dense.npz: OK
out/fields/N64_case8_nmrom_K32_q64_dense.npz: OK
out/fields/N64_case8_nmrom_K32_q96_dense.npz: OK
out/fields/N64_case8_nmrom_K32_q96_dense_dt_half.npz: OK
out/fields/N64_case8_pod112_exact.npz: OK
out/fields/N64_case8_pod128_exact.npz: OK
out/fields/N64_case8_pod16_exact.npz: OK
out/fields/N64_case8_pod32_exact.npz: OK
out/fields/N64_case8_pod48_exact.npz: OK
out/fields/N64_case8_pod64_exact.npz: OK
out/fields/N64_case8_pod80_exact.npz: OK
out/fields/N64_case8_pod96_exact.npz: OK
out/fields/N64_case8_reference.npz: OK
out/fields/N64_case8_transolver3d_w48_s32.npz: OK
out/fields/N64_case8_transolver3d_w48_s32_native_grid_interpolated.npz: OK
out/fields/N64_case8_unet3d_w8.npz: OK
out/fields/N64_case8_unet3d_w8_native_grid_interpolated.npz: OK
out/fields/N64_case9_deeponet3d_r128_w16.npz: OK
out/fields/N64_case9_deeponet3d_r128_w16_native_grid_interpolated.npz: OK
out/fields/N64_case9_deeponet3d_r128_w16_native_sensors_continuous_trunk.npz: OK
out/fields/N64_case9_dst_exact.npz: OK
out/fields/N64_case9_fno3d_w16_m6.npz: OK
out/fields/N64_case9_fno3d_w16_m6_native_grid_interpolated.npz: OK
out/fields/N64_case9_fno3d_w16_m6_physical_padding_transfer.npz: OK
out/fields/N64_case9_fom_cn_cg_dt0.025_rtol1e-02.npz: OK
out/fields/N64_case9_fom_cn_cg_dt0.025_rtol1e-04.npz: OK
out/fields/N64_case9_fom_cn_cg_dt0.025_rtol1e-06.npz: OK
out/fields/N64_case9_fom_cn_cg_dt0.05_rtol1e-02.npz: OK
out/fields/N64_case9_fom_cn_cg_dt0.05_rtol1e-04.npz: OK
out/fields/N64_case9_fom_cn_cg_dt0.05_rtol1e-06.npz: OK
out/fields/N64_case9_fom_cn_cg_dt0.1_rtol1e-02.npz: OK
out/fields/N64_case9_fom_cn_cg_dt0.1_rtol1e-04.npz: OK
out/fields/N64_case9_fom_cn_cg_dt0.1_rtol1e-06.npz: OK
out/fields/N64_case9_linear_bank_cn.npz: OK
out/fields/N64_case9_linear_bank_exact.npz: OK
out/fields/N64_case9_linear_bank_galerkin_exact.npz: OK
out/fields/N64_case9_nmrom_K16_q0_dense.npz: OK
out/fields/N64_case9_nmrom_K16_q32_dense.npz: OK
out/fields/N64_case9_nmrom_K16_q64_dense.npz: OK
out/fields/N64_case9_nmrom_K16_q96_dense.npz: OK
out/fields/N64_case9_nmrom_K16_q96_dense_dt_half.npz: OK
out/fields/N64_case9_nmrom_K32_q0_dense.npz: OK
out/fields/N64_case9_nmrom_K32_q32_dense.npz: OK
out/fields/N64_case9_nmrom_K32_q64_dense.npz: OK
out/fields/N64_case9_nmrom_K32_q96_dense.npz: OK
out/fields/N64_case9_nmrom_K32_q96_dense_dt_half.npz: OK
out/fields/N64_case9_pod112_exact.npz: OK
out/fields/N64_case9_pod128_exact.npz: OK
out/fields/N64_case9_pod16_exact.npz: OK
out/fields/N64_case9_pod32_exact.npz: OK
out/fields/N64_case9_pod48_exact.npz: OK
out/fields/N64_case9_pod64_exact.npz: OK
out/fields/N64_case9_pod80_exact.npz: OK
out/fields/N64_case9_pod96_exact.npz: OK
out/fields/N64_case9_reference.npz: OK
out/fields/N64_case9_transolver3d_w48_s32.npz: OK
out/fields/N64_case9_transolver3d_w48_s32_native_grid_interpolated.npz: OK
out/fields/N64_case9_unet3d_w8.npz: OK
out/fields/N64_case9_unet3d_w8_native_grid_interpolated.npz: OK
out/frozen_training/bank_curve.json: OK
out/frozen_training/head_K16_curve.json: OK
out/frozen_training/head_K32_curve.json: OK
out/frozen_training/operators/deeponet3d_r128_w16/curve.json: OK
out/frozen_training/operators/deeponet3d_r128_w16/training.json: OK
out/frozen_training/operators/fno3d_w16_m6/curve.json: OK
out/frozen_training/operators/fno3d_w16_m6/training.json: OK
out/frozen_training/operators/transolver3d_w48_s32/curve.json: OK
out/frozen_training/operators/transolver3d_w48_s32/training.json: OK
out/frozen_training/operators/unet3d_w8/curve.json: OK
out/frozen_training/operators/unet3d_w8/training.json: OK
out/head_K16.pkl: OK
out/head_K32.pkl: OK
out/operators/deeponet3d_r128_w16/adapter.pkl: OK
out/operators/fno3d_w16_m6/adapter.pkl: OK
out/operators/transolver3d_w48_s32/adapter.pkl: OK
out/operators/unet3d_w8/adapter.pkl: OK
out/pod_N32.pkl: OK
out/pod_N64.pkl: OK
out/result.json: OK
out/seedB/bank.pkl: OK
out/seedB/cohorts.json: OK
out/seedB/fields/N32_K16_best_found.npz: OK
out/seedB/fields/N32_K32_best_found.npz: OK
out/seedB/fields/N32_case0_deeponet3d_r128_w16.npz: OK
out/seedB/fields/N32_case0_fno3d_w16_m6.npz: OK
out/seedB/fields/N32_case0_nmrom_K16_q0_dense.npz: OK
out/seedB/fields/N32_case0_nmrom_K16_q32_dense.npz: OK
out/seedB/fields/N32_case0_nmrom_K16_q64_dense.npz: OK
out/seedB/fields/N32_case0_nmrom_K16_q96_dense.npz: OK
out/seedB/fields/N32_case0_nmrom_K32_q0_dense.npz: OK
out/seedB/fields/N32_case0_nmrom_K32_q32_dense.npz: OK
out/seedB/fields/N32_case0_nmrom_K32_q64_dense.npz: OK
out/seedB/fields/N32_case0_nmrom_K32_q96_dense.npz: OK
out/seedB/fields/N32_case0_reference.npz: OK
out/seedB/fields/N32_case0_transolver3d_w48_s32.npz: OK
out/seedB/fields/N32_case0_unet3d_w8.npz: OK
out/seedB/fields/N32_case10_deeponet3d_r128_w16.npz: OK
out/seedB/fields/N32_case10_fno3d_w16_m6.npz: OK
out/seedB/fields/N32_case10_nmrom_K16_q0_dense.npz: OK
out/seedB/fields/N32_case10_nmrom_K16_q32_dense.npz: OK
out/seedB/fields/N32_case10_nmrom_K16_q64_dense.npz: OK
out/seedB/fields/N32_case10_nmrom_K16_q96_dense.npz: OK
out/seedB/fields/N32_case10_nmrom_K32_q0_dense.npz: OK
out/seedB/fields/N32_case10_nmrom_K32_q32_dense.npz: OK
out/seedB/fields/N32_case10_nmrom_K32_q64_dense.npz: OK
out/seedB/fields/N32_case10_nmrom_K32_q96_dense.npz: OK
out/seedB/fields/N32_case10_reference.npz: OK
out/seedB/fields/N32_case10_transolver3d_w48_s32.npz: OK
out/seedB/fields/N32_case10_unet3d_w8.npz: OK
out/seedB/fields/N32_case11_deeponet3d_r128_w16.npz: OK
out/seedB/fields/N32_case11_fno3d_w16_m6.npz: OK
out/seedB/fields/N32_case11_nmrom_K16_q0_dense.npz: OK
out/seedB/fields/N32_case11_nmrom_K16_q32_dense.npz: OK
out/seedB/fields/N32_case11_nmrom_K16_q64_dense.npz: OK
out/seedB/fields/N32_case11_nmrom_K16_q96_dense.npz: OK
out/seedB/fields/N32_case11_nmrom_K32_q0_dense.npz: OK
out/seedB/fields/N32_case11_nmrom_K32_q32_dense.npz: OK
out/seedB/fields/N32_case11_nmrom_K32_q64_dense.npz: OK
out/seedB/fields/N32_case11_nmrom_K32_q96_dense.npz: OK
out/seedB/fields/N32_case11_reference.npz: OK
out/seedB/fields/N32_case11_transolver3d_w48_s32.npz: OK
out/seedB/fields/N32_case11_unet3d_w8.npz: OK
out/seedB/fields/N32_case12_deeponet3d_r128_w16.npz: OK
out/seedB/fields/N32_case12_fno3d_w16_m6.npz: OK
out/seedB/fields/N32_case12_nmrom_K16_q0_dense.npz: OK
out/seedB/fields/N32_case12_nmrom_K16_q32_dense.npz: OK
out/seedB/fields/N32_case12_nmrom_K16_q64_dense.npz: OK
out/seedB/fields/N32_case12_nmrom_K16_q96_dense.npz: OK
out/seedB/fields/N32_case12_nmrom_K32_q0_dense.npz: OK
out/seedB/fields/N32_case12_nmrom_K32_q32_dense.npz: OK
out/seedB/fields/N32_case12_nmrom_K32_q64_dense.npz: OK
out/seedB/fields/N32_case12_nmrom_K32_q96_dense.npz: OK
out/seedB/fields/N32_case12_reference.npz: OK
out/seedB/fields/N32_case12_transolver3d_w48_s32.npz: OK
out/seedB/fields/N32_case12_unet3d_w8.npz: OK
out/seedB/fields/N32_case13_deeponet3d_r128_w16.npz: OK
out/seedB/fields/N32_case13_fno3d_w16_m6.npz: OK
out/seedB/fields/N32_case13_nmrom_K16_q0_dense.npz: OK
out/seedB/fields/N32_case13_nmrom_K16_q32_dense.npz: OK
out/seedB/fields/N32_case13_nmrom_K16_q64_dense.npz: OK
out/seedB/fields/N32_case13_nmrom_K16_q96_dense.npz: OK
out/seedB/fields/N32_case13_nmrom_K32_q0_dense.npz: OK
out/seedB/fields/N32_case13_nmrom_K32_q32_dense.npz: OK
out/seedB/fields/N32_case13_nmrom_K32_q64_dense.npz: OK
out/seedB/fields/N32_case13_nmrom_K32_q96_dense.npz: OK
out/seedB/fields/N32_case13_reference.npz: OK
out/seedB/fields/N32_case13_transolver3d_w48_s32.npz: OK
out/seedB/fields/N32_case13_unet3d_w8.npz: OK
out/seedB/fields/N32_case14_deeponet3d_r128_w16.npz: OK
out/seedB/fields/N32_case14_fno3d_w16_m6.npz: OK
out/seedB/fields/N32_case14_nmrom_K16_q0_dense.npz: OK
out/seedB/fields/N32_case14_nmrom_K16_q32_dense.npz: OK
out/seedB/fields/N32_case14_nmrom_K16_q64_dense.npz: OK
out/seedB/fields/N32_case14_nmrom_K16_q96_dense.npz: OK
out/seedB/fields/N32_case14_nmrom_K32_q0_dense.npz: OK
out/seedB/fields/N32_case14_nmrom_K32_q32_dense.npz: OK
out/seedB/fields/N32_case14_nmrom_K32_q64_dense.npz: OK
out/seedB/fields/N32_case14_nmrom_K32_q96_dense.npz: OK
out/seedB/fields/N32_case14_reference.npz: OK
out/seedB/fields/N32_case14_transolver3d_w48_s32.npz: OK
out/seedB/fields/N32_case14_unet3d_w8.npz: OK
out/seedB/fields/N32_case15_deeponet3d_r128_w16.npz: OK
out/seedB/fields/N32_case15_fno3d_w16_m6.npz: OK
out/seedB/fields/N32_case15_nmrom_K16_q0_dense.npz: OK
out/seedB/fields/N32_case15_nmrom_K16_q32_dense.npz: OK
out/seedB/fields/N32_case15_nmrom_K16_q64_dense.npz: OK
out/seedB/fields/N32_case15_nmrom_K16_q96_dense.npz: OK
out/seedB/fields/N32_case15_nmrom_K32_q0_dense.npz: OK
out/seedB/fields/N32_case15_nmrom_K32_q32_dense.npz: OK
out/seedB/fields/N32_case15_nmrom_K32_q64_dense.npz: OK
out/seedB/fields/N32_case15_nmrom_K32_q96_dense.npz: OK
out/seedB/fields/N32_case15_reference.npz: OK
out/seedB/fields/N32_case15_transolver3d_w48_s32.npz: OK
out/seedB/fields/N32_case15_unet3d_w8.npz: OK
out/seedB/fields/N32_case1_deeponet3d_r128_w16.npz: OK
out/seedB/fields/N32_case1_fno3d_w16_m6.npz: OK
out/seedB/fields/N32_case1_nmrom_K16_q0_dense.npz: OK
out/seedB/fields/N32_case1_nmrom_K16_q32_dense.npz: OK
out/seedB/fields/N32_case1_nmrom_K16_q64_dense.npz: OK
out/seedB/fields/N32_case1_nmrom_K16_q96_dense.npz: OK
out/seedB/fields/N32_case1_nmrom_K32_q0_dense.npz: OK
out/seedB/fields/N32_case1_nmrom_K32_q32_dense.npz: OK
out/seedB/fields/N32_case1_nmrom_K32_q64_dense.npz: OK
out/seedB/fields/N32_case1_nmrom_K32_q96_dense.npz: OK
out/seedB/fields/N32_case1_reference.npz: OK
out/seedB/fields/N32_case1_transolver3d_w48_s32.npz: OK
out/seedB/fields/N32_case1_unet3d_w8.npz: OK
out/seedB/fields/N32_case2_deeponet3d_r128_w16.npz: OK
out/seedB/fields/N32_case2_fno3d_w16_m6.npz: OK
out/seedB/fields/N32_case2_nmrom_K16_q0_dense.npz: OK
out/seedB/fields/N32_case2_nmrom_K16_q32_dense.npz: OK
out/seedB/fields/N32_case2_nmrom_K16_q64_dense.npz: OK
out/seedB/fields/N32_case2_nmrom_K16_q96_dense.npz: OK
out/seedB/fields/N32_case2_nmrom_K32_q0_dense.npz: OK
out/seedB/fields/N32_case2_nmrom_K32_q32_dense.npz: OK
out/seedB/fields/N32_case2_nmrom_K32_q64_dense.npz: OK
out/seedB/fields/N32_case2_nmrom_K32_q96_dense.npz: OK
out/seedB/fields/N32_case2_reference.npz: OK
out/seedB/fields/N32_case2_transolver3d_w48_s32.npz: OK
out/seedB/fields/N32_case2_unet3d_w8.npz: OK
out/seedB/fields/N32_case3_deeponet3d_r128_w16.npz: OK
out/seedB/fields/N32_case3_fno3d_w16_m6.npz: OK
out/seedB/fields/N32_case3_nmrom_K16_q0_dense.npz: OK
out/seedB/fields/N32_case3_nmrom_K16_q32_dense.npz: OK
out/seedB/fields/N32_case3_nmrom_K16_q64_dense.npz: OK
out/seedB/fields/N32_case3_nmrom_K16_q96_dense.npz: OK
out/seedB/fields/N32_case3_nmrom_K32_q0_dense.npz: OK
out/seedB/fields/N32_case3_nmrom_K32_q32_dense.npz: OK
out/seedB/fields/N32_case3_nmrom_K32_q64_dense.npz: OK
out/seedB/fields/N32_case3_nmrom_K32_q96_dense.npz: OK
out/seedB/fields/N32_case3_reference.npz: OK
out/seedB/fields/N32_case3_transolver3d_w48_s32.npz: OK
out/seedB/fields/N32_case3_unet3d_w8.npz: OK
out/seedB/fields/N32_case4_deeponet3d_r128_w16.npz: OK
out/seedB/fields/N32_case4_fno3d_w16_m6.npz: OK
out/seedB/fields/N32_case4_nmrom_K16_q0_dense.npz: OK
out/seedB/fields/N32_case4_nmrom_K16_q32_dense.npz: OK
out/seedB/fields/N32_case4_nmrom_K16_q64_dense.npz: OK
out/seedB/fields/N32_case4_nmrom_K16_q96_dense.npz: OK
out/seedB/fields/N32_case4_nmrom_K32_q0_dense.npz: OK
out/seedB/fields/N32_case4_nmrom_K32_q32_dense.npz: OK
out/seedB/fields/N32_case4_nmrom_K32_q64_dense.npz: OK
out/seedB/fields/N32_case4_nmrom_K32_q96_dense.npz: OK
out/seedB/fields/N32_case4_reference.npz: OK
out/seedB/fields/N32_case4_transolver3d_w48_s32.npz: OK
out/seedB/fields/N32_case4_unet3d_w8.npz: OK
out/seedB/fields/N32_case5_deeponet3d_r128_w16.npz: OK
out/seedB/fields/N32_case5_fno3d_w16_m6.npz: OK
out/seedB/fields/N32_case5_nmrom_K16_q0_dense.npz: OK
out/seedB/fields/N32_case5_nmrom_K16_q32_dense.npz: OK
out/seedB/fields/N32_case5_nmrom_K16_q64_dense.npz: OK
out/seedB/fields/N32_case5_nmrom_K16_q96_dense.npz: OK
out/seedB/fields/N32_case5_nmrom_K32_q0_dense.npz: OK
out/seedB/fields/N32_case5_nmrom_K32_q32_dense.npz: OK
out/seedB/fields/N32_case5_nmrom_K32_q64_dense.npz: OK
out/seedB/fields/N32_case5_nmrom_K32_q96_dense.npz: OK
out/seedB/fields/N32_case5_reference.npz: OK
out/seedB/fields/N32_case5_transolver3d_w48_s32.npz: OK
out/seedB/fields/N32_case5_unet3d_w8.npz: OK
out/seedB/fields/N32_case6_deeponet3d_r128_w16.npz: OK
out/seedB/fields/N32_case6_fno3d_w16_m6.npz: OK
out/seedB/fields/N32_case6_nmrom_K16_q0_dense.npz: OK
out/seedB/fields/N32_case6_nmrom_K16_q32_dense.npz: OK
out/seedB/fields/N32_case6_nmrom_K16_q64_dense.npz: OK
out/seedB/fields/N32_case6_nmrom_K16_q96_dense.npz: OK
out/seedB/fields/N32_case6_nmrom_K32_q0_dense.npz: OK
out/seedB/fields/N32_case6_nmrom_K32_q32_dense.npz: OK
out/seedB/fields/N32_case6_nmrom_K32_q64_dense.npz: OK
out/seedB/fields/N32_case6_nmrom_K32_q96_dense.npz: OK
out/seedB/fields/N32_case6_reference.npz: OK
out/seedB/fields/N32_case6_transolver3d_w48_s32.npz: OK
out/seedB/fields/N32_case6_unet3d_w8.npz: OK
out/seedB/fields/N32_case7_deeponet3d_r128_w16.npz: OK
out/seedB/fields/N32_case7_fno3d_w16_m6.npz: OK
out/seedB/fields/N32_case7_nmrom_K16_q0_dense.npz: OK
out/seedB/fields/N32_case7_nmrom_K16_q32_dense.npz: OK
out/seedB/fields/N32_case7_nmrom_K16_q64_dense.npz: OK
out/seedB/fields/N32_case7_nmrom_K16_q96_dense.npz: OK
out/seedB/fields/N32_case7_nmrom_K32_q0_dense.npz: OK
out/seedB/fields/N32_case7_nmrom_K32_q32_dense.npz: OK
out/seedB/fields/N32_case7_nmrom_K32_q64_dense.npz: OK
out/seedB/fields/N32_case7_nmrom_K32_q96_dense.npz: OK
out/seedB/fields/N32_case7_reference.npz: OK
out/seedB/fields/N32_case7_transolver3d_w48_s32.npz: OK
out/seedB/fields/N32_case7_unet3d_w8.npz: OK
out/seedB/fields/N32_case8_deeponet3d_r128_w16.npz: OK
out/seedB/fields/N32_case8_fno3d_w16_m6.npz: OK
out/seedB/fields/N32_case8_nmrom_K16_q0_dense.npz: OK
out/seedB/fields/N32_case8_nmrom_K16_q32_dense.npz: OK
out/seedB/fields/N32_case8_nmrom_K16_q64_dense.npz: OK
out/seedB/fields/N32_case8_nmrom_K16_q96_dense.npz: OK
out/seedB/fields/N32_case8_nmrom_K32_q0_dense.npz: OK
out/seedB/fields/N32_case8_nmrom_K32_q32_dense.npz: OK
out/seedB/fields/N32_case8_nmrom_K32_q64_dense.npz: OK
out/seedB/fields/N32_case8_nmrom_K32_q96_dense.npz: OK
out/seedB/fields/N32_case8_reference.npz: OK
out/seedB/fields/N32_case8_transolver3d_w48_s32.npz: OK
out/seedB/fields/N32_case8_unet3d_w8.npz: OK
out/seedB/fields/N32_case9_deeponet3d_r128_w16.npz: OK
out/seedB/fields/N32_case9_fno3d_w16_m6.npz: OK
out/seedB/fields/N32_case9_nmrom_K16_q0_dense.npz: OK
out/seedB/fields/N32_case9_nmrom_K16_q32_dense.npz: OK
out/seedB/fields/N32_case9_nmrom_K16_q64_dense.npz: OK
out/seedB/fields/N32_case9_nmrom_K16_q96_dense.npz: OK
out/seedB/fields/N32_case9_nmrom_K32_q0_dense.npz: OK
out/seedB/fields/N32_case9_nmrom_K32_q32_dense.npz: OK
out/seedB/fields/N32_case9_nmrom_K32_q64_dense.npz: OK
out/seedB/fields/N32_case9_nmrom_K32_q96_dense.npz: OK
out/seedB/fields/N32_case9_reference.npz: OK
out/seedB/fields/N32_case9_transolver3d_w48_s32.npz: OK
out/seedB/fields/N32_case9_unet3d_w8.npz: OK
out/seedB/frozen_training/bank_curve.json: OK
out/seedB/frozen_training/head_K16_curve.json: OK
out/seedB/frozen_training/head_K32_curve.json: OK
out/seedB/frozen_training/operators/deeponet3d_r128_w16/curve.json: OK
out/seedB/frozen_training/operators/deeponet3d_r128_w16/training.json: OK
out/seedB/frozen_training/operators/fno3d_w16_m6/curve.json: OK
out/seedB/frozen_training/operators/fno3d_w16_m6/training.json: OK
out/seedB/frozen_training/operators/transolver3d_w48_s32/curve.json: OK
out/seedB/frozen_training/operators/transolver3d_w48_s32/training.json: OK
out/seedB/frozen_training/operators/unet3d_w8/curve.json: OK
out/seedB/frozen_training/operators/unet3d_w8/training.json: OK
out/seedB/head_K16.pkl: OK
out/seedB/head_K32.pkl: OK
out/seedB/operators/deeponet3d_r128_w16/adapter.pkl: OK
out/seedB/operators/fno3d_w16_m6/adapter.pkl: OK
out/seedB/operators/transolver3d_w48_s32/adapter.pkl: OK
out/seedB/operators/unet3d_w8/adapter.pkl: OK
out/seedB/result.json: OK
out/seedB/summary.json: OK
out/summary.json: OK
